diagnostic_name_zh,variant,record_scope,offset,reference_subset,final_verdict,generation_stage,cases,fresh_available_count,fresh_global_rank_ci95_high,fresh_global_rank_ci95_low,fresh_global_rank_metric_task_group_count,fresh_global_rank_metric_transition_count,fresh_global_rank_task_group_macro,fresh_global_rank_transition_micro,fresh_in_top2_ci95_high,fresh_in_top2_ci95_low,fresh_in_top2_metric_task_group_count,fresh_in_top2_metric_transition_count,fresh_in_top2_task_group_macro,fresh_in_top2_transition_micro,fresh_in_top4_ci95_high,fresh_in_top4_ci95_low,fresh_in_top4_metric_task_group_count,fresh_in_top4_metric_transition_count,fresh_in_top4_task_group_macro,fresh_in_top4_transition_micro,global_rank_improvement_ci95_high,global_rank_improvement_ci95_low,global_rank_improvement_metric_task_group_count,global_rank_improvement_metric_transition_count,global_rank_improvement_task_group_macro,global_rank_improvement_transition_micro,normal_steps,outside_to_top2_ci95_high,outside_to_top2_ci95_low,outside_to_top2_metric_task_group_count,outside_to_top2_metric_transition_count,outside_to_top2_task_group_macro,outside_to_top2_transition_micro,outside_to_top4_ci95_high,outside_to_top4_ci95_low,outside_to_top4_metric_task_group_count,outside_to_top4_metric_transition_count,outside_to_top4_task_group_macro,outside_to_top4_transition_micro,right_neighbor_count,right_neighbor_still_mask_ci95_high,right_neighbor_still_mask_ci95_low,right_neighbor_still_mask_metric_task_group_count,right_neighbor_still_mask_metric_transition_count,right_neighbor_still_mask_task_group_macro,right_neighbor_still_mask_transition_micro,source_right_neighbor_in_top2_ci95_high,source_right_neighbor_in_top2_ci95_low,source_right_neighbor_in_top2_metric_task_group_count,source_right_neighbor_in_top2_metric_transition_count,source_right_neighbor_in_top2_task_group_macro,source_right_neighbor_in_top2_transition_micro,source_right_neighbor_in_top4_ci95_high,source_right_neighbor_in_top4_ci95_low,source_right_neighbor_in_top4_metric_task_group_count,source_right_neighbor_in_top4_metric_transition_count,source_right_neighbor_in_top4_task_group_macro,source_right_neighbor_in_top4_transition_micro,source_top2_with_fresh_count,source_top4_with_fresh_count,stale_global_rank_ci95_high,stale_global_rank_ci95_low,stale_global_rank_metric_task_group_count,stale_global_rank_metric_transition_count,stale_global_rank_task_group_macro,stale_global_rank_transition_micro,stale_in_top2_ci95_high,stale_in_top2_ci95_low,stale_in_top2_metric_task_group_count,stale_in_top2_metric_transition_count,stale_in_top2_task_group_macro,stale_in_top2_transition_micro,stale_in_top4_ci95_high,stale_in_top4_ci95_low,stale_in_top4_metric_task_group_count,stale_in_top4_metric_transition_count,stale_in_top4_task_group_macro,stale_in_top4_transition_micro,task_groups,top2_retained_ci95_high,top2_retained_ci95_low,top2_retained_metric_task_group_count,top2_retained_metric_transition_count,top2_retained_task_group_macro,top2_retained_transition_micro,top4_retained_ci95_high,top4_retained_ci95_low,top4_retained_metric_task_group_count,top4_retained_metric_transition_count,top4_retained_task_group_macro,top4_retained_transition_micro,transitions
全局置信度逐词刷新诊断,C1,stable_target_global_rank,1,reference_prefix_aligned,all,all,1012,,5.146114456634709,3.259554319835467,164,5392,4.167172138754948,2.4970326409495547,0.9532764877087044,0.9040132371115347,164,5392,0.9303819528148091,0.9725519287833828,0.9534365153254332,0.9030778765607848,164,5392,0.9305383005321325,0.9727373887240356,2.2210235390050004,0.739204149914891,164,5392,1.4602293941941997,1.2156899109792285,,0.03976548761266608,0.015942609590990975,164,5392,0.026844606699411203,0.015207715133531157,0.04022898987195703,0.015975493067973363,164,5392,0.027000954416734526,0.015393175074183977,,,,,,,,,,,,,,,,,,,,,,6.727153689354689,4.662380334140419,164,5392,5.627401532949147,3.7127225519287834,0.9452295477116476,0.8950720358824258,164,5392,0.9215210320899666,0.9681008902077152,0.9448587738887672,0.8946595340072537,164,5392,0.9215210320899666,0.9681008902077152,164,0.9290970684788232,0.8736486216024868,164,5392,0.9035373461153977,0.9573442136498517,0.9291079018096634,0.87328136296442,164,5392,0.9035373461153977,0.9573442136498517,5392
全局置信度逐词刷新诊断,C1,stable_target_global_rank,1,reference_prefix_aligned,all,early,1012,,5.142276118183012,3.255755632139348,164,5324,4.163359398554625,2.5097670924117206,0.9535008200899735,0.9043509643595679,164,5324,0.9306824855895868,0.9725770097670924,0.953588130300686,0.9031387392589303,164,5324,0.9306824855895868,0.9725770097670924,2.223310200113218,0.7403807965894126,164,5324,1.461239555258304,1.2184447783621337,,0.039828675918997906,0.016006255282508857,164,5324,0.02691093069937319,0.015401953418482344,0.0401526303991724,0.01589387646809188,164,5324,0.02691093069937319,0.015401953418482344,,,,,,,,,,,,,,,,,,,,,,6.72577683857373,4.659905256374391,164,5324,5.624598953812929,3.7282118707738543,0.9455280044707985,0.8953365719516269,164,5324,0.9217996544083991,0.968069120961683,0.9451575825942891,0.8949332817029544,164,5324,0.9217996544083991,0.968069120961683,164,0.9294639438220074,0.8738876399790495,164,5324,0.9037715548902138,0.9571750563486101,0.9293439267932195,0.8735375481589924,164,5324,0.9037715548902138,0.9571750563486101,5324
全局置信度逐词刷新诊断,C1,stable_target_global_rank,1,reference_prefix_aligned,all,middle,9,,2.3285714285714283,1.0,7,63,1.4428571428571428,1.492063492063492,1.0,0.9571428571428572,7,63,0.9857142857142858,0.9841269841269841,1.0,0.9571428571428572,7,63,0.9857142857142858,0.9841269841269841,1.0,1.0,7,63,1.0,1.0,,0.0,0.0,7,63,0.0,0.0,0.0,0.0,7,63,0.0,0.0,,,,,,,,,,,,,,,,,,,,,,3.3285714285714283,2.0,7,63,2.442857142857143,2.492063492063492,1.0,0.9571428571428572,7,63,0.9857142857142858,0.9841269841269841,1.0,0.9571428571428572,7,63,0.9857142857142858,0.9841269841269841,7,1.0,0.9571428571428572,7,63,0.9857142857142858,0.9841269841269841,1.0,0.9571428571428572,7,63,0.9857142857142858,0.9841269841269841,63
全局置信度逐词刷新诊断,C1,stable_target_global_rank,1,reference_prefix_aligned,all,late,2,,2.5,1.0,2,5,1.75,1.6,1.0,0.5,2,5,0.75,0.8,1.0,1.0,2,5,1.0,1.0,1.0,1.0,2,5,1.0,1.0,,0.0,0.0,2,5,0.0,0.0,0.5,0.0,2,5,0.25,0.2,,,,,,,,,,,,,,,,,,,,,,3.5,2.0,2,5,2.75,2.6,1.0,0.5,2,5,0.75,0.8,1.0,0.5,2,5,0.75,0.8,2,1.0,0.5,2,5,0.75,0.8,1.0,0.5,2,5,0.75,0.8,5
全局置信度逐词刷新诊断,C1,stable_target_global_rank,1,reference_prefix_aligned,pass,all,933,,4.38866566294831,2.8174547958117997,151,5096,3.568138074769708,2.286891679748823,0.966546194076945,0.9301651262991295,151,5096,0.9497354487807779,0.9770408163265306,0.9662061992142545,0.9296420580483346,151,5096,0.9499144357147318,0.9772370486656201,1.8610991817204463,0.45539153261483023,151,5096,1.130483611003701,1.1240188383045526,,0.029297733213934616,0.009997131874694327,151,5096,0.018459786295467292,0.01216640502354788,0.029703156630540472,0.010215835796256513,151,5096,0.018638773229421115,0.012362637362637362,,,,,,,,,,,,,,,,,,,,,,5.608841731316229,3.915583027854124,151,5096,4.698621685773409,3.410910518053375,0.9636111322780143,0.9243275767093535,151,5096,0.945731455748012,0.9742935635792779,0.9631433768735536,0.9245728582575042,151,5096,0.945731455748012,0.9742935635792779,151,0.9499752788523605,0.9098845602908794,151,5096,0.9312756624853105,0.9648744113029827,0.9495292852490808,0.9094556995654666,151,5096,0.9312756624853105,0.9648744113029827,5096
全局置信度逐词刷新诊断,C1,stable_target_global_rank,1,reference_prefix_aligned,pass,early,933,,4.38643421504462,2.8108339849739132,151,5028,3.5641520762965326,2.2975338106603025,0.9668272794874593,0.9305452629924725,151,5028,0.9500678870322637,0.9771280827366746,0.9664524396679229,0.9297823765610264,151,5028,0.9500678870322637,0.9771280827366746,1.8636486010546227,0.4554267460924485,151,5028,1.1312918120947135,1.1256961018297533,,0.029385866596048398,0.010060360543633405,151,5028,0.018529312827431543,0.012330946698488464,0.029601573873692406,0.010123184371740963,151,5028,0.018529312827431543,0.012330946698488464,,,,,,,,,,,,,,,,,,,,,,5.603972020554452,3.913081068671677,151,5028,4.695443888391245,3.4232299124900556,0.9639658465667763,0.9246899986698731,151,5028,0.9460457517167282,0.9743436754176611,0.9635665810811308,0.9248290656137853,151,5028,0.9460457517167282,0.9743436754176611,151,0.950245958379831,0.9101663229941579,151,5028,0.9315385742048323,0.9647971360381862,0.9499106061262426,0.9097576524278324,151,5028,0.9315385742048323,0.9647971360381862,5028
全局置信度逐词刷新诊断,C1,stable_target_global_rank,1,reference_prefix_aligned,pass,middle,9,,2.3285714285714283,1.0,7,63,1.4428571428571428,1.492063492063492,1.0,0.9571428571428572,7,63,0.9857142857142858,0.9841269841269841,1.0,0.9571428571428572,7,63,0.9857142857142858,0.9841269841269841,1.0,1.0,7,63,1.0,1.0,,0.0,0.0,7,63,0.0,0.0,0.0,0.0,7,63,0.0,0.0,,,,,,,,,,,,,,,,,,,,,,3.3285714285714283,2.0,7,63,2.442857142857143,2.492063492063492,1.0,0.9571428571428572,7,63,0.9857142857142858,0.9841269841269841,1.0,0.9571428571428572,7,63,0.9857142857142858,0.9841269841269841,7,1.0,0.9571428571428572,7,63,0.9857142857142858,0.9841269841269841,1.0,0.9571428571428572,7,63,0.9857142857142858,0.9841269841269841,63
全局置信度逐词刷新诊断,C1,stable_target_global_rank,1,reference_prefix_aligned,pass,late,2,,2.5,1.0,2,5,1.75,1.6,1.0,0.5,2,5,0.75,0.8,1.0,1.0,2,5,1.0,1.0,1.0,1.0,2,5,1.0,1.0,,0.0,0.0,2,5,0.0,0.0,0.5,0.0,2,5,0.25,0.2,,,,,,,,,,,,,,,,,,,,,,3.5,2.0,2,5,2.75,2.6,1.0,0.5,2,5,0.75,0.8,1.0,0.5,2,5,0.75,0.8,2,1.0,0.5,2,5,0.75,0.8,1.0,0.5,2,5,0.75,0.8,5
全局置信度逐词刷新诊断,C1,stable_target_global_rank,1,reference_prefix_aligned,fail,all,79,,11.0381830692332,5.83197619047619,55,296,8.324650343714515,6.114864864864865,0.891588974157156,0.7595505661896034,55,296,0.8309000773439276,0.8952702702702703,0.8942908002573777,0.7597221710998449,55,296,0.8309000773439276,0.8952702702702703,4.109884890955746,-0.3917962076544962,55,296,1.9037305920461,2.793918918918919,,0.09010137085137085,0.03162999745352687,55,296,0.05883626177743825,0.06756756756756757,0.08989533995416348,0.0312550505050505,55,296,0.05883626177743825,0.06756756756756757,,,,,,,,,,,,,,,,,,,,,,13.133212302551875,7.66027282565919,55,296,10.228380935760617,8.908783783783784,0.8807309073873244,0.7490835584498685,55,296,0.8189541474568213,0.8614864864864865,0.878695886852304,0.7495084650940266,55,296,0.8189541474568213,0.8614864864864865,55,0.8397352867720514,0.6993643192814314,55,296,0.7720638155664893,0.8277027027027027,0.8378078133987223,0.6970839931013727,55,296,0.7720638155664893,0.8277027027027027,296
全局置信度逐词刷新诊断,C1,stable_target_global_rank,1,reference_prefix_aligned,fail,early,79,,11.0381830692332,5.83197619047619,55,296,8.324650343714515,6.114864864864865,0.891588974157156,0.7595505661896034,55,296,0.8309000773439276,0.8952702702702703,0.8942908002573777,0.7597221710998449,55,296,0.8309000773439276,0.8952702702702703,4.109884890955746,-0.3917962076544962,55,296,1.9037305920461,2.793918918918919,,0.09010137085137085,0.03162999745352687,55,296,0.05883626177743825,0.06756756756756757,0.08989533995416348,0.0312550505050505,55,296,0.05883626177743825,0.06756756756756757,,,,,,,,,,,,,,,,,,,,,,13.133212302551875,7.66027282565919,55,296,10.228380935760617,8.908783783783784,0.8807309073873244,0.7490835584498685,55,296,0.8189541474568213,0.8614864864864865,0.878695886852304,0.7495084650940266,55,296,0.8189541474568213,0.8614864864864865,55,0.8397352867720514,0.6993643192814314,55,296,0.7720638155664893,0.8277027027027027,0.8378078133987223,0.6970839931013727,55,296,0.7720638155664893,0.8277027027027027,296
全局置信度逐词刷新诊断,C1,stable_target_global_rank,1,predecessor_correct,all,all,1017,,4.673812553918737,3.1456814952151446,164,5718,3.8799608430041443,2.6010842952081146,0.9559592189647237,0.9167936712010618,164,5718,0.9379502181968147,0.9693948933193425,0.9572771392614796,0.917777889177988,164,5718,0.9393526675574629,0.9709688702343476,2.169292801135829,0.8587007850038592,164,5718,1.4892961593056107,1.2796432318992654,,0.040457387638525084,0.017756175241592616,164,5718,0.028058474266008913,0.016614200769499824,0.04115614375223734,0.01818785484674434,164,5718,0.028416276096306845,0.01713885974116824,,,,,,,,,,,,,,,,,,,,,,6.269297823390615,4.559283897861986,164,5718,5.369257002309754,3.8807275271073802,0.9490545556173486,0.9093438550630353,164,5718,0.9303288158283035,0.9648478488982162,0.9488818273633157,0.9090264347414914,164,5718,0.9303288158283035,0.9648478488982162,164,0.9316764749111767,0.8846585561304658,164,5718,0.9098917439308059,0.9527806925498427,0.9327563068730511,0.8848796558479889,164,5718,0.9109363914611561,0.9538300104931794,5718
全局置信度逐词刷新诊断,C1,stable_target_global_rank,1,predecessor_correct,all,early,1017,,4.669470156363778,3.1415042239417246,164,5650,3.87591016162659,2.6143362831858408,0.9562247298612009,0.9172474443013953,164,5650,0.938242743141269,0.9693805309734513,0.9574714134766001,0.9179639613439013,164,5650,0.9395019344837242,0.9707964601769912,2.171313040644891,0.8600325962951422,164,5650,1.4904704255098735,1.283008849557522,,0.04053582622145016,0.017816101616493527,164,5650,0.028120905163584693,0.016814159292035398,0.0410308303427005,0.018149254593360205,164,5650,0.028335448975689476,0.017168141592920353,,,,,,,,,,,,,,,,,,,,,,6.268714843359973,4.55599834648867,164,5650,5.3663805871364625,3.897345132743363,0.9493307770803602,0.9095479776504185,164,5650,0.9305982697243731,0.9647787610619469,0.9491513039754724,0.9092848640614567,164,5650,0.9305982697243731,0.9647787610619469,164,0.9319148510141609,0.8848370114786396,164,5650,0.9101218379776842,0.9525663716814159,0.9330733437826204,0.8851423495868876,164,5650,0.9111664855080345,0.9536283185840708,5650
全局置信度逐词刷新诊断,C1,stable_target_global_rank,1,predecessor_correct,all,middle,9,,2.3285714285714283,1.0,7,63,1.4428571428571428,1.492063492063492,1.0,0.9571428571428572,7,63,0.9857142857142858,0.9841269841269841,1.0,0.9571428571428572,7,63,0.9857142857142858,0.9841269841269841,1.0,1.0,7,63,1.0,1.0,,0.0,0.0,7,63,0.0,0.0,0.0,0.0,7,63,0.0,0.0,,,,,,,,,,,,,,,,,,,,,,3.3285714285714283,2.0,7,63,2.442857142857143,2.492063492063492,1.0,0.9571428571428572,7,63,0.9857142857142858,0.9841269841269841,1.0,0.9571428571428572,7,63,0.9857142857142858,0.9841269841269841,7,1.0,0.9571428571428572,7,63,0.9857142857142858,0.9841269841269841,1.0,0.9571428571428572,7,63,0.9857142857142858,0.9841269841269841,63
全局置信度逐词刷新诊断,C1,stable_target_global_rank,1,predecessor_correct,all,late,2,,2.5,1.0,2,5,1.75,1.6,1.0,0.5,2,5,0.75,0.8,1.0,1.0,2,5,1.0,1.0,1.0,1.0,2,5,1.0,1.0,,0.0,0.0,2,5,0.0,0.0,0.5,0.0,2,5,0.25,0.2,,,,,,,,,,,,,,,,,,,,,,3.5,2.0,2,5,2.75,2.6,1.0,0.5,2,5,0.75,0.8,1.0,0.5,2,5,0.75,0.8,2,1.0,0.5,2,5,0.75,0.8,1.0,0.5,2,5,0.75,0.8,5
全局置信度逐词刷新诊断,C1,stable_target_global_rank,1,predecessor_correct,pass,all,937,,4.103258307270124,2.71141332593198,151,5369,3.3782547027358696,2.371391320543863,0.9675709447145194,0.9411387122716943,151,5369,0.9547916867147118,0.9741106351275843,0.9688664176645384,0.9426469271188522,151,5369,0.9563285119055471,0.9757869249394673,1.7991778813527495,0.6243067105204144,151,5369,1.1864558791189161,1.1847643881542187,,0.02909190103867006,0.011549017101736916,151,5369,0.019079062324929327,0.013410318495064258,0.029902929474284003,0.011946936526363403,151,5369,0.019475552234593817,0.013969081765691935,,,,,,,,,,,,,,,,,,,,,,5.374136582242428,3.860579723180736,151,5369,4.564710581854785,3.5561557086980815,0.9655417053317243,0.9364599187493703,151,5369,0.9521323956116119,0.9715030731979885,0.965550628396597,0.936751995936389,151,5369,0.9521323956116119,0.9715030731979885,151,0.9510939768585022,0.9183259735583051,151,5369,0.9357126243897824,0.96070031663252,0.9522260925434098,0.9194420084167338,151,5369,0.9368529596709534,0.9618178431737754,5369
全局置信度逐词刷新诊断,C1,stable_target_global_rank,1,predecessor_correct,pass,early,937,,4.099681388633231,2.7066940924971443,151,5301,3.3739776958706655,2.382569326542162,0.9678393694018553,0.9414501204805675,151,5301,0.9551147902063103,0.9741558196566685,0.9691214702639769,0.9427844089431104,151,5301,0.9564881399589061,0.9756649688737974,1.8012694813812882,0.6267709586782676,151,5301,1.1875014694325945,1.1871345029239766,,0.029167294898340697,0.011605160444141756,151,5301,0.01914480029364429,0.013582342954159592,0.029800180462288235,0.011872439733560275,151,5301,0.019377814765069355,0.013959630258441803,,,,,,,,,,,,,,,,,,,,,,5.370792350740098,3.855881968315374,151,5301,4.5614791653032585,3.5697038294661385,0.9658601445058915,0.9367498898723479,151,5301,0.9524349992478527,0.971514808526693,0.9658540071500248,0.9371249778605448,151,5301,0.9524349992478527,0.971514808526693,151,0.9512670168766517,0.9186543649993429,151,5301,0.9359699899126659,0.9605734767025089,0.9524388341596737,0.9196189569651928,151,5301,0.9371103251938366,0.9617053386153556,5301
全局置信度逐词刷新诊断,C1,stable_target_global_rank,1,predecessor_correct,pass,middle,9,,2.3285714285714283,1.0,7,63,1.4428571428571428,1.492063492063492,1.0,0.9571428571428572,7,63,0.9857142857142858,0.9841269841269841,1.0,0.9571428571428572,7,63,0.9857142857142858,0.9841269841269841,1.0,1.0,7,63,1.0,1.0,,0.0,0.0,7,63,0.0,0.0,0.0,0.0,7,63,0.0,0.0,,,,,,,,,,,,,,,,,,,,,,3.3285714285714283,2.0,7,63,2.442857142857143,2.492063492063492,1.0,0.9571428571428572,7,63,0.9857142857142858,0.9841269841269841,1.0,0.9571428571428572,7,63,0.9857142857142858,0.9841269841269841,7,1.0,0.9571428571428572,7,63,0.9857142857142858,0.9841269841269841,1.0,0.9571428571428572,7,63,0.9857142857142858,0.9841269841269841,63
全局置信度逐词刷新诊断,C1,stable_target_global_rank,1,predecessor_correct,pass,late,2,,2.5,1.0,2,5,1.75,1.6,1.0,0.5,2,5,0.75,0.8,1.0,1.0,2,5,1.0,1.0,1.0,1.0,2,5,1.0,1.0,,0.0,0.0,2,5,0.0,0.0,0.5,0.0,2,5,0.25,0.2,,,,,,,,,,,,,,,,,,,,,,3.5,2.0,2,5,2.75,2.6,1.0,0.5,2,5,0.75,0.8,1.0,0.5,2,5,0.75,0.8,2,1.0,0.5,2,5,0.75,0.8,1.0,0.5,2,5,0.75,0.8,5
全局置信度逐词刷新诊断,C1,stable_target_global_rank,1,predecessor_correct,fail,all,80,,10.060782319952773,5.5984172241899515,55,349,7.768348419257509,6.134670487106018,0.8983613533374298,0.7798744769982807,55,349,0.8443288547355532,0.8968481375358166,0.9001487928383858,0.7800934432615053,55,349,0.8443288547355532,0.8968481375358166,4.157486676977107,-0.27985147182695014,55,349,1.996180315342995,2.7392550143266474,,0.0936564241181466,0.03578459406090985,55,349,0.06299412442953115,0.0659025787965616,0.09313298570116751,0.03602912584491532,55,349,0.06299412442953115,0.0659025787965616,,,,,,,,,,,,,,,,,,,,,,12.1484932881446,7.570463452593835,55,349,9.764528734600505,8.873925501432664,0.8837514079045178,0.7665822804255819,55,349,0.8285071033874861,0.8624641833810889,0.8815917508417507,0.767428775681168,55,349,0.8285071033874861,0.8624641833810889,55,0.8423463191956013,0.715660657325131,55,349,0.7813347303060221,0.830945558739255,0.8404220560584198,0.7133890353178631,55,349,0.7813347303060221,0.830945558739255,349
全局置信度逐词刷新诊断,C1,stable_target_global_rank,1,predecessor_correct,fail,early,80,,10.060782319952773,5.5984172241899515,55,349,7.768348419257509,6.134670487106018,0.8983613533374298,0.7798744769982807,55,349,0.8443288547355532,0.8968481375358166,0.9001487928383858,0.7800934432615053,55,349,0.8443288547355532,0.8968481375358166,4.157486676977107,-0.27985147182695014,55,349,1.996180315342995,2.7392550143266474,,0.0936564241181466,0.03578459406090985,55,349,0.06299412442953115,0.0659025787965616,0.09313298570116751,0.03602912584491532,55,349,0.06299412442953115,0.0659025787965616,,,,,,,,,,,,,,,,,,,,,,12.1484932881446,7.570463452593835,55,349,9.764528734600505,8.873925501432664,0.8837514079045178,0.7665822804255819,55,349,0.8285071033874861,0.8624641833810889,0.8815917508417507,0.767428775681168,55,349,0.8285071033874861,0.8624641833810889,55,0.8423463191956013,0.715660657325131,55,349,0.7813347303060221,0.830945558739255,0.8404220560584198,0.7133890353178631,55,349,0.7813347303060221,0.830945558739255,349
全局置信度逐词刷新诊断,C1,stable_target_global_rank,1,overall,all,all,1027,,4.100101571459008,3.159981947473076,164,8806,3.616069233810749,2.9799000681353625,0.9547592868097519,0.9338836993714945,164,8806,0.9448627629129194,0.9580967522143993,0.9587802749499434,0.9410047460337108,164,8806,0.9502824848309879,0.9624119918237565,2.2175300193319427,1.4387689222990756,164,8806,1.8295763263157776,1.790370202134908,,0.04420396921255089,0.031476373264180485,164,8806,0.03759560738637681,0.03372700431523961,0.04518839364529238,0.03210154709398032,164,8806,0.03832021953887463,0.03429479900068135,,,,,,,,,,,,,,,,,,,,,,5.959139362348705,4.96373965835274,164,8806,5.445645560126527,4.77027027027027,0.9420501354269316,0.922280232152472,164,8806,0.9324364324237276,0.9458323870088576,0.9422340294259596,0.9225509625701228,164,8806,0.9326340385664557,0.9461730638201227,164,0.9200717990202907,0.893194446196884,164,8806,0.9072671555265426,0.9243697478991597,0.923638139882199,0.8994293398920189,164,8806,0.9119622652921131,0.9281171928230751,8806
全局置信度逐词刷新诊断,C1,stable_target_global_rank,1,overall,all,early,1027,,4.167404572751968,3.2001252812773227,164,8484,3.6682957177761195,3.0084865629420086,0.9547100284631985,0.9331589343364141,164,8484,0.9444944945993772,0.9588637435172088,0.9584191544812086,0.940161569214557,164,8484,0.9496642126232712,0.9627534181989628,2.251487550127697,1.442904457634716,164,8484,1.848144898067175,1.8131777463460632,,0.04472115568043762,0.03178501166576248,164,8484,0.03807679879686503,0.03335690711928336,0.04586549733159979,0.032582161234257334,164,8484,0.03892831221404363,0.03418198962753418,,,,,,,,,,,,,,,,,,,,,,6.036345311082369,5.02480881471593,164,8484,5.516440615843296,4.821664309288072,0.9415141349682938,0.921632200033492,164,8484,0.9319045741306319,0.9464875058934464,0.9416790505435856,0.9218834639404654,164,8484,0.9319045741306319,0.9464875058934464,164,0.9195227235427376,0.8919295574376875,164,8484,0.9064176958025123,0.9255068363979255,0.922604892036884,0.8979041344290096,164,8484,0.9107359004092276,0.9285714285714286,8484
全局置信度逐词刷新诊断,C1,stable_target_global_rank,1,overall,all,middle,37,,2.7248064246359696,1.3482106782106782,33,291,1.94979994752722,2.223367697594502,0.987987012987013,0.943313492063492,33,291,0.9676625562989201,0.9553264604810997,0.9895021645021644,0.9466428079496261,33,291,0.9704173772355592,0.9587628865979382,1.4882711038961036,0.023564377541650274,33,291,0.8099731077003804,1.274914089347079,,0.038862037583628474,0.004269972451790634,33,291,0.01876612444794263,0.037800687285223365,0.03862664797323888,0.004184704184704185,33,291,0.01876612444794263,0.037800687285223365,,,,,,,,,,,,,,,,,,,,,,3.542332906991997,2.203856749311295,33,291,2.7597730552276007,3.4982817869415808,0.9920454545454545,0.9393578643578645,33,291,0.9706278149459969,0.9415807560137457,0.9920503738685557,0.9389307441296078,33,291,0.9706278149459969,0.9415807560137457,33,0.9801411435786437,0.9086186540731996,33,291,0.9488964318509774,0.9175257731958762,0.9810720434868162,0.9134998934146661,33,291,0.9516512527876165,0.9209621993127147,291
全局置信度逐词刷新诊断,C1,stable_target_global_rank,1,overall,all,late,11,,2.2499999999999996,1.2333333333333334,10,31,1.6916666666666664,2.2580645161290325,0.975,0.775,10,31,0.8805555555555558,0.7741935483870968,1.0,0.9055555555555557,10,31,0.961111111111111,0.9032258064516129,0.975,0.4111111111111111,10,31,0.7138888888888889,0.3870967741935484,,0.35,0.0,10,31,0.15,0.0967741935483871,0.1,0.0,10,31,0.03333333333333333,0.03225806451612903,,,,,,,,,,,,,,,,,,,,,,2.7666666666666666,2.1,10,31,2.405555555555556,2.6451612903225805,0.9666666666666666,0.5777777777777777,10,31,0.7944444444444445,0.8064516129032258,1.0,0.8666666666666666,10,31,0.9444444444444444,0.9032258064516129,10,0.9,0.5222222222222223,10,31,0.7305555555555556,0.6774193548387096,1.0,0.85,10,31,0.9277777777777777,0.8709677419354839,31
全局置信度逐词刷新诊断,C1,stable_target_global_rank,1,overall,pass,all,947,,3.875332876944698,2.8842820885506795,151,7786,3.360560481350224,2.7255330079630107,0.962408976980988,0.9435891592618714,151,7786,0.9534840694182644,0.9646801952221937,0.9650495079897304,0.9476081549966778,151,7786,0.956638326781785,0.9678910865656306,1.9335347600148765,1.0813472990233788,151,7786,1.5280575269550778,1.6123811970202928,,0.035465559034179285,0.02449380608378329,151,7786,0.02975936415486341,0.0279989725147701,0.035956798609806565,0.025183327212824822,151,7786,0.03044745946576322,0.02851271512972001,,,,,,,,,,,,,,,,,,,,,,5.372736949223013,4.437818130697709,151,7786,4.8886180083053015,4.337914204983304,0.9539811941171219,0.936197496869821,151,7786,0.9454461387083781,0.9550475211918829,0.9542002622054597,0.9364821989530727,151,7786,0.945683952104844,0.9554328281530953,151,0.9344793315342441,0.9120325167229787,151,7786,0.923724705263401,0.9366812227074236,0.9364304787206975,0.9151726664120823,151,7786,0.9261908673160214,0.9393783714359106,7786
全局置信度逐词刷新诊断,C1,stable_target_global_rank,1,overall,pass,early,947,,3.9050249931603407,2.9053422063166603,151,7541,3.3856025478170455,2.7371701365866596,0.9626894226744909,0.9437859196444455,151,7541,0.9537574978168432,0.9656544224903859,0.965129653890564,0.9476012305119884,151,7541,0.9567374201049033,0.9685718074525925,1.9691423490914595,1.1009187312933493,151,7541,1.5528250134842074,1.6237899482827212,,0.035968766465948696,0.024711098915634364,151,7541,0.03009669820890496,0.027317331918843654,0.036522750652364704,0.025535598985697166,151,7541,0.03093135757387566,0.02811298236308182,,,,,,,,,,,,,,,,,,,,,,5.43337331508997,4.479330389513156,151,7541,4.9384275613012525,4.36096008486938,0.9538887243972657,0.9363011504746733,151,7541,0.9454025534990449,0.956239225566901,0.9537919154439516,0.936273245861398,151,7541,0.9454025534990449,0.956239225566901,151,0.9344085877224358,0.9121399570891494,151,7541,0.9236607996079382,0.9383370905715422,0.9360301474757917,0.9147401126474507,151,7541,0.9258060625310274,0.9404588250895107,7541
全局置信度逐词刷新诊断,C1,stable_target_global_rank,1,overall,pass,middle,28,,3.0271428571428567,1.3053333333333332,25,220,2.0591904761904765,2.3545454545454545,0.991,0.936586507936508,25,220,0.9665873015873017,0.9545454545454546,0.9904809523809524,0.9365869047619046,25,220,0.9665873015873017,0.9545454545454546,1.653677380952381,-0.24557500000000002,25,220,0.7806190476190477,1.3681818181818182,,0.044444444444444446,0.0025,25,220,0.019134920634920633,0.04090909090909091,0.04421428571428572,0.0025,25,220,0.019134920634920633,0.04090909090909091,,,,,,,,,,,,,,,,,,,,,,3.87020476190476,2.157142857142857,25,220,2.8398095238095244,3.7227272727272727,0.9946428571428573,0.9279523809523809,25,220,0.9688650793650794,0.9363636363636364,0.9946428571428573,0.9279523809523809,25,220,0.9688650793650794,0.9363636363636364,25,0.9835952380952381,0.8981142857142856,25,220,0.947452380952381,0.9136363636363637,0.9831434523809525,0.9001619047619048,25,220,0.947452380952381,0.9136363636363637,220
全局置信度逐词刷新诊断,C1,stable_target_global_rank,1,overall,pass,late,8,,2.619047619047619,1.3214285714285714,7,25,1.9166666666666665,2.48,0.9761904761904763,0.7301587301587301,7,25,0.8650793650793652,0.76,1.0,0.8730158730158731,7,25,0.9444444444444444,0.88,1.023809523809524,0.25396825396825395,7,25,0.6626984126984128,0.32,,0.5,0.0,7,25,0.21428571428571427,0.12,0.14285714285714285,0.0,7,25,0.047619047619047616,0.04,,,,,,,,,,,,,,,,,,,,,,3.0158730158730163,2.142857142857143,7,25,2.5793650793650795,2.8,0.9285714285714286,0.42857142857142855,7,25,0.7063492063492064,0.76,1.0,0.8253968253968252,7,25,0.9206349206349207,0.88,7,0.8650793650793652,0.4047619047619047,7,25,0.6507936507936508,0.64,0.9761904761904763,0.7936507936507937,7,25,0.8968253968253969,0.84,25
全局置信度逐词刷新诊断,C1,stable_target_global_rank,1,overall,fail,all,80,,7.211177073893277,4.659360570532663,55,1020,5.8595493471713995,4.921568627450981,0.9172325918092804,0.8559600198528232,55,1020,0.8882458295531467,0.907843137254902,0.9282226384684308,0.8818360614257211,55,1020,0.9061634595098561,0.9205882352941176,4.28733289822942,1.1695509269944457,55,1020,2.8063675746449483,3.149019607843137,,0.10013078791789702,0.06095746473485323,55,1020,0.08042316504187605,0.07745098039215687,0.10278224996621585,0.06251655426386256,55,1020,0.08207605760385951,0.0784313725490196,,,,,,,,,,,,,,,,,,,,,,10.013109583695694,7.39321114057918,55,1020,8.665916921816349,8.070588235294117,0.8915935147749269,0.8397758585975513,55,1020,0.8662389998247986,0.8754901960784314,0.8915792729487673,0.8396038408271433,55,1020,0.8662389998247986,0.8754901960784314,55,0.8421319462214708,0.7718904908790302,55,1020,0.8078226645112708,0.8303921568627451,0.8532161899646119,0.7935479717329028,55,1020,0.8240874019059968,0.842156862745098,1020
全局置信度逐词刷新诊断,C1,stable_target_global_rank,1,overall,fail,early,80,,7.44907733377735,4.794356500060506,55,943,6.033571861073513,5.178154825026511,0.9148518370507391,0.8520207153396431,55,943,0.8851894727564636,0.9045599151643691,0.9252018718920632,0.8774188545112289,55,943,0.9023039651221523,0.9162248144220573,4.297999259450982,1.1327068585772617,55,943,2.7969008397388984,3.327677624602333,,0.1018906087149503,0.062020927763739214,55,943,0.08197534756933321,0.0816542948038176,0.10477859118631,0.0639398083953917,55,943,0.08362824013131667,0.08271474019088017,,,,,,,,,,,,,,,,,,,,,,10.167106152116613,7.571490046651291,55,943,8.830472700812411,8.505832449628844,0.8885582740482337,0.8363334260098675,55,943,0.8628776858542545,0.8685047720042418,0.8883486353867655,0.8360832086372867,55,943,0.8628776858542545,0.8685047720042418,55,0.8392369695774976,0.7663361965536154,55,943,0.8032141251871305,0.8229056203605515,0.8487843193866746,0.7871224762282854,55,943,0.8186757249908356,0.8335100742311771,943
全局置信度逐词刷新诊断,C1,stable_target_global_rank,1,overall,fail,middle,9,,2.28825757575757,1.0555555555555556,9,71,1.5404040404040404,1.8169014084507042,1.0,0.9338383838383838,9,71,0.9742424242424244,0.9577464788732394,1.0,0.9595959595959597,9,71,0.9843434343434344,0.971830985915493,1.0777777777777777,0.7171717171717172,9,71,0.9126262626262628,0.9859154929577465,,0.03686868686868687,0.0,9,71,0.01565656565656566,0.028169014084507043,0.03686868686868687,0.0,9,71,0.01565656565656566,0.028169014084507043,,,,,,,,,,,,,,,,,,,,,,3.059090909090909,2.0,9,71,2.453030303030303,2.8028169014084505,1.0,0.9484848484848484,9,71,0.9787878787878788,0.9577464788732394,1.0,0.9484848484848484,9,71,0.9787878787878788,0.9577464788732394,9,1.0,0.897979797979798,9,71,0.9585858585858585,0.9295774647887324,1.0,0.9262626262626262,9,71,0.9686868686868687,0.9436619718309859,71
全局置信度逐词刷新诊断,C1,stable_target_global_rank,1,overall,fail,late,3,,1.5,1.0,3,6,1.1666666666666667,1.3333333333333333,1.0,0.75,3,6,0.9166666666666666,0.8333333333333334,1.0,1.0,3,6,1.0,1.0,1.0,0.5,3,6,0.8333333333333334,0.6666666666666666,,0.0,0.0,3,6,0.0,0.0,0.0,0.0,3,6,0.0,0.0,,,,,,,,,,,,,,,,,,,,,,2.0,2.0,3,6,2.0,2.0,1.0,1.0,3,6,1.0,1.0,1.0,1.0,3,6,1.0,1.0,3,1.0,0.75,3,6,0.9166666666666666,0.8333333333333334,1.0,1.0,3,6,1.0,1.0,6
全局置信度逐词刷新诊断,C1,stable_target_global_rank,2,reference_prefix_aligned,all,all,976,,6.346130108480594,3.6703789807839207,157,4330,4.906433414513195,2.6762124711316395,0.9514790554474916,0.9025127060445433,157,4330,0.9285696437926425,0.9697459584295612,0.9519402925826457,0.9023239286738163,157,4330,0.9287892791978698,0.9699769053117783,3.9413685285638738,1.663653686090877,157,4330,2.853407568796555,3.259122401847575,,0.9415524995627879,0.8903218244255027,157,4330,0.9178846047032676,0.9621247113163972,0.06243829341911984,0.03549575719443518,157,4330,0.0480125110951395,0.03648960739030023,,,,,,,,,,,,,,,,,,,,,,8.9845146322538,6.656375662808799,157,4330,7.759840983309751,5.935334872979214,0.033178045402158886,0.006726829112444772,157,4330,0.01705446584096726,0.007852193995381063,0.9308839552325083,0.8877055230189519,157,4330,0.9105908129529965,0.9464203233256351,157,0.016629779130985258,0.005716179998165104,157,4330,0.010685039089374904,0.007621247113163972,0.9062239073998168,0.8514157011674057,157,4330,0.8807767681027302,0.9334872979214781,4330
全局置信度逐词刷新诊断,C1,stable_target_global_rank,2,reference_prefix_aligned,all,early,976,,6.3433678472189525,3.669751514573804,157,4273,4.901763534708058,2.69061549262813,0.9517694801476632,0.9028377014475877,157,4273,0.9289519887564751,0.9698104376316405,0.9521276517291326,0.9024741236774689,157,4273,0.9289519887564751,0.9698104376316405,3.9536847538511806,1.6754934320274395,157,4273,2.8651772364196817,3.2838754973086823,,0.9418388498226057,0.8906278833746778,157,4273,0.9182045834495504,0.9620875263281067,0.06254008465476105,0.03556881251983273,157,4273,0.048134571724001284,0.036976363210858884,,,,,,,,,,,,,,,,,,,,,,8.994271094234945,6.66312137152898,157,4273,7.766940771127739,5.974490989936813,0.033231485558202906,0.00679694838662581,157,4273,0.017116832058516915,0.007956938918792417,0.9307575070607234,0.8875588332842753,157,4273,0.9104575392495268,0.9457055932600047,157,0.01669260451210424,0.00575719983096975,157,4273,0.010747405306924558,0.007722911303533817,0.9062589852246585,0.8514317477146836,157,4273,0.8808174170324737,0.9328340744207817,4273
全局置信度逐词刷新诊断,C1,stable_target_global_rank,2,reference_prefix_aligned,all,middle,7,,2.7222222222222228,1.0,6,54,1.5740740740740742,1.5740740740740742,1.0,0.9444444444444443,6,54,0.9814814814814815,0.9814814814814815,1.0,0.9444444444444443,6,54,0.9814814814814815,0.9814814814814815,2.0,0.27777777777777773,6,54,1.4259259259259258,1.4259259259259258,,1.0,0.9444444444444443,6,54,0.9814814814814815,0.9814814814814815,0.0,0.0,6,54,0.0,0.0,,,,,,,,,,,,,,,,,,,,,,3.0,3.0,6,54,3.0,3.0,0.0,0.0,6,54,0.0,0.0,1.0,1.0,6,54,1.0,1.0,6,0.0,0.0,6,54,0.0,0.0,1.0,0.9444444444444443,6,54,0.9814814814814815,0.9814814814814815,54
全局置信度逐词刷新诊断,C1,stable_target_global_rank,2,reference_prefix_aligned,all,late,2,,4.0,1.0,2,3,2.5,2.0,1.0,0.0,2,3,0.5,0.6666666666666666,1.0,1.0,2,3,1.0,1.0,2.0,-1.0,2,3,0.5,1.0,,1.0,0.0,2,3,0.5,0.6666666666666666,0.0,0.0,2,3,0.0,0.0,,,,,,,,,,,,,,,,,,,,,,3.0,3.0,2,3,3.0,3.0,0.0,0.0,2,3,0.0,0.0,1.0,1.0,2,3,1.0,1.0,2,0.0,0.0,2,3,0.0,0.0,1.0,1.0,2,3,1.0,1.0,3
全局置信度逐词刷新诊断,C1,stable_target_global_rank,2,reference_prefix_aligned,pass,all,908,,5.842178379797099,3.33472954711061,148,4125,4.507903319328238,2.447030303030303,0.9582666316094806,0.9126329193781735,148,4125,0.9373024530971018,0.9743030303030303,0.9590432429008109,0.9130943750970774,148,4125,0.9375437658384145,0.9745454545454545,4.126595815319319,2.2719329376738004,148,4125,3.201804221430483,3.288727272727273,,0.9513245412874581,0.9055065961339279,148,4125,0.9300178803479611,0.9684848484848485,0.05823515579457148,0.031581514633712664,148,4125,0.043991473849035574,0.03393939393939394,,,,,,,,,,,,,,,,,,,,,,9.029530981919923,6.5280560987873555,148,4125,7.709707540758721,5.735757575757575,0.0120218636809855,0.0034748129440628716,148,4125,0.007284572749140835,0.005818181818181818,0.9347105271700267,0.8904976520043774,148,4125,0.9142321599211929,0.9507878787878787,148,0.012145500701576824,0.003550827019096046,148,4125,0.007284572749140835,0.005818181818181818,0.9186616214811092,0.8653375776078386,148,4125,0.8935522919893788,0.9406060606060606,4125
全局置信度逐词刷新诊断,C1,stable_target_global_rank,2,reference_prefix_aligned,pass,early,908,,5.84057830371618,3.3299247872439732,148,4068,4.50303174706598,2.4589478859390366,0.9586685393002541,0.912954608563,148,4068,0.937714520757425,0.9744346116027532,0.9591593836927942,0.9131388300408184,148,4068,0.937714520757425,0.9744346116027532,4.1407101597204194,2.2864676020637646,148,4068,3.215457636587508,3.315142576204523,,0.9517103065120565,0.9058714472780168,148,4068,0.9303575795646716,0.9685349065880039,0.05840106715270014,0.03172537457544343,148,4068,0.044142929613361616,0.0344149459193707,,,,,,,,,,,,,,,,,,,,,,9.036655233881664,6.536604985054389,148,4068,7.718489383653487,5.774090462143559,0.012099992780282726,0.003539068299710431,148,4068,0.007356941192753529,0.0058997050147492625,0.9345502228849143,0.8903917230396433,148,4068,0.9140681928261735,0.9500983284169124,148,0.012227451160543511,0.003601528828236462,148,4068,0.007356941192753529,0.0058997050147492625,0.9186506521650849,0.8652050992572462,148,4068,0.8935715911440635,0.9400196656833825,4068
全局置信度逐词刷新诊断,C1,stable_target_global_rank,2,reference_prefix_aligned,pass,middle,7,,2.7222222222222228,1.0,6,54,1.5740740740740742,1.5740740740740742,1.0,0.9444444444444443,6,54,0.9814814814814815,0.9814814814814815,1.0,0.9444444444444443,6,54,0.9814814814814815,0.9814814814814815,2.0,0.27777777777777773,6,54,1.4259259259259258,1.4259259259259258,,1.0,0.9444444444444443,6,54,0.9814814814814815,0.9814814814814815,0.0,0.0,6,54,0.0,0.0,,,,,,,,,,,,,,,,,,,,,,3.0,3.0,6,54,3.0,3.0,0.0,0.0,6,54,0.0,0.0,1.0,1.0,6,54,1.0,1.0,6,0.0,0.0,6,54,0.0,0.0,1.0,0.9444444444444443,6,54,0.9814814814814815,0.9814814814814815,54
全局置信度逐词刷新诊断,C1,stable_target_global_rank,2,reference_prefix_aligned,pass,late,2,,4.0,1.0,2,3,2.5,2.0,1.0,0.0,2,3,0.5,0.6666666666666666,1.0,1.0,2,3,1.0,1.0,2.0,-1.0,2,3,0.5,1.0,,1.0,0.0,2,3,0.5,0.6666666666666666,0.0,0.0,2,3,0.0,0.0,,,,,,,,,,,,,,,,,,,,,,3.0,3.0,2,3,3.0,3.0,0.0,0.0,2,3,0.0,0.0,1.0,1.0,2,3,1.0,1.0,2,0.0,0.0,2,3,0.0,0.0,1.0,1.0,2,3,1.0,1.0,3
全局置信度逐词刷新诊断,C1,stable_target_global_rank,2,reference_prefix_aligned,fail,all,68,,13.772166418650793,6.27186011904762,48,205,9.845089285714286,7.287804878048781,0.8996209490740741,0.7480629960317461,48,205,0.829133597883598,0.8780487804878049,0.8991402116402116,0.7480625826719575,48,205,0.829133597883598,0.8780487804878049,4.271130952380949,-4.810777116402115,48,205,-0.04189814814814833,2.6634146341463416,,0.8612781084656083,0.7104121197089948,48,205,0.7901951058201058,0.8341463414634146,0.13257357804232803,0.04282366071428571,48,205,0.0849537037037037,0.08780487804878048,,,,,,,,,,,,,,,,,,,,,,12.530095486111108,7.320892030423281,48,205,9.803191137566138,9.951219512195122,0.11359126984126984,0.01809895833333334,48,205,0.059771825396825386,0.04878048780487805,0.9104501488095239,0.8047949735449736,48,205,0.8596560846560847,0.8585365853658536,48,0.07192460317460317,0.012152777777777778,48,205,0.03893849206349206,0.04390243902439024,0.819709408068783,0.6628298611111112,48,205,0.7441798941798942,0.7902439024390244,205
全局置信度逐词刷新诊断,C1,stable_target_global_rank,2,reference_prefix_aligned,fail,early,68,,13.772166418650793,6.27186011904762,48,205,9.845089285714286,7.287804878048781,0.8996209490740741,0.7480629960317461,48,205,0.829133597883598,0.8780487804878049,0.8991402116402116,0.7480625826719575,48,205,0.829133597883598,0.8780487804878049,4.271130952380949,-4.810777116402115,48,205,-0.04189814814814833,2.6634146341463416,,0.8612781084656083,0.7104121197089948,48,205,0.7901951058201058,0.8341463414634146,0.13257357804232803,0.04282366071428571,48,205,0.0849537037037037,0.08780487804878048,,,,,,,,,,,,,,,,,,,,,,12.530095486111108,7.320892030423281,48,205,9.803191137566138,9.951219512195122,0.11359126984126984,0.01809895833333334,48,205,0.059771825396825386,0.04878048780487805,0.9104501488095239,0.8047949735449736,48,205,0.8596560846560847,0.8585365853658536,48,0.07192460317460317,0.012152777777777778,48,205,0.03893849206349206,0.04390243902439024,0.819709408068783,0.6628298611111112,48,205,0.7441798941798942,0.7902439024390244,205
全局置信度逐词刷新诊断,C1,stable_target_global_rank,2,predecessor_correct,all,all,987,,5.932286148599067,3.4961826952767407,159,4564,4.623925974988527,2.6579754601226995,0.9548061687147041,0.9079873960863216,159,4564,0.9331836966603106,0.9699824715162139,0.9546546431769865,0.9086324570225819,159,4564,0.9333933402661808,0.9702015775635408,4.446782160279051,2.0007264251502477,159,4564,3.2329283457852154,3.3746713409290097,,0.9409641062685369,0.892224822282445,159,4564,0.9186695897621867,0.9616564417177914,0.07565164956499752,0.04132581003441848,159,4564,0.05679323158008398,0.0387817703768624,,,,,,,,,,,,,,,,,,,,,,9.126728922827347,6.777588543826667,159,4564,7.856854320773743,6.032646801051709,0.03755849358484371,0.008753663569365952,159,4564,0.0208820314264258,0.008764241893076249,0.9281269219990224,0.8830649247647048,159,4564,0.9072864850540768,0.9443470639789658,159,0.023517044432665044,0.007454243020020587,159,4564,0.014514106898123914,0.008326029798422436,0.9031364258958069,0.8473070892663996,159,4564,0.8766001086860968,0.9314198071866784,4564
全局置信度逐词刷新诊断,C1,stable_target_global_rank,2,predecessor_correct,all,early,987,,5.925777944286121,3.491022413854103,159,4507,4.619199555562708,2.671400044375416,0.955158824635131,0.9084840779163117,159,4507,0.9335564413158096,0.9700465941868205,0.9548035993222282,0.9088289283946942,159,4507,0.9335564413158096,0.9700465941868205,4.462804717297621,2.0101242778327957,159,4507,3.244176134773177,3.399600621255824,,0.9413437933047801,0.892527405891878,159,4507,0.9189829157321311,0.9616152651431107,0.0756800713153007,0.04145493434480629,159,4507,0.05690542296631013,0.039272243177279786,,,,,,,,,,,,,,,,,,,,,,9.130623972244317,6.783923147696108,159,4507,7.863375690335886,6.0710006656312405,0.03764552753573105,0.008808222591542823,159,4507,0.020941450111980276,0.008875083203905036,0.9279855347766093,0.8829816504275944,159,4507,0.9071637380017676,0.943643221655203,159,0.02358990406288348,0.007516203826990644,159,4507,0.014573525583678387,0.008431329043709785,0.9031971514936231,0.847427626884124,159,4507,0.8766510183494992,0.9307743510095408,4507
全局置信度逐词刷新诊断,C1,stable_target_global_rank,2,predecessor_correct,all,middle,7,,2.7222222222222228,1.0,6,54,1.5740740740740742,1.5740740740740742,1.0,0.9444444444444443,6,54,0.9814814814814815,0.9814814814814815,1.0,0.9444444444444443,6,54,0.9814814814814815,0.9814814814814815,2.0,0.27777777777777773,6,54,1.4259259259259258,1.4259259259259258,,1.0,0.9444444444444443,6,54,0.9814814814814815,0.9814814814814815,0.0,0.0,6,54,0.0,0.0,,,,,,,,,,,,,,,,,,,,,,3.0,3.0,6,54,3.0,3.0,0.0,0.0,6,54,0.0,0.0,1.0,1.0,6,54,1.0,1.0,6,0.0,0.0,6,54,0.0,0.0,1.0,0.9444444444444443,6,54,0.9814814814814815,0.9814814814814815,54
全局置信度逐词刷新诊断,C1,stable_target_global_rank,2,predecessor_correct,all,late,2,,4.0,1.0,2,3,2.5,2.0,1.0,0.0,2,3,0.5,0.6666666666666666,1.0,1.0,2,3,1.0,1.0,2.0,-1.0,2,3,0.5,1.0,,1.0,0.0,2,3,0.5,0.6666666666666666,0.0,0.0,2,3,0.0,0.0,,,,,,,,,,,,,,,,,,,,,,3.0,3.0,2,3,3.0,3.0,0.0,0.0,2,3,0.0,0.0,1.0,1.0,2,3,1.0,1.0,2,0.0,0.0,2,3,0.0,0.0,1.0,1.0,2,3,1.0,1.0,3
全局置信度逐词刷新诊断,C1,stable_target_global_rank,2,predecessor_correct,pass,all,916,,5.462166759949875,3.1500836906494927,149,4322,4.196216374545095,2.440305414160111,0.9616415794980792,0.9198229339891116,149,4322,0.9424271568358021,0.9743174456270245,0.9621755205350851,0.9199315203160666,149,4322,0.9426585847460079,0.974548819990745,4.116755464146089,2.3408950588929827,149,4322,3.24246979331235,3.35192040721888,,0.9512626513070426,0.9072240385804939,149,4322,0.9309033232499375,0.9678389634428506,0.05974216581510545,0.03428485712993884,149,4322,0.04602587928738374,0.035400277649236464,,,,,,,,,,,,,,,,,,,,,,8.659982464416583,6.39530786321241,149,4322,7.438686167857445,5.792225821378991,0.020713853749117883,0.005143988596346033,149,4322,0.011617047605253068,0.006709856547894493,0.9375212676971665,0.8968114965459948,149,4322,0.9186936124543835,0.949560388708931,149,0.020614198736053753,0.004961994952205867,149,4322,0.011523833585864554,0.006478482184173994,0.9204067311404321,0.8697469642173471,149,4322,0.8966327054586241,0.9391485423415086,4322
全局置信度逐词刷新诊断,C1,stable_target_global_rank,2,predecessor_correct,pass,early,916,,5.457338273500881,3.145051162282684,149,4265,4.191245480247903,2.45158264947245,0.962043907054435,0.9202612363417031,149,4265,0.9428309791183052,0.9744431418522861,0.9623624349192295,0.9201169273901191,149,4265,0.9428309791183052,0.9744431418522861,4.129291711783685,2.3534419008730887,149,4265,3.2556378708766314,3.3779601406799533,,0.9515428393243595,0.9074467161062292,149,4265,0.9312376333075676,0.9678780773739742,0.0599101352524169,0.034424119872409537,149,4265,0.046167413505435975,0.03587338804220398,,,,,,,,,,,,,,,,,,,,,,8.668331442965801,6.404636462123267,149,4265,7.446883351124534,5.829542790152403,0.02077935048888822,0.005224309392948318,149,4265,0.011686559830126035,0.006799531066822978,0.9373922518875417,0.8966499090221306,149,4265,0.9185402631174494,0.9488862837045721,149,0.020675166919433666,0.005012463565405483,149,4265,0.011593345810737518,0.0065650644783118405,0.9204355366014146,0.8697145256904362,149,4265,0.896663565612869,0.938569753810082,4265
全局置信度逐词刷新诊断,C1,stable_target_global_rank,2,predecessor_correct,pass,middle,7,,2.7222222222222228,1.0,6,54,1.5740740740740742,1.5740740740740742,1.0,0.9444444444444443,6,54,0.9814814814814815,0.9814814814814815,1.0,0.9444444444444443,6,54,0.9814814814814815,0.9814814814814815,2.0,0.27777777777777773,6,54,1.4259259259259258,1.4259259259259258,,1.0,0.9444444444444443,6,54,0.9814814814814815,0.9814814814814815,0.0,0.0,6,54,0.0,0.0,,,,,,,,,,,,,,,,,,,,,,3.0,3.0,6,54,3.0,3.0,0.0,0.0,6,54,0.0,0.0,1.0,1.0,6,54,1.0,1.0,6,0.0,0.0,6,54,0.0,0.0,1.0,0.9444444444444443,6,54,0.9814814814814815,0.9814814814814815,54
全局置信度逐词刷新诊断,C1,stable_target_global_rank,2,predecessor_correct,pass,late,2,,4.0,1.0,2,3,2.5,2.0,1.0,0.0,2,3,0.5,0.6666666666666666,1.0,1.0,2,3,1.0,1.0,2.0,-1.0,2,3,0.5,1.0,,1.0,0.0,2,3,0.5,0.6666666666666666,0.0,0.0,2,3,0.0,0.0,,,,,,,,,,,,,,,,,,,,,,3.0,3.0,2,3,3.0,3.0,0.0,0.0,2,3,0.0,0.0,1.0,1.0,2,3,1.0,1.0,2,0.0,0.0,2,3,0.0,0.0,1.0,1.0,2,3,1.0,1.0,3
全局置信度逐词刷新诊断,C1,stable_target_global_rank,2,predecessor_correct,fail,all,71,,12.863907234432235,5.731026282051283,50,242,9.03107326007326,6.545454545454546,0.9106040293040293,0.7688912698412698,50,242,0.8449059829059828,0.8925619834710744,0.9095730769230768,0.7677115384615385,50,242,0.8449059829059828,0.8925619834710744,6.623141666666666,-2.9761861111111108,50,242,1.9808424908424904,3.78099173553719,,0.8747060134310133,0.7314601037851038,50,242,0.8082564102564102,0.8512396694214877,0.17558730158730154,0.05993531746031746,50,242,0.11207448107448109,0.09917355371900827,,,,,,,,,,,,,,,,,,,,,,14.122793253968254,8.099078968253968,50,242,11.011915750915751,10.326446280991735,0.10909444444444445,0.018743589743589743,50,242,0.056649572649572655,0.045454545454545456,0.8905054029304028,0.7683645299145299,50,242,0.8335604395604395,0.8512396694214877,50,0.06272649572649573,0.013333333333333332,50,242,0.03664957264957265,0.04132231404958678,0.807658089133089,0.6515259462759462,50,242,0.7328315018315018,0.7933884297520661,242
全局置信度逐词刷新诊断,C1,stable_target_global_rank,2,predecessor_correct,fail,early,71,,12.863907234432235,5.731026282051283,50,242,9.03107326007326,6.545454545454546,0.9106040293040293,0.7688912698412698,50,242,0.8449059829059828,0.8925619834710744,0.9095730769230768,0.7677115384615385,50,242,0.8449059829059828,0.8925619834710744,6.623141666666666,-2.9761861111111108,50,242,1.9808424908424904,3.78099173553719,,0.8747060134310133,0.7314601037851038,50,242,0.8082564102564102,0.8512396694214877,0.17558730158730154,0.05993531746031746,50,242,0.11207448107448109,0.09917355371900827,,,,,,,,,,,,,,,,,,,,,,14.122793253968254,8.099078968253968,50,242,11.011915750915751,10.326446280991735,0.10909444444444445,0.018743589743589743,50,242,0.056649572649572655,0.045454545454545456,0.8905054029304028,0.7683645299145299,50,242,0.8335604395604395,0.8512396694214877,50,0.06272649572649573,0.013333333333333332,50,242,0.03664957264957265,0.04132231404958678,0.807658089133089,0.6515259462759462,50,242,0.7328315018315018,0.7933884297520661,242
全局置信度逐词刷新诊断,C1,stable_target_global_rank,2,overall,all,all,1026,,4.443645448946965,3.2996691965988107,164,7332,3.835680522451532,2.9879978177850517,0.9569233755217382,0.9359064881679275,164,7332,0.9469780991437811,0.9626295690125477,0.9570673690276412,0.935773790005897,164,7332,0.9470691075165514,0.9627659574468085,4.945288821117115,3.445402082862971,164,7332,4.211171297420887,4.352973267866885,,0.9383743783730343,0.9104053527783679,164,7332,0.9252159096063675,0.9450354609929078,0.08690067543341125,0.06380924892684402,164,7332,0.07493616558411434,0.06614839061647572,,,,,,,,,,,,,,,,,,,,,,8.694420937210854,7.438002330405246,164,7332,8.046851819872419,7.340971085651937,0.03536077871103305,0.01805841609737626,164,7332,0.025837927507454093,0.018821603927986905,0.9132058194134172,0.887816915668452,164,7332,0.9011175318247676,0.915848336061102,164,0.028263299638089687,0.016272113056193856,164,7332,0.021762189537413643,0.017594108019639936,0.8877581172066379,0.8551916443728258,164,7332,0.872132941932437,0.8966175668303328,7332
全局置信度逐词刷新诊断,C1,stable_target_global_rank,2,overall,all,early,1026,,4.474250310120535,3.3232657673679578,164,7086,3.866444595967193,3.0080440304826417,0.9570535864963722,0.9360118746082507,164,7086,0.9470381914918655,0.9631668077900085,0.957132748557895,0.9355061312677353,164,7086,0.9470381914918655,0.9631668077900085,4.942241027647306,3.444834834507495,164,7086,4.212212417045988,4.381033022861981,,0.9378337083886124,0.9097742433040162,164,7086,0.9245422091974689,0.9452441433813152,0.08646969941411756,0.06311708983006104,164,7086,0.07433683017215131,0.06562235393734124,,,,,,,,,,,,,,,,,,,,,,8.73438889922987,7.465082306043019,164,7086,8.07865701301318,7.389077053344623,0.03586008813641569,0.018662181743348594,164,7086,0.02637347747000617,0.018910527801298333,0.9137598134842422,0.8881840965426758,164,7086,0.9016444910110137,0.9165961049957663,164,0.029072537336696742,0.016883895206951504,164,7086,0.022495982294396435,0.0179226644086932,0.8886026746679526,0.8553987947539607,164,7086,0.872701361319714,0.8975444538526672,7086
全局置信度逐词刷新诊断,C1,stable_target_global_rank,2,overall,all,middle,31,,3.7083724146224144,1.5311314200203088,27,236,2.5054112554112553,2.4491525423728815,0.9822297044519267,0.9130190796857462,27,236,0.9509379509379509,0.9491525423728814,0.9822297044519267,0.9118433007321897,27,236,0.9509379509379509,0.9491525423728814,4.47674266833989,1.3316086999420338,27,236,2.923617534728646,3.6186440677966103,,0.9811875367430923,0.9030383197049865,27,236,0.9461680295013629,0.940677966101695,0.09907665636832301,0.0317541422055311,27,236,0.06328604523048968,0.08050847457627118,,,,,,,,,,,,,,,,,,,,,,6.828073770365436,4.232125654695099,27,236,5.429028790139902,6.067796610169491,0.031144781144781142,0.0,27,236,0.010942760942760943,0.01694915254237288,0.9603823247226025,0.8734277528027528,27,236,0.918943659221437,0.8940677966101694,27,0.012626262626262626,0.0,27,236,0.004769921436588103,0.00847457627118644,0.9364830578372245,0.8305809982198873,27,236,0.8876519057074612,0.8686440677966102,236
全局置信度逐词刷新诊断,C1,stable_target_global_rank,2,overall,all,late,5,,2.9,1.1,5,10,1.8,1.5,1.0,0.4,5,10,0.8,0.9,1.0,1.0,5,10,1.0,1.0,2.3,0.2,5,10,1.5,1.8,,1.0,0.4,5,10,0.8,0.9,0.3,0.0,5,10,0.1,0.1,,,,,,,,,,,,,,,,,,,,,,3.7,3.0,5,10,3.3,3.3,0.0,0.0,5,10,0.0,0.0,1.0,0.7,5,10,0.9,0.9,5,0.0,0.0,5,10,0.0,0.0,1.0,0.7,5,10,0.9,0.9,10
全局置信度逐词刷新诊断,C1,stable_target_global_rank,2,overall,pass,all,946,,4.4132672079245205,3.0925793167124915,151,6533,3.7055847778950053,2.785550283177713,0.9617652757706192,0.9385436372775066,151,6533,0.9510767415130403,0.9669370886269708,0.9618303619897777,0.9385961673685735,151,6533,0.9511950007372599,0.9670901576611052,4.698288382922329,3.2640928085184284,151,6533,4.011417350952783,4.1077606000306135,,0.9468687993057365,0.9224109513633044,151,6533,0.935350820110097,0.9522424613500688,0.07890403503987067,0.055706717885781284,151,6533,0.06669097821330308,0.057707025868666766,,,,,,,,,,,,,,,,,,,,,,8.430620985310536,7.073880990339298,151,6533,7.7170021288477875,6.8933108832083265,0.020739924315694828,0.012352630818376623,151,6533,0.01638885867717531,0.01561304148170825,0.9229043087967456,0.8978928788672551,151,6533,0.9109363647701335,0.9260676565130874,151,0.01977315533119969,0.011923131873174227,151,6533,0.015725921402943526,0.014694627276901883,0.901930725359173,0.8653615154835818,151,6533,0.8845040225239567,0.9093831317924383,6533
全局置信度逐词刷新诊断,C1,stable_target_global_rank,2,overall,pass,early,946,,4.446147843650441,3.112641818935746,151,6345,3.7310238020749185,2.792119779353822,0.9618348581608205,0.938686219126677,151,6345,0.9511686643265868,0.9676910953506698,0.9619178703352369,0.9384923351594981,151,6345,0.9511686643265868,0.9676910953506698,4.69523352027658,3.2541942004550135,151,6345,4.006761057855692,4.119779353821907,,0.9465571190596199,0.9217999420945268,151,6345,0.9348545230695845,0.952876280535855,0.07801780462002729,0.05477887127019026,151,6345,0.06576171762829287,0.056579984239558706,,,,,,,,,,,,,,,,,,,,,,8.455243675632762,7.092946839219317,151,6345,7.737784859930608,6.911899133175729,0.021131780536511706,0.012671615880807098,151,6345,0.0167623646644827,0.015445232466509062,0.9236204429603283,0.8987659790690937,151,6345,0.9116253977316086,0.927344365642238,151,0.020613108832334685,0.012313562661263319,151,6345,0.016314141257002163,0.014814814814814815,0.9029115681219146,0.8660877363539541,151,6345,0.8854069466982936,0.9111111111111111,6345
全局置信度逐词刷新诊断,C1,stable_target_global_rank,2,overall,pass,middle,25,,3.9677263708513704,1.437465564738292,22,180,2.541994621540076,2.6055555555555556,0.9866850321395776,0.9044339498884955,22,180,0.9498884953430408,0.9444444444444444,0.9866850321395776,0.9042322576413485,22,180,0.9498884953430408,0.9444444444444444,4.660418647009555,0.8842963034440305,22,180,2.830500307773035,3.7888888888888888,,0.9846189164370983,0.8928243473698019,22,180,0.9440345008526827,0.9333333333333333,0.10859667321315049,0.031079148124602673,22,180,0.06756822722731813,0.09444444444444444,,,,,,,,,,,,,,,,,,,,,,6.807580648518148,4.1086546597342055,22,180,5.3724949293131115,6.394444444444445,0.038223140495867766,0.0,22,180,0.013429752066115703,0.022222222222222223,0.963980593270366,0.8695465897738625,22,180,0.9207237837919656,0.8833333333333333,22,0.01549586776859504,0.0,22,180,0.005853994490358127,0.011111111111111112,0.9363962962542507,0.817306821965913,22,180,0.8823202681157226,0.85,180
全局置信度逐词刷新诊断,C1,stable_target_global_rank,2,overall,pass,late,4,,3.375,1.125,4,8,2.0,1.625,1.0,0.25,4,8,0.75,0.875,1.0,1.0,4,8,1.0,1.0,2.375,-0.25,4,8,1.375,1.75,,1.0,0.25,4,8,0.75,0.875,0.375,0.0,4,8,0.125,0.125,,,,,,,,,,,,,,,,,,,,,,3.75,3.0,4,8,3.375,3.375,0.0,0.0,4,8,0.0,0.0,1.0,0.625,4,8,0.875,0.875,4,0.0,0.0,4,8,0.0,0.0,1.0,0.625,4,8,0.875,0.875,8
全局置信度逐词刷新诊断,C1,stable_target_global_rank,2,overall,fail,all,80,,8.221289986848651,4.961451224032077,55,799,6.491118141777771,4.643304130162703,0.9221557308043569,0.8634142181185002,55,799,0.8943977322006816,0.9274092615769712,0.9222866367964003,0.8642631736743869,55,799,0.8943977322006816,0.9274092615769712,6.789632873746466,2.234320310526772,55,799,4.562758929155492,6.357947434292866,,0.8788862031514589,0.7948004810904636,55,799,0.8391939806250442,0.886107634543179,0.14876112878525452,0.08982496350326111,55,799,0.11900004698762669,0.13516896120150187,,,,,,,,,,,,,,,,,,,,,,12.996282673008485,9.232758970643701,55,799,11.053877070933263,11.00125156445557,0.09765679328140142,0.039463216834896425,55,799,0.06621385258573842,0.04505632040050062,0.8700207622922422,0.7965020591627073,55,799,0.8341118309986532,0.8322903629536921,55,0.08248045375066493,0.032709715619012765,55,799,0.05520375157563741,0.04130162703379224,0.8103064842234927,0.7391708002606563,55,799,0.7753976852130549,0.7922403003754693,799
全局置信度逐词刷新诊断,C1,stable_target_global_rank,2,overall,fail,early,80,,8.31782943049721,5.068425944401212,55,741,6.5892477739135495,4.856950067476383,0.9208572787502346,0.8620875994178133,55,741,0.8928649161739701,0.9244264507422402,0.9207894823400076,0.8628225662458097,55,741,0.8928649161739701,0.9244264507422402,6.910534126174588,2.3063108607912297,55,741,4.65314792099474,6.61808367071525,,0.8766438895719785,0.7932419198906006,55,741,0.8371491858649384,0.8798920377867746,0.152910755010528,0.09265451051277623,55,741,0.12269354367011033,0.14304993252361672,,,,,,,,,,,,,,,,,,,,,,13.204239857035992,9.404302826382283,55,741,11.242395694908287,11.475033738191632,0.09805238187295603,0.03989890359507584,55,741,0.06672583131913276,0.048582995951417005,0.8673202686194875,0.7921433529221483,55,741,0.8304315362888253,0.8245614035087719,55,0.08297000766378755,0.03334065509185126,55,741,0.05571573030903175,0.044534412955465584,0.8063864084362959,0.732658739705688,55,741,0.7701713725038599,0.7813765182186235,741
全局置信度逐词刷新诊断,C1,stable_target_global_rank,2,overall,fail,middle,6,,4.0092592592592595,1.0,6,56,2.1203703703703702,1.9464285714285714,1.0,0.9074074074074074,6,56,0.9629629629629631,0.9642857142857143,1.0,0.9074074074074074,6,56,0.9629629629629631,0.9642857142857143,4.787037037037037,1.9814814814814816,6,56,3.111111111111111,3.0714285714285716,,1.0,0.9074074074074074,6,56,0.9629629629629631,0.9642857142857143,0.09259259259259257,0.0,6,56,0.037037037037037035,0.03571428571428571,,,,,,,,,,,,,,,,,,,,,,8.666666666666666,3.1666666666666665,6,56,5.231481481481481,5.017857142857143,0.0,0.0,6,56,0.0,0.0,0.9907407407407408,0.8148148148148149,6,56,0.9259259259259259,0.9285714285714286,6,0.0,0.0,6,56,0.0,0.0,0.9907407407407408,0.824074074074074,6,56,0.9259259259259259,0.9285714285714286,56
全局置信度逐词刷新诊断,C1,stable_target_global_rank,2,overall,fail,late,1,,1.0,1.0,1,2,1.0,1.0,1.0,1.0,1,2,1.0,1.0,1.0,1.0,1,2,1.0,1.0,2.0,2.0,1,2,2.0,2.0,,1.0,1.0,1,2,1.0,1.0,0.0,0.0,1,2,0.0,0.0,,,,,,,,,,,,,,,,,,,,,,3.0,3.0,1,2,3.0,3.0,0.0,0.0,1,2,0.0,0.0,1.0,1.0,1,2,1.0,1.0,1,0.0,0.0,1,2,0.0,0.0,1.0,1.0,1,2,1.0,1.0,2
全局置信度逐词刷新诊断,C1,stable_target_global_rank,3,reference_prefix_aligned,all,all,859,,8.259253904901524,4.250213600230619,149,3326,6.13055756138747,2.728803367408298,0.942357672872592,0.8702140616913758,149,3326,0.9088004163680685,0.9690318701142514,0.9415018581374024,0.8712742532544947,149,3326,0.9088004163680685,0.9690318701142514,5.873611940327064,1.1433949775241585,149,3326,3.6283213441661,5.3214070956103425,,0.9375418052924596,0.8648430507077691,149,3326,0.9034576081038231,0.9675285628382442,0.10749348936402428,0.05784444278065426,149,3326,0.08063790636235936,0.059230306674684305,,,,,,,,,,,,,,,,,,,,,,11.296255259266221,8.426142911888268,149,3326,9.758878905553573,8.05021046301864,0.012527964205816554,0.00033557046979865775,149,3326,0.005342808264245295,0.001503307276007216,0.9157255727235667,0.8583452010615686,149,3326,0.8888452168962728,0.9254359591100421,149,0.012389788130017105,0.00033557046979865775,149,3326,0.005342808264245295,0.001503307276007216,0.8667166762317154,0.78497282536084,149,3326,0.828162510005709,0.9098015634395671,3326
全局置信度逐词刷新诊断,C1,stable_target_global_rank,3,reference_prefix_aligned,all,early,858,,8.250586024719246,4.240615220593371,149,3278,6.12386429093581,2.7446613788895666,0.9426502328077617,0.8703996122151452,149,3278,0.9090190914189584,0.9688834655277608,0.9416522495414434,0.871456747886874,149,3278,0.9090190914189584,0.9688834655277608,5.881099964227754,1.1466810979573827,149,3278,3.6352484925143163,5.3544844417327635,,0.9377935183014657,0.8649733230665686,149,3278,0.9036762831547132,0.9673581452104942,0.10740769753158888,0.057732632782746166,149,3278,0.08057233861368686,0.05979255643685174,,,,,,,,,,,,,,,,,,,,,,11.298968056483192,8.431082779104914,149,3278,9.759112783450128,8.099145820622331,0.012527964205816554,0.00033557046979865775,149,3278,0.005342808264245295,0.001525320317266626,0.9159060022484105,0.8584868427496802,149,3278,0.8889107846449453,0.9246491763270287,149,0.012389788130017105,0.00033557046979865775,149,3278,0.005342808264245295,0.001525320317266626,0.8670526486205318,0.7852739346776335,149,3278,0.8284467528052715,0.9090909090909091,3278
全局置信度逐词刷新诊断,C1,stable_target_global_rank,3,reference_prefix_aligned,all,middle,7,,2.9375,1.0,6,47,1.6458333333333333,1.6595744680851063,1.0,0.9375,6,47,0.9791666666666666,0.9787234042553191,1.0,0.9375,6,47,0.9791666666666666,0.9787234042553191,3.1875,3.0,6,47,3.0625,3.0638297872340425,,1.0,0.9375,6,47,0.9791666666666666,0.9787234042553191,0.0625,0.0,6,47,0.020833333333333332,0.02127659574468085,,,,,,,,,,,,,,,,,,,,,,6.125,4.0,6,47,4.708333333333333,4.723404255319149,0.0,0.0,6,47,0.0,0.0,1.0,0.9375,6,47,0.9791666666666666,0.9787234042553191,6,0.0,0.0,6,47,0.0,0.0,1.0,0.875,6,47,0.9583333333333334,0.9574468085106383,47
全局置信度逐词刷新诊断,C1,stable_target_global_rank,3,reference_prefix_aligned,all,late,1,,1.0,1.0,1,1,1.0,1.0,1.0,1.0,1,1,1.0,1.0,1.0,1.0,1,1,1.0,1.0,3.0,3.0,1,1,3.0,3.0,,1.0,1.0,1,1,1.0,1.0,0.0,0.0,1,1,0.0,0.0,,,,,,,,,,,,,,,,,,,,,,4.0,4.0,1,1,4.0,4.0,0.0,0.0,1,1,0.0,0.0,1.0,1.0,1,1,1.0,1.0,1,0.0,0.0,1,1,0.0,0.0,1.0,1.0,1,1,1.0,1.0,1
全局置信度逐词刷新诊断,C1,stable_target_global_rank,3,reference_prefix_aligned,pass,all,813,,8.257278940886078,3.949462454728479,143,3195,5.983604680697232,2.492957746478873,0.9476706959670796,0.8709882372587576,143,3195,0.9123960344307076,0.9737089201877934,0.9467698305298835,0.8728513923076059,143,3195,0.9123960344307076,0.9737089201877934,5.822337679964786,0.918456387268731,143,3195,3.4462985297150235,5.468231611893584,,0.9445065597495912,0.8694310802529999,143,3195,0.9091600547241396,0.9724569640062598,0.10161995779514732,0.05594134549932754,143,3195,0.0766678023178175,0.059154929577464786,,,,,,,,,,,,,,,,,,,,,,10.950871783284489,8.090840779201985,143,3195,9.429903210412256,7.961189358372457,0.008658988070752776,0.00020567667626491154,143,3195,0.003235979706567942,0.0012519561815336462,0.9233962678578351,0.8689643214648278,143,3195,0.8984965856281665,0.927699530516432,143,0.008597285067873302,0.00020567667626491154,143,3195,0.003235979706567942,0.0012519561815336462,0.8753973672916509,0.7922016195359247,143,3195,0.83572823211289,0.9145539906103286,3195
全局置信度逐词刷新诊断,C1,stable_target_global_rank,3,reference_prefix_aligned,pass,early,812,,8.25444525392479,3.941359691680311,143,3147,5.976630573723124,2.505878614553543,0.9478734101945308,0.871259408067975,143,3147,0.9126238846585579,0.9736256752462663,0.9470015727512084,0.8729823217366619,143,3147,0.9126238846585579,0.9736256752462663,5.828145363524445,0.9252580413783025,143,3147,3.4544851399767325,5.504925325707022,,0.9447219804687859,0.8695135194394774,143,3147,0.90938790495199,0.9723546234509056,0.10152519329814164,0.0558901874550308,143,3147,0.07661868425157163,0.05973943438195106,,,,,,,,,,,,,,,,,,,,,,10.952886796289393,8.092391258765678,143,3147,9.431115713699857,8.010803940260566,0.008658988070752776,0.00020567667626491154,143,3147,0.003235979706567942,0.001271051795360661,0.9234726738629427,0.8690467522443615,143,3147,0.8985457036944124,0.926914521766762,143,0.008597285067873302,0.00020567667626491154,143,3147,0.003235979706567942,0.001271051795360661,0.875627805945258,0.7926950146524855,143,3147,0.8360052004069861,0.9138862408643152,3147
全局置信度逐词刷新诊断,C1,stable_target_global_rank,3,reference_prefix_aligned,pass,middle,7,,2.9375,1.0,6,47,1.6458333333333333,1.6595744680851063,1.0,0.9375,6,47,0.9791666666666666,0.9787234042553191,1.0,0.9375,6,47,0.9791666666666666,0.9787234042553191,3.1875,3.0,6,47,3.0625,3.0638297872340425,,1.0,0.9375,6,47,0.9791666666666666,0.9787234042553191,0.0625,0.0,6,47,0.020833333333333332,0.02127659574468085,,,,,,,,,,,,,,,,,,,,,,6.125,4.0,6,47,4.708333333333333,4.723404255319149,0.0,0.0,6,47,0.0,0.0,1.0,0.9375,6,47,0.9791666666666666,0.9787234042553191,6,0.0,0.0,6,47,0.0,0.0,1.0,0.875,6,47,0.9583333333333334,0.9574468085106383,47
全局置信度逐词刷新诊断,C1,stable_target_global_rank,3,reference_prefix_aligned,pass,late,1,,1.0,1.0,1,1,1.0,1.0,1.0,1.0,1,1,1.0,1.0,1.0,1.0,1,1,1.0,1.0,3.0,3.0,1,1,3.0,3.0,,1.0,1.0,1,1,1.0,1.0,0.0,0.0,1,1,0.0,0.0,,,,,,,,,,,,,,,,,,,,,,4.0,4.0,1,1,4.0,4.0,0.0,0.0,1,1,0.0,0.0,1.0,1.0,1,1,1.0,1.0,1,0.0,0.0,1,1,0.0,0.0,1.0,1.0,1,1,1.0,1.0,1
全局置信度逐词刷新诊断,C1,stable_target_global_rank,3,reference_prefix_aligned,fail,all,46,,17.6159335839599,7.3499141235441545,38,131,12.096483856700573,8.48091603053435,0.8788600176912871,0.6920978917882943,38,131,0.7904946189001917,0.8549618320610687,0.8804742554916704,0.6904719519386702,38,131,0.7904946189001917,0.8549618320610687,4.454024583517616,-5.066693295739349,38,131,-0.12661432994250307,1.7404580152671756,,0.8694240196078431,0.6842047213622291,38,131,0.7817226890756303,0.8473282442748091,0.13796992481203008,0.017543859649122806,38,131,0.068671679197995,0.061068702290076333,,,,,,,,,,,,,,,,,,,,,,16.5963048245614,8.075288404835618,38,131,11.969869526758073,10.221374045801527,0.02631578947368421,0.0,38,131,0.008771929824561403,0.007633587786259542,0.9096522556390977,0.7091173706324636,38,131,0.8185647943387881,0.8702290076335878,38,0.02631578947368421,0.0,38,131,0.008771929824561403,0.007633587786259542,0.8218054326993954,0.6110635043491082,38,131,0.7218229397021967,0.7938931297709924,131
全局置信度逐词刷新诊断,C1,stable_target_global_rank,3,reference_prefix_aligned,fail,early,46,,17.6159335839599,7.3499141235441545,38,131,12.096483856700573,8.48091603053435,0.8788600176912871,0.6920978917882943,38,131,0.7904946189001917,0.8549618320610687,0.8804742554916704,0.6904719519386702,38,131,0.7904946189001917,0.8549618320610687,4.454024583517616,-5.066693295739349,38,131,-0.12661432994250307,1.7404580152671756,,0.8694240196078431,0.6842047213622291,38,131,0.7817226890756303,0.8473282442748091,0.13796992481203008,0.017543859649122806,38,131,0.068671679197995,0.061068702290076333,,,,,,,,,,,,,,,,,,,,,,16.5963048245614,8.075288404835618,38,131,11.969869526758073,10.221374045801527,0.02631578947368421,0.0,38,131,0.008771929824561403,0.007633587786259542,0.9096522556390977,0.7091173706324636,38,131,0.8185647943387881,0.8702290076335878,38,0.02631578947368421,0.0,38,131,0.008771929824561403,0.007633587786259542,0.8218054326993954,0.6110635043491082,38,131,0.7218229397021967,0.7938931297709924,131
全局置信度逐词刷新诊断,C1,stable_target_global_rank,3,predecessor_correct,all,all,882,,7.345399313795184,3.903566101693119,153,3538,5.497461082346285,2.711984171848502,0.9479824797055977,0.885517212564975,153,3538,0.9192587528048406,0.9691916336913511,0.9476206454231297,0.8856148052084093,153,3538,0.9192587528048406,0.9691916336913511,6.480474723282494,2.4393446264471836,153,3538,4.5307564680569605,5.630582249858677,,0.9422252791877457,0.8799419658300733,153,3538,0.9135913472889167,0.9672131147540983,0.11533558647959911,0.06523216712248381,153,3538,0.0885287601605493,0.06557377049180328,,,,,,,,,,,,,,,,,,,,,,11.4595300756104,8.791303884554754,153,3538,10.028217550403244,8.342566421707179,0.012448368673305503,0.0007864108210128971,153,3538,0.005667405515924162,0.001978518937252685,0.9080317872363134,0.8508914026221065,153,3538,0.8813618521026733,0.9191633691351045,153,0.012487524868012823,0.000773493928300608,153,3538,0.005667405515924162,0.001978518937252685,0.866091365823448,0.7932236821934531,153,3538,0.8307299926442914,0.9036178631995477,3538
全局置信度逐词刷新诊断,C1,stable_target_global_rank,3,predecessor_correct,all,early,881,,7.335797524883881,3.897033428167424,153,3490,5.4909427993574145,2.726647564469914,0.9482451761433558,0.8855661034517563,153,3490,0.9194717108609362,0.969054441260745,0.9479415758833737,0.8858684311736456,153,3490,0.9194717108609362,0.969054441260745,6.485370937084873,2.4481805283961178,153,3490,4.53702356926741,5.665902578796562,,0.9425451118570561,0.8802115226743764,153,3490,0.913804305345012,0.9670487106017192,0.11529898098462643,0.06519860140397934,153,3490,0.08845601627090667,0.066189111747851,,,,,,,,,,,,,,,,,,,,,,11.459084360692819,8.78928608563627,153,3490,10.027966368624824,8.392550143266476,0.012448368673305503,0.0007864108210128971,153,3490,0.005667405515924162,0.0020057306590257878,0.908124599394101,0.850876032440201,153,3490,0.881434595992316,0.9183381088825215,153,0.012487524868012823,0.000773493928300608,153,3490,0.005667405515924162,0.0020057306590257878,0.8663648905378368,0.7934365879267261,153,3490,0.8310156945900293,0.902865329512894,3490
全局置信度逐词刷新诊断,C1,stable_target_global_rank,3,predecessor_correct,all,middle,7,,2.9375,1.0,6,47,1.6458333333333333,1.6595744680851063,1.0,0.9375,6,47,0.9791666666666666,0.9787234042553191,1.0,0.9375,6,47,0.9791666666666666,0.9787234042553191,3.1875,3.0,6,47,3.0625,3.0638297872340425,,1.0,0.9375,6,47,0.9791666666666666,0.9787234042553191,0.0625,0.0,6,47,0.020833333333333332,0.02127659574468085,,,,,,,,,,,,,,,,,,,,,,6.125,4.0,6,47,4.708333333333333,4.723404255319149,0.0,0.0,6,47,0.0,0.0,1.0,0.9375,6,47,0.9791666666666666,0.9787234042553191,6,0.0,0.0,6,47,0.0,0.0,1.0,0.875,6,47,0.9583333333333334,0.9574468085106383,47
全局置信度逐词刷新诊断,C1,stable_target_global_rank,3,predecessor_correct,all,late,1,,1.0,1.0,1,1,1.0,1.0,1.0,1.0,1,1,1.0,1.0,1.0,1.0,1,1,1.0,1.0,3.0,3.0,1,1,3.0,3.0,,1.0,1.0,1,1,1.0,1.0,0.0,0.0,1,1,0.0,0.0,,,,,,,,,,,,,,,,,,,,,,4.0,4.0,1,1,4.0,4.0,0.0,0.0,1,1,0.0,0.0,1.0,1.0,1,1,1.0,1.0,1,0.0,0.0,1,1,0.0,0.0,1.0,1.0,1,1,1.0,1.0,1
全局置信度逐词刷新诊断,C1,stable_target_global_rank,3,predecessor_correct,pass,all,829,,7.435268897184777,3.644029085412175,144,3373,5.381985180327724,2.489475244589386,0.952692685914071,0.8858792094439125,144,3373,0.9222678539432886,0.9736139934776163,0.9535278584801862,0.8867670440916857,144,3373,0.9222678539432886,0.9736139934776163,6.3306617004517935,2.152937764508495,144,3373,4.32362178023936,5.716869255855322,,0.9500522495854791,0.8824011814493508,144,3373,0.9188767069630907,0.9721316335606285,0.1092774027042792,0.06245928076805167,144,3373,0.08351208857744857,0.06403794841387489,,,,,,,,,,,,,,,,,,,,,,11.136409978567187,8.45723313592531,144,3373,9.705606960567085,8.206344500444708,0.008668736943386383,0.00030193236714975844,144,3373,0.0033911469801980424,0.0014823599169878447,0.916496475635881,0.8621516573716045,144,3373,0.8912155847166162,0.9226208123332346,144,0.008633521707866888,0.00033068783068783067,144,3373,0.0033911469801980424,0.0014823599169878447,0.8751398870098266,0.7989103957801883,144,3373,0.83875576536584,0.9095760450637415,3373
全局置信度逐词刷新诊断,C1,stable_target_global_rank,3,predecessor_correct,pass,early,828,,7.427826591050256,3.634837568623553,144,3325,5.375059504652048,2.5016541353383457,0.9529227439552859,0.8860753045734556,144,3325,0.9224941218778899,0.9735338345864661,0.953725480343722,0.8869441987230913,144,3325,0.9224941218778899,0.9735338345864661,6.3412180547458314,2.1589733424274953,144,3325,4.331245467699393,5.755187969924812,,0.9503014458264406,0.8827007356025188,144,3325,0.9191029748976918,0.9720300751879699,0.10927091608014132,0.06235898300269189,144,3325,0.08345391890018933,0.06466165413533835,,,,,,,,,,,,,,,,,,,,,,11.138643724864206,8.455390197058609,144,3325,9.706304972351441,8.256842105263157,0.008668736943386383,0.00030193236714975844,144,3325,0.0033911469801980424,0.0015037593984962407,0.9165569255760535,0.8622453022181835,144,3325,0.8912737543938754,0.9218045112781955,144,0.008633521707866888,0.00033068783068783067,144,3325,0.0033911469801980424,0.0015037593984962407,0.875559004235583,0.7991919427526991,144,3325,0.8390402029777005,0.9088721804511278,3325
全局置信度逐词刷新诊断,C1,stable_target_global_rank,3,predecessor_correct,pass,middle,7,,2.9375,1.0,6,47,1.6458333333333333,1.6595744680851063,1.0,0.9375,6,47,0.9791666666666666,0.9787234042553191,1.0,0.9375,6,47,0.9791666666666666,0.9787234042553191,3.1875,3.0,6,47,3.0625,3.0638297872340425,,1.0,0.9375,6,47,0.9791666666666666,0.9787234042553191,0.0625,0.0,6,47,0.020833333333333332,0.02127659574468085,,,,,,,,,,,,,,,,,,,,,,6.125,4.0,6,47,4.708333333333333,4.723404255319149,0.0,0.0,6,47,0.0,0.0,1.0,0.9375,6,47,0.9791666666666666,0.9787234042553191,6,0.0,0.0,6,47,0.0,0.0,1.0,0.875,6,47,0.9583333333333334,0.9574468085106383,47
全局置信度逐词刷新诊断,C1,stable_target_global_rank,3,predecessor_correct,pass,late,1,,1.0,1.0,1,1,1.0,1.0,1.0,1.0,1,1,1.0,1.0,1.0,1.0,1,1,1.0,1.0,3.0,3.0,1,1,3.0,3.0,,1.0,1.0,1,1,1.0,1.0,0.0,0.0,1,1,0.0,0.0,,,,,,,,,,,,,,,,,,,,,,4.0,4.0,1,1,4.0,4.0,0.0,0.0,1,1,0.0,0.0,1.0,1.0,1,1,1.0,1.0,1,0.0,0.0,1,1,0.0,0.0,1.0,1.0,1,1,1.0,1.0,1
全局置信度逐词刷新诊断,C1,stable_target_global_rank,3,predecessor_correct,fail,all,53,,14.153963748290012,6.064426403225137,43,165,9.829740289350413,7.260606060606061,0.9041090008942267,0.7523097362623697,43,165,0.8342984762615406,0.8787878787878788,0.9044262366680287,0.754639355742297,43,165,0.8342984762615406,0.8787878787878788,6.509126766985864,-1.2535337422495425,43,165,2.6406351969963464,3.8666666666666667,,0.892763093609537,0.741927791201047,43,165,0.8218953754863468,0.8666666666666667,0.1565186751233263,0.04224806201550387,43,165,0.0941508104298802,0.09696969696969697,,,,,,,,,,,,,,,,,,,,,,16.45123369590965,8.967085691041746,43,165,12.470375486346759,11.127272727272727,0.03255813953488372,0.0,43,165,0.012403100775193798,0.012121212121212121,0.8887734808511143,0.7191709675413506,43,165,0.8100736700599901,0.8484848484848485,43,0.03255813953488372,0.0,43,165,0.012403100775193798,0.012121212121212121,0.8212953146374828,0.6517134173965569,43,165,0.7401476658316604,0.7818181818181819,165
全局置信度逐词刷新诊断,C1,stable_target_global_rank,3,predecessor_correct,fail,early,53,,14.153963748290012,6.064426403225137,43,165,9.829740289350413,7.260606060606061,0.9041090008942267,0.7523097362623697,43,165,0.8342984762615406,0.8787878787878788,0.9044262366680287,0.754639355742297,43,165,0.8342984762615406,0.8787878787878788,6.509126766985864,-1.2535337422495425,43,165,2.6406351969963464,3.8666666666666667,,0.892763093609537,0.741927791201047,43,165,0.8218953754863468,0.8666666666666667,0.1565186751233263,0.04224806201550387,43,165,0.0941508104298802,0.09696969696969697,,,,,,,,,,,,,,,,,,,,,,16.45123369590965,8.967085691041746,43,165,12.470375486346759,11.127272727272727,0.03255813953488372,0.0,43,165,0.012403100775193798,0.012121212121212121,0.8887734808511143,0.7191709675413506,43,165,0.8100736700599901,0.8484848484848485,43,0.03255813953488372,0.0,43,165,0.012403100775193798,0.012121212121212121,0.8212953146374828,0.6517134173965569,43,165,0.7401476658316604,0.7818181818181819,165
全局置信度逐词刷新诊断,C1,stable_target_global_rank,3,overall,all,all,1011,,4.901023281734112,3.4660280503895744,162,6145,4.132804373217343,3.0489829129373476,0.9538927559132374,0.9287106997977925,162,6145,0.9423422137200886,0.9615947925142392,0.9540635287532451,0.9288612998646442,162,6145,0.9423422137200886,0.9615947925142392,8.08981584471162,6.186138283799549,162,6145,7.14593410321341,7.464605370219691,,0.9484884476820279,0.923054939884152,162,6145,0.9366930172463226,0.9568755085435313,0.13520302702610856,0.10480950261364029,162,6145,0.11968515784731165,0.1096826688364524,,,,,,,,,,,,,,,,,,,,,,12.088579858305497,10.479976842803314,162,6145,11.278738476430755,10.513588283157038,0.008478503168687082,0.0034429051509210612,162,6145,0.005777797296811141,0.004882017900732303,0.8714028483431452,0.835943972184951,162,6145,0.8542574784591124,0.8720911310008137,162,0.00825176675845853,0.0033305199015162545,162,6145,0.005649196473765874,0.004719283970707893,0.841469712486554,0.8025837536414061,162,6145,0.8226570558727769,0.8519121236777868,6145
全局置信度逐词刷新诊断,C1,stable_target_global_rank,3,overall,all,early,1010,,4.934337506190463,3.4920689942035685,162,5945,4.162499524014096,3.0736753574432294,0.9538601381182334,0.9285769806843741,162,5945,0.9422999370539419,0.9618166526492851,0.9541350221825313,0.9287914030532447,162,5945,0.9422999370539419,0.9618166526492851,8.11621757025789,6.2160614952429984,162,5945,7.175296149897523,7.535407905803196,,0.9486103588332622,0.9229011892678018,162,5945,0.9366481028686512,0.9572750210260723,0.13491454357093333,0.10457913402353836,162,5945,0.11940496324236692,0.10984020185029436,,,,,,,,,,,,,,,,,,,,,,12.152221233541876,10.538313157894029,162,5945,11.33779567391162,10.609083263246426,0.008555515364833904,0.0033708280072871828,162,5945,0.005780435008335849,0.004709840201850294,0.8715002829764757,0.8361675649559481,162,5945,0.854358985178307,0.8719932716568545,162,0.008287015418916724,0.00327947208568604,162,5945,0.005651834185290581,0.004541631623212783,0.8419606712508679,0.8026898659937787,162,5945,0.8228949738115747,0.8519764507989908,5945
全局置信度逐词刷新诊断,C1,stable_target_global_rank,3,overall,all,middle,28,,4.781141493055553,1.4791666666666667,24,196,2.8417245370370368,2.336734693877551,0.9849537037037037,0.8862847222222223,24,196,0.9415509259259259,0.9540816326530612,0.984375,0.8865740740740741,24,196,0.9415509259259259,0.9540816326530612,7.150553561702459,2.2430260368036103,24,196,4.747771747587923,5.423469387755102,,0.9814008763227514,0.8848379629629631,24,196,0.9385747354497355,0.9489795918367347,0.1647901591192032,0.051743697478991595,24,196,0.10390989729225024,0.10714285714285714,,,,,,,,,,,,,,,,,,,,,,9.643760686566294,5.750386795343138,24,196,7.589496284624961,7.760204081632653,0.008928571428571428,0.0,24,196,0.002976190476190476,0.00510204081632653,0.9396009011243386,0.8107958634842826,24,196,0.8804651027077496,0.8724489795918368,24,0.008928571428571428,0.0,24,196,0.002976190476190476,0.00510204081632653,0.9079712423163712,0.7594318977591037,24,196,0.8376410286336756,0.8469387755102041,196
全局置信度逐词刷新诊断,C1,stable_target_global_rank,3,overall,all,late,3,,2.0,1.0,3,4,1.3333333333333333,1.25,1.0,1.0,3,4,1.0,1.0,1.0,1.0,3,4,1.0,1.0,3.0,0.0,3,4,2.0,2.25,,1.0,0.0,3,4,0.6666666666666666,0.75,0.0,0.0,3,4,0.0,0.0,,,,,,,,,,,,,,,,,,,,,,4.0,2.0,3,4,3.3333333333333335,3.5,1.0,0.0,3,4,0.3333333333333333,0.25,1.0,1.0,3,4,1.0,1.0,3,1.0,0.0,3,4,0.3333333333333333,0.25,1.0,1.0,3,4,1.0,1.0,4
全局置信度逐词刷新诊断,C1,stable_target_global_rank,3,overall,pass,all,933,,5.672408400577056,3.313469087917185,151,5474,4.349465536482581,2.8343076360979174,0.9580890102785968,0.9181410457663021,151,5474,0.9403604749205421,0.9662038728534892,0.9581891470610389,0.9185130330763714,151,5474,0.9403604749205421,0.9662038728534892,7.442102325992387,4.394672064828172,151,5474,6.042264008411344,7.060102301790281,,0.9545807255791636,0.9139399179850347,151,5474,0.9367035199121979,0.9627329192546584,0.12084075538373891,0.09124502489779596,151,5474,0.10549962363149724,0.09864815491413957,,,,,,,,,,,,,,,,,,,,,,11.177726012684815,9.655044457504532,151,5474,10.391729544893925,9.894409937888199,0.005850175564535728,0.0020693330723868053,151,5474,0.003818479802400085,0.003653635367190354,0.8910976111216826,0.8617036070757013,151,5474,0.8766327926702193,0.88637194008038,151,0.005617478028233435,0.0019397051095320496,151,5474,0.0036569550083441972,0.0034709535988308366,0.8565752285246507,0.8106937487465823,151,5474,0.8348608512890449,0.8675557179393496,5474
全局置信度逐词刷新诊断,C1,stable_target_global_rank,3,overall,pass,early,932,,5.698460364157583,3.3333817248486834,151,5323,4.371943062804326,2.8405034754837497,0.9580753023100674,0.9180622984223138,151,5323,0.9403845360345466,0.9667480743941387,0.9580974003053467,0.9184864375513278,151,5323,0.9403845360345466,0.9667480743941387,7.484327591033832,4.428311733586004,151,5323,6.074841665620582,7.105955288371219,,0.9546875535072784,0.9141411055048613,151,5323,0.9367751153046592,0.9635543866240842,0.12068646647811354,0.09096813522953325,151,5323,0.10527513794763092,0.09825286492579373,,,,,,,,,,,,,,,,,,,,,,11.244676523148833,9.700881241856614,151,5323,10.446784728424907,9.946458763854968,0.005923250745575128,0.0019309803891553855,151,5323,0.0037709455239433886,0.0033815517565282736,0.8910192211133898,0.8618200563402595,151,5323,0.8766147429637875,0.8869058801427766,151,0.005643231391116664,0.0018304872084386299,151,5323,0.0036094207298875015,0.0031936877700544804,0.8568351763016484,0.8108230237199254,151,5323,0.8351093980869155,0.8684952094683449,5323
全局置信度逐词刷新诊断,C1,stable_target_global_rank,3,overall,pass,middle,23,,5.300711805555554,1.5131944444444445,20,148,3.1506944444444445,2.641891891891892,0.9833333333333334,0.8673524305555554,20,148,0.9329861111111111,0.9459459459459459,0.9850694444444444,0.868046875,20,148,0.9329861111111111,0.9459459459459459,6.915603670634921,1.3715104166666667,20,148,4.26938492063492,5.513513513513513,,0.9798611111111111,0.8644816468253969,20,148,0.9294146825396826,0.9391891891891891,0.15138888888888888,0.045198412698412696,20,148,0.09380952380952381,0.11486486486486487,,,,,,,,,,,,,,,,,,,,,,9.595925595238096,5.498050595238095,20,148,7.420079365079364,8.155405405405405,0.010714285714285714,0.0,20,148,0.0035714285714285713,0.006756756756756757,0.9506954365079365,0.8207631448412698,20,148,0.8905654761904762,0.8648648648648649,20,0.010714285714285714,0.0,20,148,0.0035714285714285713,0.006756756756756757,0.9148816964285714,0.7539627976190476,20,148,0.8391765873015874,0.831081081081081,148
全局置信度逐词刷新诊断,C1,stable_target_global_rank,3,overall,pass,late,2,,2.0,1.0,2,3,1.5,1.3333333333333333,1.0,1.0,2,3,1.0,1.0,1.0,1.0,2,3,1.0,1.0,3.0,0.0,2,3,1.5,2.0,,1.0,0.0,2,3,0.5,0.6666666666666666,0.0,0.0,2,3,0.0,0.0,,,,,,,,,,,,,,,,,,,,,,4.0,2.0,2,3,3.0,3.3333333333333335,1.0,0.0,2,3,0.5,0.3333333333333333,1.0,1.0,2,3,1.0,1.0,2,1.0,0.0,2,3,0.5,0.3333333333333333,1.0,1.0,2,3,1.0,1.0,3
全局置信度逐词刷新诊断,C1,stable_target_global_rank,3,overall,fail,all,78,,10.96986372314792,5.6663885784456856,53,671,8.043513607054848,4.800298062593145,0.9084906621026939,0.8157442243878913,53,671,0.8665095575640875,0.9239940387481371,0.9088674244191141,0.814243122094267,53,671,0.8665095575640875,0.9239940387481371,11.397567583656274,5.973069482753714,53,671,8.744392040464678,10.764530551415797,,0.8954634617804779,0.8047137857234313,53,671,0.8546068690576256,0.9090909090909091,0.22605272890342837,0.1463247307878529,53,671,0.18543055634255468,0.19970193740685543,,,,,,,,,,,,,,,,,,,,,,19.817832011050342,14.03188101265528,53,671,16.787905647519526,15.564828614008942,0.020844564240790654,0.004302036537885596,53,671,0.01190268850646209,0.014903129657228018,0.7877752416470762,0.6800209318707331,53,671,0.7352668114997982,0.7555886736214605,53,0.021096631879650742,0.004282719377058999,53,671,0.01190268850646209,0.014903129657228018,0.732067490009455,0.6263934518297288,53,671,0.681079001221533,0.7242921013412816,671
全局置信度逐词刷新诊断,C1,stable_target_global_rank,3,overall,fail,early,78,,11.080112909323525,5.757589189330236,53,622,8.146561666460578,5.069131832797428,0.9063864132203934,0.8142135855960628,53,622,0.8645949023988171,0.9196141479099679,0.9070343901961675,0.8124747638854224,53,622,0.8645949023988171,0.9196141479099679,11.481895665373168,6.033563758129218,53,622,8.820394112945207,11.210610932475884,,0.8919117078246402,0.8010651503019083,53,622,0.8506093910548153,0.9035369774919614,0.22704567985739488,0.14798735262886048,53,622,0.18690807913878132,0.2090032154340836,,,,,,,,,,,,,,,,,,,,,,19.964335256311116,14.240464741976224,53,622,16.966955779405787,16.279742765273312,0.02510060694022958,0.004778005013854072,53,622,0.013985511344001911,0.01607717041800643,0.7852652471279719,0.6775002815085356,53,622,0.7323281017727374,0.7443729903536977,53,0.0252067806407429,0.004768816089570806,53,622,0.013985511344001911,0.01607717041800643,0.7289727576525472,0.6230693615004144,53,622,0.6776868232600359,0.7106109324758842,622
全局置信度逐词刷新诊断,C1,stable_target_global_rank,3,overall,fail,middle,5,,1.7125,1.0,5,48,1.2375,1.3958333333333333,1.0,0.9625,5,48,0.9875,0.9791666666666666,1.0,0.9625,5,48,0.9875,0.9791666666666666,11.811764705882354,2.9,5,48,6.311764705882353,5.145833333333333,,1.0,0.9625,5,48,0.9875,0.9791666666666666,0.3235294117647059,0.0,5,48,0.12352941176470589,0.08333333333333333,,,,,,,,,,,,,,,,,,,,,,12.861764705882354,4.1875,5,48,7.549264705882353,6.541666666666667,0.0,0.0,5,48,0.0,0.0,0.9875,0.6764705882352942,5,48,0.8639705882352942,0.8958333333333334,5,0.0,0.0,5,48,0.0,0.0,0.9875,0.6764705882352942,5,48,0.8639705882352942,0.8958333333333334,48
全局置信度逐词刷新诊断,C1,stable_target_global_rank,3,overall,fail,late,1,,1.0,1.0,1,1,1.0,1.0,1.0,1.0,1,1,1.0,1.0,1.0,1.0,1,1,1.0,1.0,3.0,3.0,1,1,3.0,3.0,,1.0,1.0,1,1,1.0,1.0,0.0,0.0,1,1,0.0,0.0,,,,,,,,,,,,,,,,,,,,,,4.0,4.0,1,1,4.0,4.0,0.0,0.0,1,1,0.0,0.0,1.0,1.0,1,1,1.0,1.0,1,0.0,0.0,1,1,0.0,0.0,1.0,1.0,1,1,1.0,1.0,1
固定左前沿逐词刷新诊断,L1,stable_target_global_rank,1,reference_prefix_aligned,all,all,1012,,5.249455240362613,3.3134296438698234,164,5450,4.23252803293629,2.5288073394495414,0.9528473692502458,0.9054829707362279,164,5450,0.9310361754614612,0.9721100917431192,0.9529557143151111,0.904617112656845,164,5450,0.9310361754614612,0.9721100917431192,2.106862492733139,0.5117403702523973,164,5450,1.296890367994299,1.2555963302752293,,0.040785414058919674,0.01719664755936116,164,5450,0.027792733954888835,0.016880733944954127,0.040806042050903324,0.01704824498882685,164,5450,0.027792733954888835,0.016880733944954127,,,,,,,,,,,,,,,,,,,,,,6.529216452505063,4.628573786270909,164,5450,5.529418400930589,3.7844036697247705,0.9465162321265921,0.9005923885237909,164,5450,0.9247352652887831,0.966788990825688,0.9461288831803131,0.8999618755738545,164,5450,0.9247352652887831,0.966788990825688,164,0.9278964515495829,0.8746463610171168,164,5450,0.9032434415065723,0.9552293577981651,0.9279474588774894,0.8745385289299612,164,5450,0.9032434415065723,0.9552293577981651,5450
固定左前沿逐词刷新诊断,L1,stable_target_global_rank,1,reference_prefix_aligned,all,early,1012,,5.241401930467936,3.3092636098267034,164,5387,4.227015259551701,2.540931873027659,0.9530851380728332,0.9057154627118437,164,5387,0.9312189104067307,0.9719695563393355,0.9532014035038191,0.9048530015262104,164,5387,0.9312189104067307,0.9719695563393355,2.11034466812928,0.5138801689277254,164,5387,1.2991306275967858,1.258585483571561,,0.04080419221885259,0.01723963907874675,164,5387,0.027839360702379263,0.017078151104510858,0.040885844353896854,0.017083390725655765,164,5387,0.027839360702379263,0.017078151104510858,,,,,,,,,,,,,,,,,,,,,,6.52665228592912,4.625842276021201,164,5387,5.526145887148486,3.79951735659922,0.9466307758233837,0.9006539473860244,164,5387,0.9248772928848578,0.9665862260998701,0.9462351375637489,0.9001127431403402,164,5387,0.9248772928848578,0.9665862260998701,164,0.928049963667293,0.8747805855559024,164,5387,0.9033795497043514,0.9548914052348246,0.9280592739608622,0.8747207189413129,164,5387,0.9033795497043514,0.9548914052348246,5387
固定左前沿逐词刷新诊断,L1,stable_target_global_rank,1,reference_prefix_aligned,all,middle,9,,2.3285714285714283,1.0,7,63,1.4428571428571428,1.492063492063492,1.0,0.9571428571428572,7,63,0.9857142857142858,0.9841269841269841,1.0,0.9571428571428572,7,63,0.9857142857142858,0.9841269841269841,1.0,1.0,7,63,1.0,1.0,,0.0,0.0,7,63,0.0,0.0,0.0,0.0,7,63,0.0,0.0,,,,,,,,,,,,,,,,,,,,,,3.3285714285714283,2.0,7,63,2.442857142857143,2.492063492063492,1.0,0.9571428571428572,7,63,0.9857142857142858,0.9841269841269841,1.0,0.9571428571428572,7,63,0.9857142857142858,0.9841269841269841,7,1.0,0.9571428571428572,7,63,0.9857142857142858,0.9841269841269841,1.0,0.9571428571428572,7,63,0.9857142857142858,0.9841269841269841,63
固定左前沿逐词刷新诊断,L1,stable_target_global_rank,1,reference_prefix_aligned,pass,all,925,,4.704370532999096,2.8818495286111387,150,5126,3.7233101808729314,2.2670698400312133,0.9666406833551174,0.9285971115717645,150,5126,0.9492824326806366,0.9775653531018338,0.9664643648665379,0.9286795913616561,150,5126,0.9492824326806366,0.9775653531018338,1.9629196350671396,0.5186973723521323,150,5126,1.2341444642167547,1.2452204447912603,,0.03201221638214066,0.011856947864648153,150,5126,0.020563094415955028,0.01424112368318377,0.0316710000856503,0.011836422289918883,150,5126,0.020563094415955028,0.01424112368318377,,,,,,,,,,,,,,,,,,,,,,5.981837789728185,4.0742713534451624,150,5126,4.957454645089686,3.5122902848224737,0.9621703896151917,0.922476488219388,150,5126,0.943955230931429,0.9724931720639876,0.9620656709655869,0.9222189476867622,150,5126,0.943955230931429,0.9724931720639876,150,0.9483834788608214,0.905632567647849,150,5126,0.9287193382646816,0.96332422941865,0.9482278541958582,0.9059648591933991,150,5126,0.9287193382646816,0.96332422941865,5126
固定左前沿逐词刷新诊断,L1,stable_target_global_rank,1,reference_prefix_aligned,pass,early,925,,4.702579582015321,2.877003851411617,150,5063,3.7171762973122546,2.2767134110211336,0.9668197714688219,0.9286734930667395,150,5063,0.9494839790710612,0.9774837053130555,0.9667048464837337,0.9289385798813677,150,5063,0.9494839790710612,0.9774837053130555,1.9648393278677725,0.5213144546695809,150,5063,1.2365756371896972,1.2482717756270985,,0.0320575193168588,0.011902431061500612,150,5063,0.02061096539553259,0.014418329053920601,0.03175296746358947,0.011870232922150002,150,5063,0.02061096539553259,0.014418329053920601,,,,,,,,,,,,,,,,,,,,,,5.977057578961402,4.073853712974731,150,5063,4.953751934501954,3.5249851866482325,0.9622477970639125,0.9226074365444036,150,5063,0.9441134645004293,0.972348410033577,0.9622542011413808,0.922374044002293,150,5063,0.9441134645004293,0.972348410033577,150,0.9486000976891131,0.9057471444678038,150,5063,0.9288730136755287,0.9630653762591349,0.9483412383051301,0.9060860637100877,150,5063,0.9288730136755287,0.9630653762591349,5063
固定左前沿逐词刷新诊断,L1,stable_target_global_rank,1,reference_prefix_aligned,pass,middle,9,,2.3285714285714283,1.0,7,63,1.4428571428571428,1.492063492063492,1.0,0.9571428571428572,7,63,0.9857142857142858,0.9841269841269841,1.0,0.9571428571428572,7,63,0.9857142857142858,0.9841269841269841,1.0,1.0,7,63,1.0,1.0,,0.0,0.0,7,63,0.0,0.0,0.0,0.0,7,63,0.0,0.0,,,,,,,,,,,,,,,,,,,,,,3.3285714285714283,2.0,7,63,2.442857142857143,2.492063492063492,1.0,0.9571428571428572,7,63,0.9857142857142858,0.9841269841269841,1.0,0.9571428571428572,7,63,0.9857142857142858,0.9841269841269841,7,1.0,0.9571428571428572,7,63,0.9857142857142858,0.9841269841269841,1.0,0.9571428571428572,7,63,0.9857142857142858,0.9841269841269841,63
固定左前沿逐词刷新诊断,L1,stable_target_global_rank,1,reference_prefix_aligned,fail,all,87,,10.095967275532008,5.500174605900052,56,324,7.686246293389151,6.669753086419753,0.8995155105311355,0.7786290309392988,56,324,0.8436622405372406,0.8858024691358025,0.898716749520321,0.7771321325004361,56,324,0.8436622405372406,0.8858024691358025,3.1036516249127852,-1.4841614746860285,56,324,0.8975574524681666,1.4197530864197532,,0.0823844954648526,0.029109977324263042,56,324,0.05418083900226757,0.05864197530864197,0.08348958333333333,0.029109268707482993,56,324,0.05418083900226757,0.05864197530864197,,,,,,,,,,,,,,,,,,,,,,10.860457834576136,6.4855386850252925,56,324,8.583803745857319,8.089506172839506,0.8995819706087564,0.7875423398526077,56,324,0.8478398090005232,0.8765432098765432,0.9006324677306821,0.7862736160169195,56,324,0.8478398090005232,0.8765432098765432,56,0.8514361890589569,0.7210734590310484,56,324,0.7894814015349729,0.8271604938271605,0.8525009675344497,0.7216156735129949,56,324,0.7894814015349729,0.8271604938271605,324
固定左前沿逐词刷新诊断,L1,stable_target_global_rank,1,reference_prefix_aligned,fail,early,87,,10.095967275532008,5.500174605900052,56,324,7.686246293389151,6.669753086419753,0.8995155105311355,0.7786290309392988,56,324,0.8436622405372406,0.8858024691358025,0.898716749520321,0.7771321325004361,56,324,0.8436622405372406,0.8858024691358025,3.1036516249127852,-1.4841614746860285,56,324,0.8975574524681666,1.4197530864197532,,0.0823844954648526,0.029109977324263042,56,324,0.05418083900226757,0.05864197530864197,0.08348958333333333,0.029109268707482993,56,324,0.05418083900226757,0.05864197530864197,,,,,,,,,,,,,,,,,,,,,,10.860457834576136,6.4855386850252925,56,324,8.583803745857319,8.089506172839506,0.8995819706087564,0.7875423398526077,56,324,0.8478398090005232,0.8765432098765432,0.9006324677306821,0.7862736160169195,56,324,0.8478398090005232,0.8765432098765432,56,0.8514361890589569,0.7210734590310484,56,324,0.7894814015349729,0.8271604938271605,0.8525009675344497,0.7216156735129949,56,324,0.7894814015349729,0.8271604938271605,324
固定左前沿逐词刷新诊断,L1,stable_target_global_rank,1,predecessor_correct,all,all,1017,,5.030278427611715,3.2205435121289208,164,5733,4.069181572264532,2.542647828362114,0.9546292939183463,0.9088798804619898,164,5733,0.9336997910135952,0.9717425431711146,0.9550247200643284,0.9079299350595016,164,5733,0.9336997910135952,0.9717425431711146,1.9889243533002876,0.6078245488611348,164,5733,1.2807239684685245,1.293563579277865,,0.04004970556663265,0.01832223660405368,164,5733,0.028042635896919535,0.017791732077446363,0.04034756561243451,0.018150247229263713,164,5733,0.028042635896919535,0.017791732077446363,,,,,,,,,,,,,,,,,,,,,,6.266752308157221,4.5327924977785266,164,5733,5.349905540733056,3.836211407639979,0.9482256279649555,0.9042673760480809,164,5733,0.9274594989891458,0.9656375370661084,0.9479238156484441,0.9036372299383133,164,5733,0.9274594989891458,0.9656375370661084,164,0.9297325615189385,0.877723224536536,164,5733,0.9056571551166758,0.9539508110936682,0.9297895425127793,0.8770330312067246,164,5733,0.9056571551166758,0.9539508110936682,5733
固定左前沿逐词刷新诊断,L1,stable_target_global_rank,1,predecessor_correct,all,early,1017,,5.024161523379043,3.2152342352521166,164,5665,4.064314726801836,2.555692850838482,0.9548388993000123,0.9090937334611138,164,5665,0.9338702819143224,0.9715798764342454,0.9551566853335819,0.9081265264385427,164,5665,0.9338702819143224,0.9715798764342454,1.9903743248252672,0.6087154413324888,164,5665,1.2828811875208292,1.2970873786407766,,0.040087140001056294,0.01836680555256247,164,5665,0.02808728717313455,0.01800529567519859,0.04042018822699978,0.018206166783028933,164,5665,0.02808728717313455,0.01800529567519859,,,,,,,,,,,,,,,,,,,,,,6.264682170729456,4.527201712303429,164,5665,5.347195914322667,3.852780229479259,0.948354958186163,0.9044922512421147,164,5665,0.9275905064022424,0.9654015887025595,0.9480142230132074,0.9037026770846255,164,5665,0.9275905064022424,0.9654015887025595,164,0.9298554778796524,0.8778338643848206,164,5665,0.9057829947411878,0.9535745807590468,0.9299157957039313,0.8771131178411599,164,5665,0.9057829947411878,0.9535745807590468,5665
固定左前沿逐词刷新诊断,L1,stable_target_global_rank,1,predecessor_correct,all,middle,10,,2.1624999999999996,1.0,8,68,1.3875,1.4558823529411764,1.0,0.9624999999999999,8,68,0.9875,0.9852941176470589,1.0,0.9624999999999999,8,68,0.9875,0.9852941176470589,1.0,1.0,8,68,1.0,1.0,,0.0,0.0,8,68,0.0,0.0,0.0,0.0,8,68,0.0,0.0,,,,,,,,,,,,,,,,,,,,,,3.1624999999999996,2.0,8,68,2.3875,2.4558823529411766,1.0,0.9624999999999999,8,68,0.9875,0.9852941176470589,1.0,0.9624999999999999,8,68,0.9875,0.9852941176470589,8,1.0,0.9624999999999999,8,68,0.9875,0.9852941176470589,1.0,0.9624999999999999,8,68,0.9875,0.9852941176470589,68
固定左前沿逐词刷新诊断,L1,stable_target_global_rank,1,predecessor_correct,pass,all,929,,4.346511974402458,2.6747848464599486,150,5366,3.4412206650180086,2.256988445769661,0.9700306707005028,0.9344897844438164,150,5366,0.9540905406884368,0.9776369735370853,0.9700174860622648,0.9345508539972066,150,5366,0.9540905406884368,0.9776369735370853,1.8131738793234333,0.6387404331987051,150,5366,1.2169090441082868,1.2698471859858367,,0.028441712295576686,0.011451232381380707,150,5366,0.018469939210493554,0.014722325754752142,0.028275446023113653,0.011477304363201615,150,5366,0.018469939210493554,0.014722325754752142,,,,,,,,,,,,,,,,,,,,,,5.567496908939004,3.8824917493725533,150,5366,4.658129709126295,3.5268356317554974,0.9654959242112024,0.9288820918259652,150,5366,0.9490884332489634,0.9720462169213567,0.9655190403809979,0.9286057681293429,150,5366,0.9490884332489634,0.9720462169213567,150,0.9531564918736276,0.9142541679298293,150,5366,0.935620601477943,0.9629146477823332,0.9531182503057134,0.914753260139002,150,5366,0.935620601477943,0.9629146477823332,5366
固定左前沿逐词刷新诊断,L1,stable_target_global_rank,1,predecessor_correct,pass,early,929,,4.343448943697504,2.668009279610106,150,5298,3.435792995985273,2.2672706681766703,0.9702052069806305,0.9345894244492736,150,5298,0.9542787002568286,0.9775386938467346,0.9701720698397093,0.9348015344287272,150,5298,0.9542787002568286,0.9775386938467346,1.817283933034261,0.6404723164225016,150,5298,1.2192826335667204,1.2733106832767083,,0.028497933077931185,0.011492341853715877,150,5298,0.018516313558915917,0.014911287278218196,0.02830373149723904,0.011514450618894766,150,5298,0.018516313558915917,0.014911287278218196,,,,,,,,,,,,,,,,,,,,,,5.565916530304977,3.876761093883035,150,5298,4.655075629551993,3.540581351453379,0.9656864770026528,0.9290949104552126,150,5298,0.9492339548671358,0.9718761796904493,0.965669966643116,0.9286599753982567,150,5298,0.9492339548671358,0.9718761796904493,150,0.9533071043681065,0.9143949963489801,150,5298,0.9357623866979126,0.9626274065685164,0.9533133121921987,0.9148849415258329,150,5298,0.9357623866979126,0.9626274065685164,5298
固定左前沿逐词刷新诊断,L1,stable_target_global_rank,1,predecessor_correct,pass,middle,10,,2.1624999999999996,1.0,8,68,1.3875,1.4558823529411764,1.0,0.9624999999999999,8,68,0.9875,0.9852941176470589,1.0,0.9624999999999999,8,68,0.9875,0.9852941176470589,1.0,1.0,8,68,1.0,1.0,,0.0,0.0,8,68,0.0,0.0,0.0,0.0,8,68,0.0,0.0,,,,,,,,,,,,,,,,,,,,,,3.1624999999999996,2.0,8,68,2.3875,2.4558823529411766,1.0,0.9624999999999999,8,68,0.9875,0.9852941176470589,1.0,0.9624999999999999,8,68,0.9875,0.9852941176470589,8,1.0,0.9624999999999999,8,68,0.9875,0.9852941176470589,1.0,0.9624999999999999,8,68,0.9875,0.9852941176470589,68
固定左前沿逐词刷新诊断,L1,stable_target_global_rank,1,predecessor_correct,fail,all,88,,10.319410894165358,5.773789600776208,56,367,7.944986808826095,6.7193460490463215,0.8937872296354439,0.7742272534013604,56,367,0.8388616343973486,0.885558583106267,0.893242657639979,0.7722926069466247,56,367,0.8388616343973486,0.885558583106267,3.1930128750218016,-1.3393061960361066,56,367,0.9870584772370484,1.6403269754768393,,0.09040550595238096,0.03699670493197279,56,367,0.06216695011337869,0.06267029972752043,0.09072420634920635,0.0374358701814059,56,367,0.06216695011337869,0.06267029972752043,,,,,,,,,,,,,,,,,,,,,,11.143737190388975,6.852224211800104,56,367,8.932045286063143,8.359673024523161,0.8916426554596197,0.7803293569030175,56,367,0.8403072126286412,0.8719346049046321,0.8923780497776034,0.7807608772675737,56,367,0.8403072126286412,0.8719346049046321,56,0.8367078209488923,0.7106214569160998,56,367,0.77669468428397,0.8228882833787466,0.8384548883656026,0.7102738803854874,56,367,0.77669468428397,0.8228882833787466,367
固定左前沿逐词刷新诊断,L1,stable_target_global_rank,1,predecessor_correct,fail,early,88,,10.319410894165358,5.773789600776208,56,367,7.944986808826095,6.7193460490463215,0.8937872296354439,0.7742272534013604,56,367,0.8388616343973486,0.885558583106267,0.893242657639979,0.7722926069466247,56,367,0.8388616343973486,0.885558583106267,3.1930128750218016,-1.3393061960361066,56,367,0.9870584772370484,1.6403269754768393,,0.09040550595238096,0.03699670493197279,56,367,0.06216695011337869,0.06267029972752043,0.09072420634920635,0.0374358701814059,56,367,0.06216695011337869,0.06267029972752043,,,,,,,,,,,,,,,,,,,,,,11.143737190388975,6.852224211800104,56,367,8.932045286063143,8.359673024523161,0.8916426554596197,0.7803293569030175,56,367,0.8403072126286412,0.8719346049046321,0.8923780497776034,0.7807608772675737,56,367,0.8403072126286412,0.8719346049046321,56,0.8367078209488923,0.7106214569160998,56,367,0.77669468428397,0.8228882833787466,0.8384548883656026,0.7102738803854874,56,367,0.77669468428397,0.8228882833787466,367
固定左前沿逐词刷新诊断,L1,stable_target_global_rank,1,overall,all,all,1027,,3.7861411495337065,3.0203357153372674,164,9516,3.3956411271226306,3.0151324085750315,0.9607137819010304,0.9455686626498758,164,9516,0.9533040194435056,0.9604875998318622,0.9606889533882275,0.945468050628529,164,9516,0.9533040194435056,0.9604875998318622,2.173887977087142,1.5190097806979865,164,9516,1.8443316181538105,1.7507356031946195,,0.04511209364688911,0.03237216169070609,164,9516,0.03846784216127698,0.03562421185372005,0.04518658469243242,0.031962531882383904,164,9516,0.03839525214966258,0.035414039512400165,,,,,,,,,,,,,,,,,,,,,,5.70401830959461,4.787659904049859,164,9516,5.239972745276442,4.765868011769651,0.9438683787328266,0.9249534237467324,164,9516,0.934711813908421,0.9439890710382514,0.9441247499431635,0.9249160581226474,164,9516,0.9347844039200353,0.9441992433795713,164,0.9262759890357545,0.9025669626706427,164,9516,0.9148361772822289,0.924863387978142,0.9261423940780921,0.9026126671162303,164,9516,0.9149087672938432,0.925073560319462,9516
固定左前沿逐词刷新诊断,L1,stable_target_global_rank,1,overall,all,early,1027,,3.8895327397182218,3.091253972299655,164,9069,3.4811259171966933,3.0584408424302567,0.9594639391811296,0.9429672714792319,164,9069,0.9514754350561778,0.9608556621457713,0.9593574096322196,0.9428086058375761,164,9069,0.9514754350561778,0.9608556621457713,2.181660336192014,1.4979363535835473,164,9069,1.836132093070407,1.7460579997794685,,0.04532958533728895,0.03269701812047261,164,9069,0.03876802899472763,0.034513176755981916,0.04568446143381344,0.03234025494958267,164,9069,0.03876802899472763,0.034513176755981916,,,,,,,,,,,,,,,,,,,,,,5.783319504339759,4.853069010158754,164,9069,5.317258010267101,4.804498842209726,0.9431567232878885,0.9237963428824187,164,9069,0.9337179972210743,0.9456389899658176,0.9433549553625947,0.9238345681785838,164,9069,0.9337179972210743,0.9456389899658176,164,0.9245655044200388,0.8999310986999575,164,9069,0.9127074060614502,0.9263424853897894,0.9243339118748357,0.8999913701511453,164,9069,0.9127074060614502,0.9263424853897894,9069
固定左前沿逐词刷新诊断,L1,stable_target_global_rank,1,overall,all,middle,49,,2.0520499870499864,1.1947039072039072,45,369,1.5661264661264662,2.3224932249322494,0.9917272542272543,0.961444758944759,45,369,0.9783290783290783,0.948509485094851,0.9920375920375919,0.9613978613978613,45,369,0.9783290783290783,0.948509485094851,2.056677008177008,1.0650763125763125,45,369,1.5090217190217194,1.829268292682927,,0.0424793971460638,0.007967772967772967,45,369,0.023267596600929932,0.04607046070460705,0.04222278338945005,0.008051948051948052,45,369,0.023267596600929932,0.04607046070460705,,,,,,,,,,,,,,,,,,,,,,3.8630772005772007,2.429086977836978,45,369,3.0751481851481848,4.151761517615176,0.9828733180399848,0.9360198751865416,45,369,0.9614106880773547,0.9186991869918699,0.9831781181781182,0.9359741061407727,45,369,0.9614106880773547,0.9186991869918699,45,0.9806798016798017,0.9243540101873434,45,369,0.9550614817281484,0.9024390243902439,0.9805478472145138,0.9236159211159211,45,369,0.9550614817281484,0.9024390243902439,369
固定左前沿逐词刷新诊断,L1,stable_target_global_rank,1,overall,all,late,6,,1.5583333333333333,1.0,6,78,1.2249999999999999,1.2564102564102564,1.0,0.9532051282051283,6,78,0.9788461538461539,0.9743589743589743,1.0,0.9532051282051283,6,78,0.9788461538461539,0.9743589743589743,2.373076923076923,1.1666666666666667,6,78,1.7314102564102563,1.9230769230769231,,0.17286324786324783,0.022222222222222223,6,78,0.08952991452991453,0.11538461538461539,0.12628205128205128,0.022222222222222223,6,78,0.07286324786324787,0.08974358974358974,,,,,,,,,,,,,,,,,,,,,,3.802564102564103,2.1666666666666665,6,78,2.9564102564102566,3.1794871794871793,0.9777777777777779,0.8115384615384617,6,78,0.8976495726495726,0.8717948717948718,0.9777777777777779,0.8373931623931625,6,78,0.9143162393162392,0.8974358974358975,6,0.9777777777777779,0.7893162393162393,6,78,0.8893162393162393,0.8589743589743589,0.9777777777777779,0.8282051282051283,6,78,0.9059829059829059,0.8846153846153846,78
固定左前沿逐词刷新诊断,L1,stable_target_global_rank,1,overall,pass,all,938,,3.5625909237661104,2.7288756317809937,150,8321,3.125293432949436,2.747866842927533,0.967391401204248,0.9520466645499264,150,8321,0.9600794883687115,0.9661098425669992,0.9672631305787495,0.952432143680492,150,8321,0.9600794883687115,0.9661098425669992,1.9218816842293616,1.194165760935334,150,8321,1.567623464863791,1.594519889436366,,0.03416832597948522,0.02377781507161319,150,8321,0.0288389936219828,0.028962865040259585,0.03408715747828367,0.023823928963537147,150,8321,0.0288389936219828,0.028962865040259585,,,,,,,,,,,,,,,,,,,,,,5.1233025877424,4.289627088911574,150,8321,4.692916897813227,4.342386732363899,0.9556292099572122,0.9398897956536196,150,8321,0.9479536376720569,0.953491166927052,0.9555388552305168,0.939875604767971,150,8321,0.9479536376720569,0.953491166927052,150,0.9403593571001803,0.9215544944217127,150,8321,0.9312404947467288,0.9371469775267396,0.940632981381566,0.9213668148904769,150,8321,0.9312404947467288,0.9371469775267396,8321
固定左前沿逐词刷新诊断,L1,stable_target_global_rank,1,overall,pass,early,938,,3.650354595608487,2.7872031688395453,150,7974,3.2029005944727413,2.77213443691999,0.9663143697298253,0.9496605789049125,150,7974,0.9584524195221934,0.9667669927263607,0.9661911774898703,0.9500509077521335,150,7974,0.9584524195221934,0.9667669927263607,1.924067078037267,1.1686709523566536,150,7974,1.5583827198868025,1.5958113870077753,,0.034653524259244464,0.024060815115220232,150,7974,0.02921198278394881,0.02834211186355656,0.03466535289035711,0.024046855426648948,150,7974,0.02921198278394881,0.02834211186355656,,,,,,,,,,,,,,,,,,,,,,5.203311688465093,4.341777759821036,150,7974,4.761283314359544,4.367945823927765,0.9551171765062842,0.9386725336131645,150,7974,0.9470987498914127,0.9548532731376975,0.9550199711166226,0.9385068137628068,150,7974,0.9470987498914127,0.9548532731376975,150,0.9391564563085154,0.9187152058195092,150,7974,0.9292404367382449,0.9384248808628041,0.9392088055142033,0.9185176571028525,150,7974,0.9292404367382449,0.9384248808628041,7974
固定左前沿逐词刷新诊断,L1,stable_target_global_rank,1,overall,pass,middle,43,,2.0635372960372957,1.1482142857142859,40,308,1.5321303696303696,2.2987012987012987,0.993425949050949,0.9600899100899103,40,308,0.9791916416916419,0.948051948051948,0.994047619047619,0.9603050074925075,40,308,0.9791916416916419,0.948051948051948,1.8959613095238093,1.0311018148518147,40,308,1.4050899100899101,1.5227272727272727,,0.03498656204906204,0.006136363636363637,40,308,0.019033189033189034,0.03571428571428571,0.03534271284271284,0.005898268398268398,40,308,0.019033189033189034,0.03571428571428571,,,,,,,,,,,,,,,,,,,,,,3.662382929570429,2.3753155178155176,40,308,2.9372202797202798,3.8214285714285716,0.9857469266844266,0.9420622224997226,40,308,0.9661108336108335,0.9285714285714286,0.985991785991786,0.9414678932178931,40,308,0.9661108336108335,0.9285714285714286,40,0.9843435175935177,0.9312507145632146,40,308,0.9601584526584526,0.9123376623376623,0.9840152347652348,0.9306600760350761,40,308,0.9601584526584526,0.9123376623376623,308
固定左前沿逐词刷新诊断,L1,stable_target_global_rank,1,overall,pass,late,4,,1.75,1.0,4,39,1.25,1.3333333333333333,1.0,0.9423076923076923,4,39,0.9807692307692308,0.9743589743589743,1.0,0.9423076923076923,4,39,0.9807692307692308,0.9743589743589743,2.269230769230769,1.0,4,39,1.6346153846153846,1.8974358974358974,,0.14358974358974358,0.0,4,39,0.07179487179487179,0.10256410256410256,0.14358974358974358,0.0,4,39,0.07179487179487179,0.10256410256410256,,,,,,,,,,,,,,,,,,,,,,3.9038461538461537,2.0,4,39,2.8846153846153846,3.230769230769231,1.0,0.8179487179487179,4,39,0.908974358974359,0.8717948717948718,1.0,0.8179487179487179,4,39,0.908974358974359,0.8717948717948718,4,1.0,0.8179487179487179,4,39,0.908974358974359,0.8717948717948718,1.0,0.8179487179487179,4,39,0.908974358974359,0.8717948717948718,39
固定左前沿逐词刷新诊断,L1,stable_target_global_rank,1,overall,fail,all,89,,6.162083942131958,4.350926587898062,56,1195,5.244108320061727,4.876150627615063,0.9328320955559642,0.898571739685388,56,1195,0.9165018634759582,0.9213389121338912,0.9334510831912133,0.8988725224482562,56,1195,0.9165018634759582,0.9213389121338912,3.4559397570107007,1.2216225517624748,56,1195,2.33305597247693,2.8384937238493726,,0.08981318045158564,0.05534311482474268,56,1195,0.07242477075216695,0.08200836820083682,0.08932442033986115,0.055397247647435165,56,1195,0.0719783421807384,0.0803347280334728,,,,,,,,,,,,,,,,,,,,,,8.743898451045517,6.448481302133189,56,1195,7.577164292538656,7.714644351464435,0.9079497409693615,0.8624390906587307,56,1195,0.8858464944798753,0.8778242677824267,0.9090183581081577,0.8627246557206524,56,1195,0.8862929230513039,0.8794979079497908,56,0.8693803427808068,0.8181082511652172,56,1195,0.8440770927237912,0.8393305439330544,0.8693193890913566,0.8182123482419422,56,1195,0.8445235212952198,0.8410041841004184,1195
固定左前沿逐词刷新诊断,L1,stable_target_global_rank,1,overall,fail,early,89,,6.257336505471177,4.4247245235215305,56,1095,5.333391806493586,5.14337899543379,0.9310972162968826,0.8964699821649768,56,1095,0.91458626630937,0.9178082191780822,0.9316679362640601,0.8970803516308476,56,1095,0.91458626630937,0.9178082191780822,3.458936514289881,1.2175437072324937,56,1095,2.335836865653018,2.8401826484018264,,0.08865363886692848,0.05529627979438151,56,1095,0.07181928886593057,0.07945205479452055,0.0887249193496329,0.055593976687677835,56,1095,0.07181928886593057,0.07945205479452055,,,,,,,,,,,,,,,,,,,,,,8.850245129415777,6.537099637178212,56,1095,7.669228672146604,7.983561643835617,0.9067370989797079,0.8617030063576876,56,1095,0.8850384087534598,0.8785388127853881,0.9073408074521228,0.8618196254394287,56,1095,0.8850384087534598,0.8785388127853881,56,0.8675487548910675,0.8173316923225219,56,1095,0.8427669774434394,0.8383561643835616,0.8671177424037173,0.8167907627275868,56,1095,0.8427669774434394,0.8383561643835616,1095
固定左前沿逐词刷新诊断,L1,stable_target_global_rank,1,overall,fail,middle,6,,2.793650793650793,1.0,6,61,1.6984126984126984,2.442622950819672,1.0,0.9444444444444445,6,61,0.9761904761904763,0.9508196721311475,1.0,0.9444444444444445,6,61,0.9761904761904763,0.9508196721311475,4.555555555555555,0.8353174603174603,6,61,2.117063492063492,3.377049180327869,,0.14285714285714285,0.0,6,61,0.047619047619047616,0.09836065573770492,0.14285714285714285,0.0,6,61,0.047619047619047616,0.09836065573770492,,,,,,,,,,,,,,,,,,,,,,7.349206349206349,1.9166666666666667,6,61,3.8154761904761902,5.819672131147541,1.0,0.8253968253968255,6,61,0.9365079365079364,0.8688524590163934,1.0,0.8253968253968255,6,61,0.9365079365079364,0.8688524590163934,6,1.0,0.8015873015873015,6,61,0.9285714285714285,0.8524590163934426,1.0,0.8015873015873017,6,61,0.9285714285714285,0.8524590163934426,61
固定左前沿逐词刷新诊断,L1,stable_target_global_rank,1,overall,fail,late,2,,1.35,1.0,2,39,1.175,1.1794871794871795,1.0,0.95,2,39,0.975,0.9743589743589743,1.0,0.95,2,39,0.975,0.9743589743589743,2.85,1.0,2,39,1.925,1.9487179487179487,,0.25,0.0,2,39,0.125,0.1282051282051282,0.15,0.0,2,39,0.075,0.07692307692307693,,,,,,,,,,,,,,,,,,,,,,4.2,2.0,2,39,3.1,3.128205128205128,1.0,0.75,2,39,0.875,0.8717948717948718,1.0,0.85,2,39,0.925,0.9230769230769231,2,1.0,0.7,2,39,0.85,0.8461538461538461,1.0,0.8,2,39,0.9,0.8974358974358975,39
固定左前沿逐词刷新诊断,L1,stable_target_global_rank,2,reference_prefix_aligned,all,all,981,,6.506419305993677,3.8011511035505654,159,4438,5.05963034319958,2.706399278954484,0.9493325714688499,0.8986739474952127,159,4438,0.925912845631434,0.9693555655700766,0.9495077782536633,0.8988823876661004,159,4438,0.925912845631434,0.9693555655700766,3.933125389755331,1.5146217355884426,159,4438,2.805566203946761,3.4409643983776474,,0.9250778884051513,0.8650220729986201,159,4438,0.8969961211544353,0.9513294276701216,0.06559515867593411,0.03883893524026591,159,4438,0.05138441806193554,0.04078413699864804,,,,,,,,,,,,,,,,,,,,,,9.077990164795361,6.772506946221671,159,4438,7.86519654714634,6.147363677332131,0.06203663128435323,0.019245067592299863,159,4438,0.03856033034701945,0.018702118071203245,0.9278801877280445,0.8854326307910994,159,4438,0.9079401135864361,0.9420910319963948,159,0.0457979325152275,0.016169981335250452,159,4438,0.02891672447699849,0.018026137899954935,0.9010450608044632,0.8450316772607649,159,4438,0.8745284275694982,0.9285714285714286,4438
固定左前沿逐词刷新诊断,L1,stable_target_global_rank,2,reference_prefix_aligned,all,early,981,,6.498847766335504,3.7941588055690034,159,4384,5.053569276046,2.7203467153284673,0.9495026431546556,0.8988486312949081,159,4384,0.9261109715190379,0.9692062043795621,0.9497066486531314,0.8990824391659766,159,4384,0.9261109715190379,0.9692062043795621,3.946681704912705,1.527248080585037,159,4384,2.818224436523035,3.465784671532847,,0.9251827097373049,0.8652166683888267,159,4384,0.8971528958193647,0.9509580291970803,0.06571471866235556,0.03896580207993757,159,4384,0.051504551931915894,0.041286496350364965,,,,,,,,,,,,,,,,,,,,,,9.083661168325419,6.782777064135316,159,4384,7.871793712569033,6.186131386861314,0.062060234541102675,0.01929441238440826,159,4384,0.03860168156969421,0.01893248175182482,0.9277571005950496,0.8852301856455276,159,4384,0.9078168097022542,0.9413777372262774,159,0.04582176886140563,0.016203810386223184,159,4384,0.02895807569967325,0.01824817518248175,0.9011258804631856,0.8450964270085275,159,4384,0.874606419587122,0.9279197080291971,4384
固定左前沿逐词刷新诊断,L1,stable_target_global_rank,2,reference_prefix_aligned,all,middle,7,,2.7222222222222228,1.0,6,54,1.5740740740740742,1.5740740740740742,1.0,0.9444444444444443,6,54,0.9814814814814815,0.9814814814814815,1.0,0.9444444444444443,6,54,0.9814814814814815,0.9814814814814815,2.0,0.27777777777777773,6,54,1.4259259259259258,1.4259259259259258,,1.0,0.9444444444444443,6,54,0.9814814814814815,0.9814814814814815,0.0,0.0,6,54,0.0,0.0,,,,,,,,,,,,,,,,,,,,,,3.0,3.0,6,54,3.0,3.0,0.0,0.0,6,54,0.0,0.0,1.0,1.0,6,54,1.0,1.0,6,0.0,0.0,6,54,0.0,0.0,1.0,0.9444444444444443,6,54,0.9814814814814815,0.9814814814814815,54
固定左前沿逐词刷新诊断,L1,stable_target_global_rank,2,reference_prefix_aligned,pass,all,901,,5.84431985054887,3.2725045208569443,147,4201,4.453537189276412,2.4008569388240897,0.9598027354322759,0.913212582824126,147,4201,0.9384783275195228,0.9752439895263033,0.9597378435318977,0.9133893003619318,147,4201,0.9384783275195228,0.9752439895263033,4.291752328627801,2.2616163702669696,147,4201,3.2973864116788616,3.4658414663175434,,0.9450653912616925,0.8977920047957778,147,4201,0.9229757671795846,0.9607236372292312,0.06232900711392585,0.035129311127914245,147,4201,0.04781789406725569,0.03737205427279219,,,,,,,,,,,,,,,,,,,,,,9.062361858133364,6.608708557471583,147,4201,7.750923600955273,5.866698405141633,0.02222842673349063,0.010035740959891114,147,4201,0.015729317709552562,0.01475839085931921,0.9345144408764132,0.889963683900827,147,4201,0.9135758183160876,0.9481075934301357,147,0.021863271525673477,0.009966465726905476,147,4201,0.01550256033993805,0.014520352297072126,0.9159993477929355,0.8620252741495008,147,4201,0.890660433452267,0.9378719352535111,4201
固定左前沿逐词刷新诊断,L1,stable_target_global_rank,2,reference_prefix_aligned,pass,early,901,,5.837015282382157,3.260743627533658,147,4147,4.446891735395935,2.411622859898722,0.9600151815784693,0.9134590200414819,147,4147,0.9386941127583495,0.9751627682662165,0.9599852742433229,0.9135776722318202,147,4147,0.9386941127583495,0.9751627682662165,4.305946728330055,2.2777104290515475,147,4147,3.3123309671071097,3.4924041475765613,,0.9452327770304816,0.8979551890859191,147,4147,0.9231409656440844,0.9604533397636846,0.06255079509763535,0.0353283205074071,147,4147,0.04797052825155618,0.037858693031106824,,,,,,,,,,,,,,,,,,,,,,9.068365190524693,6.620977984196796,147,4147,7.759222702503044,5.904027007475284,0.02226189986800519,0.010086795321882242,147,4147,0.015779904483879444,0.014950566674704605,0.9343348704329123,0.8898326896300681,147,4147,0.9134213554433225,0.9474318784663612,147,0.0219102370469617,0.010014830986721202,147,4147,0.015553147114264929,0.01470942850253195,0.9160030806299347,0.8620182431425922,147,4147,0.8907235845067933,0.9373040752351097,4147
固定左前沿逐词刷新诊断,L1,stable_target_global_rank,2,reference_prefix_aligned,pass,middle,7,,2.7222222222222228,1.0,6,54,1.5740740740740742,1.5740740740740742,1.0,0.9444444444444443,6,54,0.9814814814814815,0.9814814814814815,1.0,0.9444444444444443,6,54,0.9814814814814815,0.9814814814814815,2.0,0.27777777777777773,6,54,1.4259259259259258,1.4259259259259258,,1.0,0.9444444444444443,6,54,0.9814814814814815,0.9814814814814815,0.0,0.0,6,54,0.0,0.0,,,,,,,,,,,,,,,,,,,,,,3.0,3.0,6,54,3.0,3.0,0.0,0.0,6,54,0.0,0.0,1.0,1.0,6,54,1.0,1.0,6,0.0,0.0,6,54,0.0,0.0,1.0,0.9444444444444443,6,54,0.9814814814814815,0.9814814814814815,54
固定左前沿逐词刷新诊断,L1,stable_target_global_rank,2,reference_prefix_aligned,fail,all,80,,14.367427197802195,6.728329212454212,52,237,10.323209706959707,8.122362869198312,0.8934392170329671,0.7480847069597069,52,237,0.8245283882783883,0.8649789029535865,0.8910347985347985,0.746610576923077,52,237,0.8245283882783883,0.8649789029535865,3.815477335164835,-4.838559981684982,52,237,-0.26342490842490834,3.0,,0.8274732142857143,0.6559254807692306,52,237,0.7464697802197803,0.7848101265822784,0.12120077838827838,0.040758241758241755,52,237,0.078507326007326,0.10126582278481013,,,,,,,,,,,,,,,,,,,,,,12.808739468864463,7.567078754578755,52,237,10.059784798534796,11.122362869198312,0.18237408424908422,0.04551282051282051,52,237,0.1069047619047619,0.08860759493670886,0.9038741987179488,0.7999759615384615,52,237,0.8550183150183149,0.8354430379746836,52,0.1327859432234432,0.033012820512820513,52,237,0.07805860805860806,0.08016877637130802,0.8191862408424908,0.6683408882783884,52,237,0.7460210622710624,0.7637130801687764,237
固定左前沿逐词刷新诊断,L1,stable_target_global_rank,2,reference_prefix_aligned,fail,early,80,,14.367427197802195,6.728329212454212,52,237,10.323209706959707,8.122362869198312,0.8934392170329671,0.7480847069597069,52,237,0.8245283882783883,0.8649789029535865,0.8910347985347985,0.746610576923077,52,237,0.8245283882783883,0.8649789029535865,3.815477335164835,-4.838559981684982,52,237,-0.26342490842490834,3.0,,0.8274732142857143,0.6559254807692306,52,237,0.7464697802197803,0.7848101265822784,0.12120077838827838,0.040758241758241755,52,237,0.078507326007326,0.10126582278481013,,,,,,,,,,,,,,,,,,,,,,12.808739468864463,7.567078754578755,52,237,10.059784798534796,11.122362869198312,0.18237408424908422,0.04551282051282051,52,237,0.1069047619047619,0.08860759493670886,0.9038741987179488,0.7999759615384615,52,237,0.8550183150183149,0.8354430379746836,52,0.1327859432234432,0.033012820512820513,52,237,0.07805860805860806,0.08016877637130802,0.8191862408424908,0.6683408882783884,52,237,0.7460210622710624,0.7637130801687764,237
固定左前沿逐词刷新诊断,L1,stable_target_global_rank,2,predecessor_correct,all,all,989,,5.981492375693982,3.5561458698788346,159,4721,4.665564659831086,2.7125608981148064,0.9538129784349658,0.9073737623010804,159,4721,0.9325982646794082,0.969074348654946,0.9539875853265251,0.9078944215217291,159,4721,0.9325982646794082,0.969074348654946,4.136739483992964,1.8439471964910605,159,4721,3.06069781614034,3.626985808091506,,0.9233190085237695,0.8662159361008442,159,4721,0.8965281295932805,0.9481042152086422,0.07161399545981353,0.045999501903987404,159,4721,0.05811357663911982,0.045117559839017156,,,,,,,,,,,,,,,,,,,,,,8.808871802316071,6.794710955069349,159,4721,7.726262475971424,6.339546706206312,0.07117253576462061,0.027988780883558956,159,4721,0.04743397248889508,0.022241050624867614,0.9270431598528631,0.8893476610080501,159,4721,0.9095688645319917,0.9381486973098919,159,0.05297977175329304,0.02286792548507325,159,4721,0.036070135086127664,0.02097013344630375,0.8989501365688811,0.8464570390605852,159,4721,0.8744846880402884,0.9239567888159288,4721
固定左前沿逐词刷新诊断,L1,stable_target_global_rank,2,predecessor_correct,all,early,989,,5.970813585239277,3.5511619411747852,159,4662,4.66042951860343,2.7275847275847274,0.9539980819312542,0.907463825185126,159,4662,0.9327789202665232,0.9688974688974689,0.9541618699225985,0.9080204304962907,159,4662,0.9327789202665232,0.9688974688974689,4.148517154161405,1.854328729078494,159,4662,3.0719664555221553,3.6542256542256544,,0.9233682947163795,0.8663103782461978,159,4662,0.8966681915839764,0.9476619476619477,0.07171520634627646,0.04610054404330815,159,4662,0.05822537662028668,0.04568854568854569,,,,,,,,,,,,,,,,,,,,,,8.814537790591165,6.801806894289354,159,4662,7.732395974125586,6.381810381810382,0.07119663558359085,0.02800794188313057,159,4662,0.04747456608531407,0.02252252252252252,0.9269315314443588,0.8892706982902306,159,4662,0.9094538945366235,0.9373659373659373,159,0.05302778230081326,0.022911539837849156,159,4662,0.03611072868254665,0.021235521235521235,0.8989676217703918,0.8464247772141439,159,4662,0.8745535436462365,0.9232089232089232,4662
固定左前沿逐词刷新诊断,L1,stable_target_global_rank,2,predecessor_correct,all,middle,8,,2.4761904761904767,1.0,7,59,1.492063492063492,1.5254237288135593,1.0,0.9523809523809523,7,59,0.9841269841269842,0.9830508474576272,1.0,0.9523809523809523,7,59,0.9841269841269842,0.9830508474576272,2.0,0.5238095238095237,7,59,1.507936507936508,1.4745762711864407,,1.0,0.9523809523809523,7,59,0.9841269841269842,0.9830508474576272,0.0,0.0,7,59,0.0,0.0,,,,,,,,,,,,,,,,,,,,,,3.0,3.0,7,59,3.0,3.0,0.0,0.0,7,59,0.0,0.0,1.0,1.0,7,59,1.0,1.0,7,0.0,0.0,7,59,0.0,0.0,1.0,0.9523809523809523,7,59,0.9841269841269842,0.9830508474576272,59
固定左前沿逐词刷新诊断,L1,stable_target_global_rank,2,predecessor_correct,pass,all,907,,5.13402636281896,2.909964930351496,147,4441,3.9210736370476584,2.381445620355776,0.9658492770458326,0.9257367213616879,147,4441,0.9476246078377302,0.975455978383247,0.9662001580173515,0.9255294046426734,147,4441,0.9476246078377302,0.975455978383247,4.405374559792723,2.5365725449639087,147,4441,3.5034655982625162,3.6228326953388876,,0.9443371707134904,0.9000094484870096,147,4441,0.9237740337957161,0.9581175410943481,0.06549660899761184,0.039821864428942456,147,4441,0.05185034438694532,0.04075658635442468,,,,,,,,,,,,,,,,,,,,,,8.602302840137432,6.4415017146365265,147,4441,7.424539235310174,6.0042783156946635,0.032710090831706964,0.016562125497105878,147,4441,0.02415119934263929,0.01778878630938978,0.936853443527647,0.8980782062498297,147,4441,0.9188399102313215,0.9452825940103581,147,0.032317174746376805,0.01639559514470472,147,4441,0.02385057404201399,0.017338437288898896,0.9185494847750644,0.8693778351885331,147,4441,0.8957742634507848,0.9346993920288224,4441
固定左前沿逐词刷新诊断,L1,stable_target_global_rank,2,predecessor_correct,pass,early,907,,5.128556862294736,2.904994288415707,147,4382,3.9154296948829796,2.3929712460063897,0.9661346369318318,0.9258809370140145,147,4382,0.9478214966290891,0.9753537197626655,0.9663423228766475,0.9257484492227617,147,4382,0.9478214966290891,0.9753537197626655,4.422804836148361,2.544629928242069,147,4382,3.516906455806848,3.6517571884984026,,0.9444768727775459,0.9001684681109892,147,4382,0.9239211563783822,0.9577818347786399,0.06562643214650543,0.039935581621811315,147,4382,0.05199395234926983,0.04130534002738476,,,,,,,,,,,,,,,,,,,,,,8.617122670381255,6.4497080368401285,147,4382,7.432336150689828,6.044728434504792,0.0327493503779711,0.01661828457766898,147,4382,0.024200965551331992,0.018028297581013236,0.9367209326680793,0.8978875245241571,147,4382,0.9186944735805325,0.9445458694659973,147,0.03236768351930064,0.016461617035971647,147,4382,0.02390034025070669,0.01757188498402556,0.9186052946562913,0.8694192946460633,147,4382,0.8958275442798191,0.9340483797352807,4382
固定左前沿逐词刷新诊断,L1,stable_target_global_rank,2,predecessor_correct,pass,middle,8,,2.4761904761904767,1.0,7,59,1.492063492063492,1.5254237288135593,1.0,0.9523809523809523,7,59,0.9841269841269842,0.9830508474576272,1.0,0.9523809523809523,7,59,0.9841269841269842,0.9830508474576272,2.0,0.5238095238095237,7,59,1.507936507936508,1.4745762711864407,,1.0,0.9523809523809523,7,59,0.9841269841269842,0.9830508474576272,0.0,0.0,7,59,0.0,0.0,,,,,,,,,,,,,,,,,,,,,,3.0,3.0,7,59,3.0,3.0,0.0,0.0,7,59,0.0,0.0,1.0,1.0,7,59,1.0,1.0,7,0.0,0.0,7,59,0.0,0.0,1.0,0.9523809523809523,7,59,0.9841269841269842,0.9830508474576272,59
固定左前沿逐词刷新诊断,L1,stable_target_global_rank,2,predecessor_correct,fail,all,82,,13.991764375561544,6.769613825247079,53,280,10.177028301886791,7.964285714285714,0.8923868399682079,0.7546869946091644,53,280,0.8276793489529338,0.8678571428571429,0.8913925202156333,0.7525586728523047,53,280,0.8276793489529338,0.8678571428571429,4.678604746930218,-4.150414794848757,53,280,0.45362608565438733,3.692857142857143,,0.8214517819706499,0.6596973846384222,53,280,0.7446631303706776,0.7892857142857143,0.14550302946529362,0.058704402515723265,53,280,0.09976403575460178,0.11428571428571428,,,,,,,,,,,,,,,,,,,,,,13.249814016172502,8.17012148098233,53,280,10.63065438754118,11.657142857142857,0.18908147015458335,0.0612357367475292,53,280,0.11839357707282235,0.09285714285714286,0.8924436208445644,0.7909120000806321,53,280,0.8439193563250167,0.825,53,0.13609374064091045,0.0407877732854148,53,280,0.08301621858225632,0.07857142857142857,0.799549934342387,0.6522198579722164,53,280,0.7279153131983321,0.7535714285714286,280
固定左前沿逐词刷新诊断,L1,stable_target_global_rank,2,predecessor_correct,fail,early,82,,13.991764375561544,6.769613825247079,53,280,10.177028301886791,7.964285714285714,0.8923868399682079,0.7546869946091644,53,280,0.8276793489529338,0.8678571428571429,0.8913925202156333,0.7525586728523047,53,280,0.8276793489529338,0.8678571428571429,4.678604746930218,-4.150414794848757,53,280,0.45362608565438733,3.692857142857143,,0.8214517819706499,0.6596973846384222,53,280,0.7446631303706776,0.7892857142857143,0.14550302946529362,0.058704402515723265,53,280,0.09976403575460178,0.11428571428571428,,,,,,,,,,,,,,,,,,,,,,13.249814016172502,8.17012148098233,53,280,10.63065438754118,11.657142857142857,0.18908147015458335,0.0612357367475292,53,280,0.11839357707282235,0.09285714285714286,0.8924436208445644,0.7909120000806321,53,280,0.8439193563250167,0.825,53,0.13609374064091045,0.0407877732854148,53,280,0.08301621858225632,0.07857142857142857,0.799549934342387,0.6522198579722164,53,280,0.7279153131983321,0.7535714285714286,280
固定左前沿逐词刷新诊断,L1,stable_target_global_rank,2,overall,all,all,1027,,3.972394593666579,3.1618725708885234,164,8489,3.553345373972508,3.1695134880433504,0.9584972698411326,0.9434590187548785,164,8489,0.9510629638720622,0.9575921781128519,0.9583026762810846,0.9430841092637094,164,8489,0.9510629638720622,0.9575921781128519,5.499690519297949,4.423907095522793,164,8489,4.944707847426661,4.871480739780893,,0.9064406997951738,0.8751737605045237,164,8489,0.8911285660852477,0.9056425963010956,0.0995171534336816,0.07750226567630651,164,8489,0.08800769980232853,0.08175285663800212,,,,,,,,,,,,,,,,,,,,,,9.106140779738585,7.927617962895032,164,8489,8.498053221399168,8.040994227824243,0.07551945284277459,0.05434684806503779,164,8489,0.06468433199903169,0.05560136647426081,0.9008048056352509,0.8773955284990458,164,8489,0.8895868102993167,0.8983390269760867,164,0.06972577894585089,0.050890204842196474,164,8489,0.0599343977868145,0.05194958181175639,0.8776808034387454,0.8480074447232712,164,8489,0.8630552640697338,0.8758393214748498,8489
固定左前沿逐词刷新诊断,L1,stable_target_global_rank,2,overall,all,early,1027,,4.0508482887156925,3.218007826620807,164,8091,3.619498112650686,3.2134470399209,0.9577276977696061,0.9417476740406246,164,8091,0.9498584003002648,0.9581015943641082,0.957462754718673,0.9413290350779352,164,8091,0.9498584003002648,0.9581015943641082,5.481654513843296,4.388730710480241,164,8091,4.916741040622853,4.896428130021011,,0.9048219761445561,0.8712242640176774,164,8091,0.8883815595899134,0.9075516005438141,0.09764169908380266,0.07569030272134171,164,8091,0.0862795778165071,0.07947101717958226,,,,,,,,,,,,,,,,,,,,,,9.146313160999034,7.955538337299126,164,8091,8.536239153273538,8.10987516994191,0.07786202839488983,0.05549630870581917,164,8091,0.06632470377961917,0.05388703497713509,0.9024535963237925,0.8785392070670095,164,8091,0.8909597264968185,0.9010011123470523,164,0.07196071991575395,0.051773532423957616,164,8091,0.061476840710351345,0.05054999382029415,0.8783570363286554,0.8483874061597982,164,8091,0.8635788224837578,0.878630577184526,8091
固定左前沿逐词刷新诊断,L1,stable_target_global_rank,2,overall,all,middle,36,,2.443619180527075,1.2907268170426067,33,326,1.79411787043366,2.496932515337423,0.9881597934229513,0.9470252335383914,33,326,0.9697615250246828,0.941717791411043,0.987943343206501,0.9469678932178933,33,326,0.9697615250246828,0.941717791411043,5.593074067745119,3.2257373547505126,33,326,4.375690537532643,4.720858895705521,,0.9633850725298093,0.8701182406774512,33,326,0.9207925115819853,0.8650306748466258,0.13198558386058384,0.05632766539016539,33,326,0.0923021423021423,0.12576687116564417,,,,,,,,,,,,,,,,,,,,,,7.530989865397759,4.918303593336488,33,326,6.169808407966301,7.217791411042945,0.09241854636591477,0.02225222146274778,33,326,0.054741019214703424,0.08895705521472393,0.9311934100256468,0.8504828504828504,33,326,0.8920336972968551,0.843558282208589,33,0.08260627895496317,0.02086656034024455,33,326,0.04896901344269765,0.07668711656441718,0.9218606083244242,0.8281667473608263,33,326,0.8774593827225405,0.8159509202453987,326
固定左前沿逐词刷新诊断,L1,stable_target_global_rank,2,overall,all,late,6,,1.6030701754385968,1.0,6,72,1.2419590643274854,1.2777777777777777,1.0,0.9495614035087718,6,72,0.9773391812865496,0.9722222222222222,1.0,0.9495614035087719,6,72,0.9773391812865496,0.9722222222222222,3.5654761904761902,2.043859649122807,6,72,2.6926691729323307,2.75,,0.9880952380952381,0.8024227234753551,6,72,0.9076858813700919,0.875,0.22869674185463654,0.02631578947368421,6,72,0.11758563074352546,0.1388888888888889,,,,,,,,,,,,,,,,,,,,,,5.1271929824561395,3.1052631578947367,6,72,3.934628237259816,4.027777777777778,0.15737259816207183,0.011904761904761904,6,72,0.06965329991645781,0.09722222222222222,0.9736842105263158,0.7296365914786967,6,72,0.8685254803675857,0.8472222222222222,6,0.15538847117794485,0.011904761904761904,6,72,0.06965329991645781,0.09722222222222222,0.9649122807017544,0.7208646616541353,6,72,0.8597535505430244,0.8333333333333334,72
固定左前沿逐词刷新诊断,L1,stable_target_global_rank,2,overall,pass,all,938,,3.91372529713064,2.9082419224867655,150,7383,3.378082951193101,2.887308682107544,0.9641831095848685,0.9460601853687866,150,7383,0.9556395744849927,0.9632940539076257,0.9642199372007866,0.9462525551201613,150,7383,0.9556395744849927,0.9632940539076257,5.140320379386017,3.821143241683993,150,7383,4.506086905404633,4.562237572802384,,0.9211581239121074,0.8850562532305278,150,7383,0.9038557977560951,0.9199512393336042,0.08604156972902807,0.06505250681343426,150,7383,0.07522883508286951,0.07029662738724096,,,,,,,,,,,,,,,,,,,,,,8.505292646394015,7.314612272608734,150,7383,7.884169856597735,7.4495462549099285,0.06561554576596584,0.04386580070396481,150,7383,0.05404400429286973,0.04618718678044156,0.915802988085537,0.8932165051515863,150,7383,0.9047399588458684,0.9116890153054314,150,0.06267112296185294,0.042055664639398735,150,7383,0.05178377672889755,0.0433428145740214,0.8946337088247177,0.865161655996996,150,7383,0.880410739402123,0.8929974265203847,7383
固定左前沿逐词刷新诊断,L1,stable_target_global_rank,2,overall,pass,early,938,,3.9785747830474554,2.9610607513413894,150,7079,3.4387255083792594,2.9100155389179263,0.9633450579601274,0.9444286357133915,150,7079,0.9544251916181762,0.9641192258793615,0.9635188788280672,0.9445051299506345,150,7079,0.9544251916181762,0.9641192258793615,5.111478856441598,3.7903417974071467,150,7079,4.47377126935417,4.575646277722842,,0.9192635655895478,0.8813819264060964,150,7079,0.9010859641323085,0.9218816216979799,0.08430563014260606,0.06350768408710993,150,7079,0.07359038766235151,0.06822997598530867,,,,,,,,,,,,,,,,,,,,,,8.544212472494529,7.33402445746883,150,7079,7.91249677773343,7.485661816640769,0.06807134596812985,0.0448555020145144,150,7079,0.055734719422270394,0.04478033620567877,0.916928744363079,0.8945397638126987,150,7079,0.9060480842634263,0.914394688515327,150,0.06500150167895928,0.0430409508633577,150,7079,0.053339227485867745,0.042237604181381554,0.8952760898068884,0.8655070603640337,150,7079,0.8808348039558246,0.8958892498940528,7079
固定左前沿逐词刷新诊断,L1,stable_target_global_rank,2,overall,pass,middle,30,,2.5552920495683655,1.2434003991460132,27,269,1.8153856864383182,2.486988847583643,0.9892433630372226,0.9415140861412792,27,269,0.9683328692100622,0.9405204460966543,0.9898589065255732,0.9416110879049474,27,269,0.9683328692100622,0.9405204460966543,5.523915924069431,3.039278212447072,27,269,4.229900427707445,4.360594795539034,,0.9747238466536713,0.8730038638262322,27,269,0.9296458739441195,0.8698884758364313,0.11969258750508749,0.05108864129697463,27,269,0.08459503459503459,0.10780669144981413,,,,,,,,,,,,,,,,,,,,,,7.37550048108162,4.806934563974037,27,269,6.045286114145763,6.847583643122676,0.08312511603081778,0.014285714285714284,27,269,0.04397800055694792,0.08178438661710037,0.9374770035844598,0.8565014967975494,27,269,0.8980235489007419,0.8587360594795539,27,0.07060939385500788,0.01271697762925833,27,269,0.03868699526594263,0.07063197026022305,0.9287381313861577,0.8353949398960363,27,269,0.8837378346150275,0.8327137546468402,269
固定左前沿逐词刷新诊断,L1,stable_target_global_rank,2,overall,pass,late,4,,1.8125,1.0,4,35,1.2708333333333335,1.3714285714285714,1.0,0.9374999999999999,4,35,0.9791666666666666,0.9714285714285714,1.0,0.9374999999999999,4,35,0.9791666666666666,0.9714285714285714,4.0625,2.0,4,35,2.9732142857142856,3.4,,1.0,0.875,4,35,0.9404761904761905,0.9142857142857143,0.2738095238095238,0.0,4,35,0.1369047619047619,0.2,,,,,,,,,,,,,,,,,,,,,,5.875,3.0,4,35,4.244047619047619,4.771428571428571,0.07738095238095238,0.0,4,35,0.03869047619047619,0.05714285714285714,1.0,0.6845238095238095,4,35,0.8422619047619048,0.7714285714285715,4,0.07738095238095238,0.0,4,35,0.03869047619047619,0.05714285714285714,1.0,0.6845238095238095,4,35,0.8422619047619048,0.7714285714285715,35
固定左前沿逐词刷新诊断,L1,stable_target_global_rank,2,overall,fail,all,89,,6.380976013822711,4.5110151822239635,56,1106,5.431505880342786,5.0533453887884265,0.9324207721810833,0.8977527286744759,56,1106,0.9150305091922792,0.9195298372513563,0.9320650717453131,0.8973595816573037,56,1106,0.9150305091922792,0.9195298372513563,7.823792861527961,4.853997821585683,56,1106,6.345533733840912,6.935804701627487,,0.8381493453657097,0.7697021752109912,56,1106,0.8046766429386594,0.810126582278481,0.17270110903206792,0.11808819074326504,56,1106,0.14554299796127593,0.15822784810126583,,,,,,,,,,,,,,,,,,,,,,13.181841508940645,10.434013547620559,56,1106,11.777039614183698,11.989150090415913,0.14599561129638222,0.0954433518528823,56,1106,0.1204415024356472,0.11844484629294756,0.8490806066811207,0.7915754104372301,56,1106,0.8207916672357666,0.8092224231464737,56,0.13394653532601744,0.08719668366042665,56,1106,0.11035386625361976,0.10940325497287523,0.8018820055933021,0.7365641082278607,56,1106,0.7694875112310032,0.7613019891500904,1106
固定左前沿逐词刷新诊断,L1,stable_target_global_rank,2,overall,fail,early,89,,6.4621044250976025,4.576871090572073,56,1012,5.5084241672036045,5.335968379446641,0.9316030492225038,0.8964455359049541,56,1012,0.913870512258698,0.91600790513834,0.9311438467029978,0.8959495084209316,56,1012,0.913870512258698,0.91600790513834,7.921097839995328,4.892992523107311,56,1012,6.418178509457002,7.140316205533597,,0.8366453209900944,0.7684998855114822,56,1012,0.8033889009577928,0.8073122529644269,0.17261085624704167,0.11745788122472421,56,1012,0.14514480007164302,0.15810276679841898,,,,,,,,,,,,,,,,,,,,,,13.379065681249216,10.511290383471904,56,1012,11.926602676660606,12.476284584980236,0.14593487165172606,0.09578564512720318,56,1012,0.12033733653673595,0.11758893280632411,0.8488955259906176,0.789562191736455,56,1012,0.8199379970904965,0.8073122529644269,56,0.13399539999922402,0.08740357275897376,56,1012,0.11048161130090518,0.10869565217391304,0.8018218846455664,0.7348525266062463,56,1012,0.7687257121870549,0.7579051383399209,1012
固定左前沿逐词刷新诊断,L1,stable_target_global_rank,2,overall,fail,middle,6,,2.793650793650793,1.0,6,57,1.6984126984126984,2.543859649122807,1.0,0.9444444444444445,6,57,0.9761904761904763,0.9473684210526315,1.0,0.9444444444444445,6,57,0.9761904761904763,0.9473684210526315,8.396825396825397,1.9603174603174605,6,57,5.031746031746032,6.421052631578948,,0.9841269841269842,0.7619047619047619,6,57,0.8809523809523809,0.8421052631578947,0.2698412698412698,0.007936507936507936,6,57,0.12698412698412698,0.21052631578947367,,,,,,,,,,,,,,,,,,,,,,10.674603174603176,3.1111111111111107,6,57,6.73015873015873,8.964912280701755,0.21428571428571427,0.007936507936507936,6,57,0.10317460317460318,0.12280701754385964,0.9841269841269842,0.7222222222222222,6,57,0.8650793650793651,0.7719298245614035,6,0.2063492063492063,0.007936507936507936,6,57,0.09523809523809523,0.10526315789473684,0.9841269841269842,0.6825396825396824,6,57,0.8492063492063492,0.7368421052631579,57
固定左前沿逐词刷新诊断,L1,stable_target_global_rank,2,overall,fail,late,2,,1.368421052631579,1.0,2,37,1.1842105263157894,1.1891891891891893,1.0,0.9473684210526315,2,37,0.9736842105263157,0.972972972972973,1.0,0.9473684210526315,2,37,0.9736842105263157,0.972972972972973,2.263157894736842,2.0,2,37,2.1315789473684212,2.135135135135135,,1.0,0.6842105263157895,2,37,0.8421052631578947,0.8378378378378378,0.15789473684210525,0.0,2,37,0.07894736842105263,0.08108108108108109,,,,,,,,,,,,,,,,,,,,,,3.6315789473684212,3.0,2,37,3.3157894736842106,3.324324324324324,0.2631578947368421,0.0,2,37,0.13157894736842105,0.13513513513513514,1.0,0.8421052631578947,2,37,0.9210526315789473,0.918918918918919,2,0.2631578947368421,0.0,2,37,0.13157894736842105,0.13513513513513514,1.0,0.7894736842105263,2,37,0.8947368421052632,0.8918918918918919,37
固定左前沿逐词刷新诊断,L1,stable_target_global_rank,3,reference_prefix_aligned,all,all,864,,8.759076803560195,4.5195410768439555,150,3457,6.481435558469245,2.8015620480185133,0.9384661095593146,0.8625268086095009,150,3457,0.9027520678515657,0.9676019670234307,0.9374849020614304,0.8632864705443001,150,3457,0.9027520678515657,0.9676019670234307,5.8747810759365136,0.9719099360670462,150,3457,3.5334147045350512,5.678044547295343,,0.9280776404934713,0.85191162225518,150,3457,0.8921193853610343,0.9609487995371709,0.11215519107648372,0.06308969402789548,150,3457,0.0856173976775566,0.06711021116575065,,,,,,,,,,,,,,,,,,,,,,11.555851571392749,8.683453453217584,150,3457,10.014850263004297,8.479606595313856,0.018213136556083448,0.004789689176026833,150,3457,0.010632682490531453,0.006653167486259763,0.9104548517893406,0.8526661400216992,150,3457,0.8835218667538601,0.9166907723459647,150,0.01834327721169055,0.004792657254490642,150,3457,0.010632682490531453,0.006653167486259763,0.8578356966425955,0.7734808505988314,150,3457,0.8171346701740091,0.90049175585768,3457
固定左前沿逐词刷新诊断,L1,stable_target_global_rank,3,reference_prefix_aligned,all,early,864,,8.751356660890773,4.5159023342444735,150,3410,6.474774265597426,2.817302052785924,0.938651129166274,0.8626899512673551,150,3410,0.902969548490099,0.9674486803519061,0.9378238604097046,0.863517818234738,150,3410,0.902969548490099,0.9674486803519061,5.880188505204844,0.9807734820908843,150,3410,3.53893702179421,5.714076246334311,,0.9282903795483156,0.8522912190413326,150,3410,0.8923368659995676,0.9607038123167155,0.11215228174740963,0.06308207455656958,150,3410,0.08552723369265579,0.06774193548387097,,,,,,,,,,,,,,,,,,,,,,11.558187142936859,8.682622486019662,150,3410,10.013711287391637,8.531378299120234,0.018213136556083448,0.004789689176026833,150,3410,0.010632682490531453,0.006744868035190616,0.9106000671248448,0.8527375730064644,150,3410,0.883612030738761,0.9158357771260998,150,0.01834327721169055,0.004792657254490642,150,3410,0.010632682490531453,0.006744868035190616,0.8581843798966715,0.7736782289341739,150,3410,0.8174423147974432,0.8997067448680351,3410
固定左前沿逐词刷新诊断,L1,stable_target_global_rank,3,reference_prefix_aligned,all,middle,7,,2.9375,1.0,6,47,1.6458333333333333,1.6595744680851063,1.0,0.9375,6,47,0.9791666666666666,0.9787234042553191,1.0,0.9375,6,47,0.9791666666666666,0.9787234042553191,3.1875,3.0,6,47,3.0625,3.0638297872340425,,1.0,0.9375,6,47,0.9791666666666666,0.9787234042553191,0.0625,0.0,6,47,0.020833333333333332,0.02127659574468085,,,,,,,,,,,,,,,,,,,,,,6.125,4.0,6,47,4.708333333333333,4.723404255319149,0.0,0.0,6,47,0.0,0.0,1.0,0.9375,6,47,0.9791666666666666,0.9787234042553191,6,0.0,0.0,6,47,0.0,0.0,1.0,0.875,6,47,0.9583333333333334,0.9574468085106383,47
固定左前沿逐词刷新诊断,L1,stable_target_global_rank,3,reference_prefix_aligned,pass,all,815,,8.262048920183311,3.943577766604137,143,3300,5.983421718693455,2.521818181818182,0.9477413153505724,0.8712996427176934,143,3300,0.9125871193290044,0.973030303030303,0.9470879197252279,0.8728282864372954,143,3300,0.9125871193290044,0.973030303030303,6.075717304267978,1.1656153673431369,143,3300,3.694955886547638,5.816363636363636,,0.9406236504075051,0.8650761628964344,143,3300,0.9050646900446166,0.9675757575757575,0.10579866148519014,0.06055960611748186,143,3300,0.0811873516081774,0.06606060606060606,,,,,,,,,,,,,,,,,,,,,,11.206505630190478,8.338184558184611,143,3300,9.678377605241094,8.338181818181818,0.013838348061976443,0.003060020880622346,143,3300,0.007522429284387864,0.005454545454545455,0.9185246668262937,0.8639698246677329,143,3300,0.8936204920747518,0.9203030303030303,143,0.013720484246048166,0.0031308609337964447,143,3300,0.007522429284387864,0.005454545454545455,0.8706964796956097,0.7883327496883459,143,3300,0.8313997677208271,0.906969696969697,3300
固定左前沿逐词刷新诊断,L1,stable_target_global_rank,3,reference_prefix_aligned,pass,early,815,,8.252593483229484,3.9386441036237083,143,3253,5.976346111617848,2.53427605287427,0.9479675030767604,0.8713962152386205,143,3253,0.9128167195586047,0.9729480479557332,0.9473029441385731,0.8731064989751713,143,3253,0.9128167195586047,0.9729480479557332,6.081384398622583,1.1722336258696613,143,3253,3.7018231684149203,5.856132800491854,,0.9408586141069756,0.8653027462063296,143,3253,0.9052942902742169,0.9674146941284968,0.10576652996681381,0.06042490512100781,143,3253,0.08111234319983567,0.06670765447279435,,,,,,,,,,,,,,,,,,,,,,11.204402491231866,8.33258956276842,143,3253,9.678169280032769,8.390408853366123,0.013838348061976443,0.003060020880622346,143,3253,0.007522429284387864,0.005533353827236397,0.9185321878750116,0.8640890491492944,143,3253,0.8936955004830937,0.9194589609591146,143,0.013720484246048166,0.0031308609337964447,143,3253,0.007522429284387864,0.005533353827236397,0.8709385162986308,0.7885851901981348,143,3253,0.831704376358769,0.9062403934829388,3253
固定左前沿逐词刷新诊断,L1,stable_target_global_rank,3,reference_prefix_aligned,pass,middle,7,,2.9375,1.0,6,47,1.6458333333333333,1.6595744680851063,1.0,0.9375,6,47,0.9791666666666666,0.9787234042553191,1.0,0.9375,6,47,0.9791666666666666,0.9787234042553191,3.1875,3.0,6,47,3.0625,3.0638297872340425,,1.0,0.9375,6,47,0.9791666666666666,0.9787234042553191,0.0625,0.0,6,47,0.020833333333333332,0.02127659574468085,,,,,,,,,,,,,,,,,,,,,,6.125,4.0,6,47,4.708333333333333,4.723404255319149,0.0,0.0,6,47,0.0,0.0,1.0,0.9375,6,47,0.9791666666666666,0.9787234042553191,6,0.0,0.0,6,47,0.0,0.0,1.0,0.875,6,47,0.9583333333333334,0.9574468085106383,47
固定左前沿逐词刷新诊断,L1,stable_target_global_rank,3,reference_prefix_aligned,fail,all,49,,17.95546873171873,7.201547619047619,37,157,12.209073359073358,8.681528662420382,0.8806486193986194,0.691118521118521,37,157,0.7930004680004681,0.8535031847133758,0.8845416520416518,0.690153708903709,37,157,0.7930004680004681,0.8535031847133758,3.9734237159237153,-6.25800778050778,37,157,-0.9535568035568034,2.770700636942675,,0.863940563940564,0.6723275710775711,37,157,0.7742248742248742,0.821656050955414,0.13534090909090907,0.023037323037323035,37,157,0.07039604539604541,0.08917197452229299,,,,,,,,,,,,,,,,,,,,,,15.268022551772553,7.835577395577397,37,157,11.255516555516555,11.452229299363058,0.041400491400491395,0.0033783783783783786,37,157,0.018775593775593777,0.03184713375796178,0.9124902012402011,0.7309422896922897,37,157,0.8276237276237276,0.8407643312101911,37,0.041196764946764934,0.0033783783783783786,37,157,0.018775593775593777,0.03184713375796178,0.8182296419796419,0.6145309757809758,37,157,0.7226044226044226,0.7643312101910829,157
固定左前沿逐词刷新诊断,L1,stable_target_global_rank,3,reference_prefix_aligned,fail,early,49,,17.95546873171873,7.201547619047619,37,157,12.209073359073358,8.681528662420382,0.8806486193986194,0.691118521118521,37,157,0.7930004680004681,0.8535031847133758,0.8845416520416518,0.690153708903709,37,157,0.7930004680004681,0.8535031847133758,3.9734237159237153,-6.25800778050778,37,157,-0.9535568035568034,2.770700636942675,,0.863940563940564,0.6723275710775711,37,157,0.7742248742248742,0.821656050955414,0.13534090909090907,0.023037323037323035,37,157,0.07039604539604541,0.08917197452229299,,,,,,,,,,,,,,,,,,,,,,15.268022551772553,7.835577395577397,37,157,11.255516555516555,11.452229299363058,0.041400491400491395,0.0033783783783783786,37,157,0.018775593775593777,0.03184713375796178,0.9124902012402011,0.7309422896922897,37,157,0.8276237276237276,0.8407643312101911,37,0.041196764946764934,0.0033783783783783786,37,157,0.018775593775593777,0.03184713375796178,0.8182296419796419,0.6145309757809758,37,157,0.7226044226044226,0.7643312101910829,157
固定左前沿逐词刷新诊断,L1,stable_target_global_rank,3,predecessor_correct,all,all,889,,7.047190504352469,3.8324181084312228,154,3737,5.298151502562652,2.8035857639818036,0.9494220357605897,0.8927887094143933,154,3737,0.9230839447260103,0.9673534921059673,0.9496717095610462,0.8923038593368843,154,3737,0.9230839447260103,0.9673534921059673,6.491670634876865,2.6590563521754875,154,3737,4.704756107265078,6.065025421461065,,0.9364971511734885,0.8794572319407727,154,3737,0.9098449458064534,0.9587904736419588,0.11692810691988448,0.07382663975819205,154,3737,0.09392357720669683,0.07572919454107573,,,,,,,,,,,,,,,,,,,,,,11.1673513554143,8.967765123243456,154,3737,10.002907609827728,8.868611185442868,0.020924785198064,0.006957733273739797,154,3737,0.013238998919557082,0.008563018464008563,0.9037820410932234,0.8555003936549231,154,3737,0.881023922649864,0.9084827401659085,154,0.020721957729784923,0.006955193014787372,154,3737,0.013238998919557082,0.008563018464008563,0.8621295119932332,0.7922916118136625,154,3737,0.8291603675193137,0.8916242975648916,3737
固定左前沿逐词刷新诊断,L1,stable_target_global_rank,3,predecessor_correct,all,early,889,,7.043462048580584,3.829393214983526,154,3686,5.292671745579135,2.820130222463375,0.9495841500283916,0.8928674765288691,154,3686,0.9232767479263325,0.9671730873575691,0.9498794240951938,0.8925703274160063,154,3686,0.9232767479263325,0.9671730873575691,6.495688716671568,2.6685801476357396,154,3686,4.710707050609514,6.1066196418882255,,0.936586909860714,0.8795677421628165,154,3686,0.9100377490067755,0.9584915897992403,0.11688032204501592,0.07379976254477992,154,3686,0.09386711855946778,0.07650569723277266,,,,,,,,,,,,,,,,,,,,,,11.169254169241114,8.971011130832416,154,3686,10.003378796188649,8.926749864351601,0.020924785198064,0.006957733273739797,154,3686,0.013238998919557082,0.008681497558328812,0.9038917164585185,0.8556037397803595,154,3686,0.8810803812970929,0.9074877916440586,154,0.020721957729784923,0.006955193014787372,154,3686,0.013238998919557082,0.008681497558328812,0.8622721601064325,0.7925849175944315,154,3686,0.8294096293668647,0.8906673901247966,3686
固定左前沿逐词刷新诊断,L1,stable_target_global_rank,3,predecessor_correct,all,middle,8,,2.6607142857142856,1.0,7,51,1.5535714285714286,1.607843137254902,1.0,0.9464285714285714,7,51,0.9821428571428571,0.9803921568627451,1.0,0.9464285714285714,7,51,0.9821428571428571,0.9803921568627451,3.1607142857142856,3.0,7,51,3.0535714285714284,3.0588235294117645,,1.0,0.9464285714285714,7,51,0.9821428571428571,0.9803921568627451,0.05357142857142857,0.0,7,51,0.017857142857142856,0.0196078431372549,,,,,,,,,,,,,,,,,,,,,,5.821428571428571,4.0,7,51,4.607142857142857,4.666666666666667,0.0,0.0,7,51,0.0,0.0,1.0,0.9464285714285714,7,51,0.9821428571428571,0.9803921568627451,7,0.0,0.0,7,51,0.0,0.0,1.0,0.8928571428571429,7,51,0.9642857142857143,0.9607843137254902,51
固定左前沿逐词刷新诊断,L1,stable_target_global_rank,3,predecessor_correct,pass,all,832,,6.540438933317908,3.247787883035693,144,3537,4.713924424603168,2.490528696635567,0.960842011356043,0.9034282815804224,144,3537,0.9345230771881291,0.9734238054848742,0.9602201172162397,0.9036745937345095,144,3537,0.9345230771881291,0.9734238054848742,6.629324789637337,2.7663577941126536,144,3537,4.834511198440329,6.135990952784846,,0.9503600786866008,0.8908099909504177,144,3537,0.9232555987590081,0.9660729431721798,0.10752178117482411,0.06837599337366644,144,3537,0.08630741110873763,0.07266044670624823,,,,,,,,,,,,,,,,,,,,,,10.672758514513374,8.505902706513815,144,3537,9.548435623043499,8.626519649420413,0.01849766492553033,0.00542108312389127,144,3537,0.011267478429121106,0.0073508623126943735,0.9149514350122209,0.8700672833428816,144,3537,0.893923386778916,0.914334181509754,144,0.018687160149371274,0.00549879872903926,144,3537,0.011267478429121106,0.0073508623126943735,0.8791480888270747,0.8134747481069147,144,3537,0.8482156660793916,0.9007633587786259,3537
固定左前沿逐词刷新诊断,L1,stable_target_global_rank,3,predecessor_correct,pass,early,832,,6.533692105778032,3.2427091638746055,144,3486,4.707976504766361,2.5034423407917386,0.9610388618867862,0.9036437181085879,144,3486,0.9347307329513406,0.9733218588640276,0.9604976465439556,0.9038742970228131,144,3486,0.9347307329513406,0.9733218588640276,6.636070894403573,2.7701790784469,144,3486,4.841945388292386,6.18100975329891,,0.9506309624035691,0.8910512679021194,144,3486,0.9234632545222196,0.9658634538152611,0.10743970140767439,0.0683199608459974,144,3486,0.08626651829054269,0.07343660355708548,,,,,,,,,,,,,,,,,,,,,,10.676580418211408,8.50854457863446,144,3486,9.549921893058746,8.684452094090648,0.01849766492553033,0.00542108312389127,144,3486,0.011267478429121106,0.007458405048766495,0.9150196988895531,0.8700253401465099,144,3486,0.8939642795971108,0.9133677567412507,144,0.018687160149371274,0.00549879872903926,144,3486,0.011267478429121106,0.007458405048766495,0.8795734955699862,0.8136582580522006,144,3486,0.8484642146607979,0.8998852553069421,3486
固定左前沿逐词刷新诊断,L1,stable_target_global_rank,3,predecessor_correct,pass,middle,8,,2.6607142857142856,1.0,7,51,1.5535714285714286,1.607843137254902,1.0,0.9464285714285714,7,51,0.9821428571428571,0.9803921568627451,1.0,0.9464285714285714,7,51,0.9821428571428571,0.9803921568627451,3.1607142857142856,3.0,7,51,3.0535714285714284,3.0588235294117645,,1.0,0.9464285714285714,7,51,0.9821428571428571,0.9803921568627451,0.05357142857142857,0.0,7,51,0.017857142857142856,0.0196078431372549,,,,,,,,,,,,,,,,,,,,,,5.821428571428571,4.0,7,51,4.607142857142857,4.666666666666667,0.0,0.0,7,51,0.0,0.0,1.0,0.9464285714285714,7,51,0.9821428571428571,0.9803921568627451,7,0.0,0.0,7,51,0.0,0.0,1.0,0.8928571428571429,7,51,0.9642857142857143,0.9607843137254902,51
固定左前沿逐词刷新诊断,L1,stable_target_global_rank,3,predecessor_correct,fail,all,57,,14.775269514077653,6.532057074062887,43,200,10.3051025202188,8.34,0.8978657001912815,0.7470552703110844,43,200,0.8281485955904561,0.86,0.897917295882412,0.7471559448303635,43,200,0.8281485955904561,0.86,6.39461819188563,-1.7125975284405515,43,200,2.5921977247558643,4.81,,0.8770567804288734,0.730503624282694,43,200,0.8083459176482433,0.83,0.1803740058391221,0.06889434209201652,43,200,0.11986979428839893,0.13,,,,,,,,,,,,,,,,,,,,,,16.228520210409744,9.854583585019633,43,200,12.897300244974662,13.15,0.04002995066948553,0.004228329809725159,43,200,0.019802677942212826,0.03,0.8710822510822511,0.7250231970871508,43,200,0.8027702271888318,0.805,43,0.040944326990838616,0.004228329809725159,43,200,0.019802677942212826,0.03,0.7913009664753852,0.6190753045404208,43,200,0.7082788013020571,0.73,200
固定左前沿逐词刷新诊断,L1,stable_target_global_rank,3,predecessor_correct,fail,early,57,,14.775269514077653,6.532057074062887,43,200,10.3051025202188,8.34,0.8978657001912815,0.7470552703110844,43,200,0.8281485955904561,0.86,0.897917295882412,0.7471559448303635,43,200,0.8281485955904561,0.86,6.39461819188563,-1.7125975284405515,43,200,2.5921977247558643,4.81,,0.8770567804288734,0.730503624282694,43,200,0.8083459176482433,0.83,0.1803740058391221,0.06889434209201652,43,200,0.11986979428839893,0.13,,,,,,,,,,,,,,,,,,,,,,16.228520210409744,9.854583585019633,43,200,12.897300244974662,13.15,0.04002995066948553,0.004228329809725159,43,200,0.019802677942212826,0.03,0.8710822510822511,0.7250231970871508,43,200,0.8027702271888318,0.805,43,0.040944326990838616,0.004228329809725159,43,200,0.019802677942212826,0.03,0.7913009664753852,0.6190753045404208,43,200,0.7082788013020571,0.73,200
固定左前沿逐词刷新诊断,L1,stable_target_global_rank,3,overall,all,all,1026,,4.134079241322962,3.2709694915435668,164,7462,3.6875947444632917,3.264004288394532,0.9564786777357701,0.9400244685109722,164,7462,0.9487022194685842,0.9555079067274189,0.9566182672920938,0.9401920308110221,164,7462,0.9487022194685842,0.9555079067274189,9.15979929732357,7.49757787068976,164,7462,8.321246589614157,7.989949075314929,,0.9390636491908403,0.9186004699699316,164,7462,0.9292065253322245,0.935942106673814,0.15839734075740833,0.12604503389907,164,7462,0.14154572661373319,0.12865183596890914,,,,,,,,,,,,,,,,,,,,,,12.899335361121901,11.151401506677812,164,7462,12.008841334077449,11.253953363709462,0.024649208978396855,0.01675462309257222,164,7462,0.02056486016753306,0.020637898686679174,0.853639103863442,0.8177995941531542,164,7462,0.8361294508157224,0.8511123023318146,164,0.02326760110404609,0.015739558090992402,164,7462,0.019495694136359668,0.01956580005360493,0.8266740089278044,0.7862781962231083,164,7462,0.8071564928548509,0.8268560707585098,7462
固定左前沿逐词刷新诊断,L1,stable_target_global_rank,3,overall,all,early,1026,,4.22685218199886,3.331897770974932,164,7100,3.7631627111107324,3.3211267605633803,0.9553661630928694,0.9379025279331102,164,7100,0.9471247555461908,0.9556338028169014,0.9555500101176212,0.9380850421001892,164,7100,0.9471247555461908,0.9556338028169014,9.196662664360034,7.5245848328820655,164,7100,8.352267123090858,8.120140845070422,,0.9379022235695811,0.9164039113870873,164,7100,0.9274664355412947,0.9373239436619718,0.1581663437870803,0.1256659158033287,164,7100,0.1412723688740206,0.1280281690140845,,,,,,,,,,,,,,,,,,,,,,13.008771810158288,11.24962744907816,164,7100,12.115429834201588,11.441267605633803,0.024676759532592435,0.01679617070191386,164,7100,0.020618291999150853,0.01915492957746479,0.8528624932070762,0.8167570450722308,164,7100,0.8351281791623247,0.8515492957746479,164,0.023494517795943755,0.015789009081033013,164,7100,0.019658320004895945,0.018309859154929577,0.8258192328928777,0.7848888077654708,164,7100,0.8058523866721702,0.8276056338028169,7100
固定左前沿逐词刷新诊断,L1,stable_target_global_rank,3,overall,all,middle,33,,2.30161292989418,1.2401397156084655,30,296,1.7073743386243387,2.331081081081081,0.9904761904761905,0.9529431216931216,30,296,0.9735780423280423,0.9493243243243243,0.9904761904761905,0.9524470899470899,30,296,0.9735780423280423,0.9493243243243243,7.396713203463204,4.483314844877345,30,296,5.875948773448773,5.783783783783784,,0.9783399470899472,0.9021164021164022,30,296,0.9434193121693121,0.9054054054054054,0.15317472342472338,0.07237788600288599,30,296,0.11065957190957192,0.13175675675675674,,,,,,,,,,,,,,,,,,,,,,9.123353174603174,6.176646073833575,30,296,7.583323112073112,8.114864864864865,0.06349206349206349,0.009523809523809523,30,296,0.03333333333333333,0.05067567567567568,0.9210177669552669,0.8326297498797499,30,296,0.8793205868205868,0.847972972972973,30,0.0587698412698407,0.006349206349206349,30,296,0.030158730158730156,0.04391891891891892,0.9092551707551708,0.8138824254449255,30,296,0.8629184704184704,0.8175675675675675,296
固定左前沿逐词刷新诊断,L1,stable_target_global_rank,3,overall,all,late,5,,1.786868686868687,1.0,5,66,1.3141414141414143,1.303030303030303,1.0,0.9343434343434343,5,66,0.9707070707070707,0.9696969696969697,1.0,0.9343434343434345,5,66,0.9707070707070707,0.9696969696969697,4.482828282828283,3.2,5,66,3.841414141414141,3.878787878787879,,1.0,0.8141414141414142,5,66,0.9232323232323232,0.9242424242424242,0.30271950271950276,0.046153846153846156,5,66,0.17443667443667443,0.18181818181818182,,,,,,,,,,,,,,,,,,,,,,6.155555555555556,4.2,5,66,5.155555555555556,5.181818181818182,0.1202020202020202,0.0,5,66,0.047474747474747475,0.045454545454545456,0.9538461538461538,0.6972804972804972,5,66,0.8255633255633255,0.8181818181818182,5,0.1202020202020202,0.0,5,66,0.047474747474747475,0.045454545454545456,0.9538461538461538,0.6386946386946386,5,66,0.7962703962703962,0.7878787878787878,66
固定左前沿逐词刷新诊断,L1,stable_target_global_rank,3,overall,pass,all,937,,4.399331056875647,3.033590826293676,150,6445,3.655845321120943,3.0004654771140418,0.9618208819408339,0.9382287303816351,150,6445,0.9509394448285745,0.960899922420481,0.9617528899748934,0.9387057095690572,150,6445,0.9509394448285745,0.960899922420481,8.09603429017426,6.029739111214763,150,6445,7.101663614078176,7.414740108611326,,0.9468778455436577,0.9210829022190957,150,6445,0.9346296121374561,0.9438324282389449,0.13206581945949283,0.1029759833119877,150,6445,0.11729936023814716,0.1126454615981381,,,,,,,,,,,,,,,,,,,,,,11.53261591844583,10.003237674006387,150,6445,10.75750893519912,10.415205585725369,0.02109341962481567,0.013260789556149672,150,6445,0.017048420673078178,0.018153607447633825,0.8806464724129105,0.8512054301979725,150,6445,0.8661625785351348,0.8710628394103956,150,0.0201360238958438,0.012699222890029048,150,6445,0.016309832691118565,0.017067494181536073,0.8510486480433813,0.815430678679444,150,6445,0.8336400845904275,0.8482544608223429,6445
固定左前沿逐词刷新诊断,L1,stable_target_global_rank,3,overall,pass,early,937,,4.4729147738186565,3.0926870506368562,150,6171,3.727137001619958,3.0375952033706044,0.9605815942562457,0.9360391554942386,150,6171,0.9492941200124272,0.9612704585966618,0.9605180945564823,0.9367747173002212,150,6171,0.9492941200124272,0.9612704585966618,8.115862275464432,6.035569724807057,150,6171,7.118324071997483,7.517582239507373,,0.9453843177983278,0.9183833370449288,150,6171,0.9326613416003822,0.9452276778479987,0.13154006016507241,0.1021330173766776,150,6171,0.11663100874670927,0.11197536865986064,,,,,,,,,,,,,,,,,,,,,,11.627776933998913,10.080138302820185,150,6171,10.845461073617441,10.555177442877978,0.021207808315398053,0.013408850365394064,150,6171,0.01723227199914644,0.016853022200615783,0.8799526191624356,0.8500566172270725,150,6171,0.865400199216603,0.8714957057203047,150,0.020575060602605652,0.012868006988686509,150,6171,0.01663277841204467,0.016042780748663103,0.8504609421428813,0.8141991079299323,150,6171,0.8326631112657178,0.8492950899368011,6171
固定左前沿逐词刷新诊断,L1,stable_target_global_rank,3,overall,pass,middle,28,,2.357914682539682,1.1657142857142857,25,243,1.6812301587301588,2.259259259259259,0.9923839285714285,0.9498412698412699,25,243,0.9740079365079366,0.9506172839506173,0.9923809523809524,0.9499206349206349,25,243,0.9740079365079366,0.9506172839506173,7.14428896103896,4.183951190476191,25,243,5.589233766233766,5.230452674897119,,0.9822638888888888,0.9003174603174604,25,243,0.9454365079365078,0.9135802469135802,0.14447415223665225,0.06314547258297257,25,243,0.10231529581529582,0.11522633744855967,,,,,,,,,,,,,,,,,,,,,,8.765604563492063,5.908011291486292,25,243,7.270463924963925,7.489711934156379,0.06666666666666667,0.005714285714285714,25,243,0.03238095238095238,0.04526748971193416,0.9315024891774891,0.8482291847041847,25,243,0.8913751803751805,0.8724279835390947,25,0.06095238095238095,0.005714285714285714,25,243,0.028571428571428567,0.037037037037037035,0.9179784992784992,0.8237775613275614,25,243,0.8716926406926407,0.8353909465020576,243
固定左前沿逐词刷新诊断,L1,stable_target_global_rank,3,overall,pass,late,3,,2.1818181818181817,1.0,3,31,1.3939393939393938,1.4193548387096775,1.0,0.9090909090909091,3,31,0.9696969696969697,0.967741935483871,1.0,0.9090909090909091,3,31,0.9696969696969697,0.967741935483871,4.818181818181818,3.0,3,31,3.9393939393939394,4.064516129032258,,1.0,0.7272727272727272,3,31,0.9090909090909092,0.9032258064516129,0.3636363636363636,0.0,3,31,0.19813519813519812,0.22580645161290322,,,,,,,,,,,,,,,,,,,,,,7.0,4.0,3,31,5.333333333333333,5.483870967741935,0.1818181818181818,0.0,3,31,0.06060606060606061,0.06451612903225806,1.0,0.6363636363636364,3,31,0.8018648018648018,0.7741935483870968,3,0.1818181818181818,0.0,3,31,0.06060606060606061,0.06451612903225806,1.0,0.5454545454545454,3,31,0.7715617715617715,0.7419354838709677,31
固定左前沿逐词刷新诊断,L1,stable_target_global_rank,3,overall,fail,all,89,,6.530523862630586,4.490510846957603,56,1017,5.472521049379698,4.9341199606686335,0.9325746880602911,0.8951240842879757,56,1017,0.9143267016912999,0.9213372664700098,0.9320953058461804,0.8958607395535261,56,1017,0.9143267016912999,0.9213372664700098,13.133450164613198,9.4813607671354,56,1017,11.32910653321978,11.63520157325467,,0.9074533066376982,0.8626655421799558,56,1017,0.8854604813975948,0.8859390363815143,0.2614996632494973,0.19351278414766512,56,1017,0.22704252447063197,0.23008849557522124,,,,,,,,,,,,,,,,,,,,,,18.613800862735182,15.019708239644672,56,1017,16.801627582599476,16.569321533923304,0.04226668836826452,0.019513796103871706,56,1017,0.03023984666733165,0.03638151425762045,0.7693217278856844,0.6894117367228634,56,1017,0.7299744741972979,0.7246804326450345,56,0.0413230546485147,0.01817125348062774,56,1017,0.028866220293705277,0.035398230088495575,0.7279555144164652,0.6443841189520091,56,1017,0.6872841772206681,0.6912487708947886,1017
固定左前沿逐词刷新诊断,L1,stable_target_global_rank,3,overall,fail,early,89,,6.597432659790564,4.543875625944255,56,929,5.545401584967443,5.204520990312163,0.9316108306592786,0.8938671304912271,56,929,0.9132789725421558,0.9181916038751345,0.9312982512565189,0.89452339725522,56,929,0.9132789725421558,0.9181916038751345,13.317339282832323,9.59727317101214,56,929,11.478235880870017,12.122712594187298,,0.9071382751266924,0.8623762445948392,56,929,0.8851949275959898,0.8848223896663079,0.263241957812994,0.19546206061482296,56,929,0.22891187314422595,0.23466092572658773,,,,,,,,,,,,,,,,,,,,,,18.922832442376023,15.175819226213163,56,929,17.02363746583746,17.32723358449946,0.04146242821703834,0.01886337627176136,56,929,0.029457671319792423,0.03444564047362755,0.7666663958793608,0.6854529811725929,56,929,0.7270778731689581,0.7190527448869752,56,0.040396744122923954,0.0175292324975788,56,929,0.028084044946166047,0.03336921420882669,0.7251904540181537,0.6414546747211072,56,929,0.6843670993979298,0.6835306781485468,929
固定左前沿逐词刷新诊断,L1,stable_target_global_rank,3,overall,fail,middle,5,,3.152380952380952,1.0,5,53,1.838095238095238,2.660377358490566,1.0,0.9333333333333333,5,53,0.9714285714285715,0.9433962264150944,1.0,0.9333333333333333,5,53,0.9714285714285715,0.9433962264150944,11.933333333333334,3.0761904761904764,5,53,7.30952380952381,8.320754716981131,,1.0,0.8190476190476191,5,53,0.9333333333333332,0.8679245283018868,0.2857142857142857,0.019047619047619046,5,53,0.15238095238095237,0.20754716981132076,,,,,,,,,,,,,,,,,,,,,,14.038095238095238,4.257142857142857,5,53,9.147619047619049,10.981132075471699,0.11428571428571428,0.0,5,53,0.03809523809523809,0.07547169811320754,0.9714285714285715,0.6666666666666666,5,53,0.819047619047619,0.7358490566037735,5,0.11428571428571428,0.0,5,53,0.03809523809523809,0.07547169811320754,0.9714285714285715,0.6666666666666666,5,53,0.819047619047619,0.7358490566037735,53
固定左前沿逐词刷新诊断,L1,stable_target_global_rank,3,overall,fail,late,2,,1.3888888888888888,1.0,2,35,1.1944444444444444,1.2,1.0,0.9444444444444444,2,35,0.9722222222222222,0.9714285714285714,1.0,0.9444444444444444,2,35,0.9722222222222222,0.9714285714285714,4.388888888888889,3.0,2,35,3.6944444444444446,3.7142857142857144,,1.0,0.8888888888888888,2,35,0.9444444444444444,0.9428571428571428,0.2777777777777778,0.0,2,35,0.1388888888888889,0.14285714285714285,,,,,,,,,,,,,,,,,,,,,,5.777777777777778,4.0,2,35,4.888888888888889,4.914285714285715,0.05555555555555555,0.0,2,35,0.027777777777777776,0.02857142857142857,1.0,0.7222222222222222,2,35,0.8611111111111112,0.8571428571428571,2,0.05555555555555555,0.0,2,35,0.027777777777777776,0.02857142857142857,1.0,0.6666666666666666,2,35,0.8333333333333333,0.8285714285714286,35
全局置信度逐词刷新诊断,C1,global_right_neighbor_steps,,overall,all,all,1027,8806,,,,,,,0.978482164736048,0.9634957920564725,164,8329,0.9717357266045762,0.9773082002641373,0.9824707448820111,0.9706482775610495,164,8332,0.9770938163826205,0.9809169467114738,2.215570289221792,1.4395093108799155,164,8806,1.8295763263157776,1.790370202134908,9135,0.04442476771985208,0.03130394387527761,164,8806,0.03759560738637681,0.03372700431523961,0.04511112851850509,0.03224978040551222,164,8806,0.03832021953887463,0.03429479900068135,8806,0.9625742041783582,0.9472560168334514,164,9135,0.9551756960292708,0.963984674329502,0.9419538010953675,0.9221125204705043,164,8806,0.9324364324237276,0.9458323870088576,0.9421671237474621,0.9226573019114716,164,8806,0.9326340385664557,0.9461730638201227,8329,8332,,,,,,,,,,,,,,,,,,,164,0.9202789132040499,0.8935228481061187,164,8806,0.9072671555265426,0.9243697478991597,0.9233662615968471,0.8995420686700818,164,8806,0.9119622652921131,0.9281171928230751,
全局置信度逐词刷新诊断,C1,global_right_neighbor_steps,,overall,all,early,1027,8484,,,,,,,0.9783238772342852,0.9624732072581454,164,8030,0.9713078928461807,0.9778331257783313,0.9820959623901764,0.9696098004205035,164,8030,0.9764767223439047,0.9810709838107098,2.244196051779696,1.4454247999256424,164,8484,1.848144898067175,1.8131777463460632,8688,0.04497107261754483,0.03170506822755658,164,8484,0.03807679879686503,0.03335690711928336,0.045699388050203404,0.032754932398181044,164,8484,0.03892831221404363,0.03418198962753418,8484,0.9765254499739514,0.9637250489101757,164,8688,0.9703955305932426,0.9765193370165746,0.9414957307029488,0.9213741735533739,164,8484,0.9319045741306319,0.9464875058934464,0.9415869873488414,0.9218492859825609,164,8484,0.9319045741306319,0.9464875058934464,8030,8030,,,,,,,,,,,,,,,,,,,164,0.9196913288009172,0.892336748858451,164,8484,0.9064176958025123,0.9255068363979255,0.9223241647473442,0.8980226202352924,164,8484,0.9107359004092276,0.9285714285714286,
全局置信度逐词刷新诊断,C1,global_right_neighbor_steps,,overall,all,middle,38,291,,,,,,,0.9939393939393939,0.9540023248356582,33,274,0.9762586179252847,0.9744525547445255,0.9947250280583613,0.9592271925605259,33,274,0.9792889209555876,0.9781021897810219,1.4906792765315493,0.027707759412304897,33,291,0.8099731077003804,1.274914089347079,305,0.038884994424767144,0.004775022956841139,33,291,0.01876612444794263,0.037800687285223365,0.03966660654160651,0.004058441558441558,33,291,0.01876612444794263,0.037800687285223365,291,0.9899414311179017,0.9430512302064511,33,305,0.9694810271506021,0.9540983606557377,0.9920454545454545,0.9383838383838384,33,291,0.9706278149459969,0.9415807560137457,0.9920503738685559,0.9395162665617212,33,291,0.9706278149459969,0.9415807560137457,274,274,,,,,,,,,,,,,,,,,,,33,0.9799066558441559,0.9085021481044208,33,291,0.9488964318509774,0.9175257731958762,0.9810720434868162,0.9131866145218418,33,291,0.9516512527876165,0.9209621993127147,
全局置信度逐词刷新诊断,C1,global_right_neighbor_steps,,overall,all,late,102,31,,,,,,,0.9814814814814815,0.8439153439153438,9,25,0.921957671957672,0.84,1.0,0.95,10,28,0.9833333333333334,0.9642857142857143,0.975,0.39999999999999997,10,31,0.7138888888888889,0.3870967741935484,142,0.35,0.0,10,31,0.15,0.0967741935483871,0.1,0.0,10,31,0.03333333333333333,0.03225806451612903,31,0.12757201646090532,0.03292181069958847,81,142,0.07716049382716049,0.21830985915492956,0.9666666666666666,0.5777777777777777,10,31,0.7944444444444445,0.8064516129032258,1.0,0.8666666666666666,10,31,0.9444444444444444,0.9032258064516129,25,28,,,,,,,,,,,,,,,,,,,81,0.9,0.525,10,31,0.7305555555555556,0.6774193548387096,1.0,0.85,10,31,0.9277777777777777,0.8709677419354839,
全局置信度逐词刷新诊断,C1,global_right_neighbor_steps,,overall,pass,all,947,7786,,,,,,,0.982687684086861,0.969781429695185,151,7436,0.9766943956771863,0.9807692307692307,0.9846747701647443,0.9726117576739439,151,7439,0.9792300507013657,0.9831966662185778,1.93486159579096,1.0865910173486166,151,7786,1.5280575269550778,1.6123811970202928,8032,0.035476839657334,0.024557563180480416,151,7786,0.02975936415486341,0.0279989725147701,0.03602320613426999,0.02514318232296776,151,7786,0.03044745946576322,0.02851271512972001,7786,0.9684233202494509,0.9529757025648291,151,8032,0.9611285998753355,0.9693725099601593,0.953975894934864,0.93617809475871,151,7786,0.9454461387083781,0.9550475211918829,0.9543254112998825,0.9366778249651763,151,7786,0.945683952104844,0.9554328281530953,7436,7439,,,,,,,,,,,,,,,,,,,151,0.9345808071455748,0.9119699638256714,151,7786,0.923724705263401,0.9366812227074236,0.9366264111820082,0.915190277229313,151,7786,0.9261908673160214,0.9393783714359106,
全局置信度逐词刷新诊断,C1,global_right_neighbor_steps,,overall,pass,early,947,7541,,,,,,,0.9827891141755593,0.969776563119128,151,7211,0.9767126251899112,0.9812786021356261,0.9846272539415984,0.9724396702911461,151,7211,0.9791237209775832,0.9834974344751075,1.9706398489886061,1.1037235002411983,151,7541,1.5528250134842074,1.6237899482827212,7680,0.03575626847284129,0.02479252804384553,151,7541,0.03009669820890496,0.027317331918843654,0.0364868918262707,0.025556144832844685,151,7541,0.03093135757387566,0.02811298236308182,7541,0.983319960351524,0.9731320415477425,151,7680,0.978465493167514,0.9819010416666667,0.9539906266385586,0.9362468360302998,151,7541,0.9454025534990449,0.956239225566901,0.9540393180517406,0.9365743607859858,151,7541,0.9454025534990449,0.956239225566901,7211,7211,,,,,,,,,,,,,,,,,,,151,0.9344736470502631,0.9120277396359947,151,7541,0.9236607996079382,0.9383370905715422,0.9362035838469978,0.9146081459531373,151,7541,0.9258060625310274,0.9404588250895107,
全局置信度逐词刷新诊断,C1,global_right_neighbor_steps,,overall,pass,middle,29,220,,,,,,,0.9956613756613757,0.9520370370370369,25,206,0.9766613756613757,0.9757281553398058,0.9955555555555554,0.9512857142857143,25,206,0.9766613756613757,0.9757281553398058,1.6540952380952383,-0.2660476190476189,25,220,0.7806190476190477,1.3681818181818182,229,0.04600257936507933,0.0026666666666666666,25,220,0.019134920634920633,0.04090909090909091,0.044444444444444446,0.0025,25,220,0.019134920634920633,0.04090909090909091,220,0.9957894736842106,0.9678981410746117,25,229,0.9835244796483187,0.9606986899563319,0.995,0.9283095238095239,25,220,0.9688650793650794,0.9363636363636364,0.9946428571428573,0.9268059523809523,25,220,0.9688650793650794,0.9363636363636364,206,206,,,,,,,,,,,,,,,,,,,25,0.9835017857142856,0.898069642857143,25,220,0.947452380952381,0.9136363636363637,0.9831666666666666,0.8999017857142857,25,220,0.947452380952381,0.9136363636363637,
全局置信度逐词刷新诊断,C1,global_right_neighbor_steps,,overall,pass,late,89,25,,,,,,,1.0,0.8293650793650794,6,19,0.9246031746031745,0.8421052631578947,1.0,0.9285714285714286,7,22,0.9761904761904763,0.9545454545454546,1.023809523809524,0.2539682539682539,7,25,0.6626984126984128,0.32,123,0.5,0.0,7,25,0.21428571428571427,0.12,0.14285714285714285,0.0,7,25,0.047619047619047616,0.04,25,0.10362173038229376,0.018779342723004695,71,123,0.05751173708920189,0.2032520325203252,0.9285714285714286,0.42857142857142855,7,25,0.7063492063492064,0.76,1.0,0.8253968253968254,7,25,0.9206349206349207,0.88,19,22,,,,,,,,,,,,,,,,,,,71,0.8809523809523808,0.3968253968253968,7,25,0.6507936507936508,0.64,0.9761904761904763,0.7936507936507937,7,25,0.8968253968253969,0.84,
全局置信度逐词刷新诊断,C1,global_right_neighbor_steps,,overall,fail,all,80,1020,,,,,,,0.9588937433159981,0.8999706421984568,55,893,0.9329199066912601,0.948488241881299,0.9713303170192675,0.9294651728315987,55,893,0.9520508025845569,0.961926091825308,4.285547136077192,1.2026563455827324,55,1020,2.8063675746449483,3.149019607843137,1103,0.1000537035656221,0.061348578863516814,55,1020,0.08042316504187605,0.07745098039215687,0.10284298180769849,0.06189636350993191,55,1020,0.08207605760385951,0.0784313725490196,1020,0.9353209420297677,0.8979865276715809,55,1103,0.9173077872942704,0.9247506799637353,0.8915353302000655,0.8400612847349357,55,1020,0.8662389998247986,0.8754901960784314,0.89244584956655,0.8394837029163885,55,1020,0.8662389998247986,0.8754901960784314,893,893,,,,,,,,,,,,,,,,,,,55,0.84164227742685,0.7715959163445,55,1020,0.8078226645112708,0.8303921568627451,0.8533546845267741,0.793430505556781,55,1020,0.8240874019059968,0.842156862745098,
全局置信度逐词刷新诊断,C1,global_right_neighbor_steps,,overall,fail,early,80,943,,,,,,,0.9574450617829803,0.8968053146550593,55,819,0.9308619644689696,0.9474969474969475,0.9695436841560587,0.9257822265449804,55,819,0.9492505615178538,0.9597069597069597,4.290458511774893,1.1666814949701285,55,943,2.7969008397388984,3.327677624602333,1008,0.10193349137454466,0.06258768043663941,55,943,0.08197534756933321,0.0816542948038176,0.10461209377422304,0.06323182837619702,55,943,0.08362824013131667,0.08271474019088017,943,0.9469441503329414,0.9084117799379373,55,1008,0.9286025688408183,0.935515873015873,0.8884677095994733,0.836536534677839,55,943,0.8628776858542545,0.8685047720042418,0.8891188960815213,0.8360780607273347,55,943,0.8628776858542545,0.8685047720042418,819,819,,,,,,,,,,,,,,,,,,,55,0.8384317054575646,0.7659322720975001,55,943,0.8032141251871305,0.8229056203605515,0.8488955903508675,0.7865642223796284,55,943,0.8186757249908356,0.8335100742311771,
全局置信度逐词刷新诊断,C1,global_right_neighbor_steps,,overall,fail,middle,9,71,,,,,,,1.0,0.9333333333333333,9,68,0.9777777777777779,0.9705882352941176,1.0,0.9666666666666666,9,68,0.9888888888888889,0.9852941176470589,1.0777777777777777,0.7171717171717172,9,71,0.9126262626262628,0.9859154929577465,76,0.03686868686868687,0.0,9,71,0.01565656565656566,0.028169014084507043,0.03686868686868687,0.0,9,71,0.01565656565656566,0.028169014084507043,71,1.0,0.8518518518518519,9,76,0.933862433862434,0.9342105263157895,1.0,0.9484848484848484,9,71,0.9787878787878788,0.9577464788732394,1.0,0.9474747474747475,9,71,0.9787878787878788,0.9577464788732394,68,68,,,,,,,,,,,,,,,,,,,9,1.0,0.897979797979798,9,71,0.9585858585858585,0.9295774647887324,1.0,0.9262626262626262,9,71,0.9686868686868687,0.9436619718309859,
全局置信度逐词刷新诊断,C1,global_right_neighbor_steps,,overall,fail,late,13,6,,,,,,,1.0,0.75,3,6,0.9166666666666666,0.8333333333333334,1.0,1.0,3,6,1.0,1.0,1.0,0.5,3,6,0.8333333333333334,0.6666666666666666,19,0.0,0.0,3,6,0.0,0.0,0.0,0.0,3,6,0.0,0.0,6,0.38888888888888884,0.0,12,19,0.18055555555555555,0.3157894736842105,1.0,1.0,3,6,1.0,1.0,1.0,1.0,3,6,1.0,1.0,6,6,,,,,,,,,,,,,,,,,,,12,1.0,0.75,3,6,0.9166666666666666,0.8333333333333334,1.0,1.0,3,6,1.0,1.0,
