diagnostic_name_zh,variant,record_scope,offset,reference_subset,final_verdict,generation_stage,actual_correct_to_wrong_ci95_high,actual_correct_to_wrong_ci95_low,actual_correct_to_wrong_count,actual_correct_to_wrong_metric_task_group_count,actual_correct_to_wrong_metric_transition_count,actual_correct_to_wrong_task_group_macro,actual_correct_to_wrong_transition_micro,actual_fresh_reference_retained_in_top_p_ci95_high,actual_fresh_reference_retained_in_top_p_ci95_low,actual_fresh_reference_retained_in_top_p_metric_task_group_count,actual_fresh_reference_retained_in_top_p_metric_transition_count,actual_fresh_reference_retained_in_top_p_task_group_macro,actual_fresh_reference_retained_in_top_p_transition_micro,actual_logprob_both_truncated_count,actual_logprob_negative_infinity_count,actual_logprob_positive_infinity_count,actual_reference_log_probability_delta_ci95_high,actual_reference_log_probability_delta_ci95_low,actual_reference_log_probability_delta_metric_task_group_count,actual_reference_log_probability_delta_metric_transition_count,actual_reference_log_probability_delta_task_group_macro,actual_reference_log_probability_delta_transition_micro,actual_reference_rank_improvement_ci95_high,actual_reference_rank_improvement_ci95_low,actual_reference_rank_improvement_metric_task_group_count,actual_reference_rank_improvement_metric_transition_count,actual_reference_rank_improvement_task_group_macro,actual_reference_rank_improvement_transition_micro,actual_stale_reference_retained_in_top_p_ci95_high,actual_stale_reference_retained_in_top_p_ci95_low,actual_stale_reference_retained_in_top_p_metric_task_group_count,actual_stale_reference_retained_in_top_p_metric_transition_count,actual_stale_reference_retained_in_top_p_task_group_macro,actual_stale_reference_retained_in_top_p_transition_micro,actual_wrong_to_correct_ci95_high,actual_wrong_to_correct_ci95_low,actual_wrong_to_correct_count,actual_wrong_to_correct_metric_task_group_count,actual_wrong_to_correct_metric_transition_count,actual_wrong_to_correct_task_group_macro,actual_wrong_to_correct_transition_micro,cases,raw_correct_to_wrong_ci95_high,raw_correct_to_wrong_ci95_low,raw_correct_to_wrong_count,raw_correct_to_wrong_metric_task_group_count,raw_correct_to_wrong_metric_transition_count,raw_correct_to_wrong_task_group_macro,raw_correct_to_wrong_transition_micro,raw_reference_log_probability_delta_ci95_high,raw_reference_log_probability_delta_ci95_low,raw_reference_log_probability_delta_metric_task_group_count,raw_reference_log_probability_delta_metric_transition_count,raw_reference_log_probability_delta_task_group_macro,raw_reference_log_probability_delta_transition_micro,raw_reference_rank_improvement_ci95_high,raw_reference_rank_improvement_ci95_low,raw_reference_rank_improvement_metric_task_group_count,raw_reference_rank_improvement_metric_transition_count,raw_reference_rank_improvement_task_group_macro,raw_reference_rank_improvement_transition_micro,raw_wrong_to_correct_ci95_high,raw_wrong_to_correct_ci95_low,raw_wrong_to_correct_count,raw_wrong_to_correct_metric_task_group_count,raw_wrong_to_correct_metric_transition_count,raw_wrong_to_correct_task_group_macro,raw_wrong_to_correct_transition_micro,task_groups,transitions
全局置信度逐词刷新诊断,C1,reference_direction,1,reference_prefix_aligned,all,all,0.014221006323699376,0.004125415259564516,27,164,5392,0.008497247959850027,0.005007418397626113,0.9068097045266768,0.8473946456191414,164,5392,0.8790252996615839,0.9543768545994066,228,18,62,0.038695605611751005,-0.0011108904540689574,160,5084,0.016641334861998952,0.0040086476845970125,0.04704808547814115,0.0062881159181794296,164,5392,0.02527431990287931,0.01094213649851632,0.8907829240705916,0.832559151935377,164,5392,0.863240171823814,0.9462166172106825,0.03895578149410173,0.014067740810803994,72,164,5392,0.025227137174222952,0.013353115727002967,1012,0.014717957652027,0.00464385826201218,30,164,5392,0.009018012200126463,0.00556379821958457,0.09655717859405061,0.04021759632030691,164,5392,0.0676260892994453,0.04943250247915704,0.7713331307741961,-3.1308718441287,164,5392,-0.6836585533424546,0.04747774480712166,0.037310234221381945,0.013209079694941084,72,164,5392,0.024114565581799828,0.013353115727002967,164,5392
全局置信度逐词刷新诊断,C1,reference_direction,1,reference_prefix_aligned,all,early,0.014058116947898531,0.003974086527607813,26,164,5324,0.008342850421943207,0.004883546205860256,0.9069048597680781,0.8477235786073287,164,5324,0.8791877551400753,0.9543576258452291,225,18,62,0.0387482706019151,-0.001080751847585058,160,5019,0.016706516978327025,0.004102937204710965,0.047214735502431014,0.006519372449320169,164,5324,0.02548502524948933,0.011269722013523666,0.8909872953020168,0.8326333857686942,164,5324,0.8633920705501014,0.9460931630353118,0.03901501011972079,0.014124147291345566,72,164,5324,0.025283444982926152,0.013523666416228399,1012,0.014586401807569156,0.004501869880085896,29,164,5324,0.008872065890183065,0.005447032306536439,0.09672953268155336,0.04024412183185298,164,5324,0.06773080283370664,0.04980453112177344,0.7722351910900572,-3.130247927182465,164,5324,-0.683113391711973,0.04864763335837716,0.03736460518466886,0.01328622063886056,72,164,5324,0.024179324618466447,0.013523666416228399,164,5324
全局置信度逐词刷新诊断,C1,reference_direction,1,reference_prefix_aligned,all,middle,0.0,0.0,0,7,63,0.0,0.0,1.0,0.869047619047619,7,63,0.9404761904761905,0.9682539682539683,2,0,0,0.007948248726981025,0.0,7,61,0.0026494162423270086,0.003040313720703125,0.0,0.0,7,63,0.0,0.0,1.0,0.8571428571428571,7,63,0.9404761904761905,0.9682539682539683,0.0,0.0,0,7,63,0.0,0.0,9,0.0,0.0,0,7,63,0.0,0.0,0.06216601906241951,-0.005321747217422876,7,63,0.02570116895459074,0.02563711196657211,0.0,-0.07142857142857142,7,63,-0.023809523809523808,-0.015873015873015872,0.0,0.0,0,7,63,0.0,0.0,7,63
全局置信度逐词刷新诊断,C1,reference_direction,1,reference_prefix_aligned,all,late,0.5,0.0,1,2,5,0.25,0.2,1.0,0.6666666666666666,2,5,0.8333333333333333,0.8,1,0,0,0.0,-0.1990680694580078,2,4,-0.0995340347290039,-0.0995340347290039,0.0,-0.5,2,5,-0.25,-0.2,1.0,0.6666666666666666,2,5,0.8333333333333333,0.8,0.0,0.0,0,2,5,0.0,0.0,2,0.5,0.0,1,2,5,0.25,0.2,0.13576221466064453,-0.16864426930745444,2,5,-0.016441027323404953,-0.046881675720214844,-0.3333333333333333,-0.5,2,5,-0.41666666666666663,-0.4,0.0,0.0,0,2,5,0.0,0.0,2,5
全局置信度逐词刷新诊断,C1,reference_direction,1,reference_prefix_aligned,pass,all,0.01474219104688083,0.00387335571930077,23,151,5096,0.008635962676873506,0.004513343799058085,0.9330040148456191,0.8838733305278418,151,5096,0.9100070639170992,0.9631083202511774,175,13,52,0.028292182395582382,-0.007738573286491049,149,4856,0.007955108728452703,0.003163160170126197,0.039609681615800536,0.0014590139532110846,151,5096,0.018935414453957303,0.010007849293563579,0.9196495478588231,0.8692263741449744,151,5096,0.8961100252738181,0.9554552590266876,0.029379084513740033,0.009680789035146166,61,151,5096,0.01804667282627163,0.011970172684458399,933,0.014888378121877406,0.0040215610321407665,24,151,5096,0.008814949610827327,0.004709576138147566,0.08449918640284704,0.04040146241363469,151,5096,0.06151284816107158,0.04567643864375643,0.8489552695565138,0.04929738701322967,151,5096,0.34543243589246464,0.07456828885400314,0.02906651093994502,0.009536137083104405,60,151,5096,0.017943505171035636,0.011773940345368918,151,5096
全局置信度逐词刷新诊断,C1,reference_direction,1,reference_prefix_aligned,pass,early,0.014584302915121137,0.0036873166206957174,22,151,5028,0.008459093818577347,0.004375497215592681,0.9331911283131178,0.8840612506646974,151,5028,0.9102162141159726,0.963206046141607,172,13,52,0.028389234749242705,-0.0076518493206526456,149,4791,0.008029474141222005,0.003250466038005831,0.03981056867364531,0.0017356282598648826,151,5028,0.019177831783920334,0.010342084327764518,0.9198314443686402,0.869378906914547,151,5028,0.8962979275691961,0.9554494828957836,0.029443522893682728,0.009747437503869928,61,151,5028,0.018112221297938498,0.01213206046141607,933,0.014773636329605735,0.0038662231658251086,23,151,5028,0.008648308577328529,0.004574383452665076,0.08464705195311205,0.040572849745076835,151,5028,0.06164030730400838,0.04601957073454451,0.8497814513092463,0.04989541902461969,151,5028,0.345931888797832,0.07617342879872713,0.029118660835116775,0.009596807859358647,60,151,5028,0.018019281467499867,0.011933174224343675,151,5028
全局置信度逐词刷新诊断,C1,reference_direction,1,reference_prefix_aligned,pass,middle,0.0,0.0,0,7,63,0.0,0.0,1.0,0.869047619047619,7,63,0.9404761904761905,0.9682539682539683,2,0,0,0.007948248726981025,0.0,7,61,0.0026494162423270086,0.003040313720703125,0.0,0.0,7,63,0.0,0.0,1.0,0.8571428571428571,7,63,0.9404761904761905,0.9682539682539683,0.0,0.0,0,7,63,0.0,0.0,9,0.0,0.0,0,7,63,0.0,0.0,0.06216601906241951,-0.005321747217422876,7,63,0.02570116895459074,0.02563711196657211,0.0,-0.07142857142857142,7,63,-0.023809523809523808,-0.015873015873015872,0.0,0.0,0,7,63,0.0,0.0,7,63
全局置信度逐词刷新诊断,C1,reference_direction,1,reference_prefix_aligned,pass,late,0.5,0.0,1,2,5,0.25,0.2,1.0,0.6666666666666666,2,5,0.8333333333333333,0.8,1,0,0,0.0,-0.1990680694580078,2,4,-0.0995340347290039,-0.0995340347290039,0.0,-0.5,2,5,-0.25,-0.2,1.0,0.6666666666666666,2,5,0.8333333333333333,0.8,0.0,0.0,0,2,5,0.0,0.0,2,0.5,0.0,1,2,5,0.25,0.2,0.13576221466064453,-0.16864426930745444,2,5,-0.016441027323404953,-0.046881675720214844,-0.3333333333333333,-0.5,2,5,-0.41666666666666663,-0.4,0.0,0.0,0,2,5,0.0,0.0,2,5
全局置信度逐词刷新诊断,C1,reference_direction,1,reference_prefix_aligned,fail,all,0.03212121212121212,0.0030303030303030303,4,55,296,0.01575757575757576,0.013513513513513514,0.7920009498819659,0.6476549700299701,55,296,0.7220932305959042,0.8040540540540541,53,5,10,0.06687637598805836,-0.009064453968258241,51,228,0.024724250116165383,0.022016048431396484,0.08047695441813087,-0.023888648116589292,55,296,0.027908790555849376,0.02702702702702703,0.7543125689669806,0.6153623148984111,55,296,0.6881411042908369,0.7871621621621622,0.08641358641358642,0.01966033966033966,11,55,296,0.049920079920079914,0.037162162162162164,79,0.03939393939393939,0.006233766233766234,6,55,296,0.021385281385281382,0.02027027027027027,0.22607781388631135,0.013253741453716142,55,296,0.12072046881336085,0.11409770959132426,1.3138926801065833,-9.550543129924149,55,296,-2.489476990626723,-0.4189189189189189,0.08645049231813932,0.018803451450510277,12,55,296,0.04937343702049584,0.04054054054054054,55,296
全局置信度逐词刷新诊断,C1,reference_direction,1,reference_prefix_aligned,fail,early,0.03212121212121212,0.0030303030303030303,4,55,296,0.01575757575757576,0.013513513513513514,0.7920009498819659,0.6476549700299701,55,296,0.7220932305959042,0.8040540540540541,53,5,10,0.06687637598805836,-0.009064453968258241,51,228,0.024724250116165383,0.022016048431396484,0.08047695441813087,-0.023888648116589292,55,296,0.027908790555849376,0.02702702702702703,0.7543125689669806,0.6153623148984111,55,296,0.6881411042908369,0.7871621621621622,0.08641358641358642,0.01966033966033966,11,55,296,0.049920079920079914,0.037162162162162164,79,0.03939393939393939,0.006233766233766234,6,55,296,0.021385281385281382,0.02027027027027027,0.22607781388631135,0.013253741453716142,55,296,0.12072046881336085,0.11409770959132426,1.3138926801065833,-9.550543129924149,55,296,-2.489476990626723,-0.4189189189189189,0.08645049231813932,0.018803451450510277,12,55,296,0.04937343702049584,0.04054054054054054,55,296
全局置信度逐词刷新诊断,C1,reference_direction,1,predecessor_correct,all,all,0.013578901212350896,0.004022280802996675,30,164,5718,0.008093703112085146,0.005246589716684155,0.894016626515459,0.8350872227518422,164,5718,0.8663351713596061,0.9422875131164743,309,21,73,0.0370376045228507,0.0014665510996138918,160,5315,0.017463936099590627,0.005732815689560611,0.04427875180163719,0.009561412976390885,164,5718,0.025407848074972948,0.012941587967820916,0.8769201105480451,0.8169574803617843,164,5718,0.8486405471204007,0.9331934242742218,0.041558826796852785,0.0171455379650486,90,164,5718,0.028231327957516313,0.015739769150052464,1017,0.014067442953649803,0.0044494822354788814,33,164,5718,0.00857617637893604,0.005771248688352571,0.10202900259732628,0.050217150657191886,164,5718,0.0751124351763687,0.05288809794318888,0.8409662090458013,-1.8797260225708945,164,5718,-0.22574608403023763,0.0708289611752361,0.0394920193059017,0.015779685305654635,89,164,5718,0.026732755748816436,0.015564882826162994,164,5718
全局置信度逐词刷新诊断,C1,reference_direction,1,predecessor_correct,all,early,0.013465870794221303,0.003878987820123014,29,164,5650,0.007950445093891994,0.005132743362831859,0.8942511753748498,0.8352600756688224,164,5650,0.8664650876585481,0.9421238938053097,306,21,73,0.037044518074742586,0.0015535287809673407,160,5250,0.017525161977720465,0.005844303312755766,0.044457637817201544,0.009749737434622301,164,5650,0.025608483757495606,0.01327433628318584,0.87705567106691,0.8171474151131838,164,5650,0.8487613716608732,0.9329203539823009,0.04161296746555423,0.017213867037498762,90,164,5650,0.028284861611774514,0.01592920353982301,1017,0.013897467792206979,0.004332949697391774,32,164,5650,0.00844017736190433,0.005663716814159292,0.10210225067822282,0.05029442759862342,164,5650,0.07516912003536311,0.05328025032988692,0.841891843417954,-1.8784922554003582,164,5650,-0.22485149476928212,0.07221238938053097,0.03955511685869299,0.015829745520281487,89,164,5650,0.026793548404236082,0.01575221238938053,164,5650
全局置信度逐词刷新诊断,C1,reference_direction,1,predecessor_correct,all,middle,0.0,0.0,0,7,63,0.0,0.0,1.0,0.869047619047619,7,63,0.9404761904761905,0.9682539682539683,2,0,0,0.007948248726981025,0.0,7,61,0.0026494162423270086,0.003040313720703125,0.0,0.0,7,63,0.0,0.0,1.0,0.8571428571428571,7,63,0.9404761904761905,0.9682539682539683,0.0,0.0,0,7,63,0.0,0.0,9,0.0,0.0,0,7,63,0.0,0.0,0.06216601906241951,-0.005321747217422876,7,63,0.02570116895459074,0.02563711196657211,0.0,-0.07142857142857142,7,63,-0.023809523809523808,-0.015873015873015872,0.0,0.0,0,7,63,0.0,0.0,7,63
全局置信度逐词刷新诊断,C1,reference_direction,1,predecessor_correct,all,late,0.5,0.0,1,2,5,0.25,0.2,1.0,0.6666666666666666,2,5,0.8333333333333333,0.8,1,0,0,0.0,-0.1990680694580078,2,4,-0.0995340347290039,-0.0995340347290039,0.0,-0.5,2,5,-0.25,-0.2,1.0,0.6666666666666666,2,5,0.8333333333333333,0.8,0.0,0.0,0,2,5,0.0,0.0,2,0.5,0.0,1,2,5,0.25,0.2,0.13576221466064453,-0.16864426930745444,2,5,-0.016441027323404953,-0.046881675720214844,-0.3333333333333333,-0.5,2,5,-0.41666666666666663,-0.4,0.0,0.0,0,2,5,0.0,0.0,2,5
全局置信度逐词刷新诊断,C1,reference_direction,1,predecessor_correct,pass,all,0.013694829059897707,0.003472098127621872,24,151,5369,0.007830619853199355,0.004470106165021419,0.9235150112551272,0.873273408029104,151,5369,0.9000642342350562,0.9534363941143602,236,14,60,0.02563641900346577,-0.0049471342725564285,149,5059,0.008554420147800347,0.00473139940643763,0.03841082358296678,0.005459440855074489,151,5369,0.020012775281554984,0.011920283106723785,0.9085124956061476,0.8574672412221298,151,5369,0.8846418779957606,0.9448686906314024,0.0338721477257427,0.012326106647938933,75,151,5369,0.021665123647247105,0.013969081765691935,937,0.013808302997482529,0.0035687617010410743,25,151,5369,0.00799618276710664,0.004656360588563979,0.08850599970189725,0.045427090981955826,151,5369,0.06612858699034198,0.049189481417278844,0.864165619514269,0.06273337193399092,151,5369,0.3685666392541012,0.08679456137083255,0.03334285339867756,0.011850640018953284,73,151,5369,0.021157792601711876,0.013596572918606817,151,5369
全局置信度逐词刷新诊断,C1,reference_direction,1,predecessor_correct,pass,early,0.01348627779170728,0.003306302664457133,23,151,5301,0.007667144414959931,0.004338803999245426,0.9236095949421078,0.873442784656322,151,5301,0.9002435596502134,0.953405017921147,233,14,60,0.02567113751547636,-0.004889245414965752,149,4994,0.00862434116618142,0.00483556800142593,0.03861310532483093,0.005694358933869323,151,5301,0.020242742035484606,0.012261837389171854,0.9087186040311621,0.8576271668088292,151,5301,0.8848024303583892,0.9447274099226561,0.03391234297180274,0.012402948076250133,75,151,5301,0.021727440011601585,0.014148273910582909,937,0.01363104346737766,0.003443593724431445,24,151,5301,0.007841421166441282,0.004527447651386531,0.08850573930957377,0.04549823723667539,151,5301,0.06620092717944974,0.04956000680137279,0.8647796980265746,0.06308228577196393,151,5301,0.3689862211471118,0.08847387285417846,0.033424711169783544,0.01193086421542155,73,151,5301,0.021228822803640426,0.013770986606300698,151,5301
全局置信度逐词刷新诊断,C1,reference_direction,1,predecessor_correct,pass,middle,0.0,0.0,0,7,63,0.0,0.0,1.0,0.869047619047619,7,63,0.9404761904761905,0.9682539682539683,2,0,0,0.007948248726981025,0.0,7,61,0.0026494162423270086,0.003040313720703125,0.0,0.0,7,63,0.0,0.0,1.0,0.8571428571428571,7,63,0.9404761904761905,0.9682539682539683,0.0,0.0,0,7,63,0.0,0.0,9,0.0,0.0,0,7,63,0.0,0.0,0.06216601906241951,-0.005321747217422876,7,63,0.02570116895459074,0.02563711196657211,0.0,-0.07142857142857142,7,63,-0.023809523809523808,-0.015873015873015872,0.0,0.0,0,7,63,0.0,0.0,7,63
全局置信度逐词刷新诊断,C1,reference_direction,1,predecessor_correct,pass,late,0.5,0.0,1,2,5,0.25,0.2,1.0,0.6666666666666666,2,5,0.8333333333333333,0.8,1,0,0,0.0,-0.1990680694580078,2,4,-0.0995340347290039,-0.0995340347290039,0.0,-0.5,2,5,-0.25,-0.2,1.0,0.6666666666666666,2,5,0.8333333333333333,0.8,0.0,0.0,0,2,5,0.0,0.0,2,0.5,0.0,1,2,5,0.25,0.2,0.13576221466064453,-0.16864426930745444,2,5,-0.016441027323404953,-0.046881675720214844,-0.3333333333333333,-0.5,2,5,-0.41666666666666663,-0.4,0.0,0.0,0,2,5,0.0,0.0,2,5
全局置信度逐词刷新诊断,C1,reference_direction,1,predecessor_correct,fail,all,0.03372294372294372,0.003463203463203463,6,55,349,0.01683982683982684,0.017191977077363897,0.7696651655539213,0.6421524705358437,55,349,0.7084402005933104,0.7707736389684814,73,7,13,0.06532037532351391,-0.007478784242035186,52,256,0.02512106490460706,0.025522522628307343,0.07664598393366334,-0.02336935716241936,55,349,0.02628267178506413,0.02865329512893983,0.7366288016874141,0.609434731514277,55,349,0.6750169731030974,0.7535816618911175,0.08572556390977441,0.02338586997797524,15,55,349,0.05189007873218399,0.04297994269340974,80,0.03984902597402596,0.006926406926406926,8,55,349,0.02170995670995671,0.022922636103151862,0.23162898126226167,0.06257512385670104,55,349,0.1429502323562695,0.10978744501370755,1.569511746825742,-5.959896563032927,55,349,-1.1591194699328669,-0.17478510028653296,0.08525568109898252,0.022673628515733776,16,55,349,0.0508635454568469,0.045845272206303724,55,349
全局置信度逐词刷新诊断,C1,reference_direction,1,predecessor_correct,fail,early,0.03372294372294372,0.003463203463203463,6,55,349,0.01683982683982684,0.017191977077363897,0.7696651655539213,0.6421524705358437,55,349,0.7084402005933104,0.7707736389684814,73,7,13,0.06532037532351391,-0.007478784242035186,52,256,0.02512106490460706,0.025522522628307343,0.07664598393366334,-0.02336935716241936,55,349,0.02628267178506413,0.02865329512893983,0.7366288016874141,0.609434731514277,55,349,0.6750169731030974,0.7535816618911175,0.08572556390977441,0.02338586997797524,15,55,349,0.05189007873218399,0.04297994269340974,80,0.03984902597402596,0.006926406926406926,8,55,349,0.02170995670995671,0.022922636103151862,0.23162898126226167,0.06257512385670104,55,349,0.1429502323562695,0.10978744501370755,1.569511746825742,-5.959896563032927,55,349,-1.1591194699328669,-0.17478510028653296,0.08525568109898252,0.022673628515733776,16,55,349,0.0508635454568469,0.045845272206303724,55,349
全局置信度逐词刷新诊断,C1,reference_direction,1,overall,all,all,0.015223683947692178,0.008905640248700502,75,164,7133,0.011965827618954428,0.01051451002383289,0.7365466165394066,0.6477675476351478,164,7133,0.6939001067138089,0.770783681480443,1559,76,77,0.03111835188854289,0.00039109025546668527,160,5421,0.01451928313216234,0.005713995346128446,0.019056462337511425,0.0026770287088084704,164,7133,0.010774049313196634,0.01135567082573952,0.7372072762525503,0.648763419411959,164,7133,0.6934797547941737,0.7706434880134586,0.01894149290713577,0.010567692563163185,93,164,7133,0.014467748699589807,0.013037992429552782,1027,0.015461138415976487,0.00912683001308442,77,164,7133,0.012201504131238942,0.010794896957801767,-0.6202517987328664,-0.8691228347378337,164,7133,-0.7429475509354422,-0.5672942372403238,-151.11246582058908,-531.878711221852,164,7133,-310.5394749139916,-243.88391980933687,0.0181160494468434,0.00982822609958074,92,164,7133,0.013679231138778997,0.012897798962568345,164,7133
全局置信度逐词刷新诊断,C1,reference_direction,1,overall,all,early,0.015116755912179118,0.008747987327145964,73,164,7010,0.011841545172094304,0.010413694721825963,0.7388129578612322,0.6500213613375163,164,7010,0.6961063771966254,0.7748930099857346,1503,75,77,0.03132127948860532,0.0006190652336400705,160,5355,0.014748421334697651,0.005931687199212367,0.019593690343059682,0.002907148081266786,164,7010,0.011176597279821126,0.011982881597717546,0.7389083038159825,0.6510124784924742,164,7010,0.6955223909775696,0.7746077032810271,0.019200100744337263,0.010750041721622765,93,164,7010,0.01469016075905612,0.01326676176890157,1027,0.015355336695010654,0.009035873209413306,75,164,7010,0.012083474594470194,0.010699001426533523,-0.6163266793229597,-0.8693611630540922,164,7010,-0.7406477437415698,-0.5578217783940161,-142.59564699055724,-544.869826162833,164,7010,-305.67633802781506,-226.31098430813125,0.018386533815654627,0.010012638779859208,92,164,7010,0.013904816532086374,0.013124108416547788,164,7010
全局置信度逐词刷新诊断,C1,reference_direction,1,overall,all,middle,0.17647058823529413,0.0,1,17,115,0.058823529411764705,0.008695652173913044,0.5764705882352942,0.15294117647058825,17,115,0.3557677616501146,0.5391304347826087,52,1,0,0.006954717636108398,-0.21597719192504883,8,62,-0.06967415809631347,-0.006298065185546875,0.014705882352941176,-0.21524064171122995,17,115,-0.07553475935828878,-0.008695652173913044,0.6445378151260505,0.2081111535523301,17,115,0.4145912910618793,0.5478260869565217,0.0,0.0,0,17,115,0.0,0.0,19,0.17647058823529413,0.0,1,17,115,0.058823529411764705,0.008695652173913044,-0.9522493412329416,-3.209723547962358,17,115,-1.9041923506636196,-1.1009861324144445,-54.69970588235295,-2468.130702189967,17,115,-902.0640692640691,-1333.6869565217391,0.0,0.0,0,17,115,0.0,0.0,17,115
全局置信度逐词刷新诊断,C1,reference_direction,1,overall,all,late,0.5,0.0,1,3,8,0.16666666666666666,0.125,1.0,0.0,3,8,0.4666666666666666,0.5,4,0,0,0.0,-0.1990680694580078,2,4,-0.0995340347290039,-0.0995340347290039,0.0,-0.5,3,8,-0.2333333333333333,-0.25,1.0,0.0,3,8,0.4666666666666666,0.5,0.0,0.0,0,3,8,0.0,0.0,3,0.5,0.0,1,3,8,0.16666666666666666,0.125,0.13576221466064453,-1.989743995666504,3,8,-0.5808362325032552,-1.195715308189392,207.0,-3.2000000000000006,3,8,67.76666666666667,23.75,0.0,0.0,0,3,8,0.0,0.0,3,8
全局置信度逐词刷新诊断,C1,reference_direction,1,overall,pass,all,0.010699945133247846,0.005390288171351913,46,151,6333,0.007924430765053192,0.007263540186325596,0.8092887153198202,0.7261700208819022,151,6333,0.7688986753101866,0.8218853623874941,1085,43,64,0.025503396144535985,-0.005212185252693626,149,5141,0.008300821769049888,0.004924397226484618,0.01815533220167236,0.0038786168517278875,151,6333,0.010769004409226906,0.010737407231959577,0.8031741840123134,0.7202308387002886,151,6333,0.7630879873046446,0.8185693983893889,0.01783363446291918,0.009354679349976162,78,151,6333,0.013155728770007358,0.01231643770724775,947,0.01069913331772905,0.00541014006149016,46,151,6333,0.007931644835375949,0.007263540186325596,-0.4130890667520858,-0.6367592061661907,151,6333,-0.519672624889436,-0.4138508678028487,-113.61853360620869,-342.13508430173806,151,6333,-216.7226533979365,-175.9123638086215,0.01719162841967806,0.00871945739156718,76,151,6333,0.012609824572295085,0.012000631612190116,151,6333
全局置信度逐词刷新诊断,C1,reference_direction,1,overall,pass,early,0.010645400504409548,0.005317614030132725,45,151,6235,0.007868142627926025,0.007217321571772253,0.8098313135867485,0.7272175654367898,151,6235,0.7698065120921975,0.8243785084202085,1052,43,64,0.025550670691999167,-0.005153549451772152,149,5076,0.008368332112821092,0.00502935444115653,0.01877921412124188,0.004261452498762163,151,6235,0.011271326312492221,0.011387329591018444,0.8040497422289958,0.7214876631059054,151,6235,0.7639788554571658,0.8210104250200481,0.017969963681671298,0.009458506405895661,78,151,6235,0.013277724113618175,0.012510024057738572,947,0.010627736860516756,0.005376975573082653,45,151,6235,0.007880656831547136,0.007217321571772253,-0.4126063165332331,-0.6371634397499861,151,6235,-0.5197676555362623,-0.40826658456920145,-114.17065704737213,-342.48985097536786,151,6235,-217.39036682751058,-177.6375300721732,0.017305023082184862,0.008830086246507923,76,151,6235,0.012737120049204253,0.01218925421010425,151,6235
全局置信度逐词刷新诊断,C1,reference_direction,1,overall,pass,middle,0.0,0.0,0,11,91,0.0,0.0,0.8103896103896104,0.26883116883116887,11,91,0.5415584415584415,0.6703296703296703,30,0,0,0.007948248726981025,0.0,7,61,0.0026494162423270086,0.003040313720703125,0.022727272727272728,-0.10227272727272728,11,91,-0.03409090909090909,-0.01098901098901099,0.8142857142857142,0.2727272727272727,11,91,0.5415584415584415,0.6703296703296703,0.0,0.0,0,11,91,0.0,0.0,13,0.0,0.0,0,11,91,0.0,0.0,-0.3524473615793083,-1.3264841816822688,11,91,-0.8273585526815382,-0.7219581918402033,-21.56883116883117,-171.1147186147186,11,91,-89.9965367965368,-71.05494505494505,0.0,0.0,0,11,91,0.0,0.0,11,91
全局置信度逐词刷新诊断,C1,reference_direction,1,overall,pass,late,0.5,0.0,1,2,7,0.25,0.14285714285714285,1.0,0.4,2,7,0.7,0.5714285714285714,3,0,0,0.0,-0.1990680694580078,2,4,-0.0995340347290039,-0.0995340347290039,-0.2,-0.5,2,7,-0.35,-0.2857142857142857,1.0,0.4,2,7,0.7,0.5714285714285714,0.0,0.0,0,2,7,0.0,0.0,2,0.5,0.0,1,2,7,0.25,0.14285714285714285,0.13576221466064453,-1.989743995666504,2,7,-0.9269908905029297,-1.3824565070016044,-0.5,-3.2,2,7,-1.85,-2.4285714285714284,0.0,0.0,0,2,7,0.0,0.0,2,7
全局置信度逐词刷新诊断,C1,reference_direction,1,overall,fail,all,0.055785398523271794,0.02479718455663019,29,55,800,0.039661759622987146,0.03625,0.45875706071183014,0.32817667497361913,55,800,0.3930526643278513,0.36625,474,33,13,0.042738009878924545,-0.011593935483422151,52,280,0.015555063428803627,0.02021158082144601,0.03506057164579958,-0.024005163937851303,55,800,0.005244719650389275,0.01625,0.4776548412676222,0.3457322928943534,55,800,0.4115282066194984,0.39125,0.036088420492163785,0.00910663934995486,15,55,800,0.020709231350942582,0.01875,80,0.058280311175378005,0.027111064555071316,31,55,800,0.042271589984013674,0.03875,-1.519650917442796,-1.966922782834836,55,800,-1.7469230423210516,-1.7819903105497361,-224.04489736019494,-1491.9626591756282,55,800,-766.7775709655624,-781.96375,0.036081807910777114,0.009284881426684856,16,55,800,0.020572248658178954,0.02,55,800
全局置信度逐词刷新诊断,C1,reference_direction,1,overall,fail,early,0.054967834323354926,0.023926351726166507,28,55,775,0.03887741851606539,0.03612903225806452,0.46479016070405565,0.33306081863378506,55,775,0.3987812207635082,0.3767741935483871,451,32,13,0.04401285625665879,-0.010046752439247594,52,279,0.01690958618628144,0.022348321894163727,0.03528591912237834,-0.024410043508303725,55,775,0.005110479661636041,0.016774193548387096,0.483574330512905,0.3498381008832787,55,775,0.41630713269203523,0.4012903225806452,0.036637964379089547,0.009364205969469129,15,55,775,0.021094964189214388,0.01935483870967742,80,0.057592018557447305,0.026557151218483455,30,55,775,0.041540412088149875,0.03870967741935484,-1.5025248635253425,-1.9616429618706346,55,775,-1.7342507525979503,-1.7610174345201062,-182.30372634008242,-1482.5293364616814,55,775,-711.1693078529183,-617.8967741935484,0.036538310382216034,0.009542671504611891,16,55,775,0.020957981496450763,0.02064516129032258,55,775
全局置信度逐词刷新诊断,C1,reference_direction,1,overall,fail,middle,0.5,0.0,1,6,24,0.16666666666666666,0.041666666666666664,0.04545454545454545,0.0,6,24,0.015151515151515152,0.041666666666666664,22,1,0,-0.5759391784667969,-0.5759391784667969,1,1,-0.5759391784667969,-0.5759391784667969,0.04545454545454545,-0.5,6,24,-0.15151515151515152,0.0,0.5151515151515151,0.0,6,24,0.1818181818181818,0.08333333333333333,0.0,0.0,0,6,24,0.0,0.0,6,0.5,0.0,1,6,24,0.16666666666666666,0.041666666666666664,-1.9183280012824317,-6.579098701477051,6,24,-3.8783876469641023,-2.53813374042511,-40.800000000000004,-6740.7986363636355,6,24,-2390.854545454545,-6121.166666666667,0.0,0.0,0,6,24,0.0,0.0,6,24
全局置信度逐词刷新诊断,C1,reference_direction,1,overall,fail,late,0.0,0.0,0,1,1,0.0,0.0,0.0,0.0,1,1,0.0,0.0,1,0,0,,,0,0,,,0.0,0.0,1,1,0.0,0.0,0.0,0.0,1,1,0.0,0.0,0.0,0.0,0,1,1,0.0,0.0,1,0.0,0.0,0,1,1,0.0,0.0,0.11147308349609375,0.11147308349609375,1,1,0.11147308349609375,0.11147308349609375,207.0,207.0,1,1,207.0,207.0,0.0,0.0,0,1,1,0.0,0.0,1,1
全局置信度逐词刷新诊断,C1,reference_direction,2,reference_prefix_aligned,all,all,0.01789630106594449,0.004104937327438236,23,157,4330,0.009665233655940847,0.005311778290993071,0.8947434762666286,0.8223588666041016,157,4330,0.8601907517649853,0.9501154734411086,194,22,125,0.02962917599346301,0.0022072339602878855,149,3989,0.01594486328533877,0.015841701868095026,0.09496418810823391,0.04069176370946375,157,4330,0.06654826361825766,0.03995381062355658,0.8516164433053708,0.7730029576502216,157,4330,0.8144189897071022,0.9263279445727483,0.0684413158379556,0.03338727572103198,146,157,4330,0.049042271764812684,0.033718244803695153,976,0.017807972555664565,0.004136965210744026,23,157,4330,0.009665233655940847,0.005311778290993071,0.3735233387404395,0.24752653792404192,157,4330,0.30992159816292797,0.2464924711002764,5.452361279743754,0.6965583097472919,157,4330,2.422413900449872,0.6621247113163973,0.06834791539578053,0.03328685285310258,144,157,4330,0.04891901205794956,0.03325635103926097,157,4330
全局置信度逐词刷新诊断,C1,reference_direction,2,reference_prefix_aligned,all,early,0.01767182039448186,0.003891871570635164,22,157,4273,0.009445598250713526,0.005148607535689211,0.8950195925439856,0.8226753223816966,157,4273,0.8603690351601931,0.9499180903346595,192,22,125,0.030037823233210525,0.002654739363555292,149,3934,0.01639446102426571,0.016361981766685716,0.09521725812431464,0.041143409906820735,157,4273,0.06693218229494516,0.04072080505499649,0.8516813257150997,0.772931488107782,157,4273,0.8145124635318445,0.9258132459630236,0.06856148849194514,0.03349910104661212,146,157,4273,0.049203186083280274,0.03416803182775568,976,0.01755678178627948,0.003909768962951746,22,157,4273,0.009445598250713526,0.005148607535689211,0.37377825411611415,0.24768472247351384,157,4273,0.3101862786228116,0.24713923683943192,5.452553383318588,0.6976815426828222,157,4273,2.4227714641755536,0.6707231453311491,0.06850514769757662,0.033473632008560815,144,157,4273,0.04907208225480189,0.033699976597238473,157,4273
全局置信度逐词刷新诊断,C1,reference_direction,2,reference_prefix_aligned,all,middle,0.0,0.0,0,6,54,0.0,0.0,1.0,0.8333333333333334,6,54,0.9444444444444443,0.9814814814814815,1,0,0,0.0,-0.011189566718207465,6,53,-0.0037298555727358217,-0.0038002302061836673,0.0,0.0,6,54,0.0,0.0,1.0,0.8333333333333334,6,54,0.9444444444444443,0.9814814814814815,0.0,0.0,0,6,54,0.0,0.0,7,0.0,0.0,0,6,54,0.0,0.0,0.5112309825139415,0.11874371706837356,6,54,0.27911926359439937,0.22895350279631438,0.16666666666666666,0.0,6,54,0.05555555555555555,0.018518518518518517,0.0,0.0,0,6,54,0.0,0.0,6,54
全局置信度逐词刷新诊断,C1,reference_direction,2,reference_prefix_aligned,all,late,1.0,0.0,1,2,3,0.5,0.3333333333333333,1.0,0.5,2,3,0.75,0.6666666666666666,1,0,0,0.0,-0.9740753173828125,2,2,-0.48703765869140625,-0.48703765869140625,0.0,-1.0,2,3,-0.5,-0.3333333333333333,1.0,0.5,2,3,0.75,0.6666666666666666,0.0,0.0,0,2,3,0.0,0.0,2,1.0,0.0,1,2,3,0.5,0.3333333333333333,-0.2867155075073242,-0.39516639709472656,2,3,-0.3409409523010254,-0.35901610056559247,0.5,-1.0,2,3,-0.25,0.0,0.0,0.0,0,2,3,0.0,0.0,2,3
全局置信度逐词刷新诊断,C1,reference_direction,2,reference_prefix_aligned,pass,all,0.01893085494316956,0.0037834714598485785,18,148,4125,0.010224513609560082,0.004363636363636364,0.9190005252950979,0.8511683163111309,148,4125,0.8864588351230575,0.959030303030303,152,17,110,0.026641354313305783,-0.0005639700013793543,143,3846,0.013096929721255264,0.01595997128459357,0.0836304204783754,0.03132014048606629,148,4125,0.056021108290957564,0.037333333333333336,0.8806237873768986,0.8094352339310302,148,4125,0.8472957851102091,0.9364848484848485,0.05392310479445374,0.027576478420680048,130,148,4125,0.03994849211299274,0.03151515151515152,908,0.019056029866009693,0.003782341800687721,18,148,4125,0.010224513609560082,0.004363636363636364,0.3512297554702534,0.23202412618589835,148,4125,0.29072879611715513,0.23924235650264855,5.470648753532674,0.5726412676210351,148,4125,2.398673989134237,0.616,0.05301407493248126,0.02703213267051872,127,148,4125,0.03927322692011933,0.030787878787878788,148,4125
全局置信度逐词刷新诊断,C1,reference_direction,2,reference_prefix_aligned,pass,early,0.018692597793908278,0.0035960209255555074,17,148,4068,0.009983200868247341,0.004178957718780727,0.9192446070731678,0.8513885691746292,148,4068,0.8866870955148892,0.9589478859390363,150,17,110,0.027093325899441374,-7.950105344069047e-05,143,3791,0.013590740058426686,0.016501592476617626,0.08412468826116667,0.03174702696514888,148,4068,0.056459717767690216,0.038102261553588986,0.8807836178805247,0.8094940062186324,148,4068,0.847425654226609,0.9360865290068829,0.054166925161291186,0.027732491148721415,130,148,4068,0.040142215026657005,0.0319567354965585,908,0.01881041252759917,0.0035600730458576276,17,148,4068,0.009983200868247341,0.004178957718780727,0.3514036663105517,0.23206427881735286,148,4068,0.29103669414118,0.23982012775912515,5.471482229666039,0.5737857475330473,148,4068,2.3989039838306083,0.6243854473942969,0.05322706206161583,0.027189949870465777,127,148,4068,0.03945801232484609,0.03121927236971485,148,4068
全局置信度逐词刷新诊断,C1,reference_direction,2,reference_prefix_aligned,pass,middle,0.0,0.0,0,6,54,0.0,0.0,1.0,0.8333333333333334,6,54,0.9444444444444443,0.9814814814814815,1,0,0,0.0,-0.011189566718207465,6,53,-0.0037298555727358217,-0.0038002302061836673,0.0,0.0,6,54,0.0,0.0,1.0,0.8333333333333334,6,54,0.9444444444444443,0.9814814814814815,0.0,0.0,0,6,54,0.0,0.0,7,0.0,0.0,0,6,54,0.0,0.0,0.5112309825139415,0.11874371706837356,6,54,0.27911926359439937,0.22895350279631438,0.16666666666666666,0.0,6,54,0.05555555555555555,0.018518518518518517,0.0,0.0,0,6,54,0.0,0.0,6,54
全局置信度逐词刷新诊断,C1,reference_direction,2,reference_prefix_aligned,pass,late,1.0,0.0,1,2,3,0.5,0.3333333333333333,1.0,0.5,2,3,0.75,0.6666666666666666,1,0,0,0.0,-0.9740753173828125,2,2,-0.48703765869140625,-0.48703765869140625,0.0,-1.0,2,3,-0.5,-0.3333333333333333,1.0,0.5,2,3,0.75,0.6666666666666666,0.0,0.0,0,2,3,0.0,0.0,2,1.0,0.0,1,2,3,0.5,0.3333333333333333,-0.2867155075073242,-0.39516639709472656,2,3,-0.3409409523010254,-0.35901610056559247,0.5,-1.0,2,3,-0.25,0.0,0.0,0.0,0,2,3,0.0,0.0,2,3
全局置信度逐词刷新诊断,C1,reference_direction,2,reference_prefix_aligned,fail,all,0.06770833333333333,0.006944444444444444,5,48,205,0.03472222222222222,0.024390243902439025,0.7500084738756613,0.5436505869708994,48,205,0.6496941137566138,0.7707317073170732,42,5,15,0.06274645065496333,-0.08026460600592654,37,143,-0.003586364949278987,0.012660833505483774,0.1984660218253968,-0.03087260251322751,48,205,0.08073743386243386,0.09268292682926829,0.670593998015873,0.4691949818121693,48,205,0.571916335978836,0.7219512195121951,0.15168650793650792,0.03715277777777778,16,48,205,0.0884920634920635,0.07804878048780488,68,0.06770833333333333,0.006944444444444444,5,48,205,0.03472222222222222,0.024390243902439025,0.6867777704393302,0.30829251574667754,48,205,0.49249553311833,0.392378923369617,3.4533035714285707,0.8523970734126985,48,205,2.0078373015873017,1.5902439024390245,0.15474537037037037,0.03912037037037037,17,48,205,0.09080687830687832,0.08292682926829269,48,205
全局置信度逐词刷新诊断,C1,reference_direction,2,reference_prefix_aligned,fail,early,0.06770833333333333,0.006944444444444444,5,48,205,0.03472222222222222,0.024390243902439025,0.7500084738756613,0.5436505869708994,48,205,0.6496941137566138,0.7707317073170732,42,5,15,0.06274645065496333,-0.08026460600592654,37,143,-0.003586364949278987,0.012660833505483774,0.1984660218253968,-0.03087260251322751,48,205,0.08073743386243386,0.09268292682926829,0.670593998015873,0.4691949818121693,48,205,0.571916335978836,0.7219512195121951,0.15168650793650792,0.03715277777777778,16,48,205,0.0884920634920635,0.07804878048780488,68,0.06770833333333333,0.006944444444444444,5,48,205,0.03472222222222222,0.024390243902439025,0.6867777704393302,0.30829251574667754,48,205,0.49249553311833,0.392378923369617,3.4533035714285707,0.8523970734126985,48,205,2.0078373015873017,1.5902439024390245,0.15474537037037037,0.03912037037037037,17,48,205,0.09080687830687832,0.08292682926829269,48,205
全局置信度逐词刷新诊断,C1,reference_direction,2,predecessor_correct,all,all,0.018366700402671906,0.0049154637938019965,27,159,4564,0.010552595186751012,0.005915863277826468,0.8840326176191509,0.8158190250506991,159,4564,0.851631699382711,0.9373356704645048,259,27,130,0.027819908187934502,0.0015049836486696858,152,4148,0.014911525387751576,0.01601816672138446,0.09858086998506643,0.043133885009775386,159,4564,0.06897411554025766,0.03987730061349693,0.844075930546073,0.7697906119698974,159,4564,0.8091436424884739,0.9147677475898335,0.06695941551756215,0.03293122522588736,154,159,4564,0.04815584918447055,0.03374233128834356,987,0.01867712207300328,0.005041498367830577,27,159,4564,0.010552595186751012,0.005915863277826468,0.32543807985457784,0.1860763025009026,159,4564,0.25608489023430986,0.22396350909909274,4.8525463517615535,-1.1071332176496516,159,4564,1.524762589241167,0.5988168273444348,0.06562659054100387,0.032233529103534594,151,159,4564,0.0472802981475491,0.03308501314636284,159,4564
全局置信度逐词刷新诊断,C1,reference_direction,2,predecessor_correct,all,early,0.0181027983414122,0.004694885513600508,26,159,4507,0.010342951580880992,0.005768804082538274,0.8841141929043606,0.815890847096826,159,4507,0.8517720488835633,0.9369869092522742,257,27,130,0.02835692436995535,0.001895125527364261,152,4093,0.015343700750533233,0.016520606664699067,0.09916045698194256,0.04347409873329656,159,4507,0.06933898838466022,0.040603505657865545,0.8440201425529278,0.7699881250403244,159,4507,0.8092014170352414,0.9141335700022187,0.06718816977788267,0.03311834579536804,154,159,4507,0.04830775184677771,0.03416907033503439,987,0.018438056583698275,0.004843985817564972,26,159,4507,0.010342951580880992,0.005768804082538274,0.32546927434727846,0.1862094881586403,159,4507,0.25625751769649574,0.22429177161725206,4.853197886642555,-1.106787762064862,159,4507,1.5228418479424273,0.606168182826714,0.06578596427982655,0.032385342848390675,151,159,4507,0.04742497171999868,0.033503439094741516,159,4507
全局置信度逐词刷新诊断,C1,reference_direction,2,predecessor_correct,all,middle,0.0,0.0,0,6,54,0.0,0.0,1.0,0.8333333333333334,6,54,0.9444444444444443,0.9814814814814815,1,0,0,0.0,-0.011189566718207465,6,53,-0.0037298555727358217,-0.0038002302061836673,0.0,0.0,6,54,0.0,0.0,1.0,0.8333333333333334,6,54,0.9444444444444443,0.9814814814814815,0.0,0.0,0,6,54,0.0,0.0,7,0.0,0.0,0,6,54,0.0,0.0,0.5112309825139415,0.11874371706837356,6,54,0.27911926359439937,0.22895350279631438,0.16666666666666666,0.0,6,54,0.05555555555555555,0.018518518518518517,0.0,0.0,0,6,54,0.0,0.0,6,54
全局置信度逐词刷新诊断,C1,reference_direction,2,predecessor_correct,all,late,1.0,0.0,1,2,3,0.5,0.3333333333333333,1.0,0.5,2,3,0.75,0.6666666666666666,1,0,0,0.0,-0.9740753173828125,2,2,-0.48703765869140625,-0.48703765869140625,0.0,-1.0,2,3,-0.5,-0.3333333333333333,1.0,0.5,2,3,0.75,0.6666666666666666,0.0,0.0,0,2,3,0.0,0.0,2,1.0,0.0,1,2,3,0.5,0.3333333333333333,-0.2867155075073242,-0.39516639709472656,2,3,-0.3409409523010254,-0.35901610056559247,0.5,-1.0,2,3,-0.25,0.0,0.0,0.0,0,2,3,0.0,0.0,2,3
全局置信度逐词刷新诊断,C1,reference_direction,2,predecessor_correct,pass,all,0.01980906768953446,0.0045631682611151515,21,149,4322,0.010904823231901863,0.004858861638130495,0.90895520038721,0.8404292870499334,149,4322,0.876889265957784,0.9488662656177695,201,20,114,0.02411806326108532,-0.0017406887557491486,144,3987,0.0118332813938773,0.015808729770221238,0.07811321111564484,0.031378684614321174,149,4322,0.05303763364215741,0.037251272559000466,0.8731108632725819,0.8033723510504351,149,4322,0.8399328661775093,0.9271170754280426,0.052949390165151634,0.02778398192490645,136,149,4322,0.039625295199256026,0.03146691346598797,916,0.01969397532162814,0.004570620989610411,21,149,4322,0.010904823231901863,0.004858861638130495,0.3088052951127569,0.18390393107923342,149,4322,0.24498070435612812,0.21979953050061765,5.500902029950685,0.5395296737975114,149,4322,2.325768846456447,0.6589541878759834,0.05080413868739476,0.026447165307150047,132,149,4322,0.03804191644441212,0.03054141601110597,149,4322
全局置信度逐词刷新诊断,C1,reference_direction,2,predecessor_correct,pass,early,0.01960545114369225,0.004337987388297986,20,149,4265,0.010673395321695893,0.004689331770222743,0.9092438877495022,0.8406724981862056,149,4265,0.8770850211154522,0.948651817116061,199,20,114,0.024669788173489422,-0.0013219217841668085,144,3932,0.012312087920307243,0.01632881310075855,0.07844624771122082,0.03176976956499411,149,4265,0.05345738639038975,0.03798358733880422,0.8732949676297684,0.8034353594752798,149,4265,0.8400322590596445,0.926611957796014,0.053190900186512714,0.027966998151630004,136,149,4265,0.03981007020090767,0.03188745603751465,916,0.01946254741142217,0.004396073612713883,20,149,4265,0.010673395321695893,0.004689331770222743,0.30902414672367695,0.1841685634290134,149,4265,0.24521871629380035,0.2200907690443998,5.501358339448431,0.54040114548118,149,4265,2.3264921429921896,0.6675263774912075,0.05102608461622314,0.026638378893887867,132,149,4265,0.038218426163556404,0.030949589683470106,149,4265
全局置信度逐词刷新诊断,C1,reference_direction,2,predecessor_correct,pass,middle,0.0,0.0,0,6,54,0.0,0.0,1.0,0.8333333333333334,6,54,0.9444444444444443,0.9814814814814815,1,0,0,0.0,-0.011189566718207465,6,53,-0.0037298555727358217,-0.0038002302061836673,0.0,0.0,6,54,0.0,0.0,1.0,0.8333333333333334,6,54,0.9444444444444443,0.9814814814814815,0.0,0.0,0,6,54,0.0,0.0,7,0.0,0.0,0,6,54,0.0,0.0,0.5112309825139415,0.11874371706837356,6,54,0.27911926359439937,0.22895350279631438,0.16666666666666666,0.0,6,54,0.05555555555555555,0.018518518518518517,0.0,0.0,0,6,54,0.0,0.0,6,54
全局置信度逐词刷新诊断,C1,reference_direction,2,predecessor_correct,pass,late,1.0,0.0,1,2,3,0.5,0.3333333333333333,1.0,0.5,2,3,0.75,0.6666666666666666,1,0,0,0.0,-0.9740753173828125,2,2,-0.48703765869140625,-0.48703765869140625,0.0,-1.0,2,3,-0.5,-0.3333333333333333,1.0,0.5,2,3,0.75,0.6666666666666666,0.0,0.0,0,2,3,0.0,0.0,2,1.0,0.0,1,2,3,0.5,0.3333333333333333,-0.2867155075073242,-0.39516639709472656,2,3,-0.3409409523010254,-0.35901610056559247,0.5,-1.0,2,3,-0.25,0.0,0.0,0.0,0,2,3,0.0,0.0,2,3
全局置信度逐词刷新诊断,C1,reference_direction,2,predecessor_correct,fail,all,0.05100192307692305,0.008,6,50,242,0.0272051282051282,0.024793388429752067,0.7299072954822956,0.5539971764346764,50,242,0.6448711843711844,0.731404958677686,58,7,16,0.07006266332857017,-0.06084156774290199,41,161,0.008218009234374357,0.021204658176587975,0.22903214285714285,-0.0018297619047618946,50,242,0.11084126984126984,0.08677685950413223,0.6566942460317461,0.4812059523809524,50,242,0.5696916971916972,0.6942148760330579,0.15428571428571428,0.04333333333333333,18,50,242,0.09228571428571428,0.0743801652892562,71,0.050666666666666665,0.008076923076923077,6,50,242,0.0272051282051282,0.024793388429752067,0.586846948655068,0.180270430025149,50,242,0.387086287397168,0.298330102085082,2.467751984126984,-7.601826373626373,50,242,-1.4305470085470084,-0.47520661157024796,0.15555595238095238,0.04633253968253968,19,50,242,0.09450793650793651,0.07851239669421488,50,242
全局置信度逐词刷新诊断,C1,reference_direction,2,predecessor_correct,fail,early,0.05100192307692305,0.008,6,50,242,0.0272051282051282,0.024793388429752067,0.7299072954822956,0.5539971764346764,50,242,0.6448711843711844,0.731404958677686,58,7,16,0.07006266332857017,-0.06084156774290199,41,161,0.008218009234374357,0.021204658176587975,0.22903214285714285,-0.0018297619047618946,50,242,0.11084126984126984,0.08677685950413223,0.6566942460317461,0.4812059523809524,50,242,0.5696916971916972,0.6942148760330579,0.15428571428571428,0.04333333333333333,18,50,242,0.09228571428571428,0.0743801652892562,71,0.050666666666666665,0.008076923076923077,6,50,242,0.0272051282051282,0.024793388429752067,0.586846948655068,0.180270430025149,50,242,0.387086287397168,0.298330102085082,2.467751984126984,-7.601826373626373,50,242,-1.4305470085470084,-0.47520661157024796,0.15555595238095238,0.04633253968253968,19,50,242,0.09450793650793651,0.07851239669421488,50,242
全局置信度逐词刷新诊断,C1,reference_direction,2,overall,all,all,0.022645557118066564,0.011286887976604685,76,164,5778,0.016522901663496552,0.013153340256143994,0.7190901671036017,0.6234497754665329,164,5778,0.6723557823402834,0.757355486327449,1308,94,134,0.03568103527640697,0.0052445358181524085,154,4242,0.019982159345319266,0.017482987781112794,0.06603277037724584,0.03382369054933194,164,5778,0.04984614873800771,0.04499826929733472,0.7105835059808232,0.6180778797588691,164,5778,0.6647139181688567,0.7504326756663205,0.04327856532724822,0.024575927263016415,164,164,5778,0.033249420850816204,0.028383523710626513,1020,0.022357918178461247,0.011143753238252948,75,164,5778,0.016304927571274372,0.012980269989615784,-0.9777288763437323,-1.4558619492974165,164,5778,-1.2076150603692708,-0.8636738584709234,-157.46408349081526,-391.7797840048237,164,5778,-261.58624667173007,-245.88248528902736,0.042911847837869145,0.024228232235768695,161,164,5778,0.03300262716406031,0.027864312911041883,164,5778
全局置信度逐词刷新诊断,C1,reference_direction,2,overall,all,early,0.02261346182528385,0.011271641495734685,75,164,5683,0.01649929510713316,0.013197254970966039,0.7204879792217445,0.6247248431286373,164,5683,0.6738023144955179,0.7601618863276438,1269,94,134,0.035252475524674406,0.00493124308502226,154,4186,0.019552516043465386,0.017557361054181254,0.06581551888299864,0.03374477511090876,164,5683,0.04973026675622088,0.04487066690128453,0.7121216253735816,0.6198297155958504,164,5683,0.6661891055782944,0.7531233503431286,0.04331670019355392,0.02463323694763796,163,164,5683,0.03330592534983172,0.028682034136899525,1020,0.02234045334886768,0.011106200010633102,74,164,5683,0.016281321014910977,0.013021291571353158,-0.9708864897853198,-1.4498814399639235,164,5683,-1.20166456910773,-0.8495794093548025,-147.54553021107972,-348.8979704057943,164,5683,-237.19980835005782,-216.19479148337146,0.04299779547744907,0.024292888969679384,160,164,5683,0.033059734516349484,0.028154143938060882,164,5683
全局置信度逐词刷新诊断,C1,reference_direction,2,overall,all,middle,0.0,0.0,0,14,91,0.0,0.0,0.5952380952380951,0.14285714285714285,14,91,0.35714285714285715,0.5934065934065934,37,0,0,0.7899464198521206,-0.009591057187034971,7,54,0.26011845422169516,0.030403631704824942,0.1641156462585034,-0.1130952380952381,14,91,0.02295918367346939,0.06593406593406594,0.5952380952380951,0.14285714285714285,14,91,0.35714285714285715,0.5934065934065934,0.03571428571428571,0.0,1,14,91,0.011904761904761904,0.01098901098901099,16,0.0,0.0,0,14,91,0.0,0.0,-1.5118639604925157,-4.331156472452914,14,91,-2.8207115271341623,-1.72953795338725,-122.89783163265315,-6796.985416666666,14,91,-2441.127551020408,-2110.6923076923076,0.03571428571428571,0.0,1,14,91,0.011904761904761904,0.01098901098901099,14,91
全局置信度逐词刷新诊断,C1,reference_direction,2,overall,all,late,1.0,0.0,1,2,4,0.5,0.25,1.0,0.3333333333333333,2,4,0.6666666666666666,0.5,2,0,0,0.0,-0.9740753173828125,2,2,-0.48703765869140625,-0.48703765869140625,0.0,-1.0,2,4,-0.5,-0.25,1.0,0.3333333333333333,2,4,0.6666666666666666,0.5,0.0,0.0,0,2,4,0.0,0.0,2,1.0,0.0,1,2,4,0.5,0.25,-0.2867155075073242,-1.4910338719685872,2,4,-0.8888746897379557,-1.1899542808532715,0.0,-1.0,2,4,-0.5,-0.25,0.0,0.0,0,2,4,0.0,0.0,2,4
全局置信度逐词刷新诊断,C1,reference_direction,2,overall,pass,all,0.01842961772745047,0.007826337485188956,48,151,5184,0.012599634164510333,0.009259259259259259,0.7912146476030635,0.6989555729547604,151,5184,0.7459531963397457,0.8061342592592593,947,58,116,0.032985907732625254,0.0021178382292295897,145,4063,0.01695304041887649,0.01719905272100525,0.058142091037042036,0.029139602007396712,151,5184,0.04377153183043222,0.03973765432098766,0.7727033115122641,0.6836615307177704,151,5184,0.7296003122190113,0.794945987654321,0.04032266398925849,0.02330633476995348,143,151,5184,0.03126106115290629,0.027584876543209878,940,0.01820024757695109,0.007796472495139427,48,151,5184,0.012552290690390504,0.009259259259259259,-0.6363712439030648,-1.0675259541362645,151,5184,-0.8484759719770989,-0.6337950029122976,-126.2030098455079,-361.01497116846446,151,5184,-230.30273571909487,-199.58140432098764,0.038979551666378086,0.022576474682938618,139,151,5184,0.030357895027492674,0.026813271604938273,151,5184
全局置信度逐词刷新诊断,C1,reference_direction,2,overall,pass,early,0.018287823833147306,0.0077106213397722615,47,151,5103,0.01252879380950584,0.009210268469527728,0.7916242163637505,0.6997938757815125,151,5103,0.7467205388685777,0.8081520674113267,921,58,116,0.0333593244607494,0.0024928743846189608,145,4008,0.017420810066686325,0.017728352974988742,0.05820426461934635,0.02927150098227821,151,5103,0.043885470609513866,0.03997648442092887,0.7733447881043422,0.6846561563088754,151,5103,0.7303504005602314,0.7967862041936116,0.04051341735033682,0.023486268685288397,143,151,5103,0.03146461813753897,0.02802273172643543,940,0.018121633636538008,0.007719545385656768,47,151,5103,0.01248145033538601,0.009210268469527728,-0.634961780386979,-1.0692065674156814,151,5103,-0.847804729775869,-0.6231805533024696,-126.62128752463356,-361.59006819589047,151,5103,-230.7593942201934,-201.04605134234765,0.03916577432750271,0.0228083689722863,139,151,5103,0.030557206809204644,0.027238879090730944,151,5103
全局置信度逐词刷新诊断,C1,reference_direction,2,overall,pass,middle,0.0,0.0,0,10,77,0.0,0.0,0.75,0.2,10,77,0.4833333333333333,0.6883116883116883,24,0,0,0.0,-0.011189566718207465,6,53,-0.0037298555727358217,-0.0038002302061836673,0.14523809523809522,-0.175,10,77,-0.01785714285714286,0.03896103896103896,0.75,0.2,10,77,0.4833333333333333,0.6883116883116883,0.0,0.0,0,10,77,0.0,0.0,12,0.0,0.0,0,10,77,0.0,0.0,-0.6255934652656017,-3.029362716868326,10,77,-1.8070912991079247,-1.3083521359926695,-18.983333333333334,-355.46327380952386,10,77,-165.9952380952381,-112.87012987012987,0.0,0.0,0,10,77,0.0,0.0,10,77
全局置信度逐词刷新诊断,C1,reference_direction,2,overall,pass,late,1.0,0.0,1,2,4,0.5,0.25,1.0,0.3333333333333333,2,4,0.6666666666666666,0.5,2,0,0,0.0,-0.9740753173828125,2,2,-0.48703765869140625,-0.48703765869140625,0.0,-1.0,2,4,-0.5,-0.25,1.0,0.3333333333333333,2,4,0.6666666666666666,0.5,0.0,0.0,0,2,4,0.0,0.0,2,1.0,0.0,1,2,4,0.5,0.25,-0.2867155075073242,-1.4910338719685872,2,4,-0.8888746897379557,-1.1899542808532715,0.0,-1.0,2,4,-0.5,-0.25,0.0,0.0,0,2,4,0.0,0.0,2,4
全局置信度逐词刷新诊断,C1,reference_direction,2,overall,fail,all,0.06533913727155354,0.027569460842188115,28,55,594,0.04561182570751948,0.04713804713804714,0.44994088002640625,0.29595600903615255,55,594,0.37241291669521337,0.33164983164983164,361,36,18,0.0690415451044531,-0.056764555264426024,42,179,0.007481511919539322,0.02392783777673817,0.1434718328119327,0.03593237663452975,55,594,0.08922679628280529,0.09090909090909091,0.44298401239908414,0.29672930896854344,55,594,0.36843389730949533,0.36195286195286197,0.08254182433727887,0.021495736586645678,21,55,594,0.04891946437400983,0.03535353535353535,80,0.06456372767317742,0.026363505181687,27,55,594,0.04470273479842858,0.045454545454545456,-2.2599411880812066,-3.18417814682753,55,594,-2.712762671774334,-2.869889325164384,-222.88178188270047,-852.8005370374144,55,594,-475.9288202431462,-649.9646464646464,0.08284618026842908,0.02386293159259666,22,55,594,0.05026207710418238,0.037037037037037035,55,594
全局置信度逐词刷新诊断,C1,reference_direction,2,overall,fail,early,0.06554616628719498,0.027654907625601403,28,55,580,0.04579830589399967,0.04827586206896552,0.4533841626873923,0.298581419046132,55,580,0.3752903422999117,0.33793103448275863,348,36,18,0.056737273212889947,-0.06265372355959223,42,178,-0.0010348723868687873,0.013707160949707031,0.14245229889727498,0.034560018131788474,55,580,0.08800466280131353,0.08793103448275862,0.4475372528189513,0.2992245453244257,55,580,0.3715843831872539,0.3689655172413793,0.08198740653286105,0.02117079259124714,20,55,580,0.0484961755416301,0.034482758620689655,80,0.06478728129924302,0.02650832534026314,27,55,580,0.04488921498490876,0.04655172413793104,-2.242180340976772,-3.1687405645629614,55,580,-2.695017220411692,-2.8414989997600686,-202.37946334337514,-483.6379458002788,55,580,-328.50405251978214,-349.47758620689655,0.08237297086220532,0.02331593990804517,21,55,580,0.04961545100301082,0.03620689655172414,55,580
全局置信度逐词刷新诊断,C1,reference_direction,2,overall,fail,middle,0.0,0.0,0,4,14,0.0,0.0,0.125,0.0,4,14,0.041666666666666664,0.07142857142857142,13,0,0,1.8432083129882812,1.8432083129882812,1,1,1.8432083129882812,1.8432083129882812,0.375,0.0,4,14,0.125,0.21428571428571427,0.125,0.0,4,14,0.041666666666666664,0.07142857142857142,0.125,0.0,1,4,14,0.041666666666666664,0.07142857142857142,4,0.0,0.0,0,4,14,0.0,0.0,-3.1725744009017944,-8.333189189434052,4,14,-5.354762097199758,-4.046059949057443,-221.58333333333334,-22531.625,4,14,-8128.958333333334,-13098.714285714286,0.125,0.0,1,4,14,0.041666666666666664,0.07142857142857142,4,14
全局置信度逐词刷新诊断,C1,reference_direction,3,reference_prefix_aligned,all,all,0.02567980264483785,0.0023099726467768317,13,149,3326,0.01080063274491558,0.0039085989176187615,0.9009429771781514,0.819065692524089,149,3326,0.8621795607403919,0.9527961515333734,142,15,140,0.04990309981460511,0.005598856062538525,134,3029,0.02893113874780585,0.030418890307310903,0.15141310396642163,0.043625466228065804,149,3326,0.09362578768014895,0.06013229104028864,0.8303071349257891,0.7371046683331784,149,3326,0.7859145116398552,0.915213469633193,0.0883534476066342,0.0488478866773006,171,149,3326,0.06709226910949592,0.05141310883944678,859,0.026001190342758364,0.002723001414525019,16,149,3326,0.011198243661931223,0.004810583283223091,0.5905366597766757,0.4330263610024491,149,3326,0.5106448718247215,0.3853960169128675,13.748843706098842,1.274411035340364,149,3326,5.76002093600412,1.151232711966326,0.08932310631165218,0.049186219668281884,173,149,3326,0.06727898708232158,0.05201443174984967,149,3326
全局置信度逐词刷新诊断,C1,reference_direction,3,reference_prefix_aligned,all,early,0.02567980264483785,0.0023099726467768317,13,149,3278,0.01080063274491558,0.003965832824893227,0.9012722279824809,0.8194951886901514,149,3278,0.8625148591279226,0.9527150701647346,140,15,140,0.05008422698958206,0.005762673217227464,134,2983,0.029078930607361865,0.030887970139506355,0.1515975351139778,0.04381843710822356,149,3278,0.09380747495160177,0.06101281269066504,0.8305707514915647,0.7372938741598768,149,3278,0.7860915925780606,0.9145820622330689,0.08852409621562167,0.04909752997729976,171,149,3278,0.0673242703574372,0.05216595485051861,858,0.026001232331055384,0.0027247229347029155,16,149,3278,0.0111999231938121,0.004881025015253203,0.5914371284199855,0.433928948912891,149,3278,0.5115755452855211,0.3871008653041428,13.749028081336654,1.2746782069922848,149,3278,5.760320403981332,1.1680902989627822,0.0895827955166835,0.049345976458069554,173,149,3278,0.06747156949889774,0.05277608297742526,149,3278
全局置信度逐词刷新诊断,C1,reference_direction,3,reference_prefix_aligned,all,middle,0.0,0.0,0,6,47,0.0,0.0,1.0,0.75,6,47,0.9166666666666666,0.9787234042553191,1,0,0,2.384185791015625e-07,0.0,6,46,7.947285970052083e-08,8.292820142663043e-08,0.0,0.0,6,47,0.0,0.0,1.0,0.75,6,47,0.9166666666666666,0.9787234042553191,0.0,0.0,0,6,47,0.0,0.0,7,0.0,0.0,0,6,47,0.0,0.0,0.36029794641616775,0.1821849743525187,6,47,0.27701419537430944,0.32317455778730675,0.0,0.0,6,47,0.0,0.0,0.0,0.0,0,6,47,0.0,0.0,6,47
全局置信度逐词刷新诊断,C1,reference_direction,3,reference_prefix_aligned,all,late,0.0,0.0,0,1,1,0.0,0.0,0.0,0.0,1,1,0.0,0.0,1,0,0,,,0,0,,,0.0,0.0,1,1,0.0,0.0,0.0,0.0,1,1,0.0,0.0,0.0,0.0,0,1,1,0.0,0.0,1,0.0,0.0,0,1,1,0.0,0.0,-2.278688430786133,-2.278688430786133,1,1,-2.278688430786133,-2.278688430786133,0.0,0.0,1,1,0.0,0.0,0.0,0.0,0,1,1,0.0,0.0,1,1
全局置信度逐词刷新诊断,C1,reference_direction,3,reference_prefix_aligned,pass,all,0.02519259704442865,0.0013689432454744074,9,143,3195,0.009860267722472822,0.0028169014084507044,0.9187430129148568,0.838252127998151,143,3195,0.880959621421068,0.9589984350547731,118,13,124,0.04064965717717264,0.0033333228266971553,129,2940,0.024419100841429727,0.03116105721921337,0.14315094709443868,0.033603746953662646,143,3195,0.08221644917127885,0.05571205007824726,0.8508008757781436,0.7549851235364248,143,3195,0.80516430950446,0.9242566510172144,0.08572235954933059,0.04510610623979689,157,143,3195,0.06379972060010099,0.04913928012519562,813,0.025583352227003028,0.0018211145563413703,12,143,3195,0.010274561615027584,0.003755868544600939,0.558103382480421,0.4018419992158402,143,3195,0.47635863007875273,0.3768887497449705,13.83201838078906,1.061987197700312,143,3195,5.6710837643845675,1.0757433489827857,0.08632784344775014,0.045574923325290756,159,143,3195,0.06404010916540591,0.04976525821596244,143,3195
全局置信度逐词刷新诊断,C1,reference_direction,3,reference_prefix_aligned,pass,early,0.02519259704442865,0.0013689432454744074,9,143,3147,0.009860267722472822,0.002859866539561487,0.9190823295367231,0.838413504702645,143,3147,0.8813538368021081,0.9590085795996187,116,13,124,0.04085827468930356,0.0034828969000945927,129,2894,0.024594297318660772,0.03165635950580167,0.14326467370988677,0.033815991620860804,143,3147,0.08243087486152086,0.056561804893549415,0.8510659200152856,0.7551449117053777,143,3147,0.8053729825574749,0.9237368922783603,0.08600003172164959,0.045456947198240685,157,143,3147,0.06407027134646803,0.04988878296790594,812,0.02558339597704678,0.0018217577788826637,12,143,3147,0.010276311616777585,0.0038131553860819827,0.5586253093881773,0.40322905286441696,143,3147,0.47739408875235984,0.3785348076421873,13.832503046220747,1.062333771313648,143,3147,5.671430527031917,1.0921512551636479,0.08655180399198587,0.04578179177241072,159,143,3147,0.06426810153588125,0.05052430886558627,143,3147
全局置信度逐词刷新诊断,C1,reference_direction,3,reference_prefix_aligned,pass,middle,0.0,0.0,0,6,47,0.0,0.0,1.0,0.75,6,47,0.9166666666666666,0.9787234042553191,1,0,0,2.384185791015625e-07,0.0,6,46,7.947285970052083e-08,8.292820142663043e-08,0.0,0.0,6,47,0.0,0.0,1.0,0.75,6,47,0.9166666666666666,0.9787234042553191,0.0,0.0,0,6,47,0.0,0.0,7,0.0,0.0,0,6,47,0.0,0.0,0.36029794641616775,0.1821849743525187,6,47,0.27701419537430944,0.32317455778730675,0.0,0.0,6,47,0.0,0.0,0.0,0.0,0,6,47,0.0,0.0,6,47
全局置信度逐词刷新诊断,C1,reference_direction,3,reference_prefix_aligned,pass,late,0.0,0.0,0,1,1,0.0,0.0,0.0,0.0,1,1,0.0,0.0,1,0,0,,,0,0,,,0.0,0.0,1,1,0.0,0.0,0.0,0.0,1,1,0.0,0.0,0.0,0.0,0,1,1,0.0,0.0,1,0.0,0.0,0,1,1,0.0,0.0,-2.278688430786133,-2.278688430786133,1,1,-2.278688430786133,-2.278688430786133,0.0,0.0,1,1,0.0,0.0,0.0,0.0,0,1,1,0.0,0.0,1,1
全局置信度逐词刷新诊断,C1,reference_direction,3,reference_prefix_aligned,fail,all,0.13157894736842105,0.008771929824561403,4,38,131,0.06140350877192983,0.030534351145038167,0.8091045628777828,0.5799498746867169,38,131,0.7000810850656053,0.8015267175572519,24,2,16,0.10360323248086148,-0.20231430261223404,27,89,-0.03348890881479522,0.005902365352330583,0.46524122807017515,0.05469454887218045,38,131,0.2412907268170426,0.16793893129770993,0.6681744803184431,0.4273062251216277,38,131,0.549015922158337,0.6946564885496184,0.19916703523514667,0.046284829721362226,14,38,131,0.1153951054105853,0.10687022900763359,46,0.13157894736842105,0.008771929824561403,4,38,131,0.06140350877192983,0.030534351145038167,0.8790895180501506,0.34982623797575135,38,131,0.612231252412432,0.5928824184505084,6.268168859649119,-0.13842031549461886,38,131,2.586444051304732,2.9923664122137406,0.19917173448326697,0.04586060740085508,14,38,131,0.1153951054105853,0.10687022900763359,38,131
全局置信度逐词刷新诊断,C1,reference_direction,3,reference_prefix_aligned,fail,early,0.13157894736842105,0.008771929824561403,4,38,131,0.06140350877192983,0.030534351145038167,0.8091045628777828,0.5799498746867169,38,131,0.7000810850656053,0.8015267175572519,24,2,16,0.10360323248086148,-0.20231430261223404,27,89,-0.03348890881479522,0.005902365352330583,0.46524122807017515,0.05469454887218045,38,131,0.2412907268170426,0.16793893129770993,0.6681744803184431,0.4273062251216277,38,131,0.549015922158337,0.6946564885496184,0.19916703523514667,0.046284829721362226,14,38,131,0.1153951054105853,0.10687022900763359,46,0.13157894736842105,0.008771929824561403,4,38,131,0.06140350877192983,0.030534351145038167,0.8790895180501506,0.34982623797575135,38,131,0.612231252412432,0.5928824184505084,6.268168859649119,-0.13842031549461886,38,131,2.586444051304732,2.9923664122137406,0.19917173448326697,0.04586060740085508,14,38,131,0.1153951054105853,0.10687022900763359,38,131
全局置信度逐词刷新诊断,C1,reference_direction,3,predecessor_correct,all,all,0.030864156658553507,0.005385660256622379,21,153,3538,0.01504937794547491,0.0059355568117580556,0.8874663117212561,0.809275075576614,153,3538,0.8502929583901534,0.9372526851328434,199,23,149,0.046372637288696,0.002739616210393829,140,3167,0.025311568575077954,0.03047227212070553,0.1594626995334387,0.0605083551675588,153,3538,0.10486026338738734,0.06274731486715658,0.8211789665561433,0.7343577011793464,153,3538,0.7791219128238442,0.9016393442622951,0.08546854873003155,0.048055756963524855,182,153,3538,0.06547803488223249,0.05144149236856981,882,0.03085874752219925,0.0057392189221035905,24,153,3538,0.015436593805836549,0.006783493499152063,0.5097577934479836,0.3429771575228898,153,3538,0.42573310718017077,0.352182774438637,12.219494844854951,-0.3430533696395778,153,3538,4.425010636670527,1.0599208592425098,0.08658586156518462,0.0484940996303059,184,153,3538,0.06566480152460705,0.05200678349349915,153,3538
全局置信度逐词刷新诊断,C1,reference_direction,3,predecessor_correct,all,early,0.030864156658553507,0.005385660256622379,21,153,3490,0.01504937794547491,0.006017191977077364,0.8876741037660939,0.8095857364483732,153,3490,0.850582596054702,0.9369627507163324,197,23,149,0.046442601961735726,0.002892993935594506,140,3121,0.02544545157554953,0.03092139762626631,0.15969819608598218,0.06061883743735262,153,3490,0.1050293270932574,0.06361031518624642,0.8213613788082783,0.734495405084216,153,3490,0.7792634180102364,0.9008595988538682,0.08556331655087955,0.04830698194892991,182,153,3490,0.0656960971665129,0.052148997134670486,881,0.030860383144749905,0.005739300703231123,24,153,3490,0.015438229428387204,0.006876790830945559,0.5104523229615504,0.34345927636410695,153,3490,0.4264765767073286,0.3533272607961835,12.21780311162645,-0.3469128587897625,153,3490,4.4220854163844825,1.0744985673352436,0.08673424615647617,0.048635351311466894,184,153,3490,0.06584351303305849,0.05272206303724929,153,3490
全局置信度逐词刷新诊断,C1,reference_direction,3,predecessor_correct,all,middle,0.0,0.0,0,6,47,0.0,0.0,1.0,0.75,6,47,0.9166666666666666,0.9787234042553191,1,0,0,2.384185791015625e-07,0.0,6,46,7.947285970052083e-08,8.292820142663043e-08,0.0,0.0,6,47,0.0,0.0,1.0,0.75,6,47,0.9166666666666666,0.9787234042553191,0.0,0.0,0,6,47,0.0,0.0,7,0.0,0.0,0,6,47,0.0,0.0,0.36029794641616775,0.1821849743525187,6,47,0.27701419537430944,0.32317455778730675,0.0,0.0,6,47,0.0,0.0,0.0,0.0,0,6,47,0.0,0.0,6,47
全局置信度逐词刷新诊断,C1,reference_direction,3,predecessor_correct,all,late,0.0,0.0,0,1,1,0.0,0.0,0.0,0.0,1,1,0.0,0.0,1,0,0,,,0,0,,,0.0,0.0,1,1,0.0,0.0,0.0,0.0,1,1,0.0,0.0,0.0,0.0,0,1,1,0.0,0.0,1,0.0,0.0,0,1,1,0.0,0.0,-2.278688430786133,-2.278688430786133,1,1,-2.278688430786133,-2.278688430786133,0.0,0.0,1,1,0.0,0.0,0.0,0.0,0,1,1,0.0,0.0,1,1
全局置信度逐词刷新诊断,C1,reference_direction,3,predecessor_correct,pass,all,0.029150119761343574,0.0032977140626098867,14,144,3373,0.013060593901946114,0.004150607767565965,0.9121336985009748,0.8403642956176812,144,3373,0.8784270926760724,0.9469315149718351,161,18,130,0.03801273395839647,0.001779831688276191,133,3064,0.022555049633436665,0.031601672384197345,0.15262790510705201,0.0527125567799575,144,3373,0.09590004040909846,0.058108508745923514,0.8481475824278453,0.7598650852909884,144,3373,0.8053476865468181,0.9137266528313075,0.0847198885771965,0.04511515655687137,165,144,3373,0.06326102550481603,0.048917877260598874,829,0.03023502957874381,0.0037040888376805004,17,144,3373,0.013472010753580357,0.005040023717758672,0.4893270060996333,0.33578574932937655,144,3373,0.4096775385785166,0.34868845429294654,13.22911880333732,0.827945106855891,144,3373,5.165069481241914,1.1366735843462792,0.0845888501108963,0.045559470493290774,167,144,3373,0.0635132171722603,0.04951082122739401,144,3373
全局置信度逐词刷新诊断,C1,reference_direction,3,predecessor_correct,pass,early,0.029150119761343574,0.0032977140626098867,14,144,3325,0.013060593901946114,0.004210526315789474,0.9125070256336985,0.8407375869912705,144,3325,0.8787885826886738,0.946766917293233,159,18,130,0.038231399311480965,0.0018928049907296625,133,3018,0.022714715584832203,0.03208334008299649,0.15282246877792213,0.05291675803271774,144,3325,0.09610467223933788,0.05894736842105263,0.8484687271246365,0.760172455697366,144,3325,0.8055311974146987,0.9130827067669173,0.08496085163220526,0.04533273627841318,165,144,3325,0.06352139263384632,0.04962406015037594,828,0.03023681087392788,0.00370560145151224,17,144,3325,0.013473748602540428,0.005112781954887218,0.49034721222779015,0.3369998587478751,144,3325,0.4106244764119051,0.349839290389441,13.229843109365623,0.8286350973763598,144,3325,5.165840037918267,1.1530827067669174,0.08478891349825778,0.0457418831382012,167,144,3325,0.06373030642077908,0.05022556390977444,144,3325
全局置信度逐词刷新诊断,C1,reference_direction,3,predecessor_correct,pass,middle,0.0,0.0,0,6,47,0.0,0.0,1.0,0.75,6,47,0.9166666666666666,0.9787234042553191,1,0,0,2.384185791015625e-07,0.0,6,46,7.947285970052083e-08,8.292820142663043e-08,0.0,0.0,6,47,0.0,0.0,1.0,0.75,6,47,0.9166666666666666,0.9787234042553191,0.0,0.0,0,6,47,0.0,0.0,7,0.0,0.0,0,6,47,0.0,0.0,0.36029794641616775,0.1821849743525187,6,47,0.27701419537430944,0.32317455778730675,0.0,0.0,6,47,0.0,0.0,0.0,0.0,0,6,47,0.0,0.0,6,47
全局置信度逐词刷新诊断,C1,reference_direction,3,predecessor_correct,pass,late,0.0,0.0,0,1,1,0.0,0.0,0.0,0.0,1,1,0.0,0.0,1,0,0,,,0,0,,,0.0,0.0,1,1,0.0,0.0,0.0,0.0,1,1,0.0,0.0,0.0,0.0,0,1,1,0.0,0.0,1,0.0,0.0,0,1,1,0.0,0.0,-2.278688430786133,-2.278688430786133,1,1,-2.278688430786133,-2.278688430786133,0.0,0.0,1,1,0.0,0.0,0.0,0.0,0,1,1,0.0,0.0,1,1
全局置信度逐词刷新诊断,C1,reference_direction,3,predecessor_correct,fail,all,0.08914728682170542,0.014528276955602543,7,43,165,0.0476568005637773,0.04242424242424243,0.7503098554432344,0.5532948142259019,43,165,0.6552639449014278,0.7393939393939394,38,5,19,0.08366504537562529,-0.17313919665912786,32,103,-0.03177469323078791,-0.0031246444554004853,0.44963178294573614,0.09147286821705426,43,165,0.25293466223698785,0.15757575757575756,0.6233807317853145,0.4168208097192366,43,165,0.5209440012791586,0.6545454545454545,0.18842762686469938,0.05155038759689923,17,43,165,0.11515536447136993,0.10303030303030303,53,0.08914728682170542,0.014534883720930232,7,43,165,0.0476568005637773,0.04242424242424243,0.7189164020020208,0.1463426508918456,43,165,0.43614246642380394,0.4236151492956913,3.2371990053949693,-8.077785464079922,43,165,-1.5930931357743938,-0.509090909090909,0.1892290404533906,0.05121775454367794,17,43,165,0.11515536447136993,0.10303030303030303,43,165
全局置信度逐词刷新诊断,C1,reference_direction,3,predecessor_correct,fail,early,0.08914728682170542,0.014528276955602543,7,43,165,0.0476568005637773,0.04242424242424243,0.7503098554432344,0.5532948142259019,43,165,0.6552639449014278,0.7393939393939394,38,5,19,0.08366504537562529,-0.17313919665912786,32,103,-0.03177469323078791,-0.0031246444554004853,0.44963178294573614,0.09147286821705426,43,165,0.25293466223698785,0.15757575757575756,0.6233807317853145,0.4168208097192366,43,165,0.5209440012791586,0.6545454545454545,0.18842762686469938,0.05155038759689923,17,43,165,0.11515536447136993,0.10303030303030303,53,0.08914728682170542,0.014534883720930232,7,43,165,0.0476568005637773,0.04242424242424243,0.7189164020020208,0.1463426508918456,43,165,0.43614246642380394,0.4236151492956913,3.2371990053949693,-8.077785464079922,43,165,-1.5930931357743938,-0.509090909090909,0.1892290404533906,0.05121775454367794,17,43,165,0.11515536447136993,0.10303030303030303,43,165
全局置信度逐词刷新诊断,C1,reference_direction,3,overall,all,all,0.029681985490304225,0.015194656054132382,78,162,4646,0.022025371212784944,0.016788635385277657,0.7008463493115306,0.6005408393577826,162,4646,0.6513471839527464,0.7328885062419286,1127,114,154,0.05436894147512407,0.00958363344771032,144,3251,0.032359970194724294,0.032685166907215145,0.10491969891883747,0.06084131509781004,162,4646,0.08304283363954947,0.08265174343521309,0.6889473151815347,0.5911550450916817,162,4646,0.6403453563393862,0.7242789496340939,0.05388951372997267,0.03338614785653584,193,162,4646,0.043290097795795464,0.041541110632802414,953,0.03041852385603147,0.015748929843590758,82,162,4646,0.022739262041054857,0.017649591046061126,-1.1316582381101101,-1.7058694188066024,162,4646,-1.418621006907008,-1.084912489572066,-178.87260232787452,-466.96714805881794,162,4646,-307.7667236852955,-302.88613861386136,0.055162313326342124,0.03447042464350405,196,162,4646,0.04433041986739497,0.04218682737839001,162,4646
全局置信度逐词刷新诊断,C1,reference_direction,3,overall,all,early,0.029756220435505906,0.015279390857200769,77,162,4570,0.02209077444271673,0.016849015317286654,0.7020695600700901,0.6017589291602822,162,4570,0.6524970903855524,0.7350109409190372,1098,113,154,0.05446542350025136,0.009730051572862865,144,3205,0.03249643862720811,0.03315428199708555,0.10497740396072648,0.06126393123667133,162,4570,0.0833197006968721,0.08380743982494529,0.6898189062045389,0.592500085187609,162,4570,0.6415178838786166,0.7260393873085339,0.0541268518282519,0.033603327017531846,193,162,4570,0.043530274170051696,0.04223194748358862,952,0.030506637023613645,0.015813604176848284,81,162,4570,0.022809424225196936,0.017724288840262583,-1.1259224940128176,-1.7016898005684362,162,4570,-1.415396396261817,-1.0730052689233025,-168.36952686699684,-417.3879443370008,162,4570,-277.6273464251346,-266.33873085339167,0.05542785254070235,0.034697665059574154,196,162,4570,0.044540780533640974,0.04288840262582057,162,4570
全局置信度逐词刷新诊断,C1,reference_direction,3,overall,all,middle,0.02307692307692308,0.0,1,13,74,0.007692307692307693,0.013513513513513514,0.6128205128205128,0.12564102564102564,13,74,0.35641025641025637,0.6216216216216216,27,1,0,2.384185791015625e-07,0.0,6,46,7.947285970052083e-08,8.292820142663043e-08,0.11282051282051281,-0.258974358974359,13,74,-0.05897435897435898,0.013513513513513514,0.6153846153846154,0.13333333333333333,13,74,0.3641025641025641,0.6351351351351351,0.0,0.0,0,13,74,0.0,0.0,15,0.02307692307692308,0.0,1,13,74,0.007692307692307693,0.013513513513513514,-1.3689927718260668,-3.8483669204515545,13,74,-2.6279903065921437,-1.7576346784024626,-103.94423076923083,-10645.848076923077,13,74,-3677.660256410257,-2568.0945945945946,0.0,0.0,0,13,74,0.0,0.0,13,74
全局置信度逐词刷新诊断,C1,reference_direction,3,overall,all,late,0.0,0.0,0,1,2,0.0,0.0,0.0,0.0,1,2,0.0,0.0,2,0,0,,,0,0,,,0.0,0.0,1,2,0.0,0.0,0.0,0.0,1,2,0.0,0.0,0.0,0.0,0,1,2,0.0,0.0,1,0.0,0.0,0,1,2,0.0,0.0,-3.402190685272217,-3.402190685272217,1,2,-3.402190685272217,-3.402190685272217,-1.0,-1.0,1,2,-1.0,-1.0,0.0,0.0,0,1,2,0.0,0.0,1,2
全局置信度逐词刷新诊断,C1,reference_direction,3,overall,pass,all,0.024455136052031052,0.010460468339224333,49,151,4174,0.01684423150621569,0.011739338763775755,0.7687502715276449,0.6682199540277431,151,4174,0.7199086661364518,0.781983708672736,834,76,133,0.04848849007165872,0.00766651830582467,136,3131,0.02942873814593394,0.034130388233692875,0.08593319380474242,0.04571561011736039,151,4174,0.0659462413206172,0.06780067081935794,0.7390207109195189,0.6414807982134723,151,4174,0.6909994293756205,0.7683277431720172,0.05611819246714794,0.034513238022361205,174,151,4174,0.044671110898150686,0.04168663152850982,876,0.025182189964137125,0.011069547472133042,53,151,4174,0.017610127626611224,0.012697652132247245,-0.7822766871238193,-1.3486949388981122,151,4174,-1.0596332365579963,-0.8025430407201952,-153.46254424830434,-438.1998969519033,151,4174,-281.4404766310884,-247.84115955917585,0.05642412153371002,0.03456053328910956,176,151,4174,0.04499164856773455,0.04216578821274557,151,4174
全局置信度逐词刷新诊断,C1,reference_direction,3,overall,pass,early,0.02445705528651796,0.010466821341145911,48,151,4107,0.01688126897200499,0.01168736303871439,0.7693649024389484,0.6690276128849546,151,4107,0.7206259665898004,0.7835402970538106,814,75,133,0.04868364137900212,0.007849418581226281,136,3085,0.02959319787052949,0.034639300403564055,0.08658995151347267,0.04607333716520347,151,4107,0.06646171351325206,0.06915023131239348,0.7399743443608072,0.6423579543228898,151,4107,0.6916766865798959,0.7694180667153641,0.056390051668037684,0.03479123878912693,174,151,4107,0.04492592962893391,0.042366691015339665,875,0.025219697260933087,0.011154947388290249,52,151,4107,0.01765227072539435,0.012661309958607255,-0.7801320516238744,-1.3486299771496835,151,4107,-1.0579942804333131,-0.7915149649942127,-153.77850566984912,-438.24717021759386,151,4107,-281.5942139877981,-249.9890430971512,0.056680910161383484,0.034767868746008235,176,151,4107,0.045211417080088814,0.042853664475286095,151,4107
全局置信度逐词刷新诊断,C1,reference_direction,3,overall,pass,middle,0.030000000000000006,0.0,1,10,65,0.01,0.015384615384615385,0.7333333333333333,0.19333333333333333,10,65,0.46333333333333326,0.7076923076923077,18,1,0,2.384185791015625e-07,0.0,6,46,7.947285970052083e-08,8.292820142663043e-08,0.056666666666666664,-0.36,10,65,-0.12666666666666668,-0.015384615384615385,0.74,0.20666666666666664,10,65,0.47333333333333333,0.7230769230769231,0.0,0.0,0,10,65,0.0,0.0,12,0.030000000000000006,0.0,1,10,65,0.01,0.015384615384615385,-0.7373359585582437,-3.6919776462368117,10,65,-2.189472587435449,-1.4193586056049055,-33.43333333333334,-433.8333333333333,10,65,-207.0333333333333,-119.72307692307692,0.0,0.0,0,10,65,0.0,0.0,10,65
全局置信度逐词刷新诊断,C1,reference_direction,3,overall,pass,late,0.0,0.0,0,1,2,0.0,0.0,0.0,0.0,1,2,0.0,0.0,2,0,0,,,0,0,,,0.0,0.0,1,2,0.0,0.0,0.0,0.0,1,2,0.0,0.0,0.0,0.0,0,1,2,0.0,0.0,1,0.0,0.0,0,1,2,0.0,0.0,-3.402190685272217,-3.402190685272217,1,2,-3.402190685272217,-3.402190685272217,-1.0,-1.0,1,2,-1.0,-1.0,0.0,0.0,0,1,2,0.0,0.0,1,2
全局置信度逐词刷新诊断,C1,reference_direction,3,overall,fail,all,0.08265645091168058,0.03278652523986815,29,53,472,0.056312152436024464,0.0614406779661017,0.4409598899005898,0.2717728527511136,53,472,0.35479284330440053,0.298728813559322,293,38,21,0.06592360963248337,-0.13558895968309603,35,120,-0.030583398671917898,-0.005023066202799479,0.3543612924564645,0.12773659716778474,53,472,0.2335572277026217,0.21398305084745764,0.42024189838656245,0.26428152973673047,53,472,0.3404614177342547,0.3347457627118644,0.08245484599258182,0.02187550395097565,19,53,472,0.05008869537171424,0.04025423728813559,77,0.08219262433628716,0.03254964750863028,29,53,472,0.056312152436024464,0.0614406779661017,-2.588299844390397,-3.822130913253578,53,472,-3.206570901701552,-3.581967742766364,-230.08768804099336,-1030.8632016044016,53,472,-538.9517058456137,-789.6610169491526,0.0859458151910982,0.024188941299790358,20,53,472,0.052447185937751974,0.0423728813559322,53,472
全局置信度逐词刷新诊断,C1,reference_direction,3,overall,fail,early,0.08269291021393153,0.033027008198255124,29,53,463,0.05650146271557264,0.06263498920086392,0.4438143476951503,0.2738681174213252,53,463,0.35720579813737174,0.3045356371490281,284,38,21,0.06592360963248337,-0.13558895968309603,35,120,-0.030583398671917898,-0.005023066202799479,0.35352396464837943,0.12718154411028876,53,463,0.23305627026975287,0.21382289416846653,0.4240188250059227,0.26642807778526545,53,463,0.34306368284677413,0.3412526997840173,0.08280164940337206,0.022272234191840424,19,53,463,0.050482841377016925,0.04103671706263499,77,0.08243718511458463,0.03266264361834501,29,53,463,0.05650146271557264,0.06263498920086392,-2.582757914405382,-3.8183791123302933,53,463,-3.202374621698182,-3.5699397791539105,-212.90593199020583,-531.1922331600758,53,463,-352.8480806857948,-411.3671706263499,0.08626207103442539,0.024465042579788276,20,53,463,0.05284133194305466,0.04319654427645788,53,463
全局置信度逐词刷新诊断,C1,reference_direction,3,overall,fail,middle,0.0,0.0,0,3,9,0.0,0.0,0.0,0.0,3,9,0.0,0.0,9,0,0,,,0,0,,,0.5,0.0,3,9,0.16666666666666666,0.2222222222222222,0.0,0.0,3,9,0.0,0.0,0.0,0.0,0,3,9,0.0,0.0,3,0.0,0.0,0,3,9,0.0,0.0,-3.7393832206726074,-4.738595724105835,3,9,-4.089716037114461,-4.200739648607042,-97.0,-45136.25,3,9,-15246.416666666666,-20250.777777777777,0.0,0.0,0,3,9,0.0,0.0,3,9
固定左前沿逐词刷新诊断,L1,reference_direction,1,reference_prefix_aligned,all,all,0.014535931608803333,0.003919736650841614,25,164,5450,0.008536769578884941,0.0045871559633027525,0.9032366728079546,0.8446776793211459,164,5450,0.8759758489812456,0.9544954128440367,230,18,68,0.03869737483740152,-0.0014513642342000304,160,5134,0.0166884415694333,0.005978340576908957,0.04862909055576925,0.003264007027599679,164,5450,0.024220387855719186,0.012110091743119266,0.8876861959794121,0.8285430551669162,164,5450,0.8599983893093709,0.9453211009174312,0.04633353223066194,0.0148817297890547,80,164,5450,0.028539532098124647,0.014678899082568808,1012,0.014979230475860469,0.004411996444074577,28,164,5450,0.009001385374153702,0.005137614678899082,0.10571218306991102,0.05159594061385491,164,5450,0.07775100720713583,0.054741522412781324,0.8734734996903585,0.11217670054341071,164,5450,0.39019004513267547,0.10660550458715597,0.04474491969302687,0.01400735505830402,80,164,5450,0.027464674334149834,0.014678899082568808,164,5450
固定左前沿逐词刷新诊断,L1,reference_direction,1,reference_prefix_aligned,all,early,0.014536026330649472,0.003921678448687513,25,164,5387,0.00853866401580777,0.004640801930573603,0.90323960496952,0.8447738381006901,164,5387,0.8760224092775873,0.9543345090031558,228,18,68,0.038703362489376066,-0.001470521152080393,160,5073,0.016678193190338683,0.0060136687137566916,0.04868550274489147,0.003316232890028311,164,5387,0.024253209538105166,0.012251717096714312,0.8877170516975335,0.8285618380517501,164,5387,0.8600428998239651,0.9450529051420086,0.04636801610925733,0.01492174421516248,80,164,5387,0.02857424821743345,0.01485056617783553,1012,0.014982971988783057,0.004413843520074335,28,164,5387,0.00900327981107653,0.005197698162242435,0.10568890256362139,0.05161478740460445,164,5387,0.07774738626015087,0.055081893279332494,0.8736158688573623,0.11222494346125614,164,5387,0.3902820447534038,0.10803786894375349,0.04476333268689548,0.014048127219653045,80,164,5387,0.027499390453458644,0.01485056617783553,164,5387
固定左前沿逐词刷新诊断,L1,reference_direction,1,reference_prefix_aligned,all,middle,0.0,0.0,0,7,63,0.0,0.0,1.0,0.869047619047619,7,63,0.9404761904761905,0.9682539682539683,2,0,0,0.007948248726981025,0.0,7,61,0.0026494162423270086,0.003040313720703125,0.0,0.0,7,63,0.0,0.0,1.0,0.8571428571428571,7,63,0.9404761904761905,0.9682539682539683,0.0,0.0,0,7,63,0.0,0.0,9,0.0,0.0,0,7,63,0.0,0.0,0.06216601906241951,-0.005321747217422876,7,63,0.02570116895459074,0.02563711196657211,0.0,-0.07142857142857142,7,63,-0.023809523809523808,-0.015873015873015872,0.0,0.0,0,7,63,0.0,0.0,7,63
固定左前沿逐词刷新诊断,L1,reference_direction,1,reference_prefix_aligned,pass,all,0.015252064440355003,0.0035629380348166195,20,150,5126,0.008613738546379552,0.0039016777214202106,0.9353987384011729,0.8860880059793869,150,5126,0.9122502976409059,0.9641045649629341,174,10,55,0.02490116671354255,-0.007878864354139507,148,4887,0.007402221745855862,0.005088592273266447,0.05088859536947433,0.0046793817048577865,150,5126,0.025408493432443387,0.011705033164260631,0.9220165076693407,0.871280134566167,150,5126,0.8983831314594277,0.9553257900897386,0.04535279608753141,0.012803671909718983,69,150,5126,0.02644170137555358,0.013460788138899726,925,0.01543981281879508,0.0038120101899268384,22,150,5126,0.008907059126644178,0.004291845493562232,0.08848944045824925,0.04314867012059039,150,5126,0.06475574541644798,0.04912728534003417,0.8360255110748211,0.039706091063105194,150,5126,0.3301238272576576,0.07276628950448694,0.04467059027284888,0.012575402435661085,68,150,5126,0.026363517314243076,0.013265704252828716,150,5126
固定左前沿逐词刷新诊断,L1,reference_direction,1,reference_prefix_aligned,pass,early,0.01525232257783023,0.003565166819571732,20,150,5063,0.008615967331134664,0.003950227138060439,0.9354200541660946,0.8861462293294385,150,5063,0.912327502010397,0.96405293304365,172,10,55,0.024892316560205175,-0.007873832831920988,148,4826,0.0073938741304685265,0.005114482242538383,0.05089185424398819,0.004735434457647953,150,5063,0.02544567347705625,0.011850681414181316,0.9220910591310449,0.8713595429962009,150,5063,0.8984513744791911,0.9551649219830141,0.045394663780470156,0.012858313836324983,69,150,5063,0.026481110204921558,0.013628283626308513,925,0.015443797920531745,0.0038120101899268384,22,150,5063,0.00890928791139929,0.0043452498518664825,0.0885303154766838,0.043147661223694365,150,5063,0.06477899989543166,0.04941957862909759,0.8360414695762793,0.039826063309681706,150,5063,0.3302292670095129,0.0738692474817302,0.04468325721273384,0.012608692714570189,68,150,5063,0.026402926143611054,0.013430772269405492,150,5063
固定左前沿逐词刷新诊断,L1,reference_direction,1,reference_prefix_aligned,pass,middle,0.0,0.0,0,7,63,0.0,0.0,1.0,0.869047619047619,7,63,0.9404761904761905,0.9682539682539683,2,0,0,0.007948248726981025,0.0,7,61,0.0026494162423270086,0.003040313720703125,0.0,0.0,7,63,0.0,0.0,1.0,0.8571428571428571,7,63,0.9404761904761905,0.9682539682539683,0.0,0.0,0,7,63,0.0,0.0,9,0.0,0.0,0,7,63,0.0,0.0,0.06216601906241951,-0.005321747217422876,7,63,0.02570116895459074,0.02563711196657211,0.0,-0.07142857142857142,7,63,-0.023809523809523808,-0.015873015873015872,0.0,0.0,0,7,63,0.0,0.0,7,63
固定左前沿逐词刷新诊断,L1,reference_direction,1,reference_prefix_aligned,fail,all,0.025637755102040815,0.002976190476190476,5,56,324,0.013116496598639458,0.015432098765432098,0.7737205924036281,0.6353026475013083,56,324,0.7064020800627944,0.8024691358024691,56,8,13,0.07856720978110021,-0.0014843372769884526,52,247,0.030912053918810408,0.02358238899756057,0.07797176162131517,-0.035228174603174595,56,324,0.01845347113204256,0.018518518518518517,0.7503957897261468,0.6203735773155417,56,324,0.6876308215593931,0.7870370370370371,0.06390518707482991,0.012754039115646258,11,56,324,0.03554421768707483,0.033950617283950615,87,0.028125531462585028,0.0045351473922902496,6,56,324,0.01510062358276644,0.018518518518518517,0.2540057687781856,0.03864019866999627,56,324,0.14706518438376825,0.14356429782914526,1.3361789066588174,0.3113147839263911,56,324,0.7559420242455958,0.6419753086419753,0.062160926870748284,0.012670068027210882,12,56,324,0.034651360544217684,0.037037037037037035,56,324
固定左前沿逐词刷新诊断,L1,reference_direction,1,reference_prefix_aligned,fail,early,0.025637755102040815,0.002976190476190476,5,56,324,0.013116496598639458,0.015432098765432098,0.7737205924036281,0.6353026475013083,56,324,0.7064020800627944,0.8024691358024691,56,8,13,0.07856720978110021,-0.0014843372769884526,52,247,0.030912053918810408,0.02358238899756057,0.07797176162131517,-0.035228174603174595,56,324,0.01845347113204256,0.018518518518518517,0.7503957897261468,0.6203735773155417,56,324,0.6876308215593931,0.7870370370370371,0.06390518707482991,0.012754039115646258,11,56,324,0.03554421768707483,0.033950617283950615,87,0.028125531462585028,0.0045351473922902496,6,56,324,0.01510062358276644,0.018518518518518517,0.2540057687781856,0.03864019866999627,56,324,0.14706518438376825,0.14356429782914526,1.3361789066588174,0.3113147839263911,56,324,0.7559420242455958,0.6419753086419753,0.062160926870748284,0.012670068027210882,12,56,324,0.034651360544217684,0.037037037037037035,56,324
固定左前沿逐词刷新诊断,L1,reference_direction,1,predecessor_correct,all,all,0.013461388799897304,0.0039054090105473463,28,164,5733,0.00795399287601711,0.004884004884004884,0.8936053777747696,0.8359144632977985,164,5733,0.8667644953897117,0.9426129426129426,308,21,77,0.040471398929576165,0.0014867527742542272,160,5327,0.018757725703105438,0.006240194860264667,0.045717062937585436,0.004539221431152469,164,5733,0.023187009904022025,0.012733298447584161,0.877437566666811,0.8178557914455684,164,5733,0.8494973777669795,0.9328449328449329,0.04548438716262384,0.014840534601948908,89,164,5733,0.02800589855701439,0.015524158381301239,1017,0.013832773345250366,0.004298421588594171,31,164,5733,0.008408743635645918,0.005407291121576836,0.10227375309172017,0.052046356169902906,164,5733,0.07612525247583023,0.05264711380004883,0.9181267563998071,0.14853623669986454,164,5733,0.4339240955584222,0.13361241932670503,0.04391271130371818,0.01392722196246118,90,164,5733,0.027000161341331666,0.015698587127158554,164,5733
固定左前沿逐词刷新诊断,L1,reference_direction,1,predecessor_correct,all,early,0.013461436160820375,0.0039055037323934877,28,164,5665,0.007955887312939938,0.004942630185348632,0.8936076197124587,0.8358626372748263,164,5665,0.8667745611469923,0.9422771403353928,306,21,76,0.04046512816080692,0.001469939115877057,160,5262,0.018746539896014595,0.0062820332352084745,0.04559608396436644,0.004425212419490462,164,5665,0.02311241069819742,0.012709620476610768,0.8776235123981109,0.8179999347602354,164,5665,0.8496122026999411,0.9325684024713151,0.04539464508753834,0.014740201249744957,88,164,5665,0.027920198133859393,0.015533980582524271,1017,0.013834667782173194,0.0042984689495172415,31,164,5665,0.008410638072568746,0.005472197705207414,0.10216304701723103,0.05180216729178523,164,5665,0.07593583814426788,0.05267722398332022,0.9194505517414165,0.14891331236264474,164,5665,0.43435735419609034,0.135216240070609,0.04384882031476159,0.013846733655649602,89,164,5665,0.026914460918176668,0.015710503089143867,164,5665
固定左前沿逐词刷新诊断,L1,reference_direction,1,predecessor_correct,all,middle,0.0,0.0,0,8,68,0.0,0.0,1.0,0.875,8,68,0.9479166666666667,0.9705882352941176,2,0,1,0.006954717636108398,0.0,8,65,0.0023182392120361327,0.002853217491736779,0.07500000000000001,0.0,8,68,0.025,0.014705882352941176,0.9791666666666667,0.85,8,68,0.9229166666666666,0.9558823529411765,0.07500000000000001,0.0,1,8,68,0.025,0.014705882352941176,10,0.0,0.0,0,8,68,0.0,0.0,0.15908680328956015,0.00276125946870217,8,68,0.06734581024218829,0.05013866985545439,0.07500000000000001,-0.0625,8,68,0.004166666666666669,0.0,0.07500000000000001,0.0,1,8,68,0.025,0.014705882352941176,8,68
固定左前沿逐词刷新诊断,L1,reference_direction,1,predecessor_correct,pass,all,0.01346348177453483,0.0031126034012216547,20,150,5366,0.007481121023580256,0.003727171077152441,0.9256372583929662,0.8745022822584512,150,5366,0.9013640283247802,0.9539694371971673,236,11,61,0.025368327427932567,-0.005492980922092075,148,5058,0.008699401228283637,0.005826294681402759,0.04665089686553443,0.0062516072955091035,150,5366,0.023609451417781258,0.012486023108460679,0.9126143627716521,0.859709293486821,150,5366,0.8877609539757721,0.9446515095042862,0.04477411288322972,0.013022682910335509,77,150,5366,0.02615413621675237,0.0143496086470369,929,0.01368856583446221,0.0033464851814484953,22,150,5366,0.007763307972433872,0.004099888184867686,0.08438418704147761,0.04073302671778882,150,5366,0.06142559763370676,0.04804732299233123,0.8999706099227025,0.08412599031610353,150,5366,0.39958343460355716,0.0987700335445397,0.04455438707548475,0.012751096967617635,77,150,5366,0.026151176095796543,0.0143496086470369,150,5366
固定左前沿逐词刷新诊断,L1,reference_direction,1,predecessor_correct,pass,early,0.013470006053463691,0.003113227855188096,20,150,5298,0.0074833498083353685,0.003775009437523594,0.9257410666432733,0.8745229519109652,150,5298,0.901408802896288,0.953756134390336,234,11,60,0.025385498336693305,-0.005477618254369195,148,4993,0.008690005311423013,0.00586499887073348,0.04647317541380465,0.006213276976199567,150,5298,0.02352918462461722,0.01245753114382786,0.9128025126977982,0.8598555788866428,150,5298,0.8879142140353294,0.9445073612684032,0.04471867993038619,0.012967100313467487,76,150,5298,0.026061889626359924,0.014345035862589657,929,0.01369291196473468,0.0033477420702853994,22,150,5298,0.007765536757188984,0.004152510381275953,0.08416961936904137,0.04057839597831749,150,5298,0.06124230147367259,0.04802048048823678,0.9000072937112881,0.08414167096089578,150,5298,0.39959087560666945,0.10003775009437524,0.04440981396877732,0.012628905297958676,76,150,5298,0.0260589295054041,0.014345035862589657,150,5298
固定左前沿逐词刷新诊断,L1,reference_direction,1,predecessor_correct,pass,middle,0.0,0.0,0,8,68,0.0,0.0,1.0,0.875,8,68,0.9479166666666667,0.9705882352941176,2,0,1,0.006954717636108398,0.0,8,65,0.0023182392120361327,0.002853217491736779,0.07500000000000001,0.0,8,68,0.025,0.014705882352941176,0.9791666666666667,0.85,8,68,0.9229166666666666,0.9558823529411765,0.07500000000000001,0.0,1,8,68,0.025,0.014705882352941176,10,0.0,0.0,0,8,68,0.0,0.0,0.15908680328956015,0.00276125946870217,8,68,0.06734581024218829,0.05013866985545439,0.07500000000000001,-0.0625,8,68,0.004166666666666669,0.0,0.07500000000000001,0.0,1,8,68,0.025,0.014705882352941176,8,68
固定左前沿逐词刷新诊断,L1,reference_direction,1,predecessor_correct,fail,all,0.03399447278911562,0.005952380952380952,8,56,367,0.018771258503401358,0.021798365122615803,0.7683579577664397,0.6427912687510902,56,367,0.7094044348508634,0.776566757493188,72,10,16,0.07397393066219521,-0.00923057896593774,53,269,0.02491820753794747,0.0140227491527685,0.06787184665532879,-0.03540302579365078,56,367,0.014682539682539682,0.01634877384196185,0.7439009626286411,0.6233809878117913,56,367,0.6856516003837433,0.7602179836512262,0.06428677721088434,0.013966305272108842,12,56,367,0.03641581632653061,0.0326975476839237,88,0.0364517786281179,0.007786989795918368,9,56,367,0.020755385487528342,0.02452316076294278,0.23889257296427277,0.06266437972022636,56,367,0.147597106763066,0.11990182081425223,1.3303177873713583,0.2040442531179138,56,367,0.7150641025641026,0.6430517711171662,0.06294642857142857,0.01403061224489796,13,56,367,0.03548044217687075,0.035422343324250684,56,367
固定左前沿逐词刷新诊断,L1,reference_direction,1,predecessor_correct,fail,early,0.03399447278911562,0.005952380952380952,8,56,367,0.018771258503401358,0.021798365122615803,0.7683579577664397,0.6427912687510902,56,367,0.7094044348508634,0.776566757493188,72,10,16,0.07397393066219521,-0.00923057896593774,53,269,0.02491820753794747,0.0140227491527685,0.06787184665532879,-0.03540302579365078,56,367,0.014682539682539682,0.01634877384196185,0.7439009626286411,0.6233809878117913,56,367,0.6856516003837433,0.7602179836512262,0.06428677721088434,0.013966305272108842,12,56,367,0.03641581632653061,0.0326975476839237,88,0.0364517786281179,0.007786989795918368,9,56,367,0.020755385487528342,0.02452316076294278,0.23889257296427277,0.06266437972022636,56,367,0.147597106763066,0.11990182081425223,1.3303177873713583,0.2040442531179138,56,367,0.7150641025641026,0.6430517711171662,0.06294642857142857,0.01403061224489796,13,56,367,0.03548044217687075,0.035422343324250684,56,367
固定左前沿逐词刷新诊断,L1,reference_direction,1,overall,all,all,0.015615820112830407,0.009186887857920104,91,164,7322,0.012317556497230287,0.0124282982791587,0.7271356891715404,0.6369850420983982,164,7322,0.6838071781343597,0.756077574433215,1690,96,80,0.0431365956826633,0.0034870113614433908,160,5456,0.021383915031317792,0.006725315124757828,0.021896122093518742,0.004840231198593443,164,7322,0.013020531972328518,0.00928708003277793,0.7283208941073025,0.6397713459184942,164,7322,0.6847404625847803,0.758262769735045,0.01712922264051061,0.009413768696416436,94,164,7322,0.012946722633620632,0.012838022398251844,1027,0.01599089974777984,0.009526833430709548,94,164,7322,0.012653022773313228,0.012838022398251844,-0.6422126272186706,-0.8843908800004294,164,7322,-0.7611317138750306,-0.6038074007583948,-131.74912630266158,-349.6415410687325,164,7322,-233.57802612618005,-203.152553947009,0.01647723148962308,0.008968196920389419,95,164,7322,0.012362350975452836,0.012974597104616225,164,7322
固定左前沿逐词刷新诊断,L1,reference_direction,1,overall,all,early,0.015760462183145762,0.009328046430640346,91,164,7193,0.012454608074061634,0.012651188655637425,0.7285184079369965,0.6391095308347475,164,7193,0.6853740475583668,0.7603225357986931,1628,96,78,0.043148387199266905,0.003490051299526764,160,5391,0.02137259464441261,0.006772001518032984,0.021746186528941183,0.004557175418755979,164,7193,0.012838476067270066,0.009175587376616154,0.7298244752247791,0.6418839359049541,164,7193,0.6865320760817075,0.7628249687195885,0.017152564047258914,0.009371004136725676,92,164,7193,0.012944296351547282,0.012790212706798277,1027,0.016154655134599266,0.009644739663547446,94,164,7193,0.012790074350144575,0.013068260809119978,-0.6404507317630421,-0.8824590791029135,164,7193,-0.7593990898274696,-0.597267337689293,-134.58714503912265,-350.71004624484806,164,7193,-235.42177900711872,-207.65674961768386,0.016506848707771346,0.008929214819320633,93,164,7193,0.012359924693379484,0.012929236757959126,164,7193
固定左前沿逐词刷新诊断,L1,reference_direction,1,overall,all,middle,0.0,0.0,0,16,129,0.0,0.0,0.6625,0.20982142857142858,16,129,0.4348214285714286,0.5193798449612403,62,0,2,0.006954717636108398,0.0,8,65,0.0023182392120361327,0.002853217491736779,0.06875,-0.013906249999999983,16,129,0.020138888888888887,0.015503875968992248,0.6405059523809519,0.20714285714285716,16,129,0.4139880952380952,0.5038759689922481,0.0625,0.0,2,16,129,0.020833333333333332,0.015503875968992248,18,0.0,0.0,0,16,129,0.0,0.0,-0.6321177964498346,-1.9421498326957227,16,129,-1.2510826367598313,-0.9684792895649754,409.47770337301574,-299.89650297619045,16,129,-11.975223214285734,48.0,0.0625,0.0,2,16,129,0.020833333333333332,0.015503875968992248,16,129
固定左前沿逐词刷新诊断,L1,reference_direction,1,overall,pass,all,0.01215861193160481,0.006009613400821148,56,150,6419,0.008938781457152349,0.008724100327153763,0.8109288226890335,0.7293875611232715,150,6419,0.7716190575773044,0.8141455055304565,1140,53,64,0.02991734624458801,-0.002665092612811458,148,5162,0.012220222620109229,0.006268000611959618,0.020593943017432424,0.0036200788130248806,150,6419,0.01166986418042672,0.00856831282131173,0.8075602993010416,0.7250703332278335,150,6419,0.767169385595468,0.8124318429661941,0.02181157692626466,0.010067199683974702,82,150,6419,0.015216682752213512,0.01277457547904658,938,0.012224462237896997,0.0061607604200643205,57,150,6419,0.009045277497217572,0.008879887832995793,-0.4182450138756881,-0.6335228271720207,150,6419,-0.5218031806061769,-0.43744265986744313,-122.13404121738179,-363.1887908164052,150,6419,-229.47345497747878,-194.69216388845615,0.0215450115252194,0.009714890943276325,82,150,6419,0.014886639727193571,0.01277457547904658,150,6419
固定左前沿逐词刷新诊断,L1,reference_direction,1,overall,pass,early,0.01222983724720892,0.006084020342430959,56,150,6305,0.00901533604478115,0.008881839809674861,0.811496582846936,0.7304546705813172,150,6305,0.7724653576162704,0.8182394924662966,1093,53,62,0.029901166730276287,-0.0026603419474877103,148,5097,0.012210726607366515,0.006311547973704661,0.020463154980973997,0.0034534992227832225,150,6305,0.011509740524462209,0.008406026962727993,0.808264699016135,0.7263420238849184,150,6305,0.7681899429118765,0.816812053925456,0.02178757105416422,0.010007123693741772,80,150,6305,0.015199622265630286,0.012688342585249802,938,0.012322342067507156,0.006228637119259361,57,150,6305,0.009121832084846371,0.009040444091990485,-0.41798142656693255,-0.6344209414670047,150,6305,-0.5217306523322681,-0.42951822613648816,-122.6446095245786,-363.03631251952686,150,6305,-229.76223427136264,-196.2244250594766,0.021544603315206794,0.009629499441229027,80,150,6305,0.014869579240610342,0.012688342585249802,150,6305
固定左前沿逐词刷新诊断,L1,reference_direction,1,overall,pass,middle,0.0,0.0,0,13,114,0.0,0.0,0.7747252747252747,0.2857142857142857,13,114,0.5351648351648352,0.5877192982456141,47,0,2,0.006954717636108398,0.0,8,65,0.0023182392120361327,0.002853217491736779,0.0846153846153846,-0.017948717948717947,13,114,0.024786324786324785,0.017543859649122806,0.7454212454212453,0.2600732600732601,13,114,0.5095238095238095,0.5701754385964912,0.07692307692307693,0.0,2,13,114,0.02564102564102564,0.017543859649122806,15,0.0,0.0,0,13,114,0.0,0.0,-0.3889686655857154,-1.5379099381432415,13,114,-0.9651724251064324,-0.8757194552505225,-45.136446886446905,-230.13603785103786,13,114,-130.83296703296702,-109.94736842105263,0.07692307692307693,0.0,2,13,114,0.02564102564102564,0.017543859649122806,13,114
固定左前沿逐词刷新诊断,L1,reference_direction,1,overall,fail,all,0.053385362216598516,0.023669335544335545,35,56,903,0.03817375921670085,0.03875968992248062,0.4485961186538331,0.3129536741491776,56,903,0.3795020861206345,0.3433001107419712,550,43,16,0.0745736375393015,-0.006198956415544308,53,294,0.02616486780979021,0.014754762454908721,0.04822308107628484,-0.016652883162405447,56,903,0.015386437449542578,0.014396456256921373,0.4640343295600722,0.3349617562358497,56,903,0.3982435703729427,0.37320044296788485,0.03358150232690673,0.006405407836933572,12,56,903,0.01823639553418965,0.013289036544850499,89,0.058345959365609074,0.02574829944946062,37,56,903,0.04128523107817272,0.04097452934662237,-1.475981776398972,-1.9394974555539437,56,903,-1.7043931878589142,-1.786415675153764,-35.27730997664592,-495.99121038610076,56,903,-259.6040941670368,-263.2934662236988,0.033428682781703876,0.0064085968961288655,13,56,903,0.018004554609413945,0.014396456256921373,56,903
固定左前沿逐词刷新诊断,L1,reference_direction,1,overall,fail,early,0.05401736986743238,0.024115919441057312,35,56,888,0.03874971057390221,0.039414414414414414,0.4524184639893011,0.31539434514371056,56,888,0.3829237911048396,0.3490990990990991,535,43,16,0.0745736375393015,-0.006198956415544308,53,294,0.02616486780979021,0.014754762454908721,0.047988911973493906,-0.01751159423242795,56,888,0.014812497031852164,0.01463963963963964,0.4689950806237703,0.338471389120549,56,888,0.4022412267143491,0.3795045045045045,0.03372356928882663,0.006482235255213196,12,56,888,0.018387215997510115,0.013513513513513514,89,0.05876045455538425,0.026234716406230325,37,56,888,0.04186118243537407,0.041666666666666664,-1.4703330373006016,-1.9377731620198577,56,888,-1.6998105302326916,-1.788323811045638,-25.556653977751726,-494.3221410688857,56,888,-254.75649020146412,-288.8288288288288,0.03355889562950784,0.006531593691220449,13,56,888,0.018155375072734407,0.01463963963963964,56,888
固定左前沿逐词刷新诊断,L1,reference_direction,1,overall,fail,middle,0.0,0.0,0,3,15,0.0,0.0,0.0,0.0,3,15,0.0,0.0,15,0,0,,,0,0,,,0.0,0.0,3,15,0.0,0.0,0.0,0.0,3,15,0.0,0.0,0.0,0.0,0,3,15,0.0,0.0,3,0.0,0.0,0,3,15,0.0,0.0,-0.8738560676574707,-4.956720352172852,3,15,-2.4900268872578937,-1.6734540303548178,2665.625,-1061.0,3,15,503.075,1248.4,0.0,0.0,0,3,15,0.0,0.0,3,15
固定左前沿逐词刷新诊断,L1,reference_direction,2,reference_prefix_aligned,all,all,0.017228675815209885,0.003949550420513412,23,159,4438,0.009320801359336595,0.005182514646237044,0.885955351287523,0.8117339808912715,159,4438,0.8506740244447768,0.9495268138801262,200,24,138,0.03351706397739067,0.005489191231334162,150,4076,0.01971180099501255,0.01935576222712673,0.092779500698078,0.03692971523983639,159,4438,0.0631644058648617,0.043262730959891846,0.8435575650629001,0.7631345168853702,159,4438,0.8052042374952957,0.9238395673726904,0.06873074329186629,0.035735621407169176,167,159,4438,0.05074290118365922,0.03762956286615592,981,0.017433884031699275,0.003941108906845547,23,159,4438,0.009320801359336595,0.005182514646237044,0.38941854323833697,0.2596081293843494,159,4438,0.3241257401538396,0.257283416080174,5.407068830220565,0.765847438656598,159,4438,2.479776453144363,0.6613339342045966,0.06892441775310743,0.03549356826383543,165,159,4438,0.0504823682627978,0.03717890941865705,159,4438
固定左前沿逐词刷新诊断,L1,reference_direction,2,reference_prefix_aligned,all,early,0.017228675815209885,0.003949550420513412,23,159,4384,0.009320801359336595,0.005246350364963503,0.8859689471677393,0.8116879315548827,159,4384,0.8506891521270391,0.9491332116788321,199,24,138,0.03381078293368336,0.005660491864776796,150,4023,0.019894613746845046,0.019660825015833033,0.09291834686994593,0.03702079367710271,159,4384,0.06330450164085025,0.043795620437956206,0.8435596182879156,0.7632212787015662,159,4384,0.8051496848559025,0.9231295620437956,0.06885473101311078,0.03589397470969653,167,159,4384,0.050879826945446106,0.038093065693430656,981,0.017433884031699275,0.003941108906845547,23,159,4384,0.009320801359336595,0.005246350364963503,0.38941083279238853,0.2592871437767556,159,4384,0.3239456012095664,0.25763237030401714,5.407219755347667,0.7657965850728402,159,4384,2.479795831063785,0.6692518248175182,0.06905563266973755,0.03561118903636403,165,159,4384,0.05061929402458469,0.03763686131386861,159,4384
固定左前沿逐词刷新诊断,L1,reference_direction,2,reference_prefix_aligned,all,middle,0.0,0.0,0,6,54,0.0,0.0,1.0,0.8333333333333334,6,54,0.9444444444444443,0.9814814814814815,1,0,0,0.0,-0.011189566718207465,6,53,-0.0037298555727358217,-0.0038002302061836673,0.0,0.0,6,54,0.0,0.0,1.0,0.8333333333333334,6,54,0.9444444444444443,0.9814814814814815,0.0,0.0,0,6,54,0.0,0.0,7,0.0,0.0,0,6,54,0.0,0.0,0.5112309825139415,0.11874371706837356,6,54,0.27911926359439937,0.22895350279631438,0.16666666666666666,0.0,6,54,0.05555555555555555,0.018518518518518517,0.0,0.0,0,6,54,0.0,0.0,6,54
固定左前沿逐词刷新诊断,L1,reference_direction,2,reference_prefix_aligned,pass,all,0.017528442221044258,0.0030789953288761496,18,147,4201,0.00887360552329152,0.0042846941204475126,0.9233320143407585,0.858950051000833,147,4201,0.8927446458941419,0.960247560104737,152,15,118,0.029643276269352613,0.002251141232938665,143,3916,0.01595313648936836,0.018216878327943452,0.08474663409835806,0.03529342964522655,147,4201,0.05831217199085833,0.03927636277076887,0.8835286967398126,0.8164211762587434,147,4201,0.8517685055135606,0.9357295881932873,0.05779598492584271,0.030825989400165576,145,147,4201,0.04339116936853632,0.034515591525827186,901,0.017417531026985893,0.003087212552054272,18,147,4201,0.00887360552329152,0.0042846941204475126,0.3626364096890636,0.2445760791474183,147,4201,0.3033453609342428,0.24774077516940343,5.343998200503152,0.4935357065468495,147,4201,2.3026265246450555,0.5993810997381576,0.05711967829053099,0.030255788456653054,142,147,4201,0.04281712545306447,0.03380147583908593,147,4201
固定左前沿逐词刷新诊断,L1,reference_direction,2,reference_prefix_aligned,pass,early,0.017528442221044258,0.0030789953288761496,18,147,4147,0.00887360552329152,0.0043404870991077885,0.9233264041213092,0.8589523449376871,147,4147,0.8927924244071226,0.9599710634193392,151,15,118,0.029877527295330504,0.0024383624021659966,143,3863,0.01617061540488404,0.018518951005217266,0.0849388263711198,0.03547067679855859,147,4147,0.05848216499790523,0.03978779840848806,0.8835527745904251,0.8163230312698844,147,4147,0.8517351607958803,0.9351338316855559,0.057979689043056434,0.030960275897910738,145,147,4147,0.043559333687118576,0.03496503496503497,901,0.017417531026985893,0.003087212552054272,18,147,4147,0.00887360552329152,0.0043404870991077885,0.36251397543208724,0.2444937621322649,147,4147,0.3031796532414215,0.2479854129094919,5.344079471621744,0.4936488828434158,147,4147,2.302634548102377,0.6069447793585725,0.057349307206148815,0.03042288762717321,142,147,4147,0.04298528977164673,0.034241620448517,147,4147
固定左前沿逐词刷新诊断,L1,reference_direction,2,reference_prefix_aligned,pass,middle,0.0,0.0,0,6,54,0.0,0.0,1.0,0.8333333333333334,6,54,0.9444444444444443,0.9814814814814815,1,0,0,0.0,-0.011189566718207465,6,53,-0.0037298555727358217,-0.0038002302061836673,0.0,0.0,6,54,0.0,0.0,1.0,0.8333333333333334,6,54,0.9444444444444443,0.9814814814814815,0.0,0.0,0,6,54,0.0,0.0,7,0.0,0.0,0,6,54,0.0,0.0,0.5112309825139415,0.11874371706837356,6,54,0.27911926359439937,0.22895350279631438,0.16666666666666666,0.0,6,54,0.05555555555555555,0.018518518518518517,0.0,0.0,0,6,54,0.0,0.0,6,54
固定左前沿逐词刷新诊断,L1,reference_direction,2,reference_prefix_aligned,fail,all,0.05192307692307692,0.004807692307692308,5,52,237,0.02532051282051282,0.02109704641350211,0.7028867902930402,0.5032926968864468,52,237,0.6060164835164835,0.759493670886076,48,9,20,0.0623935120147571,-0.026182028064780028,38,160,0.017420108836488406,0.04722994565963745,0.2382789606227106,-0.0041678113553113615,52,237,0.11227564102564101,0.11392405063291139,0.6321116071428571,0.44127564102564104,52,237,0.5377472527472528,0.7130801687763713,0.16724358974358972,0.04897435897435897,22,52,237,0.10346153846153847,0.09282700421940929,80,0.05160256410256411,0.004807692307692308,5,52,237,0.02532051282051282,0.02109704641350211,0.6834293882742033,0.2448421797882288,52,237,0.46462835213421905,0.4264337724774196,3.889767055860805,1.202389652014652,52,237,2.4111675824175824,1.759493670886076,0.16211698717948717,0.046410256410256416,23,52,237,0.09929487179487179,0.0970464135021097,52,237
固定左前沿逐词刷新诊断,L1,reference_direction,2,reference_prefix_aligned,fail,early,0.05192307692307692,0.004807692307692308,5,52,237,0.02532051282051282,0.02109704641350211,0.7028867902930402,0.5032926968864468,52,237,0.6060164835164835,0.759493670886076,48,9,20,0.0623935120147571,-0.026182028064780028,38,160,0.017420108836488406,0.04722994565963745,0.2382789606227106,-0.0041678113553113615,52,237,0.11227564102564101,0.11392405063291139,0.6321116071428571,0.44127564102564104,52,237,0.5377472527472528,0.7130801687763713,0.16724358974358972,0.04897435897435897,22,52,237,0.10346153846153847,0.09282700421940929,80,0.05160256410256411,0.004807692307692308,5,52,237,0.02532051282051282,0.02109704641350211,0.6834293882742033,0.2448421797882288,52,237,0.46462835213421905,0.4264337724774196,3.889767055860805,1.202389652014652,52,237,2.4111675824175824,1.759493670886076,0.16211698717948717,0.046410256410256416,23,52,237,0.09929487179487179,0.0970464135021097,52,237
固定左前沿逐词刷新诊断,L1,reference_direction,2,predecessor_correct,all,all,0.012985569991028213,0.004477180869793981,28,159,4721,0.008231261179860174,0.00593094683329803,0.8832507406855566,0.8205012790145271,159,4721,0.852980099234599,0.9353950434230036,272,33,152,0.03291005872816597,0.010375367502217913,154,4264,0.021243894621860666,0.01965841611822819,0.09233266809592386,0.04112752812900238,159,4721,0.06544170993447566,0.04469392077949587,0.844008391499615,0.7726768515555222,159,4721,0.8101144007041966,0.9101885193814869,0.06759059431159985,0.035838821463738194,184,159,4721,0.05005590716156891,0.03897479347595848,989,0.013414316113990027,0.0047337519286742786,29,159,4721,0.008473157648171737,0.006142766363058674,0.34016540767755027,0.21574311764944784,159,4721,0.2778281431691095,0.23137356431472608,5.22067665104218,0.6562735049159545,159,4721,2.295999453920597,0.6445668290616395,0.06688139117151906,0.03507621718442546,181,159,4721,0.049191703083653913,0.038339334886676554,159,4721
固定左前沿逐词刷新诊断,L1,reference_direction,2,predecessor_correct,all,early,0.013012470272933068,0.004495009625978382,28,159,4662,0.008248731480349342,0.006006006006006006,0.8832421369759179,0.8205947452188967,159,4662,0.8529484559735541,0.9347919347919348,271,33,150,0.03316042347024471,0.010478289004453821,154,4208,0.02139112641603065,0.019967894137132305,0.09218967256786409,0.04100199566741335,159,4662,0.06529684241663845,0.04483054483054483,0.8441559167365393,0.7729314595826153,159,4662,0.8102752667310423,0.9096954096954097,0.06740465136332197,0.03569740030785468,182,159,4662,0.0499253399300192,0.03903903903903904,989,0.013431673169072345,0.004751142287231145,29,159,4662,0.008490627948660906,0.006220506220506221,0.3394459996659617,0.2143346542427803,159,4662,0.2767344557621688,0.23004489597564395,5.2192050633550515,0.6505250911553959,159,4662,2.2922225542736414,0.6501501501501501,0.06670321119453154,0.0349094978860599,179,159,4662,0.0490611358521042,0.038395538395538394,159,4662
固定左前沿逐词刷新诊断,L1,reference_direction,2,predecessor_correct,all,middle,0.0,0.0,0,7,59,0.0,0.0,1.0,0.8571428571428571,7,59,0.9523809523809523,0.9830508474576272,1,0,2,0.0,-0.009591057187034971,7,56,-0.00319701906234499,-0.0035966464451381137,0.17142857142857146,0.0,7,59,0.05714285714285715,0.03389830508474576,1.0,0.7711904761904763,7,59,0.8952380952380953,0.9491525423728814,0.17142857142857146,0.0,2,7,59,0.05714285714285715,0.03389830508474576,8,0.0,0.0,0,7,59,0.0,0.0,0.8471761951886903,0.14412461008344377,7,59,0.45301088137716095,0.33636088290457,0.9904761904761906,0.0,7,59,0.36190476190476195,0.2033898305084746,0.17142857142857146,0.0,2,7,59,0.05714285714285715,0.03389830508474576,7,59
固定左前沿逐词刷新诊断,L1,reference_direction,2,predecessor_correct,pass,all,0.012733458147998809,0.00365787004783739,21,147,4441,0.007685892801287661,0.0047286647151542445,0.915243836684578,0.8534914984311115,147,4441,0.8862765940196886,0.9482098626435488,210,20,129,0.029172690806660802,0.007868193105373952,144,4082,0.01790310268637362,0.018811898743154254,0.08054088754528205,0.038465567080383394,147,4441,0.05806369839343918,0.04098176086467012,0.8775657745452097,0.8141874119347496,147,4441,0.8476422485527475,0.9236658410267957,0.0573924736898462,0.03157555594868663,160,147,4441,0.04384553535441695,0.03602792163927043,907,0.0129724316055011,0.003964350009996809,22,147,4441,0.007947535920073637,0.004953839225399685,0.30962073040270055,0.18647760662100388,147,4441,0.24777732553799744,0.22441693013703815,5.189144005988879,0.4288373301213057,147,4441,2.1789198054902714,0.6590857914884035,0.055553214034211346,0.030541511001183394,156,147,4441,0.042167880374393805,0.035127223598288675,147,4441
固定左前沿逐词刷新诊断,L1,reference_direction,2,predecessor_correct,pass,early,0.012757498492388079,0.0036659373150762526,21,147,4382,0.007704789248755537,0.004792332268370607,0.9152876682553016,0.8535175036212788,147,4382,0.8862820487511546,0.947740757644911,209,20,127,0.02943809173787183,0.008007849598464786,144,4026,0.01808354670021909,0.01912359236723383,0.08049067970746938,0.03824270073608622,147,4382,0.0579254581506004,0.041077133728890915,0.8778124702748697,0.8143571855436151,147,4382,0.8478501728965311,0.9233226837060703,0.05723247502487423,0.031446031899680114,158,147,4382,0.0437243628705814,0.03605659516202647,907,0.013001713069507368,0.003983547220833514,22,147,4382,0.007966432367541514,0.005020538566864446,0.3082429959644528,0.18518529165817418,147,4382,0.24665212173074016,0.22290969754614715,5.189155026155869,0.42809656492409603,147,4382,2.177773096661956,0.665221360109539,0.055420647679762,0.030456480808347095,154,147,4382,0.042046707890558255,0.03514376996805112,147,4382
固定左前沿逐词刷新诊断,L1,reference_direction,2,predecessor_correct,pass,middle,0.0,0.0,0,7,59,0.0,0.0,1.0,0.8571428571428571,7,59,0.9523809523809523,0.9830508474576272,1,0,2,0.0,-0.009591057187034971,7,56,-0.00319701906234499,-0.0035966464451381137,0.17142857142857146,0.0,7,59,0.05714285714285715,0.03389830508474576,1.0,0.7711904761904763,7,59,0.8952380952380953,0.9491525423728814,0.17142857142857146,0.0,2,7,59,0.05714285714285715,0.03389830508474576,8,0.0,0.0,0,7,59,0.0,0.0,0.8471761951886903,0.14412461008344377,7,59,0.45301088137716095,0.33636088290457,0.9904761904761906,0.0,7,59,0.36190476190476195,0.2033898305084746,0.17142857142857146,0.0,2,7,59,0.05714285714285715,0.03389830508474576,7,59
固定左前沿逐词刷新诊断,L1,reference_direction,2,predecessor_correct,fail,all,0.0417910489667565,0.007648247978436658,7,53,280,0.02337151841868823,0.025,0.7154124377980509,0.5463334096459097,53,280,0.6340312046444122,0.7321428571428571,62,13,23,0.057161635016960595,-0.04823529805163161,43,182,0.006810547569126773,0.03864459153060075,0.1981805066003178,0.012793800539083551,53,280,0.10406921694657544,0.10357142857142858,0.65449255016472,0.487501759508835,53,280,0.5720452346395744,0.6964285714285714,0.1552712264150943,0.04898034591194968,24,53,280,0.0974879051765844,0.08571428571428572,82,0.04192694294699009,0.007648247978436658,7,53,280,0.02337151841868823,0.025,0.5946430397871508,0.1922694465641349,53,280,0.39784623727814505,0.3417107513972691,3.018667720644135,-0.5845537658096621,53,280,1.3615837883290711,0.4142857142857143,0.14881485849056597,0.04740448113207547,25,53,280,0.093399854862119,0.08928571428571429,53,280
固定左前沿逐词刷新诊断,L1,reference_direction,2,predecessor_correct,fail,early,0.0417910489667565,0.007648247978436658,7,53,280,0.02337151841868823,0.025,0.7154124377980509,0.5463334096459097,53,280,0.6340312046444122,0.7321428571428571,62,13,23,0.057161635016960595,-0.04823529805163161,43,182,0.006810547569126773,0.03864459153060075,0.1981805066003178,0.012793800539083551,53,280,0.10406921694657544,0.10357142857142858,0.65449255016472,0.487501759508835,53,280,0.5720452346395744,0.6964285714285714,0.1552712264150943,0.04898034591194968,24,53,280,0.0974879051765844,0.08571428571428572,82,0.04192694294699009,0.007648247978436658,7,53,280,0.02337151841868823,0.025,0.5946430397871508,0.1922694465641349,53,280,0.39784623727814505,0.3417107513972691,3.018667720644135,-0.5845537658096621,53,280,1.3615837883290711,0.4142857142857143,0.14881485849056597,0.04740448113207547,25,53,280,0.093399854862119,0.08928571428571429,53,280
固定左前沿逐词刷新诊断,L1,reference_direction,2,overall,all,all,0.024239673069766866,0.013807182491940375,119,164,6295,0.018673545189913262,0.018903891977760125,0.6972927591828011,0.6019125726649828,164,6295,0.6508750887401201,0.7220015885623511,1592,158,160,0.041401515682175385,0.014700654326902155,154,4385,0.027118989940946966,0.02135040909561627,0.06868787653104093,0.041048035643828404,164,6295,0.05467151546093273,0.0482922954725973,0.6971374191156383,0.6053450278287107,164,6295,0.6516776778212053,0.7216838760921366,0.039866566719362485,0.02581184511012912,200,164,6295,0.032457896805531954,0.03177124702144559,1025,0.02435979879739042,0.013980617550318694,120,164,6295,0.018785564508095515,0.019062748212867357,-1.1169533168492574,-1.5702281266318612,164,6295,-1.338974222046146,-1.071259033727305,-225.24564182912425,-481.454927105389,164,6295,-342.3067169003907,-314.9691818903892,0.039115769041638875,0.025101059531865186,197,164,6295,0.031888560875527834,0.03129467831612391,164,6295
固定左前沿逐词刷新诊断,L1,reference_direction,2,overall,all,early,0.02419144645920942,0.013800057096544818,118,164,6184,0.018625642394392516,0.01908150064683053,0.6982100800330179,0.603084600757688,164,6184,0.6518792864949364,0.7255821474773609,1540,157,158,0.04155131173741957,0.014805386882972718,154,4329,0.027267042984959963,0.021673124528806903,0.06806219470740328,0.04042963794161515,164,6184,0.053990704427195176,0.04754204398447607,0.6980430989091374,0.6063863852809278,164,6184,0.6527395910398008,0.7254204398447607,0.0398815509282513,0.025837685389201445,198,164,6184,0.03250652296055631,0.03201811125485123,1025,0.024308621957651978,0.013917313364017928,119,164,6184,0.01873766171257477,0.01924320827943079,-1.1105243321631844,-1.566720316528902,164,6184,-1.3356483245649906,-1.0559689245279518,-218.22755832736587,-463.107732944941,164,6184,-329.53038774657875,-298.17723156532986,0.03917226982415983,0.02510139771374032,195,164,6184,0.03192938502220763,0.03153298835705045,164,6184
固定左前沿逐词刷新诊断,L1,reference_direction,2,overall,all,middle,0.02222222222222222,0.0,1,15,111,0.007407407407407407,0.009009009009009009,0.6222222222222222,0.16666666666666666,15,111,0.3888888888888889,0.5225225225225225,52,1,2,0.0,-0.009591057187034971,7,56,-0.00319701906234499,-0.0035966464451381137,0.21793650793650793,0.017195767195767195,15,111,0.11052910052910053,0.09009009009009009,0.5955555555555556,0.1622222222222222,15,111,0.36962962962962964,0.5135135135135135,0.08000000000000002,0.0,2,15,111,0.02666666666666667,0.018018018018018018,17,0.02222222222222222,0.0,1,15,111,0.007407407407407407,0.009009009009009009,-1.331891573186676,-4.387212788671126,15,111,-2.8033489103303495,-1.923097189482268,-159.55345370370375,-3805.205134920635,15,111,-1457.2657671957672,-1250.4774774774776,0.08000000000000002,0.0,2,15,111,0.02666666666666667,0.018018018018018018,15,111
固定左前沿逐词刷新诊断,L1,reference_direction,2,overall,pass,all,0.01940667520918144,0.009575772370127338,72,150,5481,0.014102509137709067,0.013136288998357963,0.7888670222521069,0.7007094133075074,150,5481,0.7458837353938499,0.7872650976099252,1074,92,134,0.04171155135648273,0.014056673082999805,144,4181,0.026521721639622672,0.020557172273910948,0.06650188492668589,0.03558132163026178,150,5481,0.050755911614927124,0.04141580003648969,0.7697609959273751,0.6851450884301982,150,5481,0.7287469987994281,0.779602262360883,0.04997843917567693,0.02838827062448876,172,150,5481,0.03838363516715778,0.03138113482941069,936,0.01982818387087112,0.009808257305285813,74,150,5481,0.014394819248994816,0.013501185914979019,-0.6851482825611457,-1.1125519131047177,150,5481,-0.8938518613445166,-0.757634595805897,-157.80656768027393,-426.2178141531298,150,5481,-280.20453067469424,-247.75916803503011,0.047306084152987295,0.027056870839817372,168,150,5481,0.0365627936641898,0.03065134099616858,150,5481
固定左前沿逐词刷新诊断,L1,reference_direction,2,overall,pass,early,0.019340775362830798,0.009433382124007128,71,150,5382,0.01400025845230512,0.013192121887774062,0.7899043807304074,0.7013116974138726,150,5382,0.7464226896015057,0.7909698996655519,1034,91,132,0.04192552541837104,0.014252484680329849,144,4125,0.02670510538741043,0.020885078661369554,0.06584137311996648,0.034960074031806156,150,5382,0.05010669445719515,0.04069119286510591,0.7702495524878007,0.6855881371542931,150,5382,0.7292706466091464,0.7833519137866964,0.04994083634790361,0.02844519001264801,170,150,5382,0.03841238592623443,0.031586770717205497,936,0.019683508284272348,0.00968826298333351,73,150,5382,0.014292568563590864,0.013563730955035302,-0.6849169875362048,-1.111694051021127,150,5382,-0.8929319331973549,-0.739861438727122,-158.03811898407508,-427.48325388166114,150,5382,-280.97148789078346,-249.3320327015979,0.0473854487322952,0.027095349633132936,166,150,5382,0.036591544423266446,0.030843552582683016,150,5382
固定左前沿逐词刷新诊断,L1,reference_direction,2,overall,pass,middle,0.027777777777777776,0.0,1,12,99,0.009259259259259259,0.010101010101010102,0.75,0.23611111111111108,12,99,0.4861111111111111,0.5858585858585859,40,1,2,0.0,-0.009591057187034971,7,56,-0.00319701906234499,-0.0035966464451381137,0.24027777777777778,0.005555555555555559,12,99,0.11435185185185186,0.08080808080808081,0.7037037037037037,0.22592592592592595,12,99,0.462037037037037,0.5757575757575758,0.10000000000000002,0.0,2,12,99,0.03333333333333333,0.020202020202020204,14,0.027777777777777776,0.0,1,12,99,0.009259259259259259,0.010101010101010102,-0.735713769062503,-3.63917640865702,12,99,-2.1614744593398743,-1.7238480442702169,-68.79420138888891,-339.38974537037035,12,99,-194.73101851851854,-162.25252525252526,0.10000000000000002,0.0,2,12,99,0.03333333333333333,0.020202020202020204,12,99
固定左前沿逐词刷新诊断,L1,reference_direction,2,overall,fail,all,0.0738356763447189,0.038251175979358586,47,56,814,0.05545743638561117,0.05773955773955774,0.39854283616812514,0.25358670852953813,56,814,0.3237136048650026,0.28255528255528256,518,66,26,0.060325703030218523,-0.03220577468071345,44,204,0.01540977767248013,0.03760787552478267,0.12931471379529666,0.045626295373346795,56,814,0.08784799183802831,0.0945945945945946,0.4275836260268664,0.28466631726899777,56,814,0.3557155087157384,0.3316953316953317,0.07288751521044223,0.021447863880257278,28,56,814,0.04446472159642757,0.0343980343980344,89,0.07310960331209945,0.038039817689505206,46,56,814,0.05474315067132545,0.056511056511056514,-2.5292195538539013,-3.4047513627717163,56,814,-2.975221112588037,-3.1830226015986036,-322.4206176255376,-852.1936387913119,56,814,-562.9085180292103,-767.522113022113,0.07486230798233039,0.022323024596122065,29,56,814,0.04506089563484391,0.03562653562653563,56,814
固定左前沿逐词刷新诊断,L1,reference_direction,2,overall,fail,early,0.07426808541720695,0.038670198393196666,47,56,802,0.05598934193780068,0.05860349127182045,0.4007488248119009,0.25495803768779474,56,802,0.32610429741025027,0.286783042394015,506,66,26,0.060325703030218523,-0.03220577468071345,44,204,0.01540977767248013,0.03760787552478267,0.1285262992935444,0.0447291081212663,56,802,0.08682765594027818,0.09351620947630923,0.43132929529570246,0.2869300780984249,56,802,0.3587086884054963,0.33665835411471323,0.07323571781521089,0.02182238987970555,28,56,802,0.044835993179887186,0.034912718204488775,89,0.07363494224162496,0.038436540050451336,46,56,802,0.055275056223514966,0.057356608478802994,-2.5153046055517425,-3.4017591381409904,56,802,-2.967373611823322,-3.177278760662697,-292.2110570809559,-733.4595649008345,56,802,-492.06397807611586,-625.9638403990025,0.07499825653713552,0.022543759723699243,29,56,802,0.0452715332495736,0.03615960099750624,56,802
固定左前沿逐词刷新诊断,L1,reference_direction,2,overall,fail,middle,0.0,0.0,0,3,12,0.0,0.0,0.0,0.0,3,12,0.0,0.0,12,0,0,,,0,0,,,0.2857142857142857,0.0,3,12,0.09523809523809523,0.16666666666666666,0.0,0.0,3,12,0.0,0.0,0.0,0.0,0,3,12,0.0,0.0,3,0.0,0.0,0,3,12,0.0,0.0,-2.7886640003749306,-10.004440307617188,3,12,-5.370846714292253,-3.5669026374816895,-346.5,-17029.714285714286,3,12,-6507.404761904762,-10228.333333333334,0.0,0.0,0,3,12,0.0,0.0,3,12
固定左前沿逐词刷新诊断,L1,reference_direction,3,reference_prefix_aligned,all,all,0.025760851608743893,0.0024688613317180416,14,150,3457,0.010744989851448231,0.00404975412207116,0.8943606678423315,0.810123434928091,150,3457,0.8542801800868122,0.9525600231414522,147,17,156,0.05349484977970121,0.008863209667250967,134,3137,0.03255131418099952,0.036807011296348585,0.1428770977787814,0.0333167198235087,150,3457,0.08365401405414898,0.06595313855944461,0.8247944448992955,0.7298054278655952,150,3457,0.7790705818295866,0.9123517500723171,0.08369412170230356,0.051383810999951776,198,150,3457,0.066748137137394,0.05727509401214926,864,0.025672678486177245,0.00273190720424032,17,150,3457,0.011138369501120788,0.004917558576800694,0.6137289535400747,0.4507571130287316,150,3457,0.5295235029682878,0.40348731143853206,13.932982737657598,1.4331542565922546,150,3457,5.874404508095289,1.139137980908302,0.08476679253265004,0.0514260899460086,200,150,3457,0.0670080912284431,0.05785363031530229,150,3457
固定左前沿逐词刷新诊断,L1,reference_direction,3,reference_prefix_aligned,all,early,0.025760851608743893,0.0024688613317180416,14,150,3410,0.010744989851448231,0.004105571847507331,0.8945095749350832,0.8100743716897253,150,3410,0.854335070589071,0.952199413489736,146,17,156,0.05368324029613883,0.009102752814442311,134,3091,0.03269902288892927,0.037354768884486654,0.1431758627689673,0.03337498636227228,150,3410,0.08383888043239299,0.06686217008797654,0.8247671908965494,0.7297265919823286,150,3410,0.7789669925589354,0.9114369501466275,0.0839300678459321,0.051664798612229605,198,150,3410,0.06697982100982393,0.05806451612903226,864,0.02567275751257206,0.0027366092747318637,17,150,3410,0.011139950029017106,0.00498533724340176,0.6137908748027696,0.4508003675722251,150,3410,0.5296731587100442,0.4045942614155431,13.933136162136366,1.4331694273606714,150,3410,5.874694599657705,1.1548387096774193,0.08496735978349892,0.05163120950630001,200,150,3410,0.06720061906171698,0.05865102639296188,150,3410
固定左前沿逐词刷新诊断,L1,reference_direction,3,reference_prefix_aligned,all,middle,0.0,0.0,0,6,47,0.0,0.0,1.0,0.75,6,47,0.9166666666666666,0.9787234042553191,1,0,0,2.384185791015625e-07,0.0,6,46,7.947285970052083e-08,8.292820142663043e-08,0.0,0.0,6,47,0.0,0.0,1.0,0.75,6,47,0.9166666666666666,0.9787234042553191,0.0,0.0,0,6,47,0.0,0.0,7,0.0,0.0,0,6,47,0.0,0.0,0.36029794641616775,0.1821849743525187,6,47,0.27701419537430944,0.32317455778730675,0.0,0.0,6,47,0.0,0.0,0.0,0.0,0,6,47,0.0,0.0,6,47
固定左前沿逐词刷新诊断,L1,reference_direction,3,reference_prefix_aligned,pass,all,0.02551939411666418,0.0016985230326948591,11,143,3300,0.010187425481757276,0.0033333333333333335,0.9171421966373408,0.8359785631945178,143,3300,0.878908743325838,0.9596969696969697,120,13,137,0.04345071221136554,0.006374521170313763,129,3030,0.02727227029890474,0.03583707840922642,0.1433201129234678,0.03492799793591268,143,3300,0.08333874605693053,0.062424242424242424,0.8496422576365782,0.7536776128750615,143,3300,0.804050384259726,0.9221212121212121,0.08823667103499062,0.048781204428565164,179,143,3300,0.06687171465709539,0.054242424242424245,815,0.025935695638078952,0.0021153760732492426,14,143,3300,0.010601719374312039,0.004242424242424243,0.5601058408292039,0.40596956403162776,143,3300,0.4794793073787679,0.3889294929215402,13.818432593796263,1.0393755448618542,143,3300,5.656044601778079,1.0387878787878788,0.08865036795739187,0.0488696000402875,181,143,3300,0.06718913918921843,0.05484848484848485,143,3300
固定左前沿逐词刷新诊断,L1,reference_direction,3,reference_prefix_aligned,pass,early,0.02551939411666418,0.0016985230326948591,11,143,3253,0.010187425481757276,0.003381494005533354,0.9172507437807355,0.8361574502330333,143,3253,0.8790109850947465,0.9594220719335997,119,13,137,0.04363556087605127,0.0065663555341392045,129,2984,0.02744755566708053,0.036389525390502275,0.14349728718600352,0.035027553740296105,143,3253,0.08355667175067252,0.06332616046726099,0.8495701569528822,0.7537526917370532,143,3253,0.803967083700609,0.9213034122348601,0.0884906565909625,0.04895996720495611,179,143,3253,0.06714226540346245,0.05502612972640639,815,0.025935783138166454,0.0021171260749992442,14,143,3253,0.010603469376062042,0.004303719643406086,0.5602867569303897,0.4060444675387602,143,3253,0.4797005171932622,0.3898795334845003,13.818909226450739,1.04007688484816,143,3253,5.656381044257004,1.053796495542576,0.0888688955429499,0.04908958069162372,181,143,3253,0.06741713155969377,0.055640946818321546,143,3253
固定左前沿逐词刷新诊断,L1,reference_direction,3,reference_prefix_aligned,pass,middle,0.0,0.0,0,6,47,0.0,0.0,1.0,0.75,6,47,0.9166666666666666,0.9787234042553191,1,0,0,2.384185791015625e-07,0.0,6,46,7.947285970052083e-08,8.292820142663043e-08,0.0,0.0,6,47,0.0,0.0,1.0,0.75,6,47,0.9166666666666666,0.9787234042553191,0.0,0.0,0,6,47,0.0,0.0,7,0.0,0.0,0,6,47,0.0,0.0,0.36029794641616775,0.1821849743525187,6,47,0.27701419537430944,0.32317455778730675,0.0,0.0,6,47,0.0,0.0,0.0,0.0,0,6,47,0.0,0.0,6,47
固定左前沿逐词刷新诊断,L1,reference_direction,3,reference_prefix_aligned,fail,all,0.0563063063063063,0.0,3,37,157,0.024774774774774775,0.01910828025477707,0.7960846642096642,0.5736150842400842,37,157,0.6878524628524628,0.802547770700637,27,4,19,0.11683526155179137,-0.03033652394466859,27,107,0.03872683265502141,0.06427333510924722,0.40529630279630274,0.024789326664326664,37,157,0.1956212706212706,0.14012738853503184,0.6652224464724464,0.43419606294606294,37,157,0.5515795015795016,0.7070063694267515,0.23869881244881244,0.06418918918918919,19,37,157,0.14498361998361997,0.12101910828025478,49,0.0563063063063063,0.0,3,37,157,0.024774774774774775,0.01910828025477707,1.1165910847092269,0.49460224366911926,37,157,0.7925193605680165,0.7094796751714816,7.792585263835264,0.7309778284778286,37,157,3.8372469872469877,3.248407643312102,0.24005221130221122,0.06482289107289108,19,37,157,0.14498361998361997,0.12101910828025478,37,157
固定左前沿逐词刷新诊断,L1,reference_direction,3,reference_prefix_aligned,fail,early,0.0563063063063063,0.0,3,37,157,0.024774774774774775,0.01910828025477707,0.7960846642096642,0.5736150842400842,37,157,0.6878524628524628,0.802547770700637,27,4,19,0.11683526155179137,-0.03033652394466859,27,107,0.03872683265502141,0.06427333510924722,0.40529630279630274,0.024789326664326664,37,157,0.1956212706212706,0.14012738853503184,0.6652224464724464,0.43419606294606294,37,157,0.5515795015795016,0.7070063694267515,0.23869881244881244,0.06418918918918919,19,37,157,0.14498361998361997,0.12101910828025478,49,0.0563063063063063,0.0,3,37,157,0.024774774774774775,0.01910828025477707,1.1165910847092269,0.49460224366911926,37,157,0.7925193605680165,0.7094796751714816,7.792585263835264,0.7309778284778286,37,157,3.8372469872469877,3.248407643312102,0.24005221130221122,0.06482289107289108,19,37,157,0.14498361998361997,0.12101910828025478,37,157
固定左前沿逐词刷新诊断,L1,reference_direction,3,predecessor_correct,all,all,0.017241962463433663,0.005503172799276061,25,154,3737,0.01069820443045381,0.00668985817500669,0.8813767291081923,0.8079896415730768,154,3737,0.8464968443222709,0.9344393898849345,217,28,175,0.05406365412077187,0.02421669926902125,142,3317,0.03812852645040502,0.037484935223427315,0.1521240152745324,0.061006118539157016,154,3737,0.10044457893310663,0.06984211934706984,0.8191093801473559,0.7343669313550408,154,3737,0.7779673652330221,0.8951030238158951,0.08063624183203194,0.051953736471315695,221,154,3737,0.06581451794394128,0.05913834626705914,889,0.017563699372768003,0.005858438477249101,28,154,3737,0.011081366426888117,0.007492641156007493,0.5137603763289117,0.3615121737309253,154,3737,0.4346994642368985,0.3624572852157417,12.713993769922714,1.2122090233885392,154,3737,5.304162922149397,1.1268397109981267,0.08116889160617312,0.05240058526660311,223,154,3737,0.06604582776438656,0.05967353492105967,154,3737
固定左前沿逐词刷新诊断,L1,reference_direction,3,predecessor_correct,all,early,0.0172692103972407,0.005521365719367902,25,154,3686,0.010717233020910972,0.006782419967444384,0.8814348633948678,0.8079602074895266,154,3686,0.8464980545199048,0.9338035811177429,216,28,173,0.05419460947721513,0.024348301205630554,142,3269,0.03825087660610053,0.03803533995760512,0.15197393615380636,0.060783618073327224,154,3686,0.10030284940022742,0.07026587086272382,0.8194181487487925,0.7345342363220161,154,3686,0.7781150651077747,0.8944655453065654,0.08054437846303317,0.0519231312651507,219,154,3686,0.06573741845689511,0.059413998914812804,889,0.017583425213015428,0.005876537686951367,28,154,3686,0.011101934492568966,0.007596310363537711,0.5135959277516469,0.36089234712120755,154,3686,0.43427887478486804,0.3620673753745648,12.714489953535542,1.2112860167759334,154,3686,5.301261126401793,1.1418882257189364,0.08111823015382767,0.05234871970794931,221,154,3686,0.06594866161648698,0.059956592512208355,154,3686
固定左前沿逐词刷新诊断,L1,reference_direction,3,predecessor_correct,all,middle,0.0,0.0,0,7,51,0.0,0.0,1.0,0.7857142857142857,7,51,0.9285714285714286,0.9803921568627451,1,0,2,2.0435878208705356e-07,0.0,7,48,6.811959402901785e-08,7.947285970052083e-08,0.21428571428571427,0.0,7,51,0.07142857142857142,0.0392156862745098,1.0,0.7142857142857143,7,51,0.8571428571428571,0.9411764705882353,0.21428571428571427,0.0,2,7,51,0.07142857142857142,0.0392156862745098,8,0.0,0.0,0,7,51,0.0,0.0,0.6853849750724041,0.21176095000003398,7,51,0.40648806048432373,0.3906378278545305,0.21428571428571427,0.0,7,51,0.07142857142857142,0.0392156862745098,0.21428571428571427,0.0,2,7,51,0.07142857142857142,0.0392156862745098,7,51
固定左前沿逐词刷新诊断,L1,reference_direction,3,predecessor_correct,pass,all,0.015118996487031041,0.0038520291276630146,18,144,3537,0.008749147563064148,0.005089058524173028,0.9111002289899534,0.8413096020464494,144,3537,0.8787777880935359,0.944585807181227,176,20,151,0.04568619022225576,0.026098692479277635,134,3190,0.035606785958576026,0.037545009242329855,0.15664783875731525,0.06648453925645771,144,3537,0.1030493262489759,0.06615776081424936,0.8489068787517428,0.7632387205294687,144,3537,0.8076145976502946,0.90754877014419,0.089723411876373,0.05148671154571104,199,144,3537,0.06863417557254095,0.05626236923946848,832,0.01581892041101375,0.004124186756442498,21,144,3537,0.00916056441469839,0.005937234944868533,0.4691698586806102,0.3160214117031975,144,3537,0.39108944378171434,0.35246378451307714,13.246582683997516,0.8907797722063253,144,3537,5.220107088872101,1.137970031099802,0.08948674136083584,0.05177640241355599,201,144,3537,0.06892813027537782,0.056827820186598814,144,3537
固定左前沿逐词刷新诊断,L1,reference_direction,3,predecessor_correct,pass,early,0.015139767195007196,0.0038597870342951452,18,144,3486,0.008769497583414169,0.0051635111876075735,0.9111526810880114,0.8413377975913544,144,3486,0.8788326493952212,0.9440619621342513,175,20,149,0.045864024375903305,0.026235995406835393,134,3142,0.03575520597968154,0.03811857914332749,0.15639374821143903,0.06634390156321132,144,3486,0.10292165844136011,0.06655192197360872,0.84915624552272,0.7634759524592039,144,3486,0.8078069051226845,0.9070567986230637,0.08971317348299829,0.051450216889945215,197,144,3486,0.06857911738614592,0.05651176133103844,832,0.01583900596279823,0.004144557755561033,21,144,3486,0.009182652284008481,0.006024096385542169,0.468930404212311,0.3156950500508057,144,3486,0.3907951509503441,0.3519053002301127,13.247823843546996,0.8912139307600051,144,3486,5.220879821720619,1.1540447504302926,0.08933344202771402,0.051656312210482946,199,144,3486,0.06885014422882128,0.05708548479632817,144,3486
固定左前沿逐词刷新诊断,L1,reference_direction,3,predecessor_correct,pass,middle,0.0,0.0,0,7,51,0.0,0.0,1.0,0.7857142857142857,7,51,0.9285714285714286,0.9803921568627451,1,0,2,2.0435878208705356e-07,0.0,7,48,6.811959402901785e-08,7.947285970052083e-08,0.21428571428571427,0.0,7,51,0.07142857142857142,0.0392156862745098,1.0,0.7142857142857143,7,51,0.8571428571428571,0.9411764705882353,0.21428571428571427,0.0,2,7,51,0.07142857142857142,0.0392156862745098,8,0.0,0.0,0,7,51,0.0,0.0,0.6853849750724041,0.21176095000003398,7,51,0.40648806048432373,0.3906378278545305,0.21428571428571427,0.0,7,51,0.07142857142857142,0.0392156862745098,0.21428571428571427,0.0,2,7,51,0.07142857142857142,0.0392156862745098,7,51
固定左前沿逐词刷新诊断,L1,reference_direction,3,predecessor_correct,fail,all,0.057669720460418135,0.010335917312661497,7,43,200,0.031829927178764386,0.035,0.747173437028088,0.5604766938487868,43,200,0.6567451927917045,0.755,41,8,24,0.08192476759584043,-0.07691341838058159,35,127,0.0052924002649562445,0.035975989394300564,0.24450493305144466,0.04055207389509715,43,200,0.14019933554817277,0.135,0.648457414678345,0.4631461206751905,43,200,0.5589214403167891,0.675,0.16818446088794922,0.056411205073995774,22,43,200,0.10821000704721634,0.11,57,0.057669720460418135,0.010512097721400047,7,43,200,0.031829927178764386,0.035,0.8245125903849705,0.26999344541792974,43,200,0.5523654530298718,0.5391923451423645,4.630858501963153,-1.6848406196516656,43,200,1.613226114970301,0.93,0.16885130373502466,0.05538935870331219,22,43,200,0.10821000704721634,0.11,43,200
固定左前沿逐词刷新诊断,L1,reference_direction,3,predecessor_correct,fail,early,0.057669720460418135,0.010335917312661497,7,43,200,0.031829927178764386,0.035,0.747173437028088,0.5604766938487868,43,200,0.6567451927917045,0.755,41,8,24,0.08192476759584043,-0.07691341838058159,35,127,0.0052924002649562445,0.035975989394300564,0.24450493305144466,0.04055207389509715,43,200,0.14019933554817277,0.135,0.648457414678345,0.4631461206751905,43,200,0.5589214403167891,0.675,0.16818446088794922,0.056411205073995774,22,43,200,0.10821000704721634,0.11,57,0.057669720460418135,0.010512097721400047,7,43,200,0.031829927178764386,0.035,0.8245125903849705,0.26999344541792974,43,200,0.5523654530298718,0.5391923451423645,4.630858501963153,-1.6848406196516656,43,200,1.613226114970301,0.93,0.16885130373502466,0.05538935870331219,22,43,200,0.10821000704721634,0.11,43,200
固定左前沿逐词刷新诊断,L1,reference_direction,3,overall,all,all,0.03380111481442895,0.019678519475667736,133,164,5270,0.02649934025090053,0.02523719165085389,0.6700162689739865,0.5692373952386334,164,5270,0.6200690077798025,0.686527514231499,1463,189,187,0.06703380062613039,0.03320453542987311,145,3431,0.04882759111863782,0.04137923146989734,0.12566289160759656,0.08134568542649531,164,5270,0.10318786741114337,0.09259962049335864,0.6673866867634412,0.5712488208541651,164,5270,0.6197155017360032,0.6869070208728653,0.05310026145443081,0.035243467803414856,242,164,5270,0.043668427372252405,0.045920303605313094,971,0.03468520351726432,0.020335582939998532,136,164,5270,0.02710399071857484,0.025806451612903226,-1.391490555607876,-1.9802972098667386,164,5270,-1.684338300169502,-1.3883810675800186,-256.84598891469926,-544.3530711436564,164,5270,-391.0821348658039,-374.5034155597723,0.05372781711909741,0.03565332968406872,245,164,5270,0.044327695190523535,0.046489563567362426,164,5270
固定左前沿逐词刷新诊断,L1,reference_direction,3,overall,all,early,0.03384414240308216,0.019579093848675243,131,164,5176,0.026459384076293425,0.025309119010819166,0.6703834541869214,0.56969434810754,164,5176,0.6206560381299363,0.6893353941267388,1421,187,185,0.06708359422995762,0.03326347688009529,145,3383,0.04895359612882914,0.04196634329249793,0.12581580626231725,0.0814515674156967,164,5176,0.10339382152992445,0.09312210200927357,0.6681267552808056,0.5718057627489846,164,5176,0.6203363570353152,0.6897217928902627,0.05310009220719751,0.03537433437401795,240,164,5176,0.0437391145074385,0.04636785162287481,971,0.034681848917231355,0.020237823150749644,134,164,5176,0.027064034543967733,0.0258887171561051,-1.3913302731796233,-1.9806345836488717,164,5176,-1.6846079610259634,-1.3754459519106232,-254.68417513241013,-536.5451468844017,164,5176,-386.4910542300639,-367.3626352395672,0.053758858863822964,0.03571129598919371,243,164,5176,0.044376649329469275,0.04694744976816074,164,5176
固定左前沿逐词刷新诊断,L1,reference_direction,3,overall,all,middle,0.03928571428571429,0.0,2,14,94,0.016071428571428573,0.02127659574468085,0.6595833333333325,0.16666666666666669,14,94,0.40238095238095234,0.5319148936170213,42,2,2,2.0435878208705356e-07,0.0,7,48,6.811959402901785e-08,7.947285970052083e-08,0.304421768707483,-0.02040816326530612,14,94,0.12636054421768708,0.06382978723404255,0.6089285714285715,0.17559523809523808,14,94,0.38273809523809527,0.5319148936170213,0.10714285714285714,0.0,2,14,94,0.03571428571428571,0.02127659574468085,16,0.03928571428571429,0.0,2,14,94,0.016071428571428573,0.02127659574468085,-1.2303572206964353,-4.191792807908703,14,94,-2.7296157293480907,-2.1006380750777875,-113.20063775510206,-2202.108928571429,14,94,-859.4719387755102,-767.7021276595744,0.10714285714285714,0.0,2,14,94,0.03571428571428571,0.02127659574468085,14,94
固定左前沿逐词刷新诊断,L1,reference_direction,3,overall,pass,all,0.025647353256931675,0.012968436967180244,76,150,4545,0.01891513934450053,0.016721672167216723,0.765138472088526,0.6720481269469417,150,4545,0.7195082698322793,0.7575357535753575,991,111,157,0.06444606535421113,0.03487617158817892,137,3286,0.04828950612438291,0.04160378781746454,0.10656258501570329,0.06296627579655578,150,4545,0.08392383208584196,0.07612761276127612,0.7326271323832798,0.6391820607363421,150,4545,0.687406389657091,0.7474147414741474,0.0726537569304289,0.04046408978101527,214,150,4545,0.0547354052658903,0.047084708470847086,882,0.026592842066100356,0.01337573969470046,79,150,4545,0.019629518429467852,0.01738173817381738,-0.8429420117667425,-1.4035161844070938,150,4545,-1.1134885928380744,-0.9670361373028478,-188.4904817875985,-500.30471871230253,150,4545,-331.1158546045231,-302.13047304730475,0.07285246211810667,0.040088856587020355,216,150,4545,0.05471905453795897,0.047524752475247525,150,4545
固定左前沿逐词刷新诊断,L1,reference_direction,3,overall,pass,early,0.02545713200504148,0.012802682480061441,74,150,4460,0.018751057756647035,0.016591928251121078,0.7654429852204204,0.6723050414768897,150,4460,0.719908370408598,0.760762331838565,958,109,155,0.06460126000123949,0.03505633273880803,137,3238,0.04844293118889041,0.042220519750923786,0.10697845858632427,0.06331451878411146,150,4460,0.0843937552579364,0.07668161434977579,0.7329964929367144,0.6394176612442551,150,4460,0.6876952905272118,0.7504484304932736,0.07283959214324637,0.04057555659403549,212,150,4460,0.054841702554371576,0.04753363228699552,882,0.026412535505854002,0.013233998057113899,77,150,4460,0.01946543684161435,0.01726457399103139,-0.8414036616533603,-1.4023178537807244,150,4460,-1.1130661499616015,-0.9477428737777231,-189.4038651709971,-501.35969901012226,150,4460,-331.78671553795783,-304.477130044843,0.07293153461305986,0.04016303692455202,214,150,4460,0.054797737386729585,0.04798206278026906,150,4460
固定左前沿逐词刷新诊断,L1,reference_direction,3,overall,pass,middle,0.04583333333333334,0.0,2,12,85,0.01875,0.023529411764705882,0.7416666666666667,0.21666666666666665,12,85,0.4694444444444444,0.5882352941176471,33,2,2,2.0435878208705356e-07,0.0,7,48,6.811959402901785e-08,7.947285970052083e-08,0.32142857142857145,-0.047619047619047616,12,85,0.11964285714285712,0.047058823529411764,0.6826562499999997,0.21875,12,85,0.4465277777777778,0.5882352941176471,0.125,0.0,2,12,85,0.041666666666666664,0.023529411764705882,14,0.04583333333333334,0.0,2,12,85,0.01875,0.023529411764705882,-0.9238021810763501,-4.321137056772585,12,85,-2.62083696806987,-1.9793650234446807,-55.06145833333335,-350.74588293650794,12,85,-190.6755952380952,-179.0,0.125,0.0,2,12,85,0.041666666666666664,0.023529411764705882,12,85
固定左前沿逐词刷新诊断,L1,reference_direction,3,overall,fail,all,0.10205802877677876,0.050785478202672894,57,56,725,0.0756450410828291,0.07862068965517241,0.36100729424830896,0.2126889995657107,56,725,0.28359329610993794,0.2413793103448276,472,78,30,0.08002637222330405,-0.04701014411932997,36,145,0.01607696349868909,0.036290320034684805,0.2571398782700219,0.1284580241941461,56,725,0.19048560158195657,0.19586206896551725,0.4021799613521678,0.25670578917645104,56,725,0.3284281169609629,0.30758620689655175,0.0752945585920096,0.025531811978024538,28,56,725,0.04830516865367095,0.038620689655172416,89,0.10283528355604966,0.05057761906552229,57,56,725,0.0756450410828291,0.07862068965517241,-3.220038275544375,-4.370330895145947,56,725,-3.794424774431794,-4.029777906352076,-363.2214080560511,-905.0165214335318,56,725,-609.2045048796588,-828.2068965517242,0.07851549000634542,0.027439060275681822,29,56,725,0.05053731151081381,0.04,56,725
固定左前沿逐词刷新诊断,L1,reference_direction,3,overall,fail,early,0.10314847478909979,0.0516011617350903,57,56,716,0.07646421039278183,0.07960893854748603,0.36305659393920975,0.21359792634685879,56,716,0.2850633122688942,0.24441340782122906,463,78,30,0.08002637222330405,-0.04701014411932997,36,145,0.01607696349868909,0.036290320034684805,0.2561097888969028,0.12653122547095763,56,716,0.18903615816822744,0.19553072625698323,0.40558172626574773,0.2582821038842972,56,716,0.3307173024298719,0.31145251396648044,0.07536217750503464,0.025561418987758273,28,56,716,0.0484286051250337,0.03910614525139665,89,0.10381093484888126,0.051203601705833844,57,56,716,0.07646421039278183,0.07960893854748603,-3.2151283076944277,-4.37256932917704,56,716,-3.795046046149171,-4.039629930224499,-353.8234302103225,-861.0583703677083,56,716,-582.3241540956501,-759.0796089385475,0.07864698421618065,0.0275978869840477,29,56,716,0.050660747982176554,0.040502793296089384,56,716
固定左前沿逐词刷新诊断,L1,reference_direction,3,overall,fail,middle,0.0,0.0,0,2,9,0.0,0.0,0.0,0.0,2,9,0.0,0.0,9,0,0,,,0,0,,,0.3333333333333333,0.0,2,9,0.16666666666666666,0.2222222222222222,0.0,0.0,2,9,0.0,0.0,0.0,0.0,0,2,9,0.0,0.0,2,0.0,0.0,0,2,9,0.0,0.0,-2.973407427469889,-3.7911691665649414,2,9,-3.382288297017415,-3.2459946738349066,-506.0,-9238.5,2,9,-4872.25,-6327.666666666667,0.0,0.0,0,2,9,0.0,0.0,2,9
