diagnostic_name_zh,variant,record_scope,offset,reference_subset,final_verdict,generation_stage,actual_entropy_delta_ci95_high,actual_entropy_delta_ci95_low,actual_entropy_delta_metric_task_group_count,actual_entropy_delta_metric_transition_count,actual_entropy_delta_task_group_macro,actual_entropy_delta_transition_micro,actual_margin_delta_ci95_high,actual_margin_delta_ci95_low,actual_margin_delta_metric_task_group_count,actual_margin_delta_metric_transition_count,actual_margin_delta_task_group_macro,actual_margin_delta_transition_micro,actual_top1_agreement_ci95_high,actual_top1_agreement_ci95_low,actual_top1_agreement_metric_task_group_count,actual_top1_agreement_metric_transition_count,actual_top1_agreement_task_group_macro,actual_top1_agreement_transition_micro,actual_total_variation_ci95_high,actual_total_variation_ci95_low,actual_total_variation_median,actual_total_variation_metric_task_group_count,actual_total_variation_metric_transition_count,actual_total_variation_task_group_macro,actual_total_variation_transition_micro,cases,raw_entropy_delta_ci95_high,raw_entropy_delta_ci95_low,raw_entropy_delta_metric_task_group_count,raw_entropy_delta_metric_transition_count,raw_entropy_delta_task_group_macro,raw_entropy_delta_transition_micro,raw_margin_delta_ci95_high,raw_margin_delta_ci95_low,raw_margin_delta_metric_task_group_count,raw_margin_delta_metric_transition_count,raw_margin_delta_task_group_macro,raw_margin_delta_transition_micro,raw_top1_agreement_ci95_high,raw_top1_agreement_ci95_low,raw_top1_agreement_metric_task_group_count,raw_top1_agreement_metric_transition_count,raw_top1_agreement_task_group_macro,raw_top1_agreement_transition_micro,raw_total_variation_ci95_high,raw_total_variation_ci95_low,raw_total_variation_median,raw_total_variation_metric_task_group_count,raw_total_variation_metric_transition_count,raw_total_variation_task_group_macro,raw_total_variation_transition_micro,task_groups,transitions
全局置信度逐词刷新诊断,C1,stale_fresh_distribution,1,reference_prefix_aligned,all,all,0.005711542739460013,-0.012446399161158759,164,5392,-0.0031898613154088345,-0.0029310554221758855,0.00999908011039341,-0.012614791109575611,164,5392,-0.0010499324981177104,0.0025770600542470326,0.963592103444085,0.9237760230379889,164,5392,0.9457013298528751,0.9783011869436202,0.05937521061257737,0.032029322998906366,0.0,164,5392,0.044558831869487156,0.02059990857404488,1012,-0.19328303833409194,-0.2610187322064186,164,5392,-0.2270954493367232,-0.14825525281901702,0.06459766736412556,0.046133694471940476,164,5392,0.055185548715554124,0.0423123831432368,0.9658400422711111,0.9332493602193441,164,5392,0.9506168622604543,0.9775593471810089,0.08652314785910387,0.06613610902296511,0.016438545659184456,164,5392,0.07575949227960588,0.050248297687998884,164,5392
全局置信度逐词刷新诊断,C1,stale_fresh_distribution,1,reference_prefix_aligned,all,early,0.005746031917616276,-0.012434198642714849,164,5324,-0.003174725839223986,-0.002936049702470236,0.00993841675056741,-0.012672266344669114,164,5324,-0.0011006786918706874,0.0025362377324380167,0.9637022073809586,0.9238995245871955,164,5324,0.9457909683541154,0.9782118707738543,0.05940407161585003,0.03202976922558174,0.0,164,5324,0.044572363644504266,0.020802578829357626,1012,-0.1933434062589736,-0.26108484910930996,164,5324,-0.22718826533843686,-0.14801493071722788,0.06470568928271854,0.04627145261749676,164,5324,0.055290966697633705,0.042543904364646425,0.9659634668644034,0.9332870814605769,164,5324,0.9506895983057676,0.9774605559729527,0.08663301073841337,0.06622665520117615,0.016442242078483105,164,5324,0.07586452843471256,0.0504393039764554,164,5324
全局置信度逐词刷新诊断,C1,stale_fresh_distribution,1,reference_prefix_aligned,all,middle,0.0,-0.0064708650112152094,7,63,-0.002156955003738403,-0.002396616670820448,0.01171875,0.0,7,63,0.00390625,0.004340277777777778,1.0,1.0,7,63,1.0,1.0,0.005880301339285715,0.0,0.0,7,63,0.0019601004464285714,0.002177889384920635,9,-0.006020612415990659,-0.25886934549435153,7,63,-0.10646380411952243,-0.1611549930558318,0.02602225051367239,-0.002593198028348741,7,63,0.011356219777584947,0.020956454295960682,1.0,1.0,7,63,1.0,1.0,0.05000161444672363,0.01735613214237114,0.013400096446275711,7,63,0.03247102629853883,0.03297726162764732,7,63
全局置信度逐词刷新诊断,C1,stale_fresh_distribution,1,reference_prefix_aligned,all,late,0.0,-0.010867685079574585,2,5,-0.0054338425397872925,-0.004347074031829834,0.0595703125,0.0,2,5,0.02978515625,0.023828125,1.0,0.5,2,5,0.75,0.8,0.09228515625,0.0,0.0,2,5,0.046142578125,0.0369140625,2,-0.09621185809373856,-0.45971596240997314,2,5,-0.27796391025185585,-0.2416134998202324,0.12284630537033081,0.026224613189697266,2,5,0.07453545928001404,0.06487329006195068,1.0,0.5,2,5,0.75,0.8,0.1297819074243307,0.020945155217001837,0.047478534281253815,2,5,0.07536353132066627,0.06447985609993338,2,5
全局置信度逐词刷新诊断,C1,stale_fresh_distribution,1,reference_prefix_aligned,pass,all,0.00886004486704848,-0.009850118181303059,151,5096,-0.00031109123738623496,-0.0019292518397094316,0.0089363673865977,-0.013130033805341534,151,5096,-0.0017699524540533236,0.0017191409316130299,0.976451820892188,0.9467409651649714,151,5096,0.9630506537800928,0.9815541601255887,0.04770584516808138,0.023161091001243965,0.0,151,5096,0.03418882642525723,0.017289046402815936,933,-0.1813692640783063,-0.24490009502772975,151,5096,-0.2117534661601047,-0.14182043533382882,0.062092836596418816,0.04460114436479581,151,5096,0.05275937856089099,0.04079418872399738,0.9746688982881598,0.9441746224240116,151,5096,0.961048284230454,0.9811616954474097,0.07667979505392604,0.05836911020319167,0.015407014638185501,151,5096,0.06688067634161438,0.04656439703284394,151,5096
全局置信度逐词刷新诊断,C1,stale_fresh_distribution,1,reference_prefix_aligned,pass,early,0.008877704563094023,-0.009814212206260312,151,5028,-0.000290810573891594,-0.0019209914786671493,0.008884271384759819,-0.013177176604236883,151,5028,-0.0018296402572046551,0.0016643126615950676,0.9765404961622829,0.9468506401951928,151,5028,0.9631619741667221,0.9815035799522673,0.04769893119070844,0.023191163145486124,0.0,151,5028,0.03419462639022674,0.01745887094769292,933,-0.18141609118197227,-0.24473685376917298,151,5028,-0.21181837119359856,-0.14147893922028104,0.06222003525223437,0.044737603411658076,151,5028,0.05287220649980669,0.04101880721291475,0.9747243174140507,0.9442556581296379,151,5028,0.9611391489674885,0.9811058074781225,0.07673706597128181,0.05845824047715904,0.015407014638185501,151,5028,0.06698066317656012,0.04671682587834751,151,5028
全局置信度逐词刷新诊断,C1,stale_fresh_distribution,1,reference_prefix_aligned,pass,middle,0.0,-0.0064708650112152094,7,63,-0.002156955003738403,-0.002396616670820448,0.01171875,0.0,7,63,0.00390625,0.004340277777777778,1.0,1.0,7,63,1.0,1.0,0.005880301339285715,0.0,0.0,7,63,0.0019601004464285714,0.002177889384920635,9,-0.006020612415990659,-0.25886934549435153,7,63,-0.10646380411952243,-0.1611549930558318,0.02602225051367239,-0.002593198028348741,7,63,0.011356219777584947,0.020956454295960682,1.0,1.0,7,63,1.0,1.0,0.05000161444672363,0.01735613214237114,0.013400096446275711,7,63,0.03247102629853883,0.03297726162764732,7,63
全局置信度逐词刷新诊断,C1,stale_fresh_distribution,1,reference_prefix_aligned,pass,late,0.0,-0.010867685079574585,2,5,-0.0054338425397872925,-0.004347074031829834,0.0595703125,0.0,2,5,0.02978515625,0.023828125,1.0,0.5,2,5,0.75,0.8,0.09228515625,0.0,0.0,2,5,0.046142578125,0.0369140625,2,-0.09621185809373856,-0.45971596240997314,2,5,-0.27796391025185585,-0.2416134998202324,0.12284630537033081,0.026224613189697266,2,5,0.07453545928001404,0.06487329006195068,1.0,0.5,2,5,0.75,0.8,0.1297819074243307,0.020945155217001837,0.047478534281253815,2,5,0.07536353132066627,0.06447985609993338,2,5
全局置信度逐词刷新诊断,C1,stale_fresh_distribution,1,reference_prefix_aligned,fail,all,0.009883051495192067,-0.032956198380818424,55,296,-0.011638184308420023,-0.020178322504098352,0.03270448764797758,-0.021785467166592878,55,296,0.005805541847487035,0.01734718116554054,0.9338329700602428,0.8285989692126053,55,296,0.8840114431023521,0.9222972972972973,0.14090038412443842,0.06423153730295872,0.0,55,296,0.09963757691273906,0.07760042757601351,79,-0.11264258500642355,-0.322255837678866,55,296,-0.22510038701996468,-0.2590384619559061,0.08018925827946917,0.028649984665638124,55,296,0.05552465006741825,0.06844994652311544,0.9373582046295951,0.8533332883693846,55,296,0.8971121985560488,0.9155405405405406,0.1517742204103133,0.1019831435301967,0.05823464132845402,55,296,0.1259734377730771,0.11367112788620698,55,296
全局置信度逐词刷新诊断,C1,stale_fresh_distribution,1,reference_prefix_aligned,fail,early,0.009883051495192067,-0.032956198380818424,55,296,-0.011638184308420023,-0.020178322504098352,0.03270448764797758,-0.021785467166592878,55,296,0.005805541847487035,0.01734718116554054,0.9338329700602428,0.8285989692126053,55,296,0.8840114431023521,0.9222972972972973,0.14090038412443842,0.06423153730295872,0.0,55,296,0.09963757691273906,0.07760042757601351,79,-0.11264258500642355,-0.322255837678866,55,296,-0.22510038701996468,-0.2590384619559061,0.08018925827946917,0.028649984665638124,55,296,0.05552465006741825,0.06844994652311544,0.9373582046295951,0.8533332883693846,55,296,0.8971121985560488,0.9155405405405406,0.1517742204103133,0.1019831435301967,0.05823464132845402,55,296,0.1259734377730771,0.11367112788620698,55,296
全局置信度逐词刷新诊断,C1,stale_fresh_distribution,1,predecessor_correct,all,all,0.0018216217940699659,-0.014167997362674331,164,5718,-0.0056509045709138735,-0.004128757730027352,0.012146771488996337,-0.00551638016290719,164,5718,0.003073588328860317,0.0037479300564008393,0.9636710541409598,0.9257252593102696,164,5718,0.9468676340775991,0.9753410283315844,0.05923805683605777,0.03202660148164579,0.0,164,5718,0.04451006475512093,0.023480794612408186,1017,-0.20043706307483877,-0.2627478293584111,164,5718,-0.23163826529431195,-0.16348226358935958,0.06761082357768947,0.05006838916658533,164,5718,0.0585376476261452,0.046967157324624254,0.9663627217985714,0.9365410939066589,164,5718,0.9523262417302494,0.974816369359916,0.09013567951451593,0.06963718051045983,0.016938562504947186,164,5718,0.07919937736131707,0.0550701287283751,164,5718
全局置信度逐词刷新诊断,C1,stale_fresh_distribution,1,predecessor_correct,all,early,0.0018482505808565962,-0.01417090073019117,164,5650,-0.005638174353180705,-0.004147878669004524,0.012122468648972708,-0.00558258463441082,164,5650,0.0030259988722965317,0.0037235550331858407,0.9637597477929447,0.9258111676574183,164,5650,0.9469500994403726,0.9752212389380531,0.05922470221709467,0.032052104715500705,0.0,164,5650,0.044520669993597745,0.023706443584070796,1017,-0.20054321400633662,-0.2628050089254416,164,5650,-0.2317548950284792,-0.16343907099864416,0.06771091687644079,0.05016627608485727,164,5650,0.058639953702703154,0.04724134203738871,0.9663667531832768,0.9366604055135231,164,5650,0.9523941890907002,0.9746902654867257,0.0902407501778025,0.06972546019168743,0.016954632475972176,164,5650,0.07931164034344658,0.055308146779788916,164,5650
全局置信度逐词刷新诊断,C1,stale_fresh_distribution,1,predecessor_correct,all,middle,0.0,-0.0064708650112152094,7,63,-0.002156955003738403,-0.002396616670820448,0.01171875,0.0,7,63,0.00390625,0.004340277777777778,1.0,1.0,7,63,1.0,1.0,0.005880301339285715,0.0,0.0,7,63,0.0019601004464285714,0.002177889384920635,9,-0.006020612415990659,-0.25886934549435153,7,63,-0.10646380411952243,-0.1611549930558318,0.02602225051367239,-0.002593198028348741,7,63,0.011356219777584947,0.020956454295960682,1.0,1.0,7,63,1.0,1.0,0.05000161444672363,0.01735613214237114,0.013400096446275711,7,63,0.03247102629853883,0.03297726162764732,7,63
全局置信度逐词刷新诊断,C1,stale_fresh_distribution,1,predecessor_correct,all,late,0.0,-0.010867685079574585,2,5,-0.0054338425397872925,-0.004347074031829834,0.0595703125,0.0,2,5,0.02978515625,0.023828125,1.0,0.5,2,5,0.75,0.8,0.09228515625,0.0,0.0,2,5,0.046142578125,0.0369140625,2,-0.09621185809373856,-0.45971596240997314,2,5,-0.27796391025185585,-0.2416134998202324,0.12284630537033081,0.026224613189697266,2,5,0.07453545928001404,0.06487329006195068,1.0,0.5,2,5,0.75,0.8,0.1297819074243307,0.020945155217001837,0.047478534281253815,2,5,0.07536353132066627,0.06447985609993338,2,5
全局置信度逐词刷新诊断,C1,stale_fresh_distribution,1,predecessor_correct,pass,all,0.00420038691059117,-0.01164613151279389,151,5369,-0.0031374575472479273,-0.003017893617857899,0.011599937957333299,-0.005321343743691016,151,5369,0.0027677684370817977,0.002837651622741665,0.9765185099011473,0.9482946839207105,151,5369,0.9640005870411574,0.9791395045632334,0.0471727689480447,0.022944963782557826,0.0,151,5369,0.033644011805668866,0.019633107887874836,937,-0.18315074720527325,-0.2416295416039593,151,5369,-0.21129629133412434,-0.15355980434844846,0.06493361250340132,0.04792919727350444,151,5369,0.05559109482806754,0.04451556415098476,0.9752537313293301,0.946708666234173,151,5369,0.962544814964649,0.9789532501396908,0.07911921341946616,0.06040658629989323,0.016062019392848015,151,5369,0.06894797445209067,0.0502985986112667,151,5369
全局置信度逐词刷新诊断,C1,stale_fresh_distribution,1,predecessor_correct,pass,early,0.004209614029144746,-0.011632740299567528,151,5301,-0.0031205092537273907,-0.0030240235076133227,0.011507605677406305,-0.005365022386676235,151,5301,0.0027123969044371785,0.00279999498915299,0.9765920286171824,0.9484083106729745,151,5301,0.9641017461150424,0.9790605546123373,0.04716732909499031,0.02291835118316557,0.0,151,5301,0.033647844866928865,0.019824255594463307,937,-0.18310369236136773,-0.24175926079200585,151,5301,-0.21138934222433683,-0.1533864850943598,0.06505355154968759,0.048015888075869845,151,5301,0.05570120380294127,0.04477635179318655,0.9753425504722234,0.9469018617601198,151,5301,0.9626285463633859,0.9788719109601962,0.07920931038811733,0.06051651746887176,0.016062019392848015,151,5301,0.06905801910648728,0.05049107888716269,151,5301
全局置信度逐词刷新诊断,C1,stale_fresh_distribution,1,predecessor_correct,pass,middle,0.0,-0.0064708650112152094,7,63,-0.002156955003738403,-0.002396616670820448,0.01171875,0.0,7,63,0.00390625,0.004340277777777778,1.0,1.0,7,63,1.0,1.0,0.005880301339285715,0.0,0.0,7,63,0.0019601004464285714,0.002177889384920635,9,-0.006020612415990659,-0.25886934549435153,7,63,-0.10646380411952243,-0.1611549930558318,0.02602225051367239,-0.002593198028348741,7,63,0.011356219777584947,0.020956454295960682,1.0,1.0,7,63,1.0,1.0,0.05000161444672363,0.01735613214237114,0.013400096446275711,7,63,0.03247102629853883,0.03297726162764732,7,63
全局置信度逐词刷新诊断,C1,stale_fresh_distribution,1,predecessor_correct,pass,late,0.0,-0.010867685079574585,2,5,-0.0054338425397872925,-0.004347074031829834,0.0595703125,0.0,2,5,0.02978515625,0.023828125,1.0,0.5,2,5,0.75,0.8,0.09228515625,0.0,0.0,2,5,0.046142578125,0.0369140625,2,-0.09621185809373856,-0.45971596240997314,2,5,-0.27796391025185585,-0.2416134998202324,0.12284630537033081,0.026224613189697266,2,5,0.07453545928001404,0.06487329006195068,1.0,0.5,2,5,0.75,0.8,0.1297819074243307,0.020945155217001837,0.047478534281253815,2,5,0.07536353132066627,0.06447985609993338,2,5
全局置信度逐词刷新诊断,C1,stale_fresh_distribution,1,predecessor_correct,fail,all,0.007823774772379522,-0.034432376776341145,55,349,-0.013680348681564519,-0.02121824030377462,0.03249342532062983,-0.018203305429120322,55,349,0.007396261414232034,0.017751611747851004,0.9297504936583882,0.826988221817169,55,349,0.8817029948608895,0.9169054441260746,0.14618240920335474,0.06975548947648055,0.0,55,349,0.10523307243176903,0.08267343078438395,80,-0.1578845072144048,-0.37250446975738,55,349,-0.2726466430587812,-0.3161289216536911,0.09445794996880039,0.03985653798602923,55,349,0.06801248374067398,0.08468235431393785,0.9350693932374553,0.8540992719401809,55,349,0.896041216447915,0.9111747851002865,0.16375747314588796,0.115125595325421,0.06690869480371475,55,349,0.1388482427974727,0.12847512929787377,55,349
全局置信度逐词刷新诊断,C1,stale_fresh_distribution,1,predecessor_correct,fail,early,0.007823774772379522,-0.034432376776341145,55,349,-0.013680348681564519,-0.02121824030377462,0.03249342532062983,-0.018203305429120322,55,349,0.007396261414232034,0.017751611747851004,0.9297504936583882,0.826988221817169,55,349,0.8817029948608895,0.9169054441260746,0.14618240920335474,0.06975548947648055,0.0,55,349,0.10523307243176903,0.08267343078438395,80,-0.1578845072144048,-0.37250446975738,55,349,-0.2726466430587812,-0.3161289216536911,0.09445794996880039,0.03985653798602923,55,349,0.06801248374067398,0.08468235431393785,0.9350693932374553,0.8540992719401809,55,349,0.896041216447915,0.9111747851002865,0.16375747314588796,0.115125595325421,0.06690869480371475,55,349,0.1388482427974727,0.12847512929787377,55,349
全局置信度逐词刷新诊断,C1,stale_fresh_distribution,1,overall,all,all,-0.004944971329574799,-0.014538548202632435,164,8806,-0.009799563492761686,-0.010010447614563343,0.013558957722875086,0.004128835448670149,164,8806,0.008930297556339832,0.008902177847490348,0.942767141819097,0.9187054026911693,164,8806,0.9314059858886738,0.9443561208267091,0.07842440129944209,0.05630766890866989,0.0,164,8806,0.06680827503156682,0.055420635777009286,1027,-0.27626736815955105,-0.32825381033214956,164,8806,-0.3018709417426363,-0.2516462801802324,0.0909431052812062,0.0769278638392461,164,8806,0.08386203726224142,0.07162444257048808,0.9432545025389688,0.9195778778844877,164,8806,0.9320177478319398,0.9441290029525323,0.12132588763974528,0.10126215673136683,0.026212897151708603,164,8806,0.11086357333743434,0.09530692528495992,164,8806
全局置信度逐词刷新诊断,C1,stale_fresh_distribution,1,overall,all,early,-0.004677329834312133,-0.014494350677368577,164,8484,-0.009698017476201465,-0.00983978391838827,0.013705494474276965,0.004029662642271798,164,8484,0.009008760315102862,0.008907276748880245,0.943295016897414,0.9193793883424638,164,8484,0.932048183141214,0.9464875058934464,0.07787232669946069,0.05587718405478625,0.0,164,8484,0.06630185981167276,0.05363039181289781,1027,-0.2745547194063108,-0.32657677877798524,164,8484,-0.3002965371992581,-0.2478876083982506,0.09068432485633193,0.07667850809862028,164,8484,0.08360045580900444,0.07136931406541076,0.9436394193809058,0.9201620137347694,164,8484,0.9324544677151526,0.945898161244696,0.12054230300610172,0.10044531977819865,0.025715138763189316,164,8484,0.11003215313969544,0.09373864561854606,164,8484
全局置信度逐词刷新诊断,C1,stale_fresh_distribution,1,overall,all,middle,0.014016921081207962,-0.015395885399081792,33,291,-0.0005820463649380257,-0.011667767648434722,0.012044739386047979,-0.014335829729672947,33,291,-0.001029780437628449,0.007859482388316151,0.9690431048452439,0.8207601302688202,33,291,0.9041594645204272,0.9106529209621993,0.17730812419691747,0.032596292810771,0.0,33,291,0.09580146059586024,0.08691741838487972,37,-0.3453332519779033,-0.617952515527904,33,291,-0.4780287918342772,-0.3418444869943808,0.1635714015707123,0.07353131984816201,33,291,0.11746407142719649,0.08282888359374196,0.9713962260753704,0.8237338233043446,33,291,0.9061796665406291,0.9175257731958762,0.22862113927812824,0.11290339369700042,0.04022986814379692,33,291,0.1640325158666782,0.1273692794261369,33,291
全局置信度逐词刷新诊断,C1,stale_fresh_distribution,1,overall,all,late,0.03758295774459839,-0.4402065098285675,10,31,-0.13670953810214997,-0.04115982401755548,0.25472005208333337,-0.0296875,10,31,0.07666015625,0.01729460685483871,0.9416666666666667,0.5416666666666666,10,31,0.7583333333333333,0.6774193548387096,0.35008015950520815,0.041796875,0.0,10,31,0.177886962890625,0.24970663747479838,11,-0.20542888369876894,-1.0396877667208901,10,31,-0.5541788104688748,-0.4336105774517261,0.19483199891220346,-0.07761994328142868,10,31,0.048002596406473065,0.03627018125787858,0.9416666666666667,0.5583333333333333,10,31,0.7694444444444446,0.7096774193548387,0.36641502414674804,0.14903681771053623,0.14139245450496674,10,31,0.2354842135643897,0.22353723608408002,10,31
全局置信度逐词刷新诊断,C1,stale_fresh_distribution,1,overall,pass,all,-0.0011815369249266175,-0.011267075510805436,151,7786,-0.006527648931306227,-0.008070459463527139,0.010456258362818488,-0.0007203057719724407,151,7786,0.005422021430303361,0.0072114612766503985,0.9566959635219977,0.9385161632519049,151,7786,0.948053733822886,0.9554328281530953,0.05964291659801209,0.043038200867699335,0.0,151,7786,0.050929637114265965,0.04411149337302129,947,-0.23467096992402775,-0.28788476595143747,151,7786,-0.2611316460141128,-0.22559220688487633,0.07927169097357904,0.06530291358628329,151,7786,0.0720523915122806,0.0645000777364489,0.9568965432225651,0.9380793586849002,151,7786,0.9479477571082392,0.9554328281530953,0.10046376345520636,0.08543265123738324,0.023086841218173504,151,7786,0.09287099135838377,0.08236459286753106,151,7786
全局置信度逐词刷新诊断,C1,stale_fresh_distribution,1,overall,pass,early,-0.001080776645167591,-0.011254082691917721,151,7541,-0.006454107810399557,-0.0076780264478133855,0.010597669797981737,-0.0006865632945114922,151,7541,0.005501273474838116,0.006994704987733722,0.9572148616355253,0.9403948770833592,151,7541,0.9491582773085868,0.9579631348627503,0.05829173548290308,0.04269367252441925,0.0,151,7541,0.05017788671288067,0.04208299965397494,947,-0.2334102973556938,-0.28619073662306577,151,7541,-0.259348753088981,-0.2214724750164487,0.07926896161961033,0.06525593987088418,151,7541,0.07202155328315567,0.06429403680434137,0.9571387204912413,0.9396263606786924,151,7541,0.9487938399729073,0.9575653096406312,0.09939178325992831,0.08471451239911805,0.022480105981230736,151,7541,0.09194547100151693,0.08062301752516016,151,7541
全局置信度逐词刷新诊断,C1,stale_fresh_distribution,1,overall,pass,middle,0.01883537553059203,-0.020059245495427223,25,220,-0.00044196696366582635,-0.014475124667991291,0.01694469013516865,-0.01809720439608135,25,220,-0.0005539124503968257,0.011354758522727272,0.9880213903743315,0.8833022133095663,25,220,0.9463995840760546,0.9090909090909091,0.1066831310764717,0.015139830768955307,0.0,25,220,0.05081561619676279,0.0843017578125,28,-0.3070864252938106,-0.6306783477765958,25,220,-0.4624284024975828,-0.3408394262787293,0.13838056939757043,0.05062985893477166,25,220,0.09459749403912517,0.07458464630286801,0.9900310606060606,0.889303505644682,25,220,0.9490662507427214,0.9181818181818182,0.1614708968132613,0.09819800229641862,0.052091339603066444,25,220,0.12833911381969926,0.12337241302037992,25,220
全局置信度逐词刷新诊断,C1,stale_fresh_distribution,1,overall,pass,late,0.022135040518783015,-0.6301904008502052,7,25,-0.2123035533087594,-0.0700829005241394,0.36951264880952384,-0.022414434523809527,7,25,0.12262834821428571,0.0361328125,0.880952380952381,0.39285714285714285,7,25,0.6547619047619049,0.6,0.4615275065104167,0.06849888392857142,0.08203125,7,25,0.24758475167410718,0.30231201171875,8,-0.1932582061937345,-1.2948109550135476,7,25,-0.639276118649702,-0.45409259701147675,0.2687978554103109,-0.10326042629423594,7,25,0.06377673764077445,0.03790606111288071,0.884920634920635,0.4087301587301587,7,25,0.6706349206349207,0.64,0.45378908070935203,0.18039317924108003,0.16148202121257782,7,25,0.2872795587616218,0.24682456179521978,7,25
全局置信度逐词刷新诊断,C1,stale_fresh_distribution,1,overall,fail,all,-0.003892939996721399,-0.03817670155346872,55,1020,-0.021617508403068943,-0.024819023834139694,0.03672028858200294,0.0011654958879614133,55,1020,0.019701684073828423,0.02180798100490196,0.8781691107755993,0.8040555270405537,55,1020,0.841701791194785,0.8598039215686275,0.19590250836077502,0.1254153205907366,0.0,55,1020,0.15960892542637237,0.14174708946078432,80,-0.4016927511311845,-0.5416364001276913,55,1020,-0.46812977999587224,-0.4505257063347837,0.1527579095424701,0.11393676205180617,55,1020,0.1332711739702351,0.1260070941369871,0.8774871988934044,0.8022934703130166,55,1020,0.841178795567652,0.8578431372549019,0.23980190909424862,0.18528382358370246,0.08001727983355522,55,1020,0.21148303091220594,0.19410006273800023,55,1020
全局置信度逐词刷新诊断,C1,stale_fresh_distribution,1,overall,fail,early,-0.0035873779067254383,-0.03866810216759687,55,943,-0.021822212036516058,-0.02712696640577448,0.03736637362599928,0.0013536913913246606,55,943,0.02013237162981805,0.024201766304347828,0.8763837373526842,0.800485332847054,55,943,0.8391954378521951,0.8547189819724285,0.19862267491493119,0.12616982954579142,0.0,55,943,0.16095110491814074,0.14597279294803817,80,-0.4030562440376571,-0.5417574257484348,55,943,-0.4686627661254083,-0.4591246400336357,0.15141513599093148,0.11271584658951711,55,943,0.13188128528618065,0.12794902331856486,0.8753933875996648,0.7989220244790992,55,943,0.8387104159472464,0.8525980911983033,0.24038963859028672,0.1863274551033066,0.0873522087931633,55,943,0.2123527745651932,0.19862194514370307,55,943
全局置信度逐词刷新诊断,C1,stale_fresh_distribution,1,overall,fail,middle,0.001763919989267985,-0.00448337197303772,9,71,-0.0009064839945899115,-0.002968914911780559,0.00039062499999999997,-0.007102272727272727,9,71,-0.002237215909090909,-0.002970950704225352,0.9696969696969696,0.5555555555555556,9,71,0.7974747474747476,0.9154929577464789,0.4499376085069444,0.02197265625,0.0,9,71,0.21011753274936867,0.09502228213028169,9,-0.29272432724500136,-0.8932374499671425,9,71,-0.5761602560443441,-0.3449587596344276,0.29413919448852544,0.08799391696610821,9,71,0.1882373269102727,0.10837440759363309,0.9696969696969696,0.5555555555555556,9,71,0.7974747474747476,0.9154929577464789,0.4668283787763758,0.09247896162007159,0.020337285473942757,9,71,0.26261118763543695,0.13975393589467963,9,71
全局置信度逐词刷新诊断,C1,stale_fresh_distribution,1,overall,fail,late,0.11902949213981628,0.0,3,6,0.03967649737993876,0.07935299475987752,0.0,-0.091796875,3,6,-0.030598958333333332,-0.061197916666666664,1.0,1.0,3,6,1.0,1.0,0.0457763671875,0.0,0.0,3,6,0.0152587890625,0.030517578125,3,0.07749366760253906,-0.8034297078847885,3,6,-0.3556184247136116,-0.3482688292860985,0.1346389651298523,-0.14876192808151245,3,6,0.011196266859769821,0.02945401519536972,1.0,1.0,3,6,1.0,1.0,0.13838501647114754,0.07585205882787704,0.07050324603915215,3,6,0.11462840810418129,0.1265067122876644,3,6
全局置信度逐词刷新诊断,C1,stale_fresh_distribution,2,reference_prefix_aligned,all,all,0.004757941473673965,-0.024144252721609114,157,4330,-0.010637302897095965,-0.01371389342166535,0.024119586066835848,-0.010359188875306962,157,4330,0.007992999173781901,0.012097647228637414,0.9446425670643319,0.9018175252054158,157,4330,0.9248312767755363,0.9556581986143187,0.10215298381384494,0.06060662314863311,0.0,157,4330,0.0798747820940316,0.046748165280383946,976,-0.7738282107433156,-0.9074714949292163,157,4330,-0.8399086373458999,-0.6726584995216013,0.24756454643929401,0.21590795810585375,157,4330,0.2321009225301557,0.23572782137652742,0.9452581915250908,0.9017927394711304,157,4330,0.9250267182479703,0.9561200923787528,0.2547497862210605,0.22117367452053613,0.16242235153913498,157,4330,0.23713782527307573,0.19260295257432059,157,4330
全局置信度逐词刷新诊断,C1,stale_fresh_distribution,2,reference_prefix_aligned,all,early,0.004458170223800004,-0.024413903988855398,157,4273,-0.0109301925912484,-0.014163551437556255,0.024358639966130285,-0.010145301174530427,157,4273,0.008272921785885215,0.012521848671893283,0.9446486340073461,0.9019263850583826,157,4273,0.9248679837145372,0.9553007254856073,0.10216846606060964,0.060576707124540594,0.0,157,4273,0.07988656848086462,0.04718333252581617,976,-0.7738845032646753,-0.9079134381108485,157,4273,-0.8402068793219286,-0.6720094548063403,0.24768603538849845,0.21605071051739483,157,4273,0.23225503977028616,0.23579047204961046,0.9452978028493003,0.9018222004141958,157,4273,0.9250634251869712,0.9557687807161245,0.2548726129188728,0.22136441828687298,0.16239961981773376,157,4273,0.23726778305339002,0.19288715129106712,157,4273
全局置信度逐词刷新诊断,C1,stale_fresh_distribution,2,reference_prefix_aligned,all,middle,0.026450998253292512,0.0,6,54,0.00881699941776417,0.00881699941776417,0.0,-0.020399305555555556,6,54,-0.006799768518518518,-0.006799768518518518,1.0,1.0,6,54,1.0,1.0,0.010172526041666666,0.0,0.0,6,54,0.0033908420138888886,0.003390842013888889,7,-0.34002172313191575,-0.9945975596066375,6,54,-0.6207031375236232,-0.7458593201030184,0.2807582241467354,0.11218902192733905,6,54,0.2007284698361901,0.2458803317061177,1.0,1.0,6,54,1.0,1.0,0.20795750964898616,0.1104495871372314,0.18153661489486694,6,54,0.16505504100221313,0.17434221658321028,6,54
全局置信度逐词刷新诊断,C1,stale_fresh_distribution,2,reference_prefix_aligned,all,late,0.6635788083076477,0.0,2,3,0.33178940415382385,0.22119293610254923,0.0,-0.755859375,2,3,-0.3779296875,-0.251953125,1.0,0.0,2,3,0.5,0.6666666666666666,0.6220703125,0.0,0.0,2,3,0.31103515625,0.20735677083333334,2,-0.2420962192118168,-0.35430681705474854,2,3,-0.29820151813328266,-0.27949975182612735,0.05360180139541626,-0.2159620225429535,2,3,-0.08118011057376862,-0.03625280658404032,1.0,0.0,2,3,0.5,0.6666666666666666,0.2672511339187622,0.04112817533314228,0.0446566566824913,2,3,0.15418965462595224,0.11650249486168225,2,3
全局置信度逐词刷新诊断,C1,stale_fresh_distribution,2,reference_prefix_aligned,pass,all,-0.0025266099878753626,-0.025395041717242085,148,4125,-0.014262126277174677,-0.01347266900178158,0.026277741937718656,-0.0005866901064515498,148,4125,0.012612315522814298,0.012014204545454545,0.9531706939973048,0.915433751224469,148,4125,0.9353380294327691,0.9597575757575758,0.08685008758334699,0.05301415156804118,0.0,148,4125,0.06886206739433427,0.04234093868371212,908,-0.7437638685181774,-0.872182027823235,148,4125,-0.8061326966967828,-0.6605629962880277,0.2466112143682867,0.22063054588466927,148,4125,0.23389492756331218,0.2373334083882245,0.9535540156332581,0.9153479015794971,148,4125,0.9359912137212089,0.9604848484848485,0.23888079607786658,0.20893924503984346,0.16033875942230225,148,4125,0.22308704982623676,0.18813186268370147,148,4125
全局置信度逐词刷新诊断,C1,stale_fresh_distribution,2,reference_prefix_aligned,pass,early,-0.0028655469488762246,-0.025681614956978367,148,4068,-0.014590236624514362,-0.013941606786926236,0.026546547364500992,-0.00023853210452181933,148,4068,0.012925996425366107,0.012458613722959685,0.9533046828875633,0.9155074396761653,148,4068,0.9353705875434949,0.9594395280235988,0.086870008207053,0.053053510083732706,0.0,148,4068,0.06888387567548955,0.04273628227361419,908,-0.743409746753173,-0.8726458677254004,148,4068,-0.8063340395877964,-0.6597117642937741,0.2468480950162318,0.22080475825739168,148,4068,0.234060276337519,0.23742171339947096,0.9535411915354675,0.9154082568528823,148,4068,0.9360237718319345,0.9601769911504425,0.2389830336343779,0.20901383553033304,0.16013873368501663,148,4068,0.2232158640138108,0.18836773510083338,148,4068
全局置信度逐词刷新诊断,C1,stale_fresh_distribution,2,reference_prefix_aligned,pass,middle,0.026450998253292512,0.0,6,54,0.00881699941776417,0.00881699941776417,0.0,-0.020399305555555556,6,54,-0.006799768518518518,-0.006799768518518518,1.0,1.0,6,54,1.0,1.0,0.010172526041666666,0.0,0.0,6,54,0.0033908420138888886,0.003390842013888889,7,-0.34002172313191575,-0.9945975596066375,6,54,-0.6207031375236232,-0.7458593201030184,0.2807582241467354,0.11218902192733905,6,54,0.2007284698361901,0.2458803317061177,1.0,1.0,6,54,1.0,1.0,0.20795750964898616,0.1104495871372314,0.18153661489486694,6,54,0.16505504100221313,0.17434221658321028,6,54
全局置信度逐词刷新诊断,C1,stale_fresh_distribution,2,reference_prefix_aligned,pass,late,0.6635788083076477,0.0,2,3,0.33178940415382385,0.22119293610254923,0.0,-0.755859375,2,3,-0.3779296875,-0.251953125,1.0,0.0,2,3,0.5,0.6666666666666666,0.6220703125,0.0,0.0,2,3,0.31103515625,0.20735677083333334,2,-0.2420962192118168,-0.35430681705474854,2,3,-0.29820151813328266,-0.27949975182612735,0.05360180139541626,-0.2159620225429535,2,3,-0.08118011057376862,-0.03625280658404032,1.0,0.0,2,3,0.5,0.6666666666666666,0.2672511339187622,0.04112817533314228,0.0446566566824913,2,3,0.15418965462595224,0.11650249486168225,2,3
全局置信度逐词刷新诊断,C1,stale_fresh_distribution,2,reference_prefix_aligned,fail,all,0.060985996368089816,-0.03761800467881754,48,205,0.009630903083259467,-0.018567799431521717,0.03315923297216021,-0.07137077775581804,48,205,-0.014520586609209657,0.013776676829268293,0.8997581845238094,0.7416133432539682,48,205,0.8256944444444444,0.8731707317073171,0.26742191799103265,0.11525767735072544,0.0,48,205,0.18624257082661622,0.13543016387195123,68,-0.6728651978135329,-1.0715499145628344,48,205,-0.8957807108303459,-0.9160436255630197,0.21815869297816234,0.1261874447682584,48,205,0.17322459345037933,0.20342027784847633,0.8983635085978837,0.7385412533068784,48,205,0.8233796296296295,0.8682926829268293,0.35188181360661036,0.26598221101863084,0.2384137660264969,48,205,0.3072775319002359,0.28257000525141274,48,205
全局置信度逐词刷新诊断,C1,stale_fresh_distribution,2,reference_prefix_aligned,fail,early,0.060985996368089816,-0.03761800467881754,48,205,0.009630903083259467,-0.018567799431521717,0.03315923297216021,-0.07137077775581804,48,205,-0.014520586609209657,0.013776676829268293,0.8997581845238094,0.7416133432539682,48,205,0.8256944444444444,0.8731707317073171,0.26742191799103265,0.11525767735072544,0.0,48,205,0.18624257082661622,0.13543016387195123,68,-0.6728651978135329,-1.0715499145628344,48,205,-0.8957807108303459,-0.9160436255630197,0.21815869297816234,0.1261874447682584,48,205,0.17322459345037933,0.20342027784847633,0.8983635085978837,0.7385412533068784,48,205,0.8233796296296295,0.8682926829268293,0.35188181360661036,0.26598221101863084,0.2384137660264969,48,205,0.3072775319002359,0.28257000525141274,48,205
全局置信度逐词刷新诊断,C1,stale_fresh_distribution,2,predecessor_correct,all,all,0.0002311107737593463,-0.029683358916884405,159,4564,-0.01549239758358167,-0.014903133922794427,0.028967213149383556,-0.005632684097479946,159,4564,0.012618202978269197,0.013240082027826469,0.9480984592370268,0.9081330601223698,159,4564,0.9296274650763413,0.9542068361086766,0.09852372059206196,0.05974999105760875,0.0,159,4564,0.07781686355170146,0.048236897073222505,987,-0.7510804242876096,-0.8706746836925551,159,4564,-0.8105302067614291,-0.6772347816400441,0.24966945407908708,0.2186861402885662,159,4564,0.2343846750169223,0.23873502213922537,0.9490794440234682,0.9088137629160028,159,4564,0.930566544478678,0.9548641542506573,0.2515634797018913,0.2197588668464132,0.1635759323835373,159,4564,0.23515164447887754,0.19548696323654982,159,4564
全局置信度逐词刷新诊断,C1,stale_fresh_distribution,2,predecessor_correct,all,early,-3.096153190508536e-05,-0.02993652164182011,159,4507,-0.015772995124342153,-0.015344486354670664,0.029283926584657227,-0.00533020554303915,159,4507,0.012885923310490913,0.013656707621477701,0.9481832953958522,0.9081885976938594,159,4507,0.9296648742046796,0.9538495673396938,0.09853303760071254,0.059809559136153594,0.0,159,4507,0.0778245334865663,0.048668298748821275,987,-0.7513593540529142,-0.871145681371432,159,4507,-0.8108251424917072,-0.6766773110415176,0.24976391674375636,0.2188125416946519,159,4507,0.2345179962009024,0.23883245208587672,0.949097733238023,0.9087882503332796,159,4507,0.9306039536070162,0.9545151985799867,0.251770351635513,0.21990815358042753,0.1634085774421692,159,4507,0.23527524923157897,0.1957928806371278,159,4507
全局置信度逐词刷新诊断,C1,stale_fresh_distribution,2,predecessor_correct,all,middle,0.026450998253292512,0.0,6,54,0.00881699941776417,0.00881699941776417,0.0,-0.020399305555555556,6,54,-0.006799768518518518,-0.006799768518518518,1.0,1.0,6,54,1.0,1.0,0.010172526041666666,0.0,0.0,6,54,0.0033908420138888886,0.003390842013888889,7,-0.34002172313191575,-0.9945975596066375,6,54,-0.6207031375236232,-0.7458593201030184,0.2807582241467354,0.11218902192733905,6,54,0.2007284698361901,0.2458803317061177,1.0,1.0,6,54,1.0,1.0,0.20795750964898616,0.1104495871372314,0.18153661489486694,6,54,0.16505504100221313,0.17434221658321028,6,54
全局置信度逐词刷新诊断,C1,stale_fresh_distribution,2,predecessor_correct,all,late,0.6635788083076477,0.0,2,3,0.33178940415382385,0.22119293610254923,0.0,-0.755859375,2,3,-0.3779296875,-0.251953125,1.0,0.0,2,3,0.5,0.6666666666666666,0.6220703125,0.0,0.0,2,3,0.31103515625,0.20735677083333334,2,-0.2420962192118168,-0.35430681705474854,2,3,-0.29820151813328266,-0.27949975182612735,0.05360180139541626,-0.2159620225429535,2,3,-0.08118011057376862,-0.03625280658404032,1.0,0.0,2,3,0.5,0.6666666666666666,0.2672511339187622,0.04112817533314228,0.0446566566824913,2,3,0.15418965462595224,0.11650249486168225,2,3
全局置信度逐词刷新诊断,C1,stale_fresh_distribution,2,predecessor_correct,pass,all,-0.00457658344229325,-0.02589353275793954,149,4322,-0.015569679170026935,-0.014148165207668236,0.027827014474122315,0.0018446861274596816,149,4322,0.014665418982730652,0.012801961620777418,0.9562497921711567,0.9212788632121213,149,4322,0.9400348860322899,0.9585839888940305,0.08283269628060583,0.05085113122876348,0.0,149,4322,0.06583419401990759,0.04353134105846541,916,-0.720195938333727,-0.8349759195134597,149,4322,-0.7769174399680171,-0.6636954983602875,0.2489651591158709,0.22209406947816304,149,4322,0.23577130682512898,0.23981463130647968,0.9570163317490148,0.9228223197148601,149,4322,0.9415886178130158,0.9595094863489125,0.23628522442371522,0.20731869304054582,0.16076597571372986,149,4322,0.22116455174998964,0.19038715254739472,149,4322
全局置信度逐词刷新诊断,C1,stale_fresh_distribution,2,predecessor_correct,pass,early,-0.004913662496527916,-0.02622588937147059,149,4265,-0.015886120084020454,-0.014604470528583593,0.028140753720209744,0.002198792043216426,149,4265,0.014967433279145749,0.01323637162954279,0.9563265743397132,0.9213061852232086,149,4265,0.9400675568379361,0.9582649472450175,0.08279696156689559,0.05093255393501939,0.0,149,4265,0.06585230862251713,0.04392433300666764,916,-0.7200964952588337,-0.8352353147481189,149,4265,-0.7771161883851745,-0.6629254493252336,0.24920919847271994,0.22220242094610174,149,4265,0.2359151188974976,0.23993201805726305,0.9570940251220639,0.9228529112880299,149,4265,0.9416212886186619,0.9592028135990621,0.23638890938003834,0.20746239641532022,0.1606142669916153,149,4265,0.2212886617423883,0.19064227107380108,149,4265
全局置信度逐词刷新诊断,C1,stale_fresh_distribution,2,predecessor_correct,pass,middle,0.026450998253292512,0.0,6,54,0.00881699941776417,0.00881699941776417,0.0,-0.020399305555555556,6,54,-0.006799768518518518,-0.006799768518518518,1.0,1.0,6,54,1.0,1.0,0.010172526041666666,0.0,0.0,6,54,0.0033908420138888886,0.003390842013888889,7,-0.34002172313191575,-0.9945975596066375,6,54,-0.6207031375236232,-0.7458593201030184,0.2807582241467354,0.11218902192733905,6,54,0.2007284698361901,0.2458803317061177,1.0,1.0,6,54,1.0,1.0,0.20795750964898616,0.1104495871372314,0.18153661489486694,6,54,0.16505504100221313,0.17434221658321028,6,54
全局置信度逐词刷新诊断,C1,stale_fresh_distribution,2,predecessor_correct,pass,late,0.6635788083076477,0.0,2,3,0.33178940415382385,0.22119293610254923,0.0,-0.755859375,2,3,-0.3779296875,-0.251953125,1.0,0.0,2,3,0.5,0.6666666666666666,0.6220703125,0.0,0.0,2,3,0.31103515625,0.20735677083333334,2,-0.2420962192118168,-0.35430681705474854,2,3,-0.29820151813328266,-0.27949975182612735,0.05360180139541626,-0.2159620225429535,2,3,-0.08118011057376862,-0.03625280658404032,1.0,0.0,2,3,0.5,0.6666666666666666,0.2672511339187622,0.04112817533314228,0.0446566566824913,2,3,0.15418965462595224,0.11650249486168225,2,3
全局置信度逐词刷新诊断,C1,stale_fresh_distribution,2,predecessor_correct,fail,all,0.04082241268616455,-0.060923446554205715,50,242,-0.011370456716443742,-0.028386500810296082,0.049516531927274114,-0.05255765951713217,50,242,0.0023400726877289336,0.021064695247933883,0.8984456349206349,0.746507967032967,50,242,0.8287313797313797,0.8760330578512396,0.26562874032976563,0.11925018221118075,0.0,50,242,0.1875987389346764,0.13227579416322313,71,-0.6866459547755863,-1.066888160999754,50,242,-0.9024699274745471,-0.919039667322308,0.23603527975694136,0.14741344603713286,50,242,0.1931121954470327,0.2194537377554523,0.8958786019536019,0.7462388888888888,50,242,0.8265091575091575,0.871900826446281,0.3579164714185218,0.2718466882342821,0.24559903144836426,50,242,0.3129742819220169,0.28656705331311305,50,242
全局置信度逐词刷新诊断,C1,stale_fresh_distribution,2,predecessor_correct,fail,early,0.04082241268616455,-0.060923446554205715,50,242,-0.011370456716443742,-0.028386500810296082,0.049516531927274114,-0.05255765951713217,50,242,0.0023400726877289336,0.021064695247933883,0.8984456349206349,0.746507967032967,50,242,0.8287313797313797,0.8760330578512396,0.26562874032976563,0.11925018221118075,0.0,50,242,0.1875987389346764,0.13227579416322313,71,-0.6866459547755863,-1.066888160999754,50,242,-0.9024699274745471,-0.919039667322308,0.23603527975694136,0.14741344603713286,50,242,0.1931121954470327,0.2194537377554523,0.8958786019536019,0.7462388888888888,50,242,0.8265091575091575,0.871900826446281,0.3579164714185218,0.2718466882342821,0.24559903144836426,50,242,0.3129742819220169,0.28656705331311305,50,242
全局置信度逐词刷新诊断,C1,stale_fresh_distribution,2,overall,all,all,-0.017313614279838328,-0.03494398457406798,164,7332,-0.02644941817739538,-0.028462898043079318,0.03129440610620361,0.012428822494567835,164,7332,0.02245309436870108,0.025221870950968357,0.9076082806703308,0.8758808416037556,164,7332,0.8923655067248878,0.9094380796508456,0.12622492969768037,0.0953449468571421,0.0,164,7332,0.11012225486792437,0.09249586572558648,1026,-0.8055448472455979,-0.892603188475984,164,7332,-0.8479853360043869,-0.7723311638491139,0.2708571419877085,0.24666438775735303,164,7332,0.2586651720394911,0.25087916323599097,0.9087034157928366,0.8775667678920434,164,7332,0.8935669509079202,0.9098472449536279,0.270870209798098,0.24451268899330364,0.17959346622228622,164,7332,0.2576340683761474,0.23423723107858346,164,7332
全局置信度逐词刷新诊断,C1,stale_fresh_distribution,2,overall,all,early,-0.01656126466434256,-0.03404172978301722,164,7086,-0.025668729203941015,-0.02805360899557342,0.03079061423516706,0.011953589124302597,164,7086,0.021942257468393372,0.024991786180496755,0.9087456017854195,0.8778937278833349,164,7086,0.8939810799508444,0.9106689246401355,0.12448137052543823,0.09422133252480826,0.0,164,7086,0.10876441204018011,0.09142863127998871,1026,-0.8076506990513633,-0.8949704490188927,164,7086,-0.8503217390970069,-0.7717371581714717,0.2720448332608412,0.24787786682597213,164,7086,0.25986780010314187,0.25200112516466855,0.9104411727659542,0.880099383432103,164,7086,0.8955083986474237,0.9112334180073384,0.2711784011098892,0.24497446612916535,0.180027574300766,164,7086,0.258019460864663,0.2344262067542883,164,7086
全局置信度逐词刷新诊断,C1,stale_fresh_distribution,2,overall,all,middle,0.0026625376169734224,-0.05913539457619743,27,236,-0.02870700697037485,-0.04351800440226571,0.046669213495521,-0.005878811200534292,27,236,0.020435223815215134,0.03412175582627119,0.9355674636577415,0.7594498055956389,27,236,0.8574708727486505,0.8813559322033898,0.23450905305473785,0.06513205925920566,0.0,27,236,0.1416304232113694,0.1171119819253178,31,-0.7029932291488747,-0.9974608204941366,27,236,-0.838430866845481,-0.8081253377120878,0.2710091700851985,0.17587337178209733,27,236,0.22042471258866886,0.22553976478402393,0.9323345224734113,0.7562319624819624,27,236,0.8538633691411469,0.8813559322033898,0.30960068140323316,0.1883832540894588,0.17206837981939316,27,236,0.24132654273256107,0.23183646061856267,27,236
全局置信度逐词刷新诊断,C1,stale_fresh_distribution,2,overall,all,late,0.3981472849845886,-0.10883052945137024,5,10,0.10317327380180359,0.03681539297103882,0.15,-0.44970703125,5,10,-0.09736328125,-0.02177734375,1.0,0.2,5,10,0.6,0.7,0.5803466796875,0.0796630859375,0.1483154296875,5,10,0.3300048828125,0.2677978515625,5,-0.1308929958070318,-0.7110297560691834,5,10,-0.36640996675317483,-0.3485010838601738,0.15518478651841483,-0.11004515687624614,5,10,0.028460227449734997,0.05386674404144287,0.9,0.1,5,10,0.5,0.6,0.29656358510255815,0.07390345459183056,0.08569084852933884,5,10,0.18080959630509216,0.1569872501306236,5,10
全局置信度逐词刷新诊断,C1,stale_fresh_distribution,2,overall,pass,all,-0.015345391565771643,-0.03165893787485046,151,6533,-0.023787688265473114,-0.025078743942550656,0.02966079478574035,0.01124426718301635,151,6533,0.020893778232412945,0.022243890393004746,0.9272157872881734,0.9016917957236588,151,6533,0.9147848435113568,0.924383897137609,0.10292225830795745,0.07829426964871232,0.0,151,6533,0.0901488207144547,0.07777698843252526,946,-0.7436403083299133,-0.8314428462687823,151,6533,-0.787720790357569,-0.7346682549996713,0.2559510571555375,0.23420703966511752,151,6533,0.24515501750606516,0.2453924337595578,0.9283539536411258,0.9033808949429364,151,6533,0.9162402302865184,0.9248431042400123,0.24693713555818284,0.2243170683171307,0.17209197580814362,151,6533,0.23535803939742597,0.21993017516195384,151,6533
全局置信度逐词刷新诊断,C1,stale_fresh_distribution,2,overall,pass,early,-0.014426660714831693,-0.03070497332880274,151,6345,-0.022915305576375552,-0.02447497915150708,0.028932643736594276,0.010715910619511755,151,6345,0.02023992703172822,0.02184975866824271,0.9280244411444869,0.9035469385218405,151,6345,0.916038984754263,0.9260835303388495,0.10144965858087152,0.07755965602814614,0.0,151,6345,0.08910033303975037,0.07623988422847715,946,-0.745143960176198,-0.8337733894867234,151,6345,-0.7896781820949051,-0.733407920164999,0.257250057976281,0.23553576968534082,151,6345,0.24657078460311205,0.24653240598744064,0.9294235109123156,0.9054299740095678,151,6345,0.9177982022641039,0.9267139479905437,0.24737696908378642,0.2247693880571222,0.17160260677337646,151,6345,0.23575825298174735,0.2195959517577713,151,6345
全局置信度逐词刷新诊断,C1,stale_fresh_distribution,2,overall,pass,middle,0.008854249612172052,-0.06523246285806004,22,180,-0.02819292234269137,-0.04952136327823003,0.05141105745703357,-0.012468339229869325,22,180,0.020255965970188274,0.03833550347222222,0.9581586973632429,0.8223824281778828,22,180,0.8983102125147578,0.8777777777777778,0.16486562693602266,0.048301784441588246,0.0,22,180,0.10026131169375133,0.12053900824652777,25,-0.6685346378440006,-0.9949205227007237,22,180,-0.8159757072749936,-0.794688413457738,0.2353803766887304,0.15510533426964432,22,180,0.19589982749405477,0.21378389222340452,0.9545798898071627,0.820287718909878,22,180,0.8938828217237308,0.8777777777777778,0.2526967327573731,0.17928436396312625,0.1854313313961029,22,180,0.21430213367522058,0.2334753292418706,22,180
全局置信度逐词刷新诊断,C1,stale_fresh_distribution,2,overall,pass,late,0.4976841062307358,-0.1360381618142128,4,8,0.12896659225225449,0.04601924121379852,0.1875,-0.5621337890625,4,8,-0.1217041015625,-0.0272216796875,1.0,0.0,4,8,0.5,0.625,0.6258544921875,0.155517578125,0.3983154296875,4,8,0.412506103515625,0.334747314453125,4,-0.11180764537615079,-0.8289744933523859,4,8,-0.40620385905882966,-0.38381775544257835,0.18445519730448723,-0.15244573106368384,4,8,0.020685999343792602,0.05244414508342743,0.75,0.0,4,8,0.375,0.5,0.33354883175343275,0.08858353761024773,0.14862259849905968,4,8,0.21002307852419713,0.1802451458061114,4,8
全局置信度逐词刷新诊断,C1,stale_fresh_distribution,2,overall,fail,all,-0.005206844266406026,-0.06287028678200465,55,799,-0.034716307272017216,-0.05613333451210781,0.056068236972169165,-0.0059607516969148394,55,799,0.02638473198981869,0.04957124139549437,0.8086655057925933,0.7063841656967184,55,799,0.7595263968258985,0.7872340425531915,0.2921683905068535,0.19326917586583275,0.0,55,799,0.24094554908445248,0.21284433300414582,80,-0.9711244312051145,-1.1988828375698979,55,799,-1.0800608175704476,-1.0802808303239688,0.3202837988696902,0.2537135837817064,55,799,0.2866584312049239,0.2957412454256501,0.8090983465725619,0.7063835861114309,55,799,0.7589570671656599,0.7872340425531915,0.4092603367419683,0.34061377878195254,0.2717962861061096,55,799,0.37415707796015935,0.3512184529851432,55,799
全局置信度逐词刷新诊断,C1,stale_fresh_distribution,2,overall,fail,early,-0.0057456940850046795,-0.06362587947432011,55,741,-0.035325781835838836,-0.05869653255913743,0.05691978720019885,-0.005162992321343033,55,741,0.027274672057685998,0.05189619180161943,0.8064572589147792,0.704366484670717,55,741,0.7572792372200109,0.7786774628879892,0.29315040670031955,0.19496048193441592,0.0,55,741,0.24228116456570511,0.22148612121499664,80,-0.9764853940831884,-1.2017500935327396,55,741,-1.0837970228202465,-1.0999409572957222,0.3198824013044937,0.25303984797334456,55,741,0.28629939788368375,0.2988284169048996,0.8074055560349828,0.704974064279058,55,741,0.7573297422705161,0.7786774628879892,0.4107988360743041,0.3434967464332339,0.2792637348175049,55,741,0.3766990552604129,0.3614140177568529,55,741
全局置信度逐词刷新诊断,C1,stale_fresh_distribution,2,overall,fail,middle,0.0008206069469451904,-0.06596235544593246,6,56,-0.025807482776818453,-0.02422149372952325,0.039677372685185196,-0.001880787037037037,6,56,0.017686631944444444,0.020577566964285716,0.9814814814814815,0.4166666666666667,6,56,0.7314814814814815,0.8928571428571429,0.5911458333333334,0.01710792824074074,0.0,6,56,0.2697120949074074,0.10609654017857142,6,-0.6184283554622972,-1.5665832752085944,6,56,-1.067804029211402,-0.8513154513867838,0.4859645421858187,0.22617955616226904,6,56,0.3399227879665516,0.2633264980145863,0.9814814814814815,0.39814814814814814,6,56,0.7314814814814815,0.8928571428571429,0.5907479465197496,0.15794656205818886,0.1422572061419487,6,56,0.35231481536498505,0.22656866861507297,6,56
全局置信度逐词刷新诊断,C1,stale_fresh_distribution,2,overall,fail,late,0.0,0.0,1,2,0.0,0.0,0.0,0.0,1,2,0.0,0.0,1.0,1.0,1,2,1.0,1.0,0.0,0.0,0.0,1,2,0.0,0.0,1,-0.20723439753055573,-0.20723439753055573,1,2,-0.20723439753055573,-0.20723439753055573,0.05955713987350464,0.05955713987350464,1,2,0.05955713987350464,0.05955713987350464,1.0,1.0,1,2,1.0,1.0,0.06395566742867231,0.06395566742867231,0.06395566742867231,1,2,0.06395566742867231,0.06395566742867231,1,2
全局置信度逐词刷新诊断,C1,stale_fresh_distribution,3,reference_prefix_aligned,all,all,0.017712325039361848,-0.03671852123964503,149,3326,-0.010350482847607015,-0.025438047555721603,0.02906990863604495,-0.023629588222641183,149,3326,0.0039595799819607405,0.022688782509019845,0.912156323705639,0.8454842715554978,149,3326,0.8807477161232652,0.934155141310884,0.1574535720409206,0.09869499908672251,0.0,149,3326,0.12667992720753962,0.06975819214381013,859,-1.0009012746686274,-1.138370686589503,149,3326,-1.0674397576732044,-0.9170318384566896,0.32111200289318387,0.27547886378151404,149,3326,0.29878464141678907,0.3374792843725548,0.911118064382855,0.8442359872588391,149,3326,0.8798278167636253,0.9323511725796753,0.33504876163458097,0.29668464147471707,0.2516719549894333,149,3326,0.31542532354178365,0.27314966659846207,149,3326
全局置信度逐词刷新诊断,C1,stale_fresh_distribution,3,reference_prefix_aligned,all,early,0.017615878250984585,-0.03682739261195824,149,3278,-0.010449359074277497,-0.025810538795097634,0.029206369306261425,-0.023549042855567238,149,3278,0.004068644253218736,0.02302101605399634,0.9119706530769625,0.8452549165614723,149,3278,0.8805157148753239,0.9331909701037218,0.1576813714664003,0.09894513177994056,0.0,149,3278,0.12683174254824242,0.07066794878975366,858,-1.0008577762260993,-1.138511354011901,149,3278,-1.0672804966168863,-0.9143200507103406,0.3210376960018395,0.27540387263894756,149,3278,0.2986168643927272,0.33672964489718193,0.9109142132081954,0.8440497432561288,149,3278,0.879633554815168,0.9313605857230018,0.3350927414092537,0.29672713240165766,0.25097742676734924,149,3278,0.3154502608906445,0.27318127221576166,149,3278
全局置信度逐词刷新诊断,C1,stale_fresh_distribution,3,reference_prefix_aligned,all,middle,0.0,0.0,6,47,0.0,0.0,0.0,0.0,6,47,0.0,0.0,1.0,1.0,6,47,1.0,1.0,0.02288818359375,0.0,0.0,6,47,0.00762939453125,0.007791722074468085,7,-0.4993774318358018,-1.4443758933994422,6,47,-0.8992284252600607,-1.0974408779689606,0.4182505836130665,0.17363103803385185,6,47,0.3005701781650571,0.38043076243806395,1.0,1.0,6,47,1.0,1.0,0.29113340020599043,0.1775114622321867,0.29027995467185974,6,47,0.24192245058382053,0.2666707304405405,6,47
全局置信度逐词刷新诊断,C1,stale_fresh_distribution,3,reference_prefix_aligned,all,late,0.0,0.0,1,1,0.0,0.0,0.0,0.0,1,1,0.0,0.0,1.0,1.0,1,1,1.0,1.0,0.0,0.0,0.0,1,1,0.0,0.0,1,-1.3270472139120102,-1.3270472139120102,1,1,-1.3270472139120102,-1.3270472139120102,0.7760780155658722,0.7760780155658722,1,1,0.7760780155658722,0.7760780155658722,1.0,1.0,1,1,1.0,1.0,0.4740564525127411,0.4740564525127411,0.4740564525127411,1,1,0.4740564525127411,0.4740564525127411,1,1
全局置信度逐词刷新诊断,C1,stale_fresh_distribution,3,reference_prefix_aligned,pass,all,0.0244885528987678,-0.03248853083292419,143,3195,-0.005254725083226746,-0.025695498928964045,0.02442605003926939,-0.02822558221575531,143,3195,-0.0003086752926655506,0.023170358959311424,0.9179169560979887,0.8484463628915775,143,3195,0.8848692908687084,0.9392801251956181,0.1506176545612029,0.09051260944132278,0.0,143,3195,0.11922034827222935,0.06463972637910798,813,-0.9704405559065423,-1.114896493601364,143,3195,-1.04101516268967,-0.9035140371705072,0.32228570565092113,0.27491101638060483,143,3195,0.29955839816539026,0.33959222086625107,0.9172368717512557,0.8468576321720075,143,3195,0.8838649580611984,0.9374021909233177,0.32508994808682135,0.2869630113173445,0.24838876724243164,143,3195,0.3055310306138859,0.26897267495749844,143,3195
全局置信度逐词刷新诊断,C1,stale_fresh_distribution,3,reference_prefix_aligned,pass,early,0.024400636446053562,-0.03261275158601241,143,3147,-0.005370584976387166,-0.026087422649520218,0.02458314650030311,-0.02808377799433593,143,3147,-0.0001816858361975438,0.02352376767556403,0.9175762107045718,0.8481831879673439,143,3147,0.8845987401223413,0.9383539879250079,0.15085329851148718,0.09063717300223213,0.0,143,3147,0.11940939548407918,0.0655092833948999,812,-0.970085597014424,-1.1147139370438763,143,3147,-1.0406484332471326,-0.9004831840741395,0.3221912272291055,0.27480003597327246,143,3147,0.2993810829329441,0.3388436040093795,0.9170954849232821,0.8467324380210187,143,3147,0.8836352156889731,0.936447410231967,0.3251174127425037,0.28694686280170856,0.2477501481771469,143,3147,0.30554430599439564,0.26894188614743864,143,3147
全局置信度逐词刷新诊断,C1,stale_fresh_distribution,3,reference_prefix_aligned,pass,middle,0.0,0.0,6,47,0.0,0.0,0.0,0.0,6,47,0.0,0.0,1.0,1.0,6,47,1.0,1.0,0.02288818359375,0.0,0.0,6,47,0.00762939453125,0.007791722074468085,7,-0.4993774318358018,-1.4443758933994422,6,47,-0.8992284252600607,-1.0974408779689606,0.4182505836130665,0.17363103803385185,6,47,0.3005701781650571,0.38043076243806395,1.0,1.0,6,47,1.0,1.0,0.29113340020599043,0.1775114622321867,0.29027995467185974,6,47,0.24192245058382053,0.2666707304405405,6,47
全局置信度逐词刷新诊断,C1,stale_fresh_distribution,3,reference_prefix_aligned,pass,late,0.0,0.0,1,1,0.0,0.0,0.0,0.0,1,1,0.0,0.0,1.0,1.0,1,1,1.0,1.0,0.0,0.0,0.0,1,1,0.0,0.0,1,-1.3270472139120102,-1.3270472139120102,1,1,-1.3270472139120102,-1.3270472139120102,0.7760780155658722,0.7760780155658722,1,1,0.7760780155658722,0.7760780155658722,1.0,1.0,1,1,1.0,1.0,0.4740564525127411,0.4740564525127411,0.4740564525127411,1,1,0.4740564525127411,0.4740564525127411,1,1
全局置信度逐词刷新诊断,C1,stale_fresh_distribution,3,reference_prefix_aligned,fail,all,0.04563366805384357,-0.07332931112660063,38,131,-0.01371016451534525,-0.01915898543732767,0.06474418827975266,-0.06091277927700685,38,131,0.001217917265590444,0.010943463740458015,0.86203099660917,0.6463196594427245,38,131,0.7591036414565826,0.8091603053435115,0.33527729374670295,0.15058080611073582,0.0,38,131,0.2391069153812841,0.19459405564169846,46,-1.0891604547774627,-1.3849489657959682,38,131,-1.233360720141779,-1.2467217247876274,0.3176540090621919,0.19511383706471605,38,131,0.25652325822744254,0.28594621492706185,0.8606496019460416,0.6454413607548283,38,131,0.7591036414565826,0.8091603053435115,0.4493788224232722,0.3470554920667668,0.32979321479797363,38,131,0.3964030825979618,0.3750236230326518,38,131
全局置信度逐词刷新诊断,C1,stale_fresh_distribution,3,reference_prefix_aligned,fail,early,0.04563366805384357,-0.07332931112660063,38,131,-0.01371016451534525,-0.01915898543732767,0.06474418827975266,-0.06091277927700685,38,131,0.001217917265590444,0.010943463740458015,0.86203099660917,0.6463196594427245,38,131,0.7591036414565826,0.8091603053435115,0.33527729374670295,0.15058080611073582,0.0,38,131,0.2391069153812841,0.19459405564169846,46,-1.0891604547774627,-1.3849489657959682,38,131,-1.233360720141779,-1.2467217247876274,0.3176540090621919,0.19511383706471605,38,131,0.25652325822744254,0.28594621492706185,0.8606496019460416,0.6454413607548283,38,131,0.7591036414565826,0.8091603053435115,0.4493788224232722,0.3470554920667668,0.32979321479797363,38,131,0.3964030825979618,0.3750236230326518,38,131
全局置信度逐词刷新诊断,C1,stale_fresh_distribution,3,predecessor_correct,all,all,0.0014673613671463226,-0.046571759834154784,153,3538,-0.022649758929080343,-0.028628782473963624,0.03778512185130328,-0.00784161853472593,153,3538,0.015920229564678586,0.025532499823346523,0.9104727529715386,0.8490411802858177,153,3538,0.8815804476983031,0.9293386093838327,0.1550180510250099,0.09876493695453924,0.0,153,3538,0.1256439700250473,0.07439564499496537,882,-1.0001225763048627,-1.1278084683505816,153,3538,-1.0615042604018479,-0.927611905053344,0.3298108746525114,0.2851132165307477,153,3538,0.30825368058181185,0.3417913274615245,0.9092547035482142,0.8489075430828464,153,3538,0.8806952295902137,0.9276427360090447,0.33985134457366895,0.3014478842096229,0.25511300563812256,153,3538,0.32001689365650604,0.278420404251836,153,3538
全局置信度逐词刷新诊断,C1,stale_fresh_distribution,3,predecessor_correct,all,early,0.0014128816616313328,-0.04661364946148222,153,3490,-0.02274044625373782,-0.0290225307715998,0.03786325270710413,-0.007792321247912083,153,3490,0.01602127296002982,0.02588366314469914,0.9102235344234795,0.8488528195956793,153,3490,0.8813548555203451,0.9283667621776505,0.1551906828704303,0.09896654151037051,0.0,153,3490,0.12578929165950245,0.07531392007297637,881,-0.9998214509477565,-1.1272374382886996,153,3490,-1.0613943181498233,-0.9252103586247215,0.3296227675359412,0.2850101810606496,153,3490,0.3080912793219992,0.34114653086209706,0.9089983333760574,0.8486714005473002,153,3490,0.8805073525655336,0.926647564469914,0.3398404570533658,0.30144784656631907,0.25467289984226227,153,3490,0.3200461728455464,0.2785225815070996,153,3490
全局置信度逐词刷新诊断,C1,stale_fresh_distribution,3,predecessor_correct,all,middle,0.0,0.0,6,47,0.0,0.0,0.0,0.0,6,47,0.0,0.0,1.0,1.0,6,47,1.0,1.0,0.02288818359375,0.0,0.0,6,47,0.00762939453125,0.007791722074468085,7,-0.4993774318358018,-1.4443758933994422,6,47,-0.8992284252600607,-1.0974408779689606,0.4182505836130665,0.17363103803385185,6,47,0.3005701781650571,0.38043076243806395,1.0,1.0,6,47,1.0,1.0,0.29113340020599043,0.1775114622321867,0.29027995467185974,6,47,0.24192245058382053,0.2666707304405405,6,47
全局置信度逐词刷新诊断,C1,stale_fresh_distribution,3,predecessor_correct,all,late,0.0,0.0,1,1,0.0,0.0,0.0,0.0,1,1,0.0,0.0,1.0,1.0,1,1,1.0,1.0,0.0,0.0,0.0,1,1,0.0,0.0,1,-1.3270472139120102,-1.3270472139120102,1,1,-1.3270472139120102,-1.3270472139120102,0.7760780155658722,0.7760780155658722,1,1,0.7760780155658722,0.7760780155658722,1.0,1.0,1,1,1.0,1.0,0.4740564525127411,0.4740564525127411,0.4740564525127411,1,1,0.4740564525127411,0.4740564525127411,1,1
全局置信度逐词刷新诊断,C1,stale_fresh_distribution,3,predecessor_correct,pass,all,0.007713074500237124,-0.04167642746589324,144,3373,-0.017497800696082217,-0.028264623564957087,0.033945138765607466,-0.013511751285664604,144,3373,0.011749794159955841,0.02556549714645716,0.9162188178590968,0.8513096913588168,144,3373,0.8857954459703932,0.9359620515861251,0.1500515751968097,0.09028373720735618,0.0,144,3373,0.11837908199691387,0.0679035203731841,829,-0.9514039427124957,-1.0804279161914931,144,3373,-1.0136480796901841,-0.9097546365796753,0.32902783570043276,0.2837653376914979,144,3373,0.30733931062329867,0.3432476637764038,0.9163189736384498,0.8495369346720033,144,3373,0.8848011496206268,0.9341832196857397,0.32682054137568267,0.2878796476402856,0.2511325776576996,144,3373,0.30649180017933114,0.27282079499389666,144,3373
全局置信度逐词刷新诊断,C1,stale_fresh_distribution,3,predecessor_correct,pass,early,0.007614706940535204,-0.04177707599316942,144,3325,-0.017606937153586404,-0.02867265422093241,0.0340343133530282,-0.01339204474871577,144,3325,0.011870442286023047,0.025934562969924812,0.9159110718767366,0.8510997612666857,144,3325,0.8855270783293301,0.9350375939849624,0.1503491893106318,0.09054761070328815,0.0,144,3325,0.11856420817905586,0.06877364309210526,828,-0.9507685021135913,-1.0804267240861363,144,3325,-1.0133204156785451,-0.9069761265277568,0.32879209313799207,0.2835382296490767,144,3325,0.30715853669271126,0.34259189355418196,0.9160383269713369,0.8493304752493603,144,3325,0.8845743220111152,0.933233082706767,0.32675185297991044,0.28791406313586476,0.2506130635738373,144,3325,0.30650789922649724,0.27284720623494596,144,3325
全局置信度逐词刷新诊断,C1,stale_fresh_distribution,3,predecessor_correct,pass,middle,0.0,0.0,6,47,0.0,0.0,0.0,0.0,6,47,0.0,0.0,1.0,1.0,6,47,1.0,1.0,0.02288818359375,0.0,0.0,6,47,0.00762939453125,0.007791722074468085,7,-0.4993774318358018,-1.4443758933994422,6,47,-0.8992284252600607,-1.0974408779689606,0.4182505836130665,0.17363103803385185,6,47,0.3005701781650571,0.38043076243806395,1.0,1.0,6,47,1.0,1.0,0.29113340020599043,0.1775114622321867,0.29027995467185974,6,47,0.24192245058382053,0.2666707304405405,6,47
全局置信度逐词刷新诊断,C1,stale_fresh_distribution,3,predecessor_correct,pass,late,0.0,0.0,1,1,0.0,0.0,0.0,0.0,1,1,0.0,0.0,1.0,1.0,1,1,1.0,1.0,0.0,0.0,0.0,1,1,0.0,0.0,1,-1.3270472139120102,-1.3270472139120102,1,1,-1.3270472139120102,-1.3270472139120102,0.7760780155658722,0.7760780155658722,1,1,0.7760780155658722,0.7760780155658722,1.0,1.0,1,1,1.0,1.0,0.4740564525127411,0.4740564525127411,0.4740564525127411,1,1,0.4740564525127411,0.4740564525127411,1,1
全局置信度逐词刷新诊断,C1,stale_fresh_distribution,3,predecessor_correct,fail,all,0.01401160796257957,-0.08320653149431573,43,165,-0.03290262205844677,-0.03607307338353359,0.06832760387721586,-0.03414781697789943,43,165,0.016405464347803076,0.024857954545454544,0.8578576166195865,0.6773855715647783,43,165,0.7703173023966458,0.793939393939394,0.3140910281622538,0.15214521857241714,0.0,43,165,0.22998367605870643,0.20711041074810607,53,-1.1628180815240994,-1.4484119194602225,43,165,-1.302605046710862,-1.2926577630029483,0.340834019991315,0.2372845997095608,43,165,0.2899702257999252,0.31202028267311327,0.8561811119796755,0.6743734047530217,43,165,0.7703173023966458,0.793939393939394,0.45854120984056806,0.36208126690287945,0.35106295347213745,43,165,0.40847001051724857,0.39288999229443794,43,165
全局置信度逐词刷新诊断,C1,stale_fresh_distribution,3,predecessor_correct,fail,early,0.01401160796257957,-0.08320653149431573,43,165,-0.03290262205844677,-0.03607307338353359,0.06832760387721586,-0.03414781697789943,43,165,0.016405464347803076,0.024857954545454544,0.8578576166195865,0.6773855715647783,43,165,0.7703173023966458,0.793939393939394,0.3140910281622538,0.15214521857241714,0.0,43,165,0.22998367605870643,0.20711041074810607,53,-1.1628180815240994,-1.4484119194602225,43,165,-1.302605046710862,-1.2926577630029483,0.340834019991315,0.2372845997095608,43,165,0.2899702257999252,0.31202028267311327,0.8561811119796755,0.6743734047530217,43,165,0.7703173023966458,0.793939393939394,0.45854120984056806,0.36208126690287945,0.35106295347213745,43,165,0.40847001051724857,0.39288999229443794,43,165
全局置信度逐词刷新诊断,C1,stale_fresh_distribution,3,overall,all,all,-0.041364732898702454,-0.06345615590122287,162,6145,-0.05219364003356467,-0.05374575951799714,0.0563283806406578,0.033855436607511585,162,6145,0.04486699369479679,0.04728676134052075,0.8590112852445643,0.8187798720432216,162,6145,0.839548614932952,0.8654190398698128,0.18317873912072274,0.1443327558390886,0.0,162,6145,0.16358199538614554,0.13878158929388731,1011,-1.0976559625692859,-1.2078647691058184,162,6145,-1.1513301238769729,-1.0633657756827808,0.3623201512442964,0.33291468407413555,162,6145,0.3479394790938422,0.3497775105724643,0.8578072602811281,0.8170639463598529,162,6145,0.8381694699979463,0.8637917005695688,0.36772837371193745,0.33546286910037537,0.28193336725234985,162,6145,0.3514636095111948,0.32723079277487366,162,6145
全局置信度逐词刷新诊断,C1,stale_fresh_distribution,3,overall,all,early,-0.04140754779441479,-0.06339480766394293,162,5945,-0.05219202476855897,-0.05391177802751604,0.05674924297982213,0.03418326472441001,162,5945,0.045263118113572094,0.047598921099663585,0.8597948255785253,0.8187422925121199,162,5945,0.8399852482645026,0.8662741799831791,0.18311248869310107,0.14401177925210545,0.0,162,5945,0.16335325281067914,0.13836362949432296,1010,-1.1017610703845124,-1.2123193998871329,162,5945,-1.1558562423379737,-1.0641701044974783,0.3635713258116413,0.3342598138368975,162,5945,0.3493876349273704,0.3509249149167658,0.8588355307859341,0.8179424301001996,162,5945,0.8388999071264985,0.864592094196804,0.36898404458036305,0.3366355125589748,0.28237080574035645,162,5945,0.3526712919326454,0.3278817380480526,162,5945
全局置信度逐词刷新诊断,C1,stale_fresh_distribution,3,overall,all,middle,0.004489626443912696,-0.08093488624809735,24,196,-0.03938104678287411,-0.053858848858852774,0.061047333148347226,-0.011508481630906484,24,196,0.027182149308291024,0.041334502551020405,0.9106095841114222,0.7505596162075941,24,196,0.8377237005913477,0.8418367346938775,0.23951329288102738,0.08363803178470823,0.0,24,196,0.15545941147149778,0.14919047452965561,28,-0.8205058014936814,-1.1735105610168948,24,196,-0.9872574320313516,-1.0603900211578121,0.3194162671195644,0.20408296213618096,24,196,0.26450296782400345,0.32092467528216695,0.9149245618386244,0.7410617267740429,24,196,0.8351195339246811,0.8418367346938775,0.3310761898423816,0.2400755195837408,0.2661725878715515,24,196,0.2842721337237409,0.30750968188465555,24,196
全局置信度逐词刷新诊断,C1,stale_fresh_distribution,3,overall,all,late,0.7941625118255615,0.0,3,4,0.2647208372751872,0.19854062795639038,0.0,-0.5,3,4,-0.16666666666666666,-0.125,1.0,0.0,3,4,0.6666666666666666,0.75,0.999755859375,0.0,0.0,3,4,0.333251953125,0.24993896484375,3,1.3318573236465454,-0.6880238757003099,3,4,0.21101589648363492,-0.013744046562351286,0.3920012563467026,-0.5545895993709564,3,4,-0.05301810801029205,0.058236733078956604,1.0,0.0,3,4,0.6666666666666666,0.75,0.8174967169761658,0.007300295867025852,0.24067837418988347,3,4,0.3548647115627925,0.3260978141333908,3,4
全局置信度逐词刷新诊断,C1,stale_fresh_distribution,3,overall,pass,all,-0.020978649462462053,-0.051692028247434914,151,5474,-0.03713884241172414,-0.04691081735549463,0.04741623294842035,0.014012999572657866,151,5474,0.03236117579654816,0.04225158133905736,0.8821291992310707,0.8457266911748524,151,5474,0.864145085787428,0.8829009864815491,0.15893351903427702,0.12480104305148752,0.0,151,5474,0.14153969084519644,0.1210459164559166,933,-1.032256887033748,-1.139416845189646,151,5474,-1.0846768782463716,-1.0135484894204976,0.3493154158216111,0.31522298652562936,151,5474,0.33297131210676345,0.34266994308692544,0.8810888961761214,0.8453610996050454,151,5474,0.8634912126019756,0.881074168797954,0.3421226741336139,0.31220124705147706,0.2712761163711548,151,5474,0.327030271057037,0.31039503333104296,151,5474
全局置信度逐词刷新诊断,C1,stale_fresh_distribution,3,overall,pass,early,-0.021006636720780722,-0.051623414767433394,151,5323,-0.0371877797771459,-0.04678339788995693,0.047930391255462716,0.014446171628690753,151,5323,0.032804623213626455,0.042340579795228254,0.882607087283545,0.8454250852687641,151,5323,0.8643392342283226,0.8844636483186173,0.1593780584999723,0.12428516131545654,0.0,151,5323,0.14142140468305708,0.11973329551592148,932,-1.034869414857278,-1.143788119325213,151,5323,-1.0882457838139554,-1.0127132284179157,0.3509352650476526,0.316713391075978,151,5323,0.33458536029181596,0.3438314281511795,0.8818249100259417,0.845058049841962,151,5323,0.8639779225938217,0.8825850084538794,0.34317372208657015,0.31309557852109793,0.2710641026496887,151,5323,0.32800350190373123,0.3101326281467082,151,5323
全局置信度逐词刷新诊断,C1,stale_fresh_distribution,3,overall,pass,middle,0.015564115152531668,-0.07775412561496099,20,148,-0.03279796021798301,-0.05781047126731357,0.05815774487692212,-0.02386357819087922,20,148,0.021060674758184524,0.04328547297297297,0.9227053571428572,0.7469439484126984,20,148,0.8424007936507938,0.831081081081081,0.24153720513601148,0.0756234485081264,0.0,20,148,0.1514000701904297,0.16395445127744931,23,-0.8059545085799671,-1.2431705217513456,20,148,-1.0086677595123184,-1.0638359850775954,0.3188033629530626,0.18303927168471829,20,148,0.25355573123823555,0.30629164524175023,0.9287611607142857,0.7305987103174604,20,148,0.8392757936507937,0.831081081081081,0.3361657421880712,0.23932178124712664,0.2782895565032959,20,148,0.2885854907743152,0.31736041803063975,20,148
全局置信度逐词刷新诊断,C1,stale_fresh_distribution,3,overall,pass,late,0.7941625118255615,0.0,2,3,0.39708125591278076,0.2647208372751872,0.0,-0.5,2,3,-0.25,-0.16666666666666666,1.0,0.0,2,3,0.5,0.6666666666666666,0.999755859375,0.0,0.0,2,3,0.4998779296875,0.333251953125,2,1.3318573236465454,-0.6880238757003099,2,3,0.32191672397311777,-0.014730142584691444,0.3920012563467026,-0.5545895993709564,2,3,-0.08129417151212692,0.07647097110748291,1.0,0.0,2,3,0.5,0.6666666666666666,0.8174967169761658,0.23979712184518576,0.4740564525127411,2,3,0.5286469194106758,0.43236365355551243,2,3
全局置信度逐词刷新诊断,C1,stale_fresh_distribution,3,overall,fail,all,-0.06277583204268151,-0.13402022721409826,53,671,-0.0979967033117448,-0.10950503432804,0.1068999459004445,0.04084635304692682,53,671,0.07411840881121019,0.08836362472056632,0.737353169445534,0.6194225055726349,53,671,0.6796661821280666,0.7228017883755589,0.37425648179962034,0.2702936763180671,0.0,53,671,0.32170337837970375,0.28346873253539495,78,-1.348456349504883,-1.6283717594511522,53,671,-1.4813281463221608,-1.4697738606302309,0.41564993554129337,0.34167486187249724,53,671,0.37916723874109665,0.4077608554544907,0.7350494464454645,0.6167275796259399,53,671,0.6769367653184611,0.7228017883755589,0.5265971519011624,0.45408061669583727,0.4163138270378113,53,671,0.49029569437632026,0.4645764666877343,53,671
全局置信度逐词刷新诊断,C1,stale_fresh_distribution,3,overall,fail,early,-0.06337852289196783,-0.13458138328380295,53,622,-0.09859936634515679,-0.11491558425296158,0.10766546358312648,0.04134288546090256,53,622,0.07479061119900618,0.09259916348472669,0.734433290398239,0.6161371074135695,53,622,0.6761385526160235,0.7106109324758842,0.37981965939333784,0.274179198517896,0.0,53,622,0.3263919965234319,0.2977997513062701,78,-1.360337337597893,-1.636131833386348,53,622,-1.4904348635952658,-1.504531762651033,0.41600661616229073,0.3416120445467876,53,622,0.37933105104948084,0.4116301079283669,0.7314977366290099,0.6137981128811644,53,622,0.6736056766869213,0.7106109324758842,0.5315486465239374,0.45916671640514445,0.43581897020339966,53,622,0.4955128298299516,0.4797764518822265,53,622
全局置信度逐词刷新诊断,C1,stale_fresh_distribution,3,overall,fail,middle,0.0,-0.14755336782511544,5,48,-0.05783718368586373,-0.041674679766098656,0.11498161764705883,0.0,5,48,0.04623161764705882,0.035319010416666664,0.9764705882352942,0.675,5,48,0.8514705882352942,0.875,0.33562442555147054,0.0169921875,0.0,5,48,0.14060489430147058,0.103668212890625,5,-0.7173862286788576,-1.6580256413668395,5,48,-1.109009701473748,-1.0497649657384802,0.44741663746535776,0.25971544770633476,5,48,0.3585653077226643,0.3660431845734517,0.9764705882352942,0.675,5,48,0.8514705882352942,0.875,0.43681069314479826,0.18401299770921467,0.23345282673835754,5,48,0.29320232228686416,0.27713657876787084,5,48
全局置信度逐词刷新诊断,C1,stale_fresh_distribution,3,overall,fail,late,0.0,0.0,1,1,0.0,0.0,0.0,0.0,1,1,0.0,0.0,1.0,1.0,1,1,1.0,1.0,0.0,0.0,0.0,1,1,0.0,0.0,1,-0.01078575849533081,-0.01078575849533081,1,1,-0.01078575849533081,-0.01078575849533081,0.0035340189933776855,0.0035340189933776855,1,1,0.0035340189933776855,0.0035340189933776855,1.0,1.0,1,1,1.0,1.0,0.007300295867025852,0.007300295867025852,0.007300295867025852,1,1,0.007300295867025852,0.007300295867025852,1,1
固定左前沿逐词刷新诊断,L1,stale_fresh_distribution,1,reference_prefix_aligned,all,all,0.006875309089517516,-0.010897399824838271,164,5450,-0.0017231265300667632,-0.003318227286185693,0.00824419830699581,-0.014956081804176322,164,5450,-0.003003168296680319,0.0028348982224770643,0.9592433517841187,0.9122395070691182,164,5450,0.9381345168956662,0.976697247706422,0.06706660807115315,0.03498840093907248,0.0,164,5450,0.04965025125882295,0.022746918004587155,1012,-0.20375475509645663,-0.27116965821568917,164,5450,-0.23747707060493894,-0.15708085070432531,0.06592534622760235,0.04705694050346016,164,5450,0.056214533324877976,0.04577265095546705,0.961970319905105,0.9217104479064953,164,5450,0.9431537644928899,0.9759633027522936,0.09320990277002184,0.07096294344757548,0.016746574081480503,164,5450,0.081467372726746,0.05341389876911566,164,5450
固定左前沿逐词刷新诊断,L1,stale_fresh_distribution,1,reference_prefix_aligned,all,early,0.006866702146599239,-0.01088267824381044,164,5387,-0.0017193072241757077,-0.0033290053572397143,0.008214409193522287,-0.014965623887988179,164,5387,-0.0030274139407931583,0.0028172930782439207,0.9592130638933188,0.9122006339594394,164,5387,0.9380979063394345,0.976424726192686,0.06707858810732917,0.034998780740512186,0.0,164,5387,0.0496529494815231,0.02298746910966215,1012,-0.20396035092745535,-0.2713476031895118,164,5387,-0.23755257727129606,-0.15703320433934576,0.06602480092687714,0.0471208958819641,164,5387,0.056321715990840016,0.04606287192995172,0.9619089921101446,0.9216698847764384,164,5387,0.9431171539366583,0.9756821978837943,0.09327438301150347,0.07105224005554704,0.016779107972979546,164,5387,0.08155540780992473,0.05365290157956907,164,5387
固定左前沿逐词刷新诊断,L1,stale_fresh_distribution,1,reference_prefix_aligned,all,middle,0.0,-0.0064708650112152094,7,63,-0.002156955003738403,-0.002396616670820448,0.01171875,0.0,7,63,0.00390625,0.004340277777777778,1.0,1.0,7,63,1.0,1.0,0.005880301339285715,0.0,0.0,7,63,0.0019601004464285714,0.002177889384920635,9,-0.006020612415990659,-0.25886934549435153,7,63,-0.10646380411952243,-0.1611549930558318,0.02602225051367239,-0.002593198028348741,7,63,0.011356219777584947,0.020956454295960682,1.0,1.0,7,63,1.0,1.0,0.05000161444672363,0.01735613214237114,0.013400096446275711,7,63,0.03247102629853883,0.03297726162764732,7,63
固定左前沿逐词刷新诊断,L1,stale_fresh_distribution,1,reference_prefix_aligned,pass,all,0.007877244115863298,-0.010621474941732796,150,5126,-0.001072689057052239,-0.0028780282003033966,0.009336313989485274,-0.014380090351434128,150,5126,-0.001798048719410162,0.0025684774921966446,0.9723808669130732,0.9324941136212739,150,5126,0.954198293512082,0.98068669527897,0.04977983365587662,0.024036008760327382,0.0,150,5126,0.035649354857441064,0.018376225751682598,925,-0.18248784654901995,-0.24409990574708065,150,5126,-0.21245920620537612,-0.14909443643859432,0.06378577752106357,0.04566099521807544,150,5126,0.0541110086748187,0.04441837893186302,0.9703561357431916,0.9299078441319911,150,5126,0.9521370031469739,0.9801014436207569,0.07917620526113003,0.059943682883372804,0.01565235760062933,150,5126,0.06880786837384366,0.04848603696827134,150,5126
固定左前沿逐词刷新诊断,L1,stale_fresh_distribution,1,reference_prefix_aligned,pass,early,0.007861606916580586,-0.010623073656201997,150,5063,-0.0010676677429885544,-0.0028840185077016636,0.009331666828325997,-0.014444137731336827,150,5063,-0.0018249688214568161,0.0025464305994469683,0.9723397708338976,0.9324713286637315,150,5063,0.954156655897959,0.9804463756666009,0.04976819011272742,0.024037048284247353,0.0,150,5063,0.0356506886946004,0.018577785141590954,925,-0.18242901333919792,-0.24421645028531455,150,5063,-0.21251928297645561,-0.1489443643337383,0.06388626007254714,0.04580487277933834,150,5063,0.05422979273202492,0.044710320715797815,0.9703024622638041,0.9298883964332386,150,5063,0.9520953655328509,0.9798538415958917,0.07923395713327447,0.06004397004056582,0.015673799440264702,150,5063,0.06889311005123502,0.04867901600174148,150,5063
固定左前沿逐词刷新诊断,L1,stale_fresh_distribution,1,reference_prefix_aligned,pass,middle,0.0,-0.0064708650112152094,7,63,-0.002156955003738403,-0.002396616670820448,0.01171875,0.0,7,63,0.00390625,0.004340277777777778,1.0,1.0,7,63,1.0,1.0,0.005880301339285715,0.0,0.0,7,63,0.0019601004464285714,0.002177889384920635,9,-0.006020612415990659,-0.25886934549435153,7,63,-0.10646380411952243,-0.1611549930558318,0.02602225051367239,-0.002593198028348741,7,63,0.011356219777584947,0.020956454295960682,1.0,1.0,7,63,1.0,1.0,0.05000161444672363,0.01735613214237114,0.013400096446275711,7,63,0.03247102629853883,0.03297726162764732,7,63
固定左前沿逐词刷新诊断,L1,stale_fresh_distribution,1,reference_prefix_aligned,fail,all,0.013580037506570154,-0.031343436317454225,56,324,-0.008351304100471591,-0.010282611589372895,0.028017365944524832,-0.02266826779352065,56,324,0.0026327317159836705,0.007049937307098766,0.933461265916623,0.8341943572300714,56,324,0.8876580760509333,0.9135802469135802,0.14874937675977773,0.07066073549910404,0.0,56,324,0.10674185880125038,0.09189558617862655,87,-0.1843534837842932,-0.37121005572527993,56,324,-0.283826842959011,-0.2834338122047484,0.08291734347415586,0.03524247028903603,56,324,0.059463868684271996,0.06719857192149868,0.9418959314495029,0.8629829768445838,56,324,0.9044239490668061,0.9104938271604939,0.16781639616814112,0.11854802386383641,0.06801355257630348,56,324,0.14221818152452326,0.1313775394824736,56,324
固定左前沿逐词刷新诊断,L1,stale_fresh_distribution,1,reference_prefix_aligned,fail,early,0.013580037506570154,-0.031343436317454225,56,324,-0.008351304100471591,-0.010282611589372895,0.028017365944524832,-0.02266826779352065,56,324,0.0026327317159836705,0.007049937307098766,0.933461265916623,0.8341943572300714,56,324,0.8876580760509333,0.9135802469135802,0.14874937675977773,0.07066073549910404,0.0,56,324,0.10674185880125038,0.09189558617862655,87,-0.1843534837842932,-0.37121005572527993,56,324,-0.283826842959011,-0.2834338122047484,0.08291734347415586,0.03524247028903603,56,324,0.059463868684271996,0.06719857192149868,0.9418959314495029,0.8629829768445838,56,324,0.9044239490668061,0.9104938271604939,0.16781639616814112,0.11854802386383641,0.06801355257630348,56,324,0.14221818152452326,0.1313775394824736,56,324
固定左前沿逐词刷新诊断,L1,stale_fresh_distribution,1,predecessor_correct,all,all,0.004898909882828423,-0.011533979326353798,164,5733,-0.002798364089124008,-0.0039210670435800826,0.00898194139383512,-0.0133941448615181,164,5733,-0.0018540914286172482,0.0034056190585208443,0.9629811904784801,0.9185040266890174,164,5733,0.9433300669071181,0.9754055468341183,0.06388042836111664,0.03362509881365751,0.0,164,5733,0.04753958519818673,0.024182058640763997,1017,-0.1924675343209064,-0.25384072767164806,164,5733,-0.22321813106482316,-0.1599596259478215,0.06409354255351944,0.04604337819972227,164,5733,0.05478245155043514,0.04690934849824037,0.9659755213544227,0.9280800784680068,164,5733,0.9483525980786193,0.9745334031048317,0.09085096956132083,0.06933745124793676,0.01702744886279106,164,5733,0.07940141687345062,0.05481497902960059,164,5733
固定左前沿逐词刷新诊断,L1,stale_fresh_distribution,1,predecessor_correct,all,early,0.004918150907735608,-0.011555091201858875,164,5665,-0.002793706412546917,-0.003941481113959916,0.008994022951471925,-0.013437786247987471,164,5665,-0.0018792752735315146,0.003398230637687555,0.9630363048709114,0.9186542707617408,164,5665,0.9434138728933503,0.9752868490732568,0.06373586378109182,0.03351635371018398,0.0,164,5665,0.04742409279595611,0.02427158608230362,1017,-0.19250520143811228,-0.2539670885457562,164,5665,-0.22331967410020806,-0.1599651928007149,0.06421400717415376,0.04615974154852383,164,5665,0.05489944233524928,0.04720144961933488,0.9660081198301084,0.9281581063636293,164,5665,0.9484364040648514,0.9744042365401588,0.09088071093329515,0.06934518539290062,0.017037848010659218,164,5665,0.07941409398544444,0.054949481342831834,164,5665
固定左前沿逐词刷新诊断,L1,stale_fresh_distribution,1,predecessor_correct,all,middle,0.0,-0.005662006884813308,8,68,-0.0018873356282711029,-0.0022203948567895327,0.01025390625,0.0,8,68,0.00341796875,0.0040211397058823525,1.0,0.925,8,68,0.975,0.9852941176470589,0.076715087890625,0.0,0.0,8,68,0.026715087890625003,0.0167236328125,10,-0.017648750208676435,-0.2431947407658579,8,68,-0.11047967311191874,-0.15949585798251278,0.029368732476678597,0.0005281530952272122,8,68,0.015307347961247731,0.022574747748234692,1.0,0.925,8,68,0.975,0.9852941176470589,0.09141084049210453,0.02154510666422469,0.01663365215063095,8,68,0.05060953518662315,0.04360974955232129,8,68
固定左前沿逐词刷新诊断,L1,stale_fresh_distribution,1,predecessor_correct,pass,all,0.0057704248627004065,-0.011000542598191923,150,5366,-0.002153092072520165,-0.0031299710112679064,0.010215408483784723,-0.012233503345479763,150,5366,-0.00043392599995181654,0.002856527208348863,0.9765187341091812,0.9402014503092581,150,5366,0.9605823300825125,0.9800596347372345,0.04446835644432391,0.021685619574369264,0.0,150,5366,0.03175504498150532,0.01920762490390887,929,-0.17124607689727125,-0.22640901276424483,150,5366,-0.1982482692905928,-0.15029074900028266,0.06179097672107242,0.04418258391440296,150,5366,0.05236865198262176,0.044791112967360346,0.9748589969604311,0.9378607672974956,150,5366,0.9585253254768369,0.979314200521804,0.07578691887723961,0.05766832717762927,0.01600712724030018,150,5366,0.06584516791259894,0.04929526564364989,150,5366
固定左前沿逐词刷新诊断,L1,stale_fresh_distribution,1,predecessor_correct,pass,early,0.0057750353946804485,-0.0109930595599437,150,5298,-0.0021475709264744897,-0.003141645450396734,0.010185514665939883,-0.012246832637115769,150,5298,-0.000461445401247782,0.002841579369573424,0.9765653825469868,0.940257622921119,150,5298,0.9606723478881497,0.979992449981125,0.044333036897509025,0.02159258058813707,0.0,150,5298,0.031627370305065614,0.0192395070221074,929,-0.17122513760248065,-0.22643148644366962,150,5298,-0.19833480186905506,-0.15017260113112607,0.06191391983436737,0.04432003457967404,150,5298,0.052498033679680554,0.04507626072781722,0.9749420113844998,0.937923944026776,150,5298,0.9586153432824742,0.9792374480936202,0.0757699977498841,0.05766557402690199,0.016005147248506546,150,5298,0.06584909459489738,0.04936823942511654,150,5298
固定左前沿逐词刷新诊断,L1,stale_fresh_distribution,1,predecessor_correct,pass,middle,0.0,-0.005662006884813308,8,68,-0.0018873356282711029,-0.0022203948567895327,0.01025390625,0.0,8,68,0.00341796875,0.0040211397058823525,1.0,0.925,8,68,0.975,0.9852941176470589,0.076715087890625,0.0,0.0,8,68,0.026715087890625003,0.0167236328125,10,-0.017648750208676435,-0.2431947407658579,8,68,-0.11047967311191874,-0.15949585798251278,0.029368732476678597,0.0005281530952272122,8,68,0.015307347961247731,0.022574747748234692,1.0,0.925,8,68,0.975,0.9852941176470589,0.09141084049210453,0.02154510666422469,0.01663365215063095,8,68,0.05060953518662315,0.04360974955232129,8,68
固定左前沿逐词刷新诊断,L1,stale_fresh_distribution,1,predecessor_correct,fail,all,0.01139694228237748,-0.03286913613154926,56,367,-0.010498948453417244,-0.015487882600493262,0.03130419020666911,-0.02118256757048522,56,367,0.0046924153901344206,0.011434030143051771,0.9248185941043084,0.823781001984127,56,367,0.8780127114948544,0.9073569482288828,0.1569955973722497,0.0801766135633127,0.0,56,367,0.11587325661215257,0.09691451485865123,88,-0.1981013574361217,-0.3731543353420379,56,367,-0.29201124269121864,-0.30133072594916627,0.08993864495046659,0.04138387871447891,56,367,0.06601917028293754,0.07788060696881863,0.9332779658337694,0.8520075113378685,56,367,0.8948211015175301,0.9046321525885559,0.17068106103133387,0.12208787669332313,0.07152356952428818,56,367,0.1455996054842319,0.13552010717404606,56,367
固定左前沿逐词刷新诊断,L1,stale_fresh_distribution,1,predecessor_correct,fail,early,0.01139694228237748,-0.03286913613154926,56,367,-0.010498948453417244,-0.015487882600493262,0.03130419020666911,-0.02118256757048522,56,367,0.0046924153901344206,0.011434030143051771,0.9248185941043084,0.823781001984127,56,367,0.8780127114948544,0.9073569482288828,0.1569955973722497,0.0801766135633127,0.0,56,367,0.11587325661215257,0.09691451485865123,88,-0.1981013574361217,-0.3731543353420379,56,367,-0.29201124269121864,-0.30133072594916627,0.08993864495046659,0.04138387871447891,56,367,0.06601917028293754,0.07788060696881863,0.9332779658337694,0.8520075113378685,56,367,0.8948211015175301,0.9046321525885559,0.17068106103133387,0.12208787669332313,0.07152356952428818,56,367,0.1455996054842319,0.13552010717404606,56,367
固定左前沿逐词刷新诊断,L1,stale_fresh_distribution,1,overall,all,all,-0.007311198789502557,-0.01548685624820493,164,9516,-0.011312409738037875,-0.01004043049693809,0.014363266310104789,0.005971235185418034,164,9516,0.01007588925990957,0.00882528849437789,0.9429646274852898,0.9206713861388541,164,9516,0.9324056324481464,0.9396805380411938,0.07947222316312008,0.05821251278943512,0.0,164,9516,0.06831783991576765,0.06180452248187263,1027,-0.28633068148240454,-0.3418396402405614,164,9516,-0.31355002141747446,-0.26064698390640945,0.09171340051790176,0.07818121011794658,164,9516,0.08494830864721502,0.07317355660601868,0.943005401345178,0.9213125895268274,164,9516,0.9325760566337119,0.9385245901639344,0.12543376551022634,0.10524750143483591,0.029029020108282566,164,9516,0.11496841544397655,0.10272188872085795,164,9516
固定左前沿逐词刷新诊断,L1,stale_fresh_distribution,1,overall,all,early,-0.006786256306349353,-0.015092436441630388,164,9069,-0.010818474630965453,-0.00915711233346146,0.01383901581834141,0.005273884332936735,164,9069,0.00949392672822832,0.00796465380003308,0.943571072826855,0.9215049828473588,164,9069,0.9331509491386674,0.9421104862719153,0.07838299973304945,0.057552768752873004,0.0,164,9069,0.06741355129177351,0.059323722123442495,1027,-0.28100091311730124,-0.3361024776892462,164,9069,-0.3082748615089363,-0.2507948743206449,0.09047029465088893,0.076954915334532,164,9069,0.08375618702387971,0.07132124569653571,0.9434695477301359,0.9220692491903842,164,9069,0.9331603341100323,0.940787297386702,0.1233963458529341,0.10366578161731838,0.027669884264469147,164,9069,0.11320006795162663,0.09951920912098487,164,9069
固定左前沿逐词刷新诊断,L1,stale_fresh_distribution,1,overall,all,middle,-0.002800117623295686,-0.01960541837779353,45,369,-0.010234486580694835,-0.020320906387112005,0.017337906017593517,0.0020709209771709773,45,369,0.008892058944142276,0.01756224593495935,0.9626019786313904,0.8785123454976396,45,369,0.9248131316758766,0.8943089430894309,0.12459316727138034,0.03837322337723495,0.0,45,369,0.07703013597468254,0.10860089557926829,49,-0.5734252913395396,-0.9069550106267124,45,369,-0.7337115383582357,-0.4748994427957751,0.19824666376657396,0.1242291422935548,45,369,0.16084084643360821,0.11015829831604065,0.9647397890780244,0.8803810786163726,45,369,0.9268814337441789,0.8997289972899729,0.21472412247775843,0.15002853095000526,0.07079987972974777,45,369,0.18125175818835906,0.1642767260528452,45,369
固定左前沿逐词刷新诊断,L1,stale_fresh_distribution,1,overall,all,late,-0.014177102512783474,-0.09407484156963153,6,78,-0.05194579788252838,-0.06410859486995599,0.10079460470085472,0.016536458333333334,6,78,0.05602297008547008,0.06755809294871795,1.0,0.7358974358974358,6,78,0.8897435897435897,0.8717948717948718,0.23139032869257478,0.008550347222222221,0.0,6,78,0.1075672117053953,0.1288624298878205,6,-0.2983877018595125,-0.646146179525516,6,78,-0.4580411438483727,-0.3925652467669585,0.18161457346545326,0.06528742532981069,6,78,0.12324141774308128,0.11357404310733844,0.9888888888888889,0.735042735042735,6,78,0.8786324786324786,0.8589743589743589,0.2724369927056723,0.0819178700967207,0.07489042356610298,6,78,0.1750804915329068,0.18389325174323928,6,78
固定左前沿逐词刷新诊断,L1,stale_fresh_distribution,1,overall,pass,all,-0.002448223628141132,-0.010879209940035635,150,8321,-0.00678767263089101,-0.0074237622172911855,0.009531176717077235,0.0009111625238979727,150,8321,0.005486927488579701,0.006499228232784521,0.9571964531828616,0.9398448199738707,150,8321,0.9489429007796013,0.9527700997476265,0.05777475716817592,0.04302557648700441,0.0,150,8321,0.05007496925890178,0.047871660604569766,938,-0.23852892391151378,-0.28934141816307163,150,8321,-0.2635846909693863,-0.23425798673141762,0.07932373017774773,0.06504847030910976,150,8321,0.07211856115987955,0.06656201178826487,0.9568624012057935,0.9392010708592669,150,8321,0.9485413896504636,0.9518086768417258,0.10445982938647387,0.08879414623278971,0.02497989684343338,150,8321,0.09646130096041308,0.0885860412056694,150,8321
固定左前沿逐词刷新诊断,L1,stale_fresh_distribution,1,overall,pass,early,-0.001866118071113242,-0.010415849475901158,150,7974,-0.006288449051725272,-0.0068425883961584985,0.00893333428860001,0.00016812268799114793,150,7974,0.004841790197335048,0.005868682593428643,0.9571260805673668,0.9398206801943868,150,7974,0.9489337090719014,0.95472786556308,0.057712869335628185,0.04286939008178091,0.0,150,7974,0.05004442947615928,0.045960069689381114,938,-0.23284196654202716,-0.2824696756318334,150,7974,-0.2571903097960683,-0.2243495261455354,0.07795724463154283,0.06378468378273315,150,7974,0.07079419712396884,0.06480414372947556,0.95674978709981,0.9389323995764843,150,7974,0.9483324071699147,0.9535991973915224,0.10283546357102845,0.08762271361855818,0.023751639761030674,150,7974,0.09506613308513755,0.0856864519781372,150,7974
固定左前沿逐词刷新诊断,L1,stale_fresh_distribution,1,overall,pass,middle,-0.0019726473343825227,-0.014683619094485118,40,308,-0.00786610071522002,-0.014397237788547169,0.013448712203595012,0.001512312015241703,40,308,0.0070483021752553,0.012980671672077922,0.9804390829758478,0.934184524625701,40,308,0.9589663604369487,0.9155844155844156,0.06806539501909446,0.02074963551586728,0.0,40,308,0.04213365960594247,0.08524629667207792,43,-0.5900531208107018,-0.9619323169862367,40,308,-0.772659674643244,-0.46547753536202885,0.20747394588166518,0.12587441218462492,40,308,0.16689552217305442,0.1057479978091531,0.9816327953092662,0.9373646451587628,40,308,0.9612932002637887,0.922077922077922,0.19327582040338412,0.1423394134918667,0.06630552560091019,40,308,0.16744472594198673,0.1495806507963926,40,308
固定左前沿逐词刷新诊断,L1,stale_fresh_distribution,1,overall,pass,late,0.0,-0.10022504115716005,4,39,-0.050112520578580025,-0.07117887949332213,0.11845953525641026,0.0,4,39,0.05922976762820513,0.08423477564102565,1.0,0.6538461538461537,4,39,0.8846153846153846,0.8461538461538461,0.27860201322115385,0.0,0.0,4,39,0.10569285857371793,0.1435546875,4,-0.317739532639583,-0.7443283637985587,4,39,-0.513357463125617,-0.4341155183620942,0.19455993870894117,0.06655588879799232,4,39,0.13055791375346673,0.11650960682294308,1.0,0.6538461538461537,4,39,0.867948717948718,0.8205128205128205,0.31947794401874907,0.07931240211473778,0.09489332884550095,4,39,0.18017880471142678,0.19973949624153858,4,39
固定左前沿逐词刷新诊断,L1,stale_fresh_distribution,1,overall,fail,all,-0.010580260208431905,-0.03610444968578309,56,1195,-0.023252250095473815,-0.028260762509441775,0.03718732030824649,0.009720625461883422,56,1195,0.023174713027129357,0.025022064592050208,0.8823778133521325,0.8155372498961546,56,1195,0.8508018613339906,0.8485355648535565,0.1876513185975451,0.1248794623155644,0.0,56,1195,0.15470402233320854,0.15882154648274058,89,-0.3827312648237253,-0.5130584575369983,56,1195,-0.44780288976068255,-0.44439831904708466,0.14064875180683145,0.1068493254322339,56,1195,0.12410392018583116,0.11921093269683826,0.8810522268686669,0.8138091310086626,56,1195,0.8489831565793614,0.8460251046025105,0.2270970747643429,0.1806764956861239,0.09096947312355042,56,1195,0.20283054431495134,0.20115233823875253,56,1195
固定左前沿逐词刷新诊断,L1,stale_fresh_distribution,1,overall,fail,early,-0.009823986511695998,-0.035386768385110144,56,1095,-0.02252269241754825,-0.02601191952620467,0.03657064869759521,0.008972228532201374,56,1095,0.022462008913438882,0.023227918093607306,0.8829768309425021,0.8148356156837726,56,1095,0.8509520518793765,0.8502283105022831,0.1874128963800374,0.12372878017313922,0.0,56,1095,0.15390357983562986,0.15664040204052512,89,-0.3796125722959202,-0.5141591375799461,56,1095,-0.44668461014563104,-0.44337497144240084,0.1396014185724246,0.10548359806421863,56,1095,0.12286833559177526,0.1187800320758395,0.8816849503027279,0.813116974401681,56,1095,0.849200987817388,0.8474885844748858,0.2266142533300073,0.1797084663243078,0.09169729053974152,56,1095,0.20213210230580989,0.20025199949273575,56,1095
固定左前沿逐词刷新诊断,L1,stale_fresh_distribution,1,overall,fail,middle,0.0035949250062306723,-0.07654885876746405,6,61,-0.024317977920411127,-0.05023057734380003,0.0656156994047619,-0.006510416666666667,6,61,0.019701760912698412,0.04069544057377049,0.9077380952380953,0.4791666666666667,6,61,0.7073412698412698,0.7868852459016393,0.5193295433407733,0.09984188988095238,0.0,6,61,0.29914977058531744,0.2265224769467213,6,-0.3494529234467163,-0.734726265789793,6,61,-0.5489683564530597,-0.5224723524612481,0.24746637161643734,0.07855875539992536,6,61,0.15564760258864788,0.13242670087540737,0.9077380952380952,0.4861111111111111,6,61,0.7073412698412698,0.7868852459016393,0.4377335205907002,0.140514168167387,0.10874994099140167,6,61,0.28385844151313894,0.23847986013460598,6,61
固定左前沿逐词刷新诊断,L1,stale_fresh_distribution,1,overall,fail,late,0.0,-0.11122470498085021,2,39,-0.05561235249042511,-0.057038310246589854,0.09921875,0.0,2,39,0.049609375,0.050881410256410256,1.0,0.8,2,39,0.9,0.8974358974358975,0.2226318359375,0.0,0.0,2,39,0.11131591796875,0.11417017227564102,2,-0.20675618005426308,-0.48806083053350446,2,39,-0.3474085052938838,-0.3510149751718228,0.18778051882982255,0.029436332614798295,2,39,0.10860842572231043,0.11063847939173381,1.0,0.8,2,39,0.9,0.8974358974358975,0.2882464058697224,0.041521324482011165,0.0522552989423275,2,39,0.16488386517586678,0.16804700724493998,2,39
固定左前沿逐词刷新诊断,L1,stale_fresh_distribution,2,reference_prefix_aligned,all,all,0.0048117747788437425,-0.024635494220246648,159,4438,-0.01091939625520882,-0.015881189170749727,0.024951240680000864,-0.009567702826919528,159,4438,0.0085543108338501,0.014254115733438487,0.938096541810611,0.8886150510155707,159,4438,0.9148890489963515,0.9508787742226228,0.11587594810148845,0.06839425587988016,0.0,159,4438,0.09035149319017222,0.05154830155581061,981,-0.7861451548668956,-0.9187740459051043,159,4438,-0.8516470153902876,-0.6892934165354196,0.24845170176401088,0.21571671813449458,159,4438,0.23250302162714295,0.2420152565980613,0.9380965597550669,0.888955638172408,159,4438,0.9152823562009303,0.9513294276701216,0.26470327881576045,0.2289173494072678,0.16513408720493317,159,4438,0.24598294322857892,0.19870141794441398,159,4438
固定左前沿逐词刷新诊断,L1,stale_fresh_distribution,2,reference_prefix_aligned,all,early,0.004612345134304164,-0.024822690126211428,159,4384,-0.0110804946062147,-0.01618540955938562,0.025045636164830833,-0.009438100120918865,159,4384,0.008685263817092876,0.014513447336906935,0.937952184041064,0.8884410822781406,159,4384,0.9147521232345646,0.9502737226277372,0.11592769261543752,0.06853429059120833,0.0,159,4384,0.09045104149902367,0.052141481942503995,981,-0.7861473565980113,-0.9185820149059207,159,4384,-0.8515488312392387,-0.6885966649860013,0.24851811920168276,0.21576210689923322,159,4384,0.23248346733457315,0.24196764846488725,0.937983629457891,0.8887685552254052,159,4384,0.9151454304391438,0.9507299270072993,0.264749893863572,0.2289873650575666,0.16490619629621506,159,4384,0.24603233218499598,0.1990014628516916,159,4384
固定左前沿逐词刷新诊断,L1,stale_fresh_distribution,2,reference_prefix_aligned,all,middle,0.026450998253292512,0.0,6,54,0.00881699941776417,0.00881699941776417,0.0,-0.020399305555555556,6,54,-0.006799768518518518,-0.006799768518518518,1.0,1.0,6,54,1.0,1.0,0.010172526041666666,0.0,0.0,6,54,0.0033908420138888886,0.003390842013888889,7,-0.34002172313191575,-0.9945975596066375,6,54,-0.6207031375236232,-0.7458593201030184,0.2807582241467354,0.11218902192733905,6,54,0.2007284698361901,0.2458803317061177,1.0,1.0,6,54,1.0,1.0,0.20795750964898616,0.1104495871372314,0.18153661489486694,6,54,0.16505504100221313,0.17434221658321028,6,54
固定左前沿逐词刷新诊断,L1,stale_fresh_distribution,2,reference_prefix_aligned,pass,all,-0.001175581073657787,-0.02623653136148676,147,4201,-0.01437608651518009,-0.015076407933484881,0.027429286641043372,-0.0013682928242663111,147,4201,0.012804380304048507,0.013648629046655559,0.9514672631443116,0.9124426152582855,147,4201,0.9330074518201851,0.9569150202332778,0.08956719124430917,0.054814263613281185,0.0,147,4201,0.070976974236751,0.04528907389051714,901,-0.7461820946339922,-0.8722732610205837,147,4201,-0.8076533779720125,-0.67548101323175,0.24971570913504818,0.22210704919025753,147,4201,0.23639316200798935,0.2433917684317827,0.952051103446477,0.9122628714736208,147,4201,0.9335383038557302,0.9576291359200191,0.2416187365688755,0.21086302644038904,0.1613963544368744,147,4201,0.22566737054420305,0.19248329811585724,147,4201
固定左前沿逐词刷新诊断,L1,stale_fresh_distribution,2,reference_prefix_aligned,pass,early,-0.0013561294985972806,-0.02642580706395272,147,4147,-0.014563787458058136,-0.015387535012570352,0.027574918694881163,-0.0012048092641771765,147,4147,0.012958651447431817,0.013914897064142754,0.9513135787164688,0.9123083146930229,147,4147,0.9328392875016027,0.9563539908367494,0.08971725555404454,0.054973019480508485,0.0,147,4147,0.07110502942666734,0.04583465009532493,901,-0.7457691583250006,-0.8722451252517619,147,4147,-0.8074299486238861,-0.6745645848326547,0.24971584416658085,0.22207760941801372,147,4147,0.23636996182778391,0.24335936370142,0.9518364572961497,0.9121693102424793,147,4147,0.9333701395371481,0.9570774053532675,0.24161475993608436,0.21093454474146694,0.16123537719249725,147,4147,0.22571332534680819,0.1927195215069262,147,4147
固定左前沿逐词刷新诊断,L1,stale_fresh_distribution,2,reference_prefix_aligned,pass,middle,0.026450998253292512,0.0,6,54,0.00881699941776417,0.00881699941776417,0.0,-0.020399305555555556,6,54,-0.006799768518518518,-0.006799768518518518,1.0,1.0,6,54,1.0,1.0,0.010172526041666666,0.0,0.0,6,54,0.0033908420138888886,0.003390842013888889,7,-0.34002172313191575,-0.9945975596066375,6,54,-0.6207031375236232,-0.7458593201030184,0.2807582241467354,0.11218902192733905,6,54,0.2007284698361901,0.2458803317061177,1.0,1.0,6,54,1.0,1.0,0.20795750964898616,0.1104495871372314,0.18153661489486694,6,54,0.16505504100221313,0.17434221658321028,6,54
固定左前沿逐词刷新诊断,L1,stale_fresh_distribution,2,reference_prefix_aligned,fail,all,0.04050923497933932,-0.044672693870340785,52,237,-0.0038816912431310848,-0.030146530849018176,0.04049313835171989,-0.050433353186527016,52,237,-0.0013528699490613554,0.02498681434599156,0.8712860576923076,0.7073706501831504,52,237,0.7928067765567766,0.8438818565400844,0.29297345060131924,0.13819530445140796,0.0,52,237,0.21001228081001033,0.1624977337157173,80,-0.7131160945148044,-1.1035522159929307,52,237,-0.93277449935551,-0.9341284641249397,0.2354363385632842,0.1331454684269519,52,237,0.18484034344854153,0.217615567933658,0.872918727106227,0.7124993131868131,52,237,0.7969734432234432,0.8396624472573839,0.3816592382464832,0.29782622943934217,0.25785475969314575,52,237,0.33831305969167064,0.30892218334427424,52,237
固定左前沿逐词刷新诊断,L1,stale_fresh_distribution,2,reference_prefix_aligned,fail,early,0.04050923497933932,-0.044672693870340785,52,237,-0.0038816912431310848,-0.030146530849018176,0.04049313835171989,-0.050433353186527016,52,237,-0.0013528699490613554,0.02498681434599156,0.8712860576923076,0.7073706501831504,52,237,0.7928067765567766,0.8438818565400844,0.29297345060131924,0.13819530445140796,0.0,52,237,0.21001228081001033,0.1624977337157173,80,-0.7131160945148044,-1.1035522159929307,52,237,-0.93277449935551,-0.9341284641249397,0.2354363385632842,0.1331454684269519,52,237,0.18484034344854153,0.217615567933658,0.872918727106227,0.7124993131868131,52,237,0.7969734432234432,0.8396624472573839,0.3816592382464832,0.29782622943934217,0.25785475969314575,52,237,0.33831305969167064,0.30892218334427424,52,237
固定左前沿逐词刷新诊断,L1,stale_fresh_distribution,2,predecessor_correct,all,all,-0.0008370772936351822,-0.028324753536198077,159,4721,-0.015628269438740662,-0.01811052499320441,0.028412773250502843,-0.0046256010528931656,159,4721,0.013034162688864669,0.01651571767104427,0.9416588826693159,0.8977652371142526,159,4721,0.9214007034414978,0.9478923956788816,0.11238373471644032,0.06788180291877959,0.0,159,4721,0.08819710007317035,0.05522353890032567,989,-0.761032469029676,-0.8777491234261352,159,4721,-0.8191055868860452,-0.6983588342880367,0.25357071790308716,0.22117696184269092,159,4721,0.2378211728747761,0.24674879458907095,0.9422521849933108,0.8980994946950005,159,4721,0.922168402705927,0.9483160347384029,0.26298674116790216,0.22836737915491512,0.16727115213871002,159,4721,0.24491163164602023,0.20345362332384492,159,4721
固定左前沿逐词刷新诊断,L1,stale_fresh_distribution,2,predecessor_correct,all,early,-0.0009436901508500293,-0.0284328886952213,159,4662,-0.015776193677208273,-0.018441850377837254,0.02852626254186571,-0.004523233370159218,159,4662,0.013154260100065386,0.016803494342556843,0.9416794770908957,0.8978665159037239,159,4662,0.9215138003725585,0.9476619476619477,0.11228698256567461,0.06776336964869331,0.0,159,4662,0.08804356994634115,0.055454144504437475,989,-0.7608185795226514,-0.8772148876636244,159,4662,-0.8188063548198345,-0.6974346636010814,0.2535166316228566,0.22114466707573735,159,4662,0.23774223185890433,0.24666424040334617,0.9423011234477989,0.8982424551584187,159,4662,0.9222814996369877,0.9480909480909481,0.262780680747321,0.2281502040768651,0.16717012226581573,159,4662,0.24474920192891828,0.20346102745968714,159,4662
固定左前沿逐词刷新诊断,L1,stale_fresh_distribution,2,predecessor_correct,all,middle,0.022672284217107867,0.0,7,59,0.007557428072369288,0.00806979607727568,0.0,-0.017485119047619048,7,59,-0.005828373015873016,-0.006223516949152542,1.0,0.8285714285714285,7,59,0.9428571428571428,0.9661016949152542,0.1743350074404762,0.0,0.0,7,59,0.06004929315476191,0.0370017876059322,8,-0.4003325102590078,-1.0051759357520071,7,59,-0.6816098801635776,-0.7713839824674493,0.2936898741457198,0.1327527163047639,7,59,0.21990533364455592,0.2534300083831205,1.0,0.8285714285714285,7,59,0.9428571428571428,0.9661016949152542,0.324274748291022,0.12968958832573013,0.18522992730140686,7,59,0.21446906369667323,0.20286857109848347,7,59
固定左前沿逐词刷新诊断,L1,stale_fresh_distribution,2,predecessor_correct,pass,all,-0.006497201881994737,-0.028725705707358277,147,4441,-0.018223343418900778,-0.016866283333132434,0.03143371690555256,0.004053241784379475,147,4441,0.017598846913621003,0.015708560853411394,0.9539443394183329,0.9216405212084648,147,4441,0.9388794316457382,0.9542895744201756,0.08400426621961153,0.05403826846398647,0.0,147,4441,0.06804564083940345,0.04840924873515256,907,-0.724393225056083,-0.8331547732280677,147,4441,-0.7772018992417811,-0.682382394432702,0.2561815101871061,0.22842194431709503,147,4441,0.24279206323594593,0.24772780262599842,0.9549465914680105,0.9235283103847224,147,4441,0.9402370363057111,0.954965097950912,0.23876431869116382,0.21026618166111638,0.16242076456546783,147,4441,0.22397899656396122,0.19642852020879947,147,4441
固定左前沿逐词刷新诊断,L1,stale_fresh_distribution,2,predecessor_correct,pass,early,-0.006649598344814033,-0.028863589761813135,147,4382,-0.018396787809883595,-0.017202026985623096,0.03159303471037189,0.00426386542831336,147,4382,0.017741369913269668,0.016003858112733912,0.9540710567691042,0.9218313938440986,147,4382,0.9389817076821059,0.9541305340027385,0.08389860134443472,0.053859988376096166,0.0,147,4382,0.06789995068955539,0.048562840749443746,907,-0.723819313089397,-0.8326800129680392,147,4382,-0.7767594248764099,-0.6811840617777385,0.2560461742487567,0.228284307011743,147,4382,0.24270479290597027,0.24765102714912252,0.9550042541231889,0.923625756627245,147,4382,0.9403393123420787,0.9548151528982199,0.23860926636367427,0.21010056149264197,0.16229892522096634,147,4382,0.22379699076510423,0.1963418102584363,147,4382
固定左前沿逐词刷新诊断,L1,stale_fresh_distribution,2,predecessor_correct,pass,middle,0.022672284217107867,0.0,7,59,0.007557428072369288,0.00806979607727568,0.0,-0.017485119047619048,7,59,-0.005828373015873016,-0.006223516949152542,1.0,0.8285714285714285,7,59,0.9428571428571428,0.9661016949152542,0.1743350074404762,0.0,0.0,7,59,0.06004929315476191,0.0370017876059322,8,-0.4003325102590078,-1.0051759357520071,7,59,-0.6816098801635776,-0.7713839824674493,0.2936898741457198,0.1327527163047639,7,59,0.21990533364455592,0.2534300083831205,1.0,0.8285714285714285,7,59,0.9428571428571428,0.9661016949152542,0.324274748291022,0.12968958832573013,0.18522992730140686,7,59,0.21446906369667323,0.20286857109848347,7,59
固定左前沿逐词刷新诊断,L1,stale_fresh_distribution,2,predecessor_correct,fail,all,0.035876521204347915,-0.05038237790576484,53,280,-0.00944056581899338,-0.03784508646598884,0.044511644718139315,-0.045633606487135936,53,280,0.002665821131420338,0.029317801339285715,0.8700093965259059,0.7172536687631027,53,280,0.7982181445388994,0.8464285714285714,0.29083270918076964,0.1437235271205942,0.0,53,280,0.2118923142875411,0.1633030482700893,82,-0.7324174697113405,-1.0953198355631073,53,280,-0.9360801961911754,-0.951756582136399,0.2466509178800963,0.1458700140831765,53,280,0.1973451128709769,0.2312210278319461,0.8734657111756168,0.7223127865321262,53,280,0.8023061948533647,0.8428571428571429,0.3854806824902977,0.3069049613363778,0.27045778930187225,53,280,0.3447456856655839,0.3148767766592625,53,280
固定左前沿逐词刷新诊断,L1,stale_fresh_distribution,2,predecessor_correct,fail,early,0.035876521204347915,-0.05038237790576484,53,280,-0.00944056581899338,-0.03784508646598884,0.044511644718139315,-0.045633606487135936,53,280,0.002665821131420338,0.029317801339285715,0.8700093965259059,0.7172536687631027,53,280,0.7982181445388994,0.8464285714285714,0.29083270918076964,0.1437235271205942,0.0,53,280,0.2118923142875411,0.1633030482700893,82,-0.7324174697113405,-1.0953198355631073,53,280,-0.9360801961911754,-0.951756582136399,0.2466509178800963,0.1458700140831765,53,280,0.1973451128709769,0.2312210278319461,0.8734657111756168,0.7223127865321262,53,280,0.8023061948533647,0.8428571428571429,0.3854806824902977,0.3069049613363778,0.27045778930187225,53,280,0.3447456856655839,0.3148767766592625,53,280
固定左前沿逐词刷新诊断,L1,stale_fresh_distribution,2,overall,all,all,-0.03050452307660747,-0.04380510044030158,164,8489,-0.03699169766891892,-0.03667065773292233,0.03831473585447101,0.026080883831059273,164,8489,0.032170027885870714,0.03255511268258923,0.8863004879762183,0.8512784673410343,164,8489,0.8698443493880099,0.8796089056425963,0.15136477498756445,0.11694071975362372,0.0,164,8489,0.13328193702838365,0.12279392673376943,1027,-0.8567396648171915,-0.9491735076301673,164,8489,-0.9009072854085475,-0.8265744739865744,0.27848353150830824,0.2594995307073072,164,8489,0.26890500088985964,0.26022780294296305,0.8856378307349758,0.851136561252056,164,8489,0.8691009687386179,0.8786665096006597,0.2949243840917433,0.2645762315632922,0.1914869248867035,164,8489,0.27938352566522673,0.2609874135926236,164,8489
固定左前沿逐词刷新诊断,L1,stale_fresh_distribution,2,overall,all,early,-0.028932537181861544,-0.04220002344443103,164,8091,-0.035445273401289744,-0.03510703251250166,0.03726122721154073,0.024711521776993827,164,8091,0.030907011562716056,0.0313906124474725,0.8879295471989942,0.8534287444661018,164,8091,0.8717012637428342,0.8845630947966877,0.1491743139150728,0.11518365598441878,0.0,164,8091,0.13139066778670616,0.1180275613070271,1027,-0.8572181879970938,-0.9507492299225943,164,8091,-0.9019788390636373,-0.8170196689135715,0.27894403046098726,0.2599267946709358,164,8091,0.2693209003049676,0.2600830841324685,0.8874628084297622,0.853391097790929,164,8091,0.8712578691497195,0.8835743418613274,0.29417162026099514,0.2640408235405105,0.18932576477527618,164,8091,0.27876288278737354,0.25762249812798715,164,8091
固定左前沿逐词刷新诊断,L1,stale_fresh_distribution,2,overall,all,middle,-0.02873209833906569,-0.07623072852738828,33,326,-0.051476811089533114,-0.06547201447691654,0.0644727433111479,0.02094700418482285,33,326,0.04231866908676119,0.05259657783742331,0.8847550457583352,0.7261915916685654,33,326,0.8108073213336371,0.7852760736196319,0.2744779375965289,0.11678565120061317,0.0,33,326,0.18814575228117325,0.21227690339819785,36,-0.8472868211943756,-1.1319104576591568,33,326,-0.9842666292272775,-0.9897791400346105,0.30190247570856465,0.22617756157653054,33,326,0.261469156518772,0.25666391520412424,0.883459857028936,0.7222410429482798,33,326,0.8080732133363712,0.7852760736196319,0.3646755548261512,0.24672837223380525,0.21581078320741653,33,326,0.3018996702682548,0.32095718986363336,33,326
固定左前沿逐词刷新诊断,L1,stale_fresh_distribution,2,overall,all,late,-0.014438699211990624,-0.14080246039351127,6,72,-0.07040123019675563,-0.08197689884238774,0.11863949424342106,0.015659265350877194,6,72,0.06085628296000418,0.07267252604166667,0.9642857142857143,0.6309523809523809,6,72,0.8020050125313283,0.75,0.3780788845486111,0.0384521484375,0.0,6,72,0.20135105423062863,0.2532552083333333,6,-0.9827176328991993,-1.4213470291220267,6,72,-1.1965488906875457,-1.161341233903335,0.30800400436143943,0.26986470972559984,6,72,0.2906442615750786,0.2926270709786978,0.9642857142857143,0.6309523809523809,6,72,0.8020050125313283,0.75,0.46590801417571887,0.2205903312541229,0.27543114125728607,6,72,0.33582455422887464,0.3675899685929633,6,72
固定左前沿逐词刷新诊断,L1,stale_fresh_distribution,2,overall,pass,all,-0.0224692760544072,-0.03712720223236906,150,7383,-0.029921220738242316,-0.03141341111281531,0.03376607536279704,0.01806082144651318,150,7383,0.02611248628828986,0.028164496351415415,0.9116665238577689,0.8834824267584249,150,7383,0.8978787274686696,0.9019368820262765,0.11942251454916673,0.09332300256275056,0.0,150,7383,0.10629660884382147,0.10078377473746698,938,-0.7793041939518658,-0.8625984400871056,150,7383,-0.8208290668357734,-0.7778115953237034,0.2623830768188812,0.24073977350412146,150,7383,0.2518260379971368,0.25294479742377785,0.910960636728994,0.8835227136370847,150,7383,0.8976550153743104,0.9011242042530136,0.26248523982065075,0.2386325105371588,0.17950765788555145,150,7383,0.25036188705957735,0.24026863601259418,150,7383
固定左前沿逐词刷新诊断,L1,stale_fresh_distribution,2,overall,pass,early,-0.020962848427285397,-0.0357033453208143,150,7079,-0.028437601457609554,-0.030097860605606572,0.03258343491166928,0.01683144009847873,150,7079,0.024922528921739618,0.027268290233436927,0.9123692961505178,0.8850493327328507,150,7079,0.8989715288541519,0.9060601779912417,0.11775091437316151,0.0923878596770784,0.0,150,7079,0.10505514159202867,0.09669733673927726,938,-0.7796620349655479,-0.8634036798109805,150,7079,-0.821260552126066,-0.7700151762220446,0.26280495486356964,0.24113588108878434,150,7079,0.2522793733752318,0.25285530633785525,0.9120340956177178,0.8852911601194975,150,7079,0.8990800196403367,0.9052126006498092,0.26212194010717077,0.2385932289473492,0.17840313911437988,150,7079,0.2501588387530505,0.2373140294928783,150,7079
固定左前沿逐词刷新诊断,L1,stale_fresh_distribution,2,overall,pass,middle,-0.02468378374072436,-0.0713462111267382,27,269,-0.04714151993501362,-0.05429789595665985,0.05995766030926563,0.01766330113840736,27,269,0.03813705939528308,0.04259845492565056,0.9212595435347627,0.8061921296296296,27,269,0.8675299359509886,0.8141263940520446,0.19555447634452558,0.08324231075441607,0.0,27,269,0.13476626481687046,0.1867022319354089,30,-0.7884720048621986,-1.0645869696162746,27,269,-0.9185333189927342,-0.9322502169633443,0.27372625661064065,0.2095640633196803,27,269,0.24041736177335335,0.25033778464594736,0.920890507518797,0.8013429116773414,27,269,0.8641882483987747,0.8141263940520446,0.3106736070613974,0.22084012001819062,0.20421180129051208,27,269,0.26276846998305864,0.3007883681823953,27,269
固定左前沿逐词刷新诊断,L1,stale_fresh_distribution,2,overall,pass,late,0.0,-0.167887592954295,4,35,-0.0839437964771475,-0.12160928589957101,0.13559105282738096,0.0,4,35,0.06779552641369048,0.09849330357142858,1.0,0.625,4,35,0.8214285714285714,0.7428571428571429,0.382080078125,0.0,0.0,4,35,0.18503824869791666,0.26695033482142855,4,-0.8980759932060858,-1.5395697665711245,4,35,-1.2188228798886052,-1.1677219267402377,0.3077878386913134,0.25954448245465755,4,35,0.2891927432335381,0.29108176412326947,1.0,0.625,4,35,0.8214285714285714,0.7428571428571429,0.49791363067924976,0.20157120376825333,0.25169312953948975,4,35,0.32430499777685673,0.3727215388523681,4,35
固定左前沿逐词刷新诊断,L1,stale_fresh_distribution,2,overall,fail,all,-0.04161831406956495,-0.08094062803405486,56,1106,-0.060680855632935425,-0.07176491794653007,0.07134533979948265,0.033220444545583636,56,1106,0.05197419432453986,0.06186426311030741,0.7767063143283651,0.6828891920776505,56,1106,0.7320325807145297,0.7305605786618445,0.31482786481119834,0.2222037462863777,0.0,56,1106,0.266786581730945,0.26972064661505424,89,-1.027434178407232,-1.2403656885787178,56,1106,-1.1328344614501762,-1.1520865292921596,0.3342487098123097,0.2894115732627244,56,1106,0.3117415114241342,0.30884482803170116,0.7770398685963993,0.6815407785340964,56,1106,0.7302086354029103,0.72875226039783,0.4342377458698926,0.3726315761888925,0.33038006722927094,56,1106,0.40305890298367536,0.3992936838216992,56,1106
固定左前沿逐词刷新诊断,L1,stale_fresh_distribution,2,overall,fail,early,-0.04112575063628439,-0.08057733227204546,56,1012,-0.06024970857919766,-0.07014648698770953,0.07063405123397345,0.032620119816528,56,1012,0.051288639516613964,0.06022650074110672,0.7770462882001871,0.6824372320577953,56,1012,0.7320350565540533,0.7341897233201581,0.3153276921856034,0.22233508337567295,0.0,56,1012,0.2669261014063013,0.2672337467962574,89,-1.026367766788141,-1.2421851275517561,56,1012,-1.1332949771908927,-1.145818882118432,0.3331366221618224,0.28868089769107996,56,1012,0.31085730211310075,0.3106418183301631,0.7778828653575356,0.6811390327015437,56,1012,0.7304070360073242,0.7322134387351779,0.43409175357960644,0.37196804960891044,0.3364114910364151,56,1012,0.4026744961366587,0.39968144028997893,56,1012
固定左前沿逐词刷新诊断,L1,stale_fresh_distribution,2,overall,fail,middle,-0.0029815586786421516,-0.15445932805065124,6,57,-0.07098562128487088,-0.11820601240584724,0.13231646825396823,0.0015500992063492063,6,57,0.061135912698412696,0.09978070175438597,0.8095238095238096,0.2698412698412698,6,57,0.5555555555555556,0.6491228070175439,0.7214277963789683,0.1658722408234127,0.0,6,57,0.42835344587053575,0.33297140556469296,6,-0.8920492868545273,-1.679239613403167,6,57,-1.2800665252827226,-1.2612752857569016,0.4922106244734355,0.2412454869065966,6,57,0.35620223287315594,0.2865188120488535,0.8174603174603173,0.2857142857142857,6,57,0.5555555555555556,0.6491228070175439,0.6729709728369637,0.27998267286013634,0.30736953020095825,6,57,0.4779900715516377,0.41613987464000257,6,57
固定左前沿逐词刷新诊断,L1,stale_fresh_distribution,2,overall,fail,late,0.0,-0.08663219527194374,2,37,-0.04331609763597187,-0.04448680297748463,0.09395559210526316,0.0,2,37,0.04697779605263158,0.048247466216216214,1.0,0.5263157894736842,2,37,0.763157894736842,0.7567567567567568,0.46795333059210525,0.0,0.0,2,37,0.23397666529605263,0.24030035895270271,2,-1.029733261714379,-1.2742685628564734,2,37,-1.1520009122854262,-1.155305443381941,0.3135846288580644,0.27350996765825486,2,37,0.2935472982581596,0.2940888477338327,1.0,0.5263157894736842,2,37,0.763157894736842,0.7567567567567568,0.5021318620757053,0.21559547219011518,0.2861091196537018,2,37,0.35886366713291024,0.36273578050974253,2,37
固定左前沿逐词刷新诊断,L1,stale_fresh_distribution,3,reference_prefix_aligned,all,all,0.017857822342456666,-0.03789634498131368,150,3457,-0.010765219438213418,-0.029835955631812253,0.030509489359513906,-0.022165300686309355,150,3457,0.004950532448702614,0.026645438602834828,0.9089286177210668,0.8429799414229902,150,3457,0.877859459210073,0.9273936939542956,0.16393202939124527,0.10523512132946432,0.0,150,3457,0.13317375380306984,0.07771175473902589,864,-1.0196989154449538,-1.1569274835832377,150,3457,-1.0857020694786914,-0.9412736138870408,0.326273466664858,0.27762981720383634,150,3457,0.3027113312206934,0.3453658363564462,0.9079500012582322,0.8417013009445309,150,3457,0.8765840835491349,0.92536881689326,0.3441054327903141,0.30497463199151986,0.25827425718307495,150,3457,0.32389854918744704,0.28182758289850796,150,3457
固定左前沿逐词刷新诊断,L1,stale_fresh_distribution,3,reference_prefix_aligned,all,early,0.017785575587267403,-0.03795381742761411,150,3410,-0.010850880016262884,-0.030247184345799108,0.030614245862553482,-0.022097922833983957,150,3410,0.005048030419401653,0.02701269244868035,0.9086204334615394,0.8427058448029562,150,3410,0.8776277753376431,0.9263929618768328,0.16404297546475222,0.10538745047667916,0.0,150,3410,0.13332033010398697,0.07867546193410924,864,-1.0195076488591601,-1.157081481590846,150,3410,-1.0855802689887075,-0.9391211618601052,0.32626770154147716,0.27754390284138425,150,3410,0.3026544012936515,0.34488253678875236,0.9077647406337093,0.8415437586292442,150,3410,0.8763899751879649,0.9243401759530792,0.34415281903783107,0.30499858229783344,0.2575124651193619,150,3410,0.32396799869497933,0.2820364896625914,150,3410
固定左前沿逐词刷新诊断,L1,stale_fresh_distribution,3,reference_prefix_aligned,all,middle,0.0,0.0,6,47,0.0,0.0,0.0,0.0,6,47,0.0,0.0,1.0,1.0,6,47,1.0,1.0,0.02288818359375,0.0,0.0,6,47,0.00762939453125,0.007791722074468085,7,-0.4993774318358018,-1.4443758933994422,6,47,-0.8992284252600607,-1.0974408779689606,0.4182505836130665,0.17363103803385185,6,47,0.3005701781650571,0.38043076243806395,1.0,1.0,6,47,1.0,1.0,0.29113340020599043,0.1775114622321867,0.29027995467185974,6,47,0.24192245058382053,0.2666707304405405,6,47
固定左前沿逐词刷新诊断,L1,stale_fresh_distribution,3,reference_prefix_aligned,pass,all,0.02127065056880688,-0.03539232033459383,143,3300,-0.008156320940225111,-0.029720495663809052,0.0269126716987948,-0.026909642290715192,143,3300,0.0018496625043204714,0.026806344696969697,0.9151137642057382,0.8453956422707652,143,3300,0.8820597720012495,0.9336363636363636,0.152970435549371,0.09354180953836581,0.0,143,3300,0.12219216616796551,0.07091619318181819,815,-0.9878275089077526,-1.1293006319155408,143,3300,-1.057473351182765,-0.9253678607167394,0.32810870550963717,0.2800445744845997,143,3300,0.3052484788820817,0.34707878273319115,0.9143046500319857,0.8442219426749118,143,3300,0.881086915404399,0.9318181818181818,0.3294531410086853,0.2903813769386835,0.2532726377248764,143,3300,0.309429609459417,0.27557258042563315,143,3300
固定左前沿逐词刷新诊断,L1,stale_fresh_distribution,3,reference_prefix_aligned,pass,early,0.021094742187765823,-0.03551338348913612,143,3253,-0.00826021894873425,-0.030149903378595105,0.02704723215414402,-0.026806804900685658,143,3253,0.001966625967638101,0.02719364817091915,0.9148248749585155,0.8452114441047675,143,3253,0.8817892212548823,0.9326775284352905,0.15309473155831546,0.09379840153241852,0.0,143,3253,0.12237562094914411,0.07182822827005841,815,-0.987258266539635,-1.128895517569406,143,3253,-1.057143067454718,-0.9228817150632336,0.3280835987089808,0.2800279531235357,143,3253,0.3051879124183321,0.3465969066046547,0.9140636382443531,0.8440672312191413,143,3253,0.8808571730321737,0.930833077159545,0.32953085653507236,0.29039505829093937,0.2526825964450836,143,3253,0.3094891336465082,0.2757011961493649,143,3253
固定左前沿逐词刷新诊断,L1,stale_fresh_distribution,3,reference_prefix_aligned,pass,middle,0.0,0.0,6,47,0.0,0.0,0.0,0.0,6,47,0.0,0.0,1.0,1.0,6,47,1.0,1.0,0.02288818359375,0.0,0.0,6,47,0.00762939453125,0.007791722074468085,7,-0.4993774318358018,-1.4443758933994422,6,47,-0.8992284252600607,-1.0974408779689606,0.4182505836130665,0.17363103803385185,6,47,0.3005701781650571,0.38043076243806395,1.0,1.0,6,47,1.0,1.0,0.29113340020599043,0.1775114622321867,0.29027995467185974,6,47,0.24192245058382053,0.2666707304405405,6,47
固定左前沿逐词刷新诊断,L1,stale_fresh_distribution,3,reference_prefix_aligned,fail,all,0.0680134451963688,-0.050728863705613435,37,157,0.008970765595137903,-0.03226282120130624,0.036618292145635875,-0.07852592592338685,37,157,-0.021511705496080502,0.023263335987261147,0.8663991751491752,0.6727954252954255,37,157,0.7741488241488241,0.7961783439490446,0.3486511241894542,0.163894884978259,0.0,37,157,0.2512559616929734,0.22054839893511147,49,-1.088937598788902,-1.4481232879772838,37,157,-1.2728393560390503,-1.2755983620526115,0.3312569365454464,0.2064577438825334,37,157,0.270149238757912,0.3093612309853742,0.8622698022698023,0.6676481513981515,37,157,0.7702878202878203,0.7898089171974523,0.4817761002127555,0.3811627767176734,0.3664076030254364,37,157,0.43010570229662815,0.4133021571691249,37,157
固定左前沿逐词刷新诊断,L1,stale_fresh_distribution,3,reference_prefix_aligned,fail,early,0.0680134451963688,-0.050728863705613435,37,157,0.008970765595137903,-0.03226282120130624,0.036618292145635875,-0.07852592592338685,37,157,-0.021511705496080502,0.023263335987261147,0.8663991751491752,0.6727954252954255,37,157,0.7741488241488241,0.7961783439490446,0.3486511241894542,0.163894884978259,0.0,37,157,0.2512559616929734,0.22054839893511147,49,-1.088937598788902,-1.4481232879772838,37,157,-1.2728393560390503,-1.2755983620526115,0.3312569365454464,0.2064577438825334,37,157,0.270149238757912,0.3093612309853742,0.8622698022698023,0.6676481513981515,37,157,0.7702878202878203,0.7898089171974523,0.4817761002127555,0.3811627767176734,0.3664076030254364,37,157,0.43010570229662815,0.4133021571691249,37,157
固定左前沿逐词刷新诊断,L1,stale_fresh_distribution,3,predecessor_correct,all,all,-0.002662874231621083,-0.047016220251179984,154,3737,-0.025518358032001576,-0.034121065797542934,0.036688933400817574,-0.003842731365166387,154,3737,0.017580320700555208,0.030337461533315492,0.9136452471307343,0.865219706693728,154,3737,0.8910155518247175,0.9202568905539202,0.14714255845476332,0.1006109124440179,0.0,154,3737,0.12260522920461712,0.08502532085186981,889,-1.028659135927982,-1.1557298726153968,154,3737,-1.090363625305297,-0.9603685311263326,0.3449018907508891,0.29916666342685544,154,3737,0.3230069452811194,0.35216637770576786,0.9125615238719641,0.8639720732628189,154,3737,0.8898428662917294,0.9183837302649184,0.3455983800522793,0.30918815636486147,0.2631651759147644,154,3737,0.3268807446102631,0.2896425470882757,154,3737
固定左前沿逐词刷新诊断,L1,stale_fresh_distribution,3,predecessor_correct,all,early,-0.002756104819759326,-0.047096725606079914,154,3686,-0.02561257803497341,-0.03459316952941344,0.036784178152445106,-0.0037486431205893352,154,3686,0.017693418591912223,0.03075721479924037,0.9137331979015465,0.8652541137189269,154,3686,0.8910661417230421,0.9196961475854585,0.14710614880453396,0.10045167048064534,0.0,154,3686,0.1224812183974459,0.08555979736460594,889,-1.028075069027108,-1.155603057074878,154,3686,-1.089996350907427,-0.9580596549384907,0.3447684834413368,0.2988691778142576,154,3686,0.3228626899440192,0.3516292658877547,0.9126338075202131,0.8641349993448059,154,3686,0.8899119833756837,0.9177970699945741,0.3454961057161812,0.3090487274695043,0.26270197331905365,154,3686,0.326799884251049,0.28965465352116065,154,3686
固定左前沿逐词刷新诊断,L1,stale_fresh_distribution,3,predecessor_correct,all,middle,0.0,0.0,7,51,0.0,0.0,0.0,0.0,7,51,0.0,0.0,1.0,0.7857142857142857,7,51,0.9285714285714286,0.9607843137254902,0.2208251953125,0.0,0.0,7,51,0.07796805245535714,0.04639629289215686,8,-0.5796933592605998,-1.470732392162665,7,51,-0.9818240591974545,-1.1272414258005572,0.44418185449951575,0.20324131922454253,7,51,0.33120420948438883,0.3909858710625592,1.0,0.7857142857142857,7,51,0.9285714285714286,0.9607843137254902,0.3877035183961064,0.2000133909639858,0.30769819021224976,7,51,0.28570571689979946,0.2887675605860411,7,51
固定左前沿逐词刷新诊断,L1,stale_fresh_distribution,3,predecessor_correct,pass,all,0.00041425892781312215,-0.044991687618639344,144,3537,-0.022891540325523128,-0.03316257314338905,0.03492765969611816,-0.008975969654020274,144,3537,0.014925965466341173,0.030053938719253603,0.9192781761011578,0.8649054327910919,144,3537,0.8937638974304613,0.927622278767317,0.13763866328142982,0.0893276498360784,0.0,144,3537,0.11195189426329849,0.07684576386680096,832,-0.979877635239603,-1.1080492047456452,144,3537,-1.0417584185285151,-0.9398758990386255,0.34594883003635307,0.3008933336148617,144,3537,0.324416662990495,0.3534801756662435,0.9170811583244831,0.8633184209686315,144,3537,0.8928270443945087,0.9259259259259259,0.3283111140950343,0.2915841675261471,0.2576664090156555,144,3537,0.3094271908604671,0.28191843703268044,144,3537
固定左前沿逐词刷新诊断,L1,stale_fresh_distribution,3,predecessor_correct,pass,early,0.00020733743136186968,-0.04507400693747664,144,3486,-0.02300628540348855,-0.03364773987612366,0.03507068322605114,-0.0088442286926531,144,3486,0.015061541367216182,0.030493626290877797,0.9191136933425376,0.8650618834507292,144,3486,0.8937906050844736,0.9271371199082042,0.13760457134965148,0.08911997308909829,0.0,144,3486,0.11184884300561529,0.07729123805489817,832,-0.9795364157583383,-1.107981215563822,144,3486,-1.0411530657708072,-0.9371347510567383,0.3458802880574935,0.30066696006917487,144,3486,0.324255804735134,0.3529314692792062,0.9171329340726417,0.8633634158874586,144,3486,0.8928749420597223,0.9254159495123351,0.328107819638914,0.29153333876266163,0.2564239352941513,144,3486,0.3093250927336709,0.28181823470875006,144,3486
固定左前沿逐词刷新诊断,L1,stale_fresh_distribution,3,predecessor_correct,pass,middle,0.0,0.0,7,51,0.0,0.0,0.0,0.0,7,51,0.0,0.0,1.0,0.7857142857142857,7,51,0.9285714285714286,0.9607843137254902,0.2208251953125,0.0,0.0,7,51,0.07796805245535714,0.04639629289215686,8,-0.5796933592605998,-1.470732392162665,7,51,-0.9818240591974545,-1.1272414258005572,0.44418185449951575,0.20324131922454253,7,51,0.33120420948438883,0.3909858710625592,1.0,0.7857142857142857,7,51,0.9285714285714286,0.9607843137254902,0.3877035183961064,0.2000133909639858,0.30769819021224976,7,51,0.28570571689979946,0.2887675605860411,7,51
固定左前沿逐词刷新诊断,L1,stale_fresh_distribution,3,predecessor_correct,fail,all,0.027603349535312172,-0.06660337710212834,43,200,-0.01866398000051889,-0.05107200838625431,0.048286293229743434,-0.04346558022736711,43,200,0.0023666147825849846,0.0353515625,0.8708763297426088,0.7271711718514045,43,200,0.8027870062753785,0.79,0.3044929826529643,0.16099906184792603,0.0,43,200,0.22884353980261501,0.2296807861328125,57,-1.1884002887835747,-1.4789624267902413,43,200,-1.3331395193417759,-1.3227807295974343,0.35433908353067617,0.24501782603228028,43,200,0.30071470772409925,0.3289318607747555,0.8688380902043693,0.7231061864492097,43,200,0.800203026947213,0.785,0.47574727632772623,0.38502045662649803,0.391179159283638,43,200,0.42987646230538124,0.4262434334214777,43,200
固定左前沿逐词刷新诊断,L1,stale_fresh_distribution,3,predecessor_correct,fail,early,0.027603349535312172,-0.06660337710212834,43,200,-0.01866398000051889,-0.05107200838625431,0.048286293229743434,-0.04346558022736711,43,200,0.0023666147825849846,0.0353515625,0.8708763297426088,0.7271711718514045,43,200,0.8027870062753785,0.79,0.3044929826529643,0.16099906184792603,0.0,43,200,0.22884353980261501,0.2296807861328125,57,-1.1884002887835747,-1.4789624267902413,43,200,-1.3331395193417759,-1.3227807295974343,0.35433908353067617,0.24501782603228028,43,200,0.30071470772409925,0.3289318607747555,0.8688380902043693,0.7231061864492097,43,200,0.800203026947213,0.785,0.47574727632772623,0.38502045662649803,0.391179159283638,43,200,0.42987646230538124,0.4262434334214777,43,200
固定左前沿逐词刷新诊断,L1,stale_fresh_distribution,3,overall,all,all,-0.057686287418465404,-0.07876120431321329,164,7462,-0.06795516137623328,-0.06437223562803514,0.07045491615674623,0.04991622092806252,164,7462,0.05976127534406908,0.05588602042012865,0.829768875780061,0.7853375051733023,164,7462,0.808259430833238,0.8205574912891986,0.22230460491607346,0.17769349921712208,0.0,164,7462,0.19966861472996944,0.18576052258526535,1026,-1.1767116696579782,-1.2973381285138619,164,7462,-1.2349516539361742,-1.144468583870021,0.38029363857984816,0.35441089261274766,164,7462,0.36743185904454023,0.35958284751445463,0.8290650528941012,0.7844727044575878,164,7462,0.8069572038977836,0.8189493433395872,0.40214428568477845,0.36646896104614685,0.30828289687633514,164,7462,0.38396293992325126,0.36506240015767843,164,7462
固定左前沿逐词刷新诊断,L1,stale_fresh_distribution,3,overall,all,early,-0.05700790196380467,-0.07810479850945995,164,7100,-0.0673216519059467,-0.0635240113966062,0.06999423007766499,0.049334311712651666,164,7100,0.05926638622397319,0.05546792473591549,0.830733544200207,0.7870104112835125,164,7100,0.8096125850277873,0.8263380281690141,0.22026445583726384,0.17625682359986608,0.0,164,7100,0.1981017395858978,0.1799610234650088,1026,-1.1791837553539273,-1.3007742003643636,164,7100,-1.2383389616028966,-1.1334787924634948,0.3811749425315644,0.3551346835996971,164,7100,0.36829802140404755,0.3599142308139675,0.8305910940822809,0.7863234763444977,164,7100,0.8085491000431073,0.8247887323943662,0.40244956643631313,0.36689995711598117,0.3050275295972824,164,7100,0.3843980142426105,0.36141575349671895,164,7100
固定左前沿逐词刷新诊断,L1,stale_fresh_distribution,3,overall,all,middle,-0.03967955489578948,-0.09668685616494505,30,296,-0.06692560105774052,-0.07652322454629717,0.0872785429631133,0.032295542736704846,30,296,0.05794684662848725,0.059972814611486486,0.8716924603174604,0.7246273448773448,30,296,0.8018867243867244,0.7195945945945946,0.27692897297729374,0.12961141700065726,0.0,30,296,0.20029366313866437,0.2839602908572635,33,-1.018539422182471,-1.4348494989962668,30,296,-1.2200346352515874,-1.3240003119021453,0.36978614832886963,0.26826796913627754,30,296,0.3188281640502615,0.34774289027208816,0.8686193181818181,0.722102362914863,30,296,0.799352453102453,0.7162162162162162,0.4118282540396766,0.2968839825769713,0.36294764280319214,30,296,0.3533977408725743,0.42367052277424244,30,296
固定左前沿逐词刷新诊断,L1,stale_fresh_distribution,3,overall,all,late,-0.025938689708709717,-0.1604275657673075,5,66,-0.09318312773800859,-0.10112525567863927,0.13037314248251747,0.017542613636363634,5,66,0.07395787805944057,0.08253432765151515,0.9149321266968325,0.45361305361305365,5,66,0.6842725901549431,0.6515151515151515,0.5809425763039044,0.0913253853223982,0.0,5,66,0.33613398081315127,0.3692349520596591,5,-1.234841136290477,-1.8270819409083932,5,66,-1.5009876315323483,-1.521531121579535,0.40933942632640113,0.32974204102915433,5,66,0.3695407336777777,0.37703445232049987,0.9149321266968325,0.45361305361305365,5,66,0.6842725901549431,0.6515151515151515,0.6318309684907084,0.318233350292089,0.4248272031545639,5,66,0.4750321593913987,0.49450462740479095,5,66
固定左前沿逐词刷新诊断,L1,stale_fresh_distribution,3,overall,pass,all,-0.03864204928910768,-0.06113709424431387,150,6445,-0.049828298422460615,-0.05413601341129182,0.05565195060907937,0.03131334592126165,150,6445,0.0438552313051003,0.04850492751163693,0.8608518780986846,0.8219714572187395,150,6445,0.8419300158457269,0.8485647788983708,0.1827087812334167,0.14595169940509903,0.0,150,6445,0.1640785632103304,0.15673464471004656,937,-1.093165610538393,-1.199527113136793,150,6445,-1.1458701679825758,-1.0780280194313918,0.36107152509692375,0.3321665025095563,150,6445,0.34667861042027787,0.35079500215392506,0.8607447086527096,0.8224111897610544,150,6445,0.8416359892511913,0.8471683475562451,0.36481252567978556,0.3337047854598451,0.2873058617115021,150,6445,0.349048105842737,0.33932838855265035,150,6445
固定左前沿逐词刷新诊断,L1,stale_fresh_distribution,3,overall,pass,early,-0.037943504611347156,-0.06047964159040744,150,6171,-0.049045011147186776,-0.05365103531011286,0.0552901341738054,0.030710980624935883,150,6171,0.04333578677504904,0.048304791312186034,0.8615576619036115,0.8230501636196843,150,6171,0.8428979557214933,0.8535083454869551,0.18114864823856308,0.1451650712024222,0.0,150,6171,0.16288741717338925,0.15170455732331672,937,-1.0949843203592002,-1.203330820871338,150,6171,-1.1485860411847804,-1.0691276421638247,0.3619225774591712,0.33277916486933407,150,6171,0.34739078184223066,0.3508632790289422,0.8618132213792531,0.8238205727543761,150,6171,0.8428628961072019,0.8522119591638309,0.36540623539796774,0.3343283518228955,0.28602567315101624,150,6171,0.34967589615543393,0.33598672617850134,150,6171
固定左前沿逐词刷新诊断,L1,stale_fresh_distribution,3,overall,pass,middle,-0.03352441326575878,-0.08714211211481261,25,243,-0.058475535979905686,-0.059540945193404526,0.08047769759537339,0.026758952668425325,25,243,0.05138889452561328,0.04943897890946502,0.8800186147186148,0.734758116883117,25,243,0.8117878787878788,0.7448559670781894,0.26812194858127175,0.12062838093150746,0.0,25,243,0.19034449026044484,0.2596340100951646,28,-0.972192947746332,-1.3573568578491644,25,243,-1.163950727420327,-1.2441485678248199,0.37224434159714487,0.2655760183566458,25,243,0.3189234774492971,0.3460196493032538,0.878476461038961,0.7312900432900433,25,243,0.8087467532467534,0.7407407407407407,0.40206240799562926,0.2864464744434641,0.34481966495513916,25,243,0.34242973690171036,0.40445720999973056,25,243
固定左前沿逐词刷新诊断,L1,stale_fresh_distribution,3,overall,pass,late,0.0,-0.15196391127326273,3,31,-0.09388578660560376,-0.10831025338942005,0.11899038461538462,0.0,3,31,0.06890115093240093,0.08102318548387097,1.0,0.45454545454545453,3,31,0.7156177156177156,0.6774193548387096,0.5898326526988636,0.0,0.0,3,31,0.30960417349577507,0.35144830519153225,3,-1.0765966139733791,-2.092294533144344,3,31,-1.5030762105398663,-1.5476065632556715,0.4257410913705826,0.2995340270655496,3,31,0.36243554967499914,0.3746361036694819,1.0,0.45454545454545453,3,31,0.7156177156177156,0.6774193548387096,0.6999100582166151,0.23552860532488143,0.46771109104156494,3,31,0.4648017100704498,0.4940088691730653,3,31
固定左前沿逐词刷新诊断,L1,stale_fresh_distribution,3,overall,fail,all,-0.09144547145672374,-0.1381621577413674,56,1017,-0.11447846227434044,-0.1292419034617723,0.11189285654583045,0.07076682312526372,56,1017,0.09186645916685421,0.1026619730211406,0.699441730637057,0.6023841855547811,56,1017,0.6516924797490796,0.6430678466076696,0.41242071833815824,0.3159556377151223,0.0,56,1017,0.3632447780709042,0.3697052452064897,89,-1.4428091177900957,-1.6853892418909748,56,1017,-1.5627600079322685,-1.5655201451354748,0.4552296289828003,0.4011625668576573,56,1017,0.4282931873212818,0.41527376526137016,0.6949980799978471,0.5976924145336726,56,1017,0.647128303503869,0.640117994100295,0.5667582856913872,0.501456619724763,0.518727719783783,56,1017,0.5346475652306458,0.5281456890410672,56,1017
固定左前沿逐词刷新诊断,L1,stale_fresh_distribution,3,overall,fail,early,-0.09222401199817885,-0.1402927401311382,56,929,-0.11574912697187936,-0.12910650378600388,0.11247493680564857,0.07097183853478763,56,929,0.09223854091107538,0.10304994449677073,0.6989960111913022,0.6002921382200853,56,929,0.6505046027508926,0.6458557588805167,0.41384397521019634,0.3164931467593161,0.0,56,929,0.3640749844820424,0.3676581736914693,89,-1.443198967643799,-1.6877010289446548,56,929,-1.5634799353547428,-1.5609394474680844,0.4549548669496872,0.4010759818762467,56,929,0.42803354334049404,0.4200363228111593,0.694500917728968,0.5958145518723846,56,929,0.645940426505682,0.6426264800861141,0.5672032278606667,0.5019336135846424,0.5236159563064575,56,929,0.535103654930144,0.5303312837235445,56,929
固定左前沿逐词刷新诊断,L1,stale_fresh_distribution,3,overall,fail,middle,-0.015016431467873709,-0.20333542142595565,5,53,-0.10917592644691468,-0.15438537327748425,0.18296130952380954,0.008816964285714286,5,53,0.09073660714285714,0.10826945754716981,0.9619047619047618,0.5047619047619047,5,53,0.7523809523809524,0.6037735849056604,0.5053036644345237,0.03455636160714286,0.0,5,53,0.2500395275297619,0.39549399321933965,5,-0.7718409580843789,-2.3004023026852383,5,53,-1.500454174407891,-1.6901130253132783,0.47146504230442493,0.18194656379166105,5,53,0.3183515970550832,0.355643787544291,0.9619047619047618,0.5047619047619047,5,53,0.7523809523809524,0.6037735849056604,0.5854344071376891,0.23539951145648957,0.4876108765602112,5,53,0.40823776072689466,0.5117617492687028,5,53
固定左前沿逐词刷新诊断,L1,stale_fresh_distribution,3,overall,fail,late,0.0,-0.18425827887323168,2,35,-0.09212913943661584,-0.09476140056337629,0.1630859375,0.0,2,35,0.08154296875,0.08387276785714286,0.9411764705882353,0.3333333333333333,2,35,0.6372549019607843,0.6285714285714286,0.6930338541666666,0.058823529411764705,0.0,2,35,0.3759286917892157,0.3849888392857143,2,-1.4775209054350853,-1.5181886206070583,2,35,-1.497854763021072,-1.4984357303806715,0.41659170915098753,0.34380531021290356,2,35,0.3801985096819456,0.37915870398283,0.9411764705882353,0.3333333333333333,2,35,0.6372549019607843,0.6285714285714286,0.6501841296752294,0.3305715370704146,0.418054461479187,2,35,0.49037783337282204,0.4949437275528908,2,35
