task_id,stop_reason,baseline_top1_last,stop_reason_top1_median,baseline_top1_stop_residual,true_long,short_risk,missed_failed_long_precision_len32
SingleLineInfilling/HumanEval/0/L0,global_gap_early_commit,1.0,0.98828125,0.01171875,False,False,False
SingleLineInfilling/HumanEval/0/L1,global_gap_early_commit,1.0,0.98828125,0.01171875,False,False,False
SingleLineInfilling/HumanEval/0/L2,global_gap_early_commit,0.8828125,0.98828125,-0.10546875,False,True,False
SingleLineInfilling/HumanEval/0/L3,global_gap_early_commit,0.93359375,0.98828125,-0.0546875,False,False,False
SingleLineInfilling/HumanEval/0/L4,global_gap_early_commit,0.9140625,0.98828125,-0.07421875,False,True,False
SingleLineInfilling/HumanEval/0/L5,global_gap_early_commit,1.0,0.98828125,0.01171875,False,True,False
SingleLineInfilling/HumanEval/0/L7,global_gap_early_commit,0.99609375,0.98828125,0.0078125,False,True,False
SingleLineInfilling/HumanEval/1/L0,global_gap_early_commit,1.0,0.98828125,0.01171875,False,True,False
SingleLineInfilling/HumanEval/1/L1,global_gap_early_commit,1.0,0.98828125,0.01171875,False,True,False
SingleLineInfilling/HumanEval/1/L10,global_gap_early_commit,1.0,0.98828125,0.01171875,False,True,False
SingleLineInfilling/HumanEval/1/L12,global_gap_early_commit,0.99609375,0.98828125,0.0078125,False,False,False
SingleLineInfilling/HumanEval/1/L13,global_gap_early_commit,1.0,0.98828125,0.01171875,False,False,False
SingleLineInfilling/HumanEval/1/L14,global_gap_early_commit,0.92578125,0.98828125,-0.0625,False,True,False
SingleLineInfilling/HumanEval/1/L16,global_gap_early_commit,0.30078125,0.98828125,-0.6875,False,True,False
SingleLineInfilling/HumanEval/1/L2,global_gap_early_commit,0.9921875,0.98828125,0.00390625,False,True,False
SingleLineInfilling/HumanEval/1/L4,global_gap_early_commit,1.0,0.98828125,0.01171875,False,True,False
SingleLineInfilling/HumanEval/1/L5,global_gap_early_commit,0.99609375,0.98828125,0.0078125,False,True,False
SingleLineInfilling/HumanEval/1/L6,global_gap_early_commit,1.0,0.98828125,0.01171875,False,True,False
SingleLineInfilling/HumanEval/1/L7,global_gap_early_commit,1.0,0.98828125,0.01171875,False,True,False
SingleLineInfilling/HumanEval/1/L8,global_gap_early_commit,0.9765625,0.98828125,-0.01171875,False,True,False
SingleLineInfilling/HumanEval/1/L9,global_gap_early_commit,1.0,0.98828125,0.01171875,False,True,False
SingleLineInfilling/HumanEval/10/L0,global_gap_early_commit,1.0,0.98828125,0.01171875,False,True,False
SingleLineInfilling/HumanEval/10/L1,global_gap_early_commit,0.8125,0.98828125,-0.17578125,False,True,False
SingleLineInfilling/HumanEval/10/L3,global_gap_early_commit,0.98046875,0.98828125,-0.0078125,False,True,False
SingleLineInfilling/HumanEval/10/L5,global_gap_early_commit,0.99609375,0.98828125,0.0078125,True,False,True
SingleLineInfilling/HumanEval/10/L6,global_gap_early_commit,1.0,0.98828125,0.01171875,False,True,False
SingleLineInfilling/HumanEval/10/L8,no_remaining_masks,0.4296875,0.234375,0.1953125,False,False,False
SingleLineInfilling/HumanEval/100/L0,no_remaining_masks,0.1494140625,0.234375,-0.0849609375,False,False,False
SingleLineInfilling/HumanEval/101/L0,global_gap_early_commit,0.97265625,0.98828125,-0.015625,False,True,False
SingleLineInfilling/HumanEval/101/L1,global_gap_early_commit,0.88671875,0.98828125,-0.1015625,False,True,False
SingleLineInfilling/HumanEval/101/L11,global_gap_early_commit,0.9375,0.98828125,-0.05078125,False,False,False
SingleLineInfilling/HumanEval/101/L12,global_gap_early_commit,0.921875,0.98828125,-0.06640625,False,True,False
SingleLineInfilling/HumanEval/101/L3,global_gap_early_commit,1.0,0.98828125,0.01171875,False,True,False
SingleLineInfilling/HumanEval/101/L5,global_gap_early_commit,1.0,0.98828125,0.01171875,False,True,False
SingleLineInfilling/HumanEval/101/L6,global_gap_early_commit,0.83984375,0.98828125,-0.1484375,False,True,False
SingleLineInfilling/HumanEval/101/L7,global_gap_early_commit,0.97265625,0.98828125,-0.015625,False,True,False
SingleLineInfilling/HumanEval/101/L8,global_gap_early_commit,0.90234375,0.98828125,-0.0859375,False,True,False
SingleLineInfilling/HumanEval/101/L9,global_gap_early_commit,0.99609375,0.98828125,0.0078125,False,True,False
SingleLineInfilling/HumanEval/102/L0,global_gap_early_commit,0.8359375,0.98828125,-0.15234375,False,True,False
SingleLineInfilling/HumanEval/102/L1,global_gap_early_commit,0.98046875,0.98828125,-0.0078125,False,True,False
SingleLineInfilling/HumanEval/102/L2,global_gap_early_commit,0.97265625,0.98828125,-0.015625,False,False,False
SingleLineInfilling/HumanEval/102/L3,global_gap_early_commit,0.87109375,0.98828125,-0.1171875,False,True,False
SingleLineInfilling/HumanEval/102/L4,global_gap_early_commit,1.0,0.98828125,0.01171875,False,True,False
SingleLineInfilling/HumanEval/102/L5,global_gap_early_commit,0.91796875,0.98828125,-0.0703125,False,True,False
SingleLineInfilling/HumanEval/102/L6,global_gap_early_commit,0.296875,0.98828125,-0.69140625,False,True,False
SingleLineInfilling/HumanEval/103/L0,global_gap_early_commit,0.9609375,0.98828125,-0.02734375,False,True,False
SingleLineInfilling/HumanEval/103/L1,global_gap_early_commit,1.0,0.98828125,0.01171875,False,True,False
SingleLineInfilling/HumanEval/103/L2,global_gap_early_commit,1.0,0.98828125,0.01171875,False,True,False
SingleLineInfilling/HumanEval/103/L3,global_gap_early_commit,0.98828125,0.98828125,0.0,False,False,False
SingleLineInfilling/HumanEval/103/L4,global_gap_early_commit,0.9921875,0.98828125,0.00390625,False,True,False
SingleLineInfilling/HumanEval/103/L5,no_remaining_masks,0.453125,0.234375,0.21875,False,False,False
SingleLineInfilling/HumanEval/104/L0,global_gap_early_commit,1.0,0.98828125,0.01171875,False,True,False
SingleLineInfilling/HumanEval/104/L1,global_gap_early_commit,1.0,0.98828125,0.01171875,False,True,False
SingleLineInfilling/HumanEval/104/L2,global_gap_early_commit,0.7578125,0.98828125,-0.23046875,True,False,True
SingleLineInfilling/HumanEval/104/L3,global_gap_early_commit,1.0,0.98828125,0.01171875,False,False,False
SingleLineInfilling/HumanEval/104/L4,global_gap_early_commit,0.52734375,0.98828125,-0.4609375,False,False,False
SingleLineInfilling/HumanEval/105/L0,global_gap_early_commit,1.0,0.98828125,0.01171875,False,True,False
SingleLineInfilling/HumanEval/105/L1,global_gap_early_commit,0.98046875,0.98828125,-0.0078125,False,True,False
SingleLineInfilling/HumanEval/105/L10,global_gap_early_commit,0.96484375,0.98828125,-0.0234375,False,True,False
SingleLineInfilling/HumanEval/105/L11,global_gap_early_commit,0.95703125,0.98828125,-0.03125,False,False,False
SingleLineInfilling/HumanEval/105/L12,global_gap_early_commit,1.0,0.98828125,0.01171875,False,True,False
SingleLineInfilling/HumanEval/105/L13,global_gap_early_commit,1.0,0.98828125,0.01171875,False,True,False
SingleLineInfilling/HumanEval/105/L14,global_gap_early_commit,1.0,0.98828125,0.01171875,False,True,False
SingleLineInfilling/HumanEval/105/L15,global_gap_early_commit,0.94140625,0.98828125,-0.046875,False,False,False
SingleLineInfilling/HumanEval/105/L16,global_gap_early_commit,1.0,0.98828125,0.01171875,False,True,False
SingleLineInfilling/HumanEval/105/L17,global_gap_early_commit,0.91796875,0.98828125,-0.0703125,False,True,False
SingleLineInfilling/HumanEval/105/L18,global_gap_early_commit,0.984375,0.98828125,-0.00390625,False,True,False
SingleLineInfilling/HumanEval/105/L2,global_gap_early_commit,1.0,0.98828125,0.01171875,False,True,False
SingleLineInfilling/HumanEval/105/L3,global_gap_early_commit,1.0,0.98828125,0.01171875,False,True,False
SingleLineInfilling/HumanEval/105/L4,global_gap_early_commit,1.0,0.98828125,0.01171875,False,True,False
SingleLineInfilling/HumanEval/105/L5,global_gap_early_commit,1.0,0.98828125,0.01171875,False,True,False
SingleLineInfilling/HumanEval/105/L6,global_gap_early_commit,1.0,0.98828125,0.01171875,False,True,False
SingleLineInfilling/HumanEval/105/L7,global_gap_early_commit,1.0,0.98828125,0.01171875,False,True,False
SingleLineInfilling/HumanEval/105/L8,global_gap_early_commit,1.0,0.98828125,0.01171875,False,True,False
SingleLineInfilling/HumanEval/105/L9,global_gap_early_commit,0.94140625,0.98828125,-0.046875,False,True,False
SingleLineInfilling/HumanEval/106/L0,global_gap_early_commit,0.94921875,0.98828125,-0.0390625,False,True,False
SingleLineInfilling/HumanEval/106/L1,global_gap_early_commit,0.9921875,0.98828125,0.00390625,False,False,False
SingleLineInfilling/HumanEval/106/L10,global_gap_early_commit,0.96875,0.98828125,-0.01953125,False,True,False
SingleLineInfilling/HumanEval/106/L2,global_gap_early_commit,0.9609375,0.98828125,-0.02734375,False,False,False
SingleLineInfilling/HumanEval/106/L3,global_gap_early_commit,1.0,0.98828125,0.01171875,False,True,False
SingleLineInfilling/HumanEval/106/L4,global_gap_early_commit,0.96484375,0.98828125,-0.0234375,False,False,False
SingleLineInfilling/HumanEval/106/L5,global_gap_early_commit,1.0,0.98828125,0.01171875,False,True,False
SingleLineInfilling/HumanEval/106/L6,global_gap_early_commit,0.99609375,0.98828125,0.0078125,False,True,False
SingleLineInfilling/HumanEval/106/L7,global_gap_early_commit,0.98828125,0.98828125,0.0,False,True,False
SingleLineInfilling/HumanEval/106/L8,global_gap_early_commit,0.984375,0.98828125,-0.00390625,False,False,False
SingleLineInfilling/HumanEval/106/L9,global_gap_early_commit,1.0,0.98828125,0.01171875,False,True,False
SingleLineInfilling/HumanEval/107/L0,global_gap_early_commit,1.0,0.98828125,0.01171875,False,False,False
SingleLineInfilling/HumanEval/107/L1,global_gap_early_commit,0.99609375,0.98828125,0.0078125,False,False,False
SingleLineInfilling/HumanEval/107/L10,global_gap_early_commit,0.96875,0.98828125,-0.01953125,False,False,False
SingleLineInfilling/HumanEval/107/L11,global_gap_early_commit,0.92578125,0.98828125,-0.0625,True,False,False
SingleLineInfilling/HumanEval/107/L3,global_gap_early_commit,1.0,0.98828125,0.01171875,False,False,False
SingleLineInfilling/HumanEval/107/L4,global_gap_early_commit,1.0,0.98828125,0.01171875,False,False,False
SingleLineInfilling/HumanEval/107/L6,global_gap_early_commit,1.0,0.98828125,0.01171875,False,False,False
SingleLineInfilling/HumanEval/107/L7,global_gap_early_commit,0.9921875,0.98828125,0.00390625,True,False,True
SingleLineInfilling/HumanEval/107/L8,global_gap_early_commit,1.0,0.98828125,0.01171875,False,False,False
SingleLineInfilling/HumanEval/107/L9,global_gap_early_commit,1.0,0.98828125,0.01171875,True,False,True
SingleLineInfilling/HumanEval/108/L0,global_gap_early_commit,1.0,0.98828125,0.01171875,False,True,False
SingleLineInfilling/HumanEval/108/L1,global_gap_early_commit,0.99609375,0.98828125,0.0078125,False,True,False
SingleLineInfilling/HumanEval/108/L2,global_gap_early_commit,0.9921875,0.98828125,0.00390625,True,False,True
SingleLineInfilling/HumanEval/108/L3,global_gap_early_commit,0.90625,0.98828125,-0.08203125,False,False,False
SingleLineInfilling/HumanEval/108/L4,global_gap_early_commit,0.77734375,0.98828125,-0.2109375,False,False,False
SingleLineInfilling/HumanEval/108/L5,global_gap_early_commit,1.0,0.98828125,0.01171875,False,True,False
SingleLineInfilling/HumanEval/108/L6,no_remaining_masks,0.267578125,0.234375,0.033203125,True,False,False
SingleLineInfilling/HumanEval/109/L0,global_gap_early_commit,0.97265625,0.98828125,-0.015625,False,True,False
SingleLineInfilling/HumanEval/109/L1,global_gap_early_commit,0.78125,0.98828125,-0.20703125,False,True,False
SingleLineInfilling/HumanEval/109/L10,global_gap_early_commit,0.9609375,0.98828125,-0.02734375,False,True,False
SingleLineInfilling/HumanEval/109/L11,global_gap_early_commit,0.9296875,0.98828125,-0.05859375,False,True,False
SingleLineInfilling/HumanEval/109/L2,global_gap_early_commit,0.98828125,0.98828125,0.0,False,True,False
SingleLineInfilling/HumanEval/109/L3,global_gap_early_commit,0.6015625,0.98828125,-0.38671875,False,True,False
SingleLineInfilling/HumanEval/109/L5,global_gap_early_commit,0.9921875,0.98828125,0.00390625,False,True,False
SingleLineInfilling/HumanEval/109/L6,global_gap_early_commit,0.9921875,0.98828125,0.00390625,False,False,False
SingleLineInfilling/HumanEval/109/L7,global_gap_early_commit,0.859375,0.98828125,-0.12890625,True,False,True
SingleLineInfilling/HumanEval/109/L8,global_gap_early_commit,0.97265625,0.98828125,-0.015625,False,False,False
SingleLineInfilling/HumanEval/109/L9,global_gap_early_commit,0.703125,0.98828125,-0.28515625,False,False,False
SingleLineInfilling/HumanEval/11/L0,global_gap_early_commit,1.0,0.98828125,0.01171875,False,True,False
SingleLineInfilling/HumanEval/11/L1,global_gap_early_commit,0.9921875,0.98828125,0.00390625,False,True,False
SingleLineInfilling/HumanEval/11/L2,global_gap_early_commit,1.0,0.98828125,0.01171875,False,True,False
SingleLineInfilling/HumanEval/11/L3,global_gap_early_commit,0.90234375,0.98828125,-0.0859375,False,True,False
SingleLineInfilling/HumanEval/11/L4,global_gap_early_commit,0.99609375,0.98828125,0.0078125,False,True,False
SingleLineInfilling/HumanEval/11/L6,no_remaining_masks,0.37890625,0.234375,0.14453125,True,False,False
SingleLineInfilling/HumanEval/110/L0,global_gap_early_commit,1.0,0.98828125,0.01171875,False,True,False
SingleLineInfilling/HumanEval/110/L1,global_gap_early_commit,1.0,0.98828125,0.01171875,False,True,False
SingleLineInfilling/HumanEval/110/L10,global_gap_early_commit,0.9921875,0.98828125,0.00390625,False,True,False
SingleLineInfilling/HumanEval/110/L2,no_remaining_masks,0.1474609375,0.234375,-0.0869140625,False,True,False
SingleLineInfilling/HumanEval/110/L3,global_gap_early_commit,0.99609375,0.98828125,0.0078125,False,False,False
SingleLineInfilling/HumanEval/110/L4,global_gap_early_commit,0.99609375,0.98828125,0.0078125,False,True,False
SingleLineInfilling/HumanEval/110/L5,global_gap_early_commit,0.9921875,0.98828125,0.00390625,False,True,False
SingleLineInfilling/HumanEval/110/L6,global_gap_early_commit,0.9921875,0.98828125,0.00390625,False,False,False
SingleLineInfilling/HumanEval/110/L7,global_gap_early_commit,1.0,0.98828125,0.01171875,False,True,False
SingleLineInfilling/HumanEval/110/L8,global_gap_early_commit,0.828125,0.98828125,-0.16015625,False,True,False
SingleLineInfilling/HumanEval/110/L9,global_gap_early_commit,0.98828125,0.98828125,0.0,False,True,False
SingleLineInfilling/HumanEval/111/L0,global_gap_early_commit,0.89453125,0.98828125,-0.09375,False,True,False
SingleLineInfilling/HumanEval/111/L1,global_gap_early_commit,0.7734375,0.98828125,-0.21484375,False,True,False
SingleLineInfilling/HumanEval/111/L11,global_gap_early_commit,0.98046875,0.98828125,-0.0078125,False,True,False
SingleLineInfilling/HumanEval/111/L12,global_gap_early_commit,0.7421875,0.98828125,-0.24609375,False,True,False
SingleLineInfilling/HumanEval/111/L2,global_gap_early_commit,0.9375,0.98828125,-0.05078125,False,True,False
SingleLineInfilling/HumanEval/111/L4,global_gap_early_commit,1.0,0.98828125,0.01171875,False,True,False
SingleLineInfilling/HumanEval/111/L5,global_gap_early_commit,0.8359375,0.98828125,-0.15234375,False,False,False
SingleLineInfilling/HumanEval/111/L6,global_gap_early_commit,0.9921875,0.98828125,0.00390625,False,True,False
SingleLineInfilling/HumanEval/111/L7,no_remaining_masks,0.5234375,0.234375,0.2890625,False,True,False
SingleLineInfilling/HumanEval/111/L8,global_gap_early_commit,0.99609375,0.98828125,0.0078125,False,True,False
SingleLineInfilling/HumanEval/111/L9,global_gap_early_commit,0.9765625,0.98828125,-0.01171875,False,False,False
SingleLineInfilling/HumanEval/112/L0,global_gap_early_commit,0.46484375,0.98828125,-0.5234375,True,False,True
SingleLineInfilling/HumanEval/112/L1,no_remaining_masks,0.65625,0.234375,0.421875,False,False,False
SingleLineInfilling/HumanEval/113/L0,global_gap_early_commit,0.984375,0.98828125,-0.00390625,False,True,False
SingleLineInfilling/HumanEval/113/L1,global_gap_early_commit,0.86328125,0.98828125,-0.125,False,True,False
SingleLineInfilling/HumanEval/113/L2,global_gap_early_commit,0.87109375,0.98828125,-0.1171875,False,False,False
SingleLineInfilling/HumanEval/113/L3,global_gap_early_commit,0.8984375,0.98828125,-0.08984375,True,False,True
SingleLineInfilling/HumanEval/113/L4,global_gap_early_commit,0.96875,0.98828125,-0.01953125,False,True,False
SingleLineInfilling/HumanEval/114/L0,global_gap_early_commit,1.0,0.98828125,0.01171875,False,True,False
SingleLineInfilling/HumanEval/114/L1,global_gap_early_commit,0.9453125,0.98828125,-0.04296875,False,True,False
SingleLineInfilling/HumanEval/114/L10,no_remaining_masks,0.482421875,0.234375,0.248046875,False,True,False
SingleLineInfilling/HumanEval/114/L2,global_gap_early_commit,1.0,0.98828125,0.01171875,False,True,False
SingleLineInfilling/HumanEval/114/L3,global_gap_early_commit,0.875,0.98828125,-0.11328125,False,True,False
SingleLineInfilling/HumanEval/114/L4,global_gap_early_commit,0.984375,0.98828125,-0.00390625,False,False,False
SingleLineInfilling/HumanEval/114/L5,global_gap_early_commit,0.98828125,0.98828125,0.0,False,True,False
SingleLineInfilling/HumanEval/114/L6,global_gap_early_commit,0.78515625,0.98828125,-0.203125,False,False,False
SingleLineInfilling/HumanEval/114/L7,global_gap_early_commit,0.9921875,0.98828125,0.00390625,False,False,False
SingleLineInfilling/HumanEval/114/L8,global_gap_early_commit,0.9453125,0.98828125,-0.04296875,False,False,False
SingleLineInfilling/HumanEval/114/L9,global_gap_early_commit,0.9921875,0.98828125,0.00390625,False,True,False
SingleLineInfilling/HumanEval/115/L0,no_remaining_masks,0.07666015625,0.234375,-0.15771484375,True,False,False
SingleLineInfilling/HumanEval/116/L0,no_remaining_masks,0.1689453125,0.234375,-0.0654296875,True,False,False
SingleLineInfilling/HumanEval/117/L0,global_gap_early_commit,1.0,0.98828125,0.01171875,False,True,False
SingleLineInfilling/HumanEval/117/L1,global_gap_early_commit,0.99609375,0.98828125,0.0078125,False,True,False
SingleLineInfilling/HumanEval/117/L2,global_gap_early_commit,1.0,0.98828125,0.01171875,False,False,False
SingleLineInfilling/HumanEval/117/L3,global_gap_early_commit,1.0,0.98828125,0.01171875,False,False,False
SingleLineInfilling/HumanEval/117/L4,global_gap_early_commit,0.671875,0.98828125,-0.31640625,True,False,True
SingleLineInfilling/HumanEval/117/L5,global_gap_early_commit,0.99609375,0.98828125,0.0078125,False,False,False
SingleLineInfilling/HumanEval/117/L6,global_gap_early_commit,1.0,0.98828125,0.01171875,False,False,False
SingleLineInfilling/HumanEval/117/L7,global_gap_early_commit,0.99609375,0.98828125,0.0078125,False,True,False
SingleLineInfilling/HumanEval/117/L8,global_gap_early_commit,1.0,0.98828125,0.01171875,False,True,False
SingleLineInfilling/HumanEval/118/L0,global_gap_early_commit,0.984375,0.98828125,-0.00390625,False,False,False
SingleLineInfilling/HumanEval/118/L1,global_gap_early_commit,0.96875,0.98828125,-0.01953125,False,True,False
SingleLineInfilling/HumanEval/118/L3,global_gap_early_commit,0.8984375,0.98828125,-0.08984375,True,False,False
SingleLineInfilling/HumanEval/118/L4,global_gap_early_commit,0.99609375,0.98828125,0.0078125,True,False,True
SingleLineInfilling/HumanEval/118/L5,global_gap_early_commit,1.0,0.98828125,0.01171875,False,False,False
SingleLineInfilling/HumanEval/118/L6,global_gap_early_commit,0.94140625,0.98828125,-0.046875,True,False,True
SingleLineInfilling/HumanEval/118/L7,global_gap_early_commit,1.0,0.98828125,0.01171875,False,True,False
SingleLineInfilling/HumanEval/118/L8,global_gap_early_commit,0.8828125,0.98828125,-0.10546875,False,True,False
SingleLineInfilling/HumanEval/119/L0,global_gap_early_commit,1.0,0.98828125,0.01171875,False,True,False
SingleLineInfilling/HumanEval/119/L1,global_gap_early_commit,1.0,0.98828125,0.01171875,False,True,False
SingleLineInfilling/HumanEval/119/L11,global_gap_early_commit,1.0,0.98828125,0.01171875,False,False,False
SingleLineInfilling/HumanEval/119/L12,global_gap_early_commit,0.99609375,0.98828125,0.0078125,False,False,False
SingleLineInfilling/HumanEval/119/L13,global_gap_early_commit,0.828125,0.98828125,-0.16015625,True,False,True
SingleLineInfilling/HumanEval/119/L2,global_gap_early_commit,1.0,0.98828125,0.01171875,False,True,False
SingleLineInfilling/HumanEval/119/L3,global_gap_early_commit,0.94140625,0.98828125,-0.046875,False,True,False
SingleLineInfilling/HumanEval/119/L4,global_gap_early_commit,1.0,0.98828125,0.01171875,False,True,False
SingleLineInfilling/HumanEval/119/L5,global_gap_early_commit,0.92578125,0.98828125,-0.0625,False,True,False
SingleLineInfilling/HumanEval/119/L6,global_gap_early_commit,1.0,0.98828125,0.01171875,False,True,False
SingleLineInfilling/HumanEval/119/L7,global_gap_early_commit,0.98828125,0.98828125,0.0,False,True,False
SingleLineInfilling/HumanEval/119/L8,global_gap_early_commit,1.0,0.98828125,0.01171875,False,True,False
SingleLineInfilling/HumanEval/119/L9,global_gap_early_commit,1.0,0.98828125,0.01171875,False,False,False
SingleLineInfilling/HumanEval/12/L0,global_gap_early_commit,0.984375,0.98828125,-0.00390625,False,True,False
SingleLineInfilling/HumanEval/12/L1,global_gap_early_commit,1.0,0.98828125,0.01171875,False,True,False
SingleLineInfilling/HumanEval/12/L3,global_gap_early_commit,0.91796875,0.98828125,-0.0703125,False,False,False
SingleLineInfilling/HumanEval/12/L4,global_gap_early_commit,0.9375,0.98828125,-0.05078125,False,True,False
SingleLineInfilling/HumanEval/12/L5,global_gap_early_commit,0.99609375,0.98828125,0.0078125,False,False,False
SingleLineInfilling/HumanEval/12/L6,global_gap_early_commit,0.9609375,0.98828125,-0.02734375,False,True,False
SingleLineInfilling/HumanEval/120/L0,global_gap_early_commit,0.99609375,0.98828125,0.0078125,False,True,False
SingleLineInfilling/HumanEval/120/L1,global_gap_early_commit,0.9296875,0.98828125,-0.05859375,False,True,False
SingleLineInfilling/HumanEval/120/L2,global_gap_early_commit,1.0,0.98828125,0.01171875,False,True,False
SingleLineInfilling/HumanEval/120/L3,global_gap_early_commit,0.80859375,0.98828125,-0.1796875,False,True,False
SingleLineInfilling/HumanEval/120/L4,global_gap_early_commit,0.70703125,0.98828125,-0.28125,False,True,False
SingleLineInfilling/HumanEval/121/L0,no_remaining_masks,0.1640625,0.234375,-0.0703125,True,False,False
SingleLineInfilling/HumanEval/122/L0,no_remaining_masks,0.11181640625,0.234375,-0.12255859375,True,False,False
SingleLineInfilling/HumanEval/123/L0,global_gap_early_commit,0.94921875,0.98828125,-0.0390625,False,False,False
SingleLineInfilling/HumanEval/123/L1,global_gap_early_commit,0.9921875,0.98828125,0.00390625,False,True,False
SingleLineInfilling/HumanEval/123/L10,global_gap_early_commit,0.79296875,0.98828125,-0.1953125,False,False,False
SingleLineInfilling/HumanEval/123/L11,global_gap_early_commit,1.0,0.98828125,0.01171875,False,False,False
SingleLineInfilling/HumanEval/123/L13,global_gap_early_commit,0.58203125,0.98828125,-0.40625,False,False,False
SingleLineInfilling/HumanEval/123/L2,global_gap_early_commit,1.0,0.98828125,0.01171875,False,True,False
SingleLineInfilling/HumanEval/123/L3,global_gap_early_commit,0.89453125,0.98828125,-0.09375,False,False,False
SingleLineInfilling/HumanEval/123/L4,global_gap_early_commit,0.94140625,0.98828125,-0.046875,False,True,False
SingleLineInfilling/HumanEval/123/L5,global_gap_early_commit,0.984375,0.98828125,-0.00390625,False,False,False
SingleLineInfilling/HumanEval/123/L6,global_gap_early_commit,0.9609375,0.98828125,-0.02734375,False,True,False
SingleLineInfilling/HumanEval/123/L7,global_gap_early_commit,1.0,0.98828125,0.01171875,False,True,False
SingleLineInfilling/HumanEval/123/L8,global_gap_early_commit,0.9140625,0.98828125,-0.07421875,False,False,False
SingleLineInfilling/HumanEval/124/L0,global_gap_early_commit,1.0,0.98828125,0.01171875,False,True,False
SingleLineInfilling/HumanEval/124/L1,global_gap_early_commit,0.984375,0.98828125,-0.00390625,False,True,False
SingleLineInfilling/HumanEval/124/L10,global_gap_early_commit,0.7265625,0.98828125,-0.26171875,True,False,False
SingleLineInfilling/HumanEval/124/L11,global_gap_early_commit,0.953125,0.98828125,-0.03515625,False,True,False
SingleLineInfilling/HumanEval/124/L12,global_gap_early_commit,0.99609375,0.98828125,0.0078125,False,True,False
SingleLineInfilling/HumanEval/124/L13,global_gap_early_commit,1.0,0.98828125,0.01171875,False,True,False
SingleLineInfilling/HumanEval/124/L15,global_gap_early_commit,0.84765625,0.98828125,-0.140625,False,True,False
SingleLineInfilling/HumanEval/124/L2,global_gap_early_commit,0.94140625,0.98828125,-0.046875,False,False,False
SingleLineInfilling/HumanEval/124/L3,global_gap_early_commit,0.859375,0.98828125,-0.12890625,True,False,True
SingleLineInfilling/HumanEval/124/L4,global_gap_early_commit,0.99609375,0.98828125,0.0078125,False,False,False
SingleLineInfilling/HumanEval/124/L5,global_gap_early_commit,0.91015625,0.98828125,-0.078125,False,True,False
SingleLineInfilling/HumanEval/124/L6,global_gap_early_commit,0.99609375,0.98828125,0.0078125,True,False,False
SingleLineInfilling/HumanEval/124/L7,global_gap_early_commit,0.828125,0.98828125,-0.16015625,False,True,False
SingleLineInfilling/HumanEval/124/L8,global_gap_early_commit,0.96875,0.98828125,-0.01953125,True,False,False
SingleLineInfilling/HumanEval/124/L9,global_gap_early_commit,0.58203125,0.98828125,-0.40625,False,True,False
SingleLineInfilling/HumanEval/125/L0,global_gap_early_commit,0.92578125,0.98828125,-0.0625,False,True,False
SingleLineInfilling/HumanEval/125/L1,global_gap_early_commit,1.0,0.98828125,0.01171875,False,True,False
SingleLineInfilling/HumanEval/125/L2,global_gap_early_commit,0.9453125,0.98828125,-0.04296875,False,True,False
SingleLineInfilling/HumanEval/125/L3,global_gap_early_commit,1.0,0.98828125,0.01171875,False,False,False
SingleLineInfilling/HumanEval/125/L4,global_gap_early_commit,0.99609375,0.98828125,0.0078125,False,True,False
SingleLineInfilling/HumanEval/125/L5,no_remaining_masks,0.4375,0.234375,0.203125,True,False,False
SingleLineInfilling/HumanEval/126/L0,global_gap_early_commit,0.90234375,0.98828125,-0.0859375,True,False,True
SingleLineInfilling/HumanEval/126/L1,global_gap_early_commit,1.0,0.98828125,0.01171875,False,True,False
SingleLineInfilling/HumanEval/126/L2,global_gap_early_commit,1.0,0.98828125,0.01171875,False,False,False
SingleLineInfilling/HumanEval/126/L3,global_gap_early_commit,0.9765625,0.98828125,-0.01171875,True,False,True
SingleLineInfilling/HumanEval/126/L4,global_gap_early_commit,0.9375,0.98828125,-0.05078125,False,True,False
SingleLineInfilling/HumanEval/126/L5,global_gap_early_commit,0.984375,0.98828125,-0.00390625,True,False,True
SingleLineInfilling/HumanEval/126/L6,global_gap_early_commit,1.0,0.98828125,0.01171875,False,True,False
SingleLineInfilling/HumanEval/126/L7,global_gap_early_commit,1.0,0.98828125,0.01171875,False,True,False
SingleLineInfilling/HumanEval/126/L8,global_gap_early_commit,1.0,0.98828125,0.01171875,False,True,False
SingleLineInfilling/HumanEval/127/L0,global_gap_early_commit,1.0,0.98828125,0.01171875,False,True,False
SingleLineInfilling/HumanEval/127/L1,global_gap_early_commit,0.9921875,0.98828125,0.00390625,False,False,False
SingleLineInfilling/HumanEval/127/L10,global_gap_early_commit,1.0,0.98828125,0.01171875,False,False,False
SingleLineInfilling/HumanEval/127/L11,global_gap_early_commit,1.0,0.98828125,0.01171875,False,False,False
SingleLineInfilling/HumanEval/127/L12,global_gap_early_commit,1.0,0.98828125,0.01171875,False,True,False
SingleLineInfilling/HumanEval/127/L13,global_gap_early_commit,0.9921875,0.98828125,0.00390625,False,False,False
SingleLineInfilling/HumanEval/127/L14,global_gap_early_commit,0.9921875,0.98828125,0.00390625,False,True,False
SingleLineInfilling/HumanEval/127/L15,global_gap_early_commit,0.99609375,0.98828125,0.0078125,False,True,False
SingleLineInfilling/HumanEval/127/L2,global_gap_early_commit,1.0,0.98828125,0.01171875,False,True,False
SingleLineInfilling/HumanEval/127/L3,global_gap_early_commit,0.94921875,0.98828125,-0.0390625,False,True,False
SingleLineInfilling/HumanEval/127/L4,global_gap_early_commit,0.79296875,0.98828125,-0.1953125,False,True,False
SingleLineInfilling/HumanEval/127/L5,global_gap_early_commit,0.9921875,0.98828125,0.00390625,False,False,False
SingleLineInfilling/HumanEval/127/L6,global_gap_early_commit,0.9921875,0.98828125,0.00390625,False,False,False
SingleLineInfilling/HumanEval/127/L7,global_gap_early_commit,1.0,0.98828125,0.01171875,False,True,False
SingleLineInfilling/HumanEval/127/L8,global_gap_early_commit,0.9921875,0.98828125,0.00390625,False,True,False
SingleLineInfilling/HumanEval/128/L0,global_gap_early_commit,0.984375,0.98828125,-0.00390625,False,True,False
SingleLineInfilling/HumanEval/128/L1,global_gap_early_commit,0.953125,0.98828125,-0.03515625,True,False,True
SingleLineInfilling/HumanEval/128/L2,global_gap_early_commit,0.41015625,0.98828125,-0.578125,False,False,False
SingleLineInfilling/HumanEval/129/L0,global_gap_early_commit,1.0,0.98828125,0.01171875,False,True,False
SingleLineInfilling/HumanEval/129/L1,global_gap_early_commit,0.84375,0.98828125,-0.14453125,False,False,False
SingleLineInfilling/HumanEval/129/L10,global_gap_early_commit,1.0,0.98828125,0.01171875,False,False,False
SingleLineInfilling/HumanEval/129/L12,global_gap_early_commit,0.94140625,0.98828125,-0.046875,False,False,False
SingleLineInfilling/HumanEval/129/L13,global_gap_early_commit,1.0,0.98828125,0.01171875,False,False,False
SingleLineInfilling/HumanEval/129/L15,global_gap_early_commit,1.0,0.98828125,0.01171875,False,False,False
SingleLineInfilling/HumanEval/129/L16,global_gap_early_commit,1.0,0.98828125,0.01171875,False,False,False
SingleLineInfilling/HumanEval/129/L18,global_gap_early_commit,0.9453125,0.98828125,-0.04296875,False,True,False
SingleLineInfilling/HumanEval/129/L2,global_gap_early_commit,1.0,0.98828125,0.01171875,False,True,False
SingleLineInfilling/HumanEval/129/L20,global_gap_early_commit,1.0,0.98828125,0.01171875,False,True,False
SingleLineInfilling/HumanEval/129/L21,global_gap_early_commit,0.99609375,0.98828125,0.0078125,False,True,False
SingleLineInfilling/HumanEval/129/L22,global_gap_early_commit,0.96875,0.98828125,-0.01953125,False,False,False
SingleLineInfilling/HumanEval/129/L23,global_gap_early_commit,0.99609375,0.98828125,0.0078125,False,True,False
SingleLineInfilling/HumanEval/129/L24,global_gap_early_commit,1.0,0.98828125,0.01171875,False,True,False
SingleLineInfilling/HumanEval/129/L25,global_gap_early_commit,1.0,0.98828125,0.01171875,False,True,False
SingleLineInfilling/HumanEval/129/L26,global_gap_early_commit,0.90625,0.98828125,-0.08203125,False,True,False
SingleLineInfilling/HumanEval/129/L3,global_gap_early_commit,1.0,0.98828125,0.01171875,False,True,False
SingleLineInfilling/HumanEval/129/L4,global_gap_early_commit,1.0,0.98828125,0.01171875,False,False,False
SingleLineInfilling/HumanEval/129/L5,global_gap_early_commit,1.0,0.98828125,0.01171875,False,True,False
SingleLineInfilling/HumanEval/129/L6,global_gap_early_commit,1.0,0.98828125,0.01171875,False,True,False
SingleLineInfilling/HumanEval/129/L7,global_gap_early_commit,1.0,0.98828125,0.01171875,False,False,False
SingleLineInfilling/HumanEval/129/L9,global_gap_early_commit,1.0,0.98828125,0.01171875,False,True,False
SingleLineInfilling/HumanEval/13/L0,global_gap_early_commit,0.9609375,0.98828125,-0.02734375,False,True,False
SingleLineInfilling/HumanEval/13/L1,global_gap_early_commit,0.984375,0.98828125,-0.00390625,False,False,False
SingleLineInfilling/HumanEval/13/L2,global_gap_early_commit,0.98828125,0.98828125,0.0,False,True,False
SingleLineInfilling/HumanEval/130/L0,global_gap_early_commit,0.99609375,0.98828125,0.0078125,False,True,False
SingleLineInfilling/HumanEval/130/L1,global_gap_early_commit,0.96875,0.98828125,-0.01953125,False,True,False
SingleLineInfilling/HumanEval/130/L2,global_gap_early_commit,0.99609375,0.98828125,0.0078125,False,False,False
SingleLineInfilling/HumanEval/130/L3,global_gap_early_commit,0.9609375,0.98828125,-0.02734375,False,False,False
SingleLineInfilling/HumanEval/130/L4,global_gap_early_commit,0.9921875,0.98828125,0.00390625,False,False,False
SingleLineInfilling/HumanEval/130/L5,global_gap_early_commit,0.984375,0.98828125,-0.00390625,False,False,False
SingleLineInfilling/HumanEval/130/L6,global_gap_early_commit,1.0,0.98828125,0.01171875,False,True,False
SingleLineInfilling/HumanEval/130/L7,global_gap_early_commit,0.859375,0.98828125,-0.12890625,True,False,True
SingleLineInfilling/HumanEval/130/L8,global_gap_early_commit,0.9765625,0.98828125,-0.01171875,False,True,False
SingleLineInfilling/HumanEval/131/L0,global_gap_early_commit,0.98046875,0.98828125,-0.0078125,False,True,False
SingleLineInfilling/HumanEval/131/L1,global_gap_early_commit,0.98046875,0.98828125,-0.0078125,False,True,False
SingleLineInfilling/HumanEval/131/L10,global_gap_early_commit,0.94921875,0.98828125,-0.0390625,False,True,False
SingleLineInfilling/HumanEval/131/L2,global_gap_early_commit,1.0,0.98828125,0.01171875,False,True,False
SingleLineInfilling/HumanEval/131/L3,global_gap_early_commit,0.984375,0.98828125,-0.00390625,False,False,False
SingleLineInfilling/HumanEval/131/L4,no_remaining_masks,0.515625,0.234375,0.28125,False,False,False
SingleLineInfilling/HumanEval/131/L5,global_gap_early_commit,0.8359375,0.98828125,-0.15234375,False,False,False
SingleLineInfilling/HumanEval/131/L6,global_gap_early_commit,0.91015625,0.98828125,-0.078125,False,True,False
SingleLineInfilling/HumanEval/131/L7,global_gap_early_commit,0.984375,0.98828125,-0.00390625,False,True,False
SingleLineInfilling/HumanEval/131/L8,global_gap_early_commit,0.99609375,0.98828125,0.0078125,False,True,False
SingleLineInfilling/HumanEval/131/L9,global_gap_early_commit,0.875,0.98828125,-0.11328125,False,True,False
SingleLineInfilling/HumanEval/132/L0,global_gap_early_commit,1.0,0.98828125,0.01171875,False,True,False
SingleLineInfilling/HumanEval/132/L1,global_gap_early_commit,1.0,0.98828125,0.01171875,False,True,False
SingleLineInfilling/HumanEval/132/L10,global_gap_early_commit,0.9921875,0.98828125,0.00390625,False,False,False
SingleLineInfilling/HumanEval/132/L11,global_gap_early_commit,1.0,0.98828125,0.01171875,False,False,False
SingleLineInfilling/HumanEval/132/L12,global_gap_early_commit,0.77734375,0.98828125,-0.2109375,False,False,False
SingleLineInfilling/HumanEval/132/L13,global_gap_early_commit,1.0,0.98828125,0.01171875,False,True,False
SingleLineInfilling/HumanEval/132/L14,global_gap_early_commit,0.609375,0.98828125,-0.37890625,False,True,False
SingleLineInfilling/HumanEval/132/L15,global_gap_early_commit,0.8203125,0.98828125,-0.16796875,False,True,False
SingleLineInfilling/HumanEval/132/L2,global_gap_early_commit,1.0,0.98828125,0.01171875,False,False,False
SingleLineInfilling/HumanEval/132/L3,global_gap_early_commit,0.90234375,0.98828125,-0.0859375,False,False,False
SingleLineInfilling/HumanEval/132/L4,global_gap_early_commit,1.0,0.98828125,0.01171875,False,False,False
SingleLineInfilling/HumanEval/132/L5,global_gap_early_commit,0.9140625,0.98828125,-0.07421875,False,True,False
SingleLineInfilling/HumanEval/132/L6,global_gap_early_commit,1.0,0.98828125,0.01171875,False,False,False
SingleLineInfilling/HumanEval/132/L7,global_gap_early_commit,0.94921875,0.98828125,-0.0390625,False,True,False
SingleLineInfilling/HumanEval/132/L8,global_gap_early_commit,0.984375,0.98828125,-0.00390625,False,True,False
SingleLineInfilling/HumanEval/132/L9,global_gap_early_commit,0.99609375,0.98828125,0.0078125,False,True,False
SingleLineInfilling/HumanEval/133/L0,global_gap_early_commit,0.984375,0.98828125,-0.00390625,False,True,False
SingleLineInfilling/HumanEval/133/L1,global_gap_early_commit,1.0,0.98828125,0.01171875,False,True,False
SingleLineInfilling/HumanEval/133/L2,global_gap_early_commit,1.0,0.98828125,0.01171875,False,True,False
SingleLineInfilling/HumanEval/133/L3,global_gap_early_commit,0.765625,0.98828125,-0.22265625,False,False,False
SingleLineInfilling/HumanEval/133/L4,global_gap_early_commit,0.9609375,0.98828125,-0.02734375,False,True,False
SingleLineInfilling/HumanEval/134/L1,global_gap_early_commit,0.8515625,0.98828125,-0.13671875,False,False,False
SingleLineInfilling/HumanEval/134/L2,no_remaining_masks,0.515625,0.234375,0.28125,True,False,False
SingleLineInfilling/HumanEval/135/L0,global_gap_early_commit,0.84765625,0.98828125,-0.140625,False,True,False
SingleLineInfilling/HumanEval/135/L1,global_gap_early_commit,0.9921875,0.98828125,0.00390625,False,True,False
SingleLineInfilling/HumanEval/135/L2,global_gap_early_commit,0.9453125,0.98828125,-0.04296875,False,True,False
SingleLineInfilling/HumanEval/135/L3,global_gap_early_commit,0.9375,0.98828125,-0.05078125,False,False,False
SingleLineInfilling/HumanEval/135/L4,global_gap_early_commit,0.9609375,0.98828125,-0.02734375,False,True,False
SingleLineInfilling/HumanEval/135/L5,global_gap_early_commit,1.0,0.98828125,0.01171875,False,True,False
SingleLineInfilling/HumanEval/135/L6,global_gap_early_commit,0.91015625,0.98828125,-0.078125,False,True,False
SingleLineInfilling/HumanEval/136/L0,global_gap_early_commit,0.9921875,0.98828125,0.00390625,False,False,False
SingleLineInfilling/HumanEval/136/L1,global_gap_early_commit,0.9921875,0.98828125,0.00390625,False,False,False
SingleLineInfilling/HumanEval/136/L2,no_remaining_masks,0.392578125,0.234375,0.158203125,True,False,False
SingleLineInfilling/HumanEval/137/L0,global_gap_early_commit,0.921875,0.98828125,-0.06640625,False,False,False
SingleLineInfilling/HumanEval/137/L1,global_gap_early_commit,0.97265625,0.98828125,-0.015625,True,False,False
SingleLineInfilling/HumanEval/137/L2,global_gap_early_commit,0.94140625,0.98828125,-0.046875,True,False,False
SingleLineInfilling/HumanEval/137/L3,global_gap_early_commit,0.984375,0.98828125,-0.00390625,False,False,False
SingleLineInfilling/HumanEval/137/L4,global_gap_early_commit,0.85546875,0.98828125,-0.1328125,True,False,True
SingleLineInfilling/HumanEval/138/L0,no_remaining_masks,0.07763671875,0.234375,-0.15673828125,False,False,False
SingleLineInfilling/HumanEval/139/L0,global_gap_early_commit,1.0,0.98828125,0.01171875,False,True,False
SingleLineInfilling/HumanEval/139/L1,global_gap_early_commit,0.97265625,0.98828125,-0.015625,False,True,False
SingleLineInfilling/HumanEval/139/L2,global_gap_early_commit,0.93359375,0.98828125,-0.0546875,False,False,False
SingleLineInfilling/HumanEval/139/L3,global_gap_early_commit,0.9921875,0.98828125,0.00390625,False,True,False
SingleLineInfilling/HumanEval/139/L4,global_gap_early_commit,1.0,0.98828125,0.01171875,False,True,False
SingleLineInfilling/HumanEval/139/L5,global_gap_early_commit,1.0,0.98828125,0.01171875,False,True,False
SingleLineInfilling/HumanEval/14/L0,global_gap_early_commit,0.98828125,0.98828125,0.0,False,True,False
SingleLineInfilling/HumanEval/14/L2,global_gap_early_commit,1.0,0.98828125,0.01171875,False,False,False
SingleLineInfilling/HumanEval/14/L3,global_gap_early_commit,0.984375,0.98828125,-0.00390625,False,False,False
SingleLineInfilling/HumanEval/14/L4,no_remaining_masks,0.09228515625,0.234375,-0.14208984375,False,True,False
SingleLineInfilling/HumanEval/140/L0,global_gap_early_commit,0.98046875,0.98828125,-0.0078125,False,True,False
SingleLineInfilling/HumanEval/140/L1,global_gap_early_commit,1.0,0.98828125,0.01171875,False,True,False
SingleLineInfilling/HumanEval/140/L10,global_gap_early_commit,0.93359375,0.98828125,-0.0546875,False,False,False
SingleLineInfilling/HumanEval/140/L11,global_gap_early_commit,1.0,0.98828125,0.01171875,False,True,False
SingleLineInfilling/HumanEval/140/L12,global_gap_early_commit,0.99609375,0.98828125,0.0078125,False,True,False
SingleLineInfilling/HumanEval/140/L13,global_gap_early_commit,0.96484375,0.98828125,-0.0234375,False,False,False
SingleLineInfilling/HumanEval/140/L14,global_gap_early_commit,0.9921875,0.98828125,0.00390625,False,True,False
SingleLineInfilling/HumanEval/140/L15,global_gap_early_commit,0.9921875,0.98828125,0.00390625,False,False,False
SingleLineInfilling/HumanEval/140/L16,global_gap_early_commit,0.99609375,0.98828125,0.0078125,False,True,False
SingleLineInfilling/HumanEval/140/L17,global_gap_early_commit,0.921875,0.98828125,-0.06640625,False,False,False
SingleLineInfilling/HumanEval/140/L18,global_gap_early_commit,0.99609375,0.98828125,0.0078125,False,True,False
SingleLineInfilling/HumanEval/140/L19,global_gap_early_commit,1.0,0.98828125,0.01171875,False,True,False
SingleLineInfilling/HumanEval/140/L2,global_gap_early_commit,0.96875,0.98828125,-0.01953125,False,False,False
SingleLineInfilling/HumanEval/140/L3,global_gap_early_commit,0.953125,0.98828125,-0.03515625,False,True,False
SingleLineInfilling/HumanEval/140/L4,global_gap_early_commit,0.88671875,0.98828125,-0.1015625,False,False,False
SingleLineInfilling/HumanEval/140/L5,global_gap_early_commit,0.97265625,0.98828125,-0.015625,False,True,False
SingleLineInfilling/HumanEval/140/L6,global_gap_early_commit,1.0,0.98828125,0.01171875,False,True,False
SingleLineInfilling/HumanEval/140/L7,global_gap_early_commit,0.99609375,0.98828125,0.0078125,False,False,False
SingleLineInfilling/HumanEval/140/L8,global_gap_early_commit,0.99609375,0.98828125,0.0078125,False,False,False
SingleLineInfilling/HumanEval/140/L9,global_gap_early_commit,0.98046875,0.98828125,-0.0078125,False,False,False
SingleLineInfilling/HumanEval/141/L0,global_gap_early_commit,0.95703125,0.98828125,-0.03125,False,False,False
SingleLineInfilling/HumanEval/141/L1,global_gap_early_commit,0.9765625,0.98828125,-0.01171875,False,False,False
SingleLineInfilling/HumanEval/141/L10,global_gap_early_commit,0.87109375,0.98828125,-0.1171875,True,False,True
SingleLineInfilling/HumanEval/141/L11,global_gap_early_commit,0.9765625,0.98828125,-0.01171875,False,True,False
SingleLineInfilling/HumanEval/141/L12,global_gap_early_commit,1.0,0.98828125,0.01171875,False,True,False
SingleLineInfilling/HumanEval/141/L13,global_gap_early_commit,0.98828125,0.98828125,0.0,False,True,False
SingleLineInfilling/HumanEval/141/L2,global_gap_early_commit,0.9609375,0.98828125,-0.02734375,False,False,False
SingleLineInfilling/HumanEval/141/L3,global_gap_early_commit,1.0,0.98828125,0.01171875,False,True,False
SingleLineInfilling/HumanEval/141/L4,global_gap_early_commit,0.60546875,0.98828125,-0.3828125,False,False,False
SingleLineInfilling/HumanEval/141/L5,global_gap_early_commit,1.0,0.98828125,0.01171875,False,True,False
SingleLineInfilling/HumanEval/141/L6,global_gap_early_commit,1.0,0.98828125,0.01171875,False,False,False
SingleLineInfilling/HumanEval/141/L7,global_gap_early_commit,1.0,0.98828125,0.01171875,False,True,False
SingleLineInfilling/HumanEval/141/L8,global_gap_early_commit,0.99609375,0.98828125,0.0078125,False,False,False
SingleLineInfilling/HumanEval/141/L9,global_gap_early_commit,1.0,0.98828125,0.01171875,False,True,False
SingleLineInfilling/HumanEval/142/L0,global_gap_early_commit,0.98828125,0.98828125,0.0,False,True,False
SingleLineInfilling/HumanEval/142/L1,global_gap_early_commit,1.0,0.98828125,0.01171875,False,False,False
SingleLineInfilling/HumanEval/142/L2,global_gap_early_commit,0.98828125,0.98828125,0.0,False,False,False
SingleLineInfilling/HumanEval/142/L3,global_gap_early_commit,1.0,0.98828125,0.01171875,False,False,False
SingleLineInfilling/HumanEval/142/L4,global_gap_early_commit,0.93359375,0.98828125,-0.0546875,True,False,False
SingleLineInfilling/HumanEval/142/L5,global_gap_early_commit,1.0,0.98828125,0.01171875,False,False,False
SingleLineInfilling/HumanEval/142/L6,global_gap_early_commit,0.9921875,0.98828125,0.00390625,False,True,False
SingleLineInfilling/HumanEval/142/L7,global_gap_early_commit,1.0,0.98828125,0.01171875,False,True,False
SingleLineInfilling/HumanEval/142/L8,no_remaining_masks,0.322265625,0.234375,0.087890625,False,True,False
SingleLineInfilling/HumanEval/143/L0,global_gap_early_commit,0.99609375,0.98828125,0.0078125,False,True,False
SingleLineInfilling/HumanEval/143/L1,global_gap_early_commit,1.0,0.98828125,0.01171875,False,True,False
SingleLineInfilling/HumanEval/143/L10,global_gap_early_commit,0.6171875,0.98828125,-0.37109375,False,False,False
SingleLineInfilling/HumanEval/143/L2,global_gap_early_commit,1.0,0.98828125,0.01171875,False,True,False
SingleLineInfilling/HumanEval/143/L3,global_gap_early_commit,0.984375,0.98828125,-0.00390625,False,False,False
SingleLineInfilling/HumanEval/143/L4,global_gap_early_commit,1.0,0.98828125,0.01171875,False,True,False
SingleLineInfilling/HumanEval/143/L5,global_gap_early_commit,0.98828125,0.98828125,0.0,False,False,False
SingleLineInfilling/HumanEval/143/L6,global_gap_early_commit,0.98828125,0.98828125,0.0,False,False,False
SingleLineInfilling/HumanEval/143/L7,global_gap_early_commit,0.99609375,0.98828125,0.0078125,False,True,False
SingleLineInfilling/HumanEval/143/L8,global_gap_early_commit,0.98046875,0.98828125,-0.0078125,False,False,False
SingleLineInfilling/HumanEval/143/L9,global_gap_early_commit,1.0,0.98828125,0.01171875,False,True,False
SingleLineInfilling/HumanEval/144/L0,global_gap_early_commit,1.0,0.98828125,0.01171875,False,False,False
SingleLineInfilling/HumanEval/144/L1,global_gap_early_commit,0.99609375,0.98828125,0.0078125,False,False,False
SingleLineInfilling/HumanEval/144/L2,global_gap_early_commit,1.0,0.98828125,0.01171875,False,False,False
SingleLineInfilling/HumanEval/144/L3,global_gap_early_commit,0.99609375,0.98828125,0.0078125,False,False,False
SingleLineInfilling/HumanEval/144/L4,global_gap_early_commit,0.98046875,0.98828125,-0.0078125,True,False,False
SingleLineInfilling/HumanEval/144/L5,global_gap_early_commit,0.9921875,0.98828125,0.00390625,False,True,False
SingleLineInfilling/HumanEval/144/L6,global_gap_early_commit,1.0,0.98828125,0.01171875,False,True,False
SingleLineInfilling/HumanEval/145/L0,global_gap_early_commit,1.0,0.98828125,0.01171875,False,True,False
SingleLineInfilling/HumanEval/145/L1,global_gap_early_commit,0.99609375,0.98828125,0.0078125,False,True,False
SingleLineInfilling/HumanEval/145/L2,global_gap_early_commit,0.9765625,0.98828125,-0.01171875,True,False,True
SingleLineInfilling/HumanEval/145/L3,global_gap_early_commit,0.94140625,0.98828125,-0.046875,False,False,False
SingleLineInfilling/HumanEval/145/L4,global_gap_early_commit,0.81640625,0.98828125,-0.171875,False,False,False
SingleLineInfilling/HumanEval/145/L5,global_gap_early_commit,1.0,0.98828125,0.01171875,False,True,False
SingleLineInfilling/HumanEval/145/L6,no_remaining_masks,0.3125,0.234375,0.078125,False,False,False
SingleLineInfilling/HumanEval/146/L1,global_gap_early_commit,1.0,0.98828125,0.01171875,False,True,False
SingleLineInfilling/HumanEval/146/L2,global_gap_early_commit,1.0,0.98828125,0.01171875,False,True,False
SingleLineInfilling/HumanEval/146/L3,global_gap_early_commit,0.99609375,0.98828125,0.0078125,False,False,False
SingleLineInfilling/HumanEval/146/L4,global_gap_early_commit,0.83203125,0.98828125,-0.15625,True,False,False
SingleLineInfilling/HumanEval/146/L5,global_gap_early_commit,1.0,0.98828125,0.01171875,False,False,False
SingleLineInfilling/HumanEval/146/L6,global_gap_early_commit,0.98828125,0.98828125,0.0,True,False,True
SingleLineInfilling/HumanEval/146/L7,global_gap_early_commit,0.99609375,0.98828125,0.0078125,False,True,False
SingleLineInfilling/HumanEval/146/L9,global_gap_early_commit,0.984375,0.98828125,-0.00390625,False,True,False
SingleLineInfilling/HumanEval/147/L0,global_gap_early_commit,0.7109375,0.98828125,-0.27734375,True,False,True
SingleLineInfilling/HumanEval/147/L1,global_gap_early_commit,0.9921875,0.98828125,0.00390625,False,True,False
SingleLineInfilling/HumanEval/147/L2,global_gap_early_commit,1.0,0.98828125,0.01171875,False,True,False
SingleLineInfilling/HumanEval/147/L3,global_gap_early_commit,0.9921875,0.98828125,0.00390625,False,False,False
SingleLineInfilling/HumanEval/147/L4,global_gap_early_commit,0.96875,0.98828125,-0.01953125,False,False,False
SingleLineInfilling/HumanEval/147/L5,global_gap_early_commit,0.96875,0.98828125,-0.01953125,True,False,False
SingleLineInfilling/HumanEval/147/L6,global_gap_early_commit,0.7578125,0.98828125,-0.23046875,False,False,False
SingleLineInfilling/HumanEval/147/L7,global_gap_early_commit,0.9140625,0.98828125,-0.07421875,False,True,False
SingleLineInfilling/HumanEval/148/L0,no_remaining_masks,0.11474609375,0.234375,-0.11962890625,True,False,True
SingleLineInfilling/HumanEval/148/L1,global_gap_early_commit,0.83203125,0.98828125,-0.15625,True,False,False
SingleLineInfilling/HumanEval/148/L2,global_gap_early_commit,0.984375,0.98828125,-0.00390625,False,True,False
SingleLineInfilling/HumanEval/148/L3,global_gap_early_commit,1.0,0.98828125,0.01171875,False,False,False
SingleLineInfilling/HumanEval/148/L4,global_gap_early_commit,0.9453125,0.98828125,-0.04296875,False,False,False
SingleLineInfilling/HumanEval/148/L5,global_gap_early_commit,0.91015625,0.98828125,-0.078125,False,False,False
SingleLineInfilling/HumanEval/148/L6,global_gap_early_commit,0.9765625,0.98828125,-0.01171875,True,False,True
SingleLineInfilling/HumanEval/148/L7,global_gap_early_commit,1.0,0.98828125,0.01171875,False,True,False
SingleLineInfilling/HumanEval/148/L8,global_gap_early_commit,0.69140625,0.98828125,-0.296875,True,False,True
SingleLineInfilling/HumanEval/149/L0,global_gap_early_commit,0.45703125,0.98828125,-0.53125,False,True,False
SingleLineInfilling/HumanEval/149/L1,global_gap_early_commit,0.99609375,0.98828125,0.0078125,False,True,False
SingleLineInfilling/HumanEval/149/L2,global_gap_early_commit,1.0,0.98828125,0.01171875,False,True,False
SingleLineInfilling/HumanEval/149/L3,global_gap_early_commit,0.96484375,0.98828125,-0.0234375,False,False,False
SingleLineInfilling/HumanEval/149/L4,global_gap_early_commit,1.0,0.98828125,0.01171875,False,True,False
SingleLineInfilling/HumanEval/149/L5,global_gap_early_commit,0.57421875,0.98828125,-0.4140625,False,False,False
SingleLineInfilling/HumanEval/15/L0,no_remaining_masks,0.197265625,0.234375,-0.037109375,True,False,False
SingleLineInfilling/HumanEval/150/L0,global_gap_early_commit,0.984375,0.98828125,-0.00390625,False,True,False
SingleLineInfilling/HumanEval/150/L1,global_gap_early_commit,0.88671875,0.98828125,-0.1015625,False,True,False
SingleLineInfilling/HumanEval/150/L2,global_gap_early_commit,0.984375,0.98828125,-0.00390625,False,False,False
SingleLineInfilling/HumanEval/150/L3,global_gap_early_commit,0.95703125,0.98828125,-0.03125,False,False,False
SingleLineInfilling/HumanEval/150/L4,global_gap_early_commit,1.0,0.98828125,0.01171875,False,True,False
SingleLineInfilling/HumanEval/150/L5,global_gap_early_commit,0.890625,0.98828125,-0.09765625,False,True,False
SingleLineInfilling/HumanEval/150/L6,global_gap_early_commit,1.0,0.98828125,0.01171875,False,True,False
SingleLineInfilling/HumanEval/150/L7,global_gap_early_commit,0.99609375,0.98828125,0.0078125,False,True,False
SingleLineInfilling/HumanEval/151/L0,no_remaining_masks,0.41796875,0.234375,0.18359375,True,False,False
SingleLineInfilling/HumanEval/152/L0,no_remaining_masks,0.171875,0.234375,-0.0625,True,False,False
SingleLineInfilling/HumanEval/153/L0,global_gap_early_commit,1.0,0.98828125,0.01171875,False,True,False
SingleLineInfilling/HumanEval/153/L1,global_gap_early_commit,0.859375,0.98828125,-0.12890625,True,False,True
SingleLineInfilling/HumanEval/153/L2,global_gap_early_commit,0.9921875,0.98828125,0.00390625,False,True,False
SingleLineInfilling/HumanEval/153/L3,global_gap_early_commit,0.796875,0.98828125,-0.19140625,True,False,True
SingleLineInfilling/HumanEval/153/L4,global_gap_early_commit,0.8515625,0.98828125,-0.13671875,False,True,False
SingleLineInfilling/HumanEval/153/L5,global_gap_early_commit,1.0,0.98828125,0.01171875,False,True,False
SingleLineInfilling/HumanEval/153/L6,global_gap_early_commit,0.96484375,0.98828125,-0.0234375,False,True,False
SingleLineInfilling/HumanEval/153/L8,global_gap_early_commit,0.97265625,0.98828125,-0.015625,False,False,False
SingleLineInfilling/HumanEval/153/L9,global_gap_early_commit,0.9921875,0.98828125,0.00390625,False,True,False
SingleLineInfilling/HumanEval/154/L0,global_gap_early_commit,0.99609375,0.98828125,0.0078125,False,True,False
SingleLineInfilling/HumanEval/154/L1,global_gap_early_commit,0.98828125,0.98828125,0.0,False,True,False
SingleLineInfilling/HumanEval/154/L2,global_gap_early_commit,0.99609375,0.98828125,0.0078125,False,False,False
SingleLineInfilling/HumanEval/154/L3,global_gap_early_commit,0.99609375,0.98828125,0.0078125,False,False,False
SingleLineInfilling/HumanEval/154/L4,global_gap_early_commit,0.84375,0.98828125,-0.14453125,False,False,False
SingleLineInfilling/HumanEval/154/L5,global_gap_early_commit,0.99609375,0.98828125,0.0078125,False,True,False
SingleLineInfilling/HumanEval/154/L6,global_gap_early_commit,0.98828125,0.98828125,0.0,False,True,False
SingleLineInfilling/HumanEval/155/L0,no_remaining_masks,0.47265625,0.234375,0.23828125,False,True,False
SingleLineInfilling/HumanEval/155/L1,global_gap_early_commit,0.99609375,0.98828125,0.0078125,False,True,False
SingleLineInfilling/HumanEval/155/L2,global_gap_early_commit,1.0,0.98828125,0.01171875,False,False,False
SingleLineInfilling/HumanEval/155/L3,global_gap_early_commit,0.98828125,0.98828125,0.0,False,False,False
SingleLineInfilling/HumanEval/155/L4,global_gap_early_commit,0.96484375,0.98828125,-0.0234375,False,True,False
SingleLineInfilling/HumanEval/155/L5,global_gap_early_commit,0.99609375,0.98828125,0.0078125,False,True,False
SingleLineInfilling/HumanEval/155/L6,global_gap_early_commit,0.96875,0.98828125,-0.01953125,False,True,False
SingleLineInfilling/HumanEval/155/L7,global_gap_early_commit,0.7421875,0.98828125,-0.24609375,False,False,False
SingleLineInfilling/HumanEval/156/L0,global_gap_early_commit,1.0,0.98828125,0.01171875,True,False,False
SingleLineInfilling/HumanEval/156/L1,global_gap_early_commit,0.96875,0.98828125,-0.01953125,True,False,False
SingleLineInfilling/HumanEval/156/L10,global_gap_early_commit,0.98828125,0.98828125,0.0,False,True,False
SingleLineInfilling/HumanEval/156/L11,global_gap_early_commit,1.0,0.98828125,0.01171875,False,True,False
SingleLineInfilling/HumanEval/156/L12,global_gap_early_commit,0.984375,0.98828125,-0.00390625,False,True,False
SingleLineInfilling/HumanEval/156/L13,global_gap_early_commit,0.8828125,0.98828125,-0.10546875,False,True,False
SingleLineInfilling/HumanEval/156/L2,global_gap_early_commit,0.8203125,0.98828125,-0.16796875,True,False,True
SingleLineInfilling/HumanEval/156/L3,global_gap_early_commit,0.96484375,0.98828125,-0.0234375,True,False,False
SingleLineInfilling/HumanEval/156/L4,global_gap_early_commit,0.94140625,0.98828125,-0.046875,False,True,False
SingleLineInfilling/HumanEval/156/L5,global_gap_early_commit,0.84375,0.98828125,-0.14453125,False,True,False
SingleLineInfilling/HumanEval/156/L6,global_gap_early_commit,0.9375,0.98828125,-0.05078125,False,True,False
SingleLineInfilling/HumanEval/156/L7,global_gap_early_commit,0.9609375,0.98828125,-0.02734375,False,False,False
SingleLineInfilling/HumanEval/156/L8,global_gap_early_commit,0.8046875,0.98828125,-0.18359375,False,False,False
SingleLineInfilling/HumanEval/156/L9,global_gap_early_commit,0.99609375,0.98828125,0.0078125,False,True,False
SingleLineInfilling/HumanEval/157/L0,no_remaining_masks,0.045654296875,0.234375,-0.188720703125,True,False,False
SingleLineInfilling/HumanEval/158/L0,no_remaining_masks,0.11572265625,0.234375,-0.11865234375,True,False,False
SingleLineInfilling/HumanEval/159/L0,global_gap_early_commit,0.82421875,0.98828125,-0.1640625,False,True,False
SingleLineInfilling/HumanEval/159/L1,no_remaining_masks,0.58984375,0.234375,0.35546875,False,False,False
SingleLineInfilling/HumanEval/159/L2,global_gap_early_commit,0.96875,0.98828125,-0.01953125,False,True,False
SingleLineInfilling/HumanEval/159/L3,global_gap_early_commit,0.96875,0.98828125,-0.01953125,False,False,False
SingleLineInfilling/HumanEval/16/L0,no_remaining_masks,0.057861328125,0.234375,-0.176513671875,False,True,False
SingleLineInfilling/HumanEval/160/L0,global_gap_early_commit,0.984375,0.98828125,-0.00390625,False,False,False
SingleLineInfilling/HumanEval/160/L1,global_gap_early_commit,0.80078125,0.98828125,-0.1875,True,False,True
SingleLineInfilling/HumanEval/160/L2,global_gap_early_commit,0.8984375,0.98828125,-0.08984375,False,False,False
SingleLineInfilling/HumanEval/160/L3,global_gap_early_commit,0.5078125,0.98828125,-0.48046875,False,True,False
SingleLineInfilling/HumanEval/161/L0,global_gap_early_commit,1.0,0.98828125,0.01171875,False,True,False
SingleLineInfilling/HumanEval/161/L1,global_gap_early_commit,1.0,0.98828125,0.01171875,False,True,False
SingleLineInfilling/HumanEval/161/L10,global_gap_early_commit,0.98046875,0.98828125,-0.0078125,False,True,False
SingleLineInfilling/HumanEval/161/L11,global_gap_early_commit,0.984375,0.98828125,-0.00390625,False,False,False
SingleLineInfilling/HumanEval/161/L12,global_gap_early_commit,0.99609375,0.98828125,0.0078125,False,False,False
SingleLineInfilling/HumanEval/161/L13,global_gap_early_commit,0.9921875,0.98828125,0.00390625,False,True,False
SingleLineInfilling/HumanEval/161/L2,global_gap_early_commit,0.95703125,0.98828125,-0.03125,False,True,False
SingleLineInfilling/HumanEval/161/L3,global_gap_early_commit,0.99609375,0.98828125,0.0078125,False,True,False
SingleLineInfilling/HumanEval/161/L4,global_gap_early_commit,0.984375,0.98828125,-0.00390625,False,True,False
SingleLineInfilling/HumanEval/161/L5,global_gap_early_commit,0.9375,0.98828125,-0.05078125,False,False,False
SingleLineInfilling/HumanEval/161/L6,global_gap_early_commit,0.91015625,0.98828125,-0.078125,False,True,False
SingleLineInfilling/HumanEval/161/L7,global_gap_early_commit,0.9921875,0.98828125,0.00390625,False,True,False
SingleLineInfilling/HumanEval/161/L8,global_gap_early_commit,0.8359375,0.98828125,-0.15234375,False,True,False
SingleLineInfilling/HumanEval/161/L9,global_gap_early_commit,1.0,0.98828125,0.01171875,False,True,False
SingleLineInfilling/HumanEval/162/L0,global_gap_early_commit,1.0,0.98828125,0.01171875,False,True,False
SingleLineInfilling/HumanEval/162/L1,global_gap_early_commit,0.2138671875,0.98828125,-0.7744140625,True,False,False
SingleLineInfilling/HumanEval/163/L0,global_gap_early_commit,0.91796875,0.98828125,-0.0703125,False,False,False
SingleLineInfilling/HumanEval/163/L1,global_gap_early_commit,1.0,0.98828125,0.01171875,False,False,False
SingleLineInfilling/HumanEval/163/L3,no_remaining_masks,0.26953125,0.234375,0.03515625,True,False,False
SingleLineInfilling/HumanEval/17/L0,global_gap_early_commit,0.953125,0.98828125,-0.03515625,True,False,False
SingleLineInfilling/HumanEval/17/L1,no_remaining_masks,0.361328125,0.234375,0.126953125,True,False,False
SingleLineInfilling/HumanEval/18/L0,global_gap_early_commit,0.99609375,0.98828125,0.0078125,False,True,False
SingleLineInfilling/HumanEval/18/L2,global_gap_early_commit,1.0,0.98828125,0.01171875,True,False,False
SingleLineInfilling/HumanEval/18/L3,global_gap_early_commit,0.9453125,0.98828125,-0.04296875,False,False,False
SingleLineInfilling/HumanEval/18/L4,global_gap_early_commit,1.0,0.98828125,0.01171875,False,True,False
SingleLineInfilling/HumanEval/18/L6,global_gap_early_commit,0.97265625,0.98828125,-0.015625,False,True,False
SingleLineInfilling/HumanEval/19/L0,global_gap_early_commit,1.0,0.98828125,0.01171875,False,True,False
SingleLineInfilling/HumanEval/19/L1,global_gap_early_commit,1.0,0.98828125,0.01171875,False,True,False
SingleLineInfilling/HumanEval/19/L10,global_gap_early_commit,1.0,0.98828125,0.01171875,False,True,False
SingleLineInfilling/HumanEval/19/L11,global_gap_early_commit,1.0,0.98828125,0.01171875,False,True,False
SingleLineInfilling/HumanEval/19/L12,no_remaining_masks,0.486328125,0.234375,0.251953125,True,False,False
SingleLineInfilling/HumanEval/19/L2,global_gap_early_commit,1.0,0.98828125,0.01171875,False,True,False
SingleLineInfilling/HumanEval/19/L3,global_gap_early_commit,1.0,0.98828125,0.01171875,False,True,False
SingleLineInfilling/HumanEval/19/L4,global_gap_early_commit,1.0,0.98828125,0.01171875,False,True,False
SingleLineInfilling/HumanEval/19/L5,global_gap_early_commit,1.0,0.98828125,0.01171875,False,True,False
SingleLineInfilling/HumanEval/19/L6,global_gap_early_commit,1.0,0.98828125,0.01171875,False,True,False
SingleLineInfilling/HumanEval/19/L7,global_gap_early_commit,1.0,0.98828125,0.01171875,False,True,False
SingleLineInfilling/HumanEval/19/L8,global_gap_early_commit,1.0,0.98828125,0.01171875,False,True,False
SingleLineInfilling/HumanEval/19/L9,global_gap_early_commit,1.0,0.98828125,0.01171875,False,True,False
SingleLineInfilling/HumanEval/2/L0,no_remaining_masks,0.107421875,0.234375,-0.126953125,False,False,False
SingleLineInfilling/HumanEval/20/L0,global_gap_early_commit,0.9375,0.98828125,-0.05078125,False,True,False
SingleLineInfilling/HumanEval/20/L1,global_gap_early_commit,0.8984375,0.98828125,-0.08984375,False,True,False
SingleLineInfilling/HumanEval/20/L10,global_gap_early_commit,1.0,0.98828125,0.01171875,False,False,False
SingleLineInfilling/HumanEval/20/L11,global_gap_early_commit,0.94140625,0.98828125,-0.046875,False,True,False
SingleLineInfilling/HumanEval/20/L12,global_gap_early_commit,1.0,0.98828125,0.01171875,False,True,False
SingleLineInfilling/HumanEval/20/L13,global_gap_early_commit,1.0,0.98828125,0.01171875,False,False,False
SingleLineInfilling/HumanEval/20/L15,global_gap_early_commit,0.9609375,0.98828125,-0.02734375,False,True,False
SingleLineInfilling/HumanEval/20/L3,global_gap_early_commit,1.0,0.98828125,0.01171875,False,False,False
SingleLineInfilling/HumanEval/20/L4,global_gap_early_commit,1.0,0.98828125,0.01171875,False,False,False
SingleLineInfilling/HumanEval/20/L5,global_gap_early_commit,0.8984375,0.98828125,-0.08984375,False,True,False
SingleLineInfilling/HumanEval/20/L6,global_gap_early_commit,0.98046875,0.98828125,-0.0078125,False,True,False
SingleLineInfilling/HumanEval/20/L7,global_gap_early_commit,1.0,0.98828125,0.01171875,False,False,False
SingleLineInfilling/HumanEval/20/L8,global_gap_early_commit,1.0,0.98828125,0.01171875,False,False,False
SingleLineInfilling/HumanEval/20/L9,global_gap_early_commit,0.875,0.98828125,-0.11328125,False,True,False
SingleLineInfilling/HumanEval/21/L0,global_gap_early_commit,1.0,0.98828125,0.01171875,False,False,False
SingleLineInfilling/HumanEval/21/L1,global_gap_early_commit,1.0,0.98828125,0.01171875,False,False,False
SingleLineInfilling/HumanEval/21/L2,no_remaining_masks,0.08642578125,0.234375,-0.14794921875,True,False,False
SingleLineInfilling/HumanEval/22/L0,no_remaining_masks,0.5234375,0.234375,0.2890625,False,False,False
SingleLineInfilling/HumanEval/23/L0,global_gap_early_commit,0.7890625,0.98828125,-0.19921875,False,True,False
SingleLineInfilling/HumanEval/24/L0,global_gap_early_commit,0.8671875,0.98828125,-0.12109375,False,False,False
SingleLineInfilling/HumanEval/24/L1,global_gap_early_commit,0.99609375,0.98828125,0.0078125,False,False,False
SingleLineInfilling/HumanEval/24/L2,global_gap_early_commit,0.97265625,0.98828125,-0.015625,False,True,False
SingleLineInfilling/HumanEval/25/L0,global_gap_early_commit,0.96875,0.98828125,-0.01953125,False,True,False
SingleLineInfilling/HumanEval/25/L1,global_gap_early_commit,0.99609375,0.98828125,0.0078125,False,True,False
SingleLineInfilling/HumanEval/25/L10,global_gap_early_commit,0.93359375,0.98828125,-0.0546875,False,True,False
SingleLineInfilling/HumanEval/25/L11,global_gap_early_commit,0.8984375,0.98828125,-0.08984375,False,True,False
SingleLineInfilling/HumanEval/25/L12,global_gap_early_commit,0.8203125,0.98828125,-0.16796875,False,True,False
SingleLineInfilling/HumanEval/25/L2,global_gap_early_commit,1.0,0.98828125,0.01171875,False,True,False
SingleLineInfilling/HumanEval/25/L3,global_gap_early_commit,0.88671875,0.98828125,-0.1015625,False,False,False
SingleLineInfilling/HumanEval/25/L4,global_gap_early_commit,0.99609375,0.98828125,0.0078125,False,False,False
SingleLineInfilling/HumanEval/25/L5,global_gap_early_commit,1.0,0.98828125,0.01171875,False,True,False
SingleLineInfilling/HumanEval/25/L6,global_gap_early_commit,0.984375,0.98828125,-0.00390625,False,True,False
SingleLineInfilling/HumanEval/25/L7,global_gap_early_commit,0.75,0.98828125,-0.23828125,False,True,False
SingleLineInfilling/HumanEval/25/L8,global_gap_early_commit,0.99609375,0.98828125,0.0078125,False,True,False
SingleLineInfilling/HumanEval/26/L0,global_gap_early_commit,0.953125,0.98828125,-0.03515625,False,True,False
SingleLineInfilling/HumanEval/26/L1,global_gap_early_commit,1.0,0.98828125,0.01171875,False,False,False
SingleLineInfilling/HumanEval/26/L2,no_remaining_masks,0.2333984375,0.234375,-0.0009765625,True,False,False
SingleLineInfilling/HumanEval/27/L0,no_remaining_masks,0.095703125,0.234375,-0.138671875,False,True,False
SingleLineInfilling/HumanEval/28/L0,no_remaining_masks,0.53515625,0.234375,0.30078125,False,False,False
SingleLineInfilling/HumanEval/29/L0,no_remaining_masks,0.474609375,0.234375,0.240234375,False,False,False
SingleLineInfilling/HumanEval/3/L0,global_gap_early_commit,1.0,0.98828125,0.01171875,False,True,False
SingleLineInfilling/HumanEval/3/L2,global_gap_early_commit,1.0,0.98828125,0.01171875,False,True,False
SingleLineInfilling/HumanEval/3/L3,global_gap_early_commit,1.0,0.98828125,0.01171875,False,True,False
SingleLineInfilling/HumanEval/3/L4,global_gap_early_commit,0.9921875,0.98828125,0.00390625,False,True,False
SingleLineInfilling/HumanEval/3/L5,global_gap_early_commit,1.0,0.98828125,0.01171875,False,True,False
SingleLineInfilling/HumanEval/3/L7,global_gap_early_commit,0.96875,0.98828125,-0.01953125,False,True,False
SingleLineInfilling/HumanEval/30/L0,no_remaining_masks,0.2236328125,0.234375,-0.0107421875,False,False,False
SingleLineInfilling/HumanEval/31/L0,global_gap_early_commit,0.99609375,0.98828125,0.0078125,False,True,False
SingleLineInfilling/HumanEval/31/L1,global_gap_early_commit,0.94921875,0.98828125,-0.0390625,False,True,False
SingleLineInfilling/HumanEval/31/L2,global_gap_early_commit,0.9921875,0.98828125,0.00390625,False,False,False
SingleLineInfilling/HumanEval/31/L3,global_gap_early_commit,0.99609375,0.98828125,0.0078125,False,False,False
SingleLineInfilling/HumanEval/31/L4,global_gap_early_commit,0.90625,0.98828125,-0.08203125,False,True,False
SingleLineInfilling/HumanEval/31/L5,global_gap_early_commit,0.578125,0.98828125,-0.41015625,False,True,False
SingleLineInfilling/HumanEval/32/L0,global_gap_early_commit,0.88671875,0.98828125,-0.1015625,False,False,False
SingleLineInfilling/HumanEval/32/L1,global_gap_early_commit,0.91796875,0.98828125,-0.0703125,True,False,True
SingleLineInfilling/HumanEval/32/L10,no_remaining_masks,0.43359375,0.234375,0.19921875,False,True,False
SingleLineInfilling/HumanEval/32/L2,global_gap_early_commit,0.9296875,0.98828125,-0.05859375,False,True,False
SingleLineInfilling/HumanEval/32/L3,global_gap_early_commit,0.984375,0.98828125,-0.00390625,False,True,False
SingleLineInfilling/HumanEval/32/L4,global_gap_early_commit,0.87890625,0.98828125,-0.109375,False,False,False
SingleLineInfilling/HumanEval/32/L5,global_gap_early_commit,0.90234375,0.98828125,-0.0859375,False,False,False
SingleLineInfilling/HumanEval/32/L6,global_gap_early_commit,0.9453125,0.98828125,-0.04296875,True,False,True
SingleLineInfilling/HumanEval/32/L7,global_gap_early_commit,1.0,0.98828125,0.01171875,False,True,False
SingleLineInfilling/HumanEval/32/L8,global_gap_early_commit,0.890625,0.98828125,-0.09765625,False,True,False
SingleLineInfilling/HumanEval/32/L9,global_gap_early_commit,1.0,0.98828125,0.01171875,False,True,False
SingleLineInfilling/HumanEval/33/L0,global_gap_early_commit,0.671875,0.98828125,-0.31640625,False,True,False
SingleLineInfilling/HumanEval/33/L1,global_gap_early_commit,0.921875,0.98828125,-0.06640625,False,False,False
SingleLineInfilling/HumanEval/33/L2,global_gap_early_commit,0.71875,0.98828125,-0.26953125,False,True,False
SingleLineInfilling/HumanEval/34/L0,no_remaining_masks,0.166015625,0.234375,-0.068359375,False,True,False
SingleLineInfilling/HumanEval/35/L0,global_gap_early_commit,0.921875,0.98828125,-0.06640625,False,True,False
SingleLineInfilling/HumanEval/35/L1,global_gap_early_commit,0.99609375,0.98828125,0.0078125,False,True,False
SingleLineInfilling/HumanEval/35/L2,global_gap_early_commit,0.9375,0.98828125,-0.05078125,False,True,False
SingleLineInfilling/HumanEval/35/L3,global_gap_early_commit,0.98828125,0.98828125,0.0,False,True,False
SingleLineInfilling/HumanEval/35/L4,global_gap_early_commit,0.625,0.98828125,-0.36328125,False,True,False
SingleLineInfilling/HumanEval/36/L0,global_gap_early_commit,1.0,0.98828125,0.01171875,False,True,False
SingleLineInfilling/HumanEval/36/L1,global_gap_early_commit,0.95703125,0.98828125,-0.03125,False,True,False
SingleLineInfilling/HumanEval/36/L2,global_gap_early_commit,0.97265625,0.98828125,-0.015625,True,False,False
SingleLineInfilling/HumanEval/36/L3,global_gap_early_commit,1.0,0.98828125,0.01171875,False,True,False
SingleLineInfilling/HumanEval/36/L4,global_gap_early_commit,0.9609375,0.98828125,-0.02734375,False,False,False
SingleLineInfilling/HumanEval/36/L5,global_gap_early_commit,0.765625,0.98828125,-0.22265625,False,True,False
SingleLineInfilling/HumanEval/36/L6,global_gap_early_commit,1.0,0.98828125,0.01171875,False,True,False
SingleLineInfilling/HumanEval/36/L7,global_gap_early_commit,0.98828125,0.98828125,0.0,False,False,False
SingleLineInfilling/HumanEval/36/L8,global_gap_early_commit,0.953125,0.98828125,-0.03515625,False,True,False
SingleLineInfilling/HumanEval/37/L0,global_gap_early_commit,1.0,0.98828125,0.01171875,False,False,False
SingleLineInfilling/HumanEval/37/L1,global_gap_early_commit,0.9921875,0.98828125,0.00390625,False,False,False
SingleLineInfilling/HumanEval/37/L2,global_gap_early_commit,1.0,0.98828125,0.01171875,False,True,False
SingleLineInfilling/HumanEval/37/L3,global_gap_early_commit,1.0,0.98828125,0.01171875,False,True,False
SingleLineInfilling/HumanEval/37/L4,global_gap_early_commit,0.95703125,0.98828125,-0.03125,False,False,False
SingleLineInfilling/HumanEval/37/L5,global_gap_early_commit,0.83203125,0.98828125,-0.15625,False,False,False
SingleLineInfilling/HumanEval/37/L6,global_gap_early_commit,0.9765625,0.98828125,-0.01171875,False,False,False
SingleLineInfilling/HumanEval/37/L7,global_gap_early_commit,0.74609375,0.98828125,-0.2421875,False,False,False
SingleLineInfilling/HumanEval/37/L8,global_gap_early_commit,0.62109375,0.98828125,-0.3671875,False,True,False
SingleLineInfilling/HumanEval/38/L0,global_gap_early_commit,0.734375,0.98828125,-0.25390625,False,False,False
SingleLineInfilling/HumanEval/39/L0,global_gap_early_commit,1.0,0.98828125,0.01171875,False,True,False
SingleLineInfilling/HumanEval/39/L10,global_gap_early_commit,0.9921875,0.98828125,0.00390625,False,True,False
SingleLineInfilling/HumanEval/39/L11,global_gap_early_commit,0.94921875,0.98828125,-0.0390625,False,False,False
SingleLineInfilling/HumanEval/39/L12,global_gap_early_commit,1.0,0.98828125,0.01171875,False,False,False
SingleLineInfilling/HumanEval/39/L13,global_gap_early_commit,1.0,0.98828125,0.01171875,False,True,False
SingleLineInfilling/HumanEval/39/L14,global_gap_early_commit,0.9453125,0.98828125,-0.04296875,False,True,False
SingleLineInfilling/HumanEval/39/L15,global_gap_early_commit,0.9765625,0.98828125,-0.01171875,False,True,False
SingleLineInfilling/HumanEval/39/L2,global_gap_early_commit,0.99609375,0.98828125,0.0078125,False,True,False
SingleLineInfilling/HumanEval/39/L3,global_gap_early_commit,0.72265625,0.98828125,-0.265625,False,True,False
SingleLineInfilling/HumanEval/39/L4,global_gap_early_commit,0.95703125,0.98828125,-0.03125,False,True,False
SingleLineInfilling/HumanEval/39/L5,global_gap_early_commit,0.98046875,0.98828125,-0.0078125,True,False,True
SingleLineInfilling/HumanEval/39/L6,global_gap_early_commit,1.0,0.98828125,0.01171875,False,False,False
SingleLineInfilling/HumanEval/39/L7,global_gap_early_commit,1.0,0.98828125,0.01171875,False,True,False
SingleLineInfilling/HumanEval/39/L8,global_gap_early_commit,1.0,0.98828125,0.01171875,False,True,False
SingleLineInfilling/HumanEval/39/L9,global_gap_early_commit,0.8515625,0.98828125,-0.13671875,False,False,False
SingleLineInfilling/HumanEval/4/L0,global_gap_early_commit,1.0,0.98828125,0.01171875,False,False,False
SingleLineInfilling/HumanEval/4/L1,no_remaining_masks,0.234375,0.234375,0.0,True,False,False
SingleLineInfilling/HumanEval/40/L0,global_gap_early_commit,0.91015625,0.98828125,-0.078125,False,False,False
SingleLineInfilling/HumanEval/40/L1,global_gap_early_commit,1.0,0.98828125,0.01171875,False,False,False
SingleLineInfilling/HumanEval/40/L2,global_gap_early_commit,1.0,0.98828125,0.01171875,False,False,False
SingleLineInfilling/HumanEval/40/L3,global_gap_early_commit,0.625,0.98828125,-0.36328125,True,False,True
SingleLineInfilling/HumanEval/40/L4,global_gap_early_commit,0.8671875,0.98828125,-0.12109375,False,True,False
SingleLineInfilling/HumanEval/40/L5,global_gap_early_commit,0.9921875,0.98828125,0.00390625,False,True,False
SingleLineInfilling/HumanEval/41/L0,no_remaining_masks,0.0400390625,0.234375,-0.1943359375,False,True,False
SingleLineInfilling/HumanEval/42/L0,no_remaining_masks,0.205078125,0.234375,-0.029296875,False,False,False
SingleLineInfilling/HumanEval/43/L0,global_gap_early_commit,1.0,0.98828125,0.01171875,False,False,False
SingleLineInfilling/HumanEval/43/L1,global_gap_early_commit,1.0,0.98828125,0.01171875,False,False,False
SingleLineInfilling/HumanEval/43/L2,global_gap_early_commit,0.98828125,0.98828125,0.0,False,False,False
SingleLineInfilling/HumanEval/43/L3,global_gap_early_commit,0.90234375,0.98828125,-0.0859375,False,True,False
SingleLineInfilling/HumanEval/43/L4,global_gap_early_commit,0.98828125,0.98828125,0.0,False,True,False
SingleLineInfilling/HumanEval/44/L0,global_gap_early_commit,0.83984375,0.98828125,-0.1484375,False,True,False
SingleLineInfilling/HumanEval/44/L1,global_gap_early_commit,0.94921875,0.98828125,-0.0390625,False,True,False
SingleLineInfilling/HumanEval/44/L2,global_gap_early_commit,0.984375,0.98828125,-0.00390625,False,False,False
SingleLineInfilling/HumanEval/44/L3,global_gap_early_commit,0.96875,0.98828125,-0.01953125,False,True,False
SingleLineInfilling/HumanEval/44/L4,global_gap_early_commit,0.8671875,0.98828125,-0.12109375,False,True,False
SingleLineInfilling/HumanEval/45/L0,no_remaining_masks,0.40234375,0.234375,0.16796875,False,False,False
SingleLineInfilling/HumanEval/46/L0,global_gap_early_commit,0.9921875,0.98828125,0.00390625,False,False,False
SingleLineInfilling/HumanEval/46/L1,global_gap_early_commit,0.859375,0.98828125,-0.12890625,False,True,False
SingleLineInfilling/HumanEval/46/L2,global_gap_early_commit,0.97265625,0.98828125,-0.015625,False,True,False
SingleLineInfilling/HumanEval/46/L4,global_gap_early_commit,0.9921875,0.98828125,0.00390625,False,False,False
SingleLineInfilling/HumanEval/46/L5,global_gap_early_commit,0.921875,0.98828125,-0.06640625,True,False,False
SingleLineInfilling/HumanEval/46/L6,global_gap_early_commit,1.0,0.98828125,0.01171875,False,True,False
SingleLineInfilling/HumanEval/46/L8,global_gap_early_commit,0.9609375,0.98828125,-0.02734375,False,True,False
SingleLineInfilling/HumanEval/47/L0,global_gap_early_commit,0.99609375,0.98828125,0.0078125,False,True,False
SingleLineInfilling/HumanEval/47/L1,global_gap_early_commit,0.89453125,0.98828125,-0.09375,False,False,False
SingleLineInfilling/HumanEval/47/L2,global_gap_early_commit,0.98828125,0.98828125,0.0,False,False,False
SingleLineInfilling/HumanEval/47/L3,global_gap_early_commit,0.9453125,0.98828125,-0.04296875,False,True,False
SingleLineInfilling/HumanEval/47/L4,global_gap_early_commit,0.97265625,0.98828125,-0.015625,True,False,True
SingleLineInfilling/HumanEval/48/L0,global_gap_early_commit,0.97265625,0.98828125,-0.015625,False,False,False
SingleLineInfilling/HumanEval/48/L1,global_gap_early_commit,0.765625,0.98828125,-0.22265625,True,False,True
SingleLineInfilling/HumanEval/48/L2,global_gap_early_commit,0.9921875,0.98828125,0.00390625,False,True,False
SingleLineInfilling/HumanEval/48/L3,global_gap_early_commit,0.98828125,0.98828125,0.0,False,True,False
SingleLineInfilling/HumanEval/49/L0,global_gap_early_commit,0.9765625,0.98828125,-0.01171875,False,True,False
SingleLineInfilling/HumanEval/49/L1,global_gap_early_commit,0.890625,0.98828125,-0.09765625,False,True,False
SingleLineInfilling/HumanEval/49/L2,global_gap_early_commit,0.99609375,0.98828125,0.0078125,False,False,False
SingleLineInfilling/HumanEval/49/L3,global_gap_early_commit,0.73828125,0.98828125,-0.25,False,True,False
SingleLineInfilling/HumanEval/5/L0,global_gap_early_commit,1.0,0.98828125,0.01171875,False,True,False
SingleLineInfilling/HumanEval/5/L1,global_gap_early_commit,0.953125,0.98828125,-0.03515625,False,True,False
SingleLineInfilling/HumanEval/5/L11,global_gap_early_commit,0.96875,0.98828125,-0.01953125,False,True,False
SingleLineInfilling/HumanEval/5/L3,global_gap_early_commit,0.9921875,0.98828125,0.00390625,False,True,False
SingleLineInfilling/HumanEval/5/L5,global_gap_early_commit,1.0,0.98828125,0.01171875,False,False,False
SingleLineInfilling/HumanEval/5/L6,global_gap_early_commit,1.0,0.98828125,0.01171875,False,True,False
SingleLineInfilling/HumanEval/5/L7,global_gap_early_commit,1.0,0.98828125,0.01171875,False,True,False
SingleLineInfilling/HumanEval/5/L9,global_gap_early_commit,0.99609375,0.98828125,0.0078125,False,False,False
SingleLineInfilling/HumanEval/50/L0,global_gap_early_commit,0.86328125,0.98828125,-0.125,True,False,True
SingleLineInfilling/HumanEval/51/L0,global_gap_early_commit,0.44140625,0.98828125,-0.546875,True,False,False
SingleLineInfilling/HumanEval/52/L0,global_gap_early_commit,1.0,0.98828125,0.01171875,False,True,False
SingleLineInfilling/HumanEval/52/L1,global_gap_early_commit,0.94140625,0.98828125,-0.046875,False,True,False
SingleLineInfilling/HumanEval/52/L2,global_gap_early_commit,0.98828125,0.98828125,0.0,False,True,False
SingleLineInfilling/HumanEval/52/L3,global_gap_early_commit,0.9921875,0.98828125,0.00390625,False,True,False
SingleLineInfilling/HumanEval/53/L0,global_gap_early_commit,0.9765625,0.98828125,-0.01171875,False,True,False
SingleLineInfilling/HumanEval/54/L0,no_remaining_masks,0.046875,0.234375,-0.1875,False,False,False
SingleLineInfilling/HumanEval/55/L0,global_gap_early_commit,1.0,0.98828125,0.01171875,False,True,False
SingleLineInfilling/HumanEval/55/L1,global_gap_early_commit,0.9921875,0.98828125,0.00390625,False,True,False
SingleLineInfilling/HumanEval/55/L2,global_gap_early_commit,0.953125,0.98828125,-0.03515625,False,True,False
SingleLineInfilling/HumanEval/55/L3,global_gap_early_commit,1.0,0.98828125,0.01171875,False,True,False
SingleLineInfilling/HumanEval/55/L4,global_gap_early_commit,0.23046875,0.98828125,-0.7578125,False,False,False
SingleLineInfilling/HumanEval/56/L0,global_gap_early_commit,1.0,0.98828125,0.01171875,False,True,False
SingleLineInfilling/HumanEval/56/L1,global_gap_early_commit,1.0,0.98828125,0.01171875,False,True,False
SingleLineInfilling/HumanEval/56/L2,global_gap_early_commit,0.84375,0.98828125,-0.14453125,False,True,False
SingleLineInfilling/HumanEval/56/L3,global_gap_early_commit,1.0,0.98828125,0.01171875,False,True,False
SingleLineInfilling/HumanEval/56/L4,global_gap_early_commit,0.92578125,0.98828125,-0.0625,False,True,False
SingleLineInfilling/HumanEval/56/L5,global_gap_early_commit,1.0,0.98828125,0.01171875,False,True,False
SingleLineInfilling/HumanEval/56/L6,global_gap_early_commit,0.99609375,0.98828125,0.0078125,False,True,False
SingleLineInfilling/HumanEval/56/L7,global_gap_early_commit,0.9765625,0.98828125,-0.01171875,False,True,False
SingleLineInfilling/HumanEval/56/L8,global_gap_early_commit,0.66796875,0.98828125,-0.3203125,False,True,False
SingleLineInfilling/HumanEval/57/L0,global_gap_early_commit,0.92578125,0.98828125,-0.0625,True,False,True
SingleLineInfilling/HumanEval/57/L1,global_gap_early_commit,0.99609375,0.98828125,0.0078125,False,True,False
SingleLineInfilling/HumanEval/57/L2,global_gap_early_commit,0.6015625,0.98828125,-0.38671875,False,True,False
SingleLineInfilling/HumanEval/58/L0,global_gap_early_commit,1.0,0.98828125,0.01171875,False,True,False
SingleLineInfilling/HumanEval/58/L1,global_gap_early_commit,1.0,0.98828125,0.01171875,False,False,False
SingleLineInfilling/HumanEval/58/L2,global_gap_early_commit,1.0,0.98828125,0.01171875,False,False,False
SingleLineInfilling/HumanEval/58/L3,global_gap_early_commit,0.9765625,0.98828125,-0.01171875,False,False,False
SingleLineInfilling/HumanEval/58/L4,global_gap_early_commit,0.984375,0.98828125,-0.00390625,False,True,False
SingleLineInfilling/HumanEval/58/L5,no_remaining_masks,0.09716796875,0.234375,-0.13720703125,False,True,False
SingleLineInfilling/HumanEval/59/L0,global_gap_early_commit,1.0,0.98828125,0.01171875,False,True,False
SingleLineInfilling/HumanEval/59/L1,global_gap_early_commit,0.9921875,0.98828125,0.00390625,False,True,False
SingleLineInfilling/HumanEval/59/L10,global_gap_early_commit,1.0,0.98828125,0.01171875,False,False,False
SingleLineInfilling/HumanEval/59/L11,global_gap_early_commit,0.9609375,0.98828125,-0.02734375,False,True,False
SingleLineInfilling/HumanEval/59/L2,global_gap_early_commit,0.9609375,0.98828125,-0.02734375,False,True,False
SingleLineInfilling/HumanEval/59/L3,global_gap_early_commit,0.93359375,0.98828125,-0.0546875,False,False,False
SingleLineInfilling/HumanEval/59/L4,global_gap_early_commit,1.0,0.98828125,0.01171875,False,False,False
SingleLineInfilling/HumanEval/59/L5,global_gap_early_commit,1.0,0.98828125,0.01171875,False,True,False
SingleLineInfilling/HumanEval/59/L6,global_gap_early_commit,0.93359375,0.98828125,-0.0546875,False,True,False
SingleLineInfilling/HumanEval/59/L7,global_gap_early_commit,0.84375,0.98828125,-0.14453125,False,True,False
SingleLineInfilling/HumanEval/59/L8,global_gap_early_commit,0.95703125,0.98828125,-0.03125,False,False,False
SingleLineInfilling/HumanEval/59/L9,global_gap_early_commit,1.0,0.98828125,0.01171875,False,False,False
SingleLineInfilling/HumanEval/6/L0,global_gap_early_commit,1.0,0.98828125,0.01171875,False,False,False
SingleLineInfilling/HumanEval/6/L1,global_gap_early_commit,0.99609375,0.98828125,0.0078125,False,True,False
SingleLineInfilling/HumanEval/6/L10,global_gap_early_commit,1.0,0.98828125,0.01171875,False,True,False
SingleLineInfilling/HumanEval/6/L12,no_remaining_masks,0.28515625,0.234375,0.05078125,True,False,False
SingleLineInfilling/HumanEval/6/L2,global_gap_early_commit,0.98046875,0.98828125,-0.0078125,False,True,False
SingleLineInfilling/HumanEval/6/L3,global_gap_early_commit,1.0,0.98828125,0.01171875,False,True,False
SingleLineInfilling/HumanEval/6/L4,global_gap_early_commit,0.9453125,0.98828125,-0.04296875,False,True,False
SingleLineInfilling/HumanEval/6/L5,global_gap_early_commit,1.0,0.98828125,0.01171875,False,True,False
SingleLineInfilling/HumanEval/6/L6,global_gap_early_commit,0.95703125,0.98828125,-0.03125,False,False,False
SingleLineInfilling/HumanEval/6/L7,global_gap_early_commit,0.96875,0.98828125,-0.01953125,False,True,False
SingleLineInfilling/HumanEval/6/L8,global_gap_early_commit,1.0,0.98828125,0.01171875,False,True,False
SingleLineInfilling/HumanEval/60/L0,no_remaining_masks,0.2373046875,0.234375,0.0029296875,False,False,False
SingleLineInfilling/HumanEval/61/L0,global_gap_early_commit,1.0,0.98828125,0.01171875,False,True,False
SingleLineInfilling/HumanEval/61/L1,global_gap_early_commit,1.0,0.98828125,0.01171875,False,True,False
SingleLineInfilling/HumanEval/61/L2,global_gap_early_commit,0.55859375,0.98828125,-0.4296875,False,True,False
SingleLineInfilling/HumanEval/61/L3,global_gap_early_commit,1.0,0.98828125,0.01171875,False,True,False
SingleLineInfilling/HumanEval/61/L4,global_gap_early_commit,0.94921875,0.98828125,-0.0390625,False,True,False
SingleLineInfilling/HumanEval/61/L5,global_gap_early_commit,1.0,0.98828125,0.01171875,False,True,False
SingleLineInfilling/HumanEval/61/L6,global_gap_early_commit,1.0,0.98828125,0.01171875,False,True,False
SingleLineInfilling/HumanEval/61/L7,global_gap_early_commit,0.9765625,0.98828125,-0.01171875,False,True,False
SingleLineInfilling/HumanEval/61/L8,global_gap_early_commit,0.6796875,0.98828125,-0.30859375,False,True,False
SingleLineInfilling/HumanEval/62/L0,no_remaining_masks,0.142578125,0.234375,-0.091796875,True,False,False
SingleLineInfilling/HumanEval/63/L0,global_gap_early_commit,0.99609375,0.98828125,0.0078125,False,True,False
SingleLineInfilling/HumanEval/63/L1,global_gap_early_commit,1.0,0.98828125,0.01171875,False,True,False
SingleLineInfilling/HumanEval/63/L2,global_gap_early_commit,1.0,0.98828125,0.01171875,False,True,False
SingleLineInfilling/HumanEval/63/L3,global_gap_early_commit,1.0,0.98828125,0.01171875,False,True,False
SingleLineInfilling/HumanEval/63/L4,global_gap_early_commit,0.99609375,0.98828125,0.0078125,False,True,False
SingleLineInfilling/HumanEval/63/L5,global_gap_early_commit,0.9921875,0.98828125,0.00390625,False,True,False
SingleLineInfilling/HumanEval/63/L6,global_gap_early_commit,0.69140625,0.98828125,-0.296875,True,False,True
SingleLineInfilling/HumanEval/64/L0,global_gap_early_commit,0.88671875,0.98828125,-0.1015625,False,False,False
SingleLineInfilling/HumanEval/64/L1,global_gap_early_commit,0.8671875,0.98828125,-0.12109375,False,False,False
SingleLineInfilling/HumanEval/64/L2,global_gap_early_commit,0.90625,0.98828125,-0.08203125,True,False,True
SingleLineInfilling/HumanEval/64/L3,global_gap_early_commit,0.9921875,0.98828125,0.00390625,False,False,False
SingleLineInfilling/HumanEval/64/L4,global_gap_early_commit,0.98828125,0.98828125,0.0,False,True,False
SingleLineInfilling/HumanEval/65/L0,global_gap_early_commit,1.0,0.98828125,0.01171875,False,True,False
SingleLineInfilling/HumanEval/65/L1,global_gap_early_commit,0.90234375,0.98828125,-0.0859375,False,True,False
SingleLineInfilling/HumanEval/65/L2,global_gap_early_commit,0.98828125,0.98828125,0.0,False,True,False
SingleLineInfilling/HumanEval/65/L3,global_gap_early_commit,1.0,0.98828125,0.01171875,False,True,False
SingleLineInfilling/HumanEval/65/L4,global_gap_early_commit,0.6484375,0.98828125,-0.33984375,True,False,True
SingleLineInfilling/HumanEval/66/L0,global_gap_early_commit,0.6796875,0.98828125,-0.30859375,False,False,False
SingleLineInfilling/HumanEval/66/L1,no_remaining_masks,0.1435546875,0.234375,-0.0908203125,True,False,False
SingleLineInfilling/HumanEval/67/L0,global_gap_early_commit,1.0,0.98828125,0.01171875,False,True,False
SingleLineInfilling/HumanEval/67/L1,global_gap_early_commit,1.0,0.98828125,0.01171875,False,False,False
SingleLineInfilling/HumanEval/67/L2,global_gap_early_commit,0.84375,0.98828125,-0.14453125,False,True,False
SingleLineInfilling/HumanEval/67/L3,global_gap_early_commit,0.9921875,0.98828125,0.00390625,False,True,False
SingleLineInfilling/HumanEval/67/L4,global_gap_early_commit,0.33203125,0.98828125,-0.65625,False,False,False
SingleLineInfilling/HumanEval/68/L0,global_gap_early_commit,0.91796875,0.98828125,-0.0703125,False,False,False
SingleLineInfilling/HumanEval/68/L1,global_gap_early_commit,0.357421875,0.98828125,-0.630859375,True,False,False
SingleLineInfilling/HumanEval/68/L2,global_gap_early_commit,0.96875,0.98828125,-0.01953125,False,False,False
SingleLineInfilling/HumanEval/68/L3,no_remaining_masks,0.2890625,0.234375,0.0546875,False,False,False
SingleLineInfilling/HumanEval/69/L0,global_gap_early_commit,0.9921875,0.98828125,0.00390625,True,False,True
SingleLineInfilling/HumanEval/69/L1,global_gap_early_commit,1.0,0.98828125,0.01171875,False,True,False
SingleLineInfilling/HumanEval/69/L2,global_gap_early_commit,0.98046875,0.98828125,-0.0078125,False,False,False
SingleLineInfilling/HumanEval/69/L4,global_gap_early_commit,0.95703125,0.98828125,-0.03125,False,True,False
SingleLineInfilling/HumanEval/69/L5,global_gap_early_commit,1.0,0.98828125,0.01171875,False,False,False
SingleLineInfilling/HumanEval/69/L6,global_gap_early_commit,0.94921875,0.98828125,-0.0390625,False,False,False
SingleLineInfilling/HumanEval/69/L7,global_gap_early_commit,0.98828125,0.98828125,0.0,False,True,False
SingleLineInfilling/HumanEval/69/L9,global_gap_early_commit,0.8984375,0.98828125,-0.08984375,False,True,False
SingleLineInfilling/HumanEval/7/L0,no_remaining_masks,0.51171875,0.234375,0.27734375,False,False,False
SingleLineInfilling/HumanEval/70/L0,global_gap_early_commit,0.75,0.98828125,-0.23828125,False,True,False
SingleLineInfilling/HumanEval/70/L1,global_gap_early_commit,0.9609375,0.98828125,-0.02734375,False,True,False
SingleLineInfilling/HumanEval/70/L2,global_gap_early_commit,0.92578125,0.98828125,-0.0625,False,False,False
SingleLineInfilling/HumanEval/70/L3,global_gap_early_commit,0.84375,0.98828125,-0.14453125,False,True,False
SingleLineInfilling/HumanEval/70/L4,global_gap_early_commit,0.9453125,0.98828125,-0.04296875,False,True,False
SingleLineInfilling/HumanEval/70/L5,global_gap_early_commit,0.953125,0.98828125,-0.03515625,False,True,False
SingleLineInfilling/HumanEval/71/L0,global_gap_early_commit,0.94140625,0.98828125,-0.046875,True,False,True
SingleLineInfilling/HumanEval/71/L1,global_gap_early_commit,0.90625,0.98828125,-0.08203125,False,True,False
SingleLineInfilling/HumanEval/71/L2,global_gap_early_commit,0.99609375,0.98828125,0.0078125,False,False,False
SingleLineInfilling/HumanEval/71/L3,global_gap_early_commit,0.84375,0.98828125,-0.14453125,True,False,True
SingleLineInfilling/HumanEval/71/L4,global_gap_early_commit,0.984375,0.98828125,-0.00390625,False,False,False
SingleLineInfilling/HumanEval/71/L5,global_gap_early_commit,0.9765625,0.98828125,-0.01171875,False,True,False
SingleLineInfilling/HumanEval/72/L0,global_gap_early_commit,0.9921875,0.98828125,0.00390625,False,False,False
SingleLineInfilling/HumanEval/72/L1,global_gap_early_commit,0.92578125,0.98828125,-0.0625,False,True,False
SingleLineInfilling/HumanEval/72/L3,global_gap_early_commit,0.99609375,0.98828125,0.0078125,False,False,False
SingleLineInfilling/HumanEval/72/L4,global_gap_early_commit,0.984375,0.98828125,-0.00390625,False,True,False
SingleLineInfilling/HumanEval/72/L5,global_gap_early_commit,0.890625,0.98828125,-0.09765625,False,False,False
SingleLineInfilling/HumanEval/72/L6,global_gap_early_commit,0.93359375,0.98828125,-0.0546875,False,True,False
SingleLineInfilling/HumanEval/72/L7,global_gap_early_commit,0.9140625,0.98828125,-0.07421875,False,True,False
SingleLineInfilling/HumanEval/72/L8,global_gap_early_commit,0.9609375,0.98828125,-0.02734375,False,True,False
SingleLineInfilling/HumanEval/72/L9,global_gap_early_commit,0.7734375,0.98828125,-0.21484375,False,True,False
SingleLineInfilling/HumanEval/73/L0,global_gap_early_commit,1.0,0.98828125,0.01171875,False,True,False
SingleLineInfilling/HumanEval/73/L1,global_gap_early_commit,0.9609375,0.98828125,-0.02734375,False,False,False
SingleLineInfilling/HumanEval/73/L2,global_gap_early_commit,0.56640625,0.98828125,-0.421875,True,False,False
SingleLineInfilling/HumanEval/73/L3,global_gap_early_commit,1.0,0.98828125,0.01171875,False,True,False
SingleLineInfilling/HumanEval/73/L4,global_gap_early_commit,0.86328125,0.98828125,-0.125,False,True,False
SingleLineInfilling/HumanEval/74/L0,global_gap_early_commit,1.0,0.98828125,0.01171875,False,True,False
SingleLineInfilling/HumanEval/74/L1,global_gap_early_commit,1.0,0.98828125,0.01171875,False,True,False
SingleLineInfilling/HumanEval/74/L10,global_gap_early_commit,0.99609375,0.98828125,0.0078125,False,True,False
SingleLineInfilling/HumanEval/74/L11,global_gap_early_commit,1.0,0.98828125,0.01171875,False,True,False
SingleLineInfilling/HumanEval/74/L2,global_gap_early_commit,1.0,0.98828125,0.01171875,False,True,False
SingleLineInfilling/HumanEval/74/L4,global_gap_early_commit,1.0,0.98828125,0.01171875,False,True,False
SingleLineInfilling/HumanEval/74/L5,global_gap_early_commit,1.0,0.98828125,0.01171875,False,True,False
SingleLineInfilling/HumanEval/74/L6,global_gap_early_commit,0.99609375,0.98828125,0.0078125,False,True,False
SingleLineInfilling/HumanEval/74/L8,global_gap_early_commit,0.88671875,0.98828125,-0.1015625,False,False,False
SingleLineInfilling/HumanEval/74/L9,global_gap_early_commit,1.0,0.98828125,0.01171875,False,True,False
SingleLineInfilling/HumanEval/75/L0,global_gap_early_commit,1.0,0.98828125,0.01171875,False,True,False
SingleLineInfilling/HumanEval/75/L1,global_gap_early_commit,0.99609375,0.98828125,0.0078125,False,False,False
SingleLineInfilling/HumanEval/75/L10,global_gap_early_commit,0.99609375,0.98828125,0.0078125,False,False,False
SingleLineInfilling/HumanEval/75/L11,global_gap_early_commit,0.99609375,0.98828125,0.0078125,False,False,False
SingleLineInfilling/HumanEval/75/L12,global_gap_early_commit,0.9765625,0.98828125,-0.01171875,False,False,False
SingleLineInfilling/HumanEval/75/L13,global_gap_early_commit,0.984375,0.98828125,-0.00390625,False,True,False
SingleLineInfilling/HumanEval/75/L2,global_gap_early_commit,0.80859375,0.98828125,-0.1796875,False,False,False
SingleLineInfilling/HumanEval/75/L3,global_gap_early_commit,0.99609375,0.98828125,0.0078125,False,True,False
SingleLineInfilling/HumanEval/75/L4,global_gap_early_commit,0.99609375,0.98828125,0.0078125,False,True,False
SingleLineInfilling/HumanEval/75/L6,global_gap_early_commit,0.99609375,0.98828125,0.0078125,False,False,False
SingleLineInfilling/HumanEval/75/L7,global_gap_early_commit,1.0,0.98828125,0.01171875,False,False,False
SingleLineInfilling/HumanEval/75/L8,global_gap_early_commit,1.0,0.98828125,0.01171875,False,False,False
SingleLineInfilling/HumanEval/75/L9,global_gap_early_commit,1.0,0.98828125,0.01171875,False,False,False
SingleLineInfilling/HumanEval/76/L0,global_gap_early_commit,0.984375,0.98828125,-0.00390625,False,False,False
SingleLineInfilling/HumanEval/76/L1,global_gap_early_commit,0.984375,0.98828125,-0.00390625,False,False,False
SingleLineInfilling/HumanEval/76/L2,global_gap_early_commit,0.98046875,0.98828125,-0.0078125,False,True,False
SingleLineInfilling/HumanEval/76/L3,global_gap_early_commit,0.92578125,0.98828125,-0.0625,False,False,False
SingleLineInfilling/HumanEval/76/L4,global_gap_early_commit,0.9140625,0.98828125,-0.07421875,False,True,False
SingleLineInfilling/HumanEval/76/L5,global_gap_early_commit,0.9609375,0.98828125,-0.02734375,False,False,False
SingleLineInfilling/HumanEval/77/L0,no_remaining_masks,0.1181640625,0.234375,-0.1162109375,False,True,False
SingleLineInfilling/HumanEval/77/L1,global_gap_early_commit,0.345703125,0.98828125,-0.642578125,True,False,False
SingleLineInfilling/HumanEval/78/L0,global_gap_early_commit,0.58203125,0.98828125,-0.40625,True,False,True
SingleLineInfilling/HumanEval/78/L1,global_gap_early_commit,1.0,0.98828125,0.01171875,False,True,False
SingleLineInfilling/HumanEval/78/L2,global_gap_early_commit,0.98828125,0.98828125,0.0,False,False,False
SingleLineInfilling/HumanEval/78/L3,global_gap_early_commit,0.99609375,0.98828125,0.0078125,False,False,False
SingleLineInfilling/HumanEval/78/L4,global_gap_early_commit,1.0,0.98828125,0.01171875,False,True,False
SingleLineInfilling/HumanEval/78/L5,global_gap_early_commit,0.9609375,0.98828125,-0.02734375,False,True,False
SingleLineInfilling/HumanEval/79/L0,no_remaining_masks,0.25390625,0.234375,0.01953125,True,False,False
SingleLineInfilling/HumanEval/8/L0,global_gap_early_commit,1.0,0.98828125,0.01171875,False,True,False
SingleLineInfilling/HumanEval/8/L1,global_gap_early_commit,1.0,0.98828125,0.01171875,False,True,False
SingleLineInfilling/HumanEval/8/L3,global_gap_early_commit,1.0,0.98828125,0.01171875,False,True,False
SingleLineInfilling/HumanEval/8/L4,global_gap_early_commit,1.0,0.98828125,0.01171875,False,True,False
SingleLineInfilling/HumanEval/8/L5,global_gap_early_commit,1.0,0.98828125,0.01171875,False,True,False
SingleLineInfilling/HumanEval/8/L6,global_gap_early_commit,0.64453125,0.98828125,-0.34375,False,True,False
SingleLineInfilling/HumanEval/80/L0,global_gap_early_commit,0.97265625,0.98828125,-0.015625,False,False,False
SingleLineInfilling/HumanEval/80/L1,global_gap_early_commit,0.8671875,0.98828125,-0.12109375,False,True,False
SingleLineInfilling/HumanEval/80/L3,global_gap_early_commit,0.9921875,0.98828125,0.00390625,False,False,False
SingleLineInfilling/HumanEval/80/L5,global_gap_early_commit,0.98046875,0.98828125,-0.0078125,True,False,True
SingleLineInfilling/HumanEval/80/L6,global_gap_early_commit,0.96875,0.98828125,-0.01953125,False,True,False
SingleLineInfilling/HumanEval/80/L7,global_gap_early_commit,0.9140625,0.98828125,-0.07421875,False,True,False
SingleLineInfilling/HumanEval/81/L10,global_gap_early_commit,1.0,0.98828125,0.01171875,False,False,False
SingleLineInfilling/HumanEval/81/L11,global_gap_early_commit,1.0,0.98828125,0.01171875,False,False,False
SingleLineInfilling/HumanEval/81/L12,global_gap_early_commit,1.0,0.98828125,0.01171875,False,False,False
SingleLineInfilling/HumanEval/81/L13,global_gap_early_commit,1.0,0.98828125,0.01171875,False,False,False
SingleLineInfilling/HumanEval/81/L14,global_gap_early_commit,1.0,0.98828125,0.01171875,False,False,False
SingleLineInfilling/HumanEval/81/L15,global_gap_early_commit,1.0,0.98828125,0.01171875,False,False,False
SingleLineInfilling/HumanEval/81/L16,global_gap_early_commit,1.0,0.98828125,0.01171875,False,False,False
SingleLineInfilling/HumanEval/81/L17,global_gap_early_commit,1.0,0.98828125,0.01171875,False,False,False
SingleLineInfilling/HumanEval/81/L18,global_gap_early_commit,1.0,0.98828125,0.01171875,False,False,False
SingleLineInfilling/HumanEval/81/L19,global_gap_early_commit,1.0,0.98828125,0.01171875,False,False,False
SingleLineInfilling/HumanEval/81/L2,global_gap_early_commit,0.9921875,0.98828125,0.00390625,False,True,False
SingleLineInfilling/HumanEval/81/L20,global_gap_early_commit,1.0,0.98828125,0.01171875,False,False,False
SingleLineInfilling/HumanEval/81/L21,global_gap_early_commit,1.0,0.98828125,0.01171875,False,False,False
SingleLineInfilling/HumanEval/81/L22,global_gap_early_commit,1.0,0.98828125,0.01171875,False,False,False
SingleLineInfilling/HumanEval/81/L23,global_gap_early_commit,1.0,0.98828125,0.01171875,False,False,False
SingleLineInfilling/HumanEval/81/L24,global_gap_early_commit,1.0,0.98828125,0.01171875,False,False,False
SingleLineInfilling/HumanEval/81/L25,global_gap_early_commit,1.0,0.98828125,0.01171875,False,False,False
SingleLineInfilling/HumanEval/81/L26,global_gap_early_commit,0.9921875,0.98828125,0.00390625,False,False,False
SingleLineInfilling/HumanEval/81/L27,global_gap_early_commit,1.0,0.98828125,0.01171875,False,False,False
SingleLineInfilling/HumanEval/81/L28,global_gap_early_commit,0.9765625,0.98828125,-0.01171875,False,True,False
SingleLineInfilling/HumanEval/81/L29,global_gap_early_commit,0.96875,0.98828125,-0.01953125,False,False,False
SingleLineInfilling/HumanEval/81/L3,global_gap_early_commit,1.0,0.98828125,0.01171875,False,True,False
SingleLineInfilling/HumanEval/81/L30,global_gap_early_commit,0.828125,0.98828125,-0.16015625,False,True,False
SingleLineInfilling/HumanEval/81/L4,global_gap_early_commit,0.85546875,0.98828125,-0.1328125,False,False,False
SingleLineInfilling/HumanEval/81/L5,global_gap_early_commit,0.99609375,0.98828125,0.0078125,False,False,False
SingleLineInfilling/HumanEval/81/L6,global_gap_early_commit,1.0,0.98828125,0.01171875,False,False,False
SingleLineInfilling/HumanEval/81/L7,global_gap_early_commit,1.0,0.98828125,0.01171875,False,False,False
SingleLineInfilling/HumanEval/81/L8,global_gap_early_commit,1.0,0.98828125,0.01171875,False,False,False
SingleLineInfilling/HumanEval/81/L9,global_gap_early_commit,1.0,0.98828125,0.01171875,False,False,False
SingleLineInfilling/HumanEval/82/L0,global_gap_early_commit,1.0,0.98828125,0.01171875,False,True,False
SingleLineInfilling/HumanEval/82/L1,global_gap_early_commit,0.7265625,0.98828125,-0.26171875,False,False,False
SingleLineInfilling/HumanEval/82/L2,global_gap_early_commit,0.8828125,0.98828125,-0.10546875,False,True,False
SingleLineInfilling/HumanEval/82/L3,global_gap_early_commit,1.0,0.98828125,0.01171875,False,False,False
SingleLineInfilling/HumanEval/82/L4,global_gap_early_commit,0.9765625,0.98828125,-0.01171875,False,False,False
SingleLineInfilling/HumanEval/82/L5,global_gap_early_commit,1.0,0.98828125,0.01171875,False,True,False
SingleLineInfilling/HumanEval/82/L6,global_gap_early_commit,0.9609375,0.98828125,-0.02734375,False,True,False
SingleLineInfilling/HumanEval/83/L0,no_remaining_masks,0.11376953125,0.234375,-0.12060546875,False,False,False
SingleLineInfilling/HumanEval/83/L1,global_gap_early_commit,0.4453125,0.98828125,-0.54296875,True,False,False
SingleLineInfilling/HumanEval/84/L0,no_remaining_masks,0.1103515625,0.234375,-0.1240234375,True,False,False
SingleLineInfilling/HumanEval/85/L0,no_remaining_masks,0.2314453125,0.234375,-0.0029296875,True,False,False
SingleLineInfilling/HumanEval/86/L0,no_remaining_masks,0.25390625,0.234375,0.01953125,True,False,False
SingleLineInfilling/HumanEval/87/L0,global_gap_early_commit,0.76953125,0.98828125,-0.21875,True,False,True
SingleLineInfilling/HumanEval/87/L1,global_gap_early_commit,0.39453125,0.98828125,-0.59375,True,False,False
SingleLineInfilling/HumanEval/88/L0,no_remaining_masks,0.421875,0.234375,0.1875,True,False,False
SingleLineInfilling/HumanEval/89/L0,global_gap_early_commit,0.796875,0.98828125,-0.19140625,False,False,False
SingleLineInfilling/HumanEval/89/L1,global_gap_early_commit,0.99609375,0.98828125,0.0078125,False,True,False
SingleLineInfilling/HumanEval/89/L2,global_gap_early_commit,1.0,0.98828125,0.01171875,False,True,False
SingleLineInfilling/HumanEval/89/L3,global_gap_early_commit,0.9140625,0.98828125,-0.07421875,False,True,False
SingleLineInfilling/HumanEval/89/L4,no_remaining_masks,0.5703125,0.234375,0.3359375,True,False,True
SingleLineInfilling/HumanEval/89/L5,global_gap_early_commit,1.0,0.98828125,0.01171875,False,True,False
SingleLineInfilling/HumanEval/89/L6,global_gap_early_commit,0.97265625,0.98828125,-0.015625,False,True,False
SingleLineInfilling/HumanEval/89/L7,global_gap_early_commit,0.9609375,0.98828125,-0.02734375,False,True,False
SingleLineInfilling/HumanEval/9/L0,global_gap_early_commit,1.0,0.98828125,0.01171875,False,True,False
SingleLineInfilling/HumanEval/9/L1,global_gap_early_commit,0.99609375,0.98828125,0.0078125,False,True,False
SingleLineInfilling/HumanEval/9/L11,global_gap_early_commit,0.82421875,0.98828125,-0.1640625,False,True,False
SingleLineInfilling/HumanEval/9/L3,global_gap_early_commit,1.0,0.98828125,0.01171875,False,True,False
SingleLineInfilling/HumanEval/9/L4,global_gap_early_commit,0.9921875,0.98828125,0.00390625,False,True,False
SingleLineInfilling/HumanEval/9/L5,global_gap_early_commit,1.0,0.98828125,0.01171875,False,True,False
SingleLineInfilling/HumanEval/9/L6,global_gap_early_commit,1.0,0.98828125,0.01171875,False,True,False
SingleLineInfilling/HumanEval/9/L7,global_gap_early_commit,1.0,0.98828125,0.01171875,False,False,False
SingleLineInfilling/HumanEval/9/L9,global_gap_early_commit,1.0,0.98828125,0.01171875,False,True,False
SingleLineInfilling/HumanEval/90/L0,global_gap_early_commit,0.9609375,0.98828125,-0.02734375,False,False,False
SingleLineInfilling/HumanEval/90/L1,global_gap_early_commit,0.84765625,0.98828125,-0.140625,True,False,True
SingleLineInfilling/HumanEval/91/L0,global_gap_early_commit,0.9765625,0.98828125,-0.01171875,False,True,False
SingleLineInfilling/HumanEval/91/L1,global_gap_early_commit,0.9375,0.98828125,-0.05078125,True,False,True
SingleLineInfilling/HumanEval/91/L2,no_remaining_masks,0.2099609375,0.234375,-0.0244140625,True,False,False
SingleLineInfilling/HumanEval/92/L1,global_gap_early_commit,0.9765625,0.98828125,-0.01171875,True,False,True
SingleLineInfilling/HumanEval/92/L2,global_gap_early_commit,0.55078125,0.98828125,-0.4375,True,False,True
SingleLineInfilling/HumanEval/92/L3,global_gap_early_commit,0.9921875,0.98828125,0.00390625,False,True,False
SingleLineInfilling/HumanEval/92/L4,global_gap_early_commit,0.93359375,0.98828125,-0.0546875,False,True,False
SingleLineInfilling/HumanEval/92/L5,global_gap_early_commit,0.9921875,0.98828125,0.00390625,False,True,False
SingleLineInfilling/HumanEval/93/L0,global_gap_early_commit,0.94921875,0.98828125,-0.0390625,False,False,False
SingleLineInfilling/HumanEval/93/L1,global_gap_early_commit,0.765625,0.98828125,-0.22265625,True,False,True
SingleLineInfilling/HumanEval/93/L2,global_gap_early_commit,0.9765625,0.98828125,-0.01171875,False,False,False
SingleLineInfilling/HumanEval/93/L3,global_gap_early_commit,0.484375,0.98828125,-0.50390625,True,False,True
SingleLineInfilling/HumanEval/94/L0,global_gap_early_commit,1.0,0.98828125,0.01171875,False,True,False
SingleLineInfilling/HumanEval/94/L1,global_gap_early_commit,0.98828125,0.98828125,0.0,True,False,False
SingleLineInfilling/HumanEval/94/L10,global_gap_early_commit,0.9765625,0.98828125,-0.01171875,False,True,False
SingleLineInfilling/HumanEval/94/L11,global_gap_early_commit,0.97265625,0.98828125,-0.015625,False,True,False
SingleLineInfilling/HumanEval/94/L12,global_gap_early_commit,0.921875,0.98828125,-0.06640625,False,False,False
SingleLineInfilling/HumanEval/94/L13,global_gap_early_commit,1.0,0.98828125,0.01171875,False,True,False
SingleLineInfilling/HumanEval/94/L2,global_gap_early_commit,0.59375,0.98828125,-0.39453125,False,False,False
SingleLineInfilling/HumanEval/94/L3,global_gap_early_commit,0.99609375,0.98828125,0.0078125,False,True,False
SingleLineInfilling/HumanEval/94/L5,global_gap_early_commit,0.9921875,0.98828125,0.00390625,False,True,False
SingleLineInfilling/HumanEval/94/L6,global_gap_early_commit,0.953125,0.98828125,-0.03515625,False,True,False
SingleLineInfilling/HumanEval/94/L7,global_gap_early_commit,0.98828125,0.98828125,0.0,False,True,False
SingleLineInfilling/HumanEval/94/L8,global_gap_early_commit,0.6328125,0.98828125,-0.35546875,False,False,False
SingleLineInfilling/HumanEval/94/L9,global_gap_early_commit,1.0,0.98828125,0.01171875,True,False,True
SingleLineInfilling/HumanEval/95/L0,global_gap_early_commit,0.984375,0.98828125,-0.00390625,False,False,False
SingleLineInfilling/HumanEval/95/L1,global_gap_early_commit,0.9921875,0.98828125,0.00390625,False,True,False
SingleLineInfilling/HumanEval/95/L10,global_gap_early_commit,1.0,0.98828125,0.01171875,False,True,False
SingleLineInfilling/HumanEval/95/L11,global_gap_early_commit,1.0,0.98828125,0.01171875,False,True,False
SingleLineInfilling/HumanEval/95/L12,global_gap_early_commit,1.0,0.98828125,0.01171875,False,True,False
SingleLineInfilling/HumanEval/95/L13,global_gap_early_commit,1.0,0.98828125,0.01171875,False,True,False
SingleLineInfilling/HumanEval/95/L14,global_gap_early_commit,1.0,0.98828125,0.01171875,False,True,False
SingleLineInfilling/HumanEval/95/L15,global_gap_early_commit,0.99609375,0.98828125,0.0078125,False,True,False
SingleLineInfilling/HumanEval/95/L16,global_gap_early_commit,0.89453125,0.98828125,-0.09375,True,False,True
SingleLineInfilling/HumanEval/95/L17,global_gap_early_commit,0.99609375,0.98828125,0.0078125,False,True,False
SingleLineInfilling/HumanEval/95/L18,global_gap_early_commit,0.9140625,0.98828125,-0.07421875,False,True,False
SingleLineInfilling/HumanEval/95/L19,global_gap_early_commit,0.9921875,0.98828125,0.00390625,False,True,False
SingleLineInfilling/HumanEval/95/L2,global_gap_early_commit,1.0,0.98828125,0.01171875,False,True,False
SingleLineInfilling/HumanEval/95/L20,global_gap_early_commit,0.9296875,0.98828125,-0.05859375,False,True,False
SingleLineInfilling/HumanEval/95/L21,global_gap_early_commit,0.8515625,0.98828125,-0.13671875,False,False,False
SingleLineInfilling/HumanEval/95/L3,global_gap_early_commit,0.99609375,0.98828125,0.0078125,False,True,False
SingleLineInfilling/HumanEval/95/L4,global_gap_early_commit,1.0,0.98828125,0.01171875,False,True,False
SingleLineInfilling/HumanEval/95/L6,global_gap_early_commit,0.96484375,0.98828125,-0.0234375,False,False,False
SingleLineInfilling/HumanEval/95/L7,global_gap_early_commit,0.97265625,0.98828125,-0.015625,False,True,False
SingleLineInfilling/HumanEval/95/L8,global_gap_early_commit,1.0,0.98828125,0.01171875,False,True,False
SingleLineInfilling/HumanEval/95/L9,global_gap_early_commit,0.96484375,0.98828125,-0.0234375,False,True,False
SingleLineInfilling/HumanEval/96/L0,global_gap_early_commit,0.98828125,0.98828125,0.0,False,True,False
SingleLineInfilling/HumanEval/96/L1,global_gap_early_commit,0.99609375,0.98828125,0.0078125,False,False,False
SingleLineInfilling/HumanEval/96/L2,global_gap_early_commit,1.0,0.98828125,0.01171875,False,True,False
SingleLineInfilling/HumanEval/96/L3,global_gap_early_commit,1.0,0.98828125,0.01171875,False,False,False
SingleLineInfilling/HumanEval/96/L4,global_gap_early_commit,0.9921875,0.98828125,0.00390625,False,False,False
SingleLineInfilling/HumanEval/96/L5,global_gap_early_commit,1.0,0.98828125,0.01171875,False,True,False
SingleLineInfilling/HumanEval/96/L6,global_gap_early_commit,1.0,0.98828125,0.01171875,False,True,False
SingleLineInfilling/HumanEval/96/L7,global_gap_early_commit,1.0,0.98828125,0.01171875,False,True,False
SingleLineInfilling/HumanEval/96/L8,global_gap_early_commit,1.0,0.98828125,0.01171875,False,True,False
SingleLineInfilling/HumanEval/96/L9,global_gap_early_commit,1.0,0.98828125,0.01171875,False,True,False
SingleLineInfilling/HumanEval/97/L0,no_remaining_masks,0.040283203125,0.234375,-0.194091796875,True,False,False
SingleLineInfilling/HumanEval/98/L0,global_gap_early_commit,1.0,0.98828125,0.01171875,False,True,False
SingleLineInfilling/HumanEval/98/L1,global_gap_early_commit,0.98828125,0.98828125,0.0,False,False,False
SingleLineInfilling/HumanEval/98/L2,global_gap_early_commit,1.0,0.98828125,0.01171875,False,False,False
SingleLineInfilling/HumanEval/98/L3,global_gap_early_commit,0.99609375,0.98828125,0.0078125,False,True,False
SingleLineInfilling/HumanEval/98/L4,global_gap_early_commit,0.98828125,0.98828125,0.0,False,True,False
SingleLineInfilling/HumanEval/99/L0,global_gap_early_commit,0.8046875,0.98828125,-0.18359375,False,True,False
SingleLineInfilling/HumanEval/99/L10,global_gap_early_commit,1.0,0.98828125,0.01171875,False,True,False
SingleLineInfilling/HumanEval/99/L11,global_gap_early_commit,0.98828125,0.98828125,0.0,False,True,False
SingleLineInfilling/HumanEval/99/L12,global_gap_early_commit,1.0,0.98828125,0.01171875,False,True,False
SingleLineInfilling/HumanEval/99/L13,global_gap_early_commit,0.84765625,0.98828125,-0.140625,False,False,False
SingleLineInfilling/HumanEval/99/L14,global_gap_early_commit,0.8671875,0.98828125,-0.12109375,False,True,False
SingleLineInfilling/HumanEval/99/L15,global_gap_early_commit,1.0,0.98828125,0.01171875,False,True,False
SingleLineInfilling/HumanEval/99/L16,global_gap_early_commit,0.83203125,0.98828125,-0.15625,False,True,False
SingleLineInfilling/HumanEval/99/L18,global_gap_early_commit,1.0,0.98828125,0.01171875,False,True,False
SingleLineInfilling/HumanEval/99/L2,global_gap_early_commit,0.953125,0.98828125,-0.03515625,False,False,False
SingleLineInfilling/HumanEval/99/L3,global_gap_early_commit,0.703125,0.98828125,-0.28515625,False,True,False
SingleLineInfilling/HumanEval/99/L4,global_gap_early_commit,0.8671875,0.98828125,-0.12109375,False,False,False
SingleLineInfilling/HumanEval/99/L5,global_gap_early_commit,0.99609375,0.98828125,0.0078125,False,True,False
SingleLineInfilling/HumanEval/99/L7,global_gap_early_commit,0.9921875,0.98828125,0.00390625,False,True,False
SingleLineInfilling/HumanEval/99/L8,global_gap_early_commit,0.8984375,0.98828125,-0.08984375,False,False,False
SingleLineInfilling/HumanEval/99/L9,global_gap_early_commit,0.890625,0.98828125,-0.09765625,False,True,False
