task_id,oracle_length,oracle_bucket,true_long,short_risk,current_pass_risk,baseline_passed,baseline_failed_long,fold5,baseline_selected_len,baseline_best_len,baseline_best_long_len,baseline_best_score,baseline_best_long_score,baseline_long_ratio,baseline_raw_long_ratio,baseline_base_selected_length,baseline_final_selected_length,baseline_mean_top1_final,baseline_mean_gap_final,baseline_remaining_mask_ratio_final,baseline_best_long_minus_selected,baseline_selected_below_best_long,baseline_best_long_score_gap,baseline_long_ratio_gap_to_one,baseline_trace_steps,baseline_remaining_first,baseline_remaining_last,baseline_remaining_min,baseline_remaining_max,baseline_remaining_median,baseline_remaining_slope,baseline_remaining_late_slope,baseline_remaining_auc_norm,baseline_remaining_equal_transition_frac,baseline_late_remaining_plateau_steps,baseline_max_remaining_plateau_steps,baseline_last_remaining_decrease_step,baseline_confidence_first,baseline_confidence_last,baseline_confidence_min,baseline_confidence_max,baseline_confidence_median,baseline_confidence_slope,baseline_confidence_late_slope,baseline_gap_last,baseline_gap_min,baseline_gap_median,baseline_top1_last,baseline_top1_min,baseline_top1_median,baseline_final_remaining_ratio_by_selected,baseline_stop_reason,precision_len32_triggered,precision_len32_selected_len,precision_len32_primary_selected_len,precision_len32_rescue_len,precision_len32_final_source,precision_len32_primary_stop_reason,precision_len32_trace_top1_last,precision_len32_trace_top1_median,precision_len32_trace_confidence_max,precision_len32_trace_max_remaining_plateau_steps,precision_len32_combined_total_sec_including_probe,precision_len32_passed,precision_len32_pairwise,precision_len32_win,precision_len32_loss,missed_failed_long_precision_len32,triggered_rescue_failure_precision_len32,rescued_long_precision_len32,precision_len24_triggered,precision_len24_selected_len,precision_len24_primary_selected_len,precision_len24_rescue_len,precision_len24_final_source,precision_len24_primary_stop_reason,precision_len24_trace_top1_last,precision_len24_trace_top1_median,precision_len24_trace_confidence_max,precision_len24_trace_max_remaining_plateau_steps,precision_len24_combined_total_sec_including_probe,precision_len24_passed,precision_len24_pairwise,precision_len24_win,precision_len24_loss,missed_failed_long_precision_len24,triggered_rescue_failure_precision_len24,rescued_long_precision_len24,broad_len24_triggered,broad_len24_selected_len,broad_len24_primary_selected_len,broad_len24_rescue_len,broad_len24_final_source,broad_len24_primary_stop_reason,broad_len24_trace_top1_last,broad_len24_trace_top1_median,broad_len24_trace_confidence_max,broad_len24_trace_max_remaining_plateau_steps,broad_len24_combined_total_sec_including_probe,broad_len24_passed,broad_len24_pairwise,broad_len24_win,broad_len24_loss,missed_failed_long_broad_len24,triggered_rescue_failure_broad_len24,rescued_long_broad_len24
SingleLineInfilling/HumanEval/0/L0,11,9-12,False,False,True,True,False,2,11,11.0,16.0,1.154738274773439,0.8811312434884386,0.7630571037071735,0.74609375,11.0,11.0,1.0,1.0,0.36363636363636365,5.0,True,0.2736070312850003,0.2369428962928265,40,11.0,4.0,4.0,11.0,7.5,-0.1794871794871795,-0.3333333333333333,0.6795454545454546,0.8205128205128205,2,5,37,1.0,1.0,1.0,1.0,1.0,0.0,0.0,1.0,1.0,1.0,1.0,1.0,1.0,0.36363636363636365,global_gap_early_commit,False,11,11,,primary,global_gap_early_commit,1.0,1.0,1.0,5.0,5.059807674027979,True,tie_pass,False,False,False,False,False,False,11,11,,primary,global_gap_early_commit,1.0,1.0,1.0,5.0,6.446741337887943,True,tie_pass,False,False,False,False,False,False,11,11,,primary,global_gap_early_commit,1.0,1.0,1.0,5.0,3.628710549324751,True,tie_pass,False,False,False,False,False
SingleLineInfilling/HumanEval/0/L1,13,13-16,False,False,True,True,False,4,13,13.0,13.0,1.1663706994382568,1.1663706994382568,1.0,1.0,13.0,13.0,1.0,1.0,0.3076923076923077,0.0,False,0.0,0.0,42,13.0,4.0,4.0,13.0,9.0,-0.21951219512195122,-0.3333333333333333,0.6648351648351648,0.7804878048780488,2,4,41,1.0,1.0,1.0,1.0,1.0,0.0,0.0,1.0,1.0,1.0,1.0,1.0,1.0,0.3076923076923077,global_gap_early_commit,False,13,13,,primary,global_gap_early_commit,1.0,1.0,1.0,4.0,4.822907729074359,True,tie_pass,False,False,False,False,False,False,13,13,,primary,global_gap_early_commit,1.0,1.0,1.0,4.0,6.018723310902715,True,tie_pass,False,False,False,False,False,False,13,13,,primary,global_gap_early_commit,1.0,1.0,1.0,4.0,3.4854348553344607,True,tie_pass,False,False,False,False,False
SingleLineInfilling/HumanEval/0/L2,8,<=8,False,True,True,True,False,2,8,4.0,13.0,1.086734862526058,0.8337728046765663,0.7672274382902425,0.71484375,4.0,8.0,0.859375,0.7421875,0.5,5.0,True,0.25296205784949166,0.23277256170975746,28,8.0,4.0,4.0,8.0,6.0,-0.14814814814814814,-0.3333333333333333,0.7767857142857143,0.8518518518518519,2,8,27,0.9296875,0.92578125,0.92578125,0.9296875,0.9296875,-0.00014467592592592592,0.0,0.78125,0.78125,0.828125,0.8828125,0.8828125,0.90625,0.5,global_gap_early_commit,False,8,8,,primary,global_gap_early_commit,0.8828125,0.90625,0.9296875,8.0,3.827001261524856,True,tie_pass,False,False,False,False,False,False,8,8,,primary,global_gap_early_commit,0.8828125,0.90625,0.9296875,8.0,4.845537913963199,True,tie_pass,False,False,False,False,False,False,8,8,,primary,global_gap_early_commit,0.8828125,0.90625,0.9296875,8.0,2.774995448999107,True,tie_pass,False,False,False,False,False
SingleLineInfilling/HumanEval/0/L3,10,9-12,False,False,True,True,False,0,10,10.0,13.0,1.1122738208251053,0.6378589762552966,0.5734729742916371,0.5645161290322581,10.0,10.0,0.88671875,0.77734375,0.3,3.0,True,0.47441484456980865,0.4265270257083629,42,10.0,3.0,3.0,10.0,7.0,-0.17073170731707318,-0.3333333333333333,0.6666666666666666,0.8292682926829268,2,6,41,0.96875,0.97265625,0.96875,0.9765625,0.97265625,9.527439024390244e-05,0.0,0.8671875,0.8671875,0.92578125,0.93359375,0.93359375,0.95703125,0.3,global_gap_early_commit,False,10,10,,primary,global_gap_early_commit,0.93359375,0.95703125,0.9765625,6.0,4.938515578396618,True,tie_pass,False,False,False,False,False,False,10,10,,primary,global_gap_early_commit,0.93359375,0.95703125,0.9765625,6.0,6.1651107128709555,True,tie_pass,False,False,False,False,False,False,10,10,,primary,global_gap_early_commit,0.93359375,0.95703125,0.9765625,6.0,3.5314773907884955,True,tie_pass,False,False,False,False,False
SingleLineInfilling/HumanEval/0/L4,7,<=8,False,True,True,True,False,0,8,8.0,13.0,1.0532279871109378,0.48978457105317424,0.46503186114212575,0.45168067226890757,8.0,8.0,0.8828125,0.765625,0.5,5.0,True,0.5634434160577635,0.5349681388578742,28,8.0,4.0,4.0,8.0,6.0,-0.14814814814814814,-0.3333333333333333,0.7767857142857143,0.8518518518518519,2,8,27,0.9296875,0.9453125,0.92578125,0.9453125,0.93359375,0.0005787037037037037,0.0,0.82421875,0.82421875,0.828125,0.9140625,0.9140625,0.9140625,0.5,global_gap_early_commit,False,8,8,,primary,global_gap_early_commit,0.9140625,0.9140625,0.9453125,8.0,3.8553651943802834,True,tie_pass,False,False,False,False,False,False,8,8,,primary,global_gap_early_commit,0.9140625,0.9140625,0.9453125,8.0,4.731932410039008,True,tie_pass,False,False,False,False,False,False,8,8,,primary,global_gap_early_commit,0.9140625,0.9140625,0.9453125,8.0,2.7867043213918805,True,tie_pass,False,False,False,False,False
SingleLineInfilling/HumanEval/0/L5,4,<=8,False,True,True,True,False,3,4,4.0,13.0,1.086734862526058,0.43055480897232523,0.3961912181334859,0.369140625,4.0,4.0,1.0,1.0,0.5,9.0,True,0.6561800535537328,0.6038087818665141,28,4.0,2.0,2.0,4.0,3.0,-0.07407407407407407,0.0,0.7767857142857143,0.9259259259259259,3,14,23,1.0,1.0,1.0,1.0,1.0,0.0,0.0,1.0,1.0,1.0,1.0,1.0,1.0,0.5,global_gap_early_commit,False,4,4,,primary,global_gap_early_commit,1.0,1.0,1.0,14.0,4.415206337347627,True,tie_pass,False,False,False,False,False,False,4,4,,primary,global_gap_early_commit,1.0,1.0,1.0,14.0,5.650665275752544,True,tie_pass,False,False,False,False,False,False,4,4,,primary,global_gap_early_commit,1.0,1.0,1.0,14.0,3.1846421537920833,True,tie_pass,False,False,False,False,False
SingleLineInfilling/HumanEval/0/L7,4,<=8,False,True,True,True,False,2,3,3.0,13.0,1.0305860587110391,0.4761161644191322,0.46198583844090985,0.4230769230769231,3.0,3.0,1.0,1.0,0.3333333333333333,10.0,True,0.554469894291907,0.5380141615590901,33,3.0,1.0,1.0,3.0,2.0,-0.0625,-0.3333333333333333,0.7575757575757576,0.9375,2,21,32,0.96484375,0.99609375,0.96484375,0.99609375,0.99609375,0.0009765625,0.0,0.9921875,0.95703125,0.9921875,0.99609375,0.96484375,0.99609375,0.3333333333333333,global_gap_early_commit,False,3,3,,primary,global_gap_early_commit,0.99609375,0.99609375,0.99609375,21.0,4.14379043225199,True,tie_pass,False,False,False,False,False,False,3,3,,primary,global_gap_early_commit,0.99609375,0.99609375,0.99609375,21.0,5.277765106409788,True,tie_pass,False,False,False,False,False,False,3,3,,primary,global_gap_early_commit,0.99609375,0.99609375,0.99609375,21.0,3.0240127984434366,True,tie_pass,False,False,False,False,False
SingleLineInfilling/HumanEval/1/L0,5,<=8,False,True,True,True,False,4,9,9.0,16.0,1.1141780386862825,0.8396119702350567,0.753570741014637,0.7109375,9.0,9.0,0.99609375,0.99609375,0.3333333333333333,7.0,True,0.2745660684512258,0.24642925898536305,40,9.0,3.0,3.0,9.0,6.0,-0.15384615384615385,-0.3333333333333333,0.6777777777777778,0.8461538461538461,2,7,39,0.9765625,1.0,0.96875,1.0,0.98828125,0.0006009615384615385,0.0,0.99609375,0.9375,0.9765625,1.0,0.9609375,0.984375,0.3333333333333333,global_gap_early_commit,False,9,9,,primary,global_gap_early_commit,1.0,0.984375,1.0,7.0,5.7642655512318015,True,tie_pass,False,False,False,False,False,False,9,9,,primary,global_gap_early_commit,1.0,0.984375,1.0,7.0,7.117675559595227,True,tie_pass,False,False,False,False,False,False,9,9,,primary,global_gap_early_commit,1.0,0.984375,1.0,7.0,4.177079095505178,True,tie_pass,False,False,False,False,False
SingleLineInfilling/HumanEval/1/L1,6,<=8,False,True,True,True,False,2,6,6.0,15.0,1.1134970608520351,0.7674356704808575,0.6892121205004569,0.65234375,6.0,6.0,1.0,1.0,0.5,9.0,True,0.34606139037117767,0.3107878794995431,28,6.0,3.0,3.0,6.0,5.0,-0.1111111111111111,-0.3333333333333333,0.7738095238095238,0.8888888888888888,2,10,26,1.0,1.0,1.0,1.0,1.0,0.0,0.0,1.0,1.0,1.0,1.0,1.0,1.0,0.5,global_gap_early_commit,False,6,6,,primary,global_gap_early_commit,1.0,1.0,1.0,10.0,5.070032009854913,True,tie_pass,False,False,False,False,False,False,6,6,,primary,global_gap_early_commit,1.0,1.0,1.0,10.0,6.403927009552717,True,tie_pass,False,False,False,False,False,False,6,6,,primary,global_gap_early_commit,1.0,1.0,1.0,10.0,3.6214831434190273,True,tie_pass,False,False,False,False,False
SingleLineInfilling/HumanEval/1/L10,7,<=8,False,True,True,True,False,4,6,6.0,15.0,1.1047978650641286,0.845557864481903,0.7653507408188394,0.7244094488188977,6.0,6.0,1.0,1.0,0.5,9.0,True,0.2592400005822256,0.23464925918116064,28,6.0,3.0,3.0,6.0,5.0,-0.1111111111111111,-0.3333333333333333,0.7738095238095238,0.8888888888888888,2,10,26,0.9921875,1.0,0.9921875,1.0,0.99609375,0.00028935185185185184,0.0,1.0,0.98828125,0.9921875,1.0,0.9921875,0.9921875,0.5,global_gap_early_commit,False,6,6,,primary,global_gap_early_commit,1.0,0.9921875,1.0,10.0,5.002909041009843,True,tie_pass,False,False,False,False,False,False,6,6,,primary,global_gap_early_commit,1.0,0.9921875,1.0,10.0,4.869412214495242,True,tie_pass,False,False,False,False,False,False,6,6,,primary,global_gap_early_commit,1.0,0.9921875,1.0,10.0,3.6278679873794317,True,tie_pass,False,False,False,False,False
SingleLineInfilling/HumanEval/1/L12,9,9-12,False,False,True,True,False,4,9,9.0,15.0,1.136461599460008,0.6479546678910234,0.5701509564413794,0.5529411764705883,9.0,9.0,0.99609375,0.9921875,0.3333333333333333,6.0,True,0.4885069315689846,0.42984904355862064,40,9.0,3.0,3.0,9.0,6.0,-0.15384615384615385,-0.3333333333333333,0.6777777777777778,0.8461538461538461,2,7,39,0.99609375,1.0,0.99609375,1.0,1.0,0.00010016025641025641,0.0,0.9921875,0.9921875,0.99609375,0.99609375,0.99609375,0.99609375,0.3333333333333333,global_gap_early_commit,False,9,9,,primary,global_gap_early_commit,0.99609375,0.99609375,1.0,7.0,5.911191722378135,True,tie_pass,False,False,False,False,False,False,9,9,,primary,global_gap_early_commit,0.99609375,0.99609375,1.0,7.0,5.675828216597438,True,tie_pass,False,False,False,False,False,False,9,9,,primary,global_gap_early_commit,0.99609375,0.99609375,1.0,7.0,4.198596342466772,True,tie_pass,False,False,False,False,False
SingleLineInfilling/HumanEval/1/L13,10,9-12,False,False,False,False,False,0,7,7.0,13.0,1.1238436146785018,0.5968537563531705,0.5310825710603095,0.51171875,7.0,7.0,1.0,1.0,0.5714285714285714,6.0,True,0.5269898583253313,0.46891742893969046,28,7.0,4.0,4.0,7.0,5.0,-0.1111111111111111,0.0,0.7704081632653061,0.8888888888888888,3,8,22,1.0,1.0,1.0,1.0,1.0,0.0,0.0,1.0,1.0,1.0,1.0,1.0,1.0,0.5714285714285714,global_gap_early_commit,False,7,7,,primary,global_gap_early_commit,1.0,1.0,1.0,8.0,5.01046562101692,False,tie_fail,False,False,False,False,False,False,7,7,,primary,global_gap_early_commit,1.0,1.0,1.0,8.0,4.712306781671941,False,tie_fail,False,False,False,False,False,False,7,7,,primary,global_gap_early_commit,1.0,1.0,1.0,8.0,3.491751587949693,False,tie_fail,False,False,False,False,False
SingleLineInfilling/HumanEval/1/L14,6,<=8,False,True,True,True,False,3,6,6.0,16.0,1.078700277700409,0.8488384754024749,0.7869085537013513,0.7389558232931727,6.0,6.0,0.92578125,0.859375,0.5,10.0,True,0.22986180229793418,0.21309144629864873,28,6.0,3.0,3.0,6.0,5.0,-0.1111111111111111,-0.3333333333333333,0.7738095238095238,0.8888888888888888,2,10,26,0.96875,0.96484375,0.95703125,0.984375,0.96875,-0.00014467592592592592,0.00390625,0.859375,0.859375,0.9453125,0.92578125,0.92578125,0.96875,0.5,global_gap_early_commit,False,6,6,,primary,global_gap_early_commit,0.92578125,0.96875,0.984375,10.0,5.054112931713462,True,tie_pass,False,False,False,False,False,False,6,6,,primary,global_gap_early_commit,0.92578125,0.96875,0.984375,10.0,4.71896340046078,True,tie_pass,False,False,False,False,False,False,6,6,,primary,global_gap_early_commit,0.92578125,0.96875,0.984375,10.0,3.5365627352148294,True,tie_pass,False,False,False,False,False
SingleLineInfilling/HumanEval/1/L16,4,<=8,False,True,False,False,False,1,3,3.0,13.0,0.8428274650187445,0.32804175921700973,0.38921579188181066,0.3564356435643564,3.0,3.0,0.75390625,0.5390625,0.3333333333333333,10.0,True,0.5147857058017348,0.6107842081181893,33,3.0,1.0,1.0,3.0,2.0,-0.0625,-0.3333333333333333,0.7575757575757576,0.9375,2,21,32,0.7890625,0.53125,0.53125,0.7890625,0.53125,-0.008056640625,0.0,0.08056640625,0.08056640625,0.08056640625,0.30078125,0.30078125,0.30078125,0.3333333333333333,global_gap_early_commit,True,32,3,32,rescue,global_gap_early_commit,0.30078125,0.30078125,0.7890625,21.0,10.884029489941895,False,tie_fail,False,False,False,False,False,True,24,3,24,rescue,global_gap_early_commit,0.30078125,0.30078125,0.7890625,21.0,9.6821962390095,False,tie_fail,False,False,False,False,False,True,24,3,24,rescue,global_gap_early_commit,0.30078125,0.30078125,0.7890625,21.0,7.094361809082329,False,tie_fail,False,False,False,False,False
SingleLineInfilling/HumanEval/1/L2,7,<=8,False,True,True,True,False,1,6,6.0,13.0,1.109147462958082,0.6378589762552966,0.5750894245875431,0.5490196078431373,6.0,6.0,0.9921875,0.98828125,0.5,7.0,True,0.47128848670278534,0.4249105754124569,28,6.0,3.0,3.0,6.0,5.0,-0.1111111111111111,-0.3333333333333333,0.7738095238095238,0.8888888888888888,2,10,26,0.99609375,0.99609375,0.99609375,0.99609375,0.99609375,0.0,0.0,0.98828125,0.98828125,0.9921875,0.9921875,0.9921875,0.99609375,0.5,global_gap_early_commit,False,6,6,,primary,global_gap_early_commit,0.9921875,0.99609375,0.99609375,10.0,4.823815701529384,True,tie_pass,False,False,False,False,False,False,6,6,,primary,global_gap_early_commit,0.9921875,0.99609375,0.99609375,10.0,6.008489931002259,True,tie_pass,False,False,False,False,False,False,6,6,,primary,global_gap_early_commit,0.9921875,0.99609375,0.99609375,10.0,3.468852628953755,True,tie_pass,False,False,False,False,False
SingleLineInfilling/HumanEval/1/L4,8,<=8,False,True,True,True,False,0,8,8.0,15.0,1.1328838852957985,0.8823212498941595,0.7788276109724903,0.75,8.0,8.0,1.0,1.0,0.5,7.0,True,0.25056263540163903,0.22117238902750969,28,8.0,4.0,4.0,8.0,6.0,-0.14814814814814814,-0.3333333333333333,0.7767857142857143,0.8518518518518519,2,8,27,1.0,1.0,1.0,1.0,1.0,0.0,0.0,1.0,1.0,1.0,1.0,1.0,1.0,0.5,global_gap_early_commit,False,8,8,,primary,global_gap_early_commit,1.0,1.0,1.0,8.0,4.684960952959955,True,tie_pass,False,False,False,False,False,False,8,8,,primary,global_gap_early_commit,1.0,1.0,1.0,8.0,5.2915462795645,True,tie_pass,False,False,False,False,False,False,8,8,,primary,global_gap_early_commit,1.0,1.0,1.0,8.0,3.37428882624954,True,tie_pass,False,False,False,False,False
SingleLineInfilling/HumanEval/1/L5,7,<=8,False,True,True,True,False,1,7,7.0,14.0,1.119453600558664,0.8740999272221553,0.7808272953751145,0.7490196078431373,7.0,7.0,0.99609375,0.9921875,0.5714285714285714,7.0,True,0.2453536733365086,0.21917270462488547,28,7.0,4.0,4.0,7.0,5.0,-0.1111111111111111,0.0,0.7704081632653061,0.8888888888888888,3,8,22,0.99609375,0.99609375,0.99609375,1.0,0.99609375,0.0,0.0,0.9921875,0.9921875,0.99609375,0.99609375,0.99609375,0.99609375,0.5714285714285714,global_gap_early_commit,False,7,7,,primary,global_gap_early_commit,0.99609375,0.99609375,1.0,8.0,4.785423181019723,True,tie_pass,False,False,False,False,False,False,7,7,,primary,global_gap_early_commit,0.99609375,0.99609375,1.0,8.0,4.592395759187639,True,tie_pass,False,False,False,False,False,False,7,7,,primary,global_gap_early_commit,0.99609375,0.99609375,1.0,8.0,3.416057603433728,True,tie_pass,False,False,False,False,False
SingleLineInfilling/HumanEval/1/L6,7,<=8,False,True,True,True,False,4,7,7.0,14.0,1.1238436146785018,0.8146062148981343,0.7248394743348423,0.6953125,7.0,7.0,1.0,1.0,0.5714285714285714,7.0,True,0.30923739978036746,0.2751605256651577,28,7.0,4.0,4.0,7.0,5.0,-0.1111111111111111,0.0,0.7704081632653061,0.8888888888888888,3,8,22,1.0,1.0,1.0,1.0,1.0,0.0,0.0,1.0,1.0,1.0,1.0,1.0,1.0,0.5714285714285714,global_gap_early_commit,False,7,7,,primary,global_gap_early_commit,1.0,1.0,1.0,8.0,4.827236011624336,True,tie_pass,False,False,False,False,False,False,7,7,,primary,global_gap_early_commit,1.0,1.0,1.0,8.0,4.668351585045457,True,tie_pass,False,False,False,False,False,False,7,7,,primary,global_gap_early_commit,1.0,1.0,1.0,8.0,3.4994954857975245,True,tie_pass,False,False,False,False,False
SingleLineInfilling/HumanEval/1/L7,7,<=8,False,True,True,True,False,4,7,7.0,14.0,1.1238436146785018,0.8283355331267546,0.7370558699696992,0.70703125,7.0,7.0,1.0,1.0,0.5714285714285714,7.0,True,0.29550808155174724,0.2629441300303008,28,7.0,4.0,4.0,7.0,5.0,-0.1111111111111111,0.0,0.7704081632653061,0.8888888888888888,3,8,22,1.0,1.0,1.0,1.0,1.0,0.0,0.0,1.0,1.0,1.0,1.0,1.0,1.0,0.5714285714285714,global_gap_early_commit,False,7,7,,primary,global_gap_early_commit,1.0,1.0,1.0,8.0,4.66598841175437,True,tie_pass,False,False,False,False,False,False,7,7,,primary,global_gap_early_commit,1.0,1.0,1.0,8.0,4.509268595837057,True,tie_pass,False,False,False,False,False,False,7,7,,primary,global_gap_early_commit,1.0,1.0,1.0,8.0,3.360741727054119,True,tie_pass,False,False,False,False,False
SingleLineInfilling/HumanEval/1/L8,7,<=8,False,True,True,True,False,1,7,7.0,20.0,1.110673572318988,0.5166353424409538,0.46515497920983656,0.431640625,7.0,7.0,0.9765625,0.95703125,0.5714285714285714,13.0,True,0.5940382298780342,0.5348450207901634,28,7.0,4.0,4.0,7.0,5.0,-0.1111111111111111,0.0,0.7704081632653061,0.8888888888888888,3,8,22,0.98828125,0.98828125,0.98828125,0.98828125,0.98828125,0.0,0.0,0.95703125,0.95703125,0.96875,0.9765625,0.9765625,0.984375,0.5714285714285714,global_gap_early_commit,False,7,7,,primary,global_gap_early_commit,0.9765625,0.984375,0.98828125,8.0,4.7953769359737635,True,tie_pass,False,False,False,False,False,False,7,7,,primary,global_gap_early_commit,0.9765625,0.984375,0.98828125,8.0,4.620926149189472,True,tie_pass,False,False,False,False,False,False,7,7,,primary,global_gap_early_commit,0.9765625,0.984375,0.98828125,8.0,3.4748167851939797,True,tie_pass,False,False,False,False,False
SingleLineInfilling/HumanEval/1/L9,7,<=8,False,True,True,True,False,3,7,7.0,14.0,1.1238436146785018,0.8374884119458348,0.7452001337262705,0.71484375,7.0,7.0,1.0,1.0,0.5714285714285714,7.0,True,0.286355202732667,0.2547998662737295,28,7.0,4.0,4.0,7.0,5.0,-0.1111111111111111,0.0,0.7704081632653061,0.8888888888888888,3,8,22,1.0,1.0,1.0,1.0,1.0,0.0,0.0,1.0,1.0,1.0,1.0,1.0,1.0,0.5714285714285714,global_gap_early_commit,False,7,7,,primary,global_gap_early_commit,1.0,1.0,1.0,8.0,4.994601615704596,True,tie_pass,False,False,False,False,False,False,7,7,,primary,global_gap_early_commit,1.0,1.0,1.0,8.0,4.786602282896638,True,tie_pass,False,False,False,False,False,False,7,7,,primary,global_gap_early_commit,1.0,1.0,1.0,8.0,3.568472887389362,True,tie_pass,False,False,False,False,False
SingleLineInfilling/HumanEval/10/L0,6,<=8,False,True,True,True,False,3,6,6.0,14.0,1.1134970608520351,0.8237590937172145,0.7397945829213806,0.703125,6.0,6.0,1.0,1.0,0.5,8.0,True,0.2897379671348207,0.26020541707861944,28,6.0,3.0,3.0,6.0,5.0,-0.1111111111111111,-0.3333333333333333,0.7738095238095238,0.8888888888888888,2,10,26,1.0,1.0,1.0,1.0,1.0,0.0,0.0,1.0,1.0,1.0,1.0,1.0,1.0,0.5,global_gap_early_commit,False,6,6,,primary,global_gap_early_commit,1.0,1.0,1.0,10.0,3.999879442155361,True,tie_pass,False,False,False,False,False,False,6,6,,primary,global_gap_early_commit,1.0,1.0,1.0,10.0,4.282125998288393,True,tie_pass,False,False,False,False,False,False,6,6,,primary,global_gap_early_commit,1.0,1.0,1.0,10.0,4.899012612178922,True,tie_pass,False,False,False,False,False
SingleLineInfilling/HumanEval/10/L1,4,<=8,False,True,True,True,False,1,4,4.0,20.0,0.9848534691642401,0.5727405380001523,0.5815489876744686,0.5280172413793104,4.0,4.0,0.8125,0.68359375,0.5,16.0,True,0.41211293116408776,0.4184510123255314,28,4.0,2.0,2.0,4.0,3.0,-0.07407407407407407,0.0,0.7767857142857143,0.9259259259259259,3,14,23,0.90625,0.90625,0.8984375,0.90625,0.8984375,0.0,0.0,0.68359375,0.68359375,0.76953125,0.8125,0.8125,0.86328125,0.5,global_gap_early_commit,False,4,4,,primary,global_gap_early_commit,0.8125,0.86328125,0.90625,14.0,3.9420586954802275,True,tie_pass,False,False,False,False,False,False,4,4,,primary,global_gap_early_commit,0.8125,0.86328125,0.90625,14.0,4.165303319692612,True,tie_pass,False,False,False,False,False,False,4,4,,primary,global_gap_early_commit,0.8125,0.86328125,0.90625,14.0,4.7295544957742095,True,tie_pass,False,False,False,False,False
SingleLineInfilling/HumanEval/10/L3,8,<=8,False,True,True,True,False,2,8,8.0,15.0,1.1151825745880517,0.6295729751848951,0.5645469984297946,0.5393700787401575,8.0,8.0,0.9765625,0.95703125,0.5,7.0,True,0.4856095994031566,0.4354530015702054,28,8.0,4.0,4.0,8.0,6.0,-0.14814814814814814,-0.3333333333333333,0.7767857142857143,0.8518518518518519,2,8,27,0.984375,0.98828125,0.984375,0.98828125,0.98828125,0.00014467592592592592,0.0,0.96875,0.96875,0.97265625,0.98046875,0.98046875,0.984375,0.5,global_gap_early_commit,False,8,8,,primary,global_gap_early_commit,0.98046875,0.984375,0.98828125,8.0,3.7390158688649535,True,tie_pass,False,False,False,False,False,False,8,8,,primary,global_gap_early_commit,0.98046875,0.984375,0.98828125,8.0,3.9598295092582703,True,tie_pass,False,False,False,False,False,False,8,8,,primary,global_gap_early_commit,0.98046875,0.984375,0.98828125,8.0,4.5244504595175385,True,tie_pass,False,False,False,False,False
SingleLineInfilling/HumanEval/10/L5,17,17-24,True,False,False,False,True,2,16,16.0,16.0,1.0795011045879301,1.0795011045879301,1.0,1.0,16.0,16.0,0.99609375,0.9921875,0.375,0.0,False,0.0,0.0,40,16.0,6.0,6.0,16.0,11.0,-0.2564102564102564,-0.3333333333333333,0.6796875,0.7435897435897436,2,4,37,0.9140625,1.0,0.75390625,1.0,0.984375,0.002203525641025641,0.0,0.9921875,0.48828125,0.96484375,0.99609375,0.69921875,0.98046875,0.375,global_gap_early_commit,False,16,16,,primary,global_gap_early_commit,0.99609375,0.98046875,1.0,4.0,7.281503219157457,False,tie_fail,False,False,True,False,False,False,16,16,,primary,global_gap_early_commit,0.99609375,0.98046875,1.0,4.0,7.558227273635566,False,tie_fail,False,False,True,False,False,False,16,16,,primary,global_gap_early_commit,0.99609375,0.98046875,1.0,4.0,8.378971132449806,False,tie_fail,False,False,True,False,False
SingleLineInfilling/HumanEval/10/L6,8,<=8,False,True,True,True,False,0,8,8.0,15.0,1.1328838852957985,0.7076951691859404,0.6246846463008516,0.6015625,8.0,8.0,1.0,1.0,0.5,7.0,True,0.4251887161098581,0.37531535369914837,28,8.0,4.0,4.0,8.0,6.0,-0.14814814814814814,-0.3333333333333333,0.7767857142857143,0.8518518518518519,2,8,27,1.0,1.0,1.0,1.0,1.0,0.0,0.0,1.0,0.99609375,1.0,1.0,1.0,1.0,0.5,global_gap_early_commit,False,8,8,,primary,global_gap_early_commit,1.0,1.0,1.0,8.0,3.535892954096198,True,tie_pass,False,False,False,False,False,False,8,8,,primary,global_gap_early_commit,1.0,1.0,1.0,8.0,3.744946544058621,True,tie_pass,False,False,False,False,False,False,8,8,,primary,global_gap_early_commit,1.0,1.0,1.0,8.0,3.5770054683089256,True,tie_pass,False,False,False,False,False
SingleLineInfilling/HumanEval/10/L8,15,13-16,False,False,False,False,False,0,3,3.0,13.0,0.48191372381022274,0.24489228552658712,0.5081662410241413,0.4653679653679654,3.0,3.0,,,0.0,10.0,True,0.23702143828363562,0.4918337589758587,54,3.0,0.0,0.0,3.0,2.0,-0.05660377358490566,-0.3333333333333333,0.5864197530864198,0.9433962264150944,2,21,53,0.451171875,0.80859375,0.451171875,0.80859375,0.453125,0.006743808962264151,0.0,0.2265625,0.080078125,0.2265625,0.4296875,0.181640625,0.4296875,0.0,no_remaining_masks,True,32,3,32,rescue,no_remaining_masks,0.4296875,0.4296875,0.80859375,21.0,9.03239747416228,False,tie_fail,False,False,False,False,False,True,24,3,24,rescue,no_remaining_masks,0.4296875,0.4296875,0.80859375,21.0,8.614532300271094,False,tie_fail,False,False,False,False,False,True,24,3,24,rescue,no_remaining_masks,0.4296875,0.4296875,0.80859375,21.0,8.046691292896867,False,tie_fail,False,False,False,False,False
SingleLineInfilling/HumanEval/100/L0,15,13-16,False,False,False,False,False,1,3,3.0,13.0,0.4839999304068038,0.22211160780318367,0.45890834657041796,0.4202586206896552,3.0,3.0,,,0.0,10.0,True,0.2618883226036201,0.541091653429582,54,3.0,0.0,0.0,3.0,2.0,-0.05660377358490566,-0.3333333333333333,0.5864197530864198,0.9433962264150944,2,21,53,0.453125,0.71484375,0.453125,0.71484375,0.470703125,0.004938089622641509,0.0,0.017578125,0.017578125,0.138671875,0.1494140625,0.1494140625,0.20703125,0.0,no_remaining_masks,True,32,3,32,rescue,no_remaining_masks,0.1494140625,0.20703125,0.71484375,21.0,6.4267378794029355,False,tie_fail,False,False,False,False,False,True,24,3,24,rescue,no_remaining_masks,0.1494140625,0.20703125,0.71484375,21.0,6.296977022662759,False,tie_fail,False,False,False,False,False,True,24,3,24,rescue,no_remaining_masks,0.1494140625,0.20703125,0.71484375,21.0,6.841722301207483,False,tie_fail,False,False,False,False,False
SingleLineInfilling/HumanEval/101/L0,6,<=8,False,True,True,True,False,2,6,6.0,14.0,1.1047978650641286,0.7047716690691724,0.6379191084228458,0.6062992125984252,6.0,6.0,0.97265625,0.95703125,0.5,8.0,True,0.40002619599495615,0.3620808915771542,28,6.0,3.0,3.0,6.0,5.0,-0.1111111111111111,-0.3333333333333333,0.7738095238095238,0.8888888888888888,2,10,26,0.9921875,0.98828125,0.98828125,0.9921875,0.9921875,-0.00014467592592592592,0.0,0.95703125,0.95703125,0.98828125,0.97265625,0.97265625,0.9921875,0.5,global_gap_early_commit,False,6,6,,primary,global_gap_early_commit,0.97265625,0.9921875,0.9921875,10.0,3.1824986254796386,True,tie_pass,False,False,False,False,False,False,6,6,,primary,global_gap_early_commit,0.97265625,0.9921875,0.9921875,10.0,3.2278592362999916,True,tie_pass,False,False,False,False,False,False,6,6,,primary,global_gap_early_commit,0.97265625,0.9921875,0.9921875,10.0,3.3188151326030493,True,tie_pass,False,False,False,False,False
SingleLineInfilling/HumanEval/101/L1,4,<=8,False,True,True,True,False,0,4,4.0,13.0,1.0188139336181794,0.46700389332977077,0.458379963131511,0.4270833333333333,4.0,4.0,0.88671875,0.82421875,0.5,9.0,True,0.5518100402884086,0.5416200368684889,28,4.0,2.0,2.0,4.0,3.0,-0.07407407407407407,0.0,0.7767857142857143,0.9259259259259259,3,14,23,0.9375,0.9453125,0.9375,0.9453125,0.9375,0.00028935185185185184,0.0,0.82421875,0.82421875,0.87890625,0.88671875,0.88671875,0.91796875,0.5,global_gap_early_commit,False,4,4,,primary,global_gap_early_commit,0.88671875,0.91796875,0.9453125,14.0,3.411891988478601,True,tie_pass,False,False,False,False,False,False,4,4,,primary,global_gap_early_commit,0.88671875,0.91796875,0.9453125,14.0,3.4145666658878326,True,tie_pass,False,False,False,False,False,False,4,4,,primary,global_gap_early_commit,0.88671875,0.91796875,0.9453125,14.0,3.4506683591753244,True,tie_pass,False,False,False,False,False
SingleLineInfilling/HumanEval/101/L11,11,9-12,False,False,True,True,False,4,12,12.0,13.0,1.1018365713231213,0.9157832444808188,0.8311425381180771,0.8271604938271605,12.0,12.0,0.921875,0.86328125,0.3333333333333333,1.0,True,0.18605332684230247,0.16885746188192285,40,12.0,4.0,4.0,12.0,8.0,-0.20512820512820512,-0.3333333333333333,0.6791666666666667,0.7948717948717948,2,5,39,0.94921875,0.97265625,0.9453125,0.9765625,0.96875,0.0006009615384615385,0.0,0.8828125,0.8828125,0.90625,0.9375,0.9296875,0.94140625,0.3333333333333333,global_gap_early_commit,False,12,12,,primary,global_gap_early_commit,0.9375,0.94140625,0.9765625,5.0,3.771875873208046,True,tie_pass,False,False,False,False,False,False,12,12,,primary,global_gap_early_commit,0.9375,0.94140625,0.9765625,5.0,3.8032442973926663,True,tie_pass,False,False,False,False,False,False,12,12,,primary,global_gap_early_commit,0.9375,0.94140625,0.9765625,5.0,4.338313167914748,True,tie_pass,False,False,False,False,False
SingleLineInfilling/HumanEval/101/L12,7,<=8,False,True,False,False,False,4,4,4.0,13.0,0.4563437410998095,0.35993470802977456,0.7887359365602676,0.7247706422018348,4.0,4.0,0.921875,0.90625,0.5,9.0,True,0.09640903307003496,0.21126406343973236,28,4.0,2.0,2.0,4.0,3.0,-0.07407407407407407,0.0,0.7767857142857143,0.9259259259259259,3,14,23,0.419921875,0.9609375,0.419921875,0.9609375,0.6328125,0.02003761574074074,0.0,0.90625,0.1318359375,0.1572265625,0.921875,0.419921875,0.5078125,0.5,global_gap_early_commit,False,4,4,,primary,global_gap_early_commit,0.921875,0.5078125,0.9609375,14.0,3.134159673936665,False,tie_fail,False,False,False,False,False,False,4,4,,primary,global_gap_early_commit,0.921875,0.5078125,0.9609375,14.0,3.6412564273923635,False,tie_fail,False,False,False,False,False,False,4,4,,primary,global_gap_early_commit,0.921875,0.5078125,0.9609375,14.0,3.117751714773476,False,tie_fail,False,False,False,False,False
SingleLineInfilling/HumanEval/101/L3,6,<=8,False,True,True,True,False,3,5,5.0,13.0,1.1013825725753201,0.6241905696212546,0.56673365383087,0.53515625,5.0,5.0,1.0,1.0,0.6,8.0,True,0.4771920029540655,0.43326634616912996,28,5.0,3.0,3.0,5.0,4.0,-0.07407407407407407,0.0,0.7785714285714286,0.9259259259259259,3,12,19,1.0,1.0,1.0,1.0,1.0,0.0,0.0,1.0,1.0,1.0,1.0,1.0,1.0,0.6,global_gap_early_commit,False,5,5,,primary,global_gap_early_commit,1.0,1.0,1.0,12.0,3.4031743993982673,True,tie_pass,False,False,False,False,False,False,5,5,,primary,global_gap_early_commit,1.0,1.0,1.0,12.0,3.445048000663519,True,tie_pass,False,False,False,False,False,False,5,5,,primary,global_gap_early_commit,1.0,1.0,1.0,12.0,3.4590022498741746,True,tie_pass,False,False,False,False,False
SingleLineInfilling/HumanEval/101/L5,7,<=8,False,True,True,True,False,2,7,7.0,14.0,1.1238436146785018,0.6864659114310121,0.6108197817428447,0.5859375,7.0,7.0,1.0,1.0,0.5714285714285714,7.0,True,0.4373777032474897,0.3891802182571553,28,7.0,4.0,4.0,7.0,5.0,-0.1111111111111111,0.0,0.7704081632653061,0.8888888888888888,3,8,22,1.0,1.0,1.0,1.0,1.0,0.0,0.0,1.0,1.0,1.0,1.0,1.0,1.0,0.5714285714285714,global_gap_early_commit,False,7,7,,primary,global_gap_early_commit,1.0,1.0,1.0,8.0,3.063529253937304,True,tie_pass,False,False,False,False,False,False,7,7,,primary,global_gap_early_commit,1.0,1.0,1.0,8.0,3.0855988590046763,True,tie_pass,False,False,False,False,False,False,7,7,,primary,global_gap_early_commit,1.0,1.0,1.0,8.0,4.094663199968636,True,tie_pass,False,False,False,False,False
SingleLineInfilling/HumanEval/101/L6,7,<=8,False,True,True,True,False,4,7,5.0,20.0,1.0540575401599743,0.6872886456001829,0.652040917515635,0.6,5.0,7.0,0.83984375,0.71875,0.5714285714285714,13.0,True,0.36676889455979145,0.347959082484365,28,7.0,4.0,4.0,7.0,5.0,-0.1111111111111111,0.0,0.7704081632653061,0.8888888888888888,3,8,22,0.8984375,0.91015625,0.8984375,0.9140625,0.90625,0.00043402777777777775,0.0,0.71875,0.71875,0.798828125,0.83984375,0.83984375,0.884765625,0.5714285714285714,global_gap_early_commit,False,7,7,,primary,global_gap_early_commit,0.83984375,0.884765625,0.9140625,8.0,3.3055493999272585,True,tie_pass,False,False,False,False,False,False,7,7,,primary,global_gap_early_commit,0.83984375,0.884765625,0.9140625,8.0,3.344893974252045,True,tie_pass,False,False,False,False,False,False,7,7,,primary,global_gap_early_commit,0.83984375,0.884765625,0.9140625,8.0,4.530185227282345,True,tie_pass,False,False,False,False,False
SingleLineInfilling/HumanEval/101/L7,7,<=8,False,True,False,False,False,2,6,6.0,14.0,1.0047571135032036,0.736806744935953,0.7333182667072541,0.696969696969697,6.0,6.0,0.97265625,0.94921875,0.5,8.0,True,0.26795036856725063,0.2666817332927459,28,6.0,3.0,3.0,6.0,5.0,-0.1111111111111111,-0.3333333333333333,0.7738095238095238,0.8888888888888888,2,10,26,0.90234375,0.984375,0.90234375,0.984375,0.9140625,0.0030381944444444445,0.03515625,0.94921875,0.8046875,0.83984375,0.97265625,0.87109375,0.8984375,0.5,global_gap_early_commit,False,6,6,,primary,global_gap_early_commit,0.97265625,0.8984375,0.984375,10.0,3.106264913454652,False,tie_fail,False,False,False,False,False,False,6,6,,primary,global_gap_early_commit,0.97265625,0.8984375,0.984375,10.0,3.12884081248194,False,tie_fail,False,False,False,False,False,False,6,6,,primary,global_gap_early_commit,0.97265625,0.8984375,0.984375,10.0,3.144089365378022,False,tie_fail,False,False,False,False,False
SingleLineInfilling/HumanEval/101/L8,4,<=8,False,True,True,True,False,1,18,4.0,14.0,1.086734862526058,0.796300457259974,0.7327458469575693,0.6796875,4.0,18.0,0.890625,0.81640625,0.3333333333333333,-4.0,False,0.290434405266084,0.2672541530424307,41,18.0,6.0,6.0,18.0,12.0,-0.3,-0.3333333333333333,0.6720867208672087,0.7,2,3,40,0.9140625,0.9609375,0.89453125,0.9609375,0.9453125,0.001171875,0.0,0.8359375,0.8046875,0.859375,0.90234375,0.88671875,0.9140625,0.3333333333333333,global_gap_early_commit,False,18,18,,primary,global_gap_early_commit,0.90234375,0.9140625,0.9609375,3.0,4.779419949278235,True,tie_pass,False,False,False,False,False,False,18,18,,primary,global_gap_early_commit,0.90234375,0.9140625,0.9609375,3.0,4.7699976451694965,True,tie_pass,False,False,False,False,False,False,18,18,,primary,global_gap_early_commit,0.90234375,0.9140625,0.9609375,3.0,5.507583177648485,True,tie_pass,False,False,False,False,False
SingleLineInfilling/HumanEval/101/L9,8,<=8,False,True,True,True,False,0,8,8.0,14.0,1.1284585576188617,0.7322303055264129,0.6488765587204883,0.6274509803921569,8.0,8.0,0.99609375,0.99609375,0.5,6.0,True,0.39622825209244883,0.35112344127951167,28,8.0,4.0,4.0,8.0,6.0,-0.14814814814814814,-0.3333333333333333,0.7767857142857143,0.8518518518518519,2,8,27,0.99609375,1.0,0.99609375,1.0,1.0,0.00014467592592592592,0.0,0.99609375,0.99609375,0.99609375,0.99609375,0.99609375,0.99609375,0.5,global_gap_early_commit,False,8,8,,primary,global_gap_early_commit,0.99609375,0.99609375,1.0,8.0,2.9839270152151585,True,tie_pass,False,False,False,False,False,False,8,8,,primary,global_gap_early_commit,0.99609375,0.99609375,1.0,8.0,3.000259915366769,True,tie_pass,False,False,False,False,False,False,8,8,,primary,global_gap_early_commit,0.99609375,0.99609375,1.0,8.0,4.278358943760395,True,tie_pass,False,False,False,False,False
SingleLineInfilling/HumanEval/102/L0,7,<=8,False,True,False,False,False,4,11,11.0,16.0,1.0509922578992628,0.632015603968147,0.6013513412852615,0.5879828326180258,11.0,11.0,0.8359375,0.67578125,0.36363636363636365,5.0,True,0.4189766539311157,0.39864865871473854,40,11.0,4.0,4.0,11.0,7.5,-0.1794871794871795,-0.3333333333333333,0.6795454545454546,0.8205128205128205,2,5,37,0.91015625,0.94140625,0.90625,0.9453125,0.91015625,0.0008012820512820513,0.0,0.67578125,0.67578125,0.80078125,0.8359375,0.8359375,0.88671875,0.36363636363636365,global_gap_early_commit,False,11,11,,primary,global_gap_early_commit,0.8359375,0.88671875,0.9453125,5.0,3.0335987834259868,False,tie_fail,False,False,False,False,False,False,11,11,,primary,global_gap_early_commit,0.8359375,0.88671875,0.9453125,5.0,3.0541061209514737,False,tie_fail,False,False,False,False,False,False,11,11,,primary,global_gap_early_commit,0.8359375,0.88671875,0.9453125,5.0,3.4984834203496575,False,tie_fail,False,False,False,False,False
SingleLineInfilling/HumanEval/102/L1,5,<=8,False,True,False,False,False,2,9,5.0,24.0,1.0927780212270755,1.0871777239456542,0.9948751739395959,0.905511811023622,5.0,9.0,1.0,1.0,0.3333333333333333,15.0,True,0.005600297281421307,0.005124826060404097,40,9.0,3.0,3.0,9.0,6.0,-0.15384615384615385,-0.3333333333333333,0.6777777777777778,0.8461538461538461,2,7,39,0.953125,0.9921875,0.88671875,0.99609375,0.9921875,0.001001602564102564,0.0,0.9609375,0.8125,0.9609375,0.98046875,0.87109375,0.98046875,0.3333333333333333,global_gap_early_commit,False,9,9,,primary,global_gap_early_commit,0.98046875,0.98046875,0.99609375,7.0,2.949655077420175,False,tie_fail,False,False,False,False,False,False,9,9,,primary,global_gap_early_commit,0.98046875,0.98046875,0.99609375,7.0,2.9427911173552275,False,tie_fail,False,False,False,False,False,False,9,9,,primary,global_gap_early_commit,0.98046875,0.98046875,0.99609375,7.0,4.253189922310412,False,tie_fail,False,False,False,False,False
SingleLineInfilling/HumanEval/102/L2,11,9-12,False,False,True,True,False,3,11,11.0,20.0,1.118652703686769,0.9584637574696427,0.8568018959868527,0.803921568627451,11.0,11.0,0.97265625,0.9453125,0.36363636363636365,9.0,True,0.16018894621712632,0.14319810401314725,40,11.0,4.0,4.0,11.0,7.5,-0.1794871794871795,-0.3333333333333333,0.6795454545454546,0.8205128205128205,2,5,37,0.96875,0.98828125,0.96875,0.9921875,0.984375,0.000500801282051282,-0.001953125,0.9453125,0.9453125,0.95703125,0.97265625,0.96484375,0.9765625,0.36363636363636365,global_gap_early_commit,False,11,11,,primary,global_gap_early_commit,0.97265625,0.9765625,0.9921875,5.0,3.064678229391575,True,tie_pass,False,False,False,False,False,False,11,11,,primary,global_gap_early_commit,0.97265625,0.9765625,0.9921875,5.0,3.070734946988523,True,tie_pass,False,False,False,False,False,False,11,11,,primary,global_gap_early_commit,0.97265625,0.9765625,0.9921875,5.0,3.921482242643833,True,tie_pass,False,False,False,False,False
SingleLineInfilling/HumanEval/102/L3,4,<=8,False,True,False,False,False,3,7,4.0,20.0,1.086734862526058,0.8836568300573779,0.8131301024091232,0.73828125,4.0,7.0,0.87109375,0.75390625,0.5714285714285714,13.0,True,0.20307803246868006,0.1868698975908768,28,7.0,4.0,4.0,7.0,5.0,-0.1111111111111111,0.0,0.7704081632653061,0.8888888888888888,3,8,22,0.9140625,0.92578125,0.9140625,0.92578125,0.9140625,0.00043402777777777775,0.0,0.75390625,0.75390625,0.806640625,0.87109375,0.87109375,0.892578125,0.5714285714285714,global_gap_early_commit,False,7,7,,primary,global_gap_early_commit,0.87109375,0.892578125,0.92578125,8.0,2.509883032180369,False,tie_fail,False,False,False,False,False,False,7,7,,primary,global_gap_early_commit,0.87109375,0.892578125,0.92578125,8.0,2.5438660718500614,False,tie_fail,False,False,False,False,False,False,7,7,,primary,global_gap_early_commit,0.87109375,0.892578125,0.92578125,8.0,2.4965813057497144,False,tie_fail,False,False,False,False,False
SingleLineInfilling/HumanEval/102/L4,7,<=8,False,True,False,False,False,4,4,4.0,14.0,1.086734862526058,0.7185009872977927,0.661155735473209,0.61328125,4.0,4.0,1.0,0.99609375,0.5,10.0,True,0.36823387522826534,0.33884426452679095,28,4.0,2.0,2.0,4.0,3.0,-0.07407407407407407,0.0,0.7767857142857143,0.9259259259259259,3,14,23,1.0,0.9609375,0.9609375,1.0,1.0,-0.0014467592592592592,0.0,0.99609375,0.99609375,0.99609375,1.0,0.99609375,0.99609375,0.5,global_gap_early_commit,False,4,4,,primary,global_gap_early_commit,1.0,0.99609375,1.0,14.0,2.509703525342047,False,tie_fail,False,False,False,False,False,False,4,4,,primary,global_gap_early_commit,1.0,0.99609375,1.0,14.0,2.527575778774917,False,tie_fail,False,False,False,False,False,False,4,4,,primary,global_gap_early_commit,1.0,0.99609375,1.0,14.0,2.5247470680624247,False,tie_fail,False,False,False,False,False
SingleLineInfilling/HumanEval/102/L5,5,<=8,False,True,True,True,False,0,5,5.0,20.0,1.0583598158340968,0.6779377796736498,0.6405551018954407,0.5894308943089431,5.0,5.0,0.91796875,0.875,0.6,15.0,True,0.380422036160447,0.35944489810455926,28,5.0,3.0,3.0,5.0,4.0,-0.07407407407407407,0.0,0.7785714285714286,0.9259259259259259,3,12,19,0.9609375,0.94921875,0.94921875,0.9609375,0.9609375,-0.00043402777777777775,0.0,0.875,0.875,0.9296875,0.91796875,0.91796875,0.94921875,0.6,global_gap_early_commit,False,5,5,,primary,global_gap_early_commit,0.91796875,0.94921875,0.9609375,12.0,2.661537420935929,True,tie_pass,False,False,False,False,False,False,5,5,,primary,global_gap_early_commit,0.91796875,0.94921875,0.9609375,12.0,2.6693280236795545,True,tie_pass,False,False,False,False,False,False,5,5,,primary,global_gap_early_commit,0.91796875,0.94921875,0.9609375,12.0,3.928423149511218,True,tie_pass,False,False,False,False,False
SingleLineInfilling/HumanEval/102/L6,7,<=8,False,True,False,False,False,3,3,3.0,14.0,0.5152930293555196,0.455355721249238,0.8836830605272391,0.805668016194332,3.0,3.0,0.65234375,0.412109375,0.3333333333333333,11.0,True,0.05993730810628156,0.1163169394727609,33,3.0,1.0,1.0,3.0,2.0,-0.0625,-0.3333333333333333,0.7575757575757576,0.9375,2,21,32,0.482421875,0.53125,0.482421875,0.53125,0.53125,0.00152587890625,0.0,0.11669921875,0.11669921875,0.11669921875,0.296875,0.296875,0.296875,0.3333333333333333,global_gap_early_commit,True,32,3,32,rescue,global_gap_early_commit,0.296875,0.296875,0.53125,21.0,4.989949246868491,False,tie_fail,False,False,False,False,False,True,24,3,24,rescue,global_gap_early_commit,0.296875,0.296875,0.53125,21.0,5.206154661253095,False,tie_fail,False,False,False,False,False,True,24,3,24,rescue,global_gap_early_commit,0.296875,0.296875,0.53125,21.0,8.321652892045677,False,tie_fail,False,False,False,False,False
SingleLineInfilling/HumanEval/103/L0,7,<=8,False,True,True,True,False,4,7,7.0,15.0,1.1018935440793123,0.8593441340114991,0.7798794526285427,0.7450199203187251,7.0,7.0,0.9609375,0.9296875,0.5714285714285714,8.0,True,0.24254941006781316,0.22012054737145725,28,7.0,4.0,4.0,7.0,5.0,-0.1111111111111111,0.0,0.7704081632653061,0.8888888888888888,3,8,22,0.98046875,0.9765625,0.9765625,0.98046875,0.98046875,-0.00014467592592592592,0.0,0.9296875,0.9296875,0.95703125,0.9609375,0.9609375,0.97265625,0.5714285714285714,global_gap_early_commit,False,7,7,,primary,global_gap_early_commit,0.9609375,0.97265625,0.98046875,8.0,3.9433957943692803,True,tie_pass,False,False,False,False,False,False,7,7,,primary,global_gap_early_commit,0.9609375,0.97265625,0.98046875,8.0,3.906718486919999,True,tie_pass,False,False,False,False,False,False,7,7,,primary,global_gap_early_commit,0.9609375,0.97265625,0.98046875,8.0,5.69021559599787,True,tie_pass,False,False,False,False,False
SingleLineInfilling/HumanEval/103/L1,5,<=8,False,True,True,True,False,2,5,5.0,13.0,1.1013825725753201,0.46016969001274977,0.417810941875313,0.39453125,5.0,5.0,1.0,0.99609375,0.6,8.0,True,0.6412128825625704,0.582189058124687,28,5.0,3.0,3.0,5.0,4.0,-0.07407407407407407,0.0,0.7785714285714286,0.9259259259259259,3,12,19,1.0,1.0,1.0,1.0,1.0,0.0,0.0,0.99609375,0.99609375,1.0,1.0,1.0,1.0,0.6,global_gap_early_commit,False,5,5,,primary,global_gap_early_commit,1.0,1.0,1.0,12.0,3.7417770428583026,True,tie_pass,False,False,False,False,False,False,5,5,,primary,global_gap_early_commit,1.0,1.0,1.0,12.0,3.7531311213970184,True,tie_pass,False,False,False,False,False,False,5,5,,primary,global_gap_early_commit,1.0,1.0,1.0,12.0,3.781721885316074,True,tie_pass,False,False,False,False,False
SingleLineInfilling/HumanEval/103/L2,6,<=8,False,True,True,True,False,1,6,6.0,24.0,1.109147462958082,0.6712140730447081,0.605162158740001,0.5568627450980392,6.0,6.0,1.0,1.0,0.5,18.0,True,0.4379333899133738,0.394837841259999,28,6.0,3.0,3.0,6.0,5.0,-0.1111111111111111,-0.3333333333333333,0.7738095238095238,0.8888888888888888,2,10,26,0.99609375,1.0,0.99609375,1.0,0.99609375,0.00014467592592592592,0.0,1.0,0.9921875,0.9921875,1.0,0.99609375,0.99609375,0.5,global_gap_early_commit,False,6,6,,primary,global_gap_early_commit,1.0,0.99609375,1.0,10.0,3.5615873830392957,True,tie_pass,False,False,False,False,False,False,6,6,,primary,global_gap_early_commit,1.0,0.99609375,1.0,10.0,4.184360311366618,True,tie_pass,False,False,False,False,False,False,6,6,,primary,global_gap_early_commit,1.0,0.99609375,1.0,10.0,3.641164133325219,True,tie_pass,False,False,False,False,False
SingleLineInfilling/HumanEval/103/L3,12,9-12,False,False,True,True,False,3,13,12.0,13.0,1.1517139469797235,1.148146157259534,0.9969021910956746,0.9921259842519685,12.0,13.0,1.0,0.99609375,0.3076923076923077,0.0,False,0.0035677897201895625,0.0030978089043254275,42,13.0,4.0,4.0,13.0,9.0,-0.21951219512195122,-0.3333333333333333,0.6648351648351648,0.7804878048780488,2,4,41,0.984375,0.96484375,0.96484375,0.9921875,0.98828125,-0.0004763719512195122,0.0,0.98046875,0.96875,0.9765625,0.98828125,0.9765625,0.984375,0.3076923076923077,global_gap_early_commit,False,13,13,,primary,global_gap_early_commit,0.98828125,0.984375,0.9921875,4.0,4.016601615585387,True,tie_pass,False,False,False,False,False,False,13,13,,primary,global_gap_early_commit,0.98828125,0.984375,0.9921875,4.0,6.659871066920459,True,tie_pass,False,False,False,False,False,False,13,13,,primary,global_gap_early_commit,0.98828125,0.984375,0.9921875,4.0,4.099776620045304,True,tie_pass,False,False,False,False,False
SingleLineInfilling/HumanEval/103/L4,5,<=8,False,True,True,True,False,1,5,5.0,13.0,1.0927780212270755,0.4875065032808339,0.4461166804337948,0.421259842519685,5.0,5.0,0.9921875,0.984375,0.6,8.0,True,0.6052715179462416,0.5538833195662052,28,5.0,3.0,3.0,5.0,4.0,-0.07407407407407407,0.0,0.7785714285714286,0.9259259259259259,3,12,19,0.9921875,0.99609375,0.9921875,0.99609375,0.9921875,0.00014467592592592592,0.0,0.984375,0.984375,0.984375,0.9921875,0.9921875,0.9921875,0.6,global_gap_early_commit,False,5,5,,primary,global_gap_early_commit,0.9921875,0.9921875,0.99609375,12.0,3.6971250995993614,True,tie_pass,False,False,False,False,False,False,5,5,,primary,global_gap_early_commit,0.9921875,0.9921875,0.99609375,12.0,5.984103184193373,True,tie_pass,False,False,False,False,False,False,5,5,,primary,global_gap_early_commit,0.9921875,0.9921875,0.99609375,12.0,3.662216397933662,True,tie_pass,False,False,False,False,False
SingleLineInfilling/HumanEval/103/L5,16,13-16,False,False,False,False,False,0,3,3.0,13.0,0.6508964581332879,0.27792426822552213,0.42698691128629546,0.391025641025641,3.0,3.0,,,0.0,10.0,True,0.37297218990776576,0.5730130887137046,54,3.0,0.0,0.0,3.0,2.0,-0.05660377358490566,-0.3333333333333333,0.5864197530864198,0.9433962264150944,2,21,53,0.609375,0.81640625,0.609375,0.81640625,0.625,0.00390625,0.0,0.052734375,0.052734375,0.2255859375,0.453125,0.4375,0.453125,0.0,no_remaining_masks,True,32,3,32,rescue,no_remaining_masks,0.453125,0.453125,0.81640625,21.0,7.943558933213353,False,tie_fail,False,False,False,False,False,True,24,3,24,rescue,no_remaining_masks,0.453125,0.453125,0.81640625,21.0,12.868778396397829,False,tie_fail,False,False,False,False,False,True,24,3,24,rescue,no_remaining_masks,0.453125,0.453125,0.81640625,21.0,9.947480274364352,False,tie_fail,False,False,False,False,False
SingleLineInfilling/HumanEval/104/L0,8,<=8,False,True,True,True,False,2,8,8.0,13.0,1.1328838852957985,0.9066709733914574,0.8003211848624041,0.77734375,8.0,8.0,1.0,1.0,0.5,5.0,True,0.22621291190434112,0.1996788151375959,28,8.0,4.0,4.0,8.0,6.0,-0.14814814814814814,-0.3333333333333333,0.7767857142857143,0.8518518518518519,2,8,27,1.0,0.9921875,0.9921875,1.0,1.0,-0.00028935185185185184,0.0,1.0,1.0,1.0,1.0,1.0,1.0,0.5,global_gap_early_commit,False,8,8,,primary,global_gap_early_commit,1.0,1.0,1.0,8.0,2.609270636923611,True,tie_pass,False,False,False,False,False,False,8,8,,primary,global_gap_early_commit,1.0,1.0,1.0,8.0,4.230326497927308,True,tie_pass,False,False,False,False,False,False,8,8,,primary,global_gap_early_commit,1.0,1.0,1.0,8.0,3.804929355159402,True,tie_pass,False,False,False,False,False
SingleLineInfilling/HumanEval/104/L1,7,<=8,False,True,True,True,False,0,7,7.0,14.0,1.1238436146785018,0.7047716690691724,0.6271083092559873,0.6015625,7.0,7.0,1.0,1.0,0.5714285714285714,7.0,True,0.41907194560932937,0.37289169074401274,28,7.0,4.0,4.0,7.0,5.0,-0.1111111111111111,0.0,0.7704081632653061,0.8888888888888888,3,8,22,1.0,1.0,1.0,1.0,1.0,0.0,0.0,1.0,1.0,1.0,1.0,1.0,1.0,0.5714285714285714,global_gap_early_commit,False,7,7,,primary,global_gap_early_commit,1.0,1.0,1.0,8.0,2.702752761542797,True,tie_pass,False,False,False,False,False,False,7,7,,primary,global_gap_early_commit,1.0,1.0,1.0,8.0,4.589021652005613,True,tie_pass,False,False,False,False,False,False,7,7,,primary,global_gap_early_commit,1.0,1.0,1.0,8.0,3.855128485709429,True,tie_pass,False,False,False,False,False
SingleLineInfilling/HumanEval/104/L2,20,17-24,True,False,False,False,True,2,6,6.0,13.0,0.9656107324576242,0.5262336554106197,0.5449749445838036,0.5202702702702703,6.0,6.0,0.7578125,0.671875,0.5,7.0,True,0.43937707704700446,0.4550250554161964,28,6.0,3.0,3.0,6.0,5.0,-0.1111111111111111,-0.3333333333333333,0.7738095238095238,0.8888888888888888,2,10,26,0.8671875,0.87890625,0.85546875,0.87890625,0.8671875,0.00043402777777777775,0.005859375,0.671875,0.671875,0.7734375,0.7578125,0.7578125,0.828125,0.5,global_gap_early_commit,False,6,6,,primary,global_gap_early_commit,0.7578125,0.828125,0.87890625,10.0,2.5367030389606953,False,tie_fail,False,False,True,False,False,False,6,6,,primary,global_gap_early_commit,0.7578125,0.828125,0.87890625,10.0,4.570358004420996,False,tie_fail,False,False,True,False,False,False,6,6,,primary,global_gap_early_commit,0.7578125,0.828125,0.87890625,10.0,2.9477000823244452,False,tie_fail,False,False,True,False,False
SingleLineInfilling/HumanEval/104/L3,9,9-12,False,False,True,True,False,0,9,9.0,13.0,1.1409183116147532,0.7790991781403981,0.6828702547842633,0.66796875,9.0,9.0,0.99609375,0.99609375,0.3333333333333333,4.0,True,0.3618191334743551,0.31712974521573667,40,9.0,3.0,3.0,9.0,6.0,-0.15384615384615385,-0.3333333333333333,0.6777777777777778,0.8461538461538461,2,7,39,1.0,1.0,1.0,1.0,1.0,0.0,0.0,0.99609375,0.99609375,1.0,1.0,1.0,1.0,0.3333333333333333,global_gap_early_commit,False,9,9,,primary,global_gap_early_commit,1.0,1.0,1.0,7.0,3.139524224214256,True,tie_pass,False,False,False,False,False,False,9,9,,primary,global_gap_early_commit,1.0,1.0,1.0,7.0,5.773949193768203,True,tie_pass,False,False,False,False,False,False,9,9,,primary,global_gap_early_commit,1.0,1.0,1.0,7.0,4.378503965213895,True,tie_pass,False,False,False,False,False
SingleLineInfilling/HumanEval/104/L4,10,9-12,False,False,False,False,False,4,3,3.0,14.0,0.6884481768717468,0.4439146227253878,0.6448047037360172,0.5878787878787879,3.0,3.0,0.71875,0.51171875,0.3333333333333333,11.0,True,0.24453355414635897,0.35519529626398283,33,3.0,1.0,1.0,3.0,2.0,-0.0625,-0.3333333333333333,0.7575757575757576,0.9375,2,21,32,0.64453125,0.68359375,0.64453125,0.68359375,0.68359375,0.001220703125,0.0,0.2578125,0.2578125,0.2578125,0.52734375,0.52734375,0.52734375,0.3333333333333333,global_gap_early_commit,False,3,3,,primary,global_gap_early_commit,0.52734375,0.52734375,0.68359375,21.0,2.8901275293901563,False,tie_fail,False,False,False,False,False,False,3,3,,primary,global_gap_early_commit,0.52734375,0.52734375,0.68359375,21.0,5.508504548110068,False,tie_fail,False,False,False,False,False,True,24,3,24,rescue,global_gap_early_commit,0.52734375,0.52734375,0.68359375,21.0,9.154956286773086,False,tie_fail,False,False,False,False,False
SingleLineInfilling/HumanEval/105/L0,5,<=8,False,True,True,True,False,0,5,5.0,13.0,1.1013825725753201,0.9248955155701801,0.8397586257493913,0.79296875,5.0,5.0,1.0,1.0,0.6,8.0,True,0.17648705700514,0.1602413742506087,28,5.0,3.0,3.0,5.0,4.0,-0.07407407407407407,0.0,0.7785714285714286,0.9259259259259259,3,12,19,1.0,1.0,1.0,1.0,1.0,0.0,0.0,1.0,1.0,1.0,1.0,1.0,1.0,0.6,global_gap_early_commit,False,5,5,,primary,global_gap_early_commit,1.0,1.0,1.0,12.0,5.8269326481968164,True,tie_pass,False,False,False,False,False,False,5,5,,primary,global_gap_early_commit,1.0,1.0,1.0,12.0,10.429200063459575,True,tie_pass,False,False,False,False,False,False,5,5,,primary,global_gap_early_commit,1.0,1.0,1.0,12.0,8.767350380308926,True,tie_pass,False,False,False,False,False
SingleLineInfilling/HumanEval/105/L1,8,<=8,False,True,True,True,False,3,16,16.0,16.0,1.162539651094694,1.162539651094694,1.0,0.984375,16.0,16.0,0.98046875,0.97265625,0.375,0.0,False,0.0,0.0,40,16.0,6.0,6.0,16.0,11.0,-0.2564102564102564,-0.3333333333333333,0.6796875,0.7435897435897436,2,4,37,0.984375,0.9921875,0.984375,0.9921875,0.9921875,0.00020032051282051281,0.0,0.97265625,0.97265625,0.98046875,0.98046875,0.98046875,0.98828125,0.375,global_gap_early_commit,False,16,16,,primary,global_gap_early_commit,0.98046875,0.98828125,0.9921875,4.0,6.52494381647557,True,tie_pass,False,False,False,False,False,False,16,16,,primary,global_gap_early_commit,0.98046875,0.98828125,0.9921875,4.0,11.689298183657229,True,tie_pass,False,False,False,False,False,False,16,16,,primary,global_gap_early_commit,0.98046875,0.98828125,0.9921875,4.0,9.140276849269867,True,tie_pass,False,False,False,False,False
SingleLineInfilling/HumanEval/105/L10,3,<=8,False,True,True,True,False,3,17,3.0,14.0,1.0597929510631738,0.8649470484030752,0.8161471988800916,0.7440944881889764,3.0,17.0,0.953125,0.9140625,0.35294117647058826,-3.0,False,0.1948459026600986,0.18385280111990843,40,17.0,6.0,6.0,17.0,11.5,-0.28205128205128205,-0.3333333333333333,0.6779411764705883,0.717948717948718,2,3,39,0.81640625,0.984375,0.78515625,0.984375,0.87890625,0.004306891025641026,0.0,0.9375,0.625,0.828125,0.96484375,0.703125,0.859375,0.35294117647058826,global_gap_early_commit,False,17,17,,primary,global_gap_early_commit,0.96484375,0.859375,0.984375,3.0,7.416819495148957,True,tie_pass,False,False,False,False,False,False,17,17,,primary,global_gap_early_commit,0.96484375,0.859375,0.984375,3.0,11.002062166109681,True,tie_pass,False,False,False,False,False,False,17,17,,primary,global_gap_early_commit,0.96484375,0.859375,0.984375,3.0,7.423237673006952,True,tie_pass,False,False,False,False,False
SingleLineInfilling/HumanEval/105/L11,11,9-12,False,False,False,False,False,0,8,8.0,14.0,1.0886306085264315,1.0754632612419188,0.9879046692409872,0.9552845528455285,8.0,8.0,0.94140625,0.8984375,0.5,6.0,True,0.013167347284512632,0.012095330759012812,28,8.0,4.0,4.0,8.0,6.0,-0.14814814814814814,-0.3333333333333333,0.7767857142857143,0.8518518518518519,2,8,27,0.9609375,0.97265625,0.9609375,0.97265625,0.96484375,0.00043402777777777775,0.0,0.921875,0.8984375,0.921875,0.95703125,0.9453125,0.95703125,0.5,global_gap_early_commit,False,8,8,,primary,global_gap_early_commit,0.95703125,0.95703125,0.97265625,8.0,5.324567288160324,False,tie_fail,False,False,False,False,False,False,8,8,,primary,global_gap_early_commit,0.95703125,0.95703125,0.97265625,8.0,8.009980282746255,False,tie_fail,False,False,False,False,False,False,8,8,,primary,global_gap_early_commit,0.95703125,0.95703125,0.97265625,8.0,5.331466485746205,False,tie_fail,False,False,False,False,False
SingleLineInfilling/HumanEval/105/L12,6,<=8,False,True,True,True,False,3,6,6.0,20.0,1.1134970608520351,0.7433938411593815,0.6676208382539824,0.62109375,6.0,6.0,1.0,1.0,0.5,14.0,True,0.3701032196926537,0.33237916174601756,28,6.0,3.0,3.0,6.0,5.0,-0.1111111111111111,-0.3333333333333333,0.7738095238095238,0.8888888888888888,2,10,26,1.0,1.0,1.0,1.0,1.0,0.0,0.0,1.0,1.0,1.0,1.0,1.0,1.0,0.5,global_gap_early_commit,False,6,6,,primary,global_gap_early_commit,1.0,1.0,1.0,10.0,5.907666622661054,True,tie_pass,False,False,False,False,False,False,6,6,,primary,global_gap_early_commit,1.0,1.0,1.0,10.0,8.889616099186242,True,tie_pass,False,False,False,False,False,False,6,6,,primary,global_gap_early_commit,1.0,1.0,1.0,10.0,5.874667511321604,True,tie_pass,False,False,False,False,False
SingleLineInfilling/HumanEval/105/L13,8,<=8,False,True,True,True,False,4,8,8.0,15.0,1.1328838852957985,0.7720310936573896,0.681474159600929,0.65625,8.0,8.0,1.0,1.0,0.5,7.0,True,0.3608527916384089,0.31852584039907095,28,8.0,4.0,4.0,8.0,6.0,-0.14814814814814814,-0.3333333333333333,0.7767857142857143,0.8518518518518519,2,8,27,1.0,1.0,1.0,1.0,1.0,0.0,0.0,1.0,1.0,1.0,1.0,1.0,1.0,0.5,global_gap_early_commit,False,8,8,,primary,global_gap_early_commit,1.0,1.0,1.0,8.0,5.327391132712364,True,tie_pass,False,False,False,False,False,False,8,8,,primary,global_gap_early_commit,1.0,1.0,1.0,8.0,8.056138180196285,True,tie_pass,False,False,False,False,False,False,8,8,,primary,global_gap_early_commit,1.0,1.0,1.0,8.0,5.324822929687798,True,tie_pass,False,False,False,False,False
SingleLineInfilling/HumanEval/105/L14,4,<=8,False,True,True,True,False,1,4,4.0,13.0,1.086734862526058,0.5535704686787039,0.5093887090287675,0.474609375,4.0,4.0,1.0,1.0,0.5,9.0,True,0.5331643938473541,0.49061129097123246,28,4.0,2.0,2.0,4.0,3.0,-0.07407407407407407,0.0,0.7767857142857143,0.9259259259259259,3,14,23,1.0,1.0,1.0,1.0,1.0,0.0,0.0,1.0,1.0,1.0,1.0,1.0,1.0,0.5,global_gap_early_commit,False,4,4,,primary,global_gap_early_commit,1.0,1.0,1.0,14.0,5.698226663284004,True,tie_pass,False,False,False,False,False,False,4,4,,primary,global_gap_early_commit,1.0,1.0,1.0,14.0,8.45316530764103,True,tie_pass,False,False,False,False,False,False,4,4,,primary,global_gap_early_commit,1.0,1.0,1.0,14.0,5.76732321549207,True,tie_pass,False,False,False,False,False
SingleLineInfilling/HumanEval/105/L15,10,9-12,False,False,True,True,False,0,10,10.0,13.0,1.1346986962449663,0.7289816871489105,0.6424451614876387,0.6324110671936759,10.0,10.0,0.92578125,0.87109375,0.3,3.0,True,0.4057170090960558,0.35755483851236125,42,10.0,3.0,3.0,10.0,7.0,-0.17073170731707318,-0.3333333333333333,0.6666666666666666,0.8292682926829268,2,6,41,0.98828125,0.9765625,0.9765625,0.98828125,0.98046875,-0.0002858231707317073,0.0,0.8984375,0.8984375,0.9453125,0.94140625,0.94140625,0.96875,0.3,global_gap_early_commit,False,10,10,,primary,global_gap_early_commit,0.94140625,0.96875,0.98828125,6.0,6.878248914144933,True,tie_pass,False,False,False,False,False,False,10,10,,primary,global_gap_early_commit,0.94140625,0.96875,0.98828125,6.0,10.40769518725574,True,tie_pass,False,False,False,False,False,False,10,10,,primary,global_gap_early_commit,0.94140625,0.96875,0.98828125,6.0,6.882771028205752,True,tie_pass,False,False,False,False,False
SingleLineInfilling/HumanEval/105/L16,4,<=8,False,True,True,True,False,1,4,4.0,13.0,1.086734862526058,0.46016969001274977,0.4234424659416093,0.39453125,4.0,4.0,1.0,1.0,0.5,9.0,True,0.6265651725133082,0.5765575340583907,28,4.0,2.0,2.0,4.0,3.0,-0.07407407407407407,0.0,0.7767857142857143,0.9259259259259259,3,14,23,1.0,1.0,1.0,1.0,1.0,0.0,0.0,1.0,1.0,1.0,1.0,1.0,1.0,0.5,global_gap_early_commit,False,4,4,,primary,global_gap_early_commit,1.0,1.0,1.0,14.0,5.697639767080545,True,tie_pass,False,False,False,False,False,False,4,4,,primary,global_gap_early_commit,1.0,1.0,1.0,14.0,8.438906372524798,True,tie_pass,False,False,False,False,False,False,4,4,,primary,global_gap_early_commit,1.0,1.0,1.0,14.0,5.726423834450543,True,tie_pass,False,False,False,False,False
SingleLineInfilling/HumanEval/105/L17,3,<=8,False,True,False,False,False,0,7,7.0,13.0,0.9877531769635269,0.4146083345659428,0.4197489253747572,0.3991228070175439,7.0,7.0,0.91796875,0.8671875,0.5714285714285714,6.0,True,0.5731448423975841,0.5802510746252427,28,7.0,4.0,4.0,7.0,5.0,-0.1111111111111111,0.0,0.7704081632653061,0.8888888888888888,3,8,22,0.87890625,0.953125,0.83984375,0.953125,0.86328125,0.0027488425925925927,0.0,0.8671875,0.70703125,0.7890625,0.91796875,0.7734375,0.83984375,0.5714285714285714,global_gap_early_commit,False,7,7,,primary,global_gap_early_commit,0.91796875,0.83984375,0.953125,8.0,5.428437403403223,False,tie_fail,False,False,False,False,False,False,7,7,,primary,global_gap_early_commit,0.91796875,0.83984375,0.953125,8.0,8.585844250395894,False,tie_fail,False,False,False,False,False,False,7,7,,primary,global_gap_early_commit,0.91796875,0.83984375,0.953125,8.0,5.463227688334882,False,tie_fail,False,False,False,False,False
SingleLineInfilling/HumanEval/105/L18,5,<=8,False,True,True,True,False,0,4,4.0,13.0,0.8320313791215131,0.4191644701106235,0.5037844492754486,0.46938775510204084,4.0,4.0,0.984375,0.9765625,0.5,9.0,True,0.4128669090108896,0.49621555072455137,28,4.0,2.0,2.0,4.0,3.0,-0.07407407407407407,0.0,0.7767857142857143,0.9259259259259259,3,14,23,0.765625,0.9921875,0.765625,0.9921875,0.91796875,0.008391203703703705,0.0,0.9765625,0.67578125,0.85546875,0.984375,0.765625,0.890625,0.5,global_gap_early_commit,False,4,4,,primary,global_gap_early_commit,0.984375,0.890625,0.9921875,14.0,5.615985247306526,True,tie_pass,False,False,False,False,False,False,4,4,,primary,global_gap_early_commit,0.984375,0.890625,0.9921875,14.0,9.176891533657908,True,tie_pass,False,False,False,False,False,False,4,4,,primary,global_gap_early_commit,0.984375,0.890625,0.9921875,14.0,5.60214972961694,True,tie_pass,False,False,False,False,False
SingleLineInfilling/HumanEval/105/L2,8,<=8,False,True,True,True,False,1,8,8.0,16.0,1.1328838852957985,1.0056890632485844,0.8877247494662674,0.8515625,8.0,8.0,1.0,1.0,0.5,8.0,True,0.1271948220472141,0.11227525053373255,28,8.0,4.0,4.0,8.0,6.0,-0.14814814814814814,-0.3333333333333333,0.7767857142857143,0.8518518518518519,2,8,27,1.0,1.0,1.0,1.0,1.0,0.0,0.0,1.0,1.0,1.0,1.0,1.0,1.0,0.5,global_gap_early_commit,False,8,8,,primary,global_gap_early_commit,1.0,1.0,1.0,8.0,5.3352291928604245,True,tie_pass,False,False,False,False,False,False,8,8,,primary,global_gap_early_commit,1.0,1.0,1.0,8.0,9.3832844523713,True,tie_pass,False,False,False,False,False,False,8,8,,primary,global_gap_early_commit,1.0,1.0,1.0,8.0,5.4503715839236975,True,tie_pass,False,False,False,False,False
SingleLineInfilling/HumanEval/105/L3,8,<=8,False,True,True,True,False,0,8,8.0,16.0,1.1328838852957985,0.9687830425789116,0.8551476944399824,0.8203125,8.0,8.0,1.0,1.0,0.5,8.0,True,0.16410084271688696,0.1448523055600176,28,8.0,4.0,4.0,8.0,6.0,-0.14814814814814814,-0.3333333333333333,0.7767857142857143,0.8518518518518519,2,8,27,1.0,1.0,1.0,1.0,1.0,0.0,0.0,1.0,1.0,1.0,1.0,1.0,1.0,0.5,global_gap_early_commit,False,8,8,,primary,global_gap_early_commit,1.0,1.0,1.0,8.0,5.320266515016556,True,tie_pass,False,False,False,False,False,False,8,8,,primary,global_gap_early_commit,1.0,1.0,1.0,8.0,9.597669147886336,True,tie_pass,False,False,False,False,False,False,8,8,,primary,global_gap_early_commit,1.0,1.0,1.0,8.0,5.410024140030146,True,tie_pass,False,False,False,False,False
SingleLineInfilling/HumanEval/105/L4,8,<=8,False,True,True,True,False,2,8,8.0,16.0,1.1328838852957985,0.9549432848277842,0.8429312988051255,0.80859375,8.0,8.0,1.0,1.0,0.5,8.0,True,0.1779406004680143,0.15706870119487448,28,8.0,4.0,4.0,8.0,6.0,-0.14814814814814814,-0.3333333333333333,0.7767857142857143,0.8518518518518519,2,8,27,1.0,1.0,1.0,1.0,1.0,0.0,0.0,1.0,1.0,1.0,1.0,1.0,1.0,0.5,global_gap_early_commit,False,8,8,,primary,global_gap_early_commit,1.0,1.0,1.0,8.0,5.3109800815582275,True,tie_pass,False,False,False,False,False,False,8,8,,primary,global_gap_early_commit,1.0,1.0,1.0,8.0,9.528444884344935,True,tie_pass,False,False,False,False,False,False,8,8,,primary,global_gap_early_commit,1.0,1.0,1.0,8.0,5.3279668325558305,True,tie_pass,False,False,False,False,False
SingleLineInfilling/HumanEval/105/L5,8,<=8,False,True,True,True,False,3,8,8.0,16.0,1.1328838852957985,0.9041975064069842,0.7981378481439836,0.765625,8.0,8.0,1.0,1.0,0.5,8.0,True,0.22868637888881438,0.20186215185601641,28,8.0,4.0,4.0,8.0,6.0,-0.14814814814814814,-0.3333333333333333,0.7767857142857143,0.8518518518518519,2,8,27,1.0,1.0,1.0,1.0,1.0,0.0,0.0,1.0,1.0,1.0,1.0,1.0,1.0,0.5,global_gap_early_commit,False,8,8,,primary,global_gap_early_commit,1.0,1.0,1.0,8.0,5.337347624823451,True,tie_pass,False,False,False,False,False,False,8,8,,primary,global_gap_early_commit,1.0,1.0,1.0,8.0,8.37151404004544,True,tie_pass,False,False,False,False,False,False,8,8,,primary,global_gap_early_commit,1.0,1.0,1.0,8.0,5.337966180406511,True,tie_pass,False,False,False,False,False
SingleLineInfilling/HumanEval/105/L6,8,<=8,False,True,True,True,False,0,8,8.0,16.0,1.1328838852957985,0.9134240115744023,0.8062821119005548,0.7734375,8.0,8.0,1.0,1.0,0.5,8.0,True,0.2194598737213962,0.19371788809944523,28,8.0,4.0,4.0,8.0,6.0,-0.14814814814814814,-0.3333333333333333,0.7767857142857143,0.8518518518518519,2,8,27,1.0,1.0,1.0,1.0,1.0,0.0,0.0,1.0,1.0,1.0,1.0,1.0,1.0,0.5,global_gap_early_commit,False,8,8,,primary,global_gap_early_commit,1.0,1.0,1.0,8.0,5.337321716360748,True,tie_pass,False,False,False,False,False,False,8,8,,primary,global_gap_early_commit,1.0,1.0,1.0,8.0,8.456742905080318,True,tie_pass,False,False,False,False,False,False,8,8,,primary,global_gap_early_commit,1.0,1.0,1.0,8.0,5.3361134249717,True,tie_pass,False,False,False,False,False
SingleLineInfilling/HumanEval/105/L7,8,<=8,False,True,True,True,False,4,8,8.0,16.0,1.1328838852957985,0.9918493054974571,0.8755083538314106,0.83984375,8.0,8.0,1.0,1.0,0.5,8.0,True,0.14103457979834144,0.12449164616858943,28,8.0,4.0,4.0,8.0,6.0,-0.14814814814814814,-0.3333333333333333,0.7767857142857143,0.8518518518518519,2,8,27,1.0,1.0,1.0,1.0,1.0,0.0,0.0,1.0,1.0,1.0,1.0,1.0,1.0,0.5,global_gap_early_commit,False,8,8,,primary,global_gap_early_commit,1.0,1.0,1.0,8.0,5.337122092023492,True,tie_pass,False,False,False,False,False,False,8,8,,primary,global_gap_early_commit,1.0,1.0,1.0,8.0,8.348727843724191,True,tie_pass,False,False,False,False,False,False,8,8,,primary,global_gap_early_commit,1.0,1.0,1.0,8.0,5.3327823635190725,True,tie_pass,False,False,False,False,False
SingleLineInfilling/HumanEval/105/L8,8,<=8,False,True,True,True,False,2,8,8.0,16.0,1.1328838852957985,0.9826228003300389,0.8673640900748393,0.83203125,8.0,8.0,1.0,1.0,0.5,8.0,True,0.15026108496575963,0.13263590992516072,28,8.0,4.0,4.0,8.0,6.0,-0.14814814814814814,-0.3333333333333333,0.7767857142857143,0.8518518518518519,2,8,27,1.0,1.0,1.0,1.0,1.0,0.0,0.0,1.0,1.0,1.0,1.0,1.0,1.0,0.5,global_gap_early_commit,False,8,8,,primary,global_gap_early_commit,1.0,1.0,1.0,8.0,5.336021905764937,True,tie_pass,False,False,False,False,False,False,8,8,,primary,global_gap_early_commit,1.0,1.0,1.0,8.0,8.095325456932187,True,tie_pass,False,False,False,False,False,False,8,8,,primary,global_gap_early_commit,1.0,1.0,1.0,8.0,5.333122448064387,True,tie_pass,False,False,False,False,False
SingleLineInfilling/HumanEval/105/L9,8,<=8,False,True,True,True,False,1,8,8.0,16.0,1.0886306085264315,1.0702745994205118,0.9831384411184559,0.943089430894309,8.0,8.0,0.921875,0.83984375,0.5,8.0,True,0.018356009105919613,0.01686155888154406,28,8.0,4.0,4.0,8.0,6.0,-0.14814814814814814,-0.3333333333333333,0.7767857142857143,0.8518518518518519,2,8,27,0.9609375,0.96484375,0.9609375,0.96484375,0.9609375,0.00014467592592592592,0.0,0.8828125,0.8828125,0.89453125,0.94140625,0.94140625,0.9453125,0.5,global_gap_early_commit,False,8,8,,primary,global_gap_early_commit,0.94140625,0.9453125,0.96484375,8.0,5.328416341915727,True,tie_pass,False,False,False,False,False,False,8,8,,primary,global_gap_early_commit,0.94140625,0.9453125,0.96484375,8.0,7.925539801828563,True,tie_pass,False,False,False,False,False,False,8,8,,primary,global_gap_early_commit,0.94140625,0.9453125,0.96484375,8.0,5.326395048759878,True,tie_pass,False,False,False,False,False
SingleLineInfilling/HumanEval/106/L0,5,<=8,False,True,False,False,False,4,7,5.0,13.0,1.1013825725753201,0.6515273828893388,0.5915541058234629,0.55859375,5.0,7.0,0.94921875,0.91796875,0.5714285714285714,6.0,True,0.44985518968598137,0.4084458941765371,28,7.0,4.0,4.0,7.0,5.0,-0.1111111111111111,0.0,0.7704081632653061,0.8888888888888888,3,8,22,0.93359375,0.97265625,0.9296875,0.97265625,0.953125,0.0014467592592592592,0.0,0.91796875,0.87890625,0.908203125,0.94921875,0.91796875,0.94140625,0.5714285714285714,global_gap_early_commit,False,7,7,,primary,global_gap_early_commit,0.94921875,0.94140625,0.97265625,8.0,3.7451108703389764,False,tie_fail,False,False,False,False,False,False,7,7,,primary,global_gap_early_commit,0.94921875,0.94140625,0.97265625,8.0,6.197514805942774,False,tie_fail,False,False,False,False,False,False,7,7,,primary,global_gap_early_commit,0.94921875,0.94140625,0.97265625,8.0,3.7073028460144997,False,tie_fail,False,False,False,False,False
SingleLineInfilling/HumanEval/106/L1,12,9-12,False,False,True,True,False,2,12,12.0,13.0,1.1517139469797235,1.0752479885446429,0.9336068138832507,0.921875,12.0,12.0,0.9921875,0.984375,0.3333333333333333,1.0,True,0.07646595843508064,0.06639318611674927,40,12.0,4.0,4.0,12.0,8.0,-0.20512820512820512,-0.3333333333333333,0.6791666666666667,0.7948717948717948,2,5,39,0.9921875,0.95703125,0.953125,0.99609375,0.99609375,-0.0009014423076923077,0.0,0.984375,0.984375,0.98828125,0.9921875,0.9921875,0.9921875,0.3333333333333333,global_gap_early_commit,False,12,12,,primary,global_gap_early_commit,0.9921875,0.9921875,0.99609375,5.0,4.4782439563423395,True,tie_pass,False,False,False,False,False,False,12,12,,primary,global_gap_early_commit,0.9921875,0.9921875,0.99609375,5.0,7.5593848042190075,True,tie_pass,False,False,False,False,False,False,12,12,,primary,global_gap_early_commit,0.9921875,0.9921875,0.99609375,5.0,4.479470615275204,True,tie_pass,False,False,False,False,False
SingleLineInfilling/HumanEval/106/L10,4,<=8,False,True,True,True,False,1,3,3.0,13.0,0.9346205552683108,0.3804373179808377,0.40705002242500626,0.37276785714285715,3.0,3.0,0.99609375,0.99609375,0.3333333333333333,10.0,True,0.5541832372874731,0.5929499775749938,33,3.0,1.0,1.0,3.0,2.0,-0.0625,-0.3333333333333333,0.7575757575757576,0.9375,2,21,32,0.875,0.98046875,0.875,0.98046875,0.98046875,0.0032958984375,0.0,0.95703125,0.82421875,0.95703125,0.96875,0.875,0.96875,0.3333333333333333,global_gap_early_commit,False,3,3,,primary,global_gap_early_commit,0.96875,0.96875,0.98046875,21.0,3.9831088231876493,True,tie_pass,False,False,False,False,False,False,3,3,,primary,global_gap_early_commit,0.96875,0.96875,0.98046875,21.0,6.731998639181256,True,tie_pass,False,False,False,False,False,False,3,3,,primary,global_gap_early_commit,0.96875,0.96875,0.98046875,21.0,4.019679377786815,True,tie_pass,False,False,False,False,False
SingleLineInfilling/HumanEval/106/L2,10,9-12,False,False,True,True,False,3,11,11.0,13.0,1.1276740964584364,0.9886814131957098,0.8767439247746792,0.868,11.0,11.0,0.9609375,0.93359375,0.36363636363636365,2.0,True,0.13899268326272662,0.12325607522532078,40,11.0,4.0,4.0,11.0,7.5,-0.1794871794871795,-0.3333333333333333,0.6795454545454546,0.8205128205128205,2,5,37,0.9765625,0.98828125,0.97265625,0.98828125,0.9765625,0.00030048076923076925,0.001953125,0.93359375,0.93359375,0.953125,0.9609375,0.9609375,0.97265625,0.36363636363636365,global_gap_early_commit,False,11,11,,primary,global_gap_early_commit,0.9609375,0.97265625,0.98828125,5.0,4.422245619818568,True,tie_pass,False,False,False,False,False,False,11,11,,primary,global_gap_early_commit,0.9609375,0.97265625,0.98828125,5.0,7.7640530327335,True,tie_pass,False,False,False,False,False,False,11,11,,primary,global_gap_early_commit,0.9609375,0.97265625,0.98828125,5.0,4.440943438559771,True,tie_pass,False,False,False,False,False
SingleLineInfilling/HumanEval/106/L3,6,<=8,False,True,True,True,False,0,6,6.0,13.0,1.1134970608520351,0.6606396539787002,0.5933016594342748,0.56640625,6.0,6.0,1.0,1.0,0.5,7.0,True,0.452857406873335,0.4066983405657252,28,6.0,3.0,3.0,6.0,5.0,-0.1111111111111111,-0.3333333333333333,0.7738095238095238,0.8888888888888888,2,10,26,1.0,1.0,1.0,1.0,1.0,0.0,0.0,1.0,1.0,1.0,1.0,1.0,1.0,0.5,global_gap_early_commit,False,6,6,,primary,global_gap_early_commit,1.0,1.0,1.0,10.0,3.842060498893261,True,tie_pass,False,False,False,False,False,False,6,6,,primary,global_gap_early_commit,1.0,1.0,1.0,10.0,6.417309705168009,True,tie_pass,False,False,False,False,False,False,6,6,,primary,global_gap_early_commit,1.0,1.0,1.0,10.0,3.8712718738242984,True,tie_pass,False,False,False,False,False
SingleLineInfilling/HumanEval/106/L4,15,13-16,False,False,True,True,False,0,15,15.0,15.0,1.1580466404860845,1.1580466404860845,1.0,0.9960474308300395,15.0,15.0,0.953125,0.91015625,0.3333333333333333,0.0,False,0.0,0.0,41,15.0,5.0,5.0,15.0,10.0,-0.25,-0.3333333333333333,0.6731707317073171,0.75,2,4,40,0.984375,0.984375,0.98046875,0.98828125,0.984375,0.0,0.0,0.93359375,0.93359375,0.95703125,0.96484375,0.96484375,0.9765625,0.3333333333333333,global_gap_early_commit,False,15,15,,primary,global_gap_early_commit,0.96484375,0.9765625,0.98828125,4.0,4.3116560988128185,True,tie_pass,False,False,False,False,False,False,15,15,,primary,global_gap_early_commit,0.96484375,0.9765625,0.98828125,4.0,7.165680155158043,True,tie_pass,False,False,False,False,False,False,15,15,,primary,global_gap_early_commit,0.96484375,0.9765625,0.98828125,4.0,4.324312711134553,True,tie_pass,False,False,False,False,False
SingleLineInfilling/HumanEval/106/L5,7,<=8,False,True,True,True,False,1,7,7.0,14.0,1.1238436146785018,0.7459596237550331,0.6637574961605578,0.63671875,7.0,7.0,1.0,1.0,0.5714285714285714,7.0,True,0.3778839909234687,0.3362425038394422,28,7.0,4.0,4.0,7.0,5.0,-0.1111111111111111,0.0,0.7704081632653061,0.8888888888888888,3,8,22,1.0,1.0,1.0,1.0,1.0,0.0,0.0,1.0,1.0,1.0,1.0,1.0,1.0,0.5714285714285714,global_gap_early_commit,False,7,7,,primary,global_gap_early_commit,1.0,1.0,1.0,8.0,3.6065907841548324,True,tie_pass,False,False,False,False,False,False,7,7,,primary,global_gap_early_commit,1.0,1.0,1.0,8.0,5.971361628733575,True,tie_pass,False,False,False,False,False,False,7,7,,primary,global_gap_early_commit,1.0,1.0,1.0,8.0,3.6294889636337757,True,tie_pass,False,False,False,False,False
SingleLineInfilling/HumanEval/106/L6,4,<=8,False,True,True,True,False,0,4,4.0,14.0,1.086734862526058,0.4942554562303287,0.45480776707711196,0.421875,4.0,4.0,0.99609375,0.9921875,0.5,10.0,True,0.5924794062957293,0.545192232922888,28,4.0,2.0,2.0,4.0,3.0,-0.07407407407407407,0.0,0.7767857142857143,0.9259259259259259,3,14,23,1.0,1.0,1.0,1.0,1.0,0.0,0.0,0.9921875,0.9921875,0.99609375,0.99609375,0.99609375,1.0,0.5,global_gap_early_commit,False,4,4,,primary,global_gap_early_commit,0.99609375,1.0,1.0,14.0,3.611185984686017,True,tie_pass,False,False,False,False,False,False,4,4,,primary,global_gap_early_commit,0.99609375,1.0,1.0,14.0,6.205315267667174,True,tie_pass,False,False,False,False,False,False,4,4,,primary,global_gap_early_commit,0.99609375,1.0,1.0,14.0,3.609206004999578,True,tie_pass,False,False,False,False,False
SingleLineInfilling/HumanEval/106/L7,6,<=8,False,True,True,True,False,0,6,6.0,13.0,1.1047978650641286,0.514843316548918,0.4660067989170432,0.4448818897637795,6.0,6.0,0.98828125,0.98046875,0.5,7.0,True,0.5899545485152106,0.5339932010829568,28,6.0,3.0,3.0,6.0,5.0,-0.1111111111111111,-0.3333333333333333,0.7738095238095238,0.8888888888888888,2,10,26,0.9921875,0.99609375,0.9921875,0.99609375,0.9921875,0.00014467592592592592,0.0,0.98046875,0.98046875,0.984375,0.98828125,0.98828125,0.9921875,0.5,global_gap_early_commit,False,6,6,,primary,global_gap_early_commit,0.98828125,0.9921875,0.99609375,10.0,3.861697698943317,True,tie_pass,False,False,False,False,False,False,6,6,,primary,global_gap_early_commit,0.98828125,0.9921875,0.99609375,10.0,6.372804306447506,True,tie_pass,False,False,False,False,False,False,6,6,,primary,global_gap_early_commit,0.98828125,0.9921875,0.99609375,10.0,3.8498928723856807,True,tie_pass,False,False,False,False,False
SingleLineInfilling/HumanEval/106/L8,15,13-16,False,False,True,True,False,1,15,15.0,15.0,1.1672374868391486,1.1672374868391486,1.0,1.0,15.0,15.0,0.984375,0.96875,0.3333333333333333,0.0,False,0.0,0.0,41,15.0,5.0,5.0,15.0,10.0,-0.25,-0.3333333333333333,0.6731707317073171,0.75,2,4,40,0.9921875,0.9921875,0.9921875,0.99609375,0.9921875,0.0,0.0,0.9765625,0.9765625,0.984375,0.984375,0.984375,0.9921875,0.3333333333333333,global_gap_early_commit,False,15,15,,primary,global_gap_early_commit,0.984375,0.9921875,0.99609375,4.0,4.295990694314241,True,tie_pass,False,False,False,False,False,False,15,15,,primary,global_gap_early_commit,0.984375,0.9921875,0.99609375,4.0,7.201712892390788,True,tie_pass,False,False,False,False,False,False,15,15,,primary,global_gap_early_commit,0.984375,0.9921875,0.99609375,4.0,4.326015115715563,True,tie_pass,False,False,False,False,False
SingleLineInfilling/HumanEval/106/L9,7,<=8,False,True,True,True,False,4,7,7.0,13.0,1.1238436146785018,0.8428850757659277,0.7500021041691393,0.72265625,7.0,7.0,1.0,1.0,0.5714285714285714,6.0,True,0.28095853891257405,0.24999789583086074,28,7.0,4.0,4.0,7.0,5.0,-0.1111111111111111,0.0,0.7704081632653061,0.8888888888888888,3,8,22,1.0,1.0,1.0,1.0,1.0,0.0,0.0,1.0,1.0,1.0,1.0,1.0,1.0,0.5714285714285714,global_gap_early_commit,False,7,7,,primary,global_gap_early_commit,1.0,1.0,1.0,8.0,3.493857303634286,True,tie_pass,False,False,False,False,False,False,7,7,,primary,global_gap_early_commit,1.0,1.0,1.0,8.0,6.06233876477927,True,tie_pass,False,False,False,False,False,False,7,7,,primary,global_gap_early_commit,1.0,1.0,1.0,8.0,3.521736117079854,True,tie_pass,False,False,False,False,False
SingleLineInfilling/HumanEval/107/L0,10,9-12,False,False,True,True,False,2,10,10.0,15.0,1.1481536214968828,0.7582448241277934,0.6604036340879599,0.64453125,10.0,10.0,1.0,1.0,0.3,5.0,True,0.38990879736908945,0.3395963659120401,42,10.0,3.0,3.0,10.0,7.0,-0.17073170731707318,-0.3333333333333333,0.6666666666666666,0.8292682926829268,2,6,41,1.0,1.0,1.0,1.0,1.0,0.0,0.0,1.0,1.0,1.0,1.0,1.0,1.0,0.3,global_gap_early_commit,False,10,10,,primary,global_gap_early_commit,1.0,1.0,1.0,6.0,6.158195876516402,True,tie_pass,False,False,False,False,False,False,10,10,,primary,global_gap_early_commit,1.0,1.0,1.0,6.0,8.485331227071583,True,tie_pass,False,False,False,False,False,False,10,10,,primary,global_gap_early_commit,1.0,1.0,1.0,6.0,6.165628864429891,True,tie_pass,False,False,False,False,False
SingleLineInfilling/HumanEval/107/L1,13,13-16,False,False,True,True,False,3,13,13.0,13.0,1.0843602596340043,1.0843602596340043,1.0,1.0,13.0,13.0,1.0,0.99609375,0.3076923076923077,0.0,False,0.0,0.0,42,13.0,4.0,4.0,13.0,9.0,-0.21951219512195122,-0.3333333333333333,0.6648351648351648,0.7804878048780488,2,4,41,0.9296875,1.0,0.9296875,1.0,0.99609375,0.001714939024390244,0.0,0.99609375,0.91015625,0.9921875,0.99609375,0.9296875,0.99609375,0.3076923076923077,global_gap_early_commit,False,13,13,,primary,global_gap_early_commit,0.99609375,0.99609375,1.0,4.0,5.9941770592704415,True,tie_pass,False,False,False,False,False,False,13,13,,primary,global_gap_early_commit,0.99609375,0.99609375,1.0,4.0,7.805103899911046,True,tie_pass,False,False,False,False,False,False,13,13,,primary,global_gap_early_commit,0.99609375,0.99609375,1.0,4.0,6.011311177164316,True,tie_pass,False,False,False,False,False
SingleLineInfilling/HumanEval/107/L10,11,9-12,False,False,True,True,False,2,12,12.0,13.0,1.1517139469797235,1.1162532084467691,0.9692104635652392,0.9645669291338582,12.0,12.0,0.9609375,0.92578125,0.3333333333333333,1.0,True,0.035460738532954394,0.03078953643476079,40,12.0,4.0,4.0,12.0,8.0,-0.20512820512820512,-0.3333333333333333,0.6791666666666667,0.7948717948717948,2,5,39,0.9921875,0.98828125,0.98828125,0.9921875,0.98828125,-0.00010016025641025641,0.0,0.94140625,0.94140625,0.9609375,0.96875,0.96875,0.98046875,0.3333333333333333,global_gap_early_commit,False,12,12,,primary,global_gap_early_commit,0.96875,0.98046875,0.9921875,5.0,6.149430719204247,True,tie_pass,False,False,False,False,False,False,12,12,,primary,global_gap_early_commit,0.96875,0.98046875,0.9921875,5.0,7.586463923566043,True,tie_pass,False,False,False,False,False,False,12,12,,primary,global_gap_early_commit,0.96875,0.98046875,0.9921875,5.0,6.105030465871096,True,tie_pass,False,False,False,False,False
SingleLineInfilling/HumanEval/107/L11,18,17-24,True,False,True,True,False,2,19,3.0,16.0,0.8261378122460961,0.6412421091355652,0.776192663778652,0.702020202020202,3.0,19.0,0.92578125,0.85546875,0.3684210526315789,-3.0,False,0.18489570311053083,0.22380733622134796,40,19.0,7.0,7.0,19.0,13.0,-0.3076923076923077,-0.3333333333333333,0.6802631578947368,0.6923076923076923,2,3,38,0.59765625,0.95703125,0.59765625,0.984375,0.96875,0.00921474358974359,-0.001953125,0.85546875,0.380859375,0.92578125,0.92578125,0.59765625,0.9609375,0.3684210526315789,global_gap_early_commit,False,19,19,,primary,global_gap_early_commit,0.92578125,0.9609375,0.984375,3.0,6.700662818737328,True,tie_pass,False,False,False,False,False,False,19,19,,primary,global_gap_early_commit,0.92578125,0.9609375,0.984375,3.0,7.996866614557803,True,tie_pass,False,False,False,False,False,False,19,19,,primary,global_gap_early_commit,0.92578125,0.9609375,0.984375,3.0,6.698579710908234,True,tie_pass,False,False,False,False,False
SingleLineInfilling/HumanEval/107/L3,11,9-12,False,False,True,True,False,4,11,11.0,15.0,1.154738274773439,1.0293747915431861,0.8914355867741118,0.875,11.0,11.0,1.0,1.0,0.36363636363636365,4.0,True,0.12536348323025281,0.10856441322588817,40,11.0,4.0,4.0,11.0,7.5,-0.1794871794871795,-0.3333333333333333,0.6795454545454546,0.8205128205128205,2,5,37,1.0,1.0,1.0,1.0,1.0,0.0,0.0,1.0,1.0,1.0,1.0,1.0,1.0,0.36363636363636365,global_gap_early_commit,False,11,11,,primary,global_gap_early_commit,1.0,1.0,1.0,5.0,6.0616464372724295,True,tie_pass,False,False,False,False,False,False,11,11,,primary,global_gap_early_commit,1.0,1.0,1.0,5.0,7.872560020536184,True,tie_pass,False,False,False,False,False,False,11,11,,primary,global_gap_early_commit,1.0,1.0,1.0,5.0,6.071808234788477,True,tie_pass,False,False,False,False,False
SingleLineInfilling/HumanEval/107/L4,11,9-12,False,False,True,True,False,4,10,10.0,16.0,1.1481536214968828,0.9272637693255297,0.8076129813679703,0.78515625,10.0,10.0,1.0,1.0,0.3,6.0,True,0.22088985217135315,0.19238701863202967,42,10.0,3.0,3.0,10.0,7.0,-0.17073170731707318,-0.3333333333333333,0.6666666666666666,0.8292682926829268,2,6,41,1.0,1.0,1.0,1.0,1.0,0.0,0.0,1.0,1.0,1.0,1.0,1.0,1.0,0.3,global_gap_early_commit,False,10,10,,primary,global_gap_early_commit,1.0,1.0,1.0,6.0,6.22620711941272,True,tie_pass,False,False,False,False,False,False,10,10,,primary,global_gap_early_commit,1.0,1.0,1.0,6.0,8.124190610833466,True,tie_pass,False,False,False,False,False,False,10,10,,primary,global_gap_early_commit,1.0,1.0,1.0,6.0,6.267054155468941,True,tie_pass,False,False,False,False,False
SingleLineInfilling/HumanEval/107/L6,13,13-16,False,False,True,True,False,1,13,13.0,13.0,1.1618145638935762,1.1618145638935762,1.0,0.99609375,13.0,13.0,1.0,0.99609375,0.3076923076923077,0.0,False,0.0,0.0,42,13.0,4.0,4.0,13.0,9.0,-0.21951219512195122,-0.3333333333333333,0.6648351648351648,0.7804878048780488,2,4,41,0.99609375,1.0,0.99609375,1.0,1.0,9.527439024390244e-05,0.0,0.99609375,0.9921875,0.99609375,1.0,0.99609375,0.99609375,0.3076923076923077,global_gap_early_commit,False,13,13,,primary,global_gap_early_commit,1.0,0.99609375,1.0,4.0,5.998117983341217,True,tie_pass,False,False,False,False,False,False,13,13,,primary,global_gap_early_commit,1.0,0.99609375,1.0,4.0,7.786114180460572,True,tie_pass,False,False,False,False,False,False,13,13,,primary,global_gap_early_commit,1.0,0.99609375,1.0,4.0,5.999458156526089,True,tie_pass,False,False,False,False,False
SingleLineInfilling/HumanEval/107/L7,17,17-24,True,False,False,False,True,2,10,10.0,20.0,1.0046344188097724,0.9865163552492421,0.9819655157923063,0.9419642857142857,10.0,10.0,0.98046875,0.96484375,0.3,10.0,True,0.018118063560530362,0.018034484207693713,42,10.0,3.0,3.0,10.0,7.0,-0.17073170731707318,-0.3333333333333333,0.6666666666666666,0.8292682926829268,2,6,41,0.875,0.99609375,0.875,0.99609375,0.98828125,0.0029535060975609756,0.0,0.98046875,0.74609375,0.96875,0.9921875,0.86328125,0.984375,0.3,global_gap_early_commit,False,10,10,,primary,global_gap_early_commit,0.9921875,0.984375,0.99609375,6.0,5.950670174323022,False,tie_fail,False,False,True,False,False,False,10,10,,primary,global_gap_early_commit,0.9921875,0.984375,0.99609375,6.0,7.756799564696848,False,tie_fail,False,False,True,False,False,False,10,10,,primary,global_gap_early_commit,0.9921875,0.984375,0.99609375,6.0,5.959764037281275,False,tie_fail,False,False,True,False,False
SingleLineInfilling/HumanEval/107/L8,11,9-12,False,False,True,True,False,2,11,11.0,14.0,1.154738274773439,1.0617339430132986,0.9194585181837954,0.90625,11.0,11.0,1.0,1.0,0.36363636363636365,3.0,True,0.09300433176014034,0.08054148181620457,40,11.0,4.0,4.0,11.0,7.5,-0.1794871794871795,-0.3333333333333333,0.6795454545454546,0.8205128205128205,2,5,37,1.0,1.0,1.0,1.0,1.0,0.0,0.0,1.0,1.0,1.0,1.0,1.0,1.0,0.36363636363636365,global_gap_early_commit,False,11,11,,primary,global_gap_early_commit,1.0,1.0,1.0,5.0,6.059178552590311,True,tie_pass,False,False,False,False,False,False,11,11,,primary,global_gap_early_commit,1.0,1.0,1.0,5.0,7.666160267777741,True,tie_pass,False,False,False,False,False,False,11,11,,primary,global_gap_early_commit,1.0,1.0,1.0,5.0,6.025771509855986,True,tie_pass,False,False,False,False,False
SingleLineInfilling/HumanEval/107/L9,17,17-24,True,False,False,False,True,4,4,4.0,16.0,1.086734862526058,1.0702745994205118,0.9848534691642402,0.90625,4.0,4.0,1.0,1.0,0.5,12.0,True,0.016460263105546158,0.015146530835759786,28,4.0,2.0,2.0,4.0,3.0,-0.07407407407407407,0.0,0.7767857142857143,0.9259259259259259,3,14,23,1.0,1.0,1.0,1.0,1.0,0.0,0.0,1.0,1.0,1.0,1.0,1.0,1.0,0.5,global_gap_early_commit,False,4,4,,primary,global_gap_early_commit,1.0,1.0,1.0,14.0,4.777325323782861,False,tie_fail,False,False,True,False,False,False,4,4,,primary,global_gap_early_commit,1.0,1.0,1.0,14.0,5.844592211768031,False,tie_fail,False,False,True,False,False,False,4,4,,primary,global_gap_early_commit,1.0,1.0,1.0,14.0,4.782546960748732,False,tie_fail,False,False,True,False,False
SingleLineInfilling/HumanEval/108/L0,7,<=8,False,True,True,True,False,3,7,7.0,14.0,1.1238436146785018,0.9976637912797376,0.8877247494662676,0.8515625,7.0,7.0,1.0,1.0,0.5714285714285714,7.0,True,0.1261798233987642,0.11227525053373244,28,7.0,4.0,4.0,7.0,5.0,-0.1111111111111111,0.0,0.7704081632653061,0.8888888888888888,3,8,22,1.0,1.0,1.0,1.0,1.0,0.0,0.0,1.0,1.0,1.0,1.0,1.0,1.0,0.5714285714285714,global_gap_early_commit,False,7,7,,primary,global_gap_early_commit,1.0,1.0,1.0,8.0,3.565137656405568,True,tie_pass,False,False,False,False,False,False,7,7,,primary,global_gap_early_commit,1.0,1.0,1.0,8.0,3.6284587252885103,True,tie_pass,False,False,False,False,False,False,7,7,,primary,global_gap_early_commit,1.0,1.0,1.0,8.0,3.5713096391409636,True,tie_pass,False,False,False,False,False
SingleLineInfilling/HumanEval/108/L1,6,<=8,False,True,True,True,False,0,6,6.0,13.0,1.109147462958082,0.5285117231829601,0.47650266608682146,0.4549019607843137,6.0,6.0,0.99609375,0.99609375,0.5,7.0,True,0.5806357397751218,0.5234973339131785,28,6.0,3.0,3.0,6.0,5.0,-0.1111111111111111,-0.3333333333333333,0.7738095238095238,0.8888888888888888,2,10,26,0.99609375,1.0,0.99609375,1.0,0.99609375,0.00014467592592592592,0.0,0.99609375,0.9921875,0.99609375,0.99609375,0.99609375,0.99609375,0.5,global_gap_early_commit,False,6,6,,primary,global_gap_early_commit,0.99609375,0.99609375,1.0,10.0,3.76593887899071,True,tie_pass,False,False,False,False,False,False,6,6,,primary,global_gap_early_commit,0.99609375,0.99609375,1.0,10.0,3.791419632732868,True,tie_pass,False,False,False,False,False,False,6,6,,primary,global_gap_early_commit,0.99609375,0.99609375,1.0,10.0,3.7528185145929456,True,tie_pass,False,False,False,False,False
SingleLineInfilling/HumanEval/108/L2,20,17-24,True,False,False,False,True,1,14,14.0,14.0,1.1441098523850202,1.1441098523850202,1.0,1.0,14.0,14.0,0.9921875,0.984375,0.35714285714285715,0.0,False,0.0,0.0,40,14.0,5.0,5.0,14.0,9.5,-0.23076923076923078,-0.3333333333333333,0.6785714285714286,0.7692307692307693,2,4,38,0.9765625,0.99609375,0.9765625,0.99609375,0.9921875,0.000500801282051282,0.0,0.984375,0.9609375,0.9765625,0.9921875,0.9765625,0.98828125,0.35714285714285715,global_gap_early_commit,False,14,14,,primary,global_gap_early_commit,0.9921875,0.98828125,0.99609375,4.0,4.245646550320089,False,tie_fail,False,False,True,False,False,False,14,14,,primary,global_gap_early_commit,0.9921875,0.98828125,0.99609375,4.0,4.244955213740468,False,tie_fail,False,False,True,False,False,False,14,14,,primary,global_gap_early_commit,0.9921875,0.98828125,0.99609375,4.0,4.204214293509722,False,tie_fail,False,False,True,False,False
SingleLineInfilling/HumanEval/108/L3,14,13-16,False,False,False,False,False,4,7,7.0,14.0,1.0843334875999606,1.0296988671465181,0.9496145594706574,0.9109311740890689,7.0,7.0,0.90625,0.8203125,0.5714285714285714,7.0,True,0.05463462045344247,0.05038544052934257,28,7.0,4.0,4.0,7.0,5.0,-0.1111111111111111,0.0,0.7704081632653061,0.8888888888888888,3,8,22,0.96484375,0.9453125,0.9375,0.96875,0.955078125,-0.0007233796296296296,0.0,0.8203125,0.8203125,0.880859375,0.90625,0.90625,0.9375,0.5714285714285714,global_gap_early_commit,False,7,7,,primary,global_gap_early_commit,0.90625,0.9375,0.96875,8.0,3.485908347181976,False,tie_fail,False,False,False,False,False,False,7,7,,primary,global_gap_early_commit,0.90625,0.9375,0.96875,8.0,3.489155514165759,False,tie_fail,False,False,False,False,False,False,7,7,,primary,global_gap_early_commit,0.90625,0.9375,0.96875,8.0,3.5062668854370713,False,tie_fail,False,False,False,False,False
SingleLineInfilling/HumanEval/108/L4,13,13-16,False,False,False,False,False,0,7,7.0,13.0,0.9614130922444996,0.4920626388255146,0.5118118764918762,0.4931506849315068,7.0,7.0,0.77734375,0.6640625,0.5714285714285714,6.0,True,0.46935045341898496,0.4881881235081238,28,7.0,4.0,4.0,7.0,5.0,-0.1111111111111111,0.0,0.7704081632653061,0.8888888888888888,3,8,22,0.85546875,0.875,0.85546875,0.91015625,0.87109375,0.0007233796296296296,0.0,0.6640625,0.6640625,0.76953125,0.77734375,0.77734375,0.849609375,0.5714285714285714,global_gap_early_commit,False,7,7,,primary,global_gap_early_commit,0.77734375,0.849609375,0.91015625,8.0,3.5950913047418,False,tie_fail,False,False,False,False,False,False,7,7,,primary,global_gap_early_commit,0.77734375,0.849609375,0.91015625,8.0,3.6106669567525387,False,tie_fail,False,False,False,False,False,False,7,7,,primary,global_gap_early_commit,0.77734375,0.849609375,0.91015625,8.0,3.618002069182694,False,tie_fail,False,False,False,False,False
SingleLineInfilling/HumanEval/108/L5,6,<=8,False,True,True,True,False,2,6,6.0,13.0,1.1134970608520351,0.5239555876382794,0.47054959196511453,0.44921875,6.0,6.0,1.0,1.0,0.5,7.0,True,0.5895414732137557,0.5294504080348854,28,6.0,3.0,3.0,6.0,5.0,-0.1111111111111111,-0.3333333333333333,0.7738095238095238,0.8888888888888888,2,10,26,1.0,1.0,1.0,1.0,1.0,0.0,0.0,1.0,1.0,1.0,1.0,1.0,1.0,0.5,global_gap_early_commit,False,6,6,,primary,global_gap_early_commit,1.0,1.0,1.0,10.0,3.6373315835371614,True,tie_pass,False,False,False,False,False,False,6,6,,primary,global_gap_early_commit,1.0,1.0,1.0,10.0,3.66271242313087,True,tie_pass,False,False,False,False,False,False,6,6,,primary,global_gap_early_commit,1.0,1.0,1.0,10.0,3.663305878639221,True,tie_pass,False,False,False,False,False
SingleLineInfilling/HumanEval/108/L6,26,25+,True,False,False,False,True,2,3,3.0,13.0,0.3588275346119407,0.22666774334786435,0.6316899387138657,0.5784883720930233,3.0,3.0,,,0.0,10.0,True,0.13215979126407637,0.3683100612861343,54,3.0,0.0,0.0,3.0,2.0,-0.05660377358490566,-0.3333333333333333,0.5864197530864198,0.9433962264150944,2,21,53,0.3359375,0.75390625,0.3359375,0.75390625,0.55078125,0.00788620283018868,0.0,0.1806640625,0.11083984375,0.1806640625,0.267578125,0.267578125,0.330078125,0.0,no_remaining_masks,True,32,3,32,rescue,no_remaining_masks,0.267578125,0.330078125,0.75390625,21.0,9.216770404949784,False,tie_fail,False,False,False,True,False,True,24,3,24,rescue,no_remaining_masks,0.267578125,0.330078125,0.75390625,21.0,9.011645536869764,False,tie_fail,False,False,False,True,False,True,24,3,24,rescue,no_remaining_masks,0.267578125,0.330078125,0.75390625,21.0,8.996560827828944,False,tie_fail,False,False,False,True,False
SingleLineInfilling/HumanEval/109/L0,8,<=8,False,True,True,True,False,3,8,8.0,13.0,1.1019065915572415,0.6606396539787002,0.5995423378356127,0.5823293172690763,8.0,8.0,0.9765625,0.95703125,0.5,5.0,True,0.4412669375785413,0.4004576621643873,28,8.0,4.0,4.0,8.0,6.0,-0.14814814814814814,-0.3333333333333333,0.7767857142857143,0.8518518518518519,2,8,27,0.97265625,0.984375,0.97265625,0.984375,0.984375,0.00043402777777777775,0.0,0.95703125,0.94921875,0.95703125,0.97265625,0.96875,0.97265625,0.5,global_gap_early_commit,False,8,8,,primary,global_gap_early_commit,0.97265625,0.97265625,0.984375,8.0,5.26227484177798,True,tie_pass,False,False,False,False,False,False,8,8,,primary,global_gap_early_commit,0.97265625,0.97265625,0.984375,8.0,5.294395787641406,True,tie_pass,False,False,False,False,False,False,8,8,,primary,global_gap_early_commit,0.97265625,0.97265625,0.984375,8.0,5.27211919054389,True,tie_pass,False,False,False,False,False
SingleLineInfilling/HumanEval/109/L1,4,<=8,False,True,True,True,False,2,16,16.0,16.0,1.0518215890856755,1.0518215890856755,1.0,0.9743589743589743,16.0,16.0,0.78125,0.5703125,0.375,0.0,False,0.0,0.0,40,16.0,6.0,6.0,16.0,11.0,-0.2564102564102564,-0.3333333333333333,0.6796875,0.7435897435897436,2,4,37,0.890625,0.9140625,0.84375,0.921875,0.890625,0.0006009615384615385,-0.001953125,0.5703125,0.5703125,0.7109375,0.78125,0.78125,0.83984375,0.375,global_gap_early_commit,False,16,16,,primary,global_gap_early_commit,0.78125,0.83984375,0.921875,4.0,6.460040709935129,True,tie_pass,False,False,False,False,False,False,16,16,,primary,global_gap_early_commit,0.78125,0.83984375,0.921875,4.0,6.437848845496774,True,tie_pass,False,False,False,False,False,False,16,16,,primary,global_gap_early_commit,0.78125,0.83984375,0.921875,4.0,6.4633072055876255,True,tie_pass,False,False,False,False,False
SingleLineInfilling/HumanEval/109/L10,4,<=8,False,True,True,True,False,0,4,4.0,13.0,1.065509572242346,0.46016969001274977,0.43187757482490824,0.40239043824701193,4.0,4.0,0.9609375,0.9375,0.5,9.0,True,0.6053398822295962,0.5681224251750918,28,4.0,2.0,2.0,4.0,3.0,-0.07407407407407407,0.0,0.7767857142857143,0.9259259259259259,3,14,23,0.98046875,0.98046875,0.98046875,0.98046875,0.98046875,0.0,0.0,0.9375,0.9375,0.95703125,0.9609375,0.9609375,0.97265625,0.5,global_gap_early_commit,False,4,4,,primary,global_gap_early_commit,0.9609375,0.97265625,0.98046875,14.0,5.5652872221544385,True,tie_pass,False,False,False,False,False,False,4,4,,primary,global_gap_early_commit,0.9609375,0.97265625,0.98046875,14.0,5.6041313679888844,True,tie_pass,False,False,False,False,False,False,4,4,,primary,global_gap_early_commit,0.9609375,0.97265625,0.98046875,14.0,5.566084393300116,True,tie_pass,False,False,False,False,False
SingleLineInfilling/HumanEval/109/L11,4,<=8,False,True,True,True,False,2,3,3.0,13.0,0.8094481594734477,0.34398823362339215,0.42496635466706,0.38917525773195877,3.0,3.0,1.0,1.0,0.3333333333333333,10.0,True,0.4654599258500556,0.57503364533294,33,3.0,1.0,1.0,3.0,2.0,-0.0625,-0.3333333333333333,0.7575757575757576,0.9375,2,21,32,0.7578125,0.953125,0.7578125,0.953125,0.953125,0.006103515625,0.0,0.89453125,0.6484375,0.89453125,0.9296875,0.7578125,0.9296875,0.3333333333333333,global_gap_early_commit,False,3,3,,primary,global_gap_early_commit,0.9296875,0.9296875,0.953125,21.0,6.010544262826443,True,tie_pass,False,False,False,False,False,False,3,3,,primary,global_gap_early_commit,0.9296875,0.9296875,0.953125,21.0,6.060505582951009,True,tie_pass,False,False,False,False,False,False,3,3,,primary,global_gap_early_commit,0.9296875,0.9296875,0.953125,21.0,6.041689353995025,True,tie_pass,False,False,False,False,False
SingleLineInfilling/HumanEval/109/L2,8,<=8,False,True,True,True,False,0,8,8.0,20.0,1.1063319192341783,0.7667710059757142,0.6930750099902081,0.656,8.0,8.0,0.984375,0.98046875,0.5,12.0,True,0.33956091325846405,0.3069249900097919,28,8.0,4.0,4.0,8.0,6.0,-0.14814814814814814,-0.3333333333333333,0.7767857142857143,0.8518518518518519,2,8,27,0.9765625,0.9921875,0.97265625,0.9921875,0.98828125,0.0005787037037037037,0.0,0.98046875,0.9453125,0.98046875,0.98828125,0.96875,0.984375,0.5,global_gap_early_commit,False,8,8,,primary,global_gap_early_commit,0.98828125,0.984375,0.9921875,8.0,5.252683041617274,True,tie_pass,False,False,False,False,False,False,8,8,,primary,global_gap_early_commit,0.98828125,0.984375,0.9921875,8.0,5.258553088642657,True,tie_pass,False,False,False,False,False,False,8,8,,primary,global_gap_early_commit,0.98828125,0.984375,0.9921875,8.0,5.207803865894675,True,tie_pass,False,False,False,False,False
SingleLineInfilling/HumanEval/109/L3,5,<=8,False,True,True,True,False,0,12,12.0,24.0,0.9884788993762982,0.9264644951884704,0.9372627941507329,0.8990825688073395,12.0,12.0,1.0,1.0,0.25,12.0,True,0.062014404187827776,0.06273720584926712,46,12.0,3.0,3.0,12.0,8.0,-0.2,-0.3333333333333333,0.6322463768115942,0.8,2,5,45,0.8515625,0.8671875,0.84375,0.8671875,0.8515625,0.00034722222222222224,0.0,0.234375,0.234375,0.58203125,0.6015625,0.6015625,0.77734375,0.25,global_gap_early_commit,False,12,12,,primary,global_gap_early_commit,0.6015625,0.77734375,0.8671875,5.0,7.372068361379206,True,tie_pass,False,False,False,False,False,False,12,12,,primary,global_gap_early_commit,0.6015625,0.77734375,0.8671875,5.0,7.3832442900165915,True,tie_pass,False,False,False,False,False,False,12,12,,primary,global_gap_early_commit,0.6015625,0.77734375,0.8671875,5.0,7.393496347591281,True,tie_pass,False,False,False,False,False
SingleLineInfilling/HumanEval/109/L5,8,<=8,False,True,True,True,False,2,8,8.0,14.0,1.1240332299419251,0.6544308355642315,0.5822166268145326,0.562992125984252,8.0,8.0,0.9921875,0.984375,0.5,6.0,True,0.4696023943776936,0.41778337318546743,28,8.0,4.0,4.0,8.0,6.0,-0.14814814814814814,-0.3333333333333333,0.7767857142857143,0.8518518518518519,2,8,27,0.9921875,0.99609375,0.9921875,0.99609375,0.99609375,0.00014467592592592592,0.0,0.98828125,0.98828125,0.990234375,0.9921875,0.9921875,0.9921875,0.5,global_gap_early_commit,False,8,8,,primary,global_gap_early_commit,0.9921875,0.9921875,0.99609375,8.0,5.263240011408925,True,tie_pass,False,False,False,False,False,False,8,8,,primary,global_gap_early_commit,0.9921875,0.9921875,0.99609375,8.0,5.300962520763278,True,tie_pass,False,False,False,False,False,False,8,8,,primary,global_gap_early_commit,0.9921875,0.9921875,0.99609375,8.0,5.230699707753956,True,tie_pass,False,False,False,False,False
SingleLineInfilling/HumanEval/109/L6,10,9-12,False,False,True,True,False,2,10,10.0,20.0,1.1436686464129107,0.603130852261385,0.5273650319549202,0.5176470588235295,10.0,10.0,0.9921875,0.984375,0.3,10.0,True,0.5405377941515257,0.47263496804507976,42,10.0,3.0,3.0,10.0,7.0,-0.17073170731707318,-0.3333333333333333,0.6666666666666666,0.8292682926829268,2,6,41,0.99609375,0.99609375,0.99609375,0.99609375,0.99609375,0.0,0.0,0.98828125,0.98828125,0.9921875,0.9921875,0.9921875,0.99609375,0.3,global_gap_early_commit,False,10,10,,primary,global_gap_early_commit,0.9921875,0.99609375,0.99609375,6.0,6.788092091679573,True,tie_pass,False,False,False,False,False,False,10,10,,primary,global_gap_early_commit,0.9921875,0.99609375,0.99609375,6.0,6.823429595679045,True,tie_pass,False,False,False,False,False,False,10,10,,primary,global_gap_early_commit,0.9921875,0.99609375,0.99609375,6.0,6.78233412373811,True,tie_pass,False,False,False,False,False
SingleLineInfilling/HumanEval/109/L7,18,17-24,True,False,False,False,True,3,4,4.0,16.0,0.9551380627670432,0.4036596010745465,0.4226191132045782,0.3888888888888889,4.0,4.0,0.859375,0.8203125,0.5,12.0,True,0.5514784616924966,0.5773808867954218,28,4.0,2.0,2.0,4.0,3.0,-0.07407407407407407,0.0,0.7767857142857143,0.9259259259259259,3,14,23,0.87890625,0.9296875,0.87890625,0.9296875,0.87890625,0.001880787037037037,0.0,0.8203125,0.7890625,0.7890625,0.859375,0.83984375,0.83984375,0.5,global_gap_early_commit,False,4,4,,primary,global_gap_early_commit,0.859375,0.83984375,0.9296875,14.0,5.493010150268674,False,tie_fail,False,False,True,False,False,False,4,4,,primary,global_gap_early_commit,0.859375,0.83984375,0.9296875,14.0,5.515842981636524,False,tie_fail,False,False,True,False,False,False,4,4,,primary,global_gap_early_commit,0.859375,0.83984375,0.9296875,14.0,5.50543162971735,False,tie_fail,False,False,True,False,False
SingleLineInfilling/HumanEval/109/L8,9,9-12,False,False,True,True,False,0,9,9.0,14.0,1.1052646143767921,0.622395759697451,0.5631192309982631,0.5418326693227091,9.0,9.0,0.99609375,0.99609375,0.3333333333333333,5.0,True,0.48286885467934115,0.4368807690017369,40,9.0,3.0,3.0,9.0,6.0,-0.15384615384615385,-0.3333333333333333,0.6777777777777778,0.8461538461538461,2,7,39,0.96875,0.98828125,0.9609375,0.98828125,0.98828125,0.000500801282051282,0.0,0.953125,0.92578125,0.9609375,0.97265625,0.95703125,0.9765625,0.3333333333333333,global_gap_early_commit,False,9,9,,primary,global_gap_early_commit,0.97265625,0.9765625,0.98828125,7.0,6.506501600146294,True,tie_pass,False,False,False,False,False,False,9,9,,primary,global_gap_early_commit,0.97265625,0.9765625,0.98828125,7.0,6.504645432345569,True,tie_pass,False,False,False,False,False,False,9,9,,primary,global_gap_early_commit,0.97265625,0.9765625,0.98828125,7.0,6.487510783597827,True,tie_pass,False,False,False,False,False
SingleLineInfilling/HumanEval/109/L9,12,9-12,False,False,True,True,False,2,12,12.0,13.0,0.8977927618188396,0.5809072819467881,0.6470393911061694,0.6439393939393939,12.0,12.0,0.99609375,0.9921875,0.25,1.0,True,0.3168854798720515,0.35296060889383063,46,12.0,3.0,3.0,12.0,8.0,-0.2,-0.3333333333333333,0.6322463768115942,0.8,2,5,45,0.7734375,0.89453125,0.7734375,0.89453125,0.8359375,0.002690972222222222,0.0,0.412109375,0.412109375,0.578125,0.703125,0.6953125,0.75,0.25,global_gap_early_commit,False,12,12,,primary,global_gap_early_commit,0.703125,0.75,0.89453125,5.0,7.343182008713484,True,tie_pass,False,False,False,False,False,False,12,12,,primary,global_gap_early_commit,0.703125,0.75,0.89453125,5.0,7.378886298276484,True,tie_pass,False,False,False,False,False,False,12,12,,primary,global_gap_early_commit,0.703125,0.75,0.89453125,5.0,7.33693677932024,True,tie_pass,False,False,False,False,False
SingleLineInfilling/HumanEval/11/L0,8,<=8,False,True,True,True,False,2,8,8.0,15.0,1.1328838852957985,1.130474101426892,0.9978728765585033,0.9609375,8.0,8.0,1.0,1.0,0.5,7.0,True,0.0024097838689065565,0.002127123441496681,28,8.0,4.0,4.0,8.0,6.0,-0.14814814814814814,-0.3333333333333333,0.7767857142857143,0.8518518518518519,2,8,27,1.0,1.0,1.0,1.0,1.0,0.0,0.0,1.0,1.0,1.0,1.0,1.0,1.0,0.5,global_gap_early_commit,False,8,8,,primary,global_gap_early_commit,1.0,1.0,1.0,8.0,2.862262986600399,True,tie_pass,False,False,False,False,False,False,8,8,,primary,global_gap_early_commit,1.0,1.0,1.0,8.0,3.0311047695577145,True,tie_pass,False,False,False,False,False,False,8,8,,primary,global_gap_early_commit,1.0,1.0,1.0,8.0,2.8313483875244856,True,tie_pass,False,False,False,False,False
SingleLineInfilling/HumanEval/11/L1,7,<=8,False,True,True,True,False,2,7,7.0,14.0,1.119453600558664,1.0434281853751384,0.9320870332226499,0.8941176470588236,7.0,7.0,0.9921875,0.98828125,0.5714285714285714,7.0,True,0.07602541518352557,0.06791296677735015,28,7.0,4.0,4.0,7.0,5.0,-0.1111111111111111,0.0,0.7704081632653061,0.8888888888888888,3,8,22,0.99609375,0.99609375,0.99609375,0.99609375,0.99609375,0.0,0.0,0.98828125,0.98828125,0.9921875,0.9921875,0.9921875,0.99609375,0.5714285714285714,global_gap_early_commit,False,7,7,,primary,global_gap_early_commit,0.9921875,0.99609375,0.99609375,8.0,2.601705402135849,True,tie_pass,False,False,False,False,False,False,7,7,,primary,global_gap_early_commit,0.9921875,0.99609375,0.99609375,8.0,2.770246544852853,True,tie_pass,False,False,False,False,False,False,7,7,,primary,global_gap_early_commit,0.9921875,0.99609375,0.99609375,8.0,2.601146752014756,True,tie_pass,False,False,False,False,False
SingleLineInfilling/HumanEval/11/L2,6,<=8,False,True,True,True,False,2,6,6.0,20.0,1.1134970608520351,0.9584637574696427,0.8607690052960152,0.80078125,6.0,6.0,1.0,1.0,0.5,14.0,True,0.1550333033823924,0.1392309947039848,28,6.0,3.0,3.0,6.0,5.0,-0.1111111111111111,-0.3333333333333333,0.7738095238095238,0.8888888888888888,2,10,26,1.0,1.0,1.0,1.0,1.0,0.0,0.0,1.0,1.0,1.0,1.0,1.0,1.0,0.5,global_gap_early_commit,False,6,6,,primary,global_gap_early_commit,1.0,1.0,1.0,10.0,2.742343530058861,True,tie_pass,False,False,False,False,False,False,6,6,,primary,global_gap_early_commit,1.0,1.0,1.0,10.0,2.9204767597839236,True,tie_pass,False,False,False,False,False,False,6,6,,primary,global_gap_early_commit,1.0,1.0,1.0,10.0,2.7201923048123717,True,tie_pass,False,False,False,False,False
SingleLineInfilling/HumanEval/11/L3,4,<=8,False,True,True,True,False,3,7,4.0,24.0,1.086734862526058,1.0777240046069962,0.991708319821344,0.890625,4.0,7.0,0.90234375,0.8125,0.5714285714285714,17.0,True,0.009010857919061754,0.008291680178656002,28,7.0,4.0,4.0,7.0,5.0,-0.1111111111111111,0.0,0.7704081632653061,0.8888888888888888,3,8,22,0.94140625,0.9453125,0.94140625,0.94921875,0.9453125,0.00014467592592592592,0.0,0.8125,0.8125,0.880859375,0.90234375,0.90234375,0.93359375,0.5714285714285714,global_gap_early_commit,False,7,7,,primary,global_gap_early_commit,0.90234375,0.93359375,0.94921875,8.0,2.4613080099225044,True,tie_pass,False,False,False,False,False,False,7,7,,primary,global_gap_early_commit,0.90234375,0.93359375,0.94921875,8.0,2.612758593633771,True,tie_pass,False,False,False,False,False,False,7,7,,primary,global_gap_early_commit,0.90234375,0.93359375,0.94921875,8.0,2.414822888560593,True,tie_pass,False,False,False,False,False
SingleLineInfilling/HumanEval/11/L4,6,<=8,False,True,True,True,False,2,6,6.0,24.0,1.109147462958082,1.082450864276325,0.9759305236018325,0.8980392156862745,6.0,6.0,0.99609375,0.9921875,0.5,18.0,True,0.02669659868175689,0.024069476398167478,28,6.0,3.0,3.0,6.0,5.0,-0.1111111111111111,-0.3333333333333333,0.7738095238095238,0.8888888888888888,2,10,26,0.99609375,0.99609375,0.99609375,0.99609375,0.99609375,0.0,0.0,0.9921875,0.9921875,0.9921875,0.99609375,0.9921875,0.99609375,0.5,global_gap_early_commit,False,6,6,,primary,global_gap_early_commit,0.99609375,0.99609375,0.99609375,10.0,2.894114145077765,True,tie_pass,False,False,False,False,False,False,6,6,,primary,global_gap_early_commit,0.99609375,0.99609375,0.99609375,10.0,3.0650786012411118,True,tie_pass,False,False,False,False,False,False,6,6,,primary,global_gap_early_commit,0.99609375,0.99609375,0.99609375,10.0,2.9127190057188272,True,tie_pass,False,False,False,False,False
SingleLineInfilling/HumanEval/11/L6,22,17-24,True,False,False,False,True,1,3,3.0,13.0,0.6258619789743153,0.2380580822095661,0.38036834031634914,0.34833333333333333,3.0,3.0,,,0.0,10.0,True,0.3878038967647492,0.6196316596836509,54,3.0,0.0,0.0,3.0,2.0,-0.05660377358490566,-0.3333333333333333,0.5864197530864198,0.9433962264150944,2,21,53,0.5859375,0.7890625,0.50390625,0.7890625,0.5859375,0.0038325471698113208,0.0,0.1494140625,0.1494140625,0.15234375,0.37890625,0.26171875,0.37890625,0.0,no_remaining_masks,True,32,3,32,rescue,no_remaining_masks,0.37890625,0.37890625,0.7890625,21.0,5.755419568158686,False,tie_fail,False,False,False,True,False,True,24,3,24,rescue,no_remaining_masks,0.37890625,0.37890625,0.7890625,21.0,5.474314983934164,True,win,True,False,False,False,True,True,24,3,24,rescue,no_remaining_masks,0.37890625,0.37890625,0.7890625,21.0,5.061958162114024,True,win,True,False,False,False,True
SingleLineInfilling/HumanEval/110/L0,6,<=8,False,True,True,True,False,4,6,6.0,14.0,1.1134970608520351,0.9152878819080161,0.8219939810237562,0.78125,6.0,6.0,1.0,1.0,0.5,8.0,True,0.19820917894401902,0.1780060189762438,28,6.0,3.0,3.0,6.0,5.0,-0.1111111111111111,-0.3333333333333333,0.7738095238095238,0.8888888888888888,2,10,26,1.0,1.0,1.0,1.0,1.0,0.0,0.0,1.0,1.0,1.0,1.0,1.0,1.0,0.5,global_gap_early_commit,False,6,6,,primary,global_gap_early_commit,1.0,1.0,1.0,10.0,4.76033066958189,True,tie_pass,False,False,False,False,False,False,6,6,,primary,global_gap_early_commit,1.0,1.0,1.0,10.0,4.74735448975116,True,tie_pass,False,False,False,False,False,False,6,6,,primary,global_gap_early_commit,1.0,1.0,1.0,10.0,4.76692149695009,True,tie_pass,False,False,False,False,False
SingleLineInfilling/HumanEval/110/L1,6,<=8,False,True,True,True,False,0,6,6.0,13.0,1.1134970608520351,0.8201043980425243,0.7365124048149618,0.703125,6.0,6.0,1.0,1.0,0.5,7.0,True,0.2933926628095108,0.26348759518503817,28,6.0,3.0,3.0,6.0,5.0,-0.1111111111111111,-0.3333333333333333,0.7738095238095238,0.8888888888888888,2,10,26,1.0,1.0,1.0,1.0,1.0,0.0,0.0,1.0,1.0,1.0,1.0,1.0,1.0,0.5,global_gap_early_commit,False,6,6,,primary,global_gap_early_commit,1.0,1.0,1.0,10.0,4.277847205288708,True,tie_pass,False,False,False,False,False,False,6,6,,primary,global_gap_early_commit,1.0,1.0,1.0,10.0,4.468815306201577,True,tie_pass,False,False,False,False,False,False,6,6,,primary,global_gap_early_commit,1.0,1.0,1.0,10.0,4.33526223897934,True,tie_pass,False,False,False,False,False
SingleLineInfilling/HumanEval/110/L10,6,<=8,False,True,True,True,False,3,10,10.0,14.0,1.1391836713289385,0.8008768966695141,0.7030270155955048,0.6889763779527559,10.0,10.0,0.9921875,0.98828125,0.3,4.0,True,0.3383067746594244,0.29697298440449515,42,10.0,3.0,3.0,10.0,7.0,-0.17073170731707318,-0.3333333333333333,0.6666666666666666,0.8292682926829268,2,6,41,0.9921875,0.99609375,0.9921875,0.99609375,0.99609375,9.527439024390244e-05,0.0,0.9921875,0.98828125,0.9921875,0.9921875,0.9921875,0.9921875,0.3,global_gap_early_commit,False,10,10,,primary,global_gap_early_commit,0.9921875,0.9921875,0.99609375,6.0,5.553611750714481,True,tie_pass,False,False,False,False,False,False,10,10,,primary,global_gap_early_commit,0.9921875,0.9921875,0.99609375,6.0,5.896647499874234,True,tie_pass,False,False,False,False,False,False,10,10,,primary,global_gap_early_commit,0.9921875,0.9921875,0.99609375,6.0,5.51078802999109,True,tie_pass,False,False,False,False,False
SingleLineInfilling/HumanEval/110/L2,8,<=8,False,True,True,True,False,0,13,8.0,13.0,1.1328838852957985,1.0251304975531554,0.9048857617791002,0.87890625,8.0,13.0,,,0.0,0.0,False,0.10775338774264309,0.09511423822089982,62,13.0,0.0,0.0,13.0,6.5,-0.21311475409836064,-0.3333333333333333,0.5074441687344913,0.7868852459016393,2,4,61,0.87890625,0.93359375,0.87890625,0.93359375,0.90625,0.000896516393442623,0.0,0.0859375,0.0859375,0.796875,0.1474609375,0.1474609375,0.82421875,0.0,no_remaining_masks,False,13,13,,primary,no_remaining_masks,0.1474609375,0.82421875,0.93359375,4.0,7.3286614855751395,True,tie_pass,False,False,False,False,False,False,13,13,,primary,no_remaining_masks,0.1474609375,0.82421875,0.93359375,4.0,7.761067621409893,True,tie_pass,False,False,False,False,False,False,13,13,,primary,no_remaining_masks,0.1474609375,0.82421875,0.93359375,4.0,7.321123727597296,True,tie_pass,False,False,False,False,False
SingleLineInfilling/HumanEval/110/L3,10,9-12,False,False,False,False,False,3,20,20.0,20.0,1.1922354056329703,1.1922354056329703,1.0,1.0,20.0,20.0,0.99609375,0.99609375,0.35,0.0,False,0.0,0.0,41,20.0,7.0,7.0,20.0,13.0,-0.325,-0.3333333333333333,0.6719512195121952,0.675,2,3,40,0.99609375,1.0,0.99609375,1.0,1.0,9.765625e-05,0.0,0.99609375,0.9921875,0.99609375,0.99609375,0.9921875,0.99609375,0.35,global_gap_early_commit,False,20,20,,primary,global_gap_early_commit,0.99609375,0.99609375,1.0,3.0,7.21558662969619,False,tie_fail,False,False,False,False,False,False,20,20,,primary,global_gap_early_commit,0.99609375,0.99609375,1.0,3.0,5.677144066430628,False,tie_fail,False,False,False,False,False,False,20,20,,primary,global_gap_early_commit,0.99609375,0.99609375,1.0,3.0,5.3307469096034765,False,tie_fail,False,False,False,False,False
SingleLineInfilling/HumanEval/110/L4,6,<=8,False,True,True,True,False,0,6,6.0,20.0,1.1134970608520351,1.0940513134043728,0.9825363279964271,0.9140625,6.0,6.0,0.99609375,0.99609375,0.5,14.0,True,0.019445747447662365,0.017463672003572905,28,6.0,3.0,3.0,6.0,5.0,-0.1111111111111111,-0.3333333333333333,0.7738095238095238,0.8888888888888888,2,10,26,1.0,1.0,1.0,1.0,1.0,0.0,0.0,0.99609375,0.99609375,0.99609375,0.99609375,0.99609375,1.0,0.5,global_gap_early_commit,False,6,6,,primary,global_gap_early_commit,0.99609375,1.0,1.0,10.0,7.726874423213303,True,tie_pass,False,False,False,False,False,False,6,6,,primary,global_gap_early_commit,0.99609375,1.0,1.0,10.0,5.4930492443963885,True,tie_pass,False,False,False,False,False,False,6,6,,primary,global_gap_early_commit,0.99609375,1.0,1.0,10.0,5.205513336695731,True,tie_pass,False,False,False,False,False
SingleLineInfilling/HumanEval/110/L5,8,<=8,False,True,True,True,False,3,8,8.0,14.0,1.1328838852957985,1.0708868218323788,0.9452750063196176,0.9140625,8.0,8.0,0.9921875,0.98828125,0.5,6.0,True,0.06199706346341971,0.05472499368038242,28,8.0,4.0,4.0,8.0,6.0,-0.14814814814814814,-0.3333333333333333,0.7767857142857143,0.8518518518518519,2,8,27,1.0,0.99609375,0.99609375,1.0,1.0,-0.00014467592592592592,0.0,0.98828125,0.98828125,0.99609375,0.9921875,0.9921875,0.99609375,0.5,global_gap_early_commit,False,8,8,,primary,global_gap_early_commit,0.9921875,0.99609375,1.0,8.0,6.452215704135597,True,tie_pass,False,False,False,False,False,False,8,8,,primary,global_gap_early_commit,0.9921875,0.99609375,1.0,8.0,4.547628464177251,True,tie_pass,False,False,False,False,False,False,8,8,,primary,global_gap_early_commit,0.9921875,0.99609375,1.0,8.0,4.305696138180792,True,tie_pass,False,False,False,False,False
SingleLineInfilling/HumanEval/110/L6,10,9-12,False,False,True,True,False,2,10,10.0,20.0,1.1436686464129107,1.0098935200655748,0.8830298209477733,0.8470588235294118,10.0,10.0,0.9921875,0.98828125,0.3,10.0,True,0.1337751263473359,0.11697017905222673,42,10.0,3.0,3.0,10.0,7.0,-0.17073170731707318,-0.3333333333333333,0.6666666666666666,0.8292682926829268,2,6,41,0.99609375,0.99609375,0.99609375,1.0,0.99609375,0.0,0.0,0.98828125,0.98828125,0.9921875,0.9921875,0.9921875,0.99609375,0.3,global_gap_early_commit,False,10,10,,primary,global_gap_early_commit,0.9921875,0.99609375,1.0,6.0,6.301992502063513,True,tie_pass,False,False,False,False,False,False,10,10,,primary,global_gap_early_commit,0.9921875,0.99609375,1.0,6.0,5.840160437859595,True,tie_pass,False,False,False,False,False,False,10,10,,primary,global_gap_early_commit,0.9921875,0.99609375,1.0,6.0,5.517669625580311,True,tie_pass,False,False,False,False,False
SingleLineInfilling/HumanEval/110/L7,6,<=8,False,True,True,True,False,3,6,6.0,16.0,1.1134970608520351,0.9826228003300389,0.8824655536837674,0.83203125,6.0,6.0,1.0,0.99609375,0.5,10.0,True,0.13087426052199624,0.11753444631623255,28,6.0,3.0,3.0,6.0,5.0,-0.1111111111111111,-0.3333333333333333,0.7738095238095238,0.8888888888888888,2,10,26,1.0,1.0,1.0,1.0,1.0,0.0,0.0,0.99609375,0.99609375,0.99609375,1.0,1.0,1.0,0.5,global_gap_early_commit,False,6,6,,primary,global_gap_early_commit,1.0,1.0,1.0,10.0,4.601711212657392,True,tie_pass,False,False,False,False,False,False,6,6,,primary,global_gap_early_commit,1.0,1.0,1.0,10.0,4.744853977113962,True,tie_pass,False,False,False,False,False,False,6,6,,primary,global_gap_early_commit,1.0,1.0,1.0,10.0,4.452000251971185,True,tie_pass,False,False,False,False,False
SingleLineInfilling/HumanEval/110/L8,7,<=8,False,True,False,False,False,2,13,7.0,13.0,1.0228732899222301,0.9157832444808188,0.8953046809448378,0.8626609442060086,7.0,13.0,0.8046875,0.63671875,0.3076923076923077,0.0,False,0.10709004544141132,0.10469531905516216,42,13.0,4.0,4.0,13.0,9.0,-0.21951219512195122,-0.3333333333333333,0.6648351648351648,0.7804878048780488,2,4,41,0.78515625,0.93359375,0.74609375,0.93359375,0.83203125,0.003620426829268293,0.0,0.68359375,0.58984375,0.68359375,0.828125,0.69921875,0.78515625,0.3076923076923077,global_gap_early_commit,False,13,13,,primary,global_gap_early_commit,0.828125,0.78515625,0.93359375,4.0,5.825289247557521,False,tie_fail,False,False,False,False,False,False,13,13,,primary,global_gap_early_commit,0.828125,0.78515625,0.93359375,4.0,6.159565581008792,False,tie_fail,False,False,False,False,False,False,13,13,,primary,global_gap_early_commit,0.828125,0.78515625,0.93359375,4.0,5.794691503047943,False,tie_fail,False,False,False,False,False
SingleLineInfilling/HumanEval/110/L9,6,<=8,False,True,True,True,False,3,6,6.0,20.0,1.1047978650641286,0.9678146233961759,0.8760105843796128,0.8149606299212598,6.0,6.0,0.98828125,0.98046875,0.5,14.0,True,0.13698324166795273,0.12398941562038723,28,6.0,3.0,3.0,6.0,5.0,-0.1111111111111111,-0.3333333333333333,0.7738095238095238,0.8888888888888888,2,10,26,0.9921875,0.99609375,0.9921875,0.99609375,0.9921875,0.00014467592592592592,0.001953125,0.98046875,0.98046875,0.98828125,0.98828125,0.98828125,0.9921875,0.5,global_gap_early_commit,False,6,6,,primary,global_gap_early_commit,0.98828125,0.9921875,0.99609375,10.0,4.452422578819096,True,tie_pass,False,False,False,False,False,False,6,6,,primary,global_gap_early_commit,0.98828125,0.9921875,0.99609375,10.0,4.723515029065311,True,tie_pass,False,False,False,False,False,False,6,6,,primary,global_gap_early_commit,0.98828125,0.9921875,0.99609375,10.0,4.457346625626087,True,tie_pass,False,False,False,False,False
SingleLineInfilling/HumanEval/111/L0,6,<=8,False,True,True,True,False,2,6,6.0,13.0,1.061301886124596,0.4829503677361532,0.45505465885835167,0.4344262295081967,6.0,6.0,0.89453125,0.8203125,0.5,7.0,True,0.5783515183884428,0.5449453411416483,28,6.0,3.0,3.0,6.0,5.0,-0.1111111111111111,-0.3333333333333333,0.7738095238095238,0.8888888888888888,2,10,26,0.953125,0.9453125,0.9453125,0.953125,0.953125,-0.00028935185185185184,-0.00390625,0.8203125,0.8203125,0.90234375,0.89453125,0.89453125,0.94140625,0.5,global_gap_early_commit,False,6,6,,primary,global_gap_early_commit,0.89453125,0.94140625,0.953125,10.0,4.09579738881439,True,tie_pass,False,False,False,False,False,False,6,6,,primary,global_gap_early_commit,0.89453125,0.94140625,0.953125,10.0,4.355160630308092,True,tie_pass,False,False,False,False,False,False,6,6,,primary,global_gap_early_commit,0.89453125,0.94140625,0.953125,10.0,4.09927093796432,True,tie_pass,False,False,False,False,False
SingleLineInfilling/HumanEval/111/L1,8,<=8,False,True,False,False,False,0,7,7.0,14.0,1.036043332281744,0.5354434109161894,0.5168156526203864,0.49159663865546216,7.0,7.0,0.7734375,0.56640625,0.5714285714285714,7.0,True,0.5005999213655545,0.4831843473796136,28,7.0,4.0,4.0,7.0,5.0,-0.1111111111111111,0.0,0.7704081632653061,0.8888888888888888,3,8,22,0.921875,0.87109375,0.8671875,0.93359375,0.896484375,-0.001880787037037037,0.0,0.56640625,0.56640625,0.74609375,0.7734375,0.7734375,0.8671875,0.5714285714285714,global_gap_early_commit,False,7,7,,primary,global_gap_early_commit,0.7734375,0.8671875,0.93359375,8.0,3.7117404993623495,False,tie_fail,False,False,False,False,False,False,7,7,,primary,global_gap_early_commit,0.7734375,0.8671875,0.93359375,8.0,3.953140739351511,False,tie_fail,False,False,False,False,False,False,7,7,,primary,global_gap_early_commit,0.7734375,0.8671875,0.93359375,8.0,3.7282458068802953,False,tie_fail,False,False,False,False,False
SingleLineInfilling/HumanEval/111/L11,7,<=8,False,True,True,True,False,1,7,7.0,13.0,1.110673572318988,0.751762364872314,0.6768526627519378,0.6521739130434783,7.0,7.0,0.98046875,0.97265625,0.5714285714285714,6.0,True,0.35891120744667404,0.3231473372480622,28,7.0,4.0,4.0,7.0,5.0,-0.1111111111111111,0.0,0.7704081632653061,0.8888888888888888,3,8,22,0.98828125,0.98828125,0.98828125,0.98828125,0.98828125,0.0,0.0,0.97265625,0.97265625,0.978515625,0.98046875,0.98046875,0.982421875,0.5714285714285714,global_gap_early_commit,False,7,7,,primary,global_gap_early_commit,0.98046875,0.982421875,0.98828125,8.0,3.842487609013915,True,tie_pass,False,False,False,False,False,False,7,7,,primary,global_gap_early_commit,0.98046875,0.982421875,0.98828125,8.0,4.155570102855563,True,tie_pass,False,False,False,False,False,False,7,7,,primary,global_gap_early_commit,0.98046875,0.982421875,0.98828125,8.0,3.86913806386292,True,tie_pass,False,False,False,False,False
SingleLineInfilling/HumanEval/111/L12,5,<=8,False,True,True,True,False,0,4,4.0,15.0,0.4499761540146959,0.27342767900365883,0.6076492644424195,0.5613207547169812,4.0,4.0,0.7421875,0.51953125,0.5,11.0,True,0.17654847501103704,0.3923507355575805,28,4.0,2.0,2.0,4.0,3.0,-0.07407407407407407,0.0,0.7767857142857143,0.9259259259259259,3,14,23,0.4140625,0.8671875,0.4140625,0.875,0.875,0.01678240740740741,0.0,0.51953125,0.232421875,0.6953125,0.7421875,0.4140625,0.8359375,0.5,global_gap_early_commit,False,4,4,,primary,global_gap_early_commit,0.7421875,0.8359375,0.875,14.0,3.9925640104338527,True,tie_pass,False,False,False,False,False,False,4,4,,primary,global_gap_early_commit,0.7421875,0.8359375,0.875,14.0,4.276160241104662,True,tie_pass,False,False,False,False,False,False,4,4,,primary,global_gap_early_commit,0.7421875,0.8359375,0.875,14.0,4.0248952601104975,True,tie_pass,False,False,False,False,False
SingleLineInfilling/HumanEval/111/L2,5,<=8,False,True,True,True,False,4,4,4.0,16.0,1.0527743980721187,0.5628168152125105,0.534603440436206,0.49193548387096775,4.0,4.0,0.9375,0.87890625,0.5,12.0,True,0.4899575828596082,0.465396559563794,28,4.0,2.0,2.0,4.0,3.0,-0.07407407407407407,0.0,0.7767857142857143,0.9259259259259259,3,14,23,0.96875,0.96875,0.96875,0.96875,0.96875,0.0,0.0,0.87890625,0.87890625,0.921875,0.9375,0.9375,0.9609375,0.5,global_gap_early_commit,False,4,4,,primary,global_gap_early_commit,0.9375,0.9609375,0.96875,14.0,3.9464492546394467,True,tie_pass,False,False,False,False,False,False,4,4,,primary,global_gap_early_commit,0.9375,0.9609375,0.96875,14.0,4.208874179050326,True,tie_pass,False,False,False,False,False,False,4,4,,primary,global_gap_early_commit,0.9375,0.9609375,0.96875,14.0,3.9598650289699435,True,tie_pass,False,False,False,False,False
SingleLineInfilling/HumanEval/111/L4,8,<=8,False,True,True,True,False,3,8,8.0,16.0,1.1328838852957985,0.6596951194704017,0.5823148585948452,0.5625,8.0,8.0,1.0,1.0,0.5,8.0,True,0.4731887658253968,0.4176851414051548,28,8.0,4.0,4.0,8.0,6.0,-0.14814814814814814,-0.3333333333333333,0.7767857142857143,0.8518518518518519,2,8,27,1.0,1.0,1.0,1.0,1.0,0.0,0.0,1.0,1.0,1.0,1.0,1.0,1.0,0.5,global_gap_early_commit,False,8,8,,primary,global_gap_early_commit,1.0,1.0,1.0,8.0,3.6579278223216534,True,tie_pass,False,False,False,False,False,False,8,8,,primary,global_gap_early_commit,1.0,1.0,1.0,8.0,3.9123152308166027,True,tie_pass,False,False,False,False,False,False,8,8,,primary,global_gap_early_commit,1.0,1.0,1.0,8.0,3.633661334402859,True,tie_pass,False,False,False,False,False
SingleLineInfilling/HumanEval/111/L5,15,13-16,False,False,False,False,False,4,10,10.0,15.0,1.0674240699853832,0.6020004361257026,0.5639749496504666,0.5504201680672269,10.0,10.0,0.75,0.5078125,0.3,5.0,True,0.46542363385968055,0.4360250503495334,42,10.0,3.0,3.0,10.0,7.0,-0.17073170731707318,-0.3333333333333333,0.6666666666666666,0.8292682926829268,2,6,41,0.9296875,0.93359375,0.92578125,0.9375,0.9296875,9.527439024390244e-05,0.0,0.671875,0.671875,0.828125,0.8359375,0.8359375,0.8984375,0.3,global_gap_early_commit,False,10,10,,primary,global_gap_early_commit,0.8359375,0.8984375,0.9375,6.0,4.6404860112816095,False,tie_fail,False,False,False,False,False,False,10,10,,primary,global_gap_early_commit,0.8359375,0.8984375,0.9375,6.0,4.948038156144321,False,tie_fail,False,False,False,False,False,False,10,10,,primary,global_gap_early_commit,0.8359375,0.8984375,0.9375,6.0,4.625844865106046,False,tie_fail,False,False,False,False,False
SingleLineInfilling/HumanEval/111/L6,8,<=8,False,True,True,True,False,4,8,8.0,16.0,1.1196079022649883,0.5051511579161467,0.4511857739608806,0.43280632411067194,8.0,8.0,0.9921875,0.9921875,0.5,8.0,True,0.6144567443488416,0.5488142260391193,28,8.0,4.0,4.0,8.0,6.0,-0.14814814814814814,-0.3333333333333333,0.7767857142857143,0.8518518518518519,2,8,27,0.98828125,0.99609375,0.98828125,0.99609375,0.99609375,0.00028935185185185184,0.0,0.9921875,0.98046875,0.9921875,0.9921875,0.98828125,0.9921875,0.5,global_gap_early_commit,False,8,8,,primary,global_gap_early_commit,0.9921875,0.9921875,0.99609375,8.0,3.6465681549161673,True,tie_pass,False,False,False,False,False,False,8,8,,primary,global_gap_early_commit,0.9921875,0.9921875,0.99609375,8.0,3.933771997690201,True,tie_pass,False,False,False,False,False,False,8,8,,primary,global_gap_early_commit,0.9921875,0.9921875,0.99609375,8.0,3.6741898339241743,True,tie_pass,False,False,False,False,False
SingleLineInfilling/HumanEval/111/L7,7,<=8,False,True,True,True,False,2,14,14.0,14.0,0.9198643213175561,0.9198643213175561,1.0,1.0,14.0,14.0,,,0.0,0.0,False,0.0,0.0,62,14.0,0.0,0.0,14.0,7.0,-0.22950819672131148,-0.3333333333333333,0.5080645161290323,0.7704918032786885,2,4,61,0.78515625,0.96484375,0.78515625,0.96484375,0.85546875,0.002945696721311475,0.0,0.1171875,0.1171875,0.462890625,0.5234375,0.5,0.6796875,0.0,no_remaining_masks,False,14,14,,primary,no_remaining_masks,0.5234375,0.6796875,0.96484375,4.0,6.007931194268167,True,tie_pass,False,False,False,False,False,False,14,14,,primary,no_remaining_masks,0.5234375,0.6796875,0.96484375,4.0,6.408369913697243,True,tie_pass,False,False,False,False,False,False,14,14,,primary,no_remaining_masks,0.5234375,0.6796875,0.96484375,4.0,5.95662987139076,True,tie_pass,False,False,False,False,False
SingleLineInfilling/HumanEval/111/L8,8,<=8,False,True,True,True,False,1,8,8.0,15.0,1.1284585576188617,0.7582448241277934,0.6719297035841094,0.6470588235294118,8.0,8.0,1.0,0.99609375,0.5,7.0,True,0.37021373349106834,0.3280702964158906,28,8.0,4.0,4.0,8.0,6.0,-0.14814814814814814,-0.3333333333333333,0.7767857142857143,0.8518518518518519,2,8,27,0.99609375,1.0,0.99609375,1.0,0.99609375,0.00014467592592592592,0.0,0.99609375,0.9921875,0.99609375,0.99609375,0.99609375,0.99609375,0.5,global_gap_early_commit,False,8,8,,primary,global_gap_early_commit,0.99609375,0.99609375,1.0,8.0,3.6545440470799804,True,tie_pass,False,False,False,False,False,False,8,8,,primary,global_gap_early_commit,0.99609375,0.99609375,1.0,8.0,3.887887462042272,True,tie_pass,False,False,False,False,False,False,8,8,,primary,global_gap_early_commit,0.99609375,0.99609375,1.0,8.0,3.629171579144895,True,tie_pass,False,False,False,False,False
SingleLineInfilling/HumanEval/111/L9,10,9-12,False,False,True,True,False,1,15,15.0,15.0,1.0247793683666542,1.0247793683666542,1.0,1.0,15.0,15.0,0.98046875,0.96484375,0.3333333333333333,0.0,False,0.0,0.0,41,15.0,5.0,5.0,15.0,10.0,-0.25,-0.3333333333333333,0.6731707317073171,0.75,2,4,40,0.87109375,0.9921875,0.87109375,0.9921875,0.9765625,0.00302734375,0.0,0.95703125,0.80859375,0.953125,0.9765625,0.8671875,0.96484375,0.3333333333333333,global_gap_early_commit,False,15,15,,primary,global_gap_early_commit,0.9765625,0.96484375,0.9921875,4.0,4.581511314027011,True,tie_pass,False,False,False,False,False,False,15,15,,primary,global_gap_early_commit,0.9765625,0.96484375,0.9921875,4.0,4.9093526573851705,True,tie_pass,False,False,False,False,False,False,15,15,,primary,global_gap_early_commit,0.9765625,0.96484375,0.9921875,4.0,4.595266466960311,True,tie_pass,False,False,False,False,False
SingleLineInfilling/HumanEval/112/L0,19,17-24,True,False,False,False,True,3,9,9.0,13.0,0.7353575055329464,0.4259986734276446,0.5793082551308214,0.5436046511627907,9.0,9.0,0.99609375,0.9921875,0.1111111111111111,4.0,True,0.30935883210530185,0.4206917448691786,54,9.0,1.0,1.0,9.0,5.0,-0.1509433962264151,-0.3333333333333333,0.5699588477366255,0.8490566037735849,2,7,53,0.64453125,0.87890625,0.64453125,0.87890625,0.84375,0.004422169811320755,0.0,0.1533203125,0.1533203125,0.53515625,0.46484375,0.46484375,0.66015625,0.1111111111111111,global_gap_early_commit,False,9,9,,primary,global_gap_early_commit,0.46484375,0.66015625,0.87890625,7.0,5.0215284107252955,False,tie_fail,False,False,True,False,False,False,9,9,,primary,global_gap_early_commit,0.46484375,0.66015625,0.87890625,7.0,5.347490542568266,False,tie_fail,False,False,True,False,False,False,9,9,,primary,global_gap_early_commit,0.46484375,0.66015625,0.87890625,7.0,5.055077308788896,False,tie_fail,False,False,True,False,False
SingleLineInfilling/HumanEval/112/L1,13,13-16,False,False,False,False,False,1,3,3.0,13.0,0.5799654338495321,0.375881182436157,0.6481096294674635,0.5935251798561151,3.0,3.0,,,0.0,10.0,True,0.20408425141337516,0.35189037053253647,54,3.0,0.0,0.0,3.0,2.0,-0.05660377358490566,-0.3333333333333333,0.5864197530864198,0.9433962264150944,2,21,53,0.54296875,0.8828125,0.54296875,0.8828125,0.578125,0.006412146226415095,0.0,0.345703125,0.14453125,0.345703125,0.65625,0.3671875,0.54296875,0.0,no_remaining_masks,False,3,3,,primary,no_remaining_masks,0.65625,0.54296875,0.8828125,21.0,5.528538950718939,False,tie_fail,False,False,False,False,False,False,3,3,,primary,no_remaining_masks,0.65625,0.54296875,0.8828125,21.0,5.896236132830381,False,tie_fail,False,False,False,False,False,True,24,3,24,rescue,no_remaining_masks,0.65625,0.54296875,0.8828125,21.0,8.236292779445648,False,tie_fail,False,False,False,False,False
SingleLineInfilling/HumanEval/113/L0,5,<=8,False,True,True,True,False,2,5,5.0,13.0,1.0927780212270755,0.6834203317021036,0.6253972155613946,0.5859375,5.0,5.0,0.984375,0.9765625,0.6,8.0,True,0.40935768952497187,0.3746027844386054,28,5.0,3.0,3.0,5.0,4.0,-0.07407407407407407,0.0,0.7785714285714286,0.9259259259259259,3,12,19,0.9921875,0.9921875,0.9921875,0.9921875,0.9921875,0.0,0.0,0.9765625,0.9765625,0.98046875,0.984375,0.984375,0.98828125,0.6,global_gap_early_commit,False,5,5,,primary,global_gap_early_commit,0.984375,0.98828125,0.9921875,12.0,4.767370764166117,True,tie_pass,False,False,False,False,False,False,5,5,,primary,global_gap_early_commit,0.984375,0.98828125,0.9921875,12.0,5.060012310743332,True,tie_pass,False,False,False,False,False,False,5,5,,primary,global_gap_early_commit,0.984375,0.98828125,0.9921875,12.0,4.794934695586562,True,tie_pass,False,False,False,False,False
SingleLineInfilling/HumanEval/113/L1,7,<=8,False,True,True,True,False,3,11,7.0,14.0,1.1238436146785018,0.965628715412957,0.8592198263182682,0.82421875,7.0,11.0,0.86328125,0.75390625,0.36363636363636365,3.0,True,0.15821489926554477,0.1407801736817318,40,11.0,4.0,4.0,11.0,7.5,-0.1794871794871795,-0.3333333333333333,0.6795454545454546,0.8205128205128205,2,5,37,0.9453125,0.87109375,0.87109375,0.9453125,0.93359375,-0.0019030448717948718,-0.009765625,0.75390625,0.75390625,0.84375,0.86328125,0.86328125,0.91015625,0.36363636363636365,global_gap_early_commit,False,11,11,,primary,global_gap_early_commit,0.86328125,0.91015625,0.9453125,5.0,5.863049300387502,True,tie_pass,False,False,False,False,False,False,11,11,,primary,global_gap_early_commit,0.86328125,0.91015625,0.9453125,5.0,5.477873474359512,True,tie_pass,False,False,False,False,False,False,11,11,,primary,global_gap_early_commit,0.86328125,0.91015625,0.9453125,5.0,5.42260954529047,True,tie_pass,False,False,False,False,False
SingleLineInfilling/HumanEval/113/L2,16,13-16,False,False,False,False,False,0,7,5.0,14.0,0.9938256807222615,0.5011201153446389,0.5042334134296574,0.474025974025974,5.0,7.0,0.87109375,0.8125,0.5714285714285714,7.0,True,0.49270556537762267,0.49576658657034256,28,7.0,4.0,4.0,7.0,5.0,-0.1111111111111111,0.0,0.7704081632653061,0.8888888888888888,3,8,22,0.875,0.92578125,0.875,0.92578125,0.90234375,0.001880787037037037,0.0,0.8125,0.8125,0.845703125,0.87109375,0.859375,0.873046875,0.5714285714285714,global_gap_early_commit,False,7,7,,primary,global_gap_early_commit,0.87109375,0.873046875,0.92578125,8.0,4.228135729208589,False,tie_fail,False,False,False,False,False,False,7,7,,primary,global_gap_early_commit,0.87109375,0.873046875,0.92578125,8.0,4.1493413131684065,False,tie_fail,False,False,False,False,False,False,7,7,,primary,global_gap_early_commit,0.87109375,0.873046875,0.92578125,8.0,4.130335285328329,False,tie_fail,False,False,False,False,False
SingleLineInfilling/HumanEval/113/L3,44,25+,True,False,False,False,True,0,6,6.0,24.0,1.02650510297297,0.45614195809024183,0.4443640433634094,0.4088983050847458,6.0,6.0,0.8984375,0.8671875,0.5,18.0,True,0.5703631448827281,0.5556359566365906,28,6.0,3.0,3.0,6.0,5.0,-0.1111111111111111,-0.3333333333333333,0.7738095238095238,0.8888888888888888,2,10,26,0.921875,0.94921875,0.859375,0.94921875,0.921875,0.0010127314814814814,0.044921875,0.8671875,0.74609375,0.890625,0.8984375,0.79296875,0.9140625,0.5,global_gap_early_commit,False,6,6,,primary,global_gap_early_commit,0.8984375,0.9140625,0.94921875,10.0,3.657070324756205,False,tie_fail,False,False,True,False,False,False,6,6,,primary,global_gap_early_commit,0.8984375,0.9140625,0.94921875,10.0,3.6874532345682383,False,tie_fail,False,False,True,False,False,False,6,6,,primary,global_gap_early_commit,0.8984375,0.9140625,0.94921875,10.0,3.6749589974060655,False,tie_fail,False,False,True,False,False
SingleLineInfilling/HumanEval/113/L4,4,<=8,False,True,True,True,False,2,3,3.0,13.0,0.9304481420751487,0.3918276568425394,0.42111713605946777,0.38565022421524664,3.0,3.0,0.98046875,0.97265625,0.3333333333333333,10.0,True,0.5386204852326093,0.5788828639405322,33,3.0,1.0,1.0,3.0,2.0,-0.0625,-0.3333333333333333,0.7575757575757576,0.9375,2,21,32,0.87109375,0.9765625,0.87109375,0.9765625,0.9765625,0.0032958984375,0.0,0.9453125,0.80859375,0.9453125,0.96875,0.87109375,0.96875,0.3333333333333333,global_gap_early_commit,False,3,3,,primary,global_gap_early_commit,0.96875,0.96875,0.9765625,21.0,4.8127873204648495,True,tie_pass,False,False,False,False,False,False,3,3,,primary,global_gap_early_commit,0.96875,0.96875,0.9765625,21.0,4.8134096302092075,True,tie_pass,False,False,False,False,False,False,3,3,,primary,global_gap_early_commit,0.96875,0.96875,0.9765625,21.0,4.800802813842893,True,tie_pass,False,False,False,False,False
SingleLineInfilling/HumanEval/114/L0,7,<=8,False,True,True,True,False,2,7,7.0,14.0,1.119453600558664,0.8146062148981343,0.7276819820773319,0.6980392156862745,7.0,7.0,1.0,1.0,0.5714285714285714,7.0,True,0.3048473856605296,0.2723180179226681,28,7.0,4.0,4.0,7.0,5.0,-0.1111111111111111,0.0,0.7704081632653061,0.8888888888888888,3,8,22,0.99609375,1.0,0.99609375,1.0,0.998046875,0.00014467592592592592,0.0,1.0,0.99609375,0.99609375,1.0,0.99609375,0.998046875,0.5714285714285714,global_gap_early_commit,False,7,7,,primary,global_gap_early_commit,1.0,0.998046875,1.0,8.0,2.6075153471902013,True,tie_pass,False,False,False,False,False,False,7,7,,primary,global_gap_early_commit,1.0,0.998046875,1.0,8.0,2.63749947398901,True,tie_pass,False,False,False,False,False,False,7,7,,primary,global_gap_early_commit,1.0,0.998046875,1.0,8.0,2.638588860630989,True,tie_pass,False,False,False,False,False
SingleLineInfilling/HumanEval/114/L1,6,<=8,False,True,True,True,False,3,13,6.0,13.0,1.1134970608520351,0.9248955155701801,0.8306223232079847,0.79296875,6.0,13.0,0.98046875,0.97265625,0.3076923076923077,0.0,False,0.18860154528185502,0.16937767679201532,42,13.0,4.0,4.0,13.0,9.0,-0.21951219512195122,-0.3333333333333333,0.6648351648351648,0.7804878048780488,2,4,41,0.79296875,0.98046875,0.78515625,0.98046875,0.88671875,0.004573170731707317,0.0,0.9296875,0.60546875,0.66796875,0.9453125,0.75,0.81640625,0.3076923076923077,global_gap_early_commit,False,13,13,,primary,global_gap_early_commit,0.9453125,0.81640625,0.98046875,4.0,3.390979925170541,True,tie_pass,False,False,False,False,False,False,13,13,,primary,global_gap_early_commit,0.9453125,0.81640625,0.98046875,4.0,3.38331126794219,True,tie_pass,False,False,False,False,False,False,13,13,,primary,global_gap_early_commit,0.9453125,0.81640625,0.98046875,4.0,3.4472041875123978,True,tie_pass,False,False,False,False,False
SingleLineInfilling/HumanEval/114/L10,5,<=8,False,True,False,False,False,0,3,3.0,14.0,0.8136205726666098,0.4050148877442971,0.49779332203569604,0.45384615384615384,3.0,3.0,,,0.0,11.0,True,0.4086056849223127,0.502206677964304,54,3.0,0.0,0.0,3.0,2.0,-0.05660377358490566,-0.3333333333333333,0.5864197530864198,0.9433962264150944,2,21,53,0.76171875,0.77734375,0.76171875,0.79296875,0.77734375,0.00029481132075471697,0.0,0.056640625,0.056640625,0.6171875,0.482421875,0.482421875,0.6875,0.0,no_remaining_masks,False,3,3,,primary,no_remaining_masks,0.482421875,0.6875,0.79296875,21.0,8.313630004413426,False,tie_fail,False,False,False,False,False,False,3,3,,primary,no_remaining_masks,0.482421875,0.6875,0.79296875,21.0,3.7880900241434574,False,tie_fail,False,False,False,False,False,True,24,3,24,rescue,no_remaining_masks,0.482421875,0.6875,0.79296875,21.0,10.008207526057959,False,tie_fail,False,False,False,False,False
SingleLineInfilling/HumanEval/114/L2,7,<=8,False,True,True,True,False,4,7,7.0,14.0,1.1238436146785018,0.6452779567451513,0.5741705948382739,0.55078125,7.0,7.0,1.0,1.0,0.5714285714285714,7.0,True,0.4785656579333505,0.42582940516172607,28,7.0,4.0,4.0,7.0,5.0,-0.1111111111111111,0.0,0.7704081632653061,0.8888888888888888,3,8,22,1.0,1.0,1.0,1.0,1.0,0.0,0.0,1.0,1.0,1.0,1.0,1.0,1.0,0.5714285714285714,global_gap_early_commit,False,7,7,,primary,global_gap_early_commit,1.0,1.0,1.0,8.0,2.6480150735005736,True,tie_pass,False,False,False,False,False,False,7,7,,primary,global_gap_early_commit,1.0,1.0,1.0,8.0,2.647651467472315,True,tie_pass,False,False,False,False,False,False,7,7,,primary,global_gap_early_commit,1.0,1.0,1.0,8.0,2.6724460925906897,True,tie_pass,False,False,False,False,False
SingleLineInfilling/HumanEval/114/L3,6,<=8,False,True,False,False,False,3,7,5.0,14.0,1.1013825725753201,0.5949371232402104,0.5401729953372079,0.5078125,5.0,7.0,0.875,0.80078125,0.5714285714285714,7.0,True,0.5064454493351097,0.45982700466279214,28,7.0,4.0,4.0,7.0,5.0,-0.1111111111111111,0.0,0.7704081632653061,0.8888888888888888,3,8,22,0.953125,0.9296875,0.9296875,0.953125,0.9375,-0.0008680555555555555,0.0,0.80078125,0.80078125,0.8671875,0.875,0.875,0.919921875,0.5714285714285714,global_gap_early_commit,False,7,7,,primary,global_gap_early_commit,0.875,0.919921875,0.953125,8.0,2.6496299831196666,False,tie_fail,False,False,False,False,False,False,7,7,,primary,global_gap_early_commit,0.875,0.919921875,0.953125,8.0,2.675982665270567,False,tie_fail,False,False,False,False,False,False,7,7,,primary,global_gap_early_commit,0.875,0.919921875,0.953125,8.0,2.6296058166772127,False,tie_fail,False,False,False,False,False
SingleLineInfilling/HumanEval/114/L4,9,9-12,False,False,True,True,False,2,8,8.0,13.0,1.1240332299419251,0.7745430425957174,0.689074861813236,0.6692913385826772,8.0,8.0,0.984375,0.9765625,0.5,5.0,True,0.34949018734620774,0.31092513818676404,28,8.0,4.0,4.0,8.0,6.0,-0.14814814814814814,-0.3333333333333333,0.7767857142857143,0.8518518518518519,2,8,27,0.9921875,0.9921875,0.9921875,0.9921875,0.9921875,0.0,0.0,0.9765625,0.9765625,0.98046875,0.984375,0.984375,0.98828125,0.5,global_gap_early_commit,False,8,8,,primary,global_gap_early_commit,0.984375,0.98828125,0.9921875,8.0,2.5126737132668495,True,tie_pass,False,False,False,False,False,False,8,8,,primary,global_gap_early_commit,0.984375,0.98828125,0.9921875,8.0,2.5402754805982113,True,tie_pass,False,False,False,False,False,False,8,8,,primary,global_gap_early_commit,0.984375,0.98828125,0.9921875,8.0,2.534192143008113,True,tie_pass,False,False,False,False,False
SingleLineInfilling/HumanEval/114/L5,6,<=8,False,True,True,True,False,0,6,6.0,16.0,1.1047978650641286,0.8580649805698931,0.7766714687850037,0.7322834645669292,6.0,6.0,0.98828125,0.98046875,0.5,10.0,True,0.24673288449423547,0.2233285312149963,28,6.0,3.0,3.0,6.0,5.0,-0.1111111111111111,-0.3333333333333333,0.7738095238095238,0.8888888888888888,2,10,26,0.9921875,0.9921875,0.9921875,0.9921875,0.9921875,0.0,0.0,0.98046875,0.98046875,0.984375,0.98828125,0.98828125,0.9921875,0.5,global_gap_early_commit,False,6,6,,primary,global_gap_early_commit,0.98828125,0.9921875,0.9921875,10.0,4.753679906949401,True,tie_pass,False,False,False,False,False,False,6,6,,primary,global_gap_early_commit,0.98828125,0.9921875,0.9921875,10.0,2.7076141824945807,True,tie_pass,False,False,False,False,False,False,6,6,,primary,global_gap_early_commit,0.98828125,0.9921875,0.9921875,10.0,2.6696117585524917,True,tie_pass,False,False,False,False,False
SingleLineInfilling/HumanEval/114/L6,11,9-12,False,False,False,False,False,2,6,6.0,15.0,1.0178059071850634,0.90529836577682,0.8894607109135332,0.8418803418803419,6.0,6.0,0.78515625,0.57421875,0.5,9.0,True,0.11250754140824337,0.11053928908646682,28,6.0,3.0,3.0,6.0,5.0,-0.1111111111111111,-0.3333333333333333,0.7738095238095238,0.8888888888888888,2,10,26,0.9140625,0.890625,0.890625,0.91796875,0.9140625,-0.0008680555555555555,-0.005859375,0.57421875,0.57421875,0.8046875,0.78515625,0.78515625,0.90234375,0.5,global_gap_early_commit,False,6,6,,primary,global_gap_early_commit,0.78515625,0.90234375,0.91796875,10.0,6.033914824947715,False,tie_fail,False,False,False,False,False,False,6,6,,primary,global_gap_early_commit,0.78515625,0.90234375,0.91796875,10.0,2.82470213342458,False,tie_fail,False,False,False,False,False,False,6,6,,primary,global_gap_early_commit,0.78515625,0.90234375,0.91796875,10.0,3.4060271438211203,False,tie_fail,False,False,False,False,False
SingleLineInfilling/HumanEval/114/L7,9,9-12,False,False,True,True,False,1,10,10.0,13.0,1.0674240699853832,0.4829503677361532,0.4524447043270876,0.44537815126050423,10.0,10.0,0.9921875,0.98828125,0.3,3.0,True,0.58447370224923,0.5475552956729124,42,10.0,3.0,3.0,10.0,7.0,-0.17073170731707318,-0.3333333333333333,0.6666666666666666,0.8292682926829268,2,6,41,0.9296875,0.94921875,0.9296875,0.99609375,0.96875,0.0004763719512195122,0.0,0.98828125,0.8828125,0.9140625,0.9921875,0.9296875,0.953125,0.3,global_gap_early_commit,False,10,10,,primary,global_gap_early_commit,0.9921875,0.953125,0.99609375,6.0,7.068819306790829,True,tie_pass,False,False,False,False,False,False,10,10,,primary,global_gap_early_commit,0.9921875,0.953125,0.99609375,6.0,3.238544685766101,True,tie_pass,False,False,False,False,False,False,10,10,,primary,global_gap_early_commit,0.9921875,0.953125,0.99609375,6.0,4.081502551212907,True,tie_pass,False,False,False,False,False
SingleLineInfilling/HumanEval/114/L8,13,13-16,False,False,False,False,False,0,5,5.0,20.0,1.0798711942047083,0.46754329632665503,0.4329620966239276,0.398406374501992,5.0,5.0,0.9453125,0.91015625,0.6,15.0,True,0.6123278978780533,0.5670379033760724,28,5.0,3.0,3.0,5.0,4.0,-0.07407407407407407,0.0,0.7785714285714286,0.9259259259259259,3,12,19,0.98046875,0.96875,0.96875,0.98046875,0.98046875,-0.00043402777777777775,0.0,0.91015625,0.91015625,0.95703125,0.9453125,0.9453125,0.97265625,0.6,global_gap_early_commit,False,5,5,,primary,global_gap_early_commit,0.9453125,0.97265625,0.98046875,12.0,5.581939347088337,False,tie_fail,False,False,False,False,False,False,5,5,,primary,global_gap_early_commit,0.9453125,0.97265625,0.98046875,12.0,2.68336727283895,False,tie_fail,False,False,False,False,False,False,5,5,,primary,global_gap_early_commit,0.9453125,0.97265625,0.98046875,12.0,3.39465076290071,False,tie_fail,False,False,False,False,False
SingleLineInfilling/HumanEval/114/L9,8,<=8,False,True,False,False,False,4,7,7.0,13.0,1.115063586438826,0.8884464312127347,0.7967675045780683,0.7677165354330708,7.0,7.0,0.9921875,0.98828125,0.5714285714285714,6.0,True,0.22661715522609138,0.20323249542193167,28,7.0,4.0,4.0,7.0,5.0,-0.1111111111111111,0.0,0.7704081632653061,0.8888888888888888,3,8,22,0.9921875,0.99609375,0.9921875,0.99609375,0.994140625,0.00014467592592592592,0.0,0.98828125,0.98046875,0.990234375,0.9921875,0.98828125,0.9921875,0.5714285714285714,global_gap_early_commit,False,7,7,,primary,global_gap_early_commit,0.9921875,0.9921875,0.99609375,8.0,5.411884035915136,False,tie_fail,False,False,False,False,False,False,7,7,,primary,global_gap_early_commit,0.9921875,0.9921875,0.99609375,8.0,2.5171011108905077,False,tie_fail,False,False,False,False,False,False,7,7,,primary,global_gap_early_commit,0.9921875,0.9921875,0.99609375,8.0,3.2188248112797737,False,tie_fail,False,False,False,False,False
SingleLineInfilling/HumanEval/115/L0,17,17-24,True,False,False,False,True,4,3,3.0,13.0,0.492344756793128,0.23691904832339591,0.48120558826818965,0.4406779661016949,3.0,3.0,,,0.0,10.0,True,0.2554257084697321,0.5187944117318104,54,3.0,0.0,0.0,3.0,2.0,-0.05660377358490566,-0.3333333333333333,0.5864197530864198,0.9433962264150944,2,21,53,0.4609375,0.6875,0.4609375,0.6875,0.48046875,0.004274764150943396,0.0,0.01318359375,0.01318359375,0.1328125,0.07666015625,0.07666015625,0.220703125,0.0,no_remaining_masks,True,32,3,32,rescue,no_remaining_masks,0.07666015625,0.220703125,0.6875,21.0,26.450923637486994,False,tie_fail,False,False,False,True,False,True,24,3,24,rescue,no_remaining_masks,0.07666015625,0.220703125,0.6875,21.0,12.40987273491919,False,tie_fail,False,False,False,True,False,True,24,3,24,rescue,no_remaining_masks,0.07666015625,0.220703125,0.6875,21.0,16.18994297273457,False,tie_fail,False,False,False,True,False
SingleLineInfilling/HumanEval/116/L0,21,17-24,True,False,False,False,True,2,3,3.0,13.0,0.45270683145808804,0.21983354003084332,0.4855980178668801,0.4447004608294931,3.0,3.0,,,0.0,10.0,True,0.23287329142724472,0.5144019821331198,54,3.0,0.0,0.0,3.0,2.0,-0.05660377358490566,-0.3333333333333333,0.5864197530864198,0.9433962264150944,2,21,53,0.423828125,0.71484375,0.423828125,0.71484375,0.447265625,0.005490860849056604,0.0,0.0205078125,0.0205078125,0.0810546875,0.1689453125,0.1689453125,0.173828125,0.0,no_remaining_masks,True,32,3,32,rescue,no_remaining_masks,0.1689453125,0.173828125,0.71484375,21.0,17.003548299893737,True,win,True,False,False,False,True,True,24,3,24,rescue,no_remaining_masks,0.1689453125,0.173828125,0.71484375,21.0,7.942285090684891,False,tie_fail,False,False,False,True,False,True,24,3,24,rescue,no_remaining_masks,0.1689453125,0.173828125,0.71484375,21.0,10.363761715590954,False,tie_fail,False,False,False,True,False
SingleLineInfilling/HumanEval/117/L0,5,<=8,False,True,True,True,False,2,5,5.0,15.0,1.1013825725753201,0.7306722850686009,0.6634136977127741,0.62109375,5.0,5.0,1.0,0.99609375,0.6,10.0,True,0.3707102875067192,0.33658630228722586,28,5.0,3.0,3.0,5.0,4.0,-0.07407407407407407,0.0,0.7785714285714286,0.9259259259259259,3,12,19,1.0,1.0,1.0,1.0,1.0,0.0,0.0,0.99609375,0.99609375,1.0,1.0,1.0,1.0,0.6,global_gap_early_commit,False,5,5,,primary,global_gap_early_commit,1.0,1.0,1.0,12.0,9.414228253997862,True,tie_pass,False,False,False,False,False,False,5,5,,primary,global_gap_early_commit,1.0,1.0,1.0,12.0,4.661124939098954,True,tie_pass,False,False,False,False,False,False,5,5,,primary,global_gap_early_commit,1.0,1.0,1.0,12.0,5.897072800435126,True,tie_pass,False,False,False,False,False
SingleLineInfilling/HumanEval/117/L1,8,<=8,False,True,True,True,False,3,8,8.0,14.0,1.1284585576188617,1.1258040947468597,0.9976477090327507,0.9647058823529412,8.0,8.0,0.99609375,0.99609375,0.5,6.0,True,0.0026544628720019947,0.0023522909672493153,28,8.0,4.0,4.0,8.0,6.0,-0.14814814814814814,-0.3333333333333333,0.7767857142857143,0.8518518518518519,2,8,27,0.99609375,1.0,0.99609375,1.0,1.0,0.00014467592592592592,0.0,0.99609375,0.99609375,0.99609375,0.99609375,0.99609375,0.99609375,0.5,global_gap_early_commit,False,8,8,,primary,global_gap_early_commit,0.99609375,0.99609375,1.0,8.0,8.776098090223968,True,tie_pass,False,False,False,False,False,False,8,8,,primary,global_gap_early_commit,0.99609375,0.99609375,1.0,8.0,4.248129676096141,True,tie_pass,False,False,False,False,False,False,8,8,,primary,global_gap_early_commit,0.99609375,0.99609375,1.0,8.0,5.447715479880571,True,tie_pass,False,False,False,False,False
SingleLineInfilling/HumanEval/117/L2,9,9-12,False,False,True,True,False,0,9,9.0,16.0,1.1409183116147532,0.8396119702350567,0.7359089267721064,0.7109375,9.0,9.0,1.0,1.0,0.3333333333333333,7.0,True,0.3013063413796965,0.2640910732278936,40,9.0,3.0,3.0,9.0,6.0,-0.15384615384615385,-0.3333333333333333,0.6777777777777778,0.8461538461538461,2,7,39,1.0,1.0,1.0,1.0,1.0,0.0,0.0,1.0,1.0,1.0,1.0,1.0,1.0,0.3333333333333333,global_gap_early_commit,False,9,9,,primary,global_gap_early_commit,1.0,1.0,1.0,7.0,10.996483881957829,True,tie_pass,False,False,False,False,False,False,9,9,,primary,global_gap_early_commit,1.0,1.0,1.0,7.0,5.350184871815145,True,tie_pass,False,False,False,False,False,False,9,9,,primary,global_gap_early_commit,1.0,1.0,1.0,7.0,6.906063607893884,True,tie_pass,False,False,False,False,False
SingleLineInfilling/HumanEval/117/L3,12,9-12,False,False,True,True,False,3,9,9.0,13.0,1.1409183116147532,0.7335378226935911,0.6429363217559438,0.62890625,9.0,9.0,0.99609375,0.99609375,0.3333333333333333,4.0,True,0.4073804889211621,0.35706367824405616,40,9.0,3.0,3.0,9.0,6.0,-0.15384615384615385,-0.3333333333333333,0.6777777777777778,0.8461538461538461,2,7,39,1.0,1.0,1.0,1.0,1.0,0.0,0.0,0.99609375,0.99609375,0.99609375,1.0,1.0,1.0,0.3333333333333333,global_gap_early_commit,False,9,9,,primary,global_gap_early_commit,1.0,1.0,1.0,7.0,11.352474852465093,True,tie_pass,False,False,False,False,False,False,9,9,,primary,global_gap_early_commit,1.0,1.0,1.0,7.0,5.497623523697257,True,tie_pass,False,False,False,False,False,False,9,9,,primary,global_gap_early_commit,1.0,1.0,1.0,7.0,7.1503641679883,True,tie_pass,False,False,False,False,False
SingleLineInfilling/HumanEval/117/L4,21,17-24,True,False,False,False,True,0,6,6.0,13.0,0.9395131450939047,0.6333028407106159,0.6740755507442283,0.6318181818181818,6.0,6.0,0.671875,0.62109375,0.5,7.0,True,0.3062103043832888,0.3259244492557717,28,6.0,3.0,3.0,6.0,5.0,-0.1111111111111111,-0.3333333333333333,0.7738095238095238,0.8888888888888888,2,10,26,0.84375,0.8359375,0.8203125,0.84375,0.84375,-0.00028935185185185184,-0.00390625,0.62109375,0.62109375,0.74609375,0.671875,0.671875,0.78125,0.5,global_gap_early_commit,False,6,6,,primary,global_gap_early_commit,0.671875,0.78125,0.84375,10.0,8.370771734975278,False,tie_fail,False,False,True,False,False,False,6,6,,primary,global_gap_early_commit,0.671875,0.78125,0.84375,10.0,4.11352788284421,False,tie_fail,False,False,True,False,False,False,6,6,,primary,global_gap_early_commit,0.671875,0.78125,0.84375,10.0,5.360715227201581,False,tie_fail,False,False,True,False,False
SingleLineInfilling/HumanEval/117/L5,10,9-12,False,False,True,True,False,2,9,9.0,14.0,1.1409183116147532,1.1212276553373197,0.9827413969282647,0.95703125,9.0,9.0,0.99609375,0.99609375,0.3333333333333333,5.0,True,0.019690656277433494,0.017258603071735323,40,9.0,3.0,3.0,9.0,6.0,-0.15384615384615385,-0.3333333333333333,0.6777777777777778,0.8461538461538461,2,7,39,1.0,1.0,1.0,1.0,1.0,0.0,0.0,0.99609375,0.99609375,0.99609375,0.99609375,0.99609375,1.0,0.3333333333333333,global_gap_early_commit,False,9,9,,primary,global_gap_early_commit,0.99609375,1.0,1.0,7.0,10.874414626508951,True,tie_pass,False,False,False,False,False,False,9,9,,primary,global_gap_early_commit,0.99609375,1.0,1.0,7.0,5.98334429319948,True,tie_pass,False,False,False,False,False,False,9,9,,primary,global_gap_early_commit,0.99609375,1.0,1.0,7.0,6.512331195175648,True,tie_pass,False,False,False,False,False
SingleLineInfilling/HumanEval/117/L6,10,9-12,False,False,True,True,False,3,10,10.0,14.0,1.130213721160994,0.681889472021472,0.6033279009575392,0.5912698412698413,10.0,10.0,1.0,1.0,0.3,4.0,True,0.44832424913952196,0.3966720990424608,42,10.0,3.0,3.0,10.0,7.0,-0.17073170731707318,-0.3333333333333333,0.6666666666666666,0.8292682926829268,2,6,41,0.984375,1.0,0.9765625,1.0,0.98046875,0.00038109756097560977,0.0,1.0,0.9140625,0.9609375,1.0,0.953125,0.9765625,0.3,global_gap_early_commit,False,10,10,,primary,global_gap_early_commit,1.0,0.9765625,1.0,6.0,11.402819850482047,True,tie_pass,False,False,False,False,False,False,10,10,,primary,global_gap_early_commit,1.0,0.9765625,1.0,6.0,6.7544120429083705,True,tie_pass,False,False,False,False,False,False,10,10,,primary,global_gap_early_commit,1.0,0.9765625,1.0,6.0,6.778496479615569,True,tie_pass,False,False,False,False,False
SingleLineInfilling/HumanEval/117/L7,6,<=8,False,True,True,True,False,3,6,6.0,13.0,1.1134970608520351,0.5968537563531705,0.5360173612820001,0.51171875,6.0,6.0,0.99609375,0.99609375,0.5,7.0,True,0.5166433044988646,0.46398263871799994,28,6.0,3.0,3.0,6.0,5.0,-0.1111111111111111,-0.3333333333333333,0.7738095238095238,0.8888888888888888,2,10,26,1.0,1.0,1.0,1.0,1.0,0.0,0.0,0.99609375,0.99609375,0.99609375,0.99609375,0.99609375,0.99609375,0.5,global_gap_early_commit,False,6,6,,primary,global_gap_early_commit,0.99609375,0.99609375,1.0,10.0,9.161012363620102,True,tie_pass,False,False,False,False,False,False,6,6,,primary,global_gap_early_commit,0.99609375,0.99609375,1.0,10.0,5.6289283679798245,True,tie_pass,False,False,False,False,False,False,6,6,,primary,global_gap_early_commit,0.99609375,0.99609375,1.0,10.0,5.504304685629904,True,tie_pass,False,False,False,False,False
SingleLineInfilling/HumanEval/117/L8,4,<=8,False,True,True,True,False,2,3,3.0,13.0,1.0639653642563358,0.375881182436157,0.3532832882195194,0.3235294117647059,3.0,3.0,1.0,1.0,0.3333333333333333,10.0,True,0.6880841818201788,0.6467167117804806,33,3.0,1.0,1.0,3.0,2.0,-0.0625,-0.3333333333333333,0.7575757575757576,0.9375,2,21,32,0.99609375,1.0,0.99609375,1.0,1.0,0.0001220703125,0.0,1.0,0.9921875,1.0,1.0,0.99609375,1.0,0.3333333333333333,global_gap_early_commit,False,3,3,,primary,global_gap_early_commit,1.0,1.0,1.0,21.0,9.923668851144612,True,tie_pass,False,False,False,False,False,False,3,3,,primary,global_gap_early_commit,1.0,1.0,1.0,21.0,5.973890728317201,True,tie_pass,False,False,False,False,False,False,3,3,,primary,global_gap_early_commit,1.0,1.0,1.0,21.0,5.93505356553942,True,tie_pass,False,False,False,False,False
SingleLineInfilling/HumanEval/118/L0,10,9-12,False,False,True,True,False,2,6,6.0,14.0,1.1047978650641286,0.5903606838306704,0.5343608116009553,0.5078740157480315,6.0,6.0,0.984375,0.9765625,0.5,8.0,True,0.5144371812334582,0.4656391883990447,28,6.0,3.0,3.0,6.0,5.0,-0.1111111111111111,-0.3333333333333333,0.7738095238095238,0.8888888888888888,2,10,26,0.9921875,0.9921875,0.9921875,0.9921875,0.9921875,0.0,0.0,0.9765625,0.9765625,0.98828125,0.984375,0.984375,0.9921875,0.5,global_gap_early_commit,False,6,6,,primary,global_gap_early_commit,0.984375,0.9921875,0.9921875,10.0,9.088041154667735,True,tie_pass,False,False,False,False,False,False,6,6,,primary,global_gap_early_commit,0.984375,0.9921875,0.9921875,10.0,5.379777922295034,True,tie_pass,False,False,False,False,False,False,6,6,,primary,global_gap_early_commit,0.984375,0.9921875,0.9921875,10.0,5.335137376561761,True,tie_pass,False,False,False,False,False
SingleLineInfilling/HumanEval/118/L1,4,<=8,False,True,True,True,False,0,3,3.0,14.0,1.0514481246768497,0.6498543961546914,0.6180565459227164,0.5634920634920635,3.0,3.0,0.953125,0.92578125,0.3333333333333333,11.0,True,0.40159372852215824,0.3819434540772836,33,3.0,1.0,1.0,3.0,2.0,-0.0625,-0.3333333333333333,0.7575757575757576,0.9375,2,21,32,0.984375,0.98046875,0.98046875,0.984375,0.98046875,-0.0001220703125,0.0,0.953125,0.953125,0.953125,0.96875,0.96875,0.96875,0.3333333333333333,global_gap_early_commit,False,3,3,,primary,global_gap_early_commit,0.96875,0.96875,0.984375,21.0,9.964934744872153,True,tie_pass,False,False,False,False,False,False,3,3,,primary,global_gap_early_commit,0.96875,0.96875,0.984375,21.0,5.874284015968442,True,tie_pass,False,False,False,False,False,False,3,3,,primary,global_gap_early_commit,0.96875,0.96875,0.984375,21.0,5.808263869024813,True,tie_pass,False,False,False,False,False
SingleLineInfilling/HumanEval/118/L3,34,25+,True,False,True,True,False,1,8,8.0,13.0,1.0576533147878744,0.6651957895233808,0.6289355691725829,0.6108786610878661,8.0,8.0,0.90625,0.81640625,0.5,5.0,True,0.3924575252644936,0.37106443082741714,28,8.0,4.0,4.0,8.0,6.0,-0.14814814814814814,-0.3333333333333333,0.7767857142857143,0.8518518518518519,2,8,27,0.93359375,0.9375,0.93359375,0.94140625,0.9375,0.00014467592592592592,0.0,0.80859375,0.80859375,0.84765625,0.8984375,0.8984375,0.921875,0.5,global_gap_early_commit,False,8,8,,primary,global_gap_early_commit,0.8984375,0.921875,0.94140625,8.0,7.8461326463148,True,tie_pass,False,False,False,False,False,False,8,8,,primary,global_gap_early_commit,0.8984375,0.921875,0.94140625,8.0,4.7640161430463195,True,tie_pass,False,False,False,False,False,False,8,8,,primary,global_gap_early_commit,0.8984375,0.921875,0.94140625,8.0,4.71270848158747,True,tie_pass,False,False,False,False,False
SingleLineInfilling/HumanEval/118/L4,17,17-24,True,False,False,False,True,0,9,9.0,14.0,1.132004887305263,0.6040900020592906,0.5336461077454591,0.5196850393700787,9.0,9.0,0.9921875,0.98828125,0.3333333333333333,5.0,True,0.5279148852459724,0.46635389225454094,40,9.0,3.0,3.0,9.0,6.0,-0.15384615384615385,-0.3333333333333333,0.6777777777777778,0.8461538461538461,2,7,39,0.9921875,0.99609375,0.9921875,1.0,0.99609375,0.00010016025641025641,0.0,0.9921875,0.98828125,0.9921875,0.99609375,0.9921875,0.99609375,0.3333333333333333,global_gap_early_commit,False,9,9,,primary,global_gap_early_commit,0.99609375,0.99609375,1.0,7.0,10.964368365705013,False,tie_fail,False,False,True,False,False,False,9,9,,primary,global_gap_early_commit,0.99609375,0.99609375,1.0,7.0,6.5407827738672495,False,tie_fail,False,False,True,False,False,False,9,9,,primary,global_gap_early_commit,0.99609375,0.99609375,1.0,7.0,6.369998094625771,False,tie_fail,False,False,True,False,False
SingleLineInfilling/HumanEval/118/L5,9,9-12,False,False,True,True,False,0,9,9.0,16.0,1.1409183116147532,0.7104408978912018,0.6226921688071669,0.6015625,9.0,9.0,1.0,1.0,0.3333333333333333,7.0,True,0.4304774137235514,0.37730783119283307,40,9.0,3.0,3.0,9.0,6.0,-0.15384615384615385,-0.3333333333333333,0.6777777777777778,0.8461538461538461,2,7,39,1.0,1.0,1.0,1.0,1.0,0.0,0.0,1.0,1.0,1.0,1.0,1.0,1.0,0.3333333333333333,global_gap_early_commit,False,9,9,,primary,global_gap_early_commit,1.0,1.0,1.0,7.0,11.063575801439583,True,tie_pass,False,False,False,False,False,False,9,9,,primary,global_gap_early_commit,1.0,1.0,1.0,7.0,6.576146663166583,True,tie_pass,False,False,False,False,False,False,9,9,,primary,global_gap_early_commit,1.0,1.0,1.0,7.0,6.452855591662228,True,tie_pass,False,False,False,False,False
SingleLineInfilling/HumanEval/118/L6,24,17-24,True,False,False,False,True,4,12,12.0,20.0,0.9794102856205523,0.7854727378287805,0.8019853879021769,0.7741935483870968,12.0,12.0,0.921875,0.8515625,0.3333333333333333,8.0,True,0.19393754779177186,0.19801461209782312,40,12.0,4.0,4.0,12.0,8.0,-0.20512820512820512,-0.3333333333333333,0.6791666666666667,0.7948717948717948,2,5,39,0.84375,0.9765625,0.67578125,0.9765625,0.94921875,0.003405448717948718,0.0,0.88671875,0.447265625,0.8671875,0.94140625,0.5703125,0.92578125,0.3333333333333333,global_gap_early_commit,False,12,12,,primary,global_gap_early_commit,0.94140625,0.92578125,0.9765625,5.0,10.527868614532053,False,tie_fail,False,False,True,False,False,False,12,12,,primary,global_gap_early_commit,0.94140625,0.92578125,0.9765625,5.0,6.345949625596404,False,tie_fail,False,False,True,False,False,False,12,12,,primary,global_gap_early_commit,0.94140625,0.92578125,0.9765625,5.0,6.313762649893761,False,tie_fail,False,False,True,False,False
SingleLineInfilling/HumanEval/118/L7,6,<=8,False,True,True,True,False,2,6,6.0,16.0,1.1134970608520351,0.5720433203799288,0.5137358152900806,0.484375,6.0,6.0,1.0,1.0,0.5,10.0,True,0.5414537404721064,0.4862641847099194,28,6.0,3.0,3.0,6.0,5.0,-0.1111111111111111,-0.3333333333333333,0.7738095238095238,0.8888888888888888,2,10,26,1.0,1.0,1.0,1.0,1.0,0.0,0.0,1.0,1.0,1.0,1.0,1.0,1.0,0.5,global_gap_early_commit,False,6,6,,primary,global_gap_early_commit,1.0,1.0,1.0,10.0,8.951408601365983,True,tie_pass,False,False,False,False,False,False,6,6,,primary,global_gap_early_commit,1.0,1.0,1.0,10.0,5.322288231924176,True,tie_pass,False,False,False,False,False,False,6,6,,primary,global_gap_early_commit,1.0,1.0,1.0,10.0,5.300985447131097,True,tie_pass,False,False,False,False,False
SingleLineInfilling/HumanEval/118/L8,4,<=8,False,True,True,True,False,0,3,3.0,13.0,0.44644821166834486,0.25514359050211866,0.5714965002293668,0.5233644859813084,3.0,3.0,0.921875,0.8828125,0.3333333333333333,10.0,True,0.1913046211662262,0.4285034997706332,33,3.0,1.0,1.0,3.0,2.0,-0.0625,-0.3333333333333333,0.7575757575757576,0.9375,2,21,32,0.41796875,0.921875,0.41796875,0.921875,0.921875,0.0157470703125,0.0,0.82421875,0.2041015625,0.82421875,0.8828125,0.41796875,0.8828125,0.3333333333333333,global_gap_early_commit,False,3,3,,primary,global_gap_early_commit,0.8828125,0.8828125,0.921875,21.0,9.989364938810468,True,tie_pass,False,False,False,False,False,False,3,3,,primary,global_gap_early_commit,0.8828125,0.8828125,0.921875,21.0,5.785360676236451,True,tie_pass,False,False,False,False,False,False,3,3,,primary,global_gap_early_commit,0.8828125,0.8828125,0.921875,21.0,6.0098712937906384,True,tie_pass,False,False,False,False,False
SingleLineInfilling/HumanEval/119/L0,6,<=8,False,True,True,True,False,2,6,6.0,15.0,1.1134970608520351,0.6617409374206197,0.594290690730933,0.5625,6.0,6.0,1.0,1.0,0.5,9.0,True,0.45175612343141547,0.405709309269067,28,6.0,3.0,3.0,6.0,5.0,-0.1111111111111111,-0.3333333333333333,0.7738095238095238,0.8888888888888888,2,10,26,1.0,1.0,1.0,1.0,1.0,0.0,0.0,1.0,1.0,1.0,1.0,1.0,1.0,0.5,global_gap_early_commit,False,6,6,,primary,global_gap_early_commit,1.0,1.0,1.0,10.0,9.286146300844848,True,tie_pass,False,False,False,False,False,False,6,6,,primary,global_gap_early_commit,1.0,1.0,1.0,10.0,4.595014805905521,True,tie_pass,False,False,False,False,False,False,6,6,,primary,global_gap_early_commit,1.0,1.0,1.0,10.0,4.527345839887857,True,tie_pass,False,False,False,False,False
SingleLineInfilling/HumanEval/119/L1,6,<=8,False,True,True,True,False,0,6,6.0,13.0,1.1134970608520351,0.7472062293276333,0.6710446354980764,0.640625,6.0,6.0,1.0,1.0,0.5,7.0,True,0.3662908315244019,0.32895536450192364,28,6.0,3.0,3.0,6.0,5.0,-0.1111111111111111,-0.3333333333333333,0.7738095238095238,0.8888888888888888,2,10,26,1.0,1.0,1.0,1.0,1.0,0.0,0.0,1.0,1.0,1.0,1.0,1.0,1.0,0.5,global_gap_early_commit,False,6,6,,primary,global_gap_early_commit,1.0,1.0,1.0,10.0,9.798929141834378,True,tie_pass,False,False,False,False,False,False,6,6,,primary,global_gap_early_commit,1.0,1.0,1.0,10.0,4.816295222379267,True,tie_pass,False,False,False,False,False,False,6,6,,primary,global_gap_early_commit,1.0,1.0,1.0,10.0,4.738941038958728,True,tie_pass,False,False,False,False,False
SingleLineInfilling/HumanEval/119/L11,14,13-16,False,False,True,True,False,3,14,14.0,14.0,1.1715684888422606,1.1715684888422606,1.0,1.0,14.0,14.0,1.0,1.0,0.35714285714285715,0.0,False,0.0,0.0,40,14.0,5.0,5.0,14.0,9.5,-0.23076923076923078,-0.3333333333333333,0.6785714285714286,0.7692307692307693,2,4,38,1.0,1.0,1.0,1.0,1.0,0.0,0.0,1.0,1.0,1.0,1.0,1.0,1.0,0.35714285714285715,global_gap_early_commit,False,14,14,,primary,global_gap_early_commit,1.0,1.0,1.0,4.0,10.991623034700751,True,tie_pass,False,False,False,False,False,False,14,14,,primary,global_gap_early_commit,1.0,1.0,1.0,4.0,5.265834097750485,True,tie_pass,False,False,False,False,False,False,14,14,,primary,global_gap_early_commit,1.0,1.0,1.0,4.0,5.2320017628371716,True,tie_pass,False,False,False,False,False
SingleLineInfilling/HumanEval/119/L12,14,13-16,False,False,True,True,False,4,14,14.0,14.0,1.1578391706136404,1.1578391706136404,1.0,1.0,14.0,14.0,0.99609375,0.99609375,0.35714285714285715,0.0,False,0.0,0.0,40,14.0,5.0,5.0,14.0,9.5,-0.23076923076923078,-0.3333333333333333,0.6785714285714286,0.7692307692307693,2,4,38,0.98828125,1.0,0.98828125,1.0,1.0,0.00030048076923076925,0.0,0.99609375,0.9765625,0.99609375,0.99609375,0.98828125,0.99609375,0.35714285714285715,global_gap_early_commit,False,14,14,,primary,global_gap_early_commit,0.99609375,0.99609375,1.0,4.0,9.58968628756702,True,tie_pass,False,False,False,False,False,False,14,14,,primary,global_gap_early_commit,0.99609375,0.99609375,1.0,4.0,5.313416573219001,True,tie_pass,False,False,False,False,False,False,14,14,,primary,global_gap_early_commit,0.99609375,0.99609375,1.0,4.0,5.253214466385543,True,tie_pass,False,False,False,False,False
SingleLineInfilling/HumanEval/119/L13,20,17-24,True,False,False,False,True,3,21,3.0,14.0,0.5090344095657764,0.3615387133536664,0.7102441535574602,0.6475409836065574,3.0,21.0,0.80859375,0.66796875,0.3333333333333333,-7.0,False,0.14749569621211,0.2897558464425398,42,21.0,7.0,7.0,21.0,14.0,-0.34146341463414637,-0.3333333333333333,0.6621315192743764,0.6585365853658537,2,3,41,0.267578125,0.92578125,0.267578125,0.92578125,0.79296875,0.01605373475609756,0.0,0.703125,0.09521484375,0.5859375,0.828125,0.267578125,0.69140625,0.3333333333333333,global_gap_early_commit,False,21,21,,primary,global_gap_early_commit,0.828125,0.69140625,0.92578125,3.0,6.491625025868416,False,tie_fail,False,False,True,False,False,False,21,21,,primary,global_gap_early_commit,0.828125,0.69140625,0.92578125,3.0,6.285599537193775,False,tie_fail,False,False,True,False,False,False,21,21,,primary,global_gap_early_commit,0.828125,0.69140625,0.92578125,3.0,6.265799507498741,False,tie_fail,False,False,True,False,False
SingleLineInfilling/HumanEval/119/L2,7,<=8,False,True,True,True,False,1,7,7.0,14.0,1.1238436146785018,0.6498543961546914,0.5782427267165596,0.5546875,7.0,7.0,1.0,1.0,0.5714285714285714,7.0,True,0.4739892185238104,0.42175727328344037,28,7.0,4.0,4.0,7.0,5.0,-0.1111111111111111,0.0,0.7704081632653061,0.8888888888888888,3,8,22,1.0,1.0,1.0,1.0,1.0,0.0,0.0,1.0,1.0,1.0,1.0,1.0,1.0,0.5714285714285714,global_gap_early_commit,False,7,7,,primary,global_gap_early_commit,1.0,1.0,1.0,8.0,9.420442706905305,True,tie_pass,False,False,False,False,False,False,7,7,,primary,global_gap_early_commit,1.0,1.0,1.0,8.0,4.563003588467836,True,tie_pass,False,False,False,False,False,False,7,7,,primary,global_gap_early_commit,1.0,1.0,1.0,8.0,4.509056713432074,True,tie_pass,False,False,False,False,False
SingleLineInfilling/HumanEval/119/L3,7,<=8,False,True,True,True,False,4,7,7.0,13.0,1.0887235017197987,0.7380939582382718,0.6779443605950859,0.6532258064516129,7.0,7.0,0.94140625,0.91015625,0.5714285714285714,6.0,True,0.35062954348152686,0.3220556394049141,28,7.0,4.0,4.0,7.0,5.0,-0.1111111111111111,0.0,0.7704081632653061,0.8888888888888888,3,8,22,0.96875,0.96484375,0.96484375,0.96875,0.966796875,-0.00014467592592592592,0.0,0.91015625,0.91015625,0.931640625,0.94140625,0.94140625,0.95703125,0.5714285714285714,global_gap_early_commit,False,7,7,,primary,global_gap_early_commit,0.94140625,0.95703125,0.96875,8.0,9.541901689954102,True,tie_pass,False,False,False,False,False,False,7,7,,primary,global_gap_early_commit,0.94140625,0.95703125,0.96875,8.0,4.653536828234792,True,tie_pass,False,False,False,False,False,False,7,7,,primary,global_gap_early_commit,0.94140625,0.95703125,0.96875,8.0,4.599917999468744,True,tie_pass,False,False,False,False,False
SingleLineInfilling/HumanEval/119/L4,8,<=8,False,True,True,True,False,3,8,8.0,20.0,1.1328838852957985,1.0426215508084407,0.9203251668958199,0.87109375,8.0,8.0,1.0,1.0,0.5,12.0,True,0.09026233448735788,0.07967483310418011,28,8.0,4.0,4.0,8.0,6.0,-0.14814814814814814,-0.3333333333333333,0.7767857142857143,0.8518518518518519,2,8,27,1.0,1.0,1.0,1.0,1.0,0.0,0.0,1.0,1.0,1.0,1.0,1.0,1.0,0.5,global_gap_early_commit,False,8,8,,primary,global_gap_early_commit,1.0,1.0,1.0,8.0,8.948645915836096,True,tie_pass,False,False,False,False,False,False,8,8,,primary,global_gap_early_commit,1.0,1.0,1.0,8.0,4.363487975671887,True,tie_pass,False,False,False,False,False,False,8,8,,primary,global_gap_early_commit,1.0,1.0,1.0,8.0,4.318949546664953,True,tie_pass,False,False,False,False,False
SingleLineInfilling/HumanEval/119/L5,4,<=8,False,True,True,True,False,4,7,4.0,16.0,1.086734862526058,1.0241420735834208,0.942402888596816,0.8671875,4.0,7.0,0.92578125,0.8515625,0.5714285714285714,9.0,True,0.0625927889426372,0.05759711140318402,28,7.0,4.0,4.0,7.0,5.0,-0.1111111111111111,0.0,0.7704081632653061,0.8888888888888888,3,8,22,0.94921875,0.95703125,0.94921875,0.95703125,0.951171875,0.00028935185185185184,0.0,0.8515625,0.8515625,0.876953125,0.92578125,0.92578125,0.939453125,0.5714285714285714,global_gap_early_commit,False,7,7,,primary,global_gap_early_commit,0.92578125,0.939453125,0.95703125,8.0,9.482186681590974,True,tie_pass,False,False,False,False,False,False,7,7,,primary,global_gap_early_commit,0.92578125,0.939453125,0.95703125,8.0,4.671541329473257,True,tie_pass,False,False,False,False,False,False,7,7,,primary,global_gap_early_commit,0.92578125,0.939453125,0.95703125,8.0,4.62501709535718,True,tie_pass,False,False,False,False,False
SingleLineInfilling/HumanEval/119/L6,8,<=8,False,True,True,True,False,2,8,8.0,20.0,1.1328838852957985,0.9491128915431096,0.8377847931831903,0.79296875,8.0,8.0,1.0,1.0,0.5,12.0,True,0.1837709937526889,0.16221520681680968,28,8.0,4.0,4.0,8.0,6.0,-0.14814814814814814,-0.3333333333333333,0.7767857142857143,0.8518518518518519,2,8,27,1.0,1.0,1.0,1.0,1.0,0.0,0.0,1.0,1.0,1.0,1.0,1.0,1.0,0.5,global_gap_early_commit,False,8,8,,primary,global_gap_early_commit,1.0,1.0,1.0,8.0,8.764547239989042,True,tie_pass,False,False,False,False,False,False,8,8,,primary,global_gap_early_commit,1.0,1.0,1.0,8.0,4.331371041946113,True,tie_pass,False,False,False,False,False,False,8,8,,primary,global_gap_early_commit,1.0,1.0,1.0,8.0,4.300618844106793,True,tie_pass,False,False,False,False,False
SingleLineInfilling/HumanEval/119/L7,8,<=8,False,True,True,True,False,3,8,8.0,13.0,1.1196079022649883,0.883890295668054,0.7894641453315281,0.766798418972332,8.0,8.0,0.9921875,0.984375,0.5,5.0,True,0.2357176065969343,0.2105358546684719,28,8.0,4.0,4.0,8.0,6.0,-0.14814814814814814,-0.3333333333333333,0.7767857142857143,0.8518518518518519,2,8,27,0.98828125,0.9921875,0.98828125,0.9921875,0.9921875,0.00014467592592592592,0.0,0.98046875,0.9765625,0.98046875,0.98828125,0.98828125,0.98828125,0.5,global_gap_early_commit,False,8,8,,primary,global_gap_early_commit,0.98828125,0.98828125,0.9921875,8.0,8.931598928757012,True,tie_pass,False,False,False,False,False,False,8,8,,primary,global_gap_early_commit,0.98828125,0.98828125,0.9921875,8.0,4.322878911159933,True,tie_pass,False,False,False,False,False,False,8,8,,primary,global_gap_early_commit,0.98828125,0.98828125,0.9921875,8.0,4.325269954279065,True,tie_pass,False,False,False,False,False
SingleLineInfilling/HumanEval/119/L8,4,<=8,False,True,True,True,False,0,4,4.0,16.0,1.0824898044693156,0.9918493054974571,0.9162666487964803,0.8431372549019608,4.0,4.0,1.0,0.99609375,0.5,12.0,True,0.09064049897185855,0.08373335120351966,28,4.0,2.0,2.0,4.0,3.0,-0.07407407407407407,0.0,0.7767857142857143,0.9259259259259259,3,14,23,0.99609375,1.0,0.99609375,1.0,0.99609375,0.00014467592592592592,0.0,0.99609375,0.99609375,0.99609375,1.0,0.99609375,0.99609375,0.5,global_gap_early_commit,False,4,4,,primary,global_gap_early_commit,1.0,0.99609375,1.0,14.0,9.344784205779433,True,tie_pass,False,False,False,False,False,False,4,4,,primary,global_gap_early_commit,1.0,0.99609375,1.0,14.0,4.539934084750712,True,tie_pass,False,False,False,False,False,False,4,4,,primary,global_gap_early_commit,1.0,0.99609375,1.0,14.0,4.541178596206009,True,tie_pass,False,False,False,False,False
SingleLineInfilling/HumanEval/119/L9,11,9-12,False,False,True,True,False,2,6,6.0,15.0,1.078700277700409,0.90529836577682,0.8392492191684143,0.7725490196078432,6.0,6.0,1.0,1.0,0.5,9.0,True,0.1734019119235891,0.16075078083158567,28,6.0,3.0,3.0,6.0,5.0,-0.1111111111111111,-0.3333333333333333,0.7738095238095238,0.8888888888888888,2,10,26,0.96875,1.0,0.96875,1.0,0.984375,0.0011574074074074073,0.005859375,1.0,0.95703125,0.9765625,1.0,0.96875,0.984375,0.5,global_gap_early_commit,False,6,6,,primary,global_gap_early_commit,1.0,0.984375,1.0,10.0,9.776081778109074,True,tie_pass,False,False,False,False,False,False,6,6,,primary,global_gap_early_commit,1.0,0.984375,1.0,10.0,4.884767700918019,True,tie_pass,False,False,False,False,False,False,6,6,,primary,global_gap_early_commit,1.0,0.984375,1.0,10.0,4.868918475694954,True,tie_pass,False,False,False,False,False
SingleLineInfilling/HumanEval/12/L0,6,<=8,False,True,True,True,False,4,11,11.0,13.0,1.13218479284427,0.5353459264999811,0.4728432406825455,0.458984375,11.0,11.0,0.984375,0.96875,0.36363636363636365,2.0,True,0.596838866344289,0.5271567593174544,40,11.0,4.0,4.0,11.0,7.5,-0.1794871794871795,-0.3333333333333333,0.6795454545454546,0.8205128205128205,2,5,37,0.98046875,0.9921875,0.9765625,0.9921875,0.98046875,0.00030048076923076925,0.0,0.96875,0.953125,0.96875,0.984375,0.96875,0.98046875,0.36363636363636365,global_gap_early_commit,False,11,11,,primary,global_gap_early_commit,0.984375,0.98046875,0.9921875,5.0,3.066351242363453,True,tie_pass,False,False,False,False,False,False,11,11,,primary,global_gap_early_commit,0.984375,0.98046875,0.9921875,5.0,3.3448480227962136,True,tie_pass,False,False,False,False,False,False,11,11,,primary,global_gap_early_commit,0.984375,0.98046875,0.9921875,5.0,3.0463116131722927,True,tie_pass,False,False,False,False,False
SingleLineInfilling/HumanEval/12/L1,4,<=8,False,True,True,True,False,4,4,4.0,16.0,1.078244746412573,0.36906020669672823,0.342278696858601,0.31496062992125984,4.0,4.0,1.0,0.99609375,0.5,12.0,True,0.7091845397158448,0.657721303141399,28,4.0,2.0,2.0,4.0,3.0,-0.07407407407407407,0.0,0.7767857142857143,0.9259259259259259,3,14,23,0.9921875,1.0,0.9921875,1.0,0.99609375,0.00028935185185185184,0.0,0.99609375,0.98828125,0.98828125,1.0,0.9921875,0.9921875,0.5,global_gap_early_commit,False,4,4,,primary,global_gap_early_commit,1.0,0.9921875,1.0,14.0,2.5321114975959063,True,tie_pass,False,False,False,False,False,False,4,4,,primary,global_gap_early_commit,1.0,0.9921875,1.0,14.0,2.709601557813585,True,tie_pass,False,False,False,False,False,False,4,4,,primary,global_gap_early_commit,1.0,0.9921875,1.0,14.0,2.510493558831513,True,tie_pass,False,False,False,False,False
SingleLineInfilling/HumanEval/12/L3,14,13-16,False,False,False,False,False,3,7,7.0,15.0,1.0492133746412575,0.8823212498941595,0.8409359537528188,0.803347280334728,7.0,7.0,0.91796875,0.85546875,0.5714285714285714,8.0,True,0.16689212474709803,0.15906404624718118,28,7.0,4.0,4.0,7.0,5.0,-0.1111111111111111,0.0,0.7704081632653061,0.8888888888888888,3,8,22,0.93359375,0.953125,0.9296875,0.953125,0.93359375,0.0007233796296296296,0.0,0.85546875,0.82421875,0.857421875,0.91796875,0.90234375,0.919921875,0.5714285714285714,global_gap_early_commit,False,7,7,,primary,global_gap_early_commit,0.91796875,0.919921875,0.953125,8.0,2.688799437135458,False,tie_fail,False,False,False,False,False,False,7,7,,primary,global_gap_early_commit,0.91796875,0.919921875,0.953125,8.0,2.8704382879659534,False,tie_fail,False,False,False,False,False,False,7,7,,primary,global_gap_early_commit,0.91796875,0.919921875,0.953125,8.0,2.6687065986916423,False,tie_fail,False,False,False,False,False
SingleLineInfilling/HumanEval/12/L4,7,<=8,False,True,True,True,False,0,11,8.0,20.0,1.1240332299419251,0.9911917882125086,0.8818171578999672,0.828125,8.0,11.0,0.9375,0.90234375,0.36363636363636365,9.0,True,0.13284144172941648,0.11818284210003283,40,11.0,4.0,4.0,11.0,7.5,-0.1794871794871795,-0.3333333333333333,0.6795454545454546,0.8205128205128205,2,5,37,0.90625,0.9140625,0.8828125,0.9765625,0.96484375,0.00020032051282051281,-0.03125,0.90234375,0.7578125,0.91796875,0.9375,0.85546875,0.9453125,0.36363636363636365,global_gap_early_commit,False,11,11,,primary,global_gap_early_commit,0.9375,0.9453125,0.9765625,5.0,3.053534470498562,True,tie_pass,False,False,False,False,False,False,11,11,,primary,global_gap_early_commit,0.9375,0.9453125,0.9765625,5.0,3.2937621474266052,True,tie_pass,False,False,False,False,False,False,11,11,,primary,global_gap_early_commit,0.9375,0.9453125,0.9765625,5.0,3.038874519057572,True,tie_pass,False,False,False,False,False
SingleLineInfilling/HumanEval/12/L5,10,9-12,False,False,True,True,False,2,10,10.0,24.0,1.1391836713289385,1.0777240046069962,0.9460493788062769,0.8976377952755905,10.0,10.0,0.99609375,0.9921875,0.3,14.0,True,0.06145966672194225,0.05395062119372307,42,10.0,3.0,3.0,10.0,7.0,-0.17073170731707318,-0.3333333333333333,0.6666666666666666,0.8292682926829268,2,6,41,0.9921875,1.0,0.9921875,1.0,0.99609375,0.00019054878048780488,0.0,0.9921875,0.984375,0.9921875,0.99609375,0.9921875,0.99609375,0.3,global_gap_early_commit,False,10,10,,primary,global_gap_early_commit,0.99609375,0.99609375,1.0,6.0,3.092677865177393,True,tie_pass,False,False,False,False,False,False,10,10,,primary,global_gap_early_commit,0.99609375,0.99609375,1.0,6.0,3.312957842834294,True,tie_pass,False,False,False,False,False,False,10,10,,primary,global_gap_early_commit,0.99609375,0.99609375,1.0,6.0,3.0815722988918424,True,tie_pass,False,False,False,False,False
SingleLineInfilling/HumanEval/12/L6,4,<=8,False,True,True,True,False,1,4,4.0,13.0,0.9933435852777249,0.5262336554106197,0.529759957390264,0.49148936170212765,4.0,4.0,0.9609375,0.9453125,0.5,9.0,True,0.4671099298671052,0.47024004260973595,28,4.0,2.0,2.0,4.0,3.0,-0.07407407407407407,0.0,0.7767857142857143,0.9259259259259259,3,14,23,0.9140625,0.98046875,0.9140625,0.98046875,0.91796875,0.002459490740740741,0.0,0.9453125,0.85546875,0.85546875,0.9609375,0.890625,0.890625,0.5,global_gap_early_commit,False,4,4,,primary,global_gap_early_commit,0.9609375,0.890625,0.98046875,14.0,2.5399950491264462,True,tie_pass,False,False,False,False,False,False,4,4,,primary,global_gap_early_commit,0.9609375,0.890625,0.98046875,14.0,2.714766599237919,True,tie_pass,False,False,False,False,False,False,4,4,,primary,global_gap_early_commit,0.9609375,0.890625,0.98046875,14.0,2.51752919703722,True,tie_pass,False,False,False,False,False
SingleLineInfilling/HumanEval/120/L0,8,<=8,False,True,False,False,False,3,6,6.0,13.0,1.109147462958082,0.5649608075404057,0.5093649189203954,0.48627450980392156,6.0,6.0,0.99609375,0.9921875,0.5,7.0,True,0.5441866554176763,0.49063508107960463,28,6.0,3.0,3.0,6.0,5.0,-0.1111111111111111,-0.3333333333333333,0.7738095238095238,0.8888888888888888,2,10,26,0.99609375,0.99609375,0.9921875,1.0,0.99609375,0.0,-0.001953125,0.9921875,0.98828125,0.9921875,0.99609375,0.9921875,0.99609375,0.5,global_gap_early_commit,False,6,6,,primary,global_gap_early_commit,0.99609375,0.99609375,1.0,10.0,4.533182384446263,False,tie_fail,False,False,False,False,False,False,6,6,,primary,global_gap_early_commit,0.99609375,0.99609375,1.0,10.0,4.52706862706691,False,tie_fail,False,False,False,False,False,False,6,6,,primary,global_gap_early_commit,0.99609375,0.99609375,1.0,10.0,4.50660664588213,False,tie_fail,False,False,False,False,False
SingleLineInfilling/HumanEval/120/L1,4,<=8,False,True,True,True,False,0,16,3.0,16.0,1.0431032982905255,0.9918493054974571,0.9508639337282652,0.86,3.0,16.0,0.9296875,0.875,0.375,0.0,False,0.051253992793068415,0.049136066271734835,40,16.0,6.0,6.0,16.0,11.0,-0.2564102564102564,-0.3333333333333333,0.6796875,0.7435897435897436,2,4,37,0.83984375,0.97265625,0.83203125,0.97265625,0.8984375,0.003405448717948718,0.009765625,0.875,0.62890625,0.71875,0.9296875,0.79296875,0.83984375,0.375,global_gap_early_commit,False,16,16,,primary,global_gap_early_commit,0.9296875,0.83984375,0.97265625,4.0,5.800372119992971,True,tie_pass,False,False,False,False,False,False,16,16,,primary,global_gap_early_commit,0.9296875,0.83984375,0.97265625,4.0,5.814532279968262,True,tie_pass,False,False,False,False,False,False,16,16,,primary,global_gap_early_commit,0.9296875,0.83984375,0.97265625,4.0,5.779283403418958,True,tie_pass,False,False,False,False,False
SingleLineInfilling/HumanEval/120/L2,5,<=8,False,True,True,True,False,1,5,5.0,20.0,1.0970802969011977,0.7106658104165156,0.6477792121723954,0.596078431372549,5.0,5.0,1.0,1.0,0.6,15.0,True,0.38641448648468213,0.3522207878276046,28,5.0,3.0,3.0,5.0,4.0,-0.07407407407407407,0.0,0.7785714285714286,0.9259259259259259,3,12,19,0.99609375,1.0,0.99609375,1.0,0.99609375,0.00014467592592592592,0.0,1.0,0.9921875,0.9921875,1.0,0.99609375,0.99609375,0.6,global_gap_early_commit,False,5,5,,primary,global_gap_early_commit,1.0,0.99609375,1.0,12.0,4.612555445171893,True,tie_pass,False,False,False,False,False,False,5,5,,primary,global_gap_early_commit,1.0,0.99609375,1.0,12.0,4.73420082218945,True,tie_pass,False,False,False,False,False,False,5,5,,primary,global_gap_early_commit,1.0,0.99609375,1.0,12.0,4.679780090227723,True,tie_pass,False,False,False,False,False
SingleLineInfilling/HumanEval/120/L3,8,<=8,False,True,True,True,False,2,13,13.0,13.0,1.0752479885446429,1.0752479885446429,1.0,0.979253112033195,13.0,13.0,0.78515625,0.58203125,0.3076923076923077,0.0,False,0.0,0.0,42,13.0,4.0,4.0,13.0,9.0,-0.21951219512195122,-0.3333333333333333,0.6648351648351648,0.7804878048780488,2,4,41,0.921875,0.92578125,0.859375,0.9375,0.91796875,9.527439024390244e-05,0.0,0.62890625,0.62890625,0.77734375,0.80859375,0.7734375,0.87890625,0.3076923076923077,global_gap_early_commit,False,13,13,,primary,global_gap_early_commit,0.80859375,0.87890625,0.9375,4.0,5.607973070815206,True,tie_pass,False,False,False,False,False,False,13,13,,primary,global_gap_early_commit,0.80859375,0.87890625,0.9375,4.0,5.674151296727359,True,tie_pass,False,False,False,False,False,False,13,13,,primary,global_gap_early_commit,0.80859375,0.87890625,0.9375,4.0,5.668520649895072,True,tie_pass,False,False,False,False,False
SingleLineInfilling/HumanEval/120/L4,4,<=8,False,True,True,True,False,3,3,3.0,13.0,0.8553447045982309,0.382715385753178,0.4474399428625042,0.4097560975609756,3.0,3.0,0.82421875,0.6796875,0.3333333333333333,10.0,True,0.4726293188450529,0.5525600571374958,33,3.0,1.0,1.0,3.0,2.0,-0.0625,-0.3333333333333333,0.7575757575757576,0.9375,2,21,32,0.80078125,0.8046875,0.80078125,0.8046875,0.8046875,0.0001220703125,0.0,0.578125,0.578125,0.578125,0.70703125,0.70703125,0.70703125,0.3333333333333333,global_gap_early_commit,False,3,3,,primary,global_gap_early_commit,0.70703125,0.70703125,0.8046875,21.0,4.83809438534081,True,tie_pass,False,False,False,False,False,False,3,3,,primary,global_gap_early_commit,0.70703125,0.70703125,0.8046875,21.0,4.814391881227493,True,tie_pass,False,False,False,False,False,False,3,3,,primary,global_gap_early_commit,0.70703125,0.70703125,0.8046875,21.0,4.8022426553070545,True,tie_pass,False,False,False,False,False
SingleLineInfilling/HumanEval/121/L0,28,25+,True,False,False,False,True,1,3,3.0,13.0,0.4714826908273175,0.2380580822095661,0.5049137260836493,0.46238938053097345,3.0,3.0,,,0.0,10.0,True,0.23342460861775138,0.49508627391635074,54,3.0,0.0,0.0,3.0,2.0,-0.05660377358490566,-0.3333333333333333,0.5864197530864198,0.9433962264150944,2,21,53,0.44140625,0.71875,0.44140625,0.71875,0.47265625,0.005232900943396226,0.0,0.07666015625,0.07666015625,0.1357421875,0.1640625,0.1640625,0.2109375,0.0,no_remaining_masks,True,32,3,32,rescue,no_remaining_masks,0.1640625,0.2109375,0.71875,21.0,5.175048850476742,False,tie_fail,False,False,False,True,False,True,24,3,24,rescue,no_remaining_masks,0.1640625,0.2109375,0.71875,21.0,5.148268123157322,False,tie_fail,False,False,False,True,False,True,24,3,24,rescue,no_remaining_masks,0.1640625,0.2109375,0.71875,21.0,5.13755084015429,False,tie_fail,False,False,False,True,False
SingleLineInfilling/HumanEval/122/L0,21,17-24,True,False,False,False,True,2,3,3.0,13.0,0.48817234359996586,0.23008484500637488,0.4713188856821404,0.43162393162393164,3.0,3.0,,,0.0,10.0,True,0.258087498593591,0.5286811143178596,54,3.0,0.0,0.0,3.0,2.0,-0.05660377358490566,-0.3333333333333333,0.5864197530864198,0.9433962264150944,2,21,53,0.45703125,0.703125,0.45703125,0.703125,0.4765625,0.004643278301886792,0.0,0.02490234375,0.02490234375,0.080078125,0.11181640625,0.11181640625,0.216796875,0.0,no_remaining_masks,True,32,3,32,rescue,no_remaining_masks,0.11181640625,0.216796875,0.703125,21.0,6.428245421499014,False,tie_fail,False,False,False,True,False,True,24,3,24,rescue,no_remaining_masks,0.11181640625,0.216796875,0.703125,21.0,5.748450987972319,False,tie_fail,False,False,False,True,False,True,24,3,24,rescue,no_remaining_masks,0.11181640625,0.216796875,0.703125,21.0,5.711546338163316,False,tie_fail,False,False,False,True,False
SingleLineInfilling/HumanEval/123/L0,9,9-12,False,False,False,False,False,0,8,8.0,15.0,1.0886306085264315,0.850153287658435,0.7809382549046651,0.7429718875502008,8.0,8.0,0.9375,0.90234375,0.5,7.0,True,0.23847732086799645,0.21906174509533494,28,8.0,4.0,4.0,8.0,6.0,-0.14814814814814814,-0.3333333333333333,0.7767857142857143,0.8518518518518519,2,8,27,0.9609375,0.96875,0.95703125,0.96875,0.96484375,0.00028935185185185184,0.0,0.91796875,0.91796875,0.9296875,0.94921875,0.94921875,0.953125,0.5,global_gap_early_commit,False,8,8,,primary,global_gap_early_commit,0.94921875,0.953125,0.96875,8.0,4.736892459914088,False,tie_fail,False,False,False,False,False,False,8,8,,primary,global_gap_early_commit,0.94921875,0.953125,0.96875,8.0,4.7910417364910245,False,tie_fail,False,False,False,False,False,False,8,8,,primary,global_gap_early_commit,0.94921875,0.953125,0.96875,8.0,4.77556390222162,False,tie_fail,False,False,False,False,False
SingleLineInfilling/HumanEval/123/L1,8,<=8,False,True,True,True,False,4,7,7.0,16.0,1.0931135158396366,0.5997228358821833,0.5486372889841431,0.5220883534136547,7.0,7.0,0.9921875,0.9921875,0.5714285714285714,9.0,True,0.4933906799574532,0.4513627110158569,28,7.0,4.0,4.0,7.0,5.0,-0.1111111111111111,0.0,0.7704081632653061,0.8888888888888888,3,8,22,0.97265625,0.99609375,0.97265625,0.99609375,0.978515625,0.0008680555555555555,0.0,0.9921875,0.9609375,0.9609375,0.9921875,0.97265625,0.97265625,0.5714285714285714,global_gap_early_commit,False,7,7,,primary,global_gap_early_commit,0.9921875,0.97265625,0.99609375,8.0,4.595812156796455,True,tie_pass,False,False,False,False,False,False,7,7,,primary,global_gap_early_commit,0.9921875,0.97265625,0.99609375,8.0,4.760442970320582,True,tie_pass,False,False,False,False,False,False,7,7,,primary,global_gap_early_commit,0.9921875,0.97265625,0.99609375,8.0,4.690822634845972,True,tie_pass,False,False,False,False,False
SingleLineInfilling/HumanEval/123/L10,10,9-12,False,False,True,True,False,3,11,11.0,20.0,1.0239280795842602,0.8462533663512456,0.826477350533101,0.7605042016806722,11.0,11.0,0.79296875,0.58984375,0.36363636363636365,9.0,True,0.17767471323301465,0.173522649466899,40,11.0,4.0,4.0,11.0,7.5,-0.1794871794871795,-0.3333333333333333,0.6795454545454546,0.8205128205128205,2,5,37,0.88671875,0.92578125,0.80078125,0.92578125,0.87890625,0.001001602564102564,0.005859375,0.58984375,0.58984375,0.67578125,0.79296875,0.7421875,0.80078125,0.36363636363636365,global_gap_early_commit,False,11,11,,primary,global_gap_early_commit,0.79296875,0.80078125,0.92578125,5.0,5.770639336667955,True,tie_pass,False,False,False,False,False,False,11,11,,primary,global_gap_early_commit,0.79296875,0.80078125,0.92578125,5.0,6.09357516374439,True,tie_pass,False,False,False,False,False,False,11,11,,primary,global_gap_early_commit,0.79296875,0.80078125,0.92578125,5.0,6.164519326761365,True,tie_pass,False,False,False,False,False
SingleLineInfilling/HumanEval/123/L11,9,9-12,False,False,True,True,False,1,7,7.0,15.0,1.1238436146785018,0.6387638215379593,0.5683742944259114,0.54296875,7.0,7.0,1.0,0.99609375,0.5714285714285714,8.0,True,0.4850797931405425,0.43162570557408864,28,7.0,4.0,4.0,7.0,5.0,-0.1111111111111111,0.0,0.7704081632653061,0.8888888888888888,3,8,22,1.0,1.0,1.0,1.0,1.0,0.0,0.0,0.99609375,0.99609375,0.998046875,1.0,1.0,1.0,0.5714285714285714,global_gap_early_commit,False,7,7,,primary,global_gap_early_commit,1.0,1.0,1.0,8.0,4.520175253041089,True,tie_pass,False,False,False,False,False,False,7,7,,primary,global_gap_early_commit,1.0,1.0,1.0,8.0,4.742179047316313,True,tie_pass,False,False,False,False,False,False,7,7,,primary,global_gap_early_commit,1.0,1.0,1.0,8.0,4.842789568938315,True,tie_pass,False,False,False,False,False
SingleLineInfilling/HumanEval/123/L13,9,9-12,False,False,False,False,False,0,3,3.0,16.0,0.7885860935076372,0.4797782687057467,0.6084031568090291,0.5502645502645502,3.0,3.0,0.9375,0.8828125,0.3333333333333333,13.0,True,0.3088078248018905,0.3915968431909709,33,3.0,1.0,1.0,3.0,2.0,-0.0625,-0.3333333333333333,0.7575757575757576,0.9375,2,21,32,0.73828125,0.71875,0.71875,0.73828125,0.71875,-0.0006103515625,0.0,0.3359375,0.3359375,0.3359375,0.58203125,0.58203125,0.58203125,0.3333333333333333,global_gap_early_commit,False,3,3,,primary,global_gap_early_commit,0.58203125,0.58203125,0.73828125,21.0,5.289912344887853,False,tie_fail,False,False,False,False,False,False,3,3,,primary,global_gap_early_commit,0.58203125,0.58203125,0.73828125,21.0,5.598270183429122,False,tie_fail,False,False,False,False,False,True,24,3,24,rescue,global_gap_early_commit,0.58203125,0.58203125,0.73828125,21.0,11.523209331557155,True,win,True,False,False,False,False
SingleLineInfilling/HumanEval/123/L2,4,<=8,False,True,True,True,False,3,4,4.0,13.0,1.086734862526058,0.5558485364510443,0.5114849588601617,0.4765625,4.0,4.0,1.0,0.99609375,0.5,9.0,True,0.5308863260750137,0.48851504113983835,28,4.0,2.0,2.0,4.0,3.0,-0.07407407407407407,0.0,0.7767857142857143,0.9259259259259259,3,14,23,1.0,1.0,1.0,1.0,1.0,0.0,0.0,0.99609375,0.99609375,0.99609375,1.0,1.0,1.0,0.5,global_gap_early_commit,False,4,4,,primary,global_gap_early_commit,1.0,1.0,1.0,14.0,4.867215111851692,True,tie_pass,False,False,False,False,False,False,4,4,,primary,global_gap_early_commit,1.0,1.0,1.0,14.0,5.127229167148471,True,tie_pass,False,False,False,False,False,False,4,4,,primary,global_gap_early_commit,1.0,1.0,1.0,14.0,5.179724575951695,True,tie_pass,False,False,False,False,False
SingleLineInfilling/HumanEval/123/L3,9,9-12,False,False,True,True,False,3,10,10.0,13.0,1.0360292443975778,0.7472062293276333,0.7212211753367183,0.70995670995671,10.0,10.0,0.84375,0.7109375,0.3,3.0,True,0.28882301506994457,0.27877882466328174,42,10.0,3.0,3.0,10.0,7.0,-0.17073170731707318,-0.3333333333333333,0.6666666666666666,0.8292682926829268,2,6,41,0.90234375,0.95703125,0.8984375,0.95703125,0.921875,0.0013338414634146342,0.0,0.83203125,0.7734375,0.828125,0.89453125,0.84765625,0.88671875,0.3,global_gap_early_commit,False,10,10,,primary,global_gap_early_commit,0.89453125,0.88671875,0.95703125,6.0,5.851232060231268,True,tie_pass,False,False,False,False,False,False,10,10,,primary,global_gap_early_commit,0.89453125,0.88671875,0.95703125,6.0,6.144809651188552,True,tie_pass,False,False,False,False,False,False,10,10,,primary,global_gap_early_commit,0.89453125,0.88671875,0.95703125,6.0,6.261224003508687,True,tie_pass,False,False,False,False,False
SingleLineInfilling/HumanEval/123/L4,8,<=8,False,True,True,True,False,2,9,5.0,16.0,1.0282438861152403,0.6781481298052381,0.6595207022016124,0.6150627615062761,5.0,9.0,0.93359375,0.875,0.3333333333333333,7.0,True,0.3500957563100022,0.3404792977983876,40,9.0,3.0,3.0,9.0,6.0,-0.15384615384615385,-0.3333333333333333,0.6777777777777778,0.8461538461538461,2,7,39,0.87109375,0.97265625,0.8671875,0.97265625,0.89453125,0.0026041666666666665,0.0,0.88671875,0.73046875,0.77734375,0.94140625,0.84375,0.8671875,0.3333333333333333,global_gap_early_commit,False,9,9,,primary,global_gap_early_commit,0.94140625,0.8671875,0.97265625,7.0,5.588550452142954,True,tie_pass,False,False,False,False,False,False,9,9,,primary,global_gap_early_commit,0.94140625,0.8671875,0.97265625,7.0,5.897368458099663,True,tie_pass,False,False,False,False,False,False,9,9,,primary,global_gap_early_commit,0.94140625,0.8671875,0.97265625,7.0,5.965705940499902,True,tie_pass,False,False,False,False,False
SingleLineInfilling/HumanEval/123/L5,11,9-12,False,False,True,True,False,2,9,9.0,16.0,1.1275481751505179,0.7104408978912018,0.630075870413576,0.6086956521739131,9.0,9.0,0.98046875,0.95703125,0.3333333333333333,7.0,True,0.41710727725931607,0.36992412958642396,40,9.0,3.0,3.0,9.0,6.0,-0.15384615384615385,-0.3333333333333333,0.6777777777777778,0.8461538461538461,2,7,39,0.98828125,0.9921875,0.98828125,0.9921875,0.9921875,0.00010016025641025641,0.0,0.96875,0.96875,0.9765625,0.984375,0.984375,0.98828125,0.3333333333333333,global_gap_early_commit,False,9,9,,primary,global_gap_early_commit,0.984375,0.98828125,0.9921875,7.0,5.656465106643736,True,tie_pass,False,False,False,False,False,False,9,9,,primary,global_gap_early_commit,0.984375,0.98828125,0.9921875,7.0,5.987573835067451,True,tie_pass,False,False,False,False,False,False,9,9,,primary,global_gap_early_commit,0.984375,0.98828125,0.9921875,7.0,6.057193861342967,True,tie_pass,False,False,False,False,False
SingleLineInfilling/HumanEval/123/L6,7,<=8,False,True,True,True,False,2,7,7.0,15.0,1.0887235017197987,0.5009011262419968,0.4600811183470825,0.43951612903225806,7.0,7.0,0.9609375,0.9375,0.5714285714285714,8.0,True,0.5878223754778019,0.5399188816529175,28,7.0,4.0,4.0,7.0,5.0,-0.1111111111111111,0.0,0.7704081632653061,0.8888888888888888,3,8,22,0.96875,0.9765625,0.96875,0.98046875,0.97265625,0.00028935185185185184,0.0,0.9375,0.9375,0.94140625,0.9609375,0.9609375,0.966796875,0.5714285714285714,global_gap_early_commit,False,7,7,,primary,global_gap_early_commit,0.9609375,0.966796875,0.98046875,8.0,4.691080763936043,True,tie_pass,False,False,False,False,False,False,7,7,,primary,global_gap_early_commit,0.9609375,0.966796875,0.98046875,8.0,4.842049395665526,True,tie_pass,False,False,False,False,False,False,7,7,,primary,global_gap_early_commit,0.9609375,0.966796875,0.98046875,8.0,4.903428373858333,True,tie_pass,False,False,False,False,False
SingleLineInfilling/HumanEval/123/L7,4,<=8,False,True,True,True,False,1,4,4.0,13.0,1.086734862526058,0.5034529776872163,0.4632712127380973,0.431640625,4.0,4.0,1.0,0.99609375,0.5,9.0,True,0.5832818848388417,0.5367287872619027,28,4.0,2.0,2.0,4.0,3.0,-0.07407407407407407,0.0,0.7767857142857143,0.9259259259259259,3,14,23,1.0,1.0,1.0,1.0,1.0,0.0,0.0,0.99609375,0.99609375,0.99609375,1.0,1.0,1.0,0.5,global_gap_early_commit,False,4,4,,primary,global_gap_early_commit,1.0,1.0,1.0,14.0,5.150020304135978,True,tie_pass,False,False,False,False,False,False,4,4,,primary,global_gap_early_commit,1.0,1.0,1.0,14.0,5.025562535971403,True,tie_pass,False,False,False,False,False,False,4,4,,primary,global_gap_early_commit,1.0,1.0,1.0,14.0,5.115674587897956,True,tie_pass,False,False,False,False,False
SingleLineInfilling/HumanEval/123/L8,10,9-12,False,False,True,True,False,2,10,10.0,13.0,1.0315442693136057,0.6834203317021036,0.6625215727841275,0.6521739130434783,10.0,10.0,0.8828125,0.77734375,0.3,3.0,True,0.34812393761150207,0.3374784272158725,42,10.0,3.0,3.0,10.0,7.0,-0.17073170731707318,-0.3333333333333333,0.6666666666666666,0.8292682926829268,2,6,41,0.8984375,0.96484375,0.8984375,0.96484375,0.91796875,0.0016196646341463414,0.0,0.8359375,0.76953125,0.8359375,0.9140625,0.85546875,0.8984375,0.3,global_gap_early_commit,False,10,10,,primary,global_gap_early_commit,0.9140625,0.8984375,0.96484375,6.0,5.855125327594578,True,tie_pass,False,False,False,False,False,False,10,10,,primary,global_gap_early_commit,0.9140625,0.8984375,0.96484375,6.0,6.178618765436113,True,tie_pass,False,False,False,False,False,False,10,10,,primary,global_gap_early_commit,0.9140625,0.8984375,0.96484375,6.0,6.232582540251315,True,tie_pass,False,False,False,False,False
SingleLineInfilling/HumanEval/124/L0,4,<=8,False,True,True,True,False,1,4,4.0,15.0,1.086734862526058,0.8639395571880313,0.7949865114107495,0.734375,4.0,4.0,1.0,0.99609375,0.5,11.0,True,0.22279530533802672,0.2050134885892505,28,4.0,2.0,2.0,4.0,3.0,-0.07407407407407407,0.0,0.7767857142857143,0.9259259259259259,3,14,23,1.0,1.0,1.0,1.0,1.0,0.0,0.0,0.99609375,0.99609375,0.99609375,1.0,1.0,1.0,0.5,global_gap_early_commit,False,4,4,,primary,global_gap_early_commit,1.0,1.0,1.0,14.0,10.58672584220767,True,tie_pass,False,False,False,False,False,False,4,4,,primary,global_gap_early_commit,1.0,1.0,1.0,14.0,6.140954598784447,True,tie_pass,False,False,False,False,False,False,4,4,,primary,global_gap_early_commit,1.0,1.0,1.0,14.0,6.215104265138507,True,tie_pass,False,False,False,False,False
SingleLineInfilling/HumanEval/124/L1,7,<=8,False,True,True,True,False,0,10,10.0,14.0,1.1122738208251053,1.0342753065560581,0.9298747189687641,0.9112903225806451,10.0,10.0,0.984375,0.9765625,0.3,4.0,True,0.07799851426904714,0.07012528103123594,42,10.0,3.0,3.0,10.0,7.0,-0.17073170731707318,-0.3333333333333333,0.6666666666666666,0.8292682926829268,2,6,41,0.96875,0.9921875,0.96484375,0.9921875,0.98828125,0.0005716463414634146,0.0,0.97265625,0.94140625,0.97265625,0.984375,0.953125,0.984375,0.3,global_gap_early_commit,False,10,10,,primary,global_gap_early_commit,0.984375,0.984375,0.9921875,6.0,15.192251739092171,True,tie_pass,False,False,False,False,False,False,10,10,,primary,global_gap_early_commit,0.984375,0.984375,0.9921875,6.0,7.9378853645175695,True,tie_pass,False,False,False,False,False,False,10,10,,primary,global_gap_early_commit,0.984375,0.984375,0.9921875,6.0,7.981684114784002,True,tie_pass,False,False,False,False,False
SingleLineInfilling/HumanEval/124/L10,19,17-24,True,False,True,True,False,2,6,4.0,14.0,1.0824898044693156,1.0754632612419188,0.9935089058590796,0.9215686274509803,4.0,6.0,0.7265625,0.625,0.5,8.0,True,0.00702654322739682,0.006491094140920417,28,6.0,3.0,3.0,6.0,5.0,-0.1111111111111111,-0.3333333333333333,0.7738095238095238,0.8888888888888888,2,10,26,0.92578125,0.86328125,0.86328125,0.92578125,0.90625,-0.0023148148148148147,-0.021484375,0.625,0.625,0.8125,0.7265625,0.7265625,0.88671875,0.5,global_gap_early_commit,False,6,6,,primary,global_gap_early_commit,0.7265625,0.88671875,0.92578125,10.0,11.14777978695929,True,tie_pass,False,False,False,False,False,False,6,6,,primary,global_gap_early_commit,0.7265625,0.88671875,0.92578125,10.0,5.639481861144304,True,tie_pass,False,False,False,False,False,False,6,6,,primary,global_gap_early_commit,0.7265625,0.88671875,0.92578125,10.0,5.701323258690536,True,tie_pass,False,False,False,False,False
SingleLineInfilling/HumanEval/124/L11,4,<=8,False,True,True,True,False,1,8,8.0,16.0,1.1019065915572415,1.0564348416693845,0.9587335712153285,0.89453125,8.0,8.0,0.9375,0.91796875,0.5,8.0,True,0.04547174988785696,0.04126642878467146,28,8.0,4.0,4.0,8.0,6.0,-0.14814814814814814,-0.3333333333333333,0.7767857142857143,0.8518518518518519,2,8,27,0.97265625,0.97265625,0.97265625,0.9765625,0.97265625,0.0,0.0,0.9375,0.9375,0.958984375,0.953125,0.953125,0.96875,0.5,global_gap_early_commit,False,8,8,,primary,global_gap_early_commit,0.953125,0.96875,0.9765625,8.0,13.015111810527742,True,tie_pass,False,False,False,False,False,False,8,8,,primary,global_gap_early_commit,0.953125,0.96875,0.9765625,8.0,6.607100063934922,True,tie_pass,False,False,False,False,False,False,8,8,,primary,global_gap_early_commit,0.953125,0.96875,0.9765625,8.0,7.206181298941374,True,tie_pass,False,False,False,False,False
SingleLineInfilling/HumanEval/124/L12,4,<=8,False,True,True,True,False,1,4,4.0,24.0,1.086734862526058,0.685394652052695,0.6306916946232232,0.56640625,4.0,4.0,0.99609375,0.9921875,0.5,20.0,True,0.401340210473363,0.36930830537677684,28,4.0,2.0,2.0,4.0,3.0,-0.07407407407407407,0.0,0.7767857142857143,0.9259259259259259,3,14,23,1.0,1.0,1.0,1.0,1.0,0.0,0.0,0.9921875,0.9921875,0.99609375,0.99609375,0.99609375,1.0,0.5,global_gap_early_commit,False,4,4,,primary,global_gap_early_commit,0.99609375,1.0,1.0,14.0,11.637964258901775,True,tie_pass,False,False,False,False,False,False,4,4,,primary,global_gap_early_commit,0.99609375,1.0,1.0,14.0,5.871668788604438,True,tie_pass,False,False,False,False,False,False,4,4,,primary,global_gap_early_commit,0.99609375,1.0,1.0,14.0,7.441164719872177,True,tie_pass,False,False,False,False,False
SingleLineInfilling/HumanEval/124/L13,4,<=8,False,True,True,True,False,3,3,3.0,14.0,1.0597929510631738,0.48052613800170846,0.45341511048893973,0.41338582677165353,3.0,3.0,0.99609375,0.9921875,0.3333333333333333,11.0,True,0.5792668130614653,0.5465848895110603,33,3.0,1.0,1.0,3.0,2.0,-0.0625,-0.3333333333333333,0.7575757575757576,0.9375,2,21,32,0.9921875,1.0,0.9921875,1.0,1.0,0.000244140625,0.0,0.99609375,0.98828125,0.99609375,1.0,0.9921875,1.0,0.3333333333333333,global_gap_early_commit,False,3,3,,primary,global_gap_early_commit,1.0,1.0,1.0,21.0,7.997241453267634,True,tie_pass,False,False,False,False,False,False,3,3,,primary,global_gap_early_commit,1.0,1.0,1.0,21.0,6.419625977054238,True,tie_pass,False,False,False,False,False,False,3,3,,primary,global_gap_early_commit,1.0,1.0,1.0,21.0,7.339898241683841,True,tie_pass,False,False,False,False,False
SingleLineInfilling/HumanEval/124/L15,4,<=8,False,True,True,True,False,1,3,3.0,13.0,0.7009654164512331,0.3189294881276483,0.45498605300998696,0.4166666666666667,3.0,3.0,1.0,1.0,0.3333333333333333,10.0,True,0.3820359283235848,0.545013946990013,33,3.0,1.0,1.0,3.0,2.0,-0.0625,-0.3333333333333333,0.7575757575757576,0.9375,2,21,32,0.65625,0.8984375,0.65625,0.8984375,0.8984375,0.007568359375,0.0,0.78125,0.58984375,0.78125,0.84765625,0.65625,0.84765625,0.3333333333333333,global_gap_early_commit,False,3,3,,primary,global_gap_early_commit,0.84765625,0.84765625,0.8984375,21.0,6.765469206497073,True,tie_pass,False,False,False,False,False,False,3,3,,primary,global_gap_early_commit,0.84765625,0.84765625,0.8984375,21.0,6.744926076382399,True,tie_pass,False,False,False,False,False,False,3,3,,primary,global_gap_early_commit,0.84765625,0.84765625,0.8984375,21.0,8.612393921241164,True,tie_pass,False,False,False,False,False
SingleLineInfilling/HumanEval/124/L2,12,9-12,False,False,True,True,False,2,12,12.0,14.0,1.11543949195674,0.7276538661168728,0.6523472329641107,0.636,12.0,12.0,0.9375,0.875,0.3333333333333333,2.0,True,0.3877856258398673,0.3476527670358893,40,12.0,4.0,4.0,12.0,8.0,-0.20512820512820512,-0.3333333333333333,0.6791666666666667,0.7948717948717948,2,5,39,0.9609375,0.9765625,0.9609375,0.9765625,0.9765625,0.00040064102564102563,0.0,0.8828125,0.8828125,0.91796875,0.94140625,0.94140625,0.95703125,0.3333333333333333,global_gap_early_commit,False,12,12,,primary,global_gap_early_commit,0.94140625,0.95703125,0.9765625,5.0,14.241916909813881,True,tie_pass,False,False,False,False,False,False,12,12,,primary,global_gap_early_commit,0.94140625,0.95703125,0.9765625,5.0,7.502254727296531,True,tie_pass,False,False,False,False,False,False,12,12,,primary,global_gap_early_commit,0.94140625,0.95703125,0.9765625,5.0,7.209278295747936,True,tie_pass,False,False,False,False,False
SingleLineInfilling/HumanEval/124/L3,19,17-24,True,False,False,False,True,2,8,8.0,24.0,1.0842052808494946,0.8697421791565233,0.8021932695947251,0.7755102040816326,8.0,8.0,0.8203125,0.65234375,0.5,16.0,True,0.21446310169297134,0.19780673040527486,28,8.0,4.0,4.0,8.0,6.0,-0.14814814814814814,-0.3333333333333333,0.7767857142857143,0.8518518518518519,2,8,27,0.95703125,0.91015625,0.89453125,0.95703125,0.91015625,-0.001736111111111111,0.0,0.7265625,0.72265625,0.7265625,0.859375,0.859375,0.859375,0.5,global_gap_early_commit,False,8,8,,primary,global_gap_early_commit,0.859375,0.859375,0.95703125,8.0,10.875154260545969,False,tie_fail,False,False,True,False,False,False,8,8,,primary,global_gap_early_commit,0.859375,0.859375,0.95703125,8.0,5.779131620191038,False,tie_fail,False,False,True,False,False,False,8,8,,primary,global_gap_early_commit,0.859375,0.859375,0.95703125,8.0,8.188822302035987,False,tie_fail,False,False,True,False,False
SingleLineInfilling/HumanEval/124/L4,14,13-16,False,False,True,True,False,1,14,14.0,14.0,1.1486862917945602,1.1486862917945602,1.0,0.9920948616600791,14.0,14.0,0.99609375,0.9921875,0.35714285714285715,0.0,False,0.0,0.0,40,14.0,5.0,5.0,14.0,9.5,-0.23076923076923078,-0.3333333333333333,0.6785714285714286,0.7692307692307693,2,4,38,0.98046875,1.0,0.98046875,1.0,0.990234375,0.000500801282051282,0.001953125,0.9921875,0.9609375,0.9765625,0.99609375,0.9765625,0.984375,0.35714285714285715,global_gap_early_commit,False,14,14,,primary,global_gap_early_commit,0.99609375,0.984375,1.0,4.0,13.454419028945267,True,tie_pass,False,False,False,False,False,False,14,14,,primary,global_gap_early_commit,0.99609375,0.984375,1.0,4.0,7.0500488970428705,True,tie_pass,False,False,False,False,False,False,14,14,,primary,global_gap_early_commit,0.99609375,0.984375,1.0,4.0,10.07421478908509,True,tie_pass,False,False,False,False,False
SingleLineInfilling/HumanEval/124/L5,4,<=8,False,True,True,True,False,0,6,4.0,16.0,1.086734862526058,1.0841143571716392,0.9975886433344674,0.91796875,4.0,6.0,0.91015625,0.87890625,0.5,10.0,True,0.002620505354418823,0.0024113566655326046,28,6.0,3.0,3.0,6.0,5.0,-0.1111111111111111,-0.3333333333333333,0.7738095238095238,0.8888888888888888,2,10,26,0.9453125,0.95703125,0.9453125,0.95703125,0.9453125,0.00043402777777777775,0.00390625,0.87890625,0.87890625,0.9140625,0.91015625,0.91015625,0.93359375,0.5,global_gap_early_commit,False,6,6,,primary,global_gap_early_commit,0.91015625,0.93359375,0.95703125,10.0,11.422448637895286,True,tie_pass,False,False,False,False,False,False,6,6,,primary,global_gap_early_commit,0.91015625,0.93359375,0.95703125,10.0,6.142300468869507,True,tie_pass,False,False,False,False,False,False,6,6,,primary,global_gap_early_commit,0.91015625,0.93359375,0.95703125,10.0,5.879767523147166,True,tie_pass,False,False,False,False,False
SingleLineInfilling/HumanEval/124/L6,34,25+,True,False,True,True,False,2,14,14.0,14.0,1.1669920494327206,1.1669920494327206,1.0,1.0,14.0,14.0,0.99609375,0.9921875,0.35714285714285715,0.0,False,0.0,0.0,40,14.0,5.0,5.0,14.0,9.5,-0.23076923076923078,-0.3333333333333333,0.6785714285714286,0.7692307692307693,2,4,38,0.99609375,1.0,0.99609375,1.0,1.0,0.00010016025641025641,0.0,0.9921875,0.9921875,0.99609375,0.99609375,0.99609375,0.99609375,0.35714285714285715,global_gap_early_commit,False,14,14,,primary,global_gap_early_commit,0.99609375,0.99609375,1.0,4.0,13.177266523241997,True,tie_pass,False,False,False,False,False,False,14,14,,primary,global_gap_early_commit,0.99609375,0.99609375,1.0,4.0,7.010773095302284,True,tie_pass,False,False,False,False,False,False,14,14,,primary,global_gap_early_commit,0.99609375,0.99609375,1.0,4.0,6.6541168903931975,True,tie_pass,False,False,False,False,False
SingleLineInfilling/HumanEval/124/L7,4,<=8,False,True,True,True,False,2,16,4.0,16.0,1.086734862526058,1.0010758106648754,0.9211775983131041,0.84765625,4.0,16.0,0.828125,0.6953125,0.375,0.0,False,0.08565905186118261,0.07882240168689592,40,16.0,6.0,6.0,16.0,11.0,-0.2564102564102564,-0.3333333333333333,0.6796875,0.7435897435897436,2,4,37,0.84765625,0.90625,0.84375,0.94140625,0.8984375,0.0015024038461538462,-0.013671875,0.6953125,0.6953125,0.78125,0.828125,0.81640625,0.85546875,0.375,global_gap_early_commit,False,16,16,,primary,global_gap_early_commit,0.828125,0.85546875,0.94140625,4.0,14.98954860586673,True,tie_pass,False,False,False,False,False,False,16,16,,primary,global_gap_early_commit,0.828125,0.85546875,0.94140625,4.0,7.98645403329283,True,tie_pass,False,False,False,False,False,False,16,16,,primary,global_gap_early_commit,0.828125,0.85546875,0.94140625,4.0,9.418372510932386,True,tie_pass,False,False,False,False,False
SingleLineInfilling/HumanEval/124/L8,27,25+,True,False,True,True,False,1,14,14.0,14.0,1.0891925794705393,1.0891925794705393,1.0,0.9834710743801653,14.0,14.0,0.96875,0.94140625,0.35714285714285715,0.0,False,0.0,0.0,40,14.0,5.0,5.0,14.0,9.5,-0.23076923076923078,-0.3333333333333333,0.6785714285714286,0.7692307692307693,2,4,38,0.9296875,0.984375,0.87890625,0.984375,0.93359375,0.0014022435897435897,0.0078125,0.94140625,0.73046875,0.8828125,0.96875,0.828125,0.9296875,0.35714285714285715,global_gap_early_commit,False,14,14,,primary,global_gap_early_commit,0.96875,0.9296875,0.984375,4.0,13.249942584894598,True,tie_pass,False,False,False,False,False,False,14,14,,primary,global_gap_early_commit,0.96875,0.9296875,0.984375,4.0,6.97796150483191,True,tie_pass,False,False,False,False,False,False,14,14,,primary,global_gap_early_commit,0.96875,0.9296875,0.984375,4.0,9.906032206490636,True,tie_pass,False,False,False,False,False
SingleLineInfilling/HumanEval/124/L9,4,<=8,False,True,True,True,False,0,22,4.0,16.0,1.086734862526058,0.9918493054974571,0.9126874821996191,0.83984375,4.0,22.0,0.8203125,0.70703125,0.36363636363636365,-6.0,False,0.09488555702860091,0.08731251780038085,40,22.0,8.0,8.0,22.0,15.0,-0.358974358974359,-0.3333333333333333,0.6795454545454546,0.6410256410256411,2,2,39,0.77734375,0.828125,0.75,0.84375,0.80859375,0.0013020833333333333,0.0,0.4140625,0.4140625,0.58984375,0.58203125,0.58203125,0.69140625,0.36363636363636365,global_gap_early_commit,False,22,22,,primary,global_gap_early_commit,0.58203125,0.69140625,0.84375,2.0,16.13531452137977,True,tie_pass,False,False,False,False,False,False,22,22,,primary,global_gap_early_commit,0.58203125,0.69140625,0.84375,2.0,8.278703440912068,True,tie_pass,False,False,False,False,False,False,22,22,,primary,global_gap_early_commit,0.58203125,0.69140625,0.84375,2.0,9.313350668177009,True,tie_pass,False,False,False,False,False
SingleLineInfilling/HumanEval/125/L0,8,<=8,False,True,True,True,False,4,8,8.0,14.0,1.079779953172558,0.8146062148981343,0.7544187243935184,0.7295081967213115,8.0,8.0,0.9140625,0.8359375,0.5,6.0,True,0.2651737382744237,0.24558127560648157,28,8.0,4.0,4.0,8.0,6.0,-0.14814814814814814,-0.3333333333333333,0.7767857142857143,0.8518518518518519,2,8,27,0.953125,0.953125,0.953125,0.96484375,0.953125,0.0,0.0,0.85546875,0.85546875,0.90625,0.92578125,0.92578125,0.951171875,0.5,global_gap_early_commit,False,8,8,,primary,global_gap_early_commit,0.92578125,0.951171875,0.96484375,8.0,3.423351994715631,True,tie_pass,False,False,False,False,False,False,8,8,,primary,global_gap_early_commit,0.92578125,0.951171875,0.96484375,8.0,3.472840121947229,True,tie_pass,False,False,False,False,False,False,8,8,,primary,global_gap_early_commit,0.92578125,0.951171875,0.96484375,8.0,3.445234009064734,True,tie_pass,False,False,False,False,False
SingleLineInfilling/HumanEval/125/L1,6,<=8,False,True,True,True,False,1,6,6.0,13.0,1.1134970608520351,0.6970887383361456,0.6260355440927176,0.59765625,6.0,6.0,1.0,1.0,0.5,7.0,True,0.41640832251588955,0.37396445590728244,28,6.0,3.0,3.0,6.0,5.0,-0.1111111111111111,-0.3333333333333333,0.7738095238095238,0.8888888888888888,2,10,26,1.0,1.0,1.0,1.0,1.0,0.0,0.0,1.0,1.0,1.0,1.0,1.0,1.0,0.5,global_gap_early_commit,False,6,6,,primary,global_gap_early_commit,1.0,1.0,1.0,10.0,3.628843800164759,True,tie_pass,False,False,False,False,False,False,6,6,,primary,global_gap_early_commit,1.0,1.0,1.0,10.0,3.6121994126588106,True,tie_pass,False,False,False,False,False,False,6,6,,primary,global_gap_early_commit,1.0,1.0,1.0,10.0,4.874539730139077,True,tie_pass,False,False,False,False,False
SingleLineInfilling/HumanEval/125/L2,7,<=8,False,True,True,True,False,0,7,7.0,20.0,1.071163445240447,0.696639511526716,0.6503578091860103,0.6056910569105691,7.0,7.0,0.9453125,0.88671875,0.5714285714285714,13.0,True,0.37452393371373105,0.34964219081398973,28,7.0,4.0,4.0,7.0,5.0,-0.1111111111111111,0.0,0.7704081632653061,0.8888888888888888,3,8,22,0.953125,0.96875,0.953125,0.96875,0.958984375,0.0005787037037037037,0.0,0.88671875,0.88671875,0.89453125,0.9453125,0.9453125,0.947265625,0.5714285714285714,global_gap_early_commit,False,7,7,,primary,global_gap_early_commit,0.9453125,0.947265625,0.96875,8.0,3.513350212946534,True,tie_pass,False,False,False,False,False,False,7,7,,primary,global_gap_early_commit,0.9453125,0.947265625,0.96875,8.0,3.482115632854402,True,tie_pass,False,False,False,False,False,False,7,7,,primary,global_gap_early_commit,0.9453125,0.947265625,0.96875,8.0,4.90416768938303,True,tie_pass,False,False,False,False,False
SingleLineInfilling/HumanEval/125/L3,11,9-12,False,False,False,False,False,4,6,6.0,14.0,1.1047978650641286,0.45764394095400807,0.4142331872875622,0.3937007874015748,6.0,6.0,1.0,1.0,0.5,8.0,True,0.6471539241101205,0.5857668127124378,28,6.0,3.0,3.0,6.0,5.0,-0.1111111111111111,-0.3333333333333333,0.7738095238095238,0.8888888888888888,2,10,26,0.9921875,1.0,0.98828125,1.0,0.9921875,0.00028935185185185184,0.00390625,1.0,0.9765625,0.98046875,1.0,0.984375,0.98828125,0.5,global_gap_early_commit,False,6,6,,primary,global_gap_early_commit,1.0,0.98828125,1.0,10.0,3.5078786239027977,False,tie_fail,False,False,False,False,False,False,6,6,,primary,global_gap_early_commit,1.0,0.98828125,1.0,10.0,3.5223023239523172,False,tie_fail,False,False,False,False,False,False,6,6,,primary,global_gap_early_commit,1.0,0.98828125,1.0,10.0,3.5172831201925874,False,tie_fail,False,False,False,False,False
SingleLineInfilling/HumanEval/125/L4,4,<=8,False,True,True,True,False,0,4,4.0,13.0,1.086734862526058,0.514843316548918,0.47375246189506776,0.44140625,4.0,4.0,0.99609375,0.9921875,0.5,9.0,True,0.57189154597714,0.5262475381049323,28,4.0,2.0,2.0,4.0,3.0,-0.07407407407407407,0.0,0.7767857142857143,0.9259259259259259,3,14,23,1.0,1.0,1.0,1.0,1.0,0.0,0.0,0.9921875,0.9921875,0.99609375,0.99609375,0.99609375,0.99609375,0.5,global_gap_early_commit,False,4,4,,primary,global_gap_early_commit,0.99609375,0.99609375,1.0,14.0,3.8182783368974924,True,tie_pass,False,False,False,False,False,False,4,4,,primary,global_gap_early_commit,0.99609375,0.99609375,1.0,14.0,3.807480150833726,True,tie_pass,False,False,False,False,False,False,4,4,,primary,global_gap_early_commit,0.99609375,0.99609375,1.0,14.0,4.578474801033735,True,tie_pass,False,False,False,False,False
SingleLineInfilling/HumanEval/125/L5,24,17-24,True,False,False,False,True,2,3,3.0,14.0,0.6383792185538015,0.2505600576723194,0.392494069966663,0.35784313725490197,3.0,3.0,,,0.0,11.0,True,0.3878191608814821,0.607505930033337,54,3.0,0.0,0.0,3.0,2.0,-0.05660377358490566,-0.3333333333333333,0.5864197530864198,0.9433962264150944,2,21,53,0.59765625,0.80859375,0.5703125,0.80859375,0.59765625,0.003979952830188679,0.0,0.13671875,0.13671875,0.248046875,0.4375,0.357421875,0.4375,0.0,no_remaining_masks,True,32,3,32,rescue,no_remaining_masks,0.4375,0.4375,0.80859375,21.0,8.423756932839751,False,tie_fail,False,False,False,True,False,True,24,3,24,rescue,no_remaining_masks,0.4375,0.4375,0.80859375,21.0,8.220419102348387,False,tie_fail,False,False,False,True,False,True,24,3,24,rescue,no_remaining_masks,0.4375,0.4375,0.80859375,21.0,12.780022106133401,False,tie_fail,False,False,False,True,False
SingleLineInfilling/HumanEval/126/L0,19,17-24,True,False,False,False,True,0,7,7.0,16.0,1.0667734311206092,0.7473469185608747,0.7005676151643673,0.6666666666666666,7.0,7.0,0.90234375,0.8203125,0.5714285714285714,9.0,True,0.31942651255973453,0.2994323848356327,28,7.0,4.0,4.0,7.0,5.0,-0.1111111111111111,0.0,0.7704081632653061,0.8888888888888888,3,8,22,0.94921875,0.9375,0.9375,0.953125,0.947265625,-0.00043402777777777775,0.0,0.8203125,0.8203125,0.880859375,0.90234375,0.90234375,0.93359375,0.5714285714285714,global_gap_early_commit,False,7,7,,primary,global_gap_early_commit,0.90234375,0.93359375,0.953125,8.0,4.6926617892459035,False,tie_fail,False,False,True,False,False,False,7,7,,primary,global_gap_early_commit,0.90234375,0.93359375,0.953125,8.0,4.730372164398432,False,tie_fail,False,False,True,False,False,False,7,7,,primary,global_gap_early_commit,0.90234375,0.93359375,0.953125,8.0,5.4665361903607845,False,tie_fail,False,False,True,False,False
SingleLineInfilling/HumanEval/126/L1,7,<=8,False,True,True,True,False,1,7,7.0,13.0,1.1238436146785018,0.6834203317021036,0.608109814191194,0.5859375,7.0,7.0,1.0,1.0,0.5714285714285714,6.0,True,0.4404232829763982,0.39189018580880597,28,7.0,4.0,4.0,7.0,5.0,-0.1111111111111111,0.0,0.7704081632653061,0.8888888888888888,3,8,22,1.0,1.0,1.0,1.0,1.0,0.0,0.0,1.0,1.0,1.0,1.0,1.0,1.0,0.5714285714285714,global_gap_early_commit,False,7,7,,primary,global_gap_early_commit,1.0,1.0,1.0,8.0,4.70353143569082,True,tie_pass,False,False,False,False,False,False,7,7,,primary,global_gap_early_commit,1.0,1.0,1.0,8.0,4.697273694910109,True,tie_pass,False,False,False,False,False,False,7,7,,primary,global_gap_early_commit,1.0,1.0,1.0,8.0,4.756579394452274,True,tie_pass,False,False,False,False,False
SingleLineInfilling/HumanEval/126/L2,10,9-12,False,False,True,True,False,2,10,10.0,16.0,1.1481536214968828,1.0795011045879301,0.940206157413458,0.9140625,10.0,10.0,1.0,1.0,0.3,6.0,True,0.06865251690895269,0.05979384258654197,42,10.0,3.0,3.0,10.0,7.0,-0.17073170731707318,-0.3333333333333333,0.6666666666666666,0.8292682926829268,2,6,41,1.0,1.0,1.0,1.0,1.0,0.0,0.0,1.0,0.99609375,1.0,1.0,1.0,1.0,0.3,global_gap_early_commit,False,10,10,,primary,global_gap_early_commit,1.0,1.0,1.0,6.0,6.447690863162279,True,tie_pass,False,False,False,False,False,False,10,10,,primary,global_gap_early_commit,1.0,1.0,1.0,6.0,6.431575660593808,True,tie_pass,False,False,False,False,False,False,10,10,,primary,global_gap_early_commit,1.0,1.0,1.0,6.0,6.478579704649746,True,tie_pass,False,False,False,False,False
SingleLineInfilling/HumanEval/126/L3,17,17-24,True,False,False,False,True,3,7,7.0,13.0,1.0887235017197987,0.7563185004169947,0.6946837275233597,0.6693548387096774,7.0,7.0,0.9765625,0.96875,0.5714285714285714,6.0,True,0.33240500130280404,0.3053162724766403,28,7.0,4.0,4.0,7.0,5.0,-0.1111111111111111,0.0,0.7704081632653061,0.8888888888888888,3,8,22,0.96875,0.98828125,0.96875,0.98828125,0.974609375,0.0007233796296296296,0.0,0.96875,0.953125,0.958984375,0.9765625,0.96484375,0.970703125,0.5714285714285714,global_gap_early_commit,False,7,7,,primary,global_gap_early_commit,0.9765625,0.970703125,0.98828125,8.0,4.797383424825966,False,tie_fail,False,False,True,False,False,False,7,7,,primary,global_gap_early_commit,0.9765625,0.970703125,0.98828125,8.0,4.813298682682216,False,tie_fail,False,False,True,False,False,False,7,7,,primary,global_gap_early_commit,0.9765625,0.970703125,0.98828125,8.0,5.887586095370352,False,tie_fail,False,False,True,False,False
SingleLineInfilling/HumanEval/126/L4,4,<=8,False,True,False,False,False,0,9,9.0,13.0,1.100807902222047,0.7198694160595491,0.6539464466111202,0.6196078431372549,9.0,9.0,1.0,0.99609375,0.3333333333333333,4.0,True,0.3809384861624978,0.3460535533888798,40,9.0,3.0,3.0,9.0,6.0,-0.15384615384615385,-0.3333333333333333,0.6777777777777778,0.8461538461538461,2,7,39,0.96484375,0.97265625,0.9453125,0.9765625,0.96484375,0.00020032051282051281,0.0,0.921875,0.87890625,0.921875,0.9375,0.91015625,0.9375,0.3333333333333333,global_gap_early_commit,False,9,9,,primary,global_gap_early_commit,0.9375,0.9375,0.9765625,7.0,5.738847053609788,False,tie_fail,False,False,False,False,False,False,9,9,,primary,global_gap_early_commit,0.9375,0.9375,0.9765625,7.0,5.7721447963267565,False,tie_fail,False,False,False,False,False,False,9,9,,primary,global_gap_early_commit,0.9375,0.9375,0.9765625,7.0,7.2256045658141375,False,tie_fail,False,False,False,False,False
SingleLineInfilling/HumanEval/126/L5,26,25+,True,False,False,False,True,1,4,4.0,16.0,1.078244746412573,0.5904963307147651,0.5476459149737616,0.5039370078740157,4.0,4.0,0.984375,0.98046875,0.5,12.0,True,0.4877484156978079,0.4523540850262384,28,4.0,2.0,2.0,4.0,3.0,-0.07407407407407407,0.0,0.7767857142857143,0.9259259259259259,3,14,23,0.9921875,0.9921875,0.9921875,0.9921875,0.9921875,0.0,0.0,0.98046875,0.98046875,0.98046875,0.984375,0.984375,0.98828125,0.5,global_gap_early_commit,False,4,4,,primary,global_gap_early_commit,0.984375,0.98828125,0.9921875,14.0,4.703581330366433,False,tie_fail,False,False,True,False,False,False,4,4,,primary,global_gap_early_commit,0.984375,0.98828125,0.9921875,14.0,4.708823947235942,False,tie_fail,False,False,True,False,False,False,4,4,,primary,global_gap_early_commit,0.984375,0.98828125,0.9921875,14.0,6.93398760817945,False,tie_fail,False,False,True,False,False
SingleLineInfilling/HumanEval/126/L6,4,<=8,False,True,True,True,False,0,4,4.0,20.0,1.086734862526058,0.8509287993145122,0.7830141726902669,0.7109375,4.0,4.0,1.0,0.99609375,0.5,16.0,True,0.23580606321154585,0.21698582730973315,28,4.0,2.0,2.0,4.0,3.0,-0.07407407407407407,0.0,0.7767857142857143,0.9259259259259259,3,14,23,1.0,1.0,1.0,1.0,1.0,0.0,0.0,0.99609375,0.99609375,0.99609375,1.0,1.0,1.0,0.5,global_gap_early_commit,False,4,4,,primary,global_gap_early_commit,1.0,1.0,1.0,14.0,5.129985108971596,True,tie_pass,False,False,False,False,False,False,4,4,,primary,global_gap_early_commit,1.0,1.0,1.0,14.0,5.155904578976333,True,tie_pass,False,False,False,False,False,False,4,4,,primary,global_gap_early_commit,1.0,1.0,1.0,14.0,6.3463601022958755,True,tie_pass,False,False,False,False,False
SingleLineInfilling/HumanEval/126/L7,4,<=8,False,True,True,True,False,0,4,4.0,16.0,1.086734862526058,0.5512836837532378,0.5072844377807185,0.466796875,4.0,4.0,1.0,0.99609375,0.5,12.0,True,0.5354511787728202,0.4927155622192815,28,4.0,2.0,2.0,4.0,3.0,-0.07407407407407407,0.0,0.7767857142857143,0.9259259259259259,3,14,23,1.0,1.0,1.0,1.0,1.0,0.0,0.0,0.99609375,0.99609375,0.99609375,1.0,1.0,1.0,0.5,global_gap_early_commit,False,4,4,,primary,global_gap_early_commit,1.0,1.0,1.0,14.0,4.968319450505078,True,tie_pass,False,False,False,False,False,False,4,4,,primary,global_gap_early_commit,1.0,1.0,1.0,14.0,4.983379891142249,True,tie_pass,False,False,False,False,False,False,4,4,,primary,global_gap_early_commit,1.0,1.0,1.0,14.0,6.467076603323221,True,tie_pass,False,False,False,False,False
SingleLineInfilling/HumanEval/126/L8,4,<=8,False,True,True,True,False,0,4,4.0,16.0,1.086734862526058,0.9226505167418205,0.8490116113484829,0.78125,4.0,4.0,1.0,1.0,0.5,12.0,True,0.16408434578423747,0.1509883886515171,28,4.0,2.0,2.0,4.0,3.0,-0.07407407407407407,0.0,0.7767857142857143,0.9259259259259259,3,14,23,1.0,1.0,1.0,1.0,1.0,0.0,0.0,1.0,1.0,1.0,1.0,1.0,1.0,0.5,global_gap_early_commit,False,4,4,,primary,global_gap_early_commit,1.0,1.0,1.0,14.0,5.432699319906533,True,tie_pass,False,False,False,False,False,False,4,4,,primary,global_gap_early_commit,1.0,1.0,1.0,14.0,4.829192966222763,True,tie_pass,False,False,False,False,False,False,4,4,,primary,global_gap_early_commit,1.0,1.0,1.0,14.0,6.957065282389522,True,tie_pass,False,False,False,False,False
SingleLineInfilling/HumanEval/127/L0,7,<=8,False,True,True,True,False,2,7,7.0,14.0,1.1238436146785018,0.7642653813931934,0.6800460236737004,0.65234375,7.0,7.0,1.0,1.0,0.5714285714285714,7.0,True,0.35957823328530836,0.3199539763262996,28,7.0,4.0,4.0,7.0,5.0,-0.1111111111111111,0.0,0.7704081632653061,0.8888888888888888,3,8,22,1.0,1.0,1.0,1.0,1.0,0.0,0.0,1.0,1.0,1.0,1.0,1.0,1.0,0.5714285714285714,global_gap_early_commit,False,7,7,,primary,global_gap_early_commit,1.0,1.0,1.0,8.0,5.324180690571666,True,tie_pass,False,False,False,False,False,False,7,7,,primary,global_gap_early_commit,1.0,1.0,1.0,8.0,5.328332643955946,True,tie_pass,False,False,False,False,False,False,7,7,,primary,global_gap_early_commit,1.0,1.0,1.0,8.0,7.974713698029518,True,tie_pass,False,False,False,False,False
SingleLineInfilling/HumanEval/127/L1,13,13-16,False,False,False,False,False,4,6,6.0,13.0,1.109147462958082,0.943120057748903,0.8503107920687245,0.8117647058823529,6.0,6.0,0.9921875,0.9921875,0.5,7.0,True,0.16602740520917902,0.1496892079312755,28,6.0,3.0,3.0,6.0,5.0,-0.1111111111111111,-0.3333333333333333,0.7738095238095238,0.8888888888888888,2,10,26,0.99609375,0.99609375,0.99609375,0.99609375,0.99609375,0.0,0.0,0.9921875,0.9921875,0.9921875,0.9921875,0.9921875,0.99609375,0.5,global_gap_early_commit,False,6,6,,primary,global_gap_early_commit,0.9921875,0.99609375,0.99609375,10.0,5.3918650932610035,False,tie_fail,False,False,False,False,False,False,6,6,,primary,global_gap_early_commit,0.9921875,0.99609375,0.99609375,10.0,5.398838713765144,False,tie_fail,False,False,False,False,False,False,6,6,,primary,global_gap_early_commit,0.9921875,0.99609375,0.99609375,10.0,6.874224362894893,False,tie_fail,False,False,False,False,False
SingleLineInfilling/HumanEval/127/L10,16,13-16,False,False,True,True,False,0,16,16.0,16.0,1.1809926614295303,1.1809926614295303,1.0,1.0,16.0,16.0,1.0,1.0,0.375,0.0,False,0.0,0.0,40,16.0,6.0,6.0,16.0,11.0,-0.2564102564102564,-0.3333333333333333,0.6796875,0.7435897435897436,2,4,37,1.0,1.0,1.0,1.0,1.0,0.0,0.0,1.0,1.0,1.0,1.0,1.0,1.0,0.375,global_gap_early_commit,False,16,16,,primary,global_gap_early_commit,1.0,1.0,1.0,4.0,13.046593243256211,True,tie_pass,False,False,False,False,False,False,16,16,,primary,global_gap_early_commit,1.0,1.0,1.0,4.0,6.369743873365223,True,tie_pass,False,False,False,False,False,False,16,16,,primary,global_gap_early_commit,1.0,1.0,1.0,4.0,6.323636825196445,True,tie_pass,False,False,False,False,False
SingleLineInfilling/HumanEval/127/L11,16,13-16,False,False,True,True,False,1,16,16.0,16.0,1.1809926614295303,1.1809926614295303,1.0,1.0,16.0,16.0,1.0,0.99609375,0.375,0.0,False,0.0,0.0,40,16.0,6.0,6.0,16.0,11.0,-0.2564102564102564,-0.3333333333333333,0.6796875,0.7435897435897436,2,4,37,1.0,1.0,1.0,1.0,1.0,0.0,0.0,0.99609375,0.99609375,0.99609375,1.0,1.0,1.0,0.375,global_gap_early_commit,False,16,16,,primary,global_gap_early_commit,1.0,1.0,1.0,4.0,13.054939415305853,True,tie_pass,False,False,False,False,False,False,16,16,,primary,global_gap_early_commit,1.0,1.0,1.0,4.0,6.378698245622218,True,tie_pass,False,False,False,False,False,False,16,16,,primary,global_gap_early_commit,1.0,1.0,1.0,4.0,6.326566291041672,True,tie_pass,False,False,False,False,False
SingleLineInfilling/HumanEval/127/L12,7,<=8,False,True,True,True,False,2,6,6.0,20.0,1.1134970608520351,0.5774159709634189,0.5185608397758921,0.482421875,6.0,6.0,1.0,1.0,0.5,14.0,True,0.5360810898886162,0.48143916022410793,28,6.0,3.0,3.0,6.0,5.0,-0.1111111111111111,-0.3333333333333333,0.7738095238095238,0.8888888888888888,2,10,26,1.0,1.0,1.0,1.0,1.0,0.0,0.0,1.0,0.99609375,0.99609375,1.0,1.0,1.0,0.5,global_gap_early_commit,False,6,6,,primary,global_gap_early_commit,1.0,1.0,1.0,10.0,10.961765257641673,True,tie_pass,False,False,False,False,False,False,6,6,,primary,global_gap_early_commit,1.0,1.0,1.0,10.0,5.439700643531978,True,tie_pass,False,False,False,False,False,False,6,6,,primary,global_gap_early_commit,1.0,1.0,1.0,10.0,5.427462349645793,True,tie_pass,False,False,False,False,False
SingleLineInfilling/HumanEval/127/L13,12,9-12,False,False,False,False,False,0,7,7.0,20.0,1.115063586438826,0.6779377796736498,0.6079812738202462,0.5708661417322834,7.0,7.0,0.9921875,0.9921875,0.5714285714285714,13.0,True,0.4371258067651763,0.39201872617975375,28,7.0,4.0,4.0,7.0,5.0,-0.1111111111111111,0.0,0.7704081632653061,0.8888888888888888,3,8,22,0.9921875,0.99609375,0.9921875,0.99609375,0.99609375,0.00014467592592592592,0.0,0.9921875,0.984375,0.9921875,0.9921875,0.9921875,0.9921875,0.5714285714285714,global_gap_early_commit,False,7,7,,primary,global_gap_early_commit,0.9921875,0.9921875,0.99609375,8.0,11.52738044038415,False,tie_fail,False,False,False,False,False,False,7,7,,primary,global_gap_early_commit,0.9921875,0.9921875,0.99609375,8.0,5.691668746992946,False,tie_fail,False,False,False,False,False,False,7,7,,primary,global_gap_early_commit,0.9921875,0.9921875,0.99609375,8.0,5.628914639353752,False,tie_fail,False,False,False,False,False
SingleLineInfilling/HumanEval/127/L14,6,<=8,False,True,True,True,False,4,6,6.0,20.0,1.1134970608520351,0.9865163552492421,0.8859622444754107,0.82421875,6.0,6.0,0.9921875,0.98828125,0.5,14.0,True,0.12698070560279306,0.11403775552458928,28,6.0,3.0,3.0,6.0,5.0,-0.1111111111111111,-0.3333333333333333,0.7738095238095238,0.8888888888888888,2,10,26,1.0,0.99609375,0.99609375,1.0,0.99609375,-0.00014467592592592592,0.0,0.98828125,0.98828125,0.99609375,0.9921875,0.9921875,0.99609375,0.5,global_gap_early_commit,False,6,6,,primary,global_gap_early_commit,0.9921875,0.99609375,1.0,10.0,10.865024598315358,True,tie_pass,False,False,False,False,False,False,6,6,,primary,global_gap_early_commit,0.9921875,0.99609375,1.0,10.0,5.317142873071134,True,tie_pass,False,False,False,False,False,False,6,6,,primary,global_gap_early_commit,0.9921875,0.99609375,1.0,10.0,5.3218784192577,True,tie_pass,False,False,False,False,False
SingleLineInfilling/HumanEval/127/L15,6,<=8,False,True,True,True,False,4,9,9.0,13.0,0.753184354151927,0.6241905696212546,0.8287354432953972,0.8106508875739645,9.0,9.0,0.99609375,0.98828125,0.3333333333333333,4.0,True,0.12899378453067234,0.17126455670460283,40,9.0,3.0,3.0,9.0,6.0,-0.15384615384615385,-0.3333333333333333,0.6777777777777778,0.8461538461538461,2,7,39,0.66015625,1.0,0.5703125,1.0,0.99609375,0.008713942307692308,0.0,0.9921875,0.31640625,0.9921875,0.99609375,0.51953125,0.99609375,0.3333333333333333,global_gap_early_commit,False,9,9,,primary,global_gap_early_commit,0.99609375,0.99609375,1.0,7.0,13.683332142420113,True,tie_pass,False,False,False,False,False,False,9,9,,primary,global_gap_early_commit,0.99609375,0.99609375,1.0,7.0,6.6650689747184515,True,tie_pass,False,False,False,False,False,False,9,9,,primary,global_gap_early_commit,0.99609375,0.99609375,1.0,7.0,6.6564793502911925,True,tie_pass,False,False,False,False,False
SingleLineInfilling/HumanEval/127/L2,4,<=8,False,True,True,True,False,3,4,4.0,16.0,1.086734862526058,1.0425950839182572,0.9593831208237856,0.8828125,4.0,4.0,1.0,1.0,0.5,12.0,True,0.04413977860780083,0.04061687917621437,28,4.0,2.0,2.0,4.0,3.0,-0.07407407407407407,0.0,0.7767857142857143,0.9259259259259259,3,14,23,1.0,1.0,1.0,1.0,1.0,0.0,0.0,1.0,1.0,1.0,1.0,1.0,1.0,0.5,global_gap_early_commit,False,4,4,,primary,global_gap_early_commit,1.0,1.0,1.0,14.0,5.778641973622143,True,tie_pass,False,False,False,False,False,False,4,4,,primary,global_gap_early_commit,1.0,1.0,1.0,14.0,5.788257936015725,True,tie_pass,False,False,False,False,False,False,4,4,,primary,global_gap_early_commit,1.0,1.0,1.0,14.0,5.904017168097198,True,tie_pass,False,False,False,False,False
SingleLineInfilling/HumanEval/127/L3,8,<=8,False,True,True,True,False,4,13,13.0,13.0,1.1299216150808113,1.1299216150808113,1.0,0.96875,13.0,13.0,0.94921875,0.90234375,0.3076923076923077,0.0,False,0.0,0.0,42,13.0,4.0,4.0,13.0,9.0,-0.21951219512195122,-0.3333333333333333,0.6648351648351648,0.7804878048780488,2,4,41,0.96875,0.98046875,0.96875,0.98046875,0.96875,0.0002858231707317073,0.0,0.90625,0.89453125,0.91796875,0.94921875,0.9453125,0.953125,0.3076923076923077,global_gap_early_commit,False,13,13,,primary,global_gap_early_commit,0.94921875,0.953125,0.98046875,4.0,8.148284072987735,True,tie_pass,False,False,False,False,False,False,13,13,,primary,global_gap_early_commit,0.94921875,0.953125,0.98046875,4.0,6.612610227428377,True,tie_pass,False,False,False,False,False,False,13,13,,primary,global_gap_early_commit,0.94921875,0.953125,0.98046875,4.0,6.629049016162753,True,tie_pass,False,False,False,False,False
SingleLineInfilling/HumanEval/127/L4,4,<=8,False,True,True,True,False,0,16,16.0,16.0,1.0933408623390573,1.0933408623390573,1.0,0.92578125,16.0,16.0,0.79296875,0.62890625,0.375,0.0,False,0.0,0.0,40,16.0,6.0,6.0,16.0,11.0,-0.2564102564102564,-0.3333333333333333,0.6796875,0.7435897435897436,2,4,37,0.92578125,0.921875,0.90625,0.93359375,0.921875,-0.00010016025641025641,0.001953125,0.62890625,0.62890625,0.83203125,0.79296875,0.79296875,0.88671875,0.375,global_gap_early_commit,False,16,16,,primary,global_gap_early_commit,0.79296875,0.88671875,0.93359375,4.0,13.366569731384516,True,tie_pass,False,False,False,False,False,False,16,16,,primary,global_gap_early_commit,0.79296875,0.88671875,0.93359375,4.0,6.448731817305088,True,tie_pass,False,False,False,False,False,False,16,16,,primary,global_gap_early_commit,0.79296875,0.88671875,0.93359375,4.0,6.422327255830169,True,tie_pass,False,False,False,False,False
SingleLineInfilling/HumanEval/127/L5,11,9-12,False,False,True,True,False,4,11,11.0,13.0,1.1502275783876053,1.0251304975531554,0.8912414524003923,0.8823529411764706,11.0,11.0,0.9921875,0.984375,0.36363636363636365,2.0,True,0.12509708083444981,0.10875854759960768,40,11.0,4.0,4.0,11.0,7.5,-0.1794871794871795,-0.3333333333333333,0.6795454545454546,0.8205128205128205,2,5,37,0.99609375,0.99609375,0.99609375,0.99609375,0.99609375,0.0,0.0,0.984375,0.984375,0.9921875,0.9921875,0.9921875,0.9921875,0.36363636363636365,global_gap_early_commit,False,11,11,,primary,global_gap_early_commit,0.9921875,0.9921875,0.99609375,5.0,13.761708592064679,True,tie_pass,False,False,False,False,False,False,11,11,,primary,global_gap_early_commit,0.9921875,0.9921875,0.99609375,5.0,6.623834292404354,True,tie_pass,False,False,False,False,False,False,11,11,,primary,global_gap_early_commit,0.9921875,0.9921875,0.99609375,5.0,6.595191610045731,True,tie_pass,False,False,False,False,False
SingleLineInfilling/HumanEval/127/L6,10,9-12,False,False,True,True,False,3,10,10.0,13.0,1.1391836713289385,0.7426500937829525,0.6519142720125181,0.6417322834645669,10.0,10.0,0.98828125,0.97265625,0.3,3.0,True,0.39653357754598595,0.34808572798748194,42,10.0,3.0,3.0,10.0,7.0,-0.17073170731707318,-0.3333333333333333,0.6666666666666666,0.8292682926829268,2,6,41,0.9921875,0.99609375,0.9921875,0.99609375,0.99609375,9.527439024390244e-05,0.0,0.98046875,0.98046875,0.98828125,0.9921875,0.9921875,0.9921875,0.3,global_gap_early_commit,False,10,10,,primary,global_gap_early_commit,0.9921875,0.9921875,0.99609375,6.0,14.14296252373606,True,tie_pass,False,False,False,False,False,False,10,10,,primary,global_gap_early_commit,0.9921875,0.9921875,0.99609375,6.0,6.945910337381065,True,tie_pass,False,False,False,False,False,False,10,10,,primary,global_gap_early_commit,0.9921875,0.9921875,0.99609375,6.0,6.94292401894927,True,tie_pass,False,False,False,False,False
SingleLineInfilling/HumanEval/127/L7,4,<=8,False,True,True,True,False,1,4,4.0,15.0,1.086734862526058,0.8915120962472237,0.8203584213493904,0.7578125,4.0,4.0,1.0,1.0,0.5,11.0,True,0.19522276627883428,0.1796415786506096,28,4.0,2.0,2.0,4.0,3.0,-0.07407407407407407,0.0,0.7767857142857143,0.9259259259259259,3,14,23,1.0,1.0,1.0,1.0,1.0,0.0,0.0,1.0,1.0,1.0,1.0,1.0,1.0,0.5,global_gap_early_commit,False,4,4,,primary,global_gap_early_commit,1.0,1.0,1.0,14.0,11.894813195802271,True,tie_pass,False,False,False,False,False,False,4,4,,primary,global_gap_early_commit,1.0,1.0,1.0,14.0,5.8752314588055015,True,tie_pass,False,False,False,False,False,False,4,4,,primary,global_gap_early_commit,1.0,1.0,1.0,14.0,5.850406519137323,True,tie_pass,False,False,False,False,False
SingleLineInfilling/HumanEval/127/L8,4,<=8,False,True,True,True,False,1,4,4.0,24.0,1.0739996883558307,0.8650153194871943,0.8054148701024604,0.71484375,4.0,4.0,0.9921875,0.984375,0.5,20.0,True,0.20898436886863636,0.19458512989753962,28,4.0,2.0,2.0,4.0,3.0,-0.07407407407407407,0.0,0.7767857142857143,0.9259259259259259,3,14,23,0.98828125,0.99609375,0.98828125,0.99609375,0.99609375,0.00028935185185185184,0.0,0.984375,0.98046875,0.9921875,0.9921875,0.98828125,0.9921875,0.5,global_gap_early_commit,False,4,4,,primary,global_gap_early_commit,0.9921875,0.9921875,0.99609375,14.0,11.174074771814048,True,tie_pass,False,False,False,False,False,False,4,4,,primary,global_gap_early_commit,0.9921875,0.9921875,0.99609375,14.0,5.499464456923306,True,tie_pass,False,False,False,False,False,False,4,4,,primary,global_gap_early_commit,0.9921875,0.9921875,0.99609375,14.0,5.506166282109916,True,tie_pass,False,False,False,False,False
SingleLineInfilling/HumanEval/128/L0,8,<=8,False,True,True,True,False,3,14,10.0,14.0,1.085363970321272,1.084616140060999,0.9993109866545029,0.9793388429752066,10.0,14.0,0.984375,0.97265625,0.35714285714285715,0.0,False,0.0007478302602730302,0.0006890133454970915,40,14.0,5.0,5.0,14.0,9.5,-0.23076923076923078,-0.3333333333333333,0.6785714285714286,0.7692307692307693,2,4,38,0.92578125,0.99609375,0.92578125,0.99609375,0.9921875,0.0018028846153846155,0.001953125,0.97265625,0.89453125,0.970703125,0.984375,0.92578125,0.984375,0.35714285714285715,global_gap_early_commit,False,14,14,,primary,global_gap_early_commit,0.984375,0.984375,0.99609375,4.0,6.251970654353499,True,tie_pass,False,False,False,False,False,False,14,14,,primary,global_gap_early_commit,0.984375,0.984375,0.99609375,4.0,2.885096177458763,True,tie_pass,False,False,False,False,False,False,14,14,,primary,global_gap_early_commit,0.984375,0.984375,0.99609375,4.0,2.8860692735761404,True,tie_pass,False,False,False,False,False
SingleLineInfilling/HumanEval/128/L1,29,25+,True,False,False,False,True,3,6,6.0,15.0,1.0656514840185494,0.9282754816594804,0.8710873072301021,0.8244897959183674,6.0,6.0,0.953125,0.9140625,0.5,9.0,True,0.137376002359069,0.12891269276989792,28,6.0,3.0,3.0,6.0,5.0,-0.1111111111111111,-0.3333333333333333,0.7738095238095238,0.8888888888888888,2,10,26,0.95703125,0.9765625,0.8984375,0.9765625,0.95703125,0.0007233796296296296,0.0390625,0.9140625,0.78125,0.93359375,0.953125,0.84375,0.95703125,0.5,global_gap_early_commit,False,6,6,,primary,global_gap_early_commit,0.953125,0.95703125,0.9765625,10.0,5.404361006803811,False,tie_fail,False,False,True,False,False,False,6,6,,primary,global_gap_early_commit,0.953125,0.95703125,0.9765625,10.0,2.5523898415267467,False,tie_fail,False,False,True,False,False,False,6,6,,primary,global_gap_early_commit,0.953125,0.95703125,0.9765625,10.0,2.5484626377001405,False,tie_fail,False,False,True,False,False
SingleLineInfilling/HumanEval/128/L2,15,13-16,False,False,False,False,False,0,3,3.0,13.0,0.6091723262016668,0.3189294881276483,0.5235455952443686,0.4794520547945205,3.0,3.0,0.78515625,0.6640625,0.3333333333333333,10.0,True,0.2902428380740185,0.4764544047556314,33,3.0,1.0,1.0,3.0,2.0,-0.0625,-0.3333333333333333,0.7575757575757576,0.9375,2,21,32,0.5703125,0.60546875,0.5703125,0.60546875,0.60546875,0.0010986328125,0.0,0.2236328125,0.2236328125,0.2236328125,0.41015625,0.41015625,0.41015625,0.3333333333333333,global_gap_early_commit,True,32,3,32,rescue,global_gap_early_commit,0.41015625,0.41015625,0.60546875,21.0,10.87757817748934,False,tie_fail,False,False,False,False,False,True,24,3,24,rescue,global_gap_early_commit,0.41015625,0.41015625,0.60546875,21.0,6.000756440684199,True,win,True,False,False,False,False,True,24,3,24,rescue,global_gap_early_commit,0.41015625,0.41015625,0.60546875,21.0,5.944122673012316,True,win,True,False,False,False,False
SingleLineInfilling/HumanEval/129/L0,7,<=8,False,True,True,True,False,0,7,7.0,14.0,1.1238436146785018,0.7596889419836533,0.6759738917954147,0.6484375,7.0,7.0,1.0,1.0,0.5714285714285714,7.0,True,0.36415467269484847,0.32402610820458533,28,7.0,4.0,4.0,7.0,5.0,-0.1111111111111111,0.0,0.7704081632653061,0.8888888888888888,3,8,22,1.0,1.0,1.0,1.0,1.0,0.0,0.0,1.0,1.0,1.0,1.0,1.0,1.0,0.5714285714285714,global_gap_early_commit,False,7,7,,primary,global_gap_early_commit,1.0,1.0,1.0,8.0,6.731994236819446,True,tie_pass,False,False,False,False,False,False,7,7,,primary,global_gap_early_commit,1.0,1.0,1.0,8.0,6.691007664427161,True,tie_pass,False,False,False,False,False,False,7,7,,primary,global_gap_early_commit,1.0,1.0,1.0,8.0,6.661616182886064,True,tie_pass,False,False,False,False,False
SingleLineInfilling/HumanEval/129/L1,10,9-12,False,False,True,True,False,1,5,5.0,15.0,1.0024302320705063,0.4917102798889327,0.49051820681157193,0.4592274678111588,5.0,5.0,0.84375,0.7734375,0.6,10.0,True,0.5107199521815736,0.5094817931884281,28,5.0,3.0,3.0,5.0,4.0,-0.07407407407407407,0.0,0.7785714285714286,0.9259259259259259,3,12,19,0.91015625,0.90625,0.90625,0.9140625,0.91015625,-0.00014467592592592592,0.0,0.7734375,0.7734375,0.84765625,0.84375,0.84375,0.890625,0.6,global_gap_early_commit,False,5,5,,primary,global_gap_early_commit,0.84375,0.890625,0.9140625,12.0,6.931922827847302,True,tie_pass,False,False,False,False,False,False,5,5,,primary,global_gap_early_commit,0.84375,0.890625,0.9140625,12.0,6.910138673149049,True,tie_pass,False,False,False,False,False,False,5,5,,primary,global_gap_early_commit,0.84375,0.890625,0.9140625,12.0,6.87346679251641,True,tie_pass,False,False,False,False,False
SingleLineInfilling/HumanEval/129/L10,12,9-12,False,False,True,True,False,1,12,12.0,13.0,1.1607825607354694,1.0980286662680465,0.945938286299148,0.94140625,12.0,12.0,1.0,1.0,0.3333333333333333,1.0,True,0.06275389446742285,0.054061713700852,40,12.0,4.0,4.0,12.0,8.0,-0.20512820512820512,-0.3333333333333333,0.6791666666666667,0.7948717948717948,2,5,39,1.0,1.0,1.0,1.0,1.0,0.0,0.0,1.0,1.0,1.0,1.0,1.0,1.0,0.3333333333333333,global_gap_early_commit,False,12,12,,primary,global_gap_early_commit,1.0,1.0,1.0,5.0,8.503256092779338,True,tie_pass,False,False,False,False,False,False,12,12,,primary,global_gap_early_commit,1.0,1.0,1.0,5.0,8.496947540901601,True,tie_pass,False,False,False,False,False,False,12,12,,primary,global_gap_early_commit,1.0,1.0,1.0,5.0,8.420313911512494,True,tie_pass,False,False,False,False,False
SingleLineInfilling/HumanEval/129/L12,10,9-12,False,False,False,False,False,0,20,20.0,20.0,1.1828845397064371,1.1828845397064371,1.0,0.98828125,20.0,20.0,0.984375,0.98046875,0.35,0.0,False,0.0,0.0,41,20.0,7.0,7.0,20.0,13.0,-0.325,-0.3333333333333333,0.6719512195121952,0.675,2,3,40,0.98828125,0.9765625,0.9765625,0.9921875,0.98828125,-0.00029296875,0.0,0.9296875,0.9296875,0.98046875,0.94140625,0.94140625,0.98828125,0.35,global_gap_early_commit,False,20,20,,primary,global_gap_early_commit,0.94140625,0.98828125,0.9921875,3.0,8.695543902926147,False,tie_fail,False,False,False,False,False,False,20,20,,primary,global_gap_early_commit,0.94140625,0.98828125,0.9921875,3.0,8.127878659404814,False,tie_fail,False,False,False,False,False,False,20,20,,primary,global_gap_early_commit,0.94140625,0.98828125,0.9921875,3.0,8.16184763982892,False,tie_fail,False,False,False,False,False
SingleLineInfilling/HumanEval/129/L13,12,9-12,False,False,True,True,False,3,12,12.0,13.0,1.1607825607354694,1.1071409373574077,0.9537883965588917,0.94921875,12.0,12.0,1.0,1.0,0.3333333333333333,1.0,True,0.053641623378061665,0.04621160344110831,40,12.0,4.0,4.0,12.0,8.0,-0.20512820512820512,-0.3333333333333333,0.6791666666666667,0.7948717948717948,2,5,39,1.0,1.0,1.0,1.0,1.0,0.0,0.0,1.0,1.0,1.0,1.0,1.0,1.0,0.3333333333333333,global_gap_early_commit,False,12,12,,primary,global_gap_early_commit,1.0,1.0,1.0,5.0,8.49499024450779,True,tie_pass,False,False,False,False,False,False,12,12,,primary,global_gap_early_commit,1.0,1.0,1.0,5.0,8.476733419112861,True,tie_pass,False,False,False,False,False,False,12,12,,primary,global_gap_early_commit,1.0,1.0,1.0,5.0,9.115848149172962,True,tie_pass,False,False,False,False,False
SingleLineInfilling/HumanEval/129/L15,10,9-12,False,False,True,True,False,2,10,10.0,16.0,1.1481536214968828,1.0056890632485844,0.8759185569065548,0.8515625,10.0,10.0,1.0,1.0,0.3,6.0,True,0.1424645582482984,0.12408144309344515,42,10.0,3.0,3.0,10.0,7.0,-0.17073170731707318,-0.3333333333333333,0.6666666666666666,0.8292682926829268,2,6,41,1.0,1.0,1.0,1.0,1.0,0.0,0.0,1.0,1.0,1.0,1.0,1.0,1.0,0.3,global_gap_early_commit,False,10,10,,primary,global_gap_early_commit,1.0,1.0,1.0,6.0,8.498894876800478,True,tie_pass,False,False,False,False,False,False,10,10,,primary,global_gap_early_commit,1.0,1.0,1.0,6.0,8.510170715861022,True,tie_pass,False,False,False,False,False,False,10,10,,primary,global_gap_early_commit,1.0,1.0,1.0,6.0,8.456468905322254,True,tie_pass,False,False,False,False,False
SingleLineInfilling/HumanEval/129/L16,12,9-12,False,False,True,True,False,4,12,12.0,13.0,1.1607825607354694,1.1116970729020885,0.9577134516887639,0.953125,12.0,12.0,1.0,1.0,0.3333333333333333,1.0,True,0.04908548783338085,0.04228654831123613,40,12.0,4.0,4.0,12.0,8.0,-0.20512820512820512,-0.3333333333333333,0.6791666666666667,0.7948717948717948,2,5,39,1.0,1.0,1.0,1.0,1.0,0.0,0.0,1.0,1.0,1.0,1.0,1.0,1.0,0.3333333333333333,global_gap_early_commit,False,12,12,,primary,global_gap_early_commit,1.0,1.0,1.0,5.0,18.600375341251493,True,tie_pass,False,False,False,False,False,False,12,12,,primary,global_gap_early_commit,1.0,1.0,1.0,5.0,9.694859899580479,True,tie_pass,False,False,False,False,False,False,12,12,,primary,global_gap_early_commit,1.0,1.0,1.0,5.0,9.674663142301142,True,tie_pass,False,False,False,False,False
SingleLineInfilling/HumanEval/129/L18,7,<=8,False,True,True,True,False,4,7,7.0,15.0,1.0579934028809332,0.6157867056552988,0.5820326516011363,0.551440329218107,7.0,7.0,0.9453125,0.92578125,0.5714285714285714,8.0,True,0.44220669722563444,0.41796734839886374,28,7.0,4.0,4.0,7.0,5.0,-0.1111111111111111,0.0,0.7704081632653061,0.8888888888888888,3,8,22,0.94140625,0.96875,0.94140625,0.96875,0.95703125,0.0010127314814814814,0.0,0.92578125,0.91796875,0.923828125,0.9453125,0.94140625,0.9453125,0.5714285714285714,global_gap_early_commit,False,7,7,,primary,global_gap_early_commit,0.9453125,0.9453125,0.96875,8.0,13.627687189728022,True,tie_pass,False,False,False,False,False,False,7,7,,primary,global_gap_early_commit,0.9453125,0.9453125,0.96875,8.0,6.827737576328218,True,tie_pass,False,False,False,False,False,False,7,7,,primary,global_gap_early_commit,0.9453125,0.9453125,0.96875,8.0,8.286724962294102,True,tie_pass,False,False,False,False,False
SingleLineInfilling/HumanEval/129/L2,8,<=8,False,True,True,True,False,0,9,9.0,13.0,1.136461599460008,0.9932375487403905,0.8739736997821389,0.8515625,9.0,9.0,1.0,1.0,0.3333333333333333,4.0,True,0.14322405071961752,0.1260263002178611,40,9.0,3.0,3.0,9.0,6.0,-0.15384615384615385,-0.3333333333333333,0.6777777777777778,0.8461538461538461,2,7,39,0.99609375,1.0,0.99609375,1.0,1.0,0.00010016025641025641,0.0,1.0,0.9921875,1.0,1.0,0.99609375,1.0,0.3333333333333333,global_gap_early_commit,False,9,9,,primary,global_gap_early_commit,1.0,1.0,1.0,7.0,8.13080538250506,True,tie_pass,False,False,False,False,False,False,9,9,,primary,global_gap_early_commit,1.0,1.0,1.0,7.0,8.125565195456147,True,tie_pass,False,False,False,False,False,False,9,9,,primary,global_gap_early_commit,1.0,1.0,1.0,7.0,8.12403113488108,True,tie_pass,False,False,False,False,False
SingleLineInfilling/HumanEval/129/L20,5,<=8,False,True,True,True,False,0,5,5.0,15.0,1.1013825725753201,0.6157867056552988,0.5591033678837215,0.5234375,5.0,5.0,1.0,1.0,0.6,10.0,True,0.4855958669200213,0.4408966321162785,28,5.0,3.0,3.0,5.0,4.0,-0.07407407407407407,0.0,0.7785714285714286,0.9259259259259259,3,12,19,1.0,1.0,1.0,1.0,1.0,0.0,0.0,1.0,1.0,1.0,1.0,1.0,1.0,0.6,global_gap_early_commit,False,5,5,,primary,global_gap_early_commit,1.0,1.0,1.0,12.0,14.047623505815864,True,tie_pass,False,False,False,False,False,False,5,5,,primary,global_gap_early_commit,1.0,1.0,1.0,12.0,7.234799307771027,True,tie_pass,False,False,False,False,False,False,5,5,,primary,global_gap_early_commit,1.0,1.0,1.0,12.0,14.171696466393769,True,tie_pass,False,False,False,False,False
SingleLineInfilling/HumanEval/129/L21,8,<=8,False,True,True,True,False,2,8,8.0,14.0,1.1284585576188617,0.7505360631645732,0.6650984726885005,0.6431372549019608,8.0,8.0,0.99609375,0.9921875,0.5,6.0,True,0.3779224944542885,0.33490152731149947,28,8.0,4.0,4.0,8.0,6.0,-0.14814814814814814,-0.3333333333333333,0.7767857142857143,0.8518518518518519,2,8,27,0.99609375,0.99609375,0.99609375,0.99609375,0.99609375,0.0,0.0,0.98828125,0.98828125,0.9921875,0.99609375,0.99609375,0.99609375,0.5,global_gap_early_commit,False,8,8,,primary,global_gap_early_commit,0.99609375,0.99609375,0.99609375,8.0,12.982728387229145,True,tie_pass,False,False,False,False,False,False,8,8,,primary,global_gap_early_commit,0.99609375,0.99609375,0.99609375,8.0,6.62666008900851,True,tie_pass,False,False,False,False,False,False,8,8,,primary,global_gap_early_commit,0.99609375,0.99609375,0.99609375,8.0,12.904414893127978,True,tie_pass,False,False,False,False,False
SingleLineInfilling/HumanEval/129/L22,11,9-12,False,False,False,False,False,3,5,5.0,13.0,1.0669643671823414,0.8064359914084822,0.755822796161537,0.7137096774193549,5.0,5.0,0.96875,0.953125,0.6,8.0,True,0.26052837577385923,0.24417720383846298,28,5.0,3.0,3.0,5.0,4.0,-0.07407407407407407,0.0,0.7785714285714286,0.9259259259259259,3,12,19,0.96875,0.98046875,0.96875,0.98046875,0.97265625,0.00043402777777777775,0.0,0.953125,0.953125,0.953125,0.96875,0.96875,0.96875,0.6,global_gap_early_commit,False,5,5,,primary,global_gap_early_commit,0.96875,0.96875,0.98046875,12.0,13.675932358019054,False,tie_fail,False,False,False,False,False,False,5,5,,primary,global_gap_early_commit,0.96875,0.96875,0.98046875,12.0,7.062141206115484,False,tie_fail,False,False,False,False,False,False,5,5,,primary,global_gap_early_commit,0.96875,0.96875,0.98046875,12.0,13.768443334847689,False,tie_fail,False,False,False,False,False
SingleLineInfilling/HumanEval/129/L23,7,<=8,False,True,True,True,False,0,7,7.0,13.0,1.115063586438826,0.6788641961574229,0.6088120932417035,0.5866141732283464,7.0,7.0,0.99609375,0.9921875,0.5714285714285714,6.0,True,0.4361993902814032,0.3911879067582965,28,7.0,4.0,4.0,7.0,5.0,-0.1111111111111111,0.0,0.7704081632653061,0.8888888888888888,3,8,22,0.9921875,0.99609375,0.9921875,0.99609375,0.99609375,0.00014467592592592592,0.0,0.9921875,0.9921875,0.9921875,0.99609375,0.9921875,0.99609375,0.5714285714285714,global_gap_early_commit,False,7,7,,primary,global_gap_early_commit,0.99609375,0.99609375,0.99609375,8.0,9.835743660107255,True,tie_pass,False,False,False,False,False,False,7,7,,primary,global_gap_early_commit,0.99609375,0.99609375,0.99609375,8.0,6.795025143772364,True,tie_pass,False,False,False,False,False,False,7,7,,primary,global_gap_early_commit,0.99609375,0.99609375,0.99609375,8.0,13.328746031969786,True,tie_pass,False,False,False,False,False
SingleLineInfilling/HumanEval/129/L24,4,<=8,False,True,True,True,False,1,4,4.0,14.0,1.086734862526058,0.5720549261925101,0.5263978785614722,0.48828125,4.0,4.0,1.0,1.0,0.5,10.0,True,0.5146799363335479,0.47360212143852776,28,4.0,2.0,2.0,4.0,3.0,-0.07407407407407407,0.0,0.7767857142857143,0.9259259259259259,3,14,23,1.0,1.0,1.0,1.0,1.0,0.0,0.0,1.0,1.0,1.0,1.0,1.0,1.0,0.5,global_gap_early_commit,False,4,4,,primary,global_gap_early_commit,1.0,1.0,1.0,14.0,6.927509392611682,True,tie_pass,False,False,False,False,False,False,4,4,,primary,global_gap_early_commit,1.0,1.0,1.0,14.0,6.973869903944433,True,tie_pass,False,False,False,False,False,False,4,4,,primary,global_gap_early_commit,1.0,1.0,1.0,14.0,13.462617922574282,True,tie_pass,False,False,False,False,False
SingleLineInfilling/HumanEval/129/L25,6,<=8,False,True,True,True,False,4,6,6.0,13.0,1.1134970608520351,0.6743080606127422,0.6055768661811908,0.578125,6.0,6.0,1.0,1.0,0.5,7.0,True,0.43918900023929297,0.3944231338188092,28,6.0,3.0,3.0,6.0,5.0,-0.1111111111111111,-0.3333333333333333,0.7738095238095238,0.8888888888888888,2,10,26,1.0,1.0,1.0,1.0,1.0,0.0,0.0,1.0,1.0,1.0,1.0,1.0,1.0,0.5,global_gap_early_commit,False,6,6,,primary,global_gap_early_commit,1.0,1.0,1.0,10.0,6.953853579238057,True,tie_pass,False,False,False,False,False,False,6,6,,primary,global_gap_early_commit,1.0,1.0,1.0,10.0,6.933519939891994,True,tie_pass,False,False,False,False,False,False,6,6,,primary,global_gap_early_commit,1.0,1.0,1.0,10.0,13.512766569852829,True,tie_pass,False,False,False,False,False
SingleLineInfilling/HumanEval/129/L26,4,<=8,False,True,False,False,False,1,3,3.0,13.0,0.6091723262016668,0.35993470802977456,0.590858600347216,0.541095890410959,3.0,3.0,0.828125,0.75,0.3333333333333333,10.0,True,0.24923761817189227,0.40914139965278395,33,3.0,1.0,1.0,3.0,2.0,-0.0625,-0.3333333333333333,0.7575757575757576,0.9375,2,21,32,0.5703125,0.9375,0.5703125,0.9375,0.9375,0.011474609375,0.0,0.8671875,0.275390625,0.8671875,0.90625,0.5703125,0.90625,0.3333333333333333,global_gap_early_commit,False,3,3,,primary,global_gap_early_commit,0.90625,0.90625,0.9375,21.0,7.908039875328541,False,tie_fail,False,False,False,False,False,False,3,3,,primary,global_gap_early_commit,0.90625,0.90625,0.9375,21.0,7.925772408954799,False,tie_fail,False,False,False,False,False,False,3,3,,primary,global_gap_early_commit,0.90625,0.90625,0.9375,21.0,15.375164395198226,False,tie_fail,False,False,False,False,False
SingleLineInfilling/HumanEval/129/L3,8,<=8,False,True,True,True,False,1,8,8.0,24.0,1.1328838852957985,0.9879136708897466,0.8720343573708793,0.81640625,8.0,8.0,1.0,1.0,0.5,16.0,True,0.14497021440605196,0.1279656426291207,28,8.0,4.0,4.0,8.0,6.0,-0.14814814814814814,-0.3333333333333333,0.7767857142857143,0.8518518518518519,2,8,27,1.0,1.0,1.0,1.0,1.0,0.0,0.0,1.0,1.0,1.0,1.0,1.0,1.0,0.5,global_gap_early_commit,False,8,8,,primary,global_gap_early_commit,1.0,1.0,1.0,8.0,6.586340303532779,True,tie_pass,False,False,False,False,False,False,8,8,,primary,global_gap_early_commit,1.0,1.0,1.0,8.0,6.566509182564914,True,tie_pass,False,False,False,False,False,False,8,8,,primary,global_gap_early_commit,1.0,1.0,1.0,8.0,6.564734593033791,True,tie_pass,False,False,False,False,False
SingleLineInfilling/HumanEval/129/L4,12,9-12,False,False,True,True,False,4,12,12.0,14.0,1.1471796401018506,0.7185009872977927,0.6263195075829637,0.6205533596837944,12.0,12.0,1.0,0.99609375,0.3333333333333333,2.0,True,0.4286786528040579,0.37368049241703627,40,12.0,4.0,4.0,12.0,8.0,-0.20512820512820512,-0.3333333333333333,0.6791666666666667,0.7948717948717948,2,5,39,0.98828125,1.0,0.98828125,1.0,0.99609375,0.00030048076923076925,0.0,0.99609375,0.98046875,0.98828125,1.0,0.98828125,0.9921875,0.3333333333333333,global_gap_early_commit,False,12,12,,primary,global_gap_early_commit,1.0,0.9921875,1.0,5.0,8.505539777688682,True,tie_pass,False,False,False,False,False,False,12,12,,primary,global_gap_early_commit,1.0,0.9921875,1.0,5.0,8.466619908809662,True,tie_pass,False,False,False,False,False,False,12,12,,primary,global_gap_early_commit,1.0,0.9921875,1.0,5.0,8.448636090382934,True,tie_pass,False,False,False,False,False
SingleLineInfilling/HumanEval/129/L5,5,<=8,False,True,True,True,False,2,5,5.0,16.0,1.1013825725753201,0.7242806556423291,0.6576104195554608,0.61328125,5.0,5.0,1.0,1.0,0.6,11.0,True,0.377101916932991,0.34238958044453915,28,5.0,3.0,3.0,5.0,4.0,-0.07407407407407407,0.0,0.7785714285714286,0.9259259259259259,3,12,19,1.0,1.0,1.0,1.0,1.0,0.0,0.0,1.0,1.0,1.0,1.0,1.0,1.0,0.6,global_gap_early_commit,False,5,5,,primary,global_gap_early_commit,1.0,1.0,1.0,12.0,6.956598146818578,True,tie_pass,False,False,False,False,False,False,5,5,,primary,global_gap_early_commit,1.0,1.0,1.0,12.0,6.954730802215636,True,tie_pass,False,False,False,False,False,False,5,5,,primary,global_gap_early_commit,1.0,1.0,1.0,12.0,6.938715597614646,True,tie_pass,False,False,False,False,False
SingleLineInfilling/HumanEval/129/L6,8,<=8,False,True,True,True,False,2,8,8.0,14.0,1.1328838852957985,1.1258040947468597,0.9937506476693414,0.9609375,8.0,8.0,1.0,1.0,0.5,6.0,True,0.0070797905489388135,0.006249352330658597,28,8.0,4.0,4.0,8.0,6.0,-0.14814814814814814,-0.3333333333333333,0.7767857142857143,0.8518518518518519,2,8,27,1.0,1.0,1.0,1.0,1.0,0.0,0.0,1.0,1.0,1.0,1.0,1.0,1.0,0.5,global_gap_early_commit,False,8,8,,primary,global_gap_early_commit,1.0,1.0,1.0,8.0,6.70574093144387,True,tie_pass,False,False,False,False,False,False,8,8,,primary,global_gap_early_commit,1.0,1.0,1.0,8.0,6.6777612855657935,True,tie_pass,False,False,False,False,False,False,8,8,,primary,global_gap_early_commit,1.0,1.0,1.0,8.0,6.633462147787213,True,tie_pass,False,False,False,False,False
SingleLineInfilling/HumanEval/129/L7,12,9-12,False,False,True,True,False,0,12,12.0,13.0,1.1607825607354694,1.1162532084467691,0.9616385068186357,0.95703125,12.0,12.0,1.0,1.0,0.3333333333333333,1.0,True,0.04452935228870025,0.03836149318136428,40,12.0,4.0,4.0,12.0,8.0,-0.20512820512820512,-0.3333333333333333,0.6791666666666667,0.7948717948717948,2,5,39,1.0,1.0,1.0,1.0,1.0,0.0,0.0,1.0,1.0,1.0,1.0,1.0,1.0,0.3333333333333333,global_gap_early_commit,False,12,12,,primary,global_gap_early_commit,1.0,1.0,1.0,5.0,8.476702413521707,True,tie_pass,False,False,False,False,False,False,12,12,,primary,global_gap_early_commit,1.0,1.0,1.0,5.0,8.501645619049668,True,tie_pass,False,False,False,False,False,False,12,12,,primary,global_gap_early_commit,1.0,1.0,1.0,5.0,8.480483133345842,True,tie_pass,False,False,False,False,False
SingleLineInfilling/HumanEval/129/L9,8,<=8,False,True,True,True,False,3,8,8.0,14.0,1.1328838852957985,1.0937690188800793,0.9654731902153358,0.93359375,8.0,8.0,1.0,1.0,0.5,6.0,True,0.03911486641571926,0.03452680978466416,28,8.0,4.0,4.0,8.0,6.0,-0.14814814814814814,-0.3333333333333333,0.7767857142857143,0.8518518518518519,2,8,27,1.0,1.0,1.0,1.0,1.0,0.0,0.0,1.0,1.0,1.0,1.0,1.0,1.0,0.5,global_gap_early_commit,False,8,8,,primary,global_gap_early_commit,1.0,1.0,1.0,8.0,6.569181550294161,True,tie_pass,False,False,False,False,False,False,8,8,,primary,global_gap_early_commit,1.0,1.0,1.0,8.0,6.593433839268982,True,tie_pass,False,False,False,False,False,False,8,8,,primary,global_gap_early_commit,1.0,1.0,1.0,8.0,6.568695919588208,True,tie_pass,False,False,False,False,False
SingleLineInfilling/HumanEval/13/L0,5,<=8,False,True,True,True,False,1,8,8.0,24.0,1.1019065915572415,0.6286723360207478,0.5705314232963182,0.5341365461847389,8.0,8.0,0.953125,0.91015625,0.5,16.0,True,0.4732342555364937,0.42946857670368177,28,8.0,4.0,4.0,8.0,6.0,-0.14814814814814814,-0.3333333333333333,0.7767857142857143,0.8518518518518519,2,8,27,0.97265625,0.9765625,0.97265625,0.9765625,0.9765625,0.00014467592592592592,0.0,0.9296875,0.9296875,0.9453125,0.9609375,0.9609375,0.96875,0.5,global_gap_early_commit,False,8,8,,primary,global_gap_early_commit,0.9609375,0.96875,0.9765625,8.0,1.9372778721153736,True,tie_pass,False,False,False,False,False,False,8,8,,primary,global_gap_early_commit,0.9609375,0.96875,0.9765625,8.0,2.1255213990807533,True,tie_pass,False,False,False,False,False,False,8,8,,primary,global_gap_early_commit,0.9609375,0.96875,0.9765625,8.0,1.9220811715349555,True,tie_pass,False,False,False,False,False
SingleLineInfilling/HumanEval/13/L1,11,9-12,False,False,True,True,False,4,11,11.0,13.0,1.1141420073009352,0.692532602791465,0.6215837821869403,0.6153846153846154,11.0,11.0,0.984375,0.96484375,0.36363636363636365,2.0,True,0.42160940450947015,0.3784162178130597,40,11.0,4.0,4.0,11.0,7.5,-0.1794871794871795,-0.3333333333333333,0.6795454545454546,0.8205128205128205,2,5,37,0.96484375,0.9921875,0.96484375,0.99609375,0.97265625,0.0007011217948717949,-0.001953125,0.96484375,0.91796875,0.94140625,0.984375,0.953125,0.96484375,0.36363636363636365,global_gap_early_commit,False,11,11,,primary,global_gap_early_commit,0.984375,0.96484375,0.99609375,5.0,2.347083903849125,True,tie_pass,False,False,False,False,False,False,11,11,,primary,global_gap_early_commit,0.984375,0.96484375,0.99609375,5.0,2.6498373206704855,True,tie_pass,False,False,False,False,False,False,11,11,,primary,global_gap_early_commit,0.984375,0.96484375,0.99609375,5.0,2.3385246321558952,True,tie_pass,False,False,False,False,False
SingleLineInfilling/HumanEval/13/L2,4,<=8,False,True,True,True,False,0,3,3.0,13.0,0.9763446871999317,0.5057310454595566,0.5179841218882929,0.47435897435897434,3.0,3.0,0.984375,0.97265625,0.3333333333333333,10.0,True,0.4706136417403751,0.4820158781117071,33,3.0,1.0,1.0,3.0,2.0,-0.0625,-0.3333333333333333,0.7575757575757576,0.9375,2,21,32,0.9140625,0.9921875,0.9140625,0.9921875,0.9921875,0.00244140625,0.0,0.98046875,0.86328125,0.98046875,0.98828125,0.9140625,0.98828125,0.3333333333333333,global_gap_early_commit,False,3,3,,primary,global_gap_early_commit,0.98828125,0.98828125,0.9921875,21.0,2.134016024880111,True,tie_pass,False,False,False,False,False,False,3,3,,primary,global_gap_early_commit,0.98828125,0.98828125,0.9921875,21.0,2.3539139898493886,True,tie_pass,False,False,False,False,False,False,3,3,,primary,global_gap_early_commit,0.98828125,0.98828125,0.9921875,21.0,2.1415821304544806,True,tie_pass,False,False,False,False,False
SingleLineInfilling/HumanEval/130/L0,8,<=8,False,True,True,True,False,2,6,6.0,20.0,1.1047978650641286,1.0987267463676393,0.9945047697063237,0.9251968503937008,6.0,6.0,0.99609375,0.9921875,0.5,14.0,True,0.006071118696489242,0.005495230293676268,28,6.0,3.0,3.0,6.0,5.0,-0.1111111111111111,-0.3333333333333333,0.7738095238095238,0.8888888888888888,2,10,26,0.9921875,0.99609375,0.9921875,0.99609375,0.9921875,0.00014467592592592592,0.001953125,0.9921875,0.984375,0.984375,0.99609375,0.9921875,0.9921875,0.5,global_gap_early_commit,False,6,6,,primary,global_gap_early_commit,0.99609375,0.9921875,0.99609375,10.0,4.535850695334375,True,tie_pass,False,False,False,False,False,False,6,6,,primary,global_gap_early_commit,0.99609375,0.9921875,0.99609375,10.0,4.5862537221983075,True,tie_pass,False,False,False,False,False,False,6,6,,primary,global_gap_early_commit,0.99609375,0.9921875,0.99609375,10.0,9.105278828181326,True,tie_pass,False,False,False,False,False
SingleLineInfilling/HumanEval/130/L1,6,<=8,False,True,True,True,False,0,6,6.0,24.0,1.0917490713822688,1.0493628465910225,0.9611758545051191,0.8844621513944223,6.0,6.0,0.96875,0.9609375,0.5,18.0,True,0.04238622479124632,0.03882414549488089,28,6.0,3.0,3.0,6.0,5.0,-0.1111111111111111,-0.3333333333333333,0.7738095238095238,0.8888888888888888,2,10,26,0.98046875,0.984375,0.98046875,0.984375,0.98046875,0.00014467592592592592,0.001953125,0.9609375,0.9609375,0.96875,0.96875,0.96875,0.9765625,0.5,global_gap_early_commit,False,6,6,,primary,global_gap_early_commit,0.96875,0.9765625,0.984375,10.0,4.636113423854113,True,tie_pass,False,False,False,False,False,False,6,6,,primary,global_gap_early_commit,0.96875,0.9765625,0.984375,10.0,4.665897932834923,True,tie_pass,False,False,False,False,False,False,6,6,,primary,global_gap_early_commit,0.96875,0.9765625,0.984375,10.0,9.34723989572376,True,tie_pass,False,False,False,False,False
SingleLineInfilling/HumanEval/130/L2,11,9-12,False,False,True,True,False,4,11,11.0,13.0,1.1457168820017714,0.6834203317021036,0.596500184677428,0.5882352941176471,11.0,11.0,0.99609375,0.99609375,0.36363636363636365,2.0,True,0.46229655029966776,0.40349981532257195,40,11.0,4.0,4.0,11.0,7.5,-0.1794871794871795,-0.3333333333333333,0.6795454545454546,0.8205128205128205,2,5,37,0.9921875,1.0,0.9921875,1.0,1.0,0.00020032051282051281,0.0,0.99609375,0.98828125,0.99609375,0.99609375,0.9921875,0.99609375,0.36363636363636365,global_gap_early_commit,False,11,11,,primary,global_gap_early_commit,0.99609375,0.99609375,1.0,5.0,5.766332947649062,True,tie_pass,False,False,False,False,False,False,11,11,,primary,global_gap_early_commit,0.99609375,0.99609375,1.0,5.0,5.792281539179385,True,tie_pass,False,False,False,False,False,False,11,11,,primary,global_gap_early_commit,0.99609375,0.99609375,1.0,5.0,11.785621799528599,True,tie_pass,False,False,False,False,False
SingleLineInfilling/HumanEval/130/L3,14,13-16,False,False,True,True,False,4,14,14.0,14.0,1.1486862917945602,1.1486862917945602,1.0,0.984313725490196,14.0,14.0,0.9609375,0.92578125,0.35714285714285715,0.0,False,0.0,0.0,40,14.0,5.0,5.0,14.0,9.5,-0.23076923076923078,-0.3333333333333333,0.6785714285714286,0.7692307692307693,2,4,38,0.98046875,0.984375,0.98046875,0.98828125,0.98046875,0.00010016025641025641,-0.001953125,0.92578125,0.92578125,0.953125,0.9609375,0.9609375,0.97265625,0.35714285714285715,global_gap_early_commit,False,14,14,,primary,global_gap_early_commit,0.9609375,0.97265625,0.98828125,4.0,5.532688929699361,True,tie_pass,False,False,False,False,False,False,14,14,,primary,global_gap_early_commit,0.9609375,0.97265625,0.98828125,4.0,5.568298038095236,True,tie_pass,False,False,False,False,False,False,14,14,,primary,global_gap_early_commit,0.9609375,0.97265625,0.98828125,4.0,11.467439692467451,True,tie_pass,False,False,False,False,False
SingleLineInfilling/HumanEval/130/L4,11,9-12,False,False,True,True,False,3,11,11.0,13.0,1.1502275783876053,1.1025848018127271,0.9585796954706441,0.9490196078431372,11.0,11.0,0.9921875,0.9921875,0.36363636363636365,2.0,True,0.04764277657487814,0.041420304529355856,40,11.0,4.0,4.0,11.0,7.5,-0.1794871794871795,-0.3333333333333333,0.6795454545454546,0.8205128205128205,2,5,37,0.99609375,0.99609375,0.99609375,0.99609375,0.99609375,0.0,0.0,0.9921875,0.98828125,0.9921875,0.9921875,0.9921875,0.99609375,0.36363636363636365,global_gap_early_commit,False,11,11,,primary,global_gap_early_commit,0.9921875,0.99609375,0.99609375,5.0,5.942819373682141,True,tie_pass,False,False,False,False,False,False,11,11,,primary,global_gap_early_commit,0.9921875,0.99609375,0.99609375,5.0,5.956155844032764,True,tie_pass,False,False,False,False,False,False,11,11,,primary,global_gap_early_commit,0.9921875,0.99609375,0.99609375,5.0,12.095453673042357,True,tie_pass,False,False,False,False,False
SingleLineInfilling/HumanEval/130/L5,13,13-16,False,False,True,True,False,3,13,13.0,13.0,1.1572584283488954,1.1572584283488954,1.0,1.0,13.0,13.0,0.9921875,0.9921875,0.3076923076923077,0.0,False,0.0,0.0,42,13.0,4.0,4.0,13.0,9.0,-0.21951219512195122,-0.3333333333333333,0.6648351648351648,0.7804878048780488,2,4,41,0.9921875,0.9921875,0.98828125,0.9921875,0.9921875,0.0,0.0,0.97265625,0.97265625,0.9765625,0.984375,0.984375,0.98828125,0.3076923076923077,global_gap_early_commit,False,13,13,,primary,global_gap_early_commit,0.984375,0.98828125,0.9921875,4.0,5.718288062140346,True,tie_pass,False,False,False,False,False,False,13,13,,primary,global_gap_early_commit,0.984375,0.98828125,0.9921875,4.0,5.688261350616813,True,tie_pass,False,False,False,False,False,False,13,13,,primary,global_gap_early_commit,0.984375,0.98828125,0.9921875,4.0,11.649874582886696,True,tie_pass,False,False,False,False,False
SingleLineInfilling/HumanEval/130/L6,4,<=8,False,True,True,True,False,2,4,4.0,14.0,1.086734862526058,0.5240023123923392,0.48218045676230853,0.44921875,4.0,4.0,1.0,1.0,0.5,10.0,True,0.5627325501337188,0.5178195432376915,28,4.0,2.0,2.0,4.0,3.0,-0.07407407407407407,0.0,0.7767857142857143,0.9259259259259259,3,14,23,1.0,1.0,1.0,1.0,1.0,0.0,0.0,1.0,1.0,1.0,1.0,1.0,1.0,0.5,global_gap_early_commit,False,4,4,,primary,global_gap_early_commit,1.0,1.0,1.0,14.0,4.795164464972913,True,tie_pass,False,False,False,False,False,False,4,4,,primary,global_gap_early_commit,1.0,1.0,1.0,14.0,4.832114991731942,True,tie_pass,False,False,False,False,False,False,4,4,,primary,global_gap_early_commit,1.0,1.0,1.0,14.0,7.5221369015052915,True,tie_pass,False,False,False,False,False
SingleLineInfilling/HumanEval/130/L7,31,25+,True,False,False,False,True,0,3,3.0,13.0,0.9596550344272834,0.6970887383361456,0.7263951246315965,0.6652173913043479,3.0,3.0,0.73046875,0.494140625,0.3333333333333333,10.0,True,0.2625662960911378,0.2736048753684035,33,3.0,1.0,1.0,3.0,2.0,-0.0625,-0.3333333333333333,0.7575757575757576,0.9375,2,21,32,0.8984375,0.90625,0.8984375,0.90625,0.90625,0.000244140625,0.0,0.7421875,0.7421875,0.7421875,0.859375,0.859375,0.859375,0.3333333333333333,global_gap_early_commit,False,3,3,,primary,global_gap_early_commit,0.859375,0.859375,0.90625,21.0,5.160855728201568,False,tie_fail,False,False,True,False,False,False,3,3,,primary,global_gap_early_commit,0.859375,0.859375,0.90625,21.0,5.196257916279137,False,tie_fail,False,False,True,False,False,False,3,3,,primary,global_gap_early_commit,0.859375,0.859375,0.90625,21.0,5.134361330419779,False,tie_fail,False,False,True,False,False
SingleLineInfilling/HumanEval/130/L8,5,<=8,False,True,True,True,False,3,4,4.0,13.0,0.9254226563698462,0.4533354866957287,0.48986858445202436,0.45642201834862384,4.0,4.0,0.9765625,0.96484375,0.5,9.0,True,0.4720871696741175,0.5101314155479757,28,4.0,2.0,2.0,4.0,3.0,-0.07407407407407407,0.0,0.7767857142857143,0.9259259259259259,3,14,23,0.8515625,0.98828125,0.8515625,0.98828125,0.96875,0.005063657407407407,0.0,0.96484375,0.796875,0.9375,0.9765625,0.8515625,0.95703125,0.5,global_gap_early_commit,False,4,4,,primary,global_gap_early_commit,0.9765625,0.95703125,0.98828125,14.0,4.785137537866831,True,tie_pass,False,False,False,False,False,False,4,4,,primary,global_gap_early_commit,0.9765625,0.95703125,0.98828125,14.0,4.826493110507727,True,tie_pass,False,False,False,False,False,False,4,4,,primary,global_gap_early_commit,0.9765625,0.95703125,0.98828125,14.0,4.777468483895063,True,tie_pass,False,False,False,False,False
SingleLineInfilling/HumanEval/131/L0,6,<=8,False,True,True,True,False,3,6,6.0,13.0,1.1004482671701754,0.8064359914084822,0.7328249909305127,0.6996047430830039,6.0,6.0,0.98046875,0.96484375,0.5,7.0,True,0.2940122757616932,0.2671750090694873,28,6.0,3.0,3.0,6.0,5.0,-0.1111111111111111,-0.3333333333333333,0.7738095238095238,0.8888888888888888,2,10,26,0.98828125,0.9921875,0.98828125,0.9921875,0.98828125,0.00014467592592592592,0.0,0.96484375,0.96484375,0.9765625,0.98046875,0.98046875,0.98828125,0.5,global_gap_early_commit,False,6,6,,primary,global_gap_early_commit,0.98046875,0.98828125,0.9921875,10.0,2.6808726089075208,True,tie_pass,False,False,False,False,False,False,6,6,,primary,global_gap_early_commit,0.98046875,0.98828125,0.9921875,10.0,2.6799693694338202,True,tie_pass,False,False,False,False,False,False,6,6,,primary,global_gap_early_commit,0.98046875,0.98828125,0.9921875,10.0,2.6821251958608627,True,tie_pass,False,False,False,False,False
SingleLineInfilling/HumanEval/131/L1,7,<=8,False,True,True,True,False,0,7,7.0,14.0,1.110673572318988,0.7551125025741133,0.6798689744616011,0.6521739130434783,7.0,7.0,0.98046875,0.9609375,0.5714285714285714,7.0,True,0.35556106974487467,0.3201310255383989,28,7.0,4.0,4.0,7.0,5.0,-0.1111111111111111,0.0,0.7704081632653061,0.8888888888888888,3,8,22,0.98828125,0.98828125,0.98828125,0.98828125,0.98828125,0.0,0.0,0.9609375,0.9609375,0.97265625,0.98046875,0.98046875,0.986328125,0.5714285714285714,global_gap_early_commit,False,7,7,,primary,global_gap_early_commit,0.98046875,0.986328125,0.98828125,8.0,2.4843986900523305,True,tie_pass,False,False,False,False,False,False,7,7,,primary,global_gap_early_commit,0.98046875,0.986328125,0.98828125,8.0,2.4677283838391304,True,tie_pass,False,False,False,False,False,False,7,7,,primary,global_gap_early_commit,0.98046875,0.986328125,0.98828125,8.0,2.471342785283923,True,tie_pass,False,False,False,False,False
SingleLineInfilling/HumanEval/131/L10,4,<=8,False,True,True,True,False,2,3,3.0,14.0,1.0347584719042011,0.4370499636110777,0.4223690604888714,0.3850806451612903,3.0,3.0,0.94140625,0.90625,0.3333333333333333,11.0,True,0.5977085082931235,0.5776309395111285,33,3.0,1.0,1.0,3.0,2.0,-0.0625,-0.3333333333333333,0.7575757575757576,0.9375,2,21,32,0.96875,0.96484375,0.96484375,0.96875,0.96484375,-0.0001220703125,0.0,0.921875,0.921875,0.921875,0.94921875,0.94921875,0.94921875,0.3333333333333333,global_gap_early_commit,False,3,3,,primary,global_gap_early_commit,0.94921875,0.94921875,0.96875,21.0,6.085451217368245,True,tie_pass,False,False,False,False,False,False,3,3,,primary,global_gap_early_commit,0.94921875,0.94921875,0.96875,21.0,2.7582934368401766,True,tie_pass,False,False,False,False,False,False,3,3,,primary,global_gap_early_commit,0.94921875,0.94921875,0.96875,21.0,2.736942373216152,True,tie_pass,False,False,False,False,False
SingleLineInfilling/HumanEval/131/L2,8,<=8,False,True,True,True,False,0,8,8.0,14.0,1.1328838852957985,0.9518993971843368,0.8402444500618823,0.8125,8.0,8.0,1.0,1.0,0.5,6.0,True,0.18098448811146173,0.1597555499381177,28,8.0,4.0,4.0,8.0,6.0,-0.14814814814814814,-0.3333333333333333,0.7767857142857143,0.8518518518518519,2,8,27,1.0,0.984375,0.984375,1.0,1.0,-0.0005787037037037037,0.0,1.0,1.0,1.0,1.0,1.0,1.0,0.5,global_gap_early_commit,False,8,8,,primary,global_gap_early_commit,1.0,1.0,1.0,8.0,2.8695238204672933,True,tie_pass,False,False,False,False,False,False,8,8,,primary,global_gap_early_commit,1.0,1.0,1.0,8.0,2.376272574067116,True,tie_pass,False,False,False,False,False,False,8,8,,primary,global_gap_early_commit,1.0,1.0,1.0,8.0,2.9124297630041838,True,tie_pass,False,False,False,False,False
SingleLineInfilling/HumanEval/131/L3,10,9-12,False,False,True,True,False,1,10,10.0,13.0,1.1391836713289385,0.7608746359616754,0.6679121682582241,0.65748031496063,10.0,10.0,0.98046875,0.96484375,0.3,3.0,True,0.3783090353672631,0.3320878317417759,42,10.0,3.0,3.0,10.0,7.0,-0.17073170731707318,-0.3333333333333333,0.6666666666666666,0.8292682926829268,2,6,41,0.9921875,0.9765625,0.9765625,0.99609375,0.98828125,-0.00038109756097560977,0.0,0.97265625,0.97265625,0.984375,0.984375,0.984375,0.9921875,0.3,global_gap_early_commit,False,10,10,,primary,global_gap_early_commit,0.984375,0.9921875,0.99609375,6.0,3.210427845828235,True,tie_pass,False,False,False,False,False,False,10,10,,primary,global_gap_early_commit,0.984375,0.9921875,0.99609375,6.0,3.1047770427539945,True,tie_pass,False,False,False,False,False,False,10,10,,primary,global_gap_early_commit,0.984375,0.9921875,0.99609375,6.0,7.045058071613312,True,tie_pass,False,False,False,False,False
SingleLineInfilling/HumanEval/131/L4,12,9-12,False,False,True,True,False,3,11,11.0,13.0,1.0419708651275952,0.9659007354723064,0.9269939955125582,0.9177489177489178,11.0,11.0,,,0.0,2.0,True,0.07607012965528881,0.07300600448744177,62,11.0,0.0,0.0,11.0,6.0,-0.18032786885245902,-0.3333333333333333,0.5087976539589443,0.819672131147541,2,5,61,0.90234375,0.94921875,0.87890625,0.94921875,0.8984375,0.0007684426229508197,0.0,0.060546875,0.060546875,0.734375,0.515625,0.49609375,0.83984375,0.0,no_remaining_masks,False,11,11,,primary,no_remaining_masks,0.515625,0.83984375,0.94921875,5.0,3.98308293428272,True,tie_pass,False,False,False,False,False,False,11,11,,primary,no_remaining_masks,0.515625,0.83984375,0.94921875,5.0,3.956767267547548,True,tie_pass,False,False,False,False,False,False,11,11,,primary,no_remaining_masks,0.515625,0.83984375,0.94921875,5.0,8.99738357681781,True,tie_pass,False,False,False,False,False
SingleLineInfilling/HumanEval/131/L5,9,9-12,False,False,True,True,False,1,7,7.0,13.0,1.0097032475627166,0.501174909914876,0.49635861935142095,0.4782608695652174,7.0,7.0,0.8359375,0.671875,0.5714285714285714,6.0,True,0.5085283376478406,0.5036413806485791,28,7.0,4.0,4.0,7.0,5.0,-0.1111111111111111,0.0,0.7704081632653061,0.8888888888888888,3,8,22,0.8984375,0.90625,0.8984375,0.91015625,0.904296875,0.00028935185185185184,0.0,0.671875,0.671875,0.76171875,0.8359375,0.8359375,0.87890625,0.5714285714285714,global_gap_early_commit,False,7,7,,primary,global_gap_early_commit,0.8359375,0.87890625,0.91015625,8.0,2.4522556327283382,True,tie_pass,False,False,False,False,False,False,7,7,,primary,global_gap_early_commit,0.8359375,0.87890625,0.91015625,8.0,2.45400573592633,True,tie_pass,False,False,False,False,False,False,7,7,,primary,global_gap_early_commit,0.8359375,0.87890625,0.91015625,8.0,5.025574714876711,True,tie_pass,False,False,False,False,False
SingleLineInfilling/HumanEval/131/L6,6,<=8,False,True,True,True,False,1,7,7.0,13.0,1.0667734311206092,0.6059660274425318,0.5680362950228195,0.5473251028806584,7.0,7.0,0.91015625,0.8359375,0.5714285714285714,6.0,True,0.4608074036780774,0.4319637049771805,28,7.0,4.0,4.0,7.0,5.0,-0.1111111111111111,0.0,0.7704081632653061,0.8888888888888888,3,8,22,0.94921875,0.94921875,0.94921875,0.94921875,0.94921875,0.0,0.0,0.8359375,0.8359375,0.88671875,0.91015625,0.91015625,0.935546875,0.5714285714285714,global_gap_early_commit,False,7,7,,primary,global_gap_early_commit,0.91015625,0.935546875,0.94921875,8.0,2.5364322643727064,True,tie_pass,False,False,False,False,False,False,7,7,,primary,global_gap_early_commit,0.91015625,0.935546875,0.94921875,8.0,2.493677363730967,True,tie_pass,False,False,False,False,False,False,7,7,,primary,global_gap_early_commit,0.91015625,0.935546875,0.94921875,8.0,2.5829695239663124,True,tie_pass,False,False,False,False,False
SingleLineInfilling/HumanEval/131/L7,8,<=8,False,True,True,True,False,0,9,9.0,16.0,1.096351190067302,0.8719047383210204,0.7952786900951844,0.7651821862348178,9.0,9.0,0.98828125,0.984375,0.3333333333333333,7.0,True,0.22444645174628153,0.20472130990481563,40,9.0,3.0,3.0,9.0,6.0,-0.15384615384615385,-0.3333333333333333,0.6777777777777778,0.8461538461538461,2,7,39,0.9609375,0.9921875,0.95703125,0.9921875,0.9921875,0.0008012820512820513,0.0,0.9765625,0.921875,0.984375,0.984375,0.953125,0.98828125,0.3333333333333333,global_gap_early_commit,False,9,9,,primary,global_gap_early_commit,0.984375,0.98828125,0.9921875,7.0,2.973561537452042,True,tie_pass,False,False,False,False,False,False,9,9,,primary,global_gap_early_commit,0.984375,0.98828125,0.9921875,7.0,2.995082869194448,True,tie_pass,False,False,False,False,False,False,9,9,,primary,global_gap_early_commit,0.984375,0.98828125,0.9921875,7.0,3.1151298750191927,True,tie_pass,False,False,False,False,False
SingleLineInfilling/HumanEval/131/L8,5,<=8,False,True,True,True,False,1,5,5.0,14.0,1.0970802969011977,0.56747848678297,0.5172624906179285,0.48627450980392156,5.0,5.0,0.99609375,0.99609375,0.6,9.0,True,0.5296018101182277,0.4827375093820715,28,5.0,3.0,3.0,5.0,4.0,-0.07407407407407407,0.0,0.7785714285714286,0.9259259259259259,3,12,19,0.99609375,1.0,0.99609375,1.0,1.0,0.00014467592592592592,0.0,0.99609375,0.99609375,0.99609375,0.99609375,0.99609375,0.99609375,0.6,global_gap_early_commit,False,5,5,,primary,global_gap_early_commit,0.99609375,0.99609375,1.0,12.0,2.999414331279695,True,tie_pass,False,False,False,False,False,False,5,5,,primary,global_gap_early_commit,0.99609375,0.99609375,1.0,12.0,3.039165652357042,True,tie_pass,False,False,False,False,False,False,5,5,,primary,global_gap_early_commit,0.99609375,0.99609375,1.0,12.0,3.0988315604627132,True,tie_pass,False,False,False,False,False
SingleLineInfilling/HumanEval/131/L9,4,<=8,False,True,False,False,False,2,9,4.0,16.0,1.086734862526058,0.6873746349726563,0.6325136504546197,0.58203125,4.0,9.0,0.8203125,0.65234375,0.3333333333333333,7.0,True,0.3993602275534017,0.3674863495453803,40,9.0,3.0,3.0,9.0,6.0,-0.15384615384615385,-0.3333333333333333,0.6777777777777778,0.8461538461538461,2,7,39,0.87109375,0.9453125,0.8515625,0.9453125,0.9375,0.0019030448717948718,0.0,0.76171875,0.71484375,0.76171875,0.875,0.828125,0.875,0.3333333333333333,global_gap_early_commit,False,9,9,,primary,global_gap_early_commit,0.875,0.875,0.9453125,7.0,3.240284073166549,False,tie_fail,False,False,False,False,False,False,9,9,,primary,global_gap_early_commit,0.875,0.875,0.9453125,7.0,2.9920599050819874,False,tie_fail,False,False,False,False,False,False,9,9,,primary,global_gap_early_commit,0.875,0.875,0.9453125,7.0,3.016163238324225,False,tie_fail,False,False,False,False,False
SingleLineInfilling/HumanEval/132/L0,8,<=8,False,True,True,True,False,0,8,8.0,13.0,1.1328838852957985,0.956788464382945,0.8445600443271601,0.8203125,8.0,8.0,1.0,1.0,0.5,5.0,True,0.17609542091285357,0.15543995567283986,28,8.0,4.0,4.0,8.0,6.0,-0.14814814814814814,-0.3333333333333333,0.7767857142857143,0.8518518518518519,2,8,27,1.0,1.0,1.0,1.0,1.0,0.0,0.0,1.0,1.0,1.0,1.0,1.0,1.0,0.5,global_gap_early_commit,False,8,8,,primary,global_gap_early_commit,1.0,1.0,1.0,8.0,9.254231672734022,True,tie_pass,False,False,False,False,False,False,8,8,,primary,global_gap_early_commit,1.0,1.0,1.0,8.0,4.39625158905983,True,tie_pass,False,False,False,False,False,False,8,8,,primary,global_gap_early_commit,1.0,1.0,1.0,8.0,4.9964733412489295,True,tie_pass,False,False,False,False,False
SingleLineInfilling/HumanEval/132/L1,8,<=8,False,True,True,True,False,4,8,8.0,13.0,1.1328838852957985,0.9841252776510292,0.8686903313079362,0.84375,8.0,8.0,1.0,1.0,0.5,5.0,True,0.14875860764476934,0.13130966869206384,28,8.0,4.0,4.0,8.0,6.0,-0.14814814814814814,-0.3333333333333333,0.7767857142857143,0.8518518518518519,2,8,27,1.0,1.0,1.0,1.0,1.0,0.0,0.0,1.0,1.0,1.0,1.0,1.0,1.0,0.5,global_gap_early_commit,False,8,8,,primary,global_gap_early_commit,1.0,1.0,1.0,8.0,9.039896783418953,True,tie_pass,False,False,False,False,False,False,8,8,,primary,global_gap_early_commit,1.0,1.0,1.0,8.0,4.2370318016037345,True,tie_pass,False,False,False,False,False,False,8,8,,primary,global_gap_early_commit,1.0,1.0,1.0,8.0,6.4676305036991835,True,tie_pass,False,False,False,False,False
SingleLineInfilling/HumanEval/132/L10,11,9-12,False,False,True,True,False,3,11,11.0,14.0,1.1502275783876053,1.015969548917898,0.8832769862309241,0.8671875,11.0,11.0,0.9921875,0.984375,0.36363636363636365,3.0,True,0.13425802946970733,0.1167230137690759,40,11.0,4.0,4.0,11.0,7.5,-0.1794871794871795,-0.3333333333333333,0.6795454545454546,0.8205128205128205,2,5,37,0.99609375,0.99609375,0.9921875,1.0,1.0,0.0,0.0,0.984375,0.984375,0.99609375,0.9921875,0.9921875,0.99609375,0.36363636363636365,global_gap_early_commit,False,11,11,,primary,global_gap_early_commit,0.9921875,0.99609375,1.0,5.0,5.421707844361663,True,tie_pass,False,False,False,False,False,False,11,11,,primary,global_gap_early_commit,0.9921875,0.99609375,1.0,5.0,5.423829605802894,True,tie_pass,False,False,False,False,False,False,11,11,,primary,global_gap_early_commit,0.9921875,0.99609375,1.0,5.0,5.427775423973799,True,tie_pass,False,False,False,False,False
SingleLineInfilling/HumanEval/132/L11,10,9-12,False,False,True,True,False,3,10,10.0,14.0,1.1481536214968828,0.9839344730511174,0.8569711009301456,0.83984375,10.0,10.0,1.0,1.0,0.3,4.0,True,0.16421914844576546,0.1430288990698544,42,10.0,3.0,3.0,10.0,7.0,-0.17073170731707318,-0.3333333333333333,0.6666666666666666,0.8292682926829268,2,6,41,1.0,1.0,1.0,1.0,1.0,0.0,0.0,1.0,1.0,1.0,1.0,1.0,1.0,0.3,global_gap_early_commit,False,10,10,,primary,global_gap_early_commit,1.0,1.0,1.0,6.0,5.509433658793569,True,tie_pass,False,False,False,False,False,False,10,10,,primary,global_gap_early_commit,1.0,1.0,1.0,6.0,5.47174649965018,True,tie_pass,False,False,False,False,False,False,10,10,,primary,global_gap_early_commit,1.0,1.0,1.0,6.0,5.442204653285444,True,tie_pass,False,False,False,False,False
SingleLineInfilling/HumanEval/132/L12,15,13-16,False,False,False,False,False,1,7,7.0,15.0,1.0009232193230406,0.8731304035410954,0.8723250561932453,0.8333333333333334,7.0,7.0,0.77734375,0.6171875,0.5714285714285714,8.0,True,0.12779281578194523,0.1276749438067547,28,7.0,4.0,4.0,7.0,5.0,-0.1111111111111111,0.0,0.7704081632653061,0.8888888888888888,3,8,22,0.890625,0.87109375,0.87109375,0.890625,0.890625,-0.0007233796296296296,0.0,0.6171875,0.6171875,0.751953125,0.77734375,0.77734375,0.861328125,0.5714285714285714,global_gap_early_commit,False,7,7,,primary,global_gap_early_commit,0.77734375,0.861328125,0.890625,8.0,4.774144012480974,False,tie_fail,False,False,False,False,False,False,7,7,,primary,global_gap_early_commit,0.77734375,0.861328125,0.890625,8.0,4.778928742744029,False,tie_fail,False,False,False,False,False,False,7,7,,primary,global_gap_early_commit,0.77734375,0.861328125,0.890625,8.0,4.772585481405258,False,tie_fail,False,False,False,False,False
SingleLineInfilling/HumanEval/132/L13,6,<=8,False,True,False,False,False,3,10,10.0,13.0,1.130213721160994,0.8793341601233733,0.7780246723779741,0.75390625,10.0,10.0,1.0,1.0,0.3,3.0,True,0.25087956103762066,0.22197532762202588,42,10.0,3.0,3.0,10.0,7.0,-0.17073170731707318,-0.3333333333333333,0.6666666666666666,0.8292682926829268,2,6,41,0.984375,1.0,0.984375,1.0,1.0,0.00038109756097560977,0.0,1.0,0.9765625,1.0,1.0,0.984375,1.0,0.3,global_gap_early_commit,False,10,10,,primary,global_gap_early_commit,1.0,1.0,1.0,6.0,5.522290947847068,False,tie_fail,False,False,False,False,False,False,10,10,,primary,global_gap_early_commit,1.0,1.0,1.0,6.0,5.523621412925422,False,tie_fail,False,False,False,False,False,False,10,10,,primary,global_gap_early_commit,1.0,1.0,1.0,6.0,5.480871162377298,False,tie_fail,False,False,False,False,False
SingleLineInfilling/HumanEval/132/L14,6,<=8,False,True,True,True,False,0,12,12.0,16.0,1.0428905819107732,1.0379818313345481,0.9952931298245773,0.9453781512605042,12.0,12.0,0.9609375,0.94140625,0.3333333333333333,4.0,True,0.004908750576225085,0.004706870175422706,40,12.0,4.0,4.0,12.0,8.0,-0.20512820512820512,-0.3333333333333333,0.6791666666666667,0.7948717948717948,2,5,39,0.8984375,0.8359375,0.79296875,0.8984375,0.83203125,-0.0016025641025641025,0.0,0.376953125,0.376953125,0.515625,0.609375,0.609375,0.703125,0.3333333333333333,global_gap_early_commit,False,12,12,,primary,global_gap_early_commit,0.609375,0.703125,0.8984375,5.0,5.846741405315697,True,tie_pass,False,False,False,False,False,False,12,12,,primary,global_gap_early_commit,0.609375,0.703125,0.8984375,5.0,5.866438307799399,True,tie_pass,False,False,False,False,False,False,12,12,,primary,global_gap_early_commit,0.609375,0.703125,0.8984375,5.0,5.790288235992193,True,tie_pass,False,False,False,False,False
SingleLineInfilling/HumanEval/132/L15,7,<=8,False,True,False,False,False,1,6,6.0,15.0,0.9917083198213438,0.6709317837736838,0.6765414490972024,0.6266094420600858,6.0,6.0,0.8203125,0.6953125,0.5,9.0,True,0.32077653604766,0.3234585509027976,28,6.0,3.0,3.0,6.0,5.0,-0.1111111111111111,-0.3333333333333333,0.7738095238095238,0.8888888888888888,2,10,26,0.890625,0.91015625,0.88671875,0.91015625,0.88671875,0.0007233796296296296,0.01171875,0.6953125,0.6953125,0.78515625,0.8203125,0.8203125,0.86328125,0.5,global_gap_early_commit,False,6,6,,primary,global_gap_early_commit,0.8203125,0.86328125,0.91015625,10.0,4.426126642152667,False,tie_fail,False,False,False,False,False,False,6,6,,primary,global_gap_early_commit,0.8203125,0.86328125,0.91015625,10.0,4.437391794286668,False,tie_fail,False,False,False,False,False,False,6,6,,primary,global_gap_early_commit,0.8203125,0.86328125,0.91015625,10.0,4.397332556545734,False,tie_fail,False,False,False,False,False
SingleLineInfilling/HumanEval/132/L2,9,9-12,False,False,True,True,False,1,9,9.0,15.0,1.1409183116147532,1.0063976756605257,0.8820944193946374,0.85546875,9.0,9.0,1.0,1.0,0.3333333333333333,6.0,True,0.13452063595422747,0.1179055806053626,40,9.0,3.0,3.0,9.0,6.0,-0.15384615384615385,-0.3333333333333333,0.6777777777777778,0.8461538461538461,2,7,39,1.0,1.0,1.0,1.0,1.0,0.0,0.0,1.0,0.99609375,1.0,1.0,1.0,1.0,0.3333333333333333,global_gap_early_commit,False,9,9,,primary,global_gap_early_commit,1.0,1.0,1.0,7.0,12.303642749786377,True,tie_pass,False,False,False,False,False,False,9,9,,primary,global_gap_early_commit,1.0,1.0,1.0,7.0,5.726536394096911,True,tie_pass,False,False,False,False,False,False,9,9,,primary,global_gap_early_commit,1.0,1.0,1.0,7.0,12.093385259620845,True,tie_pass,False,False,False,False,False
SingleLineInfilling/HumanEval/132/L3,9,9-12,False,False,True,True,False,0,9,9.0,14.0,1.1097213265315373,0.8466412907649149,0.7629314410052064,0.7429718875502008,9.0,9.0,0.87890625,0.8125,0.3333333333333333,5.0,True,0.2630800357666224,0.23706855899479362,40,9.0,3.0,3.0,9.0,6.0,-0.15384615384615385,-0.3333333333333333,0.6777777777777778,0.8461538461538461,2,7,39,0.97265625,0.95703125,0.95703125,0.9765625,0.96875,-0.00040064102564102563,0.0,0.8515625,0.8515625,0.921875,0.90234375,0.90234375,0.94921875,0.3333333333333333,global_gap_early_commit,False,9,9,,primary,global_gap_early_commit,0.90234375,0.94921875,0.9765625,7.0,11.269884950481355,True,tie_pass,False,False,False,False,False,False,9,9,,primary,global_gap_early_commit,0.90234375,0.94921875,0.9765625,7.0,5.2387256398797035,True,tie_pass,False,False,False,False,False,False,9,9,,primary,global_gap_early_commit,0.90234375,0.94921875,0.9765625,7.0,9.584833797067404,True,tie_pass,False,False,False,False,False
SingleLineInfilling/HumanEval/132/L4,9,9-12,False,False,True,True,False,3,9,9.0,13.0,1.1409183116147532,0.7563185004169947,0.6629032882701036,0.6484375,9.0,9.0,1.0,1.0,0.3333333333333333,4.0,True,0.38459981119775855,0.3370967117298964,40,9.0,3.0,3.0,9.0,6.0,-0.15384615384615385,-0.3333333333333333,0.6777777777777778,0.8461538461538461,2,7,39,1.0,1.0,1.0,1.0,1.0,0.0,0.0,1.0,1.0,1.0,1.0,1.0,1.0,0.3333333333333333,global_gap_early_commit,False,9,9,,primary,global_gap_early_commit,1.0,1.0,1.0,7.0,11.214080154895782,True,tie_pass,False,False,False,False,False,False,9,9,,primary,global_gap_early_commit,1.0,1.0,1.0,7.0,5.28011305257678,True,tie_pass,False,False,False,False,False,False,9,9,,primary,global_gap_early_commit,1.0,1.0,1.0,7.0,5.457953906618059,True,tie_pass,False,False,False,False,False
SingleLineInfilling/HumanEval/132/L5,4,<=8,False,True,True,True,False,0,9,9.0,13.0,1.0874377657578116,0.6879764672467843,0.6326582439109502,0.58984375,9.0,9.0,0.8828125,0.76953125,0.3333333333333333,4.0,True,0.3994612985110273,0.36734175608904984,40,9.0,3.0,3.0,9.0,6.0,-0.15384615384615385,-0.3333333333333333,0.6777777777777778,0.8461538461538461,2,7,39,0.953125,0.9609375,0.94921875,0.9609375,0.9609375,0.00020032051282051281,0.0,0.828125,0.828125,0.8828125,0.9140625,0.9140625,0.94140625,0.3333333333333333,global_gap_early_commit,False,9,9,,primary,global_gap_early_commit,0.9140625,0.94140625,0.9609375,7.0,11.207138153724372,True,tie_pass,False,False,False,False,False,False,9,9,,primary,global_gap_early_commit,0.9140625,0.94140625,0.9609375,7.0,5.273774608969688,True,tie_pass,False,False,False,False,False,False,9,9,,primary,global_gap_early_commit,0.9140625,0.94140625,0.9609375,7.0,5.399545781314373,True,tie_pass,False,False,False,False,False
SingleLineInfilling/HumanEval/132/L6,9,9-12,False,False,True,True,False,2,9,9.0,13.0,1.1409183116147532,0.943120057748903,0.8266324136862135,0.80859375,9.0,9.0,1.0,1.0,0.3333333333333333,4.0,True,0.19779825386585026,0.17336758631378646,40,9.0,3.0,3.0,9.0,6.0,-0.15384615384615385,-0.3333333333333333,0.6777777777777778,0.8461538461538461,2,7,39,1.0,0.9765625,0.9765625,1.0,1.0,-0.0006009615384615385,0.0,1.0,1.0,1.0,1.0,1.0,1.0,0.3333333333333333,global_gap_early_commit,False,9,9,,primary,global_gap_early_commit,1.0,1.0,1.0,7.0,11.322768215090036,True,tie_pass,False,False,False,False,False,False,9,9,,primary,global_gap_early_commit,1.0,1.0,1.0,7.0,5.383665892295539,True,tie_pass,False,False,False,False,False,False,9,9,,primary,global_gap_early_commit,1.0,1.0,1.0,7.0,5.320542132481933,True,tie_pass,False,False,False,False,False
SingleLineInfilling/HumanEval/132/L7,8,<=8,False,True,False,False,False,4,8,8.0,16.0,0.9027668460950895,0.765799928895711,0.8482809622530693,0.8137254901960784,8.0,8.0,0.94921875,0.8984375,0.5,8.0,True,0.13696691719937848,0.15171903774693074,28,8.0,4.0,4.0,8.0,6.0,-0.14814814814814814,-0.3333333333333333,0.7767857142857143,0.8518518518518519,2,8,27,0.796875,0.96875,0.796875,0.96875,0.921875,0.00636574074074074,0.0,0.90234375,0.7421875,0.84765625,0.94921875,0.796875,0.89453125,0.5,global_gap_early_commit,False,8,8,,primary,global_gap_early_commit,0.94921875,0.89453125,0.96875,8.0,6.861499416641891,False,tie_fail,False,False,False,False,False,False,8,8,,primary,global_gap_early_commit,0.94921875,0.89453125,0.96875,8.0,4.289211990311742,False,tie_fail,False,False,False,False,False,False,8,8,,primary,global_gap_early_commit,0.94921875,0.89453125,0.96875,8.0,4.268029940314591,False,tie_fail,False,False,False,False,False
SingleLineInfilling/HumanEval/132/L8,6,<=8,False,True,True,True,False,1,6,6.0,14.0,1.1047978650641286,1.0937690188800793,0.9900173176172737,0.9409448818897638,6.0,6.0,0.984375,0.96875,0.5,8.0,True,0.011028846184049312,0.00998268238272626,28,6.0,3.0,3.0,6.0,5.0,-0.1111111111111111,-0.3333333333333333,0.7738095238095238,0.8888888888888888,2,10,26,0.9921875,0.9921875,0.9921875,0.9921875,0.9921875,0.0,0.0,0.96875,0.96875,0.98046875,0.984375,0.984375,0.9921875,0.5,global_gap_early_commit,False,6,6,,primary,global_gap_early_commit,0.984375,0.9921875,0.9921875,10.0,4.373975547030568,True,tie_pass,False,False,False,False,False,False,6,6,,primary,global_gap_early_commit,0.984375,0.9921875,0.9921875,10.0,4.2871912606060505,True,tie_pass,False,False,False,False,False,False,6,6,,primary,global_gap_early_commit,0.984375,0.9921875,0.9921875,10.0,4.2372192200273275,True,tie_pass,False,False,False,False,False
SingleLineInfilling/HumanEval/132/L9,6,<=8,False,True,True,True,False,2,6,6.0,14.0,1.1134970608520351,0.7596889419836533,0.6822550042497176,0.6484375,6.0,6.0,0.99609375,0.99609375,0.5,8.0,True,0.3538081188683818,0.31774499575028237,28,6.0,3.0,3.0,6.0,5.0,-0.1111111111111111,-0.3333333333333333,0.7738095238095238,0.8888888888888888,2,10,26,1.0,1.0,1.0,1.0,1.0,0.0,0.0,0.99609375,0.99609375,1.0,0.99609375,0.99609375,1.0,0.5,global_gap_early_commit,False,6,6,,primary,global_gap_early_commit,0.99609375,1.0,1.0,10.0,4.7075661001726985,True,tie_pass,False,False,False,False,False,False,6,6,,primary,global_gap_early_commit,0.99609375,1.0,1.0,10.0,4.719741863198578,True,tie_pass,False,False,False,False,False,False,6,6,,primary,global_gap_early_commit,0.99609375,1.0,1.0,10.0,4.682565928436816,True,tie_pass,False,False,False,False,False
SingleLineInfilling/HumanEval/133/L0,4,<=8,False,True,True,True,False,2,4,4.0,13.0,1.0697546302990883,0.4761161644191322,0.4450704403925008,0.4146825396825397,4.0,4.0,0.984375,0.98046875,0.5,9.0,True,0.5936384658799562,0.5549295596074992,28,4.0,2.0,2.0,4.0,3.0,-0.07407407407407407,0.0,0.7767857142857143,0.9259259259259259,3,14,23,0.984375,0.9921875,0.984375,0.9921875,0.98828125,0.00028935185185185184,0.0,0.98046875,0.9765625,0.9765625,0.984375,0.984375,0.984375,0.5,global_gap_early_commit,False,4,4,,primary,global_gap_early_commit,0.984375,0.984375,0.9921875,14.0,3.6745404303073883,True,tie_pass,False,False,False,False,False,False,4,4,,primary,global_gap_early_commit,0.984375,0.984375,0.9921875,14.0,3.6207410283386707,True,tie_pass,False,False,False,False,False,False,4,4,,primary,global_gap_early_commit,0.984375,0.984375,0.9921875,14.0,3.632337059825659,True,tie_pass,False,False,False,False,False
SingleLineInfilling/HumanEval/133/L1,6,<=8,False,True,True,True,False,4,6,6.0,15.0,1.1134970608520351,0.6939088996563443,0.6231798215303533,0.58984375,6.0,6.0,1.0,0.99609375,0.5,9.0,True,0.41958816119569087,0.37682017846964666,28,6.0,3.0,3.0,6.0,5.0,-0.1111111111111111,-0.3333333333333333,0.7738095238095238,0.8888888888888888,2,10,26,1.0,1.0,1.0,1.0,1.0,0.0,0.0,0.99609375,0.99609375,0.99609375,1.0,0.99609375,1.0,0.5,global_gap_early_commit,False,6,6,,primary,global_gap_early_commit,1.0,1.0,1.0,10.0,3.9930072613060474,True,tie_pass,False,False,False,False,False,False,6,6,,primary,global_gap_early_commit,1.0,1.0,1.0,10.0,3.935558990575373,True,tie_pass,False,False,False,False,False,False,6,6,,primary,global_gap_early_commit,1.0,1.0,1.0,10.0,3.9860612833872437,True,tie_pass,False,False,False,False,False
SingleLineInfilling/HumanEval/133/L2,7,<=8,False,True,True,True,False,2,7,7.0,14.0,1.1238436146785018,0.736806744935953,0.6556132324039866,0.62890625,7.0,7.0,1.0,1.0,0.5714285714285714,7.0,True,0.3870368697425488,0.3443867675960134,28,7.0,4.0,4.0,7.0,5.0,-0.1111111111111111,0.0,0.7704081632653061,0.8888888888888888,3,8,22,1.0,1.0,1.0,1.0,1.0,0.0,0.0,1.0,1.0,1.0,1.0,1.0,1.0,0.5714285714285714,global_gap_early_commit,False,7,7,,primary,global_gap_early_commit,1.0,1.0,1.0,8.0,3.875875925645232,True,tie_pass,False,False,False,False,False,False,7,7,,primary,global_gap_early_commit,1.0,1.0,1.0,8.0,3.820646431297064,True,tie_pass,False,False,False,False,False,False,7,7,,primary,global_gap_early_commit,1.0,1.0,1.0,8.0,3.8251455295830965,True,tie_pass,False,False,False,False,False
SingleLineInfilling/HumanEval/133/L3,9,9-12,False,False,False,False,False,4,7,7.0,13.0,0.9482430498849859,0.6606396539787002,0.6966986513202816,0.6621004566210046,7.0,7.0,0.765625,0.62890625,0.5714285714285714,6.0,True,0.2876033959062857,0.30330134867971836,28,7.0,4.0,4.0,7.0,5.0,-0.1111111111111111,0.0,0.7704081632653061,0.8888888888888888,3,8,22,0.84375,0.8671875,0.84375,0.8671875,0.8515625,0.0008680555555555555,0.0,0.62890625,0.62890625,0.69921875,0.765625,0.765625,0.810546875,0.5714285714285714,global_gap_early_commit,False,7,7,,primary,global_gap_early_commit,0.765625,0.810546875,0.8671875,8.0,3.518725724890828,False,tie_fail,False,False,False,False,False,False,7,7,,primary,global_gap_early_commit,0.765625,0.810546875,0.8671875,8.0,3.5112687023356557,False,tie_fail,False,False,False,False,False,False,7,7,,primary,global_gap_early_commit,0.765625,0.810546875,0.8671875,8.0,3.500720528885722,False,tie_fail,False,False,False,False,False
SingleLineInfilling/HumanEval/133/L4,4,<=8,False,True,True,True,False,2,3,3.0,13.0,0.9221033156888244,0.41688640233828317,0.45210378842078347,0.41402714932126694,3.0,3.0,0.99609375,0.9921875,0.3333333333333333,10.0,True,0.5052169133505413,0.5478962115792165,33,3.0,1.0,1.0,3.0,2.0,-0.0625,-0.3333333333333333,0.7575757575757576,0.9375,2,21,32,0.86328125,0.9765625,0.86328125,0.9765625,0.9765625,0.0035400390625,0.0,0.9453125,0.8125,0.9453125,0.9609375,0.86328125,0.9609375,0.3333333333333333,global_gap_early_commit,False,3,3,,primary,global_gap_early_commit,0.9609375,0.9609375,0.9765625,21.0,3.937602460384369,True,tie_pass,False,False,False,False,False,False,3,3,,primary,global_gap_early_commit,0.9609375,0.9609375,0.9765625,21.0,3.891189130023122,True,tie_pass,False,False,False,False,False,False,3,3,,primary,global_gap_early_commit,0.9609375,0.9609375,0.9765625,21.0,3.921438251622021,True,tie_pass,False,False,False,False,False
SingleLineInfilling/HumanEval/134/L1,12,9-12,False,False,False,False,False,2,7,5.0,13.0,1.0454529888117297,0.4761161644191322,0.45541613971594236,0.43004115226337447,5.0,7.0,0.8515625,0.73828125,0.5714285714285714,6.0,True,0.5693368243925975,0.5445838602840576,28,7.0,4.0,4.0,7.0,5.0,-0.1111111111111111,0.0,0.7704081632653061,0.8888888888888888,3,8,22,0.90625,0.9140625,0.90625,0.92578125,0.92578125,0.00028935185185185184,0.0,0.73828125,0.73828125,0.8359375,0.8515625,0.8515625,0.90234375,0.5714285714285714,global_gap_early_commit,False,7,7,,primary,global_gap_early_commit,0.8515625,0.90234375,0.92578125,8.0,2.874411353841424,False,tie_fail,False,False,False,False,False,False,7,7,,primary,global_gap_early_commit,0.8515625,0.90234375,0.92578125,8.0,2.8734737019985914,False,tie_fail,False,False,False,False,False,False,7,7,,primary,global_gap_early_commit,0.8515625,0.90234375,0.92578125,8.0,2.8632900966331363,False,tie_fail,False,False,False,False,False
SingleLineInfilling/HumanEval/134/L2,28,25+,True,False,False,False,True,4,3,3.0,13.0,0.4714826908273175,0.21983354003084332,0.4662600437040398,0.4269911504424779,3.0,3.0,,,0.0,10.0,True,0.25164915079647415,0.5337399562959602,54,3.0,0.0,0.0,3.0,2.0,-0.05660377358490566,-0.3333333333333333,0.5864197530864198,0.9433962264150944,2,21,53,0.44140625,0.8359375,0.44140625,0.8359375,0.62109375,0.007443985849056604,0.0,0.3671875,0.287109375,0.3203125,0.515625,0.4375,0.44140625,0.0,no_remaining_masks,True,32,3,32,rescue,no_remaining_masks,0.515625,0.44140625,0.8359375,21.0,7.656276158057153,False,tie_fail,False,False,False,True,False,True,24,3,24,rescue,no_remaining_masks,0.515625,0.44140625,0.8359375,21.0,5.967468107119203,False,tie_fail,False,False,False,True,False,True,24,3,24,rescue,no_remaining_masks,0.515625,0.44140625,0.8359375,21.0,6.385329466313124,False,tie_fail,False,False,False,True,False
SingleLineInfilling/HumanEval/135/L0,5,<=8,False,True,True,True,False,4,5,5.0,13.0,0.9421983726327934,0.646971247344658,0.6866613933293267,0.6484018264840182,5.0,5.0,0.84765625,0.71484375,0.6,8.0,True,0.29522712528813533,0.31333860667067326,28,5.0,3.0,3.0,5.0,4.0,-0.07407407407407407,0.0,0.7785714285714286,0.9259259259259259,3,12,19,0.85546875,0.90625,0.85546875,0.90625,0.86328125,0.001880787037037037,0.0,0.71484375,0.71484375,0.71484375,0.84765625,0.828125,0.84765625,0.6,global_gap_early_commit,False,5,5,,primary,global_gap_early_commit,0.84765625,0.84765625,0.90625,12.0,2.6492979675531387,True,tie_pass,False,False,False,False,False,False,5,5,,primary,global_gap_early_commit,0.84765625,0.84765625,0.90625,12.0,2.634949159808457,True,tie_pass,False,False,False,False,False,False,5,5,,primary,global_gap_early_commit,0.84765625,0.84765625,0.90625,12.0,2.8594568371772766,True,tie_pass,False,False,False,False,False
SingleLineInfilling/HumanEval/135/L1,5,<=8,False,True,True,True,False,1,5,5.0,15.0,1.0970802969011977,0.6295729751848951,0.5738622569042401,0.5372549019607843,5.0,5.0,0.9921875,0.98828125,0.6,10.0,True,0.4675073217163026,0.4261377430957599,28,5.0,3.0,3.0,5.0,4.0,-0.07407407407407407,0.0,0.7785714285714286,0.9259259259259259,3,12,19,0.99609375,0.99609375,0.99609375,0.99609375,0.99609375,0.0,0.0,0.98828125,0.98828125,0.9921875,0.9921875,0.9921875,0.99609375,0.6,global_gap_early_commit,False,5,5,,primary,global_gap_early_commit,0.9921875,0.99609375,0.99609375,12.0,2.478732915595174,True,tie_pass,False,False,False,False,False,False,5,5,,primary,global_gap_early_commit,0.9921875,0.99609375,0.99609375,12.0,2.477693815715611,True,tie_pass,False,False,False,False,False,False,5,5,,primary,global_gap_early_commit,0.9921875,0.99609375,0.99609375,12.0,2.461258800700307,True,tie_pass,False,False,False,False,False
SingleLineInfilling/HumanEval/135/L2,8,<=8,False,True,True,True,False,3,8,8.0,13.0,1.0886306085264315,0.8656657534893312,0.7951877769274693,0.7723577235772358,8.0,8.0,0.94140625,0.89453125,0.5,5.0,True,0.22296485503710028,0.20481222307253066,28,8.0,4.0,4.0,8.0,6.0,-0.14814814814814814,-0.3333333333333333,0.7767857142857143,0.8518518518518519,2,8,27,0.9609375,0.96484375,0.9609375,0.96484375,0.9609375,0.00014467592592592592,0.0,0.90234375,0.90234375,0.90625,0.9453125,0.9453125,0.94921875,0.5,global_gap_early_commit,False,8,8,,primary,global_gap_early_commit,0.9453125,0.94921875,0.96484375,8.0,2.6345536410808563,True,tie_pass,False,False,False,False,False,False,8,8,,primary,global_gap_early_commit,0.9453125,0.94921875,0.96484375,8.0,2.4341416731476784,True,tie_pass,False,False,False,False,False,False,8,8,,primary,global_gap_early_commit,0.9453125,0.94921875,0.96484375,8.0,2.4210253162309527,True,tie_pass,False,False,False,False,False
SingleLineInfilling/HumanEval/135/L3,11,9-12,False,False,True,True,False,4,11,11.0,13.0,0.9788211157259229,0.8337728046765663,0.8518132591144763,0.8061674008810573,11.0,11.0,0.9375,0.875,0.36363636363636365,2.0,True,0.14504831104935656,0.14818674088552375,40,11.0,4.0,4.0,11.0,7.5,-0.1794871794871795,-0.3333333333333333,0.6795454545454546,0.8205128205128205,2,5,37,0.84765625,0.9765625,0.82421875,0.9765625,0.84765625,0.0033052884615384615,0.05859375,0.875,0.44921875,0.65234375,0.9375,0.6796875,0.78125,0.36363636363636365,global_gap_early_commit,False,11,11,,primary,global_gap_early_commit,0.9375,0.78125,0.9765625,5.0,3.293467817828059,True,tie_pass,False,False,False,False,False,False,11,11,,primary,global_gap_early_commit,0.9375,0.78125,0.9765625,5.0,3.092831814661622,True,tie_pass,False,False,False,False,False,False,11,11,,primary,global_gap_early_commit,0.9375,0.78125,0.9765625,5.0,3.068682768382132,True,tie_pass,False,False,False,False,False
SingleLineInfilling/HumanEval/135/L4,4,<=8,False,True,False,False,False,0,7,7.0,15.0,1.0667734311206092,0.5629393391251799,0.5277028117712224,0.49,7.0,7.0,0.9609375,0.9296875,0.5714285714285714,8.0,True,0.5038340919954293,0.47229718822877764,28,7.0,4.0,4.0,7.0,5.0,-0.1111111111111111,0.0,0.7704081632653061,0.8888888888888888,3,8,22,0.94921875,0.9765625,0.94921875,0.9765625,0.9609375,0.0010127314814814814,0.0,0.9296875,0.90625,0.92578125,0.9609375,0.94140625,0.955078125,0.5714285714285714,global_gap_early_commit,False,7,7,,primary,global_gap_early_commit,0.9609375,0.955078125,0.9765625,8.0,2.4426905773580074,False,tie_fail,False,False,False,False,False,False,7,7,,primary,global_gap_early_commit,0.9609375,0.955078125,0.9765625,8.0,2.4850121857598424,False,tie_fail,False,False,False,False,False,False,7,7,,primary,global_gap_early_commit,0.9609375,0.955078125,0.9765625,8.0,2.4306610133498907,False,tie_fail,False,False,False,False,False
SingleLineInfilling/HumanEval/135/L5,5,<=8,False,True,False,False,False,3,8,8.0,13.0,1.1151825745880517,0.7608746359616754,0.6822870562183437,0.6549019607843137,8.0,8.0,1.0,0.99609375,0.5,5.0,True,0.35430793862637633,0.31771294378165627,28,8.0,4.0,4.0,8.0,6.0,-0.14814814814814814,-0.3333333333333333,0.7767857142857143,0.8518518518518519,2,8,27,0.984375,1.0,0.984375,1.0,0.9921875,0.0005787037037037037,0.0,0.99609375,0.97265625,0.98828125,1.0,0.98046875,0.9921875,0.5,global_gap_early_commit,False,8,8,,primary,global_gap_early_commit,1.0,0.9921875,1.0,8.0,2.5654277224093676,False,tie_fail,False,False,False,False,False,False,8,8,,primary,global_gap_early_commit,1.0,0.9921875,1.0,8.0,2.573402083478868,False,tie_fail,False,False,False,False,False,False,8,8,,primary,global_gap_early_commit,1.0,0.9921875,1.0,8.0,2.549279171973467,False,tie_fail,False,False,False,False,False
SingleLineInfilling/HumanEval/135/L6,4,<=8,False,True,True,True,False,4,3,3.0,13.0,0.9054136629161761,0.41688640233828317,0.46043749880642,0.4216589861751152,3.0,3.0,0.9453125,0.890625,0.3333333333333333,10.0,True,0.4885272605778929,0.5395625011935801,33,3.0,1.0,1.0,3.0,2.0,-0.0625,-0.3333333333333333,0.7575757575757576,0.9375,2,21,32,0.84765625,0.9375,0.84765625,0.9375,0.9375,0.0028076171875,0.0,0.8515625,0.77734375,0.8515625,0.91015625,0.84765625,0.91015625,0.3333333333333333,global_gap_early_commit,False,3,3,,primary,global_gap_early_commit,0.91015625,0.91015625,0.9375,21.0,2.7333220364525914,True,tie_pass,False,False,False,False,False,False,3,3,,primary,global_gap_early_commit,0.91015625,0.91015625,0.9375,21.0,2.7719518365338445,True,tie_pass,False,False,False,False,False,False,3,3,,primary,global_gap_early_commit,0.91015625,0.91015625,0.9375,21.0,2.6964611038565636,True,tie_pass,False,False,False,False,False
SingleLineInfilling/HumanEval/136/L0,16,13-16,False,False,True,True,False,4,16,16.0,16.0,1.1809926614295303,1.1809926614295303,1.0,1.0,16.0,16.0,0.9921875,0.98828125,0.375,0.0,False,0.0,0.0,40,16.0,6.0,6.0,16.0,11.0,-0.2564102564102564,-0.3333333333333333,0.6796875,0.7435897435897436,2,4,37,1.0,0.99609375,0.99609375,1.0,0.99609375,-0.00010016025641025641,0.0,0.98828125,0.98828125,0.9921875,0.9921875,0.9921875,0.99609375,0.375,global_gap_early_commit,False,16,16,,primary,global_gap_early_commit,0.9921875,0.99609375,1.0,4.0,4.1299298303201795,True,tie_pass,False,False,False,False,False,False,16,16,,primary,global_gap_early_commit,0.9921875,0.99609375,1.0,4.0,4.12606150470674,True,tie_pass,False,False,False,False,False,False,16,16,,primary,global_gap_early_commit,0.9921875,0.99609375,1.0,4.0,4.085857824422419,True,tie_pass,False,False,False,False,False
SingleLineInfilling/HumanEval/136/L1,16,13-16,False,False,True,True,False,1,16,16.0,16.0,1.1763794088458213,1.1763794088458213,1.0,1.0,16.0,16.0,0.9921875,0.984375,0.375,0.0,False,0.0,0.0,40,16.0,6.0,6.0,16.0,11.0,-0.2564102564102564,-0.3333333333333333,0.6796875,0.7435897435897436,2,4,37,0.99609375,0.99609375,0.9921875,0.99609375,0.9921875,0.0,0.0,0.984375,0.98046875,0.984375,0.9921875,0.9921875,0.9921875,0.375,global_gap_early_commit,False,16,16,,primary,global_gap_early_commit,0.9921875,0.9921875,0.99609375,4.0,4.12733811698854,True,tie_pass,False,False,False,False,False,False,16,16,,primary,global_gap_early_commit,0.9921875,0.9921875,0.99609375,4.0,4.149719787761569,True,tie_pass,False,False,False,False,False,False,16,16,,primary,global_gap_early_commit,0.9921875,0.9921875,0.99609375,4.0,4.086193241178989,True,tie_pass,False,False,False,False,False
SingleLineInfilling/HumanEval/136/L2,23,17-24,True,False,False,False,True,0,3,3.0,14.0,0.3942930467538186,0.21738087195315384,0.5513180456587612,0.5026455026455027,3.0,3.0,,,0.0,11.0,True,0.17691217480066476,0.4486819543412388,54,3.0,0.0,0.0,3.0,2.0,-0.05660377358490566,-0.3333333333333333,0.5864197530864198,0.9433962264150944,2,21,53,0.369140625,0.796875,0.369140625,0.796875,0.5859375,0.008070459905660377,0.0,0.044921875,0.044921875,0.09765625,0.392578125,0.369140625,0.3828125,0.0,no_remaining_masks,True,32,3,32,rescue,no_remaining_masks,0.392578125,0.3828125,0.796875,21.0,14.877700746059418,False,tie_fail,False,False,False,True,False,True,24,3,24,rescue,no_remaining_masks,0.392578125,0.3828125,0.796875,21.0,7.1956643387675285,False,tie_fail,False,False,False,True,False,True,24,3,24,rescue,no_remaining_masks,0.392578125,0.3828125,0.796875,21.0,14.787161750718951,False,tie_fail,False,False,False,True,False
SingleLineInfilling/HumanEval/137/L0,11,9-12,False,False,True,True,False,0,16,12.0,16.0,0.9522044443533147,0.9503300322440752,0.9980315024568988,0.9809523809523809,12.0,16.0,0.921875,0.89453125,0.375,0.0,False,0.0018744121092395538,0.001968497543101244,40,16.0,6.0,6.0,16.0,11.0,-0.2564102564102564,-0.3333333333333333,0.6796875,0.7435897435897436,2,4,37,0.8046875,0.97265625,0.72265625,0.9765625,0.96484375,0.004306891025641026,-0.001953125,0.89453125,0.62109375,0.921875,0.921875,0.703125,0.94140625,0.375,global_gap_early_commit,False,16,16,,primary,global_gap_early_commit,0.921875,0.94140625,0.9765625,4.0,8.60962637513876,True,tie_pass,False,False,False,False,False,False,16,16,,primary,global_gap_early_commit,0.921875,0.94140625,0.9765625,4.0,4.0262103555724025,True,tie_pass,False,False,False,False,False,False,16,16,,primary,global_gap_early_commit,0.921875,0.94140625,0.9765625,4.0,8.523387637920678,True,tie_pass,False,False,False,False,False
SingleLineInfilling/HumanEval/137/L1,19,17-24,True,False,True,True,False,4,20,20.0,20.0,0.9444374585798431,0.9444374585798431,1.0,1.0,20.0,20.0,0.96875,0.953125,0.35,0.0,False,0.0,0.0,41,20.0,7.0,7.0,20.0,13.0,-0.325,-0.3333333333333333,0.6719512195121952,0.675,2,3,40,0.7890625,0.98828125,0.7890625,0.98828125,0.90234375,0.00498046875,0.0,0.9609375,0.58203125,0.7734375,0.97265625,0.77734375,0.875,0.35,global_gap_early_commit,False,20,20,,primary,global_gap_early_commit,0.97265625,0.875,0.98828125,3.0,9.225021108984947,True,tie_pass,False,False,False,False,False,False,20,20,,primary,global_gap_early_commit,0.97265625,0.875,0.98828125,3.0,4.338030667044222,True,tie_pass,False,False,False,False,False,False,20,20,,primary,global_gap_early_commit,0.97265625,0.875,0.98828125,3.0,9.238380275666714,True,tie_pass,False,False,False,False,False
SingleLineInfilling/HumanEval/137/L2,19,17-24,True,False,True,True,False,2,20,20.0,20.0,1.131454777110505,1.131454777110505,1.0,1.0,20.0,20.0,0.9296875,0.89453125,0.35,0.0,False,0.0,0.0,41,20.0,7.0,7.0,20.0,13.0,-0.325,-0.3333333333333333,0.6719512195121952,0.675,2,3,40,0.9453125,0.97265625,0.94140625,0.98046875,0.9609375,0.00068359375,0.0,0.91015625,0.90234375,0.9140625,0.94140625,0.94140625,0.9453125,0.35,global_gap_early_commit,False,20,20,,primary,global_gap_early_commit,0.94140625,0.9453125,0.98046875,3.0,7.054531978443265,True,tie_pass,False,False,False,False,False,False,20,20,,primary,global_gap_early_commit,0.94140625,0.9453125,0.98046875,3.0,4.334845376200974,True,tie_pass,False,False,False,False,False,False,20,20,,primary,global_gap_early_commit,0.94140625,0.9453125,0.98046875,3.0,9.22291681356728,True,tie_pass,False,False,False,False,False
SingleLineInfilling/HumanEval/137/L3,14,13-16,False,False,False,False,False,4,11,11.0,14.0,1.13218479284427,0.8374884119458348,0.7397099989674828,0.7290836653386454,11.0,11.0,0.984375,0.96875,0.36363636363636365,3.0,True,0.2946963808984353,0.2602900010325172,40,11.0,4.0,4.0,11.0,7.5,-0.1794871794871795,-0.3333333333333333,0.6795454545454546,0.8205128205128205,2,5,37,0.98046875,0.9921875,0.98046875,0.9921875,0.98828125,0.00030048076923076925,0.0,0.96875,0.96875,0.96875,0.984375,0.9765625,0.982421875,0.36363636363636365,global_gap_early_commit,False,11,11,,primary,global_gap_early_commit,0.984375,0.982421875,0.9921875,5.0,4.471035267226398,False,tie_fail,False,False,False,False,False,False,11,11,,primary,global_gap_early_commit,0.984375,0.982421875,0.9921875,5.0,4.4677598206326365,False,tie_fail,False,False,False,False,False,False,11,11,,primary,global_gap_early_commit,0.984375,0.982421875,0.9921875,5.0,9.310890151187778,False,tie_fail,False,False,False,False,False
SingleLineInfilling/HumanEval/137/L4,17,17-24,True,False,False,False,True,2,12,12.0,14.0,0.8796555343073479,0.8420648513553748,0.9572665873334469,0.9484536082474226,12.0,12.0,0.8515625,0.71484375,0.3333333333333333,2.0,True,0.0375906829519731,0.04273341266655306,40,12.0,4.0,4.0,12.0,8.0,-0.20512820512820512,-0.3333333333333333,0.6791666666666667,0.7948717948717948,2,5,39,0.7578125,0.9375,0.7578125,0.9453125,0.9375,0.004607371794871795,0.0,0.7265625,0.68359375,0.81640625,0.85546875,0.7578125,0.90234375,0.3333333333333333,global_gap_early_commit,False,12,12,,primary,global_gap_early_commit,0.85546875,0.90234375,0.9453125,5.0,4.62560223788023,False,tie_fail,False,False,True,False,False,False,12,12,,primary,global_gap_early_commit,0.85546875,0.90234375,0.9453125,5.0,4.634664152748883,False,tie_fail,False,False,True,False,False,False,12,12,,primary,global_gap_early_commit,0.85546875,0.90234375,0.9453125,5.0,9.742001984268427,False,tie_fail,False,False,True,False,False
SingleLineInfilling/HumanEval/138/L0,14,13-16,False,False,False,False,False,2,3,3.0,16.0,0.45062062486150695,0.2375825080610188,0.5272339856482091,0.47685185185185186,3.0,3.0,,,0.0,13.0,True,0.21303811680048815,0.4727660143517909,54,3.0,0.0,0.0,3.0,2.0,-0.05660377358490566,-0.3333333333333333,0.5864197530864198,0.9433962264150944,2,21,53,0.421875,0.6875,0.421875,0.6875,0.4375,0.0050117924528301884,0.0,0.0087890625,0.0087890625,0.03125,0.07763671875,0.07763671875,0.15625,0.0,no_remaining_masks,True,32,3,32,rescue,no_remaining_masks,0.07763671875,0.15625,0.6875,21.0,4.903261665254831,False,tie_fail,False,False,False,False,False,True,24,3,24,rescue,no_remaining_masks,0.07763671875,0.15625,0.6875,21.0,5.020114340819418,False,tie_fail,False,False,False,False,False,True,24,3,24,rescue,no_remaining_masks,0.07763671875,0.15625,0.6875,21.0,11.6679532751441,False,tie_fail,False,False,False,False,False
SingleLineInfilling/HumanEval/139/L0,7,<=8,False,True,True,True,False,3,7,7.0,20.0,1.1238436146785018,0.9724900563594424,0.8653250716182989,0.8125,7.0,7.0,1.0,1.0,0.5714285714285714,13.0,True,0.1513535583190594,0.13467492838170114,28,7.0,4.0,4.0,7.0,5.0,-0.1111111111111111,0.0,0.7704081632653061,0.8888888888888888,3,8,22,1.0,1.0,1.0,1.0,1.0,0.0,0.0,1.0,0.99609375,1.0,1.0,1.0,1.0,0.5714285714285714,global_gap_early_commit,False,7,7,,primary,global_gap_early_commit,1.0,1.0,1.0,8.0,2.590923505835235,True,tie_pass,False,False,False,False,False,False,7,7,,primary,global_gap_early_commit,1.0,1.0,1.0,8.0,2.57439595926553,True,tie_pass,False,False,False,False,False,False,7,7,,primary,global_gap_early_commit,1.0,1.0,1.0,8.0,5.284849739633501,True,tie_pass,False,False,False,False,False
SingleLineInfilling/HumanEval/139/L1,8,<=8,False,True,True,True,False,3,8,8.0,14.0,1.1151825745880517,0.8237590937172145,0.7386764396148415,0.7142857142857143,8.0,8.0,0.95703125,0.91796875,0.5,6.0,True,0.29142348087083725,0.26132356038515847,28,8.0,4.0,4.0,8.0,6.0,-0.14814814814814814,-0.3333333333333333,0.7767857142857143,0.8518518518518519,2,8,27,0.984375,0.98046875,0.98046875,0.984375,0.98046875,-0.00014467592592592592,0.0,0.9453125,0.9453125,0.94921875,0.97265625,0.97265625,0.9765625,0.5,global_gap_early_commit,False,8,8,,primary,global_gap_early_commit,0.97265625,0.9765625,0.984375,8.0,2.464182123541832,True,tie_pass,False,False,False,False,False,False,8,8,,primary,global_gap_early_commit,0.97265625,0.9765625,0.984375,8.0,2.500654431991279,True,tie_pass,False,False,False,False,False,False,8,8,,primary,global_gap_early_commit,0.97265625,0.9765625,0.984375,8.0,5.11332006379962,True,tie_pass,False,False,False,False,False
SingleLineInfilling/HumanEval/139/L2,13,13-16,False,False,True,True,False,2,13,8.0,13.0,1.1328838852957985,1.1162532084467691,0.9853200517150201,0.95703125,8.0,13.0,0.98046875,0.9609375,0.3076923076923077,0.0,False,0.016630676849029413,0.014679948284979871,42,13.0,4.0,4.0,13.0,9.0,-0.21951219512195122,-0.3333333333333333,0.6648351648351648,0.7804878048780488,2,4,41,0.95703125,0.96875,0.95703125,0.96875,0.96484375,0.0002858231707317073,0.0,0.890625,0.890625,0.93359375,0.93359375,0.93359375,0.95703125,0.3076923076923077,global_gap_early_commit,False,13,13,,primary,global_gap_early_commit,0.93359375,0.95703125,0.96875,4.0,3.203683255240321,True,tie_pass,False,False,False,False,False,False,13,13,,primary,global_gap_early_commit,0.93359375,0.95703125,0.96875,4.0,3.218104704283178,True,tie_pass,False,False,False,False,False,False,13,13,,primary,global_gap_early_commit,0.93359375,0.95703125,0.96875,4.0,6.942748526111245,True,tie_pass,False,False,False,False,False
SingleLineInfilling/HumanEval/139/L3,6,<=8,False,True,True,True,False,4,6,6.0,13.0,1.109147462958082,0.7380939582382718,0.6654606198798713,0.6352941176470588,6.0,6.0,0.9921875,0.98828125,0.5,7.0,True,0.37105350471981013,0.33453938012012874,28,6.0,3.0,3.0,6.0,5.0,-0.1111111111111111,-0.3333333333333333,0.7738095238095238,0.8888888888888888,2,10,26,0.99609375,0.99609375,0.99609375,0.99609375,0.99609375,0.0,0.0,0.98828125,0.98828125,0.99609375,0.9921875,0.9921875,0.99609375,0.5,global_gap_early_commit,False,6,6,,primary,global_gap_early_commit,0.9921875,0.99609375,0.99609375,10.0,2.5037741353735328,True,tie_pass,False,False,False,False,False,False,6,6,,primary,global_gap_early_commit,0.9921875,0.99609375,0.99609375,10.0,2.525605196133256,True,tie_pass,False,False,False,False,False,False,6,6,,primary,global_gap_early_commit,0.9921875,0.99609375,0.99609375,10.0,5.251110812649131,True,tie_pass,False,False,False,False,False
SingleLineInfilling/HumanEval/139/L4,8,<=8,False,True,True,True,False,3,8,8.0,13.0,1.1328838852957985,0.7380939582382718,0.6515177484809521,0.6328125,8.0,8.0,1.0,0.99609375,0.5,5.0,True,0.3947899270575267,0.3484822515190479,28,8.0,4.0,4.0,8.0,6.0,-0.14814814814814814,-0.3333333333333333,0.7767857142857143,0.8518518518518519,2,8,27,1.0,1.0,1.0,1.0,1.0,0.0,0.0,0.99609375,0.99609375,1.0,1.0,1.0,1.0,0.5,global_gap_early_commit,False,8,8,,primary,global_gap_early_commit,1.0,1.0,1.0,8.0,2.4555412037298083,True,tie_pass,False,False,False,False,False,False,8,8,,primary,global_gap_early_commit,1.0,1.0,1.0,8.0,2.4890735233202577,True,tie_pass,False,False,False,False,False,False,8,8,,primary,global_gap_early_commit,1.0,1.0,1.0,8.0,5.172631229273975,True,tie_pass,False,False,False,False,False
SingleLineInfilling/HumanEval/139/L5,6,<=8,False,True,True,True,False,1,5,5.0,13.0,0.9206869942621817,0.4783942321914725,0.5196057239570839,0.49065420560747663,5.0,5.0,1.0,0.99609375,0.6,8.0,True,0.4422927620707092,0.48039427604291607,28,5.0,3.0,3.0,5.0,4.0,-0.07407407407407407,0.0,0.7785714285714286,0.9259259259259259,3,12,19,0.8359375,1.0,0.8359375,1.0,0.99609375,0.006076388888888889,0.0,0.99609375,0.77734375,0.98828125,1.0,0.8359375,0.9921875,0.6,global_gap_early_commit,False,5,5,,primary,global_gap_early_commit,1.0,0.9921875,1.0,12.0,2.5279641477391124,True,tie_pass,False,False,False,False,False,False,5,5,,primary,global_gap_early_commit,1.0,0.9921875,1.0,12.0,2.5163671113550663,True,tie_pass,False,False,False,False,False,False,5,5,,primary,global_gap_early_commit,1.0,0.9921875,1.0,12.0,5.3311798106879,True,tie_pass,False,False,False,False,False
SingleLineInfilling/HumanEval/14/L0,5,<=8,False,True,True,True,False,3,8,8.0,20.0,1.1063319192341783,0.5236484918858536,0.4733195190177031,0.4375,8.0,8.0,0.9921875,0.984375,0.5,12.0,True,0.5826834273483247,0.5266804809822969,28,8.0,4.0,4.0,8.0,6.0,-0.14814814814814814,-0.3333333333333333,0.7767857142857143,0.8518518518518519,2,8,27,0.9765625,0.9921875,0.9765625,0.9921875,0.98046875,0.0005787037037037037,0.0,0.984375,0.95703125,0.96484375,0.98828125,0.97265625,0.9765625,0.5,global_gap_early_commit,False,8,8,,primary,global_gap_early_commit,0.98828125,0.9765625,0.9921875,8.0,1.9061156678944826,True,tie_pass,False,False,False,False,False,False,8,8,,primary,global_gap_early_commit,0.98828125,0.9765625,0.9921875,8.0,2.073300060816109,True,tie_pass,False,False,False,False,False,False,8,8,,primary,global_gap_early_commit,0.98828125,0.9765625,0.9921875,8.0,1.8468242306262255,True,tie_pass,False,False,False,False,False
SingleLineInfilling/HumanEval/14/L2,9,9-12,False,False,True,True,False,0,9,9.0,13.0,1.1409183116147532,0.9203393800254995,0.8066654471720538,0.7890625,9.0,9.0,1.0,1.0,0.3333333333333333,4.0,True,0.22057893158925368,0.1933345528279462,40,9.0,3.0,3.0,9.0,6.0,-0.15384615384615385,-0.3333333333333333,0.6777777777777778,0.8461538461538461,2,7,39,1.0,0.98828125,0.98828125,1.0,0.9921875,-0.00030048076923076925,0.0,1.0,0.99609375,1.0,1.0,1.0,1.0,0.3333333333333333,global_gap_early_commit,False,9,9,,primary,global_gap_early_commit,1.0,1.0,1.0,7.0,2.5530556179583073,True,tie_pass,False,False,False,False,False,False,9,9,,primary,global_gap_early_commit,1.0,1.0,1.0,7.0,2.5253663696348667,True,tie_pass,False,False,False,False,False,False,9,9,,primary,global_gap_early_commit,1.0,1.0,1.0,7.0,2.2798263346776366,True,tie_pass,False,False,False,False,False
SingleLineInfilling/HumanEval/14/L3,10,9-12,False,False,False,False,False,2,9,9.0,13.0,1.1275481751505179,0.5831853497191284,0.5172154614513728,0.5059288537549407,9.0,9.0,0.99609375,0.99609375,0.3333333333333333,4.0,True,0.5443628254313895,0.48278453854862724,40,9.0,3.0,3.0,9.0,6.0,-0.15384615384615385,-0.3333333333333333,0.6777777777777778,0.8461538461538461,2,7,39,0.98828125,0.9921875,0.98828125,0.9921875,0.9921875,0.00010016025641025641,0.0,0.9765625,0.9765625,0.98046875,0.984375,0.984375,0.984375,0.3333333333333333,global_gap_early_commit,False,9,9,,primary,global_gap_early_commit,0.984375,0.984375,0.9921875,7.0,2.553536164574325,False,tie_fail,False,False,False,False,False,False,9,9,,primary,global_gap_early_commit,0.984375,0.984375,0.9921875,7.0,2.669458467513323,False,tie_fail,False,False,False,False,False,False,9,9,,primary,global_gap_early_commit,0.984375,0.984375,0.9921875,7.0,2.2649140413850546,False,tie_fail,False,False,False,False,False
SingleLineInfilling/HumanEval/14/L4,4,<=8,False,True,False,False,False,3,7,4.0,13.0,0.8023159727243162,0.4647258255574304,0.5792304296017236,0.5396825396825397,4.0,7.0,,,0.0,6.0,True,0.3375901471668858,0.42076957039827645,60,7.0,0.0,0.0,7.0,4.0,-0.11864406779661017,-0.3333333333333333,0.5261904761904762,0.8813559322033898,2,9,59,0.70703125,0.84375,0.66015625,0.84375,0.7578125,0.0023172669491525423,0.0,0.0,0.0,0.466796875,0.09228515625,0.09228515625,0.57421875,0.0,no_remaining_masks,False,7,7,,primary,no_remaining_masks,0.09228515625,0.57421875,0.84375,9.0,3.1777599900960922,False,tie_fail,False,False,False,False,False,False,7,7,,primary,no_remaining_masks,0.09228515625,0.57421875,0.84375,9.0,3.183733613230288,False,tie_fail,False,False,False,False,False,False,7,7,,primary,no_remaining_masks,0.09228515625,0.57421875,0.84375,9.0,2.8308116979897022,False,tie_fail,False,False,False,False,False
SingleLineInfilling/HumanEval/140/L0,6,<=8,False,True,True,True,False,3,6,6.0,13.0,1.1004482671701754,0.7472062293276333,0.6790016865118875,0.6482213438735178,6.0,6.0,0.98046875,0.9609375,0.5,7.0,True,0.35324203784254216,0.3209983134881125,28,6.0,3.0,3.0,6.0,5.0,-0.1111111111111111,-0.3333333333333333,0.7738095238095238,0.8888888888888888,2,10,26,0.98828125,0.98828125,0.98828125,0.98828125,0.98828125,0.0,0.0,0.9609375,0.9609375,0.97265625,0.98046875,0.98046875,0.984375,0.5,global_gap_early_commit,False,6,6,,primary,global_gap_early_commit,0.98046875,0.984375,0.98828125,10.0,4.725001385435462,True,tie_pass,False,False,False,False,False,False,6,6,,primary,global_gap_early_commit,0.98046875,0.984375,0.98828125,10.0,4.720865388400853,True,tie_pass,False,False,False,False,False,False,6,6,,primary,global_gap_early_commit,0.98046875,0.984375,0.98828125,10.0,9.58559964876622,True,tie_pass,False,False,False,False,False
SingleLineInfilling/HumanEval/140/L1,6,<=8,False,True,True,True,False,0,6,6.0,13.0,1.1134970608520351,0.7973237203191208,0.716053726903435,0.68359375,6.0,6.0,1.0,0.99609375,0.5,7.0,True,0.31617334053291435,0.28394627309656495,28,6.0,3.0,3.0,6.0,5.0,-0.1111111111111111,-0.3333333333333333,0.7738095238095238,0.8888888888888888,2,10,26,1.0,1.0,1.0,1.0,1.0,0.0,0.0,0.99609375,0.99609375,0.99609375,1.0,1.0,1.0,0.5,global_gap_early_commit,False,6,6,,primary,global_gap_early_commit,1.0,1.0,1.0,10.0,4.564633525907993,True,tie_pass,False,False,False,False,False,False,6,6,,primary,global_gap_early_commit,1.0,1.0,1.0,10.0,4.623319982551038,True,tie_pass,False,False,False,False,False,False,6,6,,primary,global_gap_early_commit,1.0,1.0,1.0,10.0,9.293460470624268,True,tie_pass,False,False,False,False,False
SingleLineInfilling/HumanEval/140/L10,14,13-16,False,False,False,False,False,3,10,10.0,14.0,1.1167587959090775,0.741383184345493,0.6638704678766226,0.6328125,10.0,10.0,0.91015625,0.8359375,0.3,4.0,True,0.37537561156358445,0.3361295321233774,42,10.0,3.0,3.0,10.0,7.0,-0.17073170731707318,-0.3333333333333333,0.6666666666666666,0.8292682926829268,2,6,41,0.97265625,0.97265625,0.97265625,0.984375,0.97265625,0.0,0.0,0.87890625,0.87890625,0.9453125,0.93359375,0.93359375,0.96875,0.3,global_gap_early_commit,False,10,10,,primary,global_gap_early_commit,0.93359375,0.96875,0.984375,6.0,5.4894156735390425,False,tie_fail,False,False,False,False,False,False,10,10,,primary,global_gap_early_commit,0.93359375,0.96875,0.984375,6.0,5.477665335871279,False,tie_fail,False,False,False,False,False,False,10,10,,primary,global_gap_early_commit,0.93359375,0.96875,0.984375,6.0,11.370274735614657,False,tie_fail,False,False,False,False,False
SingleLineInfilling/HumanEval/140/L11,4,<=8,False,True,True,True,False,0,4,4.0,24.0,1.086734862526058,0.7043020907300107,0.6480900861990362,0.58203125,4.0,4.0,1.0,1.0,0.5,20.0,True,0.3824327717960473,0.3519099138009638,28,4.0,2.0,2.0,4.0,3.0,-0.07407407407407407,0.0,0.7767857142857143,0.9259259259259259,3,14,23,1.0,1.0,1.0,1.0,1.0,0.0,0.0,1.0,1.0,1.0,1.0,1.0,1.0,0.5,global_gap_early_commit,False,4,4,,primary,global_gap_early_commit,1.0,1.0,1.0,14.0,4.429694031365216,True,tie_pass,False,False,False,False,False,False,4,4,,primary,global_gap_early_commit,1.0,1.0,1.0,14.0,4.428448934108019,True,tie_pass,False,False,False,False,False,False,4,4,,primary,global_gap_early_commit,1.0,1.0,1.0,14.0,8.902320707216859,True,tie_pass,False,False,False,False,False
SingleLineInfilling/HumanEval/140/L12,8,<=8,False,True,True,True,False,3,8,8.0,14.0,1.1328838852957985,0.681889472021472,0.6019058800924061,0.58203125,8.0,8.0,0.99609375,0.9921875,0.5,6.0,True,0.45099441327432654,0.3980941199075939,28,8.0,4.0,4.0,8.0,6.0,-0.14814814814814814,-0.3333333333333333,0.7767857142857143,0.8518518518518519,2,8,27,1.0,0.99609375,0.99609375,1.0,1.0,-0.00014467592592592592,0.0,0.9921875,0.9921875,0.99609375,0.99609375,0.99609375,0.998046875,0.5,global_gap_early_commit,False,8,8,,primary,global_gap_early_commit,0.99609375,0.998046875,1.0,8.0,4.243999842554331,True,tie_pass,False,False,False,False,False,False,8,8,,primary,global_gap_early_commit,0.99609375,0.998046875,1.0,8.0,4.266693064942956,True,tie_pass,False,False,False,False,False,False,8,8,,primary,global_gap_early_commit,0.99609375,0.998046875,1.0,8.0,8.729470879770815,True,tie_pass,False,False,False,False,False
SingleLineInfilling/HumanEval/140/L13,13,13-16,False,False,True,True,False,0,5,5.0,14.0,1.036848437463485,0.7139245478882525,0.6885524654256857,0.6473029045643154,5.0,5.0,0.96484375,0.9375,0.6,9.0,True,0.32292388957523244,0.3114475345743143,28,5.0,3.0,3.0,5.0,4.0,-0.07407407407407407,0.0,0.7785714285714286,0.9259259259259259,3,12,19,0.94140625,0.98046875,0.9375,0.98046875,0.94140625,0.0014467592592592592,0.0,0.9375,0.85546875,0.89453125,0.96484375,0.921875,0.94140625,0.6,global_gap_early_commit,False,5,5,,primary,global_gap_early_commit,0.96484375,0.94140625,0.98046875,12.0,4.555736999958754,True,tie_pass,False,False,False,False,False,False,5,5,,primary,global_gap_early_commit,0.96484375,0.94140625,0.98046875,12.0,4.594741256907582,True,tie_pass,False,False,False,False,False,False,5,5,,primary,global_gap_early_commit,0.96484375,0.94140625,0.98046875,12.0,9.31005661841482,True,tie_pass,False,False,False,False,False
SingleLineInfilling/HumanEval/140/L14,5,<=8,False,True,True,True,False,3,6,6.0,14.0,1.109147462958082,0.6864659114310121,0.6189131151237693,0.5882352941176471,6.0,6.0,0.9921875,0.984375,0.5,8.0,True,0.4226815515270699,0.38108688487623066,28,6.0,3.0,3.0,6.0,5.0,-0.1111111111111111,-0.3333333333333333,0.7738095238095238,0.8888888888888888,2,10,26,0.99609375,0.99609375,0.99609375,0.99609375,0.99609375,0.0,0.0,0.984375,0.984375,0.9921875,0.9921875,0.9921875,0.99609375,0.5,global_gap_early_commit,False,6,6,,primary,global_gap_early_commit,0.9921875,0.99609375,0.99609375,10.0,4.734251755289733,True,tie_pass,False,False,False,False,False,False,6,6,,primary,global_gap_early_commit,0.9921875,0.99609375,0.99609375,10.0,4.743747556582093,True,tie_pass,False,False,False,False,False,False,6,6,,primary,global_gap_early_commit,0.9921875,0.99609375,0.99609375,10.0,9.581095932982862,True,tie_pass,False,False,False,False,False
SingleLineInfilling/HumanEval/140/L15,10,9-12,False,False,True,True,False,3,10,10.0,15.0,1.1436686464129107,0.8869166730706917,0.7755014320384532,0.7568627450980392,10.0,10.0,0.9921875,0.984375,0.3,5.0,True,0.256751973342219,0.22449856796154677,42,10.0,3.0,3.0,10.0,7.0,-0.17073170731707318,-0.3333333333333333,0.6666666666666666,0.8292682926829268,2,6,41,0.99609375,0.99609375,0.99609375,0.99609375,0.99609375,0.0,0.0,0.98828125,0.98828125,0.9921875,0.9921875,0.9921875,0.99609375,0.3,global_gap_early_commit,False,10,10,,primary,global_gap_early_commit,0.9921875,0.99609375,0.99609375,6.0,8.723273303359747,True,tie_pass,False,False,False,False,False,False,10,10,,primary,global_gap_early_commit,0.9921875,0.99609375,0.99609375,6.0,5.684064308181405,True,tie_pass,False,False,False,False,False,False,10,10,,primary,global_gap_early_commit,0.9921875,0.99609375,0.99609375,6.0,11.803224832750857,True,tie_pass,False,False,False,False,False
SingleLineInfilling/HumanEval/140/L16,6,<=8,False,True,True,True,False,0,6,6.0,13.0,1.109147462958082,0.7563185004169947,0.6818917462966583,0.6509803921568628,6.0,6.0,0.99609375,0.9921875,0.5,7.0,True,0.3528289625410873,0.3181082537033417,28,6.0,3.0,3.0,6.0,5.0,-0.1111111111111111,-0.3333333333333333,0.7738095238095238,0.8888888888888888,2,10,26,0.99609375,0.99609375,0.99609375,0.99609375,0.99609375,0.0,0.0,0.9921875,0.9921875,0.9921875,0.99609375,0.99609375,0.99609375,0.5,global_gap_early_commit,False,6,6,,primary,global_gap_early_commit,0.99609375,0.99609375,0.99609375,10.0,9.598160367459059,True,tie_pass,False,False,False,False,False,False,6,6,,primary,global_gap_early_commit,0.99609375,0.99609375,0.99609375,10.0,4.5556236347183585,True,tie_pass,False,False,False,False,False,False,6,6,,primary,global_gap_early_commit,0.99609375,0.99609375,0.99609375,10.0,9.411180809140205,True,tie_pass,False,False,False,False,False
SingleLineInfilling/HumanEval/140/L17,10,9-12,False,False,True,True,False,0,10,10.0,24.0,1.1212437709930496,0.6948483713913528,0.6197121351906801,0.57421875,10.0,10.0,0.8984375,0.80859375,0.3,14.0,True,0.4263953996016968,0.38028786480931986,42,10.0,3.0,3.0,10.0,7.0,-0.17073170731707318,-0.3333333333333333,0.6666666666666666,0.8292682926829268,2,6,41,0.9765625,0.96875,0.96875,0.98046875,0.96875,-0.00019054878048780488,0.0,0.85546875,0.85546875,0.9375,0.921875,0.921875,0.9609375,0.3,global_gap_early_commit,False,10,10,,primary,global_gap_early_commit,0.921875,0.9609375,0.98046875,6.0,11.510025238618255,True,tie_pass,False,False,False,False,False,False,10,10,,primary,global_gap_early_commit,0.921875,0.9609375,0.98046875,6.0,5.492679972201586,True,tie_pass,False,False,False,False,False,False,10,10,,primary,global_gap_early_commit,0.921875,0.9609375,0.98046875,6.0,11.356052480638027,True,tie_pass,False,False,False,False,False
SingleLineInfilling/HumanEval/140/L18,6,<=8,False,True,True,True,False,1,11,11.0,24.0,1.1502275783876053,1.101358302953641,0.9575133857401771,0.9137254901960784,11.0,11.0,0.99609375,0.99609375,0.36363636363636365,13.0,True,0.048869275433964354,0.04248661425982292,40,11.0,4.0,4.0,11.0,7.5,-0.1794871794871795,-0.3333333333333333,0.6795454545454546,0.8205128205128205,2,5,37,0.99609375,0.984375,0.984375,1.0,1.0,-0.00030048076923076925,-0.0078125,0.99609375,0.99609375,0.99609375,0.99609375,0.99609375,1.0,0.36363636363636365,global_gap_early_commit,False,11,11,,primary,global_gap_early_commit,0.99609375,1.0,1.0,5.0,11.311661480925977,True,tie_pass,False,False,False,False,False,False,11,11,,primary,global_gap_early_commit,0.99609375,1.0,1.0,5.0,5.452477755956352,True,tie_pass,False,False,False,False,False,False,11,11,,primary,global_gap_early_commit,0.99609375,1.0,1.0,5.0,11.235399245284498,True,tie_pass,False,False,False,False,False
SingleLineInfilling/HumanEval/140/L19,5,<=8,False,True,False,False,False,3,7,7.0,13.0,0.8867828522072553,0.501174909914876,0.5651608042120141,0.5445544554455446,7.0,7.0,1.0,1.0,0.5714285714285714,6.0,True,0.38560794229237927,0.4348391957879859,28,7.0,4.0,4.0,7.0,5.0,-0.1111111111111111,0.0,0.7704081632653061,0.8888888888888888,3,8,22,0.7890625,1.0,0.7890625,1.0,0.935546875,0.0078125,0.0,1.0,0.7265625,0.896484375,1.0,0.7890625,0.92578125,0.5714285714285714,global_gap_early_commit,False,7,7,,primary,global_gap_early_commit,1.0,0.92578125,1.0,8.0,8.860465536825359,False,tie_fail,False,False,False,False,False,False,7,7,,primary,global_gap_early_commit,1.0,0.92578125,1.0,8.0,4.367302424274385,False,tie_fail,False,False,False,False,False,False,7,7,,primary,global_gap_early_commit,1.0,0.92578125,1.0,8.0,8.82867470011115,False,tie_fail,False,False,False,False,False
SingleLineInfilling/HumanEval/140/L2,11,9-12,False,False,True,True,False,3,8,8.0,14.0,1.1019065915572415,0.7688418208027336,0.6977377453711275,0.6746987951807228,8.0,8.0,0.9609375,0.921875,0.5,6.0,True,0.3330647707545079,0.30226225462887246,28,8.0,4.0,4.0,8.0,6.0,-0.14814814814814814,-0.3333333333333333,0.7767857142857143,0.8518518518518519,2,8,27,0.97265625,0.98046875,0.96875,0.98046875,0.97265625,0.00028935185185185184,0.0,0.9375,0.92578125,0.9375,0.96875,0.9609375,0.96875,0.5,global_gap_early_commit,False,8,8,,primary,global_gap_early_commit,0.96875,0.96875,0.98046875,8.0,4.572119744494557,True,tie_pass,False,False,False,False,False,False,8,8,,primary,global_gap_early_commit,0.96875,0.96875,0.98046875,8.0,4.565910401754081,True,tie_pass,False,False,False,False,False,False,8,8,,primary,global_gap_early_commit,0.96875,0.96875,0.98046875,8.0,9.236222313717008,True,tie_pass,False,False,False,False,False
SingleLineInfilling/HumanEval/140/L3,8,<=8,False,True,True,True,False,4,8,8.0,16.0,1.093055936203368,0.581269825547347,0.531784153303568,0.5141700404858299,8.0,8.0,0.9375,0.87890625,0.5,8.0,True,0.5117861106560211,0.468215846696432,28,8.0,4.0,4.0,8.0,6.0,-0.14814814814814814,-0.3333333333333333,0.7767857142857143,0.8518518518518519,2,8,27,0.96484375,0.97265625,0.96484375,0.97265625,0.96484375,0.00028935185185185184,0.0,0.9140625,0.91015625,0.9140625,0.953125,0.953125,0.953125,0.5,global_gap_early_commit,False,8,8,,primary,global_gap_early_commit,0.953125,0.953125,0.97265625,8.0,4.269523145630956,True,tie_pass,False,False,False,False,False,False,8,8,,primary,global_gap_early_commit,0.953125,0.953125,0.97265625,8.0,4.258425910025835,True,tie_pass,False,False,False,False,False,False,8,8,,primary,global_gap_early_commit,0.953125,0.953125,0.97265625,8.0,8.781611339189112,True,tie_pass,False,False,False,False,False
SingleLineInfilling/HumanEval/140/L4,9,9-12,False,False,True,True,False,0,9,9.0,15.0,1.0918944779125568,1.0753290233085069,0.9848287037445971,0.9551020408163265,9.0,9.0,0.88671875,0.77734375,0.3333333333333333,6.0,True,0.0165654546040499,0.015171296255402922,40,9.0,3.0,3.0,9.0,6.0,-0.15384615384615385,-0.3333333333333333,0.6777777777777778,0.8461538461538461,2,7,39,0.95703125,0.94921875,0.94921875,0.95703125,0.94921875,-0.00020032051282051281,0.0,0.7890625,0.7890625,0.87109375,0.88671875,0.88671875,0.9296875,0.3333333333333333,global_gap_early_commit,False,9,9,,primary,global_gap_early_commit,0.88671875,0.9296875,0.95703125,7.0,5.26856691762805,True,tie_pass,False,False,False,False,False,False,9,9,,primary,global_gap_early_commit,0.88671875,0.9296875,0.95703125,7.0,5.2874385844916105,True,tie_pass,False,False,False,False,False,False,9,9,,primary,global_gap_early_commit,0.88671875,0.9296875,0.95703125,7.0,10.785235268063843,True,tie_pass,False,False,False,False,False
SingleLineInfilling/HumanEval/140/L5,6,<=8,False,True,True,True,False,1,6,6.0,13.0,1.0830498755943623,0.883890295668054,0.8161122729301711,0.776,6.0,6.0,0.97265625,0.9609375,0.5,7.0,True,0.19915957992630828,0.18388772706982892,28,6.0,3.0,3.0,6.0,5.0,-0.1111111111111111,-0.3333333333333333,0.7738095238095238,0.8888888888888888,2,10,26,0.97265625,0.984375,0.97265625,0.984375,0.9765625,0.00043402777777777775,0.00390625,0.9609375,0.9453125,0.95703125,0.97265625,0.9609375,0.97265625,0.5,global_gap_early_commit,False,6,6,,primary,global_gap_early_commit,0.97265625,0.97265625,0.984375,10.0,4.81072025001049,True,tie_pass,False,False,False,False,False,False,6,6,,primary,global_gap_early_commit,0.97265625,0.97265625,0.984375,10.0,4.79896089527756,True,tie_pass,False,False,False,False,False,False,6,6,,primary,global_gap_early_commit,0.97265625,0.97265625,0.984375,10.0,9.780787758529186,True,tie_pass,False,False,False,False,False
SingleLineInfilling/HumanEval/140/L6,4,<=8,False,True,True,True,False,2,4,4.0,14.0,1.086734862526058,0.6590072749737717,0.606410356102816,0.5625,4.0,4.0,1.0,1.0,0.5,10.0,True,0.42772758755228635,0.393589643897184,28,4.0,2.0,2.0,4.0,3.0,-0.07407407407407407,0.0,0.7767857142857143,0.9259259259259259,3,14,23,1.0,1.0,1.0,1.0,1.0,0.0,0.0,1.0,1.0,1.0,1.0,1.0,1.0,0.5,global_gap_early_commit,False,4,4,,primary,global_gap_early_commit,1.0,1.0,1.0,14.0,4.6543155033141375,True,tie_pass,False,False,False,False,False,False,4,4,,primary,global_gap_early_commit,1.0,1.0,1.0,14.0,4.66662569064647,True,tie_pass,False,False,False,False,False,False,4,4,,primary,global_gap_early_commit,1.0,1.0,1.0,14.0,9.470887092873454,True,tie_pass,False,False,False,False,False
SingleLineInfilling/HumanEval/140/L7,10,9-12,False,False,True,True,False,2,10,10.0,13.0,1.1436686464129107,0.8155482624978436,0.7130983830463405,0.7019607843137254,10.0,10.0,0.9921875,0.98828125,0.3,3.0,True,0.32812038391506704,0.28690161695365946,42,10.0,3.0,3.0,10.0,7.0,-0.17073170731707318,-0.3333333333333333,0.6666666666666666,0.8292682926829268,2,6,41,0.99609375,1.0,0.99609375,1.0,0.99609375,9.527439024390244e-05,0.0,0.9921875,0.9921875,0.99609375,0.99609375,0.99609375,0.99609375,0.3,global_gap_early_commit,False,10,10,,primary,global_gap_early_commit,0.99609375,0.99609375,1.0,6.0,5.499289954081178,True,tie_pass,False,False,False,False,False,False,10,10,,primary,global_gap_early_commit,0.99609375,0.99609375,1.0,6.0,5.4819971630349755,True,tie_pass,False,False,False,False,False,False,10,10,,primary,global_gap_early_commit,0.99609375,0.99609375,1.0,6.0,11.359868073835969,True,tie_pass,False,False,False,False,False
SingleLineInfilling/HumanEval/140/L8,10,9-12,False,False,False,False,False,2,6,6.0,14.0,1.1134970608520351,0.9930873518701975,0.8918634694107755,0.84765625,6.0,6.0,0.99609375,0.9921875,0.5,8.0,True,0.12040970898183767,0.10813653058922446,28,6.0,3.0,3.0,6.0,5.0,-0.1111111111111111,-0.3333333333333333,0.7738095238095238,0.8888888888888888,2,10,26,1.0,1.0,1.0,1.0,1.0,0.0,0.0,0.9921875,0.9921875,0.99609375,0.99609375,0.99609375,1.0,0.5,global_gap_early_commit,False,6,6,,primary,global_gap_early_commit,0.99609375,1.0,1.0,10.0,4.716857668012381,False,tie_fail,False,False,False,False,False,False,6,6,,primary,global_gap_early_commit,0.99609375,1.0,1.0,10.0,4.727791451849043,False,tie_fail,False,False,False,False,False,False,6,6,,primary,global_gap_early_commit,0.99609375,1.0,1.0,10.0,9.641582820564508,False,tie_fail,False,False,False,False,False
SingleLineInfilling/HumanEval/140/L9,10,9-12,False,False,True,True,False,4,10,10.0,16.0,1.1391836713289385,0.7750264340631292,0.6803349218998249,0.6614173228346457,10.0,10.0,0.97265625,0.953125,0.3,6.0,True,0.3641572372658093,0.3196650781001751,42,10.0,3.0,3.0,10.0,7.0,-0.17073170731707318,-0.3333333333333333,0.6666666666666666,0.8292682926829268,2,6,41,0.9921875,0.9921875,0.9921875,0.9921875,0.9921875,0.0,0.0,0.9609375,0.9609375,0.98046875,0.98046875,0.98046875,0.98828125,0.3,global_gap_early_commit,False,10,10,,primary,global_gap_early_commit,0.98046875,0.98828125,0.9921875,6.0,5.482157283462584,True,tie_pass,False,False,False,False,False,False,10,10,,primary,global_gap_early_commit,0.98046875,0.98828125,0.9921875,6.0,5.496038720943034,True,tie_pass,False,False,False,False,False,False,10,10,,primary,global_gap_early_commit,0.98046875,0.98828125,0.9921875,6.0,11.331347460858524,True,tie_pass,False,False,False,False,False
SingleLineInfilling/HumanEval/141/L0,14,13-16,False,False,True,True,False,3,14,14.0,14.0,1.1303805341564,1.1303805341564,1.0,1.0,14.0,14.0,0.95703125,0.9296875,0.35714285714285715,0.0,False,0.0,0.0,40,14.0,5.0,5.0,14.0,9.5,-0.23076923076923078,-0.3333333333333333,0.6785714285714286,0.7692307692307693,2,4,38,0.96484375,0.98046875,0.9609375,0.98046875,0.96484375,0.00040064102564102563,0.001953125,0.9296875,0.90234375,0.9375,0.95703125,0.94140625,0.9609375,0.35714285714285715,global_gap_early_commit,False,14,14,,primary,global_gap_early_commit,0.95703125,0.9609375,0.98046875,4.0,11.701696880161762,True,tie_pass,False,False,False,False,False,False,14,14,,primary,global_gap_early_commit,0.95703125,0.9609375,0.98046875,4.0,5.665497123263776,True,tie_pass,False,False,False,False,False,False,14,14,,primary,global_gap_early_commit,0.95703125,0.9609375,0.98046875,4.0,11.583221309818327,True,tie_pass,False,False,False,False,False
SingleLineInfilling/HumanEval/141/L1,12,9-12,False,False,True,True,False,1,9,9.0,14.0,1.1275481751505179,0.7551125025741133,0.669694226123254,0.6521739130434783,9.0,9.0,0.96875,0.9453125,0.3333333333333333,5.0,True,0.37243567257640453,0.330305773876746,40,9.0,3.0,3.0,9.0,6.0,-0.15384615384615385,-0.3333333333333333,0.6777777777777778,0.8461538461538461,2,7,39,0.98828125,0.98828125,0.98828125,0.98828125,0.98828125,0.0,0.0,0.95703125,0.95703125,0.96875,0.9765625,0.9765625,0.984375,0.3333333333333333,global_gap_early_commit,False,9,9,,primary,global_gap_early_commit,0.9765625,0.984375,0.98828125,7.0,11.625188344158232,True,tie_pass,False,False,False,False,False,False,9,9,,primary,global_gap_early_commit,0.9765625,0.984375,0.98828125,7.0,5.693596528843045,True,tie_pass,False,False,False,False,False,False,9,9,,primary,global_gap_early_commit,0.9765625,0.984375,0.98828125,7.0,11.63246590550989,True,tie_pass,False,False,False,False,False
SingleLineInfilling/HumanEval/141/L10,20,17-24,True,False,False,False,True,0,9,9.0,14.0,0.9581931132702028,0.7779946996218137,0.811939356323077,0.7906976744186046,9.0,9.0,0.77734375,0.625,0.3333333333333333,5.0,True,0.18019841364838918,0.188060643676923,40,9.0,3.0,3.0,9.0,6.0,-0.15384615384615385,-0.3333333333333333,0.6777777777777778,0.8461538461538461,2,7,39,0.83984375,0.94140625,0.80859375,0.94140625,0.81640625,0.0026041666666666665,0.0,0.796875,0.47265625,0.640625,0.87109375,0.6640625,0.76171875,0.3333333333333333,global_gap_early_commit,False,9,9,,primary,global_gap_early_commit,0.87109375,0.76171875,0.94140625,7.0,11.600656421855092,False,tie_fail,False,False,True,False,False,False,9,9,,primary,global_gap_early_commit,0.87109375,0.76171875,0.94140625,7.0,5.501887676306069,False,tie_fail,False,False,True,False,False,False,9,9,,primary,global_gap_early_commit,0.87109375,0.76171875,0.94140625,7.0,5.471007382497191,False,tie_fail,False,False,True,False,False
SingleLineInfilling/HumanEval/141/L11,8,<=8,False,True,True,True,False,4,8,8.0,13.0,1.1151825745880517,0.8565534823999699,0.7680836321499918,0.746031746031746,8.0,8.0,0.9765625,0.953125,0.5,5.0,True,0.25862909218808183,0.23191636785000824,28,8.0,4.0,4.0,8.0,6.0,-0.14814814814814814,-0.3333333333333333,0.7767857142857143,0.8518518518518519,2,8,27,0.984375,0.984375,0.984375,0.984375,0.984375,0.0,0.0,0.9609375,0.9609375,0.96875,0.9765625,0.9765625,0.98046875,0.5,global_gap_early_commit,False,8,8,,primary,global_gap_early_commit,0.9765625,0.98046875,0.984375,8.0,9.406080138869584,True,tie_pass,False,False,False,False,False,False,8,8,,primary,global_gap_early_commit,0.9765625,0.98046875,0.984375,8.0,4.590351136401296,True,tie_pass,False,False,False,False,False,False,8,8,,primary,global_gap_early_commit,0.9765625,0.98046875,0.984375,8.0,4.633302954956889,True,tie_pass,False,False,False,False,False
SingleLineInfilling/HumanEval/141/L12,6,<=8,False,True,True,True,False,1,6,6.0,20.0,1.1134970608520351,1.0613232826615069,0.9531442156204656,0.88671875,6.0,6.0,1.0,1.0,0.5,14.0,True,0.052173778190528264,0.046855784379534415,28,6.0,3.0,3.0,6.0,5.0,-0.1111111111111111,-0.3333333333333333,0.7738095238095238,0.8888888888888888,2,10,26,1.0,1.0,1.0,1.0,1.0,0.0,0.0,1.0,1.0,1.0,1.0,1.0,1.0,0.5,global_gap_early_commit,False,6,6,,primary,global_gap_early_commit,1.0,1.0,1.0,10.0,9.339389390312135,True,tie_pass,False,False,False,False,False,False,6,6,,primary,global_gap_early_commit,1.0,1.0,1.0,10.0,4.643440810032189,True,tie_pass,False,False,False,False,False,False,6,6,,primary,global_gap_early_commit,1.0,1.0,1.0,10.0,4.635997989214957,True,tie_pass,False,False,False,False,False
SingleLineInfilling/HumanEval/141/L13,6,<=8,False,True,True,True,False,4,5,5.0,13.0,0.9335938212845487,0.4875065032808339,0.5221826582036124,0.4930875576036866,5.0,5.0,0.98828125,0.98046875,0.6,8.0,True,0.4460873180037148,0.4778173417963876,28,5.0,3.0,3.0,5.0,4.0,-0.07407407407407407,0.0,0.7785714285714286,0.9259259259259259,3,12,19,0.84765625,0.9921875,0.84765625,0.9921875,0.875,0.00535300925925926,0.0,0.98046875,0.81640625,0.81640625,0.98828125,0.84375,0.84765625,0.6,global_gap_early_commit,False,5,5,,primary,global_gap_early_commit,0.98828125,0.84765625,0.9921875,12.0,9.915736042894423,True,tie_pass,False,False,False,False,False,False,5,5,,primary,global_gap_early_commit,0.98828125,0.84765625,0.9921875,12.0,4.883858168497682,True,tie_pass,False,False,False,False,False,False,5,5,,primary,global_gap_early_commit,0.98828125,0.84765625,0.9921875,12.0,4.875443470664322,True,tie_pass,False,False,False,False,False
SingleLineInfilling/HumanEval/141/L2,11,9-12,False,False,True,True,False,0,11,11.0,15.0,1.118652703686769,0.7812219400104538,0.6983596762746498,0.6640625,11.0,11.0,0.9609375,0.93359375,0.36363636363636365,4.0,True,0.3374307636763153,0.3016403237253502,40,11.0,4.0,4.0,11.0,7.5,-0.1794871794871795,-0.3333333333333333,0.6795454545454546,0.8205128205128205,2,5,37,0.96875,0.984375,0.96484375,0.984375,0.96875,0.00040064102564102563,0.0,0.93359375,0.91796875,0.939453125,0.9609375,0.94921875,0.96484375,0.36363636363636365,global_gap_early_commit,False,11,11,,primary,global_gap_early_commit,0.9609375,0.96484375,0.984375,5.0,12.046554379165173,True,tie_pass,False,False,False,False,False,False,11,11,,primary,global_gap_early_commit,0.9609375,0.96484375,0.984375,5.0,5.875627481378615,True,tie_pass,False,False,False,False,False,False,11,11,,primary,global_gap_early_commit,0.9609375,0.96484375,0.984375,5.0,12.077462954446673,True,tie_pass,False,False,False,False,False
SingleLineInfilling/HumanEval/141/L3,6,<=8,False,True,True,True,False,1,6,6.0,24.0,1.1134970608520351,0.8555616001485364,0.768355508270377,0.70703125,6.0,6.0,1.0,1.0,0.5,18.0,True,0.2579354607034987,0.23164449172962298,28,6.0,3.0,3.0,6.0,5.0,-0.1111111111111111,-0.3333333333333333,0.7738095238095238,0.8888888888888888,2,10,26,1.0,1.0,1.0,1.0,1.0,0.0,0.0,1.0,1.0,1.0,1.0,1.0,1.0,0.5,global_gap_early_commit,False,6,6,,primary,global_gap_early_commit,1.0,1.0,1.0,10.0,9.805604696273804,True,tie_pass,False,False,False,False,False,False,6,6,,primary,global_gap_early_commit,1.0,1.0,1.0,10.0,4.7882782043889165,True,tie_pass,False,False,False,False,False,False,6,6,,primary,global_gap_early_commit,1.0,1.0,1.0,10.0,9.709410750307143,True,tie_pass,False,False,False,False,False
SingleLineInfilling/HumanEval/141/L4,12,9-12,False,False,True,True,False,0,12,12.0,14.0,1.1018365713231213,0.8649470484030752,0.7850048463760997,0.7529880478087649,12.0,12.0,0.9921875,0.98046875,0.3333333333333333,2.0,True,0.23688952292004606,0.21499515362390031,40,12.0,4.0,4.0,12.0,8.0,-0.20512820512820512,-0.3333333333333333,0.6791666666666667,0.7948717948717948,2,5,39,0.94921875,0.8359375,0.8359375,0.97265625,0.94921875,-0.002904647435897436,0.0,0.2265625,0.2265625,0.8984375,0.60546875,0.60546875,0.94140625,0.3333333333333333,global_gap_early_commit,False,12,12,,primary,global_gap_early_commit,0.60546875,0.94140625,0.97265625,5.0,12.145010747015476,True,tie_pass,False,False,False,False,False,False,12,12,,primary,global_gap_early_commit,0.60546875,0.94140625,0.97265625,5.0,5.910678164102137,True,tie_pass,False,False,False,False,False,False,12,12,,primary,global_gap_early_commit,0.60546875,0.94140625,0.97265625,5.0,6.989666391164064,True,tie_pass,False,False,False,False,False
SingleLineInfilling/HumanEval/141/L5,6,<=8,False,True,True,True,False,4,6,6.0,16.0,1.1134970608520351,0.9503300322440752,0.8534643383044888,0.8046875,6.0,6.0,1.0,1.0,0.5,10.0,True,0.16316702860795995,0.14653566169551124,28,6.0,3.0,3.0,6.0,5.0,-0.1111111111111111,-0.3333333333333333,0.7738095238095238,0.8888888888888888,2,10,26,1.0,1.0,1.0,1.0,1.0,0.0,0.0,1.0,1.0,1.0,1.0,1.0,1.0,0.5,global_gap_early_commit,False,6,6,,primary,global_gap_early_commit,1.0,1.0,1.0,10.0,9.395195442251861,True,tie_pass,False,False,False,False,False,False,6,6,,primary,global_gap_early_commit,1.0,1.0,1.0,10.0,4.6531980484724045,True,tie_pass,False,False,False,False,False,False,6,6,,primary,global_gap_early_commit,1.0,1.0,1.0,10.0,4.63463940937072,True,tie_pass,False,False,False,False,False
SingleLineInfilling/HumanEval/141/L6,13,13-16,False,False,True,True,False,1,8,8.0,13.0,1.1328838852957985,1.0934725307233657,0.9652114792310401,0.9375,8.0,8.0,1.0,1.0,0.5,5.0,True,0.03941135457243283,0.034788520768959885,28,8.0,4.0,4.0,8.0,6.0,-0.14814814814814814,-0.3333333333333333,0.7767857142857143,0.8518518518518519,2,8,27,1.0,1.0,1.0,1.0,1.0,0.0,0.0,1.0,1.0,1.0,1.0,1.0,1.0,0.5,global_gap_early_commit,False,8,8,,primary,global_gap_early_commit,1.0,1.0,1.0,8.0,9.333820702508092,True,tie_pass,False,False,False,False,False,False,8,8,,primary,global_gap_early_commit,1.0,1.0,1.0,8.0,4.591768029145896,True,tie_pass,False,False,False,False,False,False,8,8,,primary,global_gap_early_commit,1.0,1.0,1.0,8.0,4.57519996073097,True,tie_pass,False,False,False,False,False
SingleLineInfilling/HumanEval/141/L7,6,<=8,False,True,True,True,False,4,6,6.0,24.0,1.1134970608520351,0.893376477503168,0.8023159727243164,0.73828125,6.0,6.0,1.0,1.0,0.5,18.0,True,0.2201205833488672,0.19768402727568357,28,6.0,3.0,3.0,6.0,5.0,-0.1111111111111111,-0.3333333333333333,0.7738095238095238,0.8888888888888888,2,10,26,1.0,1.0,1.0,1.0,1.0,0.0,0.0,1.0,1.0,1.0,1.0,1.0,1.0,0.5,global_gap_early_commit,False,6,6,,primary,global_gap_early_commit,1.0,1.0,1.0,10.0,9.856853744015098,True,tie_pass,False,False,False,False,False,False,6,6,,primary,global_gap_early_commit,1.0,1.0,1.0,10.0,4.789388667792082,True,tie_pass,False,False,False,False,False,False,6,6,,primary,global_gap_early_commit,1.0,1.0,1.0,10.0,4.836166741326451,True,tie_pass,False,False,False,False,False
SingleLineInfilling/HumanEval/141/L8,13,13-16,False,False,True,True,False,2,13,11.0,13.0,1.1141420073009352,1.0980286662680465,0.9855374441253463,0.9757085020242915,11.0,13.0,0.9921875,0.98828125,0.3076923076923077,0.0,False,0.01611334103288864,0.014462555874653726,42,13.0,4.0,4.0,13.0,9.0,-0.21951219512195122,-0.3333333333333333,0.6648351648351648,0.7804878048780488,2,4,41,0.94140625,1.0,0.94140625,1.0,0.984375,0.0014291158536585366,0.0,0.9921875,0.89453125,0.9609375,0.99609375,0.93359375,0.9765625,0.3076923076923077,global_gap_early_commit,False,13,13,,primary,global_gap_early_commit,0.99609375,0.9765625,1.0,4.0,11.250486684031785,True,tie_pass,False,False,False,False,False,False,13,13,,primary,global_gap_early_commit,0.99609375,0.9765625,1.0,4.0,5.351745736785233,True,tie_pass,False,False,False,False,False,False,13,13,,primary,global_gap_early_commit,0.99609375,0.9765625,1.0,4.0,5.359303711913526,True,tie_pass,False,False,False,False,False
SingleLineInfilling/HumanEval/141/L9,6,<=8,False,True,True,True,False,4,6,6.0,24.0,1.1134970608520351,0.7988392841165893,0.7174148115894682,0.6796875,6.0,6.0,1.0,1.0,0.5,18.0,True,0.3146577767354458,0.2825851884105318,28,6.0,3.0,3.0,6.0,5.0,-0.1111111111111111,-0.3333333333333333,0.7738095238095238,0.8888888888888888,2,10,26,1.0,1.0,1.0,1.0,1.0,0.0,0.0,1.0,1.0,1.0,1.0,1.0,1.0,0.5,global_gap_early_commit,False,6,6,,primary,global_gap_early_commit,1.0,1.0,1.0,10.0,9.524475736543536,True,tie_pass,False,False,False,False,False,False,6,6,,primary,global_gap_early_commit,1.0,1.0,1.0,10.0,4.654625327326357,True,tie_pass,False,False,False,False,False,False,6,6,,primary,global_gap_early_commit,1.0,1.0,1.0,10.0,4.641435275785625,True,tie_pass,False,False,False,False,False
SingleLineInfilling/HumanEval/142/L0,5,<=8,False,True,True,True,False,4,5,5.0,13.0,1.0927780212270755,0.7107571449701877,0.6504131041838505,0.6141732283464567,5.0,5.0,0.98828125,0.98046875,0.6,8.0,True,0.38202087625688774,0.34958689581614955,28,5.0,3.0,3.0,5.0,4.0,-0.07407407407407407,0.0,0.7785714285714286,0.9259259259259259,3,12,19,0.9921875,0.9921875,0.9921875,0.9921875,0.9921875,0.0,0.0,0.98046875,0.98046875,0.98046875,0.98828125,0.98828125,0.98828125,0.6,global_gap_early_commit,False,5,5,,primary,global_gap_early_commit,0.98828125,0.98828125,0.9921875,12.0,9.273685429245234,True,tie_pass,False,False,False,False,False,False,5,5,,primary,global_gap_early_commit,0.98828125,0.98828125,0.9921875,12.0,4.612183413468301,True,tie_pass,False,False,False,False,False,False,5,5,,primary,global_gap_early_commit,0.98828125,0.98828125,0.9921875,12.0,4.5519650634378195,True,tie_pass,False,False,False,False,False
SingleLineInfilling/HumanEval/142/L1,10,9-12,False,False,True,True,False,4,10,10.0,13.0,1.1481536214968828,0.9522323288382644,0.8293596875972138,0.81640625,10.0,10.0,1.0,1.0,0.3,3.0,True,0.19592129265861846,0.1706403124027862,42,10.0,3.0,3.0,10.0,7.0,-0.17073170731707318,-0.3333333333333333,0.6666666666666666,0.8292682926829268,2,6,41,1.0,0.94140625,0.94140625,1.0,1.0,-0.0014291158536585366,0.0,1.0,1.0,1.0,1.0,1.0,1.0,0.3,global_gap_early_commit,False,10,10,,primary,global_gap_early_commit,1.0,1.0,1.0,6.0,10.549022008664906,True,tie_pass,False,False,False,False,False,False,10,10,,primary,global_gap_early_commit,1.0,1.0,1.0,6.0,5.147982099093497,True,tie_pass,False,False,False,False,False,False,10,10,,primary,global_gap_early_commit,1.0,1.0,1.0,6.0,5.093717387877405,True,tie_pass,False,False,False,False,False
SingleLineInfilling/HumanEval/142/L2,10,9-12,False,False,True,True,False,1,11,11.0,13.0,1.136695489230104,0.9476761932935837,0.833711580869785,0.8253968253968254,11.0,11.0,0.98828125,0.9765625,0.36363636363636365,2.0,True,0.18901929593652034,0.16628841913021497,40,11.0,4.0,4.0,11.0,7.5,-0.1794871794871795,-0.3333333333333333,0.6795454545454546,0.8205128205128205,2,5,37,0.984375,0.99609375,0.984375,0.99609375,0.984375,0.00030048076923076925,0.0,0.9765625,0.96875,0.9765625,0.98828125,0.98046875,0.984375,0.36363636363636365,global_gap_early_commit,False,11,11,,primary,global_gap_early_commit,0.98828125,0.984375,0.99609375,5.0,10.480793538503349,True,tie_pass,False,False,False,False,False,False,11,11,,primary,global_gap_early_commit,0.98828125,0.984375,0.99609375,5.0,5.064762321300805,True,tie_pass,False,False,False,False,False,False,11,11,,primary,global_gap_early_commit,0.98828125,0.984375,0.99609375,5.0,5.040853598155081,True,tie_pass,False,False,False,False,False
SingleLineInfilling/HumanEval/142/L3,11,9-12,False,False,True,True,False,4,11,11.0,13.0,1.1502275783876053,0.7563185004169947,0.6575381382154005,0.6509803921568628,11.0,11.0,1.0,0.99609375,0.36363636363636365,2.0,True,0.3939090779706106,0.3424618617845995,40,11.0,4.0,4.0,11.0,7.5,-0.1794871794871795,-0.3333333333333333,0.6795454545454546,0.8205128205128205,2,5,37,0.99609375,1.0,0.99609375,1.0,1.0,0.00010016025641025641,0.0,0.99609375,0.9921875,0.99609375,1.0,0.99609375,0.99609375,0.36363636363636365,global_gap_early_commit,False,11,11,,primary,global_gap_early_commit,1.0,0.99609375,1.0,5.0,10.420447307638824,True,tie_pass,False,False,False,False,False,False,11,11,,primary,global_gap_early_commit,1.0,0.99609375,1.0,5.0,5.051138755865395,True,tie_pass,False,False,False,False,False,False,11,11,,primary,global_gap_early_commit,1.0,0.99609375,1.0,5.0,5.013180802576244,True,tie_pass,False,False,False,False,False
SingleLineInfilling/HumanEval/142/L4,18,17-24,True,False,True,True,False,1,10,10.0,15.0,1.1167587959090775,0.9190846353064162,0.8229929673920784,0.8032128514056225,10.0,10.0,0.90625,0.80859375,0.3,5.0,True,0.1976741606026613,0.1770070326079216,42,10.0,3.0,3.0,10.0,7.0,-0.17073170731707318,-0.3333333333333333,0.6666666666666666,0.8292682926829268,2,6,41,0.97265625,0.97265625,0.96875,0.9765625,0.97265625,0.0,0.0,0.8671875,0.8671875,0.93359375,0.93359375,0.93359375,0.96484375,0.3,global_gap_early_commit,False,10,10,,primary,global_gap_early_commit,0.93359375,0.96484375,0.9765625,6.0,9.987001145258546,True,tie_pass,False,False,False,False,False,False,10,10,,primary,global_gap_early_commit,0.93359375,0.96484375,0.9765625,6.0,4.791880434378982,True,tie_pass,False,False,False,False,False,False,10,10,,primary,global_gap_early_commit,0.93359375,0.96484375,0.9765625,6.0,4.768284510821104,True,tie_pass,False,False,False,False,False
SingleLineInfilling/HumanEval/142/L5,11,9-12,False,False,True,True,False,2,11,11.0,13.0,1.1502275783876053,0.7790991781403981,0.6773435038242981,0.6705882352941176,11.0,11.0,1.0,1.0,0.36363636363636365,2.0,True,0.37112840024720717,0.3226564961757019,40,11.0,4.0,4.0,11.0,7.5,-0.1794871794871795,-0.3333333333333333,0.6795454545454546,0.8205128205128205,2,5,37,0.99609375,1.0,0.99609375,1.0,0.99609375,0.00010016025641025641,0.001953125,1.0,0.9921875,0.99609375,1.0,0.99609375,0.99609375,0.36363636363636365,global_gap_early_commit,False,11,11,,primary,global_gap_early_commit,1.0,0.99609375,1.0,5.0,10.434673107229173,True,tie_pass,False,False,False,False,False,False,11,11,,primary,global_gap_early_commit,1.0,0.99609375,1.0,5.0,5.071959304623306,True,tie_pass,False,False,False,False,False,False,11,11,,primary,global_gap_early_commit,1.0,0.99609375,1.0,5.0,5.020987956784666,True,tie_pass,False,False,False,False,False
SingleLineInfilling/HumanEval/142/L6,4,<=8,False,True,True,True,False,4,4,4.0,16.0,1.0824898044693156,0.8442252228187658,0.7798920778128181,0.7176470588235294,4.0,4.0,0.9921875,0.98046875,0.5,12.0,True,0.23826458165054987,0.2201079221871819,28,4.0,2.0,2.0,4.0,3.0,-0.07407407407407407,0.0,0.7767857142857143,0.9259259259259259,3,14,23,0.99609375,0.99609375,0.99609375,0.99609375,0.99609375,0.0,0.0,0.98046875,0.98046875,0.98828125,0.9921875,0.9921875,0.9921875,0.5,global_gap_early_commit,False,4,4,,primary,global_gap_early_commit,0.9921875,0.9921875,0.99609375,14.0,9.105725527741015,True,tie_pass,False,False,False,False,False,False,4,4,,primary,global_gap_early_commit,0.9921875,0.9921875,0.99609375,14.0,4.49551806692034,True,tie_pass,False,False,False,False,False,False,4,4,,primary,global_gap_early_commit,0.9921875,0.9921875,0.99609375,14.0,4.491501201875508,True,tie_pass,False,False,False,False,False
SingleLineInfilling/HumanEval/142/L7,8,<=8,False,True,True,True,False,1,8,8.0,13.0,1.1328838852957985,1.0843602596340043,0.9571680502374481,0.9296875,8.0,8.0,1.0,1.0,0.5,5.0,True,0.048523625661794245,0.04283194976255189,28,8.0,4.0,4.0,8.0,6.0,-0.14814814814814814,-0.3333333333333333,0.7767857142857143,0.8518518518518519,2,8,27,1.0,1.0,1.0,1.0,1.0,0.0,0.0,1.0,1.0,1.0,1.0,1.0,1.0,0.5,global_gap_early_commit,False,8,8,,primary,global_gap_early_commit,1.0,1.0,1.0,8.0,8.158209568820894,True,tie_pass,False,False,False,False,False,False,8,8,,primary,global_gap_early_commit,1.0,1.0,1.0,8.0,4.050358097068965,True,tie_pass,False,False,False,False,False,False,8,8,,primary,global_gap_early_commit,1.0,1.0,1.0,8.0,3.9990454241633415,True,tie_pass,False,False,False,False,False
SingleLineInfilling/HumanEval/142/L8,6,<=8,False,True,True,True,False,0,9,3.0,13.0,0.65506887132645,0.43055480897232523,0.6572664765774844,0.6019108280254777,3.0,9.0,,,0.0,4.0,True,0.22451406235412474,0.3427335234225156,61,9.0,0.0,0.0,9.0,5.0,-0.15,-0.3333333333333333,0.5154826958105647,0.85,2,7,60,0.458984375,0.9140625,0.458984375,0.9140625,0.6953125,0.007584635416666667,0.0,0.0,0.0,0.34375,0.322265625,0.314453125,0.46484375,0.0,no_remaining_masks,False,9,9,,primary,no_remaining_masks,0.322265625,0.46484375,0.9140625,7.0,14.345861408859491,True,tie_pass,False,False,False,False,False,False,9,9,,primary,no_remaining_masks,0.322265625,0.46484375,0.9140625,7.0,10.819115845486522,True,tie_pass,False,False,False,False,False,False,9,9,,primary,no_remaining_masks,0.322265625,0.46484375,0.9140625,7.0,6.76153050083667,True,tie_pass,False,False,False,False,False
SingleLineInfilling/HumanEval/143/L0,7,<=8,False,True,True,True,False,4,7,7.0,13.0,1.1238436146785018,0.7836553136850788,0.6972992536059025,0.671875,7.0,7.0,0.99609375,0.99609375,0.5714285714285714,6.0,True,0.340188300993423,0.3027007463940975,28,7.0,4.0,4.0,7.0,5.0,-0.1111111111111111,0.0,0.7704081632653061,0.8888888888888888,3,8,22,1.0,1.0,1.0,1.0,1.0,0.0,0.0,0.99609375,0.99609375,0.998046875,0.99609375,0.99609375,1.0,0.5714285714285714,global_gap_early_commit,False,7,7,,primary,global_gap_early_commit,0.99609375,1.0,1.0,8.0,9.35239895246923,True,tie_pass,False,False,False,False,False,False,7,7,,primary,global_gap_early_commit,0.99609375,1.0,1.0,8.0,7.372186248190701,True,tie_pass,False,False,False,False,False,False,7,7,,primary,global_gap_early_commit,0.99609375,1.0,1.0,8.0,4.558472563512623,True,tie_pass,False,False,False,False,False
SingleLineInfilling/HumanEval/143/L1,8,<=8,False,True,True,True,False,0,8,8.0,14.0,1.1328838852957985,1.1166512159277797,0.9856713741110542,0.953125,8.0,8.0,1.0,1.0,0.5,6.0,True,0.016232669368018815,0.01432862588894579,28,8.0,4.0,4.0,8.0,6.0,-0.14814814814814814,-0.3333333333333333,0.7767857142857143,0.8518518518518519,2,8,27,1.0,1.0,1.0,1.0,1.0,0.0,0.0,1.0,1.0,1.0,1.0,1.0,1.0,0.5,global_gap_early_commit,False,8,8,,primary,global_gap_early_commit,1.0,1.0,1.0,8.0,9.580783063545823,True,tie_pass,False,False,False,False,False,False,8,8,,primary,global_gap_early_commit,1.0,1.0,1.0,8.0,7.6007012175396085,True,tie_pass,False,False,False,False,False,False,8,8,,primary,global_gap_early_commit,1.0,1.0,1.0,8.0,4.685203705914319,True,tie_pass,False,False,False,False,False
SingleLineInfilling/HumanEval/143/L10,10,9-12,False,False,True,True,False,4,9,9.0,13.0,0.6774202475212597,0.46016969001274977,0.6792972186712032,0.6644736842105263,9.0,9.0,0.93359375,0.8671875,0.1111111111111111,4.0,True,0.21725055750850997,0.3207027813287968,54,9.0,1.0,1.0,9.0,5.0,-0.1509433962264151,-0.3333333333333333,0.5699588477366255,0.8490566037735849,2,7,53,0.59375,0.9140625,0.59375,0.9140625,0.90234375,0.0060436320754716985,0.0,0.30078125,0.30078125,0.6640625,0.6171875,0.59375,0.78125,0.1111111111111111,global_gap_early_commit,False,9,9,,primary,global_gap_early_commit,0.6171875,0.78125,0.9140625,7.0,6.275945654138923,True,tie_pass,False,False,False,False,False,False,9,9,,primary,global_gap_early_commit,0.6171875,0.78125,0.9140625,7.0,10.801378139294684,True,tie_pass,False,False,False,False,False,False,9,9,,primary,global_gap_early_commit,0.6171875,0.78125,0.9140625,7.0,6.238258924335241,True,tie_pass,False,False,False,False,False
SingleLineInfilling/HumanEval/143/L2,7,<=8,False,True,True,True,False,2,7,7.0,20.0,1.1238436146785018,1.0519724167349738,0.9360487553563329,0.87890625,7.0,7.0,1.0,1.0,0.5714285714285714,13.0,True,0.07187119794352803,0.06395124464366708,28,7.0,4.0,4.0,7.0,5.0,-0.1111111111111111,0.0,0.7704081632653061,0.8888888888888888,3,8,22,1.0,1.0,1.0,1.0,1.0,0.0,0.0,1.0,1.0,1.0,1.0,1.0,1.0,0.5714285714285714,global_gap_early_commit,False,7,7,,primary,global_gap_early_commit,1.0,1.0,1.0,8.0,8.949677176773548,True,tie_pass,False,False,False,False,False,False,7,7,,primary,global_gap_early_commit,1.0,1.0,1.0,8.0,6.952843995764852,True,tie_pass,False,False,False,False,False,False,7,7,,primary,global_gap_early_commit,1.0,1.0,1.0,8.0,4.2706696866080165,True,tie_pass,False,False,False,False,False
SingleLineInfilling/HumanEval/143/L3,10,9-12,False,False,False,False,False,3,13,13.0,13.0,1.0798041240893237,1.0798041240893237,1.0,0.9875,13.0,13.0,0.984375,0.96875,0.3076923076923077,0.0,False,0.0,0.0,42,13.0,4.0,4.0,13.0,9.0,-0.21951219512195122,-0.3333333333333333,0.6648351648351648,0.7804878048780488,2,4,41,0.92578125,0.9921875,0.92578125,0.9921875,0.94140625,0.0016196646341463414,0.0,0.97265625,0.859375,0.89453125,0.984375,0.90234375,0.92578125,0.3076923076923077,global_gap_early_commit,False,13,13,,primary,global_gap_early_commit,0.984375,0.92578125,0.9921875,4.0,11.04844868183136,False,tie_fail,False,False,False,False,False,False,13,13,,primary,global_gap_early_commit,0.984375,0.92578125,0.9921875,4.0,9.16963040176779,False,tie_fail,False,False,False,False,False,False,13,13,,primary,global_gap_early_commit,0.984375,0.92578125,0.9921875,4.0,5.293257234618068,False,tie_fail,False,False,False,False,False
SingleLineInfilling/HumanEval/143/L4,7,<=8,False,True,False,False,False,4,11,11.0,16.0,1.13218479284427,0.9687830425789116,0.8556757242297335,0.8267716535433071,11.0,11.0,1.0,1.0,0.36363636363636365,5.0,True,0.16340175026535853,0.14432427577026652,40,11.0,4.0,4.0,11.0,7.5,-0.1794871794871795,-0.3333333333333333,0.6795454545454546,0.8205128205128205,2,5,37,0.98046875,1.0,0.98046875,1.0,1.0,0.000500801282051282,0.0,1.0,0.96875,0.99609375,1.0,0.9765625,0.99609375,0.36363636363636365,global_gap_early_commit,False,11,11,,primary,global_gap_early_commit,1.0,0.99609375,1.0,5.0,11.135439951904118,False,tie_fail,False,False,False,False,False,False,11,11,,primary,global_gap_early_commit,1.0,0.99609375,1.0,5.0,9.612236394546926,False,tie_fail,False,False,False,False,False,False,11,11,,primary,global_gap_early_commit,1.0,0.99609375,1.0,5.0,5.378610304556787,False,tie_fail,False,False,False,False,False
SingleLineInfilling/HumanEval/143/L5,12,9-12,False,False,True,True,False,3,12,9.0,14.0,1.136461599460008,1.0342753065560581,0.9100838136963855,0.8862745098039215,9.0,12.0,0.984375,0.97265625,0.3333333333333333,2.0,True,0.10218629290394987,0.08991618630361453,40,12.0,4.0,4.0,12.0,8.0,-0.20512820512820512,-0.3333333333333333,0.6791666666666667,0.7948717948717948,2,5,39,0.9765625,0.99609375,0.9765625,0.99609375,0.98046875,0.000500801282051282,0.0,0.98046875,0.94921875,0.9609375,0.98828125,0.96875,0.9765625,0.3333333333333333,global_gap_early_commit,False,12,12,,primary,global_gap_early_commit,0.98828125,0.9765625,0.99609375,5.0,11.20573414862156,True,tie_pass,False,False,False,False,False,False,12,12,,primary,global_gap_early_commit,0.98828125,0.9765625,0.99609375,5.0,9.878756191581488,True,tie_pass,False,False,False,False,False,False,12,12,,primary,global_gap_early_commit,0.98828125,0.9765625,0.99609375,5.0,5.4027980379760265,True,tie_pass,False,False,False,False,False
SingleLineInfilling/HumanEval/143/L6,11,9-12,False,False,True,True,False,1,12,12.0,13.0,1.1517139469797235,1.002349819829752,0.8703114366708271,0.8661417322834646,12.0,12.0,1.0,0.99609375,0.3333333333333333,1.0,True,0.1493641271499715,0.1296885633291729,40,12.0,4.0,4.0,12.0,8.0,-0.20512820512820512,-0.3333333333333333,0.6791666666666667,0.7948717948717948,2,5,39,0.9921875,0.99609375,0.9921875,0.99609375,0.99609375,0.00010016025641025641,0.0,0.9765625,0.9765625,0.98828125,0.98828125,0.98828125,0.9921875,0.3333333333333333,global_gap_early_commit,False,12,12,,primary,global_gap_early_commit,0.98828125,0.9921875,0.99609375,5.0,11.297101848758757,True,tie_pass,False,False,False,False,False,False,12,12,,primary,global_gap_early_commit,0.98828125,0.9921875,0.99609375,5.0,9.908197443000972,True,tie_pass,False,False,False,False,False,False,12,12,,primary,global_gap_early_commit,0.98828125,0.9921875,0.99609375,5.0,5.381460966542363,True,tie_pass,False,False,False,False,False
SingleLineInfilling/HumanEval/143/L7,7,<=8,False,True,True,True,False,4,10,10.0,13.0,1.1436686464129107,0.7335378226935911,0.6413901657567644,0.6313725490196078,10.0,10.0,0.9921875,0.98828125,0.3,3.0,True,0.4101308237193195,0.35860983424323556,42,10.0,3.0,3.0,10.0,7.0,-0.17073170731707318,-0.3333333333333333,0.6666666666666666,0.8292682926829268,2,6,41,0.99609375,1.0,0.99609375,1.0,0.99609375,9.527439024390244e-05,0.0,0.9921875,0.9921875,0.9921875,0.99609375,0.99609375,0.99609375,0.3,global_gap_early_commit,False,10,10,,primary,global_gap_early_commit,0.99609375,0.99609375,1.0,6.0,8.049199296161532,True,tie_pass,False,False,False,False,False,False,10,10,,primary,global_gap_early_commit,0.99609375,0.99609375,1.0,6.0,9.991268342360854,True,tie_pass,False,False,False,False,False,False,10,10,,primary,global_gap_early_commit,0.99609375,0.99609375,1.0,6.0,5.461398999206722,True,tie_pass,False,False,False,False,False
SingleLineInfilling/HumanEval/143/L8,16,13-16,False,False,True,True,False,3,12,12.0,13.0,1.1471796401018506,0.9340077866595415,0.8141774435402437,0.80078125,12.0,12.0,0.9765625,0.953125,0.3333333333333333,1.0,True,0.21317185344230904,0.18582255645975632,40,12.0,4.0,4.0,12.0,8.0,-0.20512820512820512,-0.3333333333333333,0.6791666666666667,0.7948717948717948,2,5,39,0.98828125,0.9921875,0.984375,0.9921875,0.98828125,0.00010016025641025641,0.0,0.96484375,0.96484375,0.96875,0.98046875,0.98046875,0.984375,0.3333333333333333,global_gap_early_commit,False,12,12,,primary,global_gap_early_commit,0.98046875,0.984375,0.9921875,5.0,5.325648273341358,True,tie_pass,False,False,False,False,False,False,12,12,,primary,global_gap_early_commit,0.98046875,0.984375,0.9921875,5.0,9.476322757080197,True,tie_pass,False,False,False,False,False,False,12,12,,primary,global_gap_early_commit,0.98046875,0.984375,0.9921875,5.0,5.3292272966355085,True,tie_pass,False,False,False,False,False
SingleLineInfilling/HumanEval/143/L9,8,<=8,False,True,True,True,False,1,8,8.0,20.0,1.1328838852957985,0.9117094278369773,0.8047686436981385,0.76171875,8.0,8.0,1.0,1.0,0.5,12.0,True,0.22117445745882125,0.1952313563018615,28,8.0,4.0,4.0,8.0,6.0,-0.14814814814814814,-0.3333333333333333,0.7767857142857143,0.8518518518518519,2,8,27,1.0,1.0,1.0,1.0,1.0,0.0,0.0,1.0,1.0,1.0,1.0,1.0,1.0,0.5,global_gap_early_commit,False,8,8,,primary,global_gap_early_commit,1.0,1.0,1.0,8.0,4.225314034149051,True,tie_pass,False,False,False,False,False,False,8,8,,primary,global_gap_early_commit,1.0,1.0,1.0,8.0,7.477181356400251,True,tie_pass,False,False,False,False,False,False,8,8,,primary,global_gap_early_commit,1.0,1.0,1.0,8.0,4.182599256746471,True,tie_pass,False,False,False,False,False
SingleLineInfilling/HumanEval/144/L0,10,9-12,False,False,True,True,False,0,10,10.0,13.0,1.1481536214968828,1.0342427686425169,0.9007877946630025,0.88671875,10.0,10.0,1.0,1.0,0.3,3.0,True,0.11391085285436597,0.09921220533699748,42,10.0,3.0,3.0,10.0,7.0,-0.17073170731707318,-0.3333333333333333,0.6666666666666666,0.8292682926829268,2,6,41,1.0,1.0,1.0,1.0,1.0,0.0,0.0,1.0,1.0,1.0,1.0,1.0,1.0,0.3,global_gap_early_commit,False,10,10,,primary,global_gap_early_commit,1.0,1.0,1.0,6.0,4.519892766140401,True,tie_pass,False,False,False,False,False,False,10,10,,primary,global_gap_early_commit,1.0,1.0,1.0,6.0,7.1192335318773985,True,tie_pass,False,False,False,False,False,False,10,10,,primary,global_gap_early_commit,1.0,1.0,1.0,6.0,4.553656050935388,True,tie_pass,False,False,False,False,False
SingleLineInfilling/HumanEval/144/L1,10,9-12,False,False,True,True,False,4,10,10.0,13.0,1.1481536214968828,0.8018798558638015,0.698408157976601,0.6875,10.0,10.0,0.99609375,0.9921875,0.3,3.0,True,0.3462737656330813,0.30159184202339895,42,10.0,3.0,3.0,10.0,7.0,-0.17073170731707318,-0.3333333333333333,0.6666666666666666,0.8292682926829268,2,6,41,1.0,1.0,1.0,1.0,1.0,0.0,0.0,0.9921875,0.9921875,0.99609375,0.99609375,0.99609375,1.0,0.3,global_gap_early_commit,False,10,10,,primary,global_gap_early_commit,0.99609375,1.0,1.0,6.0,4.679032186977565,True,tie_pass,False,False,False,False,False,False,10,10,,primary,global_gap_early_commit,0.99609375,1.0,1.0,6.0,7.217821069061756,True,tie_pass,False,False,False,False,False,False,10,10,,primary,global_gap_early_commit,0.99609375,1.0,1.0,6.0,4.656295550055802,True,tie_pass,False,False,False,False,False
SingleLineInfilling/HumanEval/144/L2,11,9-12,False,False,True,True,False,1,11,11.0,13.0,1.154738274773439,0.7790991781403981,0.6746976307624845,0.66796875,11.0,11.0,1.0,1.0,0.36363636363636365,2.0,True,0.37563909663304085,0.32530236923751554,40,11.0,4.0,4.0,11.0,7.5,-0.1794871794871795,-0.3333333333333333,0.6795454545454546,0.8205128205128205,2,5,37,1.0,1.0,1.0,1.0,1.0,0.0,0.0,1.0,1.0,1.0,1.0,1.0,1.0,0.36363636363636365,global_gap_early_commit,False,11,11,,primary,global_gap_early_commit,1.0,1.0,1.0,5.0,4.480611929669976,True,tie_pass,False,False,False,False,False,False,11,11,,primary,global_gap_early_commit,1.0,1.0,1.0,5.0,6.890505164861679,True,tie_pass,False,False,False,False,False,False,11,11,,primary,global_gap_early_commit,1.0,1.0,1.0,5.0,4.427376827225089,True,tie_pass,False,False,False,False,False
SingleLineInfilling/HumanEval/144/L3,12,9-12,False,False,True,True,False,0,12,12.0,13.0,1.1562482538575964,0.9977936842850712,0.8629580031417367,0.8588235294117647,12.0,12.0,0.99609375,0.9921875,0.3333333333333333,1.0,True,0.15845456957252524,0.13704199685826335,40,12.0,4.0,4.0,12.0,8.0,-0.20512820512820512,-0.3333333333333333,0.6791666666666667,0.7948717948717948,2,5,39,0.99609375,1.0,0.99609375,1.0,1.0,0.00010016025641025641,0.0,0.99609375,0.99609375,0.99609375,0.99609375,0.99609375,1.0,0.3333333333333333,global_gap_early_commit,False,12,12,,primary,global_gap_early_commit,0.99609375,1.0,1.0,5.0,4.530304284766316,True,tie_pass,False,False,False,False,False,False,12,12,,primary,global_gap_early_commit,0.99609375,1.0,1.0,5.0,6.813872418366373,True,tie_pass,False,False,False,False,False,False,12,12,,primary,global_gap_early_commit,0.99609375,1.0,1.0,5.0,4.479911624453962,True,tie_pass,False,False,False,False,False
SingleLineInfilling/HumanEval/144/L4,18,17-24,True,False,True,True,False,1,11,11.0,13.0,1.13218479284427,0.7153132805148684,0.6317990535077417,0.6254980079681275,11.0,11.0,0.98046875,0.96875,0.36363636363636365,2.0,True,0.41687151232940167,0.3682009464922583,40,11.0,4.0,4.0,11.0,7.5,-0.1794871794871795,-0.3333333333333333,0.6795454545454546,0.8205128205128205,2,5,37,0.98046875,0.9921875,0.98046875,0.99609375,0.98828125,0.00030048076923076925,0.0,0.96875,0.96484375,0.97265625,0.98046875,0.9765625,0.98046875,0.36363636363636365,global_gap_early_commit,False,11,11,,primary,global_gap_early_commit,0.98046875,0.98046875,0.99609375,5.0,4.417329732328653,True,tie_pass,False,False,False,False,False,False,11,11,,primary,global_gap_early_commit,0.98046875,0.98046875,0.99609375,5.0,6.560464094392955,True,tie_pass,False,False,False,False,False,False,11,11,,primary,global_gap_early_commit,0.98046875,0.98046875,0.99609375,5.0,4.442827966064215,True,tie_pass,False,False,False,False,False
SingleLineInfilling/HumanEval/144/L5,4,<=8,False,True,True,True,False,3,4,4.0,16.0,1.0824898044693156,0.5582035626288014,0.5156663465319726,0.4745098039215686,4.0,4.0,0.9921875,0.9921875,0.5,12.0,True,0.5242862418405142,0.48433365346802737,28,4.0,2.0,2.0,4.0,3.0,-0.07407407407407407,0.0,0.7767857142857143,0.9259259259259259,3,14,23,0.99609375,0.99609375,0.99609375,0.99609375,0.99609375,0.0,0.0,0.9921875,0.9921875,0.9921875,0.9921875,0.9921875,0.99609375,0.5,global_gap_early_commit,False,4,4,,primary,global_gap_early_commit,0.9921875,0.99609375,0.99609375,14.0,3.8009003549814224,True,tie_pass,False,False,False,False,False,False,4,4,,primary,global_gap_early_commit,0.9921875,0.99609375,0.99609375,14.0,5.574436437338591,True,tie_pass,False,False,False,False,False,False,4,4,,primary,global_gap_early_commit,0.9921875,0.99609375,0.99609375,14.0,3.7668595714494586,True,tie_pass,False,False,False,False,False
SingleLineInfilling/HumanEval/144/L6,4,<=8,False,True,True,True,False,2,7,5.0,13.0,0.9077801672398146,0.646971247344658,0.7126959485266472,0.6729857819905213,5.0,7.0,1.0,0.99609375,0.5714285714285714,6.0,True,0.26080891989515653,0.2873040514733528,28,7.0,4.0,4.0,7.0,5.0,-0.1111111111111111,0.0,0.7704081632653061,0.8888888888888888,3,8,22,0.80078125,1.0,0.78515625,1.0,0.849609375,0.007378472222222222,0.0,0.99609375,0.625,0.7421875,1.0,0.75,0.830078125,0.5714285714285714,global_gap_early_commit,False,7,7,,primary,global_gap_early_commit,1.0,0.830078125,1.0,8.0,3.61455862224102,True,tie_pass,False,False,False,False,False,False,7,7,,primary,global_gap_early_commit,1.0,0.830078125,1.0,8.0,5.326785790733993,True,tie_pass,False,False,False,False,False,False,7,7,,primary,global_gap_early_commit,1.0,0.830078125,1.0,8.0,3.622016668319702,True,tie_pass,False,False,False,False,False
SingleLineInfilling/HumanEval/145/L0,7,<=8,False,True,True,True,False,3,7,7.0,14.0,1.1238436146785018,0.8374884119458348,0.7452001337262705,0.71484375,7.0,7.0,1.0,1.0,0.5714285714285714,7.0,True,0.286355202732667,0.2547998662737295,28,7.0,4.0,4.0,7.0,5.0,-0.1111111111111111,0.0,0.7704081632653061,0.8888888888888888,3,8,22,1.0,1.0,1.0,1.0,1.0,0.0,0.0,1.0,1.0,1.0,1.0,1.0,1.0,0.5714285714285714,global_gap_early_commit,False,7,7,,primary,global_gap_early_commit,1.0,1.0,1.0,8.0,3.858886471018195,True,tie_pass,False,False,False,False,False,False,7,7,,primary,global_gap_early_commit,1.0,1.0,1.0,8.0,5.837780375033617,True,tie_pass,False,False,False,False,False,False,7,7,,primary,global_gap_early_commit,1.0,1.0,1.0,8.0,3.868011307902634,True,tie_pass,False,False,False,False,False
SingleLineInfilling/HumanEval/145/L1,6,<=8,False,True,True,True,False,2,6,6.0,13.0,1.109147462958082,0.5968537563531705,0.5381193901497725,0.5137254901960784,6.0,6.0,0.99609375,0.9921875,0.5,7.0,True,0.5122937066049115,0.4618806098502275,28,6.0,3.0,3.0,6.0,5.0,-0.1111111111111111,-0.3333333333333333,0.7738095238095238,0.8888888888888888,2,10,26,0.99609375,1.0,0.99609375,1.0,0.99609375,0.00014467592592592592,0.0,0.9921875,0.9921875,0.9921875,0.99609375,0.99609375,0.99609375,0.5,global_gap_early_commit,False,6,6,,primary,global_gap_early_commit,0.99609375,0.99609375,1.0,10.0,3.6991949705407023,True,tie_pass,False,False,False,False,False,False,6,6,,primary,global_gap_early_commit,0.99609375,0.99609375,1.0,10.0,5.389243992976844,True,tie_pass,False,False,False,False,False,False,6,6,,primary,global_gap_early_commit,0.99609375,0.99609375,1.0,10.0,3.7036614818498492,True,tie_pass,False,False,False,False,False
SingleLineInfilling/HumanEval/145/L2,20,17-24,True,False,False,False,True,3,14,14.0,14.0,1.13953341297548,1.13953341297548,1.0,1.0,14.0,14.0,0.9765625,0.95703125,0.35714285714285715,0.0,False,0.0,0.0,40,14.0,5.0,5.0,14.0,9.5,-0.23076923076923078,-0.3333333333333333,0.6785714285714286,0.7692307692307693,2,4,38,0.97265625,0.9921875,0.97265625,0.9921875,0.98828125,0.000500801282051282,0.0,0.95703125,0.95703125,0.9609375,0.9765625,0.97265625,0.98046875,0.35714285714285715,global_gap_early_commit,False,14,14,,primary,global_gap_early_commit,0.9765625,0.98046875,0.9921875,4.0,4.137375201098621,False,tie_fail,False,False,True,False,False,False,14,14,,primary,global_gap_early_commit,0.9765625,0.98046875,0.9921875,4.0,6.081285962834954,False,tie_fail,False,False,True,False,False,False,14,14,,primary,global_gap_early_commit,0.9765625,0.98046875,0.9921875,4.0,4.130942380987108,False,tie_fail,False,False,True,False,False
SingleLineInfilling/HumanEval/145/L3,14,13-16,False,False,False,False,False,3,8,8.0,14.0,1.0842052808494946,0.9793580336415773,0.9032957604432921,0.8734693877551021,8.0,8.0,0.8671875,0.77734375,0.5,6.0,True,0.10484724720791738,0.09670423955670793,28,8.0,4.0,4.0,8.0,6.0,-0.14814814814814814,-0.3333333333333333,0.7767857142857143,0.8518518518518519,2,8,27,0.95703125,0.96484375,0.9453125,0.97265625,0.96484375,0.00028935185185185184,0.0,0.91015625,0.89453125,0.921875,0.94140625,0.9375,0.94921875,0.5,global_gap_early_commit,False,8,8,,primary,global_gap_early_commit,0.94140625,0.94921875,0.97265625,8.0,3.4371487963944674,False,tie_fail,False,False,False,False,False,False,8,8,,primary,global_gap_early_commit,0.94140625,0.94921875,0.97265625,8.0,5.004208805970848,False,tie_fail,False,False,False,False,False,False,8,8,,primary,global_gap_early_commit,0.94140625,0.94921875,0.97265625,8.0,3.408736690878868,False,tie_fail,False,False,False,False,False
SingleLineInfilling/HumanEval/145/L4,13,13-16,False,False,False,False,False,2,9,5.0,13.0,1.0540575401599743,0.5558485364510443,0.5273417392058911,0.49795918367346936,5.0,9.0,0.94921875,0.9296875,0.3333333333333333,4.0,True,0.49820900370893006,0.4726582607941089,40,9.0,3.0,3.0,9.0,6.0,-0.15384615384615385,-0.3333333333333333,0.6777777777777778,0.8461538461538461,2,7,39,0.83984375,0.91796875,0.71875,0.93359375,0.91796875,0.002003205128205128,0.0,0.6953125,0.5078125,0.72265625,0.81640625,0.63671875,0.81640625,0.3333333333333333,global_gap_early_commit,False,9,9,,primary,global_gap_early_commit,0.81640625,0.81640625,0.93359375,7.0,4.236900948919356,False,tie_fail,False,False,False,False,False,False,9,9,,primary,global_gap_early_commit,0.81640625,0.81640625,0.93359375,7.0,6.335634634830058,False,tie_fail,False,False,False,False,False,False,9,9,,primary,global_gap_early_commit,0.81640625,0.81640625,0.93359375,7.0,4.20676230546087,False,tie_fail,False,False,False,False,False
SingleLineInfilling/HumanEval/145/L5,6,<=8,False,True,True,True,False,3,6,6.0,13.0,1.1134970608520351,0.46016969001274977,0.4132652938128397,0.39453125,6.0,6.0,1.0,1.0,0.5,7.0,True,0.6533273708392854,0.5867347061871603,28,6.0,3.0,3.0,6.0,5.0,-0.1111111111111111,-0.3333333333333333,0.7738095238095238,0.8888888888888888,2,10,26,1.0,1.0,1.0,1.0,1.0,0.0,0.0,1.0,1.0,1.0,1.0,1.0,1.0,0.5,global_gap_early_commit,False,6,6,,primary,global_gap_early_commit,1.0,1.0,1.0,10.0,3.566301035694778,True,tie_pass,False,False,False,False,False,False,6,6,,primary,global_gap_early_commit,1.0,1.0,1.0,10.0,5.279622728005052,True,tie_pass,False,False,False,False,False,False,6,6,,primary,global_gap_early_commit,1.0,1.0,1.0,10.0,3.5651321951299906,True,tie_pass,False,False,False,False,False
SingleLineInfilling/HumanEval/145/L6,12,9-12,False,False,False,False,False,3,3,3.0,20.0,0.4005516665435618,0.20104361742046165,0.5019168167625069,0.4505208333333333,3.0,3.0,,,0.0,17.0,True,0.19950804912310013,0.4980831832374931,54,3.0,0.0,0.0,3.0,2.0,-0.05660377358490566,-0.3333333333333333,0.5864197530864198,0.9433962264150944,2,21,53,0.375,0.76953125,0.375,0.76953125,0.76171875,0.007443985849056604,0.0,0.09765625,0.09765625,0.166015625,0.3125,0.3125,0.375,0.0,no_remaining_masks,True,32,3,32,rescue,no_remaining_masks,0.3125,0.375,0.76953125,21.0,8.832544053904712,False,tie_fail,False,False,False,False,False,True,24,3,24,rescue,no_remaining_masks,0.3125,0.375,0.76953125,21.0,13.140249483287334,False,tie_fail,False,False,False,False,False,True,24,3,24,rescue,no_remaining_masks,0.3125,0.375,0.76953125,21.0,8.779079519212246,False,tie_fail,False,False,False,False,False
SingleLineInfilling/HumanEval/146/L1,6,<=8,False,True,True,True,False,4,6,6.0,13.0,1.1134970608520351,0.6834203317021036,0.6137603373458015,0.5859375,6.0,6.0,1.0,1.0,0.5,7.0,True,0.43007672914993156,0.3862396626541985,28,6.0,3.0,3.0,6.0,5.0,-0.1111111111111111,-0.3333333333333333,0.7738095238095238,0.8888888888888888,2,10,26,1.0,1.0,1.0,1.0,1.0,0.0,0.0,1.0,1.0,1.0,1.0,1.0,1.0,0.5,global_gap_early_commit,False,6,6,,primary,global_gap_early_commit,1.0,1.0,1.0,10.0,3.523695757612586,True,tie_pass,False,False,False,False,False,False,6,6,,primary,global_gap_early_commit,1.0,1.0,1.0,10.0,5.176956384442747,True,tie_pass,False,False,False,False,False,False,6,6,,primary,global_gap_early_commit,1.0,1.0,1.0,10.0,3.521916407160461,True,tie_pass,False,False,False,False,False
SingleLineInfilling/HumanEval/146/L2,7,<=8,False,True,True,True,False,2,7,7.0,14.0,1.1238436146785018,0.9152878819080161,0.8144263756571263,0.78125,7.0,7.0,1.0,1.0,0.5714285714285714,7.0,True,0.20855573277048567,0.18557362434287372,28,7.0,4.0,4.0,7.0,5.0,-0.1111111111111111,0.0,0.7704081632653061,0.8888888888888888,3,8,22,1.0,1.0,1.0,1.0,1.0,0.0,0.0,1.0,1.0,1.0,1.0,1.0,1.0,0.5714285714285714,global_gap_early_commit,False,7,7,,primary,global_gap_early_commit,1.0,1.0,1.0,8.0,3.5726808961480856,True,tie_pass,False,False,False,False,False,False,7,7,,primary,global_gap_early_commit,1.0,1.0,1.0,8.0,5.419791206717491,True,tie_pass,False,False,False,False,False,False,7,7,,primary,global_gap_early_commit,1.0,1.0,1.0,8.0,3.5568350553512573,True,tie_pass,False,False,False,False,False
SingleLineInfilling/HumanEval/146/L3,9,9-12,False,False,True,True,False,4,9,9.0,14.0,1.136461599460008,1.0434281853751384,0.9181376527556455,0.890625,9.0,9.0,0.99609375,0.98828125,0.3333333333333333,5.0,True,0.09303341408486965,0.08186234724435448,40,9.0,3.0,3.0,9.0,6.0,-0.15384615384615385,-0.3333333333333333,0.6777777777777778,0.8461538461538461,2,7,39,0.99609375,1.0,0.99609375,1.0,1.0,0.00010016025641025641,0.0,0.9921875,0.9921875,0.99609375,0.99609375,0.99609375,0.99609375,0.3333333333333333,global_gap_early_commit,False,9,9,,primary,global_gap_early_commit,0.99609375,0.99609375,1.0,7.0,4.334136139601469,True,tie_pass,False,False,False,False,False,False,9,9,,primary,global_gap_early_commit,0.99609375,0.99609375,1.0,7.0,6.54655419383198,True,tie_pass,False,False,False,False,False,False,9,9,,primary,global_gap_early_commit,0.99609375,0.99609375,1.0,7.0,4.327886197715998,True,tie_pass,False,False,False,False,False
SingleLineInfilling/HumanEval/146/L4,21,17-24,True,False,True,True,False,2,24,24.0,24.0,1.0588165659296804,1.0588165659296804,1.0,1.0,24.0,24.0,0.83203125,0.69921875,0.375,0.0,False,0.0,0.0,40,24.0,9.0,9.0,24.0,16.0,-0.38461538461538464,-0.3333333333333333,0.6791666666666667,0.6153846153846154,2,2,38,0.875,0.93359375,0.7890625,0.93359375,0.88671875,0.0015024038461538462,0.0078125,0.69921875,0.546875,0.732421875,0.83203125,0.69921875,0.833984375,0.375,global_gap_early_commit,False,24,24,,primary,global_gap_early_commit,0.83203125,0.833984375,0.93359375,2.0,4.264897679910064,True,tie_pass,False,False,False,False,False,False,24,24,,primary,global_gap_early_commit,0.83203125,0.833984375,0.93359375,2.0,6.998510028235614,True,tie_pass,False,False,False,False,False,False,24,24,,primary,global_gap_early_commit,0.83203125,0.833984375,0.93359375,2.0,4.254053832031786,True,tie_pass,False,False,False,False,False
SingleLineInfilling/HumanEval/146/L5,9,9-12,False,False,True,True,False,0,9,9.0,13.0,1.1409183116147532,0.6378589762552966,0.5590750623964729,0.546875,9.0,9.0,1.0,1.0,0.3333333333333333,4.0,True,0.5030593353594566,0.44092493760352713,40,9.0,3.0,3.0,9.0,6.0,-0.15384615384615385,-0.3333333333333333,0.6777777777777778,0.8461538461538461,2,7,39,1.0,1.0,1.0,1.0,1.0,0.0,0.0,1.0,1.0,1.0,1.0,1.0,1.0,0.3333333333333333,global_gap_early_commit,False,9,9,,primary,global_gap_early_commit,1.0,1.0,1.0,7.0,4.329711517319083,True,tie_pass,False,False,False,False,False,False,9,9,,primary,global_gap_early_commit,1.0,1.0,1.0,7.0,7.177595771849155,True,tie_pass,False,False,False,False,False,False,9,9,,primary,global_gap_early_commit,1.0,1.0,1.0,7.0,4.330385493114591,True,tie_pass,False,False,False,False,False
SingleLineInfilling/HumanEval/146/L6,27,25+,True,False,False,False,True,3,11,11.0,24.0,0.9472462410250866,0.7373901084153132,0.7784566213926885,0.7428571428571429,11.0,11.0,0.98828125,0.98046875,0.36363636363636365,13.0,True,0.20985613260977343,0.22154337860731155,40,11.0,4.0,4.0,11.0,7.5,-0.1794871794871795,-0.3333333333333333,0.6795454545454546,0.8205128205128205,2,5,37,0.8203125,0.99609375,0.796875,0.99609375,0.8203125,0.004507211538461538,0.0,0.98046875,0.46875,0.5859375,0.98828125,0.69921875,0.7578125,0.36363636363636365,global_gap_early_commit,False,11,11,,primary,global_gap_early_commit,0.98828125,0.7578125,0.99609375,5.0,5.412757107988,False,tie_fail,False,False,True,False,False,False,11,11,,primary,global_gap_early_commit,0.98828125,0.7578125,0.99609375,5.0,7.331385643221438,False,tie_fail,False,False,True,False,False,False,11,11,,primary,global_gap_early_commit,0.98828125,0.7578125,0.99609375,5.0,4.377847334370017,False,tie_fail,False,False,True,False,False
SingleLineInfilling/HumanEval/146/L7,6,<=8,False,True,True,True,False,2,6,6.0,16.0,1.1134970608520351,0.7796396866468384,0.7001721998711582,0.66015625,6.0,6.0,0.99609375,0.99609375,0.5,10.0,True,0.3338573742051968,0.2998278001288418,28,6.0,3.0,3.0,6.0,5.0,-0.1111111111111111,-0.3333333333333333,0.7738095238095238,0.8888888888888888,2,10,26,1.0,1.0,1.0,1.0,1.0,0.0,0.0,0.99609375,0.99609375,0.99609375,0.99609375,0.99609375,1.0,0.5,global_gap_early_commit,False,6,6,,primary,global_gap_early_commit,0.99609375,1.0,1.0,10.0,7.732793236151338,True,tie_pass,False,False,False,False,False,False,6,6,,primary,global_gap_early_commit,0.99609375,1.0,1.0,10.0,6.151967627927661,True,tie_pass,False,False,False,False,False,False,6,6,,primary,global_gap_early_commit,0.99609375,1.0,1.0,10.0,3.602758152410388,True,tie_pass,False,False,False,False,False
SingleLineInfilling/HumanEval/146/L9,5,<=8,False,True,True,True,False,1,3,3.0,13.0,1.0431032982905255,0.4214425378829639,0.4040276150728684,0.37,3.0,3.0,0.99609375,0.9921875,0.3333333333333333,10.0,True,0.6216607604075617,0.5959723849271317,33,3.0,1.0,1.0,3.0,2.0,-0.0625,-0.3333333333333333,0.7575757575757576,0.9375,2,21,32,0.9765625,0.9921875,0.9765625,0.9921875,0.9921875,0.00048828125,0.0,0.9765625,0.96875,0.9765625,0.984375,0.9765625,0.984375,0.3333333333333333,global_gap_early_commit,False,3,3,,primary,global_gap_early_commit,0.984375,0.984375,0.9921875,21.0,8.487996612675488,True,tie_pass,False,False,False,False,False,False,3,3,,primary,global_gap_early_commit,0.984375,0.984375,0.9921875,21.0,6.96048151794821,True,tie_pass,False,False,False,False,False,False,3,3,,primary,global_gap_early_commit,0.984375,0.984375,0.9921875,21.0,4.0322234174236655,True,tie_pass,False,False,False,False,False
SingleLineInfilling/HumanEval/147/L0,22,17-24,True,False,False,False,True,2,16,16.0,16.0,0.9641697899952024,0.9641697899952024,1.0,1.0,16.0,16.0,0.7578125,0.57421875,0.3125,0.0,False,0.0,0.0,43,16.0,5.0,5.0,16.0,10.0,-0.2619047619047619,-0.3333333333333333,0.6569767441860465,0.7380952380952381,2,4,42,0.81640625,0.890625,0.74609375,0.890625,0.87109375,0.0017671130952380952,0.0,0.578125,0.57421875,0.63671875,0.7109375,0.6796875,0.7421875,0.3125,global_gap_early_commit,False,16,16,,primary,global_gap_early_commit,0.7109375,0.7421875,0.890625,4.0,11.17071790061891,False,tie_fail,False,False,True,False,False,False,16,16,,primary,global_gap_early_commit,0.7109375,0.7421875,0.890625,4.0,8.970762060955167,False,tie_fail,False,False,True,False,False,False,16,16,,primary,global_gap_early_commit,0.7109375,0.7421875,0.890625,4.0,5.317351197823882,False,tie_fail,False,False,True,False,False
SingleLineInfilling/HumanEval/147/L1,5,<=8,False,True,True,True,False,1,5,5.0,13.0,1.0970802969011977,0.6834203317021036,0.6229446774611539,0.5882352941176471,5.0,5.0,0.9921875,0.98828125,0.6,8.0,True,0.4136599651990941,0.3770553225388461,28,5.0,3.0,3.0,5.0,4.0,-0.07407407407407407,0.0,0.7785714285714286,0.9259259259259259,3,12,19,0.99609375,0.99609375,0.99609375,0.99609375,0.99609375,0.0,0.0,0.98828125,0.98828125,0.9921875,0.9921875,0.9921875,0.99609375,0.6,global_gap_early_commit,False,5,5,,primary,global_gap_early_commit,0.9921875,0.99609375,0.99609375,12.0,9.420054354704916,True,tie_pass,False,False,False,False,False,False,5,5,,primary,global_gap_early_commit,0.9921875,0.99609375,0.99609375,12.0,7.5303975297138095,True,tie_pass,False,False,False,False,False,False,5,5,,primary,global_gap_early_commit,0.9921875,0.99609375,0.99609375,12.0,4.546641361899674,True,tie_pass,False,False,False,False,False
SingleLineInfilling/HumanEval/147/L2,8,<=8,False,True,True,True,False,4,8,8.0,15.0,1.1328838852957985,0.7260768618920688,0.6409102215294451,0.6171875,8.0,8.0,1.0,1.0,0.5,7.0,True,0.40680702340372976,0.3590897784705549,28,8.0,4.0,4.0,8.0,6.0,-0.14814814814814814,-0.3333333333333333,0.7767857142857143,0.8518518518518519,2,8,27,1.0,1.0,1.0,1.0,1.0,0.0,0.0,1.0,1.0,1.0,1.0,1.0,1.0,0.5,global_gap_early_commit,False,8,8,,primary,global_gap_early_commit,1.0,1.0,1.0,8.0,9.41625670902431,True,tie_pass,False,False,False,False,False,False,8,8,,primary,global_gap_early_commit,1.0,1.0,1.0,8.0,7.539201008155942,True,tie_pass,False,False,False,False,False,False,8,8,,primary,global_gap_early_commit,1.0,1.0,1.0,8.0,4.520177065394819,True,tie_pass,False,False,False,False,False
SingleLineInfilling/HumanEval/147/L3,11,9-12,False,False,True,True,False,0,13,11.0,13.0,1.154738274773439,1.1527022928042148,0.9982368455140853,0.98828125,11.0,13.0,0.984375,0.9765625,0.3076923076923077,0.0,False,0.0020359819692241654,0.0017631544859146864,42,13.0,4.0,4.0,13.0,9.0,-0.21951219512195122,-0.3333333333333333,0.6648351648351648,0.7804878048780488,2,4,41,0.98828125,0.99609375,0.98828125,0.99609375,0.9921875,0.00019054878048780488,0.0,0.98828125,0.9765625,0.984375,0.9921875,0.984375,0.98828125,0.3076923076923077,global_gap_early_commit,False,13,13,,primary,global_gap_early_commit,0.9921875,0.98828125,0.99609375,4.0,10.376293719746172,True,tie_pass,False,False,False,False,False,False,13,13,,primary,global_gap_early_commit,0.9921875,0.98828125,0.99609375,4.0,8.289748180657625,True,tie_pass,False,False,False,False,False,False,13,13,,primary,global_gap_early_commit,0.9921875,0.98828125,0.99609375,4.0,4.950765417888761,True,tie_pass,False,False,False,False,False
SingleLineInfilling/HumanEval/147/L4,11,9-12,False,False,False,False,False,2,13,13.0,13.0,1.1572584283488954,1.1572584283488954,1.0,0.9921875,13.0,13.0,0.95703125,0.921875,0.3076923076923077,0.0,False,0.0,0.0,42,13.0,4.0,4.0,13.0,9.0,-0.21951219512195122,-0.3333333333333333,0.6648351648351648,0.7804878048780488,2,4,41,0.9921875,0.98828125,0.98828125,0.9921875,0.9921875,-9.527439024390244e-05,0.0,0.9375,0.9375,0.98046875,0.96875,0.96875,0.98828125,0.3076923076923077,global_gap_early_commit,False,13,13,,primary,global_gap_early_commit,0.96875,0.98828125,0.9921875,4.0,11.12209251895547,False,tie_fail,False,False,False,False,False,False,13,13,,primary,global_gap_early_commit,0.96875,0.98828125,0.9921875,4.0,8.819237855263054,False,tie_fail,False,False,False,False,False,False,13,13,,primary,global_gap_early_commit,0.96875,0.98828125,0.9921875,4.0,5.300884829834104,False,tie_fail,False,False,False,False,False
SingleLineInfilling/HumanEval/147/L5,19,17-24,True,False,True,True,False,1,22,4.0,20.0,0.9551380627670432,0.8836568300573779,0.9251613609632691,0.84,4.0,22.0,0.96875,0.9453125,0.36363636363636365,-2.0,False,0.07148123270966522,0.07483863903673094,40,22.0,8.0,8.0,22.0,15.0,-0.358974358974359,-0.3333333333333333,0.6795454545454546,0.6410256410256411,2,2,39,0.96875,0.98828125,0.96484375,0.98828125,0.984375,0.000500801282051282,0.0,0.94921875,0.94140625,0.953125,0.96875,0.9609375,0.97265625,0.36363636363636365,global_gap_early_commit,False,22,22,,primary,global_gap_early_commit,0.96875,0.97265625,0.98828125,2.0,12.845169615000486,True,tie_pass,False,False,False,False,False,False,22,22,,primary,global_gap_early_commit,0.96875,0.97265625,0.98828125,2.0,9.355604647658765,True,tie_pass,False,False,False,False,False,False,22,22,,primary,global_gap_early_commit,0.96875,0.97265625,0.98828125,2.0,6.151689282618463,True,tie_pass,False,False,False,False,False
SingleLineInfilling/HumanEval/147/L6,15,13-16,False,False,True,True,False,2,14,14.0,14.0,1.0754632612419188,1.0754632612419188,1.0,1.0,14.0,14.0,0.7578125,0.515625,0.35714285714285715,0.0,False,0.0,0.0,40,14.0,5.0,5.0,14.0,9.5,-0.23076923076923078,-0.3333333333333333,0.6785714285714286,0.7692307692307693,2,4,38,0.91796875,0.9140625,0.90234375,0.921875,0.91796875,-0.00010016025641025641,-0.001953125,0.515625,0.515625,0.75390625,0.7578125,0.7578125,0.86328125,0.35714285714285715,global_gap_early_commit,False,14,14,,primary,global_gap_early_commit,0.7578125,0.86328125,0.921875,4.0,10.756509902887046,True,tie_pass,False,False,False,False,False,False,14,14,,primary,global_gap_early_commit,0.7578125,0.86328125,0.921875,4.0,6.669322376139462,True,tie_pass,False,False,False,False,False,False,14,14,,primary,global_gap_early_commit,0.7578125,0.86328125,0.921875,4.0,5.158640842884779,True,tie_pass,False,False,False,False,False
SingleLineInfilling/HumanEval/147/L7,6,<=8,False,True,True,True,False,1,5,5.0,14.0,0.7442936916231656,0.4118795468586072,0.5533830952676421,0.5202312138728323,5.0,5.0,0.9140625,0.88671875,0.6,9.0,True,0.3324141447645584,0.44661690473235793,28,5.0,3.0,3.0,5.0,4.0,-0.07407407407407407,0.0,0.7785714285714286,0.9259259259259259,3,12,19,0.67578125,0.9453125,0.67578125,0.9453125,0.890625,0.009982638888888888,0.0,0.88671875,0.59765625,0.828125,0.9140625,0.67578125,0.86328125,0.6,global_gap_early_commit,False,5,5,,primary,global_gap_early_commit,0.9140625,0.86328125,0.9453125,12.0,9.087746603414416,True,tie_pass,False,False,False,False,False,False,5,5,,primary,global_gap_early_commit,0.9140625,0.86328125,0.9453125,12.0,5.864769222214818,True,tie_pass,False,False,False,False,False,False,5,5,,primary,global_gap_early_commit,0.9140625,0.86328125,0.9453125,12.0,4.47267053835094,True,tie_pass,False,False,False,False,False
SingleLineInfilling/HumanEval/148/L0,36,25+,True,False,False,False,True,0,4,4.0,13.0,0.7301499857596953,0.44650128337870765,0.6115199508141315,0.5697674418604651,4.0,4.0,,,0.0,9.0,True,0.2836487023809876,0.38848004918586854,56,4.0,0.0,0.0,4.0,2.0,-0.07272727272727272,-0.3333333333333333,0.5625,0.9272727272727272,2,16,55,0.671875,0.77734375,0.671875,0.77734375,0.75390625,0.0019176136363636364,0.0,0.0068359375,0.0068359375,0.4375,0.11474609375,0.11474609375,0.5078125,0.0,no_remaining_masks,False,4,4,,primary,no_remaining_masks,0.11474609375,0.5078125,0.77734375,16.0,14.53850517515093,False,tie_fail,False,False,True,False,False,False,4,4,,primary,no_remaining_masks,0.11474609375,0.5078125,0.77734375,16.0,8.900833282619715,False,tie_fail,False,False,True,False,False,True,24,4,24,rescue,no_remaining_masks,0.11474609375,0.5078125,0.77734375,16.0,10.744963683187962,False,tie_fail,False,False,False,True,False
SingleLineInfilling/HumanEval/148/L1,23,17-24,True,False,True,True,False,1,20,20.0,20.0,1.103402179330906,1.103402179330906,1.0,0.959349593495935,20.0,20.0,0.99609375,0.98828125,0.35,0.0,False,0.0,0.0,41,20.0,7.0,7.0,20.0,13.0,-0.325,-0.3333333333333333,0.6719512195121952,0.675,2,3,40,0.921875,0.91015625,0.90625,0.97265625,0.9296875,-0.00029296875,0.0,0.70703125,0.70703125,0.8671875,0.83203125,0.83203125,0.9140625,0.35,global_gap_early_commit,False,20,20,,primary,global_gap_early_commit,0.83203125,0.9140625,0.97265625,3.0,11.73450715560466,True,tie_pass,False,False,False,False,False,False,20,20,,primary,global_gap_early_commit,0.83203125,0.9140625,0.97265625,3.0,7.367561885155737,True,tie_pass,False,False,False,False,False,False,20,20,,primary,global_gap_early_commit,0.83203125,0.9140625,0.97265625,3.0,5.633607087656856,True,tie_pass,False,False,False,False,False
SingleLineInfilling/HumanEval/148/L2,4,<=8,False,True,True,True,False,4,4,4.0,13.0,1.078244746412573,0.4647258255574304,0.4310021700579754,0.4015748031496063,4.0,4.0,0.984375,0.98046875,0.5,9.0,True,0.6135189208551426,0.5689978299420246,28,4.0,2.0,2.0,4.0,3.0,-0.07407407407407407,0.0,0.7767857142857143,0.9259259259259259,3,14,23,0.9921875,0.9921875,0.9921875,0.9921875,0.9921875,0.0,0.0,0.98046875,0.98046875,0.984375,0.984375,0.984375,0.98828125,0.5,global_gap_early_commit,False,4,4,,primary,global_gap_early_commit,0.984375,0.98828125,0.9921875,14.0,9.924121817573905,True,tie_pass,False,False,False,False,False,False,4,4,,primary,global_gap_early_commit,0.984375,0.98828125,0.9921875,14.0,6.365209915675223,True,tie_pass,False,False,False,False,False,False,4,4,,primary,global_gap_early_commit,0.984375,0.98828125,0.9921875,14.0,4.88986015226692,True,tie_pass,False,False,False,False,False
SingleLineInfilling/HumanEval/148/L3,13,13-16,False,False,True,True,False,2,13,13.0,13.0,1.1663706994382568,1.1663706994382568,1.0,1.0,13.0,13.0,1.0,1.0,0.3076923076923077,0.0,False,0.0,0.0,42,13.0,4.0,4.0,13.0,9.0,-0.21951219512195122,-0.3333333333333333,0.6648351648351648,0.7804878048780488,2,4,41,1.0,1.0,1.0,1.0,1.0,0.0,0.0,1.0,1.0,1.0,1.0,1.0,1.0,0.3076923076923077,global_gap_early_commit,False,13,13,,primary,global_gap_early_commit,1.0,1.0,1.0,4.0,12.088917295448482,True,tie_pass,False,False,False,False,False,False,13,13,,primary,global_gap_early_commit,1.0,1.0,1.0,4.0,7.490052224136889,True,tie_pass,False,False,False,False,False,False,13,13,,primary,global_gap_early_commit,1.0,1.0,1.0,4.0,5.7435113955289125,True,tie_pass,False,False,False,False,False
SingleLineInfilling/HumanEval/148/L4,13,13-16,False,False,True,True,False,0,28,13.0,13.0,1.1663706994382568,1.1663706994382568,1.0,1.0,13.0,28.0,0.94140625,0.88671875,0.35714285714285715,-15.0,False,0.0,0.0,40,28.0,10.0,10.0,28.0,19.0,-0.46153846153846156,-0.6666666666666666,0.6794642857142857,0.5384615384615384,1,2,39,0.94921875,0.96875,0.93359375,0.984375,0.94921875,0.000500801282051282,-0.0078125,0.8984375,0.88671875,0.91015625,0.9453125,0.9140625,0.92578125,0.35714285714285715,global_gap_early_commit,False,28,28,,primary,global_gap_early_commit,0.9453125,0.92578125,0.984375,2.0,11.796607739292085,True,tie_pass,False,False,False,False,False,False,28,28,,primary,global_gap_early_commit,0.9453125,0.92578125,0.984375,2.0,7.5204525627195835,True,tie_pass,False,False,False,False,False,False,28,28,,primary,global_gap_early_commit,0.9453125,0.92578125,0.984375,2.0,5.730283707380295,True,tie_pass,False,False,False,False,False
SingleLineInfilling/HumanEval/148/L5,11,9-12,False,False,True,True,False,1,11,11.0,14.0,1.13218479284427,0.8329119725362947,0.735667867825584,0.7165354330708661,11.0,11.0,0.91015625,0.83203125,0.36363636363636365,3.0,True,0.2992728203079754,0.264332132174416,40,11.0,4.0,4.0,11.0,7.5,-0.1794871794871795,-0.3333333333333333,0.6795454545454546,0.8205128205128205,2,5,37,0.98046875,0.96875,0.96875,0.98046875,0.97265625,-0.00030048076923076925,0.0,0.83203125,0.83203125,0.9296875,0.91015625,0.91015625,0.96484375,0.36363636363636365,global_gap_early_commit,False,11,11,,primary,global_gap_early_commit,0.91015625,0.96484375,0.98046875,5.0,6.560723451897502,True,tie_pass,False,False,False,False,False,False,11,11,,primary,global_gap_early_commit,0.91015625,0.96484375,0.98046875,5.0,7.602277150377631,True,tie_pass,False,False,False,False,False,False,11,11,,primary,global_gap_early_commit,0.91015625,0.96484375,0.98046875,5.0,5.856551866047084,True,tie_pass,False,False,False,False,False
SingleLineInfilling/HumanEval/148/L6,18,17-24,True,False,False,False,True,2,15,15.0,15.0,1.1626420636626165,1.1626420636626165,1.0,0.98828125,15.0,15.0,0.97265625,0.9453125,0.3333333333333333,0.0,False,0.0,0.0,41,15.0,5.0,5.0,15.0,10.0,-0.25,-0.3333333333333333,0.6731707317073171,0.75,2,4,40,0.98828125,0.98828125,0.98828125,0.9921875,0.9921875,0.0,0.0,0.94921875,0.94921875,0.9765625,0.9765625,0.9765625,0.98828125,0.3333333333333333,global_gap_early_commit,False,15,15,,primary,global_gap_early_commit,0.9765625,0.98828125,0.9921875,4.0,5.701559658162296,False,tie_fail,False,False,True,False,False,False,15,15,,primary,global_gap_early_commit,0.9765625,0.98828125,0.9921875,4.0,7.0735034346580505,False,tie_fail,False,False,True,False,False,False,15,15,,primary,global_gap_early_commit,0.9765625,0.98828125,0.9921875,4.0,5.625748856924474,False,tie_fail,False,False,True,False,False
SingleLineInfilling/HumanEval/148/L7,4,<=8,False,True,True,True,False,2,4,4.0,13.0,1.086734862526058,0.8155482624978436,0.7504574396390897,0.69921875,4.0,4.0,1.0,0.99609375,0.5,9.0,True,0.2711866000282144,0.24954256036091027,28,4.0,2.0,2.0,4.0,3.0,-0.07407407407407407,0.0,0.7767857142857143,0.9259259259259259,3,14,23,1.0,1.0,1.0,1.0,1.0,0.0,0.0,0.99609375,0.99609375,0.99609375,1.0,1.0,1.0,0.5,global_gap_early_commit,False,4,4,,primary,global_gap_early_commit,1.0,1.0,1.0,14.0,4.9008942088112235,True,tie_pass,False,False,False,False,False,False,4,4,,primary,global_gap_early_commit,1.0,1.0,1.0,14.0,6.068532340228558,True,tie_pass,False,False,False,False,False,False,4,4,,primary,global_gap_early_commit,1.0,1.0,1.0,14.0,4.873940731398761,True,tie_pass,False,False,False,False,False
SingleLineInfilling/HumanEval/148/L8,18,17-24,True,False,False,False,True,3,12,7.0,13.0,1.075553459360285,0.943120057748903,0.8768695312549593,0.828,7.0,12.0,0.796875,0.640625,0.25,1.0,True,0.13243340161138195,0.12313046874504074,46,12.0,3.0,3.0,12.0,8.0,-0.2,-0.3333333333333333,0.6322463768115942,0.8,2,5,45,0.890625,0.8984375,0.875,0.90234375,0.89453125,0.00017361111111111112,0.0,0.44921875,0.44921875,0.71484375,0.69140625,0.69140625,0.8359375,0.25,global_gap_early_commit,False,12,12,,primary,global_gap_early_commit,0.69140625,0.8359375,0.90234375,5.0,6.284126963466406,False,tie_fail,False,False,True,False,False,False,12,12,,primary,global_gap_early_commit,0.69140625,0.8359375,0.90234375,5.0,6.3082274394109845,False,tie_fail,False,False,True,False,False,False,12,12,,primary,global_gap_early_commit,0.69140625,0.8359375,0.90234375,5.0,6.232105194590986,False,tie_fail,False,False,True,False,False
SingleLineInfilling/HumanEval/149/L0,5,<=8,False,True,False,False,False,2,6,4.0,13.0,0.7556203341001497,0.3417101658510518,0.4522246827277171,0.42134831460674155,4.0,6.0,0.7265625,0.56640625,0.3333333333333333,7.0,True,0.41391016824909793,0.5477753172722829,38,6.0,2.0,2.0,6.0,4.0,-0.10810810810810811,-0.3333333333333333,0.6973684210526315,0.8918918918918919,2,10,37,0.671875,0.7265625,0.671875,0.75390625,0.73046875,0.0014780405405405406,0.0,0.296875,0.296875,0.5234375,0.45703125,0.45703125,0.62890625,0.3333333333333333,global_gap_early_commit,False,6,6,,primary,global_gap_early_commit,0.45703125,0.62890625,0.75390625,10.0,4.46894574072212,False,tie_fail,False,False,False,False,False,False,6,6,,primary,global_gap_early_commit,0.45703125,0.62890625,0.75390625,10.0,4.449806756339967,False,tie_fail,False,False,False,False,False,False,6,6,,primary,global_gap_early_commit,0.45703125,0.62890625,0.75390625,10.0,4.452504642307758,False,tie_fail,False,False,False,False,False
SingleLineInfilling/HumanEval/149/L1,7,<=8,False,True,True,True,False,2,7,7.0,20.0,1.119453600558664,1.0332706848819075,0.9230134097261854,0.86328125,7.0,7.0,0.99609375,0.9921875,0.5714285714285714,13.0,True,0.0861829156767564,0.0769865902738146,28,7.0,4.0,4.0,7.0,5.0,-0.1111111111111111,0.0,0.7704081632653061,0.8888888888888888,3,8,22,0.99609375,0.99609375,0.99609375,0.99609375,0.99609375,0.0,0.0,0.9921875,0.9921875,0.9921875,0.99609375,0.99609375,0.99609375,0.5714285714285714,global_gap_early_commit,False,7,7,,primary,global_gap_early_commit,0.99609375,0.99609375,0.99609375,8.0,3.9794656867161393,True,tie_pass,False,False,False,False,False,False,7,7,,primary,global_gap_early_commit,0.99609375,0.99609375,0.99609375,8.0,3.9793203826993704,True,tie_pass,False,False,False,False,False,False,7,7,,primary,global_gap_early_commit,0.99609375,0.99609375,0.99609375,8.0,3.994831052608788,True,tie_pass,False,False,False,False,False
SingleLineInfilling/HumanEval/149/L2,7,<=8,False,True,True,True,False,0,7,7.0,14.0,1.1238436146785018,0.7596889419836533,0.6759738917954147,0.6484375,7.0,7.0,1.0,1.0,0.5714285714285714,7.0,True,0.36415467269484847,0.32402610820458533,28,7.0,4.0,4.0,7.0,5.0,-0.1111111111111111,0.0,0.7704081632653061,0.8888888888888888,3,8,22,1.0,1.0,1.0,1.0,1.0,0.0,0.0,1.0,1.0,1.0,1.0,1.0,1.0,0.5714285714285714,global_gap_early_commit,False,7,7,,primary,global_gap_early_commit,1.0,1.0,1.0,8.0,3.697091294452548,True,tie_pass,False,False,False,False,False,False,7,7,,primary,global_gap_early_commit,1.0,1.0,1.0,8.0,3.7621346935629845,True,tie_pass,False,False,False,False,False,False,7,7,,primary,global_gap_early_commit,1.0,1.0,1.0,8.0,3.6702015288174152,True,tie_pass,False,False,False,False,False
SingleLineInfilling/HumanEval/149/L3,11,9-12,False,False,True,True,False,0,13,13.0,13.0,1.1390338861701725,1.1390338861701725,1.0,1.0,13.0,13.0,0.953125,0.9140625,0.3076923076923077,0.0,False,0.0,0.0,42,13.0,4.0,4.0,13.0,9.0,-0.21951219512195122,-0.3333333333333333,0.6648351648351648,0.7804878048780488,2,4,41,0.9765625,0.98828125,0.97265625,0.98828125,0.984375,0.0002858231707317073,0.0,0.93359375,0.93359375,0.953125,0.96484375,0.96484375,0.9765625,0.3076923076923077,global_gap_early_commit,False,13,13,,primary,global_gap_early_commit,0.96484375,0.9765625,0.98828125,4.0,4.604702091775835,True,tie_pass,False,False,False,False,False,False,13,13,,primary,global_gap_early_commit,0.96484375,0.9765625,0.98828125,4.0,4.6055645095184445,True,tie_pass,False,False,False,False,False,False,13,13,,primary,global_gap_early_commit,0.96484375,0.9765625,0.98828125,4.0,4.583278076723218,True,tie_pass,False,False,False,False,False
SingleLineInfilling/HumanEval/149/L4,8,<=8,False,True,True,True,False,1,8,8.0,14.0,1.1328838852957985,0.7825711390313538,0.6907778892335666,0.66796875,8.0,8.0,1.0,1.0,0.5,6.0,True,0.35031274626444475,0.30922211076643336,28,8.0,4.0,4.0,8.0,6.0,-0.14814814814814814,-0.3333333333333333,0.7767857142857143,0.8518518518518519,2,8,27,1.0,1.0,1.0,1.0,1.0,0.0,0.0,1.0,1.0,1.0,1.0,1.0,1.0,0.5,global_gap_early_commit,False,8,8,,primary,global_gap_early_commit,1.0,1.0,1.0,8.0,3.6492966767400503,True,tie_pass,False,False,False,False,False,False,8,8,,primary,global_gap_early_commit,1.0,1.0,1.0,8.0,3.62355500459671,True,tie_pass,False,False,False,False,False,False,8,8,,primary,global_gap_early_commit,1.0,1.0,1.0,8.0,3.6164651792496443,True,tie_pass,False,False,False,False,False
SingleLineInfilling/HumanEval/149/L5,12,9-12,False,False,False,False,False,0,3,3.0,13.0,0.6926205900649088,0.34398823362339215,0.4966474265386123,0.45481927710843373,3.0,3.0,0.9921875,0.98828125,0.3333333333333333,10.0,True,0.3486323564415167,0.5033525734613877,33,3.0,1.0,1.0,3.0,2.0,-0.0625,-0.3333333333333333,0.7575757575757576,0.9375,2,21,32,0.6484375,0.71484375,0.6484375,0.71484375,0.71484375,0.0020751953125,0.0,0.203125,0.203125,0.203125,0.57421875,0.57421875,0.57421875,0.3333333333333333,global_gap_early_commit,False,3,3,,primary,global_gap_early_commit,0.57421875,0.57421875,0.71484375,21.0,4.186208745464683,False,tie_fail,False,False,False,False,False,False,3,3,,primary,global_gap_early_commit,0.57421875,0.57421875,0.71484375,21.0,4.172356481663883,False,tie_fail,False,False,False,False,False,True,24,3,24,rescue,global_gap_early_commit,0.57421875,0.57421875,0.71484375,21.0,7.4264485109597445,False,tie_fail,False,False,False,False,False
SingleLineInfilling/HumanEval/15/L0,19,17-24,True,False,False,False,True,3,3,3.0,14.0,0.5298964755315869,0.2883156828010251,0.5440981325867277,0.49606299212598426,3.0,3.0,,,0.0,11.0,True,0.24158079273056182,0.4559018674132723,54,3.0,0.0,0.0,3.0,2.0,-0.05660377358490566,-0.3333333333333333,0.5864197530864198,0.9433962264150944,2,21,53,0.49609375,0.73046875,0.49609375,0.73046875,0.5,0.004422169811320755,0.0,0.0615234375,0.0615234375,0.166015625,0.197265625,0.197265625,0.25,0.0,no_remaining_masks,True,32,3,32,rescue,no_remaining_masks,0.197265625,0.25,0.73046875,21.0,5.548423889093101,False,tie_fail,False,False,False,True,False,True,24,3,24,rescue,no_remaining_masks,0.197265625,0.25,0.73046875,21.0,5.5108084352687,False,tie_fail,False,False,False,True,False,True,24,3,24,rescue,no_remaining_masks,0.197265625,0.25,0.73046875,21.0,4.889692537486553,False,tie_fail,False,False,False,True,False
SingleLineInfilling/HumanEval/150/L0,8,<=8,False,True,False,False,False,1,6,6.0,20.0,1.096098669276222,0.9678146233961759,0.8829630493350066,0.8214285714285714,6.0,6.0,0.984375,0.9765625,0.5,14.0,True,0.12828404588004616,0.11703695066499342,28,6.0,3.0,3.0,6.0,5.0,-0.1111111111111111,-0.3333333333333333,0.7738095238095238,0.8888888888888888,2,10,26,0.984375,0.9921875,0.98046875,0.9921875,0.984375,0.00028935185185185184,0.00390625,0.9765625,0.96484375,0.97265625,0.984375,0.9765625,0.98046875,0.5,global_gap_early_commit,False,6,6,,primary,global_gap_early_commit,0.984375,0.98046875,0.9921875,10.0,2.6536581851541996,False,tie_fail,False,False,False,False,False,False,6,6,,primary,global_gap_early_commit,0.984375,0.98046875,0.9921875,10.0,2.6542301177978516,False,tie_fail,False,False,False,False,False,False,6,6,,primary,global_gap_early_commit,0.984375,0.98046875,0.9921875,10.0,2.673778560012579,False,tie_fail,False,False,False,False,False
SingleLineInfilling/HumanEval/150/L1,4,<=8,False,True,True,True,False,4,6,4.0,16.0,1.078244746412573,1.0610480942530935,0.9840512534684779,0.905511811023622,4.0,6.0,0.88671875,0.83203125,0.5,10.0,True,0.01719665215947952,0.015948746531522118,28,6.0,3.0,3.0,6.0,5.0,-0.1111111111111111,-0.3333333333333333,0.7738095238095238,0.8888888888888888,2,10,26,0.93359375,0.9453125,0.93359375,0.9453125,0.9375,0.00043402777777777775,0.00390625,0.83203125,0.83203125,0.89453125,0.88671875,0.88671875,0.921875,0.5,global_gap_early_commit,False,6,6,,primary,global_gap_early_commit,0.88671875,0.921875,0.9453125,10.0,2.4988725828006864,True,tie_pass,False,False,False,False,False,False,6,6,,primary,global_gap_early_commit,0.88671875,0.921875,0.9453125,10.0,2.5157030588015914,True,tie_pass,False,False,False,False,False,False,6,6,,primary,global_gap_early_commit,0.88671875,0.921875,0.9453125,10.0,2.531637771986425,True,tie_pass,False,False,False,False,False
SingleLineInfilling/HumanEval/150/L2,11,9-12,False,False,True,True,False,1,11,11.0,13.0,1.13218479284427,0.883890295668054,0.7806943718503305,0.7607843137254902,11.0,11.0,0.984375,0.97265625,0.36363636363636365,2.0,True,0.2482944971762161,0.21930562814966947,40,11.0,4.0,4.0,11.0,7.5,-0.1794871794871795,-0.3333333333333333,0.6795454545454546,0.8205128205128205,2,5,37,0.98046875,0.98046875,0.97265625,0.98046875,0.98046875,0.0,0.00390625,0.97265625,0.96875,0.9765625,0.984375,0.98046875,0.984375,0.36363636363636365,global_gap_early_commit,False,11,11,,primary,global_gap_early_commit,0.984375,0.984375,0.98046875,5.0,3.303209414705634,True,tie_pass,False,False,False,False,False,False,11,11,,primary,global_gap_early_commit,0.984375,0.984375,0.98046875,5.0,3.328937486745417,True,tie_pass,False,False,False,False,False,False,11,11,,primary,global_gap_early_commit,0.984375,0.984375,0.98046875,5.0,3.306607147678733,True,tie_pass,False,False,False,False,False
SingleLineInfilling/HumanEval/150/L3,10,9-12,False,False,True,True,False,3,10,10.0,15.0,1.1212437709930496,0.6387638215379593,0.5696921918881446,0.556,10.0,10.0,0.9453125,0.890625,0.3,5.0,True,0.4824799494550903,0.4303078081118554,42,10.0,3.0,3.0,10.0,7.0,-0.17073170731707318,-0.3333333333333333,0.6666666666666666,0.8292682926829268,2,6,41,0.9765625,0.984375,0.9765625,0.984375,0.98046875,0.00019054878048780488,0.0,0.9140625,0.9140625,0.9453125,0.95703125,0.95703125,0.96875,0.3,global_gap_early_commit,False,10,10,,primary,global_gap_early_commit,0.95703125,0.96875,0.984375,6.0,3.4294070824980736,True,tie_pass,False,False,False,False,False,False,10,10,,primary,global_gap_early_commit,0.95703125,0.96875,0.984375,6.0,3.426657666452229,True,tie_pass,False,False,False,False,False,False,10,10,,primary,global_gap_early_commit,0.95703125,0.96875,0.984375,6.0,3.4260210189968348,True,tie_pass,False,False,False,False,False
SingleLineInfilling/HumanEval/150/L4,4,<=8,False,True,True,True,False,1,4,4.0,13.0,1.086734862526058,0.5467362653616828,0.5030999595345853,0.46875,4.0,4.0,1.0,1.0,0.5,9.0,True,0.5399985971643751,0.4969000404654147,28,4.0,2.0,2.0,4.0,3.0,-0.07407407407407407,0.0,0.7767857142857143,0.9259259259259259,3,14,23,1.0,1.0,1.0,1.0,1.0,0.0,0.0,1.0,1.0,1.0,1.0,1.0,1.0,0.5,global_gap_early_commit,False,4,4,,primary,global_gap_early_commit,1.0,1.0,1.0,14.0,2.6763348784297705,True,tie_pass,False,False,False,False,False,False,4,4,,primary,global_gap_early_commit,1.0,1.0,1.0,14.0,2.720911399461329,True,tie_pass,False,False,False,False,False,False,4,4,,primary,global_gap_early_commit,1.0,1.0,1.0,14.0,3.301554352976382,True,tie_pass,False,False,False,False,False
SingleLineInfilling/HumanEval/150/L5,3,<=8,False,True,True,True,False,3,7,3.0,14.0,1.0514481246768497,0.7459596237550331,0.70945927454509,0.6468253968253969,3.0,7.0,0.890625,0.79296875,0.5714285714285714,7.0,True,0.30548850092181656,0.29054072545491005,28,7.0,4.0,4.0,7.0,5.0,-0.1111111111111111,0.0,0.7704081632653061,0.8888888888888888,3,8,22,0.9140625,0.9375,0.91015625,0.94140625,0.92578125,0.0008680555555555555,0.0,0.79296875,0.79296875,0.845703125,0.890625,0.890625,0.90625,0.5714285714285714,global_gap_early_commit,False,7,7,,primary,global_gap_early_commit,0.890625,0.90625,0.94140625,8.0,2.4518350418657064,True,tie_pass,False,False,False,False,False,False,7,7,,primary,global_gap_early_commit,0.890625,0.90625,0.94140625,8.0,2.4616400990635157,True,tie_pass,False,False,False,False,False,False,7,7,,primary,global_gap_early_commit,0.890625,0.90625,0.94140625,8.0,3.1164019852876663,True,tie_pass,False,False,False,False,False
SingleLineInfilling/HumanEval/150/L6,4,<=8,False,True,True,True,False,3,4,4.0,16.0,1.086734862526058,0.49131140016501945,0.45209868304306716,0.416015625,4.0,4.0,1.0,1.0,0.5,12.0,True,0.5954234623610386,0.5479013169569329,28,4.0,2.0,2.0,4.0,3.0,-0.07407407407407407,0.0,0.7767857142857143,0.9259259259259259,3,14,23,1.0,1.0,1.0,1.0,1.0,0.0,0.0,1.0,0.99609375,0.99609375,1.0,1.0,1.0,0.5,global_gap_early_commit,False,4,4,,primary,global_gap_early_commit,1.0,1.0,1.0,14.0,2.695187935605645,True,tie_pass,False,False,False,False,False,False,4,4,,primary,global_gap_early_commit,1.0,1.0,1.0,14.0,2.6893534073606133,True,tie_pass,False,False,False,False,False,False,4,4,,primary,global_gap_early_commit,1.0,1.0,1.0,14.0,3.4738342221826315,True,tie_pass,False,False,False,False,False
SingleLineInfilling/HumanEval/150/L7,4,<=8,False,True,True,True,False,0,3,3.0,13.0,1.0597929510631738,0.45561355446806906,0.42990808158423965,0.3937007874015748,3.0,3.0,0.99609375,0.99609375,0.3333333333333333,10.0,True,0.6041793965951048,0.5700919184157603,33,3.0,1.0,1.0,3.0,2.0,-0.0625,-0.3333333333333333,0.7575757575757576,0.9375,2,21,32,0.9921875,0.99609375,0.9921875,0.99609375,0.99609375,0.0001220703125,0.0,0.99609375,0.9921875,0.99609375,0.99609375,0.9921875,0.99609375,0.3333333333333333,global_gap_early_commit,False,3,3,,primary,global_gap_early_commit,0.99609375,0.99609375,0.99609375,21.0,2.923899982124567,True,tie_pass,False,False,False,False,False,False,3,3,,primary,global_gap_early_commit,0.99609375,0.99609375,0.99609375,21.0,2.9025209983810782,True,tie_pass,False,False,False,False,False,False,3,3,,primary,global_gap_early_commit,0.99609375,0.99609375,0.99609375,21.0,3.802178676240146,True,tie_pass,False,False,False,False,False
SingleLineInfilling/HumanEval/151/L0,30,25+,True,False,False,False,True,2,3,3.0,13.0,0.4860861370033848,0.25969972604679936,0.534266884564517,0.4892703862660944,3.0,3.0,,,0.0,10.0,True,0.22638641095658546,0.465733115435483,54,3.0,0.0,0.0,3.0,2.0,-0.05660377358490566,-0.3333333333333333,0.5864197530864198,0.9433962264150944,2,21,53,0.455078125,0.8046875,0.455078125,0.8046875,0.478515625,0.006596403301886792,0.0,0.130859375,0.0927734375,0.130859375,0.41796875,0.21875,0.41796875,0.0,no_remaining_masks,True,32,3,32,rescue,no_remaining_masks,0.41796875,0.41796875,0.8046875,21.0,5.7084181029349566,False,tie_fail,False,False,False,True,False,True,24,3,24,rescue,no_remaining_masks,0.41796875,0.41796875,0.8046875,21.0,6.485913233831525,False,tie_fail,False,False,False,True,False,True,24,3,24,rescue,no_remaining_masks,0.41796875,0.41796875,0.8046875,21.0,8.485410540364683,False,tie_fail,False,False,False,True,False
SingleLineInfilling/HumanEval/152/L0,18,17-24,True,False,False,False,True,3,3,3.0,13.0,0.4005516665435618,0.19819189619361005,0.49479733264836084,0.453125,3.0,3.0,,,0.0,10.0,True,0.20235977034995173,0.5052026673516392,54,3.0,0.0,0.0,3.0,2.0,-0.05660377358490566,-0.3333333333333333,0.5864197530864198,0.9433962264150944,2,21,53,0.375,0.71484375,0.375,0.71484375,0.45703125,0.006412146226415095,0.0,0.0908203125,0.0908203125,0.1279296875,0.171875,0.171875,0.1875,0.0,no_remaining_masks,True,32,3,32,rescue,no_remaining_masks,0.171875,0.1875,0.71484375,21.0,9.136157173663378,False,tie_fail,False,False,False,True,False,True,24,3,24,rescue,no_remaining_masks,0.171875,0.1875,0.71484375,21.0,9.263420880772173,False,tie_fail,False,False,False,True,False,True,24,3,24,rescue,no_remaining_masks,0.171875,0.1875,0.71484375,21.0,12.191805802285671,False,tie_fail,False,False,False,True,False
SingleLineInfilling/HumanEval/153/L0,8,<=8,False,True,True,True,False,3,8,8.0,13.0,1.1284585576188617,0.9340077866595415,0.8276846148700162,0.803921568627451,8.0,8.0,1.0,1.0,0.5,5.0,True,0.19445077095932017,0.1723153851299838,28,8.0,4.0,4.0,8.0,6.0,-0.14814814814814814,-0.3333333333333333,0.7767857142857143,0.8518518518518519,2,8,27,0.99609375,1.0,0.99609375,1.0,1.0,0.00014467592592592592,0.0,1.0,0.99609375,1.0,1.0,0.99609375,1.0,0.5,global_gap_early_commit,False,8,8,,primary,global_gap_early_commit,1.0,1.0,1.0,8.0,5.332442581653595,True,tie_pass,False,False,False,False,False,False,8,8,,primary,global_gap_early_commit,1.0,1.0,1.0,8.0,5.34111253451556,True,tie_pass,False,False,False,False,False,False,8,8,,primary,global_gap_early_commit,1.0,1.0,1.0,8.0,6.868406906723976,True,tie_pass,False,False,False,False,False
SingleLineInfilling/HumanEval/153/L1,48,25+,True,False,False,False,True,1,7,7.0,13.0,1.0404333464015818,0.706201009425507,0.6787566083574283,0.6512605042016807,7.0,7.0,0.859375,0.7265625,0.5714285714285714,6.0,True,0.3342323369760748,0.32124339164257165,28,7.0,4.0,4.0,7.0,5.0,-0.1111111111111111,0.0,0.7704081632653061,0.8888888888888888,3,8,22,0.92578125,0.921875,0.921875,0.9296875,0.923828125,-0.00014467592592592592,0.0,0.7265625,0.7265625,0.814453125,0.859375,0.859375,0.904296875,0.5714285714285714,global_gap_early_commit,False,7,7,,primary,global_gap_early_commit,0.859375,0.904296875,0.9296875,8.0,4.93615454621613,False,tie_fail,False,False,True,False,False,False,7,7,,primary,global_gap_early_commit,0.859375,0.904296875,0.9296875,8.0,4.962105292826891,False,tie_fail,False,False,True,False,False,False,7,7,,primary,global_gap_early_commit,0.859375,0.904296875,0.9296875,8.0,6.356407827697694,False,tie_fail,False,False,True,False,False
SingleLineInfilling/HumanEval/153/L2,7,<=8,False,True,True,True,False,2,10,10.0,16.0,1.1346986962449663,0.5512836837532378,0.4858414710245009,0.466796875,10.0,10.0,0.9921875,0.984375,0.3,6.0,True,0.5834150124917286,0.5141585289754991,42,10.0,3.0,3.0,10.0,7.0,-0.17073170731707318,-0.3333333333333333,0.6666666666666666,0.8292682926829268,2,6,41,0.98828125,0.99609375,0.98828125,0.99609375,0.99609375,0.00019054878048780488,0.0,0.98828125,0.98046875,0.98828125,0.9921875,0.98828125,0.9921875,0.3,global_gap_early_commit,False,10,10,,primary,global_gap_early_commit,0.9921875,0.9921875,0.99609375,6.0,9.282827003858984,True,tie_pass,False,False,False,False,False,False,10,10,,primary,global_gap_early_commit,0.9921875,0.9921875,0.99609375,6.0,6.915866911411285,True,tie_pass,False,False,False,False,False,False,10,10,,primary,global_gap_early_commit,0.9921875,0.9921875,0.99609375,6.0,8.830726936459541,True,tie_pass,False,False,False,False,False
SingleLineInfilling/HumanEval/153/L3,41,25+,True,False,False,False,True,2,7,4.0,15.0,1.006078759447952,0.6387638215379593,0.6349043904758082,0.5864978902953587,4.0,7.0,0.796875,0.765625,0.5714285714285714,8.0,True,0.3673149379099928,0.36509560952419184,28,7.0,4.0,4.0,7.0,5.0,-0.1111111111111111,0.0,0.7704081632653061,0.8888888888888888,3,8,22,0.859375,0.8828125,0.859375,0.8828125,0.873046875,0.0008680555555555555,0.0,0.765625,0.765625,0.814453125,0.796875,0.796875,0.837890625,0.5714285714285714,global_gap_early_commit,False,7,7,,primary,global_gap_early_commit,0.796875,0.837890625,0.8828125,8.0,11.353897775523365,False,tie_fail,False,False,True,False,False,False,7,7,,primary,global_gap_early_commit,0.796875,0.837890625,0.8828125,8.0,5.557881498709321,False,tie_fail,False,False,True,False,False,False,7,7,,primary,global_gap_early_commit,0.796875,0.837890625,0.8828125,8.0,7.168918448500335,False,tie_fail,False,False,True,False,False
SingleLineInfilling/HumanEval/153/L4,8,<=8,False,True,True,True,False,2,8,8.0,13.0,1.0311013487262541,0.7472062293276333,0.7246680748218167,0.703862660944206,8.0,8.0,0.83203125,0.73828125,0.5,5.0,True,0.2838951193986209,0.2753319251781833,28,8.0,4.0,4.0,8.0,6.0,-0.14814814814814814,-0.3333333333333333,0.7767857142857143,0.8518518518518519,2,8,27,0.91015625,0.90625,0.90234375,0.91015625,0.90625,-0.00014467592592592592,0.0,0.7734375,0.7734375,0.80078125,0.8515625,0.8515625,0.8671875,0.5,global_gap_early_commit,False,8,8,,primary,global_gap_early_commit,0.8515625,0.8671875,0.91015625,8.0,10.901557951234281,True,tie_pass,False,False,False,False,False,False,8,8,,primary,global_gap_early_commit,0.8515625,0.8671875,0.91015625,8.0,5.318065260536969,True,tie_pass,False,False,False,False,False,False,8,8,,primary,global_gap_early_commit,0.8515625,0.8671875,0.91015625,8.0,6.8697249460965395,True,tie_pass,False,False,False,False,False
SingleLineInfilling/HumanEval/153/L5,5,<=8,False,True,True,True,False,1,5,5.0,24.0,1.1013825725753201,0.756297547092629,0.6866801472300472,0.6328125,5.0,5.0,1.0,1.0,0.6,19.0,True,0.34508502548269115,0.3133198527699528,28,5.0,3.0,3.0,5.0,4.0,-0.07407407407407407,0.0,0.7785714285714286,0.9259259259259259,3,12,19,1.0,1.0,1.0,1.0,1.0,0.0,0.0,1.0,1.0,1.0,1.0,1.0,1.0,0.6,global_gap_early_commit,False,5,5,,primary,global_gap_early_commit,1.0,1.0,1.0,12.0,11.785515786148608,True,tie_pass,False,False,False,False,False,False,5,5,,primary,global_gap_early_commit,1.0,1.0,1.0,12.0,5.79522377345711,True,tie_pass,False,False,False,False,False,False,5,5,,primary,global_gap_early_commit,1.0,1.0,1.0,12.0,7.5642090840265155,True,tie_pass,False,False,False,False,False
SingleLineInfilling/HumanEval/153/L6,6,<=8,False,True,True,True,False,4,6,5.0,24.0,1.1013825725753201,0.7184826697379975,0.6523461398685447,0.59375,5.0,6.0,0.96484375,0.9453125,0.5,18.0,True,0.38289990283732267,0.3476538601314553,28,6.0,3.0,3.0,6.0,5.0,-0.1111111111111111,-0.3333333333333333,0.7738095238095238,0.8888888888888888,2,10,26,0.9765625,0.984375,0.9765625,0.984375,0.98046875,0.00028935185185185184,0.001953125,0.9453125,0.9453125,0.96484375,0.96484375,0.96484375,0.9765625,0.5,global_gap_early_commit,False,6,6,,primary,global_gap_early_commit,0.96484375,0.9765625,0.984375,10.0,11.657279743812978,True,tie_pass,False,False,False,False,False,False,6,6,,primary,global_gap_early_commit,0.96484375,0.9765625,0.984375,10.0,5.725236741825938,True,tie_pass,False,False,False,False,False,False,6,6,,primary,global_gap_early_commit,0.96484375,0.9765625,0.984375,10.0,7.450899299234152,True,tie_pass,False,False,False,False,False
SingleLineInfilling/HumanEval/153/L8,10,9-12,False,False,False,False,False,0,8,8.0,13.0,1.1107572469111149,0.6560835184340195,0.5906632797206685,0.5737051792828686,8.0,8.0,0.9765625,0.953125,0.5,5.0,True,0.4546737284770954,0.40933672027933155,28,8.0,4.0,4.0,8.0,6.0,-0.14814814814814814,-0.3333333333333333,0.7767857142857143,0.8518518518518519,2,8,27,0.98046875,0.984375,0.98046875,0.984375,0.98046875,0.00014467592592592592,0.0,0.94921875,0.94921875,0.95703125,0.97265625,0.97265625,0.9765625,0.5,global_gap_early_commit,False,8,8,,primary,global_gap_early_commit,0.97265625,0.9765625,0.984375,8.0,10.970647176727653,False,tie_fail,False,False,False,False,False,False,8,8,,primary,global_gap_early_commit,0.97265625,0.9765625,0.984375,8.0,5.314112173393369,False,tie_fail,False,False,False,False,False,False,8,8,,primary,global_gap_early_commit,0.97265625,0.9765625,0.984375,8.0,6.4551724921911955,False,tie_fail,False,False,False,False,False
SingleLineInfilling/HumanEval/153/L9,4,<=8,False,True,True,True,False,1,3,3.0,14.0,1.0556205378700116,0.5285787518018793,0.5007279915834378,0.45652173913043476,3.0,3.0,0.99609375,0.9921875,0.3333333333333333,11.0,True,0.5270417860681323,0.49927200841656216,33,3.0,1.0,1.0,3.0,2.0,-0.0625,-0.3333333333333333,0.7575757575757576,0.9375,2,21,32,0.98828125,0.9921875,0.98828125,0.9921875,0.9921875,0.0001220703125,0.0,0.984375,0.98046875,0.984375,0.9921875,0.98828125,0.9921875,0.3333333333333333,global_gap_early_commit,False,3,3,,primary,global_gap_early_commit,0.9921875,0.9921875,0.9921875,21.0,12.487823196686804,True,tie_pass,False,False,False,False,False,False,3,3,,primary,global_gap_early_commit,0.9921875,0.9921875,0.9921875,21.0,6.194927738048136,True,tie_pass,False,False,False,False,False,False,3,3,,primary,global_gap_early_commit,0.9921875,0.9921875,0.9921875,21.0,7.497135969810188,True,tie_pass,False,False,False,False,False
SingleLineInfilling/HumanEval/154/L0,7,<=8,False,True,True,True,False,4,7,7.0,14.0,1.119453600558664,0.6910423508405522,0.6173032544588603,0.592156862745098,7.0,7.0,0.99609375,0.9921875,0.5714285714285714,7.0,True,0.42841124971811173,0.38269674554113975,28,7.0,4.0,4.0,7.0,5.0,-0.1111111111111111,0.0,0.7704081632653061,0.8888888888888888,3,8,22,0.99609375,0.99609375,0.99609375,0.99609375,0.99609375,0.0,0.0,0.9921875,0.9921875,0.9921875,0.99609375,0.99609375,0.99609375,0.5714285714285714,global_gap_early_commit,False,7,7,,primary,global_gap_early_commit,0.99609375,0.99609375,0.99609375,8.0,7.775381434708834,True,tie_pass,False,False,False,False,False,False,7,7,,primary,global_gap_early_commit,0.99609375,0.99609375,0.99609375,8.0,3.858303871937096,True,tie_pass,False,False,False,False,False,False,7,7,,primary,global_gap_early_commit,0.99609375,0.99609375,0.99609375,8.0,4.442723974585533,True,tie_pass,False,False,False,False,False
SingleLineInfilling/HumanEval/154/L1,7,<=8,False,True,False,False,False,2,5,5.0,13.0,1.0970802969011977,0.5171213843212584,0.4713614726122732,0.44509803921568625,5.0,5.0,0.98828125,0.98828125,0.6,8.0,True,0.5799589125799393,0.5286385273877268,28,5.0,3.0,3.0,5.0,4.0,-0.07407407407407407,0.0,0.7785714285714286,0.9259259259259259,3,12,19,0.99609375,0.9921875,0.9921875,0.99609375,0.9921875,-0.00014467592592592592,0.0,0.98828125,0.98828125,0.9921875,0.98828125,0.98828125,0.9921875,0.6,global_gap_early_commit,False,5,5,,primary,global_gap_early_commit,0.98828125,0.9921875,0.99609375,12.0,7.681288463994861,False,tie_fail,False,False,False,False,False,False,5,5,,primary,global_gap_early_commit,0.98828125,0.9921875,0.99609375,12.0,3.847717760130763,False,tie_fail,False,False,False,False,False,False,5,5,,primary,global_gap_early_commit,0.98828125,0.9921875,0.99609375,12.0,4.435137126594782,False,tie_fail,False,False,False,False,False
SingleLineInfilling/HumanEval/154/L2,15,13-16,False,False,True,True,False,2,15,15.0,15.0,1.139664947779956,1.139664947779956,1.0,0.9763779527559056,15.0,15.0,0.99609375,0.98828125,0.3333333333333333,0.0,False,0.0,0.0,41,15.0,5.0,5.0,15.0,10.0,-0.25,-0.3333333333333333,0.6731707317073171,0.75,2,4,40,0.96875,1.0,0.96875,1.0,0.9921875,0.00078125,0.0,0.99609375,0.95703125,0.984375,0.99609375,0.96875,0.9921875,0.3333333333333333,global_gap_early_commit,False,15,15,,primary,global_gap_early_commit,0.99609375,0.9921875,1.0,4.0,9.231987188570201,True,tie_pass,False,False,False,False,False,False,15,15,,primary,global_gap_early_commit,0.99609375,0.9921875,1.0,4.0,4.398578528314829,True,tie_pass,False,False,False,False,False,False,15,15,,primary,global_gap_early_commit,0.99609375,0.9921875,1.0,4.0,5.143899546936154,True,tie_pass,False,False,False,False,False
SingleLineInfilling/HumanEval/154/L3,11,9-12,False,False,True,True,False,3,16,16.0,16.0,1.167152903678403,1.167152903678403,1.0,0.98828125,16.0,16.0,0.99609375,0.99609375,0.375,0.0,False,0.0,0.0,40,16.0,6.0,6.0,16.0,11.0,-0.2564102564102564,-0.3333333333333333,0.6796875,0.7435897435897436,2,4,37,0.98828125,1.0,0.984375,1.0,0.9921875,0.00030048076923076925,0.0,0.99609375,0.9765625,0.98828125,0.99609375,0.98046875,0.9921875,0.375,global_gap_early_commit,False,16,16,,primary,global_gap_early_commit,0.99609375,0.9921875,1.0,4.0,9.258986695669591,True,tie_pass,False,False,False,False,False,False,16,16,,primary,global_gap_early_commit,0.99609375,0.9921875,1.0,4.0,4.45421258918941,True,tie_pass,False,False,False,False,False,False,16,16,,primary,global_gap_early_commit,0.99609375,0.9921875,1.0,4.0,5.152421713806689,True,tie_pass,False,False,False,False,False
SingleLineInfilling/HumanEval/154/L4,14,13-16,False,False,True,True,False,2,11,11.0,13.0,0.992353204883424,0.9021148378467767,0.9090662814484002,0.8878923766816144,11.0,11.0,0.84375,0.69921875,0.36363636363636365,2.0,True,0.09023836703664734,0.09093371855159982,40,11.0,4.0,4.0,11.0,7.5,-0.1794871794871795,-0.3333333333333333,0.6795454545454546,0.8205128205128205,2,5,37,0.859375,0.94140625,0.8125,0.94140625,0.890625,0.0021033653846153845,0.00390625,0.69921875,0.69921875,0.765625,0.84375,0.796875,0.857421875,0.36363636363636365,global_gap_early_commit,False,11,11,,primary,global_gap_early_commit,0.84375,0.857421875,0.94140625,5.0,9.303150304593146,True,tie_pass,False,False,False,False,False,False,11,11,,primary,global_gap_early_commit,0.84375,0.857421875,0.94140625,5.0,4.452929229475558,True,tie_pass,False,False,False,False,False,False,11,11,,primary,global_gap_early_commit,0.84375,0.857421875,0.94140625,5.0,5.299295109696686,True,tie_pass,False,False,False,False,False
SingleLineInfilling/HumanEval/154/L5,4,<=8,False,True,True,True,False,0,4,4.0,15.0,1.086734862526058,0.43196977859401564,0.39749325570537475,0.3671875,4.0,4.0,0.99609375,0.9921875,0.5,11.0,True,0.6547650839320424,0.6025067442946253,28,4.0,2.0,2.0,4.0,3.0,-0.07407407407407407,0.0,0.7767857142857143,0.9259259259259259,3,14,23,1.0,1.0,1.0,1.0,1.0,0.0,0.0,0.9921875,0.9921875,0.99609375,0.99609375,0.99609375,0.99609375,0.5,global_gap_early_commit,False,4,4,,primary,global_gap_early_commit,0.99609375,0.99609375,1.0,14.0,8.30768473725766,True,tie_pass,False,False,False,False,False,False,4,4,,primary,global_gap_early_commit,0.99609375,0.99609375,1.0,14.0,4.103561277501285,True,tie_pass,False,False,False,False,False,False,4,4,,primary,global_gap_early_commit,0.99609375,0.99609375,1.0,14.0,4.740341678261757,True,tie_pass,False,False,False,False,False
SingleLineInfilling/HumanEval/154/L6,4,<=8,False,True,True,True,False,3,3,3.0,13.0,0.9387929684614729,0.4259986734276446,0.45377275686862706,0.41555555555555557,3.0,3.0,1.0,1.0,0.3333333333333333,10.0,True,0.5127942950338282,0.5462272431313729,33,3.0,1.0,1.0,3.0,2.0,-0.0625,-0.3333333333333333,0.7575757575757576,0.9375,2,21,32,0.87890625,0.9921875,0.87890625,0.9921875,0.9921875,0.0035400390625,0.0,0.984375,0.84375,0.984375,0.98828125,0.87890625,0.98828125,0.3333333333333333,global_gap_early_commit,False,3,3,,primary,global_gap_early_commit,0.98828125,0.98828125,0.9921875,21.0,8.414092746563256,True,tie_pass,False,False,False,False,False,False,3,3,,primary,global_gap_early_commit,0.98828125,0.98828125,0.9921875,21.0,4.164766273461282,True,tie_pass,False,False,False,False,False,False,3,3,,primary,global_gap_early_commit,0.98828125,0.98828125,0.9921875,21.0,4.862282373942435,True,tie_pass,False,False,False,False,False
SingleLineInfilling/HumanEval/155/L0,7,<=8,False,True,True,True,False,2,13,7.0,13.0,1.1238436146785018,1.0205743620084746,0.9081106558588496,0.875,7.0,13.0,,,0.0,0.0,False,0.10326925267002718,0.09188934414115035,62,13.0,0.0,0.0,13.0,6.5,-0.21311475409836064,-0.3333333333333333,0.5074441687344913,0.7868852459016393,2,4,61,0.875,0.95703125,0.8671875,0.95703125,0.8828125,0.0013447745901639344,0.0,0.146484375,0.146484375,0.73046875,0.47265625,0.47265625,0.78125,0.0,no_remaining_masks,False,13,13,,primary,no_remaining_masks,0.47265625,0.78125,0.95703125,4.0,9.668154383078218,True,tie_pass,False,False,False,False,False,False,13,13,,primary,no_remaining_masks,0.47265625,0.78125,0.95703125,4.0,4.754683402366936,True,tie_pass,False,False,False,False,False,False,13,13,,primary,no_remaining_masks,0.47265625,0.78125,0.95703125,4.0,5.503429995849729,True,tie_pass,False,False,False,False,False
SingleLineInfilling/HumanEval/155/L1,7,<=8,False,True,True,True,False,2,7,7.0,14.0,1.1238436146785018,1.0113931095083577,0.8999411451011243,0.86328125,7.0,7.0,0.99609375,0.9921875,0.5714285714285714,7.0,True,0.1124505051701441,0.10005885489887567,28,7.0,4.0,4.0,7.0,5.0,-0.1111111111111111,0.0,0.7704081632653061,0.8888888888888888,3,8,22,1.0,1.0,1.0,1.0,1.0,0.0,0.0,0.9921875,0.9921875,0.99609375,0.99609375,0.99609375,0.998046875,0.5714285714285714,global_gap_early_commit,False,7,7,,primary,global_gap_early_commit,0.99609375,0.998046875,1.0,8.0,5.961112771183252,True,tie_pass,False,False,False,False,False,False,7,7,,primary,global_gap_early_commit,0.99609375,0.998046875,1.0,8.0,3.0606917832046747,True,tie_pass,False,False,False,False,False,False,7,7,,primary,global_gap_early_commit,0.99609375,0.998046875,1.0,8.0,3.594450864009559,True,tie_pass,False,False,False,False,False
SingleLineInfilling/HumanEval/155/L2,9,9-12,False,False,False,False,False,2,8,8.0,14.0,1.1328838852957985,1.0388517459655984,0.916997548865612,0.88671875,8.0,8.0,1.0,1.0,0.5,6.0,True,0.09403213933020016,0.08300245113438798,28,8.0,4.0,4.0,8.0,6.0,-0.14814814814814814,-0.3333333333333333,0.7767857142857143,0.8518518518518519,2,8,27,1.0,0.984375,0.98046875,1.0,0.984375,-0.0005787037037037037,0.0,1.0,1.0,1.0,1.0,1.0,1.0,0.5,global_gap_early_commit,False,8,8,,primary,global_gap_early_commit,1.0,1.0,1.0,8.0,5.496700489893556,False,tie_fail,False,False,False,False,False,False,8,8,,primary,global_gap_early_commit,1.0,1.0,1.0,8.0,2.697170838713646,False,tie_fail,False,False,False,False,False,False,8,8,,primary,global_gap_early_commit,1.0,1.0,1.0,8.0,3.2622867608442903,False,tie_fail,False,False,False,False,False
SingleLineInfilling/HumanEval/155/L3,10,9-12,False,False,True,True,False,2,13,13.0,13.0,1.148146157259534,1.148146157259534,1.0,1.0,13.0,13.0,0.984375,0.9765625,0.3076923076923077,0.0,False,0.0,0.0,42,13.0,4.0,4.0,13.0,9.0,-0.21951219512195122,-0.3333333333333333,0.6648351648351648,0.7804878048780488,2,4,41,0.984375,0.99609375,0.984375,0.99609375,0.984375,0.0002858231707317073,0.0,0.984375,0.9609375,0.9765625,0.98828125,0.9765625,0.984375,0.3076923076923077,global_gap_early_commit,False,13,13,,primary,global_gap_early_commit,0.98828125,0.984375,0.99609375,4.0,4.710774387232959,True,tie_pass,False,False,False,False,False,False,13,13,,primary,global_gap_early_commit,0.98828125,0.984375,0.99609375,4.0,3.429565042257309,True,tie_pass,False,False,False,False,False,False,13,13,,primary,global_gap_early_commit,0.98828125,0.984375,0.99609375,4.0,4.03722476772964,True,tie_pass,False,False,False,False,False
SingleLineInfilling/HumanEval/155/L4,6,<=8,False,True,True,True,False,1,7,7.0,20.0,1.1018935440793123,0.6405343159675173,0.5813032660089829,0.5436507936507936,7.0,7.0,0.96484375,0.94140625,0.5714285714285714,13.0,True,0.461359228111795,0.41869673399101714,28,7.0,4.0,4.0,7.0,5.0,-0.1111111111111111,0.0,0.7704081632653061,0.8888888888888888,3,8,22,0.98046875,0.98046875,0.98046875,0.98046875,0.98046875,0.0,0.0,0.94140625,0.94140625,0.958984375,0.96484375,0.96484375,0.974609375,0.5714285714285714,global_gap_early_commit,False,7,7,,primary,global_gap_early_commit,0.96484375,0.974609375,0.98046875,8.0,2.945788281969726,True,tie_pass,False,False,False,False,False,False,7,7,,primary,global_gap_early_commit,0.96484375,0.974609375,0.98046875,8.0,3.005267613567412,True,tie_pass,False,False,False,False,False,False,7,7,,primary,global_gap_early_commit,0.96484375,0.974609375,0.98046875,8.0,2.853363823145628,True,tie_pass,False,False,False,False,False
SingleLineInfilling/HumanEval/155/L5,4,<=8,False,True,True,True,False,4,4,4.0,20.0,1.086734862526058,0.5961177028164851,0.548540148450599,0.498046875,4.0,4.0,0.99609375,0.9921875,0.5,16.0,True,0.49061715970957287,0.45145985154940105,28,4.0,2.0,2.0,4.0,3.0,-0.07407407407407407,0.0,0.7767857142857143,0.9259259259259259,3,14,23,1.0,1.0,1.0,1.0,1.0,0.0,0.0,0.9921875,0.9921875,0.99609375,0.99609375,0.99609375,0.99609375,0.5,global_gap_early_commit,False,4,4,,primary,global_gap_early_commit,0.99609375,0.99609375,1.0,14.0,2.6890102149918675,True,tie_pass,False,False,False,False,False,False,4,4,,primary,global_gap_early_commit,0.99609375,0.99609375,1.0,14.0,2.854636611416936,True,tie_pass,False,False,False,False,False,False,4,4,,primary,global_gap_early_commit,0.99609375,0.99609375,1.0,14.0,2.6867112312465906,True,tie_pass,False,False,False,False,False
SingleLineInfilling/HumanEval/155/L6,6,<=8,False,True,True,True,False,3,6,6.0,20.0,1.096098669276222,0.9491128915431096,0.8659009614251514,0.8055555555555556,6.0,6.0,0.96875,0.9375,0.5,14.0,True,0.1469857777331124,0.13409903857484862,28,6.0,3.0,3.0,6.0,5.0,-0.1111111111111111,-0.3333333333333333,0.7738095238095238,0.8888888888888888,2,10,26,0.984375,0.984375,0.984375,0.984375,0.984375,0.0,0.0,0.9375,0.9375,0.95703125,0.96875,0.96875,0.98046875,0.5,global_gap_early_commit,False,6,6,,primary,global_gap_early_commit,0.96875,0.98046875,0.984375,10.0,2.7317767469212413,True,tie_pass,False,False,False,False,False,False,6,6,,primary,global_gap_early_commit,0.96875,0.98046875,0.984375,10.0,2.9224850116297603,True,tie_pass,False,False,False,False,False,False,6,6,,primary,global_gap_early_commit,0.96875,0.98046875,0.984375,10.0,2.7030529640614986,True,tie_pass,False,False,False,False,False
SingleLineInfilling/HumanEval/155/L7,10,9-12,False,False,False,False,False,2,3,3.0,14.0,0.780241267121313,0.5743431458972801,0.7361096754293828,0.6711229946524064,3.0,3.0,0.69921875,0.47265625,0.3333333333333333,11.0,True,0.20589812122403295,0.26389032457061723,33,3.0,1.0,1.0,3.0,2.0,-0.0625,-0.3333333333333333,0.7575757575757576,0.9375,2,21,32,0.73046875,0.828125,0.73046875,0.828125,0.828125,0.0030517578125,0.0,0.6015625,0.58984375,0.6015625,0.7421875,0.73046875,0.7421875,0.3333333333333333,global_gap_early_commit,False,3,3,,primary,global_gap_early_commit,0.7421875,0.7421875,0.828125,21.0,2.3609320363029838,False,tie_fail,False,False,False,False,False,False,3,3,,primary,global_gap_early_commit,0.7421875,0.7421875,0.828125,21.0,2.5783173348754644,False,tie_fail,False,False,False,False,False,False,3,3,,primary,global_gap_early_commit,0.7421875,0.7421875,0.828125,21.0,2.3595394771546125,False,tie_fail,False,False,False,False,False
SingleLineInfilling/HumanEval/156/L0,33,25+,True,False,True,True,False,3,32,14.0,14.0,1.0525810641942186,1.0525810641942186,1.0,0.9623430962343096,14.0,32.0,1.0,0.99609375,0.375,-18.0,False,0.0,0.0,40,32.0,12.0,12.0,32.0,22.0,-0.5128205128205128,-0.6666666666666666,0.6796875,0.48717948717948717,1,2,38,0.86328125,1.0,0.86328125,1.0,0.96875,0.0035056089743589745,0.0,0.99609375,0.734375,0.921875,1.0,0.84765625,0.95703125,0.375,global_gap_early_commit,False,32,32,,primary,global_gap_early_commit,1.0,0.95703125,1.0,2.0,5.247653149068356,True,tie_pass,False,False,False,False,False,False,32,32,,primary,global_gap_early_commit,1.0,0.95703125,1.0,2.0,5.574890050105751,True,tie_pass,False,False,False,False,False,False,32,32,,primary,global_gap_early_commit,1.0,0.95703125,1.0,2.0,5.2529674880206585,True,tie_pass,False,False,False,False,False
SingleLineInfilling/HumanEval/156/L1,29,25+,True,False,True,True,False,4,28,24.0,24.0,1.1202657416309565,1.1202657416309565,1.0,1.0,24.0,28.0,0.96875,0.94140625,0.35714285714285715,-4.0,False,0.0,0.0,40,28.0,10.0,10.0,28.0,19.0,-0.46153846153846156,-0.6666666666666666,0.6794642857142857,0.5384615384615384,1,2,39,0.97265625,0.98828125,0.97265625,0.98828125,0.98828125,0.00040064102564102563,0.0,0.9453125,0.9453125,0.962890625,0.96875,0.96875,0.98046875,0.35714285714285715,global_gap_early_commit,False,28,28,,primary,global_gap_early_commit,0.96875,0.98046875,0.98828125,2.0,5.28022503759712,True,tie_pass,False,False,False,False,False,False,28,28,,primary,global_gap_early_commit,0.96875,0.98046875,0.98828125,2.0,5.552002003416419,True,tie_pass,False,False,False,False,False,False,28,28,,primary,global_gap_early_commit,0.96875,0.98046875,0.98828125,2.0,5.276983484625816,True,tie_pass,False,False,False,False,False
SingleLineInfilling/HumanEval/156/L10,8,<=8,False,True,True,True,False,0,8,8.0,16.0,1.1240332299419251,0.5351372997102559,0.4760867254235043,0.453125,8.0,8.0,0.98828125,0.98046875,0.5,8.0,True,0.5888959302316692,0.5239132745764957,28,8.0,4.0,4.0,8.0,6.0,-0.14814814814814814,-0.3333333333333333,0.7767857142857143,0.8518518518518519,2,8,27,0.9921875,0.9921875,0.9921875,0.9921875,0.9921875,0.0,0.0,0.98046875,0.98046875,0.984375,0.98828125,0.98828125,0.98828125,0.5,global_gap_early_commit,False,8,8,,primary,global_gap_early_commit,0.98828125,0.98828125,0.9921875,8.0,4.352344267070293,True,tie_pass,False,False,False,False,False,False,8,8,,primary,global_gap_early_commit,0.98828125,0.98828125,0.9921875,8.0,4.5824263682588935,True,tie_pass,False,False,False,False,False,False,8,8,,primary,global_gap_early_commit,0.98828125,0.98828125,0.9921875,8.0,4.314797778613865,True,tie_pass,False,False,False,False,False
SingleLineInfilling/HumanEval/156/L11,6,<=8,False,True,True,True,False,1,6,6.0,15.0,1.1134970608520351,0.7996036327165821,0.7181012512998773,0.6796875,6.0,6.0,1.0,1.0,0.5,9.0,True,0.31389342813545307,0.28189874870012266,28,6.0,3.0,3.0,6.0,5.0,-0.1111111111111111,-0.3333333333333333,0.7738095238095238,0.8888888888888888,2,10,26,1.0,1.0,1.0,1.0,1.0,0.0,0.0,1.0,0.99609375,1.0,1.0,1.0,1.0,0.5,global_gap_early_commit,False,6,6,,primary,global_gap_early_commit,1.0,1.0,1.0,10.0,4.511411647312343,True,tie_pass,False,False,False,False,False,False,6,6,,primary,global_gap_early_commit,1.0,1.0,1.0,10.0,4.694690654054284,True,tie_pass,False,False,False,False,False,False,6,6,,primary,global_gap_early_commit,1.0,1.0,1.0,10.0,4.517763389274478,True,tie_pass,False,False,False,False,False
SingleLineInfilling/HumanEval/156/L12,6,<=8,False,True,True,True,False,0,6,6.0,13.0,1.1004482671701754,0.6970887383361456,0.6334588904653584,0.6047430830039525,6.0,6.0,0.984375,0.97265625,0.5,7.0,True,0.4033595288340298,0.3665411095346416,28,6.0,3.0,3.0,6.0,5.0,-0.1111111111111111,-0.3333333333333333,0.7738095238095238,0.8888888888888888,2,10,26,0.98828125,0.9921875,0.98828125,0.9921875,0.9921875,0.00014467592592592592,0.0,0.97265625,0.97265625,0.984375,0.984375,0.984375,0.98828125,0.5,global_gap_early_commit,False,6,6,,primary,global_gap_early_commit,0.984375,0.98828125,0.9921875,10.0,4.826430696994066,True,tie_pass,False,False,False,False,False,False,6,6,,primary,global_gap_early_commit,0.984375,0.98828125,0.9921875,10.0,5.017619235441089,True,tie_pass,False,False,False,False,False,False,6,6,,primary,global_gap_early_commit,0.984375,0.98828125,0.9921875,10.0,4.831897123716772,True,tie_pass,False,False,False,False,False
SingleLineInfilling/HumanEval/156/L13,6,<=8,False,True,False,False,False,1,3,3.0,13.0,0.8887240101435276,0.4146083345659428,0.4665209106919303,0.4272300469483568,3.0,3.0,1.0,1.0,0.3333333333333333,10.0,True,0.4741156755775848,0.5334790893080696,33,3.0,1.0,1.0,3.0,2.0,-0.0625,-0.3333333333333333,0.7575757575757576,0.9375,2,21,32,0.83203125,0.921875,0.83203125,0.921875,0.921875,0.0028076171875,0.0,0.84375,0.77734375,0.84375,0.8828125,0.83203125,0.8828125,0.3333333333333333,global_gap_early_commit,False,3,3,,primary,global_gap_early_commit,0.8828125,0.8828125,0.921875,21.0,4.960574236698449,False,tie_fail,False,False,False,False,False,False,3,3,,primary,global_gap_early_commit,0.8828125,0.8828125,0.921875,21.0,4.984712657518685,False,tie_fail,False,False,False,False,False,False,3,3,,primary,global_gap_early_commit,0.8828125,0.8828125,0.921875,21.0,4.967519924975932,False,tie_fail,False,False,False,False,False
SingleLineInfilling/HumanEval/156/L2,23,17-24,True,False,False,False,True,1,8,5.0,20.0,1.0153370590928732,0.9350865926533101,0.9209617479034392,0.847457627118644,5.0,8.0,0.78515625,0.64453125,0.5,12.0,True,0.08025046643956313,0.07903825209656079,28,8.0,4.0,4.0,8.0,6.0,-0.14814814814814814,-0.3333333333333333,0.7767857142857143,0.8518518518518519,2,8,27,0.859375,0.88671875,0.859375,0.89453125,0.88671875,0.0010127314814814814,0.0,0.703125,0.703125,0.7578125,0.8203125,0.8203125,0.849609375,0.5,global_gap_early_commit,False,8,8,,primary,global_gap_early_commit,0.8203125,0.849609375,0.89453125,8.0,4.290764335542917,False,tie_fail,False,False,True,False,False,False,8,8,,primary,global_gap_early_commit,0.8203125,0.849609375,0.89453125,8.0,4.565664017572999,False,tie_fail,False,False,True,False,False,False,8,8,,primary,global_gap_early_commit,0.8203125,0.849609375,0.89453125,8.0,4.300403448753059,False,tie_fail,False,False,True,False,False
SingleLineInfilling/HumanEval/156/L3,24,17-24,True,False,True,True,False,0,24,24.0,24.0,1.1344463206389435,1.1344463206389435,1.0,1.0,24.0,24.0,0.96484375,0.94921875,0.375,0.0,False,0.0,0.0,40,24.0,9.0,9.0,24.0,16.0,-0.38461538461538464,-0.3333333333333333,0.6791666666666667,0.6153846153846154,2,2,38,0.9375,0.98828125,0.91015625,0.98828125,0.96875,0.0013020833333333333,0.0,0.94921875,0.8515625,0.93359375,0.96484375,0.90234375,0.95703125,0.375,global_gap_early_commit,False,24,24,,primary,global_gap_early_commit,0.96484375,0.95703125,0.98828125,2.0,5.260012783110142,True,tie_pass,False,False,False,False,False,False,24,24,,primary,global_gap_early_commit,0.96484375,0.95703125,0.98828125,2.0,5.60804904345423,True,tie_pass,False,False,False,False,False,False,24,24,,primary,global_gap_early_commit,0.96484375,0.95703125,0.98828125,2.0,5.2786161648109555,True,tie_pass,False,False,False,False,False
SingleLineInfilling/HumanEval/156/L4,7,<=8,False,True,True,True,False,2,7,7.0,14.0,1.0667734311206092,0.5240023123923392,0.4912030025362486,0.4711934156378601,7.0,7.0,0.94140625,0.91015625,0.5714285714285714,7.0,True,0.54277111872827,0.5087969974637514,28,7.0,4.0,4.0,7.0,5.0,-0.1111111111111111,0.0,0.7704081632653061,0.8888888888888888,3,8,22,0.94921875,0.96875,0.94921875,0.96875,0.9609375,0.0007233796296296296,0.0,0.91015625,0.91015625,0.91796875,0.94140625,0.94140625,0.947265625,0.5714285714285714,global_gap_early_commit,False,7,7,,primary,global_gap_early_commit,0.94140625,0.947265625,0.96875,8.0,4.519558041356504,True,tie_pass,False,False,False,False,False,False,7,7,,primary,global_gap_early_commit,0.94140625,0.947265625,0.96875,8.0,4.752150760032237,True,tie_pass,False,False,False,False,False,False,7,7,,primary,global_gap_early_commit,0.94140625,0.947265625,0.96875,8.0,4.510305851697922,True,tie_pass,False,False,False,False,False
SingleLineInfilling/HumanEval/156/L5,5,<=8,False,True,True,True,False,0,6,4.0,13.0,1.0697546302990883,0.5968537563531705,0.5579351932193073,0.5198412698412699,4.0,6.0,0.84375,0.7109375,0.5,7.0,True,0.47290087394591784,0.4420648067806927,28,6.0,3.0,3.0,6.0,5.0,-0.1111111111111111,-0.3333333333333333,0.7738095238095238,0.8888888888888888,2,10,26,0.921875,0.921875,0.921875,0.92578125,0.92578125,0.0,-0.001953125,0.7109375,0.7109375,0.83984375,0.84375,0.84375,0.91015625,0.5,global_gap_early_commit,False,6,6,,primary,global_gap_early_commit,0.84375,0.91015625,0.92578125,10.0,4.514044220559299,True,tie_pass,False,False,False,False,False,False,6,6,,primary,global_gap_early_commit,0.84375,0.91015625,0.92578125,10.0,4.715374754741788,True,tie_pass,False,False,False,False,False,False,6,6,,primary,global_gap_early_commit,0.84375,0.91015625,0.92578125,10.0,4.517758544534445,True,tie_pass,False,False,False,False,False
SingleLineInfilling/HumanEval/156/L6,6,<=8,False,True,True,True,False,1,9,9.0,14.0,1.0740676292935762,0.8832528060412356,0.8223437537375172,0.8008298755186722,9.0,9.0,0.9296875,0.86328125,0.3333333333333333,5.0,True,0.19081482325234067,0.17765624626248278,40,9.0,3.0,3.0,9.0,6.0,-0.15384615384615385,-0.3333333333333333,0.6777777777777778,0.8461538461538461,2,7,39,0.94140625,0.97265625,0.93359375,0.97265625,0.94921875,0.0008012820512820513,0.0,0.8828125,0.828125,0.88671875,0.9375,0.8984375,0.93359375,0.3333333333333333,global_gap_early_commit,False,9,9,,primary,global_gap_early_commit,0.9375,0.93359375,0.97265625,7.0,5.373470398597419,True,tie_pass,False,False,False,False,False,False,9,9,,primary,global_gap_early_commit,0.9375,0.93359375,0.97265625,7.0,5.648507591336966,True,tie_pass,False,False,False,False,False,False,9,9,,primary,global_gap_early_commit,0.9375,0.93359375,0.97265625,7.0,5.361533842980862,True,tie_pass,False,False,False,False,False
SingleLineInfilling/HumanEval/156/L7,10,9-12,False,False,True,True,False,2,10,10.0,20.0,1.1167587959090775,0.6872886456001829,0.6154315937495777,0.5810276679841897,10.0,10.0,0.9453125,0.90234375,0.3,10.0,True,0.42947015030889457,0.3845684062504223,42,10.0,3.0,3.0,10.0,7.0,-0.17073170731707318,-0.3333333333333333,0.6666666666666666,0.8292682926829268,2,6,41,0.97265625,0.984375,0.97265625,0.984375,0.9765625,0.0002858231707317073,0.0,0.9296875,0.92578125,0.94140625,0.9609375,0.95703125,0.96875,0.3,global_gap_early_commit,False,10,10,,primary,global_gap_early_commit,0.9609375,0.96875,0.984375,6.0,5.605472831055522,True,tie_pass,False,False,False,False,False,False,10,10,,primary,global_gap_early_commit,0.9609375,0.96875,0.984375,6.0,5.878591908141971,True,tie_pass,False,False,False,False,False,False,10,10,,primary,global_gap_early_commit,0.9609375,0.96875,0.984375,6.0,5.5982525097206235,True,tie_pass,False,False,False,False,False
SingleLineInfilling/HumanEval/156/L8,9,9-12,False,False,False,False,False,3,7,7.0,20.0,1.0579934028809332,0.5961177028164851,0.563441795755292,0.529045643153527,7.0,7.0,0.8046875,0.66796875,0.5714285714285714,13.0,True,0.4618757000644481,0.43655820424470804,28,7.0,4.0,4.0,7.0,5.0,-0.1111111111111111,0.0,0.7704081632653061,0.8888888888888888,3,8,22,0.94140625,0.890625,0.890625,0.94140625,0.9296875,-0.001880787037037037,0.0,0.66796875,0.66796875,0.8515625,0.8046875,0.8046875,0.908203125,0.5714285714285714,global_gap_early_commit,False,7,7,,primary,global_gap_early_commit,0.8046875,0.908203125,0.94140625,8.0,4.582581440918148,False,tie_fail,False,False,False,False,False,False,7,7,,primary,global_gap_early_commit,0.8046875,0.908203125,0.94140625,8.0,4.864159278571606,False,tie_fail,False,False,False,False,False,False,7,7,,primary,global_gap_early_commit,0.8046875,0.908203125,0.94140625,8.0,4.57983358297497,False,tie_fail,False,False,False,False,False
SingleLineInfilling/HumanEval/156/L9,6,<=8,False,True,True,True,False,2,5,5.0,13.0,1.0970802969011977,0.7153132805148684,0.6520154290760077,0.615686274509804,5.0,5.0,0.99609375,0.9921875,0.6,8.0,True,0.38176701638632926,0.34798457092399226,28,5.0,3.0,3.0,5.0,4.0,-0.07407407407407407,0.0,0.7785714285714286,0.9259259259259259,3,12,19,0.99609375,0.99609375,0.99609375,0.99609375,0.99609375,0.0,0.0,0.9921875,0.9921875,0.9921875,0.99609375,0.99609375,0.99609375,0.6,global_gap_early_commit,False,5,5,,primary,global_gap_early_commit,0.99609375,0.99609375,0.99609375,12.0,4.51551403850317,True,tie_pass,False,False,False,False,False,False,5,5,,primary,global_gap_early_commit,0.99609375,0.99609375,0.99609375,12.0,4.762828198261559,True,tie_pass,False,False,False,False,False,False,5,5,,primary,global_gap_early_commit,0.99609375,0.99609375,0.99609375,12.0,4.52618442941457,True,tie_pass,False,False,False,False,False
SingleLineInfilling/HumanEval/157/L0,29,25+,True,False,False,False,True,4,3,3.0,13.0,0.4673102776341554,0.19477479453509952,0.41679972356093453,0.38169642857142855,3.0,3.0,,,0.0,10.0,True,0.27253548309905584,0.5832002764390655,54,3.0,0.0,0.0,3.0,2.0,-0.05660377358490566,-0.3333333333333333,0.5864197530864198,0.9433962264150944,2,21,53,0.4375,0.6796875,0.4375,0.6796875,0.48046875,0.004569575471698113,0.0,0.0078125,0.0078125,0.1474609375,0.045654296875,0.045654296875,0.224609375,0.0,no_remaining_masks,True,32,3,32,rescue,no_remaining_masks,0.045654296875,0.224609375,0.6796875,21.0,5.791121646761894,False,tie_fail,False,False,False,True,False,True,24,3,24,rescue,no_remaining_masks,0.045654296875,0.224609375,0.6796875,21.0,6.111517824232578,False,tie_fail,False,False,False,True,False,True,24,3,24,rescue,no_remaining_masks,0.045654296875,0.224609375,0.6796875,21.0,6.1235431637614965,False,tie_fail,False,False,False,True,False
SingleLineInfilling/HumanEval/158/L0,21,17-24,True,False,False,False,True,0,3,3.0,13.0,0.4568792446512501,0.2323629127787152,0.5085871496659581,0.4657534246575342,3.0,3.0,,,0.0,10.0,True,0.22451633187253492,0.4914128503340419,54,3.0,0.0,0.0,3.0,2.0,-0.05660377358490566,-0.3333333333333333,0.5864197530864198,0.9433962264150944,2,21,53,0.427734375,0.703125,0.427734375,0.703125,0.45703125,0.005196049528301887,0.0,0.013671875,0.013671875,0.09375,0.11572265625,0.11572265625,0.189453125,0.0,no_remaining_masks,True,32,3,32,rescue,no_remaining_masks,0.11572265625,0.189453125,0.703125,21.0,5.8961529126390815,False,tie_fail,False,False,False,True,False,True,24,3,24,rescue,no_remaining_masks,0.11572265625,0.189453125,0.703125,21.0,5.849061731249094,False,tie_fail,False,False,False,True,False,True,24,3,24,rescue,no_remaining_masks,0.11572265625,0.189453125,0.703125,21.0,5.838169923983514,False,tie_fail,False,False,False,True,False
SingleLineInfilling/HumanEval/159/L0,8,<=8,False,True,False,False,False,1,5,5.0,24.0,0.9809188536998945,0.7421169680846421,0.7565528639657362,0.6885964912280702,5.0,5.0,0.82421875,0.6640625,0.6,19.0,True,0.2388018856152524,0.24344713603426382,28,5.0,3.0,3.0,5.0,4.0,-0.07407407407407407,0.0,0.7785714285714286,0.9259259259259259,3,12,19,0.890625,0.89453125,0.890625,0.8984375,0.89453125,0.00014467592592592592,0.0,0.6640625,0.6640625,0.76171875,0.82421875,0.82421875,0.875,0.6,global_gap_early_commit,False,5,5,,primary,global_gap_early_commit,0.82421875,0.875,0.8984375,12.0,5.172179092653096,False,tie_fail,False,False,False,False,False,False,5,5,,primary,global_gap_early_commit,0.82421875,0.875,0.8984375,12.0,5.168288576416671,False,tie_fail,False,False,False,False,False,False,5,5,,primary,global_gap_early_commit,0.82421875,0.875,0.8984375,12.0,5.162778426893055,False,tie_fail,False,False,False,False,False
SingleLineInfilling/HumanEval/159/L1,12,9-12,False,False,True,True,False,0,12,12.0,14.0,0.997547513132044,0.910711442498476,0.9129504414672691,0.8468085106382979,12.0,12.0,,,0.0,2.0,True,0.08683607063356802,0.08704955853273089,62,12.0,0.0,0.0,12.0,6.0,-0.19672131147540983,-0.3333333333333333,0.5080645161290323,0.8032786885245902,2,5,61,0.859375,0.95703125,0.828125,0.95703125,0.8828125,0.001600922131147541,0.0,0.18359375,0.18359375,0.5390625,0.58984375,0.58984375,0.7578125,0.0,no_remaining_masks,False,12,12,,primary,no_remaining_masks,0.58984375,0.7578125,0.95703125,5.0,14.079670521430671,True,tie_pass,False,False,False,False,False,False,12,12,,primary,no_remaining_masks,0.58984375,0.7578125,0.95703125,5.0,7.655887217260897,True,tie_pass,False,False,False,False,False,False,12,12,,primary,no_remaining_masks,0.58984375,0.7578125,0.95703125,5.0,7.650648728013039,True,tie_pass,False,False,False,False,False
SingleLineInfilling/HumanEval/159/L2,4,<=8,False,True,True,True,False,3,4,4.0,20.0,1.0697546302990883,0.7714464389389808,0.7211433510909836,0.6547619047619048,4.0,4.0,0.96875,0.94140625,0.5,16.0,True,0.29830819136010756,0.2788566489090164,28,4.0,2.0,2.0,4.0,3.0,-0.07407407407407407,0.0,0.7767857142857143,0.9259259259259259,3,14,23,0.984375,0.984375,0.984375,0.98828125,0.98828125,0.0,0.0,0.94140625,0.94140625,0.96875,0.96875,0.96875,0.984375,0.5,global_gap_early_commit,False,4,4,,primary,global_gap_early_commit,0.96875,0.984375,0.98828125,14.0,9.8494926514104,True,tie_pass,False,False,False,False,False,False,4,4,,primary,global_gap_early_commit,0.96875,0.984375,0.98828125,14.0,4.805092445574701,True,tie_pass,False,False,False,False,False,False,4,4,,primary,global_gap_early_commit,0.96875,0.984375,0.98828125,14.0,4.784960945136845,True,tie_pass,False,False,False,False,False
SingleLineInfilling/HumanEval/159/L3,11,9-12,False,False,False,False,False,1,4,4.0,13.0,1.0527743980721187,0.6743080606127422,0.6405057549343537,0.5967741935483871,4.0,4.0,0.96875,0.94921875,0.5,9.0,True,0.3784663374593765,0.3594942450656463,28,4.0,2.0,2.0,4.0,3.0,-0.07407407407407407,0.0,0.7767857142857143,0.9259259259259259,3,14,23,0.96875,0.984375,0.96875,0.984375,0.9765625,0.0005787037037037037,0.0,0.94921875,0.94921875,0.953125,0.96875,0.96875,0.96875,0.5,global_gap_early_commit,False,4,4,,primary,global_gap_early_commit,0.96875,0.96875,0.984375,14.0,10.28421690966934,False,tie_fail,False,False,False,False,False,False,4,4,,primary,global_gap_early_commit,0.96875,0.96875,0.984375,14.0,4.866527216508985,False,tie_fail,False,False,False,False,False,False,4,4,,primary,global_gap_early_commit,0.96875,0.96875,0.984375,14.0,4.847524042241275,False,tie_fail,False,False,False,False,False
SingleLineInfilling/HumanEval/16/L0,8,<=8,False,True,False,False,False,4,3,3.0,13.0,0.46313786444099325,0.23122387889254503,0.49925496627582355,0.4572072072072072,3.0,3.0,,,0.0,10.0,True,0.23191398554844822,0.5007450337241764,54,3.0,0.0,0.0,3.0,2.0,-0.05660377358490566,-0.3333333333333333,0.5864197530864198,0.9433962264150944,2,21,53,0.43359375,0.68359375,0.43359375,0.68359375,0.4609375,0.0047169811320754715,0.0,0.0126953125,0.0126953125,0.09765625,0.057861328125,0.057861328125,0.19140625,0.0,no_remaining_masks,True,32,3,32,rescue,no_remaining_masks,0.057861328125,0.19140625,0.68359375,21.0,5.734274685382843,True,win,True,False,False,False,False,True,24,3,24,rescue,no_remaining_masks,0.057861328125,0.19140625,0.68359375,21.0,5.888156114146113,True,win,True,False,False,False,False,True,24,3,24,rescue,no_remaining_masks,0.057861328125,0.19140625,0.68359375,21.0,5.13196153473109,True,win,True,False,False,False,False
SingleLineInfilling/HumanEval/160/L0,10,9-12,False,False,True,True,False,3,10,10.0,15.0,1.130213721160994,0.79500820954005,0.7034140487370748,0.6811023622047244,10.0,10.0,0.984375,0.96875,0.3,5.0,True,0.3352055116209439,0.2965859512629252,42,10.0,3.0,3.0,10.0,7.0,-0.17073170731707318,-0.3333333333333333,0.6666666666666666,0.8292682926829268,2,6,41,0.984375,0.9921875,0.984375,0.9921875,0.9921875,0.00019054878048780488,0.0,0.96875,0.96875,0.97265625,0.984375,0.984375,0.984375,0.3,global_gap_early_commit,False,10,10,,primary,global_gap_early_commit,0.984375,0.984375,0.9921875,6.0,11.452817131765187,True,tie_pass,False,False,False,False,False,False,10,10,,primary,global_gap_early_commit,0.984375,0.984375,0.9921875,6.0,5.480927558615804,True,tie_pass,False,False,False,False,False,False,10,10,,primary,global_gap_early_commit,0.984375,0.984375,0.9921875,6.0,5.486653519794345,True,tie_pass,False,False,False,False,False
SingleLineInfilling/HumanEval/160/L1,20,17-24,True,False,False,False,True,0,13,13.0,13.0,1.1253654795361305,1.1253654795361305,1.0,1.0,13.0,13.0,0.82421875,0.68359375,0.3076923076923077,0.0,False,0.0,0.0,42,13.0,4.0,4.0,13.0,9.0,-0.21951219512195122,-0.3333333333333333,0.6648351648351648,0.7804878048780488,2,4,41,0.96484375,0.921875,0.91796875,0.96484375,0.94140625,-0.001048018292682927,0.0,0.6640625,0.6640625,0.890625,0.80078125,0.80078125,0.921875,0.3076923076923077,global_gap_early_commit,False,13,13,,primary,global_gap_early_commit,0.80078125,0.921875,0.96484375,4.0,11.172252138145268,False,tie_fail,False,False,True,False,False,False,13,13,,primary,global_gap_early_commit,0.80078125,0.921875,0.96484375,4.0,5.278389303013682,False,tie_fail,False,False,True,False,False,False,13,13,,primary,global_gap_early_commit,0.80078125,0.921875,0.96484375,4.0,5.611635521054268,False,tie_fail,False,False,True,False,False
SingleLineInfilling/HumanEval/160/L2,12,9-12,False,False,False,False,False,2,11,11.0,13.0,1.0780564362142653,0.7563185004169947,0.7015574278030424,0.6916666666666667,11.0,11.0,0.8984375,0.80078125,0.36363636363636365,2.0,True,0.3217379357972706,0.2984425721969576,40,11.0,4.0,4.0,11.0,7.5,-0.1794871794871795,-0.3333333333333333,0.6795454545454546,0.8205128205128205,2,5,37,0.93359375,0.96484375,0.9296875,0.96484375,0.9375,0.0008012820512820513,0.0078125,0.80078125,0.76953125,0.86328125,0.8984375,0.87890625,0.921875,0.36363636363636365,global_gap_early_commit,False,11,11,,primary,global_gap_early_commit,0.8984375,0.921875,0.96484375,5.0,11.322586397640407,False,tie_fail,False,False,False,False,False,False,11,11,,primary,global_gap_early_commit,0.8984375,0.921875,0.96484375,5.0,5.4237262941896915,False,tie_fail,False,False,False,False,False,False,11,11,,primary,global_gap_early_commit,0.8984375,0.921875,0.96484375,5.0,5.792391583323479,False,tie_fail,False,False,False,False,False
SingleLineInfilling/HumanEval/160/L3,6,<=8,False,True,False,False,False,2,3,3.0,15.0,0.5132068227589385,0.28951166012152113,0.564122781075164,0.5121951219512195,3.0,3.0,0.8828125,0.83203125,0.3333333333333333,12.0,True,0.22369516263741734,0.435877218924836,33,3.0,1.0,1.0,3.0,2.0,-0.0625,-0.3333333333333333,0.7575757575757576,0.9375,2,21,32,0.48046875,0.66796875,0.48046875,0.66796875,0.66796875,0.005859375,0.0,0.33203125,0.306640625,0.33203125,0.5078125,0.48046875,0.5078125,0.3333333333333333,global_gap_early_commit,False,3,3,,primary,global_gap_early_commit,0.5078125,0.5078125,0.66796875,21.0,8.400994985364377,False,tie_fail,False,False,False,False,False,False,3,3,,primary,global_gap_early_commit,0.5078125,0.5078125,0.66796875,21.0,4.875996635295451,False,tie_fail,False,False,False,False,False,True,24,3,24,rescue,global_gap_early_commit,0.5078125,0.5078125,0.66796875,21.0,10.42722815927118,False,tie_fail,False,False,False,False,False
SingleLineInfilling/HumanEval/161/L0,7,<=8,False,True,True,True,False,4,7,7.0,13.0,1.1238436146785018,0.9066709733914574,0.8067590201603174,0.77734375,7.0,7.0,1.0,1.0,0.5714285714285714,6.0,True,0.2171726412870444,0.19324097983968258,28,7.0,4.0,4.0,7.0,5.0,-0.1111111111111111,0.0,0.7704081632653061,0.8888888888888888,3,8,22,1.0,1.0,1.0,1.0,1.0,0.0,0.0,1.0,1.0,1.0,1.0,1.0,1.0,0.5714285714285714,global_gap_early_commit,False,7,7,,primary,global_gap_early_commit,1.0,1.0,1.0,8.0,3.9554658634588122,True,tie_pass,False,False,False,False,False,False,7,7,,primary,global_gap_early_commit,1.0,1.0,1.0,8.0,3.8717808481305838,True,tie_pass,False,False,False,False,False,False,7,7,,primary,global_gap_early_commit,1.0,1.0,1.0,8.0,4.155250686220825,True,tie_pass,False,False,False,False,False
SingleLineInfilling/HumanEval/161/L1,6,<=8,False,True,True,True,False,2,6,6.0,14.0,1.1134970608520351,0.6681601537928518,0.6000556061473421,0.5703125,6.0,6.0,1.0,1.0,0.5,8.0,True,0.4453369070591834,0.3999443938526579,28,6.0,3.0,3.0,6.0,5.0,-0.1111111111111111,-0.3333333333333333,0.7738095238095238,0.8888888888888888,2,10,26,1.0,1.0,1.0,1.0,1.0,0.0,0.0,1.0,1.0,1.0,1.0,1.0,1.0,0.5,global_gap_early_commit,False,6,6,,primary,global_gap_early_commit,1.0,1.0,1.0,10.0,3.8360768938437104,True,tie_pass,False,False,False,False,False,False,6,6,,primary,global_gap_early_commit,1.0,1.0,1.0,10.0,3.824743526056409,True,tie_pass,False,False,False,False,False,False,6,6,,primary,global_gap_early_commit,1.0,1.0,1.0,10.0,4.152751998975873,True,tie_pass,False,False,False,False,False
SingleLineInfilling/HumanEval/161/L10,5,<=8,False,True,True,True,False,2,5,5.0,14.0,1.0927780212270755,0.5995135626497505,0.5486142208246094,0.515748031496063,5.0,5.0,0.98046875,0.9609375,0.6,9.0,True,0.4932644585773249,0.4513857791753906,28,5.0,3.0,3.0,5.0,4.0,-0.07407407407407407,0.0,0.7785714285714286,0.9259259259259259,3,12,19,0.9921875,0.98828125,0.98828125,0.9921875,0.9921875,-0.00014467592592592592,0.0,0.9609375,0.9609375,0.9765625,0.98046875,0.98046875,0.98828125,0.6,global_gap_early_commit,False,5,5,,primary,global_gap_early_commit,0.98046875,0.98828125,0.9921875,12.0,3.657103897072375,True,tie_pass,False,False,False,False,False,False,5,5,,primary,global_gap_early_commit,0.98046875,0.98828125,0.9921875,12.0,4.4467344135046005,True,tie_pass,False,False,False,False,False,False,5,5,,primary,global_gap_early_commit,0.98046875,0.98828125,0.9921875,12.0,3.9771469961851835,True,tie_pass,False,False,False,False,False
SingleLineInfilling/HumanEval/161/L11,9,9-12,False,False,True,True,False,1,9,9.0,15.0,1.1186347508410275,0.6617409374206197,0.5915612195339903,0.5669291338582677,9.0,9.0,0.98046875,0.96484375,0.3333333333333333,6.0,True,0.4568938134204078,0.4084387804660097,40,9.0,3.0,3.0,9.0,6.0,-0.15384615384615385,-0.3333333333333333,0.6777777777777778,0.8461538461538461,2,7,39,0.98046875,0.9921875,0.98046875,0.9921875,0.98828125,0.00030048076923076925,0.0,0.97265625,0.96484375,0.97265625,0.984375,0.9765625,0.984375,0.3333333333333333,global_gap_early_commit,False,9,9,,primary,global_gap_early_commit,0.984375,0.984375,0.9921875,7.0,4.303658617660403,True,tie_pass,False,False,False,False,False,False,9,9,,primary,global_gap_early_commit,0.984375,0.984375,0.9921875,7.0,5.290803588926792,True,tie_pass,False,False,False,False,False,False,9,9,,primary,global_gap_early_commit,0.984375,0.984375,0.9921875,7.0,4.624665613286197,True,tie_pass,False,False,False,False,False
SingleLineInfilling/HumanEval/161/L12,10,9-12,False,False,True,True,False,4,9,9.0,20.0,1.1275481751505179,0.5727405380001523,0.5079521661446497,0.4901185770750988,9.0,9.0,0.99609375,0.99609375,0.3333333333333333,11.0,True,0.5548076371503655,0.49204783385535034,40,9.0,3.0,3.0,9.0,6.0,-0.15384615384615385,-0.3333333333333333,0.6777777777777778,0.8461538461538461,2,7,39,0.98828125,1.0,0.98828125,1.0,0.99609375,0.00030048076923076925,0.0,0.99609375,0.984375,0.9921875,0.99609375,0.98828125,0.9921875,0.3333333333333333,global_gap_early_commit,False,9,9,,primary,global_gap_early_commit,0.99609375,0.9921875,1.0,7.0,4.2961879298090935,True,tie_pass,False,False,False,False,False,False,9,9,,primary,global_gap_early_commit,0.99609375,0.9921875,1.0,7.0,5.285779840312898,True,tie_pass,False,False,False,False,False,False,9,9,,primary,global_gap_early_commit,0.99609375,0.9921875,1.0,7.0,4.633930013515055,True,tie_pass,False,False,False,False,False
SingleLineInfilling/HumanEval/161/L13,4,<=8,False,True,True,True,False,4,4,4.0,14.0,0.7810906824406042,0.3684033724679765,0.4716524991910791,0.4375,4.0,4.0,0.9921875,0.98828125,0.5,10.0,True,0.4126873099726277,0.5283475008089209,28,4.0,2.0,2.0,4.0,3.0,-0.07407407407407407,0.0,0.7767857142857143,0.9259259259259259,3,14,23,0.71875,0.99609375,0.71875,0.99609375,0.7578125,0.010271990740740741,0.0,0.98828125,0.423828125,0.423828125,0.9921875,0.6796875,0.6796875,0.5,global_gap_early_commit,False,4,4,,primary,global_gap_early_commit,0.9921875,0.6796875,0.99609375,14.0,3.6684052404016256,True,tie_pass,False,False,False,False,False,False,4,4,,primary,global_gap_early_commit,0.9921875,0.6796875,0.99609375,14.0,4.44004690553993,True,tie_pass,False,False,False,False,False,False,4,4,,primary,global_gap_early_commit,0.9921875,0.6796875,0.99609375,14.0,3.93112613260746,True,tie_pass,False,False,False,False,False
SingleLineInfilling/HumanEval/161/L2,8,<=8,False,True,True,True,False,2,8,8.0,14.0,1.1019065915572415,0.8146062148981343,0.7392697540241708,0.714859437751004,8.0,8.0,0.9453125,0.91796875,0.5,6.0,True,0.2873003766591071,0.26073024597582917,28,8.0,4.0,4.0,8.0,6.0,-0.14814814814814814,-0.3333333333333333,0.7767857142857143,0.8518518518518519,2,8,27,0.97265625,0.97265625,0.953125,0.97265625,0.97265625,0.0,0.0,0.9375,0.91015625,0.9375,0.95703125,0.94140625,0.95703125,0.5,global_gap_early_commit,False,8,8,,primary,global_gap_early_commit,0.95703125,0.95703125,0.97265625,8.0,3.47188791166991,True,tie_pass,False,False,False,False,False,False,8,8,,primary,global_gap_early_commit,0.95703125,0.95703125,0.97265625,8.0,3.492268657311797,True,tie_pass,False,False,False,False,False,False,8,8,,primary,global_gap_early_commit,0.95703125,0.95703125,0.97265625,8.0,3.732488357461989,True,tie_pass,False,False,False,False,False
SingleLineInfilling/HumanEval/161/L3,7,<=8,False,True,True,True,False,4,8,8.0,13.0,1.1284585576188617,0.7244255516042298,0.641960262265037,0.62109375,8.0,8.0,0.99609375,0.9921875,0.5,5.0,True,0.4040330060146319,0.358039737734963,28,8.0,4.0,4.0,8.0,6.0,-0.14814814814814814,-0.3333333333333333,0.7767857142857143,0.8518518518518519,2,8,27,0.99609375,1.0,0.99609375,1.0,1.0,0.00014467592592592592,0.0,0.99609375,0.9921875,0.99609375,0.99609375,0.99609375,0.99609375,0.5,global_gap_early_commit,False,8,8,,primary,global_gap_early_commit,0.99609375,0.99609375,1.0,8.0,3.486798736266792,True,tie_pass,False,False,False,False,False,False,8,8,,primary,global_gap_early_commit,0.99609375,0.99609375,1.0,8.0,3.5082752406597137,True,tie_pass,False,False,False,False,False,False,8,8,,primary,global_gap_early_commit,0.99609375,0.99609375,1.0,8.0,3.778340732678771,True,tie_pass,False,False,False,False,False
SingleLineInfilling/HumanEval/161/L4,7,<=8,False,True,True,True,False,2,7,7.0,13.0,1.110673572318988,0.5717950108574267,0.5148182374264739,0.49604743083003955,7.0,7.0,0.984375,0.9765625,0.5714285714285714,6.0,True,0.5388785614615613,0.4851817625735261,28,7.0,4.0,4.0,7.0,5.0,-0.1111111111111111,0.0,0.7704081632653061,0.8888888888888888,3,8,22,0.98828125,0.9921875,0.98828125,0.9921875,0.98828125,0.00014467592592592592,0.0,0.9765625,0.9765625,0.978515625,0.984375,0.984375,0.986328125,0.5714285714285714,global_gap_early_commit,False,7,7,,primary,global_gap_early_commit,0.984375,0.986328125,0.9921875,8.0,3.544202880933881,True,tie_pass,False,False,False,False,False,False,7,7,,primary,global_gap_early_commit,0.984375,0.986328125,0.9921875,8.0,3.498475480824709,True,tie_pass,False,False,False,False,False,False,7,7,,primary,global_gap_early_commit,0.984375,0.986328125,0.9921875,8.0,3.8269598465412855,True,tie_pass,False,False,False,False,False
SingleLineInfilling/HumanEval/161/L5,12,9-12,False,False,False,False,False,2,10,10.0,14.0,1.1122738208251053,0.9839344730511174,0.8846153299924083,0.8669354838709677,10.0,10.0,0.90625,0.8515625,0.3,4.0,True,0.12833934777398792,0.11538467000759167,42,10.0,3.0,3.0,10.0,7.0,-0.17073170731707318,-0.3333333333333333,0.6666666666666666,0.8292682926829268,2,6,41,0.96875,0.97265625,0.953125,0.9765625,0.96875,9.527439024390244e-05,0.0,0.8984375,0.8984375,0.92578125,0.9375,0.93359375,0.94921875,0.3,global_gap_early_commit,False,10,10,,primary,global_gap_early_commit,0.9375,0.94921875,0.9765625,6.0,4.470398668199778,False,tie_fail,False,False,False,False,False,False,10,10,,primary,global_gap_early_commit,0.9375,0.94921875,0.9765625,6.0,4.4385732570663095,False,tie_fail,False,False,False,False,False,False,10,10,,primary,global_gap_early_commit,0.9375,0.94921875,0.9765625,6.0,4.8361792312934995,False,tie_fail,False,False,False,False,False
SingleLineInfilling/HumanEval/161/L6,7,<=8,False,True,True,True,False,3,7,7.0,13.0,1.0843334875999606,0.6196344340765739,0.571442679915806,0.5506072874493927,7.0,7.0,0.91015625,0.82421875,0.5714285714285714,6.0,True,0.4646990535233867,0.428557320084194,28,7.0,4.0,4.0,7.0,5.0,-0.1111111111111111,0.0,0.7704081632653061,0.8888888888888888,3,8,22,0.96484375,0.94921875,0.94921875,0.96484375,0.958984375,-0.0005787037037037037,0.0,0.82421875,0.82421875,0.896484375,0.91015625,0.91015625,0.947265625,0.5714285714285714,global_gap_early_commit,False,7,7,,primary,global_gap_early_commit,0.91015625,0.947265625,0.96484375,8.0,3.673236974515021,True,tie_pass,False,False,False,False,False,False,7,7,,primary,global_gap_early_commit,0.91015625,0.947265625,0.96484375,8.0,3.64879837539047,True,tie_pass,False,False,False,False,False,False,7,7,,primary,global_gap_early_commit,0.91015625,0.947265625,0.96484375,8.0,3.9283061511814594,True,tie_pass,False,False,False,False,False
SingleLineInfilling/HumanEval/161/L7,6,<=8,False,True,True,True,False,3,6,6.0,20.0,1.1047978650641286,0.841577933387979,0.7617483342431416,0.7086614173228346,6.0,6.0,0.9921875,0.984375,0.5,14.0,True,0.26321993167614954,0.2382516657568584,28,6.0,3.0,3.0,6.0,5.0,-0.1111111111111111,-0.3333333333333333,0.7738095238095238,0.8888888888888888,2,10,26,0.9921875,0.99609375,0.9921875,0.99609375,0.9921875,0.00014467592592592592,0.0,0.984375,0.984375,0.984375,0.9921875,0.9921875,0.9921875,0.5,global_gap_early_commit,False,6,6,,primary,global_gap_early_commit,0.9921875,0.9921875,0.99609375,10.0,3.6114548537880182,True,tie_pass,False,False,False,False,False,False,6,6,,primary,global_gap_early_commit,0.9921875,0.9921875,0.99609375,10.0,3.6159030850976706,True,tie_pass,False,False,False,False,False,False,6,6,,primary,global_gap_early_commit,0.9921875,0.9921875,0.99609375,10.0,3.8586667142808437,True,tie_pass,False,False,False,False,False
SingleLineInfilling/HumanEval/161/L8,5,<=8,False,True,True,True,False,4,4,4.0,14.0,1.0485293400153763,0.9610522760034169,0.9165716583470362,0.8502024291497976,4.0,4.0,0.8359375,0.7734375,0.5,10.0,True,0.08747706401195943,0.08342834165296376,28,4.0,2.0,2.0,4.0,3.0,-0.07407407407407407,0.0,0.7767857142857143,0.9259259259259259,3,14,23,0.96484375,0.91796875,0.91796875,0.96484375,0.95703125,-0.001736111111111111,0.0,0.7734375,0.7734375,0.921875,0.8359375,0.8359375,0.9453125,0.5,global_gap_early_commit,False,4,4,,primary,global_gap_early_commit,0.8359375,0.9453125,0.96484375,14.0,3.847068840637803,True,tie_pass,False,False,False,False,False,False,4,4,,primary,global_gap_early_commit,0.8359375,0.9453125,0.96484375,14.0,3.8838876225054264,True,tie_pass,False,False,False,False,False,False,4,4,,primary,global_gap_early_commit,0.8359375,0.9453125,0.96484375,14.0,4.15597390383482,True,tie_pass,False,False,False,False,False
SingleLineInfilling/HumanEval/161/L9,8,<=8,False,True,True,True,False,1,8,8.0,13.0,1.1328838852957985,0.8018798558638015,0.707821751436096,0.6875,8.0,8.0,1.0,1.0,0.5,5.0,True,0.331004029431997,0.29217824856390395,28,8.0,4.0,4.0,8.0,6.0,-0.14814814814814814,-0.3333333333333333,0.7767857142857143,0.8518518518518519,2,8,27,1.0,1.0,1.0,1.0,1.0,0.0,0.0,1.0,1.0,1.0,1.0,1.0,1.0,0.5,global_gap_early_commit,False,8,8,,primary,global_gap_early_commit,1.0,1.0,1.0,8.0,3.4780932292342186,True,tie_pass,False,False,False,False,False,False,8,8,,primary,global_gap_early_commit,1.0,1.0,1.0,8.0,4.2020021779462695,True,tie_pass,False,False,False,False,False,False,8,8,,primary,global_gap_early_commit,1.0,1.0,1.0,8.0,3.7489206613972783,True,tie_pass,False,False,False,False,False
SingleLineInfilling/HumanEval/162/L0,5,<=8,False,True,True,True,False,1,6,6.0,13.0,1.0917490713822688,0.3576566402574342,0.3275996743506302,0.31274900398406374,6.0,6.0,1.0,1.0,0.5,7.0,True,0.7340924311248347,0.6724003256493698,28,6.0,3.0,3.0,6.0,5.0,-0.1111111111111111,-0.3333333333333333,0.7738095238095238,0.8888888888888888,2,10,26,0.98046875,1.0,0.98046875,1.0,0.984375,0.0007233796296296296,0.005859375,1.0,0.97265625,0.9765625,1.0,0.98046875,0.98046875,0.5,global_gap_early_commit,False,6,6,,primary,global_gap_early_commit,1.0,0.98046875,1.0,10.0,2.007796532474458,True,tie_pass,False,False,False,False,False,False,6,6,,primary,global_gap_early_commit,1.0,0.98046875,1.0,10.0,2.581738010980189,True,tie_pass,False,False,False,False,False,False,6,6,,primary,global_gap_early_commit,1.0,0.98046875,1.0,10.0,2.090510261245072,True,tie_pass,False,False,False,False,False
SingleLineInfilling/HumanEval/162/L1,19,17-24,True,False,False,False,True,4,3,3.0,15.0,0.39220684015723756,0.24240857256206727,0.6180630925888099,0.5611702127659575,3.0,3.0,0.7890625,0.74609375,0.3333333333333333,12.0,True,0.1497982675951703,0.38193690741119013,33,3.0,1.0,1.0,3.0,2.0,-0.0625,-0.3333333333333333,0.7575757575757576,0.9375,2,21,32,0.3671875,0.4765625,0.3671875,0.4765625,0.4765625,0.00341796875,0.0,0.06689453125,0.06689453125,0.06689453125,0.2138671875,0.2138671875,0.2138671875,0.3333333333333333,global_gap_early_commit,True,32,3,32,rescue,global_gap_early_commit,0.2138671875,0.2138671875,0.4765625,21.0,4.355868140235543,False,tie_fail,False,False,False,True,False,True,24,3,24,rescue,global_gap_early_commit,0.2138671875,0.2138671875,0.4765625,21.0,5.300875853747129,False,tie_fail,False,False,False,True,False,True,24,3,24,rescue,global_gap_early_commit,0.2138671875,0.2138671875,0.4765625,21.0,4.046977014280856,False,tie_fail,False,False,False,True,False
SingleLineInfilling/HumanEval/163/L0,13,13-16,False,False,True,True,False,2,13,9.0,13.0,1.1409183116147532,1.1390338861701725,0.9983483257079873,0.9765625,9.0,13.0,0.90625,0.859375,0.3076923076923077,0.0,False,0.001884425444580673,0.0016516742920127392,42,13.0,4.0,4.0,13.0,9.0,-0.21951219512195122,-0.3333333333333333,0.6648351648351648,0.7804878048780488,2,4,41,0.9765625,0.96875,0.9609375,0.9765625,0.96875,-0.00019054878048780488,0.0,0.875,0.875,0.921875,0.91796875,0.91796875,0.94921875,0.3076923076923077,global_gap_early_commit,False,13,13,,primary,global_gap_early_commit,0.91796875,0.94921875,0.9765625,4.0,2.841020757332444,True,tie_pass,False,False,False,False,False,False,13,13,,primary,global_gap_early_commit,0.91796875,0.94921875,0.9765625,4.0,3.628504757769406,True,tie_pass,False,False,False,False,False,False,13,13,,primary,global_gap_early_commit,0.91796875,0.94921875,0.9765625,4.0,3.522860135883093,True,tie_pass,False,False,False,False,False
SingleLineInfilling/HumanEval/163/L1,13,13-16,False,False,False,False,False,3,8,8.0,13.0,1.1328838852957985,0.8337728046765663,0.7359737529136681,0.71484375,8.0,8.0,1.0,1.0,0.5,5.0,True,0.2991110806192322,0.26402624708633193,28,8.0,4.0,4.0,8.0,6.0,-0.14814814814814814,-0.3333333333333333,0.7767857142857143,0.8518518518518519,2,8,27,1.0,1.0,1.0,1.0,1.0,0.0,0.0,1.0,0.99609375,1.0,1.0,1.0,1.0,0.5,global_gap_early_commit,False,8,8,,primary,global_gap_early_commit,1.0,1.0,1.0,8.0,2.4283295264467597,False,tie_fail,False,False,False,False,False,False,8,8,,primary,global_gap_early_commit,1.0,1.0,1.0,8.0,2.9840810894966125,False,tie_fail,False,False,False,False,False,False,8,8,,primary,global_gap_early_commit,1.0,1.0,1.0,8.0,3.7180789494886994,False,tie_fail,False,False,False,False,False
SingleLineInfilling/HumanEval/163/L3,25,25+,True,False,False,False,True,2,3,3.0,13.0,0.5591033678837216,0.3325978947616904,0.5948772872190278,0.5447761194029851,3.0,3.0,,,0.0,10.0,True,0.22650547312203123,0.4051227127809722,54,3.0,0.0,0.0,3.0,2.0,-0.05660377358490566,-0.3333333333333333,0.5864197530864198,0.9433962264150944,2,21,53,0.5234375,0.75390625,0.50390625,0.75390625,0.5234375,0.004348466981132075,0.0,0.142578125,0.142578125,0.1484375,0.26953125,0.2578125,0.26953125,0.0,no_remaining_masks,True,32,3,32,rescue,no_remaining_masks,0.26953125,0.26953125,0.75390625,21.0,6.90221110265702,False,tie_fail,False,False,False,True,False,True,24,3,24,rescue,no_remaining_masks,0.26953125,0.26953125,0.75390625,21.0,7.27919721417129,False,tie_fail,False,False,False,True,False,True,24,3,24,rescue,no_remaining_masks,0.26953125,0.26953125,0.75390625,21.0,9.049197186715901,False,tie_fail,False,False,False,True,False
SingleLineInfilling/HumanEval/17/L0,24,17-24,True,False,True,True,False,1,24,24.0,24.0,0.9784599515510887,0.9784599515510887,1.0,1.0,24.0,24.0,0.953125,0.91015625,0.375,0.0,False,0.0,0.0,40,24.0,9.0,9.0,24.0,16.0,-0.38461538461538464,-0.3333333333333333,0.6791666666666667,0.6153846153846154,2,2,38,0.80859375,0.9765625,0.80859375,0.9765625,0.8671875,0.004306891025641026,0.0,0.91015625,0.60546875,0.77734375,0.953125,0.78125,0.84765625,0.375,global_gap_early_commit,False,24,24,,primary,global_gap_early_commit,0.953125,0.84765625,0.9765625,2.0,4.582751089707017,True,tie_pass,False,False,False,False,False,False,24,24,,primary,global_gap_early_commit,0.953125,0.84765625,0.9765625,2.0,4.2327608754858375,True,tie_pass,False,False,False,False,False,False,24,24,,primary,global_gap_early_commit,0.953125,0.84765625,0.9765625,2.0,4.247794917784631,True,tie_pass,False,False,False,False,False
SingleLineInfilling/HumanEval/17/L1,19,17-24,True,False,False,False,True,3,3,3.0,13.0,0.4986033765828711,0.2585606921606292,0.518569877991299,0.47489539748953974,3.0,3.0,,,0.0,10.0,True,0.24004268442224191,0.48143012200870094,54,3.0,0.0,0.0,3.0,2.0,-0.05660377358490566,-0.3333333333333333,0.5864197530864198,0.9433962264150944,2,21,53,0.466796875,0.78515625,0.466796875,0.78515625,0.53515625,0.0060067806603773585,0.0,0.142578125,0.142578125,0.201171875,0.361328125,0.30078125,0.361328125,0.0,no_remaining_masks,True,32,3,32,rescue,no_remaining_masks,0.361328125,0.361328125,0.78515625,21.0,9.95443014241755,False,tie_fail,False,False,False,True,False,True,24,3,24,rescue,no_remaining_masks,0.361328125,0.361328125,0.78515625,21.0,9.115914032794535,False,tie_fail,False,False,False,True,False,True,24,3,24,rescue,no_remaining_masks,0.361328125,0.361328125,0.78515625,21.0,9.187844356521964,False,tie_fail,False,False,False,True,False
SingleLineInfilling/HumanEval/18/L0,6,<=8,False,True,True,True,False,1,6,6.0,13.0,1.1047978650641286,0.6150782985318932,0.5567337863168216,0.52734375,6.0,6.0,0.99609375,0.99609375,0.5,7.0,True,0.48971956653223536,0.4432662136831784,28,6.0,3.0,3.0,6.0,5.0,-0.1111111111111111,-0.3333333333333333,0.7738095238095238,0.8888888888888888,2,10,26,0.9921875,1.0,0.9921875,1.0,1.0,0.00028935185185185184,0.0,0.99609375,0.984375,0.99609375,0.99609375,0.9921875,1.0,0.5,global_gap_early_commit,False,6,6,,primary,global_gap_early_commit,0.99609375,1.0,1.0,10.0,2.8135945042595267,True,tie_pass,False,False,False,False,False,False,6,6,,primary,global_gap_early_commit,0.99609375,1.0,1.0,10.0,2.625233213417232,True,tie_pass,False,False,False,False,False,False,6,6,,primary,global_gap_early_commit,0.99609375,1.0,1.0,10.0,2.7206966215744615,True,tie_pass,False,False,False,False,False
SingleLineInfilling/HumanEval/18/L2,18,17-24,True,False,True,True,False,1,9,9.0,14.0,1.1409183116147532,1.0617339430132986,0.9305959350504382,0.90625,9.0,9.0,1.0,1.0,0.3333333333333333,5.0,True,0.07918436860145461,0.06940406494956175,40,9.0,3.0,3.0,9.0,6.0,-0.15384615384615385,-0.3333333333333333,0.6777777777777778,0.8461538461538461,2,7,39,1.0,1.0,1.0,1.0,1.0,0.0,0.0,1.0,1.0,1.0,1.0,1.0,1.0,0.3333333333333333,global_gap_early_commit,False,9,9,,primary,global_gap_early_commit,1.0,1.0,1.0,7.0,3.772475076839328,True,tie_pass,False,False,False,False,False,False,9,9,,primary,global_gap_early_commit,1.0,1.0,1.0,7.0,3.5063702650368214,True,tie_pass,False,False,False,False,False,False,9,9,,primary,global_gap_early_commit,1.0,1.0,1.0,7.0,3.536132311448455,True,tie_pass,False,False,False,False,False
SingleLineInfilling/HumanEval/18/L3,14,13-16,False,False,True,True,False,0,14,14.0,14.0,1.0937690188800793,1.0937690188800793,1.0,1.0,14.0,14.0,0.9453125,0.890625,0.35714285714285715,0.0,False,0.0,0.0,40,14.0,5.0,5.0,14.0,9.5,-0.23076923076923078,-0.3333333333333333,0.6785714285714286,0.7692307692307693,2,4,38,0.93359375,0.98046875,0.9296875,0.98046875,0.96484375,0.001201923076923077,0.001953125,0.890625,0.8671875,0.890625,0.9453125,0.92578125,0.9453125,0.35714285714285715,global_gap_early_commit,False,14,14,,primary,global_gap_early_commit,0.9453125,0.9453125,0.98046875,4.0,3.3681905325502157,True,tie_pass,False,False,False,False,False,False,14,14,,primary,global_gap_early_commit,0.9453125,0.9453125,0.98046875,4.0,3.2028165804222226,True,tie_pass,False,False,False,False,False,False,14,14,,primary,global_gap_early_commit,0.9453125,0.9453125,0.98046875,4.0,3.1436449019238353,True,tie_pass,False,False,False,False,False
SingleLineInfilling/HumanEval/18/L4,6,<=8,False,True,True,True,False,4,6,6.0,13.0,1.1134970608520351,0.8201043980425243,0.7365124048149618,0.703125,6.0,6.0,1.0,1.0,0.5,7.0,True,0.2933926628095108,0.26348759518503817,28,6.0,3.0,3.0,6.0,5.0,-0.1111111111111111,-0.3333333333333333,0.7738095238095238,0.8888888888888888,2,10,26,1.0,1.0,1.0,1.0,1.0,0.0,0.0,1.0,1.0,1.0,1.0,1.0,1.0,0.5,global_gap_early_commit,False,6,6,,primary,global_gap_early_commit,1.0,1.0,1.0,10.0,2.814240723848343,True,tie_pass,False,False,False,False,False,False,6,6,,primary,global_gap_early_commit,1.0,1.0,1.0,10.0,2.7705292953178287,True,tie_pass,False,False,False,False,False,False,6,6,,primary,global_gap_early_commit,1.0,1.0,1.0,10.0,2.6547067062929273,True,tie_pass,False,False,False,False,False
SingleLineInfilling/HumanEval/18/L6,4,<=8,False,True,True,True,False,1,3,3.0,14.0,1.026413645517877,0.4988318956398688,0.48599499608969365,0.44308943089430897,3.0,3.0,0.99609375,0.9921875,0.3333333333333333,11.0,True,0.5275817498780082,0.5140050039103063,33,3.0,1.0,1.0,3.0,2.0,-0.0625,-0.3333333333333333,0.7575757575757576,0.9375,2,21,32,0.9609375,0.98046875,0.9609375,0.98046875,0.98046875,0.0006103515625,0.0,0.96484375,0.94921875,0.96484375,0.97265625,0.9609375,0.97265625,0.3333333333333333,global_gap_early_commit,False,3,3,,primary,global_gap_early_commit,0.97265625,0.97265625,0.98046875,21.0,3.1188861103728414,True,tie_pass,False,False,False,False,False,False,3,3,,primary,global_gap_early_commit,0.97265625,0.97265625,0.98046875,21.0,3.0385139267891645,True,tie_pass,False,False,False,False,False,False,3,3,,primary,global_gap_early_commit,0.97265625,0.97265625,0.98046875,21.0,2.9313437659293413,True,tie_pass,False,False,False,False,False
SingleLineInfilling/HumanEval/19/L0,6,<=8,False,True,True,True,False,0,6,6.0,13.0,1.1134970608520351,0.6241905696212546,0.5605677747758321,0.53515625,6.0,6.0,1.0,1.0,0.5,7.0,True,0.4893064912307805,0.4394322252241679,28,6.0,3.0,3.0,6.0,5.0,-0.1111111111111111,-0.3333333333333333,0.7738095238095238,0.8888888888888888,2,10,26,1.0,1.0,1.0,1.0,1.0,0.0,0.0,1.0,1.0,1.0,1.0,1.0,1.0,0.5,global_gap_early_commit,False,6,6,,primary,global_gap_early_commit,1.0,1.0,1.0,10.0,3.997057438828051,True,tie_pass,False,False,False,False,False,False,6,6,,primary,global_gap_early_commit,1.0,1.0,1.0,10.0,3.773617310449481,True,tie_pass,False,False,False,False,False,False,6,6,,primary,global_gap_early_commit,1.0,1.0,1.0,10.0,3.7400877652689815,True,tie_pass,False,False,False,False,False
SingleLineInfilling/HumanEval/19/L1,8,<=8,False,True,True,True,False,3,8,8.0,15.0,1.1328838852957985,1.0615427537789106,0.9370269694512774,0.90234375,8.0,8.0,1.0,1.0,0.5,7.0,True,0.07134113151688792,0.06297303054872261,28,8.0,4.0,4.0,8.0,6.0,-0.14814814814814814,-0.3333333333333333,0.7767857142857143,0.8518518518518519,2,8,27,1.0,1.0,1.0,1.0,1.0,0.0,0.0,1.0,1.0,1.0,1.0,1.0,1.0,0.5,global_gap_early_commit,False,8,8,,primary,global_gap_early_commit,1.0,1.0,1.0,8.0,3.7334800884127617,True,tie_pass,False,False,False,False,False,False,8,8,,primary,global_gap_early_commit,1.0,1.0,1.0,8.0,3.4918027268722653,True,tie_pass,False,False,False,False,False,False,8,8,,primary,global_gap_early_commit,1.0,1.0,1.0,8.0,3.467976350337267,True,tie_pass,False,False,False,False,False
SingleLineInfilling/HumanEval/19/L10,8,<=8,False,True,True,True,False,2,9,9.0,15.0,1.1409183116147532,0.9696342902482691,0.8498717922021393,0.82421875,9.0,9.0,1.0,0.99609375,0.3333333333333333,6.0,True,0.17128402136648413,0.15012820779786074,40,9.0,3.0,3.0,9.0,6.0,-0.15384615384615385,-0.3333333333333333,0.6777777777777778,0.8461538461538461,2,7,39,1.0,1.0,1.0,1.0,1.0,0.0,0.0,1.0,1.0,1.0,1.0,1.0,1.0,0.3333333333333333,global_gap_early_commit,False,9,9,,primary,global_gap_early_commit,1.0,1.0,1.0,7.0,4.6190916849300265,True,tie_pass,False,False,False,False,False,False,9,9,,primary,global_gap_early_commit,1.0,1.0,1.0,7.0,4.349348966032267,True,tie_pass,False,False,False,False,False,False,9,9,,primary,global_gap_early_commit,1.0,1.0,1.0,7.0,4.689785113558173,True,tie_pass,False,False,False,False,False
SingleLineInfilling/HumanEval/19/L11,3,<=8,False,True,True,True,False,3,4,4.0,14.0,1.0697546302990883,0.5995135626497505,0.5604215636646835,0.51171875,4.0,4.0,1.0,1.0,0.5,10.0,True,0.4702410676493378,0.43957843633531646,28,4.0,2.0,2.0,4.0,3.0,-0.07407407407407407,0.0,0.7767857142857143,0.9259259259259259,3,14,23,0.984375,1.0,0.984375,1.0,0.984375,0.0005787037037037037,0.0,1.0,0.95703125,0.95703125,1.0,0.9765625,0.9765625,0.5,global_gap_early_commit,False,4,4,,primary,global_gap_early_commit,1.0,0.9765625,1.0,14.0,4.087324042804539,True,tie_pass,False,False,False,False,False,False,4,4,,primary,global_gap_early_commit,1.0,0.9765625,1.0,14.0,3.8210390685126185,True,tie_pass,False,False,False,False,False,False,4,4,,primary,global_gap_early_commit,1.0,0.9765625,1.0,14.0,4.13488057628274,True,tie_pass,False,False,False,False,False
SingleLineInfilling/HumanEval/19/L12,27,25+,True,False,False,False,True,4,3,3.0,13.0,0.4485344182649259,0.24375325164041695,0.5434438065719287,0.49767441860465117,3.0,3.0,,,0.0,10.0,True,0.20478116662450896,0.4565561934280713,54,3.0,0.0,0.0,3.0,2.0,-0.05660377358490566,-0.3333333333333333,0.5864197530864198,0.9433962264150944,2,21,53,0.419921875,0.828125,0.419921875,0.828125,0.5078125,0.007701945754716981,0.0,0.390625,0.185546875,0.2197265625,0.486328125,0.26171875,0.419921875,0.0,no_remaining_masks,True,32,3,32,rescue,no_remaining_masks,0.486328125,0.419921875,0.828125,21.0,9.769554766826332,False,tie_fail,False,False,False,True,False,True,24,3,24,rescue,no_remaining_masks,0.486328125,0.419921875,0.828125,21.0,9.126089877448976,False,tie_fail,False,False,False,True,False,True,24,3,24,rescue,no_remaining_masks,0.486328125,0.419921875,0.828125,21.0,9.819171704351902,False,tie_fail,False,False,False,True,False
SingleLineInfilling/HumanEval/19/L2,8,<=8,False,True,True,True,False,1,8,8.0,16.0,1.1328838852957985,1.121020377841312,0.9895280464234082,0.94921875,8.0,8.0,1.0,1.0,0.5,8.0,True,0.01186350745448661,0.010471953576591808,28,8.0,4.0,4.0,8.0,6.0,-0.14814814814814814,-0.3333333333333333,0.7767857142857143,0.8518518518518519,2,8,27,1.0,1.0,1.0,1.0,1.0,0.0,0.0,1.0,1.0,1.0,1.0,1.0,1.0,0.5,global_gap_early_commit,False,8,8,,primary,global_gap_early_commit,1.0,1.0,1.0,8.0,3.7221286483108997,True,tie_pass,False,False,False,False,False,False,8,8,,primary,global_gap_early_commit,1.0,1.0,1.0,8.0,3.500987899489701,True,tie_pass,False,False,False,False,False,False,8,8,,primary,global_gap_early_commit,1.0,1.0,1.0,8.0,3.7862010411918163,True,tie_pass,False,False,False,False,False
SingleLineInfilling/HumanEval/19/L3,8,<=8,False,True,True,True,False,3,8,8.0,16.0,1.1328838852957985,1.0518215890856755,0.9284460682491238,0.890625,8.0,8.0,1.0,1.0,0.5,8.0,True,0.08106229621012306,0.07155393175087621,28,8.0,4.0,4.0,8.0,6.0,-0.14814814814814814,-0.3333333333333333,0.7767857142857143,0.8518518518518519,2,8,27,1.0,1.0,1.0,1.0,1.0,0.0,0.0,1.0,1.0,1.0,1.0,1.0,1.0,0.5,global_gap_early_commit,False,8,8,,primary,global_gap_early_commit,1.0,1.0,1.0,8.0,3.7471832409501076,True,tie_pass,False,False,False,False,False,False,8,8,,primary,global_gap_early_commit,1.0,1.0,1.0,8.0,3.4818236911669374,True,tie_pass,False,False,False,False,False,False,8,8,,primary,global_gap_early_commit,1.0,1.0,1.0,8.0,3.7806751430034637,True,tie_pass,False,False,False,False,False
SingleLineInfilling/HumanEval/19/L4,8,<=8,False,True,True,True,False,3,8,8.0,16.0,1.1328838852957985,1.0287553261671298,0.9080854088576955,0.87109375,8.0,8.0,1.0,1.0,0.5,8.0,True,0.1041285591286687,0.09191459114230449,28,8.0,4.0,4.0,8.0,6.0,-0.14814814814814814,-0.3333333333333333,0.7767857142857143,0.8518518518518519,2,8,27,1.0,1.0,1.0,1.0,1.0,0.0,0.0,1.0,1.0,1.0,1.0,1.0,1.0,0.5,global_gap_early_commit,False,8,8,,primary,global_gap_early_commit,1.0,1.0,1.0,8.0,3.71992277354002,True,tie_pass,False,False,False,False,False,False,8,8,,primary,global_gap_early_commit,1.0,1.0,1.0,8.0,3.501341260969639,True,tie_pass,False,False,False,False,False,False,8,8,,primary,global_gap_early_commit,1.0,1.0,1.0,8.0,3.7920145774260163,True,tie_pass,False,False,False,False,False
SingleLineInfilling/HumanEval/19/L5,8,<=8,False,True,True,True,False,1,8,8.0,16.0,1.1328838852957985,1.0425950839182572,0.9203018044925524,0.8828125,8.0,8.0,1.0,1.0,0.5,8.0,True,0.09028880137754136,0.07969819550744761,28,8.0,4.0,4.0,8.0,6.0,-0.14814814814814814,-0.3333333333333333,0.7767857142857143,0.8518518518518519,2,8,27,1.0,1.0,1.0,1.0,1.0,0.0,0.0,1.0,1.0,1.0,1.0,1.0,1.0,0.5,global_gap_early_commit,False,8,8,,primary,global_gap_early_commit,1.0,1.0,1.0,8.0,3.7325405310839415,True,tie_pass,False,False,False,False,False,False,8,8,,primary,global_gap_early_commit,1.0,1.0,1.0,8.0,3.4776865020394325,True,tie_pass,False,False,False,False,False,False,8,8,,primary,global_gap_early_commit,1.0,1.0,1.0,8.0,3.7535554813221097,True,tie_pass,False,False,False,False,False
SingleLineInfilling/HumanEval/19/L6,8,<=8,False,True,True,True,False,1,8,8.0,16.0,1.1328838852957985,1.0472083365019664,0.9243739363708382,0.88671875,8.0,8.0,1.0,1.0,0.5,8.0,True,0.0856755487938321,0.0756260636291618,28,8.0,4.0,4.0,8.0,6.0,-0.14814814814814814,-0.3333333333333333,0.7767857142857143,0.8518518518518519,2,8,27,1.0,1.0,1.0,1.0,1.0,0.0,0.0,1.0,1.0,1.0,1.0,1.0,1.0,0.5,global_gap_early_commit,False,8,8,,primary,global_gap_early_commit,1.0,1.0,1.0,8.0,3.742305944673717,True,tie_pass,False,False,False,False,False,False,8,8,,primary,global_gap_early_commit,1.0,1.0,1.0,8.0,3.467444086447358,True,tie_pass,False,False,False,False,False,False,8,8,,primary,global_gap_early_commit,1.0,1.0,1.0,8.0,3.8468762151896954,True,tie_pass,False,False,False,False,False
SingleLineInfilling/HumanEval/19/L7,8,<=8,False,True,True,True,False,0,8,8.0,16.0,1.1328838852957985,1.0379818313345481,0.9162296726142669,0.87890625,8.0,8.0,1.0,1.0,0.5,8.0,True,0.0949020539612504,0.08377032738573309,28,8.0,4.0,4.0,8.0,6.0,-0.14814814814814814,-0.3333333333333333,0.7767857142857143,0.8518518518518519,2,8,27,1.0,1.0,1.0,1.0,1.0,0.0,0.0,1.0,1.0,1.0,1.0,1.0,1.0,0.5,global_gap_early_commit,False,8,8,,primary,global_gap_early_commit,1.0,1.0,1.0,8.0,3.7348639303818345,True,tie_pass,False,False,False,False,False,False,8,8,,primary,global_gap_early_commit,1.0,1.0,1.0,8.0,3.4733642572537065,True,tie_pass,False,False,False,False,False,False,8,8,,primary,global_gap_early_commit,1.0,1.0,1.0,8.0,3.8675391245633364,True,tie_pass,False,False,False,False,False
SingleLineInfilling/HumanEval/19/L8,8,<=8,False,True,True,True,False,0,8,8.0,16.0,1.1328838852957985,1.0425950839182572,0.9203018044925524,0.8828125,8.0,8.0,1.0,1.0,0.5,8.0,True,0.09028880137754136,0.07969819550744761,28,8.0,4.0,4.0,8.0,6.0,-0.14814814814814814,-0.3333333333333333,0.7767857142857143,0.8518518518518519,2,8,27,1.0,1.0,1.0,1.0,1.0,0.0,0.0,1.0,1.0,1.0,1.0,1.0,1.0,0.5,global_gap_early_commit,False,8,8,,primary,global_gap_early_commit,1.0,1.0,1.0,8.0,3.7296176366508007,True,tie_pass,False,False,False,False,False,False,8,8,,primary,global_gap_early_commit,1.0,1.0,1.0,8.0,3.468442996032536,True,tie_pass,False,False,False,False,False,False,8,8,,primary,global_gap_early_commit,1.0,1.0,1.0,8.0,3.758668776601553,True,tie_pass,False,False,False,False,False
SingleLineInfilling/HumanEval/19/L9,8,<=8,False,True,True,True,False,1,8,8.0,16.0,1.1328838852957985,1.0841143571716392,0.9569509913971231,0.91796875,8.0,8.0,1.0,1.0,0.5,8.0,True,0.048769528124159356,0.04304900860287686,28,8.0,4.0,4.0,8.0,6.0,-0.14814814814814814,-0.3333333333333333,0.7767857142857143,0.8518518518518519,2,8,27,1.0,1.0,1.0,1.0,1.0,0.0,0.0,1.0,1.0,1.0,1.0,1.0,1.0,0.5,global_gap_early_commit,False,8,8,,primary,global_gap_early_commit,1.0,1.0,1.0,8.0,3.7259999429807067,True,tie_pass,False,False,False,False,False,False,8,8,,primary,global_gap_early_commit,1.0,1.0,1.0,8.0,3.4945385800674558,True,tie_pass,False,False,False,False,False,False,8,8,,primary,global_gap_early_commit,1.0,1.0,1.0,8.0,3.752410154789686,True,tie_pass,False,False,False,False,False
SingleLineInfilling/HumanEval/2/L0,9,9-12,False,False,False,False,False,4,3,3.0,13.0,0.44644821166834486,0.23122387889254503,0.5179187033328637,0.4742990654205608,3.0,3.0,,,0.0,10.0,True,0.21522433277579983,0.4820812966671363,54,3.0,0.0,0.0,3.0,2.0,-0.05660377358490566,-0.3333333333333333,0.5864197530864198,0.9433962264150944,2,21,53,0.41796875,0.6953125,0.41796875,0.6953125,0.451171875,0.005232900943396226,0.0,0.0,0.0,0.10888671875,0.107421875,0.107421875,0.1787109375,0.0,no_remaining_masks,True,32,3,32,rescue,no_remaining_masks,0.107421875,0.1787109375,0.6953125,21.0,7.1466095158830285,False,tie_fail,False,False,False,False,False,True,24,3,24,rescue,no_remaining_masks,0.107421875,0.1787109375,0.6953125,21.0,6.53261739294976,False,tie_fail,False,False,False,False,False,True,24,3,24,rescue,no_remaining_masks,0.107421875,0.1787109375,0.6953125,21.0,4.828436771407723,False,tie_fail,False,False,False,False,False
SingleLineInfilling/HumanEval/20/L0,6,<=8,False,True,True,True,False,1,13,6.0,13.0,1.0873994734883157,1.0479111752765589,0.9636855643445544,0.92,6.0,13.0,0.9296875,0.86328125,0.3076923076923077,0.0,False,0.03948829821175681,0.036314435655445565,42,13.0,4.0,4.0,13.0,9.0,-0.21951219512195122,-0.3333333333333333,0.6648351648351648,0.7804878048780488,2,4,41,0.8984375,0.9765625,0.8828125,0.9765625,0.94921875,0.0019054878048780487,0.0,0.87890625,0.82421875,0.8828125,0.9375,0.875,0.9375,0.3076923076923077,global_gap_early_commit,False,13,13,,primary,global_gap_early_commit,0.9375,0.9375,0.9765625,4.0,6.322228951379657,True,tie_pass,False,False,False,False,False,False,13,13,,primary,global_gap_early_commit,0.9375,0.9375,0.9765625,4.0,5.843587179668248,True,tie_pass,False,False,False,False,False,False,13,13,,primary,global_gap_early_commit,0.9375,0.9375,0.9765625,4.0,6.219800435937941,True,tie_pass,False,False,False,False,False
SingleLineInfilling/HumanEval/20/L1,5,<=8,False,True,True,True,False,3,7,5.0,20.0,1.088475745552953,0.551701089665453,0.5068565761979245,0.4609375,5.0,7.0,0.8984375,0.828125,0.5714285714285714,13.0,True,0.5367746558875001,0.49314342380207554,28,7.0,4.0,4.0,7.0,5.0,-0.1111111111111111,0.0,0.7704081632653061,0.8888888888888888,3,8,22,0.91796875,0.94140625,0.91796875,0.94140625,0.94140625,0.0008680555555555555,0.0,0.828125,0.828125,0.875,0.8984375,0.8984375,0.91796875,0.5714285714285714,global_gap_early_commit,False,7,7,,primary,global_gap_early_commit,0.8984375,0.91796875,0.94140625,8.0,4.782875565811992,True,tie_pass,False,False,False,False,False,False,7,7,,primary,global_gap_early_commit,0.8984375,0.91796875,0.94140625,8.0,4.556285933591425,True,tie_pass,False,False,False,False,False,False,7,7,,primary,global_gap_early_commit,0.8984375,0.91796875,0.94140625,8.0,4.828219688497484,True,tie_pass,False,False,False,False,False
SingleLineInfilling/HumanEval/20/L10,11,9-12,False,False,True,True,False,2,11,11.0,14.0,1.154738274773439,0.6681601537928518,0.5786247571329058,0.5703125,11.0,11.0,1.0,1.0,0.36363636363636365,3.0,True,0.48657812098058717,0.42137524286709416,40,11.0,4.0,4.0,11.0,7.5,-0.1794871794871795,-0.3333333333333333,0.6795454545454546,0.8205128205128205,2,5,37,1.0,1.0,1.0,1.0,1.0,0.0,0.0,1.0,1.0,1.0,1.0,1.0,1.0,0.36363636363636365,global_gap_early_commit,False,11,11,,primary,global_gap_early_commit,1.0,1.0,1.0,5.0,5.569494551047683,True,tie_pass,False,False,False,False,False,False,11,11,,primary,global_gap_early_commit,1.0,1.0,1.0,5.0,6.906765238381922,True,tie_pass,False,False,False,False,False,False,11,11,,primary,global_gap_early_commit,1.0,1.0,1.0,5.0,6.308961469680071,True,tie_pass,False,False,False,False,False
SingleLineInfilling/HumanEval/20/L11,8,<=8,False,True,True,True,False,2,8,8.0,13.0,1.1151825745880517,1.016018226463794,0.9110779253694051,0.8849206349206349,8.0,8.0,0.92578125,0.87109375,0.5,5.0,True,0.09916434812425767,0.08892207463059487,28,8.0,4.0,4.0,8.0,6.0,-0.14814814814814814,-0.3333333333333333,0.7767857142857143,0.8518518518518519,2,8,27,0.984375,0.9609375,0.9609375,0.984375,0.9765625,-0.0008680555555555555,0.0,0.89453125,0.89453125,0.94921875,0.94140625,0.94140625,0.96875,0.5,global_gap_early_commit,False,8,8,,primary,global_gap_early_commit,0.94140625,0.96875,0.984375,8.0,4.320750333368778,True,tie_pass,False,False,False,False,False,False,8,8,,primary,global_gap_early_commit,0.94140625,0.96875,0.984375,8.0,5.254522508941591,True,tie_pass,False,False,False,False,False,False,8,8,,primary,global_gap_early_commit,0.94140625,0.96875,0.984375,8.0,4.432422390207648,True,tie_pass,False,False,False,False,False
SingleLineInfilling/HumanEval/20/L12,6,<=8,False,True,True,True,False,4,10,10.0,13.0,1.1212437709930496,0.7426500937829525,0.6623449003647184,0.63671875,10.0,10.0,1.0,1.0,0.3,3.0,True,0.37859367721009707,0.3376550996352816,42,10.0,3.0,3.0,10.0,7.0,-0.17073170731707318,-0.3333333333333333,0.6666666666666666,0.8292682926829268,2,6,41,0.9765625,1.0,0.9765625,1.0,0.9921875,0.0005716463414634146,0.0,1.0,0.95703125,0.98828125,1.0,0.96875,0.9921875,0.3,global_gap_early_commit,False,10,10,,primary,global_gap_early_commit,1.0,0.9921875,1.0,6.0,5.597708692774177,True,tie_pass,False,False,False,False,False,False,10,10,,primary,global_gap_early_commit,1.0,0.9921875,1.0,6.0,6.92749885097146,True,tie_pass,False,False,False,False,False,False,10,10,,primary,global_gap_early_commit,1.0,0.9921875,1.0,6.0,5.561225873418152,True,tie_pass,False,False,False,False,False
SingleLineInfilling/HumanEval/20/L13,13,13-16,False,False,True,True,False,3,13,13.0,13.0,1.1618145638935762,1.1618145638935762,1.0,1.0,13.0,13.0,1.0,1.0,0.3076923076923077,0.0,False,0.0,0.0,42,13.0,4.0,4.0,13.0,9.0,-0.21951219512195122,-0.3333333333333333,0.6648351648351648,0.7804878048780488,2,4,41,0.99609375,0.99609375,0.9921875,1.0,0.9921875,0.0,0.0,1.0,0.99609375,1.0,1.0,0.99609375,1.0,0.3076923076923077,global_gap_early_commit,False,13,13,,primary,global_gap_early_commit,1.0,1.0,1.0,4.0,5.45255771279335,True,tie_pass,False,False,False,False,False,False,13,13,,primary,global_gap_early_commit,1.0,1.0,1.0,4.0,6.716011452488601,True,tie_pass,False,False,False,False,False,False,13,13,,primary,global_gap_early_commit,1.0,1.0,1.0,4.0,7.4795025968924165,True,tie_pass,False,False,False,False,False
SingleLineInfilling/HumanEval/20/L15,5,<=8,False,True,True,True,False,4,4,4.0,13.0,1.0103238175046945,0.5171213843212584,0.5118372697561944,0.47689075630252103,4.0,4.0,0.9609375,0.9296875,0.5,9.0,True,0.49320243318343604,0.48816273024380563,28,4.0,2.0,2.0,4.0,3.0,-0.07407407407407407,0.0,0.7767857142857143,0.9259259259259259,3,14,23,0.9296875,0.98046875,0.9140625,0.98046875,0.9140625,0.001880787037037037,0.0,0.9296875,0.82421875,0.82421875,0.9609375,0.88671875,0.88671875,0.5,global_gap_early_commit,False,4,4,,primary,global_gap_early_commit,0.9609375,0.88671875,0.98046875,14.0,4.562951477244496,True,tie_pass,False,False,False,False,False,False,4,4,,primary,global_gap_early_commit,0.9609375,0.88671875,0.98046875,14.0,5.493181203491986,True,tie_pass,False,False,False,False,False,False,4,4,,primary,global_gap_early_commit,0.9609375,0.88671875,0.98046875,14.0,6.878046051599085,True,tie_pass,False,False,False,False,False
SingleLineInfilling/HumanEval/20/L3,11,9-12,False,False,True,True,False,0,11,11.0,13.0,1.154738274773439,0.824660533587205,0.7141536325614602,0.70703125,11.0,11.0,1.0,1.0,0.36363636363636365,2.0,True,0.3300777411862339,0.28584636743853975,40,11.0,4.0,4.0,11.0,7.5,-0.1794871794871795,-0.3333333333333333,0.6795454545454546,0.8205128205128205,2,5,37,1.0,1.0,1.0,1.0,1.0,0.0,0.0,1.0,1.0,1.0,1.0,1.0,1.0,0.36363636363636365,global_gap_early_commit,False,11,11,,primary,global_gap_early_commit,1.0,1.0,1.0,5.0,5.784647102467716,True,tie_pass,False,False,False,False,False,False,11,11,,primary,global_gap_early_commit,1.0,1.0,1.0,5.0,6.012155498377979,True,tie_pass,False,False,False,False,False,False,11,11,,primary,global_gap_early_commit,1.0,1.0,1.0,5.0,5.863156537525356,True,tie_pass,False,False,False,False,False
SingleLineInfilling/HumanEval/20/L4,13,13-16,False,False,True,True,False,4,13,13.0,13.0,1.1663706994382568,1.1663706994382568,1.0,1.0,13.0,13.0,1.0,1.0,0.3076923076923077,0.0,False,0.0,0.0,42,13.0,4.0,4.0,13.0,9.0,-0.21951219512195122,-0.3333333333333333,0.6648351648351648,0.7804878048780488,2,4,41,1.0,1.0,1.0,1.0,1.0,0.0,0.0,1.0,1.0,1.0,1.0,1.0,1.0,0.3076923076923077,global_gap_early_commit,False,13,13,,primary,global_gap_early_commit,1.0,1.0,1.0,4.0,5.5799475684762,True,tie_pass,False,False,False,False,False,False,13,13,,primary,global_gap_early_commit,1.0,1.0,1.0,4.0,6.701505494304001,True,tie_pass,False,False,False,False,False,False,13,13,,primary,global_gap_early_commit,1.0,1.0,1.0,4.0,5.79856283031404,True,tie_pass,False,False,False,False,False
SingleLineInfilling/HumanEval/20/L5,8,<=8,False,True,True,True,False,3,8,4.0,13.0,1.078244746412573,0.8747780245786926,0.8112982024620714,0.7559055118110236,4.0,8.0,0.87890625,0.7890625,0.5,5.0,True,0.20346672183388048,0.1887017975379286,28,8.0,4.0,4.0,8.0,6.0,-0.14814814814814814,-0.3333333333333333,0.7767857142857143,0.8518518518518519,2,8,27,0.921875,0.9375,0.921875,0.9375,0.9375,0.0005787037037037037,0.0,0.82421875,0.82421875,0.85546875,0.8984375,0.8984375,0.91796875,0.5,global_gap_early_commit,False,8,8,,primary,global_gap_early_commit,0.8984375,0.91796875,0.9375,8.0,4.329375374130905,True,tie_pass,False,False,False,False,False,False,8,8,,primary,global_gap_early_commit,0.8984375,0.91796875,0.9375,8.0,5.301219091750681,True,tie_pass,False,False,False,False,False,False,8,8,,primary,global_gap_early_commit,0.8984375,0.91796875,0.9375,8.0,4.6302065989002585,True,tie_pass,False,False,False,False,False
SingleLineInfilling/HumanEval/20/L6,7,<=8,False,True,True,True,False,1,7,7.0,13.0,1.115063586438826,0.7426500937829525,0.6660159140832058,0.63671875,7.0,7.0,0.98046875,0.9609375,0.5714285714285714,6.0,True,0.37241349265587353,0.3339840859167942,28,7.0,4.0,4.0,7.0,5.0,-0.1111111111111111,0.0,0.7704081632653061,0.8888888888888888,3,8,22,0.9921875,0.98828125,0.98828125,0.9921875,0.9921875,-0.00014467592592592592,0.0,0.9609375,0.9609375,0.98046875,0.98046875,0.98046875,0.990234375,0.5714285714285714,global_gap_early_commit,False,7,7,,primary,global_gap_early_commit,0.98046875,0.990234375,0.9921875,8.0,4.563847511075437,True,tie_pass,False,False,False,False,False,False,7,7,,primary,global_gap_early_commit,0.98046875,0.990234375,0.9921875,8.0,5.7091790195554495,True,tie_pass,False,False,False,False,False,False,7,7,,primary,global_gap_early_commit,0.98046875,0.990234375,0.9921875,8.0,4.67540102545172,True,tie_pass,False,False,False,False,False
SingleLineInfilling/HumanEval/20/L7,10,9-12,False,False,True,True,False,4,10,10.0,15.0,1.1481536214968828,1.0891152928381032,0.9485797653263423,0.92578125,10.0,10.0,1.0,1.0,0.3,5.0,True,0.05903832865877967,0.05142023467365775,42,10.0,3.0,3.0,10.0,7.0,-0.17073170731707318,-0.3333333333333333,0.6666666666666666,0.8292682926829268,2,6,41,1.0,1.0,1.0,1.0,1.0,0.0,0.0,1.0,1.0,1.0,1.0,1.0,1.0,0.3,global_gap_early_commit,False,10,10,,primary,global_gap_early_commit,1.0,1.0,1.0,6.0,5.556498666293919,True,tie_pass,False,False,False,False,False,False,10,10,,primary,global_gap_early_commit,1.0,1.0,1.0,6.0,6.939085492864251,True,tie_pass,False,False,False,False,False,False,10,10,,primary,global_gap_early_commit,1.0,1.0,1.0,6.0,5.965587896294892,True,tie_pass,False,False,False,False,False
SingleLineInfilling/HumanEval/20/L8,13,13-16,False,False,True,True,False,3,13,13.0,13.0,1.1663706994382568,1.1663706994382568,1.0,1.0,13.0,13.0,1.0,1.0,0.3076923076923077,0.0,False,0.0,0.0,42,13.0,4.0,4.0,13.0,9.0,-0.21951219512195122,-0.3333333333333333,0.6648351648351648,0.7804878048780488,2,4,41,1.0,1.0,0.9765625,1.0,0.9921875,0.0,0.0,1.0,1.0,1.0,1.0,1.0,1.0,0.3076923076923077,global_gap_early_commit,False,13,13,,primary,global_gap_early_commit,1.0,1.0,1.0,4.0,5.422463337890804,True,tie_pass,False,False,False,False,False,False,13,13,,primary,global_gap_early_commit,1.0,1.0,1.0,4.0,6.727521319873631,True,tie_pass,False,False,False,False,False,False,13,13,,primary,global_gap_early_commit,1.0,1.0,1.0,4.0,8.203805106692016,True,tie_pass,False,False,False,False,False
SingleLineInfilling/HumanEval/20/L9,4,<=8,False,True,True,True,False,1,8,4.0,13.0,1.086734862526058,0.3963837923872201,0.36474747066257435,0.33984375,4.0,8.0,0.8984375,0.84765625,0.5,5.0,True,0.6903510701388379,0.6352525293374256,28,8.0,4.0,4.0,8.0,6.0,-0.14814814814814814,-0.3333333333333333,0.7767857142857143,0.8518518518518519,2,8,27,0.90234375,0.921875,0.8828125,0.93359375,0.921875,0.0007233796296296296,0.0,0.81640625,0.8125,0.837890625,0.875,0.8671875,0.888671875,0.5,global_gap_early_commit,False,8,8,,primary,global_gap_early_commit,0.875,0.888671875,0.93359375,8.0,4.334551389329135,True,tie_pass,False,False,False,False,False,False,8,8,,primary,global_gap_early_commit,0.875,0.888671875,0.93359375,8.0,5.299628077074885,True,tie_pass,False,False,False,False,False,False,8,8,,primary,global_gap_early_commit,0.875,0.888671875,0.93359375,8.0,6.515258029103279,True,tie_pass,False,False,False,False,False
SingleLineInfilling/HumanEval/21/L0,9,9-12,False,False,True,True,False,2,9,9.0,24.0,1.1409183116147532,1.0540897062603516,0.9238958613684514,0.87109375,9.0,9.0,1.0,1.0,0.3333333333333333,15.0,True,0.08682860535440162,0.07610413863154863,40,9.0,3.0,3.0,9.0,6.0,-0.15384615384615385,-0.3333333333333333,0.6777777777777778,0.8461538461538461,2,7,39,1.0,1.0,1.0,1.0,1.0,0.0,0.0,1.0,1.0,1.0,1.0,1.0,1.0,0.3333333333333333,global_gap_early_commit,False,9,9,,primary,global_gap_early_commit,1.0,1.0,1.0,7.0,3.035477084107697,True,tie_pass,False,False,False,False,False,False,9,9,,primary,global_gap_early_commit,1.0,1.0,1.0,7.0,3.0790383936837316,True,tie_pass,False,False,False,False,False,False,9,9,,primary,global_gap_early_commit,1.0,1.0,1.0,7.0,4.690582424402237,True,tie_pass,False,False,False,False,False
SingleLineInfilling/HumanEval/21/L1,9,9-12,False,False,True,True,False,1,10,10.0,15.0,1.1481536214968828,0.7628402473043254,0.6644060803551596,0.6484375,10.0,10.0,1.0,1.0,0.3,5.0,True,0.3853133741925574,0.3355939196448404,42,10.0,3.0,3.0,10.0,7.0,-0.17073170731707318,-0.3333333333333333,0.6666666666666666,0.8292682926829268,2,6,41,1.0,1.0,0.99609375,1.0,1.0,0.0,0.0,1.0,0.99609375,1.0,1.0,0.99609375,1.0,0.3,global_gap_early_commit,False,10,10,,primary,global_gap_early_commit,1.0,1.0,1.0,6.0,3.1744558783248067,True,tie_pass,False,False,False,False,False,False,10,10,,primary,global_gap_early_commit,1.0,1.0,1.0,6.0,3.159964691847563,True,tie_pass,False,False,False,False,False,False,10,10,,primary,global_gap_early_commit,1.0,1.0,1.0,6.0,3.4078159229829907,True,tie_pass,False,False,False,False,False
SingleLineInfilling/HumanEval/21/L2,22,17-24,True,False,False,False,True,1,3,3.0,13.0,0.42558614570253434,0.23464098055105556,0.5513360407062196,0.5049019607843137,3.0,3.0,,,0.0,10.0,True,0.19094516515147877,0.44866395929378045,54,3.0,0.0,0.0,3.0,2.0,-0.05660377358490566,-0.3333333333333333,0.5864197530864198,0.9433962264150944,2,21,53,0.3984375,0.6953125,0.3984375,0.6953125,0.515625,0.005601415094339622,0.0,0.0,0.0,0.1953125,0.08642578125,0.08642578125,0.271484375,0.0,no_remaining_masks,True,32,3,32,rescue,no_remaining_masks,0.08642578125,0.271484375,0.6953125,21.0,6.487043458037078,False,tie_fail,False,False,False,True,False,True,24,3,24,rescue,no_remaining_masks,0.08642578125,0.271484375,0.6953125,21.0,6.431883912533522,False,tie_fail,False,False,False,True,False,True,24,3,24,rescue,no_remaining_masks,0.08642578125,0.271484375,0.6953125,21.0,6.66762566473335,False,tie_fail,False,False,False,True,False
SingleLineInfilling/HumanEval/22/L0,15,13-16,False,False,False,False,False,3,3,3.0,13.0,0.5173792359521006,0.2585606921606292,0.49975080983838904,0.4576612903225806,3.0,3.0,,,0.0,10.0,True,0.25881854379147134,0.500249190161611,54,3.0,0.0,0.0,3.0,2.0,-0.05660377358490566,-0.3333333333333333,0.5864197530864198,0.9433962264150944,2,21,53,0.484375,0.828125,0.484375,0.828125,0.4921875,0.006485849056603774,0.0,0.373046875,0.1064453125,0.3671875,0.5234375,0.2373046875,0.484375,0.0,no_remaining_masks,False,3,3,,primary,no_remaining_masks,0.5234375,0.484375,0.828125,21.0,2.8482570899650455,False,tie_fail,False,False,False,False,False,False,3,3,,primary,no_remaining_masks,0.5234375,0.484375,0.828125,21.0,2.8347777472808957,False,tie_fail,False,False,False,False,False,True,24,3,24,rescue,no_remaining_masks,0.5234375,0.484375,0.828125,21.0,5.028345589525998,False,tie_fail,False,False,False,False,False
SingleLineInfilling/HumanEval/23/L0,6,<=8,False,True,False,False,False,3,6,3.0,13.0,0.7051378296443952,0.34398823362339215,0.48783120003200975,0.4467455621301775,3.0,6.0,0.7890625,0.7109375,0.5,7.0,True,0.36114959602100305,0.5121687999679903,28,6.0,3.0,3.0,6.0,5.0,-0.1111111111111111,-0.3333333333333333,0.7738095238095238,0.8888888888888888,2,10,26,0.609375,0.89453125,0.365234375,0.89453125,0.609375,0.010561342592592593,0.123046875,0.7109375,0.11572265625,0.287109375,0.7890625,0.240234375,0.474609375,0.5,global_gap_early_commit,False,6,6,,primary,global_gap_early_commit,0.7890625,0.474609375,0.89453125,10.0,1.8008302254602313,False,tie_fail,False,False,False,False,False,False,6,6,,primary,global_gap_early_commit,0.7890625,0.474609375,0.89453125,10.0,1.8148731170222163,False,tie_fail,False,False,False,False,False,False,6,6,,primary,global_gap_early_commit,0.7890625,0.474609375,0.89453125,10.0,1.7833090387284756,False,tie_fail,False,False,False,False,False
SingleLineInfilling/HumanEval/24/L0,9,9-12,False,False,False,False,False,4,11,8.0,14.0,1.0886306085264315,0.9427465183652566,0.8659930292069931,0.8373983739837398,8.0,11.0,0.8671875,0.73828125,0.36363636363636365,3.0,True,0.14588409016117487,0.13400697079300694,40,11.0,4.0,4.0,11.0,7.5,-0.1794871794871795,-0.3333333333333333,0.6795454545454546,0.8205128205128205,2,5,37,0.92578125,0.94921875,0.921875,0.953125,0.94140625,0.0006009615384615385,-0.001953125,0.73828125,0.73828125,0.84765625,0.8671875,0.8671875,0.9140625,0.36363636363636365,global_gap_early_commit,False,11,11,,primary,global_gap_early_commit,0.8671875,0.9140625,0.953125,5.0,2.4100357769057155,False,tie_fail,False,False,False,False,False,False,11,11,,primary,global_gap_early_commit,0.8671875,0.9140625,0.953125,5.0,2.3763386998325586,False,tie_fail,False,False,False,False,False,False,11,11,,primary,global_gap_early_commit,0.8671875,0.9140625,0.953125,5.0,3.637098732404411,False,tie_fail,False,False,False,False,False
SingleLineInfilling/HumanEval/24/L1,10,9-12,False,False,True,True,False,1,10,10.0,14.0,1.1436686464129107,1.1029218976991595,0.9643718931689241,0.9450980392156862,10.0,10.0,0.99609375,0.98828125,0.3,4.0,True,0.04074674871375117,0.03562810683107587,42,10.0,3.0,3.0,10.0,7.0,-0.17073170731707318,-0.3333333333333333,0.6666666666666666,0.8292682926829268,2,6,41,0.99609375,1.0,0.99609375,1.0,0.99609375,9.527439024390244e-05,0.0,0.9921875,0.9921875,0.9921875,0.99609375,0.99609375,0.99609375,0.3,global_gap_early_commit,False,10,10,,primary,global_gap_early_commit,0.99609375,0.99609375,1.0,6.0,2.561775275506079,True,tie_pass,False,False,False,False,False,False,10,10,,primary,global_gap_early_commit,0.99609375,0.99609375,1.0,6.0,2.560931082814932,True,tie_pass,False,False,False,False,False,False,10,10,,primary,global_gap_early_commit,0.99609375,0.99609375,1.0,6.0,3.415297062136233,True,tie_pass,False,False,False,False,False
SingleLineInfilling/HumanEval/24/L2,4,<=8,False,True,True,True,False,4,3,3.0,13.0,1.0347584719042011,0.5125652487765777,0.4953477190028085,0.4536290322580645,3.0,3.0,0.9921875,0.984375,0.3333333333333333,10.0,True,0.5221932231276234,0.5046522809971915,33,3.0,1.0,1.0,3.0,2.0,-0.0625,-0.3333333333333333,0.7575757575757576,0.9375,2,21,32,0.96875,0.98046875,0.96875,0.98046875,0.98046875,0.0003662109375,0.0,0.9609375,0.9609375,0.9609375,0.97265625,0.96875,0.97265625,0.3333333333333333,global_gap_early_commit,False,3,3,,primary,global_gap_early_commit,0.97265625,0.97265625,0.98046875,21.0,2.1913672192022204,True,tie_pass,False,False,False,False,False,False,3,3,,primary,global_gap_early_commit,0.97265625,0.97265625,0.98046875,21.0,2.1710917968302965,True,tie_pass,False,False,False,False,False,False,3,3,,primary,global_gap_early_commit,0.97265625,0.97265625,0.98046875,21.0,2.173692964948714,True,tie_pass,False,False,False,False,False
SingleLineInfilling/HumanEval/25/L0,4,<=8,False,True,True,True,False,0,4,4.0,13.0,1.0697546302990883,0.9886814131957098,0.9242132589968677,0.8611111111111112,4.0,4.0,0.96875,0.953125,0.5,9.0,True,0.08107321710337856,0.07578674100313232,28,4.0,2.0,2.0,4.0,3.0,-0.07407407407407407,0.0,0.7767857142857143,0.9259259259259259,3,14,23,0.984375,0.984375,0.984375,0.984375,0.984375,0.0,0.0,0.953125,0.953125,0.97265625,0.96875,0.96875,0.98046875,0.5,global_gap_early_commit,False,4,4,,primary,global_gap_early_commit,0.96875,0.98046875,0.984375,14.0,3.77431124355644,True,tie_pass,False,False,False,False,False,False,4,4,,primary,global_gap_early_commit,0.96875,0.98046875,0.984375,14.0,3.7576939472928643,True,tie_pass,False,False,False,False,False,False,4,4,,primary,global_gap_early_commit,0.96875,0.98046875,0.984375,14.0,3.749337832443416,True,tie_pass,False,False,False,False,False
SingleLineInfilling/HumanEval/25/L1,5,<=8,False,True,True,True,False,4,9,5.0,20.0,1.1013825725753201,0.5329993578123867,0.4839366184686353,0.4453125,5.0,9.0,0.99609375,0.99609375,0.3333333333333333,11.0,True,0.5683832147629334,0.5160633815313647,40,9.0,3.0,3.0,9.0,6.0,-0.15384615384615385,-0.3333333333333333,0.6777777777777778,0.8461538461538461,2,7,39,0.8828125,1.0,0.8828125,1.0,0.97265625,0.0030048076923076925,0.0,0.9921875,0.82421875,0.94140625,0.99609375,0.8828125,0.9609375,0.3333333333333333,global_gap_early_commit,False,9,9,,primary,global_gap_early_commit,0.99609375,0.9609375,1.0,7.0,4.273685577325523,True,tie_pass,False,False,False,False,False,False,9,9,,primary,global_gap_early_commit,0.99609375,0.9609375,1.0,7.0,4.264643050730228,True,tie_pass,False,False,False,False,False,False,9,9,,primary,global_gap_early_commit,0.99609375,0.9609375,1.0,7.0,6.034662740305066,True,tie_pass,False,False,False,False,False
SingleLineInfilling/HumanEval/25/L10,8,<=8,False,True,True,True,False,0,8,5.0,13.0,1.1013825725753201,0.824660533587205,0.748750301776551,0.70703125,5.0,8.0,0.921875,0.84375,0.5,5.0,True,0.2767220389881151,0.251249698223449,28,8.0,4.0,4.0,8.0,6.0,-0.14814814814814814,-0.3333333333333333,0.7767857142857143,0.8518518518518519,2,8,27,0.96484375,0.95703125,0.95703125,0.96484375,0.9609375,-0.00028935185185185184,0.0,0.87109375,0.87109375,0.90234375,0.93359375,0.93359375,0.94921875,0.5,global_gap_early_commit,False,8,8,,primary,global_gap_early_commit,0.93359375,0.94921875,0.96484375,8.0,4.270379745401442,True,tie_pass,False,False,False,False,False,False,8,8,,primary,global_gap_early_commit,0.93359375,0.94921875,0.96484375,8.0,3.4347405303269625,True,tie_pass,False,False,False,False,False,False,8,8,,primary,global_gap_early_commit,0.93359375,0.94921875,0.96484375,8.0,4.501766826026142,True,tie_pass,False,False,False,False,False
SingleLineInfilling/HumanEval/25/L11,6,<=8,False,True,True,True,False,0,11,7.0,13.0,1.115063586438826,0.9385639222042222,0.8417133638106773,0.8046875,7.0,11.0,0.8984375,0.796875,0.36363636363636365,2.0,True,0.17649966423460384,0.1582866361893227,40,11.0,4.0,4.0,11.0,7.5,-0.1794871794871795,-0.3333333333333333,0.6795454545454546,0.8205128205128205,2,5,37,0.9453125,0.9609375,0.9453125,0.96875,0.9609375,0.00040064102564102563,0.00390625,0.796875,0.796875,0.8984375,0.8984375,0.8984375,0.9453125,0.36363636363636365,global_gap_early_commit,False,11,11,,primary,global_gap_early_commit,0.8984375,0.9453125,0.96875,5.0,5.44420325756073,True,tie_pass,False,False,False,False,False,False,11,11,,primary,global_gap_early_commit,0.8984375,0.9453125,0.96875,5.0,4.391093412414193,True,tie_pass,False,False,False,False,False,False,11,11,,primary,global_gap_early_commit,0.8984375,0.9453125,0.96875,5.0,4.499682489782572,True,tie_pass,False,False,False,False,False
SingleLineInfilling/HumanEval/25/L12,4,<=8,False,True,False,False,False,0,3,3.0,13.0,0.6342068053606394,0.39410572461487975,0.6214151618741665,0.569078947368421,3.0,3.0,0.66015625,0.51171875,0.3333333333333333,10.0,True,0.2401010807457597,0.37858483812583354,33,3.0,1.0,1.0,3.0,2.0,-0.0625,-0.3333333333333333,0.7575757575757576,0.9375,2,21,32,0.59375,0.87890625,0.59375,0.87890625,0.87890625,0.0089111328125,0.0,0.73828125,0.3125,0.73828125,0.8203125,0.59375,0.8203125,0.3333333333333333,global_gap_early_commit,False,3,3,,primary,global_gap_early_commit,0.8203125,0.8203125,0.87890625,21.0,5.016751426272094,False,tie_fail,False,False,False,False,False,False,3,3,,primary,global_gap_early_commit,0.8203125,0.8203125,0.87890625,21.0,4.055778458714485,False,tie_fail,False,False,False,False,False,False,3,3,,primary,global_gap_early_commit,0.8203125,0.8203125,0.87890625,21.0,4.208162414841354,False,tie_fail,False,False,False,False,False
SingleLineInfilling/HumanEval/25/L2,6,<=8,False,True,True,True,False,0,6,6.0,20.0,1.1134970608520351,0.6405343159675173,0.575245627929532,0.53515625,6.0,6.0,1.0,1.0,0.5,14.0,True,0.47296274488451784,0.42475437207046796,28,6.0,3.0,3.0,6.0,5.0,-0.1111111111111111,-0.3333333333333333,0.7738095238095238,0.8888888888888888,2,10,26,1.0,1.0,1.0,1.0,1.0,0.0,0.0,1.0,1.0,1.0,1.0,1.0,1.0,0.5,global_gap_early_commit,False,6,6,,primary,global_gap_early_commit,1.0,1.0,1.0,10.0,3.824897206388414,True,tie_pass,False,False,False,False,False,False,6,6,,primary,global_gap_early_commit,1.0,1.0,1.0,10.0,3.7953357845544815,True,tie_pass,False,False,False,False,False,False,6,6,,primary,global_gap_early_commit,1.0,1.0,1.0,10.0,4.820769340731204,True,tie_pass,False,False,False,False,False
SingleLineInfilling/HumanEval/25/L3,14,13-16,False,False,True,True,False,3,7,7.0,15.0,1.0623834170007713,0.5376645116542534,0.5060927185517835,0.47950819672131145,7.0,7.0,0.88671875,0.8046875,0.5714285714285714,8.0,True,0.5247189053465179,0.4939072814482165,28,7.0,4.0,4.0,7.0,5.0,-0.1111111111111111,0.0,0.7704081632653061,0.8888888888888888,3,8,22,0.9453125,0.9375,0.93359375,0.9453125,0.94140625,-0.00028935185185185184,0.0,0.8046875,0.8046875,0.861328125,0.88671875,0.88671875,0.921875,0.5714285714285714,global_gap_early_commit,False,7,7,,primary,global_gap_early_commit,0.88671875,0.921875,0.9453125,8.0,3.5699849501252174,True,tie_pass,False,False,False,False,False,False,7,7,,primary,global_gap_early_commit,0.88671875,0.921875,0.9453125,8.0,3.5368764735758305,True,tie_pass,False,False,False,False,False,False,7,7,,primary,global_gap_early_commit,0.88671875,0.921875,0.9453125,8.0,3.595827334560454,True,tie_pass,False,False,False,False,False
SingleLineInfilling/HumanEval/25/L4,10,9-12,False,False,True,True,False,0,10,10.0,20.0,1.1436686464129107,0.6405343159675173,0.5600698401381711,0.5450980392156862,10.0,10.0,0.9921875,0.984375,0.3,10.0,True,0.5031343304453934,0.43993015986182893,42,10.0,3.0,3.0,10.0,7.0,-0.17073170731707318,-0.3333333333333333,0.6666666666666666,0.8292682926829268,2,6,41,0.99609375,1.0,0.99609375,1.0,0.99609375,9.527439024390244e-05,0.0,0.9921875,0.98828125,0.9921875,0.99609375,0.9921875,0.99609375,0.3,global_gap_early_commit,False,10,10,,primary,global_gap_early_commit,0.99609375,0.99609375,1.0,6.0,4.926026246510446,True,tie_pass,False,False,False,False,False,False,10,10,,primary,global_gap_early_commit,0.99609375,0.99609375,1.0,6.0,4.414206691086292,True,tie_pass,False,False,False,False,False,False,10,10,,primary,global_gap_early_commit,0.99609375,0.99609375,1.0,6.0,5.631861166097224,True,tie_pass,False,False,False,False,False
SingleLineInfilling/HumanEval/25/L5,6,<=8,False,True,True,True,False,4,6,6.0,14.0,1.1134970608520351,0.626972199106991,0.563065877001273,0.53515625,6.0,6.0,1.0,1.0,0.5,8.0,True,0.48652486174504417,0.436934122998727,28,6.0,3.0,3.0,6.0,5.0,-0.1111111111111111,-0.3333333333333333,0.7738095238095238,0.8888888888888888,2,10,26,1.0,1.0,1.0,1.0,1.0,0.0,0.0,1.0,1.0,1.0,1.0,1.0,1.0,0.5,global_gap_early_commit,False,6,6,,primary,global_gap_early_commit,1.0,1.0,1.0,10.0,4.511147208511829,True,tie_pass,False,False,False,False,False,False,6,6,,primary,global_gap_early_commit,1.0,1.0,1.0,10.0,3.613831927999854,True,tie_pass,False,False,False,False,False,False,6,6,,primary,global_gap_early_commit,1.0,1.0,1.0,10.0,5.178279164247215,True,tie_pass,False,False,False,False,False
SingleLineInfilling/HumanEval/25/L6,6,<=8,False,True,True,True,False,4,6,6.0,13.0,1.1047978650641286,0.692532602791465,0.6268410038530139,0.59375,6.0,6.0,0.984375,0.9765625,0.5,7.0,True,0.4122652622726636,0.3731589961469861,28,6.0,3.0,3.0,6.0,5.0,-0.1111111111111111,-0.3333333333333333,0.7738095238095238,0.8888888888888888,2,10,26,0.9921875,0.9921875,0.9921875,0.9921875,0.9921875,0.0,0.0,0.9765625,0.9765625,0.98828125,0.984375,0.984375,0.9921875,0.5,global_gap_early_commit,False,6,6,,primary,global_gap_early_commit,0.984375,0.9921875,0.9921875,10.0,4.535098373889923,True,tie_pass,False,False,False,False,False,False,6,6,,primary,global_gap_early_commit,0.984375,0.9921875,0.9921875,10.0,3.622146169655025,True,tie_pass,False,False,False,False,False,False,6,6,,primary,global_gap_early_commit,0.984375,0.9921875,0.9921875,10.0,3.584231197834015,True,tie_pass,False,False,False,False,False
SingleLineInfilling/HumanEval/25/L7,4,<=8,False,True,False,False,False,1,10,10.0,14.0,1.0943339204892164,0.8420648513553748,0.7694770632522603,0.71875,10.0,10.0,0.76953125,0.56640625,0.3,4.0,True,0.2522690691338416,0.23052293674773972,42,10.0,3.0,3.0,10.0,7.0,-0.17073170731707318,-0.3333333333333333,0.6666666666666666,0.8292682926829268,2,6,41,0.953125,0.8984375,0.89453125,0.9609375,0.89453125,-0.0013338414634146342,0.0,0.55859375,0.55859375,0.734375,0.75,0.75,0.84765625,0.3,global_gap_early_commit,False,10,10,,primary,global_gap_early_commit,0.75,0.84765625,0.9609375,6.0,8.640721782110631,False,tie_fail,False,False,False,False,False,False,10,10,,primary,global_gap_early_commit,0.75,0.84765625,0.9609375,6.0,7.481412958353758,False,tie_fail,False,False,False,False,False,False,10,10,,primary,global_gap_early_commit,0.75,0.84765625,0.9609375,6.0,8.54455045890063,False,tie_fail,False,False,False,False,False
SingleLineInfilling/HumanEval/25/L8,6,<=8,False,True,True,True,False,2,6,6.0,15.0,1.1047978650641286,0.5514507811838497,0.4991417874905474,0.46875,6.0,6.0,0.99609375,0.9921875,0.5,9.0,True,0.5533470838802789,0.5008582125094526,28,6.0,3.0,3.0,6.0,5.0,-0.1111111111111111,-0.3333333333333333,0.7738095238095238,0.8888888888888888,2,10,26,0.9921875,0.99609375,0.9921875,0.99609375,0.9921875,0.00014467592592592592,0.001953125,0.9921875,0.984375,0.984375,0.99609375,0.9921875,0.9921875,0.5,global_gap_early_commit,False,6,6,,primary,global_gap_early_commit,0.99609375,0.9921875,0.99609375,10.0,4.437624451704323,True,tie_pass,False,False,False,False,False,False,6,6,,primary,global_gap_early_commit,0.99609375,0.9921875,0.99609375,10.0,3.536403567530215,True,tie_pass,False,False,False,False,False,False,6,6,,primary,global_gap_early_commit,0.99609375,0.9921875,0.99609375,10.0,5.2913139294832945,True,tie_pass,False,False,False,False,False
SingleLineInfilling/HumanEval/26/L0,4,<=8,False,True,True,True,False,1,4,4.0,13.0,1.065509572242346,0.3804373179808377,0.3570473019592063,0.33266932270916333,4.0,4.0,0.953125,0.9140625,0.5,9.0,True,0.6850722542615083,0.6429526980407937,28,4.0,2.0,2.0,4.0,3.0,-0.07407407407407407,0.0,0.7767857142857143,0.9259259259259259,3,14,23,0.98046875,0.9765625,0.97265625,0.98046875,0.97265625,-0.00014467592592592592,0.0,0.9140625,0.9140625,0.9453125,0.953125,0.953125,0.96484375,0.5,global_gap_early_commit,False,4,4,,primary,global_gap_early_commit,0.953125,0.96484375,0.98046875,14.0,2.7583227306604385,True,tie_pass,False,False,False,False,False,False,4,4,,primary,global_gap_early_commit,0.953125,0.96484375,0.98046875,14.0,2.1084113270044327,True,tie_pass,False,False,False,False,False,False,4,4,,primary,global_gap_early_commit,0.953125,0.96484375,0.98046875,14.0,2.1453297110274434,True,tie_pass,False,False,False,False,False
SingleLineInfilling/HumanEval/26/L1,10,9-12,False,False,True,True,False,4,10,10.0,24.0,1.1436686464129107,0.7373901084153132,0.6447585240079104,0.611764705882353,10.0,10.0,1.0,1.0,0.3,14.0,True,0.4062785379975975,0.35524147599208955,42,10.0,3.0,3.0,10.0,7.0,-0.17073170731707318,-0.3333333333333333,0.6666666666666666,0.8292682926829268,2,6,41,0.99609375,1.0,0.99609375,1.0,1.0,9.527439024390244e-05,0.0,1.0,0.99609375,1.0,1.0,0.99609375,1.0,0.3,global_gap_early_commit,False,10,10,,primary,global_gap_early_commit,1.0,1.0,1.0,6.0,3.1311289835721254,True,tie_pass,False,False,False,False,False,False,10,10,,primary,global_gap_early_commit,1.0,1.0,1.0,6.0,2.5103940991684794,True,tie_pass,False,False,False,False,False,False,10,10,,primary,global_gap_early_commit,1.0,1.0,1.0,6.0,2.5134161468595266,True,tie_pass,False,False,False,False,False
SingleLineInfilling/HumanEval/26/L2,17,17-24,True,False,False,False,True,1,3,3.0,13.0,0.5549309546905595,0.28248040377020284,0.5090370277284667,0.46616541353383456,3.0,3.0,,,0.0,10.0,True,0.2724505509203567,0.4909629722715333,54,3.0,0.0,0.0,3.0,2.0,-0.05660377358490566,-0.3333333333333333,0.5864197530864198,0.9433962264150944,2,21,53,0.51953125,0.7421875,0.51953125,0.7421875,0.5546875,0.004201061320754717,0.0,0.091796875,0.091796875,0.1669921875,0.2333984375,0.2333984375,0.333984375,0.0,no_remaining_masks,True,32,3,32,rescue,no_remaining_masks,0.2333984375,0.333984375,0.7421875,21.0,7.245902207680047,False,tie_fail,False,False,False,True,False,True,24,3,24,rescue,no_remaining_masks,0.2333984375,0.333984375,0.7421875,21.0,4.938383302651346,False,tie_fail,False,False,False,True,False,True,24,3,24,rescue,no_remaining_masks,0.2333984375,0.333984375,0.7421875,21.0,6.580734775401652,False,tie_fail,False,False,False,True,False
SingleLineInfilling/HumanEval/27/L0,8,<=8,False,True,False,False,False,3,3,3.0,13.0,0.45896545124783117,0.2209725739170135,0.4814579688214772,0.4409090909090909,3.0,3.0,,,0.0,10.0,True,0.23799287733081767,0.5185420311785228,54,3.0,0.0,0.0,3.0,2.0,-0.05660377358490566,-0.3333333333333333,0.5864197530864198,0.9433962264150944,2,21,53,0.4296875,0.6953125,0.4296875,0.6953125,0.470703125,0.0050117924528301884,0.0,0.0712890625,0.0712890625,0.1015625,0.095703125,0.095703125,0.20703125,0.0,no_remaining_masks,True,32,3,32,rescue,no_remaining_masks,0.095703125,0.20703125,0.6953125,21.0,4.747089638374746,False,tie_fail,False,False,False,False,False,True,24,3,24,rescue,no_remaining_masks,0.095703125,0.20703125,0.6953125,21.0,4.210007268004119,False,tie_fail,False,False,False,False,False,True,24,3,24,rescue,no_remaining_masks,0.095703125,0.20703125,0.6953125,21.0,5.219826069660485,False,tie_fail,False,False,False,False,False
SingleLineInfilling/HumanEval/28/L0,9,9-12,False,False,False,False,False,4,3,3.0,13.0,0.5966550866221805,0.32804175921700973,0.5498013283924879,0.5034965034965035,3.0,3.0,,,0.0,10.0,True,0.26861332740517074,0.45019867160751215,54,3.0,0.0,0.0,3.0,2.0,-0.05660377358490566,-0.3333333333333333,0.5864197530864198,0.9433962264150944,2,21,53,0.55859375,0.84375,0.55859375,0.84375,0.5703125,0.005380306603773585,0.0,0.248046875,0.232421875,0.248046875,0.53515625,0.35546875,0.53515625,0.0,no_remaining_masks,False,3,3,,primary,no_remaining_masks,0.53515625,0.53515625,0.84375,21.0,2.826476503163576,False,tie_fail,False,False,False,False,False,False,3,3,,primary,no_remaining_masks,0.53515625,0.53515625,0.84375,21.0,2.8211968187242746,False,tie_fail,False,False,False,False,False,True,24,3,24,rescue,no_remaining_masks,0.53515625,0.53515625,0.84375,21.0,7.684088838286698,False,tie_fail,False,False,False,False,False
SingleLineInfilling/HumanEval/29/L0,14,13-16,False,False,False,False,False,2,3,3.0,13.0,0.5027757897760332,0.25514359050211866,0.5074699213654958,0.46473029045643155,3.0,3.0,,,0.0,10.0,True,0.24763219927391455,0.49253007863450415,54,3.0,0.0,0.0,3.0,2.0,-0.05660377358490566,-0.3333333333333333,0.5864197530864198,0.9433962264150944,2,21,53,0.470703125,0.82421875,0.470703125,0.82421875,0.5,0.0066701061320754715,0.0,0.30078125,0.09619140625,0.30078125,0.474609375,0.2490234375,0.470703125,0.0,no_remaining_masks,False,3,3,,primary,no_remaining_masks,0.474609375,0.470703125,0.82421875,21.0,3.0336497388780117,False,tie_fail,False,False,False,False,False,False,3,3,,primary,no_remaining_masks,0.474609375,0.470703125,0.82421875,21.0,2.9512015152722597,False,tie_fail,False,False,False,False,False,True,24,3,24,rescue,no_remaining_masks,0.474609375,0.470703125,0.82421875,21.0,5.795603123493493,False,tie_fail,False,False,False,False,False
SingleLineInfilling/HumanEval/3/L0,6,<=8,False,True,True,True,False,0,6,5.0,13.0,1.1013825725753201,0.4715600288744515,0.4281527968722267,0.404296875,5.0,6.0,1.0,1.0,0.5,7.0,True,0.6298225437008687,0.5718472031277733,28,6.0,3.0,3.0,6.0,5.0,-0.1111111111111111,-0.3333333333333333,0.7738095238095238,0.8888888888888888,2,10,26,0.984375,1.0,0.984375,1.0,1.0,0.0005787037037037037,0.0,1.0,0.96875,0.99609375,1.0,0.984375,0.99609375,0.5,global_gap_early_commit,False,6,6,,primary,global_gap_early_commit,1.0,0.99609375,1.0,10.0,3.6563133969902992,True,tie_pass,False,False,False,False,False,False,6,6,,primary,global_gap_early_commit,1.0,0.99609375,1.0,10.0,3.211038053035736,True,tie_pass,False,False,False,False,False,False,6,6,,primary,global_gap_early_commit,1.0,0.99609375,1.0,10.0,2.4603759571909904,True,tie_pass,False,False,False,False,False
SingleLineInfilling/HumanEval/3/L2,7,<=8,False,True,True,True,False,1,7,7.0,13.0,1.1238436146785018,0.7927675847744402,0.7054073844617851,0.6796875,7.0,7.0,1.0,1.0,0.5714285714285714,6.0,True,0.3310760299040616,0.2945926155382149,28,7.0,4.0,4.0,7.0,5.0,-0.1111111111111111,0.0,0.7704081632653061,0.8888888888888888,3,8,22,1.0,1.0,1.0,1.0,1.0,0.0,0.0,1.0,1.0,1.0,1.0,1.0,1.0,0.5714285714285714,global_gap_early_commit,False,7,7,,primary,global_gap_early_commit,1.0,1.0,1.0,8.0,3.788942920975387,True,tie_pass,False,False,False,False,False,False,7,7,,primary,global_gap_early_commit,1.0,1.0,1.0,8.0,3.170600431971252,True,tie_pass,False,False,False,False,False,False,7,7,,primary,global_gap_early_commit,1.0,1.0,1.0,8.0,2.565351378172636,True,tie_pass,False,False,False,False,False
SingleLineInfilling/HumanEval/3/L3,5,<=8,False,True,True,True,False,0,6,6.0,24.0,1.109147462958082,0.6286723360207478,0.566806810650846,0.51953125,6.0,6.0,1.0,0.99609375,0.5,18.0,True,0.4804751269373342,0.43319318934915396,28,6.0,3.0,3.0,6.0,5.0,-0.1111111111111111,-0.3333333333333333,0.7738095238095238,0.8888888888888888,2,10,26,0.99609375,1.0,0.99609375,1.0,0.99609375,0.00014467592592592592,0.0,0.99609375,0.9921875,0.9921875,1.0,0.99609375,0.99609375,0.5,global_gap_early_commit,False,6,6,,primary,global_gap_early_commit,1.0,0.99609375,1.0,10.0,3.725273337215185,True,tie_pass,False,False,False,False,False,False,6,6,,primary,global_gap_early_commit,1.0,0.99609375,1.0,10.0,2.7140720281749964,True,tie_pass,False,False,False,False,False,False,6,6,,primary,global_gap_early_commit,1.0,0.99609375,1.0,10.0,2.4975401321426034,True,tie_pass,False,False,False,False,False
SingleLineInfilling/HumanEval/3/L4,8,<=8,False,True,True,True,False,3,9,9.0,13.0,1.1275481751505179,0.8793341601233733,0.779863937969648,0.7598425196850394,9.0,9.0,0.9921875,0.984375,0.3333333333333333,4.0,True,0.24821401502714457,0.22013606203035196,40,9.0,3.0,3.0,9.0,6.0,-0.15384615384615385,-0.3333333333333333,0.6777777777777778,0.8461538461538461,2,7,39,0.98828125,0.99609375,0.98828125,0.99609375,0.99609375,0.00020032051282051281,0.0,0.984375,0.98046875,0.984375,0.9921875,0.98828125,0.9921875,0.3333333333333333,global_gap_early_commit,False,9,9,,primary,global_gap_early_commit,0.9921875,0.9921875,0.99609375,7.0,4.306713347323239,True,tie_pass,False,False,False,False,False,False,9,9,,primary,global_gap_early_commit,0.9921875,0.9921875,0.99609375,7.0,3.0036492198705673,True,tie_pass,False,False,False,False,False,False,9,9,,primary,global_gap_early_commit,0.9921875,0.9921875,0.99609375,7.0,2.934030427597463,True,tie_pass,False,False,False,False,False
SingleLineInfilling/HumanEval/3/L5,4,<=8,False,True,True,True,False,1,4,4.0,15.0,1.086734862526058,0.675527206950216,0.621611793496703,0.57421875,4.0,4.0,1.0,1.0,0.5,11.0,True,0.41120765557584205,0.37838820650329696,28,4.0,2.0,2.0,4.0,3.0,-0.07407407407407407,0.0,0.7767857142857143,0.9259259259259259,3,14,23,1.0,1.0,1.0,1.0,1.0,0.0,0.0,1.0,1.0,1.0,1.0,1.0,1.0,0.5,global_gap_early_commit,False,4,4,,primary,global_gap_early_commit,1.0,1.0,1.0,14.0,4.1465758215636015,True,tie_pass,False,False,False,False,False,False,4,4,,primary,global_gap_early_commit,1.0,1.0,1.0,14.0,2.852318529970944,True,tie_pass,False,False,False,False,False,False,4,4,,primary,global_gap_early_commit,1.0,1.0,1.0,14.0,2.803835957311094,True,tie_pass,False,False,False,False,False
SingleLineInfilling/HumanEval/3/L7,4,<=8,False,True,True,True,False,0,3,3.0,13.0,1.026413645517877,0.4214425378829639,0.41059716978950045,0.37601626016260165,3.0,3.0,0.984375,0.97265625,0.3333333333333333,10.0,True,0.6049711076349131,0.5894028302104996,33,3.0,1.0,1.0,3.0,2.0,-0.0625,-0.3333333333333333,0.7575757575757576,0.9375,2,21,32,0.9609375,0.9765625,0.9609375,0.9765625,0.9765625,0.00048828125,0.0,0.9453125,0.9453125,0.9453125,0.96875,0.9609375,0.96875,0.3333333333333333,global_gap_early_commit,False,3,3,,primary,global_gap_early_commit,0.96875,0.96875,0.9765625,21.0,3.950463231652975,True,tie_pass,False,False,False,False,False,False,3,3,,primary,global_gap_early_commit,0.96875,0.96875,0.9765625,21.0,2.7662049094215035,True,tie_pass,False,False,False,False,False,False,3,3,,primary,global_gap_early_commit,0.96875,0.96875,0.9765625,21.0,2.7248846190050244,True,tie_pass,False,False,False,False,False
SingleLineInfilling/HumanEval/30/L0,15,13-16,False,False,False,False,False,1,3,3.0,24.0,0.5257240623384248,0.2505235624744333,0.4765305231799787,0.4246031746031746,3.0,3.0,,,0.0,21.0,True,0.27520049986399153,0.5234694768200213,54,3.0,0.0,0.0,3.0,2.0,-0.05660377358490566,-0.3333333333333333,0.5864197530864198,0.9433962264150944,2,21,53,0.4921875,0.73828125,0.4765625,0.73828125,0.4921875,0.004643278301886792,0.0,0.0,0.0,0.125,0.2236328125,0.2158203125,0.2236328125,0.0,no_remaining_masks,True,32,3,32,rescue,no_remaining_masks,0.2236328125,0.2236328125,0.73828125,21.0,5.8561078337952495,False,tie_fail,False,False,False,False,False,True,24,3,24,rescue,no_remaining_masks,0.2236328125,0.2236328125,0.73828125,21.0,5.635507117025554,False,tie_fail,False,False,False,False,False,True,24,3,24,rescue,no_remaining_masks,0.2236328125,0.2236328125,0.73828125,21.0,7.544614657759666,False,tie_fail,False,False,False,False,False
SingleLineInfilling/HumanEval/31/L0,8,<=8,False,True,False,False,False,1,6,6.0,20.0,1.1047978650641286,0.9818409222859755,0.8887063899503318,0.8307086614173228,6.0,6.0,0.99609375,0.9921875,0.5,14.0,True,0.12295694277815306,0.1112936100496682,28,6.0,3.0,3.0,6.0,5.0,-0.1111111111111111,-0.3333333333333333,0.7738095238095238,0.8888888888888888,2,10,26,0.9921875,0.99609375,0.9921875,0.99609375,0.9921875,0.00014467592592592592,0.0,0.9921875,0.98828125,0.9921875,0.99609375,0.9921875,0.9921875,0.5,global_gap_early_commit,False,6,6,,primary,global_gap_early_commit,0.99609375,0.9921875,0.99609375,10.0,2.5963803278282285,False,tie_fail,False,False,False,False,False,False,6,6,,primary,global_gap_early_commit,0.99609375,0.9921875,0.99609375,10.0,2.4832792170345783,False,tie_fail,False,False,False,False,False,False,6,6,,primary,global_gap_early_commit,0.99609375,0.9921875,0.99609375,10.0,3.789517216384411,False,tie_fail,False,False,False,False,False
SingleLineInfilling/HumanEval/31/L1,4,<=8,False,True,True,True,False,4,16,16.0,16.0,1.1117938726738938,1.1117938726738938,1.0,0.94140625,16.0,16.0,0.94921875,0.90625,0.375,0.0,False,0.0,0.0,40,16.0,6.0,6.0,16.0,11.0,-0.2564102564102564,-0.3333333333333333,0.6796875,0.7435897435897436,2,4,37,0.94140625,0.98046875,0.94140625,0.984375,0.96875,0.001001602564102564,0.0,0.90625,0.90625,0.92578125,0.94921875,0.94140625,0.9609375,0.375,global_gap_early_commit,False,16,16,,primary,global_gap_early_commit,0.94921875,0.9609375,0.984375,4.0,3.1295690406113863,True,tie_pass,False,False,False,False,False,False,16,16,,primary,global_gap_early_commit,0.94921875,0.9609375,0.984375,4.0,2.977970485575497,True,tie_pass,False,False,False,False,False,False,16,16,,primary,global_gap_early_commit,0.94921875,0.9609375,0.984375,4.0,4.599363571964204,True,tie_pass,False,False,False,False,False
SingleLineInfilling/HumanEval/31/L2,14,13-16,False,False,True,True,False,4,11,11.0,14.0,1.1502275783876053,1.0434281853751384,0.9071493372101382,0.8941176470588236,11.0,11.0,0.9921875,0.98046875,0.36363636363636365,3.0,True,0.10679939301246688,0.09285066278986176,40,11.0,4.0,4.0,11.0,7.5,-0.1794871794871795,-0.3333333333333333,0.6795454545454546,0.8205128205128205,2,5,37,0.99609375,0.9765625,0.9765625,1.0,0.99609375,-0.000500801282051282,-0.001953125,0.98046875,0.98046875,0.9921875,0.9921875,0.9921875,0.99609375,0.36363636363636365,global_gap_early_commit,False,11,11,,primary,global_gap_early_commit,0.9921875,0.99609375,1.0,5.0,3.0263330973684788,True,tie_pass,False,False,False,False,False,False,11,11,,primary,global_gap_early_commit,0.9921875,0.99609375,1.0,5.0,3.1954858247190714,True,tie_pass,False,False,False,False,False,False,11,11,,primary,global_gap_early_commit,0.9921875,0.99609375,1.0,5.0,4.698705678805709,True,tie_pass,False,False,False,False,False
SingleLineInfilling/HumanEval/31/L3,10,9-12,False,False,True,True,False,2,10,10.0,13.0,1.1436686464129107,0.6788641961574229,0.5935846875637136,0.5843137254901961,10.0,10.0,0.99609375,0.9921875,0.3,3.0,True,0.4648044502554878,0.40641531243628637,42,10.0,3.0,3.0,10.0,7.0,-0.17073170731707318,-0.3333333333333333,0.6666666666666666,0.8292682926829268,2,6,41,0.99609375,1.0,0.99609375,1.0,0.99609375,9.527439024390244e-05,0.0,0.9921875,0.9921875,0.9921875,0.99609375,0.99609375,0.99609375,0.3,global_gap_early_commit,False,10,10,,primary,global_gap_early_commit,0.99609375,0.99609375,1.0,6.0,3.16327235288918,True,tie_pass,False,False,False,False,False,False,10,10,,primary,global_gap_early_commit,0.99609375,0.99609375,1.0,6.0,3.4221655195578933,True,tie_pass,False,False,False,False,False,False,10,10,,primary,global_gap_early_commit,0.99609375,0.99609375,1.0,6.0,4.437025094404817,True,tie_pass,False,False,False,False,False
SingleLineInfilling/HumanEval/31/L4,4,<=8,False,True,True,True,False,3,16,4.0,16.0,1.086734862526058,0.9226505167418205,0.8490116113484829,0.78125,4.0,16.0,0.90625,0.84765625,0.375,0.0,False,0.16408434578423747,0.1509883886515171,40,16.0,6.0,6.0,16.0,11.0,-0.2564102564102564,-0.3333333333333333,0.6796875,0.7435897435897436,2,4,37,0.78125,0.96484375,0.58203125,0.96875,0.81640625,0.004707532051282051,-0.001953125,0.84765625,0.2451171875,0.73046875,0.90625,0.396484375,0.79296875,0.375,global_gap_early_commit,False,16,16,,primary,global_gap_early_commit,0.90625,0.79296875,0.96875,4.0,3.311149502173066,True,tie_pass,False,False,False,False,False,False,16,16,,primary,global_gap_early_commit,0.90625,0.79296875,0.96875,4.0,3.5588449323549867,True,tie_pass,False,False,False,False,False,False,16,16,,primary,global_gap_early_commit,0.90625,0.79296875,0.96875,4.0,3.3293942008167505,True,tie_pass,False,False,False,False,False
SingleLineInfilling/HumanEval/31/L5,4,<=8,False,True,False,False,False,4,7,3.0,13.0,1.026413645517877,0.6105221629872125,0.5948110351545196,0.5447154471544715,3.0,7.0,0.75,0.6875,0.42857142857142855,6.0,True,0.41589148253066444,0.4051889648454804,33,7.0,3.0,3.0,7.0,5.0,-0.125,-0.3333333333333333,0.7359307359307359,0.875,2,9,32,0.8671875,0.7578125,0.7578125,0.87109375,0.8125,-0.00341796875,0.0,0.46875,0.46875,0.67578125,0.578125,0.578125,0.73828125,0.42857142857142855,global_gap_early_commit,False,7,7,,primary,global_gap_early_commit,0.578125,0.73828125,0.87109375,9.0,2.630057482048869,False,tie_fail,False,False,False,False,False,False,7,7,,primary,global_gap_early_commit,0.578125,0.73828125,0.87109375,9.0,2.7805293183773756,False,tie_fail,False,False,False,False,False,False,7,7,,primary,global_gap_early_commit,0.578125,0.73828125,0.87109375,9.0,2.6716753179207444,False,tie_fail,False,False,False,False,False
SingleLineInfilling/HumanEval/32/L0,12,9-12,False,False,False,False,False,2,8,8.0,16.0,1.0665039701417478,1.0149155684160025,0.9516284953736377,0.9128630705394191,8.0,8.0,0.91796875,0.86328125,0.5,8.0,True,0.0515884017257453,0.048371504626362305,28,8.0,4.0,4.0,8.0,6.0,-0.14814814814814814,-0.3333333333333333,0.7767857142857143,0.8518518518518519,2,8,27,0.94140625,0.9296875,0.9296875,0.94140625,0.94140625,-0.00043402777777777775,0.0,0.796875,0.796875,0.859375,0.88671875,0.88671875,0.921875,0.5,global_gap_early_commit,False,8,8,,primary,global_gap_early_commit,0.88671875,0.921875,0.94140625,8.0,8.661120261065662,False,tie_fail,False,False,False,False,False,False,8,8,,primary,global_gap_early_commit,0.88671875,0.921875,0.94140625,8.0,8.998380285687745,False,tie_fail,False,False,False,False,False,False,8,8,,primary,global_gap_early_commit,0.88671875,0.921875,0.94140625,8.0,8.81034405902028,False,tie_fail,False,False,False,False,False
SingleLineInfilling/HumanEval/32/L1,20,17-24,True,False,False,False,True,0,7,7.0,13.0,1.071163445240447,0.7790991781403981,0.7273392138260576,0.7008196721311475,7.0,7.0,0.91796875,0.8984375,0.5714285714285714,6.0,True,0.29206426710004896,0.2726607861739424,28,7.0,4.0,4.0,7.0,5.0,-0.1111111111111111,0.0,0.7704081632653061,0.8888888888888888,3,8,22,0.953125,0.953125,0.953125,0.95703125,0.953125,0.0,0.0,0.8984375,0.8984375,0.927734375,0.91796875,0.91796875,0.94140625,0.5714285714285714,global_gap_early_commit,False,7,7,,primary,global_gap_early_commit,0.91796875,0.94140625,0.95703125,8.0,5.42341085895896,False,tie_fail,False,False,True,False,False,False,7,7,,primary,global_gap_early_commit,0.91796875,0.94140625,0.95703125,8.0,5.649823799729347,False,tie_fail,False,False,True,False,False,False,7,7,,primary,global_gap_early_commit,0.91796875,0.94140625,0.95703125,8.0,5.270682160742581,False,tie_fail,False,False,True,False,False
SingleLineInfilling/HumanEval/32/L10,4,<=8,False,True,True,True,False,0,4,4.0,14.0,0.7641104502136346,0.4370499636110777,0.5719722371142609,0.5305555555555556,4.0,4.0,,,0.0,10.0,True,0.3270604866025569,0.42802776288573907,56,4.0,0.0,0.0,4.0,2.0,-0.07272727272727272,-0.3333333333333333,0.5625,0.9272727272727272,2,16,55,0.703125,0.859375,0.671875,0.859375,0.70703125,0.002840909090909091,0.0,0.05078125,0.05078125,0.1181640625,0.43359375,0.41796875,0.43359375,0.0,no_remaining_masks,False,4,4,,primary,no_remaining_masks,0.43359375,0.43359375,0.859375,16.0,8.177236335352063,True,tie_pass,False,False,False,False,False,False,4,4,,primary,no_remaining_masks,0.43359375,0.43359375,0.859375,16.0,8.689482290297747,True,tie_pass,False,False,False,False,False,True,24,4,24,rescue,no_remaining_masks,0.43359375,0.43359375,0.859375,16.0,12.499318365938962,False,loss,False,True,False,False,False
SingleLineInfilling/HumanEval/32/L2,8,<=8,False,True,True,True,False,0,8,8.0,13.0,1.0974812638803049,0.9476761932935837,0.8635010222798123,0.8253968253968254,8.0,8.0,0.90234375,0.82421875,0.5,5.0,True,0.1498050705867212,0.1364989777201877,28,8.0,4.0,4.0,8.0,6.0,-0.14814814814814814,-0.3333333333333333,0.7767857142857143,0.8518518518518519,2,8,27,0.96875,0.953125,0.953125,0.97265625,0.97265625,-0.0005787037037037037,0.0,0.87109375,0.87109375,0.9375,0.9296875,0.9296875,0.96484375,0.5,global_gap_early_commit,False,8,8,,primary,global_gap_early_commit,0.9296875,0.96484375,0.97265625,8.0,5.258238699287176,True,tie_pass,False,False,False,False,False,False,8,8,,primary,global_gap_early_commit,0.9296875,0.96484375,0.97265625,8.0,5.423653337173164,True,tie_pass,False,False,False,False,False,False,8,8,,primary,global_gap_early_commit,0.9296875,0.96484375,0.97265625,8.0,5.096372741274536,True,tie_pass,False,False,False,False,False
SingleLineInfilling/HumanEval/32/L3,8,<=8,False,True,True,True,False,4,8,8.0,24.0,1.1107572469111149,0.8650153194871943,0.7787618058695543,0.7410358565737052,8.0,8.0,0.98828125,0.9765625,0.5,16.0,True,0.24574192742392054,0.22123819413044565,28,8.0,4.0,4.0,8.0,6.0,-0.14814814814814814,-0.3333333333333333,0.7767857142857143,0.8518518518518519,2,8,27,0.98046875,0.9921875,0.98046875,0.9921875,0.98828125,0.00043402777777777775,0.0,0.97265625,0.9609375,0.97265625,0.984375,0.98046875,0.984375,0.5,global_gap_early_commit,False,8,8,,primary,global_gap_early_commit,0.984375,0.984375,0.9921875,8.0,5.465186305344105,True,tie_pass,False,False,False,False,False,False,8,8,,primary,global_gap_early_commit,0.984375,0.984375,0.9921875,8.0,5.451231242157519,True,tie_pass,False,False,False,False,False,False,8,8,,primary,global_gap_early_commit,0.984375,0.984375,0.9921875,8.0,5.1120827086269855,True,tie_pass,False,False,False,False,False
SingleLineInfilling/HumanEval/32/L4,14,13-16,False,False,False,False,False,3,7,7.0,13.0,1.0448233605214197,0.8565534823999699,0.8198069786384814,0.7899159663865546,7.0,7.0,0.87890625,0.78515625,0.5714285714285714,6.0,True,0.1882698781214498,0.1801930213615186,28,7.0,4.0,4.0,7.0,5.0,-0.1111111111111111,0.0,0.7704081632653061,0.8888888888888888,3,8,22,0.9296875,0.9296875,0.9296875,0.94921875,0.9296875,0.0,0.0,0.78515625,0.78515625,0.853515625,0.87890625,0.87890625,0.921875,0.5714285714285714,global_gap_early_commit,False,7,7,,primary,global_gap_early_commit,0.87890625,0.921875,0.94921875,8.0,8.043766683898866,False,tie_fail,False,False,False,False,False,False,7,7,,primary,global_gap_early_commit,0.87890625,0.921875,0.94921875,8.0,8.244786608032882,False,tie_fail,False,False,False,False,False,False,7,7,,primary,global_gap_early_commit,0.87890625,0.921875,0.94921875,8.0,7.930358277633786,False,tie_fail,False,False,False,False,False
SingleLineInfilling/HumanEval/32/L5,14,13-16,False,False,True,True,False,4,14,12.0,14.0,1.124508105712486,1.1120747765182395,0.9889433174104435,0.9798387096774194,12.0,14.0,0.90234375,0.80859375,0.35714285714285715,0.0,False,0.012433329194246445,0.011056682589556499,40,14.0,5.0,5.0,14.0,9.5,-0.23076923076923078,-0.3333333333333333,0.6785714285714286,0.7692307692307693,2,4,38,0.94921875,0.96484375,0.94140625,0.97265625,0.953125,0.00040064102564102563,0.0,0.80859375,0.80859375,0.90234375,0.90234375,0.90234375,0.9375,0.35714285714285715,global_gap_early_commit,False,14,14,,primary,global_gap_early_commit,0.90234375,0.9375,0.97265625,4.0,5.880552486516535,True,tie_pass,False,False,False,False,False,False,14,14,,primary,global_gap_early_commit,0.90234375,0.9375,0.97265625,4.0,6.099871126003563,True,tie_pass,False,False,False,False,False,False,14,14,,primary,global_gap_early_commit,0.90234375,0.9375,0.97265625,4.0,5.744759291410446,True,tie_pass,False,False,False,False,False
SingleLineInfilling/HumanEval/32/L6,20,17-24,True,False,False,False,True,3,13,9.0,13.0,1.136461599460008,1.134477750625492,0.9982543635126266,0.9764705882352941,9.0,13.0,0.9375,0.8984375,0.3076923076923077,0.0,False,0.0019838488345160776,0.0017456364873733587,42,13.0,4.0,4.0,13.0,9.0,-0.21951219512195122,-0.3333333333333333,0.6648351648351648,0.7804878048780488,2,4,41,0.97265625,0.98046875,0.97265625,0.98046875,0.98046875,0.00019054878048780488,0.0,0.9140625,0.9140625,0.94921875,0.9453125,0.9453125,0.96875,0.3076923076923077,global_gap_early_commit,False,13,13,,primary,global_gap_early_commit,0.9453125,0.96875,0.98046875,4.0,5.685042578727007,False,tie_fail,False,False,True,False,False,False,13,13,,primary,global_gap_early_commit,0.9453125,0.96875,0.98046875,4.0,5.891231098212302,False,tie_fail,False,False,True,False,False,False,13,13,,primary,global_gap_early_commit,0.9453125,0.96875,0.98046875,4.0,5.596099474467337,False,tie_fail,False,False,True,False,False
SingleLineInfilling/HumanEval/32/L7,5,<=8,False,True,True,True,False,0,5,5.0,24.0,1.1013825725753201,0.6901215117220239,0.6265956343474179,0.5703125,5.0,5.0,1.0,1.0,0.6,19.0,True,0.4112610608532963,0.37340436565258206,28,5.0,3.0,3.0,5.0,4.0,-0.07407407407407407,0.0,0.7785714285714286,0.9259259259259259,3,12,19,1.0,1.0,1.0,1.0,1.0,0.0,0.0,1.0,1.0,1.0,1.0,1.0,1.0,0.6,global_gap_early_commit,False,5,5,,primary,global_gap_early_commit,1.0,1.0,1.0,12.0,5.486426930874586,True,tie_pass,False,False,False,False,False,False,5,5,,primary,global_gap_early_commit,1.0,1.0,1.0,12.0,5.702729144133627,True,tie_pass,False,False,False,False,False,False,5,5,,primary,global_gap_early_commit,1.0,1.0,1.0,12.0,5.3971556555479765,True,tie_pass,False,False,False,False,False
SingleLineInfilling/HumanEval/32/L8,4,<=8,False,True,False,False,False,0,20,20.0,20.0,1.1501565089635712,1.1501565089635712,1.0,0.9609375,20.0,20.0,0.875,0.765625,0.35,0.0,False,0.0,0.0,41,20.0,7.0,7.0,20.0,13.0,-0.325,-0.3333333333333333,0.6719512195121952,0.675,2,3,40,0.9609375,0.953125,0.9375,0.9609375,0.95703125,-0.0001953125,0.0,0.7890625,0.7890625,0.875,0.890625,0.890625,0.93359375,0.35,global_gap_early_commit,False,20,20,,primary,global_gap_early_commit,0.890625,0.93359375,0.9609375,3.0,9.447226956486702,False,tie_fail,False,False,False,False,False,False,20,20,,primary,global_gap_early_commit,0.890625,0.93359375,0.9609375,3.0,9.868954746052623,False,tie_fail,False,False,False,False,False,False,20,20,,primary,global_gap_early_commit,0.890625,0.93359375,0.9609375,3.0,9.42294580861926,False,tie_fail,False,False,False,False,False
SingleLineInfilling/HumanEval/32/L9,5,<=8,False,True,True,True,False,4,5,5.0,13.0,1.1013825725753201,0.897558702302096,0.8149381737567986,0.76953125,5.0,5.0,1.0,1.0,0.6,8.0,True,0.20382387027322413,0.18506182624320144,28,5.0,3.0,3.0,5.0,4.0,-0.07407407407407407,0.0,0.7785714285714286,0.9259259259259259,3,12,19,1.0,1.0,1.0,1.0,1.0,0.0,0.0,1.0,1.0,1.0,1.0,1.0,1.0,0.6,global_gap_early_commit,False,5,5,,primary,global_gap_early_commit,1.0,1.0,1.0,12.0,5.4097443940117955,True,tie_pass,False,False,False,False,False,False,5,5,,primary,global_gap_early_commit,1.0,1.0,1.0,12.0,5.792732979170978,True,tie_pass,False,False,False,False,False,False,5,5,,primary,global_gap_early_commit,1.0,1.0,1.0,12.0,5.38029648642987,True,tie_pass,False,False,False,False,False
SingleLineInfilling/HumanEval/33/L0,7,<=8,False,True,True,True,False,1,7,4.0,14.0,0.7471302179866649,0.3912855695156769,0.5237180348160684,0.48579545454545453,4.0,7.0,1.0,1.0,0.14285714285714285,7.0,True,0.355844648470988,0.4762819651839316,51,7.0,1.0,1.0,7.0,4.0,-0.12,-0.3333333333333333,0.5966386554621849,0.88,2,9,50,0.64453125,0.90625,0.640625,0.90625,0.77734375,0.005234375,0.0,0.345703125,0.1962890625,0.35546875,0.671875,0.5234375,0.578125,0.14285714285714285,global_gap_early_commit,False,7,7,,primary,global_gap_early_commit,0.671875,0.578125,0.90625,9.0,3.865010711364448,True,tie_pass,False,False,False,False,False,False,7,7,,primary,global_gap_early_commit,0.671875,0.578125,0.90625,9.0,4.082896227948368,True,tie_pass,False,False,False,False,False,False,7,7,,primary,global_gap_early_commit,0.671875,0.578125,0.90625,9.0,3.7995319105684757,True,tie_pass,False,False,False,False,False
SingleLineInfilling/HumanEval/33/L1,14,13-16,False,False,False,False,False,1,5,5.0,14.0,1.0067325077446285,0.4118795468586072,0.4091251088944533,0.38461538461538464,5.0,5.0,0.921875,0.8828125,0.6,9.0,True,0.5948529608860214,0.5908748911055467,28,5.0,3.0,3.0,5.0,4.0,-0.07407407407407407,0.0,0.7785714285714286,0.9259259259259259,3,12,19,0.9140625,0.953125,0.91015625,0.953125,0.9140625,0.0014467592592592592,0.0,0.8828125,0.828125,0.8671875,0.921875,0.88671875,0.9140625,0.6,global_gap_early_commit,False,5,5,,primary,global_gap_early_commit,0.921875,0.9140625,0.953125,12.0,2.672994107939303,False,tie_fail,False,False,False,False,False,False,5,5,,primary,global_gap_early_commit,0.921875,0.9140625,0.953125,12.0,2.806205247528851,False,tie_fail,False,False,False,False,False,False,5,5,,primary,global_gap_early_commit,0.921875,0.9140625,0.953125,12.0,2.623801893554628,False,tie_fail,False,False,False,False,False
SingleLineInfilling/HumanEval/33/L2,4,<=8,False,True,True,True,False,4,3,3.0,13.0,0.8386550518255824,0.4123302667936025,0.4916565707152696,0.4502487562189055,3.0,3.0,0.99609375,0.99609375,0.3333333333333333,10.0,True,0.4263247850319799,0.5083434292847304,33,3.0,1.0,1.0,3.0,2.0,-0.0625,-0.3333333333333333,0.7575757575757576,0.9375,2,21,32,0.78515625,0.8125,0.78515625,0.8125,0.8125,0.0008544921875,0.0,0.546875,0.546875,0.546875,0.71875,0.71875,0.71875,0.3333333333333333,global_gap_early_commit,False,3,3,,primary,global_gap_early_commit,0.71875,0.71875,0.8125,21.0,3.094060451723635,True,tie_pass,False,False,False,False,False,False,3,3,,primary,global_gap_early_commit,0.71875,0.71875,0.8125,21.0,3.2866834923624992,True,tie_pass,False,False,False,False,False,False,3,3,,primary,global_gap_early_commit,0.71875,0.71875,0.8125,21.0,3.026181268505752,True,tie_pass,False,False,False,False,False
SingleLineInfilling/HumanEval/34/L0,8,<=8,False,True,False,False,False,4,3,3.0,13.0,0.5215516491452628,0.27792426822552213,0.5328796652852967,0.488,3.0,3.0,,,0.0,10.0,True,0.24362738091974062,0.46712033471470327,54,3.0,0.0,0.0,3.0,2.0,-0.05660377358490566,-0.3333333333333333,0.5864197530864198,0.9433962264150944,2,21,53,0.48828125,0.71875,0.474609375,0.71875,0.48828125,0.004348466981132075,0.0,0.05224609375,0.05224609375,0.1171875,0.166015625,0.166015625,0.2109375,0.0,no_remaining_masks,True,32,3,32,rescue,no_remaining_masks,0.166015625,0.2109375,0.71875,21.0,6.884821462444961,True,win,True,False,False,False,False,True,24,3,24,rescue,no_remaining_masks,0.166015625,0.2109375,0.71875,21.0,7.56758710835129,False,tie_fail,False,False,False,False,False,True,24,3,24,rescue,no_remaining_masks,0.166015625,0.2109375,0.71875,21.0,6.781645999290049,False,tie_fail,False,False,False,False,False
SingleLineInfilling/HumanEval/35/L0,8,<=8,False,True,True,True,False,2,8,8.0,20.0,1.0753546254956212,0.7340429752328483,0.6826054938802486,0.6408163265306123,8.0,8.0,0.91796875,0.88671875,0.5,12.0,True,0.3413116502627729,0.3173945061197514,28,8.0,4.0,4.0,8.0,6.0,-0.14814814814814814,-0.3333333333333333,0.7767857142857143,0.8518518518518519,2,8,27,0.94921875,0.94921875,0.9453125,0.94921875,0.94921875,0.0,0.0,0.8828125,0.8828125,0.89453125,0.921875,0.921875,0.9296875,0.5,global_gap_early_commit,False,8,8,,primary,global_gap_early_commit,0.921875,0.9296875,0.94921875,8.0,2.1465300833806396,True,tie_pass,False,False,False,False,False,False,8,8,,primary,global_gap_early_commit,0.921875,0.9296875,0.94921875,8.0,2.1819811146706343,True,tie_pass,False,False,False,False,False,False,8,8,,primary,global_gap_early_commit,0.921875,0.9296875,0.94921875,8.0,2.220234523527324,True,tie_pass,False,False,False,False,False
SingleLineInfilling/HumanEval/35/L1,7,<=8,False,True,True,True,False,0,10,10.0,14.0,1.1436686464129107,0.626972199106991,0.5482114081499692,0.53515625,10.0,10.0,0.99609375,0.9921875,0.3,4.0,True,0.5166964473059197,0.45178859185003084,42,10.0,3.0,3.0,10.0,7.0,-0.17073170731707318,-0.3333333333333333,0.6666666666666666,0.8292682926829268,2,6,41,0.99609375,1.0,0.99609375,1.0,1.0,9.527439024390244e-05,0.0,0.99609375,0.99609375,0.99609375,0.99609375,0.99609375,0.99609375,0.3,global_gap_early_commit,False,10,10,,primary,global_gap_early_commit,0.99609375,0.99609375,1.0,6.0,2.756058318540454,True,tie_pass,False,False,False,False,False,False,10,10,,primary,global_gap_early_commit,0.99609375,0.99609375,1.0,6.0,2.8442342318594456,True,tie_pass,False,False,False,False,False,False,10,10,,primary,global_gap_early_commit,0.99609375,0.99609375,1.0,6.0,2.48315585590899,True,tie_pass,False,False,False,False,False
SingleLineInfilling/HumanEval/35/L2,7,<=8,False,True,True,True,False,1,7,7.0,13.0,1.0799434734801228,0.521677519865939,0.4830600236740455,0.4654471544715447,7.0,7.0,0.9375,0.87890625,0.5714285714285714,6.0,True,0.5582659536141837,0.5169399763259546,28,7.0,4.0,4.0,7.0,5.0,-0.1111111111111111,0.0,0.7704081632653061,0.8888888888888888,3,8,22,0.9609375,0.96484375,0.9609375,0.96484375,0.9609375,0.00014467592592592592,0.0,0.87890625,0.87890625,0.90234375,0.9375,0.9375,0.94921875,0.5714285714285714,global_gap_early_commit,False,7,7,,primary,global_gap_early_commit,0.9375,0.94921875,0.96484375,8.0,2.2649748530238867,True,tie_pass,False,False,False,False,False,False,7,7,,primary,global_gap_early_commit,0.9375,0.94921875,0.96484375,8.0,2.2777913426980376,True,tie_pass,False,False,False,False,False,False,7,7,,primary,global_gap_early_commit,0.9375,0.94921875,0.96484375,8.0,2.2285802625119686,True,tie_pass,False,False,False,False,False
SingleLineInfilling/HumanEval/35/L3,5,<=8,False,True,True,True,False,3,6,5.0,14.0,1.1013825725753201,0.5720549261925101,0.5193971109011615,0.48828125,5.0,6.0,0.98828125,0.984375,0.5,8.0,True,0.52932764638281,0.4806028890988385,28,6.0,3.0,3.0,6.0,5.0,-0.1111111111111111,-0.3333333333333333,0.7738095238095238,0.8888888888888888,2,10,26,0.98828125,0.9921875,0.98828125,0.9921875,0.98828125,0.00014467592592592592,0.0,0.984375,0.98046875,0.984375,0.98828125,0.984375,0.98828125,0.5,global_gap_early_commit,False,6,6,,primary,global_gap_early_commit,0.98828125,0.98828125,0.9921875,10.0,2.2787601808086038,True,tie_pass,False,False,False,False,False,False,6,6,,primary,global_gap_early_commit,0.98828125,0.98828125,0.9921875,10.0,2.2559969602152705,True,tie_pass,False,False,False,False,False,False,6,6,,primary,global_gap_early_commit,0.98828125,0.98828125,0.9921875,10.0,2.1524624610319734,True,tie_pass,False,False,False,False,False
SingleLineInfilling/HumanEval/35/L4,4,<=8,False,True,True,True,False,0,6,3.0,16.0,1.0180688191315528,0.6135625936333107,0.6026730041262833,0.5491803278688525,3.0,6.0,0.625,0.50390625,0.5,10.0,True,0.4045062254982421,0.39732699587371667,28,6.0,3.0,3.0,6.0,5.0,-0.1111111111111111,-0.3333333333333333,0.7738095238095238,0.8888888888888888,2,10,26,0.890625,0.8125,0.73828125,0.890625,0.875,-0.0028935185185185184,0.037109375,0.50390625,0.4765625,0.7890625,0.625,0.609375,0.84765625,0.5,global_gap_early_commit,False,6,6,,primary,global_gap_early_commit,0.625,0.84765625,0.890625,10.0,2.263698061928153,True,tie_pass,False,False,False,False,False,False,6,6,,primary,global_gap_early_commit,0.625,0.84765625,0.890625,10.0,2.4156134501099586,True,tie_pass,False,False,False,False,False,False,6,6,,primary,global_gap_early_commit,0.625,0.84765625,0.890625,10.0,2.035645551979542,True,tie_pass,False,False,False,False,False
SingleLineInfilling/HumanEval/36/L0,5,<=8,False,True,True,True,False,4,5,5.0,13.0,1.1013825725753201,0.6241905696212546,0.56673365383087,0.53515625,5.0,5.0,1.0,1.0,0.6,8.0,True,0.4771920029540655,0.43326634616912996,28,5.0,3.0,3.0,5.0,4.0,-0.07407407407407407,0.0,0.7785714285714286,0.9259259259259259,3,12,19,1.0,1.0,1.0,1.0,1.0,0.0,0.0,1.0,1.0,1.0,1.0,1.0,1.0,0.6,global_gap_early_commit,False,5,5,,primary,global_gap_early_commit,1.0,1.0,1.0,12.0,2.894480367191136,True,tie_pass,False,False,False,False,False,False,5,5,,primary,global_gap_early_commit,1.0,1.0,1.0,12.0,2.9252781188115478,True,tie_pass,False,False,False,False,False,False,5,5,,primary,global_gap_early_commit,1.0,1.0,1.0,12.0,2.831289236433804,True,tie_pass,False,False,False,False,False
SingleLineInfilling/HumanEval/36/L1,8,<=8,False,True,False,False,False,2,14,14.0,14.0,1.13495697356594,1.13495697356594,1.0,0.96875,14.0,14.0,0.95703125,0.93359375,0.35714285714285715,0.0,False,0.0,0.0,40,14.0,5.0,5.0,14.0,9.5,-0.23076923076923078,-0.3333333333333333,0.6785714285714286,0.7692307692307693,2,4,38,0.96875,0.96484375,0.95703125,0.9765625,0.96875,-0.00010016025641025641,0.001953125,0.93359375,0.91796875,0.935546875,0.95703125,0.9453125,0.95703125,0.35714285714285715,global_gap_early_commit,False,14,14,,primary,global_gap_early_commit,0.95703125,0.95703125,0.9765625,4.0,3.327835471369326,False,tie_fail,False,False,False,False,False,False,14,14,,primary,global_gap_early_commit,0.95703125,0.95703125,0.9765625,4.0,3.482791089452803,False,tie_fail,False,False,False,False,False,False,14,14,,primary,global_gap_early_commit,0.95703125,0.95703125,0.9765625,4.0,3.201831081882119,False,tie_fail,False,False,False,False,False
SingleLineInfilling/HumanEval/36/L2,21,17-24,True,False,True,True,False,0,24,24.0,24.0,1.091904583614983,1.091904583614983,1.0,1.0,24.0,24.0,0.97265625,0.9453125,0.375,0.0,False,0.0,0.0,40,24.0,9.0,9.0,24.0,16.0,-0.38461538461538464,-0.3333333333333333,0.6791666666666667,0.6153846153846154,2,2,38,0.90234375,0.98828125,0.90234375,0.9921875,0.9765625,0.002203525641025641,0.0,0.9453125,0.8671875,0.943359375,0.97265625,0.90234375,0.966796875,0.375,global_gap_early_commit,False,24,24,,primary,global_gap_early_commit,0.97265625,0.966796875,0.9921875,2.0,3.2917644195258617,True,tie_pass,False,False,False,False,False,False,24,24,,primary,global_gap_early_commit,0.97265625,0.966796875,0.9921875,2.0,3.412268771789968,True,tie_pass,False,False,False,False,False,False,24,24,,primary,global_gap_early_commit,0.97265625,0.966796875,0.9921875,2.0,3.190432569012046,True,tie_pass,False,False,False,False,False
SingleLineInfilling/HumanEval/36/L3,6,<=8,False,True,True,True,False,2,6,6.0,13.0,1.1134970608520351,0.883890295668054,0.7937967029672367,0.7578125,6.0,6.0,1.0,1.0,0.5,7.0,True,0.22960676518398115,0.2062032970327633,28,6.0,3.0,3.0,6.0,5.0,-0.1111111111111111,-0.3333333333333333,0.7738095238095238,0.8888888888888888,2,10,26,1.0,1.0,1.0,1.0,1.0,0.0,0.0,1.0,1.0,1.0,1.0,1.0,1.0,0.5,global_gap_early_commit,False,6,6,,primary,global_gap_early_commit,1.0,1.0,1.0,10.0,2.8236959259957075,True,tie_pass,False,False,False,False,False,False,6,6,,primary,global_gap_early_commit,1.0,1.0,1.0,10.0,2.7148960223421454,True,tie_pass,False,False,False,False,False,False,6,6,,primary,global_gap_early_commit,1.0,1.0,1.0,10.0,2.7702546613290906,True,tie_pass,False,False,False,False,False
SingleLineInfilling/HumanEval/36/L4,13,13-16,False,False,True,True,False,0,7,7.0,13.0,1.1062835581991501,0.7836553136850788,0.7083674957266312,0.6825396825396826,7.0,7.0,0.9609375,0.9453125,0.5714285714285714,6.0,True,0.32262824451407135,0.29163250427336884,28,7.0,4.0,4.0,7.0,5.0,-0.1111111111111111,0.0,0.7704081632653061,0.8888888888888888,3,8,22,0.984375,0.9765625,0.9765625,0.984375,0.984375,-0.00028935185185185184,0.0,0.9453125,0.9453125,0.974609375,0.9609375,0.9609375,0.98046875,0.5714285714285714,global_gap_early_commit,False,7,7,,primary,global_gap_early_commit,0.9609375,0.98046875,0.984375,8.0,2.9591308450326324,True,tie_pass,False,False,False,False,False,False,7,7,,primary,global_gap_early_commit,0.9609375,0.98046875,0.984375,8.0,3.0144381849095225,True,tie_pass,False,False,False,False,False,False,7,7,,primary,global_gap_early_commit,0.9609375,0.98046875,0.984375,8.0,2.692671462893486,True,tie_pass,False,False,False,False,False
SingleLineInfilling/HumanEval/36/L5,6,<=8,False,True,True,True,False,1,13,6.0,13.0,1.1134970608520351,0.9977936842850712,0.8960900925248702,0.85546875,6.0,13.0,0.78125,0.67578125,0.3076923076923077,0.0,False,0.11570337656696394,0.10390990747512985,42,13.0,4.0,4.0,13.0,9.0,-0.21951219512195122,-0.3333333333333333,0.6648351648351648,0.7804878048780488,2,4,41,0.85546875,0.91015625,0.85546875,0.9375,0.90625,0.0013338414634146342,0.0,0.671875,0.671875,0.8125,0.765625,0.765625,0.85546875,0.3076923076923077,global_gap_early_commit,False,13,13,,primary,global_gap_early_commit,0.765625,0.85546875,0.9375,4.0,3.6608614586293697,True,tie_pass,False,False,False,False,False,False,13,13,,primary,global_gap_early_commit,0.765625,0.85546875,0.9375,4.0,3.3621590435504913,True,tie_pass,False,False,False,False,False,False,13,13,,primary,global_gap_early_commit,0.765625,0.85546875,0.9375,4.0,3.32938246242702,True,tie_pass,False,False,False,False,False
SingleLineInfilling/HumanEval/36/L6,7,<=8,False,True,True,True,False,2,7,7.0,14.0,1.1238436146785018,0.6407015173356113,0.5700984629599883,0.546875,7.0,7.0,1.0,1.0,0.5714285714285714,7.0,True,0.4831420973428905,0.42990153704001166,28,7.0,4.0,4.0,7.0,5.0,-0.1111111111111111,0.0,0.7704081632653061,0.8888888888888888,3,8,22,1.0,1.0,1.0,1.0,1.0,0.0,0.0,1.0,1.0,1.0,1.0,1.0,1.0,0.5714285714285714,global_gap_early_commit,False,7,7,,primary,global_gap_early_commit,1.0,1.0,1.0,8.0,2.7451757406815886,True,tie_pass,False,False,False,False,False,False,7,7,,primary,global_gap_early_commit,1.0,1.0,1.0,8.0,2.5379203958436847,True,tie_pass,False,False,False,False,False,False,7,7,,primary,global_gap_early_commit,1.0,1.0,1.0,8.0,2.519528296776116,True,tie_pass,False,False,False,False,False
SingleLineInfilling/HumanEval/36/L7,10,9-12,False,False,True,True,False,2,14,14.0,14.0,1.1441098523850202,1.1441098523850202,1.0,1.0,14.0,14.0,0.98828125,0.9765625,0.35714285714285715,0.0,False,0.0,0.0,40,14.0,5.0,5.0,14.0,9.5,-0.23076923076923078,-0.3333333333333333,0.6785714285714286,0.7692307692307693,2,4,38,0.9765625,0.99609375,0.9765625,0.99609375,0.98046875,0.000500801282051282,0.00390625,0.9765625,0.9296875,0.953125,0.98828125,0.9609375,0.97265625,0.35714285714285715,global_gap_early_commit,False,14,14,,primary,global_gap_early_commit,0.98828125,0.97265625,0.99609375,4.0,3.3412792962044477,True,tie_pass,False,False,False,False,False,False,14,14,,primary,global_gap_early_commit,0.98828125,0.97265625,0.99609375,4.0,3.071425133384764,True,tie_pass,False,False,False,False,False,False,14,14,,primary,global_gap_early_commit,0.98828125,0.97265625,0.99609375,4.0,3.1727098301053047,True,tie_pass,False,False,False,False,False
SingleLineInfilling/HumanEval/36/L8,4,<=8,False,True,True,True,False,2,3,3.0,13.0,0.9596550344272834,0.47383809664679183,0.4937587775273598,0.45217391304347826,3.0,3.0,0.98828125,0.984375,0.3333333333333333,10.0,True,0.48581693778049156,0.5062412224726403,33,3.0,1.0,1.0,3.0,2.0,-0.0625,-0.3333333333333333,0.7575757575757576,0.9375,2,21,32,0.8984375,0.96875,0.8984375,0.96875,0.96875,0.002197265625,0.0,0.921875,0.859375,0.921875,0.953125,0.8984375,0.953125,0.3333333333333333,global_gap_early_commit,False,3,3,,primary,global_gap_early_commit,0.953125,0.953125,0.96875,21.0,3.129168715327978,True,tie_pass,False,False,False,False,False,False,3,3,,primary,global_gap_early_commit,0.953125,0.953125,0.96875,21.0,2.9683598848059773,True,tie_pass,False,False,False,False,False,False,3,3,,primary,global_gap_early_commit,0.953125,0.953125,0.96875,21.0,2.881202282384038,True,tie_pass,False,False,False,False,False
SingleLineInfilling/HumanEval/37/L0,10,9-12,False,False,True,True,False,3,10,10.0,13.0,1.1481536214968828,0.9112271089361381,0.7936456340643194,0.78125,10.0,10.0,1.0,1.0,0.3,3.0,True,0.2369265125607447,0.20635436593568057,42,10.0,3.0,3.0,10.0,7.0,-0.17073170731707318,-0.3333333333333333,0.6666666666666666,0.8292682926829268,2,6,41,1.0,1.0,1.0,1.0,1.0,0.0,0.0,1.0,1.0,1.0,1.0,1.0,1.0,0.3,global_gap_early_commit,False,10,10,,primary,global_gap_early_commit,1.0,1.0,1.0,6.0,4.787303238175809,True,tie_pass,False,False,False,False,False,False,10,10,,primary,global_gap_early_commit,1.0,1.0,1.0,6.0,4.492274608463049,True,tie_pass,False,False,False,False,False,False,10,10,,primary,global_gap_early_commit,1.0,1.0,1.0,6.0,4.4908538376912475,True,tie_pass,False,False,False,False,False
SingleLineInfilling/HumanEval/37/L1,10,9-12,False,False,True,True,False,0,10,10.0,15.0,1.1436686464129107,0.8271761717757746,0.7232655842845678,0.7058823529411765,10.0,10.0,0.99609375,0.99609375,0.3,5.0,True,0.31649247463713603,0.2767344157154322,42,10.0,3.0,3.0,10.0,7.0,-0.17073170731707318,-0.3333333333333333,0.6666666666666666,0.8292682926829268,2,6,41,0.99609375,0.99609375,0.99609375,1.0,0.99609375,0.0,0.0,0.984375,0.984375,0.9921875,0.9921875,0.9921875,0.99609375,0.3,global_gap_early_commit,False,10,10,,primary,global_gap_early_commit,0.9921875,0.99609375,1.0,6.0,4.7460869532078505,True,tie_pass,False,False,False,False,False,False,10,10,,primary,global_gap_early_commit,0.9921875,0.99609375,1.0,6.0,4.4005984114483,True,tie_pass,False,False,False,False,False,False,10,10,,primary,global_gap_early_commit,0.9921875,0.99609375,1.0,6.0,4.399653567932546,True,tie_pass,False,False,False,False,False
SingleLineInfilling/HumanEval/37/L2,6,<=8,False,True,True,True,False,0,6,6.0,14.0,1.109147462958082,0.5720549261925101,0.5157609292698078,0.49019607843137253,6.0,6.0,1.0,1.0,0.5,8.0,True,0.5370925367655719,0.48423907073019223,28,6.0,3.0,3.0,6.0,5.0,-0.1111111111111111,-0.3333333333333333,0.7738095238095238,0.8888888888888888,2,10,26,0.99609375,1.0,0.99609375,1.0,1.0,0.00014467592592592592,0.0,1.0,0.99609375,0.99609375,1.0,0.99609375,0.99609375,0.5,global_gap_early_commit,False,6,6,,primary,global_gap_early_commit,1.0,0.99609375,1.0,10.0,3.871897306293249,True,tie_pass,False,False,False,False,False,False,6,6,,primary,global_gap_early_commit,1.0,0.99609375,1.0,10.0,3.6505048079416156,True,tie_pass,False,False,False,False,False,False,6,6,,primary,global_gap_early_commit,1.0,0.99609375,1.0,10.0,3.769521314650774,True,tie_pass,False,False,False,False,False
SingleLineInfilling/HumanEval/37/L3,5,<=8,False,True,True,True,False,3,5,5.0,13.0,1.1013825725753201,0.5831853497191284,0.5295029758419808,0.5,5.0,5.0,1.0,1.0,0.6,8.0,True,0.5181972228561917,0.4704970241580192,28,5.0,3.0,3.0,5.0,4.0,-0.07407407407407407,0.0,0.7785714285714286,0.9259259259259259,3,12,19,1.0,1.0,1.0,1.0,1.0,0.0,0.0,1.0,1.0,1.0,1.0,1.0,1.0,0.6,global_gap_early_commit,False,5,5,,primary,global_gap_early_commit,1.0,1.0,1.0,12.0,3.811806351877749,True,tie_pass,False,False,False,False,False,False,5,5,,primary,global_gap_early_commit,1.0,1.0,1.0,12.0,3.688012749888003,True,tie_pass,False,False,False,False,False,False,5,5,,primary,global_gap_early_commit,1.0,1.0,1.0,12.0,3.70501874294132,True,tie_pass,False,False,False,False,False
SingleLineInfilling/HumanEval/37/L4,13,13-16,False,False,True,True,False,4,13,13.0,13.0,1.1390338861701725,1.1390338861701725,1.0,1.0,13.0,13.0,1.0,1.0,0.3076923076923077,0.0,False,0.0,0.0,42,13.0,4.0,4.0,13.0,9.0,-0.21951219512195122,-0.3333333333333333,0.6648351648351648,0.7804878048780488,2,4,41,0.9765625,0.984375,0.9609375,0.984375,0.96875,0.00019054878048780488,0.0,0.91796875,0.8671875,0.90625,0.95703125,0.93359375,0.94921875,0.3076923076923077,global_gap_early_commit,False,13,13,,primary,global_gap_early_commit,0.95703125,0.94921875,0.984375,4.0,4.597985751926899,True,tie_pass,False,False,False,False,False,False,13,13,,primary,global_gap_early_commit,0.95703125,0.94921875,0.984375,4.0,4.452281643636525,True,tie_pass,False,False,False,False,False,False,13,13,,primary,global_gap_early_commit,0.95703125,0.94921875,0.984375,4.0,4.495119369588792,True,tie_pass,False,False,False,False,False
SingleLineInfilling/HumanEval/37/L5,9,9-12,False,False,True,True,False,0,12,6.0,16.0,1.0700010819125025,0.941103527076657,0.8795351172865581,0.8292682926829268,6.0,12.0,0.8125,0.62109375,0.3333333333333333,4.0,True,0.12889755483584553,0.12046488271344191,40,12.0,4.0,4.0,12.0,8.0,-0.20512820512820512,-0.3333333333333333,0.6791666666666667,0.7948717948717948,2,5,39,0.90234375,0.9296875,0.75390625,0.9296875,0.90625,0.0007011217948717949,0.0,0.66015625,0.484375,0.71875,0.83203125,0.671875,0.859375,0.3333333333333333,global_gap_early_commit,False,12,12,,primary,global_gap_early_commit,0.83203125,0.859375,0.9296875,5.0,4.751053646206856,True,tie_pass,False,False,False,False,False,False,12,12,,primary,global_gap_early_commit,0.83203125,0.859375,0.9296875,5.0,4.547263127751648,True,tie_pass,False,False,False,False,False,False,12,12,,primary,global_gap_early_commit,0.83203125,0.859375,0.9296875,5.0,4.512009374797344,True,tie_pass,False,False,False,False,False
SingleLineInfilling/HumanEval/37/L6,12,9-12,False,False,False,False,False,4,6,6.0,14.0,1.1047978650641286,0.8191826543076745,0.7414774052447364,0.7047244094488189,6.0,6.0,0.9765625,0.95703125,0.5,8.0,True,0.28561521075645413,0.2585225947552636,28,6.0,3.0,3.0,6.0,5.0,-0.1111111111111111,-0.3333333333333333,0.7738095238095238,0.8888888888888888,2,10,26,0.9921875,0.98828125,0.98046875,0.9921875,0.98828125,-0.00014467592592592592,0.00390625,0.95703125,0.9375,0.97265625,0.9765625,0.96875,0.984375,0.5,global_gap_early_commit,False,6,6,,primary,global_gap_early_commit,0.9765625,0.984375,0.9921875,10.0,3.99714323785156,False,tie_fail,False,False,False,False,False,False,6,6,,primary,global_gap_early_commit,0.9765625,0.984375,0.9921875,10.0,3.8173388242721558,False,tie_fail,False,False,False,False,False,False,6,6,,primary,global_gap_early_commit,0.9765625,0.984375,0.9921875,10.0,3.936773005872965,False,tie_fail,False,False,False,False,False
SingleLineInfilling/HumanEval/37/L7,9,9-12,False,False,False,False,False,3,7,7.0,14.0,0.9877531769635269,0.5583256079638899,0.5652481014338526,0.5374449339207048,7.0,7.0,0.74609375,0.5078125,0.5714285714285714,7.0,True,0.4294275689996371,0.4347518985661474,28,7.0,4.0,4.0,7.0,5.0,-0.1111111111111111,0.0,0.7704081632653061,0.8888888888888888,3,8,22,0.87890625,0.85546875,0.85546875,0.890625,0.875,-0.0008680555555555555,0.0,0.5078125,0.5078125,0.767578125,0.74609375,0.74609375,0.84765625,0.5714285714285714,global_gap_early_commit,False,7,7,,primary,global_gap_early_commit,0.74609375,0.84765625,0.890625,8.0,3.936977823264897,False,tie_fail,False,False,False,False,False,False,7,7,,primary,global_gap_early_commit,0.74609375,0.84765625,0.890625,8.0,3.6570482896640897,False,tie_fail,False,False,False,False,False,False,7,7,,primary,global_gap_early_commit,0.74609375,0.84765625,0.890625,8.0,3.6940420167520642,False,tie_fail,False,False,False,False,False
SingleLineInfilling/HumanEval/37/L8,4,<=8,False,True,False,False,False,0,5,5.0,13.0,0.7184800375784315,0.6697519250680615,0.9321788916020499,0.8802395209580839,5.0,5.0,0.890625,0.79296875,0.4,8.0,True,0.048728112510370014,0.06782110839795008,32,5.0,2.0,2.0,5.0,4.0,-0.0967741935483871,-0.3333333333333333,0.75,0.9032258064516129,2,12,31,0.65234375,0.7734375,0.5859375,0.7734375,0.65234375,0.00390625,0.0,0.2578125,0.2578125,0.294921875,0.62109375,0.486328125,0.62109375,0.4,global_gap_early_commit,False,5,5,,primary,global_gap_early_commit,0.62109375,0.62109375,0.7734375,12.0,4.156942741014063,False,tie_fail,False,False,False,False,False,False,5,5,,primary,global_gap_early_commit,0.62109375,0.62109375,0.7734375,12.0,3.8908121855929494,False,tie_fail,False,False,False,False,False,False,5,5,,primary,global_gap_early_commit,0.62109375,0.62109375,0.7734375,12.0,3.881072043441236,False,tie_fail,False,False,False,False,False
SingleLineInfilling/HumanEval/38/L0,12,9-12,False,False,False,False,False,2,8,3.0,13.0,0.7677240275418267,0.560404671995725,0.7299558850464575,0.6684782608695652,3.0,8.0,0.90625,0.86328125,0.5,5.0,True,0.2073193555461017,0.2700441149535425,28,8.0,4.0,4.0,8.0,6.0,-0.14814814814814814,-0.3333333333333333,0.7767857142857143,0.8518518518518519,2,8,27,0.55078125,0.83203125,0.55078125,0.83203125,0.6796875,0.010416666666666666,0.0,0.63671875,0.41015625,0.5078125,0.734375,0.48828125,0.5703125,0.5,global_gap_early_commit,False,8,8,,primary,global_gap_early_commit,0.734375,0.5703125,0.83203125,8.0,2.8099798755720258,False,tie_fail,False,False,False,False,False,False,8,8,,primary,global_gap_early_commit,0.734375,0.5703125,0.83203125,8.0,2.5867352597415447,False,tie_fail,False,False,False,False,False,False,8,8,,primary,global_gap_early_commit,0.734375,0.5703125,0.83203125,8.0,2.5873031970113516,False,tie_fail,False,False,False,False,False
SingleLineInfilling/HumanEval/39/L0,4,<=8,False,True,True,True,False,1,4,4.0,13.0,1.0612645141856034,0.6287467051659353,0.5924505123479277,0.552,4.0,4.0,1.0,1.0,0.5,9.0,True,0.4325178090196681,0.40754948765207233,28,4.0,2.0,2.0,4.0,3.0,-0.07407407407407407,0.0,0.7767857142857143,0.9259259259259259,3,14,23,0.9765625,1.0,0.9765625,1.0,0.9765625,0.0008680555555555555,0.0,1.0,0.95703125,0.95703125,1.0,0.96875,0.96875,0.5,global_gap_early_commit,False,4,4,,primary,global_gap_early_commit,1.0,0.96875,1.0,14.0,4.198972592130303,True,tie_pass,False,False,False,False,False,False,4,4,,primary,global_gap_early_commit,1.0,0.96875,1.0,14.0,3.9697074154391885,True,tie_pass,False,False,False,False,False,False,4,4,,primary,global_gap_early_commit,1.0,0.96875,1.0,14.0,3.9261276023462415,True,tie_pass,False,False,False,False,False
SingleLineInfilling/HumanEval/39/L10,5,<=8,False,True,True,True,False,4,5,5.0,20.0,1.0970802969011977,0.79949903671858,0.7287516136939449,0.6705882352941176,5.0,5.0,0.9921875,0.98828125,0.6,15.0,True,0.29758126018261766,0.2712483863060551,28,5.0,3.0,3.0,5.0,4.0,-0.07407407407407407,0.0,0.7785714285714286,0.9259259259259259,3,12,19,0.99609375,0.99609375,0.99609375,0.99609375,0.99609375,0.0,0.0,0.98828125,0.98828125,0.9921875,0.9921875,0.9921875,0.99609375,0.6,global_gap_early_commit,False,5,5,,primary,global_gap_early_commit,0.9921875,0.99609375,0.99609375,12.0,3.9592235954478383,True,tie_pass,False,False,False,False,False,False,5,5,,primary,global_gap_early_commit,0.9921875,0.99609375,0.99609375,12.0,3.736087989062071,True,tie_pass,False,False,False,False,False,False,5,5,,primary,global_gap_early_commit,0.9921875,0.99609375,0.99609375,12.0,3.690661394968629,True,tie_pass,False,False,False,False,False
SingleLineInfilling/HumanEval/39/L11,13,13-16,False,False,True,True,False,1,13,13.0,13.0,1.1162532084467691,1.1162532084467691,1.0,1.0,13.0,13.0,0.94140625,0.88671875,0.3076923076923077,0.0,False,0.0,0.0,42,13.0,4.0,4.0,13.0,9.0,-0.21951219512195122,-0.3333333333333333,0.6648351648351648,0.7804878048780488,2,4,41,0.95703125,0.98046875,0.95703125,0.984375,0.97265625,0.0005716463414634146,0.0,0.90234375,0.90234375,0.92578125,0.94921875,0.94921875,0.95703125,0.3076923076923077,global_gap_early_commit,False,13,13,,primary,global_gap_early_commit,0.94921875,0.95703125,0.984375,4.0,4.5574022103101015,True,tie_pass,False,False,False,False,False,False,13,13,,primary,global_gap_early_commit,0.94921875,0.95703125,0.984375,4.0,4.402277893386781,True,tie_pass,False,False,False,False,False,False,13,13,,primary,global_gap_early_commit,0.94921875,0.95703125,0.984375,4.0,4.379412935115397,True,tie_pass,False,False,False,False,False
SingleLineInfilling/HumanEval/39/L12,9,9-12,False,False,True,True,False,1,9,9.0,14.0,1.136461599460008,0.7734182602122736,0.680549400507474,0.6627450980392157,9.0,9.0,1.0,1.0,0.3333333333333333,5.0,True,0.36304333924773446,0.31945059949252597,40,9.0,3.0,3.0,9.0,6.0,-0.15384615384615385,-0.3333333333333333,0.6777777777777778,0.8461538461538461,2,7,39,0.99609375,1.0,0.99609375,1.0,0.99609375,0.00010016025641025641,0.0,1.0,0.9921875,1.0,1.0,0.9921875,1.0,0.3333333333333333,global_gap_early_commit,False,9,9,,primary,global_gap_early_commit,1.0,1.0,1.0,7.0,4.3410297287628055,True,tie_pass,False,False,False,False,False,False,9,9,,primary,global_gap_early_commit,1.0,1.0,1.0,7.0,4.335645855404437,True,tie_pass,False,False,False,False,False,False,9,9,,primary,global_gap_early_commit,1.0,1.0,1.0,7.0,4.296398920938373,True,tie_pass,False,False,False,False,False
SingleLineInfilling/HumanEval/39/L13,6,<=8,False,True,True,True,False,1,6,6.0,13.0,1.109147462958082,0.7608746359616754,0.685999527900855,0.6549019607843137,6.0,6.0,1.0,1.0,0.5,7.0,True,0.3482728269964066,0.31400047209914494,28,6.0,3.0,3.0,6.0,5.0,-0.1111111111111111,-0.3333333333333333,0.7738095238095238,0.8888888888888888,2,10,26,0.99609375,1.0,0.99609375,1.0,0.99609375,0.00014467592592592592,0.001953125,1.0,0.9921875,0.9921875,1.0,0.99609375,0.99609375,0.5,global_gap_early_commit,False,6,6,,primary,global_gap_early_commit,1.0,0.99609375,1.0,10.0,5.600991778075695,True,tie_pass,False,False,False,False,False,False,6,6,,primary,global_gap_early_commit,1.0,0.99609375,1.0,10.0,3.6696420554071665,True,tie_pass,False,False,False,False,False,False,6,6,,primary,global_gap_early_commit,1.0,0.99609375,1.0,10.0,3.6807355200871825,True,tie_pass,False,False,False,False,False
SingleLineInfilling/HumanEval/39/L14,8,<=8,False,True,True,True,False,4,8,8.0,13.0,1.0974812638803049,0.824660533587205,0.7514119472723366,0.70703125,8.0,8.0,0.9375,0.87890625,0.5,5.0,True,0.27282073029309983,0.24858805272766338,28,8.0,4.0,4.0,8.0,6.0,-0.14814814814814814,-0.3333333333333333,0.7767857142857143,0.8518518518518519,2,8,27,0.96875,0.96484375,0.96484375,0.96875,0.96484375,-0.00014467592592592592,0.0,0.89453125,0.89453125,0.9140625,0.9453125,0.9453125,0.953125,0.5,global_gap_early_commit,False,8,8,,primary,global_gap_early_commit,0.9453125,0.953125,0.96875,8.0,5.355605557560921,True,tie_pass,False,False,False,False,False,False,8,8,,primary,global_gap_early_commit,0.9453125,0.953125,0.96875,8.0,3.5311604868620634,True,tie_pass,False,False,False,False,False,False,8,8,,primary,global_gap_early_commit,0.9453125,0.953125,0.96875,8.0,3.5169414030387998,True,tie_pass,False,False,False,False,False
SingleLineInfilling/HumanEval/39/L15,7,<=8,False,True,True,True,False,3,6,6.0,15.0,1.030854700866923,0.6985043228328763,0.677597262005452,0.6204081632653061,6.0,6.0,0.9765625,0.96875,0.5,9.0,True,0.33235037803404677,0.322402737994548,28,6.0,3.0,3.0,6.0,5.0,-0.1111111111111111,-0.3333333333333333,0.7738095238095238,0.8888888888888888,2,10,26,0.92578125,0.98828125,0.921875,0.98828125,0.92578125,0.0023148148148148147,0.0,0.96875,0.875,0.8984375,0.9765625,0.90625,0.92578125,0.5,global_gap_early_commit,False,6,6,,primary,global_gap_early_commit,0.9765625,0.92578125,0.98828125,10.0,5.6872690776363015,True,tie_pass,False,False,False,False,False,False,6,6,,primary,global_gap_early_commit,0.9765625,0.92578125,0.98828125,10.0,3.7720156544819474,True,tie_pass,False,False,False,False,False,False,6,6,,primary,global_gap_early_commit,0.9765625,0.92578125,0.98828125,10.0,3.7661552680656314,True,tie_pass,False,False,False,False,False
SingleLineInfilling/HumanEval/39/L2,7,<=8,False,True,True,True,False,1,12,12.0,13.0,1.1562482538575964,0.7882114492297595,0.6816974180069427,0.67578125,12.0,12.0,0.99609375,0.9921875,0.3333333333333333,1.0,True,0.36803680462783694,0.3183025819930573,40,12.0,4.0,4.0,12.0,8.0,-0.20512820512820512,-0.3333333333333333,0.6791666666666667,0.7948717948717948,2,5,39,0.99609375,1.0,0.99609375,1.0,1.0,0.00010016025641025641,0.0,0.9921875,0.9921875,0.99609375,0.99609375,0.99609375,0.99609375,0.3333333333333333,global_gap_early_commit,False,12,12,,primary,global_gap_early_commit,0.99609375,0.99609375,1.0,5.0,4.838274381123483,True,tie_pass,False,False,False,False,False,False,12,12,,primary,global_gap_early_commit,0.99609375,0.99609375,1.0,5.0,4.551404685713351,True,tie_pass,False,False,False,False,False,False,12,12,,primary,global_gap_early_commit,0.99609375,0.99609375,1.0,5.0,4.526551682502031,True,tie_pass,False,False,False,False,False
SingleLineInfilling/HumanEval/39/L3,8,<=8,False,True,True,True,False,1,13,6.0,13.0,1.1134970608520351,0.9704568710169871,0.8715396790310381,0.83203125,6.0,13.0,0.81640625,0.65625,0.15384615384615385,0.0,False,0.14304018983504807,0.12846032096896187,52,13.0,2.0,2.0,13.0,8.0,-0.21568627450980393,-0.3333333333333333,0.5857988165680473,0.7843137254901961,2,4,51,0.83203125,0.93359375,0.82421875,0.93359375,0.84375,0.001991421568627451,0.0,0.51953125,0.4296875,0.62109375,0.72265625,0.62109375,0.74609375,0.15384615384615385,global_gap_early_commit,False,13,13,,primary,global_gap_early_commit,0.72265625,0.74609375,0.93359375,4.0,5.760202256962657,True,tie_pass,False,False,False,False,False,False,13,13,,primary,global_gap_early_commit,0.72265625,0.74609375,0.93359375,4.0,5.386322218924761,True,tie_pass,False,False,False,False,False,False,13,13,,primary,global_gap_early_commit,0.72265625,0.74609375,0.93359375,4.0,5.385485381819308,True,tie_pass,False,False,False,False,False
SingleLineInfilling/HumanEval/39/L4,4,<=8,False,True,True,True,False,4,16,16.0,16.0,1.1394733881761483,1.1394733881761483,1.0,0.96484375,16.0,16.0,0.95703125,0.921875,0.375,0.0,False,0.0,0.0,40,16.0,6.0,6.0,16.0,11.0,-0.2564102564102564,-0.3333333333333333,0.6796875,0.7435897435897436,2,4,37,0.96484375,0.984375,0.96484375,0.98828125,0.984375,0.000500801282051282,0.0,0.921875,0.921875,0.95703125,0.95703125,0.95703125,0.9765625,0.375,global_gap_early_commit,False,16,16,,primary,global_gap_early_commit,0.95703125,0.9765625,0.98828125,4.0,4.675371524877846,True,tie_pass,False,False,False,False,False,False,16,16,,primary,global_gap_early_commit,0.95703125,0.9765625,0.98828125,4.0,4.336872187443078,True,tie_pass,False,False,False,False,False,False,16,16,,primary,global_gap_early_commit,0.95703125,0.9765625,0.98828125,4.0,4.332720322534442,True,tie_pass,False,False,False,False,False
SingleLineInfilling/HumanEval/39/L5,24,17-24,True,False,False,False,True,3,13,13.0,13.0,1.148146157259534,1.148146157259534,1.0,0.9960474308300395,13.0,13.0,0.97265625,0.953125,0.3076923076923077,0.0,False,0.0,0.0,42,13.0,4.0,4.0,13.0,9.0,-0.21951219512195122,-0.3333333333333333,0.6648351648351648,0.7804878048780488,2,4,41,0.984375,0.9921875,0.96484375,0.9921875,0.96875,0.00019054878048780488,0.0,0.96484375,0.8984375,0.93359375,0.98046875,0.9375,0.95703125,0.3076923076923077,global_gap_early_commit,False,13,13,,primary,global_gap_early_commit,0.98046875,0.95703125,0.9921875,4.0,4.6624671425670385,False,tie_fail,False,False,True,False,False,False,13,13,,primary,global_gap_early_commit,0.98046875,0.95703125,0.9921875,4.0,4.36189666762948,False,tie_fail,False,False,True,False,False,False,13,13,,primary,global_gap_early_commit,0.98046875,0.95703125,0.9921875,4.0,4.32035725004971,False,tie_fail,False,False,True,False,False
SingleLineInfilling/HumanEval/39/L6,10,9-12,False,False,True,True,False,1,10,10.0,13.0,1.1436686464129107,0.6606396539787002,0.5776495281660301,0.5686274509803921,10.0,10.0,1.0,1.0,0.3,3.0,True,0.4830289924342105,0.4223504718339699,42,10.0,3.0,3.0,10.0,7.0,-0.17073170731707318,-0.3333333333333333,0.6666666666666666,0.8292682926829268,2,6,41,0.99609375,1.0,0.99609375,1.0,1.0,9.527439024390244e-05,0.0,1.0,0.99609375,0.99609375,1.0,0.99609375,1.0,0.3,global_gap_early_commit,False,10,10,,primary,global_gap_early_commit,1.0,1.0,1.0,6.0,4.990319864824414,True,tie_pass,False,False,False,False,False,False,10,10,,primary,global_gap_early_commit,1.0,1.0,1.0,6.0,4.659070738591254,True,tie_pass,False,False,False,False,False,False,10,10,,primary,global_gap_early_commit,1.0,1.0,1.0,6.0,4.62708283867687,True,tie_pass,False,False,False,False,False
SingleLineInfilling/HumanEval/39/L7,4,<=8,False,True,True,True,False,1,4,4.0,15.0,1.086734862526058,0.9926114061309295,0.9133887577910738,0.84375,4.0,4.0,1.0,1.0,0.5,11.0,True,0.09412345639512854,0.08661124220892624,28,4.0,2.0,2.0,4.0,3.0,-0.07407407407407407,0.0,0.7767857142857143,0.9259259259259259,3,14,23,1.0,1.0,1.0,1.0,1.0,0.0,0.0,1.0,1.0,1.0,1.0,1.0,1.0,0.5,global_gap_early_commit,False,4,4,,primary,global_gap_early_commit,1.0,1.0,1.0,14.0,4.187824954278767,True,tie_pass,False,False,False,False,False,False,4,4,,primary,global_gap_early_commit,1.0,1.0,1.0,14.0,3.9926437586545944,True,tie_pass,False,False,False,False,False,False,4,4,,primary,global_gap_early_commit,1.0,1.0,1.0,14.0,3.9576385766267776,True,tie_pass,False,False,False,False,False
SingleLineInfilling/HumanEval/39/L8,4,<=8,False,True,True,True,False,4,5,5.0,13.0,1.1013825725753201,0.6788641961574229,0.6163745578160558,0.58203125,5.0,5.0,1.0,1.0,0.6,8.0,True,0.42251837641789725,0.38362544218394423,28,5.0,3.0,3.0,5.0,4.0,-0.07407407407407407,0.0,0.7785714285714286,0.9259259259259259,3,12,19,1.0,1.0,1.0,1.0,1.0,0.0,0.0,1.0,1.0,1.0,1.0,1.0,1.0,0.6,global_gap_early_commit,False,5,5,,primary,global_gap_early_commit,1.0,1.0,1.0,12.0,4.169822377152741,True,tie_pass,False,False,False,False,False,False,5,5,,primary,global_gap_early_commit,1.0,1.0,1.0,12.0,3.904072024859488,True,tie_pass,False,False,False,False,False,False,5,5,,primary,global_gap_early_commit,1.0,1.0,1.0,12.0,3.883645742200315,True,tie_pass,False,False,False,False,False
SingleLineInfilling/HumanEval/39/L9,10,9-12,False,False,True,True,False,2,11,11.0,16.0,1.0780564362142653,0.6227890988007289,0.5776961927779342,0.5648535564853556,11.0,11.0,0.8515625,0.71875,0.36363636363636365,5.0,True,0.4552673374135364,0.42230380722206584,40,11.0,4.0,4.0,11.0,7.5,-0.1794871794871795,-0.3333333333333333,0.6795454545454546,0.8205128205128205,2,5,37,0.93359375,0.9453125,0.93359375,0.94921875,0.94140625,0.00030048076923076925,0.0,0.71875,0.71875,0.87109375,0.8515625,0.8515625,0.9296875,0.36363636363636365,global_gap_early_commit,False,11,11,,primary,global_gap_early_commit,0.8515625,0.9296875,0.94921875,5.0,4.750980877317488,True,tie_pass,False,False,False,False,False,False,11,11,,primary,global_gap_early_commit,0.8515625,0.9296875,0.94921875,5.0,4.459256346337497,True,tie_pass,False,False,False,False,False,False,11,11,,primary,global_gap_early_commit,0.8515625,0.9296875,0.94921875,5.0,4.461211257614195,True,tie_pass,False,False,False,False,False
SingleLineInfilling/HumanEval/4/L0,13,13-16,False,False,True,True,False,1,13,13.0,13.0,1.1527022928042148,1.1527022928042148,1.0,1.0,13.0,13.0,1.0,1.0,0.3076923076923077,0.0,False,0.0,0.0,42,13.0,4.0,4.0,13.0,9.0,-0.21951219512195122,-0.3333333333333333,0.6648351648351648,0.7804878048780488,2,4,41,0.98828125,1.0,0.98828125,1.0,0.99609375,0.0002858231707317073,0.0,1.0,0.984375,0.9921875,1.0,0.98828125,0.9921875,0.3076923076923077,global_gap_early_commit,False,13,13,,primary,global_gap_early_commit,1.0,0.9921875,1.0,4.0,4.355736848898232,True,tie_pass,False,False,False,False,False,False,13,13,,primary,global_gap_early_commit,1.0,0.9921875,1.0,4.0,3.0086386604234576,True,tie_pass,False,False,False,False,False,False,13,13,,primary,global_gap_early_commit,1.0,0.9921875,1.0,4.0,2.9767755661159754,True,tie_pass,False,False,False,False,False
SingleLineInfilling/HumanEval/4/L1,19,17-24,True,False,False,False,True,2,3,3.0,16.0,0.4798275172136417,0.23412256862323697,0.48793068388988337,0.4434782608695652,3.0,3.0,,,0.0,13.0,True,0.24570494859040473,0.5120693161101166,54,3.0,0.0,0.0,3.0,2.0,-0.05660377358490566,-0.3333333333333333,0.5864197530864198,0.9433962264150944,2,21,53,0.44921875,0.7421875,0.44921875,0.7421875,0.51171875,0.005527712264150943,0.0,0.13671875,0.1337890625,0.13671875,0.234375,0.234375,0.26953125,0.0,no_remaining_masks,True,32,3,32,rescue,no_remaining_masks,0.234375,0.26953125,0.7421875,21.0,9.506815858185291,False,tie_fail,False,False,False,True,False,True,24,3,24,rescue,no_remaining_masks,0.234375,0.26953125,0.7421875,21.0,6.648403195664287,False,tie_fail,False,False,False,True,False,True,24,3,24,rescue,no_remaining_masks,0.234375,0.26953125,0.7421875,21.0,6.597015202045441,False,tie_fail,False,False,False,True,False
SingleLineInfilling/HumanEval/40/L0,9,9-12,False,False,True,True,False,3,13,9.0,13.0,1.1409183116147532,1.0479111752765589,0.9184804596513484,0.8984375,9.0,13.0,0.890625,0.78125,0.3076923076923077,0.0,False,0.09300713633819435,0.08151954034865161,42,13.0,4.0,4.0,13.0,9.0,-0.21951219512195122,-0.3333333333333333,0.6648351648351648,0.7804878048780488,2,4,41,0.8984375,0.96484375,0.8984375,0.96484375,0.9609375,0.0016196646341463414,0.0,0.82421875,0.82421875,0.8828125,0.91015625,0.8984375,0.93359375,0.3076923076923077,global_gap_early_commit,False,13,13,,primary,global_gap_early_commit,0.91015625,0.93359375,0.96484375,4.0,5.275469049811363,True,tie_pass,False,False,False,False,False,False,13,13,,primary,global_gap_early_commit,0.91015625,0.93359375,0.96484375,4.0,4.746628649532795,True,tie_pass,False,False,False,False,False,False,13,13,,primary,global_gap_early_commit,0.91015625,0.93359375,0.96484375,4.0,4.754258016124368,True,tie_pass,False,False,False,False,False
SingleLineInfilling/HumanEval/40/L1,14,13-16,False,False,True,True,False,4,14,14.0,14.0,1.1715684888422606,1.1715684888422606,1.0,1.0,14.0,14.0,1.0,1.0,0.35714285714285715,0.0,False,0.0,0.0,40,14.0,5.0,5.0,14.0,9.5,-0.23076923076923078,-0.3333333333333333,0.6785714285714286,0.7692307692307693,2,4,38,1.0,1.0,1.0,1.0,1.0,0.0,0.0,1.0,1.0,1.0,1.0,1.0,1.0,0.35714285714285715,global_gap_early_commit,False,14,14,,primary,global_gap_early_commit,1.0,1.0,1.0,4.0,4.39354651607573,True,tie_pass,False,False,False,False,False,False,14,14,,primary,global_gap_early_commit,1.0,1.0,1.0,4.0,4.28274405002594,True,tie_pass,False,False,False,False,False,False,14,14,,primary,global_gap_early_commit,1.0,1.0,1.0,4.0,4.291673284024,True,tie_pass,False,False,False,False,False
SingleLineInfilling/HumanEval/40/L2,14,13-16,False,False,True,True,False,3,14,14.0,14.0,1.1715684888422606,1.1715684888422606,1.0,1.0,14.0,14.0,1.0,1.0,0.35714285714285715,0.0,False,0.0,0.0,40,14.0,5.0,5.0,14.0,9.5,-0.23076923076923078,-0.3333333333333333,0.6785714285714286,0.7692307692307693,2,4,38,1.0,0.99609375,0.99609375,1.0,1.0,-0.00010016025641025641,0.0,1.0,1.0,1.0,1.0,1.0,1.0,0.35714285714285715,global_gap_early_commit,False,14,14,,primary,global_gap_early_commit,1.0,1.0,1.0,4.0,4.37102579139173,True,tie_pass,False,False,False,False,False,False,14,14,,primary,global_gap_early_commit,1.0,1.0,1.0,4.0,4.308956841938198,True,tie_pass,False,False,False,False,False,False,14,14,,primary,global_gap_early_commit,1.0,1.0,1.0,4.0,4.268362431786954,True,tie_pass,False,False,False,False,False
SingleLineInfilling/HumanEval/40/L3,18,17-24,True,False,False,False,True,1,14,14.0,14.0,1.080039700651459,1.080039700651459,1.0,1.0,14.0,14.0,0.96484375,0.9375,0.07142857142857142,0.0,False,0.0,0.0,58,14.0,1.0,1.0,14.0,7.5,-0.22807017543859648,-0.3333333333333333,0.5394088669950738,0.7719298245614035,2,4,57,0.921875,0.9453125,0.85546875,0.9453125,0.89453125,0.00041118421052631577,0.0,0.2890625,0.2890625,0.609375,0.625,0.625,0.77734375,0.07142857142857142,global_gap_early_commit,False,14,14,,primary,global_gap_early_commit,0.625,0.77734375,0.9453125,4.0,5.988650908693671,False,tie_fail,False,False,True,False,False,False,14,14,,primary,global_gap_early_commit,0.625,0.77734375,0.9453125,4.0,7.38847865909338,False,tie_fail,False,False,True,False,False,False,14,14,,primary,global_gap_early_commit,0.625,0.77734375,0.9453125,4.0,5.373954084701836,False,tie_fail,False,False,True,False,False
SingleLineInfilling/HumanEval/40/L4,4,<=8,False,True,True,True,False,4,7,5.0,15.0,1.0927780212270755,0.44575604812361186,0.4079108835141783,0.37890625,5.0,7.0,0.8671875,0.8046875,0.5714285714285714,8.0,True,0.6470219731034637,0.5920891164858217,28,7.0,4.0,4.0,7.0,5.0,-0.1111111111111111,0.0,0.7704081632653061,0.8888888888888888,3,8,22,0.92578125,0.92578125,0.91796875,0.92578125,0.92578125,0.0,0.0,0.8046875,0.8046875,0.869140625,0.8671875,0.8671875,0.900390625,0.5714285714285714,global_gap_early_commit,False,7,7,,primary,global_gap_early_commit,0.8671875,0.900390625,0.92578125,8.0,5.7313302820548415,True,tie_pass,False,False,False,False,False,False,7,7,,primary,global_gap_early_commit,0.8671875,0.900390625,0.92578125,8.0,6.149444181472063,True,tie_pass,False,False,False,False,False,False,7,7,,primary,global_gap_early_commit,0.8671875,0.900390625,0.92578125,8.0,3.7698946557939053,True,tie_pass,False,False,False,False,False
SingleLineInfilling/HumanEval/40/L5,4,<=8,False,True,True,True,False,2,3,3.0,14.0,1.0013791663589044,0.43933818331584773,0.4387330973873931,0.4,3.0,3.0,1.0,1.0,0.3333333333333333,11.0,True,0.5620409830430567,0.5612669026126069,33,3.0,1.0,1.0,3.0,2.0,-0.0625,-0.3333333333333333,0.7575757575757576,0.9375,2,21,32,0.9375,0.99609375,0.9375,0.99609375,0.99609375,0.0018310546875,0.0,0.9921875,0.91015625,0.9921875,0.9921875,0.9375,0.9921875,0.3333333333333333,global_gap_early_commit,False,3,3,,primary,global_gap_early_commit,0.9921875,0.9921875,0.99609375,21.0,6.211792277172208,True,tie_pass,False,False,False,False,False,False,3,3,,primary,global_gap_early_commit,0.9921875,0.9921875,0.99609375,21.0,6.596774768084288,True,tie_pass,False,False,False,False,False,False,3,3,,primary,global_gap_early_commit,0.9921875,0.9921875,0.99609375,21.0,3.992147848010063,True,tie_pass,False,False,False,False,False
SingleLineInfilling/HumanEval/41/L0,6,<=8,False,True,False,False,False,0,3,3.0,13.0,0.45896545124783117,0.2073041672829714,0.4516770635335507,0.41363636363636364,3.0,3.0,,,0.0,10.0,True,0.25166128396485976,0.5483229364664493,54,3.0,0.0,0.0,3.0,2.0,-0.05660377358490566,-0.3333333333333333,0.5864197530864198,0.9433962264150944,2,21,53,0.4296875,0.67578125,0.4296875,0.67578125,0.44921875,0.004643278301886792,0.0,0.00244140625,0.00244140625,0.0888671875,0.0400390625,0.0400390625,0.1767578125,0.0,no_remaining_masks,True,32,3,32,rescue,no_remaining_masks,0.0400390625,0.1767578125,0.67578125,21.0,8.803830787539482,False,tie_fail,False,False,False,False,False,True,24,3,24,rescue,no_remaining_masks,0.0400390625,0.1767578125,0.67578125,21.0,10.653688960708678,False,tie_fail,False,False,False,False,False,True,24,3,24,rescue,no_remaining_masks,0.0400390625,0.1767578125,0.67578125,21.0,6.306748527102172,False,tie_fail,False,False,False,False,False
SingleLineInfilling/HumanEval/42/L0,14,13-16,False,False,False,False,False,2,3,3.0,15.0,0.5549309546905595,0.22402687985593894,0.4037022587447131,0.36654135338345867,3.0,3.0,,,0.0,12.0,True,0.3309040748346206,0.5962977412552869,54,3.0,0.0,0.0,3.0,2.0,-0.05660377358490566,-0.3333333333333333,0.5864197530864198,0.9433962264150944,2,21,53,0.51953125,0.73046875,0.439453125,0.73046875,0.51953125,0.003979952830188679,0.0,0.08056640625,0.05859375,0.08056640625,0.205078125,0.16015625,0.205078125,0.0,no_remaining_masks,True,32,3,32,rescue,no_remaining_masks,0.205078125,0.205078125,0.73046875,21.0,4.920002373866737,False,tie_fail,False,False,False,False,False,True,24,3,24,rescue,no_remaining_masks,0.205078125,0.205078125,0.73046875,21.0,9.21315943915397,False,tie_fail,False,False,False,False,False,True,24,3,24,rescue,no_remaining_masks,0.205078125,0.205078125,0.73046875,21.0,4.949869008734822,False,tie_fail,False,False,False,False,False
SingleLineInfilling/HumanEval/43/L0,11,9-12,False,False,True,True,False,0,11,11.0,16.0,1.1502275783876053,0.6966011401400745,0.6056202730911507,0.592156862745098,11.0,11.0,1.0,1.0,0.36363636363636365,5.0,True,0.4536264382475308,0.39437972690884926,40,11.0,4.0,4.0,11.0,7.5,-0.1794871794871795,-0.3333333333333333,0.6795454545454546,0.8205128205128205,2,5,37,0.99609375,0.98828125,0.98828125,1.0,1.0,-0.00020032051282051281,0.0,1.0,0.99609375,1.0,1.0,0.99609375,1.0,0.36363636363636365,global_gap_early_commit,False,11,11,,primary,global_gap_early_commit,1.0,1.0,1.0,5.0,4.402392934076488,True,tie_pass,False,False,False,False,False,False,11,11,,primary,global_gap_early_commit,1.0,1.0,1.0,5.0,7.935372892767191,True,tie_pass,False,False,False,False,False,False,11,11,,primary,global_gap_early_commit,1.0,1.0,1.0,5.0,4.337691065855324,True,tie_pass,False,False,False,False,False
SingleLineInfilling/HumanEval/43/L1,14,13-16,False,False,True,True,False,3,14,14.0,14.0,1.13953341297548,1.13953341297548,1.0,1.0,14.0,14.0,1.0,1.0,0.35714285714285715,0.0,False,0.0,0.0,40,14.0,5.0,5.0,14.0,9.5,-0.23076923076923078,-0.3333333333333333,0.6785714285714286,0.7692307692307693,2,4,38,0.97265625,1.0,0.97265625,1.0,0.984375,0.0007011217948717949,0.001953125,1.0,0.95703125,0.96484375,1.0,0.96875,0.9765625,0.35714285714285715,global_gap_early_commit,False,14,14,,primary,global_gap_early_commit,1.0,0.9765625,1.0,4.0,4.488119165413082,True,tie_pass,False,False,False,False,False,False,14,14,,primary,global_gap_early_commit,1.0,0.9765625,1.0,4.0,7.705691572278738,True,tie_pass,False,False,False,False,False,False,14,14,,primary,global_gap_early_commit,1.0,0.9765625,1.0,4.0,4.219163143076003,True,tie_pass,False,False,False,False,False
SingleLineInfilling/HumanEval/43/L2,13,13-16,False,False,True,True,False,2,14,14.0,14.0,1.1120747765182395,1.1120747765182395,1.0,1.0,14.0,14.0,0.98828125,0.97265625,0.35714285714285715,0.0,False,0.0,0.0,40,14.0,5.0,5.0,14.0,9.5,-0.23076923076923078,-0.3333333333333333,0.6785714285714286,0.7692307692307693,2,4,38,0.94921875,0.99609375,0.9375,0.99609375,0.9609375,0.001201923076923077,0.0,0.97265625,0.890625,0.921875,0.98828125,0.9296875,0.94921875,0.35714285714285715,global_gap_early_commit,False,14,14,,primary,global_gap_early_commit,0.98828125,0.94921875,0.99609375,4.0,6.159268861636519,True,tie_pass,False,False,False,False,False,False,14,14,,primary,global_gap_early_commit,0.98828125,0.94921875,0.99609375,4.0,7.922893139533699,True,tie_pass,False,False,False,False,False,False,14,14,,primary,global_gap_early_commit,0.98828125,0.94921875,0.99609375,4.0,4.190051916986704,True,tie_pass,False,False,False,False,False
SingleLineInfilling/HumanEval/43/L3,4,<=8,False,True,True,True,False,1,7,4.0,13.0,1.086734862526058,0.6059660274425318,0.557602455150832,0.51953125,4.0,7.0,0.90234375,0.8515625,0.5714285714285714,6.0,True,0.4807688350835262,0.44239754484916805,28,7.0,4.0,4.0,7.0,5.0,-0.1111111111111111,0.0,0.7704081632653061,0.8888888888888888,3,8,22,0.9296875,0.9453125,0.92578125,0.9453125,0.9296875,0.0005787037037037037,0.0,0.8515625,0.8515625,0.875,0.90234375,0.8984375,0.91015625,0.5714285714285714,global_gap_early_commit,False,7,7,,primary,global_gap_early_commit,0.90234375,0.91015625,0.9453125,8.0,3.521953284740448,True,tie_pass,False,False,False,False,False,False,7,7,,primary,global_gap_early_commit,0.90234375,0.91015625,0.9453125,8.0,6.448566502891481,True,tie_pass,False,False,False,False,False,False,7,7,,primary,global_gap_early_commit,0.90234375,0.91015625,0.9453125,8.0,3.5227584149688482,True,tie_pass,False,False,False,False,False
SingleLineInfilling/HumanEval/43/L4,4,<=8,False,True,True,True,False,0,3,3.0,13.0,0.9554826212341213,0.4533354866957287,0.4744570718724231,0.4344978165938865,3.0,3.0,1.0,1.0,0.3333333333333333,10.0,True,0.5021471345383925,0.525542928127577,33,3.0,1.0,1.0,3.0,2.0,-0.0625,-0.3333333333333333,0.7575757575757576,0.9375,2,21,32,0.89453125,0.9921875,0.89453125,0.9921875,0.9921875,0.0030517578125,0.0,0.984375,0.86328125,0.984375,0.98828125,0.89453125,0.98828125,0.3333333333333333,global_gap_early_commit,False,3,3,,primary,global_gap_early_commit,0.98828125,0.98828125,0.9921875,21.0,4.277300632558763,True,tie_pass,False,False,False,False,False,False,3,3,,primary,global_gap_early_commit,0.98828125,0.98828125,0.9921875,21.0,7.7980519672855735,True,tie_pass,False,False,False,False,False,False,3,3,,primary,global_gap_early_commit,0.98828125,0.98828125,0.9921875,21.0,4.0891454834491014,True,tie_pass,False,False,False,False,False
SingleLineInfilling/HumanEval/44/L0,5,<=8,False,True,True,True,False,3,4,4.0,20.0,1.014568875561437,0.7013149444899826,0.6912442924112889,0.6276150627615062,4.0,4.0,0.83984375,0.765625,0.5,16.0,True,0.3132539310714545,0.30875570758871107,28,4.0,2.0,2.0,4.0,3.0,-0.07407407407407407,0.0,0.7767857142857143,0.9259259259259259,3,14,23,0.93359375,0.921875,0.921875,0.9453125,0.9453125,-0.00043402777777777775,0.0,0.765625,0.765625,0.88671875,0.83984375,0.83984375,0.92578125,0.5,global_gap_early_commit,False,4,4,,primary,global_gap_early_commit,0.83984375,0.92578125,0.9453125,14.0,3.9650851832702756,True,tie_pass,False,False,False,False,False,False,4,4,,primary,global_gap_early_commit,0.83984375,0.92578125,0.9453125,14.0,5.08009032998234,True,tie_pass,False,False,False,False,False,False,4,4,,primary,global_gap_early_commit,0.83984375,0.92578125,0.9453125,14.0,2.7902751117944717,True,tie_pass,False,False,False,False,False
SingleLineInfilling/HumanEval/44/L1,8,<=8,False,True,True,True,False,3,8,5.0,13.0,1.0927780212270755,0.646971247344658,0.5920426973981202,0.5590551181102362,5.0,8.0,0.9296875,0.8671875,0.5,5.0,True,0.4458067738824174,0.4079573026018798,28,8.0,4.0,4.0,8.0,6.0,-0.14814814814814814,-0.3333333333333333,0.7767857142857143,0.8518518518518519,2,8,27,0.9609375,0.96875,0.9609375,0.96875,0.96484375,0.00028935185185185184,0.0,0.8984375,0.8984375,0.90625,0.94921875,0.94921875,0.953125,0.5,global_gap_early_commit,False,8,8,,primary,global_gap_early_commit,0.94921875,0.953125,0.96875,8.0,3.749120384454727,True,tie_pass,False,False,False,False,False,False,8,8,,primary,global_gap_early_commit,0.94921875,0.953125,0.96875,8.0,4.821548333391547,True,tie_pass,False,False,False,False,False,False,8,8,,primary,global_gap_early_commit,0.94921875,0.953125,0.96875,8.0,2.5978773524984717,True,tie_pass,False,False,False,False,False
SingleLineInfilling/HumanEval/44/L2,11,9-12,False,False,True,True,False,2,11,11.0,13.0,1.1141420073009352,0.6378589762552966,0.5725113783300766,0.5668016194331984,11.0,11.0,0.984375,0.96875,0.36363636363636365,2.0,True,0.4762830310456385,0.4274886216699234,40,11.0,4.0,4.0,11.0,7.5,-0.1794871794871795,-0.3333333333333333,0.6795454545454546,0.8205128205128205,2,5,37,0.96484375,0.99609375,0.9453125,0.99609375,0.96484375,0.0008012820512820513,0.0,0.96875,0.8828125,0.9453125,0.984375,0.92578125,0.96484375,0.36363636363636365,global_gap_early_commit,False,11,11,,primary,global_gap_early_commit,0.984375,0.96484375,0.99609375,5.0,3.5260011982172728,True,tie_pass,False,False,False,False,False,False,11,11,,primary,global_gap_early_commit,0.984375,0.96484375,0.99609375,5.0,6.118560555391014,True,tie_pass,False,False,False,False,False,False,11,11,,primary,global_gap_early_commit,0.984375,0.96484375,0.99609375,5.0,3.2915034778416157,True,tie_pass,False,False,False,False,False
SingleLineInfilling/HumanEval/44/L3,6,<=8,False,True,True,True,False,0,6,6.0,13.0,1.1047978650641286,0.6743080606127422,0.6103451879621451,0.5803921568627451,6.0,6.0,0.96875,0.94921875,0.5,7.0,True,0.4304898044513864,0.3896548120378549,28,6.0,3.0,3.0,6.0,5.0,-0.1111111111111111,-0.3333333333333333,0.7738095238095238,0.8888888888888888,2,10,26,0.9921875,0.984375,0.984375,0.9921875,0.9921875,-0.00028935185185185184,0.0,0.94921875,0.94921875,0.98828125,0.96875,0.96875,0.9921875,0.5,global_gap_early_commit,False,6,6,,primary,global_gap_early_commit,0.96875,0.9921875,0.9921875,10.0,2.64504140522331,True,tie_pass,False,False,False,False,False,False,6,6,,primary,global_gap_early_commit,0.96875,0.9921875,0.9921875,10.0,8.15351948980242,True,tie_pass,False,False,False,False,False,False,6,6,,primary,global_gap_early_commit,0.96875,0.9921875,0.9921875,10.0,2.6438421914353967,True,tie_pass,False,False,False,False,False
SingleLineInfilling/HumanEval/44/L4,4,<=8,False,True,True,True,False,3,3,3.0,14.0,0.9262757288819865,0.45764394095400807,0.49406880336418146,0.45045045045045046,3.0,3.0,0.97265625,0.95703125,0.3333333333333333,11.0,True,0.46863178792797844,0.5059311966358185,33,3.0,1.0,1.0,3.0,2.0,-0.0625,-0.3333333333333333,0.7575757575757576,0.9375,2,21,32,0.8671875,0.91015625,0.8671875,0.91015625,0.91015625,0.0013427734375,0.0,0.8203125,0.80859375,0.8203125,0.8671875,0.8671875,0.8671875,0.3333333333333333,global_gap_early_commit,False,3,3,,primary,global_gap_early_commit,0.8671875,0.8671875,0.91015625,21.0,3.5003336472436786,True,tie_pass,False,False,False,False,False,False,3,3,,primary,global_gap_early_commit,0.8671875,0.8671875,0.91015625,21.0,9.22230349574238,True,tie_pass,False,False,False,False,False,False,3,3,,primary,global_gap_early_commit,0.8671875,0.8671875,0.91015625,21.0,2.9084215061739087,True,tie_pass,False,False,False,False,False
SingleLineInfilling/HumanEval/45/L0,11,9-12,False,False,False,False,False,4,3,3.0,13.0,0.5924826734290184,0.29387074263190455,0.4959988803235633,0.45422535211267606,3.0,3.0,,,0.0,10.0,True,0.29861193079711384,0.5040011196764367,54,3.0,0.0,0.0,3.0,2.0,-0.05660377358490566,-0.3333333333333333,0.5864197530864198,0.9433962264150944,2,21,53,0.5546875,0.80078125,0.5546875,0.80078125,0.5703125,0.004643278301886792,0.0,0.126953125,0.126953125,0.2373046875,0.40234375,0.35546875,0.40234375,0.0,no_remaining_masks,True,32,3,32,rescue,no_remaining_masks,0.40234375,0.40234375,0.80078125,21.0,6.666877022013068,False,tie_fail,False,False,False,False,False,True,24,3,24,rescue,no_remaining_masks,0.40234375,0.40234375,0.80078125,21.0,16.797266075387597,False,tie_fail,False,False,False,False,False,True,24,3,24,rescue,no_remaining_masks,0.40234375,0.40234375,0.80078125,21.0,4.639977824874222,False,tie_fail,False,False,False,False,False
SingleLineInfilling/HumanEval/46/L0,16,13-16,False,False,True,True,False,2,16,16.0,16.0,1.1486998933435666,1.1486998933435666,1.0,1.0,16.0,16.0,0.9921875,0.98046875,0.375,0.0,False,0.0,0.0,40,16.0,6.0,6.0,16.0,11.0,-0.2564102564102564,-0.3333333333333333,0.6796875,0.7435897435897436,2,4,37,0.97265625,0.99609375,0.97265625,0.99609375,0.9921875,0.0006009615384615385,0.0,0.98046875,0.95703125,0.98046875,0.9921875,0.97265625,0.98828125,0.375,global_gap_early_commit,False,16,16,,primary,global_gap_early_commit,0.9921875,0.98828125,0.99609375,4.0,4.821433742530644,True,tie_pass,False,False,False,False,False,False,16,16,,primary,global_gap_early_commit,0.9921875,0.98828125,0.99609375,4.0,12.705377627164125,True,tie_pass,False,False,False,False,False,False,16,16,,primary,global_gap_early_commit,0.9921875,0.98828125,0.99609375,4.0,4.760491130873561,True,tie_pass,False,False,False,False,False
SingleLineInfilling/HumanEval/46/L1,8,<=8,False,True,True,True,False,2,9,9.0,14.0,1.0205870834366346,0.9061350030889359,0.8878566246769429,0.853448275862069,9.0,9.0,0.875,0.75,0.3333333333333333,5.0,True,0.11445208034769871,0.11214337532305707,40,9.0,3.0,3.0,9.0,6.0,-0.15384615384615385,-0.3333333333333333,0.6777777777777778,0.8461538461538461,2,7,39,0.89453125,0.9375,0.89453125,0.94140625,0.9375,0.0011017628205128205,0.0,0.74609375,0.74609375,0.80078125,0.859375,0.859375,0.890625,0.3333333333333333,global_gap_early_commit,False,9,9,,primary,global_gap_early_commit,0.859375,0.890625,0.94140625,7.0,6.850578718818724,True,tie_pass,False,False,False,False,False,False,9,9,,primary,global_gap_early_commit,0.859375,0.890625,0.94140625,7.0,7.480468507856131,True,tie_pass,False,False,False,False,False,False,9,9,,primary,global_gap_early_commit,0.859375,0.890625,0.94140625,7.0,4.875278319232166,True,tie_pass,False,False,False,False,False
SingleLineInfilling/HumanEval/46/L2,6,<=8,False,True,True,True,False,3,6,6.0,20.0,1.043903494548783,0.3646837711347909,0.34934624995428515,0.32231404958677684,6.0,6.0,0.97265625,0.953125,0.5,14.0,True,0.6792197234139922,0.6506537500457148,28,6.0,3.0,3.0,6.0,5.0,-0.1111111111111111,-0.3333333333333333,0.7738095238095238,0.8888888888888888,2,10,26,0.9375,0.984375,0.9375,0.984375,0.953125,0.001736111111111111,0.001953125,0.953125,0.91015625,0.921875,0.97265625,0.9375,0.9453125,0.5,global_gap_early_commit,False,6,6,,primary,global_gap_early_commit,0.97265625,0.9453125,0.984375,10.0,6.522596067748964,True,tie_pass,False,False,False,False,False,False,6,6,,primary,global_gap_early_commit,0.97265625,0.9453125,0.984375,10.0,6.157594817690551,True,tie_pass,False,False,False,False,False,False,6,6,,primary,global_gap_early_commit,0.97265625,0.9453125,0.984375,10.0,4.224320595152676,True,tie_pass,False,False,False,False,False
SingleLineInfilling/HumanEval/46/L4,14,13-16,False,False,False,False,False,4,4,4.0,14.0,1.0824898044693156,0.8603706089935351,0.7948071246872638,0.7372549019607844,4.0,4.0,0.9921875,0.984375,0.5,10.0,True,0.22211919547578052,0.20519287531273622,28,4.0,2.0,2.0,4.0,3.0,-0.07407407407407407,0.0,0.7767857142857143,0.9259259259259259,3,14,23,0.99609375,0.99609375,0.99609375,0.99609375,0.99609375,0.0,0.0,0.984375,0.984375,0.9921875,0.9921875,0.9921875,0.99609375,0.5,global_gap_early_commit,False,4,4,,primary,global_gap_early_commit,0.9921875,0.99609375,0.99609375,14.0,5.936829493381083,False,tie_fail,False,False,False,False,False,False,4,4,,primary,global_gap_early_commit,0.9921875,0.99609375,0.99609375,14.0,5.735495066270232,False,tie_fail,False,False,False,False,False,False,4,4,,primary,global_gap_early_commit,0.9921875,0.99609375,0.99609375,14.0,3.8570264745503664,False,tie_fail,False,False,False,False,False
SingleLineInfilling/HumanEval/46/L5,23,17-24,True,False,True,True,False,4,7,7.0,24.0,0.9877531769635269,0.6617603537060504,0.6699653001779068,0.6222222222222222,7.0,7.0,0.921875,0.859375,0.5714285714285714,17.0,True,0.3259928232574766,0.3300346998220932,28,7.0,4.0,4.0,7.0,5.0,-0.1111111111111111,0.0,0.7704081632653061,0.8888888888888888,3,8,22,0.87890625,0.95703125,0.87890625,0.95703125,0.90625,0.0028935185185185184,0.0,0.859375,0.7421875,0.79296875,0.921875,0.859375,0.88671875,0.5714285714285714,global_gap_early_commit,False,7,7,,primary,global_gap_early_commit,0.921875,0.88671875,0.95703125,8.0,3.7227384904399514,True,tie_pass,False,False,False,False,False,False,7,7,,primary,global_gap_early_commit,0.921875,0.88671875,0.95703125,8.0,5.538874925114214,True,tie_pass,False,False,False,False,False,False,7,7,,primary,global_gap_early_commit,0.921875,0.88671875,0.95703125,8.0,3.6598697574809194,True,tie_pass,False,False,False,False,False
SingleLineInfilling/HumanEval/46/L6,7,<=8,False,True,True,True,False,4,4,4.0,24.0,0.7259049277029528,0.27061271606908127,0.37279360663028666,0.3347953216374269,4.0,4.0,1.0,1.0,0.5,20.0,True,0.4552922116338715,0.6272063933697134,28,4.0,2.0,2.0,4.0,3.0,-0.07407407407407407,0.0,0.7767857142857143,0.9259259259259259,3,14,23,0.66796875,1.0,0.66796875,1.0,0.73828125,0.012297453703703705,0.0,1.0,0.3671875,0.3671875,1.0,0.65234375,0.65234375,0.5,global_gap_early_commit,False,4,4,,primary,global_gap_early_commit,1.0,0.65234375,1.0,14.0,4.136847441084683,True,tie_pass,False,False,False,False,False,False,4,4,,primary,global_gap_early_commit,1.0,0.65234375,1.0,14.0,5.9045005878433585,True,tie_pass,False,False,False,False,False,False,4,4,,primary,global_gap_early_commit,1.0,0.65234375,1.0,14.0,4.00836531445384,True,tie_pass,False,False,False,False,False
SingleLineInfilling/HumanEval/46/L8,7,<=8,False,True,False,False,False,0,3,3.0,13.0,1.0389308850973633,0.5922976208084898,0.5701030061811886,0.5220883534136547,3.0,3.0,0.9921875,0.98828125,0.3333333333333333,10.0,True,0.4466332642888735,0.4298969938188114,33,3.0,1.0,1.0,3.0,2.0,-0.0625,-0.3333333333333333,0.7575757575757576,0.9375,2,21,32,0.97265625,0.9765625,0.97265625,0.9765625,0.9765625,0.0001220703125,0.0,0.95703125,0.95703125,0.95703125,0.9609375,0.9609375,0.9609375,0.3333333333333333,global_gap_early_commit,False,3,3,,primary,global_gap_early_commit,0.9609375,0.9609375,0.9765625,21.0,4.466545411385596,False,tie_fail,False,False,False,False,False,False,3,3,,primary,global_gap_early_commit,0.9609375,0.9609375,0.9765625,21.0,6.417851665057242,False,tie_fail,False,False,False,False,False,False,3,3,,primary,global_gap_early_commit,0.9609375,0.9609375,0.9765625,21.0,4.3108680583536625,False,tie_fail,False,False,False,False,False
SingleLineInfilling/HumanEval/47/L0,7,<=8,False,True,True,True,False,4,6,5.0,13.0,1.088475745552953,0.43511094451700594,0.3997433533036298,0.3774703557312253,5.0,6.0,0.99609375,0.9921875,0.5,7.0,True,0.6533648010359471,0.6002566466963701,28,6.0,3.0,3.0,6.0,5.0,-0.1111111111111111,-0.3333333333333333,0.7738095238095238,0.8888888888888888,2,10,26,0.97265625,0.99609375,0.96875,0.99609375,0.97265625,0.0008680555555555555,0.01171875,0.9921875,0.9375,0.94140625,0.99609375,0.9609375,0.96484375,0.5,global_gap_early_commit,False,6,6,,primary,global_gap_early_commit,0.99609375,0.96484375,0.99609375,10.0,2.45466476213187,True,tie_pass,False,False,False,False,False,False,6,6,,primary,global_gap_early_commit,0.99609375,0.96484375,0.99609375,10.0,3.680739052593708,True,tie_pass,False,False,False,False,False,False,6,6,,primary,global_gap_early_commit,0.99609375,0.96484375,0.99609375,10.0,2.4492064733058214,True,tie_pass,False,False,False,False,False
SingleLineInfilling/HumanEval/47/L1,13,13-16,False,False,True,True,False,4,13,13.0,13.0,1.1025848018127271,1.1025848018127271,1.0,0.9565217391304348,13.0,13.0,0.875,0.75,0.3076923076923077,0.0,False,0.0,0.0,42,13.0,4.0,4.0,13.0,9.0,-0.21951219512195122,-0.3333333333333333,0.6648351648351648,0.7804878048780488,2,4,41,0.9453125,0.9609375,0.9375,0.9609375,0.953125,0.00038109756097560977,0.0,0.79296875,0.79296875,0.85546875,0.89453125,0.89453125,0.9296875,0.3076923076923077,global_gap_early_commit,False,13,13,,primary,global_gap_early_commit,0.89453125,0.9296875,0.9609375,4.0,3.385915650986135,True,tie_pass,False,False,False,False,False,False,13,13,,primary,global_gap_early_commit,0.89453125,0.9296875,0.9609375,4.0,4.568675518035889,True,tie_pass,False,False,False,False,False,False,13,13,,primary,global_gap_early_commit,0.89453125,0.9296875,0.9609375,4.0,3.033273241482675,True,tie_pass,False,False,False,False,False
SingleLineInfilling/HumanEval/47/L2,11,9-12,False,False,False,False,False,4,14,11.0,14.0,1.154738274773439,1.13953341297548,0.9868326337403667,0.97265625,11.0,14.0,0.98828125,0.98046875,0.35714285714285715,0.0,False,0.01520486179795899,0.013167366259633329,40,14.0,5.0,5.0,14.0,9.5,-0.23076923076923078,-0.3333333333333333,0.6785714285714286,0.7692307692307693,2,4,38,0.97265625,0.99609375,0.97265625,0.99609375,0.98046875,0.0006009615384615385,0.0,0.98046875,0.9296875,0.9609375,0.98828125,0.9609375,0.97265625,0.35714285714285715,global_gap_early_commit,False,14,14,,primary,global_gap_early_commit,0.98828125,0.97265625,0.99609375,4.0,4.190509690903127,False,tie_fail,False,False,False,False,False,False,14,14,,primary,global_gap_early_commit,0.98828125,0.97265625,0.99609375,4.0,4.30769869685173,False,tie_fail,False,False,False,False,False,False,14,14,,primary,global_gap_early_commit,0.98828125,0.97265625,0.99609375,4.0,2.725302684120834,False,tie_fail,False,False,False,False,False
SingleLineInfilling/HumanEval/47/L3,4,<=8,False,True,True,True,False,3,13,13.0,13.0,1.1390338861701725,1.1390338861701725,1.0,0.9765625,13.0,13.0,0.93359375,0.8671875,0.3076923076923077,0.0,False,0.0,0.0,42,13.0,4.0,4.0,13.0,9.0,-0.21951219512195122,-0.3333333333333333,0.6648351648351648,0.7804878048780488,2,4,41,0.9765625,0.98046875,0.9765625,0.98046875,0.98046875,9.527439024390244e-05,0.0,0.890625,0.890625,0.9375,0.9453125,0.9453125,0.96875,0.3076923076923077,global_gap_early_commit,False,13,13,,primary,global_gap_early_commit,0.9453125,0.96875,0.98046875,4.0,3.4471648214384913,True,tie_pass,False,False,False,False,False,False,13,13,,primary,global_gap_early_commit,0.9453125,0.96875,0.98046875,4.0,4.641844933852553,True,tie_pass,False,False,False,False,False,False,13,13,,primary,global_gap_early_commit,0.9453125,0.96875,0.98046875,4.0,2.9884123057127,True,tie_pass,False,False,False,False,False
SingleLineInfilling/HumanEval/47/L4,29,25+,True,False,False,False,True,2,9,9.0,20.0,0.9671065375796931,0.7807973048655139,0.8073539724171013,0.7292576419213974,9.0,9.0,0.9609375,0.921875,0.3333333333333333,11.0,True,0.1863092327141792,0.19264602758289873,40,9.0,3.0,3.0,9.0,6.0,-0.15384615384615385,-0.3333333333333333,0.6777777777777778,0.8461538461538461,2,7,39,0.84765625,0.984375,0.80078125,0.98828125,0.94921875,0.0035056089743589745,0.0,0.9453125,0.6484375,0.890625,0.97265625,0.7421875,0.921875,0.3333333333333333,global_gap_early_commit,False,9,9,,primary,global_gap_early_commit,0.97265625,0.921875,0.98828125,7.0,3.3466101502999663,False,tie_fail,False,False,True,False,False,False,9,9,,primary,global_gap_early_commit,0.97265625,0.921875,0.98828125,7.0,3.644067222252488,False,tie_fail,False,False,True,False,False,False,9,9,,primary,global_gap_early_commit,0.97265625,0.921875,0.98828125,7.0,2.384672375395894,False,tie_fail,False,False,True,False,False
SingleLineInfilling/HumanEval/48/L0,9,9-12,False,False,True,True,False,1,13,13.0,13.0,1.1435900217148534,1.1435900217148534,1.0,0.98046875,13.0,13.0,0.96875,0.93359375,0.3076923076923077,0.0,False,0.0,0.0,42,13.0,4.0,4.0,13.0,9.0,-0.21951219512195122,-0.3333333333333333,0.6648351648351648,0.7804878048780488,2,4,41,0.98046875,0.98828125,0.9765625,0.9921875,0.98828125,0.00019054878048780488,0.0,0.9453125,0.9453125,0.96484375,0.97265625,0.97265625,0.98046875,0.3076923076923077,global_gap_early_commit,False,13,13,,primary,global_gap_early_commit,0.97265625,0.98046875,0.9921875,4.0,3.9499331759288907,True,tie_pass,False,False,False,False,False,False,13,13,,primary,global_gap_early_commit,0.97265625,0.98046875,0.9921875,4.0,3.7952711014077067,True,tie_pass,False,False,False,False,False,False,13,13,,primary,global_gap_early_commit,0.97265625,0.98046875,0.9921875,4.0,2.4913207283243537,True,tie_pass,False,False,False,False,False
SingleLineInfilling/HumanEval/48/L1,17,17-24,True,False,False,False,True,2,6,6.0,13.0,1.0743506798064557,1.0205743620084746,0.9499452843389378,0.9068825910931174,6.0,6.0,0.765625,0.69921875,0.5,7.0,True,0.05377631779798109,0.05005471566106223,28,6.0,3.0,3.0,6.0,5.0,-0.1111111111111111,-0.3333333333333333,0.7738095238095238,0.8888888888888888,2,10,26,0.96484375,0.8828125,0.77734375,0.96484375,0.953125,-0.0030381944444444445,0.052734375,0.69921875,0.57421875,0.9296875,0.765625,0.66796875,0.94140625,0.5,global_gap_early_commit,False,6,6,,primary,global_gap_early_commit,0.765625,0.94140625,0.96484375,10.0,2.7805164651945233,False,tie_fail,False,False,True,False,False,False,6,6,,primary,global_gap_early_commit,0.765625,0.94140625,0.96484375,10.0,2.2327487375587225,False,tie_fail,False,False,True,False,False,False,6,6,,primary,global_gap_early_commit,0.765625,0.94140625,0.96484375,10.0,2.2305663423612714,False,tie_fail,False,False,True,False,False
SingleLineInfilling/HumanEval/48/L2,4,<=8,False,True,True,True,False,3,5,5.0,13.0,1.088475745552953,0.4373890122893463,0.40183625044134513,0.375,5.0,5.0,0.9921875,0.9921875,0.6,8.0,True,0.6510867332636068,0.5981637495586549,28,5.0,3.0,3.0,5.0,4.0,-0.07407407407407407,0.0,0.7785714285714286,0.9259259259259259,3,12,19,0.98828125,0.99609375,0.98828125,0.99609375,0.98828125,0.00028935185185185184,0.0,0.9921875,0.984375,0.984375,0.9921875,0.98828125,0.98828125,0.6,global_gap_early_commit,False,5,5,,primary,global_gap_early_commit,0.9921875,0.98828125,0.99609375,12.0,2.641169804148376,True,tie_pass,False,False,False,False,False,False,5,5,,primary,global_gap_early_commit,0.9921875,0.98828125,0.99609375,12.0,2.321791217662394,True,tie_pass,False,False,False,False,False,False,5,5,,primary,global_gap_early_commit,0.9921875,0.98828125,0.99609375,12.0,2.3600147999823093,True,tie_pass,False,False,False,False,False
SingleLineInfilling/HumanEval/48/L3,4,<=8,False,True,True,True,False,0,3,3.0,13.0,0.9972067531657423,0.4237206056553042,0.4249074771206239,0.3891213389121339,3.0,3.0,0.99609375,0.9921875,0.3333333333333333,10.0,True,0.573486147510438,0.5750925228793762,33,3.0,1.0,1.0,3.0,2.0,-0.0625,-0.3333333333333333,0.7575757575757576,0.9375,2,21,32,0.93359375,0.9921875,0.93359375,0.9921875,0.9921875,0.0018310546875,0.0,0.984375,0.89453125,0.984375,0.98828125,0.93359375,0.98828125,0.3333333333333333,global_gap_early_commit,False,3,3,,primary,global_gap_early_commit,0.98828125,0.98828125,0.9921875,21.0,3.4603225495666265,True,tie_pass,False,False,False,False,False,False,3,3,,primary,global_gap_early_commit,0.98828125,0.98828125,0.9921875,21.0,2.287456529214978,True,tie_pass,False,False,False,False,False,False,3,3,,primary,global_gap_early_commit,0.98828125,0.98828125,0.9921875,21.0,2.27294531930238,True,tie_pass,False,False,False,False,False
SingleLineInfilling/HumanEval/49/L0,6,<=8,False,True,True,True,False,1,6,6.0,20.0,1.1047978650641286,1.0753495815513066,0.9733450937551253,0.905511811023622,6.0,6.0,0.9765625,0.953125,0.5,14.0,True,0.029448283512822027,0.026654906244874654,28,6.0,3.0,3.0,6.0,5.0,-0.1111111111111111,-0.3333333333333333,0.7738095238095238,0.8888888888888888,2,10,26,0.9921875,0.98828125,0.98828125,0.9921875,0.9921875,-0.00014467592592592592,0.0,0.953125,0.953125,0.984375,0.9765625,0.9765625,0.9921875,0.5,global_gap_early_commit,False,6,6,,primary,global_gap_early_commit,0.9765625,0.9921875,0.9921875,10.0,3.9779362324625254,True,tie_pass,False,False,False,False,False,False,6,6,,primary,global_gap_early_commit,0.9765625,0.9921875,0.9921875,10.0,2.644246306270361,True,tie_pass,False,False,False,False,False,False,6,6,,primary,global_gap_early_commit,0.9765625,0.9921875,0.9921875,10.0,2.6218549013137817,True,tie_pass,False,False,False,False,False
SingleLineInfilling/HumanEval/49/L1,8,<=8,False,True,True,True,False,4,8,5.0,15.0,1.049755264485852,0.7260768618920688,0.6916629870369698,0.6475409836065574,5.0,8.0,0.875,0.76171875,0.5,7.0,True,0.32367840259378333,0.3083370129630302,28,8.0,4.0,4.0,8.0,6.0,-0.14814814814814814,-0.3333333333333333,0.7767857142857143,0.8518518518518519,2,8,27,0.921875,0.93359375,0.9140625,0.93359375,0.921875,0.00043402777777777775,0.0,0.796875,0.796875,0.8046875,0.890625,0.890625,0.89453125,0.5,global_gap_early_commit,False,8,8,,primary,global_gap_early_commit,0.890625,0.89453125,0.93359375,8.0,2.641198879107833,True,tie_pass,False,False,False,False,False,False,8,8,,primary,global_gap_early_commit,0.890625,0.89453125,0.93359375,8.0,2.3886724822223186,True,tie_pass,False,False,False,False,False,False,8,8,,primary,global_gap_early_commit,0.890625,0.89453125,0.93359375,8.0,2.3450662987306714,True,tie_pass,False,False,False,False,False
SingleLineInfilling/HumanEval/49/L2,11,9-12,False,False,True,True,False,3,12,12.0,13.0,1.0383562750329003,0.7563185004169947,0.7283805362403485,0.7033898305084746,12.0,12.0,0.99609375,0.9921875,0.3333333333333333,1.0,True,0.2820377746159056,0.2716194637596515,40,12.0,4.0,4.0,12.0,8.0,-0.20512820512820512,-0.3333333333333333,0.6791666666666667,0.7948717948717948,2,5,39,0.89453125,1.0,0.7578125,1.0,0.89453125,0.002704326923076923,0.0,0.9921875,0.470703125,0.82421875,0.99609375,0.6796875,0.88671875,0.3333333333333333,global_gap_early_commit,False,12,12,,primary,global_gap_early_commit,0.99609375,0.88671875,1.0,5.0,4.83025177847594,True,tie_pass,False,False,False,False,False,False,12,12,,primary,global_gap_early_commit,0.99609375,0.88671875,1.0,5.0,3.076888084411621,True,tie_pass,False,False,False,False,False,False,12,12,,primary,global_gap_early_commit,0.99609375,0.88671875,1.0,5.0,3.0363101111724973,True,tie_pass,False,False,False,False,False
SingleLineInfilling/HumanEval/49/L3,4,<=8,False,True,True,True,False,2,6,3.0,14.0,0.9721722740067696,0.5583256079638899,0.5743072734040984,0.5257510729613734,3.0,6.0,0.73828125,0.640625,0.5,8.0,True,0.4138466660428798,0.4256927265959016,28,6.0,3.0,3.0,6.0,5.0,-0.1111111111111111,-0.3333333333333333,0.7738095238095238,0.8888888888888888,2,10,26,0.8515625,0.8671875,0.8515625,0.8984375,0.859375,0.0005787037037037037,-0.015625,0.640625,0.640625,0.7890625,0.73828125,0.73828125,0.84375,0.5,global_gap_early_commit,False,6,6,,primary,global_gap_early_commit,0.73828125,0.84375,0.8984375,10.0,3.8420877512544394,True,tie_pass,False,False,False,False,False,False,6,6,,primary,global_gap_early_commit,0.73828125,0.84375,0.8984375,10.0,2.515161453746259,True,tie_pass,False,False,False,False,False,False,6,6,,primary,global_gap_early_commit,0.73828125,0.84375,0.8984375,10.0,2.437323370948434,True,tie_pass,False,False,False,False,False
SingleLineInfilling/HumanEval/5/L0,6,<=8,False,True,True,True,False,3,6,6.0,14.0,1.1134970608520351,0.6590072749737717,0.5918356663371045,0.5625,6.0,6.0,1.0,1.0,0.5,8.0,True,0.4544897858782635,0.4081643336628955,28,6.0,3.0,3.0,6.0,5.0,-0.1111111111111111,-0.3333333333333333,0.7738095238095238,0.8888888888888888,2,10,26,1.0,1.0,1.0,1.0,1.0,0.0,0.0,1.0,1.0,1.0,1.0,1.0,1.0,0.5,global_gap_early_commit,False,6,6,,primary,global_gap_early_commit,1.0,1.0,1.0,10.0,3.7105722222477198,True,tie_pass,False,False,False,False,False,False,6,6,,primary,global_gap_early_commit,1.0,1.0,1.0,10.0,2.5306308548897505,True,tie_pass,False,False,False,False,False,False,6,6,,primary,global_gap_early_commit,1.0,1.0,1.0,10.0,2.515873620286584,True,tie_pass,False,False,False,False,False
SingleLineInfilling/HumanEval/5/L1,4,<=8,False,True,True,True,False,3,4,4.0,20.0,1.057019456128861,0.9491128915431096,0.8979143061557833,0.8152610441767069,4.0,4.0,0.953125,0.91015625,0.5,16.0,True,0.10790656458575143,0.10208569384421673,28,4.0,2.0,2.0,4.0,3.0,-0.07407407407407407,0.0,0.7767857142857143,0.9259259259259259,3,14,23,0.97265625,0.9765625,0.97265625,0.9765625,0.9765625,0.00014467592592592592,0.0,0.91015625,0.91015625,0.94140625,0.953125,0.953125,0.96875,0.5,global_gap_early_commit,False,4,4,,primary,global_gap_early_commit,0.953125,0.96875,0.9765625,14.0,3.8249619137495756,True,tie_pass,False,False,False,False,False,False,4,4,,primary,global_gap_early_commit,0.953125,0.96875,0.9765625,14.0,2.6580043081194162,True,tie_pass,False,False,False,False,False,False,4,4,,primary,global_gap_early_commit,0.953125,0.96875,0.9765625,14.0,2.5803977036848664,True,tie_pass,False,False,False,False,False
SingleLineInfilling/HumanEval/5/L11,4,<=8,False,True,True,True,False,0,3,3.0,14.0,1.0472757114836875,0.5400198503257295,0.5156424849772151,0.4701195219123506,3.0,3.0,0.98828125,0.984375,0.3333333333333333,11.0,True,0.507255861157958,0.4843575150227849,33,3.0,1.0,1.0,3.0,2.0,-0.0625,-0.3333333333333333,0.7575757575757576,0.9375,2,21,32,0.98046875,0.98046875,0.98046875,0.98046875,0.98046875,0.0,0.0,0.9609375,0.9609375,0.9609375,0.96875,0.96875,0.96875,0.3333333333333333,global_gap_early_commit,False,3,3,,primary,global_gap_early_commit,0.96875,0.96875,0.98046875,21.0,3.6116979215294123,True,tie_pass,False,False,False,False,False,False,3,3,,primary,global_gap_early_commit,0.96875,0.96875,0.98046875,21.0,2.7659075362607837,True,tie_pass,False,False,False,False,False,False,3,3,,primary,global_gap_early_commit,0.96875,0.96875,0.98046875,21.0,2.714473203755915,True,tie_pass,False,False,False,False,False
SingleLineInfilling/HumanEval/5/L3,5,<=8,False,True,True,True,False,4,5,5.0,16.0,1.0970802969011977,0.8626782331536023,0.7863401025342582,0.73046875,5.0,5.0,0.9921875,0.984375,0.6,11.0,True,0.23440206374759542,0.21365989746574177,28,5.0,3.0,3.0,5.0,4.0,-0.07407407407407407,0.0,0.7785714285714286,0.9259259259259259,3,12,19,0.99609375,0.99609375,0.99609375,0.99609375,0.99609375,0.0,0.0,0.984375,0.984375,0.98828125,0.9921875,0.9921875,0.9921875,0.6,global_gap_early_commit,False,5,5,,primary,global_gap_early_commit,0.9921875,0.9921875,0.99609375,12.0,3.7151281107217073,True,tie_pass,False,False,False,False,False,False,5,5,,primary,global_gap_early_commit,0.9921875,0.9921875,0.99609375,12.0,2.581257120706141,True,tie_pass,False,False,False,False,False,False,5,5,,primary,global_gap_early_commit,0.9921875,0.9921875,0.99609375,12.0,2.5566518548876047,True,tie_pass,False,False,False,False,False
SingleLineInfilling/HumanEval/5/L5,9,9-12,False,False,True,True,False,4,9,9.0,20.0,1.132004887305263,1.07067414858804,0.9458211361054979,0.89453125,9.0,9.0,1.0,1.0,0.3333333333333333,11.0,True,0.061330738717223054,0.054178863894502105,40,9.0,3.0,3.0,9.0,6.0,-0.15384615384615385,-0.3333333333333333,0.6777777777777778,0.8461538461538461,2,7,39,0.9921875,1.0,0.9921875,1.0,1.0,0.00020032051282051281,0.0,1.0,0.9921875,1.0,1.0,0.9921875,1.0,0.3333333333333333,global_gap_early_commit,False,9,9,,primary,global_gap_early_commit,1.0,1.0,1.0,7.0,4.382429412566125,True,tie_pass,False,False,False,False,False,False,9,9,,primary,global_gap_early_commit,1.0,1.0,1.0,7.0,2.9810818592086434,True,tie_pass,False,False,False,False,False,False,9,9,,primary,global_gap_early_commit,1.0,1.0,1.0,7.0,2.9299857690930367,True,tie_pass,False,False,False,False,False
SingleLineInfilling/HumanEval/5/L6,6,<=8,False,True,True,True,False,3,6,6.0,13.0,1.1134970608520351,0.6105221629872125,0.548292568028916,0.5234375,6.0,6.0,1.0,1.0,0.5,7.0,True,0.5029748978648226,0.451707431971084,28,6.0,3.0,3.0,6.0,5.0,-0.1111111111111111,-0.3333333333333333,0.7738095238095238,0.8888888888888888,2,10,26,1.0,1.0,1.0,1.0,1.0,0.0,0.0,1.0,1.0,1.0,1.0,1.0,1.0,0.5,global_gap_early_commit,False,6,6,,primary,global_gap_early_commit,1.0,1.0,1.0,10.0,3.729228761047125,True,tie_pass,False,False,False,False,False,False,6,6,,primary,global_gap_early_commit,1.0,1.0,1.0,10.0,2.58517531119287,True,tie_pass,False,False,False,False,False,False,6,6,,primary,global_gap_early_commit,1.0,1.0,1.0,10.0,2.545363505370915,True,tie_pass,False,False,False,False,False
SingleLineInfilling/HumanEval/5/L7,8,<=8,False,True,True,True,False,0,8,8.0,16.0,1.1240332299419251,0.6873746349726563,0.6115251904146736,0.5843137254901961,8.0,8.0,1.0,1.0,0.5,8.0,True,0.43665859496926884,0.38847480958532643,28,8.0,4.0,4.0,8.0,6.0,-0.14814814814814814,-0.3333333333333333,0.7767857142857143,0.8518518518518519,2,8,27,0.9921875,1.0,0.9921875,1.0,1.0,0.00028935185185185184,0.0,1.0,0.984375,1.0,1.0,0.9921875,1.0,0.5,global_gap_early_commit,False,8,8,,primary,global_gap_early_commit,1.0,1.0,1.0,8.0,3.5624506855383515,True,tie_pass,False,False,False,False,False,False,8,8,,primary,global_gap_early_commit,1.0,1.0,1.0,8.0,2.4157487992197275,True,tie_pass,False,False,False,False,False,False,8,8,,primary,global_gap_early_commit,1.0,1.0,1.0,8.0,2.376318688504398,True,tie_pass,False,False,False,False,False
SingleLineInfilling/HumanEval/5/L9,9,9-12,False,False,True,True,False,1,9,9.0,16.0,1.136461599460008,0.5628168152125105,0.4952361043082617,0.47843137254901963,9.0,9.0,0.99609375,0.9921875,0.3333333333333333,7.0,True,0.5736447842474975,0.5047638956917383,40,9.0,3.0,3.0,9.0,6.0,-0.15384615384615385,-0.3333333333333333,0.6777777777777778,0.8461538461538461,2,7,39,0.99609375,1.0,0.99609375,1.0,1.0,0.00010016025641025641,0.0,0.99609375,0.99609375,0.99609375,0.99609375,0.99609375,1.0,0.3333333333333333,global_gap_early_commit,False,9,9,,primary,global_gap_early_commit,0.99609375,1.0,1.0,7.0,4.366082469932735,True,tie_pass,False,False,False,False,False,False,9,9,,primary,global_gap_early_commit,0.99609375,1.0,1.0,7.0,2.941428342834115,True,tie_pass,False,False,False,False,False,False,9,9,,primary,global_gap_early_commit,0.99609375,1.0,1.0,7.0,2.916862909682095,True,tie_pass,False,False,False,False,False
SingleLineInfilling/HumanEval/50/L0,35,25+,True,False,False,False,True,3,12,5.0,20.0,0.7141777619043091,0.6311834500409843,0.8837904002470955,0.8132530120481928,5.0,12.0,0.8984375,0.82421875,0.3333333333333333,8.0,True,0.08299431186332484,0.11620959975290446,40,12.0,4.0,4.0,12.0,8.0,-0.20512820512820512,-0.3333333333333333,0.6791666666666667,0.7948717948717948,2,5,39,0.5703125,0.92578125,0.546875,0.95703125,0.9453125,0.009114583333333334,0.0,0.78515625,0.431640625,0.859375,0.86328125,0.5078125,0.91015625,0.3333333333333333,global_gap_early_commit,False,12,12,,primary,global_gap_early_commit,0.86328125,0.91015625,0.95703125,5.0,3.836641057394445,False,tie_fail,False,False,True,False,False,False,12,12,,primary,global_gap_early_commit,0.86328125,0.91015625,0.95703125,5.0,2.336336546577513,False,tie_fail,False,False,True,False,False,False,12,12,,primary,global_gap_early_commit,0.86328125,0.91015625,0.95703125,5.0,2.3329558400437236,False,tie_fail,False,False,True,False,False
SingleLineInfilling/HumanEval/51/L0,34,25+,True,False,False,False,True,4,3,3.0,13.0,0.6258619789743153,0.2540045566159485,0.4058475592849084,0.37166666666666665,3.0,3.0,0.96875,0.96484375,0.3333333333333333,10.0,True,0.3718574223583668,0.5941524407150915,33,3.0,1.0,1.0,3.0,2.0,-0.0625,-0.3333333333333333,0.7575757575757576,0.9375,2,21,32,0.5859375,0.625,0.5859375,0.625,0.625,0.001220703125,0.0,0.37109375,0.37109375,0.37109375,0.44140625,0.44140625,0.44140625,0.3333333333333333,global_gap_early_commit,True,32,3,32,rescue,global_gap_early_commit,0.44140625,0.44140625,0.625,21.0,6.403649725019932,False,tie_fail,False,False,False,True,False,True,24,3,24,rescue,global_gap_early_commit,0.44140625,0.44140625,0.625,21.0,4.79614117462188,False,tie_fail,False,False,False,True,False,True,24,3,24,rescue,global_gap_early_commit,0.44140625,0.44140625,0.625,21.0,4.788589917123318,False,tie_fail,False,False,False,True,False
SingleLineInfilling/HumanEval/52/L0,7,<=8,False,True,True,True,False,3,7,7.0,13.0,1.1238436146785018,0.765430771506356,0.6810829918941372,0.65625,7.0,7.0,1.0,1.0,0.5714285714285714,6.0,True,0.35841284317214583,0.31891700810586276,28,7.0,4.0,4.0,7.0,5.0,-0.1111111111111111,0.0,0.7704081632653061,0.8888888888888888,3,8,22,1.0,1.0,1.0,1.0,1.0,0.0,0.0,1.0,1.0,1.0,1.0,1.0,1.0,0.5714285714285714,global_gap_early_commit,False,7,7,,primary,global_gap_early_commit,1.0,1.0,1.0,8.0,2.0800451189279556,True,tie_pass,False,False,False,False,False,False,7,7,,primary,global_gap_early_commit,1.0,1.0,1.0,8.0,2.0271771531552076,True,tie_pass,False,False,False,False,False,False,7,7,,primary,global_gap_early_commit,1.0,1.0,1.0,8.0,2.007211087271571,True,tie_pass,False,False,False,False,False
SingleLineInfilling/HumanEval/52/L1,7,<=8,False,True,False,False,False,1,6,6.0,14.0,1.0656514840185494,0.4988318956398688,0.46810040911197737,0.4448979591836735,6.0,6.0,0.94140625,0.9296875,0.5,8.0,True,0.5668195883786806,0.5318995908880226,28,6.0,3.0,3.0,6.0,5.0,-0.1111111111111111,-0.3333333333333333,0.7738095238095238,0.8888888888888888,2,10,26,0.95703125,0.97265625,0.95703125,0.97265625,0.9609375,0.0005787037037037037,0.005859375,0.9296875,0.9296875,0.9453125,0.94140625,0.94140625,0.95703125,0.5,global_gap_early_commit,False,6,6,,primary,global_gap_early_commit,0.94140625,0.95703125,0.97265625,10.0,2.099706911481917,False,tie_fail,False,False,False,False,False,False,6,6,,primary,global_gap_early_commit,0.94140625,0.95703125,0.97265625,10.0,2.0046387119218707,False,tie_fail,False,False,False,False,False,False,6,6,,primary,global_gap_early_commit,0.94140625,0.95703125,0.97265625,10.0,2.0239120768383145,False,tie_fail,False,False,False,False,False
SingleLineInfilling/HumanEval/52/L2,4,<=8,False,True,True,True,False,2,5,5.0,15.0,1.088475745552953,0.4641377408297402,0.4264107332901158,0.39453125,5.0,5.0,0.98828125,0.984375,0.6,10.0,True,0.6243380047232128,0.5735892667098842,28,5.0,3.0,3.0,5.0,4.0,-0.07407407407407407,0.0,0.7785714285714286,0.9259259259259259,3,12,19,0.98828125,0.9921875,0.98828125,0.9921875,0.98828125,0.00014467592592592592,0.0,0.984375,0.98046875,0.984375,0.98828125,0.984375,0.98828125,0.6,global_gap_early_commit,False,5,5,,primary,global_gap_early_commit,0.98828125,0.98828125,0.9921875,12.0,2.1122932359576225,True,tie_pass,False,False,False,False,False,False,5,5,,primary,global_gap_early_commit,0.98828125,0.98828125,0.9921875,12.0,2.0017043286934495,True,tie_pass,False,False,False,False,False,False,5,5,,primary,global_gap_early_commit,0.98828125,0.98828125,0.9921875,12.0,1.9808571003377438,True,tie_pass,False,False,False,False,False
SingleLineInfilling/HumanEval/52/L3,4,<=8,False,True,True,True,False,3,3,3.0,13.0,1.026413645517877,0.5353459264999811,0.5215693778407168,0.47764227642276424,3.0,3.0,1.0,1.0,0.3333333333333333,10.0,True,0.4910677190178958,0.4784306221592832,33,3.0,1.0,1.0,3.0,2.0,-0.0625,-0.3333333333333333,0.7575757575757576,0.9375,2,21,32,0.9609375,0.99609375,0.9609375,0.99609375,0.99609375,0.0010986328125,0.0,0.98828125,0.94140625,0.98828125,0.9921875,0.9609375,0.9921875,0.3333333333333333,global_gap_early_commit,False,3,3,,primary,global_gap_early_commit,0.9921875,0.9921875,0.99609375,21.0,2.287641360424459,True,tie_pass,False,False,False,False,False,False,3,3,,primary,global_gap_early_commit,0.9921875,0.9921875,0.99609375,21.0,2.1630822895094752,True,tie_pass,False,False,False,False,False,False,3,3,,primary,global_gap_early_commit,0.9921875,0.9921875,0.99609375,21.0,2.1893641240894794,True,tie_pass,False,False,False,False,False
SingleLineInfilling/HumanEval/53/L0,6,<=8,False,True,True,True,False,0,5,5.0,13.0,0.8389437564538571,0.501174909914876,0.5973879727447989,0.5641025641025641,5.0,5.0,0.9765625,0.96875,0.6,8.0,True,0.3377688465389811,0.40261202725520107,28,5.0,3.0,3.0,5.0,4.0,-0.07407407407407407,0.0,0.7785714285714286,0.9259259259259259,3,12,19,0.76171875,0.984375,0.62109375,0.984375,0.76171875,0.008246527777777778,0.0,0.96875,0.3828125,0.71484375,0.9765625,0.5234375,0.76171875,0.6,global_gap_early_commit,False,5,5,,primary,global_gap_early_commit,0.9765625,0.76171875,0.984375,12.0,1.9991652984172106,True,tie_pass,False,False,False,False,False,False,5,5,,primary,global_gap_early_commit,0.9765625,0.76171875,0.984375,12.0,1.9291207883507013,True,tie_pass,False,False,False,False,False,False,5,5,,primary,global_gap_early_commit,0.9765625,0.76171875,0.984375,12.0,1.948572190478444,True,tie_pass,False,False,False,False,False
SingleLineInfilling/HumanEval/54/L0,12,9-12,False,False,False,False,False,0,3,3.0,13.0,0.44644821166834486,0.3075391492659466,0.6888573886693261,0.6308411214953271,3.0,3.0,,,0.0,10.0,True,0.13890906240239825,0.3111426113306739,54,3.0,0.0,0.0,3.0,2.0,-0.05660377358490566,-0.3333333333333333,0.5864197530864198,0.9433962264150944,2,21,53,0.41796875,0.6796875,0.41796875,0.6796875,0.431640625,0.004938089622641509,0.0,0.0247802734375,0.0247802734375,0.02587890625,0.046875,0.046875,0.150390625,0.0,no_remaining_masks,True,32,3,32,rescue,no_remaining_masks,0.046875,0.150390625,0.6796875,21.0,5.868748263455927,False,tie_fail,False,False,False,False,False,True,24,3,24,rescue,no_remaining_masks,0.046875,0.150390625,0.6796875,21.0,6.307894418016076,False,tie_fail,False,False,False,False,False,True,24,3,24,rescue,no_remaining_masks,0.046875,0.150390625,0.6796875,21.0,6.226832078769803,False,tie_fail,False,False,False,False,False
SingleLineInfilling/HumanEval/55/L0,8,<=8,False,True,True,True,False,3,6,6.0,20.0,1.109147462958082,0.8556042322777787,0.7714071039714532,0.7176470588235294,6.0,6.0,1.0,1.0,0.5,14.0,True,0.25354323068030327,0.22859289602854682,28,6.0,3.0,3.0,6.0,5.0,-0.1111111111111111,-0.3333333333333333,0.7738095238095238,0.8888888888888888,2,10,26,0.99609375,1.0,0.99609375,1.0,0.99609375,0.00014467592592592592,0.001953125,1.0,0.9921875,0.99609375,1.0,0.9921875,0.99609375,0.5,global_gap_early_commit,False,6,6,,primary,global_gap_early_commit,1.0,0.99609375,1.0,10.0,1.910168961621821,True,tie_pass,False,False,False,False,False,False,6,6,,primary,global_gap_early_commit,1.0,0.99609375,1.0,10.0,1.862145496532321,True,tie_pass,False,False,False,False,False,False,6,6,,primary,global_gap_early_commit,1.0,0.99609375,1.0,10.0,1.8440906517207623,True,tie_pass,False,False,False,False,False
SingleLineInfilling/HumanEval/55/L1,5,<=8,False,True,True,True,False,2,5,5.0,13.0,1.0970802969011977,0.4692819611021111,0.42775534518999236,0.403921568627451,5.0,5.0,0.9921875,0.98046875,0.6,8.0,True,0.6277983357990866,0.5722446548100076,28,5.0,3.0,3.0,5.0,4.0,-0.07407407407407407,0.0,0.7785714285714286,0.9259259259259259,3,12,19,0.99609375,0.99609375,0.99609375,0.99609375,0.99609375,0.0,0.0,0.98046875,0.98046875,0.98828125,0.9921875,0.9921875,0.9921875,0.6,global_gap_early_commit,False,5,5,,primary,global_gap_early_commit,0.9921875,0.9921875,0.99609375,12.0,2.047917442396283,True,tie_pass,False,False,False,False,False,False,5,5,,primary,global_gap_early_commit,0.9921875,0.9921875,0.99609375,12.0,2.0609586415812373,True,tie_pass,False,False,False,False,False,False,5,5,,primary,global_gap_early_commit,0.9921875,0.9921875,0.99609375,12.0,2.0307157738134265,True,tie_pass,False,False,False,False,False
SingleLineInfilling/HumanEval/55/L2,8,<=8,False,True,True,True,False,1,13,13.0,13.0,1.1299216150808113,1.1299216150808113,1.0,0.9841269841269841,13.0,13.0,0.9453125,0.890625,0.3076923076923077,0.0,False,0.0,0.0,42,13.0,4.0,4.0,13.0,9.0,-0.21951219512195122,-0.3333333333333333,0.6648351648351648,0.7804878048780488,2,4,41,0.96875,0.98046875,0.96875,0.98046875,0.9765625,0.0002858231707317073,0.0,0.90625,0.90234375,0.93359375,0.953125,0.94921875,0.96484375,0.3076923076923077,global_gap_early_commit,False,13,13,,primary,global_gap_early_commit,0.953125,0.96484375,0.98046875,4.0,2.422980062663555,True,tie_pass,False,False,False,False,False,False,13,13,,primary,global_gap_early_commit,0.953125,0.96484375,0.98046875,4.0,2.372855349443853,True,tie_pass,False,False,False,False,False,False,13,13,,primary,global_gap_early_commit,0.953125,0.96484375,0.98046875,4.0,2.32812418602407,True,tie_pass,False,False,False,False,False
SingleLineInfilling/HumanEval/55/L3,5,<=8,False,True,True,True,False,2,6,6.0,13.0,1.1134970608520351,0.692532602791465,0.6219438085104122,0.59375,6.0,6.0,1.0,1.0,0.5,7.0,True,0.42096445806057015,0.3780561914895878,28,6.0,3.0,3.0,6.0,5.0,-0.1111111111111111,-0.3333333333333333,0.7738095238095238,0.8888888888888888,2,10,26,1.0,1.0,1.0,1.0,1.0,0.0,0.0,1.0,0.99609375,1.0,1.0,1.0,1.0,0.5,global_gap_early_commit,False,6,6,,primary,global_gap_early_commit,1.0,1.0,1.0,10.0,2.0065570157021284,True,tie_pass,False,False,False,False,False,False,6,6,,primary,global_gap_early_commit,1.0,1.0,1.0,10.0,1.974148309789598,True,tie_pass,False,False,False,False,False,False,6,6,,primary,global_gap_early_commit,1.0,1.0,1.0,10.0,1.962621576152742,True,tie_pass,False,False,False,False,False
SingleLineInfilling/HumanEval/55/L4,16,13-16,False,False,False,False,False,4,3,3.0,13.0,0.4965171699862901,0.29045364097339404,0.5849820681556976,0.5357142857142857,3.0,3.0,0.94140625,0.89453125,0.3333333333333333,10.0,True,0.20606352901289604,0.41501793184430236,33,3.0,1.0,1.0,3.0,2.0,-0.0625,-0.3333333333333333,0.7575757575757576,0.9375,2,21,32,0.46484375,0.486328125,0.46484375,0.486328125,0.486328125,0.00067138671875,0.0,0.04638671875,0.04638671875,0.04638671875,0.23046875,0.23046875,0.23046875,0.3333333333333333,global_gap_early_commit,True,32,3,32,rescue,global_gap_early_commit,0.23046875,0.23046875,0.486328125,21.0,3.750547371804714,False,tie_fail,False,False,False,False,False,True,24,3,24,rescue,global_gap_early_commit,0.23046875,0.23046875,0.486328125,21.0,3.382265039719641,False,tie_fail,False,False,False,False,False,True,24,3,24,rescue,global_gap_early_commit,0.23046875,0.23046875,0.486328125,21.0,3.377878720872104,False,tie_fail,False,False,False,False,False
SingleLineInfilling/HumanEval/56/L0,6,<=8,False,True,True,True,False,2,6,6.0,13.0,1.1134970608520351,0.646971247344658,0.5810264526873588,0.5546875,6.0,6.0,1.0,1.0,0.5,7.0,True,0.4665258135073771,0.41897354731264125,28,6.0,3.0,3.0,6.0,5.0,-0.1111111111111111,-0.3333333333333333,0.7738095238095238,0.8888888888888888,2,10,26,1.0,1.0,1.0,1.0,1.0,0.0,0.0,1.0,1.0,1.0,1.0,1.0,1.0,0.5,global_gap_early_commit,False,6,6,,primary,global_gap_early_commit,1.0,1.0,1.0,10.0,2.5138546572998166,True,tie_pass,False,False,False,False,False,False,6,6,,primary,global_gap_early_commit,1.0,1.0,1.0,10.0,2.523189727216959,True,tie_pass,False,False,False,False,False,False,6,6,,primary,global_gap_early_commit,1.0,1.0,1.0,10.0,2.448119948618114,True,tie_pass,False,False,False,False,False
SingleLineInfilling/HumanEval/56/L1,7,<=8,False,True,True,True,False,3,7,7.0,14.0,1.1238436146785018,0.6361250779260712,0.5660263310817027,0.54296875,7.0,7.0,1.0,1.0,0.5714285714285714,7.0,True,0.4877185367524306,0.43397366891829725,28,7.0,4.0,4.0,7.0,5.0,-0.1111111111111111,0.0,0.7704081632653061,0.8888888888888888,3,8,22,1.0,1.0,1.0,1.0,1.0,0.0,0.0,1.0,1.0,1.0,1.0,1.0,1.0,0.5714285714285714,global_gap_early_commit,False,7,7,,primary,global_gap_early_commit,1.0,1.0,1.0,8.0,2.59210101980716,True,tie_pass,False,False,False,False,False,False,7,7,,primary,global_gap_early_commit,1.0,1.0,1.0,8.0,2.5418325066566467,True,tie_pass,False,False,False,False,False,False,7,7,,primary,global_gap_early_commit,1.0,1.0,1.0,8.0,2.513396082445979,True,tie_pass,False,False,False,False,False
SingleLineInfilling/HumanEval/56/L2,7,<=8,False,True,True,True,False,1,7,3.0,24.0,1.0305860587110391,0.6712140730447081,0.6512935696842242,0.5748987854251012,3.0,7.0,0.84375,0.69921875,0.5714285714285714,17.0,True,0.359371985666331,0.34870643031577575,28,7.0,4.0,4.0,7.0,5.0,-0.1111111111111111,0.0,0.7704081632653061,0.8888888888888888,3,8,22,0.91015625,0.91015625,0.90625,0.91015625,0.91015625,0.0,0.0,0.69921875,0.69921875,0.775390625,0.84375,0.84375,0.884765625,0.5714285714285714,global_gap_early_commit,False,7,7,,primary,global_gap_early_commit,0.84375,0.884765625,0.91015625,8.0,2.7213687878102064,True,tie_pass,False,False,False,False,False,False,7,7,,primary,global_gap_early_commit,0.84375,0.884765625,0.91015625,8.0,2.53887047059834,True,tie_pass,False,False,False,False,False,False,7,7,,primary,global_gap_early_commit,0.84375,0.884765625,0.91015625,8.0,2.5532022900879383,True,tie_pass,False,False,False,False,False
SingleLineInfilling/HumanEval/56/L3,6,<=8,False,True,True,True,False,2,6,6.0,13.0,1.1134970608520351,0.6287467051659353,0.5646595103581374,0.5390625,6.0,6.0,1.0,1.0,0.5,7.0,True,0.4847503556860998,0.43534048964186256,28,6.0,3.0,3.0,6.0,5.0,-0.1111111111111111,-0.3333333333333333,0.7738095238095238,0.8888888888888888,2,10,26,1.0,1.0,1.0,1.0,1.0,0.0,0.0,1.0,1.0,1.0,1.0,1.0,1.0,0.5,global_gap_early_commit,False,6,6,,primary,global_gap_early_commit,1.0,1.0,1.0,10.0,2.680321602150798,True,tie_pass,False,False,False,False,False,False,6,6,,primary,global_gap_early_commit,1.0,1.0,1.0,10.0,2.539111769758165,True,tie_pass,False,False,False,False,False,False,6,6,,primary,global_gap_early_commit,1.0,1.0,1.0,10.0,2.5300871143117547,True,tie_pass,False,False,False,False,False
SingleLineInfilling/HumanEval/56/L4,4,<=8,False,True,True,True,False,0,7,4.0,16.0,1.086734862526058,0.899584253823275,0.8277863210647708,0.76171875,4.0,7.0,0.92578125,0.8515625,0.5714285714285714,9.0,True,0.187150608702783,0.1722136789352292,28,7.0,4.0,4.0,7.0,5.0,-0.1111111111111111,0.0,0.7704081632653061,0.8888888888888888,3,8,22,0.95703125,0.95703125,0.95703125,0.95703125,0.95703125,0.0,0.0,0.8515625,0.8515625,0.88671875,0.92578125,0.92578125,0.943359375,0.5714285714285714,global_gap_early_commit,False,7,7,,primary,global_gap_early_commit,0.92578125,0.943359375,0.95703125,8.0,2.630411555059254,True,tie_pass,False,False,False,False,False,False,7,7,,primary,global_gap_early_commit,0.92578125,0.943359375,0.95703125,8.0,2.598115143366158,True,tie_pass,False,False,False,False,False,False,7,7,,primary,global_gap_early_commit,0.92578125,0.943359375,0.95703125,8.0,2.5735957343131304,True,tie_pass,False,False,False,False,False
SingleLineInfilling/HumanEval/56/L5,6,<=8,False,True,True,True,False,0,6,6.0,13.0,1.1134970608520351,0.6651957895233808,0.5973933950165801,0.5703125,6.0,6.0,1.0,1.0,0.5,7.0,True,0.4483012713286544,0.40260660498341994,28,6.0,3.0,3.0,6.0,5.0,-0.1111111111111111,-0.3333333333333333,0.7738095238095238,0.8888888888888888,2,10,26,1.0,1.0,1.0,1.0,1.0,0.0,0.0,1.0,1.0,1.0,1.0,1.0,1.0,0.5,global_gap_early_commit,False,6,6,,primary,global_gap_early_commit,1.0,1.0,1.0,10.0,2.6029693838208914,True,tie_pass,False,False,False,False,False,False,6,6,,primary,global_gap_early_commit,1.0,1.0,1.0,10.0,2.4524001153185964,True,tie_pass,False,False,False,False,False,False,6,6,,primary,global_gap_early_commit,1.0,1.0,1.0,10.0,2.4265049435198307,True,tie_pass,False,False,False,False,False
SingleLineInfilling/HumanEval/56/L6,8,<=8,False,True,True,True,False,1,8,8.0,13.0,1.1284585576188617,0.883890295668054,0.783272269681869,0.7607843137254902,8.0,8.0,0.99609375,0.9921875,0.5,5.0,True,0.24456826195080772,0.21672773031813097,28,8.0,4.0,4.0,8.0,6.0,-0.14814814814814814,-0.3333333333333333,0.7767857142857143,0.8518518518518519,2,8,27,0.99609375,1.0,0.99609375,1.0,0.99609375,0.00014467592592592592,0.0,0.99609375,0.9921875,0.9921875,0.99609375,0.99609375,0.99609375,0.5,global_gap_early_commit,False,8,8,,primary,global_gap_early_commit,0.99609375,0.99609375,1.0,8.0,2.6821252247318625,True,tie_pass,False,False,False,False,False,False,8,8,,primary,global_gap_early_commit,0.99609375,0.99609375,1.0,8.0,2.4181283647194505,True,tie_pass,False,False,False,False,False,False,8,8,,primary,global_gap_early_commit,0.99609375,0.99609375,1.0,8.0,2.3929668851196766,True,tie_pass,False,False,False,False,False
SingleLineInfilling/HumanEval/56/L7,4,<=8,False,True,True,True,False,1,5,5.0,16.0,1.088475745552953,0.8903577486558568,0.8179858414792229,0.75390625,5.0,5.0,0.9765625,0.97265625,0.6,11.0,True,0.1981179968970962,0.18201415852077707,28,5.0,3.0,3.0,5.0,4.0,-0.07407407407407407,0.0,0.7785714285714286,0.9259259259259259,3,12,19,0.98828125,0.98828125,0.98828125,0.98828125,0.98828125,0.0,0.0,0.97265625,0.97265625,0.984375,0.9765625,0.9765625,0.984375,0.6,global_gap_early_commit,False,5,5,,primary,global_gap_early_commit,0.9765625,0.984375,0.98828125,12.0,2.5650947084650397,True,tie_pass,False,False,False,False,False,False,5,5,,primary,global_gap_early_commit,0.9765625,0.984375,0.98828125,12.0,2.549337636679411,True,tie_pass,False,False,False,False,False,False,5,5,,primary,global_gap_early_commit,0.9765625,0.984375,0.98828125,12.0,2.530819474719465,True,tie_pass,False,False,False,False,False
SingleLineInfilling/HumanEval/56/L8,7,<=8,False,True,True,True,False,2,9,3.0,13.0,0.780241267121313,0.508009113231897,0.6510923410987836,0.5962566844919787,3.0,9.0,0.90234375,0.875,0.2222222222222222,4.0,True,0.272232153889416,0.34890765890121644,47,9.0,2.0,2.0,9.0,6.0,-0.15217391304347827,-0.3333333333333333,0.624113475177305,0.8478260869565217,2,7,46,0.5703125,0.8515625,0.5703125,0.90234375,0.8515625,0.006114130434782609,0.0,0.5625,0.37109375,0.5625,0.66796875,0.5390625,0.66796875,0.2222222222222222,global_gap_early_commit,False,9,9,,primary,global_gap_early_commit,0.66796875,0.66796875,0.90234375,7.0,3.437093456275761,True,tie_pass,False,False,False,False,False,False,9,9,,primary,global_gap_early_commit,0.66796875,0.66796875,0.90234375,7.0,3.2785168327391148,True,tie_pass,False,False,False,False,False,False,9,9,,primary,global_gap_early_commit,0.66796875,0.66796875,0.90234375,7.0,3.259819056838751,True,tie_pass,False,False,False,False,False
SingleLineInfilling/HumanEval/57/L0,17,17-24,True,False,False,False,True,4,6,6.0,13.0,1.096098669276222,0.4032179957042411,0.36786651330440423,0.35119047619047616,6.0,6.0,0.92578125,0.8828125,0.5,7.0,True,0.6928806735719809,0.6321334866955958,28,6.0,3.0,3.0,6.0,5.0,-0.1111111111111111,-0.3333333333333333,0.7738095238095238,0.8888888888888888,2,10,26,0.984375,0.9609375,0.9609375,0.98828125,0.984375,-0.0008680555555555555,-0.013671875,0.8828125,0.8828125,0.96875,0.92578125,0.92578125,0.98046875,0.5,global_gap_early_commit,False,6,6,,primary,global_gap_early_commit,0.92578125,0.98046875,0.98828125,10.0,2.242215156555176,False,tie_fail,False,False,True,False,False,False,6,6,,primary,global_gap_early_commit,0.92578125,0.98046875,0.98828125,10.0,2.025533434934914,False,tie_fail,False,False,True,False,False,False,6,6,,primary,global_gap_early_commit,0.92578125,0.98046875,0.98828125,10.0,2.018227723427117,False,tie_fail,False,False,True,False,False
SingleLineInfilling/HumanEval/57/L1,4,<=8,False,True,True,True,False,4,5,5.0,20.0,1.0927780212270755,0.5587142391103528,0.5112788034325353,0.466796875,5.0,5.0,0.99609375,0.99609375,0.6,15.0,True,0.5340637821167227,0.4887211965674647,28,5.0,3.0,3.0,5.0,4.0,-0.07407407407407407,0.0,0.7785714285714286,0.9259259259259259,3,12,19,0.9921875,0.99609375,0.9921875,0.99609375,0.9921875,0.00014467592592592592,0.0,0.99609375,0.984375,0.98828125,0.99609375,0.9921875,0.9921875,0.6,global_gap_early_commit,False,5,5,,primary,global_gap_early_commit,0.99609375,0.9921875,0.99609375,12.0,2.2498456090688705,True,tie_pass,False,False,False,False,False,False,5,5,,primary,global_gap_early_commit,0.99609375,0.9921875,0.99609375,12.0,2.187489421106875,True,tie_pass,False,False,False,False,False,False,5,5,,primary,global_gap_early_commit,0.99609375,0.9921875,0.99609375,12.0,2.146878586150706,True,tie_pass,False,False,False,False,False
SingleLineInfilling/HumanEval/57/L2,4,<=8,False,True,True,True,False,2,5,5.0,13.0,0.662550453814841,0.40549606347658146,0.6120229201290427,0.577922077922078,5.0,5.0,0.9921875,0.984375,0.4,8.0,True,0.25705439033825955,0.3879770798709573,32,5.0,2.0,2.0,5.0,4.0,-0.0967741935483871,-0.3333333333333333,0.75,0.9032258064516129,2,12,31,0.6015625,0.7578125,0.5625,0.7578125,0.6015625,0.005040322580645161,0.0,0.2177734375,0.2177734375,0.259765625,0.6015625,0.455078125,0.6015625,0.4,global_gap_early_commit,False,5,5,,primary,global_gap_early_commit,0.6015625,0.6015625,0.7578125,12.0,2.43534766882658,True,tie_pass,False,False,False,False,False,False,5,5,,primary,global_gap_early_commit,0.6015625,0.6015625,0.7578125,12.0,2.1948995515704155,True,tie_pass,False,False,False,False,False,False,5,5,,primary,global_gap_early_commit,0.6015625,0.6015625,0.7578125,12.0,2.180096223950386,True,tie_pass,False,False,False,False,False
SingleLineInfilling/HumanEval/58/L0,6,<=8,False,True,True,True,False,4,6,6.0,13.0,1.1134970608520351,0.6241905696212546,0.5605677747758321,0.53515625,6.0,6.0,1.0,1.0,0.5,7.0,True,0.4893064912307805,0.4394322252241679,28,6.0,3.0,3.0,6.0,5.0,-0.1111111111111111,-0.3333333333333333,0.7738095238095238,0.8888888888888888,2,10,26,1.0,1.0,1.0,1.0,1.0,0.0,0.0,1.0,0.99609375,0.99609375,1.0,0.99609375,1.0,0.5,global_gap_early_commit,False,6,6,,primary,global_gap_early_commit,1.0,1.0,1.0,10.0,2.7804394578561187,True,tie_pass,False,False,False,False,False,False,6,6,,primary,global_gap_early_commit,1.0,1.0,1.0,10.0,2.6206627963110805,True,tie_pass,False,False,False,False,False,False,6,6,,primary,global_gap_early_commit,1.0,1.0,1.0,10.0,2.5981058729812503,True,tie_pass,False,False,False,False,False
SingleLineInfilling/HumanEval/58/L1,9,9-12,False,False,True,True,False,1,9,9.0,14.0,1.1409183116147532,0.7642653813931934,0.6698686256613069,0.65234375,9.0,9.0,1.0,1.0,0.3333333333333333,5.0,True,0.37665293022155977,0.3301313743386931,40,9.0,3.0,3.0,9.0,6.0,-0.15384615384615385,-0.3333333333333333,0.6777777777777778,0.8461538461538461,2,7,39,1.0,1.0,1.0,1.0,1.0,0.0,0.0,1.0,1.0,1.0,1.0,1.0,1.0,0.3333333333333333,global_gap_early_commit,False,9,9,,primary,global_gap_early_commit,1.0,1.0,1.0,7.0,3.151421256363392,True,tie_pass,False,False,False,False,False,False,9,9,,primary,global_gap_early_commit,1.0,1.0,1.0,7.0,3.08655599411577,True,tie_pass,False,False,False,False,False,False,9,9,,primary,global_gap_early_commit,1.0,1.0,1.0,7.0,3.050516726449132,True,tie_pass,False,False,False,False,False
SingleLineInfilling/HumanEval/58/L2,9,9-12,False,False,True,True,False,4,9,9.0,16.0,1.1409183116147532,0.8349987176513476,0.7318654711305014,0.70703125,9.0,9.0,1.0,1.0,0.3333333333333333,7.0,True,0.3059195939634056,0.2681345288694986,40,9.0,3.0,3.0,9.0,6.0,-0.15384615384615385,-0.3333333333333333,0.6777777777777778,0.8461538461538461,2,7,39,1.0,1.0,1.0,1.0,1.0,0.0,0.0,1.0,1.0,1.0,1.0,1.0,1.0,0.3333333333333333,global_gap_early_commit,False,9,9,,primary,global_gap_early_commit,1.0,1.0,1.0,7.0,3.1002412820234895,True,tie_pass,False,False,False,False,False,False,9,9,,primary,global_gap_early_commit,1.0,1.0,1.0,7.0,3.0934702195227146,True,tie_pass,False,False,False,False,False,False,9,9,,primary,global_gap_early_commit,1.0,1.0,1.0,7.0,3.048031210899353,True,tie_pass,False,False,False,False,False
SingleLineInfilling/HumanEval/58/L3,9,9-12,False,False,True,True,False,4,9,9.0,15.0,1.1275481751505179,1.0891152928381032,0.9659146427980478,0.9367588932806324,9.0,9.0,0.97265625,0.9453125,0.3333333333333333,6.0,True,0.03843288231241471,0.03408535720195216,40,9.0,3.0,3.0,9.0,6.0,-0.15384615384615385,-0.3333333333333333,0.6777777777777778,0.8461538461538461,2,7,39,0.98828125,0.9921875,0.98828125,0.9921875,0.98828125,0.00010016025641025641,0.0,0.9609375,0.9609375,0.96875,0.9765625,0.9765625,0.984375,0.3333333333333333,global_gap_early_commit,False,9,9,,primary,global_gap_early_commit,0.9765625,0.984375,0.9921875,7.0,3.089426710270345,True,tie_pass,False,False,False,False,False,False,9,9,,primary,global_gap_early_commit,0.9765625,0.984375,0.9921875,7.0,3.076355680823326,True,tie_pass,False,False,False,False,False,False,9,9,,primary,global_gap_early_commit,0.9765625,0.984375,0.9921875,7.0,3.0610630391165614,True,tie_pass,False,False,False,False,False
SingleLineInfilling/HumanEval/58/L4,7,<=8,False,True,True,True,False,3,7,7.0,14.0,1.115063586438826,0.8786763666316955,0.788005614494076,0.7559055118110236,7.0,7.0,0.984375,0.96875,0.5714285714285714,7.0,True,0.23638721980713062,0.21199438550592398,28,7.0,4.0,4.0,7.0,5.0,-0.1111111111111111,0.0,0.7704081632653061,0.8888888888888888,3,8,22,0.9921875,0.9921875,0.9921875,0.9921875,0.9921875,0.0,0.0,0.96875,0.96875,0.982421875,0.984375,0.984375,0.9921875,0.5714285714285714,global_gap_early_commit,False,7,7,,primary,global_gap_early_commit,0.984375,0.9921875,0.9921875,8.0,2.8116463888436556,True,tie_pass,False,False,False,False,False,False,7,7,,primary,global_gap_early_commit,0.984375,0.9921875,0.9921875,8.0,2.5551995281130075,True,tie_pass,False,False,False,False,False,False,7,7,,primary,global_gap_early_commit,0.984375,0.9921875,0.9921875,8.0,2.52322631329298,True,tie_pass,False,False,False,False,False
SingleLineInfilling/HumanEval/58/L5,7,<=8,False,True,False,False,False,2,11,11.0,13.0,0.4172394156896215,0.3622127758021149,0.8681173498516255,0.8594594594594595,11.0,11.0,,,0.0,2.0,True,0.05502663988750656,0.13188265014837453,62,11.0,0.0,0.0,11.0,6.0,-0.18032786885245902,-0.3333333333333333,0.5087976539589443,0.819672131147541,2,5,61,0.361328125,0.8828125,0.361328125,0.8828125,0.70703125,0.008548924180327868,0.0,0.056640625,0.056640625,0.28515625,0.09716796875,0.09716796875,0.498046875,0.0,no_remaining_masks,False,11,11,,primary,no_remaining_masks,0.09716796875,0.498046875,0.8828125,5.0,4.070991273038089,False,tie_fail,False,False,False,False,False,False,11,11,,primary,no_remaining_masks,0.09716796875,0.498046875,0.8828125,5.0,4.069658392108977,False,tie_fail,False,False,False,False,False,False,11,11,,primary,no_remaining_masks,0.09716796875,0.498046875,0.8828125,5.0,7.2718755984678864,False,tie_fail,False,False,False,False,False
SingleLineInfilling/HumanEval/59/L0,7,<=8,False,True,True,True,False,3,12,12.0,13.0,1.1471796401018506,0.6743080606127422,0.5877963982632003,0.578125,12.0,12.0,1.0,0.99609375,0.3333333333333333,1.0,True,0.4728715794891084,0.4122036017367997,40,12.0,4.0,4.0,12.0,8.0,-0.20512820512820512,-0.3333333333333333,0.6791666666666667,0.7948717948717948,2,5,39,0.98828125,1.0,0.98828125,1.0,1.0,0.00030048076923076925,0.0,1.0,0.98046875,1.0,1.0,0.984375,1.0,0.3333333333333333,global_gap_early_commit,False,12,12,,primary,global_gap_early_commit,1.0,1.0,1.0,5.0,3.2070887153968215,True,tie_pass,False,False,False,False,False,False,12,12,,primary,global_gap_early_commit,1.0,1.0,1.0,5.0,3.2111101895570755,True,tie_pass,False,False,False,False,False,False,12,12,,primary,global_gap_early_commit,1.0,1.0,1.0,5.0,7.177638288587332,True,tie_pass,False,False,False,False,False
SingleLineInfilling/HumanEval/59/L1,8,<=8,False,True,True,True,False,0,6,6.0,13.0,1.1047978650641286,0.9795691421063485,0.8866501041341973,0.8464566929133859,6.0,6.0,0.9921875,0.98828125,0.5,7.0,True,0.1252287229577801,0.11334989586580269,28,6.0,3.0,3.0,6.0,5.0,-0.1111111111111111,-0.3333333333333333,0.7738095238095238,0.8888888888888888,2,10,26,0.9921875,0.99609375,0.9921875,0.99609375,0.9921875,0.00014467592592592592,0.0,0.98828125,0.98828125,0.98828125,0.9921875,0.9921875,0.9921875,0.5,global_gap_early_commit,False,6,6,,primary,global_gap_early_commit,0.9921875,0.9921875,0.99609375,10.0,2.5623803585767746,True,tie_pass,False,False,False,False,False,False,6,6,,primary,global_gap_early_commit,0.9921875,0.9921875,0.99609375,10.0,2.557982166297734,True,tie_pass,False,False,False,False,False,False,6,6,,primary,global_gap_early_commit,0.9921875,0.9921875,0.99609375,10.0,5.6163326585665345,True,tie_pass,False,False,False,False,False
SingleLineInfilling/HumanEval/59/L10,10,9-12,False,False,True,True,False,3,5,5.0,13.0,1.1013825725753201,0.6059660274425318,0.5501866858358081,0.51953125,5.0,5.0,1.0,1.0,0.6,8.0,True,0.4954165451327883,0.4498133141641919,28,5.0,3.0,3.0,5.0,4.0,-0.07407407407407407,0.0,0.7785714285714286,0.9259259259259259,3,12,19,1.0,1.0,1.0,1.0,1.0,0.0,0.0,1.0,1.0,1.0,1.0,1.0,1.0,0.6,global_gap_early_commit,False,5,5,,primary,global_gap_early_commit,1.0,1.0,1.0,12.0,2.63229943998158,True,tie_pass,False,False,False,False,False,False,5,5,,primary,global_gap_early_commit,1.0,1.0,1.0,12.0,2.658413028344512,True,tie_pass,False,False,False,False,False,False,5,5,,primary,global_gap_early_commit,1.0,1.0,1.0,12.0,2.658429398201406,True,tie_pass,False,False,False,False,False
SingleLineInfilling/HumanEval/59/L11,4,<=8,False,True,True,True,False,2,3,3.0,15.0,0.6008274998153427,0.3078933528276494,0.5124488358510169,0.4652777777777778,3.0,3.0,0.98046875,0.9609375,0.3333333333333333,12.0,True,0.29293414698769327,0.48755116414898314,33,3.0,1.0,1.0,3.0,2.0,-0.0625,-0.3333333333333333,0.7575757575757576,0.9375,2,21,32,0.5625,0.97265625,0.5625,0.97265625,0.97265625,0.0128173828125,0.0,0.92578125,0.328125,0.92578125,0.9609375,0.5625,0.9609375,0.3333333333333333,global_gap_early_commit,False,3,3,,primary,global_gap_early_commit,0.9609375,0.9609375,0.97265625,21.0,3.006232278421521,True,tie_pass,False,False,False,False,False,False,3,3,,primary,global_gap_early_commit,0.9609375,0.9609375,0.97265625,21.0,2.8278900794684887,True,tie_pass,False,False,False,False,False,False,3,3,,primary,global_gap_early_commit,0.9609375,0.9609375,0.97265625,21.0,2.8276045098900795,True,tie_pass,False,False,False,False,False
SingleLineInfilling/HumanEval/59/L2,4,<=8,False,True,True,True,False,3,16,16.0,16.0,1.1533131459272756,1.1533131459272756,1.0,0.9765625,16.0,16.0,0.9609375,0.9296875,0.375,0.0,False,0.0,0.0,40,16.0,6.0,6.0,16.0,11.0,-0.2564102564102564,-0.3333333333333333,0.6796875,0.7435897435897436,2,4,37,0.9765625,0.984375,0.9765625,0.98828125,0.98828125,0.00020032051282051281,0.0,0.9296875,0.9296875,0.96484375,0.9609375,0.9609375,0.98046875,0.375,global_gap_early_commit,False,16,16,,primary,global_gap_early_commit,0.9609375,0.98046875,0.98828125,4.0,3.1573677863925695,True,tie_pass,False,False,False,False,False,False,16,16,,primary,global_gap_early_commit,0.9609375,0.98046875,0.98828125,4.0,3.1339618265628815,True,tie_pass,False,False,False,False,False,False,16,16,,primary,global_gap_early_commit,0.9609375,0.98046875,0.98828125,4.0,5.033807172439992,True,tie_pass,False,False,False,False,False
SingleLineInfilling/HumanEval/59/L3,14,13-16,False,False,False,False,False,4,14,14.0,14.0,1.1578391706136404,1.1578391706136404,1.0,0.98828125,14.0,14.0,0.93359375,0.88671875,0.35714285714285715,0.0,False,0.0,0.0,40,14.0,5.0,5.0,14.0,9.5,-0.23076923076923078,-0.3333333333333333,0.6785714285714286,0.7692307692307693,2,4,38,0.98828125,0.9765625,0.96484375,0.9921875,0.97265625,-0.00030048076923076925,0.0,0.88671875,0.88671875,0.921875,0.93359375,0.93359375,0.953125,0.35714285714285715,global_gap_early_commit,False,14,14,,primary,global_gap_early_commit,0.93359375,0.953125,0.9921875,4.0,3.194257744587958,False,tie_fail,False,False,False,False,False,False,14,14,,primary,global_gap_early_commit,0.93359375,0.953125,0.9921875,4.0,3.0293484907597303,False,tie_fail,False,False,False,False,False,False,14,14,,primary,global_gap_early_commit,0.93359375,0.953125,0.9921875,4.0,3.065116292797029,False,tie_fail,False,False,False,False,False
SingleLineInfilling/HumanEval/59/L4,10,9-12,False,False,True,True,False,2,10,10.0,15.0,1.1481536214968828,0.7214814387155367,0.6283840639503618,0.61328125,10.0,10.0,1.0,1.0,0.3,5.0,True,0.4266721827813461,0.37161593604963816,42,10.0,3.0,3.0,10.0,7.0,-0.17073170731707318,-0.3333333333333333,0.6666666666666666,0.8292682926829268,2,6,41,1.0,1.0,1.0,1.0,1.0,0.0,0.0,1.0,0.99609375,1.0,1.0,0.99609375,1.0,0.3,global_gap_early_commit,False,10,10,,primary,global_gap_early_commit,1.0,1.0,1.0,6.0,3.3837226973846555,True,tie_pass,False,False,False,False,False,False,10,10,,primary,global_gap_early_commit,1.0,1.0,1.0,6.0,3.2667844677343965,True,tie_pass,False,False,False,False,False,False,10,10,,primary,global_gap_early_commit,1.0,1.0,1.0,6.0,3.3654003338888288,True,tie_pass,False,False,False,False,False
SingleLineInfilling/HumanEval/59/L5,4,<=8,False,True,True,True,False,4,4,4.0,15.0,1.086734862526058,0.9466571743656087,0.8711022412266722,0.8046875,4.0,4.0,1.0,1.0,0.5,11.0,True,0.1400776881604493,0.12889775877332776,28,4.0,2.0,2.0,4.0,3.0,-0.07407407407407407,0.0,0.7767857142857143,0.9259259259259259,3,14,23,1.0,1.0,1.0,1.0,1.0,0.0,0.0,1.0,1.0,1.0,1.0,1.0,1.0,0.5,global_gap_early_commit,False,4,4,,primary,global_gap_early_commit,1.0,1.0,1.0,14.0,2.9968399479985237,True,tie_pass,False,False,False,False,False,False,4,4,,primary,global_gap_early_commit,1.0,1.0,1.0,14.0,2.8171823993325233,True,tie_pass,False,False,False,False,False,False,4,4,,primary,global_gap_early_commit,1.0,1.0,1.0,14.0,2.8984082266688347,True,tie_pass,False,False,False,False,False
SingleLineInfilling/HumanEval/59/L6,4,<=8,False,True,True,True,False,4,6,5.0,16.0,1.1013825725753201,0.9318770219092387,0.84609748248537,0.7890625,5.0,6.0,0.93359375,0.90625,0.5,10.0,True,0.16950555066608142,0.15390251751463002,28,6.0,3.0,3.0,6.0,5.0,-0.1111111111111111,-0.3333333333333333,0.7738095238095238,0.8888888888888888,2,10,26,0.96484375,0.96484375,0.9609375,0.96875,0.96484375,0.0,0.001953125,0.90625,0.90625,0.9453125,0.93359375,0.93359375,0.9609375,0.5,global_gap_early_commit,False,6,6,,primary,global_gap_early_commit,0.93359375,0.9609375,0.96875,10.0,2.7884398996829987,True,tie_pass,False,False,False,False,False,False,6,6,,primary,global_gap_early_commit,0.93359375,0.9609375,0.96875,10.0,2.583193647675216,True,tie_pass,False,False,False,False,False,False,6,6,,primary,global_gap_early_commit,0.93359375,0.9609375,0.96875,10.0,2.5543207870796323,True,tie_pass,False,False,False,False,False
SingleLineInfilling/HumanEval/59/L7,6,<=8,False,True,True,True,False,1,7,7.0,20.0,1.0097032475627166,0.6311834500409843,0.6251177774901423,0.5769230769230769,7.0,7.0,0.84375,0.71875,0.5714285714285714,13.0,True,0.37851979752173226,0.3748822225098577,28,7.0,4.0,4.0,7.0,5.0,-0.1111111111111111,0.0,0.7704081632653061,0.8888888888888888,3,8,22,0.8984375,0.91015625,0.8984375,0.91015625,0.904296875,0.00043402777777777775,0.0,0.71875,0.71875,0.791015625,0.84375,0.84375,0.876953125,0.5714285714285714,global_gap_early_commit,False,7,7,,primary,global_gap_early_commit,0.84375,0.876953125,0.91015625,8.0,2.615787005983293,True,tie_pass,False,False,False,False,False,False,7,7,,primary,global_gap_early_commit,0.84375,0.876953125,0.91015625,8.0,2.496941708959639,True,tie_pass,False,False,False,False,False,False,7,7,,primary,global_gap_early_commit,0.84375,0.876953125,0.91015625,8.0,2.4702822025865316,True,tie_pass,False,False,False,False,False
SingleLineInfilling/HumanEval/59/L8,14,13-16,False,False,True,True,False,3,14,14.0,14.0,1.13953341297548,1.13953341297548,1.0,0.9880952380952381,14.0,14.0,0.95703125,0.921875,0.35714285714285715,0.0,False,0.0,0.0,40,14.0,5.0,5.0,14.0,9.5,-0.23076923076923078,-0.3333333333333333,0.6785714285714286,0.7692307692307693,2,4,38,0.97265625,0.984375,0.97265625,0.984375,0.98046875,0.00030048076923076925,0.0,0.921875,0.921875,0.95703125,0.95703125,0.95703125,0.97265625,0.35714285714285715,global_gap_early_commit,False,14,14,,primary,global_gap_early_commit,0.95703125,0.97265625,0.984375,4.0,3.2561428379267454,True,tie_pass,False,False,False,False,False,False,14,14,,primary,global_gap_early_commit,0.95703125,0.97265625,0.984375,4.0,3.0036436012014747,True,tie_pass,False,False,False,False,False,False,14,14,,primary,global_gap_early_commit,0.95703125,0.97265625,0.984375,4.0,4.334301753900945,True,tie_pass,False,False,False,False,False
SingleLineInfilling/HumanEval/59/L9,14,13-16,False,False,True,True,False,3,14,14.0,14.0,1.1212276553373197,1.1212276553373197,1.0,0.9760956175298805,14.0,14.0,1.0,0.99609375,0.35714285714285715,0.0,False,0.0,0.0,40,14.0,5.0,5.0,14.0,9.5,-0.23076923076923078,-0.3333333333333333,0.6785714285714286,0.7692307692307693,2,4,38,0.95703125,1.0,0.95703125,1.0,1.0,0.0011017628205128205,0.0,0.99609375,0.92578125,1.0,1.0,0.95703125,1.0,0.35714285714285715,global_gap_early_commit,False,14,14,,primary,global_gap_early_commit,1.0,1.0,1.0,4.0,3.0365281477570534,True,tie_pass,False,False,False,False,False,False,14,14,,primary,global_gap_early_commit,1.0,1.0,1.0,4.0,3.0333699714392424,True,tie_pass,False,False,False,False,False,False,14,14,,primary,global_gap_early_commit,1.0,1.0,1.0,4.0,3.8209227761253715,True,tie_pass,False,False,False,False,False
SingleLineInfilling/HumanEval/6/L0,9,9-12,False,False,True,True,False,4,14,14.0,14.0,1.1715684888422606,1.1715684888422606,1.0,1.0,14.0,14.0,1.0,1.0,0.35714285714285715,0.0,False,0.0,0.0,40,14.0,5.0,5.0,14.0,9.5,-0.23076923076923078,-0.3333333333333333,0.6785714285714286,0.7692307692307693,2,4,38,1.0,1.0,1.0,1.0,1.0,0.0,0.0,1.0,1.0,1.0,1.0,1.0,1.0,0.35714285714285715,global_gap_early_commit,False,14,14,,primary,global_gap_early_commit,1.0,1.0,1.0,4.0,5.250948649831116,True,tie_pass,False,False,False,False,False,False,14,14,,primary,global_gap_early_commit,1.0,1.0,1.0,4.0,4.217453995719552,True,tie_pass,False,False,False,False,False,False,14,14,,primary,global_gap_early_commit,1.0,1.0,1.0,4.0,4.559064635075629,True,tie_pass,False,False,False,False,False
SingleLineInfilling/HumanEval/6/L1,6,<=8,False,True,True,True,False,1,6,6.0,13.0,1.109147462958082,0.9704568710169871,0.8749574816939049,0.8352941176470589,6.0,6.0,0.99609375,0.9921875,0.5,7.0,True,0.1386905919410949,0.12504251830609514,28,6.0,3.0,3.0,6.0,5.0,-0.1111111111111111,-0.3333333333333333,0.7738095238095238,0.8888888888888888,2,10,26,0.99609375,1.0,0.99609375,1.0,0.99609375,0.00014467592592592592,0.001953125,0.9921875,0.9921875,0.9921875,0.99609375,0.99609375,0.99609375,0.5,global_gap_early_commit,False,6,6,,primary,global_gap_early_commit,0.99609375,0.99609375,1.0,10.0,5.1012877291068435,True,tie_pass,False,False,False,False,False,False,6,6,,primary,global_gap_early_commit,0.99609375,0.99609375,1.0,10.0,4.053823817521334,True,tie_pass,False,False,False,False,False,False,6,6,,primary,global_gap_early_commit,0.99609375,0.99609375,1.0,10.0,5.116994626820087,True,tie_pass,False,False,False,False,False
SingleLineInfilling/HumanEval/6/L10,5,<=8,False,True,True,True,False,2,5,5.0,20.0,1.1013825725753201,0.7013149444899826,0.6367587085113623,0.5859375,5.0,5.0,1.0,1.0,0.6,15.0,True,0.4000676280853376,0.3632412914886377,28,5.0,3.0,3.0,5.0,4.0,-0.07407407407407407,0.0,0.7785714285714286,0.9259259259259259,3,12,19,1.0,1.0,1.0,1.0,1.0,0.0,0.0,1.0,1.0,1.0,1.0,1.0,1.0,0.6,global_gap_early_commit,False,5,5,,primary,global_gap_early_commit,1.0,1.0,1.0,12.0,4.5401735082268715,True,tie_pass,False,False,False,False,False,False,5,5,,primary,global_gap_early_commit,1.0,1.0,1.0,12.0,3.667576556093991,True,tie_pass,False,False,False,False,False,False,5,5,,primary,global_gap_early_commit,1.0,1.0,1.0,12.0,4.78588955104351,True,tie_pass,False,False,False,False,False
SingleLineInfilling/HumanEval/6/L12,21,17-24,True,False,False,False,True,3,3,3.0,13.0,0.5549309546905595,0.23008484500637488,0.4146188693594769,0.37969924812030076,3.0,3.0,,,0.0,10.0,True,0.32484610968418465,0.5853811306405231,54,3.0,0.0,0.0,3.0,2.0,-0.05660377358490566,-0.3333333333333333,0.5864197530864198,0.9433962264150944,2,21,53,0.51953125,0.76171875,0.50390625,0.76171875,0.51953125,0.004569575471698113,0.0,0.0634765625,0.0634765625,0.130859375,0.28515625,0.255859375,0.28515625,0.0,no_remaining_masks,True,32,3,32,rescue,no_remaining_masks,0.28515625,0.28515625,0.76171875,21.0,11.129457268863916,False,tie_fail,False,False,False,True,False,True,24,3,24,rescue,no_remaining_masks,0.28515625,0.28515625,0.76171875,21.0,9.0442946953699,False,tie_fail,False,False,False,True,False,True,24,3,24,rescue,no_remaining_masks,0.28515625,0.28515625,0.76171875,21.0,11.904742632061243,False,tie_fail,False,False,False,True,False
SingleLineInfilling/HumanEval/6/L2,7,<=8,False,True,True,True,False,0,8,8.0,20.0,1.1196079022649883,0.9537883245063762,0.8518949558830766,0.8,8.0,8.0,0.9765625,0.95703125,0.5,12.0,True,0.1658195777586121,0.14810504411692338,28,8.0,4.0,4.0,8.0,6.0,-0.14814814814814814,-0.3333333333333333,0.7767857142857143,0.8518518518518519,2,8,27,0.98828125,0.98828125,0.98828125,0.9921875,0.98828125,0.0,0.0,0.96484375,0.96484375,0.9765625,0.98046875,0.98046875,0.98828125,0.5,global_gap_early_commit,False,8,8,,primary,global_gap_early_commit,0.98046875,0.98828125,0.9921875,8.0,4.2924000304192305,True,tie_pass,False,False,False,False,False,False,8,8,,primary,global_gap_early_commit,0.98046875,0.98828125,0.9921875,8.0,3.426241726614535,True,tie_pass,False,False,False,False,False,False,8,8,,primary,global_gap_early_commit,0.98046875,0.98828125,0.9921875,8.0,4.37143758777529,True,tie_pass,False,False,False,False,False
SingleLineInfilling/HumanEval/6/L3,7,<=8,False,True,True,True,False,1,7,7.0,14.0,1.1238436146785018,0.5629020473734299,0.5008722210291325,0.48046875,7.0,7.0,1.0,1.0,0.5714285714285714,7.0,True,0.5609415673050719,0.49912777897086746,28,7.0,4.0,4.0,7.0,5.0,-0.1111111111111111,0.0,0.7704081632653061,0.8888888888888888,3,8,22,1.0,1.0,1.0,1.0,1.0,0.0,0.0,1.0,1.0,1.0,1.0,1.0,1.0,0.5714285714285714,global_gap_early_commit,False,7,7,,primary,global_gap_early_commit,1.0,1.0,1.0,8.0,4.39248005580157,True,tie_pass,False,False,False,False,False,False,7,7,,primary,global_gap_early_commit,1.0,1.0,1.0,8.0,3.4777484480291605,True,tie_pass,False,False,False,False,False,False,7,7,,primary,global_gap_early_commit,1.0,1.0,1.0,8.0,4.582622691057622,True,tie_pass,False,False,False,False,False
SingleLineInfilling/HumanEval/6/L4,7,<=8,False,True,True,True,False,4,7,7.0,20.0,1.0931135158396366,0.6685869137471167,0.6116353919872313,0.5742971887550201,7.0,7.0,0.9453125,0.91015625,0.5714285714285714,13.0,True,0.4245266020925199,0.38836460801276873,28,7.0,4.0,4.0,7.0,5.0,-0.1111111111111111,0.0,0.7704081632653061,0.8888888888888888,3,8,22,0.97265625,0.96875,0.96875,0.97265625,0.970703125,-0.00014467592592592592,0.0,0.91015625,0.91015625,0.939453125,0.9453125,0.9453125,0.962890625,0.5714285714285714,global_gap_early_commit,False,7,7,,primary,global_gap_early_commit,0.9453125,0.962890625,0.97265625,8.0,4.664324501529336,True,tie_pass,False,False,False,False,False,False,7,7,,primary,global_gap_early_commit,0.9453125,0.962890625,0.97265625,8.0,3.7376080006361008,True,tie_pass,False,False,False,False,False,False,7,7,,primary,global_gap_early_commit,0.9453125,0.962890625,0.97265625,8.0,4.897033896297216,True,tie_pass,False,False,False,False,False
SingleLineInfilling/HumanEval/6/L5,6,<=8,False,True,True,True,False,1,6,6.0,13.0,1.1134970608520351,0.765430771506356,0.6874115778272977,0.65625,6.0,6.0,1.0,1.0,0.5,7.0,True,0.3480662893456792,0.31258842217270233,28,6.0,3.0,3.0,6.0,5.0,-0.1111111111111111,-0.3333333333333333,0.7738095238095238,0.8888888888888888,2,10,26,1.0,1.0,1.0,1.0,1.0,0.0,0.0,1.0,1.0,1.0,1.0,1.0,1.0,0.5,global_gap_early_commit,False,6,6,,primary,global_gap_early_commit,1.0,1.0,1.0,10.0,4.278137904591858,True,tie_pass,False,False,False,False,False,False,6,6,,primary,global_gap_early_commit,1.0,1.0,1.0,10.0,3.4689234597608447,True,tie_pass,False,False,False,False,False,False,6,6,,primary,global_gap_early_commit,1.0,1.0,1.0,10.0,4.486607785336673,True,tie_pass,False,False,False,False,False
SingleLineInfilling/HumanEval/6/L6,12,9-12,False,False,True,True,False,0,11,11.0,15.0,1.1276740964584364,0.7628402473043254,0.6764722624205832,0.6509803921568628,11.0,11.0,0.95703125,0.91796875,0.36363636363636365,4.0,True,0.364833849154111,0.3235277375794168,40,11.0,4.0,4.0,11.0,7.5,-0.1794871794871795,-0.3333333333333333,0.6795454545454546,0.8205128205128205,2,5,37,0.9765625,0.984375,0.97265625,0.984375,0.984375,0.00020032051282051281,0.0,0.91796875,0.91796875,0.953125,0.95703125,0.95703125,0.97265625,0.36363636363636365,global_gap_early_commit,False,11,11,,primary,global_gap_early_commit,0.95703125,0.97265625,0.984375,5.0,5.471654730848968,True,tie_pass,False,False,False,False,False,False,11,11,,primary,global_gap_early_commit,0.95703125,0.97265625,0.984375,5.0,4.397665014490485,True,tie_pass,False,False,False,False,False,False,11,11,,primary,global_gap_early_commit,0.95703125,0.97265625,0.984375,5.0,5.668908285908401,True,tie_pass,False,False,False,False,False
SingleLineInfilling/HumanEval/6/L7,4,<=8,False,True,True,True,False,1,7,7.0,13.0,1.1018935440793123,0.9977936842850712,0.9055263910442258,0.85546875,7.0,7.0,0.96875,0.9375,0.5714285714285714,6.0,True,0.10409985979424108,0.09447360895577417,28,7.0,4.0,4.0,7.0,5.0,-0.1111111111111111,0.0,0.7704081632653061,0.8888888888888888,3,8,22,0.98046875,0.984375,0.98046875,0.984375,0.98046875,0.00014467592592592592,0.0,0.9375,0.9375,0.951171875,0.96875,0.96875,0.974609375,0.5714285714285714,global_gap_early_commit,False,7,7,,primary,global_gap_early_commit,0.96875,0.974609375,0.984375,8.0,4.364176602102816,True,tie_pass,False,False,False,False,False,False,7,7,,primary,global_gap_early_commit,0.96875,0.974609375,0.984375,8.0,3.5209543723613024,True,tie_pass,False,False,False,False,False,False,7,7,,primary,global_gap_early_commit,0.96875,0.974609375,0.984375,8.0,4.599140545353293,True,tie_pass,False,False,False,False,False
SingleLineInfilling/HumanEval/6/L8,6,<=8,False,True,True,True,False,2,6,6.0,24.0,1.109147462958082,0.8035661437859182,0.7244899083507054,0.6640625,6.0,6.0,1.0,1.0,0.5,18.0,True,0.3055813191721638,0.27551009164929463,28,6.0,3.0,3.0,6.0,5.0,-0.1111111111111111,-0.3333333333333333,0.7738095238095238,0.8888888888888888,2,10,26,0.99609375,1.0,0.99609375,1.0,1.0,0.00014467592592592592,0.0,1.0,0.9921875,1.0,1.0,0.99609375,1.0,0.5,global_gap_early_commit,False,6,6,,primary,global_gap_early_commit,1.0,1.0,1.0,10.0,4.938336526975036,True,tie_pass,False,False,False,False,False,False,6,6,,primary,global_gap_early_commit,1.0,1.0,1.0,10.0,4.005797826685011,True,tie_pass,False,False,False,False,False,False,6,6,,primary,global_gap_early_commit,1.0,1.0,1.0,10.0,5.237912127748132,True,tie_pass,False,False,False,False,False
SingleLineInfilling/HumanEval/60/L0,10,9-12,False,False,False,False,False,1,3,3.0,16.0,0.45270683145808804,0.2791017813144007,0.6165177150419039,0.5576036866359447,3.0,3.0,,,0.0,13.0,True,0.17360505014368732,0.3834822849580961,54,3.0,0.0,0.0,3.0,2.0,-0.05660377358490566,-0.3333333333333333,0.5864197530864198,0.9433962264150944,2,21,53,0.423828125,0.74609375,0.423828125,0.74609375,0.45703125,0.006080483490566038,0.0,0.07421875,0.07421875,0.07421875,0.2373046875,0.185546875,0.2373046875,0.0,no_remaining_masks,True,32,3,32,rescue,no_remaining_masks,0.2373046875,0.2373046875,0.74609375,21.0,5.2388788387179375,True,win,True,False,False,False,False,True,24,3,24,rescue,no_remaining_masks,0.2373046875,0.2373046875,0.74609375,21.0,4.8173579620197415,False,tie_fail,False,False,False,False,False,True,24,3,24,rescue,no_remaining_masks,0.2373046875,0.2373046875,0.74609375,21.0,7.1842561131343246,False,tie_fail,False,False,False,False,False
SingleLineInfilling/HumanEval/61/L0,6,<=8,False,True,True,True,False,3,6,6.0,13.0,1.1134970608520351,0.6424151117999773,0.5769347171050534,0.55078125,6.0,6.0,1.0,1.0,0.5,7.0,True,0.4710819490520578,0.4230652828949466,28,6.0,3.0,3.0,6.0,5.0,-0.1111111111111111,-0.3333333333333333,0.7738095238095238,0.8888888888888888,2,10,26,1.0,1.0,1.0,1.0,1.0,0.0,0.0,1.0,1.0,1.0,1.0,1.0,1.0,0.5,global_gap_early_commit,False,6,6,,primary,global_gap_early_commit,1.0,1.0,1.0,10.0,2.50727809779346,True,tie_pass,False,False,False,False,False,False,6,6,,primary,global_gap_early_commit,1.0,1.0,1.0,10.0,2.4757428504526615,True,tie_pass,False,False,False,False,False,False,6,6,,primary,global_gap_early_commit,1.0,1.0,1.0,10.0,2.986621016636491,True,tie_pass,False,False,False,False,False
SingleLineInfilling/HumanEval/61/L1,7,<=8,False,True,True,True,False,1,7,7.0,20.0,1.1238436146785018,0.748069274122648,0.6656346704756145,0.625,7.0,7.0,1.0,1.0,0.5714285714285714,13.0,True,0.3757743405558538,0.33436532952438547,28,7.0,4.0,4.0,7.0,5.0,-0.1111111111111111,0.0,0.7704081632653061,0.8888888888888888,3,8,22,1.0,1.0,1.0,1.0,1.0,0.0,0.0,1.0,1.0,1.0,1.0,1.0,1.0,0.5714285714285714,global_gap_early_commit,False,7,7,,primary,global_gap_early_commit,1.0,1.0,1.0,8.0,2.550696572288871,True,tie_pass,False,False,False,False,False,False,7,7,,primary,global_gap_early_commit,1.0,1.0,1.0,8.0,2.7033753134310246,True,tie_pass,False,False,False,False,False,False,7,7,,primary,global_gap_early_commit,1.0,1.0,1.0,8.0,2.5203354861587286,True,tie_pass,False,False,False,False,False
SingleLineInfilling/HumanEval/61/L2,7,<=8,False,True,False,False,False,2,19,3.0,24.0,1.0305860587110391,0.6901215117220239,0.6696398674218079,0.5910931174089069,3.0,19.0,0.7734375,0.66015625,0.15789473684210525,5.0,True,0.3404645469890153,0.3303601325781921,53,19.0,3.0,3.0,19.0,11.0,-0.3076923076923077,-0.3333333333333333,0.5789473684210527,0.6923076923076923,2,3,52,0.71875,0.890625,0.625,0.9140625,0.81640625,0.0033052884615384615,0.0,0.33203125,0.33203125,0.470703125,0.55859375,0.52734375,0.67578125,0.15789473684210525,global_gap_early_commit,False,19,19,,primary,global_gap_early_commit,0.55859375,0.67578125,0.9140625,3.0,4.00538813136518,False,tie_fail,False,False,False,False,False,False,19,19,,primary,global_gap_early_commit,0.55859375,0.67578125,0.9140625,3.0,4.02162266895175,False,tie_fail,False,False,False,False,False,False,19,19,,primary,global_gap_early_commit,0.55859375,0.67578125,0.9140625,3.0,4.09372023679316,False,tie_fail,False,False,False,False,False
SingleLineInfilling/HumanEval/61/L3,6,<=8,False,True,True,True,False,0,6,6.0,16.0,1.1134970608520351,0.6873746349726563,0.6173115845017904,0.58203125,6.0,6.0,1.0,1.0,0.5,10.0,True,0.4261224258793789,0.38268841549820964,28,6.0,3.0,3.0,6.0,5.0,-0.1111111111111111,-0.3333333333333333,0.7738095238095238,0.8888888888888888,2,10,26,1.0,1.0,1.0,1.0,1.0,0.0,0.0,1.0,1.0,1.0,1.0,1.0,1.0,0.5,global_gap_early_commit,False,6,6,,primary,global_gap_early_commit,1.0,1.0,1.0,10.0,2.4648577086627483,True,tie_pass,False,False,False,False,False,False,6,6,,primary,global_gap_early_commit,1.0,1.0,1.0,10.0,2.547968397848308,True,tie_pass,False,False,False,False,False,False,6,6,,primary,global_gap_early_commit,1.0,1.0,1.0,10.0,2.4497721353545785,True,tie_pass,False,False,False,False,False
SingleLineInfilling/HumanEval/61/L4,4,<=8,False,True,True,True,False,2,19,4.0,15.0,1.086734862526058,0.8225807485992425,0.756928646502788,0.69921875,4.0,19.0,0.94921875,0.90234375,0.3684210526315789,-4.0,False,0.26415411392681554,0.24307135349721198,40,19.0,7.0,7.0,19.0,13.0,-0.3076923076923077,-0.3333333333333333,0.6802631578947368,0.6923076923076923,2,3,38,0.79296875,0.98046875,0.54296875,0.984375,0.98046875,0.004807692307692308,-0.001953125,0.90234375,0.3046875,0.93359375,0.94921875,0.515625,0.96484375,0.3684210526315789,global_gap_early_commit,False,19,19,,primary,global_gap_early_commit,0.94921875,0.96484375,0.984375,3.0,3.458332429639995,True,tie_pass,False,False,False,False,False,False,19,19,,primary,global_gap_early_commit,0.94921875,0.96484375,0.984375,3.0,3.453254093416035,True,tie_pass,False,False,False,False,False,False,19,19,,primary,global_gap_early_commit,0.94921875,0.96484375,0.984375,3.0,3.4832937698811293,True,tie_pass,False,False,False,False,False
SingleLineInfilling/HumanEval/61/L5,6,<=8,False,True,True,True,False,0,6,6.0,16.0,1.1134970608520351,0.6689216246378199,0.6007394614279168,0.56640625,6.0,6.0,1.0,1.0,0.5,10.0,True,0.44457543621421525,0.3992605385720832,28,6.0,3.0,3.0,6.0,5.0,-0.1111111111111111,-0.3333333333333333,0.7738095238095238,0.8888888888888888,2,10,26,1.0,1.0,1.0,1.0,1.0,0.0,0.0,1.0,1.0,1.0,1.0,1.0,1.0,0.5,global_gap_early_commit,False,6,6,,primary,global_gap_early_commit,1.0,1.0,1.0,10.0,2.46066461969167,True,tie_pass,False,False,False,False,False,False,6,6,,primary,global_gap_early_commit,1.0,1.0,1.0,10.0,2.5057320250198245,True,tie_pass,False,False,False,False,False,False,6,6,,primary,global_gap_early_commit,1.0,1.0,1.0,10.0,2.4535958524793386,True,tie_pass,False,False,False,False,False
SingleLineInfilling/HumanEval/61/L6,8,<=8,False,True,True,True,False,4,8,8.0,13.0,1.1284585576188617,0.8793341601233733,0.7792347837556738,0.7568627450980392,8.0,8.0,1.0,0.99609375,0.5,5.0,True,0.24912439749548843,0.2207652162443262,28,8.0,4.0,4.0,8.0,6.0,-0.14814814814814814,-0.3333333333333333,0.7767857142857143,0.8518518518518519,2,8,27,0.99609375,1.0,0.99609375,1.0,0.99609375,0.00014467592592592592,0.0,0.99609375,0.98828125,0.9921875,1.0,0.9921875,0.99609375,0.5,global_gap_early_commit,False,8,8,,primary,global_gap_early_commit,1.0,0.99609375,1.0,8.0,2.426390171982348,True,tie_pass,False,False,False,False,False,False,8,8,,primary,global_gap_early_commit,1.0,0.99609375,1.0,8.0,2.6155346566811204,True,tie_pass,False,False,False,False,False,False,8,8,,primary,global_gap_early_commit,1.0,0.99609375,1.0,8.0,2.378605212084949,True,tie_pass,False,False,False,False,False
SingleLineInfilling/HumanEval/61/L7,4,<=8,False,True,True,True,False,2,5,5.0,16.0,1.088475745552953,0.8811312434884386,0.8095093042618217,0.74609375,5.0,5.0,0.9765625,0.97265625,0.6,11.0,True,0.20734450206451438,0.19049069573817834,28,5.0,3.0,3.0,5.0,4.0,-0.07407407407407407,0.0,0.7785714285714286,0.9259259259259259,3,12,19,0.98828125,0.98828125,0.98828125,0.98828125,0.98828125,0.0,0.0,0.97265625,0.97265625,0.984375,0.9765625,0.9765625,0.984375,0.6,global_gap_early_commit,False,5,5,,primary,global_gap_early_commit,0.9765625,0.984375,0.98828125,12.0,2.562847183085978,True,tie_pass,False,False,False,False,False,False,5,5,,primary,global_gap_early_commit,0.9765625,0.984375,0.98828125,12.0,2.7109386026859283,True,tie_pass,False,False,False,False,False,False,5,5,,primary,global_gap_early_commit,0.9765625,0.984375,0.98828125,12.0,2.5329970130696893,True,tie_pass,False,False,False,False,False
SingleLineInfilling/HumanEval/61/L8,7,<=8,False,True,True,True,False,2,9,3.0,13.0,0.7552067879623404,0.5626827397680653,0.7450710834925974,0.6823204419889503,3.0,9.0,0.8984375,0.875,0.2222222222222222,4.0,True,0.19252404819427515,0.25492891650740257,47,9.0,2.0,2.0,9.0,6.0,-0.15217391304347827,-0.3333333333333333,0.624113475177305,0.8478260869565217,2,7,46,0.6328125,0.890625,0.625,0.90625,0.875,0.005604619565217391,0.0,0.5703125,0.3984375,0.5703125,0.6796875,0.5703125,0.6796875,0.2222222222222222,global_gap_early_commit,False,9,9,,primary,global_gap_early_commit,0.6796875,0.6796875,0.90625,7.0,3.2830803114920855,True,tie_pass,False,False,False,False,False,False,9,9,,primary,global_gap_early_commit,0.6796875,0.6796875,0.90625,7.0,3.359551793895662,True,tie_pass,False,False,False,False,False,False,9,9,,primary,global_gap_early_commit,0.6796875,0.6796875,0.90625,7.0,3.257320280186832,True,tie_pass,False,False,False,False,False
SingleLineInfilling/HumanEval/62/L0,20,17-24,True,False,False,False,True,3,3,3.0,13.0,0.48817234359996586,0.23350194666488538,0.47831867111306325,0.43803418803418803,3.0,3.0,,,0.0,10.0,True,0.2546703969350805,0.5216813288869367,54,3.0,0.0,0.0,3.0,2.0,-0.05660377358490566,-0.3333333333333333,0.5864197530864198,0.9433962264150944,2,21,53,0.45703125,0.7109375,0.45703125,0.7109375,0.4609375,0.004790683962264151,0.0,0.05615234375,0.05615234375,0.11767578125,0.142578125,0.142578125,0.1923828125,0.0,no_remaining_masks,True,32,3,32,rescue,no_remaining_masks,0.142578125,0.1923828125,0.7109375,21.0,5.501878123730421,False,tie_fail,False,False,False,True,False,True,24,3,24,rescue,no_remaining_masks,0.142578125,0.1923828125,0.7109375,21.0,5.084665535017848,False,tie_fail,False,False,False,True,False,True,24,3,24,rescue,no_remaining_masks,0.142578125,0.1923828125,0.7109375,21.0,5.030127793550491,False,tie_fail,False,False,False,True,False
SingleLineInfilling/HumanEval/63/L0,8,<=8,False,True,True,True,False,2,6,6.0,14.0,1.109147462958082,0.8191826543076745,0.7385696507143648,0.7019607843137254,6.0,6.0,0.99609375,0.9921875,0.5,8.0,True,0.2899648086504075,0.26143034928563524,28,6.0,3.0,3.0,6.0,5.0,-0.1111111111111111,-0.3333333333333333,0.7738095238095238,0.8888888888888888,2,10,26,0.99609375,0.99609375,0.9921875,0.99609375,0.99609375,0.0,0.001953125,0.9921875,0.984375,0.9921875,0.99609375,0.98828125,0.99609375,0.5,global_gap_early_commit,False,6,6,,primary,global_gap_early_commit,0.99609375,0.99609375,0.99609375,10.0,3.483421395532787,True,tie_pass,False,False,False,False,False,False,6,6,,primary,global_gap_early_commit,0.99609375,0.99609375,0.99609375,10.0,3.474293176084757,True,tie_pass,False,False,False,False,False,False,6,6,,primary,global_gap_early_commit,0.99609375,0.99609375,0.99609375,10.0,3.457843257114291,True,tie_pass,False,False,False,False,False
SingleLineInfilling/HumanEval/63/L1,5,<=8,False,True,True,True,False,0,5,5.0,13.0,1.1013825725753201,0.41005219902126216,0.37230677988889277,0.3515625,5.0,5.0,1.0,1.0,0.6,8.0,True,0.6913303735540579,0.6276932201111072,28,5.0,3.0,3.0,5.0,4.0,-0.07407407407407407,0.0,0.7785714285714286,0.9259259259259259,3,12,19,1.0,1.0,1.0,1.0,1.0,0.0,0.0,1.0,1.0,1.0,1.0,1.0,1.0,0.6,global_gap_early_commit,False,5,5,,primary,global_gap_early_commit,1.0,1.0,1.0,12.0,3.816905479878187,True,tie_pass,False,False,False,False,False,False,5,5,,primary,global_gap_early_commit,1.0,1.0,1.0,12.0,3.898160269483924,True,tie_pass,False,False,False,False,False,False,5,5,,primary,global_gap_early_commit,1.0,1.0,1.0,12.0,3.7507450003176928,True,tie_pass,False,False,False,False,False
SingleLineInfilling/HumanEval/63/L2,8,<=8,False,True,True,True,False,3,8,8.0,13.0,1.1328838852957985,1.0387989041871974,0.9169509052694882,0.890625,8.0,8.0,1.0,1.0,0.5,5.0,True,0.09408498110860108,0.08304909473051181,28,8.0,4.0,4.0,8.0,6.0,-0.14814814814814814,-0.3333333333333333,0.7767857142857143,0.8518518518518519,2,8,27,1.0,1.0,1.0,1.0,1.0,0.0,0.0,1.0,1.0,1.0,1.0,1.0,1.0,0.5,global_gap_early_commit,False,8,8,,primary,global_gap_early_commit,1.0,1.0,1.0,8.0,3.538395745679736,True,tie_pass,False,False,False,False,False,False,8,8,,primary,global_gap_early_commit,1.0,1.0,1.0,8.0,3.473184123635292,True,tie_pass,False,False,False,False,False,False,8,8,,primary,global_gap_early_commit,1.0,1.0,1.0,8.0,3.4489692831411958,True,tie_pass,False,False,False,False,False
SingleLineInfilling/HumanEval/63/L3,5,<=8,False,True,True,True,False,1,5,5.0,24.0,1.1013825725753201,0.5294082829648402,0.480676103061033,0.4375,5.0,5.0,1.0,1.0,0.6,19.0,True,0.5719742896104799,0.5193238969389671,28,5.0,3.0,3.0,5.0,4.0,-0.07407407407407407,0.0,0.7785714285714286,0.9259259259259259,3,12,19,1.0,1.0,1.0,1.0,1.0,0.0,0.0,1.0,1.0,1.0,1.0,1.0,1.0,0.6,global_gap_early_commit,False,5,5,,primary,global_gap_early_commit,1.0,1.0,1.0,12.0,3.684349068440497,True,tie_pass,False,False,False,False,False,False,5,5,,primary,global_gap_early_commit,1.0,1.0,1.0,12.0,3.646668141707778,True,tie_pass,False,False,False,False,False,False,5,5,,primary,global_gap_early_commit,1.0,1.0,1.0,12.0,3.6552821760997176,True,tie_pass,False,False,False,False,False
SingleLineInfilling/HumanEval/63/L4,8,<=8,False,True,True,True,False,3,8,8.0,13.0,1.1328838852957985,1.12080934399145,0.9893417662118162,0.9609375,8.0,8.0,1.0,0.99609375,0.5,5.0,True,0.012074541304348596,0.010658233788183757,28,8.0,4.0,4.0,8.0,6.0,-0.14814814814814814,-0.3333333333333333,0.7767857142857143,0.8518518518518519,2,8,27,1.0,1.0,1.0,1.0,1.0,0.0,0.0,0.99609375,0.99609375,0.99609375,0.99609375,0.99609375,1.0,0.5,global_gap_early_commit,False,8,8,,primary,global_gap_early_commit,0.99609375,1.0,1.0,8.0,3.496831293217838,True,tie_pass,False,False,False,False,False,False,8,8,,primary,global_gap_early_commit,0.99609375,1.0,1.0,8.0,3.4717887192964554,True,tie_pass,False,False,False,False,False,False,8,8,,primary,global_gap_early_commit,0.99609375,1.0,1.0,8.0,3.464877426624298,True,tie_pass,False,False,False,False,False
SingleLineInfilling/HumanEval/63/L5,5,<=8,False,True,True,True,False,1,6,6.0,20.0,1.1047978650641286,0.7246921093063152,0.6559499544871497,0.60546875,6.0,6.0,0.9921875,0.9921875,0.5,14.0,True,0.38010575575781336,0.34405004551285034,28,6.0,3.0,3.0,6.0,5.0,-0.1111111111111111,-0.3333333333333333,0.7738095238095238,0.8888888888888888,2,10,26,0.9921875,0.99609375,0.9921875,0.99609375,0.9921875,0.00014467592592592592,0.0,0.9921875,0.98828125,0.9921875,0.9921875,0.9921875,0.9921875,0.5,global_gap_early_commit,False,6,6,,primary,global_gap_early_commit,0.9921875,0.9921875,0.99609375,10.0,3.6790328165516257,True,tie_pass,False,False,False,False,False,False,6,6,,primary,global_gap_early_commit,0.9921875,0.9921875,0.99609375,10.0,3.768731564283371,True,tie_pass,False,False,False,False,False,False,6,6,,primary,global_gap_early_commit,0.9921875,0.9921875,0.99609375,10.0,3.65039876755327,True,tie_pass,False,False,False,False,False
SingleLineInfilling/HumanEval/63/L6,26,25+,True,False,False,False,True,0,13,10.0,13.0,0.5718343232064553,0.5490143331340233,0.9600933537104362,0.9450980392156862,10.0,13.0,0.79296875,0.65625,0.23076923076923078,0.0,False,0.022819990072432073,0.03990664628956375,47,13.0,3.0,3.0,13.0,8.0,-0.21739130434782608,-0.3333333333333333,0.6252045826513911,0.782608695652174,2,4,46,0.470703125,0.8984375,0.470703125,0.92578125,0.86328125,0.009298573369565218,0.0,0.498046875,0.267578125,0.671875,0.69140625,0.4296875,0.7890625,0.23076923076923078,global_gap_early_commit,False,13,13,,primary,global_gap_early_commit,0.69140625,0.7890625,0.92578125,4.0,4.932449661195278,False,tie_fail,False,False,True,False,False,False,13,13,,primary,global_gap_early_commit,0.69140625,0.7890625,0.92578125,4.0,5.062265242449939,False,tie_fail,False,False,True,False,False,False,13,13,,primary,global_gap_early_commit,0.69140625,0.7890625,0.92578125,4.0,4.888079319149256,False,tie_fail,False,False,True,False,False
SingleLineInfilling/HumanEval/64/L0,11,9-12,False,False,False,False,False,2,8,8.0,15.0,1.048802659434001,0.5353668000659875,0.5104552274446984,0.49156118143459915,8.0,8.0,0.86328125,0.73046875,0.5,7.0,True,0.5134358593680135,0.4895447725553016,28,8.0,4.0,4.0,8.0,6.0,-0.14814814814814814,-0.3333333333333333,0.7767857142857143,0.8518518518518519,2,8,27,0.92578125,0.9296875,0.92578125,0.9296875,0.9296875,0.00014467592592592592,0.0,0.7734375,0.7734375,0.8125,0.88671875,0.88671875,0.90234375,0.5,global_gap_early_commit,False,8,8,,primary,global_gap_early_commit,0.88671875,0.90234375,0.9296875,8.0,3.384638129733503,False,tie_fail,False,False,False,False,False,False,8,8,,primary,global_gap_early_commit,0.88671875,0.90234375,0.9296875,8.0,3.403555584140122,False,tie_fail,False,False,False,False,False,False,8,8,,primary,global_gap_early_commit,0.88671875,0.90234375,0.9296875,8.0,3.334938465617597,False,tie_fail,False,False,False,False,False
SingleLineInfilling/HumanEval/64/L1,16,13-16,False,False,False,False,False,0,13,11.0,13.0,1.136695489230104,1.1253654795361305,0.9900325022828697,0.9724409448818898,11.0,13.0,0.890625,0.8046875,0.3076923076923077,0.0,False,0.011330009693973464,0.009967497717130347,42,13.0,4.0,4.0,13.0,9.0,-0.21951219512195122,-0.3333333333333333,0.6648351648351648,0.7804878048780488,2,4,41,0.96484375,0.94921875,0.921875,0.96484375,0.94140625,-0.00038109756097560977,0.0,0.7734375,0.765625,0.84375,0.8671875,0.85546875,0.90234375,0.3076923076923077,global_gap_early_commit,False,13,13,,primary,global_gap_early_commit,0.8671875,0.90234375,0.96484375,4.0,3.9128349320963025,False,tie_fail,False,False,False,False,False,False,13,13,,primary,global_gap_early_commit,0.8671875,0.90234375,0.96484375,4.0,4.005599031224847,False,tie_fail,False,False,False,False,False,False,13,13,,primary,global_gap_early_commit,0.8671875,0.90234375,0.96484375,4.0,3.863932761363685,False,tie_fail,False,False,False,False,False
SingleLineInfilling/HumanEval/64/L2,20,17-24,True,False,False,False,True,2,5,5.0,16.0,1.011034783418751,0.7150541504749109,0.7072498020859381,0.6595744680851063,5.0,5.0,0.90625,0.8828125,0.6,11.0,True,0.29598063294384,0.29275019791406187,28,5.0,3.0,3.0,5.0,4.0,-0.07407407407407407,0.0,0.7785714285714286,0.9259259259259259,3,12,19,0.91796875,0.9453125,0.91796875,0.9453125,0.921875,0.0010127314814814814,0.0,0.8828125,0.8671875,0.8828125,0.90625,0.90234375,0.90625,0.6,global_gap_early_commit,False,5,5,,primary,global_gap_early_commit,0.90625,0.90625,0.9453125,12.0,2.8561937185004354,False,tie_fail,False,False,True,False,False,False,5,5,,primary,global_gap_early_commit,0.90625,0.90625,0.9453125,12.0,2.8335286118090153,False,tie_fail,False,False,True,False,False,False,5,5,,primary,global_gap_early_commit,0.90625,0.90625,0.9453125,12.0,2.8036281066015363,False,tie_fail,False,False,True,False,False
SingleLineInfilling/HumanEval/64/L3,9,9-12,False,False,True,True,False,4,9,9.0,14.0,1.136461599460008,1.0983454582896193,0.9664606871112058,0.9411764705882353,9.0,9.0,0.9921875,0.984375,0.3333333333333333,5.0,True,0.03811614117038875,0.03353931288879419,40,9.0,3.0,3.0,9.0,6.0,-0.15384615384615385,-0.3333333333333333,0.6777777777777778,0.8461538461538461,2,7,39,0.99609375,0.99609375,0.99609375,0.99609375,0.99609375,0.0,0.0,0.98828125,0.98828125,0.9921875,0.9921875,0.9921875,0.99609375,0.3333333333333333,global_gap_early_commit,False,9,9,,primary,global_gap_early_commit,0.9921875,0.99609375,0.99609375,7.0,4.205745628103614,True,tie_pass,False,False,False,False,False,False,9,9,,primary,global_gap_early_commit,0.9921875,0.99609375,0.99609375,7.0,4.171106865629554,True,tie_pass,False,False,False,False,False,False,9,9,,primary,global_gap_early_commit,0.9921875,0.99609375,0.99609375,7.0,4.209229332394898,True,tie_pass,False,False,False,False,False
SingleLineInfilling/HumanEval/64/L4,7,<=8,False,True,True,True,False,2,7,5.0,13.0,1.0196393347669956,0.6879764672467843,0.6747253109885156,0.6371308016877637,5.0,7.0,0.98828125,0.98046875,0.5714285714285714,6.0,True,0.33166286752021135,0.3252746890114844,28,7.0,4.0,4.0,7.0,5.0,-0.1111111111111111,0.0,0.7704081632653061,0.8888888888888888,3,8,22,0.8984375,0.9921875,0.8984375,0.9921875,0.962890625,0.003472222222222222,0.0,0.98046875,0.8515625,0.92578125,0.98828125,0.8984375,0.955078125,0.5714285714285714,global_gap_early_commit,False,7,7,,primary,global_gap_early_commit,0.98828125,0.955078125,0.9921875,8.0,3.484071592800319,True,tie_pass,False,False,False,False,False,False,7,7,,primary,global_gap_early_commit,0.98828125,0.955078125,0.9921875,8.0,3.4403680684044957,True,tie_pass,False,False,False,False,False,False,7,7,,primary,global_gap_early_commit,0.98828125,0.955078125,0.9921875,8.0,3.4745786655694246,True,tie_pass,False,False,False,False,False
SingleLineInfilling/HumanEval/65/L0,7,<=8,False,True,True,True,False,0,7,7.0,14.0,1.1238436146785018,0.6452779567451513,0.5741705948382739,0.55078125,7.0,7.0,1.0,1.0,0.5714285714285714,7.0,True,0.4785656579333505,0.42582940516172607,28,7.0,4.0,4.0,7.0,5.0,-0.1111111111111111,0.0,0.7704081632653061,0.8888888888888888,3,8,22,1.0,1.0,1.0,1.0,1.0,0.0,0.0,1.0,1.0,1.0,1.0,1.0,1.0,0.5714285714285714,global_gap_early_commit,False,7,7,,primary,global_gap_early_commit,1.0,1.0,1.0,8.0,2.778173243626952,True,tie_pass,False,False,False,False,False,False,7,7,,primary,global_gap_early_commit,1.0,1.0,1.0,8.0,2.6345291854813695,True,tie_pass,False,False,False,False,False,False,7,7,,primary,global_gap_early_commit,1.0,1.0,1.0,8.0,2.63025994412601,True,tie_pass,False,False,False,False,False
SingleLineInfilling/HumanEval/65/L1,8,<=8,False,True,True,True,False,2,8,8.0,20.0,1.0576533147878744,1.0566478496982403,0.9990493434137862,0.9456066945606695,8.0,8.0,0.89453125,0.796875,0.5,12.0,True,0.0010054650896340611,0.0009506565862138494,28,8.0,4.0,4.0,8.0,6.0,-0.14814814814814814,-0.3333333333333333,0.7767857142857143,0.8518518518518519,2,8,27,0.93359375,0.9375,0.93359375,0.9375,0.9375,0.00014467592592592592,0.0,0.8125,0.8125,0.84375,0.90234375,0.90234375,0.9140625,0.5,global_gap_early_commit,False,8,8,,primary,global_gap_early_commit,0.90234375,0.9140625,0.9375,8.0,2.5926264077425003,True,tie_pass,False,False,False,False,False,False,8,8,,primary,global_gap_early_commit,0.90234375,0.9140625,0.9375,8.0,2.577504951506853,True,tie_pass,False,False,False,False,False,False,8,8,,primary,global_gap_early_commit,0.90234375,0.9140625,0.9375,8.0,2.6576788956299424,True,tie_pass,False,False,False,False,False
SingleLineInfilling/HumanEval/65/L2,8,<=8,False,True,True,True,False,2,8,8.0,13.0,1.1240332299419251,0.8155482624978436,0.7255552956739367,0.7019607843137254,8.0,8.0,0.99609375,0.99609375,0.5,5.0,True,0.3084849674440815,0.27444470432606327,28,8.0,4.0,4.0,8.0,6.0,-0.14814814814814814,-0.3333333333333333,0.7767857142857143,0.8518518518518519,2,8,27,0.9921875,0.9921875,0.9921875,0.9921875,0.9921875,0.0,0.0,0.98046875,0.98046875,0.98046875,0.98828125,0.98828125,0.98828125,0.5,global_gap_early_commit,False,8,8,,primary,global_gap_early_commit,0.98828125,0.98828125,0.9921875,8.0,2.5899720285087824,True,tie_pass,False,False,False,False,False,False,8,8,,primary,global_gap_early_commit,0.98828125,0.98828125,0.9921875,8.0,2.5881619499996305,True,tie_pass,False,False,False,False,False,False,8,8,,primary,global_gap_early_commit,0.98828125,0.98828125,0.9921875,8.0,2.5881787817925215,True,tie_pass,False,False,False,False,False
SingleLineInfilling/HumanEval/65/L3,4,<=8,False,True,True,True,False,3,4,4.0,16.0,1.086734862526058,1.0195288209997118,0.9381578305400736,0.86328125,4.0,4.0,1.0,1.0,0.5,12.0,True,0.06720604152634624,0.06184216945992638,28,4.0,2.0,2.0,4.0,3.0,-0.07407407407407407,0.0,0.7767857142857143,0.9259259259259259,3,14,23,1.0,1.0,1.0,1.0,1.0,0.0,0.0,1.0,1.0,1.0,1.0,1.0,1.0,0.5,global_gap_early_commit,False,4,4,,primary,global_gap_early_commit,1.0,1.0,1.0,14.0,2.8172415550798178,True,tie_pass,False,False,False,False,False,False,4,4,,primary,global_gap_early_commit,1.0,1.0,1.0,14.0,2.689743692986667,True,tie_pass,False,False,False,False,False,False,4,4,,primary,global_gap_early_commit,1.0,1.0,1.0,14.0,2.718006688170135,True,tie_pass,False,False,False,False,False
SingleLineInfilling/HumanEval/65/L4,19,17-24,True,False,False,False,True,3,3,3.0,14.0,0.9054136629161761,0.510272994163719,0.5635799580494738,0.5138248847926268,3.0,3.0,0.9609375,0.953125,0.3333333333333333,11.0,True,0.3951406687524571,0.4364200419505262,33,3.0,1.0,1.0,3.0,2.0,-0.0625,-0.3333333333333333,0.7575757575757576,0.9375,2,21,32,0.84765625,0.76171875,0.76171875,0.84765625,0.76171875,-0.002685546875,0.0,0.546875,0.546875,0.546875,0.6484375,0.6484375,0.6484375,0.3333333333333333,global_gap_early_commit,False,3,3,,primary,global_gap_early_commit,0.6484375,0.6484375,0.84765625,21.0,2.4745648885145783,False,tie_fail,False,False,True,False,False,False,3,3,,primary,global_gap_early_commit,0.6484375,0.6484375,0.84765625,21.0,2.4591778656467795,False,tie_fail,False,False,True,False,False,True,24,3,24,rescue,global_gap_early_commit,0.6484375,0.6484375,0.84765625,21.0,5.650556502863765,False,tie_fail,False,False,False,True,False
SingleLineInfilling/HumanEval/66/L0,10,9-12,False,False,True,True,False,0,4,4.0,13.0,0.8957072499726494,0.46700389332977077,0.5213800528510077,0.48578199052132703,4.0,4.0,0.6796875,0.6171875,0.5,9.0,True,0.4287033566428786,0.47861994714899225,28,4.0,2.0,2.0,4.0,3.0,-0.07407407407407407,0.0,0.7767857142857143,0.9259259259259259,3,14,23,0.82421875,0.83984375,0.82421875,0.83984375,0.82421875,0.0005787037037037037,0.0,0.6171875,0.6171875,0.71875,0.6796875,0.6796875,0.765625,0.5,global_gap_early_commit,False,4,4,,primary,global_gap_early_commit,0.6796875,0.765625,0.83984375,14.0,2.694434329867363,True,tie_pass,False,False,False,False,False,False,4,4,,primary,global_gap_early_commit,0.6796875,0.765625,0.83984375,14.0,2.6359163960441947,True,tie_pass,False,False,False,False,False,False,4,4,,primary,global_gap_early_commit,0.6796875,0.765625,0.83984375,14.0,2.758288888260722,True,tie_pass,False,False,False,False,False
SingleLineInfilling/HumanEval/66/L1,21,17-24,True,False,False,False,True,1,3,3.0,13.0,0.4860861370033848,0.29045364097339404,0.5975353314208414,0.5472103004291845,3.0,3.0,,,0.0,10.0,True,0.19563249602999078,0.40246466857915864,54,3.0,0.0,0.0,3.0,2.0,-0.05660377358490566,-0.3333333333333333,0.5864197530864198,0.9433962264150944,2,21,53,0.455078125,0.7109375,0.455078125,0.7109375,0.515625,0.004827535377358491,0.0,0.044921875,0.044921875,0.1318359375,0.1435546875,0.1435546875,0.2734375,0.0,no_remaining_masks,True,32,3,32,rescue,no_remaining_masks,0.1435546875,0.2734375,0.7109375,21.0,6.88640377856791,True,win,True,False,False,False,True,True,24,3,24,rescue,no_remaining_masks,0.1435546875,0.2734375,0.7109375,21.0,6.574158161878586,False,tie_fail,False,False,False,True,False,True,24,3,24,rescue,no_remaining_masks,0.1435546875,0.2734375,0.7109375,21.0,6.7038182923570275,False,tie_fail,False,False,False,True,False
SingleLineInfilling/HumanEval/67/L0,6,<=8,False,True,True,True,False,3,4,4.0,13.0,1.086734862526058,0.5376239942723214,0.4947149602090088,0.4609375,4.0,4.0,1.0,1.0,0.5,9.0,True,0.5491108682537366,0.5052850397909912,28,4.0,2.0,2.0,4.0,3.0,-0.07407407407407407,0.0,0.7767857142857143,0.9259259259259259,3,14,23,1.0,1.0,1.0,1.0,1.0,0.0,0.0,1.0,1.0,1.0,1.0,1.0,1.0,0.5,global_gap_early_commit,False,4,4,,primary,global_gap_early_commit,1.0,1.0,1.0,14.0,4.784531017765403,True,tie_pass,False,False,False,False,False,False,4,4,,primary,global_gap_early_commit,1.0,1.0,1.0,14.0,4.713786854408681,True,tie_pass,False,False,False,False,False,False,4,4,,primary,global_gap_early_commit,1.0,1.0,1.0,14.0,4.67557530477643,True,tie_pass,False,False,False,False,False
SingleLineInfilling/HumanEval/67/L1,10,9-12,False,False,False,False,False,1,7,7.0,14.0,1.1238436146785018,0.9518993971843368,0.8470034306834113,0.8125,7.0,7.0,1.0,1.0,0.5714285714285714,7.0,True,0.171944217494165,0.15299656931658867,28,7.0,4.0,4.0,7.0,5.0,-0.1111111111111111,0.0,0.7704081632653061,0.8888888888888888,3,8,22,1.0,1.0,1.0,1.0,1.0,0.0,0.0,1.0,0.99609375,0.998046875,1.0,1.0,1.0,0.5714285714285714,global_gap_early_commit,False,7,7,,primary,global_gap_early_commit,1.0,1.0,1.0,8.0,4.318360541947186,False,tie_fail,False,False,False,False,False,False,7,7,,primary,global_gap_early_commit,1.0,1.0,1.0,8.0,4.307956904172897,False,tie_fail,False,False,False,False,False,False,7,7,,primary,global_gap_early_commit,1.0,1.0,1.0,8.0,4.2598498146981,False,tie_fail,False,False,False,False,False
SingleLineInfilling/HumanEval/67/L2,7,<=8,False,True,True,True,False,1,7,5.0,13.0,1.0798711942047083,0.5262336554106197,0.4873115036633369,0.4547244094488189,5.0,7.0,0.84375,0.75,0.5714285714285714,6.0,True,0.5536375387940886,0.5126884963366631,28,7.0,4.0,4.0,7.0,5.0,-0.1111111111111111,0.0,0.7704081632653061,0.8888888888888888,3,8,22,0.9375,0.91015625,0.91015625,0.9375,0.935546875,-0.0010127314814814814,0.0,0.75,0.75,0.87109375,0.84375,0.84375,0.91796875,0.5714285714285714,global_gap_early_commit,False,7,7,,primary,global_gap_early_commit,0.84375,0.91796875,0.9375,8.0,4.412511132657528,True,tie_pass,False,False,False,False,False,False,7,7,,primary,global_gap_early_commit,0.84375,0.91796875,0.9375,8.0,4.359938363544643,True,tie_pass,False,False,False,False,False,False,7,7,,primary,global_gap_early_commit,0.84375,0.91796875,0.9375,8.0,4.37849872931838,True,tie_pass,False,False,False,False,False
SingleLineInfilling/HumanEval/67/L3,7,<=8,False,True,True,True,False,2,7,7.0,14.0,1.119453600558664,0.7688418208027336,0.6868009718482683,0.6588235294117647,7.0,7.0,0.9921875,0.9921875,0.5714285714285714,7.0,True,0.3506117797559304,0.31319902815173173,28,7.0,4.0,4.0,7.0,5.0,-0.1111111111111111,0.0,0.7704081632653061,0.8888888888888888,3,8,22,0.99609375,0.99609375,0.99609375,0.99609375,0.99609375,0.0,0.0,0.9921875,0.9921875,0.99609375,0.9921875,0.9921875,0.99609375,0.5714285714285714,global_gap_early_commit,False,7,7,,primary,global_gap_early_commit,0.9921875,0.99609375,0.99609375,8.0,4.390955146402121,True,tie_pass,False,False,False,False,False,False,7,7,,primary,global_gap_early_commit,0.9921875,0.99609375,0.99609375,8.0,4.342765285633504,True,tie_pass,False,False,False,False,False,False,7,7,,primary,global_gap_early_commit,0.9921875,0.99609375,0.99609375,8.0,4.263858704827726,True,tie_pass,False,False,False,False,False
SingleLineInfilling/HumanEval/67/L4,9,9-12,False,False,False,False,False,4,3,3.0,13.0,0.42558614570253434,0.21072126894148194,0.49513188121675056,0.4534313725490196,3.0,3.0,0.76171875,0.64453125,0.3333333333333333,10.0,True,0.2148648767610524,0.5048681187832494,33,3.0,1.0,1.0,3.0,2.0,-0.0625,-0.3333333333333333,0.7575757575757576,0.9375,2,21,32,0.3984375,0.55078125,0.3984375,0.55078125,0.55078125,0.0047607421875,0.0,0.248046875,0.2099609375,0.248046875,0.33203125,0.33203125,0.33203125,0.3333333333333333,global_gap_early_commit,True,32,3,32,rescue,global_gap_early_commit,0.33203125,0.33203125,0.55078125,21.0,9.293549611233175,True,win,True,False,False,False,False,True,24,3,24,rescue,global_gap_early_commit,0.33203125,0.33203125,0.55078125,21.0,9.423737852834165,True,win,True,False,False,False,False,True,24,3,24,rescue,global_gap_early_commit,0.33203125,0.33203125,0.55078125,21.0,9.505888405255973,True,win,True,False,False,False,False
SingleLineInfilling/HumanEval/68/L0,12,9-12,False,False,True,True,False,0,9,9.0,13.0,1.0384139320556152,0.448779351151048,0.4321777061124911,0.4227467811158798,9.0,9.0,0.9453125,0.8984375,0.3333333333333333,4.0,True,0.5896345809045671,0.5678222938875088,40,9.0,3.0,3.0,9.0,6.0,-0.15384615384615385,-0.3333333333333333,0.6777777777777778,0.8461538461538461,2,7,39,0.91015625,0.96484375,0.91015625,0.96484375,0.95703125,0.0014022435897435897,0.0,0.84375,0.84375,0.875,0.91796875,0.91015625,0.91796875,0.3333333333333333,global_gap_early_commit,False,9,9,,primary,global_gap_early_commit,0.91796875,0.91796875,0.96484375,7.0,6.62905253097415,True,tie_pass,False,False,False,False,False,False,9,9,,primary,global_gap_early_commit,0.91796875,0.91796875,0.96484375,7.0,6.439639123156667,True,tie_pass,False,False,False,False,False,False,9,9,,primary,global_gap_early_commit,0.91796875,0.91796875,0.96484375,7.0,6.503691832534969,True,tie_pass,False,False,False,False,False
SingleLineInfilling/HumanEval/68/L1,19,17-24,True,False,True,True,False,0,20,20.0,20.0,1.037946117845174,1.037946117845174,1.0,1.0,20.0,20.0,1.0,1.0,0.1,0.0,False,0.0,0.0,56,20.0,2.0,2.0,20.0,11.0,-0.32727272727272727,-0.3333333333333333,0.5544642857142857,0.6727272727272727,2,3,55,0.8671875,0.90234375,0.859375,0.90234375,0.89453125,0.0006392045454545455,0.0,0.06787109375,0.06787109375,0.73046875,0.357421875,0.357421875,0.814453125,0.1,global_gap_early_commit,False,20,20,,primary,global_gap_early_commit,0.357421875,0.814453125,0.90234375,3.0,7.8816660437732935,True,tie_pass,False,False,False,False,False,False,20,20,,primary,global_gap_early_commit,0.357421875,0.814453125,0.90234375,3.0,7.840403338894248,True,tie_pass,False,False,False,False,False,False,20,20,,primary,global_gap_early_commit,0.357421875,0.814453125,0.90234375,3.0,7.976976807229221,True,tie_pass,False,False,False,False,False
SingleLineInfilling/HumanEval/68/L2,10,9-12,False,False,True,True,False,1,13,13.0,13.0,1.1390338861701725,1.1390338861701725,1.0,1.0,13.0,13.0,0.96875,0.9375,0.3076923076923077,0.0,False,0.0,0.0,42,13.0,4.0,4.0,13.0,9.0,-0.21951219512195122,-0.3333333333333333,0.6648351648351648,0.7804878048780488,2,4,41,0.9765625,0.98828125,0.9765625,0.98828125,0.984375,0.0002858231707317073,0.0,0.9375,0.9375,0.953125,0.96875,0.96875,0.97265625,0.3076923076923077,global_gap_early_commit,False,13,13,,primary,global_gap_early_commit,0.96875,0.97265625,0.98828125,4.0,6.575740600004792,True,tie_pass,False,False,False,False,False,False,13,13,,primary,global_gap_early_commit,0.96875,0.97265625,0.98828125,4.0,6.563112621195614,True,tie_pass,False,False,False,False,False,False,13,13,,primary,global_gap_early_commit,0.96875,0.97265625,0.98828125,4.0,6.516876669600606,True,tie_pass,False,False,False,False,False
SingleLineInfilling/HumanEval/68/L3,15,13-16,False,False,False,False,False,0,3,3.0,13.0,0.44018959187860174,0.21072126894148194,0.4787057050626403,0.43838862559241704,3.0,3.0,,,0.0,10.0,True,0.2294683229371198,0.5212942949373597,54,3.0,0.0,0.0,3.0,2.0,-0.05660377358490566,-0.3333333333333333,0.5864197530864198,0.9433962264150944,2,21,53,0.412109375,0.76171875,0.412109375,0.76171875,0.5,0.006596403301886792,0.0,0.2060546875,0.11962890625,0.2060546875,0.2890625,0.251953125,0.2890625,0.0,no_remaining_masks,True,32,3,32,rescue,no_remaining_masks,0.2890625,0.2890625,0.76171875,21.0,13.530435065738857,False,tie_fail,False,False,False,False,False,True,24,3,24,rescue,no_remaining_masks,0.2890625,0.2890625,0.76171875,21.0,11.746878831647336,False,tie_fail,False,False,False,False,False,True,24,3,24,rescue,no_remaining_masks,0.2890625,0.2890625,0.76171875,21.0,11.693472697399557,False,tie_fail,False,False,False,False,False
SingleLineInfilling/HumanEval/69/L0,18,17-24,True,False,False,False,True,0,6,6.0,13.0,1.109147462958082,0.8656657534893312,0.7804785047973799,0.7450980392156863,6.0,6.0,0.9921875,0.98828125,0.5,7.0,True,0.2434817094687508,0.2195214952026201,28,6.0,3.0,3.0,6.0,5.0,-0.1111111111111111,-0.3333333333333333,0.7738095238095238,0.8888888888888888,2,10,26,0.99609375,0.99609375,0.99609375,0.99609375,0.99609375,0.0,0.0,0.98828125,0.98828125,0.9921875,0.9921875,0.9921875,0.99609375,0.5,global_gap_early_commit,False,6,6,,primary,global_gap_early_commit,0.9921875,0.99609375,0.99609375,10.0,3.9545349227264524,False,tie_fail,False,False,True,False,False,False,6,6,,primary,global_gap_early_commit,0.9921875,0.99609375,0.99609375,10.0,3.9737013783305883,False,tie_fail,False,False,True,False,False,False,6,6,,primary,global_gap_early_commit,0.9921875,0.99609375,0.99609375,10.0,3.951700887642801,False,tie_fail,False,False,True,False,False
SingleLineInfilling/HumanEval/69/L1,7,<=8,False,True,True,True,False,4,7,7.0,13.0,1.1238436146785018,0.692532602791465,0.6162179450470766,0.59375,7.0,7.0,1.0,1.0,0.5714285714285714,6.0,True,0.4313110118870368,0.3837820549529234,28,7.0,4.0,4.0,7.0,5.0,-0.1111111111111111,0.0,0.7704081632653061,0.8888888888888888,3,8,22,1.0,1.0,1.0,1.0,1.0,0.0,0.0,1.0,1.0,1.0,1.0,1.0,1.0,0.5714285714285714,global_gap_early_commit,False,7,7,,primary,global_gap_early_commit,1.0,1.0,1.0,8.0,3.6542782448232174,True,tie_pass,False,False,False,False,False,False,7,7,,primary,global_gap_early_commit,1.0,1.0,1.0,8.0,3.620651952922344,True,tie_pass,False,False,False,False,False,False,7,7,,primary,global_gap_early_commit,1.0,1.0,1.0,8.0,3.604070291854441,True,tie_pass,False,False,False,False,False
SingleLineInfilling/HumanEval/69/L2,10,9-12,False,False,True,True,False,4,9,9.0,13.0,1.1275481751505179,0.9157832444808188,0.8121899043103589,0.7913385826771654,9.0,9.0,0.98046875,0.96484375,0.3333333333333333,4.0,True,0.21176493066969904,0.18781009568964113,40,9.0,3.0,3.0,9.0,6.0,-0.15384615384615385,-0.3333333333333333,0.6777777777777778,0.8461538461538461,2,7,39,0.98828125,0.9921875,0.98828125,0.9921875,0.9921875,0.00010016025641025641,0.0,0.96875,0.96875,0.9765625,0.98046875,0.98046875,0.98828125,0.3333333333333333,global_gap_early_commit,False,9,9,,primary,global_gap_early_commit,0.98046875,0.98828125,0.9921875,7.0,4.535099104978144,True,tie_pass,False,False,False,False,False,False,9,9,,primary,global_gap_early_commit,0.98046875,0.98828125,0.9921875,7.0,4.576189082115889,True,tie_pass,False,False,False,False,False,False,9,9,,primary,global_gap_early_commit,0.98046875,0.98828125,0.9921875,7.0,4.527048530057073,True,tie_pass,False,False,False,False,False
SingleLineInfilling/HumanEval/69/L4,6,<=8,False,True,True,True,False,3,6,6.0,24.0,1.0917490713822688,0.8319273018018918,0.7620132900581125,0.701195219123506,6.0,6.0,0.95703125,0.91796875,0.5,18.0,True,0.25982176958037706,0.23798670994188753,28,6.0,3.0,3.0,6.0,5.0,-0.1111111111111111,-0.3333333333333333,0.7738095238095238,0.8888888888888888,2,10,26,0.98046875,0.98046875,0.9765625,0.984375,0.98046875,0.0,-0.001953125,0.91796875,0.91796875,0.953125,0.95703125,0.95703125,0.9765625,0.5,global_gap_early_commit,False,6,6,,primary,global_gap_early_commit,0.95703125,0.9765625,0.984375,10.0,3.842514732852578,True,tie_pass,False,False,False,False,False,False,6,6,,primary,global_gap_early_commit,0.95703125,0.9765625,0.984375,10.0,3.8673763647675514,True,tie_pass,False,False,False,False,False,False,6,6,,primary,global_gap_early_commit,0.95703125,0.9765625,0.984375,10.0,3.804992076009512,True,tie_pass,False,False,False,False,False
SingleLineInfilling/HumanEval/69/L5,13,13-16,False,False,False,False,False,3,7,7.0,13.0,1.1238436146785018,0.9932375487403905,0.8837862632912019,0.8515625,7.0,7.0,1.0,1.0,0.5714285714285714,6.0,True,0.1306060659381113,0.11621373670879809,28,7.0,4.0,4.0,7.0,5.0,-0.1111111111111111,0.0,0.7704081632653061,0.8888888888888888,3,8,22,1.0,1.0,1.0,1.0,1.0,0.0,0.0,1.0,1.0,1.0,1.0,1.0,1.0,0.5714285714285714,global_gap_early_commit,False,7,7,,primary,global_gap_early_commit,1.0,1.0,1.0,8.0,3.58800111617893,False,tie_fail,False,False,False,False,False,False,7,7,,primary,global_gap_early_commit,1.0,1.0,1.0,8.0,3.5473319264128804,False,tie_fail,False,False,False,False,False,False,7,7,,primary,global_gap_early_commit,1.0,1.0,1.0,8.0,3.531431564129889,False,tie_fail,False,False,False,False,False
SingleLineInfilling/HumanEval/69/L6,10,9-12,False,False,True,True,False,3,9,9.0,14.0,1.065154204984086,0.9518993971843368,0.8936728529354664,0.8702928870292888,9.0,9.0,0.9375,0.890625,0.3333333333333333,5.0,True,0.11325480779974928,0.10632714706453361,40,9.0,3.0,3.0,9.0,6.0,-0.15384615384615385,-0.3333333333333333,0.6777777777777778,0.8461538461538461,2,7,39,0.93359375,0.9765625,0.93359375,0.9765625,0.9375,0.0011017628205128205,0.0,0.9140625,0.83203125,0.8828125,0.94921875,0.8984375,0.9296875,0.3333333333333333,global_gap_early_commit,False,9,9,,primary,global_gap_early_commit,0.94921875,0.9296875,0.9765625,7.0,4.787537281401455,True,tie_pass,False,False,False,False,False,False,9,9,,primary,global_gap_early_commit,0.94921875,0.9296875,0.9765625,7.0,4.781882484443486,True,tie_pass,False,False,False,False,False,False,9,9,,primary,global_gap_early_commit,0.94921875,0.9296875,0.9765625,7.0,4.757511797361076,True,tie_pass,False,False,False,False,False
SingleLineInfilling/HumanEval/69/L7,5,<=8,False,True,False,False,False,2,8,8.0,13.0,1.1107572469111149,0.6150782985318932,0.5537468247381266,0.5294117647058824,8.0,8.0,0.9921875,0.984375,0.5,5.0,True,0.49567894837922166,0.44625317526187336,28,8.0,4.0,4.0,8.0,6.0,-0.14814814814814814,-0.3333333333333333,0.7767857142857143,0.8518518518518519,2,8,27,0.98046875,0.9921875,0.98046875,0.9921875,0.9921875,0.00043402777777777775,0.0,0.98046875,0.96875,0.98046875,0.98828125,0.98046875,0.98828125,0.5,global_gap_early_commit,False,8,8,,primary,global_gap_early_commit,0.98828125,0.98828125,0.9921875,8.0,3.6587737863883376,False,tie_fail,False,False,False,False,False,False,8,8,,primary,global_gap_early_commit,0.98828125,0.98828125,0.9921875,8.0,3.6601889906451106,False,tie_fail,False,False,False,False,False,False,8,8,,primary,global_gap_early_commit,0.98828125,0.98828125,0.9921875,8.0,3.6465706573799253,False,tie_fail,False,False,False,False,False
SingleLineInfilling/HumanEval/69/L9,4,<=8,False,True,True,True,False,4,3,3.0,13.0,0.9638274476204455,0.3986618601595604,0.4136236845545336,0.3787878787878788,3.0,3.0,0.9296875,0.86328125,0.3333333333333333,10.0,True,0.5651655874608851,0.5863763154454664,33,3.0,1.0,1.0,3.0,2.0,-0.0625,-0.3333333333333333,0.7575757575757576,0.9375,2,21,32,0.90234375,0.9296875,0.90234375,0.9296875,0.9296875,0.0008544921875,0.0,0.8203125,0.8203125,0.8203125,0.8984375,0.8984375,0.8984375,0.3333333333333333,global_gap_early_commit,False,3,3,,primary,global_gap_early_commit,0.8984375,0.8984375,0.9296875,21.0,4.202424344606698,True,tie_pass,False,False,False,False,False,False,3,3,,primary,global_gap_early_commit,0.8984375,0.8984375,0.9296875,21.0,4.144855160266161,True,tie_pass,False,False,False,False,False,False,3,3,,primary,global_gap_early_commit,0.8984375,0.8984375,0.9296875,21.0,4.162284936755896,True,tie_pass,False,False,False,False,False
SingleLineInfilling/HumanEval/7/L0,14,13-16,False,False,False,False,False,4,3,3.0,13.0,0.4965171699862901,0.27450716656701163,0.5528654055902867,0.5063025210084033,3.0,3.0,,,0.0,10.0,True,0.22201000341927846,0.44713459440971326,54,3.0,0.0,0.0,3.0,2.0,-0.05660377358490566,-0.3333333333333333,0.5864197530864198,0.9433962264150944,2,21,53,0.46484375,0.8359375,0.46484375,0.8359375,0.474609375,0.0070017688679245285,0.0,0.26953125,0.04638671875,0.26953125,0.51171875,0.212890625,0.46484375,0.0,no_remaining_masks,True,32,3,32,rescue,no_remaining_masks,0.51171875,0.46484375,0.8359375,21.0,6.929337937384844,False,tie_fail,False,False,False,False,False,True,24,3,24,rescue,no_remaining_masks,0.51171875,0.46484375,0.8359375,21.0,5.066479425877333,True,win,True,False,False,False,False,True,24,3,24,rescue,no_remaining_masks,0.51171875,0.46484375,0.8359375,21.0,6.8350123362615705,True,win,True,False,False,False,False
SingleLineInfilling/HumanEval/70/L0,8,<=8,False,True,True,True,False,3,10,10.0,15.0,1.0136043689777168,0.6709317837736838,0.6619266888622041,0.6460176991150443,10.0,10.0,0.91015625,0.8203125,0.3,5.0,True,0.342672585204033,0.33807331113779593,42,10.0,3.0,3.0,10.0,7.0,-0.17073170731707318,-0.3333333333333333,0.6666666666666666,0.8292682926829268,2,6,41,0.8828125,0.8984375,0.8828125,0.90234375,0.88671875,0.00038109756097560977,0.0,0.56640625,0.56640625,0.7421875,0.75,0.75,0.8515625,0.3,global_gap_early_commit,False,10,10,,primary,global_gap_early_commit,0.75,0.8515625,0.90234375,6.0,3.2944781966507435,True,tie_pass,False,False,False,False,False,False,10,10,,primary,global_gap_early_commit,0.75,0.8515625,0.90234375,6.0,3.2439890624955297,True,tie_pass,False,False,False,False,False,False,10,10,,primary,global_gap_early_commit,0.75,0.8515625,0.90234375,6.0,3.316956676542759,True,tie_pass,False,False,False,False,False
SingleLineInfilling/HumanEval/70/L1,5,<=8,False,True,True,True,False,2,11,11.0,13.0,1.1141420073009352,0.4875065032808339,0.43756226772370144,0.41796875,11.0,11.0,0.9609375,0.92578125,0.36363636363636365,2.0,True,0.6266355040201013,0.5624377322762986,40,11.0,4.0,4.0,11.0,7.5,-0.1794871794871795,-0.3333333333333333,0.6795454545454546,0.8205128205128205,2,5,37,0.96484375,0.984375,0.9453125,0.984375,0.984375,0.000500801282051282,0.0,0.92578125,0.89453125,0.9453125,0.9609375,0.93359375,0.96875,0.36363636363636365,global_gap_early_commit,False,11,11,,primary,global_gap_early_commit,0.9609375,0.96875,0.984375,5.0,3.2931703412905335,True,tie_pass,False,False,False,False,False,False,11,11,,primary,global_gap_early_commit,0.9609375,0.96875,0.984375,5.0,3.2451496925204992,True,tie_pass,False,False,False,False,False,False,11,11,,primary,global_gap_early_commit,0.9609375,0.96875,0.984375,5.0,3.2927676560357213,True,tie_pass,False,False,False,False,False
SingleLineInfilling/HumanEval/70/L2,15,13-16,False,False,False,False,False,2,8,8.0,24.0,1.048802659434001,0.8366541614712207,0.7977231502470934,0.7468354430379747,8.0,8.0,0.9609375,0.94140625,0.5,16.0,True,0.21214849796278024,0.2022768497529066,28,8.0,4.0,4.0,8.0,6.0,-0.14814814814814814,-0.3333333333333333,0.7767857142857143,0.8518518518518519,2,8,27,0.92578125,0.953125,0.91015625,0.953125,0.953125,0.0010127314814814814,0.0,0.88671875,0.83984375,0.88671875,0.92578125,0.89453125,0.92578125,0.5,global_gap_early_commit,False,8,8,,primary,global_gap_early_commit,0.92578125,0.92578125,0.953125,8.0,2.494974823668599,False,tie_fail,False,False,False,False,False,False,8,8,,primary,global_gap_early_commit,0.92578125,0.92578125,0.953125,8.0,2.504502627067268,False,tie_fail,False,False,False,False,False,False,8,8,,primary,global_gap_early_commit,0.92578125,0.92578125,0.953125,8.0,2.5207070847973228,False,tie_fail,False,False,False,False,False
SingleLineInfilling/HumanEval/70/L3,8,<=8,False,True,False,False,False,4,5,5.0,15.0,0.9852211293740168,0.8823212498941595,0.8955565644991422,0.8384279475982532,5.0,5.0,0.84375,0.7734375,0.6,10.0,True,0.10289987947985735,0.10444343550085777,28,5.0,3.0,3.0,5.0,4.0,-0.07407407407407407,0.0,0.7785714285714286,0.9259259259259259,3,12,19,0.89453125,0.90625,0.89453125,0.90625,0.8984375,0.00043402777777777775,0.0,0.7734375,0.7734375,0.8125,0.84375,0.84375,0.875,0.6,global_gap_early_commit,False,5,5,,primary,global_gap_early_commit,0.84375,0.875,0.90625,12.0,2.6556285116821527,False,tie_fail,False,False,False,False,False,False,5,5,,primary,global_gap_early_commit,0.84375,0.875,0.90625,12.0,2.684579093940556,False,tie_fail,False,False,False,False,False,False,5,5,,primary,global_gap_early_commit,0.84375,0.875,0.90625,12.0,2.646362889558077,False,tie_fail,False,False,False,False,False
SingleLineInfilling/HumanEval/70/L4,6,<=8,False,True,True,True,False,2,6,6.0,13.0,1.078700277700409,0.42827674119998493,0.3970303429540153,0.3790322580645161,6.0,6.0,0.9453125,0.90625,0.5,7.0,True,0.6504235365004242,0.6029696570459847,28,6.0,3.0,3.0,6.0,5.0,-0.1111111111111111,-0.3333333333333333,0.7738095238095238,0.8888888888888888,2,10,26,0.96875,0.97265625,0.96875,0.98046875,0.97265625,0.00014467592592592592,-0.00390625,0.90625,0.90625,0.94921875,0.9453125,0.9453125,0.96875,0.5,global_gap_early_commit,False,6,6,,primary,global_gap_early_commit,0.9453125,0.96875,0.98046875,10.0,2.6587253911420703,True,tie_pass,False,False,False,False,False,False,6,6,,primary,global_gap_early_commit,0.9453125,0.96875,0.98046875,10.0,2.6745050381869078,True,tie_pass,False,False,False,False,False,False,6,6,,primary,global_gap_early_commit,0.9453125,0.96875,0.98046875,10.0,2.6433704271912575,True,tie_pass,False,False,False,False,False
SingleLineInfilling/HumanEval/70/L5,4,<=8,False,True,True,True,False,3,3,3.0,14.0,0.8553447045982309,0.45077928183969795,0.5270147572275393,0.48048780487804876,3.0,3.0,0.95703125,0.9453125,0.3333333333333333,11.0,True,0.4045654227585329,0.4729852427724607,33,3.0,1.0,1.0,3.0,2.0,-0.0625,-0.3333333333333333,0.7575757575757576,0.9375,2,21,32,0.80078125,0.96875,0.80078125,0.96875,0.96875,0.0052490234375,0.0,0.9453125,0.69140625,0.9453125,0.953125,0.80078125,0.953125,0.3333333333333333,global_gap_early_commit,False,3,3,,primary,global_gap_early_commit,0.953125,0.953125,0.96875,21.0,3.261964865028858,True,tie_pass,False,False,False,False,False,False,3,3,,primary,global_gap_early_commit,0.953125,0.953125,0.96875,21.0,3.2544327955693007,True,tie_pass,False,False,False,False,False,False,3,3,,primary,global_gap_early_commit,0.953125,0.953125,0.96875,21.0,3.22117040399462,True,tie_pass,False,False,False,False,False
SingleLineInfilling/HumanEval/71/L0,21,17-24,True,False,False,False,True,1,9,9.0,15.0,0.9938468105081639,0.739863131421665,0.7444438354069532,0.7219730941704036,9.0,9.0,0.9375,0.8828125,0.3333333333333333,6.0,True,0.2539836790864989,0.25555616459304675,40,9.0,3.0,3.0,9.0,6.0,-0.15384615384615385,-0.3333333333333333,0.6777777777777778,0.8461538461538461,2,7,39,0.87109375,0.97265625,0.87109375,0.97265625,0.90625,0.0026041666666666665,0.0,0.890625,0.78125,0.8125,0.94140625,0.85546875,0.875,0.3333333333333333,global_gap_early_commit,False,9,9,,primary,global_gap_early_commit,0.94140625,0.875,0.97265625,7.0,4.235927477478981,False,tie_fail,False,False,True,False,False,False,9,9,,primary,global_gap_early_commit,0.94140625,0.875,0.97265625,7.0,4.230764753185213,False,tie_fail,False,False,True,False,False,False,9,9,,primary,global_gap_early_commit,0.94140625,0.875,0.97265625,7.0,4.221960377879441,False,tie_fail,False,False,True,False,False
SingleLineInfilling/HumanEval/71/L1,6,<=8,False,True,True,True,False,3,7,5.0,14.0,1.0970802969011977,0.5720549261925101,0.5214339623164602,0.49019607843137253,5.0,7.0,0.90625,0.84375,0.5714285714285714,7.0,True,0.5250253707086876,0.4785660376835398,28,7.0,4.0,4.0,7.0,5.0,-0.1111111111111111,0.0,0.7704081632653061,0.8888888888888888,3,8,22,0.93359375,0.9453125,0.93359375,0.94921875,0.939453125,0.00043402777777777775,0.0,0.84375,0.84375,0.87890625,0.90625,0.90625,0.92578125,0.5714285714285714,global_gap_early_commit,False,7,7,,primary,global_gap_early_commit,0.90625,0.92578125,0.94921875,8.0,3.5332021107897162,True,tie_pass,False,False,False,False,False,False,7,7,,primary,global_gap_early_commit,0.90625,0.92578125,0.94921875,8.0,3.545222803018987,True,tie_pass,False,False,False,False,False,False,7,7,,primary,global_gap_early_commit,0.90625,0.92578125,0.94921875,8.0,3.507673698477447,True,tie_pass,False,False,False,False,False
SingleLineInfilling/HumanEval/71/L2,13,13-16,False,False,True,True,False,4,14,14.0,14.0,1.1624156100231804,1.1624156100231804,1.0,1.0,14.0,14.0,0.99609375,0.9921875,0.35714285714285715,0.0,False,0.0,0.0,40,14.0,5.0,5.0,14.0,9.5,-0.23076923076923078,-0.3333333333333333,0.6785714285714286,0.7692307692307693,2,4,38,0.9921875,1.0,0.9921875,1.0,1.0,0.00020032051282051281,0.0,0.9921875,0.98828125,0.99609375,0.99609375,0.9921875,0.99609375,0.35714285714285715,global_gap_early_commit,False,14,14,,primary,global_gap_early_commit,0.99609375,0.99609375,1.0,4.0,4.2164008459076285,True,tie_pass,False,False,False,False,False,False,14,14,,primary,global_gap_early_commit,0.99609375,0.99609375,1.0,4.0,4.21931660734117,True,tie_pass,False,False,False,False,False,False,14,14,,primary,global_gap_early_commit,0.99609375,0.99609375,1.0,4.0,4.169755028560758,True,tie_pass,False,False,False,False,False
SingleLineInfilling/HumanEval/71/L3,29,25+,True,False,False,False,True,3,16,16.0,16.0,1.0056890632485844,1.0056890632485844,1.0,0.9954337899543378,16.0,16.0,0.84375,0.7421875,0.375,0.0,False,0.0,0.0,40,16.0,6.0,6.0,16.0,11.0,-0.2564102564102564,-0.3333333333333333,0.6796875,0.7435897435897436,2,4,37,0.8515625,0.94140625,0.81640625,0.984375,0.94140625,0.0023036858974358975,-0.0078125,0.7421875,0.65625,0.8203125,0.84375,0.75390625,0.87109375,0.375,global_gap_early_commit,False,16,16,,primary,global_gap_early_commit,0.84375,0.87109375,0.984375,4.0,4.139757855795324,False,tie_fail,False,False,True,False,False,False,16,16,,primary,global_gap_early_commit,0.84375,0.87109375,0.984375,4.0,4.074200171045959,False,tie_fail,False,False,True,False,False,False,16,16,,primary,global_gap_early_commit,0.84375,0.87109375,0.984375,4.0,4.0584661131724715,False,tie_fail,False,False,True,False,False
SingleLineInfilling/HumanEval/71/L4,11,9-12,False,False,True,True,False,1,11,11.0,13.0,1.1457168820017714,0.6606396539787002,0.5766168451881805,0.5708661417322834,11.0,11.0,0.984375,0.9765625,0.36363636363636365,2.0,True,0.4850772280230712,0.42338315481181954,40,11.0,4.0,4.0,11.0,7.5,-0.1794871794871795,-0.3333333333333333,0.6795454545454546,0.8205128205128205,2,5,37,0.9921875,0.99609375,0.9921875,0.99609375,0.99609375,0.00010016025641025641,0.0,0.9765625,0.9765625,0.9921875,0.984375,0.984375,0.9921875,0.36363636363636365,global_gap_early_commit,False,11,11,,primary,global_gap_early_commit,0.984375,0.9921875,0.99609375,5.0,4.391211939975619,True,tie_pass,False,False,False,False,False,False,11,11,,primary,global_gap_early_commit,0.984375,0.9921875,0.99609375,5.0,4.363232254981995,True,tie_pass,False,False,False,False,False,False,11,11,,primary,global_gap_early_commit,0.984375,0.9921875,0.99609375,5.0,4.349178313277662,True,tie_pass,False,False,False,False,False
SingleLineInfilling/HumanEval/71/L5,4,<=8,False,True,True,True,False,0,3,3.0,13.0,1.0055515795520664,0.39410572461487975,0.39192989462603034,0.35892116182572614,3.0,3.0,0.98828125,0.984375,0.3333333333333333,10.0,True,0.6114458549371866,0.6080701053739697,33,3.0,1.0,1.0,3.0,2.0,-0.0625,-0.3333333333333333,0.7575757575757576,0.9375,2,21,32,0.94140625,0.984375,0.94140625,0.984375,0.984375,0.0013427734375,0.0,0.96875,0.921875,0.96875,0.9765625,0.94140625,0.9765625,0.3333333333333333,global_gap_early_commit,False,3,3,,primary,global_gap_early_commit,0.9765625,0.9765625,0.984375,21.0,3.9647126272320747,True,tie_pass,False,False,False,False,False,False,3,3,,primary,global_gap_early_commit,0.9765625,0.9765625,0.984375,21.0,3.9535662783309817,True,tie_pass,False,False,False,False,False,False,3,3,,primary,global_gap_early_commit,0.9765625,0.9765625,0.984375,21.0,3.934260834939778,True,tie_pass,False,False,False,False,False
SingleLineInfilling/HumanEval/72/L0,9,9-12,False,False,False,False,False,2,6,6.0,15.0,1.0395538966548297,0.48711485671240057,0.4685806654949615,0.4435146443514644,6.0,6.0,0.9921875,0.984375,0.5,9.0,True,0.552439039942429,0.5314193345050384,28,6.0,3.0,3.0,6.0,5.0,-0.1111111111111111,-0.3333333333333333,0.7738095238095238,0.8888888888888888,2,10,26,0.93359375,0.99609375,0.93359375,0.99609375,0.9453125,0.0023148148148148147,0.015625,0.984375,0.88671875,0.890625,0.9921875,0.93359375,0.93359375,0.5,global_gap_early_commit,False,6,6,,primary,global_gap_early_commit,0.9921875,0.93359375,0.99609375,10.0,4.6803076127544045,False,tie_fail,False,False,False,False,False,False,6,6,,primary,global_gap_early_commit,0.9921875,0.93359375,0.99609375,10.0,4.62525312229991,False,tie_fail,False,False,False,False,False,False,6,6,,primary,global_gap_early_commit,0.9921875,0.93359375,0.99609375,10.0,4.635604786686599,False,tie_fail,False,False,False,False,False
SingleLineInfilling/HumanEval/72/L1,4,<=8,False,True,False,False,False,1,8,8.0,16.0,1.1107572469111149,0.8626782331536023,0.7766577580768514,0.73046875,8.0,8.0,0.9296875,0.89453125,0.5,8.0,True,0.24807901375751262,0.22334224192314855,28,8.0,4.0,4.0,8.0,6.0,-0.14814814814814814,-0.3333333333333333,0.7767857142857143,0.8518518518518519,2,8,27,0.98046875,0.953125,0.953125,0.984375,0.953125,-0.0010127314814814814,0.0,0.890625,0.890625,0.90625,0.92578125,0.92578125,0.93359375,0.5,global_gap_early_commit,False,8,8,,primary,global_gap_early_commit,0.92578125,0.93359375,0.984375,8.0,4.391541343182325,False,tie_fail,False,False,False,False,False,False,8,8,,primary,global_gap_early_commit,0.92578125,0.93359375,0.984375,8.0,4.382620514370501,False,tie_fail,False,False,False,False,False,False,8,8,,primary,global_gap_early_commit,0.92578125,0.93359375,0.984375,8.0,4.386779831722379,False,tie_fail,False,False,False,False,False
SingleLineInfilling/HumanEval/72/L3,13,13-16,False,False,False,False,False,0,6,6.0,14.0,0.9917083198213438,0.9244407607270962,0.9321700163750105,0.8859649122807017,6.0,6.0,0.99609375,0.99609375,0.5,8.0,True,0.06726755909424753,0.06782998362498949,28,6.0,3.0,3.0,6.0,5.0,-0.1111111111111111,-0.3333333333333333,0.7738095238095238,0.8888888888888888,2,10,26,0.890625,1.0,0.859375,1.0,0.890625,0.004050925925925926,0.044921875,0.99609375,0.78125,0.82421875,0.99609375,0.83203125,0.8671875,0.5,global_gap_early_commit,False,6,6,,primary,global_gap_early_commit,0.99609375,0.8671875,1.0,10.0,4.420215906575322,False,tie_fail,False,False,False,False,False,False,6,6,,primary,global_gap_early_commit,0.99609375,0.8671875,1.0,10.0,4.440143164247274,False,tie_fail,False,False,False,False,False,False,6,6,,primary,global_gap_early_commit,0.99609375,0.8671875,1.0,10.0,4.411253240890801,False,tie_fail,False,False,False,False,False
SingleLineInfilling/HumanEval/72/L4,6,<=8,False,True,True,True,False,1,6,6.0,14.0,1.1004482671701754,0.8878292454507756,0.8067887168688503,0.766798418972332,6.0,6.0,0.984375,0.96875,0.5,8.0,True,0.21261902171939984,0.19321128313114966,28,6.0,3.0,3.0,6.0,5.0,-0.1111111111111111,-0.3333333333333333,0.7738095238095238,0.8888888888888888,2,10,26,0.98828125,0.9921875,0.98828125,0.9921875,0.98828125,0.00014467592592592592,0.0,0.96875,0.96875,0.9765625,0.984375,0.984375,0.98828125,0.5,global_gap_early_commit,False,6,6,,primary,global_gap_early_commit,0.984375,0.98828125,0.9921875,10.0,4.83877260517329,True,tie_pass,False,False,False,False,False,False,6,6,,primary,global_gap_early_commit,0.984375,0.98828125,0.9921875,10.0,4.806119067594409,True,tie_pass,False,False,False,False,False,False,6,6,,primary,global_gap_early_commit,0.984375,0.98828125,0.9921875,10.0,4.8175358502194285,True,tie_pass,False,False,False,False,False
SingleLineInfilling/HumanEval/72/L5,10,9-12,False,False,True,True,False,2,10,10.0,13.0,1.085363970321272,0.5512924009063636,0.5079332058011644,0.5,10.0,10.0,0.8828125,0.76953125,0.3,3.0,True,0.5340715694149085,0.4920667941988356,42,10.0,3.0,3.0,10.0,7.0,-0.17073170731707318,-0.3333333333333333,0.6666666666666666,0.8292682926829268,2,6,41,0.9453125,0.95703125,0.9453125,0.95703125,0.953125,0.0002858231707317073,0.0,0.78515625,0.78515625,0.8671875,0.890625,0.890625,0.93359375,0.3,global_gap_early_commit,False,10,10,,primary,global_gap_early_commit,0.890625,0.93359375,0.95703125,6.0,5.633232297375798,True,tie_pass,False,False,False,False,False,False,10,10,,primary,global_gap_early_commit,0.890625,0.93359375,0.95703125,6.0,5.5876816576346755,True,tie_pass,False,False,False,False,False,False,10,10,,primary,global_gap_early_commit,0.890625,0.93359375,0.95703125,6.0,5.601969962008297,True,tie_pass,False,False,False,False,False
SingleLineInfilling/HumanEval/72/L6,4,<=8,False,True,True,True,False,0,6,4.0,13.0,1.086734862526058,0.4191644701106235,0.3857099689765154,0.359375,4.0,6.0,0.93359375,0.91015625,0.5,7.0,True,0.6675703924154345,0.6142900310234847,28,6.0,3.0,3.0,6.0,5.0,-0.1111111111111111,-0.3333333333333333,0.7738095238095238,0.8888888888888888,2,10,26,0.94140625,0.96875,0.94140625,0.96875,0.94140625,0.0010127314814814814,0.009765625,0.91015625,0.890625,0.90625,0.93359375,0.921875,0.9296875,0.5,global_gap_early_commit,False,6,6,,primary,global_gap_early_commit,0.93359375,0.9296875,0.96875,10.0,4.528394970111549,True,tie_pass,False,False,False,False,False,False,6,6,,primary,global_gap_early_commit,0.93359375,0.9296875,0.96875,10.0,4.541220057755709,True,tie_pass,False,False,False,False,False,False,6,6,,primary,global_gap_early_commit,0.93359375,0.9296875,0.96875,10.0,4.513733200728893,True,tie_pass,False,False,False,False,False
SingleLineInfilling/HumanEval/72/L7,5,<=8,False,True,True,True,False,3,9,5.0,20.0,1.1013825725753201,0.893007695983911,0.8108060888378013,0.74609375,5.0,9.0,0.984375,0.97265625,0.3333333333333333,11.0,True,0.20837487659140908,0.18919391116219875,40,9.0,3.0,3.0,9.0,6.0,-0.15384615384615385,-0.3333333333333333,0.6777777777777778,0.8461538461538461,2,7,39,0.90234375,0.9609375,0.90234375,0.9609375,0.95703125,0.0015024038461538462,0.0,0.86328125,0.83203125,0.86328125,0.9140625,0.89453125,0.9140625,0.3333333333333333,global_gap_early_commit,False,9,9,,primary,global_gap_early_commit,0.9140625,0.9140625,0.9609375,7.0,5.409166411496699,True,tie_pass,False,False,False,False,False,False,9,9,,primary,global_gap_early_commit,0.9140625,0.9140625,0.9609375,7.0,5.365098995156586,True,tie_pass,False,False,False,False,False,False,9,9,,primary,global_gap_early_commit,0.9140625,0.9140625,0.9609375,7.0,5.378594065085053,True,tie_pass,False,False,False,False,False
SingleLineInfilling/HumanEval/72/L8,5,<=8,False,True,True,True,False,0,6,5.0,16.0,1.1013825725753201,0.6919878875563654,0.628290209766364,0.5859375,5.0,6.0,0.9609375,0.92578125,0.5,10.0,True,0.4093946850189547,0.37170979023363604,28,6.0,3.0,3.0,6.0,5.0,-0.1111111111111111,-0.3333333333333333,0.7738095238095238,0.8888888888888888,2,10,26,0.96875,0.98046875,0.96875,0.98046875,0.96875,0.00043402777777777775,0.0,0.92578125,0.92578125,0.9453125,0.9609375,0.9609375,0.96875,0.5,global_gap_early_commit,False,6,6,,primary,global_gap_early_commit,0.9609375,0.96875,0.98046875,10.0,4.648427069187164,True,tie_pass,False,False,False,False,False,False,6,6,,primary,global_gap_early_commit,0.9609375,0.96875,0.98046875,10.0,4.629436390474439,True,tie_pass,False,False,False,False,False,False,6,6,,primary,global_gap_early_commit,0.9609375,0.96875,0.98046875,10.0,4.557220076210797,True,tie_pass,False,False,False,False,False
SingleLineInfilling/HumanEval/72/L9,4,<=8,False,True,True,True,False,0,4,4.0,13.0,0.5858180118304531,0.29842687817658525,0.5094190894611067,0.4746376811594203,4.0,4.0,0.7734375,0.5625,0.5,9.0,True,0.28739113365386787,0.4905809105388933,28,4.0,2.0,2.0,4.0,3.0,-0.07407407407407407,0.0,0.7767857142857143,0.9259259259259259,3,14,23,0.5390625,0.88671875,0.5390625,0.921875,0.921875,0.012876157407407407,0.0,0.5625,0.2578125,0.80078125,0.7734375,0.5390625,0.8984375,0.5,global_gap_early_commit,False,4,4,,primary,global_gap_early_commit,0.7734375,0.8984375,0.921875,14.0,4.620096063241363,True,tie_pass,False,False,False,False,False,False,4,4,,primary,global_gap_early_commit,0.7734375,0.8984375,0.921875,14.0,4.570260087028146,True,tie_pass,False,False,False,False,False,False,4,4,,primary,global_gap_early_commit,0.7734375,0.8984375,0.921875,14.0,4.594927377998829,True,tie_pass,False,False,False,False,False
SingleLineInfilling/HumanEval/73/L0,6,<=8,False,True,True,True,False,0,6,6.0,13.0,1.1134970608520351,0.706201009425507,0.6342190152573283,0.60546875,6.0,6.0,1.0,1.0,0.5,7.0,True,0.40729605142652814,0.36578098474267173,28,6.0,3.0,3.0,6.0,5.0,-0.1111111111111111,-0.3333333333333333,0.7738095238095238,0.8888888888888888,2,10,26,1.0,1.0,1.0,1.0,1.0,0.0,0.0,1.0,1.0,1.0,1.0,1.0,1.0,0.5,global_gap_early_commit,False,6,6,,primary,global_gap_early_commit,1.0,1.0,1.0,10.0,3.7691740365698934,True,tie_pass,False,False,False,False,False,False,6,6,,primary,global_gap_early_commit,1.0,1.0,1.0,10.0,3.7633673483505845,True,tie_pass,False,False,False,False,False,False,6,6,,primary,global_gap_early_commit,1.0,1.0,1.0,10.0,3.752618090249598,True,tie_pass,False,False,False,False,False
SingleLineInfilling/HumanEval/73/L1,13,13-16,False,False,True,True,False,4,13,9.0,13.0,1.1409183116147532,1.1299216150808113,0.9903615391023235,0.96875,9.0,13.0,0.9453125,0.890625,0.3076923076923077,0.0,False,0.010996696533941863,0.009638460897676504,42,13.0,4.0,4.0,13.0,9.0,-0.21951219512195122,-0.3333333333333333,0.6648351648351648,0.7804878048780488,2,4,41,0.96875,0.953125,0.953125,0.98828125,0.984375,-0.00038109756097560977,0.0,0.92578125,0.92578125,0.94921875,0.9609375,0.9609375,0.97265625,0.3076923076923077,global_gap_early_commit,False,13,13,,primary,global_gap_early_commit,0.9609375,0.97265625,0.98828125,4.0,4.658136459067464,True,tie_pass,False,False,False,False,False,False,13,13,,primary,global_gap_early_commit,0.9609375,0.97265625,0.98828125,4.0,4.606468826532364,True,tie_pass,False,False,False,False,False,False,13,13,,primary,global_gap_early_commit,0.9609375,0.97265625,0.98828125,4.0,4.613983688876033,True,tie_pass,False,False,False,False,False
SingleLineInfilling/HumanEval/73/L2,17,17-24,True,False,True,True,False,0,13,13.0,13.0,0.943120057748903,0.943120057748903,1.0,0.9951923076923077,13.0,13.0,0.828125,0.671875,0.23076923076923078,0.0,False,0.0,0.0,47,13.0,3.0,3.0,13.0,8.0,-0.21739130434782608,-0.3333333333333333,0.6252045826513911,0.782608695652174,2,4,46,0.80859375,0.8671875,0.77734375,0.8671875,0.85546875,0.0012737771739130435,0.0,0.3515625,0.3515625,0.640625,0.56640625,0.56640625,0.75390625,0.23076923076923078,global_gap_early_commit,False,13,13,,primary,global_gap_early_commit,0.56640625,0.75390625,0.8671875,4.0,4.616697241552174,True,tie_pass,False,False,False,False,False,False,13,13,,primary,global_gap_early_commit,0.56640625,0.75390625,0.8671875,4.0,4.562305435538292,True,tie_pass,False,False,False,False,False,False,13,13,,primary,global_gap_early_commit,0.56640625,0.75390625,0.8671875,4.0,4.5929378513246775,True,tie_pass,False,False,False,False,False
SingleLineInfilling/HumanEval/73/L3,6,<=8,False,True,True,True,False,3,6,6.0,15.0,1.1134970608520351,0.5445576464190516,0.48905171424733024,0.462890625,6.0,6.0,1.0,1.0,0.5,9.0,True,0.5689394144329836,0.5109482857526697,28,6.0,3.0,3.0,6.0,5.0,-0.1111111111111111,-0.3333333333333333,0.7738095238095238,0.8888888888888888,2,10,26,1.0,1.0,1.0,1.0,1.0,0.0,0.0,1.0,1.0,1.0,1.0,1.0,1.0,0.5,global_gap_early_commit,False,6,6,,primary,global_gap_early_commit,1.0,1.0,1.0,10.0,3.5868261083960533,True,tie_pass,False,False,False,False,False,False,6,6,,primary,global_gap_early_commit,1.0,1.0,1.0,10.0,3.5806106589734554,True,tie_pass,False,False,False,False,False,False,6,6,,primary,global_gap_early_commit,1.0,1.0,1.0,10.0,3.5333282286301255,True,tie_pass,False,False,False,False,False
SingleLineInfilling/HumanEval/73/L4,4,<=8,False,True,True,True,False,3,3,3.0,13.0,0.7301723088033678,0.3713250468914763,0.5085444112500197,0.4657142857142857,3.0,3.0,0.94921875,0.90234375,0.3333333333333333,10.0,True,0.35884726191189154,0.4914555887499803,33,3.0,1.0,1.0,3.0,2.0,-0.0625,-0.3333333333333333,0.7575757575757576,0.9375,2,21,32,0.68359375,0.90625,0.68359375,0.90625,0.90625,0.0069580078125,0.0,0.8046875,0.6015625,0.8046875,0.86328125,0.68359375,0.86328125,0.3333333333333333,global_gap_early_commit,False,3,3,,primary,global_gap_early_commit,0.86328125,0.86328125,0.90625,21.0,3.9485945012420416,True,tie_pass,False,False,False,False,False,False,3,3,,primary,global_gap_early_commit,0.86328125,0.86328125,0.90625,21.0,3.911925650201738,True,tie_pass,False,False,False,False,False,False,3,3,,primary,global_gap_early_commit,0.86328125,0.86328125,0.90625,21.0,3.874338863417506,True,tie_pass,False,False,False,False,False
SingleLineInfilling/HumanEval/74/L0,7,<=8,False,True,True,True,False,0,7,7.0,13.0,1.1238436146785018,0.9476761932935837,0.843245609011789,0.8125,7.0,7.0,1.0,1.0,0.5714285714285714,6.0,True,0.17616742138491814,0.15675439098821098,28,7.0,4.0,4.0,7.0,5.0,-0.1111111111111111,0.0,0.7704081632653061,0.8888888888888888,3,8,22,1.0,1.0,1.0,1.0,1.0,0.0,0.0,1.0,1.0,1.0,1.0,1.0,1.0,0.5714285714285714,global_gap_early_commit,False,7,7,,primary,global_gap_early_commit,1.0,1.0,1.0,8.0,4.431047182530165,True,tie_pass,False,False,False,False,False,False,7,7,,primary,global_gap_early_commit,1.0,1.0,1.0,8.0,4.445019987411797,True,tie_pass,False,False,False,False,False,False,7,7,,primary,global_gap_early_commit,1.0,1.0,1.0,8.0,4.407778965309262,True,tie_pass,False,False,False,False,False
SingleLineInfilling/HumanEval/74/L1,8,<=8,False,True,True,True,False,0,8,8.0,15.0,1.1328838852957985,0.909893788953352,0.8031659738153807,0.7734375,8.0,8.0,1.0,1.0,0.5,7.0,True,0.2229900963424465,0.19683402618461932,28,8.0,4.0,4.0,8.0,6.0,-0.14814814814814814,-0.3333333333333333,0.7767857142857143,0.8518518518518519,2,8,27,1.0,1.0,1.0,1.0,1.0,0.0,0.0,1.0,1.0,1.0,1.0,1.0,1.0,0.5,global_gap_early_commit,False,8,8,,primary,global_gap_early_commit,1.0,1.0,1.0,8.0,4.295903901569545,True,tie_pass,False,False,False,False,False,False,8,8,,primary,global_gap_early_commit,1.0,1.0,1.0,8.0,4.2612618105486035,True,tie_pass,False,False,False,False,False,False,8,8,,primary,global_gap_early_commit,1.0,1.0,1.0,8.0,4.217159004881978,True,tie_pass,False,False,False,False,False
SingleLineInfilling/HumanEval/74/L10,4,<=8,False,True,True,True,False,1,4,4.0,13.0,1.0824898044693156,0.6424151117999773,0.5934606581490323,0.5529411764705883,4.0,4.0,0.99609375,0.9921875,0.5,9.0,True,0.4400746926693383,0.40653934185096774,28,4.0,2.0,2.0,4.0,3.0,-0.07407407407407407,0.0,0.7767857142857143,0.9259259259259259,3,14,23,0.99609375,1.0,0.99609375,1.0,1.0,0.00014467592592592592,0.0,0.9921875,0.9921875,0.99609375,0.99609375,0.99609375,0.99609375,0.5,global_gap_early_commit,False,4,4,,primary,global_gap_early_commit,0.99609375,0.99609375,1.0,14.0,4.515869989991188,True,tie_pass,False,False,False,False,False,False,4,4,,primary,global_gap_early_commit,0.99609375,0.99609375,1.0,14.0,4.490448601543903,True,tie_pass,False,False,False,False,False,False,4,4,,primary,global_gap_early_commit,0.99609375,0.99609375,1.0,14.0,4.498027841560543,True,tie_pass,False,False,False,False,False
SingleLineInfilling/HumanEval/74/L11,5,<=8,False,True,True,True,False,3,4,4.0,13.0,1.078244746412573,0.514843316548918,0.4774827962406983,0.4448818897637795,4.0,4.0,1.0,1.0,0.5,9.0,True,0.563401429863655,0.5225172037593018,28,4.0,2.0,2.0,4.0,3.0,-0.07407407407407407,0.0,0.7767857142857143,0.9259259259259259,3,14,23,0.9921875,1.0,0.9921875,1.0,0.99609375,0.00028935185185185184,0.0,1.0,0.9921875,0.9921875,1.0,0.9921875,0.99609375,0.5,global_gap_early_commit,False,4,4,,primary,global_gap_early_commit,1.0,0.99609375,1.0,14.0,4.5135233690962195,True,tie_pass,False,False,False,False,False,False,4,4,,primary,global_gap_early_commit,1.0,0.99609375,1.0,14.0,4.488774326629937,True,tie_pass,False,False,False,False,False,False,4,4,,primary,global_gap_early_commit,1.0,0.99609375,1.0,14.0,4.501715014688671,True,tie_pass,False,False,False,False,False
SingleLineInfilling/HumanEval/74/L2,8,<=8,False,True,True,True,False,0,8,8.0,16.0,1.1328838852957985,0.8857444960721477,0.781849320630841,0.75,8.0,8.0,1.0,1.0,0.5,8.0,True,0.24713938922365086,0.218150679369159,28,8.0,4.0,4.0,8.0,6.0,-0.14814814814814814,-0.3333333333333333,0.7767857142857143,0.8518518518518519,2,8,27,1.0,1.0,1.0,1.0,1.0,0.0,0.0,1.0,0.99609375,1.0,1.0,1.0,1.0,0.5,global_gap_early_commit,False,8,8,,primary,global_gap_early_commit,1.0,1.0,1.0,8.0,4.276290476322174,True,tie_pass,False,False,False,False,False,False,8,8,,primary,global_gap_early_commit,1.0,1.0,1.0,8.0,4.2511971881613135,True,tie_pass,False,False,False,False,False,False,8,8,,primary,global_gap_early_commit,1.0,1.0,1.0,8.0,4.223192596808076,True,tie_pass,False,False,False,False,False
SingleLineInfilling/HumanEval/74/L4,7,<=8,False,True,True,True,False,2,7,7.0,14.0,1.1238436146785018,0.8649470484030752,0.7696329249959842,0.73828125,7.0,7.0,1.0,1.0,0.5714285714285714,7.0,True,0.25889656627542657,0.23036707500401576,28,7.0,4.0,4.0,7.0,5.0,-0.1111111111111111,0.0,0.7704081632653061,0.8888888888888888,3,8,22,1.0,1.0,1.0,1.0,1.0,0.0,0.0,1.0,1.0,1.0,1.0,1.0,1.0,0.5714285714285714,global_gap_early_commit,False,7,7,,primary,global_gap_early_commit,1.0,1.0,1.0,8.0,4.352403881959617,True,tie_pass,False,False,False,False,False,False,7,7,,primary,global_gap_early_commit,1.0,1.0,1.0,8.0,4.359529902227223,True,tie_pass,False,False,False,False,False,False,7,7,,primary,global_gap_early_commit,1.0,1.0,1.0,8.0,4.311210325919092,True,tie_pass,False,False,False,False,False
SingleLineInfilling/HumanEval/74/L5,8,<=8,False,True,True,True,False,4,8,8.0,13.0,1.1328838852957985,0.9613445999276257,0.8485817588239561,0.82421875,8.0,8.0,1.0,1.0,0.5,5.0,True,0.17153928536817287,0.15141824117604386,28,8.0,4.0,4.0,8.0,6.0,-0.14814814814814814,-0.3333333333333333,0.7767857142857143,0.8518518518518519,2,8,27,1.0,1.0,1.0,1.0,1.0,0.0,0.0,1.0,1.0,1.0,1.0,1.0,1.0,0.5,global_gap_early_commit,False,8,8,,primary,global_gap_early_commit,1.0,1.0,1.0,8.0,4.27434285916388,True,tie_pass,False,False,False,False,False,False,8,8,,primary,global_gap_early_commit,1.0,1.0,1.0,8.0,4.262939897365868,True,tie_pass,False,False,False,False,False,False,8,8,,primary,global_gap_early_commit,1.0,1.0,1.0,8.0,4.272383973933756,True,tie_pass,False,False,False,False,False
SingleLineInfilling/HumanEval/74/L6,8,<=8,False,True,True,True,False,1,8,8.0,24.0,1.1328838852957985,1.0068211095670623,0.8887240101435276,0.83203125,8.0,8.0,1.0,0.99609375,0.5,16.0,True,0.12606277572873625,0.11127598985647236,28,8.0,4.0,4.0,8.0,6.0,-0.14814814814814814,-0.3333333333333333,0.7767857142857143,0.8518518518518519,2,8,27,1.0,1.0,1.0,1.0,1.0,0.0,0.0,0.99609375,0.99609375,0.99609375,0.99609375,0.99609375,1.0,0.5,global_gap_early_commit,False,8,8,,primary,global_gap_early_commit,0.99609375,1.0,1.0,8.0,4.4613268449902534,True,tie_pass,False,False,False,False,False,False,8,8,,primary,global_gap_early_commit,0.99609375,1.0,1.0,8.0,4.408175961114466,True,tie_pass,False,False,False,False,False,False,8,8,,primary,global_gap_early_commit,0.99609375,1.0,1.0,8.0,4.377768569625914,True,tie_pass,False,False,False,False,False
SingleLineInfilling/HumanEval/74/L8,9,9-12,False,False,False,False,False,3,9,9.0,15.0,1.069610917138831,0.8777258267176274,0.8206029058356201,0.7958333333333333,9.0,9.0,0.8828125,0.78125,0.3333333333333333,6.0,True,0.1918850904212036,0.17939709416437988,40,9.0,3.0,3.0,9.0,6.0,-0.15384615384615385,-0.3333333333333333,0.6777777777777778,0.8461538461538461,2,7,39,0.9375,0.94921875,0.9375,0.94921875,0.9375,0.00030048076923076925,0.0,0.7890625,0.7890625,0.828125,0.88671875,0.88671875,0.90625,0.3333333333333333,global_gap_early_commit,False,9,9,,primary,global_gap_early_commit,0.88671875,0.90625,0.94921875,7.0,5.283933283761144,False,tie_fail,False,False,False,False,False,False,9,9,,primary,global_gap_early_commit,0.88671875,0.90625,0.94921875,7.0,5.274015462957323,False,tie_fail,False,False,False,False,False,False,9,9,,primary,global_gap_early_commit,0.88671875,0.90625,0.94921875,7.0,5.270191811025143,False,tie_fail,False,False,False,False,False
SingleLineInfilling/HumanEval/74/L9,5,<=8,False,True,True,True,False,1,5,5.0,14.0,1.1013825725753201,0.855794169583995,0.7770180779081375,0.73046875,5.0,5.0,1.0,1.0,0.6,9.0,True,0.24558840299132512,0.22298192209186252,28,5.0,3.0,3.0,5.0,4.0,-0.07407407407407407,0.0,0.7785714285714286,0.9259259259259259,3,12,19,1.0,1.0,1.0,1.0,1.0,0.0,0.0,1.0,1.0,1.0,1.0,1.0,1.0,0.6,global_gap_early_commit,False,5,5,,primary,global_gap_early_commit,1.0,1.0,1.0,12.0,4.9761134926229715,True,tie_pass,False,False,False,False,False,False,5,5,,primary,global_gap_early_commit,1.0,1.0,1.0,12.0,4.944275173358619,True,tie_pass,False,False,False,False,False,False,5,5,,primary,global_gap_early_commit,1.0,1.0,1.0,12.0,4.911493128165603,True,tie_pass,False,False,False,False,False
SingleLineInfilling/HumanEval/75/L0,7,<=8,False,True,True,True,False,4,7,7.0,16.0,1.1238436146785018,1.0564348416693845,0.9400194367537507,0.89453125,7.0,7.0,1.0,1.0,0.5714285714285714,9.0,True,0.0674087730091173,0.05998056324624934,28,7.0,4.0,4.0,7.0,5.0,-0.1111111111111111,0.0,0.7704081632653061,0.8888888888888888,3,8,22,1.0,1.0,1.0,1.0,1.0,0.0,0.0,1.0,1.0,1.0,1.0,1.0,1.0,0.5714285714285714,global_gap_early_commit,False,7,7,,primary,global_gap_early_commit,1.0,1.0,1.0,8.0,4.269011032767594,True,tie_pass,False,False,False,False,False,False,7,7,,primary,global_gap_early_commit,1.0,1.0,1.0,8.0,4.175638395361602,True,tie_pass,False,False,False,False,False,False,7,7,,primary,global_gap_early_commit,1.0,1.0,1.0,8.0,4.218175628222525,True,tie_pass,False,False,False,False,False
SingleLineInfilling/HumanEval/75/L1,10,9-12,False,False,True,True,False,2,10,10.0,13.0,1.1436686464129107,1.029686633097836,0.9003365059691227,0.8862745098039215,10.0,10.0,0.99609375,0.9921875,0.3,3.0,True,0.11398201331507463,0.09966349403087726,42,10.0,3.0,3.0,10.0,7.0,-0.17073170731707318,-0.3333333333333333,0.6666666666666666,0.8292682926829268,2,6,41,0.99609375,1.0,0.99609375,1.0,1.0,9.527439024390244e-05,0.0,0.9921875,0.9921875,0.99609375,0.99609375,0.99609375,0.99609375,0.3,global_gap_early_commit,False,10,10,,primary,global_gap_early_commit,0.99609375,0.99609375,1.0,6.0,4.713366623967886,True,tie_pass,False,False,False,False,False,False,10,10,,primary,global_gap_early_commit,0.99609375,0.99609375,1.0,6.0,4.6814130917191505,True,tie_pass,False,False,False,False,False,False,10,10,,primary,global_gap_early_commit,0.99609375,0.99609375,1.0,6.0,4.651093966327608,True,tie_pass,False,False,False,False,False
SingleLineInfilling/HumanEval/75/L10,13,13-16,False,False,True,True,False,2,13,13.0,13.0,1.1663706994382568,1.1663706994382568,1.0,1.0,13.0,13.0,0.99609375,0.9921875,0.3076923076923077,0.0,False,0.0,0.0,42,13.0,4.0,4.0,13.0,9.0,-0.21951219512195122,-0.3333333333333333,0.6648351648351648,0.7804878048780488,2,4,41,1.0,0.9765625,0.9765625,1.0,0.98046875,-0.0005716463414634146,0.0,0.9921875,0.9921875,0.99609375,0.99609375,0.99609375,1.0,0.3076923076923077,global_gap_early_commit,False,13,13,,primary,global_gap_early_commit,0.99609375,1.0,1.0,4.0,4.459648860618472,True,tie_pass,False,False,False,False,False,False,13,13,,primary,global_gap_early_commit,0.99609375,1.0,1.0,4.0,4.407392542809248,True,tie_pass,False,False,False,False,False,False,13,13,,primary,global_gap_early_commit,0.99609375,1.0,1.0,4.0,4.3899132795631886,True,tie_pass,False,False,False,False,False
SingleLineInfilling/HumanEval/75/L11,9,9-12,False,False,True,True,False,2,9,9.0,15.0,1.1409183116147532,0.7858173631869858,0.6887586562396484,0.66796875,9.0,9.0,0.99609375,0.9921875,0.3333333333333333,6.0,True,0.3551009484277674,0.3112413437603516,40,9.0,3.0,3.0,9.0,6.0,-0.15384615384615385,-0.3333333333333333,0.6777777777777778,0.8461538461538461,2,7,39,1.0,1.0,1.0,1.0,1.0,0.0,0.0,0.9921875,0.9921875,0.99609375,0.99609375,0.99609375,0.99609375,0.3333333333333333,global_gap_early_commit,False,9,9,,primary,global_gap_early_commit,0.99609375,0.99609375,1.0,7.0,4.3862777054309845,True,tie_pass,False,False,False,False,False,False,9,9,,primary,global_gap_early_commit,0.99609375,0.99609375,1.0,7.0,4.313228510320187,True,tie_pass,False,False,False,False,False,False,9,9,,primary,global_gap_early_commit,0.99609375,0.99609375,1.0,7.0,4.333923838101327,True,tie_pass,False,False,False,False,False
SingleLineInfilling/HumanEval/75/L12,11,9-12,False,False,True,True,False,4,11,4.0,13.0,1.0442842819586338,0.8565534823999699,0.820230177929557,0.7642276422764228,4.0,11.0,0.9765625,0.9609375,0.36363636363636365,2.0,True,0.1877307995586639,0.179769822070443,40,11.0,4.0,4.0,11.0,7.5,-0.1794871794871795,-0.3333333333333333,0.6795454545454546,0.8205128205128205,2,5,37,0.87109375,0.9921875,0.8203125,0.9921875,0.8828125,0.0031049679487179485,0.048828125,0.9609375,0.5703125,0.7734375,0.9765625,0.71875,0.859375,0.36363636363636365,global_gap_early_commit,False,11,11,,primary,global_gap_early_commit,0.9765625,0.859375,0.9921875,5.0,4.539786726236343,True,tie_pass,False,False,False,False,False,False,11,11,,primary,global_gap_early_commit,0.9765625,0.859375,0.9921875,5.0,4.4641803447157145,True,tie_pass,False,False,False,False,False,False,11,11,,primary,global_gap_early_commit,0.9765625,0.859375,0.9921875,5.0,4.47799111250788,True,tie_pass,False,False,False,False,False
SingleLineInfilling/HumanEval/75/L13,4,<=8,False,True,True,True,False,0,3,3.0,13.0,0.7927585067007993,0.34398823362339215,0.43391301476531396,0.3973684210526316,3.0,3.0,1.0,1.0,0.3333333333333333,10.0,True,0.44877027307740713,0.566086985234686,33,3.0,1.0,1.0,3.0,2.0,-0.0625,-0.3333333333333333,0.7575757575757576,0.9375,2,21,32,0.7421875,0.9921875,0.7421875,0.9921875,0.9921875,0.0078125,0.0,0.98046875,0.640625,0.98046875,0.984375,0.7421875,0.984375,0.3333333333333333,global_gap_early_commit,False,3,3,,primary,global_gap_early_commit,0.984375,0.984375,0.9921875,21.0,4.087750623002648,True,tie_pass,False,False,False,False,False,False,3,3,,primary,global_gap_early_commit,0.984375,0.984375,0.9921875,21.0,4.042670223861933,True,tie_pass,False,False,False,False,False,False,3,3,,primary,global_gap_early_commit,0.984375,0.984375,0.9921875,21.0,4.061139138415456,True,tie_pass,False,False,False,False,False
SingleLineInfilling/HumanEval/75/L2,10,9-12,False,False,True,True,False,2,10,10.0,13.0,1.0449991945655221,0.6333028407106159,0.60603189361684,0.5965665236051502,10.0,10.0,0.75390625,0.5078125,0.3,3.0,True,0.4116963538549062,0.39396810638316004,42,10.0,3.0,3.0,10.0,7.0,-0.17073170731707318,-0.3333333333333333,0.6666666666666666,0.8292682926829268,2,6,41,0.91015625,0.921875,0.91015625,0.9296875,0.9140625,0.0002858231707317073,0.0,0.625,0.625,0.7734375,0.80859375,0.80859375,0.8828125,0.3,global_gap_early_commit,False,10,10,,primary,global_gap_early_commit,0.80859375,0.8828125,0.9296875,6.0,4.570367882028222,True,tie_pass,False,False,False,False,False,False,10,10,,primary,global_gap_early_commit,0.80859375,0.8828125,0.9296875,6.0,4.549205722287297,True,tie_pass,False,False,False,False,False,False,10,10,,primary,global_gap_early_commit,0.80859375,0.8828125,0.9296875,6.0,4.58656582608819,True,tie_pass,False,False,False,False,False
SingleLineInfilling/HumanEval/75/L3,4,<=8,False,True,True,True,False,4,4,4.0,16.0,1.086734862526058,0.7473469185608747,0.6876994051922711,0.6328125,4.0,4.0,0.99609375,0.9921875,0.5,12.0,True,0.33938794396518335,0.31230059480772887,28,4.0,2.0,2.0,4.0,3.0,-0.07407407407407407,0.0,0.7767857142857143,0.9259259259259259,3,14,23,1.0,1.0,1.0,1.0,1.0,0.0,0.0,0.9921875,0.9921875,0.99609375,0.99609375,0.99609375,0.99609375,0.5,global_gap_early_commit,False,4,4,,primary,global_gap_early_commit,0.99609375,0.99609375,1.0,14.0,4.018146077170968,True,tie_pass,False,False,False,False,False,False,4,4,,primary,global_gap_early_commit,0.99609375,0.99609375,1.0,14.0,4.011503022164106,True,tie_pass,False,False,False,False,False,False,4,4,,primary,global_gap_early_commit,0.99609375,0.99609375,1.0,14.0,3.983872612938285,True,tie_pass,False,False,False,False,False
SingleLineInfilling/HumanEval/75/L4,4,<=8,False,True,True,True,False,0,3,3.0,13.0,1.0639653642563358,0.7107571449701877,0.6680265813605457,0.611764705882353,3.0,3.0,0.9921875,0.98828125,0.3333333333333333,10.0,True,0.3532082192861481,0.3319734186394543,33,3.0,1.0,1.0,3.0,2.0,-0.0625,-0.3333333333333333,0.7575757575757576,0.9375,2,21,32,0.99609375,0.99609375,0.99609375,0.99609375,0.99609375,0.0,0.0,0.9921875,0.9921875,0.9921875,0.99609375,0.99609375,0.99609375,0.3333333333333333,global_gap_early_commit,False,3,3,,primary,global_gap_early_commit,0.99609375,0.99609375,0.99609375,21.0,4.072525574825704,True,tie_pass,False,False,False,False,False,False,3,3,,primary,global_gap_early_commit,0.99609375,0.99609375,0.99609375,21.0,4.00392085313797,True,tie_pass,False,False,False,False,False,False,3,3,,primary,global_gap_early_commit,0.99609375,0.99609375,0.99609375,21.0,4.028591346926987,True,tie_pass,False,False,False,False,False
SingleLineInfilling/HumanEval/75/L6,13,13-16,False,False,True,True,False,3,13,13.0,13.0,1.1663706994382568,1.1663706994382568,1.0,1.0,13.0,13.0,0.9921875,0.98828125,0.3076923076923077,0.0,False,0.0,0.0,42,13.0,4.0,4.0,13.0,9.0,-0.21951219512195122,-0.3333333333333333,0.6648351648351648,0.7804878048780488,2,4,41,1.0,1.0,0.99609375,1.0,1.0,0.0,0.0,0.9921875,0.9921875,0.9921875,0.99609375,0.99609375,0.99609375,0.3076923076923077,global_gap_early_commit,False,13,13,,primary,global_gap_early_commit,0.99609375,0.99609375,1.0,4.0,4.450288888067007,True,tie_pass,False,False,False,False,False,False,13,13,,primary,global_gap_early_commit,0.99609375,0.99609375,1.0,4.0,4.435408309102058,True,tie_pass,False,False,False,False,False,False,13,13,,primary,global_gap_early_commit,0.99609375,0.99609375,1.0,4.0,4.431937881745398,True,tie_pass,False,False,False,False,False
SingleLineInfilling/HumanEval/75/L7,9,9-12,False,False,True,True,False,0,9,9.0,13.0,1.1409183116147532,0.6241905696212546,0.5470948824879771,0.53515625,9.0,9.0,0.99609375,0.99609375,0.3333333333333333,4.0,True,0.5167277419934986,0.4529051175120229,40,9.0,3.0,3.0,9.0,6.0,-0.15384615384615385,-0.3333333333333333,0.6777777777777778,0.8461538461538461,2,7,39,1.0,1.0,1.0,1.0,1.0,0.0,0.0,0.99609375,0.99609375,0.99609375,1.0,1.0,1.0,0.3333333333333333,global_gap_early_commit,False,9,9,,primary,global_gap_early_commit,1.0,1.0,1.0,7.0,4.389234607107937,True,tie_pass,False,False,False,False,False,False,9,9,,primary,global_gap_early_commit,1.0,1.0,1.0,7.0,4.379708460532129,True,tie_pass,False,False,False,False,False,False,9,9,,primary,global_gap_early_commit,1.0,1.0,1.0,7.0,4.342455944977701,True,tie_pass,False,False,False,False,False
SingleLineInfilling/HumanEval/75/L8,13,13-16,False,False,True,True,False,3,13,13.0,13.0,1.1663706994382568,1.1663706994382568,1.0,1.0,13.0,13.0,1.0,1.0,0.3076923076923077,0.0,False,0.0,0.0,42,13.0,4.0,4.0,13.0,9.0,-0.21951219512195122,-0.3333333333333333,0.6648351648351648,0.7804878048780488,2,4,41,1.0,1.0,1.0,1.0,1.0,0.0,0.0,1.0,1.0,1.0,1.0,1.0,1.0,0.3076923076923077,global_gap_early_commit,False,13,13,,primary,global_gap_early_commit,1.0,1.0,1.0,4.0,4.45234239846468,True,tie_pass,False,False,False,False,False,False,13,13,,primary,global_gap_early_commit,1.0,1.0,1.0,4.0,4.40436025056988,True,tie_pass,False,False,False,False,False,False,13,13,,primary,global_gap_early_commit,1.0,1.0,1.0,4.0,4.3867501793429255,True,tie_pass,False,False,False,False,False
SingleLineInfilling/HumanEval/75/L9,9,9-12,False,False,True,True,False,3,9,9.0,20.0,1.1409183116147532,0.9304111596900435,0.8154932305129043,0.77734375,9.0,9.0,1.0,0.99609375,0.3333333333333333,11.0,True,0.2105071519247097,0.18450676948709566,40,9.0,3.0,3.0,9.0,6.0,-0.15384615384615385,-0.3333333333333333,0.6777777777777778,0.8461538461538461,2,7,39,1.0,1.0,1.0,1.0,1.0,0.0,0.0,1.0,1.0,1.0,1.0,1.0,1.0,0.3333333333333333,global_gap_early_commit,False,9,9,,primary,global_gap_early_commit,1.0,1.0,1.0,7.0,4.380753725767136,True,tie_pass,False,False,False,False,False,False,9,9,,primary,global_gap_early_commit,1.0,1.0,1.0,7.0,4.370138774625957,True,tie_pass,False,False,False,False,False,False,9,9,,primary,global_gap_early_commit,1.0,1.0,1.0,7.0,4.345022216439247,True,tie_pass,False,False,False,False,False
SingleLineInfilling/HumanEval/76/L0,10,9-12,False,False,True,True,False,0,10,10.0,24.0,1.130213721160994,0.8508347404792075,0.7528087162180275,0.7142857142857143,10.0,10.0,0.97265625,0.94921875,0.3,14.0,True,0.27937898068178646,0.24719128378197253,42,10.0,3.0,3.0,10.0,7.0,-0.17073170731707318,-0.3333333333333333,0.6666666666666666,0.8292682926829268,2,6,41,0.984375,0.9921875,0.984375,0.9921875,0.9921875,0.00019054878048780488,0.0,0.96875,0.96875,0.97265625,0.984375,0.984375,0.984375,0.3,global_gap_early_commit,False,10,10,,primary,global_gap_early_commit,0.984375,0.984375,0.9921875,6.0,4.339882435277104,True,tie_pass,False,False,False,False,False,False,10,10,,primary,global_gap_early_commit,0.984375,0.984375,0.9921875,6.0,4.349114625714719,True,tie_pass,False,False,False,False,False,False,10,10,,primary,global_gap_early_commit,0.984375,0.984375,0.9921875,6.0,4.29666673950851,True,tie_pass,False,False,False,False,False
SingleLineInfilling/HumanEval/76/L1,10,9-12,False,False,True,True,False,0,10,10.0,20.0,0.9866945184738837,0.7807973048655139,0.7913262820930331,0.7292576419213974,10.0,10.0,0.97265625,0.95703125,0.3,10.0,True,0.20589721360836977,0.20867371790696687,42,10.0,3.0,3.0,10.0,7.0,-0.17073170731707318,-0.3333333333333333,0.6666666666666666,0.8292682926829268,2,6,41,0.859375,0.9921875,0.859375,0.9921875,0.88671875,0.0032393292682926828,0.0,0.96875,0.76171875,0.80859375,0.984375,0.828125,0.859375,0.3,global_gap_early_commit,False,10,10,,primary,global_gap_early_commit,0.984375,0.859375,0.9921875,6.0,4.312536754645407,True,tie_pass,False,False,False,False,False,False,10,10,,primary,global_gap_early_commit,0.984375,0.859375,0.9921875,6.0,4.334471624344587,True,tie_pass,False,False,False,False,False,False,10,10,,primary,global_gap_early_commit,0.984375,0.859375,0.9921875,6.0,4.279269307851791,True,tie_pass,False,False,False,False,False
SingleLineInfilling/HumanEval/76/L2,6,<=8,False,True,True,True,False,2,7,5.0,20.0,1.0970802969011977,0.8041744696818466,0.7330133190371844,0.6745098039215687,5.0,7.0,0.98046875,0.96484375,0.5714285714285714,13.0,True,0.2929058272193511,0.26698668096281564,28,7.0,4.0,4.0,7.0,5.0,-0.1111111111111111,0.0,0.7704081632653061,0.8888888888888888,3,8,22,0.95703125,0.98828125,0.95703125,0.98828125,0.97265625,0.0011574074074074073,0.0,0.96484375,0.91796875,0.947265625,0.98046875,0.94921875,0.96875,0.5714285714285714,global_gap_early_commit,False,7,7,,primary,global_gap_early_commit,0.98046875,0.96875,0.98828125,8.0,3.51589956600219,True,tie_pass,False,False,False,False,False,False,7,7,,primary,global_gap_early_commit,0.98046875,0.96875,0.98828125,8.0,3.4970602728426456,True,tie_pass,False,False,False,False,False,False,7,7,,primary,global_gap_early_commit,0.98046875,0.96875,0.98828125,8.0,3.495356047526002,True,tie_pass,False,False,False,False,False
SingleLineInfilling/HumanEval/76/L3,9,9-12,False,False,True,True,False,4,9,4.0,14.0,0.9678732369372705,0.7688418208027336,0.7943621039007648,0.7368421052631579,4.0,9.0,0.9296875,0.86328125,0.3333333333333333,5.0,True,0.1990314161345369,0.20563789609923522,40,9.0,3.0,3.0,9.0,6.0,-0.15384615384615385,-0.3333333333333333,0.6777777777777778,0.8461538461538461,2,7,39,0.75390625,0.96484375,0.71875,0.96484375,0.859375,0.005408653846153846,0.0,0.8671875,0.439453125,0.703125,0.92578125,0.63671875,0.796875,0.3333333333333333,global_gap_early_commit,False,9,9,,primary,global_gap_early_commit,0.92578125,0.796875,0.96484375,7.0,4.148431912064552,True,tie_pass,False,False,False,False,False,False,9,9,,primary,global_gap_early_commit,0.92578125,0.796875,0.96484375,7.0,4.099005462601781,True,tie_pass,False,False,False,False,False,False,9,9,,primary,global_gap_early_commit,0.92578125,0.796875,0.96484375,7.0,4.1177943563088775,True,tie_pass,False,False,False,False,False
SingleLineInfilling/HumanEval/76/L4,8,<=8,False,True,True,True,False,2,8,5.0,13.0,1.0927780212270755,0.6378589762552966,0.5837040678573017,0.5511811023622047,5.0,8.0,0.9375,0.8984375,0.5,5.0,True,0.4549190449717788,0.41629593214269833,28,8.0,4.0,4.0,8.0,6.0,-0.14814814814814814,-0.3333333333333333,0.7767857142857143,0.8518518518518519,2,8,27,0.94921875,0.9453125,0.9453125,0.94921875,0.9453125,-0.00014467592592592592,0.0,0.875,0.875,0.890625,0.9140625,0.9140625,0.92578125,0.5,global_gap_early_commit,False,8,8,,primary,global_gap_early_commit,0.9140625,0.92578125,0.94921875,8.0,3.383641943335533,True,tie_pass,False,False,False,False,False,False,8,8,,primary,global_gap_early_commit,0.9140625,0.92578125,0.94921875,8.0,3.350604119710624,True,tie_pass,False,False,False,False,False,False,8,8,,primary,global_gap_early_commit,0.9140625,0.92578125,0.94921875,8.0,3.3307339129969478,True,tie_pass,False,False,False,False,False
SingleLineInfilling/HumanEval/76/L5,9,9-12,False,False,True,True,False,3,7,7.0,14.0,0.6936222309343878,0.5812078050115902,0.8379313394102685,0.7987421383647799,7.0,7.0,0.9609375,0.94140625,0.5714285714285714,7.0,True,0.1124144259227976,0.16206866058973146,28,7.0,4.0,4.0,7.0,5.0,-0.1111111111111111,0.0,0.7704081632653061,0.8888888888888888,3,8,22,0.6171875,0.9765625,0.6171875,0.9765625,0.841796875,0.013310185185185185,0.0,0.94140625,0.46875,0.73828125,0.9609375,0.6171875,0.80078125,0.5714285714285714,global_gap_early_commit,False,7,7,,primary,global_gap_early_commit,0.9609375,0.80078125,0.9765625,8.0,3.117790528573096,True,tie_pass,False,False,False,False,False,False,7,7,,primary,global_gap_early_commit,0.9609375,0.80078125,0.9765625,8.0,4.4559834729880095,True,tie_pass,False,False,False,False,False,False,7,7,,primary,global_gap_early_commit,0.9609375,0.80078125,0.9765625,8.0,3.1151809319853783,True,tie_pass,False,False,False,False,False
SingleLineInfilling/HumanEval/77/L0,7,<=8,False,True,False,False,False,2,4,4.0,13.0,0.7810906824406042,0.5695169430850863,0.72913037613708,0.6793478260869565,4.0,4.0,,,0.0,9.0,True,0.21157373935551793,0.27086962386292,56,4.0,0.0,0.0,4.0,2.0,-0.07272727272727272,-0.3333333333333333,0.5625,0.9272727272727272,2,16,55,0.71875,0.77734375,0.69921875,0.77734375,0.76171875,0.001065340909090909,0.0,0.013671875,0.013671875,0.328125,0.1181640625,0.1181640625,0.5234375,0.0,no_remaining_masks,False,4,4,,primary,no_remaining_masks,0.1181640625,0.5234375,0.77734375,16.0,4.199248151853681,False,tie_fail,False,False,False,False,False,False,4,4,,primary,no_remaining_masks,0.1181640625,0.5234375,0.77734375,16.0,6.871756578795612,False,tie_fail,False,False,False,False,False,True,24,4,24,rescue,no_remaining_masks,0.1181640625,0.5234375,0.77734375,16.0,7.087593569420278,False,tie_fail,False,False,False,False,False
SingleLineInfilling/HumanEval/77/L1,19,17-24,True,False,False,False,True,4,3,3.0,13.0,0.5674481942700458,0.3371540303063711,0.5941582574601006,0.5441176470588235,3.0,3.0,0.79296875,0.75390625,0.3333333333333333,10.0,True,0.2302941639636747,0.40584174253989935,33,3.0,1.0,1.0,3.0,2.0,-0.0625,-0.3333333333333333,0.7575757575757576,0.9375,2,21,32,0.53125,0.5625,0.53125,0.5625,0.5625,0.0009765625,0.0,0.1630859375,0.1630859375,0.1630859375,0.345703125,0.345703125,0.345703125,0.3333333333333333,global_gap_early_commit,True,32,3,32,rescue,global_gap_early_commit,0.345703125,0.345703125,0.5625,21.0,5.271998870186508,False,tie_fail,False,False,False,True,False,True,24,3,24,rescue,global_gap_early_commit,0.345703125,0.345703125,0.5625,21.0,8.6154196113348,False,tie_fail,False,False,False,True,False,True,24,3,24,rescue,global_gap_early_commit,0.345703125,0.345703125,0.5625,21.0,5.018875660374761,False,tie_fail,False,False,False,True,False
SingleLineInfilling/HumanEval/78/L0,22,17-24,True,False,False,False,True,4,8,8.0,13.0,0.8098349648794185,0.706201009425507,0.8720307717642912,0.7989690721649485,8.0,8.0,0.75,0.61328125,0.25,5.0,True,0.10363395545391152,0.12796922823570878,44,8.0,2.0,2.0,8.0,5.0,-0.13953488372093023,-0.3333333333333333,0.6505681818181818,0.8604651162790697,2,8,43,0.71484375,0.84375,0.71484375,0.84375,0.7734375,0.0029978197674418606,0.0,0.25390625,0.25390625,0.4375,0.58203125,0.546875,0.6484375,0.25,global_gap_early_commit,False,8,8,,primary,global_gap_early_commit,0.58203125,0.6484375,0.84375,8.0,6.245632445439696,False,tie_fail,False,False,True,False,False,False,8,8,,primary,global_gap_early_commit,0.58203125,0.6484375,0.84375,8.0,10.048559619113803,False,tie_fail,False,False,True,False,False,False,8,8,,primary,global_gap_early_commit,0.58203125,0.6484375,0.84375,8.0,6.242888862267137,False,tie_fail,False,False,True,False,False
SingleLineInfilling/HumanEval/78/L1,6,<=8,False,True,True,True,False,1,6,6.0,13.0,1.1134970608520351,0.6970887383361456,0.6260355440927176,0.59765625,6.0,6.0,1.0,1.0,0.5,7.0,True,0.41640832251588955,0.37396445590728244,28,6.0,3.0,3.0,6.0,5.0,-0.1111111111111111,-0.3333333333333333,0.7738095238095238,0.8888888888888888,2,10,26,1.0,1.0,1.0,1.0,1.0,0.0,0.0,1.0,1.0,1.0,1.0,1.0,1.0,0.5,global_gap_early_commit,False,6,6,,primary,global_gap_early_commit,1.0,1.0,1.0,10.0,5.774306927807629,True,tie_pass,False,False,False,False,False,False,6,6,,primary,global_gap_early_commit,1.0,1.0,1.0,10.0,9.376732677221298,True,tie_pass,False,False,False,False,False,False,6,6,,primary,global_gap_early_commit,1.0,1.0,1.0,10.0,5.726047212257981,True,tie_pass,False,False,False,False,False
SingleLineInfilling/HumanEval/78/L2,12,9-12,False,False,True,True,False,4,12,12.0,13.0,1.1426453332239777,0.6515273828893388,0.5701921356918792,0.5607843137254902,12.0,12.0,0.984375,0.96875,0.3333333333333333,1.0,True,0.4911179503346389,0.4298078643081208,40,12.0,4.0,4.0,12.0,8.0,-0.20512820512820512,-0.3333333333333333,0.6791666666666667,0.7948717948717948,2,5,39,0.984375,0.9921875,0.984375,0.99609375,0.984375,0.00020032051282051281,0.0,0.9765625,0.9609375,0.97265625,0.98828125,0.9765625,0.98046875,0.3333333333333333,global_gap_early_commit,False,12,12,,primary,global_gap_early_commit,0.98828125,0.98046875,0.99609375,5.0,6.6630002008751035,True,tie_pass,False,False,False,False,False,False,12,12,,primary,global_gap_early_commit,0.98828125,0.98046875,0.99609375,5.0,11.789109322242439,True,tie_pass,False,False,False,False,False,False,12,12,,primary,global_gap_early_commit,0.98828125,0.98046875,0.99609375,5.0,6.5902241906151175,True,tie_pass,False,False,False,False,False
SingleLineInfilling/HumanEval/78/L3,9,9-12,False,False,True,True,False,1,9,9.0,13.0,1.1186347508410275,0.7198694160595491,0.6435249892946083,0.6294820717131474,9.0,9.0,0.99609375,0.9921875,0.3333333333333333,4.0,True,0.39876533478147835,0.35647501070539167,40,9.0,3.0,3.0,9.0,6.0,-0.15384615384615385,-0.3333333333333333,0.6777777777777778,0.8461538461538461,2,7,39,0.98046875,1.0,0.97265625,1.0,0.9765625,0.000500801282051282,0.0,0.9921875,0.92578125,0.953125,0.99609375,0.9609375,0.97265625,0.3333333333333333,global_gap_early_commit,False,9,9,,primary,global_gap_early_commit,0.99609375,0.97265625,1.0,7.0,6.400549347512424,True,tie_pass,False,False,False,False,False,False,9,9,,primary,global_gap_early_commit,0.99609375,0.97265625,1.0,7.0,11.56178770493716,True,tie_pass,False,False,False,False,False,False,9,9,,primary,global_gap_early_commit,0.99609375,0.97265625,1.0,7.0,6.356278013437986,True,tie_pass,False,False,False,False,False
SingleLineInfilling/HumanEval/78/L4,6,<=8,False,True,True,True,False,1,6,6.0,13.0,1.1134970608520351,0.7608746359616754,0.6833198422449924,0.65234375,6.0,6.0,1.0,1.0,0.5,7.0,True,0.3526224248903598,0.3166801577550076,28,6.0,3.0,3.0,6.0,5.0,-0.1111111111111111,-0.3333333333333333,0.7738095238095238,0.8888888888888888,2,10,26,1.0,1.0,1.0,1.0,1.0,0.0,0.0,1.0,0.99609375,0.99609375,1.0,0.99609375,1.0,0.5,global_gap_early_commit,False,6,6,,primary,global_gap_early_commit,1.0,1.0,1.0,10.0,5.392764809541404,True,tie_pass,False,False,False,False,False,False,6,6,,primary,global_gap_early_commit,1.0,1.0,1.0,10.0,9.70293219666928,True,tie_pass,False,False,False,False,False,False,6,6,,primary,global_gap_early_commit,1.0,1.0,1.0,10.0,5.3532202849164605,True,tie_pass,False,False,False,False,False
SingleLineInfilling/HumanEval/78/L5,4,<=8,False,True,True,True,False,3,3,3.0,13.0,0.9721722740067696,0.40549606347658146,0.41710309408984214,0.38197424892703863,3.0,3.0,0.98828125,0.984375,0.3333333333333333,10.0,True,0.5666762105301881,0.5828969059101579,33,3.0,1.0,1.0,3.0,2.0,-0.0625,-0.3333333333333333,0.7575757575757576,0.9375,2,21,32,0.91015625,0.9765625,0.91015625,0.9765625,0.9765625,0.0020751953125,0.0,0.9453125,0.87890625,0.9453125,0.9609375,0.91015625,0.9609375,0.3333333333333333,global_gap_early_commit,False,3,3,,primary,global_gap_early_commit,0.9609375,0.9609375,0.9765625,21.0,5.957324014045298,True,tie_pass,False,False,False,False,False,False,3,3,,primary,global_gap_early_commit,0.9609375,0.9609375,0.9765625,21.0,10.710249393247068,True,tie_pass,False,False,False,False,False,False,3,3,,primary,global_gap_early_commit,0.9609375,0.9609375,0.9765625,21.0,5.953097399324179,True,tie_pass,False,False,False,False,False
SingleLineInfilling/HumanEval/79/L0,17,17-24,True,False,False,False,True,0,3,3.0,13.0,0.49443096338970904,0.23008484500637488,0.46535282383806265,0.42616033755274263,3.0,3.0,,,0.0,10.0,True,0.26434611838333416,0.5346471761619374,54,3.0,0.0,0.0,3.0,2.0,-0.05660377358490566,-0.3333333333333333,0.5864197530864198,0.9433962264150944,2,21,53,0.462890625,0.75,0.462890625,0.75,0.48828125,0.005417158018867925,0.0,0.1484375,0.134765625,0.1484375,0.25390625,0.234375,0.25390625,0.0,no_remaining_masks,True,32,3,32,rescue,no_remaining_masks,0.25390625,0.25390625,0.75,21.0,5.813096791505814,False,tie_fail,False,False,False,True,False,True,24,3,24,rescue,no_remaining_masks,0.25390625,0.25390625,0.75,21.0,11.522442202083766,False,tie_fail,False,False,False,True,False,True,24,3,24,rescue,no_remaining_masks,0.25390625,0.25390625,0.75,21.0,6.086332610808313,False,tie_fail,False,False,False,True,False
SingleLineInfilling/HumanEval/8/L0,7,<=8,False,True,True,True,False,1,7,7.0,13.0,1.1238436146785018,0.8519973468552892,0.758110235025022,0.73046875,7.0,7.0,1.0,1.0,0.5714285714285714,6.0,True,0.27184626782321264,0.24188976497497805,28,7.0,4.0,4.0,7.0,5.0,-0.1111111111111111,0.0,0.7704081632653061,0.8888888888888888,3,8,22,1.0,1.0,1.0,1.0,1.0,0.0,0.0,1.0,1.0,1.0,1.0,1.0,1.0,0.5714285714285714,global_gap_early_commit,False,7,7,,primary,global_gap_early_commit,1.0,1.0,1.0,8.0,2.6380695644766092,True,tie_pass,False,False,False,False,False,False,7,7,,primary,global_gap_early_commit,1.0,1.0,1.0,8.0,2.643280359916389,True,tie_pass,False,False,False,False,False,False,7,7,,primary,global_gap_early_commit,1.0,1.0,1.0,8.0,3.488893935456872,True,tie_pass,False,False,False,False,False
SingleLineInfilling/HumanEval/8/L1,7,<=8,False,True,True,True,False,4,6,6.0,20.0,1.1134970608520351,1.0753495815513066,0.9657408352101634,0.8984375,6.0,6.0,1.0,1.0,0.5,14.0,True,0.03814747930072859,0.034259164789836594,28,6.0,3.0,3.0,6.0,5.0,-0.1111111111111111,-0.3333333333333333,0.7738095238095238,0.8888888888888888,2,10,26,1.0,1.0,1.0,1.0,1.0,0.0,0.0,1.0,1.0,1.0,1.0,1.0,1.0,0.5,global_gap_early_commit,False,6,6,,primary,global_gap_early_commit,1.0,1.0,1.0,10.0,2.4651527209207416,True,tie_pass,False,False,False,False,False,False,6,6,,primary,global_gap_early_commit,1.0,1.0,1.0,10.0,2.4676409903913736,True,tie_pass,False,False,False,False,False,False,6,6,,primary,global_gap_early_commit,1.0,1.0,1.0,10.0,3.2353164963424206,True,tie_pass,False,False,False,False,False
SingleLineInfilling/HumanEval/8/L3,7,<=8,False,True,True,True,False,2,7,7.0,14.0,1.1238436146785018,0.7642653813931934,0.6800460236737004,0.65234375,7.0,7.0,1.0,1.0,0.5714285714285714,7.0,True,0.35957823328530836,0.3199539763262996,28,7.0,4.0,4.0,7.0,5.0,-0.1111111111111111,0.0,0.7704081632653061,0.8888888888888888,3,8,22,1.0,1.0,1.0,1.0,1.0,0.0,0.0,1.0,1.0,1.0,1.0,1.0,1.0,0.5714285714285714,global_gap_early_commit,False,7,7,,primary,global_gap_early_commit,1.0,1.0,1.0,8.0,2.4638719130307436,True,tie_pass,False,False,False,False,False,False,7,7,,primary,global_gap_early_commit,1.0,1.0,1.0,8.0,2.5085757123306394,True,tie_pass,False,False,False,False,False,False,7,7,,primary,global_gap_early_commit,1.0,1.0,1.0,8.0,3.1659418204799294,True,tie_pass,False,False,False,False,False
SingleLineInfilling/HumanEval/8/L4,6,<=8,False,True,True,True,False,1,6,6.0,13.0,1.1134970608520351,0.6970887383361456,0.6260355440927176,0.59765625,6.0,6.0,1.0,1.0,0.5,7.0,True,0.41640832251588955,0.37396445590728244,28,6.0,3.0,3.0,6.0,5.0,-0.1111111111111111,-0.3333333333333333,0.7738095238095238,0.8888888888888888,2,10,26,1.0,1.0,1.0,1.0,1.0,0.0,0.0,1.0,1.0,1.0,1.0,1.0,1.0,0.5,global_gap_early_commit,False,6,6,,primary,global_gap_early_commit,1.0,1.0,1.0,10.0,2.477005312219262,True,tie_pass,False,False,False,False,False,False,6,6,,primary,global_gap_early_commit,1.0,1.0,1.0,10.0,2.4819838339462876,True,tie_pass,False,False,False,False,False,False,6,6,,primary,global_gap_early_commit,1.0,1.0,1.0,10.0,3.230382834561169,True,tie_pass,False,False,False,False,False
SingleLineInfilling/HumanEval/8/L5,6,<=8,False,True,True,True,False,4,7,7.0,13.0,1.1238436146785018,0.692532602791465,0.6162179450470766,0.59375,7.0,7.0,1.0,1.0,0.5714285714285714,6.0,True,0.4313110118870368,0.3837820549529234,28,7.0,4.0,4.0,7.0,5.0,-0.1111111111111111,0.0,0.7704081632653061,0.8888888888888888,3,8,22,1.0,1.0,1.0,1.0,1.0,0.0,0.0,1.0,1.0,1.0,1.0,1.0,1.0,0.5714285714285714,global_gap_early_commit,False,7,7,,primary,global_gap_early_commit,1.0,1.0,1.0,8.0,2.514996794052422,True,tie_pass,False,False,False,False,False,False,7,7,,primary,global_gap_early_commit,1.0,1.0,1.0,8.0,2.522003633901477,True,tie_pass,False,False,False,False,False,False,7,7,,primary,global_gap_early_commit,1.0,1.0,1.0,8.0,3.2239957358688116,True,tie_pass,False,False,False,False,False
SingleLineInfilling/HumanEval/8/L6,8,<=8,False,True,False,False,False,0,8,3.0,13.0,0.8887240101435276,0.6651957895233808,0.7484840984727673,0.6854460093896714,3.0,8.0,0.98828125,0.98046875,0.5,5.0,True,0.22352822062014688,0.2515159015272327,28,8.0,4.0,4.0,8.0,6.0,-0.14814814814814814,-0.3333333333333333,0.7767857142857143,0.8518518518518519,2,8,27,0.7421875,0.77734375,0.7421875,0.77734375,0.76953125,0.0013020833333333333,0.0,0.3203125,0.3203125,0.419921875,0.64453125,0.64453125,0.69140625,0.5,global_gap_early_commit,False,8,8,,primary,global_gap_early_commit,0.64453125,0.69140625,0.77734375,8.0,2.3210370847955346,False,tie_fail,False,False,False,False,False,False,8,8,,primary,global_gap_early_commit,0.64453125,0.69140625,0.77734375,8.0,2.36282442510128,False,tie_fail,False,False,False,False,False,False,8,8,,primary,global_gap_early_commit,0.64453125,0.69140625,0.77734375,8.0,2.9357126113027334,False,tie_fail,False,False,False,False,False
SingleLineInfilling/HumanEval/80/L0,10,9-12,False,False,True,True,False,3,10,10.0,15.0,1.1346986962449663,0.8869166730706917,0.781631878141524,0.7628458498023716,10.0,10.0,0.96875,0.9453125,0.3,5.0,True,0.24778202317427467,0.21836812185847598,42,10.0,3.0,3.0,10.0,7.0,-0.17073170731707318,-0.3333333333333333,0.6666666666666666,0.8292682926829268,2,6,41,0.98828125,0.98828125,0.984375,0.98828125,0.98828125,0.0,0.0,0.9453125,0.9453125,0.96875,0.97265625,0.97265625,0.984375,0.3,global_gap_early_commit,False,10,10,,primary,global_gap_early_commit,0.97265625,0.984375,0.98828125,6.0,4.358311836607754,True,tie_pass,False,False,False,False,False,False,10,10,,primary,global_gap_early_commit,0.97265625,0.984375,0.98828125,6.0,8.105865801684558,True,tie_pass,False,False,False,False,False,False,10,10,,primary,global_gap_early_commit,0.97265625,0.984375,0.98828125,6.0,4.329750840552151,True,tie_pass,False,False,False,False,False
SingleLineInfilling/HumanEval/80/L1,4,<=8,False,True,True,True,False,2,4,4.0,13.0,1.0103238175046945,0.5444581975893426,0.5388947465714998,0.493801652892562,4.0,4.0,0.8671875,0.76171875,0.5,9.0,True,0.4658656199153519,0.4611052534285002,28,4.0,2.0,2.0,4.0,3.0,-0.07407407407407407,0.0,0.7767857142857143,0.9259259259259259,3,14,23,0.9296875,0.93359375,0.92578125,0.93359375,0.92578125,0.00014467592592592592,0.0,0.76171875,0.76171875,0.82421875,0.8671875,0.8671875,0.90234375,0.5,global_gap_early_commit,False,4,4,,primary,global_gap_early_commit,0.8671875,0.90234375,0.93359375,14.0,3.6265333388000727,True,tie_pass,False,False,False,False,False,False,4,4,,primary,global_gap_early_commit,0.8671875,0.90234375,0.93359375,14.0,5.845965717919171,True,tie_pass,False,False,False,False,False,False,4,4,,primary,global_gap_early_commit,0.8671875,0.90234375,0.93359375,14.0,3.592053863219917,True,tie_pass,False,False,False,False,False
SingleLineInfilling/HumanEval/80/L3,13,13-16,False,False,True,True,False,0,11,8.0,13.0,1.1151825745880517,0.9841252776510292,0.8824790667255225,0.8571428571428571,8.0,11.0,0.9921875,0.984375,0.36363636363636365,2.0,True,0.1310572969370225,0.11752093327447755,40,11.0,4.0,4.0,11.0,7.5,-0.1794871794871795,-0.3333333333333333,0.6795454545454546,0.8205128205128205,2,5,37,0.9609375,0.99609375,0.9609375,0.99609375,0.96484375,0.0009014423076923077,0.0,0.984375,0.90625,0.9296875,0.9921875,0.94140625,0.95703125,0.36363636363636365,global_gap_early_commit,False,11,11,,primary,global_gap_early_commit,0.9921875,0.95703125,0.99609375,5.0,3.823651695623994,True,tie_pass,False,False,False,False,False,False,11,11,,primary,global_gap_early_commit,0.9921875,0.95703125,0.99609375,5.0,5.885747926309705,True,tie_pass,False,False,False,False,False,False,11,11,,primary,global_gap_early_commit,0.9921875,0.95703125,0.99609375,5.0,3.7645813915878534,True,tie_pass,False,False,False,False,False
SingleLineInfilling/HumanEval/80/L5,34,25+,True,False,False,False,True,1,20,20.0,20.0,1.103402179330906,1.103402179330906,1.0,1.0,20.0,20.0,0.9765625,0.9609375,0.35,0.0,False,0.0,0.0,41,20.0,7.0,7.0,20.0,13.0,-0.325,-0.3333333333333333,0.6719512195121952,0.675,2,3,40,0.921875,0.9921875,0.87890625,0.9921875,0.953125,0.0017578125,0.0,0.96875,0.796875,0.9140625,0.98046875,0.85546875,0.94140625,0.35,global_gap_early_commit,False,20,20,,primary,global_gap_early_commit,0.98046875,0.94140625,0.9921875,3.0,3.1512303659692407,False,tie_fail,False,False,True,False,False,False,20,20,,primary,global_gap_early_commit,0.98046875,0.94140625,0.9921875,3.0,5.12337463721633,False,tie_fail,False,False,True,False,False,False,20,20,,primary,global_gap_early_commit,0.98046875,0.94140625,0.9921875,3.0,3.1562891751527786,False,tie_fail,False,False,True,False,False
SingleLineInfilling/HumanEval/80/L6,4,<=8,False,True,True,True,False,0,5,5.0,13.0,1.0712666428564637,0.5330678587276408,0.49760520621294585,0.46987951807228917,5.0,5.0,0.96875,0.94921875,0.6,8.0,True,0.5381987841288228,0.5023947937870541,28,5.0,3.0,3.0,5.0,4.0,-0.07407407407407407,0.0,0.7785714285714286,0.9259259259259259,3,12,19,0.97265625,0.98046875,0.96875,0.98046875,0.97265625,0.00028935185185185184,0.0,0.94921875,0.9375,0.94921875,0.96875,0.9609375,0.96875,0.6,global_gap_early_commit,False,5,5,,primary,global_gap_early_commit,0.96875,0.96875,0.98046875,12.0,3.611291260458529,True,tie_pass,False,False,False,False,False,False,5,5,,primary,global_gap_early_commit,0.96875,0.96875,0.98046875,12.0,5.493426446802914,True,tie_pass,False,False,False,False,False,False,5,5,,primary,global_gap_early_commit,0.96875,0.96875,0.98046875,12.0,3.5970514258369803,True,tie_pass,False,False,False,False,False
SingleLineInfilling/HumanEval/80/L7,4,<=8,False,True,False,False,False,1,3,3.0,13.0,0.5591033678837216,0.3257636914446694,0.582653781317267,0.5335820895522388,3.0,3.0,0.9609375,0.9453125,0.3333333333333333,10.0,True,0.23333967643905223,0.41734621868273303,33,3.0,1.0,1.0,3.0,2.0,-0.0625,-0.3333333333333333,0.7575757575757576,0.9375,2,21,32,0.5234375,0.94140625,0.5234375,0.94140625,0.94140625,0.0130615234375,0.0,0.88671875,0.28515625,0.88671875,0.9140625,0.5234375,0.9140625,0.3333333333333333,global_gap_early_commit,False,3,3,,primary,global_gap_early_commit,0.9140625,0.9140625,0.94140625,21.0,3.931778682395816,False,tie_fail,False,False,False,False,False,False,3,3,,primary,global_gap_early_commit,0.9140625,0.9140625,0.94140625,21.0,5.957217785529792,False,tie_fail,False,False,False,False,False,False,3,3,,primary,global_gap_early_commit,0.9140625,0.9140625,0.94140625,21.0,3.936898712068796,False,tie_fail,False,False,False,False,False
SingleLineInfilling/HumanEval/81/L10,11,9-12,False,False,True,True,False,4,11,11.0,13.0,1.154738274773439,0.8930025667574153,0.7733376352599237,0.765625,11.0,11.0,1.0,1.0,0.36363636363636365,2.0,True,0.26173570801602364,0.22666236474007628,40,11.0,4.0,4.0,11.0,7.5,-0.1794871794871795,-0.3333333333333333,0.6795454545454546,0.8205128205128205,2,5,37,1.0,1.0,1.0,1.0,1.0,0.0,0.0,1.0,1.0,1.0,1.0,1.0,1.0,0.36363636363636365,global_gap_early_commit,False,11,11,,primary,global_gap_early_commit,1.0,1.0,1.0,5.0,8.408611396327615,True,tie_pass,False,False,False,False,False,False,11,11,,primary,global_gap_early_commit,1.0,1.0,1.0,5.0,13.780565489083529,True,tie_pass,False,False,False,False,False,False,11,11,,primary,global_gap_early_commit,1.0,1.0,1.0,5.0,8.345034228637815,True,tie_pass,False,False,False,False,False
SingleLineInfilling/HumanEval/81/L11,10,9-12,False,False,True,True,False,4,10,10.0,20.0,1.1481536214968828,0.8509287993145122,0.7411280018479848,0.7109375,10.0,10.0,1.0,1.0,0.3,10.0,True,0.2972248221823707,0.2588719981520152,42,10.0,3.0,3.0,10.0,7.0,-0.17073170731707318,-0.3333333333333333,0.6666666666666666,0.8292682926829268,2,6,41,1.0,1.0,1.0,1.0,1.0,0.0,0.0,1.0,1.0,1.0,1.0,1.0,1.0,0.3,global_gap_early_commit,False,10,10,,primary,global_gap_early_commit,1.0,1.0,1.0,6.0,8.542410084046423,True,tie_pass,False,False,False,False,False,False,10,10,,primary,global_gap_early_commit,1.0,1.0,1.0,6.0,14.326872000470757,True,tie_pass,False,False,False,False,False,False,10,10,,primary,global_gap_early_commit,1.0,1.0,1.0,6.0,8.528136598877609,True,tie_pass,False,False,False,False,False
SingleLineInfilling/HumanEval/81/L12,11,9-12,False,False,True,True,False,0,11,11.0,13.0,1.154738274773439,0.9203393800254995,0.7970112363393093,0.7890625,11.0,11.0,1.0,1.0,0.36363636363636365,2.0,True,0.2343988947479394,0.20298876366069074,40,11.0,4.0,4.0,11.0,7.5,-0.1794871794871795,-0.3333333333333333,0.6795454545454546,0.8205128205128205,2,5,37,1.0,1.0,1.0,1.0,1.0,0.0,0.0,1.0,1.0,1.0,1.0,1.0,1.0,0.36363636363636365,global_gap_early_commit,False,11,11,,primary,global_gap_early_commit,1.0,1.0,1.0,5.0,8.409263294190168,True,tie_pass,False,False,False,False,False,False,11,11,,primary,global_gap_early_commit,1.0,1.0,1.0,5.0,13.874525361694396,True,tie_pass,False,False,False,False,False,False,11,11,,primary,global_gap_early_commit,1.0,1.0,1.0,5.0,8.37446962017566,True,tie_pass,False,False,False,False,False
SingleLineInfilling/HumanEval/81/L13,9,9-12,False,False,True,True,False,4,9,9.0,15.0,1.1409183116147532,0.7812219400104538,0.6847308278405861,0.6640625,9.0,9.0,1.0,1.0,0.3333333333333333,6.0,True,0.35969637160429946,0.31526917215941386,40,9.0,3.0,3.0,9.0,6.0,-0.15384615384615385,-0.3333333333333333,0.6777777777777778,0.8461538461538461,2,7,39,1.0,1.0,1.0,1.0,1.0,0.0,0.0,1.0,1.0,1.0,1.0,1.0,1.0,0.3333333333333333,global_gap_early_commit,False,9,9,,primary,global_gap_early_commit,1.0,1.0,1.0,7.0,8.166037105955184,True,tie_pass,False,False,False,False,False,False,9,9,,primary,global_gap_early_commit,1.0,1.0,1.0,7.0,13.40999099239707,True,tie_pass,False,False,False,False,False,False,9,9,,primary,global_gap_early_commit,1.0,1.0,1.0,7.0,8.112066319212317,True,tie_pass,False,False,False,False,False
SingleLineInfilling/HumanEval/81/L14,11,9-12,False,False,True,True,False,2,11,11.0,13.0,1.154738274773439,0.8155482624978436,0.7062624322016651,0.69921875,11.0,11.0,1.0,1.0,0.36363636363636365,2.0,True,0.3391900122755953,0.29373756779833493,40,11.0,4.0,4.0,11.0,7.5,-0.1794871794871795,-0.3333333333333333,0.6795454545454546,0.8205128205128205,2,5,37,1.0,1.0,1.0,1.0,1.0,0.0,0.0,1.0,1.0,1.0,1.0,1.0,1.0,0.36363636363636365,global_gap_early_commit,False,11,11,,primary,global_gap_early_commit,1.0,1.0,1.0,5.0,8.440140258520842,True,tie_pass,False,False,False,False,False,False,11,11,,primary,global_gap_early_commit,1.0,1.0,1.0,5.0,13.96472441777587,True,tie_pass,False,False,False,False,False,False,11,11,,primary,global_gap_early_commit,1.0,1.0,1.0,5.0,8.392226979136467,True,tie_pass,False,False,False,False,False
SingleLineInfilling/HumanEval/81/L15,10,9-12,False,False,True,True,False,4,10,10.0,20.0,1.1481536214968828,0.9350865926533101,0.8144263756571261,0.78125,10.0,10.0,1.0,1.0,0.3,10.0,True,0.21306702884357276,0.18557362434287394,42,10.0,3.0,3.0,10.0,7.0,-0.17073170731707318,-0.3333333333333333,0.6666666666666666,0.8292682926829268,2,6,41,1.0,1.0,1.0,1.0,1.0,0.0,0.0,1.0,1.0,1.0,1.0,1.0,1.0,0.3,global_gap_early_commit,False,10,10,,primary,global_gap_early_commit,1.0,1.0,1.0,6.0,8.538599128834903,True,tie_pass,False,False,False,False,False,False,10,10,,primary,global_gap_early_commit,1.0,1.0,1.0,6.0,13.17292886506766,True,tie_pass,False,False,False,False,False,False,10,10,,primary,global_gap_early_commit,1.0,1.0,1.0,6.0,8.45165160857141,True,tie_pass,False,False,False,False,False
SingleLineInfilling/HumanEval/81/L16,11,9-12,False,False,True,True,False,2,11,11.0,13.0,1.154738274773439,0.956788464382945,0.8285760377784896,0.8203125,11.0,11.0,1.0,1.0,0.36363636363636365,2.0,True,0.19794981039049397,0.17142396222151035,40,11.0,4.0,4.0,11.0,7.5,-0.1794871794871795,-0.3333333333333333,0.6795454545454546,0.8205128205128205,2,5,37,1.0,1.0,1.0,1.0,1.0,0.0,0.0,1.0,1.0,1.0,1.0,1.0,1.0,0.36363636363636365,global_gap_early_commit,False,11,11,,primary,global_gap_early_commit,1.0,1.0,1.0,5.0,8.406308697536588,True,tie_pass,False,False,False,False,False,False,11,11,,primary,global_gap_early_commit,1.0,1.0,1.0,5.0,10.789798179641366,True,tie_pass,False,False,False,False,False,False,11,11,,primary,global_gap_early_commit,1.0,1.0,1.0,5.0,8.346069430932403,True,tie_pass,False,False,False,False,False
SingleLineInfilling/HumanEval/81/L17,10,9-12,False,False,True,True,False,0,10,10.0,20.0,1.1481536214968828,0.9210602937635104,0.8022099800222692,0.76953125,10.0,10.0,1.0,1.0,0.3,10.0,True,0.22709332773337243,0.19779001997773082,42,10.0,3.0,3.0,10.0,7.0,-0.17073170731707318,-0.3333333333333333,0.6666666666666666,0.8292682926829268,2,6,41,1.0,1.0,1.0,1.0,1.0,0.0,0.0,1.0,1.0,1.0,1.0,1.0,1.0,0.3,global_gap_early_commit,False,10,10,,primary,global_gap_early_commit,1.0,1.0,1.0,6.0,8.533065388910472,True,tie_pass,False,False,False,False,False,False,10,10,,primary,global_gap_early_commit,1.0,1.0,1.0,6.0,10.962898439727724,True,tie_pass,False,False,False,False,False,False,10,10,,primary,global_gap_early_commit,1.0,1.0,1.0,6.0,8.460294094868004,True,tie_pass,False,False,False,False,False
SingleLineInfilling/HumanEval/81/L18,11,9-12,False,False,True,True,False,2,11,11.0,13.0,1.154738274773439,0.8611096179446505,0.7457184340006408,0.73828125,11.0,11.0,1.0,1.0,0.36363636363636365,2.0,True,0.29362865682878847,0.25428156599935925,40,11.0,4.0,4.0,11.0,7.5,-0.1794871794871795,-0.3333333333333333,0.6795454545454546,0.8205128205128205,2,5,37,1.0,1.0,1.0,1.0,1.0,0.0,0.0,1.0,1.0,1.0,1.0,1.0,1.0,0.36363636363636365,global_gap_early_commit,False,11,11,,primary,global_gap_early_commit,1.0,1.0,1.0,5.0,8.447251881472766,True,tie_pass,False,False,False,False,False,False,11,11,,primary,global_gap_early_commit,1.0,1.0,1.0,5.0,10.820952899754047,True,tie_pass,False,False,False,False,False,False,11,11,,primary,global_gap_early_commit,1.0,1.0,1.0,5.0,8.320043927058578,True,tie_pass,False,False,False,False,False
SingleLineInfilling/HumanEval/81/L19,9,9-12,False,False,True,True,False,4,9,9.0,15.0,1.1409183116147532,0.790412786363518,0.6927864846387107,0.671875,9.0,9.0,1.0,1.0,0.3333333333333333,6.0,True,0.35050552525123524,0.30721351536128927,40,9.0,3.0,3.0,9.0,6.0,-0.15384615384615385,-0.3333333333333333,0.6777777777777778,0.8461538461538461,2,7,39,1.0,1.0,1.0,1.0,1.0,0.0,0.0,1.0,1.0,1.0,1.0,1.0,1.0,0.3333333333333333,global_gap_early_commit,False,9,9,,primary,global_gap_early_commit,1.0,1.0,1.0,7.0,8.173691092990339,True,tie_pass,False,False,False,False,False,False,9,9,,primary,global_gap_early_commit,1.0,1.0,1.0,7.0,10.544911690056324,True,tie_pass,False,False,False,False,False,False,9,9,,primary,global_gap_early_commit,1.0,1.0,1.0,7.0,8.087361966259778,True,tie_pass,False,False,False,False,False
SingleLineInfilling/HumanEval/81/L2,7,<=8,False,True,True,True,False,0,7,7.0,14.0,1.115063586438826,0.6864659114310121,0.615629386323497,0.5905511811023622,7.0,7.0,0.9921875,0.98828125,0.5714285714285714,7.0,True,0.428597675007814,0.38437061367650305,28,7.0,4.0,4.0,7.0,5.0,-0.1111111111111111,0.0,0.7704081632653061,0.8888888888888888,3,8,22,0.9921875,0.99609375,0.9921875,0.99609375,0.994140625,0.00014467592592592592,0.0,0.98828125,0.98046875,0.986328125,0.9921875,0.98828125,0.9921875,0.5714285714285714,global_gap_early_commit,False,7,7,,primary,global_gap_early_commit,0.9921875,0.9921875,0.99609375,8.0,7.424732031300664,True,tie_pass,False,False,False,False,False,False,7,7,,primary,global_gap_early_commit,0.9921875,0.9921875,0.99609375,8.0,11.194843951612711,True,tie_pass,False,False,False,False,False,False,7,7,,primary,global_gap_early_commit,0.9921875,0.9921875,0.99609375,8.0,7.358542921952903,True,tie_pass,False,False,False,False,False
SingleLineInfilling/HumanEval/81/L20,11,9-12,False,False,True,True,False,0,11,11.0,14.0,1.154738274773439,0.8100297754885942,0.7014834384419474,0.69140625,11.0,11.0,1.0,1.0,0.36363636363636365,3.0,True,0.3447084992848447,0.2985165615580526,40,11.0,4.0,4.0,11.0,7.5,-0.1794871794871795,-0.3333333333333333,0.6795454545454546,0.8205128205128205,2,5,37,1.0,1.0,1.0,1.0,1.0,0.0,0.0,1.0,1.0,1.0,1.0,1.0,1.0,0.36363636363636365,global_gap_early_commit,False,11,11,,primary,global_gap_early_commit,1.0,1.0,1.0,5.0,8.412811586633325,True,tie_pass,False,False,False,False,False,False,11,11,,primary,global_gap_early_commit,1.0,1.0,1.0,5.0,10.557983110658824,True,tie_pass,False,False,False,False,False,False,11,11,,primary,global_gap_early_commit,1.0,1.0,1.0,5.0,8.372432262636721,True,tie_pass,False,False,False,False,False
SingleLineInfilling/HumanEval/81/L21,10,9-12,False,False,True,True,False,2,10,10.0,20.0,1.1481536214968828,0.8883322630206445,0.7737050568742697,0.75,10.0,10.0,1.0,1.0,0.3,10.0,True,0.25982135847623833,0.22629494312573029,42,10.0,3.0,3.0,10.0,7.0,-0.17073170731707318,-0.3333333333333333,0.6666666666666666,0.8292682926829268,2,6,41,1.0,1.0,1.0,1.0,1.0,0.0,0.0,1.0,1.0,1.0,1.0,1.0,1.0,0.3,global_gap_early_commit,False,10,10,,primary,global_gap_early_commit,1.0,1.0,1.0,6.0,8.552046900615096,True,tie_pass,False,False,False,False,False,False,10,10,,primary,global_gap_early_commit,1.0,1.0,1.0,6.0,10.526509600691497,True,tie_pass,False,False,False,False,False,False,10,10,,primary,global_gap_early_commit,1.0,1.0,1.0,6.0,8.494549713097513,True,tie_pass,False,False,False,False,False
SingleLineInfilling/HumanEval/81/L22,11,9-12,False,False,True,True,False,1,11,11.0,13.0,1.154738274773439,0.897558702302096,0.7772832354398213,0.76953125,11.0,11.0,1.0,1.0,0.36363636363636365,2.0,True,0.25717957247134293,0.22271676456017875,40,11.0,4.0,4.0,11.0,7.5,-0.1794871794871795,-0.3333333333333333,0.6795454545454546,0.8205128205128205,2,5,37,1.0,1.0,1.0,1.0,1.0,0.0,0.0,1.0,1.0,1.0,1.0,1.0,1.0,0.36363636363636365,global_gap_early_commit,False,11,11,,primary,global_gap_early_commit,1.0,1.0,1.0,5.0,8.380353945307434,True,tie_pass,False,False,False,False,False,False,11,11,,primary,global_gap_early_commit,1.0,1.0,1.0,5.0,10.263318934477866,True,tie_pass,False,False,False,False,False,False,11,11,,primary,global_gap_early_commit,1.0,1.0,1.0,5.0,8.39692859724164,True,tie_pass,False,False,False,False,False
SingleLineInfilling/HumanEval/81/L23,10,9-12,False,False,True,True,False,2,10,10.0,20.0,1.1481536214968828,0.8322270674614459,0.7248394743348422,0.6953125,10.0,10.0,1.0,1.0,0.3,10.0,True,0.3159265540354369,0.2751605256651578,42,10.0,3.0,3.0,10.0,7.0,-0.17073170731707318,-0.3333333333333333,0.6666666666666666,0.8292682926829268,2,6,41,1.0,1.0,1.0,1.0,1.0,0.0,0.0,1.0,1.0,1.0,1.0,1.0,1.0,0.3,global_gap_early_commit,False,10,10,,primary,global_gap_early_commit,1.0,1.0,1.0,6.0,8.51652168855071,True,tie_pass,False,False,False,False,False,False,10,10,,primary,global_gap_early_commit,1.0,1.0,1.0,6.0,9.43855078611523,True,tie_pass,False,False,False,False,False,False,10,10,,primary,global_gap_early_commit,1.0,1.0,1.0,6.0,8.472622036933899,True,tie_pass,False,False,False,False,False
SingleLineInfilling/HumanEval/81/L24,11,9-12,False,False,True,True,False,2,11,11.0,14.0,1.154738274773439,0.8420648513553748,0.7292257213181826,0.71875,11.0,11.0,1.0,1.0,0.36363636363636365,3.0,True,0.31267342341806414,0.27077427868181736,40,11.0,4.0,4.0,11.0,7.5,-0.1794871794871795,-0.3333333333333333,0.6795454545454546,0.8205128205128205,2,5,37,1.0,1.0,1.0,1.0,1.0,0.0,0.0,1.0,1.0,1.0,1.0,1.0,1.0,0.36363636363636365,global_gap_early_commit,False,11,11,,primary,global_gap_early_commit,1.0,1.0,1.0,5.0,8.40334501862526,True,tie_pass,False,False,False,False,False,False,11,11,,primary,global_gap_early_commit,1.0,1.0,1.0,5.0,8.415273190476,True,tie_pass,False,False,False,False,False,False,11,11,,primary,global_gap_early_commit,1.0,1.0,1.0,5.0,8.366698883473873,True,tie_pass,False,False,False,False,False
SingleLineInfilling/HumanEval/81/L25,9,9-12,False,False,True,True,False,0,9,9.0,15.0,1.1409183116147532,0.8547487108349671,0.7491760822255824,0.7265625,9.0,9.0,1.0,1.0,0.3333333333333333,6.0,True,0.28616960077978615,0.2508239177744176,40,9.0,3.0,3.0,9.0,6.0,-0.15384615384615385,-0.3333333333333333,0.6777777777777778,0.8461538461538461,2,7,39,1.0,1.0,1.0,1.0,1.0,0.0,0.0,1.0,1.0,1.0,1.0,1.0,1.0,0.3333333333333333,global_gap_early_commit,False,9,9,,primary,global_gap_early_commit,1.0,1.0,1.0,7.0,8.284494892694056,True,tie_pass,False,False,False,False,False,False,9,9,,primary,global_gap_early_commit,1.0,1.0,1.0,7.0,8.167299644090235,True,tie_pass,False,False,False,False,False,False,9,9,,primary,global_gap_early_commit,1.0,1.0,1.0,7.0,8.138067888095975,True,tie_pass,False,False,False,False,False
SingleLineInfilling/HumanEval/81/L26,11,9-12,False,False,True,True,False,1,11,11.0,14.0,1.1502275783876053,0.8237590937172145,0.7161705293764249,0.7058823529411765,11.0,11.0,0.9921875,0.9921875,0.36363636363636365,3.0,True,0.3264684846703908,0.2838294706235751,40,11.0,4.0,4.0,11.0,7.5,-0.1794871794871795,-0.3333333333333333,0.6795454545454546,0.8205128205128205,2,5,37,0.99609375,0.99609375,0.99609375,0.99609375,0.99609375,0.0,0.0,0.9921875,0.9921875,0.9921875,0.9921875,0.9921875,0.99609375,0.36363636363636365,global_gap_early_commit,False,11,11,,primary,global_gap_early_commit,0.9921875,0.99609375,0.99609375,5.0,8.52802294306457,True,tie_pass,False,False,False,False,False,False,11,11,,primary,global_gap_early_commit,0.9921875,0.99609375,0.99609375,5.0,8.423973890952766,True,tie_pass,False,False,False,False,False,False,11,11,,primary,global_gap_early_commit,0.9921875,0.99609375,0.99609375,5.0,8.33864302560687,True,tie_pass,False,False,False,False,False
SingleLineInfilling/HumanEval/81/L27,10,9-12,False,False,True,True,False,1,10,10.0,24.0,1.1481536214968828,1.0115479692363911,0.8810214506989101,0.8359375,10.0,10.0,1.0,0.99609375,0.3,14.0,True,0.1366056522604917,0.11897854930108986,42,10.0,3.0,3.0,10.0,7.0,-0.17073170731707318,-0.3333333333333333,0.6666666666666666,0.8292682926829268,2,6,41,1.0,1.0,1.0,1.0,1.0,0.0,0.0,0.99609375,0.99609375,1.0,1.0,1.0,1.0,0.3,global_gap_early_commit,False,10,10,,primary,global_gap_early_commit,1.0,1.0,1.0,6.0,8.517561523243785,True,tie_pass,False,False,False,False,False,False,10,10,,primary,global_gap_early_commit,1.0,1.0,1.0,6.0,8.507701272144914,True,tie_pass,False,False,False,False,False,False,10,10,,primary,global_gap_early_commit,1.0,1.0,1.0,6.0,8.446835570037365,True,tie_pass,False,False,False,False,False
SingleLineInfilling/HumanEval/81/L28,4,<=8,False,True,True,True,False,0,11,11.0,24.0,1.13218479284427,1.0493628465910225,0.9268476782441295,0.8671875,11.0,11.0,0.9765625,0.96875,0.36363636363636365,13.0,True,0.08282194625324757,0.0731523217558705,40,11.0,4.0,4.0,11.0,7.5,-0.1794871794871795,-0.3333333333333333,0.6795454545454546,0.8205128205128205,2,5,37,0.98046875,0.9921875,0.98046875,0.9921875,0.98828125,0.00030048076923076925,0.0,0.96875,0.96875,0.97265625,0.9765625,0.9765625,0.98046875,0.36363636363636365,global_gap_early_commit,False,11,11,,primary,global_gap_early_commit,0.9765625,0.98046875,0.9921875,5.0,8.304880615323782,True,tie_pass,False,False,False,False,False,False,11,11,,primary,global_gap_early_commit,0.9765625,0.98046875,0.9921875,5.0,8.303325105458498,True,tie_pass,False,False,False,False,False,False,11,11,,primary,global_gap_early_commit,0.9765625,0.98046875,0.9921875,5.0,8.250598666258156,True,tie_pass,False,False,False,False,False
SingleLineInfilling/HumanEval/81/L29,9,9-12,False,False,True,True,False,2,9,9.0,13.0,1.1230914629957727,0.9841252776510292,0.8762645875928392,0.8571428571428571,9.0,9.0,0.96484375,0.9375,0.3333333333333333,4.0,True,0.13896618534474348,0.1237354124071608,40,9.0,3.0,3.0,9.0,6.0,-0.15384615384615385,-0.3333333333333333,0.6777777777777778,0.8461538461538461,2,7,39,0.984375,0.98828125,0.98046875,0.98828125,0.98828125,0.00010016025641025641,0.0,0.94140625,0.94140625,0.9609375,0.96875,0.96875,0.98046875,0.3333333333333333,global_gap_early_commit,False,9,9,,primary,global_gap_early_commit,0.96875,0.98046875,0.98828125,7.0,8.276035344228148,True,tie_pass,False,False,False,False,False,False,9,9,,primary,global_gap_early_commit,0.96875,0.98046875,0.98828125,7.0,8.26357803400606,True,tie_pass,False,False,False,False,False,False,9,9,,primary,global_gap_early_commit,0.96875,0.98046875,0.98828125,7.0,8.24616220779717,True,tie_pass,False,False,False,False,False
SingleLineInfilling/HumanEval/81/L3,8,<=8,False,True,True,True,False,4,8,8.0,15.0,1.1328838852957985,0.5514507811838497,0.4867672568578065,0.46875,8.0,8.0,1.0,1.0,0.5,7.0,True,0.5814331041119488,0.5132327431421935,28,8.0,4.0,4.0,8.0,6.0,-0.14814814814814814,-0.3333333333333333,0.7767857142857143,0.8518518518518519,2,8,27,1.0,1.0,1.0,1.0,1.0,0.0,0.0,1.0,1.0,1.0,1.0,1.0,1.0,0.5,global_gap_early_commit,False,8,8,,primary,global_gap_early_commit,1.0,1.0,1.0,8.0,6.594977301545441,True,tie_pass,False,False,False,False,False,False,8,8,,primary,global_gap_early_commit,1.0,1.0,1.0,8.0,9.637103354558349,True,tie_pass,False,False,False,False,False,False,8,8,,primary,global_gap_early_commit,1.0,1.0,1.0,8.0,6.527853670530021,True,tie_pass,False,False,False,False,False
SingleLineInfilling/HumanEval/81/L30,6,<=8,False,True,True,True,False,1,7,3.0,13.0,0.4005516665435618,0.28475847154254313,0.7109157078281045,0.6510416666666666,3.0,7.0,0.828125,0.765625,0.5714285714285714,6.0,True,0.11579319500101865,0.28908429217189546,28,7.0,4.0,4.0,7.0,5.0,-0.1111111111111111,0.0,0.7704081632653061,0.8888888888888888,3,8,22,0.337890625,0.90234375,0.337890625,0.90234375,0.84375,0.020905671296296297,0.0,0.765625,0.11328125,0.69921875,0.828125,0.337890625,0.798828125,0.5714285714285714,global_gap_early_commit,False,7,7,,primary,global_gap_early_commit,0.828125,0.798828125,0.90234375,8.0,6.752667346969247,True,tie_pass,False,False,False,False,False,False,7,7,,primary,global_gap_early_commit,0.828125,0.798828125,0.90234375,8.0,6.715465219691396,True,tie_pass,False,False,False,False,False,False,7,7,,primary,global_gap_early_commit,0.828125,0.798828125,0.90234375,8.0,6.69559545442462,True,tie_pass,False,False,False,False,False
SingleLineInfilling/HumanEval/81/L4,11,9-12,False,False,True,True,False,1,13,9.0,20.0,1.100807902222047,1.0659987156247734,0.9683785095228613,0.9433198380566802,9.0,13.0,0.82421875,0.7265625,0.3076923076923077,7.0,True,0.0348091865972735,0.03162149047713869,42,13.0,4.0,4.0,13.0,9.0,-0.21951219512195122,-0.3333333333333333,0.6648351648351648,0.7804878048780488,2,4,41,0.91015625,0.9453125,0.91015625,0.9453125,0.94140625,0.000857469512195122,0.0,0.7734375,0.7734375,0.86328125,0.85546875,0.85546875,0.91015625,0.3076923076923077,global_gap_early_commit,False,13,13,,primary,global_gap_early_commit,0.85546875,0.91015625,0.9453125,4.0,8.792136587202549,True,tie_pass,False,False,False,False,False,False,13,13,,primary,global_gap_early_commit,0.85546875,0.91015625,0.9453125,4.0,12.993537649512291,True,tie_pass,False,False,False,False,False,False,13,13,,primary,global_gap_early_commit,0.85546875,0.91015625,0.9453125,4.0,8.719004740007222,True,tie_pass,False,False,False,False,False
SingleLineInfilling/HumanEval/81/L5,10,9-12,False,False,True,True,False,3,10,10.0,13.0,1.1481536214968828,1.029686633097836,0.8968195664926809,0.8828125,10.0,10.0,0.9921875,0.98828125,0.3,3.0,True,0.11846698839904679,0.10318043350731909,42,10.0,3.0,3.0,10.0,7.0,-0.17073170731707318,-0.3333333333333333,0.6666666666666666,0.8292682926829268,2,6,41,1.0,1.0,1.0,1.0,1.0,0.0,0.0,0.9921875,0.9921875,0.99609375,0.99609375,0.99609375,0.99609375,0.3,global_gap_early_commit,False,10,10,,primary,global_gap_early_commit,0.99609375,0.99609375,1.0,6.0,8.525125890038908,True,tie_pass,False,False,False,False,False,False,10,10,,primary,global_gap_early_commit,0.99609375,0.99609375,1.0,6.0,12.576046859845519,True,tie_pass,False,False,False,False,False,False,10,10,,primary,global_gap_early_commit,0.99609375,0.99609375,1.0,6.0,8.507391577586532,True,tie_pass,False,False,False,False,False
SingleLineInfilling/HumanEval/81/L6,11,9-12,False,False,True,True,False,0,11,11.0,14.0,1.154738274773439,1.0296988671465181,0.8917162353075604,0.87890625,11.0,11.0,1.0,0.99609375,0.36363636363636365,3.0,True,0.12503940762692078,0.10828376469243961,40,11.0,4.0,4.0,11.0,7.5,-0.1794871794871795,-0.3333333333333333,0.6795454545454546,0.8205128205128205,2,5,37,1.0,1.0,1.0,1.0,1.0,0.0,0.0,0.99609375,0.99609375,1.0,1.0,1.0,1.0,0.36363636363636365,global_gap_early_commit,False,11,11,,primary,global_gap_early_commit,1.0,1.0,1.0,5.0,8.40497528668493,True,tie_pass,False,False,False,False,False,False,11,11,,primary,global_gap_early_commit,1.0,1.0,1.0,5.0,12.442238457500935,True,tie_pass,False,False,False,False,False,False,11,11,,primary,global_gap_early_commit,1.0,1.0,1.0,5.0,8.31512076035142,True,tie_pass,False,False,False,False,False
SingleLineInfilling/HumanEval/81/L7,9,9-12,False,False,True,True,False,2,9,9.0,15.0,1.1409183116147532,0.8179853254227104,0.7169534550330843,0.6953125,9.0,9.0,1.0,1.0,0.3333333333333333,6.0,True,0.3229329861920428,0.2830465449669157,40,9.0,3.0,3.0,9.0,6.0,-0.15384615384615385,-0.3333333333333333,0.6777777777777778,0.8461538461538461,2,7,39,1.0,1.0,1.0,1.0,1.0,0.0,0.0,1.0,1.0,1.0,1.0,1.0,1.0,0.3333333333333333,global_gap_early_commit,False,9,9,,primary,global_gap_early_commit,1.0,1.0,1.0,7.0,8.181097346358001,True,tie_pass,False,False,False,False,False,False,9,9,,primary,global_gap_early_commit,1.0,1.0,1.0,7.0,12.037455707788467,True,tie_pass,False,False,False,False,False,False,9,9,,primary,global_gap_early_commit,1.0,1.0,1.0,7.0,8.135806269943714,True,tie_pass,False,False,False,False,False
SingleLineInfilling/HumanEval/81/L8,11,9-12,False,False,True,True,False,0,11,11.0,13.0,1.154738274773439,0.8155482624978436,0.7062624322016651,0.69921875,11.0,11.0,1.0,1.0,0.36363636363636365,2.0,True,0.3391900122755953,0.29373756779833493,40,11.0,4.0,4.0,11.0,7.5,-0.1794871794871795,-0.3333333333333333,0.6795454545454546,0.8205128205128205,2,5,37,1.0,1.0,1.0,1.0,1.0,0.0,0.0,1.0,1.0,1.0,1.0,1.0,1.0,0.36363636363636365,global_gap_early_commit,False,11,11,,primary,global_gap_early_commit,1.0,1.0,1.0,5.0,8.405344531871378,True,tie_pass,False,False,False,False,False,False,11,11,,primary,global_gap_early_commit,1.0,1.0,1.0,5.0,12.460486557334661,True,tie_pass,False,False,False,False,False,False,11,11,,primary,global_gap_early_commit,1.0,1.0,1.0,5.0,8.381262759678066,True,tie_pass,False,False,False,False,False
SingleLineInfilling/HumanEval/81/L9,10,9-12,False,False,True,True,False,2,10,10.0,20.0,1.1481536214968828,0.8696305311675783,0.7574165293611272,0.7265625,10.0,10.0,1.0,1.0,0.3,10.0,True,0.27852309032930456,0.24258347063887276,42,10.0,3.0,3.0,10.0,7.0,-0.17073170731707318,-0.3333333333333333,0.6666666666666666,0.8292682926829268,2,6,41,1.0,1.0,1.0,1.0,1.0,0.0,0.0,1.0,1.0,1.0,1.0,1.0,1.0,0.3,global_gap_early_commit,False,10,10,,primary,global_gap_early_commit,1.0,1.0,1.0,6.0,8.532505858689547,True,tie_pass,False,False,False,False,False,False,10,10,,primary,global_gap_early_commit,1.0,1.0,1.0,6.0,13.599420802667737,True,tie_pass,False,False,False,False,False,False,10,10,,primary,global_gap_early_commit,1.0,1.0,1.0,6.0,8.435227156616747,True,tie_pass,False,False,False,False,False
SingleLineInfilling/HumanEval/82/L0,7,<=8,False,True,True,True,False,1,7,7.0,14.0,1.115063586438826,0.5834960247163603,0.5232849783749725,0.5019685039370079,7.0,7.0,1.0,0.99609375,0.5714285714285714,7.0,True,0.5315675617224658,0.47671502162502755,28,7.0,4.0,4.0,7.0,5.0,-0.1111111111111111,0.0,0.7704081632653061,0.8888888888888888,3,8,22,0.9921875,1.0,0.9921875,1.0,0.998046875,0.00028935185185185184,0.0,0.99609375,0.984375,0.9921875,1.0,0.9921875,0.994140625,0.5714285714285714,global_gap_early_commit,False,7,7,,primary,global_gap_early_commit,1.0,0.994140625,1.0,8.0,2.61852163169533,True,tie_pass,False,False,False,False,False,False,7,7,,primary,global_gap_early_commit,1.0,0.994140625,1.0,8.0,2.6121125631034374,True,tie_pass,False,False,False,False,False,False,7,7,,primary,global_gap_early_commit,1.0,0.994140625,1.0,8.0,2.591695312410593,True,tie_pass,False,False,False,False,False
SingleLineInfilling/HumanEval/82/L1,13,13-16,False,False,True,True,False,0,13,6.0,20.0,1.0700010819125025,1.0566478496982403,0.9875203563435704,0.9308943089430894,6.0,13.0,0.77734375,0.6171875,0.23076923076923078,7.0,True,0.013353232214262212,0.012479643656429618,47,13.0,3.0,3.0,13.0,8.0,-0.21739130434782608,-0.3333333333333333,0.6252045826513911,0.782608695652174,2,4,46,0.89453125,0.9140625,0.859375,0.9140625,0.88671875,0.0004245923913043478,0.0,0.578125,0.55078125,0.6796875,0.7265625,0.7109375,0.7890625,0.23076923076923078,global_gap_early_commit,False,13,13,,primary,global_gap_early_commit,0.7265625,0.7890625,0.9140625,4.0,3.5849895933642983,True,tie_pass,False,False,False,False,False,False,13,13,,primary,global_gap_early_commit,0.7265625,0.7890625,0.9140625,4.0,3.4943627631291747,True,tie_pass,False,False,False,False,False,False,13,13,,primary,global_gap_early_commit,0.7265625,0.7890625,0.9140625,4.0,3.5509700356051326,True,tie_pass,False,False,False,False,False
SingleLineInfilling/HumanEval/82/L2,4,<=8,False,True,True,True,False,0,6,4.0,16.0,1.078244746412573,1.0425950839182572,0.9669373186255478,0.889763779527559,4.0,6.0,0.8828125,0.8203125,0.5,10.0,True,0.03564966249431589,0.03306268137445223,28,6.0,3.0,3.0,6.0,5.0,-0.1111111111111111,-0.3333333333333333,0.7738095238095238,0.8888888888888888,2,10,26,0.93359375,0.94140625,0.93359375,0.9453125,0.9375,0.00028935185185185184,-0.001953125,0.8203125,0.8203125,0.890625,0.8828125,0.8828125,0.92578125,0.5,global_gap_early_commit,False,6,6,,primary,global_gap_early_commit,0.8828125,0.92578125,0.9453125,10.0,2.6965784216299653,True,tie_pass,False,False,False,False,False,False,6,6,,primary,global_gap_early_commit,0.8828125,0.92578125,0.9453125,10.0,2.72320197802037,True,tie_pass,False,False,False,False,False,False,6,6,,primary,global_gap_early_commit,0.8828125,0.92578125,0.9453125,10.0,2.6762680197134614,True,tie_pass,False,False,False,False,False
SingleLineInfilling/HumanEval/82/L3,11,9-12,False,False,True,True,False,3,11,11.0,14.0,1.1502275783876053,1.084616140060999,0.9429578636789594,0.92578125,11.0,11.0,1.0,1.0,0.36363636363636365,3.0,True,0.06561143832660621,0.057042136321040604,40,11.0,4.0,4.0,11.0,7.5,-0.1794871794871795,-0.3333333333333333,0.6795454545454546,0.8205128205128205,2,5,37,0.99609375,0.98828125,0.96875,1.0,0.99609375,-0.00020032051282051281,0.001953125,1.0,0.99609375,1.0,1.0,0.99609375,1.0,0.36363636363636365,global_gap_early_commit,False,11,11,,primary,global_gap_early_commit,1.0,1.0,1.0,5.0,3.313238512724638,True,tie_pass,False,False,False,False,False,False,11,11,,primary,global_gap_early_commit,1.0,1.0,1.0,5.0,3.3242791714146733,True,tie_pass,False,False,False,False,False,False,11,11,,primary,global_gap_early_commit,1.0,1.0,1.0,5.0,3.281093935482204,True,tie_pass,False,False,False,False,False
SingleLineInfilling/HumanEval/82/L4,10,9-12,False,False,True,True,False,2,10,10.0,15.0,1.1391836713289385,0.6847180533032801,0.6010602772286122,0.5866141732283464,10.0,10.0,0.9765625,0.953125,0.3,5.0,True,0.45446561802565844,0.3989397227713878,42,10.0,3.0,3.0,10.0,7.0,-0.17073170731707318,-0.3333333333333333,0.6666666666666666,0.8292682926829268,2,6,41,0.9921875,0.9921875,0.9921875,0.9921875,0.9921875,0.0,0.0,0.953125,0.953125,0.9765625,0.9765625,0.9765625,0.98828125,0.3,global_gap_early_commit,False,10,10,,primary,global_gap_early_commit,0.9765625,0.98828125,0.9921875,6.0,3.3433040231466293,True,tie_pass,False,False,False,False,False,False,10,10,,primary,global_gap_early_commit,0.9765625,0.98828125,0.9921875,6.0,3.342503505758941,True,tie_pass,False,False,False,False,False,False,10,10,,primary,global_gap_early_commit,0.9765625,0.98828125,0.9921875,6.0,3.356015264056623,True,tie_pass,False,False,False,False,False
SingleLineInfilling/HumanEval/82/L5,4,<=8,False,True,True,True,False,4,4,4.0,15.0,1.086734862526058,0.7122905923624726,0.6554410067482244,0.60546875,4.0,4.0,1.0,1.0,0.5,11.0,True,0.3744442701635854,0.34455899325177564,28,4.0,2.0,2.0,4.0,3.0,-0.07407407407407407,0.0,0.7767857142857143,0.9259259259259259,3,14,23,1.0,1.0,1.0,1.0,1.0,0.0,0.0,1.0,1.0,1.0,1.0,1.0,1.0,0.5,global_gap_early_commit,False,4,4,,primary,global_gap_early_commit,1.0,1.0,1.0,14.0,3.1579306116327643,True,tie_pass,False,False,False,False,False,False,4,4,,primary,global_gap_early_commit,1.0,1.0,1.0,14.0,3.165122989565134,True,tie_pass,False,False,False,False,False,False,4,4,,primary,global_gap_early_commit,1.0,1.0,1.0,14.0,3.169838427565992,True,tie_pass,False,False,False,False,False
SingleLineInfilling/HumanEval/82/L6,4,<=8,False,True,True,True,False,4,3,3.0,13.0,1.0138964059383906,0.44422321560636735,0.43813471771332085,0.4012345679012346,3.0,3.0,0.99609375,0.99609375,0.3333333333333333,10.0,True,0.5696731903320232,0.5618652822866792,33,3.0,1.0,1.0,3.0,2.0,-0.0625,-0.3333333333333333,0.7575757575757576,0.9375,2,21,32,0.94921875,0.97265625,0.94921875,0.97265625,0.97265625,0.000732421875,0.0,0.9296875,0.9140625,0.9296875,0.9609375,0.94921875,0.9609375,0.3333333333333333,global_gap_early_commit,False,3,3,,primary,global_gap_early_commit,0.9609375,0.9609375,0.97265625,21.0,2.962395937182009,True,tie_pass,False,False,False,False,False,False,3,3,,primary,global_gap_early_commit,0.9609375,0.9609375,0.97265625,21.0,2.946795199997723,True,tie_pass,False,False,False,False,False,False,3,3,,primary,global_gap_early_commit,0.9609375,0.9609375,0.97265625,21.0,2.921469882130623,True,tie_pass,False,False,False,False,False
SingleLineInfilling/HumanEval/83/L0,11,9-12,False,False,False,False,False,1,4,4.0,14.0,0.810806088837801,0.7459596237550331,0.9200222272926958,0.8534031413612565,4.0,4.0,,,0.0,10.0,True,0.06484646508276792,0.07997777270730422,56,4.0,0.0,0.0,4.0,2.0,-0.07272727272727272,-0.3333333333333333,0.5625,0.9272727272727272,2,16,55,0.74609375,0.77734375,0.74609375,0.77734375,0.765625,0.0005681818181818182,0.0,0.048828125,0.048828125,0.48046875,0.11376953125,0.11376953125,0.53125,0.0,no_remaining_masks,False,4,4,,primary,no_remaining_masks,0.11376953125,0.53125,0.77734375,16.0,2.9175508841872215,False,tie_fail,False,False,False,False,False,False,4,4,,primary,no_remaining_masks,0.11376953125,0.53125,0.77734375,16.0,2.9133853036910295,False,tie_fail,False,False,False,False,False,True,24,4,24,rescue,no_remaining_masks,0.11376953125,0.53125,0.77734375,16.0,4.4067064970731735,False,tie_fail,False,False,False,False,False
SingleLineInfilling/HumanEval/83/L1,17,17-24,True,False,False,False,True,1,3,3.0,13.0,0.6508964581332879,0.5558485364510443,0.8539738225725909,0.782051282051282,3.0,3.0,0.75,0.5078125,0.3333333333333333,10.0,True,0.09504792168224363,0.1460261774274091,33,3.0,1.0,1.0,3.0,2.0,-0.0625,-0.3333333333333333,0.7575757575757576,0.9375,2,21,32,0.609375,0.62890625,0.609375,0.62890625,0.62890625,0.0006103515625,0.0,0.296875,0.296875,0.296875,0.4453125,0.4453125,0.4453125,0.3333333333333333,global_gap_early_commit,True,32,3,32,rescue,global_gap_early_commit,0.4453125,0.4453125,0.62890625,21.0,3.45667561981827,False,tie_fail,False,False,False,True,False,True,24,3,24,rescue,global_gap_early_commit,0.4453125,0.4453125,0.62890625,21.0,4.045610711909831,False,tie_fail,False,False,False,True,False,True,24,3,24,rescue,global_gap_early_commit,0.4453125,0.4453125,0.62890625,21.0,4.045795107260346,False,tie_fail,False,False,False,True,False
SingleLineInfilling/HumanEval/84/L0,17,17-24,True,False,False,False,True,3,3,3.0,13.0,0.4798275172136417,0.224389675575524,0.46764653448504745,0.4282608695652174,3.0,3.0,,,0.0,10.0,True,0.25543784163811767,0.5323534655149526,54,3.0,0.0,0.0,3.0,2.0,-0.05660377358490566,-0.3333333333333333,0.5864197530864198,0.9433962264150944,2,21,53,0.44921875,0.69921875,0.44921875,0.69921875,0.49609375,0.0047169811320754715,0.0,0.0,0.0,0.166015625,0.1103515625,0.1103515625,0.2451171875,0.0,no_remaining_masks,True,32,3,32,rescue,no_remaining_masks,0.1103515625,0.2451171875,0.69921875,21.0,7.065409077331424,False,tie_fail,False,False,False,True,False,True,24,3,24,rescue,no_remaining_masks,0.1103515625,0.2451171875,0.69921875,21.0,9.546663967892528,False,tie_fail,False,False,False,True,False,True,24,3,24,rescue,no_remaining_masks,0.1103515625,0.2451171875,0.69921875,21.0,9.53693962469697,False,tie_fail,False,False,False,True,False
SingleLineInfilling/HumanEval/85/L0,32,25+,True,False,False,False,True,3,3,3.0,13.0,0.4547930380546691,0.22780677723403453,0.5009020767082426,0.45871559633027525,3.0,3.0,,,0.0,10.0,True,0.22698626082063456,0.4990979232917574,54,3.0,0.0,0.0,3.0,2.0,-0.05660377358490566,-0.3333333333333333,0.5864197530864198,0.9433962264150944,2,21,53,0.42578125,0.7421875,0.42578125,0.7421875,0.5,0.005969929245283019,0.0,0.15625,0.15625,0.2099609375,0.2314453125,0.2314453125,0.255859375,0.0,no_remaining_masks,True,32,3,32,rescue,no_remaining_masks,0.2314453125,0.255859375,0.7421875,21.0,4.653847170062363,False,tie_fail,False,False,False,True,False,True,24,3,24,rescue,no_remaining_masks,0.2314453125,0.255859375,0.7421875,21.0,4.72608439438045,False,tie_fail,False,False,False,True,False,True,24,3,24,rescue,no_remaining_masks,0.2314453125,0.255859375,0.7421875,21.0,4.730554409325123,False,tie_fail,False,False,False,True,False
SingleLineInfilling/HumanEval/86/L0,21,17-24,True,False,False,False,True,0,3,3.0,13.0,0.5006895831794522,0.2494484210712678,0.4982097280459357,0.45625,3.0,3.0,,,0.0,10.0,True,0.2512411621081844,0.5017902719540643,54,3.0,0.0,0.0,3.0,2.0,-0.05660377358490566,-0.3333333333333333,0.5864197530864198,0.9433962264150944,2,21,53,0.46875,0.75,0.46875,0.75,0.5078125,0.005306603773584905,0.0,0.0,0.0,0.181640625,0.25390625,0.25390625,0.263671875,0.0,no_remaining_masks,True,32,3,32,rescue,no_remaining_masks,0.25390625,0.263671875,0.75,21.0,6.437133248895407,False,tie_fail,False,False,False,True,False,True,24,3,24,rescue,no_remaining_masks,0.25390625,0.263671875,0.75,21.0,6.729860846884549,False,tie_fail,False,False,False,True,False,True,24,3,24,rescue,no_remaining_masks,0.25390625,0.263671875,0.75,21.0,6.4379940535873175,False,tie_fail,False,False,False,True,False
SingleLineInfilling/HumanEval/87/L0,35,25+,True,False,False,False,True,1,5,5.0,13.0,0.9594074753292827,0.6196344340765739,0.6458511633588286,0.6098654708520179,5.0,5.0,0.76953125,0.69140625,0.6,8.0,True,0.3397730412527088,0.35414883664117136,28,5.0,3.0,3.0,5.0,4.0,-0.07407407407407407,0.0,0.7785714285714286,0.9259259259259259,3,12,19,0.87109375,0.859375,0.859375,0.88671875,0.87109375,-0.00043402777777777775,0.0,0.69140625,0.69140625,0.8203125,0.76953125,0.76953125,0.859375,0.6,global_gap_early_commit,False,5,5,,primary,global_gap_early_commit,0.76953125,0.859375,0.88671875,12.0,4.632435854524374,False,tie_fail,False,False,True,False,False,False,5,5,,primary,global_gap_early_commit,0.76953125,0.859375,0.88671875,12.0,4.902756439521909,False,tie_fail,False,False,True,False,False,False,5,5,,primary,global_gap_early_commit,0.76953125,0.859375,0.88671875,12.0,4.56025408487767,False,tie_fail,False,False,True,False,False
SingleLineInfilling/HumanEval/87/L1,27,25+,True,False,False,False,True,1,3,3.0,13.0,0.5841378470426942,0.30526108149360626,0.5225839808857565,0.4785714285714286,3.0,3.0,0.80078125,0.640625,0.3333333333333333,10.0,True,0.27887676554908797,0.4774160191142435,33,3.0,1.0,1.0,3.0,2.0,-0.0625,-0.3333333333333333,0.7575757575757576,0.9375,2,21,32,0.546875,0.59375,0.546875,0.59375,0.59375,0.00146484375,0.0,0.13671875,0.13671875,0.13671875,0.39453125,0.39453125,0.39453125,0.3333333333333333,global_gap_early_commit,True,32,3,32,rescue,global_gap_early_commit,0.39453125,0.39453125,0.59375,21.0,8.658767094835639,False,tie_fail,False,False,False,True,False,True,24,3,24,rescue,global_gap_early_commit,0.39453125,0.39453125,0.59375,21.0,9.062254978343844,False,tie_fail,False,False,False,True,False,True,24,3,24,rescue,global_gap_early_commit,0.39453125,0.39453125,0.59375,21.0,8.60699169896543,False,tie_fail,False,False,False,True,False
SingleLineInfilling/HumanEval/88/L0,34,25+,True,False,False,False,True,1,3,3.0,13.0,0.4965171699862901,0.25969972604679936,0.5230427903509767,0.4789915966386555,3.0,3.0,,,0.0,10.0,True,0.23681744393949072,0.47695720964902333,54,3.0,0.0,0.0,3.0,2.0,-0.05660377358490566,-0.3333333333333333,0.5864197530864198,0.9433962264150944,2,21,53,0.46484375,0.8046875,0.46484375,0.8046875,0.46875,0.006412146226415095,0.0,0.1962890625,0.080078125,0.1962890625,0.421875,0.201171875,0.421875,0.0,no_remaining_masks,True,32,3,32,rescue,no_remaining_masks,0.421875,0.421875,0.8046875,21.0,9.035427233204246,False,tie_fail,False,False,False,True,False,True,24,3,24,rescue,no_remaining_masks,0.421875,0.421875,0.8046875,21.0,8.803404157049954,False,tie_fail,False,False,False,True,False,True,24,3,24,rescue,no_remaining_masks,0.421875,0.421875,0.8046875,21.0,8.24943014420569,False,tie_fail,False,False,False,True,False
SingleLineInfilling/HumanEval/89/L0,15,13-16,False,False,False,False,False,1,5,5.0,14.0,0.9809188536998945,0.6910423508405522,0.7044847269822911,0.6622807017543859,5.0,5.0,0.796875,0.72265625,0.6,9.0,True,0.2898765028593423,0.29551527301770886,28,5.0,3.0,3.0,5.0,4.0,-0.07407407407407407,0.0,0.7785714285714286,0.9259259259259259,3,12,19,0.890625,0.87890625,0.87890625,0.890625,0.8828125,-0.00043402777777777775,0.0,0.72265625,0.72265625,0.80859375,0.796875,0.796875,0.85546875,0.6,global_gap_early_commit,False,5,5,,primary,global_gap_early_commit,0.796875,0.85546875,0.890625,12.0,2.7395093562081456,False,tie_fail,False,False,False,False,False,False,5,5,,primary,global_gap_early_commit,0.796875,0.85546875,0.890625,12.0,2.920786635018885,False,tie_fail,False,False,False,False,False,False,5,5,,primary,global_gap_early_commit,0.796875,0.85546875,0.890625,12.0,2.7608505254611373,False,tie_fail,False,False,False,False,False
SingleLineInfilling/HumanEval/89/L1,5,<=8,False,True,True,True,False,3,4,4.0,13.0,1.0824898044693156,0.6241905696212546,0.5766248947972867,0.5372549019607843,4.0,4.0,0.99609375,0.9921875,0.5,9.0,True,0.458299234848061,0.42337510520271326,28,4.0,2.0,2.0,4.0,3.0,-0.07407407407407407,0.0,0.7767857142857143,0.9259259259259259,3,14,23,0.99609375,1.0,0.99609375,1.0,0.99609375,0.00014467592592592592,0.0,0.9921875,0.9921875,0.9921875,0.99609375,0.99609375,0.99609375,0.5,global_gap_early_commit,False,4,4,,primary,global_gap_early_commit,0.99609375,0.99609375,1.0,14.0,2.956054643727839,True,tie_pass,False,False,False,False,False,False,4,4,,primary,global_gap_early_commit,0.99609375,0.99609375,1.0,14.0,3.1406702985987067,True,tie_pass,False,False,False,False,False,False,4,4,,primary,global_gap_early_commit,0.99609375,0.99609375,1.0,14.0,2.8555340450257063,True,tie_pass,False,False,False,False,False
SingleLineInfilling/HumanEval/89/L2,7,<=8,False,True,True,True,False,1,7,7.0,14.0,1.1238436146785018,0.6910423508405522,0.6148919136211304,0.58984375,7.0,7.0,1.0,1.0,0.5714285714285714,7.0,True,0.4328012638379496,0.3851080863788696,28,7.0,4.0,4.0,7.0,5.0,-0.1111111111111111,0.0,0.7704081632653061,0.8888888888888888,3,8,22,1.0,1.0,1.0,1.0,1.0,0.0,0.0,1.0,1.0,1.0,1.0,1.0,1.0,0.5714285714285714,global_gap_early_commit,False,7,7,,primary,global_gap_early_commit,1.0,1.0,1.0,8.0,2.6825950909405947,True,tie_pass,False,False,False,False,False,False,7,7,,primary,global_gap_early_commit,1.0,1.0,1.0,8.0,2.8914773520082235,True,tie_pass,False,False,False,False,False,False,7,7,,primary,global_gap_early_commit,1.0,1.0,1.0,8.0,2.687535640783608,True,tie_pass,False,False,False,False,False
SingleLineInfilling/HumanEval/89/L3,7,<=8,False,True,True,True,False,0,7,4.0,14.0,1.086734862526058,0.56747848678297,0.5221866955329804,0.484375,4.0,7.0,0.9140625,0.84765625,0.5714285714285714,7.0,True,0.519256375743088,0.47781330446701964,28,7.0,4.0,4.0,7.0,5.0,-0.1111111111111111,0.0,0.7704081632653061,0.8888888888888888,3,8,22,0.94921875,0.953125,0.9453125,0.953125,0.9453125,0.00014467592592592592,0.0,0.84765625,0.84765625,0.873046875,0.9140625,0.9140625,0.931640625,0.5714285714285714,global_gap_early_commit,False,7,7,,primary,global_gap_early_commit,0.9140625,0.931640625,0.953125,8.0,2.73806260060519,True,tie_pass,False,False,False,False,False,False,7,7,,primary,global_gap_early_commit,0.9140625,0.931640625,0.953125,8.0,2.978072501718998,True,tie_pass,False,False,False,False,False,False,7,7,,primary,global_gap_early_commit,0.9140625,0.931640625,0.953125,8.0,2.7265536691993475,True,tie_pass,False,False,False,False,False
SingleLineInfilling/HumanEval/89/L4,19,17-24,True,False,False,False,True,1,3,3.0,13.0,0.9221033156888244,0.8064359914084822,0.8745614267811876,0.8009049773755657,3.0,3.0,,,0.0,10.0,True,0.11566732428034221,0.12543857321881235,54,3.0,0.0,0.0,3.0,2.0,-0.05660377358490566,-0.3333333333333333,0.5864197530864198,0.9433962264150944,2,21,53,0.86328125,0.85546875,0.8515625,0.86328125,0.85546875,-0.00014740566037735848,0.0,0.22265625,0.22265625,0.609375,0.5703125,0.5703125,0.77734375,0.0,no_remaining_masks,False,3,3,,primary,no_remaining_masks,0.5703125,0.77734375,0.86328125,21.0,3.8205589009448886,False,tie_fail,False,False,True,False,False,False,3,3,,primary,no_remaining_masks,0.5703125,0.77734375,0.86328125,21.0,4.135531786829233,False,tie_fail,False,False,True,False,False,True,24,3,24,rescue,no_remaining_masks,0.5703125,0.77734375,0.86328125,21.0,7.107002655975521,True,win,True,False,False,False,True
SingleLineInfilling/HumanEval/89/L5,4,<=8,False,True,True,True,False,3,4,4.0,16.0,1.086734862526058,0.5789631992554924,0.5327547861211731,0.490234375,4.0,4.0,1.0,1.0,0.5,12.0,True,0.5077716632705656,0.4672452138788269,28,4.0,2.0,2.0,4.0,3.0,-0.07407407407407407,0.0,0.7767857142857143,0.9259259259259259,3,14,23,1.0,1.0,1.0,1.0,1.0,0.0,0.0,1.0,1.0,1.0,1.0,1.0,1.0,0.5,global_gap_early_commit,False,4,4,,primary,global_gap_early_commit,1.0,1.0,1.0,14.0,2.8795800181105733,True,tie_pass,False,False,False,False,False,False,4,4,,primary,global_gap_early_commit,1.0,1.0,1.0,14.0,3.0526959942653775,True,tie_pass,False,False,False,False,False,False,4,4,,primary,global_gap_early_commit,1.0,1.0,1.0,14.0,2.7989532686769962,True,tie_pass,False,False,False,False,False
SingleLineInfilling/HumanEval/89/L6,5,<=8,False,True,True,True,False,4,5,5.0,20.0,1.0755689185305861,0.6265080170777177,0.5824898863139671,0.536,5.0,5.0,0.97265625,0.96484375,0.6,15.0,True,0.44906090145286837,0.41751011368603286,28,5.0,3.0,3.0,5.0,4.0,-0.07407407407407407,0.0,0.7785714285714286,0.9259259259259259,3,12,19,0.9765625,0.984375,0.9765625,0.984375,0.98046875,0.00028935185185185184,0.0,0.96484375,0.96484375,0.96875,0.97265625,0.97265625,0.9765625,0.6,global_gap_early_commit,False,5,5,,primary,global_gap_early_commit,0.97265625,0.9765625,0.984375,12.0,2.911338748410344,True,tie_pass,False,False,False,False,False,False,5,5,,primary,global_gap_early_commit,0.97265625,0.9765625,0.984375,12.0,3.1226266473531723,True,tie_pass,False,False,False,False,False,False,5,5,,primary,global_gap_early_commit,0.97265625,0.9765625,0.984375,12.0,2.946200981736183,True,tie_pass,False,False,False,False,False
SingleLineInfilling/HumanEval/89/L7,4,<=8,False,True,True,True,False,4,3,3.0,13.0,0.9513102080409591,0.3963837923872201,0.4166714380196723,0.3815789473684211,3.0,3.0,0.99609375,0.9921875,0.3333333333333333,10.0,True,0.554926415653739,0.5833285619803277,33,3.0,1.0,1.0,3.0,2.0,-0.0625,-0.3333333333333333,0.7575757575757576,0.9375,2,21,32,0.890625,0.9765625,0.890625,0.9765625,0.9765625,0.002685546875,0.0,0.9375,0.84765625,0.9375,0.9609375,0.890625,0.9609375,0.3333333333333333,global_gap_early_commit,False,3,3,,primary,global_gap_early_commit,0.9609375,0.9609375,0.9765625,21.0,3.059516322799027,True,tie_pass,False,False,False,False,False,False,3,3,,primary,global_gap_early_commit,0.9609375,0.9609375,0.9765625,21.0,3.3019977090880275,True,tie_pass,False,False,False,False,False,False,3,3,,primary,global_gap_early_commit,0.9609375,0.9609375,0.9765625,21.0,3.061595923267305,True,tie_pass,False,False,False,False,False
SingleLineInfilling/HumanEval/9/L0,6,<=8,False,True,True,True,False,0,6,6.0,16.0,1.1134970608520351,0.6043360884658925,0.5427370306693593,0.51171875,6.0,6.0,1.0,1.0,0.5,10.0,True,0.5091609723861427,0.4572629693306407,28,6.0,3.0,3.0,6.0,5.0,-0.1111111111111111,-0.3333333333333333,0.7738095238095238,0.8888888888888888,2,10,26,1.0,1.0,1.0,1.0,1.0,0.0,0.0,1.0,1.0,1.0,1.0,1.0,1.0,0.5,global_gap_early_commit,False,6,6,,primary,global_gap_early_commit,1.0,1.0,1.0,10.0,2.5399113539606333,True,tie_pass,False,False,False,False,False,False,6,6,,primary,global_gap_early_commit,1.0,1.0,1.0,10.0,2.7250072080641985,True,tie_pass,False,False,False,False,False,False,6,6,,primary,global_gap_early_commit,1.0,1.0,1.0,10.0,3.0977918514981866,True,tie_pass,False,False,False,False,False
SingleLineInfilling/HumanEval/9/L1,5,<=8,False,True,True,True,False,4,9,4.0,15.0,1.086734862526058,0.4756262987710704,0.4376654464415562,0.404296875,4.0,9.0,0.99609375,0.98828125,0.3333333333333333,6.0,True,0.6111085637549876,0.5623345535584439,40,9.0,3.0,3.0,9.0,6.0,-0.15384615384615385,-0.3333333333333333,0.6777777777777778,0.8461538461538461,2,7,39,0.9453125,0.99609375,0.9453125,0.99609375,0.99609375,0.0013020833333333333,0.0,0.9921875,0.9140625,0.9921875,0.99609375,0.9453125,0.99609375,0.3333333333333333,global_gap_early_commit,False,9,9,,primary,global_gap_early_commit,0.99609375,0.99609375,0.99609375,7.0,3.0445151422172785,True,tie_pass,False,False,False,False,False,False,9,9,,primary,global_gap_early_commit,0.99609375,0.99609375,0.99609375,7.0,3.262610654346645,True,tie_pass,False,False,False,False,False,False,9,9,,primary,global_gap_early_commit,0.99609375,0.99609375,0.99609375,7.0,3.7756312349811196,True,tie_pass,False,False,False,False,False
SingleLineInfilling/HumanEval/9/L11,4,<=8,False,True,True,True,False,0,6,3.0,13.0,1.0305860587110391,0.5922976208084898,0.5747192248547204,0.5263157894736842,3.0,6.0,0.82421875,0.7421875,0.5,7.0,True,0.43828843790254934,0.4252807751452796,28,6.0,3.0,3.0,6.0,5.0,-0.1111111111111111,-0.3333333333333333,0.7738095238095238,0.8888888888888888,2,10,26,0.91796875,0.91015625,0.87109375,0.91796875,0.91796875,-0.00028935185185185184,-0.00390625,0.7421875,0.7421875,0.82421875,0.82421875,0.82421875,0.875,0.5,global_gap_early_commit,False,6,6,,primary,global_gap_early_commit,0.82421875,0.875,0.91796875,10.0,2.554504849947989,True,tie_pass,False,False,False,False,False,False,6,6,,primary,global_gap_early_commit,0.82421875,0.875,0.91796875,10.0,2.7343683522194624,True,tie_pass,False,False,False,False,False,False,6,6,,primary,global_gap_early_commit,0.82421875,0.875,0.91796875,10.0,3.1613888209685683,True,tie_pass,False,False,False,False,False
SingleLineInfilling/HumanEval/9/L3,7,<=8,False,True,True,True,False,4,7,7.0,13.0,1.1238436146785018,0.5558485364510443,0.4945959822088378,0.4765625,7.0,7.0,1.0,1.0,0.5714285714285714,6.0,True,0.5679950782274575,0.5054040177911622,28,7.0,4.0,4.0,7.0,5.0,-0.1111111111111111,0.0,0.7704081632653061,0.8888888888888888,3,8,22,1.0,1.0,1.0,1.0,1.0,0.0,0.0,1.0,1.0,1.0,1.0,1.0,1.0,0.5714285714285714,global_gap_early_commit,False,7,7,,primary,global_gap_early_commit,1.0,1.0,1.0,8.0,2.4565188409760594,True,tie_pass,False,False,False,False,False,False,7,7,,primary,global_gap_early_commit,1.0,1.0,1.0,8.0,2.623255768790841,True,tie_pass,False,False,False,False,False,False,7,7,,primary,global_gap_early_commit,1.0,1.0,1.0,8.0,3.1253795828670263,True,tie_pass,False,False,False,False,False
SingleLineInfilling/HumanEval/9/L4,8,<=8,False,True,True,True,False,3,8,8.0,13.0,1.1240332299419251,0.7198694160595491,0.6404342833323017,0.6220472440944882,8.0,8.0,0.98828125,0.98046875,0.5,5.0,True,0.404163813882376,0.3595657166676983,28,8.0,4.0,4.0,8.0,6.0,-0.14814814814814814,-0.3333333333333333,0.7767857142857143,0.8518518518518519,2,8,27,0.9921875,0.99609375,0.9921875,0.99609375,0.99609375,0.00014467592592592592,0.0,0.984375,0.984375,0.984375,0.9921875,0.9921875,0.9921875,0.5,global_gap_early_commit,False,8,8,,primary,global_gap_early_commit,0.9921875,0.9921875,0.99609375,8.0,2.4565866980701685,True,tie_pass,False,False,False,False,False,False,8,8,,primary,global_gap_early_commit,0.9921875,0.9921875,0.99609375,8.0,2.648579727858305,True,tie_pass,False,False,False,False,False,False,8,8,,primary,global_gap_early_commit,0.9921875,0.9921875,0.99609375,8.0,3.02991053275764,True,tie_pass,False,False,False,False,False
SingleLineInfilling/HumanEval/9/L5,6,<=8,False,True,True,True,False,4,6,6.0,20.0,1.1134970608520351,0.5937799863348519,0.5332568959638728,0.49609375,6.0,6.0,1.0,1.0,0.5,14.0,True,0.5197170745171833,0.4667431040361272,28,6.0,3.0,3.0,6.0,5.0,-0.1111111111111111,-0.3333333333333333,0.7738095238095238,0.8888888888888888,2,10,26,1.0,1.0,1.0,1.0,1.0,0.0,0.0,1.0,1.0,1.0,1.0,1.0,1.0,0.5,global_gap_early_commit,False,6,6,,primary,global_gap_early_commit,1.0,1.0,1.0,10.0,2.5766802625730634,True,tie_pass,False,False,False,False,False,False,6,6,,primary,global_gap_early_commit,1.0,1.0,1.0,10.0,2.7618237882852554,True,tie_pass,False,False,False,False,False,False,6,6,,primary,global_gap_early_commit,1.0,1.0,1.0,10.0,3.206253762356937,True,tie_pass,False,False,False,False,False
SingleLineInfilling/HumanEval/9/L6,4,<=8,False,True,False,False,False,3,7,4.0,24.0,1.086734862526058,0.5435888619728271,0.5002037578046253,0.44921875,4.0,7.0,1.0,0.99609375,0.5714285714285714,17.0,True,0.5431460005532309,0.49979624219537466,28,7.0,4.0,4.0,7.0,5.0,-0.1111111111111111,0.0,0.7704081632653061,0.8888888888888888,3,8,22,0.93359375,1.0,0.92578125,1.0,0.96484375,0.002459490740740741,0.0,0.99609375,0.8828125,0.953125,1.0,0.9140625,0.962890625,0.5714285714285714,global_gap_early_commit,False,7,7,,primary,global_gap_early_commit,1.0,0.962890625,1.0,8.0,2.6291266418993473,False,tie_fail,False,False,False,False,False,False,7,7,,primary,global_gap_early_commit,1.0,0.962890625,1.0,8.0,2.7656297758221626,False,tie_fail,False,False,False,False,False,False,7,7,,primary,global_gap_early_commit,1.0,0.962890625,1.0,8.0,3.325322858057916,False,tie_fail,False,False,False,False,False
SingleLineInfilling/HumanEval/9/L7,12,9-12,False,False,True,True,False,0,10,10.0,14.0,1.1257287460770218,0.9747815942320371,0.8659116129253956,0.8352941176470589,10.0,10.0,1.0,1.0,0.3,4.0,True,0.15094715184498464,0.13408838707460435,42,10.0,3.0,3.0,10.0,7.0,-0.17073170731707318,-0.3333333333333333,0.6666666666666666,0.8292682926829268,2,6,41,0.98046875,1.0,0.98046875,1.0,0.98828125,0.0004763719512195122,0.0,1.0,0.9609375,0.97265625,1.0,0.9765625,0.984375,0.3,global_gap_early_commit,False,10,10,,primary,global_gap_early_commit,1.0,0.984375,1.0,6.0,3.20384756103158,True,tie_pass,False,False,False,False,False,False,10,10,,primary,global_gap_early_commit,1.0,0.984375,1.0,6.0,3.447228957898915,True,tie_pass,False,False,False,False,False,False,10,10,,primary,global_gap_early_commit,1.0,0.984375,1.0,6.0,4.06373184453696,True,tie_pass,False,False,False,False,False
SingleLineInfilling/HumanEval/9/L9,8,<=8,False,True,True,True,False,4,8,8.0,14.0,1.1328838852957985,0.7871475784408939,0.6948175260127104,0.671875,8.0,8.0,1.0,1.0,0.5,6.0,True,0.34573630685490464,0.3051824739872896,28,8.0,4.0,4.0,8.0,6.0,-0.14814814814814814,-0.3333333333333333,0.7767857142857143,0.8518518518518519,2,8,27,1.0,1.0,1.0,1.0,1.0,0.0,0.0,1.0,1.0,1.0,1.0,1.0,1.0,0.5,global_gap_early_commit,False,8,8,,primary,global_gap_early_commit,1.0,1.0,1.0,8.0,2.4534953217953444,True,tie_pass,False,False,False,False,False,False,8,8,,primary,global_gap_early_commit,1.0,1.0,1.0,8.0,2.6130211548879743,True,tie_pass,False,False,False,False,False,False,8,8,,primary,global_gap_early_commit,1.0,1.0,1.0,8.0,3.0855132462456822,True,tie_pass,False,False,False,False,False
SingleLineInfilling/HumanEval/90/L0,9,9-12,False,False,False,False,False,2,5,5.0,13.0,1.0067325077446285,0.41005219902126216,0.40730998141690833,0.38461538461538464,5.0,5.0,0.9609375,0.9453125,0.6,8.0,True,0.5966803087233663,0.5926900185830917,28,5.0,3.0,3.0,5.0,4.0,-0.07407407407407407,0.0,0.7785714285714286,0.9259259259259259,3,12,19,0.9140625,0.9765625,0.9140625,0.9765625,0.9375,0.0023148148148148147,0.0,0.9453125,0.88671875,0.89453125,0.9609375,0.9140625,0.921875,0.6,global_gap_early_commit,False,5,5,,primary,global_gap_early_commit,0.9609375,0.921875,0.9765625,12.0,2.5358482226729393,False,tie_fail,False,False,False,False,False,False,5,5,,primary,global_gap_early_commit,0.9609375,0.921875,0.9765625,12.0,2.7336313566192985,False,tie_fail,False,False,False,False,False,False,5,5,,primary,global_gap_early_commit,0.9609375,0.921875,0.9765625,12.0,2.5563364177942276,False,tie_fail,False,False,False,False,False
SingleLineInfilling/HumanEval/90/L1,17,17-24,True,False,False,False,True,2,13,13.0,13.0,0.7289816871489105,0.7289816871489105,1.0,0.9815950920245399,13.0,13.0,0.796875,0.65625,0.3076923076923077,0.0,False,0.0,0.0,42,13.0,4.0,4.0,13.0,9.0,-0.21951219512195122,-0.3333333333333333,0.6648351648351648,0.7804878048780488,2,4,41,0.625,0.94140625,0.59375,0.94140625,0.87109375,0.0077172256097560975,0.0,0.7421875,0.458984375,0.69140625,0.84765625,0.55859375,0.8046875,0.3076923076923077,global_gap_early_commit,False,13,13,,primary,global_gap_early_commit,0.84765625,0.8046875,0.94140625,4.0,3.0250740740448236,False,tie_fail,False,False,True,False,False,False,13,13,,primary,global_gap_early_commit,0.84765625,0.8046875,0.94140625,4.0,3.2519794683903456,False,tie_fail,False,False,True,False,False,False,13,13,,primary,global_gap_early_commit,0.84765625,0.8046875,0.94140625,4.0,3.0215324899181724,False,tie_fail,False,False,True,False,False
SingleLineInfilling/HumanEval/91/L0,4,<=8,False,True,True,True,False,1,4,4.0,13.0,1.0739996883558307,0.36449084357445527,0.3393770478019864,0.31620553359683795,4.0,4.0,0.9765625,0.96875,0.5,9.0,True,0.7095088447813754,0.6606229521980136,28,4.0,2.0,2.0,4.0,3.0,-0.07407407407407407,0.0,0.7767857142857143,0.9259259259259259,3,14,23,0.98828125,0.98828125,0.98828125,0.98828125,0.98828125,0.0,0.0,0.96875,0.96875,0.9765625,0.9765625,0.9765625,0.984375,0.5,global_gap_early_commit,False,4,4,,primary,global_gap_early_commit,0.9765625,0.984375,0.98828125,14.0,2.722546011209488,True,tie_pass,False,False,False,False,False,False,4,4,,primary,global_gap_early_commit,0.9765625,0.984375,0.98828125,14.0,2.905059840530157,True,tie_pass,False,False,False,False,False,False,4,4,,primary,global_gap_early_commit,0.9765625,0.984375,0.98828125,14.0,2.717756036669016,True,tie_pass,False,False,False,False,False
SingleLineInfilling/HumanEval/91/L1,17,17-24,True,False,False,False,True,1,7,7.0,13.0,1.075553459360285,0.8337728046765663,0.7752034986456886,0.746938775510204,7.0,7.0,0.9375,0.8828125,0.5714285714285714,6.0,True,0.24178065468371857,0.2247965013543114,28,7.0,4.0,4.0,7.0,5.0,-0.1111111111111111,0.0,0.7704081632653061,0.8888888888888888,3,8,22,0.95703125,0.9609375,0.94140625,0.9609375,0.958984375,0.00014467592592592592,0.0,0.8828125,0.8828125,0.90625,0.9375,0.9296875,0.94140625,0.5714285714285714,global_gap_early_commit,False,7,7,,primary,global_gap_early_commit,0.9375,0.94140625,0.9609375,8.0,2.5157510777935386,False,tie_fail,False,False,True,False,False,False,7,7,,primary,global_gap_early_commit,0.9375,0.94140625,0.9609375,8.0,2.732314193621278,False,tie_fail,False,False,True,False,False,False,7,7,,primary,global_gap_early_commit,0.9375,0.94140625,0.9609375,8.0,2.510673106648028,False,tie_fail,False,False,True,False,False
SingleLineInfilling/HumanEval/91/L2,20,17-24,True,False,False,False,True,3,3,3.0,15.0,0.47565510402047956,0.2964047948863192,0.6231506660623521,0.5701754385964912,3.0,3.0,,,0.0,12.0,True,0.17925030913416035,0.37684933393764786,54,3.0,0.0,0.0,3.0,2.0,-0.05660377358490566,-0.3333333333333333,0.5864197530864198,0.9433962264150944,2,21,53,0.4453125,0.734375,0.4453125,0.734375,0.490234375,0.005454009433962264,0.0,0.0,0.0,0.0830078125,0.2099609375,0.2099609375,0.2373046875,0.0,no_remaining_masks,True,32,3,32,rescue,no_remaining_masks,0.2099609375,0.2373046875,0.734375,21.0,6.002006473019719,False,tie_fail,False,False,False,True,False,True,24,3,24,rescue,no_remaining_masks,0.2099609375,0.2373046875,0.734375,21.0,6.76217507570982,False,tie_fail,False,False,False,True,False,True,24,3,24,rescue,no_remaining_masks,0.2099609375,0.2373046875,0.734375,21.0,6.2806587824597955,False,tie_fail,False,False,False,True,False
SingleLineInfilling/HumanEval/92/L1,17,17-24,True,False,False,False,True,0,4,4.0,20.0,1.0697546302990883,0.7761218719022474,0.7255139168551713,0.6587301587301587,4.0,4.0,0.9765625,0.96875,0.5,16.0,True,0.293632758396841,0.2744860831448287,28,4.0,2.0,2.0,4.0,3.0,-0.07407407407407407,0.0,0.7767857142857143,0.9259259259259259,3,14,23,0.984375,0.98828125,0.984375,0.98828125,0.984375,0.00014467592592592592,0.0,0.96875,0.96875,0.97265625,0.9765625,0.9765625,0.98046875,0.5,global_gap_early_commit,False,4,4,,primary,global_gap_early_commit,0.9765625,0.98046875,0.98828125,14.0,3.1361426562070847,False,tie_fail,False,False,True,False,False,False,4,4,,primary,global_gap_early_commit,0.9765625,0.98046875,0.98828125,14.0,3.331937672570348,False,tie_fail,False,False,True,False,False,False,4,4,,primary,global_gap_early_commit,0.9765625,0.98046875,0.98828125,14.0,3.123861893080175,False,tie_fail,False,False,True,False,False
SingleLineInfilling/HumanEval/92/L2,23,17-24,True,False,False,False,True,3,9,5.0,15.0,0.9551051996551604,0.6479546678910234,0.6784118316233297,0.6351351351351351,5.0,9.0,0.9921875,0.98828125,0.1111111111111111,6.0,True,0.307150531764137,0.32158816837667026,54,9.0,1.0,1.0,9.0,5.0,-0.1509433962264151,-0.3333333333333333,0.5699588477366255,0.8490566037735849,2,7,53,0.80859375,0.89453125,0.7734375,0.89453125,0.828125,0.0016214622641509435,0.0,0.1220703125,0.1220703125,0.5078125,0.55078125,0.55078125,0.6953125,0.1111111111111111,global_gap_early_commit,False,9,9,,primary,global_gap_early_commit,0.55078125,0.6953125,0.89453125,7.0,4.380064509809017,False,tie_fail,False,False,True,False,False,False,9,9,,primary,global_gap_early_commit,0.55078125,0.6953125,0.89453125,7.0,4.669636531732976,False,tie_fail,False,False,True,False,False,False,9,9,,primary,global_gap_early_commit,0.55078125,0.6953125,0.89453125,7.0,5.163098738528788,False,tie_fail,False,False,True,False,False
SingleLineInfilling/HumanEval/92/L3,4,<=8,False,True,True,True,False,0,16,16.0,16.0,1.162539651094694,1.162539651094694,1.0,0.9882352941176471,16.0,16.0,0.9921875,0.98828125,0.375,0.0,False,0.0,0.0,40,16.0,6.0,6.0,16.0,11.0,-0.2564102564102564,-0.3333333333333333,0.6796875,0.7435897435897436,2,4,37,0.984375,0.99609375,0.984375,0.99609375,0.99609375,0.00030048076923076925,0.0,0.98828125,0.98046875,0.98828125,0.9921875,0.984375,0.9921875,0.375,global_gap_early_commit,False,16,16,,primary,global_gap_early_commit,0.9921875,0.9921875,0.99609375,4.0,4.220050156116486,True,tie_pass,False,False,False,False,False,False,16,16,,primary,global_gap_early_commit,0.9921875,0.9921875,0.99609375,4.0,4.458364161662757,True,tie_pass,False,False,False,False,False,False,16,16,,primary,global_gap_early_commit,0.9921875,0.9921875,0.99609375,4.0,5.302157364785671,True,tie_pass,False,False,False,False,False
SingleLineInfilling/HumanEval/92/L4,4,<=8,False,True,True,True,False,2,8,8.0,14.0,1.0753546254956212,0.5240023123923392,0.487283264486663,0.4711934156378601,8.0,8.0,0.99609375,0.99609375,0.5,6.0,True,0.551352313103282,0.5127167355133371,28,8.0,4.0,4.0,8.0,6.0,-0.14814814814814814,-0.3333333333333333,0.7767857142857143,0.8518518518518519,2,8,27,0.94921875,0.95703125,0.9375,0.95703125,0.9453125,0.00028935185185185184,0.0,0.875,0.86328125,0.875,0.93359375,0.91796875,0.93359375,0.5,global_gap_early_commit,False,8,8,,primary,global_gap_early_commit,0.93359375,0.93359375,0.95703125,8.0,3.455128999426961,True,tie_pass,False,False,False,False,False,False,8,8,,primary,global_gap_early_commit,0.93359375,0.93359375,0.95703125,8.0,3.678397976793349,True,tie_pass,False,False,False,False,False,False,8,8,,primary,global_gap_early_commit,0.93359375,0.93359375,0.95703125,8.0,4.432810567319393,True,tie_pass,False,False,False,False,False
SingleLineInfilling/HumanEval/92/L5,4,<=8,False,True,True,True,False,3,7,7.0,13.0,0.7770324992113079,0.3918276568425394,0.5042616071274323,0.4858757062146893,7.0,7.0,0.9921875,0.9921875,0.5714285714285714,6.0,True,0.3852048423687685,0.4957383928725677,28,7.0,4.0,4.0,7.0,5.0,-0.1111111111111111,0.0,0.7704081632653061,0.8888888888888888,3,8,22,0.69140625,0.99609375,0.69140625,0.99609375,0.806640625,0.011284722222222222,0.0,0.9921875,0.5390625,0.677734375,0.9921875,0.69140625,0.76171875,0.5714285714285714,global_gap_early_commit,False,7,7,,primary,global_gap_early_commit,0.9921875,0.76171875,0.99609375,8.0,3.507486910559237,True,tie_pass,False,False,False,False,False,False,7,7,,primary,global_gap_early_commit,0.9921875,0.76171875,0.99609375,8.0,3.6939623625949025,True,tie_pass,False,False,False,False,False,False,7,7,,primary,global_gap_early_commit,0.9921875,0.76171875,0.99609375,8.0,4.570892083458602,True,tie_pass,False,False,False,False,False
SingleLineInfilling/HumanEval/93/L0,11,9-12,False,False,False,False,False,2,8,8.0,14.0,1.1063319192341783,0.5949371232402104,0.5377564480396045,0.52,8.0,8.0,0.9375,0.8828125,0.5,6.0,True,0.5113947959939679,0.46224355196039546,28,8.0,4.0,4.0,8.0,6.0,-0.14814814814814814,-0.3333333333333333,0.7767857142857143,0.8518518518518519,2,8,27,0.9765625,0.96875,0.96875,0.9765625,0.96875,-0.00028935185185185184,0.0,0.91015625,0.91015625,0.92578125,0.94921875,0.94921875,0.9609375,0.5,global_gap_early_commit,False,8,8,,primary,global_gap_early_commit,0.94921875,0.9609375,0.9765625,8.0,2.798788882791996,False,tie_fail,False,False,False,False,False,False,8,8,,primary,global_gap_early_commit,0.94921875,0.9609375,0.9765625,8.0,3.0013398891314864,False,tie_fail,False,False,False,False,False,False,8,8,,primary,global_gap_early_commit,0.94921875,0.9609375,0.9765625,8.0,3.5827536080032587,False,tie_fail,False,False,False,False,False
SingleLineInfilling/HumanEval/93/L1,24,17-24,True,False,False,False,True,4,6,6.0,16.0,0.9569115366697177,0.627402351384438,0.6556534510681615,0.6181818181818182,6.0,6.0,0.765625,0.68359375,0.5,10.0,True,0.3295091852852797,0.34434654893183847,28,6.0,3.0,3.0,6.0,5.0,-0.1111111111111111,-0.3333333333333333,0.7738095238095238,0.8888888888888888,2,10,26,0.859375,0.8828125,0.859375,0.8828125,0.8671875,0.0008680555555555555,0.00390625,0.68359375,0.68359375,0.76953125,0.765625,0.765625,0.83984375,0.5,global_gap_early_commit,False,6,6,,primary,global_gap_early_commit,0.765625,0.83984375,0.8828125,10.0,2.5652410313487053,False,tie_fail,False,False,True,False,False,False,6,6,,primary,global_gap_early_commit,0.765625,0.83984375,0.8828125,10.0,2.7519360510632396,False,tie_fail,False,False,True,False,False,False,6,6,,primary,global_gap_early_commit,0.765625,0.83984375,0.8828125,10.0,3.3242855621501803,False,tie_fail,False,False,True,False,False
SingleLineInfilling/HumanEval/93/L2,9,9-12,False,False,False,False,False,3,7,7.0,16.0,1.1018935440793123,0.6135625936333107,0.5568256542840291,0.5298804780876494,7.0,7.0,0.9765625,0.9609375,0.5714285714285714,9.0,True,0.4883309504460016,0.4431743457159709,28,7.0,4.0,4.0,7.0,5.0,-0.1111111111111111,0.0,0.7704081632653061,0.8888888888888888,3,8,22,0.98046875,0.98828125,0.98046875,0.98828125,0.984375,0.00028935185185185184,0.0,0.9609375,0.9609375,0.966796875,0.9765625,0.9765625,0.98046875,0.5714285714285714,global_gap_early_commit,False,7,7,,primary,global_gap_early_commit,0.9765625,0.98046875,0.98828125,8.0,2.7780989836901426,False,tie_fail,False,False,False,False,False,False,7,7,,primary,global_gap_early_commit,0.9765625,0.98046875,0.98828125,8.0,2.967572540976107,False,tie_fail,False,False,False,False,False,False,7,7,,primary,global_gap_early_commit,0.9765625,0.98046875,0.98828125,8.0,3.494978817179799,False,tie_fail,False,False,False,False,False
SingleLineInfilling/HumanEval/93/L3,24,17-24,True,False,False,False,True,4,3,3.0,13.0,0.6717585240990983,0.2961488104042449,0.44085605136371414,0.40372670807453415,3.0,3.0,0.796875,0.74609375,0.3333333333333333,10.0,True,0.3756097136948534,0.5591439486362859,33,3.0,1.0,1.0,3.0,2.0,-0.0625,-0.3333333333333333,0.7575757575757576,0.9375,2,21,32,0.62890625,0.65625,0.62890625,0.65625,0.65625,0.0008544921875,0.0,0.349609375,0.349609375,0.349609375,0.484375,0.484375,0.484375,0.3333333333333333,global_gap_early_commit,False,3,3,,primary,global_gap_early_commit,0.484375,0.484375,0.65625,21.0,2.7028137305751443,False,tie_fail,False,False,True,False,False,False,3,3,,primary,global_gap_early_commit,0.484375,0.484375,0.65625,21.0,2.91753906942904,False,tie_fail,False,False,True,False,False,True,24,3,24,rescue,global_gap_early_commit,0.484375,0.484375,0.65625,21.0,6.876448322087526,False,tie_fail,False,False,False,True,False
SingleLineInfilling/HumanEval/94/L0,7,<=8,False,True,True,True,False,1,7,7.0,20.0,1.1238436146785018,0.7901481707920469,0.7030766206898678,0.66015625,7.0,7.0,1.0,1.0,0.5714285714285714,13.0,True,0.3336954438864549,0.29692337931013224,28,7.0,4.0,4.0,7.0,5.0,-0.1111111111111111,0.0,0.7704081632653061,0.8888888888888888,3,8,22,1.0,1.0,1.0,1.0,1.0,0.0,0.0,1.0,1.0,1.0,1.0,1.0,1.0,0.5714285714285714,global_gap_early_commit,False,7,7,,primary,global_gap_early_commit,1.0,1.0,1.0,8.0,5.798990743234754,True,tie_pass,False,False,False,False,False,False,7,7,,primary,global_gap_early_commit,1.0,1.0,1.0,8.0,6.140667394734919,True,tie_pass,False,False,False,False,False,False,7,7,,primary,global_gap_early_commit,1.0,1.0,1.0,8.0,7.376127367839217,True,tie_pass,False,False,False,False,False
SingleLineInfilling/HumanEval/94/L1,17,17-24,True,False,True,True,False,2,10,10.0,13.0,1.1391836713289385,0.9750130065616678,0.855887449145269,0.8392156862745098,10.0,10.0,0.984375,0.97265625,0.3,3.0,True,0.1641706647672707,0.14411255085473096,42,10.0,3.0,3.0,10.0,7.0,-0.17073170731707318,-0.3333333333333333,0.6666666666666666,0.8292682926829268,2,6,41,0.9921875,0.99609375,0.98828125,0.99609375,0.99609375,9.527439024390244e-05,0.0,0.9765625,0.9765625,0.984375,0.98828125,0.98828125,0.9921875,0.3,global_gap_early_commit,False,10,10,,primary,global_gap_early_commit,0.98828125,0.9921875,0.99609375,6.0,6.935272908769548,True,tie_pass,False,False,False,False,False,False,10,10,,primary,global_gap_early_commit,0.98828125,0.9921875,0.99609375,6.0,7.414102549664676,True,tie_pass,False,False,False,False,False,False,10,10,,primary,global_gap_early_commit,0.98828125,0.9921875,0.99609375,6.0,8.969777595251799,True,tie_pass,False,False,False,False,False
SingleLineInfilling/HumanEval/94/L10,8,<=8,False,True,True,True,False,2,8,8.0,13.0,1.1151825745880517,0.838328940221247,0.7517414272106302,0.7301587301587301,8.0,8.0,0.9765625,0.953125,0.5,5.0,True,0.27685363436680466,0.2482585727893698,28,8.0,4.0,4.0,8.0,6.0,-0.14814814814814814,-0.3333333333333333,0.7767857142857143,0.8518518518518519,2,8,27,0.984375,0.984375,0.984375,0.984375,0.984375,0.0,0.0,0.95703125,0.95703125,0.9609375,0.9765625,0.9765625,0.98046875,0.5,global_gap_early_commit,False,8,8,,primary,global_gap_early_commit,0.9765625,0.98046875,0.984375,8.0,5.4001026367768645,True,tie_pass,False,False,False,False,False,False,8,8,,primary,global_gap_early_commit,0.9765625,0.98046875,0.984375,8.0,5.415601103566587,True,tie_pass,False,False,False,False,False,False,8,8,,primary,global_gap_early_commit,0.9765625,0.98046875,0.984375,8.0,6.643414640799165,True,tie_pass,False,False,False,False,False
SingleLineInfilling/HumanEval/94/L11,5,<=8,False,True,True,True,False,3,5,5.0,20.0,1.0841734698788308,0.7527447070859146,0.6943028288360927,0.6388888888888888,5.0,5.0,0.97265625,0.9453125,0.6,15.0,True,0.3314287627929162,0.30569717116390727,28,5.0,3.0,3.0,5.0,4.0,-0.07407407407407407,0.0,0.7785714285714286,0.9259259259259259,3,12,19,0.984375,0.984375,0.984375,0.984375,0.984375,0.0,0.0,0.9453125,0.9453125,0.96484375,0.97265625,0.97265625,0.98046875,0.6,global_gap_early_commit,False,5,5,,primary,global_gap_early_commit,0.97265625,0.98046875,0.984375,12.0,6.084190150722861,True,tie_pass,False,False,False,False,False,False,5,5,,primary,global_gap_early_commit,0.97265625,0.98046875,0.984375,12.0,6.126217640936375,True,tie_pass,False,False,False,False,False,False,5,5,,primary,global_gap_early_commit,0.97265625,0.98046875,0.984375,12.0,7.4725440964102745,True,tie_pass,False,False,False,False,False
SingleLineInfilling/HumanEval/94/L12,16,13-16,False,False,False,False,False,4,8,8.0,13.0,1.0399520040801276,0.7289816871489105,0.700976279952188,0.6808510638297872,8.0,8.0,0.85546875,0.75,0.5,5.0,True,0.310970316931217,0.29902372004781197,28,8.0,4.0,4.0,8.0,6.0,-0.14814814814814814,-0.3333333333333333,0.7767857142857143,0.8518518518518519,2,8,27,0.91796875,0.94921875,0.91015625,0.95703125,0.94921875,0.0011574074074074073,0.0,0.8828125,0.83984375,0.8828125,0.921875,0.8984375,0.921875,0.5,global_gap_early_commit,False,8,8,,primary,global_gap_early_commit,0.921875,0.921875,0.95703125,8.0,5.372443639673293,False,tie_fail,False,False,False,False,False,False,8,8,,primary,global_gap_early_commit,0.921875,0.921875,0.95703125,8.0,5.401298126205802,False,tie_fail,False,False,False,False,False,False,8,8,,primary,global_gap_early_commit,0.921875,0.921875,0.95703125,8.0,6.618004334159195,False,tie_fail,False,False,False,False,False
SingleLineInfilling/HumanEval/94/L13,4,<=8,False,True,True,True,False,2,3,3.0,13.0,1.0597929510631738,0.38499345352551834,0.3632723289386825,0.33267716535433073,3.0,3.0,0.99609375,0.9921875,0.3333333333333333,10.0,True,0.6747994975376554,0.6367276710613174,33,3.0,1.0,1.0,3.0,2.0,-0.0625,-0.3333333333333333,0.7575757575757576,0.9375,2,21,32,0.9921875,1.0,0.9921875,1.0,1.0,0.000244140625,0.0,0.99609375,0.9921875,0.99609375,1.0,0.9921875,1.0,0.3333333333333333,global_gap_early_commit,False,3,3,,primary,global_gap_early_commit,1.0,1.0,1.0,21.0,6.187106505967677,True,tie_pass,False,False,False,False,False,False,3,3,,primary,global_gap_early_commit,1.0,1.0,1.0,21.0,6.18570408411324,True,tie_pass,False,False,False,False,False,False,3,3,,primary,global_gap_early_commit,1.0,1.0,1.0,21.0,7.621441297233105,True,tie_pass,False,False,False,False,False
SingleLineInfilling/HumanEval/94/L2,9,9-12,False,False,True,True,False,1,10,10.0,13.0,1.0001494437258003,0.5922976208084898,0.5922091188713128,0.5829596412556054,10.0,10.0,0.9921875,0.984375,0.1,3.0,True,0.4078518229173105,0.4077908811286872,55,10.0,1.0,1.0,10.0,6.0,-0.16666666666666666,-0.3333333333333333,0.5636363636363636,0.8333333333333334,2,6,54,0.87109375,0.9140625,0.85546875,0.91796875,0.8671875,0.0007957175925925925,0.0,0.18359375,0.18359375,0.54296875,0.59375,0.59375,0.7578125,0.1,global_gap_early_commit,False,10,10,,primary,global_gap_early_commit,0.59375,0.7578125,0.91796875,6.0,8.262685539200902,True,tie_pass,False,False,False,False,False,False,10,10,,primary,global_gap_early_commit,0.59375,0.7578125,0.91796875,6.0,8.737987695261836,True,tie_pass,False,False,False,False,False,False,10,10,,primary,global_gap_early_commit,0.59375,0.7578125,0.91796875,6.0,10.615805671550333,True,tie_pass,False,False,False,False,False
SingleLineInfilling/HumanEval/94/L3,4,<=8,False,True,True,True,False,3,3,3.0,14.0,1.0639653642563358,1.025122427736978,0.9634922923017261,0.8784313725490196,3.0,3.0,0.9921875,0.98828125,0.3333333333333333,11.0,True,0.038842936519357885,0.03650770769827394,33,3.0,1.0,1.0,3.0,2.0,-0.0625,-0.3333333333333333,0.7575757575757576,0.9375,2,21,32,0.99609375,0.99609375,0.99609375,0.99609375,0.99609375,0.0,0.0,0.9921875,0.9921875,0.9921875,0.99609375,0.99609375,0.99609375,0.3333333333333333,global_gap_early_commit,False,3,3,,primary,global_gap_early_commit,0.99609375,0.99609375,0.99609375,21.0,6.478609721176326,True,tie_pass,False,False,False,False,False,False,3,3,,primary,global_gap_early_commit,0.99609375,0.99609375,0.99609375,21.0,6.703405113890767,True,tie_pass,False,False,False,False,False,False,3,3,,primary,global_gap_early_commit,0.99609375,0.99609375,0.99609375,21.0,8.324300330132246,True,tie_pass,False,False,False,False,False
SingleLineInfilling/HumanEval/94/L5,4,<=8,False,True,True,True,False,0,5,5.0,13.0,1.0798711942047083,0.4578916222404094,0.4240242953953711,0.39723320158102765,5.0,5.0,0.9921875,0.98828125,0.6,8.0,True,0.6219795719642989,0.5759757046046289,28,5.0,3.0,3.0,5.0,4.0,-0.07407407407407407,0.0,0.7785714285714286,0.9259259259259259,3,12,19,0.98046875,0.99609375,0.98046875,0.99609375,0.984375,0.0005787037037037037,0.0,0.98828125,0.97265625,0.97265625,0.9921875,0.98046875,0.984375,0.6,global_gap_early_commit,False,5,5,,primary,global_gap_early_commit,0.9921875,0.984375,0.99609375,12.0,5.8894672291353345,True,tie_pass,False,False,False,False,False,False,5,5,,primary,global_gap_early_commit,0.9921875,0.984375,0.99609375,12.0,5.916611623950303,True,tie_pass,False,False,False,False,False,False,5,5,,primary,global_gap_early_commit,0.9921875,0.984375,0.99609375,12.0,7.618867657147348,True,tie_pass,False,False,False,False,False
SingleLineInfilling/HumanEval/94/L6,7,<=8,False,True,True,True,False,1,8,8.0,14.0,1.0709292978186846,0.5606138276686599,0.523483509892336,0.506198347107438,8.0,8.0,0.9453125,0.890625,0.5,6.0,True,0.5103154701500248,0.47651649010766395,28,8.0,4.0,4.0,8.0,6.0,-0.14814814814814814,-0.3333333333333333,0.7767857142857143,0.8518518518518519,2,8,27,0.9453125,0.97265625,0.9453125,0.97265625,0.97265625,0.0010127314814814814,0.0,0.91015625,0.90234375,0.91015625,0.953125,0.94140625,0.953125,0.5,global_gap_early_commit,False,8,8,,primary,global_gap_early_commit,0.953125,0.953125,0.97265625,8.0,5.401733939535916,True,tie_pass,False,False,False,False,False,False,8,8,,primary,global_gap_early_commit,0.953125,0.953125,0.97265625,8.0,5.412418227642775,True,tie_pass,False,False,False,False,False,False,8,8,,primary,global_gap_early_commit,0.953125,0.953125,0.97265625,8.0,7.070543365553021,True,tie_pass,False,False,False,False,False
SingleLineInfilling/HumanEval/94/L7,6,<=8,False,True,True,True,False,1,6,6.0,13.0,1.109147462958082,0.6196344340765739,0.5586582981707562,0.5333333333333333,6.0,6.0,0.98828125,0.98046875,0.5,7.0,True,0.48951302888150805,0.4413417018292438,28,6.0,3.0,3.0,6.0,5.0,-0.1111111111111111,-0.3333333333333333,0.7738095238095238,0.8888888888888888,2,10,26,0.99609375,0.9921875,0.9921875,0.99609375,0.99609375,-0.00014467592592592592,-0.001953125,0.98046875,0.98046875,0.98828125,0.98828125,0.98828125,0.99609375,0.5,global_gap_early_commit,False,6,6,,primary,global_gap_early_commit,0.98828125,0.99609375,0.99609375,10.0,5.797932718880475,True,tie_pass,False,False,False,False,False,False,6,6,,primary,global_gap_early_commit,0.98828125,0.99609375,0.99609375,10.0,5.810899030417204,True,tie_pass,False,False,False,False,False,False,6,6,,primary,global_gap_early_commit,0.98828125,0.99609375,0.99609375,10.0,7.132468592375517,True,tie_pass,False,False,False,False,False
SingleLineInfilling/HumanEval/94/L8,9,9-12,False,False,True,True,False,1,9,9.0,13.0,0.9804766740439286,0.48978457105317424,0.4995371986087966,0.48423423423423423,9.0,9.0,0.77734375,0.5625,0.3333333333333333,4.0,True,0.49069210299075433,0.5004628013912034,40,9.0,3.0,3.0,9.0,6.0,-0.15384615384615385,-0.3333333333333333,0.6777777777777778,0.8461538461538461,2,7,39,0.859375,0.8359375,0.8359375,0.859375,0.859375,-0.0006009615384615385,0.0,0.271484375,0.271484375,0.58984375,0.6328125,0.6328125,0.7890625,0.3333333333333333,global_gap_early_commit,False,9,9,,primary,global_gap_early_commit,0.6328125,0.7890625,0.859375,7.0,6.673138133250177,True,tie_pass,False,False,False,False,False,False,9,9,,primary,global_gap_early_commit,0.6328125,0.7890625,0.859375,7.0,6.675783568061888,True,tie_pass,False,False,False,False,False,False,9,9,,primary,global_gap_early_commit,0.6328125,0.7890625,0.859375,7.0,8.18341666366905,True,tie_pass,False,False,False,False,False
SingleLineInfilling/HumanEval/94/L9,18,17-24,True,False,False,False,True,0,9,9.0,16.0,1.136461599460008,0.8857444960721477,0.7793879674359528,0.7529411764705882,9.0,9.0,1.0,1.0,0.3333333333333333,7.0,True,0.25071710338786035,0.22061203256404716,40,9.0,3.0,3.0,9.0,6.0,-0.15384615384615385,-0.3333333333333333,0.6777777777777778,0.8461538461538461,2,7,39,0.99609375,1.0,0.99609375,1.0,1.0,0.00010016025641025641,0.0,1.0,0.9921875,1.0,1.0,0.99609375,1.0,0.3333333333333333,global_gap_early_commit,False,9,9,,primary,global_gap_early_commit,1.0,1.0,1.0,7.0,6.639432753436267,False,tie_fail,False,False,True,False,False,False,9,9,,primary,global_gap_early_commit,1.0,1.0,1.0,7.0,6.64849740639329,False,tie_fail,False,False,True,False,False,False,9,9,,primary,global_gap_early_commit,1.0,1.0,1.0,7.0,8.181871842592955,False,tie_fail,False,False,True,False,False
SingleLineInfilling/HumanEval/95/L0,11,9-12,False,False,True,True,False,4,6,6.0,14.0,1.1047978650641286,0.5011201153446389,0.45358534007988066,0.4311023622047244,6.0,6.0,0.984375,0.9765625,0.5,8.0,True,0.6036777497194897,0.5464146599201194,28,6.0,3.0,3.0,6.0,5.0,-0.1111111111111111,-0.3333333333333333,0.7738095238095238,0.8888888888888888,2,10,26,0.9921875,0.9921875,0.9921875,0.9921875,0.9921875,0.0,0.0,0.9765625,0.9765625,0.98828125,0.984375,0.984375,0.9921875,0.5,global_gap_early_commit,False,6,6,,primary,global_gap_early_commit,0.984375,0.9921875,0.9921875,10.0,4.67633325047791,True,tie_pass,False,False,False,False,False,False,6,6,,primary,global_gap_early_commit,0.984375,0.9921875,0.9921875,10.0,4.658452142961323,True,tie_pass,False,False,False,False,False,False,6,6,,primary,global_gap_early_commit,0.984375,0.9921875,0.9921875,10.0,5.786516514606774,True,tie_pass,False,False,False,False,False
SingleLineInfilling/HumanEval/95/L1,4,<=8,False,True,True,True,False,0,4,4.0,20.0,1.0824898044693156,0.7059903774532491,0.6521912488583269,0.592156862745098,4.0,4.0,0.9921875,0.984375,0.5,16.0,True,0.37649942701606653,0.3478087511416731,28,4.0,2.0,2.0,4.0,3.0,-0.07407407407407407,0.0,0.7767857142857143,0.9259259259259259,3,14,23,0.99609375,0.99609375,0.99609375,0.99609375,0.99609375,0.0,0.0,0.984375,0.984375,0.9921875,0.9921875,0.9921875,0.99609375,0.5,global_gap_early_commit,False,4,4,,primary,global_gap_early_commit,0.9921875,0.99609375,0.99609375,14.0,5.011361150071025,True,tie_pass,False,False,False,False,False,False,4,4,,primary,global_gap_early_commit,0.9921875,0.99609375,0.99609375,14.0,5.063656954094768,True,tie_pass,False,False,False,False,False,False,4,4,,primary,global_gap_early_commit,0.9921875,0.99609375,0.99609375,14.0,6.131194720976055,True,tie_pass,False,False,False,False,False
SingleLineInfilling/HumanEval/95/L10,7,<=8,False,True,True,True,False,2,7,7.0,14.0,1.1238436146785018,0.8649470484030752,0.7696329249959842,0.73828125,7.0,7.0,1.0,1.0,0.5714285714285714,7.0,True,0.25889656627542657,0.23036707500401576,28,7.0,4.0,4.0,7.0,5.0,-0.1111111111111111,0.0,0.7704081632653061,0.8888888888888888,3,8,22,1.0,1.0,1.0,1.0,1.0,0.0,0.0,1.0,1.0,1.0,1.0,1.0,1.0,0.5714285714285714,global_gap_early_commit,False,7,7,,primary,global_gap_early_commit,1.0,1.0,1.0,8.0,5.089923778548837,True,tie_pass,False,False,False,False,False,False,7,7,,primary,global_gap_early_commit,1.0,1.0,1.0,8.0,6.247334957122803,True,tie_pass,False,False,False,False,False,False,7,7,,primary,global_gap_early_commit,1.0,1.0,1.0,8.0,5.048328646458685,True,tie_pass,False,False,False,False,False
SingleLineInfilling/HumanEval/95/L11,7,<=8,False,True,True,True,False,1,7,7.0,13.0,1.1238436146785018,0.7745430425957174,0.6891911227500199,0.6640625,7.0,7.0,1.0,1.0,0.5714285714285714,6.0,True,0.3493005720827844,0.3108088772499801,28,7.0,4.0,4.0,7.0,5.0,-0.1111111111111111,0.0,0.7704081632653061,0.8888888888888888,3,8,22,1.0,1.0,1.0,1.0,1.0,0.0,0.0,1.0,1.0,1.0,1.0,1.0,1.0,0.5714285714285714,global_gap_early_commit,False,7,7,,primary,global_gap_early_commit,1.0,1.0,1.0,8.0,4.707681379280984,True,tie_pass,False,False,False,False,False,False,7,7,,primary,global_gap_early_commit,1.0,1.0,1.0,8.0,5.8827762780711055,True,tie_pass,False,False,False,False,False,False,7,7,,primary,global_gap_early_commit,1.0,1.0,1.0,8.0,4.651434553787112,True,tie_pass,False,False,False,False,False
SingleLineInfilling/HumanEval/95/L12,7,<=8,False,True,True,True,False,2,7,7.0,24.0,1.1238436146785018,0.6995752310606818,0.6224845004443161,0.578125,7.0,7.0,1.0,0.99609375,0.5714285714285714,17.0,True,0.42426838361782004,0.37751549955568386,28,7.0,4.0,4.0,7.0,5.0,-0.1111111111111111,0.0,0.7704081632653061,0.8888888888888888,3,8,22,1.0,1.0,1.0,1.0,1.0,0.0,0.0,0.99609375,0.99609375,0.99609375,1.0,1.0,1.0,0.5714285714285714,global_gap_early_commit,False,7,7,,primary,global_gap_early_commit,1.0,1.0,1.0,8.0,4.608989543281496,True,tie_pass,False,False,False,False,False,False,7,7,,primary,global_gap_early_commit,1.0,1.0,1.0,8.0,5.669476632028818,True,tie_pass,False,False,False,False,False,False,7,7,,primary,global_gap_early_commit,1.0,1.0,1.0,8.0,4.605335343629122,True,tie_pass,False,False,False,False,False
SingleLineInfilling/HumanEval/95/L13,7,<=8,False,True,True,True,False,0,7,7.0,24.0,1.1238436146785018,0.88392275816451,0.7865175782641022,0.73046875,7.0,7.0,1.0,1.0,0.5714285714285714,17.0,True,0.23992085651399175,0.21348242173589782,28,7.0,4.0,4.0,7.0,5.0,-0.1111111111111111,0.0,0.7704081632653061,0.8888888888888888,3,8,22,1.0,1.0,1.0,1.0,1.0,0.0,0.0,1.0,1.0,1.0,1.0,1.0,1.0,0.5714285714285714,global_gap_early_commit,False,7,7,,primary,global_gap_early_commit,1.0,1.0,1.0,8.0,4.709881328977644,True,tie_pass,False,False,False,False,False,False,7,7,,primary,global_gap_early_commit,1.0,1.0,1.0,8.0,5.821638913825154,True,tie_pass,False,False,False,False,False,False,7,7,,primary,global_gap_early_commit,1.0,1.0,1.0,8.0,4.698183434084058,True,tie_pass,False,False,False,False,False
SingleLineInfilling/HumanEval/95/L14,4,<=8,False,True,True,True,False,2,11,11.0,20.0,1.154738274773439,0.9397620256165765,0.8138311911423902,0.78515625,11.0,11.0,1.0,0.99609375,0.36363636363636365,9.0,True,0.21497624915686242,0.18616880885760978,40,11.0,4.0,4.0,11.0,7.5,-0.1794871794871795,-0.3333333333333333,0.6795454545454546,0.8205128205128205,2,5,37,1.0,0.9609375,0.9609375,1.0,1.0,-0.001001602564102564,-0.005859375,0.99609375,0.99609375,1.0,1.0,1.0,1.0,0.36363636363636365,global_gap_early_commit,False,11,11,,primary,global_gap_early_commit,1.0,1.0,1.0,5.0,5.811483739875257,True,tie_pass,False,False,False,False,False,False,11,11,,primary,global_gap_early_commit,1.0,1.0,1.0,5.0,7.129678253084421,True,tie_pass,False,False,False,False,False,False,11,11,,primary,global_gap_early_commit,1.0,1.0,1.0,5.0,5.791329441592097,True,tie_pass,False,False,False,False,False
SingleLineInfilling/HumanEval/95/L15,3,<=8,False,True,True,True,False,3,10,10.0,13.0,1.1436686464129107,0.8884464312127347,0.776839020637075,0.7647058823529411,10.0,10.0,0.99609375,0.99609375,0.3,3.0,True,0.25522221520017596,0.223160979362925,42,10.0,3.0,3.0,10.0,7.0,-0.17073170731707318,-0.3333333333333333,0.6666666666666666,0.8292682926829268,2,6,41,0.99609375,1.0,0.99609375,1.0,0.99609375,9.527439024390244e-05,0.0,0.99609375,0.9921875,0.99609375,0.99609375,0.99609375,0.99609375,0.3,global_gap_early_commit,False,10,10,,primary,global_gap_early_commit,0.99609375,0.99609375,1.0,6.0,5.905250552110374,True,tie_pass,False,False,False,False,False,False,10,10,,primary,global_gap_early_commit,0.99609375,0.99609375,1.0,6.0,7.293594422750175,True,tie_pass,False,False,False,False,False,False,10,10,,primary,global_gap_early_commit,0.99609375,0.99609375,1.0,6.0,5.864528515376151,True,tie_pass,False,False,False,False,False
SingleLineInfilling/HumanEval/95/L16,29,25+,True,False,False,False,True,2,15,15.0,15.0,1.0155885220135898,1.0155885220135898,1.0,0.9364406779661016,15.0,15.0,0.875,0.7578125,0.3333333333333333,0.0,False,0.0,0.0,41,15.0,5.0,5.0,15.0,10.0,-0.25,-0.3333333333333333,0.6731707317073171,0.75,2,4,40,0.86328125,0.95703125,0.65625,0.95703125,0.9375,0.00234375,0.0,0.796875,0.46875,0.8125,0.89453125,0.60546875,0.89453125,0.3333333333333333,global_gap_early_commit,False,15,15,,primary,global_gap_early_commit,0.89453125,0.89453125,0.95703125,4.0,5.513196573592722,False,tie_fail,False,False,True,False,False,False,15,15,,primary,global_gap_early_commit,0.89453125,0.89453125,0.95703125,4.0,6.87609613314271,False,tie_fail,False,False,True,False,False,False,15,15,,primary,global_gap_early_commit,0.89453125,0.89453125,0.95703125,4.0,5.5327217215672135,False,tie_fail,False,False,True,False,False
SingleLineInfilling/HumanEval/95/L17,7,<=8,False,True,True,True,False,0,7,7.0,15.0,1.115063586438826,0.675527206950216,0.605819448474364,0.5787401574803149,7.0,7.0,0.99609375,0.9921875,0.5714285714285714,8.0,True,0.43953637948861013,0.394180551525636,28,7.0,4.0,4.0,7.0,5.0,-0.1111111111111111,0.0,0.7704081632653061,0.8888888888888888,3,8,22,0.9921875,0.99609375,0.9921875,0.99609375,0.994140625,0.00014467592592592592,0.0,0.9921875,0.98828125,0.98828125,0.99609375,0.9921875,0.9921875,0.5714285714285714,global_gap_early_commit,False,7,7,,primary,global_gap_early_commit,0.99609375,0.9921875,0.99609375,8.0,5.169177206233144,True,tie_pass,False,False,False,False,False,False,7,7,,primary,global_gap_early_commit,0.99609375,0.9921875,0.99609375,8.0,6.446119766682386,True,tie_pass,False,False,False,False,False,False,7,7,,primary,global_gap_early_commit,0.99609375,0.9921875,0.99609375,8.0,5.202147188596427,True,tie_pass,False,False,False,False,False
SingleLineInfilling/HumanEval/95/L18,3,<=8,False,True,True,True,False,2,14,14.0,14.0,1.0663103824228388,1.0663103824228388,1.0,0.9173228346456693,14.0,14.0,0.9140625,0.859375,0.35714285714285715,0.0,False,0.0,0.0,40,14.0,5.0,5.0,14.0,9.5,-0.23076923076923078,-0.3333333333333333,0.6785714285714286,0.7692307692307693,2,4,38,0.91015625,0.96875,0.91015625,0.96875,0.9453125,0.0015024038461538462,0.01171875,0.859375,0.7890625,0.8515625,0.9140625,0.875,0.912109375,0.35714285714285715,global_gap_early_commit,False,14,14,,primary,global_gap_early_commit,0.9140625,0.912109375,0.96875,4.0,5.602087547071278,True,tie_pass,False,False,False,False,False,False,14,14,,primary,global_gap_early_commit,0.9140625,0.912109375,0.96875,4.0,6.9210752584040165,True,tie_pass,False,False,False,False,False,False,14,14,,primary,global_gap_early_commit,0.9140625,0.912109375,0.96875,4.0,5.519616057164967,True,tie_pass,False,False,False,False,False
SingleLineInfilling/HumanEval/95/L19,4,<=8,False,True,False,False,False,3,11,11.0,14.0,1.100609918143434,0.9015585636793959,0.8191445023502893,0.76953125,11.0,11.0,0.9921875,0.9921875,0.36363636363636365,3.0,True,0.199051354464038,0.18085549764971065,40,11.0,4.0,4.0,11.0,7.5,-0.1794871794871795,-0.3333333333333333,0.6795454545454546,0.8205128205128205,2,5,37,0.953125,0.99609375,0.953125,1.0,0.99609375,0.0011017628205128205,0.0,0.9921875,0.92578125,0.9921875,0.9921875,0.953125,0.99609375,0.36363636363636365,global_gap_early_commit,False,11,11,,primary,global_gap_early_commit,0.9921875,0.99609375,1.0,5.0,5.790517947636545,False,tie_fail,False,False,False,False,False,False,11,11,,primary,global_gap_early_commit,0.9921875,0.99609375,1.0,5.0,6.292098332196474,False,tie_fail,False,False,False,False,False,False,11,11,,primary,global_gap_early_commit,0.9921875,0.99609375,1.0,5.0,5.732847720384598,False,tie_fail,False,False,False,False,False
SingleLineInfilling/HumanEval/95/L2,4,<=8,False,True,True,True,False,3,4,4.0,15.0,1.086734862526058,0.4641377408297402,0.4270938173004558,0.39453125,4.0,4.0,1.0,1.0,0.5,11.0,True,0.6225971216963178,0.5729061826995442,28,4.0,2.0,2.0,4.0,3.0,-0.07407407407407407,0.0,0.7767857142857143,0.9259259259259259,3,14,23,1.0,1.0,1.0,1.0,1.0,0.0,0.0,1.0,0.99609375,0.99609375,1.0,1.0,1.0,0.5,global_gap_early_commit,False,4,4,,primary,global_gap_early_commit,1.0,1.0,1.0,14.0,4.833550225012004,True,tie_pass,False,False,False,False,False,False,4,4,,primary,global_gap_early_commit,1.0,1.0,1.0,14.0,4.8662721291184425,True,tie_pass,False,False,False,False,False,False,4,4,,primary,global_gap_early_commit,1.0,1.0,1.0,14.0,5.901985267177224,True,tie_pass,False,False,False,False,False
SingleLineInfilling/HumanEval/95/L20,3,<=8,False,True,False,False,False,4,10,10.0,15.0,1.0360292443975778,0.8179853254227104,0.7895388376786083,0.7705627705627706,10.0,10.0,0.90234375,0.80859375,0.3,5.0,True,0.2180439189748674,0.21046116232139167,42,10.0,3.0,3.0,10.0,7.0,-0.17073170731707318,-0.3333333333333333,0.6666666666666666,0.8292682926829268,2,6,41,0.90234375,0.97265625,0.89453125,0.97265625,0.96875,0.001714939024390244,0.0,0.8671875,0.84375,0.88671875,0.9296875,0.8828125,0.94140625,0.3,global_gap_early_commit,False,10,10,,primary,global_gap_early_commit,0.9296875,0.94140625,0.97265625,6.0,5.907094354741275,False,tie_fail,False,False,False,False,False,False,10,10,,primary,global_gap_early_commit,0.9296875,0.94140625,0.97265625,6.0,5.88488691393286,False,tie_fail,False,False,False,False,False,False,10,10,,primary,global_gap_early_commit,0.9296875,0.94140625,0.97265625,6.0,5.859846152365208,False,tie_fail,False,False,False,False,False
SingleLineInfilling/HumanEval/95/L21,15,13-16,False,False,False,False,False,2,5,5.0,14.0,0.649643626792474,0.4141677665633773,0.6375307160454627,0.5993377483443708,5.0,5.0,0.8515625,0.7734375,0.6,9.0,True,0.23547586022909672,0.36246928395453726,28,5.0,3.0,3.0,5.0,4.0,-0.07407407407407407,0.0,0.7785714285714286,0.9259259259259259,3,12,19,0.58984375,0.91015625,0.58984375,0.91015625,0.91015625,0.011863425925925927,0.0,0.7734375,0.412109375,0.7734375,0.8515625,0.58984375,0.8515625,0.6,global_gap_early_commit,False,5,5,,primary,global_gap_early_commit,0.8515625,0.8515625,0.91015625,12.0,4.697299484163523,False,tie_fail,False,False,False,False,False,False,5,5,,primary,global_gap_early_commit,0.8515625,0.8515625,0.91015625,12.0,4.701931563206017,False,tie_fail,False,False,False,False,False,False,5,5,,primary,global_gap_early_commit,0.8515625,0.8515625,0.91015625,12.0,4.672719159163535,False,tie_fail,False,False,False,False,False
SingleLineInfilling/HumanEval/95/L3,7,<=8,False,True,True,True,False,3,7,7.0,14.0,1.1238436146785018,0.7505360631645732,0.6678296280388435,0.640625,7.0,7.0,0.99609375,0.9921875,0.5714285714285714,7.0,True,0.3733075515139286,0.3321703719611565,28,7.0,4.0,4.0,7.0,5.0,-0.1111111111111111,0.0,0.7704081632653061,0.8888888888888888,3,8,22,1.0,0.99609375,0.99609375,1.0,0.99609375,-0.00014467592592592592,0.0,0.9921875,0.9921875,0.994140625,0.99609375,0.99609375,0.99609375,0.5714285714285714,global_gap_early_commit,False,7,7,,primary,global_gap_early_commit,0.99609375,0.99609375,1.0,8.0,5.113652339205146,True,tie_pass,False,False,False,False,False,False,7,7,,primary,global_gap_early_commit,0.99609375,0.99609375,1.0,8.0,5.132378309965134,True,tie_pass,False,False,False,False,False,False,7,7,,primary,global_gap_early_commit,0.99609375,0.99609375,1.0,8.0,5.505148091353476,True,tie_pass,False,False,False,False,False
SingleLineInfilling/HumanEval/95/L4,8,<=8,False,True,True,True,False,3,7,7.0,14.0,1.1238436146785018,0.6956187902500922,0.6189640454994159,0.59375,7.0,7.0,1.0,1.0,0.5714285714285714,7.0,True,0.4282248244284096,0.38103595450058414,28,7.0,4.0,4.0,7.0,5.0,-0.1111111111111111,0.0,0.7704081632653061,0.8888888888888888,3,8,22,1.0,1.0,1.0,1.0,1.0,0.0,0.0,1.0,1.0,1.0,1.0,1.0,1.0,0.5714285714285714,global_gap_early_commit,False,7,7,,primary,global_gap_early_commit,1.0,1.0,1.0,8.0,4.61449247226119,True,tie_pass,False,False,False,False,False,False,7,7,,primary,global_gap_early_commit,1.0,1.0,1.0,8.0,4.669747550971806,True,tie_pass,False,False,False,False,False,False,7,7,,primary,global_gap_early_commit,1.0,1.0,1.0,8.0,4.576232751831412,True,tie_pass,False,False,False,False,False
SingleLineInfilling/HumanEval/95/L6,11,9-12,False,False,True,True,False,4,9,9.0,14.0,0.9804766740439286,0.5354434109161894,0.5461052007568716,0.5318181818181819,9.0,9.0,0.9609375,0.92578125,0.3333333333333333,5.0,True,0.44503326312773916,0.45389479924312837,40,9.0,3.0,3.0,9.0,6.0,-0.15384615384615385,-0.3333333333333333,0.6777777777777778,0.8461538461538461,2,7,39,0.859375,0.984375,0.85546875,0.984375,0.87890625,0.003205128205128205,0.0,0.9296875,0.69921875,0.7578125,0.96484375,0.80859375,0.84375,0.3333333333333333,global_gap_early_commit,False,9,9,,primary,global_gap_early_commit,0.96484375,0.84375,0.984375,7.0,5.590455133467913,True,tie_pass,False,False,False,False,False,False,9,9,,primary,global_gap_early_commit,0.96484375,0.84375,0.984375,7.0,5.5838034665212035,True,tie_pass,False,False,False,False,False,False,9,9,,primary,global_gap_early_commit,0.96484375,0.84375,0.984375,7.0,5.525188930332661,True,tie_pass,False,False,False,False,False
SingleLineInfilling/HumanEval/95/L7,7,<=8,False,True,True,True,False,1,7,7.0,24.0,1.0975035299594744,0.7421169680846421,0.6761864065367015,0.623015873015873,7.0,7.0,0.97265625,0.96484375,0.5714285714285714,17.0,True,0.3553865618748323,0.3238135934632985,28,7.0,4.0,4.0,7.0,5.0,-0.1111111111111111,0.0,0.7704081632653061,0.8888888888888888,3,8,22,0.9765625,0.984375,0.96875,0.984375,0.97265625,0.00028935185185185184,0.0,0.96484375,0.953125,0.95703125,0.97265625,0.96484375,0.96484375,0.5714285714285714,global_gap_early_commit,False,7,7,,primary,global_gap_early_commit,0.97265625,0.96484375,0.984375,8.0,4.61324149556458,True,tie_pass,False,False,False,False,False,False,7,7,,primary,global_gap_early_commit,0.97265625,0.96484375,0.984375,8.0,4.614762380719185,True,tie_pass,False,False,False,False,False,False,7,7,,primary,global_gap_early_commit,0.97265625,0.96484375,0.984375,8.0,4.564504858106375,True,tie_pass,False,False,False,False,False
SingleLineInfilling/HumanEval/95/L8,3,<=8,False,True,True,True,False,4,3,3.0,24.0,1.068137777449498,0.6523066343673924,0.6106952194172663,0.5390625,3.0,3.0,0.99609375,0.9921875,0.3333333333333333,21.0,True,0.41583114308210556,0.38930478058273366,33,3.0,1.0,1.0,3.0,2.0,-0.0625,-0.3333333333333333,0.7575757575757576,0.9375,2,21,32,1.0,1.0,1.0,1.0,1.0,0.0,0.0,0.99609375,0.99609375,0.99609375,1.0,1.0,1.0,0.3333333333333333,global_gap_early_commit,False,3,3,,primary,global_gap_early_commit,1.0,1.0,1.0,21.0,5.342893683351576,True,tie_pass,False,False,False,False,False,False,3,3,,primary,global_gap_early_commit,1.0,1.0,1.0,21.0,5.84975780826062,True,tie_pass,False,False,False,False,False,False,3,3,,primary,global_gap_early_commit,1.0,1.0,1.0,21.0,5.324419578537345,True,tie_pass,False,False,False,False,False
SingleLineInfilling/HumanEval/95/L9,8,<=8,False,True,True,True,False,1,8,8.0,14.0,1.1107572469111149,0.8786763666316955,0.7910606652130256,0.7559055118110236,8.0,8.0,0.9609375,0.921875,0.5,6.0,True,0.23208088027941942,0.20893933478697435,28,8.0,4.0,4.0,8.0,6.0,-0.14814814814814814,-0.3333333333333333,0.7767857142857143,0.8518518518518519,2,8,27,0.98046875,0.9765625,0.97265625,0.98046875,0.9765625,-0.00014467592592592592,0.0,0.92578125,0.92578125,0.9296875,0.96484375,0.96484375,0.96484375,0.5,global_gap_early_commit,False,8,8,,primary,global_gap_early_commit,0.96484375,0.96484375,0.98046875,8.0,4.538747801445425,True,tie_pass,False,False,False,False,False,False,8,8,,primary,global_gap_early_commit,0.96484375,0.96484375,0.98046875,8.0,5.576213097199798,True,tie_pass,False,False,False,False,False,False,8,8,,primary,global_gap_early_commit,0.96484375,0.96484375,0.98046875,8.0,4.530924890190363,True,tie_pass,False,False,False,False,False
SingleLineInfilling/HumanEval/96/L0,5,<=8,False,True,False,False,False,3,7,7.0,13.0,1.115063586438826,0.5307897909553004,0.4760175091453588,0.455078125,7.0,7.0,0.98828125,0.9765625,0.5714285714285714,6.0,True,0.5842737954835256,0.5239824908546412,28,7.0,4.0,4.0,7.0,5.0,-0.1111111111111111,0.0,0.7704081632653061,0.8888888888888888,3,8,22,0.9921875,0.9921875,0.9921875,0.9921875,0.9921875,0.0,0.0,0.9765625,0.9765625,0.98046875,0.98828125,0.98828125,0.98828125,0.5714285714285714,global_gap_early_commit,False,7,7,,primary,global_gap_early_commit,0.98828125,0.98828125,0.9921875,8.0,3.6146263917908072,False,tie_fail,False,False,False,False,False,False,7,7,,primary,global_gap_early_commit,0.98828125,0.98828125,0.9921875,8.0,3.6274847593158484,False,tie_fail,False,False,False,False,False,False,7,7,,primary,global_gap_early_commit,0.98828125,0.98828125,0.9921875,8.0,3.5616164840757847,False,tie_fail,False,False,False,False,False
SingleLineInfilling/HumanEval/96/L1,11,9-12,False,False,False,False,False,0,13,13.0,13.0,1.1618145638935762,1.1618145638935762,1.0,0.99609375,13.0,13.0,0.99609375,0.9921875,0.3076923076923077,0.0,False,0.0,0.0,42,13.0,4.0,4.0,13.0,9.0,-0.21951219512195122,-0.3333333333333333,0.6648351648351648,0.7804878048780488,2,4,41,0.99609375,1.0,0.99609375,1.0,0.99609375,9.527439024390244e-05,0.0,0.9921875,0.9921875,0.9921875,0.99609375,0.99609375,0.99609375,0.3076923076923077,global_gap_early_commit,False,13,13,,primary,global_gap_early_commit,0.99609375,0.99609375,1.0,4.0,4.442645788192749,False,tie_fail,False,False,False,False,False,False,13,13,,primary,global_gap_early_commit,0.99609375,0.99609375,1.0,4.0,4.452736706472933,False,tie_fail,False,False,False,False,False,False,13,13,,primary,global_gap_early_commit,0.99609375,0.99609375,1.0,4.0,4.42522426135838,False,tie_fail,False,False,False,False,False
SingleLineInfilling/HumanEval/96/L2,6,<=8,False,True,True,True,False,4,6,6.0,16.0,1.1134970608520351,0.6873746349726563,0.6173115845017904,0.58203125,6.0,6.0,1.0,1.0,0.5,10.0,True,0.4261224258793789,0.38268841549820964,28,6.0,3.0,3.0,6.0,5.0,-0.1111111111111111,-0.3333333333333333,0.7738095238095238,0.8888888888888888,2,10,26,1.0,1.0,1.0,1.0,1.0,0.0,0.0,1.0,1.0,1.0,1.0,1.0,1.0,0.5,global_gap_early_commit,False,6,6,,primary,global_gap_early_commit,1.0,1.0,1.0,10.0,3.71407897118479,True,tie_pass,False,False,False,False,False,False,6,6,,primary,global_gap_early_commit,1.0,1.0,1.0,10.0,3.7225268557667732,True,tie_pass,False,False,False,False,False,False,6,6,,primary,global_gap_early_commit,1.0,1.0,1.0,10.0,3.706030278466642,True,tie_pass,False,False,False,False,False
SingleLineInfilling/HumanEval/96/L3,11,9-12,False,False,True,True,False,3,11,11.0,20.0,1.154738274773439,1.1408056430370381,0.9879343812872796,0.953125,11.0,11.0,1.0,1.0,0.36363636363636365,9.0,True,0.013932631736400802,0.012065618712720383,40,11.0,4.0,4.0,11.0,7.5,-0.1794871794871795,-0.3333333333333333,0.6795454545454546,0.8205128205128205,2,5,37,1.0,1.0,1.0,1.0,1.0,0.0,0.0,1.0,1.0,1.0,1.0,1.0,1.0,0.36363636363636365,global_gap_early_commit,False,11,11,,primary,global_gap_early_commit,1.0,1.0,1.0,5.0,5.093945315107703,True,tie_pass,False,False,False,False,False,False,11,11,,primary,global_gap_early_commit,1.0,1.0,1.0,5.0,5.131005820818245,True,tie_pass,False,False,False,False,False,False,11,11,,primary,global_gap_early_commit,1.0,1.0,1.0,5.0,5.223934999667108,True,tie_pass,False,False,False,False,False
SingleLineInfilling/HumanEval/96/L4,10,9-12,False,False,True,True,False,1,12,12.0,16.0,1.1471796401018506,0.8396119702350567,0.7318923217295881,0.7137254901960784,12.0,12.0,0.98046875,0.96875,0.3333333333333333,4.0,True,0.30756766986679385,0.26810767827041193,40,12.0,4.0,4.0,12.0,8.0,-0.20512820512820512,-0.3333333333333333,0.6791666666666667,0.7948717948717948,2,5,39,0.98828125,0.99609375,0.984375,0.99609375,0.9921875,0.00020032051282051281,0.0,0.984375,0.96875,0.98046875,0.9921875,0.98046875,0.98828125,0.3333333333333333,global_gap_early_commit,False,12,12,,primary,global_gap_early_commit,0.9921875,0.98828125,0.99609375,5.0,4.549157442525029,True,tie_pass,False,False,False,False,False,False,12,12,,primary,global_gap_early_commit,0.9921875,0.98828125,0.99609375,5.0,4.569990238174796,True,tie_pass,False,False,False,False,False,False,12,12,,primary,global_gap_early_commit,0.9921875,0.98828125,0.99609375,5.0,4.857005888596177,True,tie_pass,False,False,False,False,False
SingleLineInfilling/HumanEval/96/L5,6,<=8,False,True,True,True,False,4,6,6.0,13.0,1.1134970608520351,0.7472062293276333,0.6710446354980764,0.640625,6.0,6.0,1.0,1.0,0.5,7.0,True,0.3662908315244019,0.32895536450192364,28,6.0,3.0,3.0,6.0,5.0,-0.1111111111111111,-0.3333333333333333,0.7738095238095238,0.8888888888888888,2,10,26,1.0,1.0,1.0,1.0,1.0,0.0,0.0,1.0,1.0,1.0,1.0,1.0,1.0,0.5,global_gap_early_commit,False,6,6,,primary,global_gap_early_commit,1.0,1.0,1.0,10.0,3.913394476287067,True,tie_pass,False,False,False,False,False,False,6,6,,primary,global_gap_early_commit,1.0,1.0,1.0,10.0,3.94036621786654,True,tie_pass,False,False,False,False,False,False,6,6,,primary,global_gap_early_commit,1.0,1.0,1.0,10.0,4.156627384014428,True,tie_pass,False,False,False,False,False
SingleLineInfilling/HumanEval/96/L6,3,<=8,False,True,True,True,False,4,3,3.0,20.0,1.068137777449498,0.5891045533715853,0.5515248742332198,0.4921875,3.0,3.0,1.0,1.0,0.3333333333333333,17.0,True,0.4790332240779127,0.44847512576678017,33,3.0,1.0,1.0,3.0,2.0,-0.0625,-0.3333333333333333,0.7575757575757576,0.9375,2,21,32,1.0,1.0,1.0,1.0,1.0,0.0,0.0,1.0,1.0,1.0,1.0,1.0,1.0,0.3333333333333333,global_gap_early_commit,False,3,3,,primary,global_gap_early_commit,1.0,1.0,1.0,21.0,3.9729051291942596,True,tie_pass,False,False,False,False,False,False,3,3,,primary,global_gap_early_commit,1.0,1.0,1.0,21.0,3.982241651043296,True,tie_pass,False,False,False,False,False,False,3,3,,primary,global_gap_early_commit,1.0,1.0,1.0,21.0,4.283159372396767,True,tie_pass,False,False,False,False,False
SingleLineInfilling/HumanEval/96/L7,6,<=8,False,True,True,True,False,3,6,6.0,15.0,1.1134970608520351,0.7628402473043254,0.6850851018148255,0.6484375,6.0,6.0,1.0,1.0,0.5,9.0,True,0.3506568135477097,0.3149148981851745,28,6.0,3.0,3.0,6.0,5.0,-0.1111111111111111,-0.3333333333333333,0.7738095238095238,0.8888888888888888,2,10,26,1.0,1.0,1.0,1.0,1.0,0.0,0.0,1.0,1.0,1.0,1.0,1.0,1.0,0.5,global_gap_early_commit,False,6,6,,primary,global_gap_early_commit,1.0,1.0,1.0,10.0,3.6504980120807886,True,tie_pass,False,False,False,False,False,False,6,6,,primary,global_gap_early_commit,1.0,1.0,1.0,10.0,3.676029186695814,True,tie_pass,False,False,False,False,False,False,6,6,,primary,global_gap_early_commit,1.0,1.0,1.0,10.0,3.9560294998809695,True,tie_pass,False,False,False,False,False
SingleLineInfilling/HumanEval/96/L8,6,<=8,False,True,True,True,False,2,6,6.0,13.0,1.1134970608520351,0.7107571449701877,0.6383107508396336,0.609375,6.0,6.0,1.0,1.0,0.5,7.0,True,0.40273991588184743,0.3616892491603664,28,6.0,3.0,3.0,6.0,5.0,-0.1111111111111111,-0.3333333333333333,0.7738095238095238,0.8888888888888888,2,10,26,1.0,1.0,1.0,1.0,1.0,0.0,0.0,1.0,1.0,1.0,1.0,1.0,1.0,0.5,global_gap_early_commit,False,6,6,,primary,global_gap_early_commit,1.0,1.0,1.0,10.0,3.7878175005316734,True,tie_pass,False,False,False,False,False,False,6,6,,primary,global_gap_early_commit,1.0,1.0,1.0,10.0,3.8143360195681453,True,tie_pass,False,False,False,False,False,False,6,6,,primary,global_gap_early_commit,1.0,1.0,1.0,10.0,4.050998825579882,True,tie_pass,False,False,False,False,False
SingleLineInfilling/HumanEval/96/L9,4,<=8,False,True,True,True,False,4,3,3.0,13.0,1.068137777449498,0.4647258255574304,0.43508041319080004,0.3984375,3.0,3.0,1.0,1.0,0.3333333333333333,10.0,True,0.6034119518920675,0.5649195868092,33,3.0,1.0,1.0,3.0,2.0,-0.0625,-0.3333333333333333,0.7575757575757576,0.9375,2,21,32,1.0,1.0,1.0,1.0,1.0,0.0,0.0,1.0,0.99609375,1.0,1.0,1.0,1.0,0.3333333333333333,global_gap_early_commit,False,3,3,,primary,global_gap_early_commit,1.0,1.0,1.0,21.0,4.026775291189551,True,tie_pass,False,False,False,False,False,False,3,3,,primary,global_gap_early_commit,1.0,1.0,1.0,21.0,4.040639031678438,True,tie_pass,False,False,False,False,False,False,3,3,,primary,global_gap_early_commit,1.0,1.0,1.0,21.0,4.3508906327188015,True,tie_pass,False,False,False,False,False
SingleLineInfilling/HumanEval/97/L0,18,17-24,True,False,False,False,True,4,3,3.0,13.0,0.44018959187860174,0.1993309300797802,0.4528297210052003,0.4146919431279621,3.0,3.0,,,0.0,10.0,True,0.24085866179882154,0.5471702789947996,54,3.0,0.0,0.0,3.0,2.0,-0.05660377358490566,-0.3333333333333333,0.5864197530864198,0.9433962264150944,2,21,53,0.412109375,0.67578125,0.412109375,0.67578125,0.46484375,0.004974941037735849,0.0,0.02001953125,0.02001953125,0.1240234375,0.040283203125,0.040283203125,0.201171875,0.0,no_remaining_masks,True,32,3,32,rescue,no_remaining_masks,0.040283203125,0.201171875,0.67578125,21.0,4.921641114167869,False,tie_fail,False,False,False,True,False,True,24,3,24,rescue,no_remaining_masks,0.040283203125,0.201171875,0.67578125,21.0,4.966171017847955,False,tie_fail,False,False,False,True,False,True,24,3,24,rescue,no_remaining_masks,0.040283203125,0.201171875,0.67578125,21.0,5.419615481980145,False,tie_fail,False,False,False,True,False
SingleLineInfilling/HumanEval/98/L0,6,<=8,False,True,True,True,False,2,6,6.0,13.0,1.1134970608520351,0.7699869070510367,0.691503313409603,0.66015625,6.0,6.0,1.0,1.0,0.5,7.0,True,0.3435101538009985,0.308496686590397,28,6.0,3.0,3.0,6.0,5.0,-0.1111111111111111,-0.3333333333333333,0.7738095238095238,0.8888888888888888,2,10,26,1.0,0.97265625,0.97265625,1.0,1.0,-0.0010127314814814814,-0.013671875,1.0,1.0,1.0,1.0,1.0,1.0,0.5,global_gap_early_commit,False,6,6,,primary,global_gap_early_commit,1.0,1.0,1.0,10.0,2.097887652926147,True,tie_pass,False,False,False,False,False,False,6,6,,primary,global_gap_early_commit,1.0,1.0,1.0,10.0,2.112382762134075,True,tie_pass,False,False,False,False,False,False,6,6,,primary,global_gap_early_commit,1.0,1.0,1.0,10.0,2.2974900417029858,True,tie_pass,False,False,False,False,False
SingleLineInfilling/HumanEval/98/L1,13,13-16,False,False,True,True,False,3,15,15.0,15.0,1.1534512173095524,1.1534512173095524,1.0,0.9920948616600791,15.0,15.0,0.984375,0.96875,0.3333333333333333,0.0,False,0.0,0.0,41,15.0,5.0,5.0,15.0,10.0,-0.25,-0.3333333333333333,0.6731707317073171,0.75,2,4,40,0.98046875,0.984375,0.98046875,0.9921875,0.98828125,9.765625e-05,0.0,0.9765625,0.96875,0.984375,0.98828125,0.98046875,0.9921875,0.3333333333333333,global_gap_early_commit,False,15,15,,primary,global_gap_early_commit,0.98828125,0.9921875,0.9921875,4.0,2.396020343527198,True,tie_pass,False,False,False,False,False,False,15,15,,primary,global_gap_early_commit,0.98828125,0.9921875,0.9921875,4.0,2.4152953820303082,True,tie_pass,False,False,False,False,False,False,15,15,,primary,global_gap_early_commit,0.98828125,0.9921875,0.9921875,4.0,2.6881071450188756,True,tie_pass,False,False,False,False,False
SingleLineInfilling/HumanEval/98/L2,12,9-12,False,False,False,False,False,0,9,9.0,16.0,1.1052646143767921,0.8165457073165112,0.7387784759371164,0.7137096774193549,9.0,9.0,0.99609375,0.99609375,0.3333333333333333,7.0,True,0.2887189070602809,0.26122152406288357,40,9.0,3.0,3.0,9.0,6.0,-0.15384615384615385,-0.3333333333333333,0.6777777777777778,0.8461538461538461,2,7,39,0.96875,1.0,0.95703125,1.0,0.9921875,0.0008012820512820513,0.0,0.99609375,0.92578125,0.98828125,1.0,0.953125,0.9921875,0.3333333333333333,global_gap_early_commit,False,9,9,,primary,global_gap_early_commit,1.0,0.9921875,1.0,7.0,2.3519835360348225,False,tie_fail,False,False,False,False,False,False,9,9,,primary,global_gap_early_commit,1.0,0.9921875,1.0,7.0,2.4084912901744246,False,tie_fail,False,False,False,False,False,False,9,9,,primary,global_gap_early_commit,1.0,0.9921875,1.0,7.0,2.5908462051302195,False,tie_fail,False,False,False,False,False
SingleLineInfilling/HumanEval/98/L3,6,<=8,False,True,True,True,False,1,6,6.0,15.0,1.1134970608520351,1.1120924087207635,0.9987385219228179,0.9453125,6.0,6.0,0.99609375,0.99609375,0.5,9.0,True,0.001404652131271611,0.0012614780771821321,28,6.0,3.0,3.0,6.0,5.0,-0.1111111111111111,-0.3333333333333333,0.7738095238095238,0.8888888888888888,2,10,26,1.0,1.0,1.0,1.0,1.0,0.0,0.0,0.99609375,0.99609375,0.99609375,0.99609375,0.99609375,1.0,0.5,global_gap_early_commit,False,6,6,,primary,global_gap_early_commit,0.99609375,1.0,1.0,10.0,2.0213466892018914,True,tie_pass,False,False,False,False,False,False,6,6,,primary,global_gap_early_commit,0.99609375,1.0,1.0,10.0,2.0336986146867275,True,tie_pass,False,False,False,False,False,False,6,6,,primary,global_gap_early_commit,0.99609375,1.0,1.0,10.0,2.169942361302674,True,tie_pass,False,False,False,False,False
SingleLineInfilling/HumanEval/98/L4,4,<=8,False,True,True,True,False,4,3,3.0,13.0,0.984689513586256,0.40549606347658146,0.41180093611412383,0.3771186440677966,3.0,3.0,0.99609375,0.99609375,0.3333333333333333,10.0,True,0.5791934501096745,0.5881990638858762,33,3.0,1.0,1.0,3.0,2.0,-0.0625,-0.3333333333333333,0.7575757575757576,0.9375,2,21,32,0.921875,0.9921875,0.921875,0.9921875,0.9921875,0.002197265625,0.0,0.98046875,0.890625,0.98046875,0.98828125,0.921875,0.98828125,0.3333333333333333,global_gap_early_commit,False,3,3,,primary,global_gap_early_commit,0.98828125,0.98828125,0.9921875,21.0,2.2255297787487507,True,tie_pass,False,False,False,False,False,False,3,3,,primary,global_gap_early_commit,0.98828125,0.98828125,0.9921875,21.0,2.286975162103772,True,tie_pass,False,False,False,False,False,False,3,3,,primary,global_gap_early_commit,0.98828125,0.98828125,0.9921875,21.0,2.412942139431834,True,tie_pass,False,False,False,False,False
SingleLineInfilling/HumanEval/99/L0,8,<=8,False,True,False,False,False,4,6,3.0,13.0,0.6508964581332879,0.33943209807871144,0.5214840146037543,0.4775641025641026,3.0,6.0,0.8046875,0.62890625,0.5,7.0,True,0.31146436005457645,0.47851598539624574,28,6.0,3.0,3.0,6.0,5.0,-0.1111111111111111,-0.3333333333333333,0.7738095238095238,0.8888888888888888,2,10,26,0.5546875,0.90234375,0.55078125,0.90234375,0.5546875,0.012876157407407407,0.041015625,0.62890625,0.2333984375,0.3515625,0.8046875,0.4609375,0.5546875,0.5,global_gap_early_commit,False,6,6,,primary,global_gap_early_commit,0.8046875,0.5546875,0.90234375,10.0,4.558927948586643,False,tie_fail,False,False,False,False,False,False,6,6,,primary,global_gap_early_commit,0.8046875,0.5546875,0.90234375,10.0,4.573672548867762,False,tie_fail,False,False,False,False,False,False,6,6,,primary,global_gap_early_commit,0.8046875,0.5546875,0.90234375,10.0,4.915120151825249,False,tie_fail,False,False,False,False,False
SingleLineInfilling/HumanEval/99/L10,7,<=8,False,True,True,True,False,3,7,7.0,13.0,1.1238436146785018,0.8109921269531629,0.7216236461735502,0.6953125,7.0,7.0,1.0,1.0,0.5714285714285714,6.0,True,0.3128514877253389,0.27837635382644976,28,7.0,4.0,4.0,7.0,5.0,-0.1111111111111111,0.0,0.7704081632653061,0.8888888888888888,3,8,22,1.0,1.0,1.0,1.0,1.0,0.0,0.0,1.0,1.0,1.0,1.0,1.0,1.0,0.5714285714285714,global_gap_early_commit,False,7,7,,primary,global_gap_early_commit,1.0,1.0,1.0,8.0,4.562116262502968,True,tie_pass,False,False,False,False,False,False,7,7,,primary,global_gap_early_commit,1.0,1.0,1.0,8.0,4.8332434222102165,True,tie_pass,False,False,False,False,False,False,7,7,,primary,global_gap_early_commit,1.0,1.0,1.0,8.0,6.816907447762787,True,tie_pass,False,False,False,False,False
SingleLineInfilling/HumanEval/99/L11,4,<=8,False,True,True,True,False,0,8,8.0,13.0,1.1151825745880517,0.6287467051659353,0.5638060704079727,0.5390625,8.0,8.0,0.98046875,0.96484375,0.5,5.0,True,0.48643586942211636,0.4361939295920273,28,8.0,4.0,4.0,8.0,6.0,-0.14814814814814814,-0.3333333333333333,0.7767857142857143,0.8518518518518519,2,8,27,0.984375,0.9921875,0.984375,0.9921875,0.9921875,0.00028935185185185184,0.0,0.9765625,0.96875,0.9765625,0.98828125,0.98046875,0.98828125,0.5,global_gap_early_commit,False,8,8,,primary,global_gap_early_commit,0.98828125,0.98828125,0.9921875,8.0,4.343275325372815,True,tie_pass,False,False,False,False,False,False,8,8,,primary,global_gap_early_commit,0.98828125,0.98828125,0.9921875,8.0,4.5935752391815186,True,tie_pass,False,False,False,False,False,False,8,8,,primary,global_gap_early_commit,0.98828125,0.98828125,0.9921875,8.0,6.498751463368535,True,tie_pass,False,False,False,False,False
SingleLineInfilling/HumanEval/99/L12,7,<=8,False,True,True,True,False,3,7,7.0,14.0,1.1238436146785018,0.965628715412957,0.8592198263182682,0.82421875,7.0,7.0,1.0,1.0,0.5714285714285714,7.0,True,0.15821489926554477,0.1407801736817318,28,7.0,4.0,4.0,7.0,5.0,-0.1111111111111111,0.0,0.7704081632653061,0.8888888888888888,3,8,22,1.0,1.0,1.0,1.0,1.0,0.0,0.0,1.0,1.0,1.0,1.0,1.0,1.0,0.5714285714285714,global_gap_early_commit,False,7,7,,primary,global_gap_early_commit,1.0,1.0,1.0,8.0,4.792787639424205,True,tie_pass,False,False,False,False,False,False,7,7,,primary,global_gap_early_commit,1.0,1.0,1.0,8.0,5.058202554471791,True,tie_pass,False,False,False,False,False,False,7,7,,primary,global_gap_early_commit,1.0,1.0,1.0,8.0,5.507844363339245,True,tie_pass,False,False,False,False,False
SingleLineInfilling/HumanEval/99/L13,10,9-12,False,False,True,True,False,0,5,5.0,24.0,1.0841734698788308,0.7137558100686685,0.6583409665507118,0.5992063492063492,5.0,5.0,0.84765625,0.703125,0.6,19.0,True,0.3704176598101623,0.34165903344928816,28,5.0,3.0,3.0,5.0,4.0,-0.07407407407407407,0.0,0.7785714285714286,0.9259259259259259,3,12,19,0.984375,0.91015625,0.91015625,0.984375,0.98046875,-0.0027488425925925927,0.0,0.703125,0.703125,0.9609375,0.84765625,0.84765625,0.9765625,0.6,global_gap_early_commit,False,5,5,,primary,global_gap_early_commit,0.84765625,0.9765625,0.984375,12.0,4.535672042518854,True,tie_pass,False,False,False,False,False,False,5,5,,primary,global_gap_early_commit,0.84765625,0.9765625,0.984375,12.0,4.786346509121358,True,tie_pass,False,False,False,False,False,False,5,5,,primary,global_gap_early_commit,0.84765625,0.9765625,0.984375,12.0,4.68292018212378,True,tie_pass,False,False,False,False,False
SingleLineInfilling/HumanEval/99/L14,8,<=8,False,True,True,True,False,2,7,5.0,24.0,1.1013825725753201,0.6759409327140371,0.6137203815868546,0.55859375,5.0,7.0,0.8671875,0.75,0.5714285714285714,17.0,True,0.425441639861283,0.3862796184131454,28,7.0,4.0,4.0,7.0,5.0,-0.1111111111111111,0.0,0.7704081632653061,0.8888888888888888,3,8,22,0.9375,0.92578125,0.92578125,0.9375,0.9296875,-0.00043402777777777775,0.0,0.75,0.75,0.841796875,0.8671875,0.8671875,0.91015625,0.5714285714285714,global_gap_early_commit,False,7,7,,primary,global_gap_early_commit,0.8671875,0.91015625,0.9375,8.0,4.399850249290466,True,tie_pass,False,False,False,False,False,False,7,7,,primary,global_gap_early_commit,0.8671875,0.91015625,0.9375,8.0,4.627965171821415,True,tie_pass,False,False,False,False,False,False,7,7,,primary,global_gap_early_commit,0.8671875,0.91015625,0.9375,8.0,4.449177565984428,True,tie_pass,False,False,False,False,False
SingleLineInfilling/HumanEval/99/L15,4,<=8,False,True,True,True,False,1,4,4.0,20.0,1.086734862526058,0.6639114807838501,0.610923145725373,0.5546875,4.0,4.0,1.0,1.0,0.5,16.0,True,0.4228233817422079,0.389076854274627,28,4.0,2.0,2.0,4.0,3.0,-0.07407407407407407,0.0,0.7767857142857143,0.9259259259259259,3,14,23,1.0,1.0,1.0,1.0,1.0,0.0,0.0,1.0,1.0,1.0,1.0,1.0,1.0,0.5,global_gap_early_commit,False,4,4,,primary,global_gap_early_commit,1.0,1.0,1.0,14.0,4.803764553740621,True,tie_pass,False,False,False,False,False,False,4,4,,primary,global_gap_early_commit,1.0,1.0,1.0,14.0,5.093229399062693,True,tie_pass,False,False,False,False,False,False,4,4,,primary,global_gap_early_commit,1.0,1.0,1.0,14.0,5.5441157622262836,True,tie_pass,False,False,False,False,False
SingleLineInfilling/HumanEval/99/L16,6,<=8,False,True,True,True,False,3,7,7.0,24.0,1.0009232193230406,0.5459522918074915,0.5454487230066839,0.506578947368421,7.0,7.0,0.83203125,0.7421875,0.5714285714285714,17.0,True,0.45497092751554913,0.4545512769933161,28,7.0,4.0,4.0,7.0,5.0,-0.1111111111111111,0.0,0.7704081632653061,0.8888888888888888,3,8,22,0.890625,0.90625,0.890625,0.90625,0.896484375,0.0005787037037037037,0.0,0.7421875,0.7421875,0.80078125,0.83203125,0.83203125,0.869140625,0.5714285714285714,global_gap_early_commit,False,7,7,,primary,global_gap_early_commit,0.83203125,0.869140625,0.90625,8.0,4.406669174320996,True,tie_pass,False,False,False,False,False,False,7,7,,primary,global_gap_early_commit,0.83203125,0.869140625,0.90625,8.0,4.493254174478352,True,tie_pass,False,False,False,False,False,False,7,7,,primary,global_gap_early_commit,0.83203125,0.869140625,0.90625,8.0,6.60908879339695,True,tie_pass,False,False,False,False,False
SingleLineInfilling/HumanEval/99/L18,4,<=8,False,True,True,True,False,0,3,3.0,14.0,1.068137777449498,0.4439146227253878,0.4155967817048548,0.37890625,3.0,3.0,1.0,1.0,0.3333333333333333,11.0,True,0.6242231547241102,0.5844032182951452,33,3.0,1.0,1.0,3.0,2.0,-0.0625,-0.3333333333333333,0.7575757575757576,0.9375,2,21,32,1.0,1.0,1.0,1.0,1.0,0.0,0.0,1.0,1.0,1.0,1.0,1.0,1.0,0.3333333333333333,global_gap_early_commit,False,3,3,,primary,global_gap_early_commit,1.0,1.0,1.0,21.0,5.187594224698842,True,tie_pass,False,False,False,False,False,False,3,3,,primary,global_gap_early_commit,1.0,1.0,1.0,21.0,5.19434470590204,True,tie_pass,False,False,False,False,False,False,3,3,,primary,global_gap_early_commit,1.0,1.0,1.0,21.0,7.804140376858413,True,tie_pass,False,False,False,False,False
SingleLineInfilling/HumanEval/99/L2,11,9-12,False,False,False,False,False,1,5,5.0,16.0,1.0712666428564637,0.4151927325338192,0.38757179204864856,0.3614457831325301,5.0,5.0,0.953125,0.91796875,0.6,11.0,True,0.6560739103226445,0.6124282079513514,28,5.0,3.0,3.0,5.0,4.0,-0.07407407407407407,0.0,0.7785714285714286,0.9259259259259259,3,12,19,0.97265625,0.97265625,0.9609375,0.97265625,0.97265625,0.0,0.0,0.91796875,0.9140625,0.91796875,0.953125,0.953125,0.953125,0.6,global_gap_early_commit,False,5,5,,primary,global_gap_early_commit,0.953125,0.953125,0.97265625,12.0,4.454088534228504,False,tie_fail,False,False,False,False,False,False,5,5,,primary,global_gap_early_commit,0.953125,0.953125,0.97265625,12.0,4.4522499069571495,False,tie_fail,False,False,False,False,False,False,5,5,,primary,global_gap_early_commit,0.953125,0.953125,0.97265625,12.0,4.767340207472444,False,tie_fail,False,False,False,False,False
SingleLineInfilling/HumanEval/99/L3,6,<=8,False,True,True,True,False,2,3,3.0,24.0,0.8511722914050687,0.8508347404792075,0.9996034282021752,0.8823529411764706,3.0,3.0,0.609375,0.47265625,0.3333333333333333,21.0,True,0.0003375509258611853,0.00039657179782481844,33,3.0,1.0,1.0,3.0,2.0,-0.0625,-0.3333333333333333,0.7575757575757576,0.9375,2,21,32,0.796875,0.8046875,0.796875,0.8046875,0.8046875,0.000244140625,0.0,0.625,0.625,0.625,0.703125,0.703125,0.703125,0.3333333333333333,global_gap_early_commit,False,3,3,,primary,global_gap_early_commit,0.703125,0.703125,0.8046875,21.0,5.0230232290923595,True,tie_pass,False,False,False,False,False,False,3,3,,primary,global_gap_early_commit,0.703125,0.703125,0.8046875,21.0,5.052509262226522,True,tie_pass,False,False,False,False,False,False,3,3,,primary,global_gap_early_commit,0.703125,0.703125,0.8046875,21.0,5.387285462580621,True,tie_pass,False,False,False,False,False
SingleLineInfilling/HumanEval/99/L4,12,9-12,False,False,True,True,False,1,11,11.0,20.0,1.0870778289859326,0.7153412433797821,0.6580405048340279,0.6348547717842323,11.0,11.0,0.8671875,0.73828125,0.36363636363636365,9.0,True,0.3717365856061505,0.3419594951659721,40,11.0,4.0,4.0,11.0,7.5,-0.1794871794871795,-0.3333333333333333,0.6795454545454546,0.8205128205128205,2,5,37,0.94140625,0.94921875,0.921875,0.94921875,0.94140625,0.00020032051282051281,0.0,0.73828125,0.73828125,0.8203125,0.8671875,0.8671875,0.90625,0.36363636363636365,global_gap_early_commit,False,11,11,,primary,global_gap_early_commit,0.8671875,0.90625,0.94921875,5.0,5.493132749572396,True,tie_pass,False,False,False,False,False,False,11,11,,primary,global_gap_early_commit,0.8671875,0.90625,0.94921875,5.0,5.504722694866359,True,tie_pass,False,False,False,False,False,False,11,11,,primary,global_gap_early_commit,0.8671875,0.90625,0.94921875,5.0,5.891297720372677,True,tie_pass,False,False,False,False,False
SingleLineInfilling/HumanEval/99/L5,8,<=8,False,True,True,True,False,2,8,8.0,14.0,1.1151825745880517,0.6361250779260712,0.5704223617025721,0.549407114624506,8.0,8.0,0.9921875,0.9921875,0.5,6.0,True,0.4790574966619805,0.4295776382974279,28,8.0,4.0,4.0,8.0,6.0,-0.14814814814814814,-0.3333333333333333,0.7767857142857143,0.8518518518518519,2,8,27,0.984375,0.99609375,0.984375,0.99609375,0.99609375,0.00043402777777777775,0.0,0.9921875,0.9765625,0.98828125,0.99609375,0.984375,0.9921875,0.5,global_gap_early_commit,False,8,8,,primary,global_gap_early_commit,0.99609375,0.9921875,0.99609375,8.0,4.316571799106896,True,tie_pass,False,False,False,False,False,False,8,8,,primary,global_gap_early_commit,0.99609375,0.9921875,0.99609375,8.0,4.349917110055685,True,tie_pass,False,False,False,False,False,False,8,8,,primary,global_gap_early_commit,0.99609375,0.9921875,0.99609375,8.0,4.607504685409367,True,tie_pass,False,False,False,False,False
SingleLineInfilling/HumanEval/99/L7,7,<=8,False,True,True,True,False,0,8,8.0,14.0,1.1196079022649883,0.6635837143833117,0.592692953524952,0.5686274509803921,8.0,8.0,0.9921875,0.984375,0.5,6.0,True,0.45602418788167665,0.407307046475048,28,8.0,4.0,4.0,8.0,6.0,-0.14814814814814814,-0.3333333333333333,0.7767857142857143,0.8518518518518519,2,8,27,0.98828125,0.9921875,0.98828125,0.99609375,0.9921875,0.00014467592592592592,0.0,0.98828125,0.98046875,0.98828125,0.9921875,0.98828125,0.9921875,0.5,global_gap_early_commit,False,8,8,,primary,global_gap_early_commit,0.9921875,0.9921875,0.99609375,8.0,4.33333804178983,True,tie_pass,False,False,False,False,False,False,8,8,,primary,global_gap_early_commit,0.9921875,0.9921875,0.99609375,8.0,4.342991163954139,True,tie_pass,False,False,False,False,False,False,8,8,,primary,global_gap_early_commit,0.9921875,0.9921875,0.99609375,8.0,4.6480087684467435,True,tie_pass,False,False,False,False,False
SingleLineInfilling/HumanEval/99/L8,11,9-12,False,False,False,False,False,1,12,12.0,13.0,1.0927679575673754,0.5239555876382794,0.47947561420510865,0.46,12.0,12.0,0.86328125,0.73828125,0.3333333333333333,1.0,True,0.568812369929096,0.5205243857948914,40,12.0,4.0,4.0,12.0,8.0,-0.20512820512820512,-0.3333333333333333,0.6791666666666667,0.7948717948717948,2,5,39,0.94140625,0.95703125,0.94140625,0.96484375,0.955078125,0.00040064102564102563,0.0,0.80859375,0.80859375,0.8671875,0.8984375,0.8984375,0.9296875,0.3333333333333333,global_gap_early_commit,False,12,12,,primary,global_gap_early_commit,0.8984375,0.9296875,0.96484375,5.0,5.576037920080125,False,tie_fail,False,False,False,False,False,False,12,12,,primary,global_gap_early_commit,0.8984375,0.9296875,0.96484375,5.0,5.597975912503898,False,tie_fail,False,False,False,False,False,False,12,12,,primary,global_gap_early_commit,0.8984375,0.9296875,0.96484375,5.0,5.6426481530070305,False,tie_fail,False,False,False,False,False
SingleLineInfilling/HumanEval/99/L9,8,<=8,False,True,True,True,False,3,8,5.0,13.0,1.088475745552953,0.521677519865939,0.47927344453681264,0.4525691699604743,5.0,8.0,0.875,0.80078125,0.5,5.0,True,0.566798225687014,0.5207265554631874,28,8.0,4.0,4.0,8.0,6.0,-0.14814814814814814,-0.3333333333333333,0.7767857142857143,0.8518518518518519,2,8,27,0.93359375,0.9296875,0.9296875,0.93359375,0.9296875,-0.00014467592592592592,0.0,0.8203125,0.8203125,0.8515625,0.890625,0.890625,0.90625,0.5,global_gap_early_commit,False,8,8,,primary,global_gap_early_commit,0.890625,0.90625,0.93359375,8.0,4.328323667868972,True,tie_pass,False,False,False,False,False,False,8,8,,primary,global_gap_early_commit,0.890625,0.90625,0.93359375,8.0,4.541750458069146,True,tie_pass,False,False,False,False,False,False,8,8,,primary,global_gap_early_commit,0.890625,0.90625,0.93359375,8.0,5.302503225393593,True,tie_pass,False,False,False,False,False
