manifest_index,task_id,task_group,prompt_id,oracle_length,length_bucket,frozen_controller_test_row,frozen_controller_test_exclusion_flag,source_dataset,model
0,SingleLineInfilling/HumanEval/0/L0,HumanEval/0,L0,9,9-12,False,included_not_frozen_controller_test,HumanEval-SingleLineInfilling,Dream-org/Dream-Coder-v0-Base-7B
1,SingleLineInfilling/HumanEval/0/L1,HumanEval/0,L1,11,9-12,False,included_not_frozen_controller_test,HumanEval-SingleLineInfilling,Dream-org/Dream-Coder-v0-Base-7B
2,SingleLineInfilling/HumanEval/0/L2,HumanEval/0,L2,7,<=8,False,included_not_frozen_controller_test,HumanEval-SingleLineInfilling,Dream-org/Dream-Coder-v0-Base-7B
3,SingleLineInfilling/HumanEval/0/L3,HumanEval/0,L3,9,9-12,False,included_not_frozen_controller_test,HumanEval-SingleLineInfilling,Dream-org/Dream-Coder-v0-Base-7B
4,SingleLineInfilling/HumanEval/0/L4,HumanEval/0,L4,6,<=8,False,included_not_frozen_controller_test,HumanEval-SingleLineInfilling,Dream-org/Dream-Coder-v0-Base-7B
5,SingleLineInfilling/HumanEval/0/L5,HumanEval/0,L5,4,<=8,False,included_not_frozen_controller_test,HumanEval-SingleLineInfilling,Dream-org/Dream-Coder-v0-Base-7B
6,SingleLineInfilling/HumanEval/0/L7,HumanEval/0,L7,4,<=8,False,included_not_frozen_controller_test,HumanEval-SingleLineInfilling,Dream-org/Dream-Coder-v0-Base-7B
7,SingleLineInfilling/HumanEval/1/L0,HumanEval/1,L0,4,<=8,False,included_not_frozen_controller_test,HumanEval-SingleLineInfilling,Dream-org/Dream-Coder-v0-Base-7B
8,SingleLineInfilling/HumanEval/1/L1,HumanEval/1,L1,5,<=8,False,included_not_frozen_controller_test,HumanEval-SingleLineInfilling,Dream-org/Dream-Coder-v0-Base-7B
9,SingleLineInfilling/HumanEval/1/L2,HumanEval/1,L2,7,<=8,False,included_not_frozen_controller_test,HumanEval-SingleLineInfilling,Dream-org/Dream-Coder-v0-Base-7B
10,SingleLineInfilling/HumanEval/1/L4,HumanEval/1,L4,7,<=8,False,included_not_frozen_controller_test,HumanEval-SingleLineInfilling,Dream-org/Dream-Coder-v0-Base-7B
11,SingleLineInfilling/HumanEval/1/L5,HumanEval/1,L5,6,<=8,False,included_not_frozen_controller_test,HumanEval-SingleLineInfilling,Dream-org/Dream-Coder-v0-Base-7B
12,SingleLineInfilling/HumanEval/1/L6,HumanEval/1,L6,7,<=8,False,included_not_frozen_controller_test,HumanEval-SingleLineInfilling,Dream-org/Dream-Coder-v0-Base-7B
13,SingleLineInfilling/HumanEval/1/L7,HumanEval/1,L7,6,<=8,False,included_not_frozen_controller_test,HumanEval-SingleLineInfilling,Dream-org/Dream-Coder-v0-Base-7B
14,SingleLineInfilling/HumanEval/1/L8,HumanEval/1,L8,6,<=8,False,included_not_frozen_controller_test,HumanEval-SingleLineInfilling,Dream-org/Dream-Coder-v0-Base-7B
15,SingleLineInfilling/HumanEval/1/L9,HumanEval/1,L9,7,<=8,False,included_not_frozen_controller_test,HumanEval-SingleLineInfilling,Dream-org/Dream-Coder-v0-Base-7B
16,SingleLineInfilling/HumanEval/1/L10,HumanEval/1,L10,6,<=8,False,included_not_frozen_controller_test,HumanEval-SingleLineInfilling,Dream-org/Dream-Coder-v0-Base-7B
17,SingleLineInfilling/HumanEval/1/L12,HumanEval/1,L12,8,<=8,False,included_not_frozen_controller_test,HumanEval-SingleLineInfilling,Dream-org/Dream-Coder-v0-Base-7B
18,SingleLineInfilling/HumanEval/1/L13,HumanEval/1,L13,9,9-12,False,included_not_frozen_controller_test,HumanEval-SingleLineInfilling,Dream-org/Dream-Coder-v0-Base-7B
19,SingleLineInfilling/HumanEval/1/L14,HumanEval/1,L14,5,<=8,False,included_not_frozen_controller_test,HumanEval-SingleLineInfilling,Dream-org/Dream-Coder-v0-Base-7B
20,SingleLineInfilling/HumanEval/1/L16,HumanEval/1,L16,4,<=8,False,included_not_frozen_controller_test,HumanEval-SingleLineInfilling,Dream-org/Dream-Coder-v0-Base-7B
21,SingleLineInfilling/HumanEval/2/L0,HumanEval/2,L0,9,9-12,False,included_not_frozen_controller_test,HumanEval-SingleLineInfilling,Dream-org/Dream-Coder-v0-Base-7B
22,SingleLineInfilling/HumanEval/3/L0,HumanEval/3,L0,6,<=8,False,included_not_frozen_controller_test,HumanEval-SingleLineInfilling,Dream-org/Dream-Coder-v0-Base-7B
23,SingleLineInfilling/HumanEval/3/L2,HumanEval/3,L2,6,<=8,False,included_not_frozen_controller_test,HumanEval-SingleLineInfilling,Dream-org/Dream-Coder-v0-Base-7B
24,SingleLineInfilling/HumanEval/3/L3,HumanEval/3,L3,5,<=8,False,included_not_frozen_controller_test,HumanEval-SingleLineInfilling,Dream-org/Dream-Coder-v0-Base-7B
25,SingleLineInfilling/HumanEval/3/L4,HumanEval/3,L4,7,<=8,False,included_not_frozen_controller_test,HumanEval-SingleLineInfilling,Dream-org/Dream-Coder-v0-Base-7B
26,SingleLineInfilling/HumanEval/3/L5,HumanEval/3,L5,4,<=8,False,included_not_frozen_controller_test,HumanEval-SingleLineInfilling,Dream-org/Dream-Coder-v0-Base-7B
27,SingleLineInfilling/HumanEval/3/L7,HumanEval/3,L7,4,<=8,False,included_not_frozen_controller_test,HumanEval-SingleLineInfilling,Dream-org/Dream-Coder-v0-Base-7B
28,SingleLineInfilling/HumanEval/4/L0,HumanEval/4,L0,10,9-12,False,included_not_frozen_controller_test,HumanEval-SingleLineInfilling,Dream-org/Dream-Coder-v0-Base-7B
29,SingleLineInfilling/HumanEval/4/L1,HumanEval/4,L1,17,17-24,False,included_not_frozen_controller_test,HumanEval-SingleLineInfilling,Dream-org/Dream-Coder-v0-Base-7B
30,SingleLineInfilling/HumanEval/5/L0,HumanEval/5,L0,5,<=8,False,included_not_frozen_controller_test,HumanEval-SingleLineInfilling,Dream-org/Dream-Coder-v0-Base-7B
31,SingleLineInfilling/HumanEval/5/L1,HumanEval/5,L1,3,<=8,False,included_not_frozen_controller_test,HumanEval-SingleLineInfilling,Dream-org/Dream-Coder-v0-Base-7B
32,SingleLineInfilling/HumanEval/5/L3,HumanEval/5,L3,4,<=8,False,included_not_frozen_controller_test,HumanEval-SingleLineInfilling,Dream-org/Dream-Coder-v0-Base-7B
33,SingleLineInfilling/HumanEval/5/L5,HumanEval/5,L5,8,<=8,False,included_not_frozen_controller_test,HumanEval-SingleLineInfilling,Dream-org/Dream-Coder-v0-Base-7B
34,SingleLineInfilling/HumanEval/5/L6,HumanEval/5,L6,5,<=8,False,included_not_frozen_controller_test,HumanEval-SingleLineInfilling,Dream-org/Dream-Coder-v0-Base-7B
35,SingleLineInfilling/HumanEval/5/L7,HumanEval/5,L7,6,<=8,False,included_not_frozen_controller_test,HumanEval-SingleLineInfilling,Dream-org/Dream-Coder-v0-Base-7B
36,SingleLineInfilling/HumanEval/5/L9,HumanEval/5,L9,7,<=8,False,included_not_frozen_controller_test,HumanEval-SingleLineInfilling,Dream-org/Dream-Coder-v0-Base-7B
37,SingleLineInfilling/HumanEval/5/L11,HumanEval/5,L11,4,<=8,False,included_not_frozen_controller_test,HumanEval-SingleLineInfilling,Dream-org/Dream-Coder-v0-Base-7B
38,SingleLineInfilling/HumanEval/6/L0,HumanEval/6,L0,8,<=8,False,included_not_frozen_controller_test,HumanEval-SingleLineInfilling,Dream-org/Dream-Coder-v0-Base-7B
39,SingleLineInfilling/HumanEval/6/L1,HumanEval/6,L1,6,<=8,False,included_not_frozen_controller_test,HumanEval-SingleLineInfilling,Dream-org/Dream-Coder-v0-Base-7B
40,SingleLineInfilling/HumanEval/6/L2,HumanEval/6,L2,7,<=8,False,included_not_frozen_controller_test,HumanEval-SingleLineInfilling,Dream-org/Dream-Coder-v0-Base-7B
41,SingleLineInfilling/HumanEval/6/L3,HumanEval/6,L3,6,<=8,False,included_not_frozen_controller_test,HumanEval-SingleLineInfilling,Dream-org/Dream-Coder-v0-Base-7B
42,SingleLineInfilling/HumanEval/6/L4,HumanEval/6,L4,6,<=8,False,included_not_frozen_controller_test,HumanEval-SingleLineInfilling,Dream-org/Dream-Coder-v0-Base-7B
43,SingleLineInfilling/HumanEval/6/L5,HumanEval/6,L5,6,<=8,False,included_not_frozen_controller_test,HumanEval-SingleLineInfilling,Dream-org/Dream-Coder-v0-Base-7B
44,SingleLineInfilling/HumanEval/6/L6,HumanEval/6,L6,10,9-12,False,included_not_frozen_controller_test,HumanEval-SingleLineInfilling,Dream-org/Dream-Coder-v0-Base-7B
45,SingleLineInfilling/HumanEval/6/L7,HumanEval/6,L7,3,<=8,False,included_not_frozen_controller_test,HumanEval-SingleLineInfilling,Dream-org/Dream-Coder-v0-Base-7B
46,SingleLineInfilling/HumanEval/6/L8,HumanEval/6,L8,6,<=8,False,included_not_frozen_controller_test,HumanEval-SingleLineInfilling,Dream-org/Dream-Coder-v0-Base-7B
47,SingleLineInfilling/HumanEval/6/L10,HumanEval/6,L10,5,<=8,False,included_not_frozen_controller_test,HumanEval-SingleLineInfilling,Dream-org/Dream-Coder-v0-Base-7B
48,SingleLineInfilling/HumanEval/6/L12,HumanEval/6,L12,20,17-24,False,included_not_frozen_controller_test,HumanEval-SingleLineInfilling,Dream-org/Dream-Coder-v0-Base-7B
49,SingleLineInfilling/HumanEval/7/L0,HumanEval/7,L0,13,13-16,False,included_not_frozen_controller_test,HumanEval-SingleLineInfilling,Dream-org/Dream-Coder-v0-Base-7B
50,SingleLineInfilling/HumanEval/8/L0,HumanEval/8,L0,7,<=8,False,included_not_frozen_controller_test,HumanEval-SingleLineInfilling,Dream-org/Dream-Coder-v0-Base-7B
51,SingleLineInfilling/HumanEval/8/L1,HumanEval/8,L1,7,<=8,False,included_not_frozen_controller_test,HumanEval-SingleLineInfilling,Dream-org/Dream-Coder-v0-Base-7B
52,SingleLineInfilling/HumanEval/8/L3,HumanEval/8,L3,6,<=8,False,included_not_frozen_controller_test,HumanEval-SingleLineInfilling,Dream-org/Dream-Coder-v0-Base-7B
53,SingleLineInfilling/HumanEval/8/L4,HumanEval/8,L4,6,<=8,False,included_not_frozen_controller_test,HumanEval-SingleLineInfilling,Dream-org/Dream-Coder-v0-Base-7B
54,SingleLineInfilling/HumanEval/8/L5,HumanEval/8,L5,6,<=8,False,included_not_frozen_controller_test,HumanEval-SingleLineInfilling,Dream-org/Dream-Coder-v0-Base-7B
55,SingleLineInfilling/HumanEval/8/L6,HumanEval/8,L6,8,<=8,False,included_not_frozen_controller_test,HumanEval-SingleLineInfilling,Dream-org/Dream-Coder-v0-Base-7B
56,SingleLineInfilling/HumanEval/9/L0,HumanEval/9,L0,6,<=8,False,included_not_frozen_controller_test,HumanEval-SingleLineInfilling,Dream-org/Dream-Coder-v0-Base-7B
57,SingleLineInfilling/HumanEval/9/L1,HumanEval/9,L1,4,<=8,False,included_not_frozen_controller_test,HumanEval-SingleLineInfilling,Dream-org/Dream-Coder-v0-Base-7B
58,SingleLineInfilling/HumanEval/9/L3,HumanEval/9,L3,6,<=8,False,included_not_frozen_controller_test,HumanEval-SingleLineInfilling,Dream-org/Dream-Coder-v0-Base-7B
59,SingleLineInfilling/HumanEval/9/L4,HumanEval/9,L4,7,<=8,False,included_not_frozen_controller_test,HumanEval-SingleLineInfilling,Dream-org/Dream-Coder-v0-Base-7B
60,SingleLineInfilling/HumanEval/9/L5,HumanEval/9,L5,6,<=8,False,included_not_frozen_controller_test,HumanEval-SingleLineInfilling,Dream-org/Dream-Coder-v0-Base-7B
61,SingleLineInfilling/HumanEval/9/L6,HumanEval/9,L6,3,<=8,False,included_not_frozen_controller_test,HumanEval-SingleLineInfilling,Dream-org/Dream-Coder-v0-Base-7B
62,SingleLineInfilling/HumanEval/9/L7,HumanEval/9,L7,11,9-12,False,included_not_frozen_controller_test,HumanEval-SingleLineInfilling,Dream-org/Dream-Coder-v0-Base-7B
63,SingleLineInfilling/HumanEval/9/L9,HumanEval/9,L9,7,<=8,False,included_not_frozen_controller_test,HumanEval-SingleLineInfilling,Dream-org/Dream-Coder-v0-Base-7B
64,SingleLineInfilling/HumanEval/9/L11,HumanEval/9,L11,4,<=8,False,included_not_frozen_controller_test,HumanEval-SingleLineInfilling,Dream-org/Dream-Coder-v0-Base-7B
65,SingleLineInfilling/HumanEval/10/L0,HumanEval/10,L0,5,<=8,False,included_not_frozen_controller_test,HumanEval-SingleLineInfilling,Dream-org/Dream-Coder-v0-Base-7B
66,SingleLineInfilling/HumanEval/10/L1,HumanEval/10,L1,3,<=8,False,included_not_frozen_controller_test,HumanEval-SingleLineInfilling,Dream-org/Dream-Coder-v0-Base-7B
67,SingleLineInfilling/HumanEval/10/L3,HumanEval/10,L3,8,<=8,False,included_not_frozen_controller_test,HumanEval-SingleLineInfilling,Dream-org/Dream-Coder-v0-Base-7B
68,SingleLineInfilling/HumanEval/10/L5,HumanEval/10,L5,14,13-16,False,included_not_frozen_controller_test,HumanEval-SingleLineInfilling,Dream-org/Dream-Coder-v0-Base-7B
69,SingleLineInfilling/HumanEval/10/L6,HumanEval/10,L6,8,<=8,False,included_not_frozen_controller_test,HumanEval-SingleLineInfilling,Dream-org/Dream-Coder-v0-Base-7B
70,SingleLineInfilling/HumanEval/10/L8,HumanEval/10,L8,14,13-16,False,included_not_frozen_controller_test,HumanEval-SingleLineInfilling,Dream-org/Dream-Coder-v0-Base-7B
71,SingleLineInfilling/HumanEval/11/L0,HumanEval/11,L0,7,<=8,False,included_not_frozen_controller_test,HumanEval-SingleLineInfilling,Dream-org/Dream-Coder-v0-Base-7B
72,SingleLineInfilling/HumanEval/11/L1,HumanEval/11,L1,6,<=8,False,included_not_frozen_controller_test,HumanEval-SingleLineInfilling,Dream-org/Dream-Coder-v0-Base-7B
73,SingleLineInfilling/HumanEval/11/L2,HumanEval/11,L2,5,<=8,False,included_not_frozen_controller_test,HumanEval-SingleLineInfilling,Dream-org/Dream-Coder-v0-Base-7B
74,SingleLineInfilling/HumanEval/11/L3,HumanEval/11,L3,3,<=8,False,included_not_frozen_controller_test,HumanEval-SingleLineInfilling,Dream-org/Dream-Coder-v0-Base-7B
75,SingleLineInfilling/HumanEval/11/L4,HumanEval/11,L4,5,<=8,False,included_not_frozen_controller_test,HumanEval-SingleLineInfilling,Dream-org/Dream-Coder-v0-Base-7B
76,SingleLineInfilling/HumanEval/11/L6,HumanEval/11,L6,20,17-24,False,included_not_frozen_controller_test,HumanEval-SingleLineInfilling,Dream-org/Dream-Coder-v0-Base-7B
77,SingleLineInfilling/HumanEval/12/L0,HumanEval/12,L0,5,<=8,False,included_not_frozen_controller_test,HumanEval-SingleLineInfilling,Dream-org/Dream-Coder-v0-Base-7B
78,SingleLineInfilling/HumanEval/12/L1,HumanEval/12,L1,4,<=8,False,included_not_frozen_controller_test,HumanEval-SingleLineInfilling,Dream-org/Dream-Coder-v0-Base-7B
79,SingleLineInfilling/HumanEval/12/L3,HumanEval/12,L3,12,9-12,False,included_not_frozen_controller_test,HumanEval-SingleLineInfilling,Dream-org/Dream-Coder-v0-Base-7B
80,SingleLineInfilling/HumanEval/12/L4,HumanEval/12,L4,6,<=8,False,included_not_frozen_controller_test,HumanEval-SingleLineInfilling,Dream-org/Dream-Coder-v0-Base-7B
81,SingleLineInfilling/HumanEval/12/L5,HumanEval/12,L5,8,<=8,False,included_not_frozen_controller_test,HumanEval-SingleLineInfilling,Dream-org/Dream-Coder-v0-Base-7B
82,SingleLineInfilling/HumanEval/12/L6,HumanEval/12,L6,4,<=8,False,included_not_frozen_controller_test,HumanEval-SingleLineInfilling,Dream-org/Dream-Coder-v0-Base-7B
83,SingleLineInfilling/HumanEval/13/L0,HumanEval/13,L0,4,<=8,False,included_not_frozen_controller_test,HumanEval-SingleLineInfilling,Dream-org/Dream-Coder-v0-Base-7B
84,SingleLineInfilling/HumanEval/13/L1,HumanEval/13,L1,11,9-12,False,included_not_frozen_controller_test,HumanEval-SingleLineInfilling,Dream-org/Dream-Coder-v0-Base-7B
85,SingleLineInfilling/HumanEval/13/L2,HumanEval/13,L2,4,<=8,False,included_not_frozen_controller_test,HumanEval-SingleLineInfilling,Dream-org/Dream-Coder-v0-Base-7B
86,SingleLineInfilling/HumanEval/14/L0,HumanEval/14,L0,4,<=8,False,included_not_frozen_controller_test,HumanEval-SingleLineInfilling,Dream-org/Dream-Coder-v0-Base-7B
87,SingleLineInfilling/HumanEval/14/L2,HumanEval/14,L2,8,<=8,False,included_not_frozen_controller_test,HumanEval-SingleLineInfilling,Dream-org/Dream-Coder-v0-Base-7B
88,SingleLineInfilling/HumanEval/14/L3,HumanEval/14,L3,9,9-12,False,included_not_frozen_controller_test,HumanEval-SingleLineInfilling,Dream-org/Dream-Coder-v0-Base-7B
89,SingleLineInfilling/HumanEval/14/L4,HumanEval/14,L4,4,<=8,False,included_not_frozen_controller_test,HumanEval-SingleLineInfilling,Dream-org/Dream-Coder-v0-Base-7B
90,SingleLineInfilling/HumanEval/15/L0,HumanEval/15,L0,18,17-24,False,included_not_frozen_controller_test,HumanEval-SingleLineInfilling,Dream-org/Dream-Coder-v0-Base-7B
91,SingleLineInfilling/HumanEval/16/L0,HumanEval/16,L0,7,<=8,False,included_not_frozen_controller_test,HumanEval-SingleLineInfilling,Dream-org/Dream-Coder-v0-Base-7B
92,SingleLineInfilling/HumanEval/17/L0,HumanEval/17,L0,23,17-24,False,included_not_frozen_controller_test,HumanEval-SingleLineInfilling,Dream-org/Dream-Coder-v0-Base-7B
93,SingleLineInfilling/HumanEval/17/L1,HumanEval/17,L1,18,17-24,False,included_not_frozen_controller_test,HumanEval-SingleLineInfilling,Dream-org/Dream-Coder-v0-Base-7B
94,SingleLineInfilling/HumanEval/18/L0,HumanEval/18,L0,6,<=8,False,included_not_frozen_controller_test,HumanEval-SingleLineInfilling,Dream-org/Dream-Coder-v0-Base-7B
95,SingleLineInfilling/HumanEval/18/L2,HumanEval/18,L2,17,17-24,False,included_not_frozen_controller_test,HumanEval-SingleLineInfilling,Dream-org/Dream-Coder-v0-Base-7B
96,SingleLineInfilling/HumanEval/18/L3,HumanEval/18,L3,12,9-12,False,included_not_frozen_controller_test,HumanEval-SingleLineInfilling,Dream-org/Dream-Coder-v0-Base-7B
97,SingleLineInfilling/HumanEval/18/L4,HumanEval/18,L4,6,<=8,False,included_not_frozen_controller_test,HumanEval-SingleLineInfilling,Dream-org/Dream-Coder-v0-Base-7B
98,SingleLineInfilling/HumanEval/18/L6,HumanEval/18,L6,4,<=8,False,included_not_frozen_controller_test,HumanEval-SingleLineInfilling,Dream-org/Dream-Coder-v0-Base-7B
99,SingleLineInfilling/HumanEval/19/L0,HumanEval/19,L0,5,<=8,False,included_not_frozen_controller_test,HumanEval-SingleLineInfilling,Dream-org/Dream-Coder-v0-Base-7B
100,SingleLineInfilling/HumanEval/19/L1,HumanEval/19,L1,7,<=8,False,included_not_frozen_controller_test,HumanEval-SingleLineInfilling,Dream-org/Dream-Coder-v0-Base-7B
101,SingleLineInfilling/HumanEval/19/L2,HumanEval/19,L2,7,<=8,False,included_not_frozen_controller_test,HumanEval-SingleLineInfilling,Dream-org/Dream-Coder-v0-Base-7B
102,SingleLineInfilling/HumanEval/19/L3,HumanEval/19,L3,7,<=8,False,included_not_frozen_controller_test,HumanEval-SingleLineInfilling,Dream-org/Dream-Coder-v0-Base-7B
103,SingleLineInfilling/HumanEval/19/L4,HumanEval/19,L4,7,<=8,False,included_not_frozen_controller_test,HumanEval-SingleLineInfilling,Dream-org/Dream-Coder-v0-Base-7B
104,SingleLineInfilling/HumanEval/19/L5,HumanEval/19,L5,7,<=8,False,included_not_frozen_controller_test,HumanEval-SingleLineInfilling,Dream-org/Dream-Coder-v0-Base-7B
105,SingleLineInfilling/HumanEval/19/L6,HumanEval/19,L6,7,<=8,False,included_not_frozen_controller_test,HumanEval-SingleLineInfilling,Dream-org/Dream-Coder-v0-Base-7B
106,SingleLineInfilling/HumanEval/19/L7,HumanEval/19,L7,7,<=8,False,included_not_frozen_controller_test,HumanEval-SingleLineInfilling,Dream-org/Dream-Coder-v0-Base-7B
107,SingleLineInfilling/HumanEval/19/L8,HumanEval/19,L8,7,<=8,False,included_not_frozen_controller_test,HumanEval-SingleLineInfilling,Dream-org/Dream-Coder-v0-Base-7B
108,SingleLineInfilling/HumanEval/19/L9,HumanEval/19,L9,7,<=8,False,included_not_frozen_controller_test,HumanEval-SingleLineInfilling,Dream-org/Dream-Coder-v0-Base-7B
109,SingleLineInfilling/HumanEval/19/L10,HumanEval/19,L10,7,<=8,False,included_not_frozen_controller_test,HumanEval-SingleLineInfilling,Dream-org/Dream-Coder-v0-Base-7B
110,SingleLineInfilling/HumanEval/19/L11,HumanEval/19,L11,2,<=8,False,included_not_frozen_controller_test,HumanEval-SingleLineInfilling,Dream-org/Dream-Coder-v0-Base-7B
111,SingleLineInfilling/HumanEval/19/L12,HumanEval/19,L12,26,25+,False,included_not_frozen_controller_test,HumanEval-SingleLineInfilling,Dream-org/Dream-Coder-v0-Base-7B
112,SingleLineInfilling/HumanEval/20/L0,HumanEval/20,L0,6,<=8,False,included_not_frozen_controller_test,HumanEval-SingleLineInfilling,Dream-org/Dream-Coder-v0-Base-7B
113,SingleLineInfilling/HumanEval/20/L1,HumanEval/20,L1,5,<=8,False,included_not_frozen_controller_test,HumanEval-SingleLineInfilling,Dream-org/Dream-Coder-v0-Base-7B
114,SingleLineInfilling/HumanEval/20/L3,HumanEval/20,L3,9,9-12,False,included_not_frozen_controller_test,HumanEval-SingleLineInfilling,Dream-org/Dream-Coder-v0-Base-7B
115,SingleLineInfilling/HumanEval/20/L4,HumanEval/20,L4,11,9-12,False,included_not_frozen_controller_test,HumanEval-SingleLineInfilling,Dream-org/Dream-Coder-v0-Base-7B
116,SingleLineInfilling/HumanEval/20/L5,HumanEval/20,L5,7,<=8,False,included_not_frozen_controller_test,HumanEval-SingleLineInfilling,Dream-org/Dream-Coder-v0-Base-7B
117,SingleLineInfilling/HumanEval/20/L6,HumanEval/20,L6,6,<=8,False,included_not_frozen_controller_test,HumanEval-SingleLineInfilling,Dream-org/Dream-Coder-v0-Base-7B
118,SingleLineInfilling/HumanEval/20/L7,HumanEval/20,L7,9,9-12,False,included_not_frozen_controller_test,HumanEval-SingleLineInfilling,Dream-org/Dream-Coder-v0-Base-7B
119,SingleLineInfilling/HumanEval/20/L8,HumanEval/20,L8,12,9-12,False,included_not_frozen_controller_test,HumanEval-SingleLineInfilling,Dream-org/Dream-Coder-v0-Base-7B
120,SingleLineInfilling/HumanEval/20/L9,HumanEval/20,L9,3,<=8,False,included_not_frozen_controller_test,HumanEval-SingleLineInfilling,Dream-org/Dream-Coder-v0-Base-7B
121,SingleLineInfilling/HumanEval/20/L10,HumanEval/20,L10,10,9-12,False,included_not_frozen_controller_test,HumanEval-SingleLineInfilling,Dream-org/Dream-Coder-v0-Base-7B
122,SingleLineInfilling/HumanEval/20/L11,HumanEval/20,L11,7,<=8,False,included_not_frozen_controller_test,HumanEval-SingleLineInfilling,Dream-org/Dream-Coder-v0-Base-7B
123,SingleLineInfilling/HumanEval/20/L12,HumanEval/20,L12,6,<=8,False,included_not_frozen_controller_test,HumanEval-SingleLineInfilling,Dream-org/Dream-Coder-v0-Base-7B
124,SingleLineInfilling/HumanEval/20/L13,HumanEval/20,L13,12,9-12,False,included_not_frozen_controller_test,HumanEval-SingleLineInfilling,Dream-org/Dream-Coder-v0-Base-7B
125,SingleLineInfilling/HumanEval/20/L15,HumanEval/20,L15,5,<=8,False,included_not_frozen_controller_test,HumanEval-SingleLineInfilling,Dream-org/Dream-Coder-v0-Base-7B
126,SingleLineInfilling/HumanEval/21/L0,HumanEval/21,L0,7,<=8,False,included_not_frozen_controller_test,HumanEval-SingleLineInfilling,Dream-org/Dream-Coder-v0-Base-7B
127,SingleLineInfilling/HumanEval/21/L1,HumanEval/21,L1,7,<=8,False,included_not_frozen_controller_test,HumanEval-SingleLineInfilling,Dream-org/Dream-Coder-v0-Base-7B
128,SingleLineInfilling/HumanEval/21/L2,HumanEval/21,L2,21,17-24,False,included_not_frozen_controller_test,HumanEval-SingleLineInfilling,Dream-org/Dream-Coder-v0-Base-7B
129,SingleLineInfilling/HumanEval/22/L0,HumanEval/22,L0,14,13-16,False,included_not_frozen_controller_test,HumanEval-SingleLineInfilling,Dream-org/Dream-Coder-v0-Base-7B
130,SingleLineInfilling/HumanEval/23/L0,HumanEval/23,L0,5,<=8,False,included_not_frozen_controller_test,HumanEval-SingleLineInfilling,Dream-org/Dream-Coder-v0-Base-7B
131,SingleLineInfilling/HumanEval/24/L0,HumanEval/24,L0,8,<=8,False,included_not_frozen_controller_test,HumanEval-SingleLineInfilling,Dream-org/Dream-Coder-v0-Base-7B
132,SingleLineInfilling/HumanEval/24/L1,HumanEval/24,L1,9,9-12,False,included_not_frozen_controller_test,HumanEval-SingleLineInfilling,Dream-org/Dream-Coder-v0-Base-7B
133,SingleLineInfilling/HumanEval/24/L2,HumanEval/24,L2,4,<=8,False,included_not_frozen_controller_test,HumanEval-SingleLineInfilling,Dream-org/Dream-Coder-v0-Base-7B
134,SingleLineInfilling/HumanEval/25/L0,HumanEval/25,L0,4,<=8,False,included_not_frozen_controller_test,HumanEval-SingleLineInfilling,Dream-org/Dream-Coder-v0-Base-7B
135,SingleLineInfilling/HumanEval/25/L1,HumanEval/25,L1,4,<=8,False,included_not_frozen_controller_test,HumanEval-SingleLineInfilling,Dream-org/Dream-Coder-v0-Base-7B
136,SingleLineInfilling/HumanEval/25/L2,HumanEval/25,L2,6,<=8,False,included_not_frozen_controller_test,HumanEval-SingleLineInfilling,Dream-org/Dream-Coder-v0-Base-7B
137,SingleLineInfilling/HumanEval/25/L3,HumanEval/25,L3,13,13-16,False,included_not_frozen_controller_test,HumanEval-SingleLineInfilling,Dream-org/Dream-Coder-v0-Base-7B
138,SingleLineInfilling/HumanEval/25/L4,HumanEval/25,L4,9,9-12,False,included_not_frozen_controller_test,HumanEval-SingleLineInfilling,Dream-org/Dream-Coder-v0-Base-7B
139,SingleLineInfilling/HumanEval/25/L5,HumanEval/25,L5,5,<=8,False,included_not_frozen_controller_test,HumanEval-SingleLineInfilling,Dream-org/Dream-Coder-v0-Base-7B
140,SingleLineInfilling/HumanEval/25/L6,HumanEval/25,L6,5,<=8,False,included_not_frozen_controller_test,HumanEval-SingleLineInfilling,Dream-org/Dream-Coder-v0-Base-7B
141,SingleLineInfilling/HumanEval/25/L7,HumanEval/25,L7,3,<=8,False,included_not_frozen_controller_test,HumanEval-SingleLineInfilling,Dream-org/Dream-Coder-v0-Base-7B
142,SingleLineInfilling/HumanEval/25/L8,HumanEval/25,L8,6,<=8,False,included_not_frozen_controller_test,HumanEval-SingleLineInfilling,Dream-org/Dream-Coder-v0-Base-7B
143,SingleLineInfilling/HumanEval/25/L10,HumanEval/25,L10,7,<=8,False,included_not_frozen_controller_test,HumanEval-SingleLineInfilling,Dream-org/Dream-Coder-v0-Base-7B
144,SingleLineInfilling/HumanEval/25/L11,HumanEval/25,L11,5,<=8,False,included_not_frozen_controller_test,HumanEval-SingleLineInfilling,Dream-org/Dream-Coder-v0-Base-7B
145,SingleLineInfilling/HumanEval/25/L12,HumanEval/25,L12,4,<=8,False,included_not_frozen_controller_test,HumanEval-SingleLineInfilling,Dream-org/Dream-Coder-v0-Base-7B
146,SingleLineInfilling/HumanEval/26/L0,HumanEval/26,L0,4,<=8,False,included_not_frozen_controller_test,HumanEval-SingleLineInfilling,Dream-org/Dream-Coder-v0-Base-7B
147,SingleLineInfilling/HumanEval/26/L1,HumanEval/26,L1,7,<=8,False,included_not_frozen_controller_test,HumanEval-SingleLineInfilling,Dream-org/Dream-Coder-v0-Base-7B
148,SingleLineInfilling/HumanEval/26/L2,HumanEval/26,L2,16,13-16,False,included_not_frozen_controller_test,HumanEval-SingleLineInfilling,Dream-org/Dream-Coder-v0-Base-7B
149,SingleLineInfilling/HumanEval/28/L0,HumanEval/28,L0,6,<=8,False,included_not_frozen_controller_test,HumanEval-SingleLineInfilling,Dream-org/Dream-Coder-v0-Base-7B
150,SingleLineInfilling/HumanEval/29/L0,HumanEval/29,L0,13,13-16,False,included_not_frozen_controller_test,HumanEval-SingleLineInfilling,Dream-org/Dream-Coder-v0-Base-7B
151,SingleLineInfilling/HumanEval/30/L0,HumanEval/30,L0,14,13-16,False,included_not_frozen_controller_test,HumanEval-SingleLineInfilling,Dream-org/Dream-Coder-v0-Base-7B
152,SingleLineInfilling/HumanEval/32/L0,HumanEval/32,L0,11,9-12,False,included_not_frozen_controller_test,HumanEval-SingleLineInfilling,Dream-org/Dream-Coder-v0-Base-7B
153,SingleLineInfilling/HumanEval/32/L1,HumanEval/32,L1,17,17-24,False,included_not_frozen_controller_test,HumanEval-SingleLineInfilling,Dream-org/Dream-Coder-v0-Base-7B
154,SingleLineInfilling/HumanEval/32/L2,HumanEval/32,L2,8,<=8,False,included_not_frozen_controller_test,HumanEval-SingleLineInfilling,Dream-org/Dream-Coder-v0-Base-7B
155,SingleLineInfilling/HumanEval/32/L3,HumanEval/32,L3,8,<=8,False,included_not_frozen_controller_test,HumanEval-SingleLineInfilling,Dream-org/Dream-Coder-v0-Base-7B
156,SingleLineInfilling/HumanEval/32/L4,HumanEval/32,L4,13,13-16,False,included_not_frozen_controller_test,HumanEval-SingleLineInfilling,Dream-org/Dream-Coder-v0-Base-7B
157,SingleLineInfilling/HumanEval/32/L5,HumanEval/32,L5,14,13-16,False,included_not_frozen_controller_test,HumanEval-SingleLineInfilling,Dream-org/Dream-Coder-v0-Base-7B
158,SingleLineInfilling/HumanEval/32/L6,HumanEval/32,L6,17,17-24,False,included_not_frozen_controller_test,HumanEval-SingleLineInfilling,Dream-org/Dream-Coder-v0-Base-7B
159,SingleLineInfilling/HumanEval/32/L7,HumanEval/32,L7,5,<=8,False,included_not_frozen_controller_test,HumanEval-SingleLineInfilling,Dream-org/Dream-Coder-v0-Base-7B
160,SingleLineInfilling/HumanEval/32/L8,HumanEval/32,L8,3,<=8,False,included_not_frozen_controller_test,HumanEval-SingleLineInfilling,Dream-org/Dream-Coder-v0-Base-7B
161,SingleLineInfilling/HumanEval/32/L9,HumanEval/32,L9,5,<=8,False,included_not_frozen_controller_test,HumanEval-SingleLineInfilling,Dream-org/Dream-Coder-v0-Base-7B
162,SingleLineInfilling/HumanEval/32/L10,HumanEval/32,L10,4,<=8,False,included_not_frozen_controller_test,HumanEval-SingleLineInfilling,Dream-org/Dream-Coder-v0-Base-7B
163,SingleLineInfilling/HumanEval/33/L0,HumanEval/33,L0,6,<=8,False,included_not_frozen_controller_test,HumanEval-SingleLineInfilling,Dream-org/Dream-Coder-v0-Base-7B
164,SingleLineInfilling/HumanEval/33/L1,HumanEval/33,L1,13,13-16,False,included_not_frozen_controller_test,HumanEval-SingleLineInfilling,Dream-org/Dream-Coder-v0-Base-7B
165,SingleLineInfilling/HumanEval/33/L2,HumanEval/33,L2,4,<=8,False,included_not_frozen_controller_test,HumanEval-SingleLineInfilling,Dream-org/Dream-Coder-v0-Base-7B
166,SingleLineInfilling/HumanEval/34/L0,HumanEval/34,L0,7,<=8,False,included_not_frozen_controller_test,HumanEval-SingleLineInfilling,Dream-org/Dream-Coder-v0-Base-7B
167,SingleLineInfilling/HumanEval/36/L0,HumanEval/36,L0,4,<=8,False,included_not_frozen_controller_test,HumanEval-SingleLineInfilling,Dream-org/Dream-Coder-v0-Base-7B
168,SingleLineInfilling/HumanEval/36/L1,HumanEval/36,L1,7,<=8,False,included_not_frozen_controller_test,HumanEval-SingleLineInfilling,Dream-org/Dream-Coder-v0-Base-7B
169,SingleLineInfilling/HumanEval/36/L2,HumanEval/36,L2,20,17-24,False,included_not_frozen_controller_test,HumanEval-SingleLineInfilling,Dream-org/Dream-Coder-v0-Base-7B
170,SingleLineInfilling/HumanEval/36/L3,HumanEval/36,L3,5,<=8,False,included_not_frozen_controller_test,HumanEval-SingleLineInfilling,Dream-org/Dream-Coder-v0-Base-7B
171,SingleLineInfilling/HumanEval/36/L4,HumanEval/36,L4,11,9-12,False,included_not_frozen_controller_test,HumanEval-SingleLineInfilling,Dream-org/Dream-Coder-v0-Base-7B
172,SingleLineInfilling/HumanEval/36/L5,HumanEval/36,L5,6,<=8,False,included_not_frozen_controller_test,HumanEval-SingleLineInfilling,Dream-org/Dream-Coder-v0-Base-7B
173,SingleLineInfilling/HumanEval/36/L6,HumanEval/36,L6,6,<=8,False,included_not_frozen_controller_test,HumanEval-SingleLineInfilling,Dream-org/Dream-Coder-v0-Base-7B
174,SingleLineInfilling/HumanEval/36/L7,HumanEval/36,L7,9,9-12,False,included_not_frozen_controller_test,HumanEval-SingleLineInfilling,Dream-org/Dream-Coder-v0-Base-7B
175,SingleLineInfilling/HumanEval/36/L8,HumanEval/36,L8,4,<=8,False,included_not_frozen_controller_test,HumanEval-SingleLineInfilling,Dream-org/Dream-Coder-v0-Base-7B
176,SingleLineInfilling/HumanEval/37/L0,HumanEval/37,L0,9,9-12,False,included_not_frozen_controller_test,HumanEval-SingleLineInfilling,Dream-org/Dream-Coder-v0-Base-7B
177,SingleLineInfilling/HumanEval/37/L1,HumanEval/37,L1,9,9-12,False,included_not_frozen_controller_test,HumanEval-SingleLineInfilling,Dream-org/Dream-Coder-v0-Base-7B
178,SingleLineInfilling/HumanEval/37/L2,HumanEval/37,L2,5,<=8,False,included_not_frozen_controller_test,HumanEval-SingleLineInfilling,Dream-org/Dream-Coder-v0-Base-7B
179,SingleLineInfilling/HumanEval/37/L3,HumanEval/37,L3,4,<=8,False,included_not_frozen_controller_test,HumanEval-SingleLineInfilling,Dream-org/Dream-Coder-v0-Base-7B
180,SingleLineInfilling/HumanEval/37/L4,HumanEval/37,L4,12,9-12,False,included_not_frozen_controller_test,HumanEval-SingleLineInfilling,Dream-org/Dream-Coder-v0-Base-7B
181,SingleLineInfilling/HumanEval/37/L5,HumanEval/37,L5,8,<=8,False,included_not_frozen_controller_test,HumanEval-SingleLineInfilling,Dream-org/Dream-Coder-v0-Base-7B
182,SingleLineInfilling/HumanEval/37/L6,HumanEval/37,L6,11,9-12,False,included_not_frozen_controller_test,HumanEval-SingleLineInfilling,Dream-org/Dream-Coder-v0-Base-7B
183,SingleLineInfilling/HumanEval/37/L7,HumanEval/37,L7,8,<=8,False,included_not_frozen_controller_test,HumanEval-SingleLineInfilling,Dream-org/Dream-Coder-v0-Base-7B
184,SingleLineInfilling/HumanEval/37/L8,HumanEval/37,L8,4,<=8,False,included_not_frozen_controller_test,HumanEval-SingleLineInfilling,Dream-org/Dream-Coder-v0-Base-7B
185,SingleLineInfilling/HumanEval/38/L0,HumanEval/38,L0,11,9-12,False,included_not_frozen_controller_test,HumanEval-SingleLineInfilling,Dream-org/Dream-Coder-v0-Base-7B
186,SingleLineInfilling/HumanEval/39/L0,HumanEval/39,L0,4,<=8,False,included_not_frozen_controller_test,HumanEval-SingleLineInfilling,Dream-org/Dream-Coder-v0-Base-7B
187,SingleLineInfilling/HumanEval/39/L2,HumanEval/39,L2,6,<=8,False,included_not_frozen_controller_test,HumanEval-SingleLineInfilling,Dream-org/Dream-Coder-v0-Base-7B
188,SingleLineInfilling/HumanEval/39/L3,HumanEval/39,L3,7,<=8,False,included_not_frozen_controller_test,HumanEval-SingleLineInfilling,Dream-org/Dream-Coder-v0-Base-7B
189,SingleLineInfilling/HumanEval/39/L4,HumanEval/39,L4,4,<=8,False,included_not_frozen_controller_test,HumanEval-SingleLineInfilling,Dream-org/Dream-Coder-v0-Base-7B
190,SingleLineInfilling/HumanEval/39/L5,HumanEval/39,L5,23,17-24,False,included_not_frozen_controller_test,HumanEval-SingleLineInfilling,Dream-org/Dream-Coder-v0-Base-7B
191,SingleLineInfilling/HumanEval/39/L6,HumanEval/39,L6,9,9-12,False,included_not_frozen_controller_test,HumanEval-SingleLineInfilling,Dream-org/Dream-Coder-v0-Base-7B
192,SingleLineInfilling/HumanEval/39/L7,HumanEval/39,L7,4,<=8,False,included_not_frozen_controller_test,HumanEval-SingleLineInfilling,Dream-org/Dream-Coder-v0-Base-7B
193,SingleLineInfilling/HumanEval/39/L8,HumanEval/39,L8,4,<=8,False,included_not_frozen_controller_test,HumanEval-SingleLineInfilling,Dream-org/Dream-Coder-v0-Base-7B
194,SingleLineInfilling/HumanEval/39/L9,HumanEval/39,L9,9,9-12,False,included_not_frozen_controller_test,HumanEval-SingleLineInfilling,Dream-org/Dream-Coder-v0-Base-7B
195,SingleLineInfilling/HumanEval/39/L10,HumanEval/39,L10,4,<=8,False,included_not_frozen_controller_test,HumanEval-SingleLineInfilling,Dream-org/Dream-Coder-v0-Base-7B
196,SingleLineInfilling/HumanEval/39/L11,HumanEval/39,L11,12,9-12,False,included_not_frozen_controller_test,HumanEval-SingleLineInfilling,Dream-org/Dream-Coder-v0-Base-7B
197,SingleLineInfilling/HumanEval/39/L12,HumanEval/39,L12,8,<=8,False,included_not_frozen_controller_test,HumanEval-SingleLineInfilling,Dream-org/Dream-Coder-v0-Base-7B
198,SingleLineInfilling/HumanEval/39/L13,HumanEval/39,L13,6,<=8,False,included_not_frozen_controller_test,HumanEval-SingleLineInfilling,Dream-org/Dream-Coder-v0-Base-7B
199,SingleLineInfilling/HumanEval/39/L14,HumanEval/39,L14,7,<=8,False,included_not_frozen_controller_test,HumanEval-SingleLineInfilling,Dream-org/Dream-Coder-v0-Base-7B
200,SingleLineInfilling/HumanEval/39/L15,HumanEval/39,L15,6,<=8,False,included_not_frozen_controller_test,HumanEval-SingleLineInfilling,Dream-org/Dream-Coder-v0-Base-7B
201,SingleLineInfilling/HumanEval/40/L0,HumanEval/40,L0,8,<=8,False,included_not_frozen_controller_test,HumanEval-SingleLineInfilling,Dream-org/Dream-Coder-v0-Base-7B
202,SingleLineInfilling/HumanEval/40/L1,HumanEval/40,L1,13,13-16,False,included_not_frozen_controller_test,HumanEval-SingleLineInfilling,Dream-org/Dream-Coder-v0-Base-7B
203,SingleLineInfilling/HumanEval/40/L2,HumanEval/40,L2,13,13-16,False,included_not_frozen_controller_test,HumanEval-SingleLineInfilling,Dream-org/Dream-Coder-v0-Base-7B
204,SingleLineInfilling/HumanEval/40/L3,HumanEval/40,L3,17,17-24,False,included_not_frozen_controller_test,HumanEval-SingleLineInfilling,Dream-org/Dream-Coder-v0-Base-7B
205,SingleLineInfilling/HumanEval/40/L4,HumanEval/40,L4,4,<=8,False,included_not_frozen_controller_test,HumanEval-SingleLineInfilling,Dream-org/Dream-Coder-v0-Base-7B
206,SingleLineInfilling/HumanEval/40/L5,HumanEval/40,L5,4,<=8,False,included_not_frozen_controller_test,HumanEval-SingleLineInfilling,Dream-org/Dream-Coder-v0-Base-7B
207,SingleLineInfilling/HumanEval/41/L0,HumanEval/41,L0,6,<=8,False,included_not_frozen_controller_test,HumanEval-SingleLineInfilling,Dream-org/Dream-Coder-v0-Base-7B
208,SingleLineInfilling/HumanEval/42/L0,HumanEval/42,L0,13,13-16,False,included_not_frozen_controller_test,HumanEval-SingleLineInfilling,Dream-org/Dream-Coder-v0-Base-7B
209,SingleLineInfilling/HumanEval/43/L0,HumanEval/43,L0,10,9-12,False,included_not_frozen_controller_test,HumanEval-SingleLineInfilling,Dream-org/Dream-Coder-v0-Base-7B
210,SingleLineInfilling/HumanEval/43/L1,HumanEval/43,L1,13,13-16,False,included_not_frozen_controller_test,HumanEval-SingleLineInfilling,Dream-org/Dream-Coder-v0-Base-7B
211,SingleLineInfilling/HumanEval/43/L2,HumanEval/43,L2,12,9-12,False,included_not_frozen_controller_test,HumanEval-SingleLineInfilling,Dream-org/Dream-Coder-v0-Base-7B
212,SingleLineInfilling/HumanEval/43/L3,HumanEval/43,L3,4,<=8,False,included_not_frozen_controller_test,HumanEval-SingleLineInfilling,Dream-org/Dream-Coder-v0-Base-7B
213,SingleLineInfilling/HumanEval/43/L4,HumanEval/43,L4,4,<=8,False,included_not_frozen_controller_test,HumanEval-SingleLineInfilling,Dream-org/Dream-Coder-v0-Base-7B
214,SingleLineInfilling/HumanEval/44/L0,HumanEval/44,L0,4,<=8,False,included_not_frozen_controller_test,HumanEval-SingleLineInfilling,Dream-org/Dream-Coder-v0-Base-7B
215,SingleLineInfilling/HumanEval/44/L1,HumanEval/44,L1,7,<=8,False,included_not_frozen_controller_test,HumanEval-SingleLineInfilling,Dream-org/Dream-Coder-v0-Base-7B
216,SingleLineInfilling/HumanEval/44/L2,HumanEval/44,L2,11,9-12,False,included_not_frozen_controller_test,HumanEval-SingleLineInfilling,Dream-org/Dream-Coder-v0-Base-7B
217,SingleLineInfilling/HumanEval/44/L3,HumanEval/44,L3,5,<=8,False,included_not_frozen_controller_test,HumanEval-SingleLineInfilling,Dream-org/Dream-Coder-v0-Base-7B
218,SingleLineInfilling/HumanEval/44/L4,HumanEval/44,L4,4,<=8,False,included_not_frozen_controller_test,HumanEval-SingleLineInfilling,Dream-org/Dream-Coder-v0-Base-7B
219,SingleLineInfilling/HumanEval/45/L0,HumanEval/45,L0,11,9-12,False,included_not_frozen_controller_test,HumanEval-SingleLineInfilling,Dream-org/Dream-Coder-v0-Base-7B
220,SingleLineInfilling/HumanEval/46/L0,HumanEval/46,L0,15,13-16,False,included_not_frozen_controller_test,HumanEval-SingleLineInfilling,Dream-org/Dream-Coder-v0-Base-7B
221,SingleLineInfilling/HumanEval/46/L1,HumanEval/46,L1,7,<=8,False,included_not_frozen_controller_test,HumanEval-SingleLineInfilling,Dream-org/Dream-Coder-v0-Base-7B
222,SingleLineInfilling/HumanEval/46/L2,HumanEval/46,L2,5,<=8,False,included_not_frozen_controller_test,HumanEval-SingleLineInfilling,Dream-org/Dream-Coder-v0-Base-7B
223,SingleLineInfilling/HumanEval/46/L4,HumanEval/46,L4,13,13-16,False,included_not_frozen_controller_test,HumanEval-SingleLineInfilling,Dream-org/Dream-Coder-v0-Base-7B
224,SingleLineInfilling/HumanEval/46/L5,HumanEval/46,L5,22,17-24,False,included_not_frozen_controller_test,HumanEval-SingleLineInfilling,Dream-org/Dream-Coder-v0-Base-7B
225,SingleLineInfilling/HumanEval/46/L6,HumanEval/46,L6,6,<=8,False,included_not_frozen_controller_test,HumanEval-SingleLineInfilling,Dream-org/Dream-Coder-v0-Base-7B
226,SingleLineInfilling/HumanEval/46/L8,HumanEval/46,L8,6,<=8,False,included_not_frozen_controller_test,HumanEval-SingleLineInfilling,Dream-org/Dream-Coder-v0-Base-7B
227,SingleLineInfilling/HumanEval/47/L0,HumanEval/47,L0,6,<=8,False,included_not_frozen_controller_test,HumanEval-SingleLineInfilling,Dream-org/Dream-Coder-v0-Base-7B
228,SingleLineInfilling/HumanEval/47/L1,HumanEval/47,L1,12,9-12,False,included_not_frozen_controller_test,HumanEval-SingleLineInfilling,Dream-org/Dream-Coder-v0-Base-7B
229,SingleLineInfilling/HumanEval/47/L2,HumanEval/47,L2,10,9-12,False,included_not_frozen_controller_test,HumanEval-SingleLineInfilling,Dream-org/Dream-Coder-v0-Base-7B
230,SingleLineInfilling/HumanEval/47/L3,HumanEval/47,L3,3,<=8,False,included_not_frozen_controller_test,HumanEval-SingleLineInfilling,Dream-org/Dream-Coder-v0-Base-7B
231,SingleLineInfilling/HumanEval/47/L4,HumanEval/47,L4,29,25+,False,included_not_frozen_controller_test,HumanEval-SingleLineInfilling,Dream-org/Dream-Coder-v0-Base-7B
232,SingleLineInfilling/HumanEval/48/L0,HumanEval/48,L0,8,<=8,False,included_not_frozen_controller_test,HumanEval-SingleLineInfilling,Dream-org/Dream-Coder-v0-Base-7B
233,SingleLineInfilling/HumanEval/48/L1,HumanEval/48,L1,16,13-16,False,included_not_frozen_controller_test,HumanEval-SingleLineInfilling,Dream-org/Dream-Coder-v0-Base-7B
234,SingleLineInfilling/HumanEval/48/L2,HumanEval/48,L2,4,<=8,False,included_not_frozen_controller_test,HumanEval-SingleLineInfilling,Dream-org/Dream-Coder-v0-Base-7B
235,SingleLineInfilling/HumanEval/48/L3,HumanEval/48,L3,4,<=8,False,included_not_frozen_controller_test,HumanEval-SingleLineInfilling,Dream-org/Dream-Coder-v0-Base-7B
236,SingleLineInfilling/HumanEval/49/L0,HumanEval/49,L0,6,<=8,False,included_not_frozen_controller_test,HumanEval-SingleLineInfilling,Dream-org/Dream-Coder-v0-Base-7B
237,SingleLineInfilling/HumanEval/49/L1,HumanEval/49,L1,7,<=8,False,included_not_frozen_controller_test,HumanEval-SingleLineInfilling,Dream-org/Dream-Coder-v0-Base-7B
238,SingleLineInfilling/HumanEval/49/L2,HumanEval/49,L2,11,9-12,False,included_not_frozen_controller_test,HumanEval-SingleLineInfilling,Dream-org/Dream-Coder-v0-Base-7B
239,SingleLineInfilling/HumanEval/49/L3,HumanEval/49,L3,4,<=8,False,included_not_frozen_controller_test,HumanEval-SingleLineInfilling,Dream-org/Dream-Coder-v0-Base-7B
240,SingleLineInfilling/HumanEval/51/L0,HumanEval/51,L0,32,25+,False,included_not_frozen_controller_test,HumanEval-SingleLineInfilling,Dream-org/Dream-Coder-v0-Base-7B
241,SingleLineInfilling/HumanEval/52/L0,HumanEval/52,L0,6,<=8,False,included_not_frozen_controller_test,HumanEval-SingleLineInfilling,Dream-org/Dream-Coder-v0-Base-7B
242,SingleLineInfilling/HumanEval/52/L1,HumanEval/52,L1,6,<=8,False,included_not_frozen_controller_test,HumanEval-SingleLineInfilling,Dream-org/Dream-Coder-v0-Base-7B
243,SingleLineInfilling/HumanEval/52/L2,HumanEval/52,L2,4,<=8,False,included_not_frozen_controller_test,HumanEval-SingleLineInfilling,Dream-org/Dream-Coder-v0-Base-7B
244,SingleLineInfilling/HumanEval/52/L3,HumanEval/52,L3,4,<=8,False,included_not_frozen_controller_test,HumanEval-SingleLineInfilling,Dream-org/Dream-Coder-v0-Base-7B
245,SingleLineInfilling/HumanEval/53/L0,HumanEval/53,L0,6,<=8,False,included_not_frozen_controller_test,HumanEval-SingleLineInfilling,Dream-org/Dream-Coder-v0-Base-7B
246,SingleLineInfilling/HumanEval/54/L0,HumanEval/54,L0,11,9-12,False,included_not_frozen_controller_test,HumanEval-SingleLineInfilling,Dream-org/Dream-Coder-v0-Base-7B
247,SingleLineInfilling/HumanEval/55/L0,HumanEval/55,L0,7,<=8,False,included_not_frozen_controller_test,HumanEval-SingleLineInfilling,Dream-org/Dream-Coder-v0-Base-7B
248,SingleLineInfilling/HumanEval/55/L1,HumanEval/55,L1,5,<=8,False,included_not_frozen_controller_test,HumanEval-SingleLineInfilling,Dream-org/Dream-Coder-v0-Base-7B
249,SingleLineInfilling/HumanEval/55/L2,HumanEval/55,L2,7,<=8,False,included_not_frozen_controller_test,HumanEval-SingleLineInfilling,Dream-org/Dream-Coder-v0-Base-7B
250,SingleLineInfilling/HumanEval/55/L3,HumanEval/55,L3,5,<=8,False,included_not_frozen_controller_test,HumanEval-SingleLineInfilling,Dream-org/Dream-Coder-v0-Base-7B
251,SingleLineInfilling/HumanEval/55/L4,HumanEval/55,L4,15,13-16,False,included_not_frozen_controller_test,HumanEval-SingleLineInfilling,Dream-org/Dream-Coder-v0-Base-7B
252,SingleLineInfilling/HumanEval/56/L0,HumanEval/56,L0,6,<=8,False,included_not_frozen_controller_test,HumanEval-SingleLineInfilling,Dream-org/Dream-Coder-v0-Base-7B
253,SingleLineInfilling/HumanEval/56/L1,HumanEval/56,L1,6,<=8,False,included_not_frozen_controller_test,HumanEval-SingleLineInfilling,Dream-org/Dream-Coder-v0-Base-7B
254,SingleLineInfilling/HumanEval/56/L2,HumanEval/56,L2,6,<=8,False,included_not_frozen_controller_test,HumanEval-SingleLineInfilling,Dream-org/Dream-Coder-v0-Base-7B
255,SingleLineInfilling/HumanEval/56/L3,HumanEval/56,L3,6,<=8,False,included_not_frozen_controller_test,HumanEval-SingleLineInfilling,Dream-org/Dream-Coder-v0-Base-7B
256,SingleLineInfilling/HumanEval/56/L4,HumanEval/56,L4,3,<=8,False,included_not_frozen_controller_test,HumanEval-SingleLineInfilling,Dream-org/Dream-Coder-v0-Base-7B
257,SingleLineInfilling/HumanEval/56/L5,HumanEval/56,L5,6,<=8,False,included_not_frozen_controller_test,HumanEval-SingleLineInfilling,Dream-org/Dream-Coder-v0-Base-7B
258,SingleLineInfilling/HumanEval/56/L6,HumanEval/56,L6,7,<=8,False,included_not_frozen_controller_test,HumanEval-SingleLineInfilling,Dream-org/Dream-Coder-v0-Base-7B
259,SingleLineInfilling/HumanEval/56/L7,HumanEval/56,L7,4,<=8,False,included_not_frozen_controller_test,HumanEval-SingleLineInfilling,Dream-org/Dream-Coder-v0-Base-7B
260,SingleLineInfilling/HumanEval/56/L8,HumanEval/56,L8,7,<=8,False,included_not_frozen_controller_test,HumanEval-SingleLineInfilling,Dream-org/Dream-Coder-v0-Base-7B
261,SingleLineInfilling/HumanEval/57/L0,HumanEval/57,L0,16,13-16,False,included_not_frozen_controller_test,HumanEval-SingleLineInfilling,Dream-org/Dream-Coder-v0-Base-7B
262,SingleLineInfilling/HumanEval/57/L1,HumanEval/57,L1,4,<=8,False,included_not_frozen_controller_test,HumanEval-SingleLineInfilling,Dream-org/Dream-Coder-v0-Base-7B
263,SingleLineInfilling/HumanEval/57/L2,HumanEval/57,L2,4,<=8,False,included_not_frozen_controller_test,HumanEval-SingleLineInfilling,Dream-org/Dream-Coder-v0-Base-7B
264,SingleLineInfilling/HumanEval/58/L0,HumanEval/58,L0,5,<=8,False,included_not_frozen_controller_test,HumanEval-SingleLineInfilling,Dream-org/Dream-Coder-v0-Base-7B
265,SingleLineInfilling/HumanEval/58/L1,HumanEval/58,L1,8,<=8,False,included_not_frozen_controller_test,HumanEval-SingleLineInfilling,Dream-org/Dream-Coder-v0-Base-7B
266,SingleLineInfilling/HumanEval/58/L2,HumanEval/58,L2,8,<=8,False,included_not_frozen_controller_test,HumanEval-SingleLineInfilling,Dream-org/Dream-Coder-v0-Base-7B
267,SingleLineInfilling/HumanEval/58/L3,HumanEval/58,L3,8,<=8,False,included_not_frozen_controller_test,HumanEval-SingleLineInfilling,Dream-org/Dream-Coder-v0-Base-7B
268,SingleLineInfilling/HumanEval/58/L4,HumanEval/58,L4,6,<=8,False,included_not_frozen_controller_test,HumanEval-SingleLineInfilling,Dream-org/Dream-Coder-v0-Base-7B
269,SingleLineInfilling/HumanEval/58/L5,HumanEval/58,L5,6,<=8,False,included_not_frozen_controller_test,HumanEval-SingleLineInfilling,Dream-org/Dream-Coder-v0-Base-7B
270,SingleLineInfilling/HumanEval/59/L0,HumanEval/59,L0,6,<=8,False,included_not_frozen_controller_test,HumanEval-SingleLineInfilling,Dream-org/Dream-Coder-v0-Base-7B
271,SingleLineInfilling/HumanEval/59/L1,HumanEval/59,L1,7,<=8,False,included_not_frozen_controller_test,HumanEval-SingleLineInfilling,Dream-org/Dream-Coder-v0-Base-7B
272,SingleLineInfilling/HumanEval/59/L2,HumanEval/59,L2,4,<=8,False,included_not_frozen_controller_test,HumanEval-SingleLineInfilling,Dream-org/Dream-Coder-v0-Base-7B
273,SingleLineInfilling/HumanEval/59/L3,HumanEval/59,L3,13,13-16,False,included_not_frozen_controller_test,HumanEval-SingleLineInfilling,Dream-org/Dream-Coder-v0-Base-7B
274,SingleLineInfilling/HumanEval/59/L4,HumanEval/59,L4,9,9-12,False,included_not_frozen_controller_test,HumanEval-SingleLineInfilling,Dream-org/Dream-Coder-v0-Base-7B
275,SingleLineInfilling/HumanEval/59/L5,HumanEval/59,L5,4,<=8,False,included_not_frozen_controller_test,HumanEval-SingleLineInfilling,Dream-org/Dream-Coder-v0-Base-7B
276,SingleLineInfilling/HumanEval/59/L6,HumanEval/59,L6,4,<=8,False,included_not_frozen_controller_test,HumanEval-SingleLineInfilling,Dream-org/Dream-Coder-v0-Base-7B
277,SingleLineInfilling/HumanEval/59/L7,HumanEval/59,L7,6,<=8,False,included_not_frozen_controller_test,HumanEval-SingleLineInfilling,Dream-org/Dream-Coder-v0-Base-7B
278,SingleLineInfilling/HumanEval/59/L8,HumanEval/59,L8,13,13-16,False,included_not_frozen_controller_test,HumanEval-SingleLineInfilling,Dream-org/Dream-Coder-v0-Base-7B
279,SingleLineInfilling/HumanEval/59/L9,HumanEval/59,L9,13,13-16,False,included_not_frozen_controller_test,HumanEval-SingleLineInfilling,Dream-org/Dream-Coder-v0-Base-7B
280,SingleLineInfilling/HumanEval/59/L10,HumanEval/59,L10,9,9-12,False,included_not_frozen_controller_test,HumanEval-SingleLineInfilling,Dream-org/Dream-Coder-v0-Base-7B
281,SingleLineInfilling/HumanEval/59/L11,HumanEval/59,L11,4,<=8,False,included_not_frozen_controller_test,HumanEval-SingleLineInfilling,Dream-org/Dream-Coder-v0-Base-7B
282,SingleLineInfilling/HumanEval/60/L0,HumanEval/60,L0,9,9-12,False,included_not_frozen_controller_test,HumanEval-SingleLineInfilling,Dream-org/Dream-Coder-v0-Base-7B
283,SingleLineInfilling/HumanEval/61/L0,HumanEval/61,L0,6,<=8,False,included_not_frozen_controller_test,HumanEval-SingleLineInfilling,Dream-org/Dream-Coder-v0-Base-7B
284,SingleLineInfilling/HumanEval/61/L1,HumanEval/61,L1,6,<=8,False,included_not_frozen_controller_test,HumanEval-SingleLineInfilling,Dream-org/Dream-Coder-v0-Base-7B
285,SingleLineInfilling/HumanEval/61/L2,HumanEval/61,L2,6,<=8,False,included_not_frozen_controller_test,HumanEval-SingleLineInfilling,Dream-org/Dream-Coder-v0-Base-7B
286,SingleLineInfilling/HumanEval/61/L3,HumanEval/61,L3,6,<=8,False,included_not_frozen_controller_test,HumanEval-SingleLineInfilling,Dream-org/Dream-Coder-v0-Base-7B
287,SingleLineInfilling/HumanEval/61/L4,HumanEval/61,L4,3,<=8,False,included_not_frozen_controller_test,HumanEval-SingleLineInfilling,Dream-org/Dream-Coder-v0-Base-7B
288,SingleLineInfilling/HumanEval/61/L5,HumanEval/61,L5,6,<=8,False,included_not_frozen_controller_test,HumanEval-SingleLineInfilling,Dream-org/Dream-Coder-v0-Base-7B
289,SingleLineInfilling/HumanEval/61/L6,HumanEval/61,L6,7,<=8,False,included_not_frozen_controller_test,HumanEval-SingleLineInfilling,Dream-org/Dream-Coder-v0-Base-7B
290,SingleLineInfilling/HumanEval/61/L7,HumanEval/61,L7,4,<=8,False,included_not_frozen_controller_test,HumanEval-SingleLineInfilling,Dream-org/Dream-Coder-v0-Base-7B
291,SingleLineInfilling/HumanEval/61/L8,HumanEval/61,L8,7,<=8,False,included_not_frozen_controller_test,HumanEval-SingleLineInfilling,Dream-org/Dream-Coder-v0-Base-7B
292,SingleLineInfilling/HumanEval/62/L0,HumanEval/62,L0,17,17-24,False,included_not_frozen_controller_test,HumanEval-SingleLineInfilling,Dream-org/Dream-Coder-v0-Base-7B
293,SingleLineInfilling/HumanEval/63/L0,HumanEval/63,L0,7,<=8,False,included_not_frozen_controller_test,HumanEval-SingleLineInfilling,Dream-org/Dream-Coder-v0-Base-7B
294,SingleLineInfilling/HumanEval/63/L1,HumanEval/63,L1,5,<=8,False,included_not_frozen_controller_test,HumanEval-SingleLineInfilling,Dream-org/Dream-Coder-v0-Base-7B
295,SingleLineInfilling/HumanEval/63/L2,HumanEval/63,L2,7,<=8,False,included_not_frozen_controller_test,HumanEval-SingleLineInfilling,Dream-org/Dream-Coder-v0-Base-7B
296,SingleLineInfilling/HumanEval/63/L3,HumanEval/63,L3,5,<=8,False,included_not_frozen_controller_test,HumanEval-SingleLineInfilling,Dream-org/Dream-Coder-v0-Base-7B
297,SingleLineInfilling/HumanEval/63/L4,HumanEval/63,L4,7,<=8,False,included_not_frozen_controller_test,HumanEval-SingleLineInfilling,Dream-org/Dream-Coder-v0-Base-7B
298,SingleLineInfilling/HumanEval/63/L5,HumanEval/63,L5,5,<=8,False,included_not_frozen_controller_test,HumanEval-SingleLineInfilling,Dream-org/Dream-Coder-v0-Base-7B
299,SingleLineInfilling/HumanEval/63/L6,HumanEval/63,L6,25,25+,False,included_not_frozen_controller_test,HumanEval-SingleLineInfilling,Dream-org/Dream-Coder-v0-Base-7B
300,SingleLineInfilling/HumanEval/64/L0,HumanEval/64,L0,10,9-12,False,included_not_frozen_controller_test,HumanEval-SingleLineInfilling,Dream-org/Dream-Coder-v0-Base-7B
301,SingleLineInfilling/HumanEval/64/L1,HumanEval/64,L1,15,13-16,False,included_not_frozen_controller_test,HumanEval-SingleLineInfilling,Dream-org/Dream-Coder-v0-Base-7B
302,SingleLineInfilling/HumanEval/64/L2,HumanEval/64,L2,19,17-24,False,included_not_frozen_controller_test,HumanEval-SingleLineInfilling,Dream-org/Dream-Coder-v0-Base-7B
303,SingleLineInfilling/HumanEval/64/L3,HumanEval/64,L3,9,9-12,False,included_not_frozen_controller_test,HumanEval-SingleLineInfilling,Dream-org/Dream-Coder-v0-Base-7B
304,SingleLineInfilling/HumanEval/64/L4,HumanEval/64,L4,7,<=8,False,included_not_frozen_controller_test,HumanEval-SingleLineInfilling,Dream-org/Dream-Coder-v0-Base-7B
305,SingleLineInfilling/HumanEval/65/L0,HumanEval/65,L0,6,<=8,False,included_not_frozen_controller_test,HumanEval-SingleLineInfilling,Dream-org/Dream-Coder-v0-Base-7B
306,SingleLineInfilling/HumanEval/65/L1,HumanEval/65,L1,7,<=8,False,included_not_frozen_controller_test,HumanEval-SingleLineInfilling,Dream-org/Dream-Coder-v0-Base-7B
307,SingleLineInfilling/HumanEval/65/L2,HumanEval/65,L2,6,<=8,False,included_not_frozen_controller_test,HumanEval-SingleLineInfilling,Dream-org/Dream-Coder-v0-Base-7B
308,SingleLineInfilling/HumanEval/65/L3,HumanEval/65,L3,3,<=8,False,included_not_frozen_controller_test,HumanEval-SingleLineInfilling,Dream-org/Dream-Coder-v0-Base-7B
309,SingleLineInfilling/HumanEval/65/L4,HumanEval/65,L4,18,17-24,False,included_not_frozen_controller_test,HumanEval-SingleLineInfilling,Dream-org/Dream-Coder-v0-Base-7B
310,SingleLineInfilling/HumanEval/67/L0,HumanEval/67,L0,5,<=8,False,included_not_frozen_controller_test,HumanEval-SingleLineInfilling,Dream-org/Dream-Coder-v0-Base-7B
311,SingleLineInfilling/HumanEval/67/L1,HumanEval/67,L1,9,9-12,False,included_not_frozen_controller_test,HumanEval-SingleLineInfilling,Dream-org/Dream-Coder-v0-Base-7B
312,SingleLineInfilling/HumanEval/67/L2,HumanEval/67,L2,5,<=8,False,included_not_frozen_controller_test,HumanEval-SingleLineInfilling,Dream-org/Dream-Coder-v0-Base-7B
313,SingleLineInfilling/HumanEval/67/L3,HumanEval/67,L3,6,<=8,False,included_not_frozen_controller_test,HumanEval-SingleLineInfilling,Dream-org/Dream-Coder-v0-Base-7B
314,SingleLineInfilling/HumanEval/67/L4,HumanEval/67,L4,8,<=8,False,included_not_frozen_controller_test,HumanEval-SingleLineInfilling,Dream-org/Dream-Coder-v0-Base-7B
315,SingleLineInfilling/HumanEval/68/L0,HumanEval/68,L0,11,9-12,False,included_not_frozen_controller_test,HumanEval-SingleLineInfilling,Dream-org/Dream-Coder-v0-Base-7B
316,SingleLineInfilling/HumanEval/68/L1,HumanEval/68,L1,18,17-24,False,included_not_frozen_controller_test,HumanEval-SingleLineInfilling,Dream-org/Dream-Coder-v0-Base-7B
317,SingleLineInfilling/HumanEval/68/L2,HumanEval/68,L2,9,9-12,False,included_not_frozen_controller_test,HumanEval-SingleLineInfilling,Dream-org/Dream-Coder-v0-Base-7B
318,SingleLineInfilling/HumanEval/68/L3,HumanEval/68,L3,13,13-16,False,included_not_frozen_controller_test,HumanEval-SingleLineInfilling,Dream-org/Dream-Coder-v0-Base-7B
319,SingleLineInfilling/HumanEval/70/L0,HumanEval/70,L0,8,<=8,False,included_not_frozen_controller_test,HumanEval-SingleLineInfilling,Dream-org/Dream-Coder-v0-Base-7B
320,SingleLineInfilling/HumanEval/70/L1,HumanEval/70,L1,4,<=8,False,included_not_frozen_controller_test,HumanEval-SingleLineInfilling,Dream-org/Dream-Coder-v0-Base-7B
321,SingleLineInfilling/HumanEval/70/L2,HumanEval/70,L2,12,9-12,False,included_not_frozen_controller_test,HumanEval-SingleLineInfilling,Dream-org/Dream-Coder-v0-Base-7B
322,SingleLineInfilling/HumanEval/70/L3,HumanEval/70,L3,7,<=8,False,included_not_frozen_controller_test,HumanEval-SingleLineInfilling,Dream-org/Dream-Coder-v0-Base-7B
323,SingleLineInfilling/HumanEval/70/L4,HumanEval/70,L4,6,<=8,False,included_not_frozen_controller_test,HumanEval-SingleLineInfilling,Dream-org/Dream-Coder-v0-Base-7B
324,SingleLineInfilling/HumanEval/70/L5,HumanEval/70,L5,4,<=8,False,included_not_frozen_controller_test,HumanEval-SingleLineInfilling,Dream-org/Dream-Coder-v0-Base-7B
325,SingleLineInfilling/HumanEval/71/L0,HumanEval/71,L0,20,17-24,False,included_not_frozen_controller_test,HumanEval-SingleLineInfilling,Dream-org/Dream-Coder-v0-Base-7B
326,SingleLineInfilling/HumanEval/71/L1,HumanEval/71,L1,5,<=8,False,included_not_frozen_controller_test,HumanEval-SingleLineInfilling,Dream-org/Dream-Coder-v0-Base-7B
327,SingleLineInfilling/HumanEval/71/L2,HumanEval/71,L2,12,9-12,False,included_not_frozen_controller_test,HumanEval-SingleLineInfilling,Dream-org/Dream-Coder-v0-Base-7B
328,SingleLineInfilling/HumanEval/71/L3,HumanEval/71,L3,29,25+,False,included_not_frozen_controller_test,HumanEval-SingleLineInfilling,Dream-org/Dream-Coder-v0-Base-7B
329,SingleLineInfilling/HumanEval/71/L4,HumanEval/71,L4,9,9-12,False,included_not_frozen_controller_test,HumanEval-SingleLineInfilling,Dream-org/Dream-Coder-v0-Base-7B
330,SingleLineInfilling/HumanEval/71/L5,HumanEval/71,L5,4,<=8,False,included_not_frozen_controller_test,HumanEval-SingleLineInfilling,Dream-org/Dream-Coder-v0-Base-7B
331,SingleLineInfilling/HumanEval/72/L0,HumanEval/72,L0,8,<=8,False,included_not_frozen_controller_test,HumanEval-SingleLineInfilling,Dream-org/Dream-Coder-v0-Base-7B
332,SingleLineInfilling/HumanEval/72/L1,HumanEval/72,L1,4,<=8,False,included_not_frozen_controller_test,HumanEval-SingleLineInfilling,Dream-org/Dream-Coder-v0-Base-7B
333,SingleLineInfilling/HumanEval/72/L3,HumanEval/72,L3,13,13-16,False,included_not_frozen_controller_test,HumanEval-SingleLineInfilling,Dream-org/Dream-Coder-v0-Base-7B
334,SingleLineInfilling/HumanEval/72/L4,HumanEval/72,L4,5,<=8,False,included_not_frozen_controller_test,HumanEval-SingleLineInfilling,Dream-org/Dream-Coder-v0-Base-7B
335,SingleLineInfilling/HumanEval/72/L5,HumanEval/72,L5,9,9-12,False,included_not_frozen_controller_test,HumanEval-SingleLineInfilling,Dream-org/Dream-Coder-v0-Base-7B
336,SingleLineInfilling/HumanEval/72/L6,HumanEval/72,L6,4,<=8,False,included_not_frozen_controller_test,HumanEval-SingleLineInfilling,Dream-org/Dream-Coder-v0-Base-7B
337,SingleLineInfilling/HumanEval/72/L7,HumanEval/72,L7,5,<=8,False,included_not_frozen_controller_test,HumanEval-SingleLineInfilling,Dream-org/Dream-Coder-v0-Base-7B
338,SingleLineInfilling/HumanEval/72/L8,HumanEval/72,L8,5,<=8,False,included_not_frozen_controller_test,HumanEval-SingleLineInfilling,Dream-org/Dream-Coder-v0-Base-7B
339,SingleLineInfilling/HumanEval/72/L9,HumanEval/72,L9,4,<=8,False,included_not_frozen_controller_test,HumanEval-SingleLineInfilling,Dream-org/Dream-Coder-v0-Base-7B
340,SingleLineInfilling/HumanEval/73/L0,HumanEval/73,L0,6,<=8,False,included_not_frozen_controller_test,HumanEval-SingleLineInfilling,Dream-org/Dream-Coder-v0-Base-7B
341,SingleLineInfilling/HumanEval/73/L1,HumanEval/73,L1,12,9-12,False,included_not_frozen_controller_test,HumanEval-SingleLineInfilling,Dream-org/Dream-Coder-v0-Base-7B
342,SingleLineInfilling/HumanEval/73/L2,HumanEval/73,L2,16,13-16,False,included_not_frozen_controller_test,HumanEval-SingleLineInfilling,Dream-org/Dream-Coder-v0-Base-7B
343,SingleLineInfilling/HumanEval/73/L3,HumanEval/73,L3,6,<=8,False,included_not_frozen_controller_test,HumanEval-SingleLineInfilling,Dream-org/Dream-Coder-v0-Base-7B
344,SingleLineInfilling/HumanEval/73/L4,HumanEval/73,L4,4,<=8,False,included_not_frozen_controller_test,HumanEval-SingleLineInfilling,Dream-org/Dream-Coder-v0-Base-7B
345,SingleLineInfilling/HumanEval/74/L0,HumanEval/74,L0,7,<=8,False,included_not_frozen_controller_test,HumanEval-SingleLineInfilling,Dream-org/Dream-Coder-v0-Base-7B
346,SingleLineInfilling/HumanEval/74/L1,HumanEval/74,L1,7,<=8,False,included_not_frozen_controller_test,HumanEval-SingleLineInfilling,Dream-org/Dream-Coder-v0-Base-7B
347,SingleLineInfilling/HumanEval/74/L2,HumanEval/74,L2,7,<=8,False,included_not_frozen_controller_test,HumanEval-SingleLineInfilling,Dream-org/Dream-Coder-v0-Base-7B
348,SingleLineInfilling/HumanEval/74/L4,HumanEval/74,L4,7,<=8,False,included_not_frozen_controller_test,HumanEval-SingleLineInfilling,Dream-org/Dream-Coder-v0-Base-7B
349,SingleLineInfilling/HumanEval/74/L5,HumanEval/74,L5,7,<=8,False,included_not_frozen_controller_test,HumanEval-SingleLineInfilling,Dream-org/Dream-Coder-v0-Base-7B
350,SingleLineInfilling/HumanEval/74/L6,HumanEval/74,L6,7,<=8,False,included_not_frozen_controller_test,HumanEval-SingleLineInfilling,Dream-org/Dream-Coder-v0-Base-7B
351,SingleLineInfilling/HumanEval/74/L8,HumanEval/74,L8,8,<=8,False,included_not_frozen_controller_test,HumanEval-SingleLineInfilling,Dream-org/Dream-Coder-v0-Base-7B
352,SingleLineInfilling/HumanEval/74/L9,HumanEval/74,L9,5,<=8,False,included_not_frozen_controller_test,HumanEval-SingleLineInfilling,Dream-org/Dream-Coder-v0-Base-7B
353,SingleLineInfilling/HumanEval/74/L10,HumanEval/74,L10,3,<=8,False,included_not_frozen_controller_test,HumanEval-SingleLineInfilling,Dream-org/Dream-Coder-v0-Base-7B
354,SingleLineInfilling/HumanEval/74/L11,HumanEval/74,L11,5,<=8,False,included_not_frozen_controller_test,HumanEval-SingleLineInfilling,Dream-org/Dream-Coder-v0-Base-7B
355,SingleLineInfilling/HumanEval/75/L0,HumanEval/75,L0,6,<=8,False,included_not_frozen_controller_test,HumanEval-SingleLineInfilling,Dream-org/Dream-Coder-v0-Base-7B
356,SingleLineInfilling/HumanEval/75/L1,HumanEval/75,L1,9,9-12,False,included_not_frozen_controller_test,HumanEval-SingleLineInfilling,Dream-org/Dream-Coder-v0-Base-7B
357,SingleLineInfilling/HumanEval/75/L2,HumanEval/75,L2,9,9-12,False,included_not_frozen_controller_test,HumanEval-SingleLineInfilling,Dream-org/Dream-Coder-v0-Base-7B
358,SingleLineInfilling/HumanEval/75/L3,HumanEval/75,L3,4,<=8,False,included_not_frozen_controller_test,HumanEval-SingleLineInfilling,Dream-org/Dream-Coder-v0-Base-7B
359,SingleLineInfilling/HumanEval/75/L4,HumanEval/75,L4,4,<=8,False,included_not_frozen_controller_test,HumanEval-SingleLineInfilling,Dream-org/Dream-Coder-v0-Base-7B
360,SingleLineInfilling/HumanEval/75/L6,HumanEval/75,L6,12,9-12,False,included_not_frozen_controller_test,HumanEval-SingleLineInfilling,Dream-org/Dream-Coder-v0-Base-7B
361,SingleLineInfilling/HumanEval/75/L7,HumanEval/75,L7,9,9-12,False,included_not_frozen_controller_test,HumanEval-SingleLineInfilling,Dream-org/Dream-Coder-v0-Base-7B
362,SingleLineInfilling/HumanEval/75/L8,HumanEval/75,L8,12,9-12,False,included_not_frozen_controller_test,HumanEval-SingleLineInfilling,Dream-org/Dream-Coder-v0-Base-7B
363,SingleLineInfilling/HumanEval/75/L9,HumanEval/75,L9,9,9-12,False,included_not_frozen_controller_test,HumanEval-SingleLineInfilling,Dream-org/Dream-Coder-v0-Base-7B
364,SingleLineInfilling/HumanEval/75/L10,HumanEval/75,L10,12,9-12,False,included_not_frozen_controller_test,HumanEval-SingleLineInfilling,Dream-org/Dream-Coder-v0-Base-7B
365,SingleLineInfilling/HumanEval/75/L11,HumanEval/75,L11,9,9-12,False,included_not_frozen_controller_test,HumanEval-SingleLineInfilling,Dream-org/Dream-Coder-v0-Base-7B
366,SingleLineInfilling/HumanEval/75/L12,HumanEval/75,L12,11,9-12,False,included_not_frozen_controller_test,HumanEval-SingleLineInfilling,Dream-org/Dream-Coder-v0-Base-7B
367,SingleLineInfilling/HumanEval/75/L13,HumanEval/75,L13,4,<=8,False,included_not_frozen_controller_test,HumanEval-SingleLineInfilling,Dream-org/Dream-Coder-v0-Base-7B
368,SingleLineInfilling/HumanEval/77/L0,HumanEval/77,L0,6,<=8,False,included_not_frozen_controller_test,HumanEval-SingleLineInfilling,Dream-org/Dream-Coder-v0-Base-7B
369,SingleLineInfilling/HumanEval/77/L1,HumanEval/77,L1,19,17-24,False,included_not_frozen_controller_test,HumanEval-SingleLineInfilling,Dream-org/Dream-Coder-v0-Base-7B
370,SingleLineInfilling/HumanEval/79/L0,HumanEval/79,L0,15,13-16,False,included_not_frozen_controller_test,HumanEval-SingleLineInfilling,Dream-org/Dream-Coder-v0-Base-7B
371,SingleLineInfilling/HumanEval/80/L0,HumanEval/80,L0,9,9-12,False,included_not_frozen_controller_test,HumanEval-SingleLineInfilling,Dream-org/Dream-Coder-v0-Base-7B
372,SingleLineInfilling/HumanEval/80/L1,HumanEval/80,L1,4,<=8,False,included_not_frozen_controller_test,HumanEval-SingleLineInfilling,Dream-org/Dream-Coder-v0-Base-7B
373,SingleLineInfilling/HumanEval/80/L3,HumanEval/80,L3,12,9-12,False,included_not_frozen_controller_test,HumanEval-SingleLineInfilling,Dream-org/Dream-Coder-v0-Base-7B
374,SingleLineInfilling/HumanEval/80/L5,HumanEval/80,L5,33,25+,False,included_not_frozen_controller_test,HumanEval-SingleLineInfilling,Dream-org/Dream-Coder-v0-Base-7B
375,SingleLineInfilling/HumanEval/80/L6,HumanEval/80,L6,4,<=8,False,included_not_frozen_controller_test,HumanEval-SingleLineInfilling,Dream-org/Dream-Coder-v0-Base-7B
376,SingleLineInfilling/HumanEval/80/L7,HumanEval/80,L7,4,<=8,False,included_not_frozen_controller_test,HumanEval-SingleLineInfilling,Dream-org/Dream-Coder-v0-Base-7B
377,SingleLineInfilling/HumanEval/82/L0,HumanEval/82,L0,6,<=8,False,included_not_frozen_controller_test,HumanEval-SingleLineInfilling,Dream-org/Dream-Coder-v0-Base-7B
378,SingleLineInfilling/HumanEval/82/L1,HumanEval/82,L1,12,9-12,False,included_not_frozen_controller_test,HumanEval-SingleLineInfilling,Dream-org/Dream-Coder-v0-Base-7B
379,SingleLineInfilling/HumanEval/82/L2,HumanEval/82,L2,4,<=8,False,included_not_frozen_controller_test,HumanEval-SingleLineInfilling,Dream-org/Dream-Coder-v0-Base-7B
380,SingleLineInfilling/HumanEval/82/L3,HumanEval/82,L3,10,9-12,False,included_not_frozen_controller_test,HumanEval-SingleLineInfilling,Dream-org/Dream-Coder-v0-Base-7B
381,SingleLineInfilling/HumanEval/82/L4,HumanEval/82,L4,9,9-12,False,included_not_frozen_controller_test,HumanEval-SingleLineInfilling,Dream-org/Dream-Coder-v0-Base-7B
382,SingleLineInfilling/HumanEval/82/L5,HumanEval/82,L5,4,<=8,False,included_not_frozen_controller_test,HumanEval-SingleLineInfilling,Dream-org/Dream-Coder-v0-Base-7B
383,SingleLineInfilling/HumanEval/82/L6,HumanEval/82,L6,4,<=8,False,included_not_frozen_controller_test,HumanEval-SingleLineInfilling,Dream-org/Dream-Coder-v0-Base-7B
384,SingleLineInfilling/HumanEval/83/L0,HumanEval/83,L0,11,9-12,False,included_not_frozen_controller_test,HumanEval-SingleLineInfilling,Dream-org/Dream-Coder-v0-Base-7B
385,SingleLineInfilling/HumanEval/83/L1,HumanEval/83,L1,16,13-16,False,included_not_frozen_controller_test,HumanEval-SingleLineInfilling,Dream-org/Dream-Coder-v0-Base-7B
386,SingleLineInfilling/HumanEval/85/L0,HumanEval/85,L0,29,25+,False,included_not_frozen_controller_test,HumanEval-SingleLineInfilling,Dream-org/Dream-Coder-v0-Base-7B
387,SingleLineInfilling/HumanEval/86/L0,HumanEval/86,L0,20,17-24,False,included_not_frozen_controller_test,HumanEval-SingleLineInfilling,Dream-org/Dream-Coder-v0-Base-7B
388,SingleLineInfilling/HumanEval/87/L0,HumanEval/87,L0,32,25+,False,included_not_frozen_controller_test,HumanEval-SingleLineInfilling,Dream-org/Dream-Coder-v0-Base-7B
389,SingleLineInfilling/HumanEval/87/L1,HumanEval/87,L1,25,25+,False,included_not_frozen_controller_test,HumanEval-SingleLineInfilling,Dream-org/Dream-Coder-v0-Base-7B
390,SingleLineInfilling/HumanEval/88/L0,HumanEval/88,L0,33,25+,False,included_not_frozen_controller_test,HumanEval-SingleLineInfilling,Dream-org/Dream-Coder-v0-Base-7B
391,SingleLineInfilling/HumanEval/89/L0,HumanEval/89,L0,6,<=8,False,included_not_frozen_controller_test,HumanEval-SingleLineInfilling,Dream-org/Dream-Coder-v0-Base-7B
392,SingleLineInfilling/HumanEval/89/L1,HumanEval/89,L1,4,<=8,False,included_not_frozen_controller_test,HumanEval-SingleLineInfilling,Dream-org/Dream-Coder-v0-Base-7B
393,SingleLineInfilling/HumanEval/89/L2,HumanEval/89,L2,6,<=8,False,included_not_frozen_controller_test,HumanEval-SingleLineInfilling,Dream-org/Dream-Coder-v0-Base-7B
394,SingleLineInfilling/HumanEval/89/L3,HumanEval/89,L3,6,<=8,False,included_not_frozen_controller_test,HumanEval-SingleLineInfilling,Dream-org/Dream-Coder-v0-Base-7B
395,SingleLineInfilling/HumanEval/89/L4,HumanEval/89,L4,18,17-24,False,included_not_frozen_controller_test,HumanEval-SingleLineInfilling,Dream-org/Dream-Coder-v0-Base-7B
396,SingleLineInfilling/HumanEval/89/L5,HumanEval/89,L5,3,<=8,False,included_not_frozen_controller_test,HumanEval-SingleLineInfilling,Dream-org/Dream-Coder-v0-Base-7B
397,SingleLineInfilling/HumanEval/89/L6,HumanEval/89,L6,5,<=8,False,included_not_frozen_controller_test,HumanEval-SingleLineInfilling,Dream-org/Dream-Coder-v0-Base-7B
398,SingleLineInfilling/HumanEval/89/L7,HumanEval/89,L7,4,<=8,False,included_not_frozen_controller_test,HumanEval-SingleLineInfilling,Dream-org/Dream-Coder-v0-Base-7B
399,SingleLineInfilling/HumanEval/90/L0,HumanEval/90,L0,7,<=8,False,included_not_frozen_controller_test,HumanEval-SingleLineInfilling,Dream-org/Dream-Coder-v0-Base-7B
400,SingleLineInfilling/HumanEval/90/L1,HumanEval/90,L1,15,13-16,False,included_not_frozen_controller_test,HumanEval-SingleLineInfilling,Dream-org/Dream-Coder-v0-Base-7B
401,SingleLineInfilling/HumanEval/92/L1,HumanEval/92,L1,16,13-16,False,included_not_frozen_controller_test,HumanEval-SingleLineInfilling,Dream-org/Dream-Coder-v0-Base-7B
402,SingleLineInfilling/HumanEval/92/L2,HumanEval/92,L2,22,17-24,False,included_not_frozen_controller_test,HumanEval-SingleLineInfilling,Dream-org/Dream-Coder-v0-Base-7B
403,SingleLineInfilling/HumanEval/92/L3,HumanEval/92,L3,4,<=8,False,included_not_frozen_controller_test,HumanEval-SingleLineInfilling,Dream-org/Dream-Coder-v0-Base-7B
404,SingleLineInfilling/HumanEval/92/L4,HumanEval/92,L4,4,<=8,False,included_not_frozen_controller_test,HumanEval-SingleLineInfilling,Dream-org/Dream-Coder-v0-Base-7B
405,SingleLineInfilling/HumanEval/92/L5,HumanEval/92,L5,4,<=8,False,included_not_frozen_controller_test,HumanEval-SingleLineInfilling,Dream-org/Dream-Coder-v0-Base-7B
406,SingleLineInfilling/HumanEval/93/L0,HumanEval/93,L0,10,9-12,False,included_not_frozen_controller_test,HumanEval-SingleLineInfilling,Dream-org/Dream-Coder-v0-Base-7B
407,SingleLineInfilling/HumanEval/93/L1,HumanEval/93,L1,21,17-24,False,included_not_frozen_controller_test,HumanEval-SingleLineInfilling,Dream-org/Dream-Coder-v0-Base-7B
408,SingleLineInfilling/HumanEval/93/L2,HumanEval/93,L2,7,<=8,False,included_not_frozen_controller_test,HumanEval-SingleLineInfilling,Dream-org/Dream-Coder-v0-Base-7B
409,SingleLineInfilling/HumanEval/93/L3,HumanEval/93,L3,22,17-24,False,included_not_frozen_controller_test,HumanEval-SingleLineInfilling,Dream-org/Dream-Coder-v0-Base-7B
410,SingleLineInfilling/HumanEval/94/L0,HumanEval/94,L0,6,<=8,False,included_not_frozen_controller_test,HumanEval-SingleLineInfilling,Dream-org/Dream-Coder-v0-Base-7B
411,SingleLineInfilling/HumanEval/94/L1,HumanEval/94,L1,16,13-16,False,included_not_frozen_controller_test,HumanEval-SingleLineInfilling,Dream-org/Dream-Coder-v0-Base-7B
412,SingleLineInfilling/HumanEval/94/L2,HumanEval/94,L2,7,<=8,False,included_not_frozen_controller_test,HumanEval-SingleLineInfilling,Dream-org/Dream-Coder-v0-Base-7B
413,SingleLineInfilling/HumanEval/94/L3,HumanEval/94,L3,4,<=8,False,included_not_frozen_controller_test,HumanEval-SingleLineInfilling,Dream-org/Dream-Coder-v0-Base-7B
414,SingleLineInfilling/HumanEval/94/L5,HumanEval/94,L5,4,<=8,False,included_not_frozen_controller_test,HumanEval-SingleLineInfilling,Dream-org/Dream-Coder-v0-Base-7B
415,SingleLineInfilling/HumanEval/94/L6,HumanEval/94,L6,6,<=8,False,included_not_frozen_controller_test,HumanEval-SingleLineInfilling,Dream-org/Dream-Coder-v0-Base-7B
416,SingleLineInfilling/HumanEval/94/L7,HumanEval/94,L7,6,<=8,False,included_not_frozen_controller_test,HumanEval-SingleLineInfilling,Dream-org/Dream-Coder-v0-Base-7B
417,SingleLineInfilling/HumanEval/94/L8,HumanEval/94,L8,7,<=8,False,included_not_frozen_controller_test,HumanEval-SingleLineInfilling,Dream-org/Dream-Coder-v0-Base-7B
418,SingleLineInfilling/HumanEval/94/L9,HumanEval/94,L9,13,13-16,False,included_not_frozen_controller_test,HumanEval-SingleLineInfilling,Dream-org/Dream-Coder-v0-Base-7B
419,SingleLineInfilling/HumanEval/94/L10,HumanEval/94,L10,6,<=8,False,included_not_frozen_controller_test,HumanEval-SingleLineInfilling,Dream-org/Dream-Coder-v0-Base-7B
420,SingleLineInfilling/HumanEval/94/L11,HumanEval/94,L11,5,<=8,False,included_not_frozen_controller_test,HumanEval-SingleLineInfilling,Dream-org/Dream-Coder-v0-Base-7B
421,SingleLineInfilling/HumanEval/94/L12,HumanEval/94,L12,15,13-16,False,included_not_frozen_controller_test,HumanEval-SingleLineInfilling,Dream-org/Dream-Coder-v0-Base-7B
422,SingleLineInfilling/HumanEval/94/L13,HumanEval/94,L13,4,<=8,False,included_not_frozen_controller_test,HumanEval-SingleLineInfilling,Dream-org/Dream-Coder-v0-Base-7B
423,SingleLineInfilling/HumanEval/95/L0,HumanEval/95,L0,10,9-12,False,included_not_frozen_controller_test,HumanEval-SingleLineInfilling,Dream-org/Dream-Coder-v0-Base-7B
424,SingleLineInfilling/HumanEval/95/L1,HumanEval/95,L1,4,<=8,False,included_not_frozen_controller_test,HumanEval-SingleLineInfilling,Dream-org/Dream-Coder-v0-Base-7B
425,SingleLineInfilling/HumanEval/95/L2,HumanEval/95,L2,3,<=8,False,included_not_frozen_controller_test,HumanEval-SingleLineInfilling,Dream-org/Dream-Coder-v0-Base-7B
426,SingleLineInfilling/HumanEval/95/L3,HumanEval/95,L3,6,<=8,False,included_not_frozen_controller_test,HumanEval-SingleLineInfilling,Dream-org/Dream-Coder-v0-Base-7B
427,SingleLineInfilling/HumanEval/95/L4,HumanEval/95,L4,7,<=8,False,included_not_frozen_controller_test,HumanEval-SingleLineInfilling,Dream-org/Dream-Coder-v0-Base-7B
428,SingleLineInfilling/HumanEval/95/L6,HumanEval/95,L6,10,9-12,False,included_not_frozen_controller_test,HumanEval-SingleLineInfilling,Dream-org/Dream-Coder-v0-Base-7B
429,SingleLineInfilling/HumanEval/95/L7,HumanEval/95,L7,6,<=8,False,included_not_frozen_controller_test,HumanEval-SingleLineInfilling,Dream-org/Dream-Coder-v0-Base-7B
430,SingleLineInfilling/HumanEval/95/L8,HumanEval/95,L8,3,<=8,False,included_not_frozen_controller_test,HumanEval-SingleLineInfilling,Dream-org/Dream-Coder-v0-Base-7B
431,SingleLineInfilling/HumanEval/95/L9,HumanEval/95,L9,7,<=8,False,included_not_frozen_controller_test,HumanEval-SingleLineInfilling,Dream-org/Dream-Coder-v0-Base-7B
432,SingleLineInfilling/HumanEval/95/L10,HumanEval/95,L10,6,<=8,False,included_not_frozen_controller_test,HumanEval-SingleLineInfilling,Dream-org/Dream-Coder-v0-Base-7B
433,SingleLineInfilling/HumanEval/95/L11,HumanEval/95,L11,6,<=8,False,included_not_frozen_controller_test,HumanEval-SingleLineInfilling,Dream-org/Dream-Coder-v0-Base-7B
434,SingleLineInfilling/HumanEval/95/L12,HumanEval/95,L12,6,<=8,False,included_not_frozen_controller_test,HumanEval-SingleLineInfilling,Dream-org/Dream-Coder-v0-Base-7B
435,SingleLineInfilling/HumanEval/95/L13,HumanEval/95,L13,6,<=8,False,included_not_frozen_controller_test,HumanEval-SingleLineInfilling,Dream-org/Dream-Coder-v0-Base-7B
436,SingleLineInfilling/HumanEval/95/L14,HumanEval/95,L14,3,<=8,False,included_not_frozen_controller_test,HumanEval-SingleLineInfilling,Dream-org/Dream-Coder-v0-Base-7B
437,SingleLineInfilling/HumanEval/95/L15,HumanEval/95,L15,3,<=8,False,included_not_frozen_controller_test,HumanEval-SingleLineInfilling,Dream-org/Dream-Coder-v0-Base-7B
438,SingleLineInfilling/HumanEval/95/L16,HumanEval/95,L16,27,25+,False,included_not_frozen_controller_test,HumanEval-SingleLineInfilling,Dream-org/Dream-Coder-v0-Base-7B
439,SingleLineInfilling/HumanEval/95/L17,HumanEval/95,L17,6,<=8,False,included_not_frozen_controller_test,HumanEval-SingleLineInfilling,Dream-org/Dream-Coder-v0-Base-7B
440,SingleLineInfilling/HumanEval/95/L18,HumanEval/95,L18,3,<=8,False,included_not_frozen_controller_test,HumanEval-SingleLineInfilling,Dream-org/Dream-Coder-v0-Base-7B
441,SingleLineInfilling/HumanEval/95/L19,HumanEval/95,L19,3,<=8,False,included_not_frozen_controller_test,HumanEval-SingleLineInfilling,Dream-org/Dream-Coder-v0-Base-7B
442,SingleLineInfilling/HumanEval/95/L20,HumanEval/95,L20,3,<=8,False,included_not_frozen_controller_test,HumanEval-SingleLineInfilling,Dream-org/Dream-Coder-v0-Base-7B
443,SingleLineInfilling/HumanEval/95/L21,HumanEval/95,L21,14,13-16,False,included_not_frozen_controller_test,HumanEval-SingleLineInfilling,Dream-org/Dream-Coder-v0-Base-7B
444,SingleLineInfilling/HumanEval/96/L0,HumanEval/96,L0,4,<=8,False,included_not_frozen_controller_test,HumanEval-SingleLineInfilling,Dream-org/Dream-Coder-v0-Base-7B
445,SingleLineInfilling/HumanEval/96/L1,HumanEval/96,L1,10,9-12,False,included_not_frozen_controller_test,HumanEval-SingleLineInfilling,Dream-org/Dream-Coder-v0-Base-7B
446,SingleLineInfilling/HumanEval/96/L2,HumanEval/96,L2,6,<=8,False,included_not_frozen_controller_test,HumanEval-SingleLineInfilling,Dream-org/Dream-Coder-v0-Base-7B
447,SingleLineInfilling/HumanEval/96/L3,HumanEval/96,L3,10,9-12,False,included_not_frozen_controller_test,HumanEval-SingleLineInfilling,Dream-org/Dream-Coder-v0-Base-7B
448,SingleLineInfilling/HumanEval/96/L4,HumanEval/96,L4,9,9-12,False,included_not_frozen_controller_test,HumanEval-SingleLineInfilling,Dream-org/Dream-Coder-v0-Base-7B
449,SingleLineInfilling/HumanEval/96/L5,HumanEval/96,L5,6,<=8,False,included_not_frozen_controller_test,HumanEval-SingleLineInfilling,Dream-org/Dream-Coder-v0-Base-7B
450,SingleLineInfilling/HumanEval/96/L6,HumanEval/96,L6,3,<=8,False,included_not_frozen_controller_test,HumanEval-SingleLineInfilling,Dream-org/Dream-Coder-v0-Base-7B
451,SingleLineInfilling/HumanEval/96/L7,HumanEval/96,L7,5,<=8,False,included_not_frozen_controller_test,HumanEval-SingleLineInfilling,Dream-org/Dream-Coder-v0-Base-7B
452,SingleLineInfilling/HumanEval/96/L8,HumanEval/96,L8,5,<=8,False,included_not_frozen_controller_test,HumanEval-SingleLineInfilling,Dream-org/Dream-Coder-v0-Base-7B
453,SingleLineInfilling/HumanEval/96/L9,HumanEval/96,L9,4,<=8,False,included_not_frozen_controller_test,HumanEval-SingleLineInfilling,Dream-org/Dream-Coder-v0-Base-7B
454,SingleLineInfilling/HumanEval/97/L0,HumanEval/97,L0,17,17-24,False,included_not_frozen_controller_test,HumanEval-SingleLineInfilling,Dream-org/Dream-Coder-v0-Base-7B
455,SingleLineInfilling/HumanEval/99/L0,HumanEval/99,L0,8,<=8,False,included_not_frozen_controller_test,HumanEval-SingleLineInfilling,Dream-org/Dream-Coder-v0-Base-7B
456,SingleLineInfilling/HumanEval/99/L2,HumanEval/99,L2,9,9-12,False,included_not_frozen_controller_test,HumanEval-SingleLineInfilling,Dream-org/Dream-Coder-v0-Base-7B
457,SingleLineInfilling/HumanEval/99/L3,HumanEval/99,L3,6,<=8,False,included_not_frozen_controller_test,HumanEval-SingleLineInfilling,Dream-org/Dream-Coder-v0-Base-7B
458,SingleLineInfilling/HumanEval/99/L4,HumanEval/99,L4,11,9-12,False,included_not_frozen_controller_test,HumanEval-SingleLineInfilling,Dream-org/Dream-Coder-v0-Base-7B
459,SingleLineInfilling/HumanEval/99/L5,HumanEval/99,L5,7,<=8,False,included_not_frozen_controller_test,HumanEval-SingleLineInfilling,Dream-org/Dream-Coder-v0-Base-7B
460,SingleLineInfilling/HumanEval/99/L7,HumanEval/99,L7,6,<=8,False,included_not_frozen_controller_test,HumanEval-SingleLineInfilling,Dream-org/Dream-Coder-v0-Base-7B
461,SingleLineInfilling/HumanEval/99/L8,HumanEval/99,L8,10,9-12,False,included_not_frozen_controller_test,HumanEval-SingleLineInfilling,Dream-org/Dream-Coder-v0-Base-7B
462,SingleLineInfilling/HumanEval/99/L9,HumanEval/99,L9,7,<=8,False,included_not_frozen_controller_test,HumanEval-SingleLineInfilling,Dream-org/Dream-Coder-v0-Base-7B
463,SingleLineInfilling/HumanEval/99/L10,HumanEval/99,L10,6,<=8,False,included_not_frozen_controller_test,HumanEval-SingleLineInfilling,Dream-org/Dream-Coder-v0-Base-7B
464,SingleLineInfilling/HumanEval/99/L11,HumanEval/99,L11,3,<=8,False,included_not_frozen_controller_test,HumanEval-SingleLineInfilling,Dream-org/Dream-Coder-v0-Base-7B
465,SingleLineInfilling/HumanEval/99/L12,HumanEval/99,L12,6,<=8,False,included_not_frozen_controller_test,HumanEval-SingleLineInfilling,Dream-org/Dream-Coder-v0-Base-7B
466,SingleLineInfilling/HumanEval/99/L13,HumanEval/99,L13,9,9-12,False,included_not_frozen_controller_test,HumanEval-SingleLineInfilling,Dream-org/Dream-Coder-v0-Base-7B
467,SingleLineInfilling/HumanEval/99/L14,HumanEval/99,L14,7,<=8,False,included_not_frozen_controller_test,HumanEval-SingleLineInfilling,Dream-org/Dream-Coder-v0-Base-7B
468,SingleLineInfilling/HumanEval/99/L15,HumanEval/99,L15,3,<=8,False,included_not_frozen_controller_test,HumanEval-SingleLineInfilling,Dream-org/Dream-Coder-v0-Base-7B
469,SingleLineInfilling/HumanEval/99/L16,HumanEval/99,L16,6,<=8,False,included_not_frozen_controller_test,HumanEval-SingleLineInfilling,Dream-org/Dream-Coder-v0-Base-7B
470,SingleLineInfilling/HumanEval/99/L18,HumanEval/99,L18,4,<=8,False,included_not_frozen_controller_test,HumanEval-SingleLineInfilling,Dream-org/Dream-Coder-v0-Base-7B
471,SingleLineInfilling/HumanEval/100/L0,HumanEval/100,L0,14,13-16,False,included_not_frozen_controller_test,HumanEval-SingleLineInfilling,Dream-org/Dream-Coder-v0-Base-7B
472,SingleLineInfilling/HumanEval/101/L0,HumanEval/101,L0,5,<=8,False,included_not_frozen_controller_test,HumanEval-SingleLineInfilling,Dream-org/Dream-Coder-v0-Base-7B
473,SingleLineInfilling/HumanEval/101/L1,HumanEval/101,L1,3,<=8,False,included_not_frozen_controller_test,HumanEval-SingleLineInfilling,Dream-org/Dream-Coder-v0-Base-7B
474,SingleLineInfilling/HumanEval/101/L3,HumanEval/101,L3,5,<=8,False,included_not_frozen_controller_test,HumanEval-SingleLineInfilling,Dream-org/Dream-Coder-v0-Base-7B
475,SingleLineInfilling/HumanEval/101/L5,HumanEval/101,L5,6,<=8,False,included_not_frozen_controller_test,HumanEval-SingleLineInfilling,Dream-org/Dream-Coder-v0-Base-7B
476,SingleLineInfilling/HumanEval/101/L6,HumanEval/101,L6,6,<=8,False,included_not_frozen_controller_test,HumanEval-SingleLineInfilling,Dream-org/Dream-Coder-v0-Base-7B
477,SingleLineInfilling/HumanEval/101/L7,HumanEval/101,L7,6,<=8,False,included_not_frozen_controller_test,HumanEval-SingleLineInfilling,Dream-org/Dream-Coder-v0-Base-7B
478,SingleLineInfilling/HumanEval/101/L8,HumanEval/101,L8,3,<=8,False,included_not_frozen_controller_test,HumanEval-SingleLineInfilling,Dream-org/Dream-Coder-v0-Base-7B
479,SingleLineInfilling/HumanEval/101/L9,HumanEval/101,L9,6,<=8,False,included_not_frozen_controller_test,HumanEval-SingleLineInfilling,Dream-org/Dream-Coder-v0-Base-7B
480,SingleLineInfilling/HumanEval/101/L11,HumanEval/101,L11,9,9-12,False,included_not_frozen_controller_test,HumanEval-SingleLineInfilling,Dream-org/Dream-Coder-v0-Base-7B
481,SingleLineInfilling/HumanEval/101/L12,HumanEval/101,L12,6,<=8,False,included_not_frozen_controller_test,HumanEval-SingleLineInfilling,Dream-org/Dream-Coder-v0-Base-7B
482,SingleLineInfilling/HumanEval/102/L0,HumanEval/102,L0,6,<=8,False,included_not_frozen_controller_test,HumanEval-SingleLineInfilling,Dream-org/Dream-Coder-v0-Base-7B
483,SingleLineInfilling/HumanEval/102/L1,HumanEval/102,L1,5,<=8,False,included_not_frozen_controller_test,HumanEval-SingleLineInfilling,Dream-org/Dream-Coder-v0-Base-7B
484,SingleLineInfilling/HumanEval/102/L2,HumanEval/102,L2,10,9-12,False,included_not_frozen_controller_test,HumanEval-SingleLineInfilling,Dream-org/Dream-Coder-v0-Base-7B
485,SingleLineInfilling/HumanEval/102/L3,HumanEval/102,L3,4,<=8,False,included_not_frozen_controller_test,HumanEval-SingleLineInfilling,Dream-org/Dream-Coder-v0-Base-7B
486,SingleLineInfilling/HumanEval/102/L4,HumanEval/102,L4,6,<=8,False,included_not_frozen_controller_test,HumanEval-SingleLineInfilling,Dream-org/Dream-Coder-v0-Base-7B
487,SingleLineInfilling/HumanEval/102/L5,HumanEval/102,L5,5,<=8,False,included_not_frozen_controller_test,HumanEval-SingleLineInfilling,Dream-org/Dream-Coder-v0-Base-7B
488,SingleLineInfilling/HumanEval/102/L6,HumanEval/102,L6,7,<=8,False,included_not_frozen_controller_test,HumanEval-SingleLineInfilling,Dream-org/Dream-Coder-v0-Base-7B
489,SingleLineInfilling/HumanEval/103/L0,HumanEval/103,L0,6,<=8,False,included_not_frozen_controller_test,HumanEval-SingleLineInfilling,Dream-org/Dream-Coder-v0-Base-7B
490,SingleLineInfilling/HumanEval/103/L1,HumanEval/103,L1,5,<=8,False,included_not_frozen_controller_test,HumanEval-SingleLineInfilling,Dream-org/Dream-Coder-v0-Base-7B
491,SingleLineInfilling/HumanEval/103/L2,HumanEval/103,L2,7,<=8,False,included_not_frozen_controller_test,HumanEval-SingleLineInfilling,Dream-org/Dream-Coder-v0-Base-7B
492,SingleLineInfilling/HumanEval/103/L3,HumanEval/103,L3,11,9-12,False,included_not_frozen_controller_test,HumanEval-SingleLineInfilling,Dream-org/Dream-Coder-v0-Base-7B
493,SingleLineInfilling/HumanEval/103/L4,HumanEval/103,L4,6,<=8,False,included_not_frozen_controller_test,HumanEval-SingleLineInfilling,Dream-org/Dream-Coder-v0-Base-7B
494,SingleLineInfilling/HumanEval/103/L5,HumanEval/103,L5,15,13-16,False,included_not_frozen_controller_test,HumanEval-SingleLineInfilling,Dream-org/Dream-Coder-v0-Base-7B
495,SingleLineInfilling/HumanEval/104/L0,HumanEval/104,L0,6,<=8,False,included_not_frozen_controller_test,HumanEval-SingleLineInfilling,Dream-org/Dream-Coder-v0-Base-7B
496,SingleLineInfilling/HumanEval/104/L1,HumanEval/104,L1,6,<=8,False,included_not_frozen_controller_test,HumanEval-SingleLineInfilling,Dream-org/Dream-Coder-v0-Base-7B
497,SingleLineInfilling/HumanEval/104/L2,HumanEval/104,L2,19,17-24,False,included_not_frozen_controller_test,HumanEval-SingleLineInfilling,Dream-org/Dream-Coder-v0-Base-7B
498,SingleLineInfilling/HumanEval/104/L3,HumanEval/104,L3,7,<=8,False,included_not_frozen_controller_test,HumanEval-SingleLineInfilling,Dream-org/Dream-Coder-v0-Base-7B
499,SingleLineInfilling/HumanEval/104/L4,HumanEval/104,L4,8,<=8,False,included_not_frozen_controller_test,HumanEval-SingleLineInfilling,Dream-org/Dream-Coder-v0-Base-7B
500,SingleLineInfilling/HumanEval/105/L0,HumanEval/105,L0,4,<=8,False,included_not_frozen_controller_test,HumanEval-SingleLineInfilling,Dream-org/Dream-Coder-v0-Base-7B
501,SingleLineInfilling/HumanEval/105/L1,HumanEval/105,L1,7,<=8,False,included_not_frozen_controller_test,HumanEval-SingleLineInfilling,Dream-org/Dream-Coder-v0-Base-7B
502,SingleLineInfilling/HumanEval/105/L2,HumanEval/105,L2,7,<=8,False,included_not_frozen_controller_test,HumanEval-SingleLineInfilling,Dream-org/Dream-Coder-v0-Base-7B
503,SingleLineInfilling/HumanEval/105/L3,HumanEval/105,L3,7,<=8,False,included_not_frozen_controller_test,HumanEval-SingleLineInfilling,Dream-org/Dream-Coder-v0-Base-7B
504,SingleLineInfilling/HumanEval/105/L4,HumanEval/105,L4,7,<=8,False,included_not_frozen_controller_test,HumanEval-SingleLineInfilling,Dream-org/Dream-Coder-v0-Base-7B
505,SingleLineInfilling/HumanEval/105/L5,HumanEval/105,L5,7,<=8,False,included_not_frozen_controller_test,HumanEval-SingleLineInfilling,Dream-org/Dream-Coder-v0-Base-7B
506,SingleLineInfilling/HumanEval/105/L6,HumanEval/105,L6,7,<=8,False,included_not_frozen_controller_test,HumanEval-SingleLineInfilling,Dream-org/Dream-Coder-v0-Base-7B
507,SingleLineInfilling/HumanEval/105/L7,HumanEval/105,L7,7,<=8,False,included_not_frozen_controller_test,HumanEval-SingleLineInfilling,Dream-org/Dream-Coder-v0-Base-7B
508,SingleLineInfilling/HumanEval/105/L8,HumanEval/105,L8,7,<=8,False,included_not_frozen_controller_test,HumanEval-SingleLineInfilling,Dream-org/Dream-Coder-v0-Base-7B
509,SingleLineInfilling/HumanEval/105/L9,HumanEval/105,L9,7,<=8,False,included_not_frozen_controller_test,HumanEval-SingleLineInfilling,Dream-org/Dream-Coder-v0-Base-7B
510,SingleLineInfilling/HumanEval/105/L10,HumanEval/105,L10,2,<=8,False,included_not_frozen_controller_test,HumanEval-SingleLineInfilling,Dream-org/Dream-Coder-v0-Base-7B
511,SingleLineInfilling/HumanEval/105/L11,HumanEval/105,L11,10,9-12,False,included_not_frozen_controller_test,HumanEval-SingleLineInfilling,Dream-org/Dream-Coder-v0-Base-7B
512,SingleLineInfilling/HumanEval/105/L12,HumanEval/105,L12,5,<=8,False,included_not_frozen_controller_test,HumanEval-SingleLineInfilling,Dream-org/Dream-Coder-v0-Base-7B
513,SingleLineInfilling/HumanEval/105/L13,HumanEval/105,L13,7,<=8,False,included_not_frozen_controller_test,HumanEval-SingleLineInfilling,Dream-org/Dream-Coder-v0-Base-7B
514,SingleLineInfilling/HumanEval/105/L14,HumanEval/105,L14,3,<=8,False,included_not_frozen_controller_test,HumanEval-SingleLineInfilling,Dream-org/Dream-Coder-v0-Base-7B
515,SingleLineInfilling/HumanEval/105/L15,HumanEval/105,L15,7,<=8,False,included_not_frozen_controller_test,HumanEval-SingleLineInfilling,Dream-org/Dream-Coder-v0-Base-7B
516,SingleLineInfilling/HumanEval/105/L16,HumanEval/105,L16,3,<=8,False,included_not_frozen_controller_test,HumanEval-SingleLineInfilling,Dream-org/Dream-Coder-v0-Base-7B
517,SingleLineInfilling/HumanEval/105/L17,HumanEval/105,L17,3,<=8,False,included_not_frozen_controller_test,HumanEval-SingleLineInfilling,Dream-org/Dream-Coder-v0-Base-7B
518,SingleLineInfilling/HumanEval/105/L18,HumanEval/105,L18,5,<=8,False,included_not_frozen_controller_test,HumanEval-SingleLineInfilling,Dream-org/Dream-Coder-v0-Base-7B
519,SingleLineInfilling/HumanEval/106/L0,HumanEval/106,L0,4,<=8,False,included_not_frozen_controller_test,HumanEval-SingleLineInfilling,Dream-org/Dream-Coder-v0-Base-7B
520,SingleLineInfilling/HumanEval/106/L1,HumanEval/106,L1,11,9-12,False,included_not_frozen_controller_test,HumanEval-SingleLineInfilling,Dream-org/Dream-Coder-v0-Base-7B
521,SingleLineInfilling/HumanEval/106/L2,HumanEval/106,L2,9,9-12,False,included_not_frozen_controller_test,HumanEval-SingleLineInfilling,Dream-org/Dream-Coder-v0-Base-7B
522,SingleLineInfilling/HumanEval/106/L3,HumanEval/106,L3,6,<=8,False,included_not_frozen_controller_test,HumanEval-SingleLineInfilling,Dream-org/Dream-Coder-v0-Base-7B
523,SingleLineInfilling/HumanEval/106/L4,HumanEval/106,L4,15,13-16,False,included_not_frozen_controller_test,HumanEval-SingleLineInfilling,Dream-org/Dream-Coder-v0-Base-7B
524,SingleLineInfilling/HumanEval/106/L5,HumanEval/106,L5,6,<=8,False,included_not_frozen_controller_test,HumanEval-SingleLineInfilling,Dream-org/Dream-Coder-v0-Base-7B
525,SingleLineInfilling/HumanEval/106/L6,HumanEval/106,L6,3,<=8,False,included_not_frozen_controller_test,HumanEval-SingleLineInfilling,Dream-org/Dream-Coder-v0-Base-7B
526,SingleLineInfilling/HumanEval/106/L7,HumanEval/106,L7,6,<=8,False,included_not_frozen_controller_test,HumanEval-SingleLineInfilling,Dream-org/Dream-Coder-v0-Base-7B
527,SingleLineInfilling/HumanEval/106/L8,HumanEval/106,L8,15,13-16,False,included_not_frozen_controller_test,HumanEval-SingleLineInfilling,Dream-org/Dream-Coder-v0-Base-7B
528,SingleLineInfilling/HumanEval/106/L9,HumanEval/106,L9,6,<=8,False,included_not_frozen_controller_test,HumanEval-SingleLineInfilling,Dream-org/Dream-Coder-v0-Base-7B
529,SingleLineInfilling/HumanEval/106/L10,HumanEval/106,L10,4,<=8,False,included_not_frozen_controller_test,HumanEval-SingleLineInfilling,Dream-org/Dream-Coder-v0-Base-7B
530,SingleLineInfilling/HumanEval/107/L0,HumanEval/107,L0,7,<=8,False,included_not_frozen_controller_test,HumanEval-SingleLineInfilling,Dream-org/Dream-Coder-v0-Base-7B
531,SingleLineInfilling/HumanEval/107/L1,HumanEval/107,L1,12,9-12,False,included_not_frozen_controller_test,HumanEval-SingleLineInfilling,Dream-org/Dream-Coder-v0-Base-7B
532,SingleLineInfilling/HumanEval/107/L3,HumanEval/107,L3,9,9-12,False,included_not_frozen_controller_test,HumanEval-SingleLineInfilling,Dream-org/Dream-Coder-v0-Base-7B
533,SingleLineInfilling/HumanEval/107/L4,HumanEval/107,L4,9,9-12,False,included_not_frozen_controller_test,HumanEval-SingleLineInfilling,Dream-org/Dream-Coder-v0-Base-7B
534,SingleLineInfilling/HumanEval/107/L6,HumanEval/107,L6,12,9-12,False,included_not_frozen_controller_test,HumanEval-SingleLineInfilling,Dream-org/Dream-Coder-v0-Base-7B
535,SingleLineInfilling/HumanEval/107/L7,HumanEval/107,L7,14,13-16,False,included_not_frozen_controller_test,HumanEval-SingleLineInfilling,Dream-org/Dream-Coder-v0-Base-7B
536,SingleLineInfilling/HumanEval/107/L8,HumanEval/107,L8,9,9-12,False,included_not_frozen_controller_test,HumanEval-SingleLineInfilling,Dream-org/Dream-Coder-v0-Base-7B
537,SingleLineInfilling/HumanEval/107/L9,HumanEval/107,L9,14,13-16,False,included_not_frozen_controller_test,HumanEval-SingleLineInfilling,Dream-org/Dream-Coder-v0-Base-7B
538,SingleLineInfilling/HumanEval/107/L10,HumanEval/107,L10,9,9-12,False,included_not_frozen_controller_test,HumanEval-SingleLineInfilling,Dream-org/Dream-Coder-v0-Base-7B
539,SingleLineInfilling/HumanEval/107/L11,HumanEval/107,L11,13,13-16,False,included_not_frozen_controller_test,HumanEval-SingleLineInfilling,Dream-org/Dream-Coder-v0-Base-7B
540,SingleLineInfilling/HumanEval/108/L0,HumanEval/108,L0,6,<=8,False,included_not_frozen_controller_test,HumanEval-SingleLineInfilling,Dream-org/Dream-Coder-v0-Base-7B
541,SingleLineInfilling/HumanEval/108/L1,HumanEval/108,L1,6,<=8,False,included_not_frozen_controller_test,HumanEval-SingleLineInfilling,Dream-org/Dream-Coder-v0-Base-7B
542,SingleLineInfilling/HumanEval/108/L2,HumanEval/108,L2,19,17-24,False,included_not_frozen_controller_test,HumanEval-SingleLineInfilling,Dream-org/Dream-Coder-v0-Base-7B
543,SingleLineInfilling/HumanEval/108/L3,HumanEval/108,L3,13,13-16,False,included_not_frozen_controller_test,HumanEval-SingleLineInfilling,Dream-org/Dream-Coder-v0-Base-7B
544,SingleLineInfilling/HumanEval/108/L4,HumanEval/108,L4,13,13-16,False,included_not_frozen_controller_test,HumanEval-SingleLineInfilling,Dream-org/Dream-Coder-v0-Base-7B
545,SingleLineInfilling/HumanEval/108/L5,HumanEval/108,L5,5,<=8,False,included_not_frozen_controller_test,HumanEval-SingleLineInfilling,Dream-org/Dream-Coder-v0-Base-7B
546,SingleLineInfilling/HumanEval/108/L6,HumanEval/108,L6,23,17-24,False,included_not_frozen_controller_test,HumanEval-SingleLineInfilling,Dream-org/Dream-Coder-v0-Base-7B
547,SingleLineInfilling/HumanEval/109/L0,HumanEval/109,L0,7,<=8,False,included_not_frozen_controller_test,HumanEval-SingleLineInfilling,Dream-org/Dream-Coder-v0-Base-7B
548,SingleLineInfilling/HumanEval/109/L1,HumanEval/109,L1,4,<=8,False,included_not_frozen_controller_test,HumanEval-SingleLineInfilling,Dream-org/Dream-Coder-v0-Base-7B
549,SingleLineInfilling/HumanEval/109/L2,HumanEval/109,L2,7,<=8,False,included_not_frozen_controller_test,HumanEval-SingleLineInfilling,Dream-org/Dream-Coder-v0-Base-7B
550,SingleLineInfilling/HumanEval/109/L3,HumanEval/109,L3,4,<=8,False,included_not_frozen_controller_test,HumanEval-SingleLineInfilling,Dream-org/Dream-Coder-v0-Base-7B
551,SingleLineInfilling/HumanEval/109/L5,HumanEval/109,L5,6,<=8,False,included_not_frozen_controller_test,HumanEval-SingleLineInfilling,Dream-org/Dream-Coder-v0-Base-7B
552,SingleLineInfilling/HumanEval/109/L6,HumanEval/109,L6,9,9-12,False,included_not_frozen_controller_test,HumanEval-SingleLineInfilling,Dream-org/Dream-Coder-v0-Base-7B
553,SingleLineInfilling/HumanEval/109/L7,HumanEval/109,L7,15,13-16,False,included_not_frozen_controller_test,HumanEval-SingleLineInfilling,Dream-org/Dream-Coder-v0-Base-7B
554,SingleLineInfilling/HumanEval/109/L8,HumanEval/109,L8,8,<=8,False,included_not_frozen_controller_test,HumanEval-SingleLineInfilling,Dream-org/Dream-Coder-v0-Base-7B
555,SingleLineInfilling/HumanEval/109/L9,HumanEval/109,L9,10,9-12,False,included_not_frozen_controller_test,HumanEval-SingleLineInfilling,Dream-org/Dream-Coder-v0-Base-7B
556,SingleLineInfilling/HumanEval/109/L10,HumanEval/109,L10,4,<=8,False,included_not_frozen_controller_test,HumanEval-SingleLineInfilling,Dream-org/Dream-Coder-v0-Base-7B
557,SingleLineInfilling/HumanEval/109/L11,HumanEval/109,L11,4,<=8,False,included_not_frozen_controller_test,HumanEval-SingleLineInfilling,Dream-org/Dream-Coder-v0-Base-7B
558,SingleLineInfilling/HumanEval/110/L0,HumanEval/110,L0,6,<=8,False,included_not_frozen_controller_test,HumanEval-SingleLineInfilling,Dream-org/Dream-Coder-v0-Base-7B
559,SingleLineInfilling/HumanEval/110/L1,HumanEval/110,L1,6,<=8,False,included_not_frozen_controller_test,HumanEval-SingleLineInfilling,Dream-org/Dream-Coder-v0-Base-7B
560,SingleLineInfilling/HumanEval/110/L2,HumanEval/110,L2,7,<=8,False,included_not_frozen_controller_test,HumanEval-SingleLineInfilling,Dream-org/Dream-Coder-v0-Base-7B
561,SingleLineInfilling/HumanEval/110/L3,HumanEval/110,L3,9,9-12,False,included_not_frozen_controller_test,HumanEval-SingleLineInfilling,Dream-org/Dream-Coder-v0-Base-7B
562,SingleLineInfilling/HumanEval/110/L4,HumanEval/110,L4,6,<=8,False,included_not_frozen_controller_test,HumanEval-SingleLineInfilling,Dream-org/Dream-Coder-v0-Base-7B
563,SingleLineInfilling/HumanEval/110/L5,HumanEval/110,L5,7,<=8,False,included_not_frozen_controller_test,HumanEval-SingleLineInfilling,Dream-org/Dream-Coder-v0-Base-7B
564,SingleLineInfilling/HumanEval/110/L6,HumanEval/110,L6,9,9-12,False,included_not_frozen_controller_test,HumanEval-SingleLineInfilling,Dream-org/Dream-Coder-v0-Base-7B
565,SingleLineInfilling/HumanEval/110/L7,HumanEval/110,L7,6,<=8,False,included_not_frozen_controller_test,HumanEval-SingleLineInfilling,Dream-org/Dream-Coder-v0-Base-7B
566,SingleLineInfilling/HumanEval/110/L8,HumanEval/110,L8,6,<=8,False,included_not_frozen_controller_test,HumanEval-SingleLineInfilling,Dream-org/Dream-Coder-v0-Base-7B
567,SingleLineInfilling/HumanEval/110/L9,HumanEval/110,L9,5,<=8,False,included_not_frozen_controller_test,HumanEval-SingleLineInfilling,Dream-org/Dream-Coder-v0-Base-7B
568,SingleLineInfilling/HumanEval/110/L10,HumanEval/110,L10,5,<=8,False,included_not_frozen_controller_test,HumanEval-SingleLineInfilling,Dream-org/Dream-Coder-v0-Base-7B
569,SingleLineInfilling/HumanEval/111/L0,HumanEval/111,L0,4,<=8,False,included_not_frozen_controller_test,HumanEval-SingleLineInfilling,Dream-org/Dream-Coder-v0-Base-7B
570,SingleLineInfilling/HumanEval/111/L1,HumanEval/111,L1,7,<=8,False,included_not_frozen_controller_test,HumanEval-SingleLineInfilling,Dream-org/Dream-Coder-v0-Base-7B
571,SingleLineInfilling/HumanEval/111/L2,HumanEval/111,L2,5,<=8,False,included_not_frozen_controller_test,HumanEval-SingleLineInfilling,Dream-org/Dream-Coder-v0-Base-7B
572,SingleLineInfilling/HumanEval/111/L4,HumanEval/111,L4,7,<=8,False,included_not_frozen_controller_test,HumanEval-SingleLineInfilling,Dream-org/Dream-Coder-v0-Base-7B
573,SingleLineInfilling/HumanEval/111/L5,HumanEval/111,L5,13,13-16,False,included_not_frozen_controller_test,HumanEval-SingleLineInfilling,Dream-org/Dream-Coder-v0-Base-7B
574,SingleLineInfilling/HumanEval/111/L6,HumanEval/111,L6,7,<=8,False,included_not_frozen_controller_test,HumanEval-SingleLineInfilling,Dream-org/Dream-Coder-v0-Base-7B
575,SingleLineInfilling/HumanEval/111/L7,HumanEval/111,L7,6,<=8,False,included_not_frozen_controller_test,HumanEval-SingleLineInfilling,Dream-org/Dream-Coder-v0-Base-7B
576,SingleLineInfilling/HumanEval/111/L8,HumanEval/111,L8,7,<=8,False,included_not_frozen_controller_test,HumanEval-SingleLineInfilling,Dream-org/Dream-Coder-v0-Base-7B
577,SingleLineInfilling/HumanEval/111/L9,HumanEval/111,L9,9,9-12,False,included_not_frozen_controller_test,HumanEval-SingleLineInfilling,Dream-org/Dream-Coder-v0-Base-7B
578,SingleLineInfilling/HumanEval/111/L11,HumanEval/111,L11,7,<=8,False,included_not_frozen_controller_test,HumanEval-SingleLineInfilling,Dream-org/Dream-Coder-v0-Base-7B
579,SingleLineInfilling/HumanEval/111/L12,HumanEval/111,L12,5,<=8,False,included_not_frozen_controller_test,HumanEval-SingleLineInfilling,Dream-org/Dream-Coder-v0-Base-7B
580,SingleLineInfilling/HumanEval/112/L0,HumanEval/112,L0,17,17-24,False,included_not_frozen_controller_test,HumanEval-SingleLineInfilling,Dream-org/Dream-Coder-v0-Base-7B
581,SingleLineInfilling/HumanEval/112/L1,HumanEval/112,L1,11,9-12,False,included_not_frozen_controller_test,HumanEval-SingleLineInfilling,Dream-org/Dream-Coder-v0-Base-7B
582,SingleLineInfilling/HumanEval/113/L0,HumanEval/113,L0,4,<=8,False,included_not_frozen_controller_test,HumanEval-SingleLineInfilling,Dream-org/Dream-Coder-v0-Base-7B
583,SingleLineInfilling/HumanEval/113/L1,HumanEval/113,L1,6,<=8,False,included_not_frozen_controller_test,HumanEval-SingleLineInfilling,Dream-org/Dream-Coder-v0-Base-7B
584,SingleLineInfilling/HumanEval/113/L2,HumanEval/113,L2,15,13-16,False,included_not_frozen_controller_test,HumanEval-SingleLineInfilling,Dream-org/Dream-Coder-v0-Base-7B
585,SingleLineInfilling/HumanEval/113/L3,HumanEval/113,L3,40,25+,False,included_not_frozen_controller_test,HumanEval-SingleLineInfilling,Dream-org/Dream-Coder-v0-Base-7B
586,SingleLineInfilling/HumanEval/113/L4,HumanEval/113,L4,4,<=8,False,included_not_frozen_controller_test,HumanEval-SingleLineInfilling,Dream-org/Dream-Coder-v0-Base-7B
587,SingleLineInfilling/HumanEval/114/L0,HumanEval/114,L0,7,<=8,False,included_not_frozen_controller_test,HumanEval-SingleLineInfilling,Dream-org/Dream-Coder-v0-Base-7B
588,SingleLineInfilling/HumanEval/114/L1,HumanEval/114,L1,6,<=8,False,included_not_frozen_controller_test,HumanEval-SingleLineInfilling,Dream-org/Dream-Coder-v0-Base-7B
589,SingleLineInfilling/HumanEval/114/L2,HumanEval/114,L2,6,<=8,False,included_not_frozen_controller_test,HumanEval-SingleLineInfilling,Dream-org/Dream-Coder-v0-Base-7B
590,SingleLineInfilling/HumanEval/114/L3,HumanEval/114,L3,6,<=8,False,included_not_frozen_controller_test,HumanEval-SingleLineInfilling,Dream-org/Dream-Coder-v0-Base-7B
591,SingleLineInfilling/HumanEval/114/L4,HumanEval/114,L4,8,<=8,False,included_not_frozen_controller_test,HumanEval-SingleLineInfilling,Dream-org/Dream-Coder-v0-Base-7B
592,SingleLineInfilling/HumanEval/114/L5,HumanEval/114,L5,6,<=8,False,included_not_frozen_controller_test,HumanEval-SingleLineInfilling,Dream-org/Dream-Coder-v0-Base-7B
593,SingleLineInfilling/HumanEval/114/L6,HumanEval/114,L6,10,9-12,False,included_not_frozen_controller_test,HumanEval-SingleLineInfilling,Dream-org/Dream-Coder-v0-Base-7B
594,SingleLineInfilling/HumanEval/114/L7,HumanEval/114,L7,8,<=8,False,included_not_frozen_controller_test,HumanEval-SingleLineInfilling,Dream-org/Dream-Coder-v0-Base-7B
595,SingleLineInfilling/HumanEval/114/L8,HumanEval/114,L8,12,9-12,False,included_not_frozen_controller_test,HumanEval-SingleLineInfilling,Dream-org/Dream-Coder-v0-Base-7B
596,SingleLineInfilling/HumanEval/114/L9,HumanEval/114,L9,8,<=8,False,included_not_frozen_controller_test,HumanEval-SingleLineInfilling,Dream-org/Dream-Coder-v0-Base-7B
597,SingleLineInfilling/HumanEval/114/L10,HumanEval/114,L10,5,<=8,False,included_not_frozen_controller_test,HumanEval-SingleLineInfilling,Dream-org/Dream-Coder-v0-Base-7B
598,SingleLineInfilling/HumanEval/115/L0,HumanEval/115,L0,16,13-16,False,included_not_frozen_controller_test,HumanEval-SingleLineInfilling,Dream-org/Dream-Coder-v0-Base-7B
599,SingleLineInfilling/HumanEval/116/L0,HumanEval/116,L0,19,17-24,False,included_not_frozen_controller_test,HumanEval-SingleLineInfilling,Dream-org/Dream-Coder-v0-Base-7B
600,SingleLineInfilling/HumanEval/117/L0,HumanEval/117,L0,4,<=8,False,included_not_frozen_controller_test,HumanEval-SingleLineInfilling,Dream-org/Dream-Coder-v0-Base-7B
601,SingleLineInfilling/HumanEval/117/L1,HumanEval/117,L1,7,<=8,False,included_not_frozen_controller_test,HumanEval-SingleLineInfilling,Dream-org/Dream-Coder-v0-Base-7B
602,SingleLineInfilling/HumanEval/117/L2,HumanEval/117,L2,9,9-12,False,included_not_frozen_controller_test,HumanEval-SingleLineInfilling,Dream-org/Dream-Coder-v0-Base-7B
603,SingleLineInfilling/HumanEval/117/L3,HumanEval/117,L3,11,9-12,False,included_not_frozen_controller_test,HumanEval-SingleLineInfilling,Dream-org/Dream-Coder-v0-Base-7B
604,SingleLineInfilling/HumanEval/117/L4,HumanEval/117,L4,20,17-24,False,included_not_frozen_controller_test,HumanEval-SingleLineInfilling,Dream-org/Dream-Coder-v0-Base-7B
605,SingleLineInfilling/HumanEval/117/L5,HumanEval/117,L5,9,9-12,False,included_not_frozen_controller_test,HumanEval-SingleLineInfilling,Dream-org/Dream-Coder-v0-Base-7B
606,SingleLineInfilling/HumanEval/117/L6,HumanEval/117,L6,9,9-12,False,included_not_frozen_controller_test,HumanEval-SingleLineInfilling,Dream-org/Dream-Coder-v0-Base-7B
607,SingleLineInfilling/HumanEval/117/L7,HumanEval/117,L7,5,<=8,False,included_not_frozen_controller_test,HumanEval-SingleLineInfilling,Dream-org/Dream-Coder-v0-Base-7B
608,SingleLineInfilling/HumanEval/117/L8,HumanEval/117,L8,4,<=8,False,included_not_frozen_controller_test,HumanEval-SingleLineInfilling,Dream-org/Dream-Coder-v0-Base-7B
609,SingleLineInfilling/HumanEval/118/L0,HumanEval/118,L0,9,9-12,False,included_not_frozen_controller_test,HumanEval-SingleLineInfilling,Dream-org/Dream-Coder-v0-Base-7B
610,SingleLineInfilling/HumanEval/118/L1,HumanEval/118,L1,3,<=8,False,included_not_frozen_controller_test,HumanEval-SingleLineInfilling,Dream-org/Dream-Coder-v0-Base-7B
611,SingleLineInfilling/HumanEval/118/L3,HumanEval/118,L3,33,25+,False,included_not_frozen_controller_test,HumanEval-SingleLineInfilling,Dream-org/Dream-Coder-v0-Base-7B
612,SingleLineInfilling/HumanEval/118/L4,HumanEval/118,L4,16,13-16,False,included_not_frozen_controller_test,HumanEval-SingleLineInfilling,Dream-org/Dream-Coder-v0-Base-7B
613,SingleLineInfilling/HumanEval/118/L5,HumanEval/118,L5,8,<=8,False,included_not_frozen_controller_test,HumanEval-SingleLineInfilling,Dream-org/Dream-Coder-v0-Base-7B
614,SingleLineInfilling/HumanEval/118/L6,HumanEval/118,L6,23,17-24,False,included_not_frozen_controller_test,HumanEval-SingleLineInfilling,Dream-org/Dream-Coder-v0-Base-7B
615,SingleLineInfilling/HumanEval/118/L7,HumanEval/118,L7,5,<=8,False,included_not_frozen_controller_test,HumanEval-SingleLineInfilling,Dream-org/Dream-Coder-v0-Base-7B
616,SingleLineInfilling/HumanEval/118/L8,HumanEval/118,L8,3,<=8,False,included_not_frozen_controller_test,HumanEval-SingleLineInfilling,Dream-org/Dream-Coder-v0-Base-7B
617,SingleLineInfilling/HumanEval/119/L0,HumanEval/119,L0,5,<=8,False,included_not_frozen_controller_test,HumanEval-SingleLineInfilling,Dream-org/Dream-Coder-v0-Base-7B
618,SingleLineInfilling/HumanEval/119/L1,HumanEval/119,L1,6,<=8,False,included_not_frozen_controller_test,HumanEval-SingleLineInfilling,Dream-org/Dream-Coder-v0-Base-7B
619,SingleLineInfilling/HumanEval/119/L2,HumanEval/119,L2,6,<=8,False,included_not_frozen_controller_test,HumanEval-SingleLineInfilling,Dream-org/Dream-Coder-v0-Base-7B
620,SingleLineInfilling/HumanEval/119/L3,HumanEval/119,L3,6,<=8,False,included_not_frozen_controller_test,HumanEval-SingleLineInfilling,Dream-org/Dream-Coder-v0-Base-7B
621,SingleLineInfilling/HumanEval/119/L4,HumanEval/119,L4,8,<=8,False,included_not_frozen_controller_test,HumanEval-SingleLineInfilling,Dream-org/Dream-Coder-v0-Base-7B
622,SingleLineInfilling/HumanEval/119/L5,HumanEval/119,L5,3,<=8,False,included_not_frozen_controller_test,HumanEval-SingleLineInfilling,Dream-org/Dream-Coder-v0-Base-7B
623,SingleLineInfilling/HumanEval/119/L6,HumanEval/119,L6,8,<=8,False,included_not_frozen_controller_test,HumanEval-SingleLineInfilling,Dream-org/Dream-Coder-v0-Base-7B
624,SingleLineInfilling/HumanEval/119/L7,HumanEval/119,L7,7,<=8,False,included_not_frozen_controller_test,HumanEval-SingleLineInfilling,Dream-org/Dream-Coder-v0-Base-7B
625,SingleLineInfilling/HumanEval/119/L8,HumanEval/119,L8,4,<=8,False,included_not_frozen_controller_test,HumanEval-SingleLineInfilling,Dream-org/Dream-Coder-v0-Base-7B
626,SingleLineInfilling/HumanEval/119/L9,HumanEval/119,L9,11,9-12,False,included_not_frozen_controller_test,HumanEval-SingleLineInfilling,Dream-org/Dream-Coder-v0-Base-7B
627,SingleLineInfilling/HumanEval/119/L11,HumanEval/119,L11,13,13-16,False,included_not_frozen_controller_test,HumanEval-SingleLineInfilling,Dream-org/Dream-Coder-v0-Base-7B
628,SingleLineInfilling/HumanEval/119/L12,HumanEval/119,L12,13,13-16,False,included_not_frozen_controller_test,HumanEval-SingleLineInfilling,Dream-org/Dream-Coder-v0-Base-7B
629,SingleLineInfilling/HumanEval/119/L13,HumanEval/119,L13,19,17-24,False,included_not_frozen_controller_test,HumanEval-SingleLineInfilling,Dream-org/Dream-Coder-v0-Base-7B
630,SingleLineInfilling/HumanEval/120/L0,HumanEval/120,L0,7,<=8,False,included_not_frozen_controller_test,HumanEval-SingleLineInfilling,Dream-org/Dream-Coder-v0-Base-7B
631,SingleLineInfilling/HumanEval/120/L1,HumanEval/120,L1,3,<=8,False,included_not_frozen_controller_test,HumanEval-SingleLineInfilling,Dream-org/Dream-Coder-v0-Base-7B
632,SingleLineInfilling/HumanEval/120/L2,HumanEval/120,L2,4,<=8,False,included_not_frozen_controller_test,HumanEval-SingleLineInfilling,Dream-org/Dream-Coder-v0-Base-7B
633,SingleLineInfilling/HumanEval/120/L3,HumanEval/120,L3,7,<=8,False,included_not_frozen_controller_test,HumanEval-SingleLineInfilling,Dream-org/Dream-Coder-v0-Base-7B
634,SingleLineInfilling/HumanEval/120/L4,HumanEval/120,L4,4,<=8,False,included_not_frozen_controller_test,HumanEval-SingleLineInfilling,Dream-org/Dream-Coder-v0-Base-7B
635,SingleLineInfilling/HumanEval/121/L0,HumanEval/121,L0,26,25+,False,included_not_frozen_controller_test,HumanEval-SingleLineInfilling,Dream-org/Dream-Coder-v0-Base-7B
636,SingleLineInfilling/HumanEval/122/L0,HumanEval/122,L0,20,17-24,False,included_not_frozen_controller_test,HumanEval-SingleLineInfilling,Dream-org/Dream-Coder-v0-Base-7B
637,SingleLineInfilling/HumanEval/123/L0,HumanEval/123,L0,8,<=8,False,included_not_frozen_controller_test,HumanEval-SingleLineInfilling,Dream-org/Dream-Coder-v0-Base-7B
638,SingleLineInfilling/HumanEval/123/L1,HumanEval/123,L1,7,<=8,False,included_not_frozen_controller_test,HumanEval-SingleLineInfilling,Dream-org/Dream-Coder-v0-Base-7B
639,SingleLineInfilling/HumanEval/123/L2,HumanEval/123,L2,3,<=8,False,included_not_frozen_controller_test,HumanEval-SingleLineInfilling,Dream-org/Dream-Coder-v0-Base-7B
640,SingleLineInfilling/HumanEval/123/L3,HumanEval/123,L3,8,<=8,False,included_not_frozen_controller_test,HumanEval-SingleLineInfilling,Dream-org/Dream-Coder-v0-Base-7B
641,SingleLineInfilling/HumanEval/123/L4,HumanEval/123,L4,7,<=8,False,included_not_frozen_controller_test,HumanEval-SingleLineInfilling,Dream-org/Dream-Coder-v0-Base-7B
642,SingleLineInfilling/HumanEval/123/L5,HumanEval/123,L5,10,9-12,False,included_not_frozen_controller_test,HumanEval-SingleLineInfilling,Dream-org/Dream-Coder-v0-Base-7B
643,SingleLineInfilling/HumanEval/123/L6,HumanEval/123,L6,7,<=8,False,included_not_frozen_controller_test,HumanEval-SingleLineInfilling,Dream-org/Dream-Coder-v0-Base-7B
644,SingleLineInfilling/HumanEval/123/L7,HumanEval/123,L7,3,<=8,False,included_not_frozen_controller_test,HumanEval-SingleLineInfilling,Dream-org/Dream-Coder-v0-Base-7B
645,SingleLineInfilling/HumanEval/123/L8,HumanEval/123,L8,10,9-12,False,included_not_frozen_controller_test,HumanEval-SingleLineInfilling,Dream-org/Dream-Coder-v0-Base-7B
646,SingleLineInfilling/HumanEval/123/L10,HumanEval/123,L10,9,9-12,False,included_not_frozen_controller_test,HumanEval-SingleLineInfilling,Dream-org/Dream-Coder-v0-Base-7B
647,SingleLineInfilling/HumanEval/123/L11,HumanEval/123,L11,8,<=8,False,included_not_frozen_controller_test,HumanEval-SingleLineInfilling,Dream-org/Dream-Coder-v0-Base-7B
648,SingleLineInfilling/HumanEval/123/L13,HumanEval/123,L13,8,<=8,False,included_not_frozen_controller_test,HumanEval-SingleLineInfilling,Dream-org/Dream-Coder-v0-Base-7B
649,SingleLineInfilling/HumanEval/124/L0,HumanEval/124,L0,3,<=8,False,included_not_frozen_controller_test,HumanEval-SingleLineInfilling,Dream-org/Dream-Coder-v0-Base-7B
650,SingleLineInfilling/HumanEval/124/L1,HumanEval/124,L1,6,<=8,False,included_not_frozen_controller_test,HumanEval-SingleLineInfilling,Dream-org/Dream-Coder-v0-Base-7B
651,SingleLineInfilling/HumanEval/124/L2,HumanEval/124,L2,11,9-12,False,included_not_frozen_controller_test,HumanEval-SingleLineInfilling,Dream-org/Dream-Coder-v0-Base-7B
652,SingleLineInfilling/HumanEval/124/L3,HumanEval/124,L3,16,13-16,False,included_not_frozen_controller_test,HumanEval-SingleLineInfilling,Dream-org/Dream-Coder-v0-Base-7B
653,SingleLineInfilling/HumanEval/124/L4,HumanEval/124,L4,13,13-16,False,included_not_frozen_controller_test,HumanEval-SingleLineInfilling,Dream-org/Dream-Coder-v0-Base-7B
654,SingleLineInfilling/HumanEval/124/L5,HumanEval/124,L5,4,<=8,False,included_not_frozen_controller_test,HumanEval-SingleLineInfilling,Dream-org/Dream-Coder-v0-Base-7B
655,SingleLineInfilling/HumanEval/124/L6,HumanEval/124,L6,33,25+,False,included_not_frozen_controller_test,HumanEval-SingleLineInfilling,Dream-org/Dream-Coder-v0-Base-7B
656,SingleLineInfilling/HumanEval/124/L7,HumanEval/124,L7,4,<=8,False,included_not_frozen_controller_test,HumanEval-SingleLineInfilling,Dream-org/Dream-Coder-v0-Base-7B
657,SingleLineInfilling/HumanEval/124/L8,HumanEval/124,L8,26,25+,False,included_not_frozen_controller_test,HumanEval-SingleLineInfilling,Dream-org/Dream-Coder-v0-Base-7B
658,SingleLineInfilling/HumanEval/124/L9,HumanEval/124,L9,4,<=8,False,included_not_frozen_controller_test,HumanEval-SingleLineInfilling,Dream-org/Dream-Coder-v0-Base-7B
659,SingleLineInfilling/HumanEval/124/L10,HumanEval/124,L10,18,17-24,False,included_not_frozen_controller_test,HumanEval-SingleLineInfilling,Dream-org/Dream-Coder-v0-Base-7B
660,SingleLineInfilling/HumanEval/124/L11,HumanEval/124,L11,4,<=8,False,included_not_frozen_controller_test,HumanEval-SingleLineInfilling,Dream-org/Dream-Coder-v0-Base-7B
661,SingleLineInfilling/HumanEval/124/L12,HumanEval/124,L12,3,<=8,False,included_not_frozen_controller_test,HumanEval-SingleLineInfilling,Dream-org/Dream-Coder-v0-Base-7B
662,SingleLineInfilling/HumanEval/124/L13,HumanEval/124,L13,4,<=8,False,included_not_frozen_controller_test,HumanEval-SingleLineInfilling,Dream-org/Dream-Coder-v0-Base-7B
663,SingleLineInfilling/HumanEval/124/L15,HumanEval/124,L15,4,<=8,False,included_not_frozen_controller_test,HumanEval-SingleLineInfilling,Dream-org/Dream-Coder-v0-Base-7B
664,SingleLineInfilling/HumanEval/125/L0,HumanEval/125,L0,7,<=8,False,included_not_frozen_controller_test,HumanEval-SingleLineInfilling,Dream-org/Dream-Coder-v0-Base-7B
665,SingleLineInfilling/HumanEval/125/L1,HumanEval/125,L1,5,<=8,False,included_not_frozen_controller_test,HumanEval-SingleLineInfilling,Dream-org/Dream-Coder-v0-Base-7B
666,SingleLineInfilling/HumanEval/125/L2,HumanEval/125,L2,6,<=8,False,included_not_frozen_controller_test,HumanEval-SingleLineInfilling,Dream-org/Dream-Coder-v0-Base-7B
667,SingleLineInfilling/HumanEval/125/L3,HumanEval/125,L3,9,9-12,False,included_not_frozen_controller_test,HumanEval-SingleLineInfilling,Dream-org/Dream-Coder-v0-Base-7B
668,SingleLineInfilling/HumanEval/125/L4,HumanEval/125,L4,3,<=8,False,included_not_frozen_controller_test,HumanEval-SingleLineInfilling,Dream-org/Dream-Coder-v0-Base-7B
669,SingleLineInfilling/HumanEval/125/L5,HumanEval/125,L5,23,17-24,False,included_not_frozen_controller_test,HumanEval-SingleLineInfilling,Dream-org/Dream-Coder-v0-Base-7B
670,SingleLineInfilling/HumanEval/126/L0,HumanEval/126,L0,16,13-16,False,included_not_frozen_controller_test,HumanEval-SingleLineInfilling,Dream-org/Dream-Coder-v0-Base-7B
671,SingleLineInfilling/HumanEval/126/L1,HumanEval/126,L1,6,<=8,False,included_not_frozen_controller_test,HumanEval-SingleLineInfilling,Dream-org/Dream-Coder-v0-Base-7B
672,SingleLineInfilling/HumanEval/126/L2,HumanEval/126,L2,7,<=8,False,included_not_frozen_controller_test,HumanEval-SingleLineInfilling,Dream-org/Dream-Coder-v0-Base-7B
673,SingleLineInfilling/HumanEval/126/L3,HumanEval/126,L3,15,13-16,False,included_not_frozen_controller_test,HumanEval-SingleLineInfilling,Dream-org/Dream-Coder-v0-Base-7B
674,SingleLineInfilling/HumanEval/126/L4,HumanEval/126,L4,4,<=8,False,included_not_frozen_controller_test,HumanEval-SingleLineInfilling,Dream-org/Dream-Coder-v0-Base-7B
675,SingleLineInfilling/HumanEval/126/L5,HumanEval/126,L5,22,17-24,False,included_not_frozen_controller_test,HumanEval-SingleLineInfilling,Dream-org/Dream-Coder-v0-Base-7B
676,SingleLineInfilling/HumanEval/126/L6,HumanEval/126,L6,4,<=8,False,included_not_frozen_controller_test,HumanEval-SingleLineInfilling,Dream-org/Dream-Coder-v0-Base-7B
677,SingleLineInfilling/HumanEval/126/L7,HumanEval/126,L7,3,<=8,False,included_not_frozen_controller_test,HumanEval-SingleLineInfilling,Dream-org/Dream-Coder-v0-Base-7B
678,SingleLineInfilling/HumanEval/126/L8,HumanEval/126,L8,4,<=8,False,included_not_frozen_controller_test,HumanEval-SingleLineInfilling,Dream-org/Dream-Coder-v0-Base-7B
679,SingleLineInfilling/HumanEval/127/L0,HumanEval/127,L0,6,<=8,False,included_not_frozen_controller_test,HumanEval-SingleLineInfilling,Dream-org/Dream-Coder-v0-Base-7B
680,SingleLineInfilling/HumanEval/127/L1,HumanEval/127,L1,12,9-12,False,included_not_frozen_controller_test,HumanEval-SingleLineInfilling,Dream-org/Dream-Coder-v0-Base-7B
681,SingleLineInfilling/HumanEval/127/L2,HumanEval/127,L2,4,<=8,False,included_not_frozen_controller_test,HumanEval-SingleLineInfilling,Dream-org/Dream-Coder-v0-Base-7B
682,SingleLineInfilling/HumanEval/127/L3,HumanEval/127,L3,7,<=8,False,included_not_frozen_controller_test,HumanEval-SingleLineInfilling,Dream-org/Dream-Coder-v0-Base-7B
683,SingleLineInfilling/HumanEval/127/L4,HumanEval/127,L4,4,<=8,False,included_not_frozen_controller_test,HumanEval-SingleLineInfilling,Dream-org/Dream-Coder-v0-Base-7B
684,SingleLineInfilling/HumanEval/127/L5,HumanEval/127,L5,10,9-12,False,included_not_frozen_controller_test,HumanEval-SingleLineInfilling,Dream-org/Dream-Coder-v0-Base-7B
685,SingleLineInfilling/HumanEval/127/L6,HumanEval/127,L6,8,<=8,False,included_not_frozen_controller_test,HumanEval-SingleLineInfilling,Dream-org/Dream-Coder-v0-Base-7B
686,SingleLineInfilling/HumanEval/127/L7,HumanEval/127,L7,4,<=8,False,included_not_frozen_controller_test,HumanEval-SingleLineInfilling,Dream-org/Dream-Coder-v0-Base-7B
687,SingleLineInfilling/HumanEval/127/L8,HumanEval/127,L8,4,<=8,False,included_not_frozen_controller_test,HumanEval-SingleLineInfilling,Dream-org/Dream-Coder-v0-Base-7B
688,SingleLineInfilling/HumanEval/127/L10,HumanEval/127,L10,14,13-16,False,included_not_frozen_controller_test,HumanEval-SingleLineInfilling,Dream-org/Dream-Coder-v0-Base-7B
689,SingleLineInfilling/HumanEval/127/L11,HumanEval/127,L11,14,13-16,False,included_not_frozen_controller_test,HumanEval-SingleLineInfilling,Dream-org/Dream-Coder-v0-Base-7B
690,SingleLineInfilling/HumanEval/127/L12,HumanEval/127,L12,7,<=8,False,included_not_frozen_controller_test,HumanEval-SingleLineInfilling,Dream-org/Dream-Coder-v0-Base-7B
691,SingleLineInfilling/HumanEval/127/L13,HumanEval/127,L13,11,9-12,False,included_not_frozen_controller_test,HumanEval-SingleLineInfilling,Dream-org/Dream-Coder-v0-Base-7B
692,SingleLineInfilling/HumanEval/127/L14,HumanEval/127,L14,5,<=8,False,included_not_frozen_controller_test,HumanEval-SingleLineInfilling,Dream-org/Dream-Coder-v0-Base-7B
693,SingleLineInfilling/HumanEval/127/L15,HumanEval/127,L15,5,<=8,False,included_not_frozen_controller_test,HumanEval-SingleLineInfilling,Dream-org/Dream-Coder-v0-Base-7B
694,SingleLineInfilling/HumanEval/128/L0,HumanEval/128,L0,8,<=8,False,included_not_frozen_controller_test,HumanEval-SingleLineInfilling,Dream-org/Dream-Coder-v0-Base-7B
695,SingleLineInfilling/HumanEval/128/L1,HumanEval/128,L1,28,25+,False,included_not_frozen_controller_test,HumanEval-SingleLineInfilling,Dream-org/Dream-Coder-v0-Base-7B
696,SingleLineInfilling/HumanEval/128/L2,HumanEval/128,L2,14,13-16,False,included_not_frozen_controller_test,HumanEval-SingleLineInfilling,Dream-org/Dream-Coder-v0-Base-7B
697,SingleLineInfilling/HumanEval/129/L0,HumanEval/129,L0,6,<=8,False,included_not_frozen_controller_test,HumanEval-SingleLineInfilling,Dream-org/Dream-Coder-v0-Base-7B
698,SingleLineInfilling/HumanEval/129/L1,HumanEval/129,L1,10,9-12,False,included_not_frozen_controller_test,HumanEval-SingleLineInfilling,Dream-org/Dream-Coder-v0-Base-7B
699,SingleLineInfilling/HumanEval/129/L2,HumanEval/129,L2,7,<=8,False,included_not_frozen_controller_test,HumanEval-SingleLineInfilling,Dream-org/Dream-Coder-v0-Base-7B
700,SingleLineInfilling/HumanEval/129/L3,HumanEval/129,L3,7,<=8,False,included_not_frozen_controller_test,HumanEval-SingleLineInfilling,Dream-org/Dream-Coder-v0-Base-7B
701,SingleLineInfilling/HumanEval/129/L4,HumanEval/129,L4,11,9-12,False,included_not_frozen_controller_test,HumanEval-SingleLineInfilling,Dream-org/Dream-Coder-v0-Base-7B
702,SingleLineInfilling/HumanEval/129/L5,HumanEval/129,L5,4,<=8,False,included_not_frozen_controller_test,HumanEval-SingleLineInfilling,Dream-org/Dream-Coder-v0-Base-7B
703,SingleLineInfilling/HumanEval/129/L6,HumanEval/129,L6,7,<=8,False,included_not_frozen_controller_test,HumanEval-SingleLineInfilling,Dream-org/Dream-Coder-v0-Base-7B
704,SingleLineInfilling/HumanEval/129/L7,HumanEval/129,L7,11,9-12,False,included_not_frozen_controller_test,HumanEval-SingleLineInfilling,Dream-org/Dream-Coder-v0-Base-7B
705,SingleLineInfilling/HumanEval/129/L9,HumanEval/129,L9,7,<=8,False,included_not_frozen_controller_test,HumanEval-SingleLineInfilling,Dream-org/Dream-Coder-v0-Base-7B
706,SingleLineInfilling/HumanEval/129/L10,HumanEval/129,L10,11,9-12,False,included_not_frozen_controller_test,HumanEval-SingleLineInfilling,Dream-org/Dream-Coder-v0-Base-7B
707,SingleLineInfilling/HumanEval/129/L12,HumanEval/129,L12,9,9-12,False,included_not_frozen_controller_test,HumanEval-SingleLineInfilling,Dream-org/Dream-Coder-v0-Base-7B
708,SingleLineInfilling/HumanEval/129/L13,HumanEval/129,L13,11,9-12,False,included_not_frozen_controller_test,HumanEval-SingleLineInfilling,Dream-org/Dream-Coder-v0-Base-7B
709,SingleLineInfilling/HumanEval/129/L15,HumanEval/129,L15,9,9-12,False,included_not_frozen_controller_test,HumanEval-SingleLineInfilling,Dream-org/Dream-Coder-v0-Base-7B
710,SingleLineInfilling/HumanEval/129/L16,HumanEval/129,L16,11,9-12,False,included_not_frozen_controller_test,HumanEval-SingleLineInfilling,Dream-org/Dream-Coder-v0-Base-7B
711,SingleLineInfilling/HumanEval/129/L18,HumanEval/129,L18,6,<=8,False,included_not_frozen_controller_test,HumanEval-SingleLineInfilling,Dream-org/Dream-Coder-v0-Base-7B
712,SingleLineInfilling/HumanEval/129/L20,HumanEval/129,L20,4,<=8,False,included_not_frozen_controller_test,HumanEval-SingleLineInfilling,Dream-org/Dream-Coder-v0-Base-7B
713,SingleLineInfilling/HumanEval/129/L21,HumanEval/129,L21,7,<=8,False,included_not_frozen_controller_test,HumanEval-SingleLineInfilling,Dream-org/Dream-Coder-v0-Base-7B
714,SingleLineInfilling/HumanEval/129/L22,HumanEval/129,L22,10,9-12,False,included_not_frozen_controller_test,HumanEval-SingleLineInfilling,Dream-org/Dream-Coder-v0-Base-7B
715,SingleLineInfilling/HumanEval/129/L23,HumanEval/129,L23,6,<=8,False,included_not_frozen_controller_test,HumanEval-SingleLineInfilling,Dream-org/Dream-Coder-v0-Base-7B
716,SingleLineInfilling/HumanEval/129/L24,HumanEval/129,L24,3,<=8,False,included_not_frozen_controller_test,HumanEval-SingleLineInfilling,Dream-org/Dream-Coder-v0-Base-7B
717,SingleLineInfilling/HumanEval/129/L25,HumanEval/129,L25,5,<=8,False,included_not_frozen_controller_test,HumanEval-SingleLineInfilling,Dream-org/Dream-Coder-v0-Base-7B
718,SingleLineInfilling/HumanEval/129/L26,HumanEval/129,L26,4,<=8,False,included_not_frozen_controller_test,HumanEval-SingleLineInfilling,Dream-org/Dream-Coder-v0-Base-7B
719,SingleLineInfilling/HumanEval/130/L0,HumanEval/130,L0,7,<=8,False,included_not_frozen_controller_test,HumanEval-SingleLineInfilling,Dream-org/Dream-Coder-v0-Base-7B
720,SingleLineInfilling/HumanEval/130/L1,HumanEval/130,L1,5,<=8,False,included_not_frozen_controller_test,HumanEval-SingleLineInfilling,Dream-org/Dream-Coder-v0-Base-7B
721,SingleLineInfilling/HumanEval/130/L2,HumanEval/130,L2,10,9-12,False,included_not_frozen_controller_test,HumanEval-SingleLineInfilling,Dream-org/Dream-Coder-v0-Base-7B
722,SingleLineInfilling/HumanEval/130/L3,HumanEval/130,L3,13,13-16,False,included_not_frozen_controller_test,HumanEval-SingleLineInfilling,Dream-org/Dream-Coder-v0-Base-7B
723,SingleLineInfilling/HumanEval/130/L4,HumanEval/130,L4,10,9-12,False,included_not_frozen_controller_test,HumanEval-SingleLineInfilling,Dream-org/Dream-Coder-v0-Base-7B
724,SingleLineInfilling/HumanEval/130/L5,HumanEval/130,L5,12,9-12,False,included_not_frozen_controller_test,HumanEval-SingleLineInfilling,Dream-org/Dream-Coder-v0-Base-7B
725,SingleLineInfilling/HumanEval/130/L6,HumanEval/130,L6,3,<=8,False,included_not_frozen_controller_test,HumanEval-SingleLineInfilling,Dream-org/Dream-Coder-v0-Base-7B
726,SingleLineInfilling/HumanEval/130/L7,HumanEval/130,L7,30,25+,False,included_not_frozen_controller_test,HumanEval-SingleLineInfilling,Dream-org/Dream-Coder-v0-Base-7B
727,SingleLineInfilling/HumanEval/130/L8,HumanEval/130,L8,5,<=8,False,included_not_frozen_controller_test,HumanEval-SingleLineInfilling,Dream-org/Dream-Coder-v0-Base-7B
728,SingleLineInfilling/HumanEval/131/L0,HumanEval/131,L0,6,<=8,False,included_not_frozen_controller_test,HumanEval-SingleLineInfilling,Dream-org/Dream-Coder-v0-Base-7B
729,SingleLineInfilling/HumanEval/131/L1,HumanEval/131,L1,7,<=8,False,included_not_frozen_controller_test,HumanEval-SingleLineInfilling,Dream-org/Dream-Coder-v0-Base-7B
730,SingleLineInfilling/HumanEval/131/L2,HumanEval/131,L2,7,<=8,False,included_not_frozen_controller_test,HumanEval-SingleLineInfilling,Dream-org/Dream-Coder-v0-Base-7B
731,SingleLineInfilling/HumanEval/131/L3,HumanEval/131,L3,8,<=8,False,included_not_frozen_controller_test,HumanEval-SingleLineInfilling,Dream-org/Dream-Coder-v0-Base-7B
732,SingleLineInfilling/HumanEval/131/L4,HumanEval/131,L4,10,9-12,False,included_not_frozen_controller_test,HumanEval-SingleLineInfilling,Dream-org/Dream-Coder-v0-Base-7B
733,SingleLineInfilling/HumanEval/131/L5,HumanEval/131,L5,8,<=8,False,included_not_frozen_controller_test,HumanEval-SingleLineInfilling,Dream-org/Dream-Coder-v0-Base-7B
734,SingleLineInfilling/HumanEval/131/L6,HumanEval/131,L6,6,<=8,False,included_not_frozen_controller_test,HumanEval-SingleLineInfilling,Dream-org/Dream-Coder-v0-Base-7B
735,SingleLineInfilling/HumanEval/131/L7,HumanEval/131,L7,7,<=8,False,included_not_frozen_controller_test,HumanEval-SingleLineInfilling,Dream-org/Dream-Coder-v0-Base-7B
736,SingleLineInfilling/HumanEval/131/L8,HumanEval/131,L8,5,<=8,False,included_not_frozen_controller_test,HumanEval-SingleLineInfilling,Dream-org/Dream-Coder-v0-Base-7B
737,SingleLineInfilling/HumanEval/131/L9,HumanEval/131,L9,3,<=8,False,included_not_frozen_controller_test,HumanEval-SingleLineInfilling,Dream-org/Dream-Coder-v0-Base-7B
738,SingleLineInfilling/HumanEval/131/L10,HumanEval/131,L10,4,<=8,False,included_not_frozen_controller_test,HumanEval-SingleLineInfilling,Dream-org/Dream-Coder-v0-Base-7B
739,SingleLineInfilling/HumanEval/132/L0,HumanEval/132,L0,7,<=8,False,included_not_frozen_controller_test,HumanEval-SingleLineInfilling,Dream-org/Dream-Coder-v0-Base-7B
740,SingleLineInfilling/HumanEval/132/L1,HumanEval/132,L1,7,<=8,False,included_not_frozen_controller_test,HumanEval-SingleLineInfilling,Dream-org/Dream-Coder-v0-Base-7B
741,SingleLineInfilling/HumanEval/132/L2,HumanEval/132,L2,8,<=8,False,included_not_frozen_controller_test,HumanEval-SingleLineInfilling,Dream-org/Dream-Coder-v0-Base-7B
742,SingleLineInfilling/HumanEval/132/L3,HumanEval/132,L3,8,<=8,False,included_not_frozen_controller_test,HumanEval-SingleLineInfilling,Dream-org/Dream-Coder-v0-Base-7B
743,SingleLineInfilling/HumanEval/132/L4,HumanEval/132,L4,8,<=8,False,included_not_frozen_controller_test,HumanEval-SingleLineInfilling,Dream-org/Dream-Coder-v0-Base-7B
744,SingleLineInfilling/HumanEval/132/L5,HumanEval/132,L5,3,<=8,False,included_not_frozen_controller_test,HumanEval-SingleLineInfilling,Dream-org/Dream-Coder-v0-Base-7B
745,SingleLineInfilling/HumanEval/132/L6,HumanEval/132,L6,8,<=8,False,included_not_frozen_controller_test,HumanEval-SingleLineInfilling,Dream-org/Dream-Coder-v0-Base-7B
746,SingleLineInfilling/HumanEval/132/L7,HumanEval/132,L7,7,<=8,False,included_not_frozen_controller_test,HumanEval-SingleLineInfilling,Dream-org/Dream-Coder-v0-Base-7B
747,SingleLineInfilling/HumanEval/132/L8,HumanEval/132,L8,6,<=8,False,included_not_frozen_controller_test,HumanEval-SingleLineInfilling,Dream-org/Dream-Coder-v0-Base-7B
748,SingleLineInfilling/HumanEval/132/L9,HumanEval/132,L9,6,<=8,False,included_not_frozen_controller_test,HumanEval-SingleLineInfilling,Dream-org/Dream-Coder-v0-Base-7B
749,SingleLineInfilling/HumanEval/132/L10,HumanEval/132,L10,10,9-12,False,included_not_frozen_controller_test,HumanEval-SingleLineInfilling,Dream-org/Dream-Coder-v0-Base-7B
750,SingleLineInfilling/HumanEval/132/L11,HumanEval/132,L11,9,9-12,False,included_not_frozen_controller_test,HumanEval-SingleLineInfilling,Dream-org/Dream-Coder-v0-Base-7B
751,SingleLineInfilling/HumanEval/132/L12,HumanEval/132,L12,14,13-16,False,included_not_frozen_controller_test,HumanEval-SingleLineInfilling,Dream-org/Dream-Coder-v0-Base-7B
752,SingleLineInfilling/HumanEval/132/L13,HumanEval/132,L13,6,<=8,False,included_not_frozen_controller_test,HumanEval-SingleLineInfilling,Dream-org/Dream-Coder-v0-Base-7B
753,SingleLineInfilling/HumanEval/132/L14,HumanEval/132,L14,6,<=8,False,included_not_frozen_controller_test,HumanEval-SingleLineInfilling,Dream-org/Dream-Coder-v0-Base-7B
754,SingleLineInfilling/HumanEval/132/L15,HumanEval/132,L15,7,<=8,False,included_not_frozen_controller_test,HumanEval-SingleLineInfilling,Dream-org/Dream-Coder-v0-Base-7B
755,SingleLineInfilling/HumanEval/133/L0,HumanEval/133,L0,4,<=8,False,included_not_frozen_controller_test,HumanEval-SingleLineInfilling,Dream-org/Dream-Coder-v0-Base-7B
756,SingleLineInfilling/HumanEval/133/L1,HumanEval/133,L1,6,<=8,False,included_not_frozen_controller_test,HumanEval-SingleLineInfilling,Dream-org/Dream-Coder-v0-Base-7B
757,SingleLineInfilling/HumanEval/133/L2,HumanEval/133,L2,6,<=8,False,included_not_frozen_controller_test,HumanEval-SingleLineInfilling,Dream-org/Dream-Coder-v0-Base-7B
758,SingleLineInfilling/HumanEval/133/L3,HumanEval/133,L3,9,9-12,False,included_not_frozen_controller_test,HumanEval-SingleLineInfilling,Dream-org/Dream-Coder-v0-Base-7B
759,SingleLineInfilling/HumanEval/133/L4,HumanEval/133,L4,4,<=8,False,included_not_frozen_controller_test,HumanEval-SingleLineInfilling,Dream-org/Dream-Coder-v0-Base-7B
760,SingleLineInfilling/HumanEval/134/L1,HumanEval/134,L1,10,9-12,False,included_not_frozen_controller_test,HumanEval-SingleLineInfilling,Dream-org/Dream-Coder-v0-Base-7B
761,SingleLineInfilling/HumanEval/134/L2,HumanEval/134,L2,28,25+,False,included_not_frozen_controller_test,HumanEval-SingleLineInfilling,Dream-org/Dream-Coder-v0-Base-7B
762,SingleLineInfilling/HumanEval/136/L0,HumanEval/136,L0,15,13-16,False,included_not_frozen_controller_test,HumanEval-SingleLineInfilling,Dream-org/Dream-Coder-v0-Base-7B
763,SingleLineInfilling/HumanEval/136/L1,HumanEval/136,L1,15,13-16,False,included_not_frozen_controller_test,HumanEval-SingleLineInfilling,Dream-org/Dream-Coder-v0-Base-7B
764,SingleLineInfilling/HumanEval/136/L2,HumanEval/136,L2,21,17-24,False,included_not_frozen_controller_test,HumanEval-SingleLineInfilling,Dream-org/Dream-Coder-v0-Base-7B
765,SingleLineInfilling/HumanEval/137/L0,HumanEval/137,L0,11,9-12,False,included_not_frozen_controller_test,HumanEval-SingleLineInfilling,Dream-org/Dream-Coder-v0-Base-7B
766,SingleLineInfilling/HumanEval/137/L1,HumanEval/137,L1,17,17-24,False,included_not_frozen_controller_test,HumanEval-SingleLineInfilling,Dream-org/Dream-Coder-v0-Base-7B
767,SingleLineInfilling/HumanEval/137/L2,HumanEval/137,L2,17,17-24,False,included_not_frozen_controller_test,HumanEval-SingleLineInfilling,Dream-org/Dream-Coder-v0-Base-7B
768,SingleLineInfilling/HumanEval/137/L3,HumanEval/137,L3,14,13-16,False,included_not_frozen_controller_test,HumanEval-SingleLineInfilling,Dream-org/Dream-Coder-v0-Base-7B
769,SingleLineInfilling/HumanEval/137/L4,HumanEval/137,L4,16,13-16,False,included_not_frozen_controller_test,HumanEval-SingleLineInfilling,Dream-org/Dream-Coder-v0-Base-7B
770,SingleLineInfilling/HumanEval/138/L0,HumanEval/138,L0,14,13-16,False,included_not_frozen_controller_test,HumanEval-SingleLineInfilling,Dream-org/Dream-Coder-v0-Base-7B
771,SingleLineInfilling/HumanEval/139/L0,HumanEval/139,L0,7,<=8,False,included_not_frozen_controller_test,HumanEval-SingleLineInfilling,Dream-org/Dream-Coder-v0-Base-7B
772,SingleLineInfilling/HumanEval/139/L1,HumanEval/139,L1,7,<=8,False,included_not_frozen_controller_test,HumanEval-SingleLineInfilling,Dream-org/Dream-Coder-v0-Base-7B
773,SingleLineInfilling/HumanEval/139/L2,HumanEval/139,L2,12,9-12,False,included_not_frozen_controller_test,HumanEval-SingleLineInfilling,Dream-org/Dream-Coder-v0-Base-7B
774,SingleLineInfilling/HumanEval/139/L3,HumanEval/139,L3,6,<=8,False,included_not_frozen_controller_test,HumanEval-SingleLineInfilling,Dream-org/Dream-Coder-v0-Base-7B
775,SingleLineInfilling/HumanEval/139/L4,HumanEval/139,L4,7,<=8,False,included_not_frozen_controller_test,HumanEval-SingleLineInfilling,Dream-org/Dream-Coder-v0-Base-7B
776,SingleLineInfilling/HumanEval/139/L5,HumanEval/139,L5,5,<=8,False,included_not_frozen_controller_test,HumanEval-SingleLineInfilling,Dream-org/Dream-Coder-v0-Base-7B
777,SingleLineInfilling/HumanEval/140/L0,HumanEval/140,L0,5,<=8,False,included_not_frozen_controller_test,HumanEval-SingleLineInfilling,Dream-org/Dream-Coder-v0-Base-7B
778,SingleLineInfilling/HumanEval/140/L1,HumanEval/140,L1,6,<=8,False,included_not_frozen_controller_test,HumanEval-SingleLineInfilling,Dream-org/Dream-Coder-v0-Base-7B
779,SingleLineInfilling/HumanEval/140/L2,HumanEval/140,L2,11,9-12,False,included_not_frozen_controller_test,HumanEval-SingleLineInfilling,Dream-org/Dream-Coder-v0-Base-7B
780,SingleLineInfilling/HumanEval/140/L3,HumanEval/140,L3,7,<=8,False,included_not_frozen_controller_test,HumanEval-SingleLineInfilling,Dream-org/Dream-Coder-v0-Base-7B
781,SingleLineInfilling/HumanEval/140/L4,HumanEval/140,L4,9,9-12,False,included_not_frozen_controller_test,HumanEval-SingleLineInfilling,Dream-org/Dream-Coder-v0-Base-7B
782,SingleLineInfilling/HumanEval/140/L5,HumanEval/140,L5,6,<=8,False,included_not_frozen_controller_test,HumanEval-SingleLineInfilling,Dream-org/Dream-Coder-v0-Base-7B
783,SingleLineInfilling/HumanEval/140/L6,HumanEval/140,L6,3,<=8,False,included_not_frozen_controller_test,HumanEval-SingleLineInfilling,Dream-org/Dream-Coder-v0-Base-7B
784,SingleLineInfilling/HumanEval/140/L7,HumanEval/140,L7,9,9-12,False,included_not_frozen_controller_test,HumanEval-SingleLineInfilling,Dream-org/Dream-Coder-v0-Base-7B
785,SingleLineInfilling/HumanEval/140/L8,HumanEval/140,L8,9,9-12,False,included_not_frozen_controller_test,HumanEval-SingleLineInfilling,Dream-org/Dream-Coder-v0-Base-7B
786,SingleLineInfilling/HumanEval/140/L9,HumanEval/140,L9,9,9-12,False,included_not_frozen_controller_test,HumanEval-SingleLineInfilling,Dream-org/Dream-Coder-v0-Base-7B
787,SingleLineInfilling/HumanEval/140/L10,HumanEval/140,L10,13,13-16,False,included_not_frozen_controller_test,HumanEval-SingleLineInfilling,Dream-org/Dream-Coder-v0-Base-7B
788,SingleLineInfilling/HumanEval/140/L11,HumanEval/140,L11,3,<=8,False,included_not_frozen_controller_test,HumanEval-SingleLineInfilling,Dream-org/Dream-Coder-v0-Base-7B
789,SingleLineInfilling/HumanEval/140/L12,HumanEval/140,L12,7,<=8,False,included_not_frozen_controller_test,HumanEval-SingleLineInfilling,Dream-org/Dream-Coder-v0-Base-7B
790,SingleLineInfilling/HumanEval/140/L13,HumanEval/140,L13,13,13-16,False,included_not_frozen_controller_test,HumanEval-SingleLineInfilling,Dream-org/Dream-Coder-v0-Base-7B
791,SingleLineInfilling/HumanEval/140/L14,HumanEval/140,L14,5,<=8,False,included_not_frozen_controller_test,HumanEval-SingleLineInfilling,Dream-org/Dream-Coder-v0-Base-7B
792,SingleLineInfilling/HumanEval/140/L15,HumanEval/140,L15,9,9-12,False,included_not_frozen_controller_test,HumanEval-SingleLineInfilling,Dream-org/Dream-Coder-v0-Base-7B
793,SingleLineInfilling/HumanEval/140/L16,HumanEval/140,L16,5,<=8,False,included_not_frozen_controller_test,HumanEval-SingleLineInfilling,Dream-org/Dream-Coder-v0-Base-7B
794,SingleLineInfilling/HumanEval/140/L17,HumanEval/140,L17,9,9-12,False,included_not_frozen_controller_test,HumanEval-SingleLineInfilling,Dream-org/Dream-Coder-v0-Base-7B
795,SingleLineInfilling/HumanEval/140/L18,HumanEval/140,L18,6,<=8,False,included_not_frozen_controller_test,HumanEval-SingleLineInfilling,Dream-org/Dream-Coder-v0-Base-7B
796,SingleLineInfilling/HumanEval/140/L19,HumanEval/140,L19,5,<=8,False,included_not_frozen_controller_test,HumanEval-SingleLineInfilling,Dream-org/Dream-Coder-v0-Base-7B
797,SingleLineInfilling/HumanEval/141/L0,HumanEval/141,L0,12,9-12,False,included_not_frozen_controller_test,HumanEval-SingleLineInfilling,Dream-org/Dream-Coder-v0-Base-7B
798,SingleLineInfilling/HumanEval/141/L1,HumanEval/141,L1,10,9-12,False,included_not_frozen_controller_test,HumanEval-SingleLineInfilling,Dream-org/Dream-Coder-v0-Base-7B
799,SingleLineInfilling/HumanEval/141/L2,HumanEval/141,L2,9,9-12,False,included_not_frozen_controller_test,HumanEval-SingleLineInfilling,Dream-org/Dream-Coder-v0-Base-7B
800,SingleLineInfilling/HumanEval/141/L3,HumanEval/141,L3,5,<=8,False,included_not_frozen_controller_test,HumanEval-SingleLineInfilling,Dream-org/Dream-Coder-v0-Base-7B
801,SingleLineInfilling/HumanEval/141/L4,HumanEval/141,L4,10,9-12,False,included_not_frozen_controller_test,HumanEval-SingleLineInfilling,Dream-org/Dream-Coder-v0-Base-7B
802,SingleLineInfilling/HumanEval/141/L5,HumanEval/141,L5,5,<=8,False,included_not_frozen_controller_test,HumanEval-SingleLineInfilling,Dream-org/Dream-Coder-v0-Base-7B
803,SingleLineInfilling/HumanEval/141/L6,HumanEval/141,L6,11,9-12,False,included_not_frozen_controller_test,HumanEval-SingleLineInfilling,Dream-org/Dream-Coder-v0-Base-7B
804,SingleLineInfilling/HumanEval/141/L7,HumanEval/141,L7,5,<=8,False,included_not_frozen_controller_test,HumanEval-SingleLineInfilling,Dream-org/Dream-Coder-v0-Base-7B
805,SingleLineInfilling/HumanEval/141/L8,HumanEval/141,L8,12,9-12,False,included_not_frozen_controller_test,HumanEval-SingleLineInfilling,Dream-org/Dream-Coder-v0-Base-7B
806,SingleLineInfilling/HumanEval/141/L9,HumanEval/141,L9,5,<=8,False,included_not_frozen_controller_test,HumanEval-SingleLineInfilling,Dream-org/Dream-Coder-v0-Base-7B
807,SingleLineInfilling/HumanEval/141/L10,HumanEval/141,L10,17,17-24,False,included_not_frozen_controller_test,HumanEval-SingleLineInfilling,Dream-org/Dream-Coder-v0-Base-7B
808,SingleLineInfilling/HumanEval/141/L11,HumanEval/141,L11,7,<=8,False,included_not_frozen_controller_test,HumanEval-SingleLineInfilling,Dream-org/Dream-Coder-v0-Base-7B
809,SingleLineInfilling/HumanEval/141/L12,HumanEval/141,L12,5,<=8,False,included_not_frozen_controller_test,HumanEval-SingleLineInfilling,Dream-org/Dream-Coder-v0-Base-7B
810,SingleLineInfilling/HumanEval/141/L13,HumanEval/141,L13,5,<=8,False,included_not_frozen_controller_test,HumanEval-SingleLineInfilling,Dream-org/Dream-Coder-v0-Base-7B
811,SingleLineInfilling/HumanEval/142/L0,HumanEval/142,L0,4,<=8,False,included_not_frozen_controller_test,HumanEval-SingleLineInfilling,Dream-org/Dream-Coder-v0-Base-7B
812,SingleLineInfilling/HumanEval/142/L1,HumanEval/142,L1,8,<=8,False,included_not_frozen_controller_test,HumanEval-SingleLineInfilling,Dream-org/Dream-Coder-v0-Base-7B
813,SingleLineInfilling/HumanEval/142/L2,HumanEval/142,L2,9,9-12,False,included_not_frozen_controller_test,HumanEval-SingleLineInfilling,Dream-org/Dream-Coder-v0-Base-7B
814,SingleLineInfilling/HumanEval/142/L3,HumanEval/142,L3,8,<=8,False,included_not_frozen_controller_test,HumanEval-SingleLineInfilling,Dream-org/Dream-Coder-v0-Base-7B
815,SingleLineInfilling/HumanEval/142/L4,HumanEval/142,L4,17,17-24,False,included_not_frozen_controller_test,HumanEval-SingleLineInfilling,Dream-org/Dream-Coder-v0-Base-7B
816,SingleLineInfilling/HumanEval/142/L5,HumanEval/142,L5,8,<=8,False,included_not_frozen_controller_test,HumanEval-SingleLineInfilling,Dream-org/Dream-Coder-v0-Base-7B
817,SingleLineInfilling/HumanEval/142/L6,HumanEval/142,L6,3,<=8,False,included_not_frozen_controller_test,HumanEval-SingleLineInfilling,Dream-org/Dream-Coder-v0-Base-7B
818,SingleLineInfilling/HumanEval/142/L7,HumanEval/142,L7,6,<=8,False,included_not_frozen_controller_test,HumanEval-SingleLineInfilling,Dream-org/Dream-Coder-v0-Base-7B
819,SingleLineInfilling/HumanEval/142/L8,HumanEval/142,L8,5,<=8,False,included_not_frozen_controller_test,HumanEval-SingleLineInfilling,Dream-org/Dream-Coder-v0-Base-7B
820,SingleLineInfilling/HumanEval/144/L0,HumanEval/144,L0,8,<=8,False,included_not_frozen_controller_test,HumanEval-SingleLineInfilling,Dream-org/Dream-Coder-v0-Base-7B
821,SingleLineInfilling/HumanEval/144/L1,HumanEval/144,L1,8,<=8,False,included_not_frozen_controller_test,HumanEval-SingleLineInfilling,Dream-org/Dream-Coder-v0-Base-7B
822,SingleLineInfilling/HumanEval/144/L2,HumanEval/144,L2,10,9-12,False,included_not_frozen_controller_test,HumanEval-SingleLineInfilling,Dream-org/Dream-Coder-v0-Base-7B
823,SingleLineInfilling/HumanEval/144/L3,HumanEval/144,L3,10,9-12,False,included_not_frozen_controller_test,HumanEval-SingleLineInfilling,Dream-org/Dream-Coder-v0-Base-7B
824,SingleLineInfilling/HumanEval/144/L4,HumanEval/144,L4,16,13-16,False,included_not_frozen_controller_test,HumanEval-SingleLineInfilling,Dream-org/Dream-Coder-v0-Base-7B
825,SingleLineInfilling/HumanEval/144/L5,HumanEval/144,L5,4,<=8,False,included_not_frozen_controller_test,HumanEval-SingleLineInfilling,Dream-org/Dream-Coder-v0-Base-7B
826,SingleLineInfilling/HumanEval/144/L6,HumanEval/144,L6,4,<=8,False,included_not_frozen_controller_test,HumanEval-SingleLineInfilling,Dream-org/Dream-Coder-v0-Base-7B
827,SingleLineInfilling/HumanEval/145/L0,HumanEval/145,L0,6,<=8,False,included_not_frozen_controller_test,HumanEval-SingleLineInfilling,Dream-org/Dream-Coder-v0-Base-7B
828,SingleLineInfilling/HumanEval/145/L1,HumanEval/145,L1,6,<=8,False,included_not_frozen_controller_test,HumanEval-SingleLineInfilling,Dream-org/Dream-Coder-v0-Base-7B
829,SingleLineInfilling/HumanEval/145/L2,HumanEval/145,L2,19,17-24,False,included_not_frozen_controller_test,HumanEval-SingleLineInfilling,Dream-org/Dream-Coder-v0-Base-7B
830,SingleLineInfilling/HumanEval/145/L3,HumanEval/145,L3,13,13-16,False,included_not_frozen_controller_test,HumanEval-SingleLineInfilling,Dream-org/Dream-Coder-v0-Base-7B
831,SingleLineInfilling/HumanEval/145/L4,HumanEval/145,L4,13,13-16,False,included_not_frozen_controller_test,HumanEval-SingleLineInfilling,Dream-org/Dream-Coder-v0-Base-7B
832,SingleLineInfilling/HumanEval/145/L5,HumanEval/145,L5,5,<=8,False,included_not_frozen_controller_test,HumanEval-SingleLineInfilling,Dream-org/Dream-Coder-v0-Base-7B
833,SingleLineInfilling/HumanEval/145/L6,HumanEval/145,L6,10,9-12,False,included_not_frozen_controller_test,HumanEval-SingleLineInfilling,Dream-org/Dream-Coder-v0-Base-7B
834,SingleLineInfilling/HumanEval/146/L1,HumanEval/146,L1,6,<=8,False,included_not_frozen_controller_test,HumanEval-SingleLineInfilling,Dream-org/Dream-Coder-v0-Base-7B
835,SingleLineInfilling/HumanEval/146/L2,HumanEval/146,L2,6,<=8,False,included_not_frozen_controller_test,HumanEval-SingleLineInfilling,Dream-org/Dream-Coder-v0-Base-7B
836,SingleLineInfilling/HumanEval/146/L3,HumanEval/146,L3,8,<=8,False,included_not_frozen_controller_test,HumanEval-SingleLineInfilling,Dream-org/Dream-Coder-v0-Base-7B
837,SingleLineInfilling/HumanEval/146/L4,HumanEval/146,L4,19,17-24,False,included_not_frozen_controller_test,HumanEval-SingleLineInfilling,Dream-org/Dream-Coder-v0-Base-7B
838,SingleLineInfilling/HumanEval/146/L5,HumanEval/146,L5,8,<=8,False,included_not_frozen_controller_test,HumanEval-SingleLineInfilling,Dream-org/Dream-Coder-v0-Base-7B
839,SingleLineInfilling/HumanEval/146/L6,HumanEval/146,L6,24,17-24,False,included_not_frozen_controller_test,HumanEval-SingleLineInfilling,Dream-org/Dream-Coder-v0-Base-7B
840,SingleLineInfilling/HumanEval/146/L7,HumanEval/146,L7,6,<=8,False,included_not_frozen_controller_test,HumanEval-SingleLineInfilling,Dream-org/Dream-Coder-v0-Base-7B
841,SingleLineInfilling/HumanEval/146/L9,HumanEval/146,L9,4,<=8,False,included_not_frozen_controller_test,HumanEval-SingleLineInfilling,Dream-org/Dream-Coder-v0-Base-7B
842,SingleLineInfilling/HumanEval/147/L0,HumanEval/147,L0,21,17-24,False,included_not_frozen_controller_test,HumanEval-SingleLineInfilling,Dream-org/Dream-Coder-v0-Base-7B
843,SingleLineInfilling/HumanEval/147/L1,HumanEval/147,L1,4,<=8,False,included_not_frozen_controller_test,HumanEval-SingleLineInfilling,Dream-org/Dream-Coder-v0-Base-7B
844,SingleLineInfilling/HumanEval/147/L2,HumanEval/147,L2,7,<=8,False,included_not_frozen_controller_test,HumanEval-SingleLineInfilling,Dream-org/Dream-Coder-v0-Base-7B
845,SingleLineInfilling/HumanEval/147/L3,HumanEval/147,L3,10,9-12,False,included_not_frozen_controller_test,HumanEval-SingleLineInfilling,Dream-org/Dream-Coder-v0-Base-7B
846,SingleLineInfilling/HumanEval/147/L4,HumanEval/147,L4,10,9-12,False,included_not_frozen_controller_test,HumanEval-SingleLineInfilling,Dream-org/Dream-Coder-v0-Base-7B
847,SingleLineInfilling/HumanEval/147/L5,HumanEval/147,L5,18,17-24,False,included_not_frozen_controller_test,HumanEval-SingleLineInfilling,Dream-org/Dream-Coder-v0-Base-7B
848,SingleLineInfilling/HumanEval/147/L6,HumanEval/147,L6,13,13-16,False,included_not_frozen_controller_test,HumanEval-SingleLineInfilling,Dream-org/Dream-Coder-v0-Base-7B
849,SingleLineInfilling/HumanEval/147/L7,HumanEval/147,L7,5,<=8,False,included_not_frozen_controller_test,HumanEval-SingleLineInfilling,Dream-org/Dream-Coder-v0-Base-7B
850,SingleLineInfilling/HumanEval/148/L0,HumanEval/148,L0,36,25+,False,included_not_frozen_controller_test,HumanEval-SingleLineInfilling,Dream-org/Dream-Coder-v0-Base-7B
851,SingleLineInfilling/HumanEval/148/L1,HumanEval/148,L1,22,17-24,False,included_not_frozen_controller_test,HumanEval-SingleLineInfilling,Dream-org/Dream-Coder-v0-Base-7B
852,SingleLineInfilling/HumanEval/148/L2,HumanEval/148,L2,3,<=8,False,included_not_frozen_controller_test,HumanEval-SingleLineInfilling,Dream-org/Dream-Coder-v0-Base-7B
853,SingleLineInfilling/HumanEval/148/L3,HumanEval/148,L3,12,9-12,False,included_not_frozen_controller_test,HumanEval-SingleLineInfilling,Dream-org/Dream-Coder-v0-Base-7B
854,SingleLineInfilling/HumanEval/148/L4,HumanEval/148,L4,12,9-12,False,included_not_frozen_controller_test,HumanEval-SingleLineInfilling,Dream-org/Dream-Coder-v0-Base-7B
855,SingleLineInfilling/HumanEval/148/L5,HumanEval/148,L5,10,9-12,False,included_not_frozen_controller_test,HumanEval-SingleLineInfilling,Dream-org/Dream-Coder-v0-Base-7B
856,SingleLineInfilling/HumanEval/148/L6,HumanEval/148,L6,17,17-24,False,included_not_frozen_controller_test,HumanEval-SingleLineInfilling,Dream-org/Dream-Coder-v0-Base-7B
857,SingleLineInfilling/HumanEval/148/L7,HumanEval/148,L7,3,<=8,False,included_not_frozen_controller_test,HumanEval-SingleLineInfilling,Dream-org/Dream-Coder-v0-Base-7B
858,SingleLineInfilling/HumanEval/148/L8,HumanEval/148,L8,17,17-24,False,included_not_frozen_controller_test,HumanEval-SingleLineInfilling,Dream-org/Dream-Coder-v0-Base-7B
859,SingleLineInfilling/HumanEval/150/L0,HumanEval/150,L0,7,<=8,False,included_not_frozen_controller_test,HumanEval-SingleLineInfilling,Dream-org/Dream-Coder-v0-Base-7B
860,SingleLineInfilling/HumanEval/150/L1,HumanEval/150,L1,4,<=8,False,included_not_frozen_controller_test,HumanEval-SingleLineInfilling,Dream-org/Dream-Coder-v0-Base-7B
861,SingleLineInfilling/HumanEval/150/L2,HumanEval/150,L2,10,9-12,False,included_not_frozen_controller_test,HumanEval-SingleLineInfilling,Dream-org/Dream-Coder-v0-Base-7B
862,SingleLineInfilling/HumanEval/150/L3,HumanEval/150,L3,9,9-12,False,included_not_frozen_controller_test,HumanEval-SingleLineInfilling,Dream-org/Dream-Coder-v0-Base-7B
863,SingleLineInfilling/HumanEval/150/L4,HumanEval/150,L4,4,<=8,False,included_not_frozen_controller_test,HumanEval-SingleLineInfilling,Dream-org/Dream-Coder-v0-Base-7B
864,SingleLineInfilling/HumanEval/150/L5,HumanEval/150,L5,3,<=8,False,included_not_frozen_controller_test,HumanEval-SingleLineInfilling,Dream-org/Dream-Coder-v0-Base-7B
865,SingleLineInfilling/HumanEval/150/L6,HumanEval/150,L6,3,<=8,False,included_not_frozen_controller_test,HumanEval-SingleLineInfilling,Dream-org/Dream-Coder-v0-Base-7B
866,SingleLineInfilling/HumanEval/150/L7,HumanEval/150,L7,4,<=8,False,included_not_frozen_controller_test,HumanEval-SingleLineInfilling,Dream-org/Dream-Coder-v0-Base-7B
867,SingleLineInfilling/HumanEval/151/L0,HumanEval/151,L0,29,25+,False,included_not_frozen_controller_test,HumanEval-SingleLineInfilling,Dream-org/Dream-Coder-v0-Base-7B
868,SingleLineInfilling/HumanEval/152/L0,HumanEval/152,L0,16,13-16,False,included_not_frozen_controller_test,HumanEval-SingleLineInfilling,Dream-org/Dream-Coder-v0-Base-7B
869,SingleLineInfilling/HumanEval/154/L0,HumanEval/154,L0,6,<=8,False,included_not_frozen_controller_test,HumanEval-SingleLineInfilling,Dream-org/Dream-Coder-v0-Base-7B
870,SingleLineInfilling/HumanEval/154/L1,HumanEval/154,L1,7,<=8,False,included_not_frozen_controller_test,HumanEval-SingleLineInfilling,Dream-org/Dream-Coder-v0-Base-7B
871,SingleLineInfilling/HumanEval/154/L2,HumanEval/154,L2,14,13-16,False,included_not_frozen_controller_test,HumanEval-SingleLineInfilling,Dream-org/Dream-Coder-v0-Base-7B
872,SingleLineInfilling/HumanEval/154/L3,HumanEval/154,L3,10,9-12,False,included_not_frozen_controller_test,HumanEval-SingleLineInfilling,Dream-org/Dream-Coder-v0-Base-7B
873,SingleLineInfilling/HumanEval/154/L4,HumanEval/154,L4,13,13-16,False,included_not_frozen_controller_test,HumanEval-SingleLineInfilling,Dream-org/Dream-Coder-v0-Base-7B
874,SingleLineInfilling/HumanEval/154/L5,HumanEval/154,L5,4,<=8,False,included_not_frozen_controller_test,HumanEval-SingleLineInfilling,Dream-org/Dream-Coder-v0-Base-7B
875,SingleLineInfilling/HumanEval/154/L6,HumanEval/154,L6,4,<=8,False,included_not_frozen_controller_test,HumanEval-SingleLineInfilling,Dream-org/Dream-Coder-v0-Base-7B
876,SingleLineInfilling/HumanEval/155/L0,HumanEval/155,L0,7,<=8,False,included_not_frozen_controller_test,HumanEval-SingleLineInfilling,Dream-org/Dream-Coder-v0-Base-7B
877,SingleLineInfilling/HumanEval/155/L1,HumanEval/155,L1,7,<=8,False,included_not_frozen_controller_test,HumanEval-SingleLineInfilling,Dream-org/Dream-Coder-v0-Base-7B
878,SingleLineInfilling/HumanEval/155/L2,HumanEval/155,L2,8,<=8,False,included_not_frozen_controller_test,HumanEval-SingleLineInfilling,Dream-org/Dream-Coder-v0-Base-7B
879,SingleLineInfilling/HumanEval/155/L3,HumanEval/155,L3,9,9-12,False,included_not_frozen_controller_test,HumanEval-SingleLineInfilling,Dream-org/Dream-Coder-v0-Base-7B
880,SingleLineInfilling/HumanEval/155/L4,HumanEval/155,L4,6,<=8,False,included_not_frozen_controller_test,HumanEval-SingleLineInfilling,Dream-org/Dream-Coder-v0-Base-7B
881,SingleLineInfilling/HumanEval/155/L5,HumanEval/155,L5,3,<=8,False,included_not_frozen_controller_test,HumanEval-SingleLineInfilling,Dream-org/Dream-Coder-v0-Base-7B
882,SingleLineInfilling/HumanEval/155/L6,HumanEval/155,L6,6,<=8,False,included_not_frozen_controller_test,HumanEval-SingleLineInfilling,Dream-org/Dream-Coder-v0-Base-7B
883,SingleLineInfilling/HumanEval/155/L7,HumanEval/155,L7,9,9-12,False,included_not_frozen_controller_test,HumanEval-SingleLineInfilling,Dream-org/Dream-Coder-v0-Base-7B
884,SingleLineInfilling/HumanEval/156/L0,HumanEval/156,L0,32,25+,False,included_not_frozen_controller_test,HumanEval-SingleLineInfilling,Dream-org/Dream-Coder-v0-Base-7B
885,SingleLineInfilling/HumanEval/156/L1,HumanEval/156,L1,28,25+,False,included_not_frozen_controller_test,HumanEval-SingleLineInfilling,Dream-org/Dream-Coder-v0-Base-7B
886,SingleLineInfilling/HumanEval/156/L2,HumanEval/156,L2,22,17-24,False,included_not_frozen_controller_test,HumanEval-SingleLineInfilling,Dream-org/Dream-Coder-v0-Base-7B
887,SingleLineInfilling/HumanEval/156/L3,HumanEval/156,L3,23,17-24,False,included_not_frozen_controller_test,HumanEval-SingleLineInfilling,Dream-org/Dream-Coder-v0-Base-7B
888,SingleLineInfilling/HumanEval/156/L4,HumanEval/156,L4,7,<=8,False,included_not_frozen_controller_test,HumanEval-SingleLineInfilling,Dream-org/Dream-Coder-v0-Base-7B
889,SingleLineInfilling/HumanEval/156/L5,HumanEval/156,L5,4,<=8,False,included_not_frozen_controller_test,HumanEval-SingleLineInfilling,Dream-org/Dream-Coder-v0-Base-7B
890,SingleLineInfilling/HumanEval/156/L6,HumanEval/156,L6,5,<=8,False,included_not_frozen_controller_test,HumanEval-SingleLineInfilling,Dream-org/Dream-Coder-v0-Base-7B
891,SingleLineInfilling/HumanEval/156/L7,HumanEval/156,L7,9,9-12,False,included_not_frozen_controller_test,HumanEval-SingleLineInfilling,Dream-org/Dream-Coder-v0-Base-7B
892,SingleLineInfilling/HumanEval/156/L8,HumanEval/156,L8,7,<=8,False,included_not_frozen_controller_test,HumanEval-SingleLineInfilling,Dream-org/Dream-Coder-v0-Base-7B
893,SingleLineInfilling/HumanEval/156/L9,HumanEval/156,L9,5,<=8,False,included_not_frozen_controller_test,HumanEval-SingleLineInfilling,Dream-org/Dream-Coder-v0-Base-7B
894,SingleLineInfilling/HumanEval/156/L10,HumanEval/156,L10,7,<=8,False,included_not_frozen_controller_test,HumanEval-SingleLineInfilling,Dream-org/Dream-Coder-v0-Base-7B
895,SingleLineInfilling/HumanEval/156/L11,HumanEval/156,L11,6,<=8,False,included_not_frozen_controller_test,HumanEval-SingleLineInfilling,Dream-org/Dream-Coder-v0-Base-7B
896,SingleLineInfilling/HumanEval/156/L12,HumanEval/156,L12,6,<=8,False,included_not_frozen_controller_test,HumanEval-SingleLineInfilling,Dream-org/Dream-Coder-v0-Base-7B
897,SingleLineInfilling/HumanEval/156/L13,HumanEval/156,L13,5,<=8,False,included_not_frozen_controller_test,HumanEval-SingleLineInfilling,Dream-org/Dream-Coder-v0-Base-7B
898,SingleLineInfilling/HumanEval/157/L0,HumanEval/157,L0,29,25+,False,included_not_frozen_controller_test,HumanEval-SingleLineInfilling,Dream-org/Dream-Coder-v0-Base-7B
899,SingleLineInfilling/HumanEval/158/L0,HumanEval/158,L0,19,17-24,False,included_not_frozen_controller_test,HumanEval-SingleLineInfilling,Dream-org/Dream-Coder-v0-Base-7B
900,SingleLineInfilling/HumanEval/159/L0,HumanEval/159,L0,7,<=8,False,included_not_frozen_controller_test,HumanEval-SingleLineInfilling,Dream-org/Dream-Coder-v0-Base-7B
901,SingleLineInfilling/HumanEval/159/L1,HumanEval/159,L1,11,9-12,False,included_not_frozen_controller_test,HumanEval-SingleLineInfilling,Dream-org/Dream-Coder-v0-Base-7B
902,SingleLineInfilling/HumanEval/159/L2,HumanEval/159,L2,3,<=8,False,included_not_frozen_controller_test,HumanEval-SingleLineInfilling,Dream-org/Dream-Coder-v0-Base-7B
903,SingleLineInfilling/HumanEval/159/L3,HumanEval/159,L3,10,9-12,False,included_not_frozen_controller_test,HumanEval-SingleLineInfilling,Dream-org/Dream-Coder-v0-Base-7B
904,SingleLineInfilling/HumanEval/160/L0,HumanEval/160,L0,9,9-12,False,included_not_frozen_controller_test,HumanEval-SingleLineInfilling,Dream-org/Dream-Coder-v0-Base-7B
905,SingleLineInfilling/HumanEval/160/L1,HumanEval/160,L1,16,13-16,False,included_not_frozen_controller_test,HumanEval-SingleLineInfilling,Dream-org/Dream-Coder-v0-Base-7B
906,SingleLineInfilling/HumanEval/160/L2,HumanEval/160,L2,10,9-12,False,included_not_frozen_controller_test,HumanEval-SingleLineInfilling,Dream-org/Dream-Coder-v0-Base-7B
907,SingleLineInfilling/HumanEval/160/L3,HumanEval/160,L3,5,<=8,False,included_not_frozen_controller_test,HumanEval-SingleLineInfilling,Dream-org/Dream-Coder-v0-Base-7B
908,SingleLineInfilling/HumanEval/161/L0,HumanEval/161,L0,7,<=8,False,included_not_frozen_controller_test,HumanEval-SingleLineInfilling,Dream-org/Dream-Coder-v0-Base-7B
909,SingleLineInfilling/HumanEval/161/L1,HumanEval/161,L1,6,<=8,False,included_not_frozen_controller_test,HumanEval-SingleLineInfilling,Dream-org/Dream-Coder-v0-Base-7B
910,SingleLineInfilling/HumanEval/161/L2,HumanEval/161,L2,7,<=8,False,included_not_frozen_controller_test,HumanEval-SingleLineInfilling,Dream-org/Dream-Coder-v0-Base-7B
911,SingleLineInfilling/HumanEval/161/L3,HumanEval/161,L3,6,<=8,False,included_not_frozen_controller_test,HumanEval-SingleLineInfilling,Dream-org/Dream-Coder-v0-Base-7B
912,SingleLineInfilling/HumanEval/161/L4,HumanEval/161,L4,6,<=8,False,included_not_frozen_controller_test,HumanEval-SingleLineInfilling,Dream-org/Dream-Coder-v0-Base-7B
913,SingleLineInfilling/HumanEval/161/L5,HumanEval/161,L5,10,9-12,False,included_not_frozen_controller_test,HumanEval-SingleLineInfilling,Dream-org/Dream-Coder-v0-Base-7B
914,SingleLineInfilling/HumanEval/161/L6,HumanEval/161,L6,7,<=8,False,included_not_frozen_controller_test,HumanEval-SingleLineInfilling,Dream-org/Dream-Coder-v0-Base-7B
915,SingleLineInfilling/HumanEval/161/L7,HumanEval/161,L7,6,<=8,False,included_not_frozen_controller_test,HumanEval-SingleLineInfilling,Dream-org/Dream-Coder-v0-Base-7B
916,SingleLineInfilling/HumanEval/161/L8,HumanEval/161,L8,4,<=8,False,included_not_frozen_controller_test,HumanEval-SingleLineInfilling,Dream-org/Dream-Coder-v0-Base-7B
917,SingleLineInfilling/HumanEval/161/L9,HumanEval/161,L9,7,<=8,False,included_not_frozen_controller_test,HumanEval-SingleLineInfilling,Dream-org/Dream-Coder-v0-Base-7B
918,SingleLineInfilling/HumanEval/161/L10,HumanEval/161,L10,5,<=8,False,included_not_frozen_controller_test,HumanEval-SingleLineInfilling,Dream-org/Dream-Coder-v0-Base-7B
919,SingleLineInfilling/HumanEval/161/L11,HumanEval/161,L11,8,<=8,False,included_not_frozen_controller_test,HumanEval-SingleLineInfilling,Dream-org/Dream-Coder-v0-Base-7B
920,SingleLineInfilling/HumanEval/161/L12,HumanEval/161,L12,9,9-12,False,included_not_frozen_controller_test,HumanEval-SingleLineInfilling,Dream-org/Dream-Coder-v0-Base-7B
921,SingleLineInfilling/HumanEval/161/L13,HumanEval/161,L13,4,<=8,False,included_not_frozen_controller_test,HumanEval-SingleLineInfilling,Dream-org/Dream-Coder-v0-Base-7B
922,SingleLineInfilling/HumanEval/162/L0,HumanEval/162,L0,4,<=8,False,included_not_frozen_controller_test,HumanEval-SingleLineInfilling,Dream-org/Dream-Coder-v0-Base-7B
923,SingleLineInfilling/HumanEval/162/L1,HumanEval/162,L1,17,17-24,False,included_not_frozen_controller_test,HumanEval-SingleLineInfilling,Dream-org/Dream-Coder-v0-Base-7B
924,SingleLineInfilling/HumanEval/163/L0,HumanEval/163,L0,12,9-12,False,included_not_frozen_controller_test,HumanEval-SingleLineInfilling,Dream-org/Dream-Coder-v0-Base-7B
925,SingleLineInfilling/HumanEval/163/L1,HumanEval/163,L1,12,9-12,False,included_not_frozen_controller_test,HumanEval-SingleLineInfilling,Dream-org/Dream-Coder-v0-Base-7B
926,SingleLineInfilling/HumanEval/163/L3,HumanEval/163,L3,23,17-24,False,included_not_frozen_controller_test,HumanEval-SingleLineInfilling,Dream-org/Dream-Coder-v0-Base-7B
