manifest_index,task_id,task_group,prompt_id,length_bucket,policy,status,passed,oracle_length,selected_length,selected_minus_oracle,abs_selected_minus_oracle,mask_length_source,final_source,trigger_reason,compile_passed,error_type,error_message,candidate_sha256,decode_sec,verification_sec,length_probe_sec,total_sec_including_probe
0,SingleLineInfilling/HumanEval/0/L0,HumanEval/0,L0,9-12,primary_control,ok,True,9,9,0,0,cal_lite,,,True,,,022fe56865169f42bdb098ac22caa58da052ae57adc8ff365cfb7cbcfd4ab684,1.944615712040104,0.13144264894071966,0.5168946088524535,2.592952969833277
1,SingleLineInfilling/HumanEval/0/L1,HumanEval/0,L1,9-12,primary_control,ok,True,11,11,0,0,cal_lite,,,True,,,40560c20a6f56877abd19fa87e39aa5d43f3bff6b7417c68e11fc772c096a6c9,1.8697586880298331,0.10275223001372069,0.28073407080955803,2.253244988853112
2,SingleLineInfilling/HumanEval/0/L2,HumanEval/0,L2,<=8,primary_control,ok,False,7,5,-2,2,cal_lite,,,True,UnitTestFailure,failed: ,31e4c2baa508e3f60cf39499edf4da0d0066a7e14f78dd983b799986984ebdda,1.8682956560514867,0.11088806600309908,0.29517883877269924,2.274362560827285
3,SingleLineInfilling/HumanEval/0/L3,HumanEval/0,L3,9-12,primary_control,ok,True,9,9,0,0,cal_lite,,,True,,,40560c20a6f56877abd19fa87e39aa5d43f3bff6b7417c68e11fc772c096a6c9,1.8649337440729141,0.1174074939917773,0.2835372583940625,2.265878496458754
4,SingleLineInfilling/HumanEval/0/L4,HumanEval/0,L4,<=8,primary_control,ok,True,6,6,0,0,cal_lite,,,True,,,40560c20a6f56877abd19fa87e39aa5d43f3bff6b7417c68e11fc772c096a6c9,1.940195868955925,0.1408110250486061,0.5087234618840739,2.589730355888605
5,SingleLineInfilling/HumanEval/0/L5,HumanEval/0,L5,<=8,primary_control,ok,True,4,3,-1,1,cal_lite,,,True,,,7114818e2b7b8a7cb3966cd3bd0da4427460a5032729c267815c2d598d93c9d8,1.8781305979937315,0.12542446109000593,0.2775661355117336,2.281121194595471
6,SingleLineInfilling/HumanEval/0/L7,HumanEval/0,L7,<=8,primary_control,ok,True,4,24,20,20,cal_lite,,,True,,,dec11542a369dc6e6773388b4c3088a47a8666d03407b094cf340f5a8818b39e,1.909626325010322,0.11619622108992189,0.28327971103135496,2.309102257131599
7,SingleLineInfilling/HumanEval/1/L0,HumanEval/1,L0,<=8,primary_control,ok,True,4,8,4,4,cal_lite,,,True,,,941612227d19fcbcaf9af09974119ed73b1b31ed553d2da365aaa9138c71d0d2,1.9068399929674342,0.1397967980010435,0.2852540409658104,2.331890831934288
8,SingleLineInfilling/HumanEval/1/L1,HumanEval/1,L1,<=8,primary_control,ok,True,5,9,4,4,cal_lite,,,True,,,5183ae6eb1442e831df6aeb40db8c8df20477bac8410be4933737cb95e95b567,1.9158075760351494,0.15153083100449294,0.28406439954414964,2.351402806583792
9,SingleLineInfilling/HumanEval/1/L2,HumanEval/1,L2,<=8,primary_control,ok,True,7,8,1,1,cal_lite,,,True,,,1e839a2ce33601fa6e9515c49043a0c1529054f42cfec37c1e518239e9e90ae7,1.9121799200074747,0.14375366200692952,0.30186573590617627,2.3577993179205805
10,SingleLineInfilling/HumanEval/1/L4,HumanEval/1,L4,<=8,primary_control,ok,True,7,7,0,0,cal_lite,,,True,,,464c1465d5dbdf81777dab90f452cf22371867ee1349fed5d983ef0492c1f621,1.915316214086488,0.11683245305903256,0.2896982542006299,2.3218469213461503
11,SingleLineInfilling/HumanEval/1/L5,HumanEval/1,L5,<=8,primary_control,ok,True,6,16,10,10,cal_lite,,,True,,,b38461daaee959d54f24e6b8ca7eaee8642f2da1dbc61aef138d5be727668869,1.9085448060650378,0.1416320321150124,0.2901122769108042,2.3402891150908545
12,SingleLineInfilling/HumanEval/1/L6,HumanEval/1,L6,<=8,primary_control,ok,False,7,15,8,8,cal_lite,,,True,UnitTestFailure,failed: ,995e53d5a5d098eda0a556a24805bfc1814ab07110443c52f937cd9dbfc5fd4e,1.8971289499895647,0.1415203211363405,0.27919176407158375,2.317841035197489
13,SingleLineInfilling/HumanEval/1/L7,HumanEval/1,L7,<=8,primary_control,ok,False,6,20,14,14,cal_lite,,,True,UnitTestFailure,failed: ,2ed2d913c503d8689e618bd2e18d8adbda43ef1040a441d735d45c0008e2f97a,1.941709056030959,0.10119989898521453,0.28161465376615524,2.3245236087823287
14,SingleLineInfilling/HumanEval/1/L8,HumanEval/1,L8,<=8,primary_control,ok,True,6,6,0,0,cal_lite,,,True,,,464c1465d5dbdf81777dab90f452cf22371867ee1349fed5d983ef0492c1f621,1.8920555840013549,0.14172347204294056,0.28182822826784104,2.3156072843121365
15,SingleLineInfilling/HumanEval/1/L9,HumanEval/1,L9,<=8,primary_control,ok,True,7,7,0,0,cal_lite,,,True,,,464c1465d5dbdf81777dab90f452cf22371867ee1349fed5d983ef0492c1f621,1.9044675540644675,0.13854329602327198,0.28129045618698,2.3243013062747195
16,SingleLineInfilling/HumanEval/1/L10,HumanEval/1,L10,<=8,primary_control,ok,True,6,5,-1,1,cal_lite,,,True,,,608a450bbd1656746c3fdf821b5d0d2a0e6719fc459f6e37f22aacec0dc4e279,1.898932939977385,0.11862635600846261,0.28261257405392826,2.300171870039776
17,SingleLineInfilling/HumanEval/1/L12,HumanEval/1,L12,<=8,primary_control,ok,True,8,8,0,0,cal_lite,,,True,,,464c1465d5dbdf81777dab90f452cf22371867ee1349fed5d983ef0492c1f621,1.9112687340239063,0.1113095770124346,0.2849708331050351,2.307549144141376
18,SingleLineInfilling/HumanEval/1/L13,HumanEval/1,L13,9-12,primary_control,ok,True,9,9,0,0,cal_lite,,,True,,,464c1465d5dbdf81777dab90f452cf22371867ee1349fed5d983ef0492c1f621,1.912006816943176,0.14315077487844974,0.292195743881166,2.347353335702792
19,SingleLineInfilling/HumanEval/1/L14,HumanEval/1,L14,<=8,primary_control,ok,True,5,10,5,5,cal_lite,,,True,,,a0aa8ead6c40d399ce4955ee91a15545bdd652cea7dd275183533f4f067dbce6,1.9111883289879188,0.15078043390531093,0.2842859491938725,2.3462547120871022
20,SingleLineInfilling/HumanEval/1/L16,HumanEval/1,L16,<=8,primary_control,ok,True,4,4,0,0,cal_lite,,,True,,,464c1465d5dbdf81777dab90f452cf22371867ee1349fed5d983ef0492c1f621,1.8893800009973347,0.14443123596720397,0.29091943614184856,2.3247306731063873
21,SingleLineInfilling/HumanEval/2/L0,HumanEval/2,L0,9-12,primary_control,ok,True,9,7,-2,2,cal_lite,,,True,,,2a4ed29c92db0f5b853f87dd5d0035a06b32c53837c213933028ddc852e508ee,1.5996486849617213,0.15362018009182066,0.28563717391807586,2.038906038971618
22,SingleLineInfilling/HumanEval/3/L0,HumanEval/3,L0,<=8,primary_control,ok,True,6,7,1,1,cal_lite,,,True,,,2645bc16fc77ced92d58a811d1a7b2e78d9f4e67261eac1cc19d2303783cdf31,1.8666422580135986,0.1488838829100132,0.2942282168660313,2.309754357789643
23,SingleLineInfilling/HumanEval/3/L2,HumanEval/3,L2,<=8,primary_control,ok,True,6,6,0,0,cal_lite,,,True,,,1a710a84f86e12ee74b7279afbf9fd53480c1753e133161783c0b84b4999346a,1.852950365981087,0.14710068807471544,0.29002958338242024,2.2900806374382228
24,SingleLineInfilling/HumanEval/3/L3,HumanEval/3,L3,<=8,primary_control,ok,True,5,7,2,2,cal_lite,,,True,,,a5c466a6703261d80543dcfbb08071f7cb9cc27527f5aa36c9fdffe53736c624,1.8313573449850082,0.13847403787076473,0.2826159653486684,2.2524473482044414
25,SingleLineInfilling/HumanEval/3/L4,HumanEval/3,L4,<=8,primary_control,ok,True,7,7,0,0,cal_lite,,,True,,,1a710a84f86e12ee74b7279afbf9fd53480c1753e133161783c0b84b4999346a,1.862480940995738,0.14805150695610791,0.2959625239018351,2.306494971853681
26,SingleLineInfilling/HumanEval/3/L5,HumanEval/3,L5,<=8,primary_control,ok,True,4,3,-1,1,cal_lite,,,True,,,bc9dcd0b28147600e7a2f67509874abf293fa852c7322530d32d97df1fd9ab63,1.851424177060835,0.14064094796776772,0.29131882172077894,2.2833839467493817
27,SingleLineInfilling/HumanEval/3/L7,HumanEval/3,L7,<=8,primary_control,ok,True,4,16,12,12,cal_lite,,,True,,,599d1848b1ab12fa28ed2fd071d273410165f09f4fcd8ab127be75f835b1c303,1.885929360985756,0.15166726999450475,0.2830680781044066,2.3206647090846673
28,SingleLineInfilling/HumanEval/4/L0,HumanEval/4,L0,9-12,primary_control,ok,True,10,10,0,0,cal_lite,,,True,,,cd05be48ddbd1ca287e1044cdc971f50c0228214f4dabff95c7379860b44ef47,1.8611143090529367,0.1464254701277241,0.29291762493085116,2.300457404111512
29,SingleLineInfilling/HumanEval/4/L1,HumanEval/4,L1,17-24,primary_control,ok,False,17,13,-4,4,cal_lite,,,True,UnitTestFailure,failed: ,a36cd445b82af66b974938923e10b2607f706591850b54df0cbabc401f820fa8,1.8615267230197787,0.13992961787153035,0.28865179896820337,2.2901081398595124
30,SingleLineInfilling/HumanEval/5/L0,HumanEval/5,L0,<=8,primary_control,ok,True,5,9,4,4,cal_lite,,,True,,,c7873fba3f9eacfa519f7bcae461a191cb1912b09e050806c62da16860b12b29,1.866272625979036,0.133164630853571,0.28491671674419194,2.284353973576799
31,SingleLineInfilling/HumanEval/5/L1,HumanEval/5,L1,<=8,primary_control,ok,True,3,3,0,0,cal_lite,,,True,,,9307d743694e64ae208e3ce3c53912ca3cdb6abfa8aded8ed618f9af3448da2d,1.8523288459982723,0.141590800951235,0.300854921923019,2.2947745688725263
32,SingleLineInfilling/HumanEval/5/L3,HumanEval/5,L3,<=8,primary_control,ok,False,4,4,0,0,cal_lite,,,True,UnitTestFailure,failed: ,00b17041a8c5c8226b7d9fcd43406a8dd3aa2701aa22cd801f5657b49d43d289,1.841478603077121,0.13499326689634472,0.28320770990103483,2.2596795798745006
33,SingleLineInfilling/HumanEval/5/L5,HumanEval/5,L5,<=8,primary_control,ok,True,8,8,0,0,cal_lite,,,True,,,e29d7eff9cf73491f718294c6990a771fa0c8093d19845e682c5e7924c2a6811,1.848559726960957,0.1475474250037223,0.28544604091439396,2.2815531928790733
34,SingleLineInfilling/HumanEval/5/L6,HumanEval/5,L6,<=8,primary_control,ok,True,5,5,0,0,cal_lite,,,True,,,e29d7eff9cf73491f718294c6990a771fa0c8093d19845e682c5e7924c2a6811,1.8405326750362292,0.14803518494591117,0.29726699786260724,2.2858348578447476
35,SingleLineInfilling/HumanEval/5/L7,HumanEval/5,L7,<=8,primary_control,ok,False,6,5,-1,1,cal_lite,,,True,UnitTestFailure,failed: 'int' object is not iterable,87d232a0eb1448fb9b9fcc8f95f8976626ab3a759be3e0634183bdc7b96fc9a7,1.8459479700541124,0.13841102505102754,0.28264539933297783,2.2670043944381177
36,SingleLineInfilling/HumanEval/5/L9,HumanEval/5,L9,<=8,primary_control,ok,False,7,4,-3,3,cal_lite,,,True,UnitTestFailure,failed: ,d9986025383b7f6232cf18ef7ac2b68480b1c1ffe44cf9e534da3ca33059503c,1.8855688349576667,0.1493840841576457,0.28198508138302714,2.3169380004983395
37,SingleLineInfilling/HumanEval/5/L11,HumanEval/5,L11,<=8,primary_control,ok,True,4,4,0,0,cal_lite,,,True,,,e29d7eff9cf73491f718294c6990a771fa0c8093d19845e682c5e7924c2a6811,1.8511457780841738,0.1542286629555747,0.29245273920241743,2.297827180242166
38,SingleLineInfilling/HumanEval/6/L0,HumanEval/6,L0,<=8,primary_control,ok,True,8,13,5,5,cal_lite,,,True,,,319c8a62111ca391bebae23d9e5d3051f6bab5b555d9e99430c8331f3eb39144,1.9190193930407986,0.13512127485591918,0.2830823471304029,2.3372230150271207
39,SingleLineInfilling/HumanEval/6/L1,HumanEval/6,L1,<=8,primary_control,ok,True,6,6,0,0,cal_lite,,,True,,,7a31b613f4456342f4ff112e741826f0ccb23cff4b09b87c6d93a366488afeb9,1.8633459570119157,0.13661045592743903,0.2904101978056133,2.290366610744968
40,SingleLineInfilling/HumanEval/6/L2,HumanEval/6,L2,<=8,primary_control,ok,True,7,7,0,0,cal_lite,,,True,,,7a31b613f4456342f4ff112e741826f0ccb23cff4b09b87c6d93a366488afeb9,1.8614728150423616,0.13498131011147052,0.2827707778196782,2.2792249029735103
41,SingleLineInfilling/HumanEval/6/L3,HumanEval/6,L3,<=8,primary_control,ok,True,6,6,0,0,cal_lite,,,True,,,7a31b613f4456342f4ff112e741826f0ccb23cff4b09b87c6d93a366488afeb9,1.862807958968915,0.1620836640940979,0.28455483936704695,2.30944646243006
42,SingleLineInfilling/HumanEval/6/L4,HumanEval/6,L4,<=8,primary_control,ok,True,6,6,0,0,cal_lite,,,True,,,7a31b613f4456342f4ff112e741826f0ccb23cff4b09b87c6d93a366488afeb9,1.8638282159809023,0.14442762499675155,0.28813318780157715,2.296389028779231
43,SingleLineInfilling/HumanEval/6/L5,HumanEval/6,L5,<=8,primary_control,ok,True,6,8,2,2,cal_lite,,,True,,,543fb36e98096dbbc1331aeeeb9e1799288004c5896a661e2eac6ea260e50c58,1.908298503025435,0.14544342400040478,0.293491359683685,2.3472332867095247
44,SingleLineInfilling/HumanEval/6/L6,HumanEval/6,L6,9-12,primary_control,ok,False,10,9,-1,1,cal_lite,,,True,UnitTestFailure,failed: ,785b1ea2e2d529ad22a4ec8c64b2f894d01242ef43a5e4c8ae7c9da3c4554e0a,1.8557363880099729,0.1506520330440253,0.2895486947381869,2.295937115792185
45,SingleLineInfilling/HumanEval/6/L7,HumanEval/6,L7,<=8,primary_control,ok,True,3,6,3,3,cal_lite,,,True,,,3f7485ec0eca2cbb268f372a29079caa107fbcd5ff61bb33cc1e4a6a521e6aff,1.9043881790712476,0.1378922921139747,0.2875370270339772,2.3298174982191995
46,SingleLineInfilling/HumanEval/6/L8,HumanEval/6,L8,<=8,primary_control,ok,True,6,5,-1,1,cal_lite,,,True,,,8a241d4ae08a67276ac9a2ff675e38d323335651583707bc2821e31a1ea85659,1.867502470035106,0.14887329190969467,0.2904206779785454,2.306796439923346
47,SingleLineInfilling/HumanEval/6/L10,HumanEval/6,L10,<=8,primary_control,ok,True,5,4,-1,1,cal_lite,,,True,,,9d4e41f537812a99d5c6ee878674a5754ffa40802609f4db5a187bbec86600d7,1.8597651049494743,0.12917160207871348,0.2893258874537423,2.27826259448193
48,SingleLineInfilling/HumanEval/6/L12,HumanEval/6,L12,17-24,primary_control,ok,False,20,12,-8,8,cal_lite,,,True,UnitTestFailure,failed: ,b50e841e0ba91336a66f25814ad6a7b8d77664007f0a59d68a06f4f4a790eb2b,1.885200435994193,0.14624084101524204,0.29649308312218636,2.3279343601316214
49,SingleLineInfilling/HumanEval/7/L0,HumanEval/7,L0,13-16,primary_control,ok,True,13,13,0,0,cal_lite,,,True,,,35031b438f9332152fe7fb0a41abcb6964d6eda841672b244fcb21032b093c2c,1.5876832490321249,0.13634444202762097,0.281730888877064,2.00575857993681
50,SingleLineInfilling/HumanEval/8/L0,HumanEval/8,L0,<=8,primary_control,ok,True,7,7,0,0,cal_lite,,,True,,,6db1d3ea34230eabac11c7b13b90deadb11588a3b81148840f98b0d1d14fc9a4,1.8391715830657631,0.14972879295237362,0.27904529485385865,2.2679456708719954
51,SingleLineInfilling/HumanEval/8/L1,HumanEval/8,L1,<=8,primary_control,ok,True,7,6,-1,1,cal_lite,,,True,,,60296f249e3d9f18f3b52d980ae1b8cc8ab708536be2d84928be5a5fe9536200,1.83785066800192,0.1415391160408035,0.28507367928978056,2.264463463332504
52,SingleLineInfilling/HumanEval/8/L3,HumanEval/8,L3,<=8,primary_control,ok,True,6,6,0,0,cal_lite,,,True,,,f81f225ca186c969c4a4759fbb9068160082e0ab033456fcf524227202fea3f1,1.8433970590122044,0.1498303790576756,0.28948491788469255,2.2827123559545726
53,SingleLineInfilling/HumanEval/8/L4,HumanEval/8,L4,<=8,primary_control,ok,True,6,6,0,0,cal_lite,,,True,,,f81f225ca186c969c4a4759fbb9068160082e0ab033456fcf524227202fea3f1,1.8240059179952368,0.14844193099997938,0.29162547073792666,2.264073319733143
54,SingleLineInfilling/HumanEval/8/L5,HumanEval/8,L5,<=8,primary_control,ok,True,6,6,0,0,cal_lite,,,True,,,403eea16f5b30e3183e9923c31398e62d7f4f457147ca686f1dde5683bf5e554,1.8348493980010971,0.15575927891768515,0.2905935008311644,2.2812021777499467
55,SingleLineInfilling/HumanEval/8/L6,HumanEval/8,L6,<=8,primary_control,ok,True,8,7,-1,1,cal_lite,,,True,,,50fea79f62804dad7c07c6ab0ee739ca08aae34a1039b77dc75488a679111d8f,1.8605838359799236,0.14981599303428084,0.2904514027759433,2.3008512317901477
56,SingleLineInfilling/HumanEval/9/L0,HumanEval/9,L0,<=8,primary_control,ok,True,6,10,4,4,cal_lite,,,True,,,471c5a38f797325461db8ed4a8797b1344578bf673e27bf149a9031299743a43,1.8725115349516273,0.1461849450133741,0.29205651592928916,2.3107529958942905
57,SingleLineInfilling/HumanEval/9/L1,HumanEval/9,L1,<=8,primary_control,ok,False,4,4,0,0,cal_lite,,,True,UnitTestFailure,timed out,387b082012ff7213e99b768a015e4c735c52066d951372c8e7debe07f187bada,1.8701490469975397,3.2272441239329055,0.28894763195421547,5.386340802884661
58,SingleLineInfilling/HumanEval/9/L3,HumanEval/9,L3,<=8,primary_control,ok,True,6,9,3,3,cal_lite,,,True,,,e2c6bbe704a88247aca6680bdb69171c3cfbeaff24dd19f9b8890ec7b89240a0,1.874856826965697,0.14618573698680848,0.28015693207271397,2.3011994960252196
59,SingleLineInfilling/HumanEval/9/L4,HumanEval/9,L4,<=8,primary_control,ok,True,7,7,0,0,cal_lite,,,True,,,32af61f17fb376cc1dd042dba50d561411a01ceb3047e358245b577c03971690,1.8745346229989082,0.1481914249015972,0.29211446177214384,2.314840509672649
60,SingleLineInfilling/HumanEval/9/L5,HumanEval/9,L5,<=8,primary_control,ok,True,6,6,0,0,cal_lite,,,True,,,32af61f17fb376cc1dd042dba50d561411a01ceb3047e358245b577c03971690,1.8595992390764877,0.15571826288942248,0.2885091691277921,2.3038266710937023
61,SingleLineInfilling/HumanEval/9/L6,HumanEval/9,L6,<=8,primary_control,ok,True,3,3,0,0,cal_lite,,,True,,,32af61f17fb376cc1dd042dba50d561411a01ceb3047e358245b577c03971690,1.851126295980066,0.14831416902597994,0.2835662615252659,2.283006726531312
62,SingleLineInfilling/HumanEval/9/L7,HumanEval/9,L7,9-12,primary_control,ok,True,11,12,1,1,cal_lite,,,True,,,4503af0d4d3d386b1b3b6feb30f0be7f0bd8442234484ff335fda5b1f93b585f,1.8508050109958276,0.15798314893618226,0.29086429812014103,2.299652458052151
63,SingleLineInfilling/HumanEval/9/L9,HumanEval/9,L9,<=8,primary_control,ok,False,7,5,-2,2,cal_lite,,,True,UnitTestFailure,failed: 'int' object is not iterable,fb5c9a7387eceea4e5778a457c15a0963d4669d7317822f0f7dc9f7cf181b957,1.8549843350192532,0.14807835908140987,0.2883996742311865,2.2914623683318496
64,SingleLineInfilling/HumanEval/9/L11,HumanEval/9,L11,<=8,primary_control,ok,True,4,4,0,0,cal_lite,,,True,,,32af61f17fb376cc1dd042dba50d561411a01ceb3047e358245b577c03971690,1.8416131150443107,0.14452114200685173,0.2911312010837719,2.2772654581349343
65,SingleLineInfilling/HumanEval/10/L0,HumanEval/10,L0,<=8,primary_control,ok,False,5,4,-1,1,cal_lite,,,True,UnitTestFailure,failed: ,7d345452e96362c78773e8a52f6b398ce5ffb373121ad91590983591f1d6e23e,1.8643001719610766,0.13842112512793392,0.28499143302906305,2.2877127301180735
66,SingleLineInfilling/HumanEval/10/L1,HumanEval/10,L1,<=8,primary_control,ok,True,3,14,11,11,cal_lite,,,True,,,90fe117fe6bc993c6a496b44ca82b8830f50073f42c8edc43cc9f53da0566422,1.893129775999114,0.15574612200725824,0.2872240871656686,2.3360999851720408
67,SingleLineInfilling/HumanEval/10/L3,HumanEval/10,L3,<=8,primary_control,ok,False,8,11,3,3,cal_lite,,,True,UnitTestFailure,failed: ,2d5079f5bfe40d558e19dab51c7c16b69d69f79a1bb9585b60b7ea8774f4406c,1.86486352304928,0.13889797404408455,0.2900319679174572,2.293793465010822
68,SingleLineInfilling/HumanEval/10/L5,HumanEval/10,L5,13-16,primary_control,ok,False,14,12,-2,2,cal_lite,,,False,SyntaxError,"closing parenthesis ']' does not match opening parenthesis '(' (<unknown>, line 25)",2da9ed57c9800da19befa1e0357f1676dd7a916ed21ab7a19d85f439fe0b5767,1.875550138996914,0.00017432495951652527,0.2963117838371545,2.172036247793585
69,SingleLineInfilling/HumanEval/10/L6,HumanEval/10,L6,<=8,primary_control,ok,True,8,7,-1,1,cal_lite,,,True,,,d553a9042c08d17fd8a9cc6d45be59dd653bad3ab11125595b04bd1c350598c2,1.8857311869505793,0.13647603092249483,0.2873326021945104,2.3095398200675845
70,SingleLineInfilling/HumanEval/10/L8,HumanEval/10,L8,13-16,primary_control,ok,False,14,6,-8,8,cal_lite,,,True,UnitTestFailure,failed: ,b402c8ba4fec4bdbfeb6970bffabf9e7a6d18ede37eaaa0361a125b9a44e8dec,1.8706475360086188,0.15703231294173747,0.28271363116800785,2.310393480118364
71,SingleLineInfilling/HumanEval/11/L0,HumanEval/11,L0,<=8,primary_control,ok,True,7,14,7,7,cal_lite,,,True,,,edc515f22145574e18b7a1225e42da81540873e9ad36902f3b4d221495262a66,1.8671875289874151,0.15539541491307318,0.27879667875822634,2.3013796226587147
72,SingleLineInfilling/HumanEval/11/L1,HumanEval/11,L1,<=8,primary_control,ok,True,6,6,0,0,cal_lite,,,True,,,3f868f860b145b75670a38e6b052ea1b335906692087fd6221ce83cffbcfa496,1.6167753109475598,0.13515914301387966,0.2906321210321039,2.0425665749935433
73,SingleLineInfilling/HumanEval/11/L2,HumanEval/11,L2,<=8,primary_control,ok,True,5,5,0,0,cal_lite,,,True,,,3f868f860b145b75670a38e6b052ea1b335906692087fd6221ce83cffbcfa496,1.5879709150176495,0.1544989850372076,0.28137327497825027,2.0238431750331074
74,SingleLineInfilling/HumanEval/11/L3,HumanEval/11,L3,<=8,primary_control,ok,True,3,3,0,0,cal_lite,,,True,,,3f868f860b145b75670a38e6b052ea1b335906692087fd6221ce83cffbcfa496,1.5985292580444366,0.1530945219565183,0.29489622567780316,2.046520005678758
75,SingleLineInfilling/HumanEval/11/L4,HumanEval/11,L4,<=8,primary_control,ok,False,5,4,-1,1,cal_lite,,,True,UnitTestFailure,"failed: sequence item 1: expected str instance, int found",5bd86cbfe439f9d493bab94a6179862aab1bde94aa73592788b9022667d6b34d,1.5766511069377884,0.15461108600720763,0.2832127403235063,2.0144749332685024
76,SingleLineInfilling/HumanEval/11/L6,HumanEval/11,L6,17-24,primary_control,ok,True,20,12,-8,8,cal_lite,,,True,,,835b49b0d47dd54bc9702a43b54f49382637825306c7a4c556f227fd77b84595,1.603417168953456,0.15999382210429758,0.2831139450427145,2.046524936100468
77,SingleLineInfilling/HumanEval/12/L0,HumanEval/12,L0,<=8,primary_control,ok,True,5,9,4,4,cal_lite,,,True,,,fd82c3fd4f21e89aec1982ffbeb57eb001afe04857cc26f5da3c473f50917fdf,1.8520435719983652,0.14164288400206715,0.300356766092591,2.2940432220930234
78,SingleLineInfilling/HumanEval/12/L1,HumanEval/12,L1,<=8,primary_control,ok,True,4,3,-1,1,cal_lite,,,True,,,e335bb45bd5dff93afcde07f5757e7a5f94f01b12dc0e4d4f0bcc48c958288de,1.8445463279495016,0.15084452100563794,0.2861296090995893,2.281520458054729
79,SingleLineInfilling/HumanEval/12/L3,HumanEval/12,L3,9-12,primary_control,ok,True,12,12,0,0,cal_lite,,,True,,,0af140ec060481e0ae01d5040ba9578c7a4db7213da0968fd452fe4d4576cbff,1.8810270299436525,0.1421083880122751,0.2920228017028421,2.3151582196587697
80,SingleLineInfilling/HumanEval/12/L4,HumanEval/12,L4,<=8,primary_control,ok,True,6,6,0,0,cal_lite,,,True,,,3685e6ba074e41236d9197c721cf71ef513eccd706be51a79f76727ad87884d6,1.8425041800364852,0.1360657550394535,0.29318301973398775,2.2717529548099265
81,SingleLineInfilling/HumanEval/12/L5,HumanEval/12,L5,<=8,primary_control,ok,True,8,8,0,0,cal_lite,,,True,,,3685e6ba074e41236d9197c721cf71ef513eccd706be51a79f76727ad87884d6,1.8240522760897875,0.14060854201670736,0.29309208679478616,2.257752904901281
82,SingleLineInfilling/HumanEval/12/L6,HumanEval/12,L6,<=8,primary_control,ok,True,4,8,4,4,cal_lite,,,True,,,c371fe2f74ad8338ead9bf86742379b5bef3a65c1d05a05f04a0bd34046c8cbe,1.8590639400063083,0.15502764598932117,0.29117446718737483,2.3052660531830043
83,SingleLineInfilling/HumanEval/13/L0,HumanEval/13,L0,<=8,primary_control,ok,True,4,7,3,3,cal_lite,,,True,,,b095bd11caaa57da3ccf9d541bf1088cddff6043e0a80fab175470d04116aa6a,1.6001155630219728,0.14418406796175987,0.2814018757781014,2.025701506761834
84,SingleLineInfilling/HumanEval/13/L1,HumanEval/13,L1,9-12,primary_control,ok,True,11,11,0,0,cal_lite,,,True,,,acc3b98a289aff9cc3fa28e707155d5ce11e9ccc2523eb12c22c804bb8f5cb1f,1.620257469941862,0.15491629298776388,0.28199853328987956,2.0571722962195054
85,SingleLineInfilling/HumanEval/13/L2,HumanEval/13,L2,<=8,primary_control,ok,True,4,3,-1,1,cal_lite,,,True,,,b4904f75418ca1db127ab20869f4a2d2abbc9dff49151bc9caec855165f26ea0,1.5691783159272745,0.15201010496821254,0.28250266949180514,2.003691090387292
86,SingleLineInfilling/HumanEval/14/L0,HumanEval/14,L0,<=8,primary_control,ok,False,4,4,0,0,cal_lite,,,True,UnitTestFailure,failed: ,55a2f19b1b935992bb7858ba3baa127097397854f551225222286394e8ca9d42,1.5931617190362886,0.13997060502879322,0.27806714875623584,2.0111994728213176
87,SingleLineInfilling/HumanEval/14/L2,HumanEval/14,L2,<=8,primary_control,ok,True,8,8,0,0,cal_lite,,,True,,,e8cd7aa1d5ff0f57886eaadfc33f200e424171a9135ba39f7a23436921c2014b,1.6028419570066035,0.15359768795315176,0.28701060090679675,2.043450245866552
88,SingleLineInfilling/HumanEval/14/L3,HumanEval/14,L3,9-12,primary_control,ok,True,9,9,0,0,cal_lite,,,True,,,ac68a53c694969f5ddd4957df68590893569db36e6ae1757edc51860ea097527,1.6023942480096593,0.15143584599718451,0.2789258217671886,2.0327559157740325
89,SingleLineInfilling/HumanEval/14/L4,HumanEval/14,L4,<=8,primary_control,ok,True,4,3,-1,1,cal_lite,,,True,,,abf60d17183ce5edcdf39ca0a298fa33722622ea83716e3cc9614b0fbceeb13b,1.6143983200890943,0.13421426201239228,0.27989194414112717,2.028504526242614
90,SingleLineInfilling/HumanEval/15/L0,HumanEval/15,L0,17-24,primary_control,ok,False,18,3,-15,15,cal_lite,,,True,UnitTestFailure,failed: ,cee6ebabcf493daac42e08cbc19ac3c1af7c61aadfcd245bfaf59e649c00ee7d,1.5912516720127314,0.1465145400725305,0.28662089665886015,2.024387108744122
91,SingleLineInfilling/HumanEval/16/L0,HumanEval/16,L0,<=8,primary_control,ok,False,7,3,-4,4,cal_lite,,,True,UnitTestFailure,failed: ,2685b9ba9ec5f6fff9629d5974a188a6daa6f8c196bb59c3d42cab394331b98e,1.5756851580226794,0.15322322689462453,0.282002781284973,2.010911166202277
92,SingleLineInfilling/HumanEval/17/L0,HumanEval/17,L0,17-24,primary_control,ok,False,23,5,-18,18,cal_lite,,,True,UnitTestFailure,failed: 'o',d34bc8d686ab68cf2e048c392c6ad2c6e1349fd897d65720603102b292ba2db5,1.8638678300194442,0.15017837600316852,0.29339495627209544,2.307441162294708
93,SingleLineInfilling/HumanEval/17/L1,HumanEval/17,L1,17-24,primary_control,ok,False,18,13,-5,5,cal_lite,,,True,UnitTestFailure,failed: name 'n' is not defined,7df2cc0d72826339646df2a89e673c67f8c8bf147741f3d7ae07cf2d735d7e57,1.9454089079517871,0.1485302260844037,0.29567149479407817,2.389610628830269
94,SingleLineInfilling/HumanEval/18/L0,HumanEval/18,L0,<=8,primary_control,ok,True,6,7,1,1,cal_lite,,,True,,,dce3e9059eae34d6cccd42b4c75d55e5b3330fa175306638150b8abb9b459c52,1.8751987750874832,0.15726473403628916,0.30819530319422483,2.340658812317997
95,SingleLineInfilling/HumanEval/18/L2,HumanEval/18,L2,17-24,primary_control,ok,True,17,8,-9,9,cal_lite,,,True,,,994f782b6f7f4f7cd3807732fffd72a5d3886ed89eee7290de9e6949e14e7ef8,1.600652813911438,0.15589338506106287,0.2832164029823616,2.0397626019548625
96,SingleLineInfilling/HumanEval/18/L3,HumanEval/18,L3,9-12,primary_control,ok,True,12,13,1,1,cal_lite,,,True,,,e600ba25043f8c2eeccc1e2462c6eed31f1dfabef536c5db90059cd28705a651,1.8674815819831565,0.141675612074323,0.28250447020400316,2.2916616642614827
97,SingleLineInfilling/HumanEval/18/L4,HumanEval/18,L4,<=8,primary_control,ok,True,6,7,1,1,cal_lite,,,True,,,499048e2670caa94db679be634a1312dd745f524d37ef5ea99afead57bb4f5fe,1.8743505839956924,0.15325689897872508,0.28929045412223786,2.3168979370966554
98,SingleLineInfilling/HumanEval/18/L6,HumanEval/18,L6,<=8,primary_control,ok,True,4,24,20,20,cal_lite,,,True,,,cc504173b3165e4546c1bc8c2ed2349d9888ff0fd5532f0252dbd32c0fff5ea0,1.9106248390162364,0.15336730796843767,0.2957058270694688,2.359697974054143
99,SingleLineInfilling/HumanEval/19/L0,HumanEval/19,L0,<=8,primary_control,ok,True,5,11,6,6,cal_lite,,,True,,,c1c1cd843145c32f063a8ccc24739f85e3574ea2fbc2ec5a81e11b31bff425e4,1.9018379650078714,0.14095156104303896,0.29411776328925043,2.336907289340161
100,SingleLineInfilling/HumanEval/19/L1,HumanEval/19,L1,<=8,primary_control,ok,True,7,7,0,0,cal_lite,,,True,,,87b64884bd6d975b360ebf3292114006500c249dd3c68c21977b705eb7a5004f,1.917310493066907,0.13868505298160017,0.29432985081803054,2.3503253968665376
101,SingleLineInfilling/HumanEval/19/L2,HumanEval/19,L2,<=8,primary_control,ok,True,7,7,0,0,cal_lite,,,True,,,87b64884bd6d975b360ebf3292114006500c249dd3c68c21977b705eb7a5004f,1.9178691749693826,0.14193126489408314,0.29827882489189506,2.358079264755361
102,SingleLineInfilling/HumanEval/19/L3,HumanEval/19,L3,<=8,primary_control,ok,True,7,7,0,0,cal_lite,,,True,,,87b64884bd6d975b360ebf3292114006500c249dd3c68c21977b705eb7a5004f,1.927022913005203,0.16087844711728394,0.3025855236919597,2.3904868838144466
103,SingleLineInfilling/HumanEval/19/L4,HumanEval/19,L4,<=8,primary_control,ok,True,7,7,0,0,cal_lite,,,True,,,87b64884bd6d975b360ebf3292114006500c249dd3c68c21977b705eb7a5004f,1.890173764899373,0.1489784320583567,0.2995332927675918,2.3386854897253215
104,SingleLineInfilling/HumanEval/19/L5,HumanEval/19,L5,<=8,primary_control,ok,True,7,7,0,0,cal_lite,,,True,,,87b64884bd6d975b360ebf3292114006500c249dd3c68c21977b705eb7a5004f,1.8948161120060831,0.1574710541171953,0.2921407910762355,2.344427957199514
105,SingleLineInfilling/HumanEval/19/L6,HumanEval/19,L6,<=8,primary_control,ok,False,7,14,7,7,cal_lite,,,True,UnitTestFailure,failed: ,1a7c4813ee29759c8b2533141576c4329121c22e12d49b4b309a8766098849b8,1.922887198976241,0.14656462497077882,0.28755188919603825,2.357003713143058
106,SingleLineInfilling/HumanEval/19/L7,HumanEval/19,L7,<=8,primary_control,ok,False,7,14,7,7,cal_lite,,,True,UnitTestFailure,failed: ,1a7c4813ee29759c8b2533141576c4329121c22e12d49b4b309a8766098849b8,1.9279050990007818,0.15344261401332915,0.2841763368342072,2.365524049848318
107,SingleLineInfilling/HumanEval/19/L8,HumanEval/19,L8,<=8,primary_control,ok,True,7,14,7,7,cal_lite,,,True,,,8abc9b73912b23f5107fc9b364807768f4c6d59de63bdf7a4533acae11e596f9,1.9266970289172605,0.15169683506246656,0.2903123787837103,2.3687062427634373
108,SingleLineInfilling/HumanEval/19/L9,HumanEval/19,L9,<=8,primary_control,ok,True,7,7,0,0,cal_lite,,,True,,,87b64884bd6d975b360ebf3292114006500c249dd3c68c21977b705eb7a5004f,1.885397782898508,0.1559644138906151,0.2884795079007745,2.3298417046898976
109,SingleLineInfilling/HumanEval/19/L10,HumanEval/19,L10,<=8,primary_control,ok,True,7,15,8,8,cal_lite,,,True,,,6c9fa4a784479d43ef404b4d6754215307b00db4772b2cdc74e9a2e6b671759d,1.9307486329926178,0.16255390690639615,0.29102353437338024,2.384326074272394
110,SingleLineInfilling/HumanEval/19/L11,HumanEval/19,L11,<=8,primary_control,ok,True,2,3,1,1,cal_lite,,,True,,,136c2575288f70002eb9d7587171151ecfd74dc4a48cdd9874c974db5317971e,1.8919785668840632,0.13922794698737562,0.28777413920033723,2.318980653071776
111,SingleLineInfilling/HumanEval/19/L12,HumanEval/19,L12,25+,primary_control,ok,False,26,3,-23,23,cal_lite,,,True,UnitTestFailure,failed: ,512351eee3ef9bfc4135d2d3c5cefd0b697c82fe0347e49533261aa6332c6b6d,1.8266979859909043,0.13832880300469697,0.29638288787100464,2.261409676866606
112,SingleLineInfilling/HumanEval/20/L0,HumanEval/20,L0,<=8,primary_control,ok,True,6,6,0,0,cal_lite,,,True,,,33f155c0e4b29fed339d63c22946683da7f0a789b06f8ce11b6bebaf251f66c3,2.290575224906206,0.15953478508163244,0.3121476419037208,2.7622576518915594
113,SingleLineInfilling/HumanEval/20/L1,HumanEval/20,L1,<=8,primary_control,ok,True,5,4,-1,1,cal_lite,,,True,,,7479c51d5095ca7bdf99d927393d80d6be8946463d720834a929759a413b0fe8,2.306304262019694,0.15012105903588235,0.303122658864595,2.759547979920171
114,SingleLineInfilling/HumanEval/20/L3,HumanEval/20,L3,9-12,primary_control,ok,True,9,9,0,0,cal_lite,,,True,,,c71bef97bdbf6601f7f70f815cead4e2725ffa6d6d85bf1a86e8d37d7d8e99fd,2.3383936140453443,0.1472201938740909,0.28879622963722795,2.774410037556663
115,SingleLineInfilling/HumanEval/20/L4,HumanEval/20,L4,9-12,primary_control,ok,True,11,11,0,0,cal_lite,,,True,,,c71bef97bdbf6601f7f70f815cead4e2725ffa6d6d85bf1a86e8d37d7d8e99fd,2.343261578003876,0.15106413792818785,0.30596149305347353,2.8002872089855373
116,SingleLineInfilling/HumanEval/20/L5,HumanEval/20,L5,<=8,primary_control,ok,False,7,5,-2,2,cal_lite,,,True,UnitTestFailure,failed: ,c730747d7d2c934458a97f2f8afc93ac700ea8342f7461ace14687eb2187ce7f,2.3254298999672756,0.15059362002648413,0.2856228593736887,2.7616463793674484
117,SingleLineInfilling/HumanEval/20/L6,HumanEval/20,L6,<=8,primary_control,ok,False,6,5,-1,1,cal_lite,,,True,UnitTestFailure,failed: ,70012c15c240536d820c12f42b36a1210a9462a29933fd295f9522fbd46146be,2.325371369952336,0.150183767080307,0.29898238892201334,2.7745375259546563
118,SingleLineInfilling/HumanEval/20/L7,HumanEval/20,L7,9-12,primary_control,ok,True,9,9,0,0,cal_lite,,,True,,,c71bef97bdbf6601f7f70f815cead4e2725ffa6d6d85bf1a86e8d37d7d8e99fd,2.335906281019561,0.1576929520815611,0.28362742299214005,2.777226656093262
119,SingleLineInfilling/HumanEval/20/L8,HumanEval/20,L8,9-12,primary_control,ok,True,12,12,0,0,cal_lite,,,True,,,c71bef97bdbf6601f7f70f815cead4e2725ffa6d6d85bf1a86e8d37d7d8e99fd,2.3193749339552596,0.15477182599715889,0.30039488372858614,2.7745416436810046
120,SingleLineInfilling/HumanEval/20/L9,HumanEval/20,L9,<=8,primary_control,ok,True,3,3,0,0,cal_lite,,,True,,,c71bef97bdbf6601f7f70f815cead4e2725ffa6d6d85bf1a86e8d37d7d8e99fd,2.3162366220494732,0.15088808292057365,0.2975043829064816,2.7646290878765285
121,SingleLineInfilling/HumanEval/20/L10,HumanEval/20,L10,9-12,primary_control,ok,True,10,10,0,0,cal_lite,,,True,,,c71bef97bdbf6601f7f70f815cead4e2725ffa6d6d85bf1a86e8d37d7d8e99fd,2.3297607670538127,0.15010433201678097,0.3072177942376584,2.787082893308252
122,SingleLineInfilling/HumanEval/20/L11,HumanEval/20,L11,<=8,primary_control,ok,False,7,5,-2,2,cal_lite,,,True,UnitTestFailure,failed: ,78576fda275be6c60de81156a00044fb8e0300868b77af3c7d35bee1b2b4fbb8,2.3068209680495784,0.15582521900068969,0.30051099602133036,2.7631571830715984
123,SingleLineInfilling/HumanEval/20/L12,HumanEval/20,L12,<=8,primary_control,ok,True,6,9,3,3,cal_lite,,,True,,,312333ffaa769245b8c4a5cba82b6c154def208a93d7598a792f746a8add833b,2.3299171349499375,0.14744173409417272,0.29390566516667604,2.7712645342107862
124,SingleLineInfilling/HumanEval/20/L13,HumanEval/20,L13,9-12,primary_control,ok,True,12,14,2,2,cal_lite,,,True,,,94ad7fb259e84ac0f050c5218d641f06a821009beb209a3f6318dd0b59a6aabe,2.328917047008872,0.15627458004746586,0.29133766482118517,2.776529291877523
125,SingleLineInfilling/HumanEval/20/L15,HumanEval/20,L15,<=8,primary_control,ok,True,5,5,0,0,cal_lite,,,True,,,c71bef97bdbf6601f7f70f815cead4e2725ffa6d6d85bf1a86e8d37d7d8e99fd,2.317031846032478,0.1446621681097895,0.29646758921444416,2.7581616033567116
126,SingleLineInfilling/HumanEval/21/L0,HumanEval/21,L0,<=8,primary_control,ok,True,7,7,0,0,cal_lite,,,True,,,b2fc096faf74832420fa38a0f25a8d92d4b88d7cb82c4bdc86f9c92ae8f2437a,1.8588627729332075,0.15954418503679335,0.29994920711033046,2.3183561650803313
127,SingleLineInfilling/HumanEval/21/L1,HumanEval/21,L1,<=8,primary_control,ok,True,7,7,0,0,cal_lite,,,True,,,cac7ded7f3e9aca0cda3d698e8fc039880abedca0d55e1bc97003f36d988c17b,1.8697402080288157,0.1442961540305987,0.2970370361581445,2.311073398217559
128,SingleLineInfilling/HumanEval/21/L2,HumanEval/21,L2,17-24,primary_control,ok,True,21,20,-1,1,cal_lite,,,True,,,b2ede29ebe83f44890328c12a18d520666795b700e95c1a5221eb02d7ee2a6c1,1.8834646980976686,0.14027851715218276,0.29595013021025807,2.3196933454601094
129,SingleLineInfilling/HumanEval/22/L0,HumanEval/22,L0,13-16,primary_control,ok,True,14,14,0,0,cal_lite,,,True,,,879aa297bac0975da14b43b4be5102488c1e2acfdbe146e1c03d4d58ff6a724e,1.617414962965995,0.1244536399608478,0.2805610769428313,2.022429679869674
130,SingleLineInfilling/HumanEval/23/L0,HumanEval/23,L0,<=8,primary_control,ok,True,5,5,0,0,cal_lite,,,True,,,440465f1c739e906dcc2449bc7d527ed69efd63180589de7bd3d10650b085736,1.484802536899224,0.13688862894196063,0.30370546330232173,1.9253966291435063
131,SingleLineInfilling/HumanEval/24/L0,HumanEval/24,L0,<=8,primary_control,ok,True,8,16,8,8,cal_lite,,,True,,,71c510b9d31116be6b7e81c2077cf5677ac16189f60a8ab9fee1f51c43600bcb,1.610658210935071,0.12017581716645509,0.2741290967678651,2.0049631248693913
132,SingleLineInfilling/HumanEval/24/L1,HumanEval/24,L1,9-12,primary_control,ok,True,9,9,0,0,cal_lite,,,True,,,edc35161ab72014ac56b571a50dd472ffac9413b62e60a1753a155fe0492e16a,1.6035039329435676,0.14994535699952394,0.2835790633689612,2.037028353312053
133,SingleLineInfilling/HumanEval/24/L2,HumanEval/24,L2,<=8,primary_control,ok,True,4,9,5,5,cal_lite,,,True,,,3ee57679d24afa0a2e8c54cc462bc13beed07247b770023e1efe1101b9cba5a3,1.6055960579542443,0.13515887211542577,0.273823432973586,2.014578363043256
134,SingleLineInfilling/HumanEval/25/L0,HumanEval/25,L0,<=8,primary_control,ok,True,4,4,0,0,cal_lite,,,True,,,6ea759a768d13efda2086e9b758832fb723a6050ac219bd2c813ff020cf188f3,1.8830798770068213,0.11747660103719682,0.2853156068595126,2.2858720849035308
135,SingleLineInfilling/HumanEval/25/L1,HumanEval/25,L1,<=8,primary_control,ok,True,4,4,0,0,cal_lite,,,True,,,cb794a5daa75c37ed83e112f6c147b01a8804e9812ea325ee74837b44b54b749,1.8895874249283224,0.15198341594077647,0.2814847530098632,2.323055593878962
136,SingleLineInfilling/HumanEval/25/L2,HumanEval/25,L2,<=8,primary_control,ok,True,6,6,0,0,cal_lite,,,True,,,cb794a5daa75c37ed83e112f6c147b01a8804e9812ea325ee74837b44b54b749,1.891007308033295,0.12276085093617439,0.28717423987109214,2.3009423988405615
137,SingleLineInfilling/HumanEval/25/L3,HumanEval/25,L3,13-16,primary_control,ok,True,13,6,-7,7,cal_lite,,,True,,,a1d248d1f4c865e872fefcb9e55140bfdb891293489708460f4d8a94d2bc5d2c,1.859715776052326,0.13728671602439135,0.29209035891108215,2.2890928509877995
138,SingleLineInfilling/HumanEval/25/L4,HumanEval/25,L4,9-12,primary_control,ok,True,9,11,2,2,cal_lite,,,True,,,7d255922a5cd023825d8969deb8c008b95eda0503b85c92e92482a348e948f4d,1.8908590950304642,0.13556463608983904,0.28970948315691203,2.3161332142772153
139,SingleLineInfilling/HumanEval/25/L5,HumanEval/25,L5,<=8,primary_control,ok,True,5,5,0,0,cal_lite,,,True,,,cb794a5daa75c37ed83e112f6c147b01a8804e9812ea325ee74837b44b54b749,1.879241909016855,0.14955531002487987,0.2863813921576366,2.3151786111993715
140,SingleLineInfilling/HumanEval/25/L6,HumanEval/25,L6,<=8,primary_control,ok,True,5,8,3,3,cal_lite,,,True,,,c9d1f424189c6c75606a948ccf2308d8d4d7b6300b8ea10f944becf127267241,1.9135210110107437,0.14963248395361006,0.2963284030556679,2.3594818980200216
141,SingleLineInfilling/HumanEval/25/L7,HumanEval/25,L7,<=8,primary_control,ok,True,3,3,0,0,cal_lite,,,True,,,cb794a5daa75c37ed83e112f6c147b01a8804e9812ea325ee74837b44b54b749,1.8929492509923875,0.1542883178917691,0.29155909025575966,2.3387966591399163
142,SingleLineInfilling/HumanEval/25/L8,HumanEval/25,L8,<=8,primary_control,ok,True,6,7,1,1,cal_lite,,,True,,,dba86accb2cf6d625729c84727f3e6e3d683ad4356683e0f17bd6bb35b5ab628,1.9024728470249102,0.15431004110723734,0.2965882528806105,2.353371141012758
143,SingleLineInfilling/HumanEval/25/L10,HumanEval/25,L10,<=8,primary_control,ok,True,7,7,0,0,cal_lite,,,True,,,cb794a5daa75c37ed83e112f6c147b01a8804e9812ea325ee74837b44b54b749,1.877597610000521,0.13327573204878718,0.28092907182872295,2.291802413878031
144,SingleLineInfilling/HumanEval/25/L11,HumanEval/25,L11,<=8,primary_control,ok,True,5,5,0,0,cal_lite,,,True,,,448b7de890a5ddccd78d39c24e363ecb2531b27be054bd1d667b87d320b1cd90,1.8867517430335283,0.12228914408478886,0.3039619509363547,2.313002838054672
145,SingleLineInfilling/HumanEval/25/L12,HumanEval/25,L12,<=8,primary_control,ok,True,4,3,-1,1,cal_lite,,,True,,,935768607703b3917a314efd1f55f4475fb95c7333f822804b561a7fb456799a,1.888978381990455,0.13779201090801507,0.2803528399672359,2.307123232865706
146,SingleLineInfilling/HumanEval/26/L0,HumanEval/26,L0,<=8,primary_control,ok,True,4,4,0,0,cal_lite,,,True,,,6f87a8f128c1a54a796bb13402f3c55055dbf987b545a8c69b3e8d41e8416a9a,1.5857187520014122,0.11638931592460722,0.28069031692575663,1.982798384851776
147,SingleLineInfilling/HumanEval/26/L1,HumanEval/26,L1,<=8,primary_control,ok,True,7,7,0,0,cal_lite,,,True,,,6818cb9723c5321311c0994f593c7536fdb4d4dd98b2740a278a40f272025b5e,1.5903017710661516,0.14352456701453775,0.271908690687269,2.0057350287679583
148,SingleLineInfilling/HumanEval/26/L2,HumanEval/26,L2,13-16,primary_control,ok,True,16,16,0,0,cal_lite,,,True,,,f88698cf569ebbf6f22566065b02f894bbb6cc6efcc4940e4e0d94dd5f579a17,1.6102984679164365,0.14358746400102973,0.2771906772395596,2.031076609157026
149,SingleLineInfilling/HumanEval/28/L0,HumanEval/28,L0,<=8,primary_control,ok,True,6,6,0,0,cal_lite,,,True,,,23b4dd59904e0b83dbdbe5083536717fb39318d2fbe11707a8d5742c196fb669,1.4661945549305528,0.13508972595445812,0.2901609393302351,1.891445220215246
150,SingleLineInfilling/HumanEval/29/L0,HumanEval/29,L0,13-16,primary_control,ok,True,13,13,0,0,cal_lite,,,True,,,3e0a27f671d373dbfc8c24c5b7d4e9a25e69b6b13873921af0b3e438333521ff,1.5869354059686884,0.1417653849348426,0.2793978648260236,2.0080986557295546
151,SingleLineInfilling/HumanEval/30/L0,HumanEval/30,L0,13-16,primary_control,ok,True,14,14,0,0,cal_lite,,,True,,,3209367894900492d277232d00c49763cde7ed0a57ae034bd4905d8a3fae7af6,1.8828841329086572,0.1434016260318458,0.2772680369671434,2.3035537959076464
152,SingleLineInfilling/HumanEval/32/L0,HumanEval/32,L0,9-12,primary_control,ok,False,11,16,5,5,cal_lite,,,True,UnitTestFailure,timed out,c94958628cd664131c05ecae5be78a95e991a743d9f15f98c949fe5d9dc39da4,2.6535195889882743,3.1329064830206335,0.2979770560050383,6.084403128013946
153,SingleLineInfilling/HumanEval/32/L1,HumanEval/32,L1,17-24,primary_control,ok,False,17,20,3,3,cal_lite,,,True,UnitTestFailure,failed: ,5db8b99b454761c04dd94a0b78c3abab777e0c9ec764d447a3c5b50221e9b24f,2.66202206898015,0.15035751403775066,0.2843888528877869,3.0967684359056875
154,SingleLineInfilling/HumanEval/32/L2,HumanEval/32,L2,<=8,primary_control,ok,True,8,8,0,0,cal_lite,,,True,,,3390a284edc311fb1d66d4a9e3a71a496f344fc7b747ce82fc9a8398fc775c7a,2.641840555006638,0.145295407040976,0.2848386481637135,3.0719746102113277
155,SingleLineInfilling/HumanEval/32/L3,HumanEval/32,L3,<=8,primary_control,ok,True,8,8,0,0,cal_lite,,,True,,,3390a284edc311fb1d66d4a9e3a71a496f344fc7b747ce82fc9a8398fc775c7a,2.6525514679960907,0.14210605900734663,0.28453453176189214,3.0791920587653294
156,SingleLineInfilling/HumanEval/32/L4,HumanEval/32,L4,13-16,primary_control,ok,False,13,4,-9,9,cal_lite,,,True,UnitTestFailure,timed out,9c7fbbc1067589b417f6dab5a80deb1d57242d91f554ccc8b56494714e548bde,2.614551095990464,3.1567883379757404,0.2882241460029036,6.059563579969108
157,SingleLineInfilling/HumanEval/32/L5,HumanEval/32,L5,13-16,primary_control,ok,True,14,12,-2,2,cal_lite,,,True,,,b7d93faeeffe86a83a308c570cb442553a0ab5d05443e3c21e61a5355e41eaf1,2.6462939460761845,0.15729314694181085,0.2923593770246953,3.0959464700426906
158,SingleLineInfilling/HumanEval/32/L6,HumanEval/32,L6,17-24,primary_control,ok,False,17,11,-6,6,cal_lite,,,True,UnitTestFailure,failed: ,209c33c53850362231666c0b3b97033b44692d8635d262ce26b34bd404c29440,2.6584067149087787,0.14866810804232955,0.2780624160077423,3.0851372389588505
159,SingleLineInfilling/HumanEval/32/L7,HumanEval/32,L7,<=8,primary_control,ok,True,5,5,0,0,cal_lite,,,True,,,3390a284edc311fb1d66d4a9e3a71a496f344fc7b747ce82fc9a8398fc775c7a,2.637305613956414,0.15127051889430732,0.29336841602344066,3.081944548874162
160,SingleLineInfilling/HumanEval/32/L8,HumanEval/32,L8,<=8,primary_control,ok,True,3,3,0,0,cal_lite,,,True,,,3390a284edc311fb1d66d4a9e3a71a496f344fc7b747ce82fc9a8398fc775c7a,2.646318396087736,0.1561825800454244,0.287843095138669,3.0903440712718293
161,SingleLineInfilling/HumanEval/32/L9,HumanEval/32,L9,<=8,primary_control,ok,True,5,5,0,0,cal_lite,,,True,,,3390a284edc311fb1d66d4a9e3a71a496f344fc7b747ce82fc9a8398fc775c7a,2.6541833259398118,0.15661796706262976,0.28579751669894904,3.0965988097013906
162,SingleLineInfilling/HumanEval/32/L10,HumanEval/32,L10,<=8,primary_control,ok,True,4,13,9,9,cal_lite,,,True,,,0e6d9cc6176ea9db1cdc8b56800e93ff5f43e1c5825bb2b884e10630fdc77ec9,2.681535183917731,0.1391786119202152,0.2812700498616323,3.1019838456995785
163,SingleLineInfilling/HumanEval/33/L0,HumanEval/33,L0,<=8,primary_control,ok,True,6,3,-3,3,cal_lite,,,True,,,d2b48142c3d780dfa2dc35543716bff3602ca4b3b0688c2214275733785b4d4b,1.826988962944597,0.1294587750453502,0.28309706994332373,2.239544807933271
164,SingleLineInfilling/HumanEval/33/L1,HumanEval/33,L1,13-16,primary_control,ok,False,13,4,-9,9,cal_lite,,,True,UnitTestFailure,failed: ,4783e185ed17620881da033ea64e29d61b5dd51ee2fa5edb56b8c6bc40db4fc4,1.8662193319760263,0.1354411441134289,0.2817484660772607,2.283408942166716
165,SingleLineInfilling/HumanEval/33/L2,HumanEval/33,L2,<=8,primary_control,ok,True,4,3,-1,1,cal_lite,,,True,,,2688a9814188eee2de3ebb57b4c4a7fab0cbb1dc5fa5759925f6c02476c17ea1,1.8173887189477682,0.14530386112164706,0.28144995297770947,2.2441425330471247
166,SingleLineInfilling/HumanEval/34/L0,HumanEval/34,L0,<=8,primary_control,ok,True,7,6,-1,1,cal_lite,,,True,,,bf6dcb52b5fcfb92bbf2bee9fe22a08ef95b333d8e509942579c8fa0f3772d27,1.5801741980249062,0.14974943303968757,0.2752959243953228,2.0052195554599166
167,SingleLineInfilling/HumanEval/36/L0,HumanEval/36,L0,<=8,primary_control,ok,True,4,5,1,1,cal_lite,,,True,,,132b81e8cc3b5ac8fc106402c989faf8d17707252bac86af476d8392c2c53666,1.8501898359972984,0.1536256279796362,0.287360472837463,2.2911759368143976
168,SingleLineInfilling/HumanEval/36/L1,HumanEval/36,L1,<=8,primary_control,ok,True,7,10,3,3,cal_lite,,,True,,,495a43d9be9c4e93345acec61cc0f6a4ee164afbce5a5b78956e60da9498b343,1.8622041920898482,0.13772096892353147,0.28421918908134103,2.2841443500947207
169,SingleLineInfilling/HumanEval/36/L2,HumanEval/36,L2,17-24,primary_control,ok,True,20,20,0,0,cal_lite,,,True,,,746507c9af7b2032ff0307d55be461982157ff5e5d472a2655f74a27be2df1c9,1.887106518028304,0.15293943299911916,0.28246473299805075,2.322510684025474
170,SingleLineInfilling/HumanEval/36/L3,HumanEval/36,L3,<=8,primary_control,ok,True,5,5,0,0,cal_lite,,,True,,,746507c9af7b2032ff0307d55be461982157ff5e5d472a2655f74a27be2df1c9,1.8539830689551309,0.13421627797652036,0.28232001792639494,2.270519364858046
171,SingleLineInfilling/HumanEval/36/L4,HumanEval/36,L4,9-12,primary_control,ok,True,11,6,-5,5,cal_lite,,,True,,,c10a7e512461e9e5fc0a9b3ad02ab1e88fd4813a73031076413a20f2419ea562,1.8439988349564373,0.16602942801546305,0.2895053547108546,2.299533617682755
172,SingleLineInfilling/HumanEval/36/L5,HumanEval/36,L5,<=8,primary_control,ok,True,6,10,4,4,cal_lite,,,True,,,27091c412f8790c2e7f4da72940a215e596f4ddcb3087ffe11780057883a5631,1.865564803010784,0.12888624402694404,0.28333893534727395,2.277789982385002
173,SingleLineInfilling/HumanEval/36/L6,HumanEval/36,L6,<=8,primary_control,ok,True,6,6,0,0,cal_lite,,,True,,,746507c9af7b2032ff0307d55be461982157ff5e5d472a2655f74a27be2df1c9,1.8510545369936153,0.16097019088920206,0.2836161401355639,2.2956408680183813
174,SingleLineInfilling/HumanEval/36/L7,HumanEval/36,L7,9-12,primary_control,ok,True,9,13,4,4,cal_lite,,,True,,,7af9926fa238d9bf2b6d9ff3eba7fd6bf46e642ef37351127a6e775b6cfda773,1.9068775720661506,0.16148381994571537,0.2760679698549211,2.344429361866787
175,SingleLineInfilling/HumanEval/36/L8,HumanEval/36,L8,<=8,primary_control,ok,True,4,16,12,12,cal_lite,,,True,,,5549876a981201efa8c88e5daa5824517dd7db812dadc395830f6dc2320d0c0b,1.867398151080124,0.14808992599137127,0.28424856602214277,2.299736643093638
176,SingleLineInfilling/HumanEval/37/L0,HumanEval/37,L0,9-12,primary_control,ok,True,9,9,0,0,cal_lite,,,True,,,d7d7a46d64c85b487c62d083cfafe3e67b32aa87a34851c4c8d014849eaad2a2,1.8664959520101547,0.13823475199751556,0.2840228589484468,2.288753562956117
177,SingleLineInfilling/HumanEval/37/L1,HumanEval/37,L1,9-12,primary_control,ok,True,9,9,0,0,cal_lite,,,True,,,f178ad6fb10eb0ff94574cc7b0a586bed05962b83cbfd4eb7b221d5d6d4fce28,1.8722912430530414,0.1165550829609856,0.2767788212513551,2.265625147265382
178,SingleLineInfilling/HumanEval/37/L2,HumanEval/37,L2,<=8,primary_control,ok,False,5,9,4,4,cal_lite,,,True,UnitTestFailure,failed: ,135b9f88443544ddc7b0bfe5f555a79d03e1dd5765118732b437fe72ba7cf77c,1.9098236589925364,0.15003966190852225,0.28683255531359464,2.3466958762146533
179,SingleLineInfilling/HumanEval/37/L3,HumanEval/37,L3,<=8,primary_control,ok,True,4,4,0,0,cal_lite,,,True,,,f178ad6fb10eb0ff94574cc7b0a586bed05962b83cbfd4eb7b221d5d6d4fce28,1.8732000879244879,0.135986743029207,0.29376960487570614,2.302956435829401
180,SingleLineInfilling/HumanEval/37/L4,HumanEval/37,L4,9-12,primary_control,ok,True,12,12,0,0,cal_lite,,,True,,,f178ad6fb10eb0ff94574cc7b0a586bed05962b83cbfd4eb7b221d5d6d4fce28,1.8826276659965515,0.14258503005839884,0.2865215090569109,2.3117342051118612
181,SingleLineInfilling/HumanEval/37/L5,HumanEval/37,L5,<=8,primary_control,ok,True,8,10,2,2,cal_lite,,,True,,,da9f488c45a27c4d02fc7ebb7280ed8002d7573390cbebc9890726e1b2be5773,1.9147637240821496,0.12186835904140025,0.28487162885721773,2.3215037119807675
182,SingleLineInfilling/HumanEval/37/L6,HumanEval/37,L6,9-12,primary_control,ok,False,11,5,-6,6,cal_lite,,,True,UnitTestFailure,failed: ,57d4d1571a0fc6a6e2762b1e2de99950c05b8b2082a5d48412ee87a6da54f372,1.853308557998389,0.12231790402438492,0.2907323708059266,2.2663588328287005
183,SingleLineInfilling/HumanEval/37/L7,HumanEval/37,L7,<=8,primary_control,ok,True,8,8,0,0,cal_lite,,,True,,,f178ad6fb10eb0ff94574cc7b0a586bed05962b83cbfd4eb7b221d5d6d4fce28,1.8671402300242335,0.14212293922901154,0.29575147735886276,2.3050146466121078
184,SingleLineInfilling/HumanEval/37/L8,HumanEval/37,L8,<=8,primary_control,ok,True,4,3,-1,1,cal_lite,,,True,,,955b4eb6b8633c33ef6a40e2f55c36157780e777d88d4fb878228fb154ba0ef2,1.8506576740182936,0.15132794715464115,0.281982722110115,2.2839683432830498
185,SingleLineInfilling/HumanEval/38/L0,HumanEval/38,L0,9-12,primary_control,ok,False,11,3,-8,8,cal_lite,,,True,UnitTestFailure,failed: ,3502767ee97312ac75082a9c5d9d69f4cf94b7a8f04d9a86a86d7e9677f439c9,1.8612617289181799,0.14904078596737236,0.27700628200545907,2.2873087968910113
186,SingleLineInfilling/HumanEval/39/L0,HumanEval/39,L0,<=8,primary_control,ok,True,4,3,-1,1,cal_lite,,,True,,,98849e1bb241442280381c317c7bcb9681537ddf8a6a372be43ecfeca954b83e,1.9137227090541273,0.13040399795863777,0.2928389568114653,2.3369656638242304
187,SingleLineInfilling/HumanEval/39/L2,HumanEval/39,L2,<=8,primary_control,ok,True,6,11,5,5,cal_lite,,,True,,,91a74731c8c1b34d03b0a102591d7757def64efe535388690e1dcf319e2514ec,1.9332547170342878,0.14749798108823597,0.29385394998826087,2.3746066481107846
188,SingleLineInfilling/HumanEval/39/L3,HumanEval/39,L3,<=8,primary_control,ok,False,7,5,-2,2,cal_lite,,,True,UnitTestFailure,failed: ,286488fbc7f99f1fb08e2b0cb9853764ed86b036e14830ae350d38ef336a1c3d,1.8827614079928026,0.14490975614171475,0.28986505430657417,2.3175362184410915
189,SingleLineInfilling/HumanEval/39/L4,HumanEval/39,L4,<=8,primary_control,ok,True,4,15,11,11,cal_lite,,,True,,,fa6d6cceb4a8d23e06e24a17663665b36a5716a3e3662cc9e520c8d596b017fa,1.9227064530132338,0.14168888388667256,0.2905274558579549,2.3549227927578613
190,SingleLineInfilling/HumanEval/39/L5,HumanEval/39,L5,17-24,primary_control,ok,False,23,13,-10,10,cal_lite,,,True,UnitTestFailure,failed: ,e9b31c6647d9d9ce80e7811ff0adfabf1e8b32a5895e921a125d2b87935f5b0f,1.9173204050166532,0.14327352494001389,0.2836475637741387,2.344241493730806
191,SingleLineInfilling/HumanEval/39/L6,HumanEval/39,L6,9-12,primary_control,ok,True,9,11,2,2,cal_lite,,,True,,,b684c1c1c92d87a26581ecd306efc445486300acedf4570816f657f11b9b66cd,1.9351460890611634,0.1478745169006288,0.28803386294748634,2.3710544689092785
192,SingleLineInfilling/HumanEval/39/L7,HumanEval/39,L7,<=8,primary_control,ok,True,4,11,7,7,cal_lite,,,True,,,58522fc543fe16d1b2b07f5d296dfd990bb40eb95409fb284434c2282bb2ae40,1.927269526058808,0.14560537389479578,0.286956082098186,2.3598309820517898
193,SingleLineInfilling/HumanEval/39/L8,HumanEval/39,L8,<=8,primary_control,ok,True,4,4,0,0,cal_lite,,,True,,,7fff280898fe380563cf975fc5b9fbca892b2384096fdda79b2cda65418ada0c,1.9028424260905012,0.16028492688201368,0.27890690602362156,2.3420342589961365
194,SingleLineInfilling/HumanEval/39/L9,HumanEval/39,L9,9-12,primary_control,ok,True,9,9,0,0,cal_lite,,,True,,,7d9bd9210048f684fc65f70e291a55d0811ccf776e75b1e81ced03439b3c9782,1.9277304300339893,0.1429313209373504,0.28581745794508606,2.3564792089164257
195,SingleLineInfilling/HumanEval/39/L10,HumanEval/39,L10,<=8,primary_control,ok,True,4,7,3,3,cal_lite,,,True,,,53de7f66dd55e9f0c9484492ae602ed926123978936f932c8fdfcfa007eb8361,1.909668680978939,0.15744749607983977,0.2923380942083895,2.3594542712671682
196,SingleLineInfilling/HumanEval/39/L11,HumanEval/39,L11,9-12,primary_control,ok,True,12,12,0,0,cal_lite,,,True,,,7d9bd9210048f684fc65f70e291a55d0811ccf776e75b1e81ced03439b3c9782,1.909542687004432,0.15608050709124655,0.29209152108523995,2.3577147151809186
197,SingleLineInfilling/HumanEval/39/L12,HumanEval/39,L12,<=8,primary_control,ok,True,8,8,0,0,cal_lite,,,True,,,7d9bd9210048f684fc65f70e291a55d0811ccf776e75b1e81ced03439b3c9782,1.9205222990131006,0.15470369684044272,0.290209474042058,2.3654354698956013
198,SingleLineInfilling/HumanEval/39/L13,HumanEval/39,L13,<=8,primary_control,ok,True,6,8,2,2,cal_lite,,,True,,,7cb03332e2b326cfa2d86911d282aee0f4058f5eede7ae2171a2b4ed6ffc926b,1.9109331350773573,0.13539601094089448,0.2918494630139321,2.338178609032184
199,SingleLineInfilling/HumanEval/39/L14,HumanEval/39,L14,<=8,primary_control,ok,True,7,7,0,0,cal_lite,,,True,,,7d9bd9210048f684fc65f70e291a55d0811ccf776e75b1e81ced03439b3c9782,1.9065719179343432,0.15173001307994127,0.28568728209938854,2.343989213113673
200,SingleLineInfilling/HumanEval/39/L15,HumanEval/39,L15,<=8,primary_control,ok,True,6,6,0,0,cal_lite,,,True,,,7d9bd9210048f684fc65f70e291a55d0811ccf776e75b1e81ced03439b3c9782,1.9110763809876516,0.15590749599505216,0.2905781810404733,2.357562058023177
201,SingleLineInfilling/HumanEval/40/L0,HumanEval/40,L0,<=8,primary_control,ok,True,8,8,0,0,cal_lite,,,True,,,2098308fa83cbd01beaeb9b75ff569ba09812db0dcc10907616afebecc23417d,1.9106536929029971,0.1533473189920187,0.2916239390615374,2.355624950956553
202,SingleLineInfilling/HumanEval/40/L1,HumanEval/40,L1,13-16,primary_control,ok,True,13,13,0,0,cal_lite,,,True,,,bf64d3f74f320e1dba8a73fc566c425803cce815bfed8636a70c7d17d8d9f8e8,1.9315599440596998,0.15410618297755718,0.2844855237053707,2.3701516507426277
203,SingleLineInfilling/HumanEval/40/L2,HumanEval/40,L2,13-16,primary_control,ok,True,13,13,0,0,cal_lite,,,True,,,bf64d3f74f320e1dba8a73fc566c425803cce815bfed8636a70c7d17d8d9f8e8,1.9247243569698185,0.152809991966933,0.28271794598549604,2.3602522949222475
204,SingleLineInfilling/HumanEval/40/L3,HumanEval/40,L3,17-24,primary_control,ok,True,17,16,-1,1,cal_lite,,,True,,,5136462205b9b0815976f4236ae50268b375e5b7ed4dc2004e0928afbdf7cf32,1.9214400440687314,0.14551724295597523,0.28416122193448246,2.351118508959189
205,SingleLineInfilling/HumanEval/40/L4,HumanEval/40,L4,<=8,primary_control,ok,True,4,4,0,0,cal_lite,,,True,,,bf64d3f74f320e1dba8a73fc566c425803cce815bfed8636a70c7d17d8d9f8e8,1.9127272330224514,0.14920761599205434,0.28670673491433263,2.3486415839288384
206,SingleLineInfilling/HumanEval/40/L5,HumanEval/40,L5,<=8,primary_control,ok,True,4,16,12,12,cal_lite,,,True,,,79d7a339eff6562a9cc8fdb9dca7617541b15c24fc5e1235480864773e166950,1.9556990549899638,0.16016734996810555,0.28515171946492046,2.40101812442299
207,SingleLineInfilling/HumanEval/41/L0,HumanEval/41,L0,<=8,primary_control,ok,False,6,3,-3,3,cal_lite,,,True,UnitTestFailure,failed: ,4673bba6092ac55a2a99ed465115f1a8837251645d337af4b16ef2c6c2400feb,1.8531676389975473,0.15277908998541534,0.2904247232945636,2.2963714522775263
208,SingleLineInfilling/HumanEval/42/L0,HumanEval/42,L0,13-16,primary_control,ok,True,13,12,-1,1,cal_lite,,,True,,,954788c066f581007da9c1b0360d2c4d42a81b8cd7bde1537f2bf67a45fa9a1c,1.5998576689744368,0.14347298501525074,0.2775533419335261,2.0208839959232137
209,SingleLineInfilling/HumanEval/43/L0,HumanEval/43,L0,9-12,primary_control,ok,True,10,10,0,0,cal_lite,,,True,,,1ec769ef98723a093eefff88e14cb51e586bb1a978a192e846b648fc3737f97e,1.9136283890111372,0.14933874097187072,0.29393681522924453,2.3569039452122524
210,SingleLineInfilling/HumanEval/43/L1,HumanEval/43,L1,13-16,primary_control,ok,True,13,13,0,0,cal_lite,,,True,,,47648f54f2309e52e0bed53c69e57b6959aa9e2ce99de6ebe0226d6b8b1b3926,1.9214508759323508,0.14209675195161253,0.2894056624500081,2.3529532903339714
211,SingleLineInfilling/HumanEval/43/L2,HumanEval/43,L2,9-12,primary_control,ok,True,12,12,0,0,cal_lite,,,True,,,47648f54f2309e52e0bed53c69e57b6959aa9e2ce99de6ebe0226d6b8b1b3926,1.9078564140945673,0.14206449000630528,0.29097313538659364,2.340894039487466
212,SingleLineInfilling/HumanEval/43/L3,HumanEval/43,L3,<=8,primary_control,ok,True,4,4,0,0,cal_lite,,,True,,,47648f54f2309e52e0bed53c69e57b6959aa9e2ce99de6ebe0226d6b8b1b3926,1.8958816410740837,0.13579863007180393,0.29227159975562245,2.32395187090151
213,SingleLineInfilling/HumanEval/43/L4,HumanEval/43,L4,<=8,primary_control,ok,True,4,3,-1,1,cal_lite,,,True,,,66c31807cb395c66350d4c75a3ef9d1a10f91a5d12d410b92e3674a514f4f032,1.9069513600552455,0.15085217682644725,0.2918431389844045,2.349646675866097
214,SingleLineInfilling/HumanEval/44/L0,HumanEval/44,L0,<=8,primary_control,ok,True,4,5,1,1,cal_lite,,,True,,,e55797e791fc4d91ae7abcd39fd80bdf16c4fb304cba7be669dfdb4a6d3c8a75,1.591988010914065,0.14622352411970496,0.29042352724354714,2.028635062277317
215,SingleLineInfilling/HumanEval/44/L1,HumanEval/44,L1,<=8,primary_control,ok,True,7,7,0,0,cal_lite,,,True,,,8a4ed1f07b8b14d66fc315b5dd17b0a047feea7cb4771b8298e2eb53aba83d74,1.5851802290417254,0.13884826004505157,0.28324617608450353,2.0072746651712805
216,SingleLineInfilling/HumanEval/44/L2,HumanEval/44,L2,9-12,primary_control,ok,True,11,11,0,0,cal_lite,,,True,,,8a4ed1f07b8b14d66fc315b5dd17b0a047feea7cb4771b8298e2eb53aba83d74,1.6015942249214277,0.14741845102980733,0.28211065696086735,2.0311233329121023
217,SingleLineInfilling/HumanEval/44/L3,HumanEval/44,L3,<=8,primary_control,ok,True,5,7,2,2,cal_lite,,,True,,,e1815acdb0c0b1b37c0bce3b8c9eb1e641b6fc024bc56b499d4f7e3b9d3a587a,1.6024388100486249,0.1493907510302961,0.2850742661394179,2.036903827218339
218,SingleLineInfilling/HumanEval/44/L4,HumanEval/44,L4,<=8,primary_control,ok,True,4,3,-1,1,cal_lite,,,True,,,cb6676e4a7035c12b95b9f10fea0cadd0135f53bc5fa543a57aa44b418b3854a,1.601679565035738,0.1396243569906801,0.2910665018716827,2.032370423898101
219,SingleLineInfilling/HumanEval/45/L0,HumanEval/45,L0,9-12,primary_control,ok,False,11,3,-8,8,cal_lite,,,True,UnitTestFailure,failed: ,7dc0f178c9ad4eae36df810c704afbcf8a27bfb29c498ec08daf33f56c93b973,1.4725849599344656,0.14859255182091147,0.2821499650599435,1.9033274768153206
220,SingleLineInfilling/HumanEval/46/L0,HumanEval/46,L0,13-16,primary_control,ok,True,15,15,0,0,cal_lite,,,True,,,00c6ddeab6aae1046e29b45c0135721fe8f807c16913abe4ab4830d8ea6d2f01,1.9860753050306812,0.14275862101931125,0.2863241520244628,2.4151580780744553
221,SingleLineInfilling/HumanEval/46/L1,HumanEval/46,L1,<=8,primary_control,ok,False,7,4,-3,3,cal_lite,,,True,UnitTestFailure,failed: list index out of range,ef0f15441c3cf7d0767f0d3688c07a62fd9d176bf07e55aa56dbf52b5af254c6,1.92789985507261,0.14073764393106103,0.2928952608490363,2.3615327598527074
222,SingleLineInfilling/HumanEval/46/L2,HumanEval/46,L2,<=8,primary_control,ok,True,5,4,-1,1,cal_lite,,,True,,,d04f8ce9895dcc3c5e53ff5165162f63909f301a3d461b8bc8e6f17e251e3487,1.9453301529865712,0.14907814306207,0.2919319322099909,2.386340228258632
223,SingleLineInfilling/HumanEval/46/L4,HumanEval/46,L4,13-16,primary_control,ok,True,13,13,0,0,cal_lite,,,True,,,e71db4faff241bdd0f7808352b0cb39780b0358c90abe71b4f6bdf1b128bdf66,1.9770718090003356,0.14444383000954986,0.2898199587361887,2.411335597746074
224,SingleLineInfilling/HumanEval/46/L5,HumanEval/46,L5,17-24,primary_control,ok,True,22,6,-16,16,cal_lite,,,True,,,49fcaa181ba690b02f8427008d30417bf285a2eff5e17f97d9bddb87c756177e,1.9155001709004864,0.15172771108336747,0.29493084002751857,2.3621587220113724
225,SingleLineInfilling/HumanEval/46/L6,HumanEval/46,L6,<=8,primary_control,ok,True,6,4,-2,2,cal_lite,,,True,,,0926fed00a94e8228c281fe35284d715903d931b597c57e63e097e76f09e1c8a,1.9474736840929836,0.1549630769295618,0.2909042730461806,2.393341034068726
226,SingleLineInfilling/HumanEval/46/L8,HumanEval/46,L8,<=8,primary_control,ok,True,6,6,0,0,cal_lite,,,True,,,0b60dd4588f6ca8383258a1da68f6af57d253bd17fa72b7b04ba3ecc7823f318,1.9443400350864977,0.14381126395892352,0.2901310323504731,2.3782823313958943
227,SingleLineInfilling/HumanEval/47/L0,HumanEval/47,L0,<=8,primary_control,ok,True,6,6,0,0,cal_lite,,,True,,,a15efadfdf1c402868be8a498d657bd519f36c456be81f781987062d1d4dd469,1.8546495659975335,0.15676778892520815,0.290916130063124,2.3023334849858657
228,SingleLineInfilling/HumanEval/47/L1,HumanEval/47,L1,9-12,primary_control,ok,True,12,9,-3,3,cal_lite,,,True,,,6fca7f8214346736cc4b3d1f3ff68e19c96b8c0aff6a7ee03797064ab1c03f44,1.8480773130431771,0.15729690401349217,0.2892624089727178,2.294636626029387
229,SingleLineInfilling/HumanEval/47/L2,HumanEval/47,L2,9-12,primary_control,ok,True,10,10,0,0,cal_lite,,,True,,,682536d6810aa26b15c660d964aaf4e0cc2fe3704c1cb4b1aefc94efd4940d78,1.8671901610214263,0.15394908702000976,0.29296406684443355,2.3141033148858696
230,SingleLineInfilling/HumanEval/47/L3,HumanEval/47,L3,<=8,primary_control,ok,True,3,12,9,9,cal_lite,,,True,,,61325ba7383f2b0c87b88ec948d63eb1459df600354fc7e632fec5354cbeb945,1.8682478370610625,0.1459901798516512,0.29402103391475976,2.3082590508274734
231,SingleLineInfilling/HumanEval/47/L4,HumanEval/47,L4,25+,primary_control,ok,False,29,10,-19,19,cal_lite,,,True,UnitTestFailure,failed: ,509e840f5f8ae2cde6f62a6f56d8df7f2bd731ccc3c5b54549635edfd5d2a1bc,1.6130428049946204,0.1521739719901234,0.2824278398184106,2.0476446168031543
232,SingleLineInfilling/HumanEval/48/L0,HumanEval/48,L0,<=8,primary_control,ok,False,8,12,4,4,cal_lite,,,False,SyntaxError,"invalid syntax (<unknown>, line 16)",1540f2c8bc1c79c25fc7b460030cf5d888e4753a50435404a7ff9ccc3f2d166b,1.6069740420207381,0.0002597979037091136,0.28206450410652906,1.8892983440309763
233,SingleLineInfilling/HumanEval/48/L1,HumanEval/48,L1,13-16,primary_control,ok,False,16,10,-6,6,cal_lite,,,True,UnitTestFailure,failed: ,cb1b3b2ca3dd04a3ac1cac9b7d952e7e5d2fe975fc379c83adb98c843a316d00,1.6154432779876515,0.13685316103510559,0.28942218713928014,2.0417186261620373
234,SingleLineInfilling/HumanEval/48/L2,HumanEval/48,L2,<=8,primary_control,ok,True,4,4,0,0,cal_lite,,,True,,,d86d15a8509b6cdf7a77ed0b403339bcee442f6680bf0494d89ed77be2f73ead,1.5608484420226887,0.15675185003783554,0.2855962556786835,2.0031965477392077
235,SingleLineInfilling/HumanEval/48/L3,HumanEval/48,L3,<=8,primary_control,ok,True,4,24,20,20,cal_lite,,,True,,,16c4ac10a05f5f61bfcd51b91e78267c0b9a5a783e175b9dac4aa3d875b77945,1.6328864629613236,0.15910097700543702,0.2838323734467849,2.0758198134135455
236,SingleLineInfilling/HumanEval/49/L0,HumanEval/49,L0,<=8,primary_control,ok,True,6,6,0,0,cal_lite,,,True,,,2be11756cd715dbf42230d2af8e4cb67564debb3b575e9c5ec617c28a441e49a,1.8487871409161016,0.14928540494292974,0.28748474072199315,2.2855572865810245
237,SingleLineInfilling/HumanEval/49/L1,HumanEval/49,L1,<=8,primary_control,ok,True,7,7,0,0,cal_lite,,,True,,,bc2f5eede9e0455f0a9121ee1a55d9e6b67c5b41fdb0fdac787323b44f872371,1.8551913320552558,0.13214664196129888,0.29643178079277277,2.2837697548093274
238,SingleLineInfilling/HumanEval/49/L2,HumanEval/49,L2,9-12,primary_control,ok,False,11,5,-6,6,cal_lite,,,True,UnitTestFailure,failed: ,2fc14d6dff439cf8023364978dcae8fa875a8115a8646f6d3e3a014c3bab87cf,1.8292169299675152,0.13562000100500882,0.2838969136355445,2.2487338446080685
239,SingleLineInfilling/HumanEval/49/L3,HumanEval/49,L3,<=8,primary_control,ok,True,4,3,-1,1,cal_lite,,,True,,,0f07d027d0e3ce14fb2dff848274d576a3bf8af4640f34f47f0c6a517acac8e3,1.8502132499124855,0.13661579985637218,0.2859619698720053,2.272791019640863
240,SingleLineInfilling/HumanEval/51/L0,HumanEval/51,L0,25+,primary_control,ok,False,32,3,-29,29,cal_lite,,,True,UnitTestFailure,failed: ,9f4bb6a0444828f4ec116c4c89833030725ce16c1d6866968178b70d63d7cbbb,1.595930329989642,0.12143061112146825,0.2874689290765673,2.0048298701876774
241,SingleLineInfilling/HumanEval/52/L0,HumanEval/52,L0,<=8,primary_control,ok,True,6,6,0,0,cal_lite,,,True,,,1504f327db362861e2be84b1bedec4eb48b4dd0a92fb550a40a51f94d7567aa4,1.560682913986966,0.1409588068490848,0.279990675044246,1.9816323958802968
242,SingleLineInfilling/HumanEval/52/L1,HumanEval/52,L1,<=8,primary_control,ok,False,6,5,-1,1,cal_lite,,,True,UnitTestFailure,failed: ,072ee8e73fc5b7f5f3a3893eb2dbe3f5de13368460a87de9cf5bbb9957f9e261,1.564671195927076,0.12766339804511517,0.27869174373336136,1.9710263377055526
243,SingleLineInfilling/HumanEval/52/L2,HumanEval/52,L2,<=8,primary_control,ok,True,4,4,0,0,cal_lite,,,True,,,df913ceda88c48045486dbc7277aea9a54f415284e1299a99c01274d3b1e46db,1.5665942899649963,0.15149803401436657,0.279948164941743,1.9980404889211059
244,SingleLineInfilling/HumanEval/52/L3,HumanEval/52,L3,<=8,primary_control,ok,True,4,3,-1,1,cal_lite,,,True,,,20327ab81ccf1d773d25ab4fb852d94a082b9c50b9f5a5a34a1cf9769b1c69ad,1.55596857808996,0.14157782099209726,0.2753621278097853,1.9729085268918425
245,SingleLineInfilling/HumanEval/53/L0,HumanEval/53,L0,<=8,primary_control,ok,True,6,6,0,0,cal_lite,,,True,,,c657325d19773475144e88c53ae0acaab70a8579dbacc5db5d3e88ec43c6c56a,1.4912022560602054,0.14170695992652327,0.2782672089524567,1.9111764249391854
246,SingleLineInfilling/HumanEval/54/L0,HumanEval/54,L0,9-12,primary_control,ok,True,11,11,0,0,cal_lite,,,True,,,ed609a0a7884bcb2cec4c0b62e5d4a6235bc51961c4519dc4e2a1ffdd7827668,1.843724173028022,0.14714987599290907,0.28397728805430233,2.2748513370752335
247,SingleLineInfilling/HumanEval/55/L0,HumanEval/55,L0,<=8,primary_control,ok,True,7,7,0,0,cal_lite,,,True,,,9eb1d6f1f13ec5c8fd4b2540185d0652a8094c2d45c9e8f71a6fa233b4d4d67f,1.6156944390386343,0.14516227203421295,0.2846347069134936,2.045491417986341
248,SingleLineInfilling/HumanEval/55/L1,HumanEval/55,L1,<=8,primary_control,ok,True,5,5,0,0,cal_lite,,,True,,,7e356c143a95810a3ea9e53b282dd24ba7c5f84118be608d62a56fcb5badc746,1.588145814021118,0.1486226349370554,0.28037495189346373,2.017143400851637
249,SingleLineInfilling/HumanEval/55/L2,HumanEval/55,L2,<=8,primary_control,ok,True,7,12,5,5,cal_lite,,,True,,,15d6a90be6502b68554f5471f8760b28f13258ae4d252fc9603a063eb8089063,1.5833651800639927,0.14570821600500494,0.283558426075615,2.0126318221446127
250,SingleLineInfilling/HumanEval/55/L3,HumanEval/55,L3,<=8,primary_control,ok,True,5,5,0,0,cal_lite,,,True,,,7e356c143a95810a3ea9e53b282dd24ba7c5f84118be608d62a56fcb5badc746,1.6007150779478252,0.14321381284389645,0.28135550126899034,2.025284392060712
251,SingleLineInfilling/HumanEval/55/L4,HumanEval/55,L4,13-16,primary_control,ok,True,15,15,0,0,cal_lite,,,True,,,7e356c143a95810a3ea9e53b282dd24ba7c5f84118be608d62a56fcb5badc746,1.6141970379976556,0.14439193904399872,0.2923760344274342,2.0509650114690885
252,SingleLineInfilling/HumanEval/56/L0,HumanEval/56,L0,<=8,primary_control,ok,True,6,8,2,2,cal_lite,,,True,,,f0f5b652642ddf72a945b25ab34c660bb24ed08c6d38b0478c41fe75d3ee4d85,1.8168078160379082,0.11519255500752479,0.2873109809588641,2.219311352004297
253,SingleLineInfilling/HumanEval/56/L1,HumanEval/56,L1,<=8,primary_control,ok,True,6,6,0,0,cal_lite,,,True,,,eeb4ec229309a79c9b1008231bf5618361274261c3f74bd3849f4ea92f8f4516,1.8424509160686284,0.12278620188590139,0.28564810403622687,2.2508852219907567
254,SingleLineInfilling/HumanEval/56/L2,HumanEval/56,L2,<=8,primary_control,ok,True,6,6,0,0,cal_lite,,,True,,,eeb4ec229309a79c9b1008231bf5618361274261c3f74bd3849f4ea92f8f4516,1.8226321520050988,0.1449758349917829,0.29034625680651516,2.257954243803397
255,SingleLineInfilling/HumanEval/56/L3,HumanEval/56,L3,<=8,primary_control,ok,True,6,6,0,0,cal_lite,,,True,,,eeb4ec229309a79c9b1008231bf5618361274261c3f74bd3849f4ea92f8f4516,1.8384668589569628,0.14761773811187595,0.2831092127598822,2.269193809828721
256,SingleLineInfilling/HumanEval/56/L4,HumanEval/56,L4,<=8,primary_control,ok,True,3,6,3,3,cal_lite,,,True,,,3211abf306381b71178f77433099892dbd2144db05f7cee0d9dd0381d389b095,1.8610884769586846,0.14711510099004954,0.29106849792879075,2.299272075877525
257,SingleLineInfilling/HumanEval/56/L5,HumanEval/56,L5,<=8,primary_control,ok,True,6,8,2,2,cal_lite,,,True,,,3db79fa628e42fd89d6af836a5f0f00a84f5c01c3c867042c4ee7238090f9138,1.8406707920366898,0.14551772107370198,0.2882271602284163,2.274415673338808
258,SingleLineInfilling/HumanEval/56/L6,HumanEval/56,L6,<=8,primary_control,ok,True,7,7,0,0,cal_lite,,,True,,,eeb4ec229309a79c9b1008231bf5618361274261c3f74bd3849f4ea92f8f4516,1.8496633829781786,0.1202687929617241,0.28798331203870475,2.2579154879786074
259,SingleLineInfilling/HumanEval/56/L7,HumanEval/56,L7,<=8,primary_control,ok,True,4,4,0,0,cal_lite,,,True,,,eeb4ec229309a79c9b1008231bf5618361274261c3f74bd3849f4ea92f8f4516,1.8217548370594159,0.12096835009288043,0.28100983111653477,2.223733018268831
260,SingleLineInfilling/HumanEval/56/L8,HumanEval/56,L8,<=8,primary_control,ok,True,7,7,0,0,cal_lite,,,True,,,eeb4ec229309a79c9b1008231bf5618361274261c3f74bd3849f4ea92f8f4516,1.8277793159941211,0.1179112991085276,0.2822595718316734,2.227950186934322
261,SingleLineInfilling/HumanEval/57/L0,HumanEval/57,L0,13-16,primary_control,ok,False,16,7,-9,9,cal_lite,,,True,UnitTestFailure,failed: ,0b8bae098a749f5537548c822da00f13c65743c1c0c4707afb3bc51e2b3ee99c,1.5853765930514783,0.13279432815033942,0.28113657096400857,1.9993074921658263
262,SingleLineInfilling/HumanEval/57/L1,HumanEval/57,L1,<=8,primary_control,ok,True,4,4,0,0,cal_lite,,,True,,,172c837191f07de25ea3aaef5720d37bc6a233aebfa88c6d2c4fc8ff9ee61c8a,1.5858004050096497,0.13615442102309316,0.2764571722364053,1.9984119982691482
263,SingleLineInfilling/HumanEval/57/L2,HumanEval/57,L2,<=8,primary_control,ok,True,4,7,3,3,cal_lite,,,True,,,e71a650223a2b3304868546149bf9f3dfc4fca43e2b6f92b00f4df22089ae893,1.5837755349930376,0.12106284103356302,0.30152892612386495,2.0063673021504655
264,SingleLineInfilling/HumanEval/58/L0,HumanEval/58,L0,<=8,primary_control,ok,True,5,5,0,0,cal_lite,,,True,,,300553dbc8ea25eb950653b3f8c384f4b3d866dc8a579ee5d594f35a044a93fd,1.8490676749497652,0.1333459661109373,0.28594552376307547,2.268359164823778
265,SingleLineInfilling/HumanEval/58/L1,HumanEval/58,L1,<=8,primary_control,ok,True,8,8,0,0,cal_lite,,,True,,,9256b87f0ed2b897067341729f6d3f16614dccd6a8a238b28e6e83601ee889ad,1.8522101249545813,0.14062147599179298,0.2810075947782025,2.2738391957245767
266,SingleLineInfilling/HumanEval/58/L2,HumanEval/58,L2,<=8,primary_control,ok,True,8,8,0,0,cal_lite,,,True,,,9256b87f0ed2b897067341729f6d3f16614dccd6a8a238b28e6e83601ee889ad,1.8452870809705928,0.1425643899710849,0.2783075059996918,2.2661589769413695
267,SingleLineInfilling/HumanEval/58/L3,HumanEval/58,L3,<=8,primary_control,ok,True,8,14,6,6,cal_lite,,,True,,,cb78cd2af34b8083368838e1aefbd0992dcd4bed1c32629527550b5b156be079,1.883946273010224,0.15153972886037081,0.30166134517639875,2.3371473470469937
268,SingleLineInfilling/HumanEval/58/L4,HumanEval/58,L4,<=8,primary_control,ok,True,6,6,0,0,cal_lite,,,True,,,9256b87f0ed2b897067341729f6d3f16614dccd6a8a238b28e6e83601ee889ad,1.8852188610471785,0.13731230702251196,0.30577829270623624,2.3283094607759267
269,SingleLineInfilling/HumanEval/58/L5,HumanEval/58,L5,<=8,primary_control,ok,True,6,5,-1,1,cal_lite,,,True,,,29a49c0b5055faf457bf58d833b52b579a85f2f85633bbeb6d28e27bc3e4a54a,1.8620935239596292,0.1524614590452984,0.2965305869001895,2.311085569905117
270,SingleLineInfilling/HumanEval/59/L0,HumanEval/59,L0,<=8,primary_control,ok,True,6,11,5,5,cal_lite,,,True,,,f1b49a19b4cd3f1f5b2ab061c99cd0d7b0a3d8722f2277e6eca5249724b3d581,1.8566868000198156,0.15933542104903609,0.2855349992169067,2.3015572202857584
271,SingleLineInfilling/HumanEval/59/L1,HumanEval/59,L1,<=8,primary_control,ok,True,7,10,3,3,cal_lite,,,True,,,148a746bc32e2a8241737012bc5fe5d737679181101981d831cc28ab462d770b,1.8654528119368479,0.14284496195614338,0.2946612578816712,2.3029590317746624
272,SingleLineInfilling/HumanEval/59/L2,HumanEval/59,L2,<=8,primary_control,ok,True,4,15,11,11,cal_lite,,,True,,,34afaa2a19a31521b41e372f77f6374ef84f9af82ead3fa0caa6198cac012045,1.8630023220321164,0.14924003498163074,0.29050365439616144,2.3027460114099085
273,SingleLineInfilling/HumanEval/59/L3,HumanEval/59,L3,13-16,primary_control,ok,False,13,13,0,0,cal_lite,,,True,UnitTestFailure,failed: ,16eda2301f6035d6d7e8b023f2e1ec6944021aabc36fb42182618b331a9cd844,1.8614055259386078,0.15305822005029768,0.2905080260243267,2.304971772013232
274,SingleLineInfilling/HumanEval/59/L4,HumanEval/59,L4,9-12,primary_control,ok,True,9,9,0,0,cal_lite,,,True,,,7686300de41f63660bd1039689be88f32103434eabd1c57b84d0763ea5d7c275,1.873274278943427,0.14530417905189097,0.29183135787025094,2.310409815865569
275,SingleLineInfilling/HumanEval/59/L5,HumanEval/59,L5,<=8,primary_control,ok,True,4,4,0,0,cal_lite,,,True,,,7686300de41f63660bd1039689be88f32103434eabd1c57b84d0763ea5d7c275,1.845718706957996,0.15059791796375066,0.2926366828614846,2.288953307783231
276,SingleLineInfilling/HumanEval/59/L6,HumanEval/59,L6,<=8,primary_control,ok,True,4,4,0,0,cal_lite,,,True,,,f824db923c03e5f0932843afeec7576f583a6909c8b383307fa9868e1cf0eadc,1.836521988036111,0.1405266891233623,0.30063691828399897,2.2776855954434723
277,SingleLineInfilling/HumanEval/59/L7,HumanEval/59,L7,<=8,primary_control,ok,True,6,6,0,0,cal_lite,,,True,,,a030bb702f362fd0e3b1275c3f192e595278203e1d2c6b29dbf57e330bf0b055,1.8647955190390348,0.1541431819787249,0.29904433619230986,2.3179830372100696
278,SingleLineInfilling/HumanEval/59/L8,HumanEval/59,L8,13-16,primary_control,ok,True,13,13,0,0,cal_lite,,,True,,,cb14e7109f4cd2fe79b8a0f34e1588249255ccc0690b21e3d383bf171331206b,1.861955864005722,0.1323570020031184,0.2889086810173467,2.283221547026187
279,SingleLineInfilling/HumanEval/59/L9,HumanEval/59,L9,13-16,primary_control,ok,True,13,13,0,0,cal_lite,,,True,,,7686300de41f63660bd1039689be88f32103434eabd1c57b84d0763ea5d7c275,1.8658057670108974,0.14849538600537926,0.2937458750093356,2.3080470280256122
280,SingleLineInfilling/HumanEval/59/L10,HumanEval/59,L10,9-12,primary_control,ok,True,9,5,-4,4,cal_lite,,,True,,,8c184ae969e4f81fca5eb5899b85535edaee48c8f6e4fb55b97d1622b7a0c6be,1.8381585649913177,0.1573519150260836,0.28560055210255086,2.281111032119952
281,SingleLineInfilling/HumanEval/59/L11,HumanEval/59,L11,<=8,primary_control,ok,True,4,3,-1,1,cal_lite,,,True,,,b681bc075c14cb37d6c701134e6490687282059d817b4a9d565d28b34beaa135,1.8535825569415465,0.15189789689611644,0.2942762909224257,2.2997567447600886
282,SingleLineInfilling/HumanEval/60/L0,HumanEval/60,L0,9-12,primary_control,ok,False,9,3,-6,6,cal_lite,,,True,UnitTestFailure,failed: ,343095624e416b3d7e0e582ecb39d43f6bd7d395f58f75f7d649a08ba449b712,1.5667279500048608,0.1470846178708598,0.2882015489740297,2.0020141168497503
283,SingleLineInfilling/HumanEval/61/L0,HumanEval/61,L0,<=8,primary_control,ok,True,6,8,2,2,cal_lite,,,True,,,3137dda3c530fe8a885a27ec7cc3b78b178b9ee6b3f9b2510696ce4297f3733b,1.858032435993664,0.15680250013247132,0.2986037239897996,2.313438660115935
284,SingleLineInfilling/HumanEval/61/L1,HumanEval/61,L1,<=8,primary_control,ok,True,6,6,0,0,cal_lite,,,True,,,055533d4a7c8da2f5a63f6a507b72d610c25073f177c17c45fb97ab1317ca01c,1.8507517359685153,0.1442509851185605,0.30518607806880027,2.300188799155876
285,SingleLineInfilling/HumanEval/61/L2,HumanEval/61,L2,<=8,primary_control,ok,True,6,6,0,0,cal_lite,,,True,,,055533d4a7c8da2f5a63f6a507b72d610c25073f177c17c45fb97ab1317ca01c,1.855000460986048,0.14670458401087672,0.29442861396819353,2.2961336589651182
286,SingleLineInfilling/HumanEval/61/L3,HumanEval/61,L3,<=8,primary_control,ok,True,6,6,0,0,cal_lite,,,True,,,055533d4a7c8da2f5a63f6a507b72d610c25073f177c17c45fb97ab1317ca01c,1.8412410309538245,0.1576612350763753,0.29593961115460843,2.2948418771848083
287,SingleLineInfilling/HumanEval/61/L4,HumanEval/61,L4,<=8,primary_control,ok,True,3,6,3,3,cal_lite,,,True,,,e76d5a89ac0ea18acaa84aab3b52759bfd50fe08e13d927c780394082a3c7554,1.8162888570223004,0.14357811503577977,0.28785961016546935,2.2477265822235495
288,SingleLineInfilling/HumanEval/61/L5,HumanEval/61,L5,<=8,primary_control,ok,True,6,8,2,2,cal_lite,,,True,,,9967d7acd96e8a08e5b4e107f07c49d679da608df0d939465cc32fe9b8600560,1.8417238229885697,0.14129978499840945,0.2933544040424749,2.276378012029454
289,SingleLineInfilling/HumanEval/61/L6,HumanEval/61,L6,<=8,primary_control,ok,True,7,7,0,0,cal_lite,,,True,,,055533d4a7c8da2f5a63f6a507b72d610c25073f177c17c45fb97ab1317ca01c,1.847019954933785,0.13442576909437776,0.2890761431772262,2.270521867205389
290,SingleLineInfilling/HumanEval/61/L7,HumanEval/61,L7,<=8,primary_control,ok,True,4,4,0,0,cal_lite,,,True,,,055533d4a7c8da2f5a63f6a507b72d610c25073f177c17c45fb97ab1317ca01c,1.8294346570037305,0.13761788711417466,0.2992842480307445,2.2663367921486497
291,SingleLineInfilling/HumanEval/61/L8,HumanEval/61,L8,<=8,primary_control,ok,True,7,7,0,0,cal_lite,,,True,,,055533d4a7c8da2f5a63f6a507b72d610c25073f177c17c45fb97ab1317ca01c,1.8534212689846754,0.14147837099153548,0.2957736760145053,2.290673315990716
292,SingleLineInfilling/HumanEval/62/L0,HumanEval/62,L0,17-24,primary_control,ok,False,17,3,-14,14,cal_lite,,,True,UnitTestFailure,failed: ,efe3daaf972a2792f1d9261ef26fdf689949ccac35b85034bb79c046991471c5,1.583754235995002,0.14532678108662367,0.2804404168855399,2.0095214339671656
293,SingleLineInfilling/HumanEval/63/L0,HumanEval/63,L0,<=8,primary_control,ok,True,7,7,0,0,cal_lite,,,True,,,a27dc1d11d928a4de8092011a6f99449480403f847f10b77b9f1063f739e4859,1.917708904016763,0.139827587059699,0.277556897723116,2.335093388799578
294,SingleLineInfilling/HumanEval/63/L1,HumanEval/63,L1,<=8,primary_control,ok,True,5,5,0,0,cal_lite,,,True,,,12dd03bf127bf7c24e1a310f527825eee6791db3f4b7e588b2e6b0d5b5bc3f43,1.901655504014343,0.13281065807677805,0.2891094727674499,2.323575634858571
295,SingleLineInfilling/HumanEval/63/L2,HumanEval/63,L2,<=8,primary_control,ok,True,7,7,0,0,cal_lite,,,True,,,12dd03bf127bf7c24e1a310f527825eee6791db3f4b7e588b2e6b0d5b5bc3f43,1.900708793895319,0.1502794501138851,0.2815309539437294,2.3325191979529336
296,SingleLineInfilling/HumanEval/63/L3,HumanEval/63,L3,<=8,primary_control,ok,True,5,5,0,0,cal_lite,,,True,,,12dd03bf127bf7c24e1a310f527825eee6791db3f4b7e588b2e6b0d5b5bc3f43,1.904004969052039,0.13692037283908576,0.28558229212649167,2.3265076340176165
297,SingleLineInfilling/HumanEval/63/L4,HumanEval/63,L4,<=8,primary_control,ok,True,7,12,5,5,cal_lite,,,True,,,8e8b7ab99c8f8220ac7094dcdf0970542f7584be4a69c505fb73f06cd7553652,1.910119345993735,0.14120966894552112,0.28516411082819104,2.336493125767447
298,SingleLineInfilling/HumanEval/63/L5,HumanEval/63,L5,<=8,primary_control,ok,True,5,5,0,0,cal_lite,,,True,,,12dd03bf127bf7c24e1a310f527825eee6791db3f4b7e588b2e6b0d5b5bc3f43,1.8836958539905027,0.14725608204025775,0.28957625525072217,2.3205281912814826
299,SingleLineInfilling/HumanEval/63/L6,HumanEval/63,L6,25+,primary_control,ok,True,25,24,-1,1,cal_lite,,,True,,,9e0448a66b2e2993d982370bed2ad087556435721f34035e0fdd9e63aa6841fc,1.949227717006579,0.1216823550639674,0.30179502815008163,2.372705100220628
300,SingleLineInfilling/HumanEval/64/L0,HumanEval/64,L0,9-12,primary_control,ok,False,10,7,-3,3,cal_lite,,,True,UnitTestFailure,failed: Test 2,8169293335b1cbc271bc94a0d8d57b0775f74443e59290aff565eaadeb78b431,1.884564444073476,0.1409160759067163,0.28928767004981637,2.3147681900300086
301,SingleLineInfilling/HumanEval/64/L1,HumanEval/64,L1,13-16,primary_control,ok,False,15,10,-5,5,cal_lite,,,True,UnitTestFailure,failed: Test 1,9b597b9cd3cb9ee779eb9c338440fbc06fe466800b55a97abf69d4a805f8bcbf,1.8639659489272162,0.12595956888981164,0.29721000301651657,2.2871355208335444
302,SingleLineInfilling/HumanEval/64/L2,HumanEval/64,L2,17-24,primary_control,ok,False,19,5,-14,14,cal_lite,,,True,UnitTestFailure,failed: endswith() takes at least 1 argument (0 given),be580181d5207443bed7028f310b6c72916cf63f50a281b2a5f6f7b7d9b18ed0,1.8398153280140832,0.12981638114433736,0.2877014100085944,2.257333119167015
303,SingleLineInfilling/HumanEval/64/L3,HumanEval/64,L3,9-12,primary_control,ok,True,9,14,5,5,cal_lite,,,True,,,1d18e25b996c280a78302766c41d1707b6d9ac7730925ea108a8aef6de56dd60,1.8650742321042344,0.14167694002389908,0.2830788396531716,2.289830011781305
304,SingleLineInfilling/HumanEval/64/L4,HumanEval/64,L4,<=8,primary_control,ok,True,7,6,-1,1,cal_lite,,,True,,,3cf234c28722ed78df52343f7ef5e3ba1430e27ea342acda10af6a3aed5507f9,1.865313882008195,0.1318733401130885,0.28701401490252465,2.284201237023808
305,SingleLineInfilling/HumanEval/65/L0,HumanEval/65,L0,<=8,primary_control,ok,True,6,6,0,0,cal_lite,,,True,,,05090795b141d5fe51870ea02aebe457a462b51bec9718f9de013f44a5814fdd,1.5919767779996619,0.13984541804529727,0.2766142471227795,2.0084364431677386
306,SingleLineInfilling/HumanEval/65/L1,HumanEval/65,L1,<=8,primary_control,ok,True,7,7,0,0,cal_lite,,,True,,,ee5a0959eefe41ad5e87921063312eed24deead40ecc24313001a1e385544b87,1.5839851609198377,0.14215450186748058,0.29447297379374504,2.0206126365810633
307,SingleLineInfilling/HumanEval/65/L2,HumanEval/65,L2,<=8,primary_control,ok,True,6,6,0,0,cal_lite,,,True,,,ee5a0959eefe41ad5e87921063312eed24deead40ecc24313001a1e385544b87,1.5901880570454523,0.14965698192827404,0.2768941508838907,2.016739189857617
308,SingleLineInfilling/HumanEval/65/L3,HumanEval/65,L3,<=8,primary_control,ok,True,3,3,0,0,cal_lite,,,True,,,ee5a0959eefe41ad5e87921063312eed24deead40ecc24313001a1e385544b87,1.570685266982764,0.15915342699736357,0.28255477536004037,2.012393469340168
309,SingleLineInfilling/HumanEval/65/L4,HumanEval/65,L4,17-24,primary_control,ok,True,18,11,-7,7,cal_lite,,,True,,,4f50ddeb5bb98cf7ae06c616fc037a53005207940c1f50fe7b09df4b6d03a3b6,1.6126084920251742,0.14016611804254353,0.2726873180363327,2.0254619281040505
310,SingleLineInfilling/HumanEval/67/L0,HumanEval/67,L0,<=8,primary_control,ok,True,5,4,-1,1,cal_lite,,,True,,,e2ca9abb297724127b9b6da4d4a0afadd5dd640867a876ec0a3d755f8dba77ba,1.939889197004959,0.13417361001484096,0.28528291871771216,2.359345725737512
311,SingleLineInfilling/HumanEval/67/L1,HumanEval/67,L1,9-12,primary_control,ok,False,9,6,-3,3,cal_lite,,,True,UnitTestFailure,failed: ,fd64650ca05617dfa4c8c6f9f8a96bfc43833934017beda5c6eea041f1935c07,1.9385549960425124,0.13287388789467514,0.28460890322458,2.3560377871617675
312,SingleLineInfilling/HumanEval/67/L2,HumanEval/67,L2,<=8,primary_control,ok,True,5,5,0,0,cal_lite,,,True,,,aa71ad79a8c24af52fc74366c907d59f45d9a624dc9d07125d061bf8c3950663,2.2904134729178622,0.13764434109907597,0.28989514196291566,2.717952955979854
313,SingleLineInfilling/HumanEval/67/L3,HumanEval/67,L3,<=8,primary_control,ok,True,6,6,0,0,cal_lite,,,True,,,aa71ad79a8c24af52fc74366c907d59f45d9a624dc9d07125d061bf8c3950663,2.322149773943238,0.11600078898482025,0.2865825069602579,2.724733069888316
314,SingleLineInfilling/HumanEval/67/L4,HumanEval/67,L4,<=8,primary_control,ok,True,8,8,0,0,cal_lite,,,True,,,aa71ad79a8c24af52fc74366c907d59f45d9a624dc9d07125d061bf8c3950663,2.3262211240362376,0.14287048496771604,0.28422754094935954,2.753319149953313
315,SingleLineInfilling/HumanEval/68/L0,HumanEval/68,L0,9-12,primary_control,ok,True,11,11,0,0,cal_lite,,,True,,,74cfd88bd910a0cc620c2e0d99fcf7640d80c6652baee25682ceb851140707cc,2.646191456937231,0.11794484802521765,0.29042542609386146,3.0545617310563102
316,SingleLineInfilling/HumanEval/68/L1,HumanEval/68,L1,17-24,primary_control,ok,False,18,7,-11,11,cal_lite,,,True,UnitTestFailure,failed: name 'even' is not defined,f7d6c1ac3453c90ea72ef5a6a0ea4c4eba5b5efabd87d914ac3b394cf9ace0e7,2.630990148987621,0.12927237804979086,0.28485657821875066,3.0451191052561626
317,SingleLineInfilling/HumanEval/68/L2,HumanEval/68,L2,9-12,primary_control,ok,True,9,12,3,3,cal_lite,,,True,,,c839ff34147d47a80557b7c803693924b5594a9dd4dd0f1f2c0843bee627931b,2.6361507809488103,0.14109192695468664,0.288891694159247,3.066134402062744
318,SingleLineInfilling/HumanEval/68/L3,HumanEval/68,L3,13-16,primary_control,ok,False,13,6,-7,7,cal_lite,,,True,UnitTestFailure,failed: Error,4b2b78490b01c2345691dc656cb62c05ebe9bea0f02a32f010d781189faf5319,2.6091569749405608,0.147144312155433,0.30627537390682846,3.062576661002822
319,SingleLineInfilling/HumanEval/70/L0,HumanEval/70,L0,<=8,primary_control,ok,False,8,4,-4,4,cal_lite,,,True,UnitTestFailure,failed: local variable 'switch' referenced before assignment,338ea2607a918cba1d52a8c7e85271cf23ae7bedfe6aac0f4fe6da2bdf596415,1.8278381440322846,0.12026518303900957,0.2916125440970063,2.2397158711683005
320,SingleLineInfilling/HumanEval/70/L1,HumanEval/70,L1,<=8,primary_control,ok,True,4,4,0,0,cal_lite,,,True,,,83e0df67f2d22fc88e63e1475048cf8bdb72613b40d02e2f7d50a68eceb85fd7,1.8513935169903561,0.14748278097249568,0.292400949052535,2.291277247015387
321,SingleLineInfilling/HumanEval/70/L2,HumanEval/70,L2,9-12,primary_control,ok,True,12,12,0,0,cal_lite,,,True,,,83e0df67f2d22fc88e63e1475048cf8bdb72613b40d02e2f7d50a68eceb85fd7,1.8545757009414956,0.1382402239833027,0.2897364040836692,2.2825523290084675
322,SingleLineInfilling/HumanEval/70/L3,HumanEval/70,L3,<=8,primary_control,ok,True,7,12,5,5,cal_lite,,,True,,,7f10e1b7f9f2276401b1a7a646089672dba001a3cf3f9eafbfa3d5987abd5aea,1.88403706101235,0.15475842694286257,0.2798843028722331,2.3186797908274457
323,SingleLineInfilling/HumanEval/70/L4,HumanEval/70,L4,<=8,primary_control,ok,True,6,6,0,0,cal_lite,,,True,,,83e0df67f2d22fc88e63e1475048cf8bdb72613b40d02e2f7d50a68eceb85fd7,1.8482810650020838,0.1435731090605259,0.29207302583381534,2.283927199896425
324,SingleLineInfilling/HumanEval/70/L5,HumanEval/70,L5,<=8,primary_control,ok,True,4,3,-1,1,cal_lite,,,True,,,e96c96574d52fc16bea8039430ffedeeecc8d49e6f786e50a8d7fe3bcfcb94c8,1.841513040009886,0.14318730402737856,0.2858177610905841,2.2705181051278487
325,SingleLineInfilling/HumanEval/71/L0,HumanEval/71,L0,17-24,primary_control,ok,False,20,8,-12,12,cal_lite,,,True,UnitTestFailure,failed: type complex doesn't define __round__ method,80d2437d4765cbb49566691d788792188e5d61395abc4e5307e9794daed0373a,1.8590117800049484,0.14147617504931986,0.29049406410194933,2.2909820191562176
326,SingleLineInfilling/HumanEval/71/L1,HumanEval/71,L1,<=8,primary_control,ok,True,5,5,0,0,cal_lite,,,True,,,a9dbbe42ca177c602e4a9dc95ebd979521328af311fd9a2949672404edb9982d,1.9006110689369962,0.11815029196441174,0.2856107110856101,2.304372071987018
327,SingleLineInfilling/HumanEval/71/L2,HumanEval/71,L2,9-12,primary_control,ok,True,12,14,2,2,cal_lite,,,True,,,a48fa8c45ab92e0ffc27fa465781f916ff113f2511eccd1e47b2b6d5672dbacd,1.9145328470040113,0.14204622490797192,0.2848903749836609,2.341469446895644
328,SingleLineInfilling/HumanEval/71/L3,HumanEval/71,L3,25+,primary_control,ok,False,29,15,-14,14,cal_lite,,,True,UnitTestFailure,failed: name 'sqrt' is not defined,47be7fd7dc3af4680d127a40779c8c0683c72b7e7358b69ca34ab921907a1ff7,1.8839000199222937,0.13974572881124914,0.28875204164069146,2.3123977903742343
329,SingleLineInfilling/HumanEval/71/L4,HumanEval/71,L4,9-12,primary_control,ok,True,9,9,0,0,cal_lite,,,True,,,0c33d330e24e9199e4651fff4adf5fed8dd328de1d25e06086f613c1307a77d8,1.9084338590037078,0.12092047999612987,0.2817427490372211,2.3110970880370587
330,SingleLineInfilling/HumanEval/71/L5,HumanEval/71,L5,<=8,primary_control,ok,True,4,3,-1,1,cal_lite,,,True,,,7f895e4262c8768bb64f57af00ea8de827c24be2cf05e884028757f30f36722d,1.8848489940864965,0.15366634109523147,0.28740630473475903,2.325921639916487
331,SingleLineInfilling/HumanEval/72/L0,HumanEval/72,L0,<=8,primary_control,ok,True,8,8,0,0,cal_lite,,,True,,,0dfe3abb28204faebf033f8bc8e0846ea28729aa60c7b638062236a0c2297a27,2.340070327045396,0.1449946208158508,0.2843340279068798,2.7693989757681265
332,SingleLineInfilling/HumanEval/72/L1,HumanEval/72,L1,<=8,primary_control,ok,True,4,16,12,12,cal_lite,,,True,,,c64ced7b728c1e021d76074627486f9b2c36d0b0dbb25ae8cfb2ac7dbb618cc8,2.3779784449143335,0.13856891519390047,0.279078888008371,2.795626248116605
333,SingleLineInfilling/HumanEval/72/L3,HumanEval/72,L3,13-16,primary_control,ok,True,13,14,1,1,cal_lite,,,True,,,2481ff1a3f8aa9e8858b4b4748d20f414d95a05e99d80517bdae7c1770e52848,2.393642590031959,0.1553395960945636,0.2948195587377995,2.8438017448643222
334,SingleLineInfilling/HumanEval/72/L4,HumanEval/72,L4,<=8,primary_control,ok,True,5,5,0,0,cal_lite,,,True,,,63a56bc6500bd302147b26f67281210a8b5e49b3a10626c377d0ce550b78f456,2.3214801349677145,0.14529552403837442,0.29631861206144094,2.76309427106753
335,SingleLineInfilling/HumanEval/72/L5,HumanEval/72,L5,9-12,primary_control,ok,True,9,9,0,0,cal_lite,,,True,,,63a56bc6500bd302147b26f67281210a8b5e49b3a10626c377d0ce550b78f456,2.308427971089259,0.15775532997213304,0.298105621826835,2.764288922888227
336,SingleLineInfilling/HumanEval/72/L6,HumanEval/72,L6,<=8,primary_control,ok,True,4,4,0,0,cal_lite,,,True,,,63a56bc6500bd302147b26f67281210a8b5e49b3a10626c377d0ce550b78f456,2.342711047967896,0.14797370182350278,0.29849655006546527,2.789181299856864
337,SingleLineInfilling/HumanEval/72/L7,HumanEval/72,L7,<=8,primary_control,ok,True,5,5,0,0,cal_lite,,,True,,,63a56bc6500bd302147b26f67281210a8b5e49b3a10626c377d0ce550b78f456,2.3267554859630764,0.11516369797755033,0.2931541029829532,2.73507328692358
338,SingleLineInfilling/HumanEval/72/L8,HumanEval/72,L8,<=8,primary_control,ok,True,5,5,0,0,cal_lite,,,True,,,63a56bc6500bd302147b26f67281210a8b5e49b3a10626c377d0ce550b78f456,2.319823288009502,0.10877094499301165,0.2857231209054589,2.7143173539079726
339,SingleLineInfilling/HumanEval/72/L9,HumanEval/72,L9,<=8,primary_control,ok,True,4,3,-1,1,cal_lite,,,True,,,5f1fe08154c31f0f1adb623ffa6c417b462805900347bb3ed5385fcf0353e8e5,2.313682915060781,0.1324607649585232,0.2918648390332237,2.738008519052528
340,SingleLineInfilling/HumanEval/73/L0,HumanEval/73,L0,<=8,primary_control,ok,True,6,6,0,0,cal_lite,,,True,,,961c4bddad6da83fdc30ad1295fc8258a24b53698af717b2b4b05c78108f24bd,1.8842859460273758,0.14161656191572547,0.2943363389931619,2.320238846936263
341,SingleLineInfilling/HumanEval/73/L1,HumanEval/73,L1,9-12,primary_control,ok,True,12,12,0,0,cal_lite,,,True,,,85d6b6d07eba962c260ebe85c0ad5299d2db74ba41598b597bbfb6d55b53fa71,1.9153179179411381,0.1411420819349587,0.28107961581554264,2.3375396156916395
342,SingleLineInfilling/HumanEval/73/L2,HumanEval/73,L2,13-16,primary_control,ok,False,16,10,-6,6,cal_lite,,,True,UnitTestFailure,failed: ,334cf976a48740dba3fe710e36ae5e7be4ce8fddded23a0022ba905e28334150,1.8920025950064883,0.13919916306622326,0.29287320794537663,2.324074966018088
343,SingleLineInfilling/HumanEval/73/L3,HumanEval/73,L3,<=8,primary_control,ok,True,6,6,0,0,cal_lite,,,True,,,85d6b6d07eba962c260ebe85c0ad5299d2db74ba41598b597bbfb6d55b53fa71,1.8747415560064837,0.14293160394299775,0.2890042350627482,2.3066773950122297
344,SingleLineInfilling/HumanEval/73/L4,HumanEval/73,L4,<=8,primary_control,ok,True,4,4,0,0,cal_lite,,,True,,,85d6b6d07eba962c260ebe85c0ad5299d2db74ba41598b597bbfb6d55b53fa71,1.8994012110633776,0.12002595304511487,0.27895431767683476,2.298381481785327
345,SingleLineInfilling/HumanEval/74/L0,HumanEval/74,L0,<=8,primary_control,ok,True,7,7,0,0,cal_lite,,,True,,,126f86cc44158aef01c6ebeb5cd3a67a16174f74b95ec15dab3a0e308838cac0,1.9424684490077198,0.14667769509833306,0.28410826809704304,2.373254412203096
346,SingleLineInfilling/HumanEval/74/L1,HumanEval/74,L1,<=8,primary_control,ok,True,7,7,0,0,cal_lite,,,True,,,78a5909c399b92d43d1c7c8d7be59a0e1b747373f2427ce1a5c0a041ae2e1994,1.9668755820021033,0.1261736019514501,0.2847404369385913,2.3777896208921447
347,SingleLineInfilling/HumanEval/74/L2,HumanEval/74,L2,<=8,primary_control,ok,True,7,7,0,0,cal_lite,,,True,,,78a5909c399b92d43d1c7c8d7be59a0e1b747373f2427ce1a5c0a041ae2e1994,1.9490391860017553,0.14337732293643057,0.2888596687698737,2.3812761777080595
348,SingleLineInfilling/HumanEval/74/L4,HumanEval/74,L4,<=8,primary_control,ok,True,7,20,13,13,cal_lite,,,True,,,880be008c32a1784f043c7f5452fc84fc08a07282b1db8e0f73816e6552753c5,2.3480723729589954,0.13848205702379346,0.28387863596435636,2.7704330659471452
349,SingleLineInfilling/HumanEval/74/L5,HumanEval/74,L5,<=8,primary_control,ok,True,7,7,0,0,cal_lite,,,True,,,78a5909c399b92d43d1c7c8d7be59a0e1b747373f2427ce1a5c0a041ae2e1994,1.9433944229967892,0.1409693859750405,0.2823222412262112,2.366686050198041
350,SingleLineInfilling/HumanEval/74/L6,HumanEval/74,L6,<=8,primary_control,ok,True,7,7,0,0,cal_lite,,,True,,,78a5909c399b92d43d1c7c8d7be59a0e1b747373f2427ce1a5c0a041ae2e1994,1.9669015370309353,0.14750473201274872,0.28177708468865603,2.39618335373234
351,SingleLineInfilling/HumanEval/74/L8,HumanEval/74,L8,<=8,primary_control,ok,False,8,7,-1,1,cal_lite,,,True,UnitTestFailure,failed: ,ad55969c5f58018e7a6b8fb64a7a51ba5de589af5dea6d3ed1adc8f0f58c7fc1,1.9627570969751105,0.13778576895128936,0.30096618505194783,2.4015090509783477
352,SingleLineInfilling/HumanEval/74/L9,HumanEval/74,L9,<=8,primary_control,ok,True,5,5,0,0,cal_lite,,,True,,,78a5909c399b92d43d1c7c8d7be59a0e1b747373f2427ce1a5c0a041ae2e1994,1.9801990579580888,0.13461465411819518,0.29231535422150046,2.4071290662977844
353,SingleLineInfilling/HumanEval/74/L10,HumanEval/74,L10,<=8,primary_control,ok,True,3,3,0,0,cal_lite,,,True,,,78a5909c399b92d43d1c7c8d7be59a0e1b747373f2427ce1a5c0a041ae2e1994,1.953506128047593,0.14778143691364676,0.2870543700410053,2.388341935002245
354,SingleLineInfilling/HumanEval/74/L11,HumanEval/74,L11,<=8,primary_control,ok,True,5,4,-1,1,cal_lite,,,True,,,43656b198ec0220d4a99258500bccadeb79050a7e462968e5b18d8816a0fc81a,1.955766271916218,0.1201975701842457,0.2823417759500444,2.358305618050508
355,SingleLineInfilling/HumanEval/75/L0,HumanEval/75,L0,<=8,primary_control,ok,True,6,6,0,0,cal_lite,,,True,,,ef49a49bf1d9008d2c3ca1b324166599f38d1c6da352c96800d22b92f17f0afc,1.8523332070326433,0.27354845800437033,0.2897336049936712,2.4156152700306848
356,SingleLineInfilling/HumanEval/75/L1,HumanEval/75,L1,9-12,primary_control,ok,True,9,9,0,0,cal_lite,,,True,,,2d1088c993f2388df27f3d520b42b9cbb1ed5dec9be49b20cbcc79c445fdbaa7,1.867165316012688,0.2959059150889516,0.28396210772916675,2.4470333388308063
357,SingleLineInfilling/HumanEval/75/L2,HumanEval/75,L2,9-12,primary_control,ok,True,9,9,0,0,cal_lite,,,True,,,36af0512d1d470c549330e81ca51c87ff710b80ef5df3dae48eb585ffb8ac2a4,1.8691336209885776,0.2961044459370896,0.3013030419824645,2.4665411089081317
358,SingleLineInfilling/HumanEval/75/L3,HumanEval/75,L3,<=8,primary_control,ok,True,4,4,0,0,cal_lite,,,True,,,2d1088c993f2388df27f3d520b42b9cbb1ed5dec9be49b20cbcc79c445fdbaa7,1.8487017949810252,0.26913388108368963,0.2883840431459248,2.4062197192106396
359,SingleLineInfilling/HumanEval/75/L4,HumanEval/75,L4,<=8,primary_control,ok,True,4,3,-1,1,cal_lite,,,True,,,8abfe9a0e8b5eabdde09efd0b7cae4ecbc80596554061c1bc14038bc40ab4a55,1.8561773410765454,0.29291934997309,0.28961563005577773,2.438712321105413
360,SingleLineInfilling/HumanEval/75/L6,HumanEval/75,L6,9-12,primary_control,ok,True,12,12,0,0,cal_lite,,,True,,,2d1088c993f2388df27f3d520b42b9cbb1ed5dec9be49b20cbcc79c445fdbaa7,1.8681954180356115,0.28534234513062984,0.29127044905908406,2.4448082122253254
361,SingleLineInfilling/HumanEval/75/L7,HumanEval/75,L7,9-12,primary_control,ok,True,9,9,0,0,cal_lite,,,True,,,2d1088c993f2388df27f3d520b42b9cbb1ed5dec9be49b20cbcc79c445fdbaa7,1.8631127079715952,0.2902699689147994,0.29037194757256657,2.443754624458961
362,SingleLineInfilling/HumanEval/75/L8,HumanEval/75,L8,9-12,primary_control,ok,True,12,12,0,0,cal_lite,,,True,,,2d1088c993f2388df27f3d520b42b9cbb1ed5dec9be49b20cbcc79c445fdbaa7,1.863263719016686,0.26128200301900506,0.28799847792834044,2.4125441999640316
363,SingleLineInfilling/HumanEval/75/L9,HumanEval/75,L9,9-12,primary_control,ok,True,9,9,0,0,cal_lite,,,True,,,2d1088c993f2388df27f3d520b42b9cbb1ed5dec9be49b20cbcc79c445fdbaa7,1.8509147629374638,0.2816620519151911,0.28121588088106364,2.4137926957337186
364,SingleLineInfilling/HumanEval/75/L10,HumanEval/75,L10,9-12,primary_control,ok,True,12,12,0,0,cal_lite,,,True,,,2d1088c993f2388df27f3d520b42b9cbb1ed5dec9be49b20cbcc79c445fdbaa7,1.8737283729715273,0.2874635379994288,0.29073982301633805,2.451931733987294
365,SingleLineInfilling/HumanEval/75/L11,HumanEval/75,L11,9-12,primary_control,ok,True,9,9,0,0,cal_lite,,,True,,,2d1088c993f2388df27f3d520b42b9cbb1ed5dec9be49b20cbcc79c445fdbaa7,1.8678250230150297,0.2927166479639709,0.2829043339006603,2.443446004879661
366,SingleLineInfilling/HumanEval/75/L12,HumanEval/75,L12,9-12,primary_control,ok,True,11,14,3,3,cal_lite,,,True,,,607d078a4b729f33cbb812887c947160289ed4e5eb59e0415e398ee536971304,1.9083028070162982,0.27967539709061384,0.29120933183003217,2.479187535936944
367,SingleLineInfilling/HumanEval/75/L13,HumanEval/75,L13,<=8,primary_control,ok,True,4,3,-1,1,cal_lite,,,True,,,8bd0806037f95fe6361442c793db0108f57a3482df52afc48aaa024b87c09bc9,1.8505772239295766,0.2927270159125328,0.2876752243610099,2.4309794642031193
368,SingleLineInfilling/HumanEval/77/L0,HumanEval/77,L0,<=8,primary_control,ok,True,6,6,0,0,cal_lite,,,True,,,a974fdf81efc943f23efbd9ad55fc2a4ace74d1bd9475f22ca85611d1825d930,1.8193168680882081,0.15112380718346685,0.2860203488962725,2.2564610241679475
369,SingleLineInfilling/HumanEval/77/L1,HumanEval/77,L1,17-24,primary_control,ok,False,19,7,-12,12,cal_lite,,,True,UnitTestFailure,failed: 'int' object has no attribute 'is_integer',bd438fe8108486a56532c97f4480ddc3922ea0f12b0b2cfe53b621e80c28f793,1.6102959929266945,0.14245428889989853,0.3022194568766281,2.054969738703221
370,SingleLineInfilling/HumanEval/79/L0,HumanEval/79,L0,13-16,primary_control,ok,False,15,14,-1,1,cal_lite,,,False,SyntaxError,"unterminated string literal (detected at line 15) (<unknown>, line 15)",b6a71c306cbce7ff21f4747b0a27dfe7aed330eb8466a513788cb5cabd85e39c,1.8867710960330442,0.00018665497191250324,0.29491320438683033,2.181870955391787
371,SingleLineInfilling/HumanEval/80/L0,HumanEval/80,L0,9-12,primary_control,ok,True,9,9,0,0,cal_lite,,,True,,,9dc97f58c795daefe7f5f53897e241c2d3b597319281f979b635cd41944702f3,1.8550133359385654,0.1541837010299787,0.30072480405215174,2.309921841020696
372,SingleLineInfilling/HumanEval/80/L1,HumanEval/80,L1,<=8,primary_control,ok,True,4,3,-1,1,cal_lite,,,True,,,12556d620aa2a856b1d3227b7a7cd1b8a48cbdbc8c3603770a497aef0cb4ef63,1.8567205560393631,0.14500901103019714,0.29626573575660586,2.297995302826166
373,SingleLineInfilling/HumanEval/80/L3,HumanEval/80,L3,9-12,primary_control,ok,True,12,10,-2,2,cal_lite,,,True,,,705d1ba523bc92e42ca8ab75c626ed7fd8f09c2ff481b2be68fb0c7e8e1cbb11,1.8580459220102057,0.15948601812124252,0.2968562444439158,2.314388184575364
374,SingleLineInfilling/HumanEval/80/L5,HumanEval/80,L5,25+,primary_control,ok,False,33,11,-22,22,cal_lite,,,True,UnitTestFailure,failed: aabb,be6dbc446727b1f1075e23843b72987a026ff0f6ba1c855373dee69683f48511,1.861146665061824,0.15236045501660556,0.29693406901787966,2.3104411890963092
375,SingleLineInfilling/HumanEval/80/L6,HumanEval/80,L6,<=8,primary_control,ok,True,4,4,0,0,cal_lite,,,True,,,7a3d8f4b4a20a91b2cd1de5fe7ee50b0ca7295a09b5407325b8a47a5537a86a3,1.8498098090058193,0.14199466514401138,0.28805205202661455,2.279856526176445
376,SingleLineInfilling/HumanEval/80/L7,HumanEval/80,L7,<=8,primary_control,ok,True,4,3,-1,1,cal_lite,,,True,,,bdbdf7aa50947c406c604fd1086ac09d876c4fe65c24bc331971f7f03409d692,1.846880774013698,0.14479950699023902,0.3011528280330822,2.2928331090370193
377,SingleLineInfilling/HumanEval/82/L0,HumanEval/82,L0,<=8,primary_control,ok,True,6,6,0,0,cal_lite,,,True,,,0696d0dedc07e6df161017f9530a5723da247ce218d9ee4dd9b7cdf76a983722,1.6195225489791483,0.14631992194335908,0.2938068499788642,2.0596493209013715
378,SingleLineInfilling/HumanEval/82/L1,HumanEval/82,L1,9-12,primary_control,ok,False,12,5,-7,7,cal_lite,,,True,UnitTestFailure,failed: ,8605cc143d5980476637d591652b728fd25d8a2c90edd6931c798afe59e2983b,1.593829951947555,0.1574442780110985,0.28824589727446437,2.039520127233118
379,SingleLineInfilling/HumanEval/82/L2,HumanEval/82,L2,<=8,primary_control,ok,True,4,15,11,11,cal_lite,,,True,,,8b6c601c6e067211a028fcb40db693853e0d60350c2e731757668f299b56016c,1.8778737110551447,0.14914381597191095,0.2973831301787868,2.3244006572058424
380,SingleLineInfilling/HumanEval/82/L3,HumanEval/82,L3,9-12,primary_control,ok,True,10,10,0,0,cal_lite,,,True,,,2eadb7c1a07bbd210fc40d31fd83012ce989b8d1faf9de05798e3744a952d4f5,1.6025701210601255,0.13952686998527497,0.2940539800329134,2.036150971078314
381,SingleLineInfilling/HumanEval/82/L4,HumanEval/82,L4,9-12,primary_control,ok,True,9,9,0,0,cal_lite,,,True,,,2eadb7c1a07bbd210fc40d31fd83012ce989b8d1faf9de05798e3744a952d4f5,1.6079019859898835,0.1475356031442061,0.2968145703198388,2.0522521594539285
382,SingleLineInfilling/HumanEval/82/L5,HumanEval/82,L5,<=8,primary_control,ok,True,4,4,0,0,cal_lite,,,True,,,2eadb7c1a07bbd210fc40d31fd83012ce989b8d1faf9de05798e3744a952d4f5,1.5972432730486616,0.1522643939824775,0.3002724389079958,2.049780105939135
383,SingleLineInfilling/HumanEval/82/L6,HumanEval/82,L6,<=8,primary_control,ok,True,4,3,-1,1,cal_lite,,,True,,,062e1d3e955c72ec1559d092c3ec1b7ab89a9e6a38082803d5a5e1c4584047c1,1.5961083780275658,0.1406344419810921,0.29569999501109123,2.032442815019749
384,SingleLineInfilling/HumanEval/83/L0,HumanEval/83,L0,9-12,primary_control,ok,False,11,13,2,2,cal_lite,,,True,UnitTestFailure,failed: ,c6ea0050db35252ef316acf9d4750b4caada65b48633d0feda3124ef5abe63ad,1.5985463650431484,0.14076571201439947,0.29782316426280886,2.0371352413203567
385,SingleLineInfilling/HumanEval/83/L1,HumanEval/83,L1,13-16,primary_control,ok,False,16,5,-11,11,cal_lite,,,True,UnitTestFailure,failed: ,87763d0087886e64cb2dfa6ebfbf17dd191f9b3dcf525e78f1215ac7c0edc026,1.476658807019703,0.15094009705353528,0.28807183483149856,1.915670738904737
386,SingleLineInfilling/HumanEval/85/L0,HumanEval/85,L0,25+,primary_control,ok,False,29,3,-26,26,cal_lite,,,True,UnitTestFailure,failed: ,1c1270111d894c7f12b0ac03cc38ba71d246e13f0d4970943c9e70637592ff53,1.4730927390046418,0.12411328591406345,0.2904058222193271,1.8876118471380323
387,SingleLineInfilling/HumanEval/86/L0,HumanEval/86,L0,17-24,primary_control,ok,False,20,3,-17,17,cal_lite,,,True,UnitTestFailure,failed: ,320eeab608668b13b1edd0b88a071816377bab283eee295d1f744d4585bd6529,1.8637888840166852,0.15416995785199106,0.3027836278779432,2.3207424697466195
388,SingleLineInfilling/HumanEval/87/L0,HumanEval/87,L0,25+,primary_control,ok,False,32,4,-28,28,cal_lite,,,True,UnitTestFailure,failed: ,819479fc4dd87f67849fffecd008b0f25ec220a644b048ed4a7d666e0bb2fbd0,2.334694865043275,0.14146695996169,0.30347806424833834,2.7796398892533034
389,SingleLineInfilling/HumanEval/87/L1,HumanEval/87,L1,25+,primary_control,ok,False,25,3,-22,22,cal_lite,,,True,UnitTestFailure,failed: ,95678bafa3a4279c6dcff108bd9ef483c49aaa6d8de5a95447f490491e7fbeb6,2.3256717479089275,0.15082182199694216,0.2963970291893929,2.7728905990952626
390,SingleLineInfilling/HumanEval/88/L0,HumanEval/88,L0,25+,primary_control,ok,False,33,3,-30,30,cal_lite,,,True,UnitTestFailure,failed: Error,7861f6c94337a5845de16d97b9a151dedccfce38dba9a2d02f742eb9330bd288,1.9005869320826605,0.13569152995478362,0.29663454985711724,2.3329130118945614
391,SingleLineInfilling/HumanEval/89/L0,HumanEval/89,L0,<=8,primary_control,ok,True,6,6,0,0,cal_lite,,,True,,,5fc52636ae4a4e36f8e097e50b32867753735501bec3d9064ce1ea867fe84bdd,1.846135081956163,0.1470261289505288,0.2971867019077763,2.290347912814468
392,SingleLineInfilling/HumanEval/89/L1,HumanEval/89,L1,<=8,primary_control,ok,True,4,4,0,0,cal_lite,,,True,,,0ccd01103ff334d6a86525b7619a534eb039d9dd0558e03a7faa580afa6c534e,1.8478448409587145,0.15189925499726087,0.2915400540223345,2.29128414997831
393,SingleLineInfilling/HumanEval/89/L2,HumanEval/89,L2,<=8,primary_control,ok,True,6,6,0,0,cal_lite,,,True,,,0ccd01103ff334d6a86525b7619a534eb039d9dd0558e03a7faa580afa6c534e,1.8157555140787736,0.15670676704030484,0.2999308949802071,2.2723931760992855
394,SingleLineInfilling/HumanEval/89/L3,HumanEval/89,L3,<=8,primary_control,ok,True,6,4,-2,2,cal_lite,,,True,,,e486cc6a4f7518663fca62637dd864c54754549b94c646d31a8d293d2f71141d,1.8493695739889517,0.14522547589149326,0.294514175853692,2.289109225734137
395,SingleLineInfilling/HumanEval/89/L4,HumanEval/89,L4,17-24,primary_control,ok,False,18,12,-6,6,cal_lite,,,True,UnitTestFailure,failed: string index out of range,1e87d0a9cd26dc32174796b6fe1906c0006c25eabdf42798e1a17bf25d25777b,1.8673921650042757,0.15063788800034672,0.2947498371358961,2.3127798901405185
396,SingleLineInfilling/HumanEval/89/L5,HumanEval/89,L5,<=8,primary_control,ok,True,3,3,0,0,cal_lite,,,True,,,0ccd01103ff334d6a86525b7619a534eb039d9dd0558e03a7faa580afa6c534e,1.8296011320780963,0.1517433258704841,0.29552491661161184,2.2768693745601922
397,SingleLineInfilling/HumanEval/89/L6,HumanEval/89,L6,<=8,primary_control,ok,True,5,5,0,0,cal_lite,,,True,,,0ccd01103ff334d6a86525b7619a534eb039d9dd0558e03a7faa580afa6c534e,1.8233499430352822,0.15477634395938367,0.3004785521188751,2.278604839113541
398,SingleLineInfilling/HumanEval/89/L7,HumanEval/89,L7,<=8,primary_control,ok,True,4,3,-1,1,cal_lite,,,True,,,035572d7ebeea78546c04df4a51c1bb53fa67c468424abcb806ede7f825a8d02,1.840347763034515,0.1447619179962203,0.2900653122924268,2.275174993323162
399,SingleLineInfilling/HumanEval/90/L0,HumanEval/90,L0,<=8,primary_control,ok,False,7,4,-3,3,cal_lite,,,True,UnitTestFailure,failed: ,0d906093989fa928165ff8661aef0483c0f6076ff7c9f21f735f3c2513800fbf,1.8289622999727726,0.15081239002756774,0.293484773254022,2.2732594632543623
400,SingleLineInfilling/HumanEval/90/L1,HumanEval/90,L1,13-16,primary_control,ok,False,15,6,-9,9,cal_lite,,,True,UnitTestFailure,failed: list index out of range,d6b2df4ae0dcd5be54b846159de1fc5d6bbcbc5cd4890a0250e9cedfcda106f7,1.8335988729959354,0.15132119599729776,0.2871523362118751,2.2720724052051082
401,SingleLineInfilling/HumanEval/92/L1,HumanEval/92,L1,13-16,primary_control,ok,False,16,3,-13,13,cal_lite,,,False,SyntaxError,"expected 'except' or 'finally' block (<unknown>, line 25)",fc1bbf600d64fe7cc61a5c6cc02bd6b05b96c6c556a70130e56913b33fc1cc1c,1.8381394789321348,0.00026679993607103825,0.2966161612421274,2.1350224401103333
402,SingleLineInfilling/HumanEval/92/L2,HumanEval/92,L2,17-24,primary_control,ok,False,22,6,-16,16,cal_lite,,,False,SyntaxError,"cannot assign to expression here. Maybe you meant '==' instead of '='? (<unknown>, line 22)",971f40e739031eb50aba508dcf8f3bfc7f235153d06acab6584dc7823e1a9f23,1.8457224229350686,0.0001834810245782137,0.28530294680967927,2.131208850769326
403,SingleLineInfilling/HumanEval/92/L3,HumanEval/92,L3,<=8,primary_control,ok,True,4,14,10,10,cal_lite,,,True,,,ad9dd959a9bcdf65d8a3be0c8d9bd12ffb71be7d42afd0a59cf9d84b700c8ee4,1.9165170940104872,0.15078430192079395,0.2854805359384045,2.3527819318696856
404,SingleLineInfilling/HumanEval/92/L4,HumanEval/92,L4,<=8,primary_control,ok,True,4,14,10,10,cal_lite,,,True,,,ad9dd959a9bcdf65d8a3be0c8d9bd12ffb71be7d42afd0a59cf9d84b700c8ee4,1.8764680039603263,0.1542898608604446,0.3038264049682766,2.3345842697890475
405,SingleLineInfilling/HumanEval/92/L5,HumanEval/92,L5,<=8,primary_control,ok,True,4,7,3,3,cal_lite,,,True,,,4fc039d63c6600d04d8da5376bf86171f9e2ca337ba1ba02eb2943bcebc3e800,1.8539141749497503,0.14743703487329185,0.29534973797854036,2.2967009478015825
406,SingleLineInfilling/HumanEval/93/L0,HumanEval/93,L0,9-12,primary_control,ok,False,10,7,-3,3,cal_lite,,,True,UnitTestFailure,failed: This prints if this assert fails 2 (good for debugging!),3e730e0cca6b2af2c1ee9e94a4cd52348f925310b1419b61e6b07a88f4bdae95,1.847779871081002,0.15428868599701673,0.29758866992779076,2.2996572270058095
407,SingleLineInfilling/HumanEval/93/L1,HumanEval/93,L1,17-24,primary_control,ok,False,21,5,-16,16,cal_lite,,,True,UnitTestFailure,failed: 'e',ed7cc3c22b8f83998de38fc6705ce76c353d6b171615c34234b5711fb218decb,1.8350543469423428,0.15354302804917097,0.29201849922537804,2.280615874216892
408,SingleLineInfilling/HumanEval/93/L2,HumanEval/93,L2,<=8,primary_control,ok,False,7,6,-1,1,cal_lite,,,True,UnitTestFailure,failed: 'str' object has no attribute 'swap',52db42ed65521a93d744d93baf6383766f0950ed6c795df49ae5a17f4c00b544,1.827869888045825,0.1409317849902436,0.29616246628575027,2.264964139321819
409,SingleLineInfilling/HumanEval/93/L3,HumanEval/93,L3,17-24,primary_control,ok,False,22,9,-13,13,cal_lite,,,True,UnitTestFailure,failed: This prints if this assert fails 1 (good for debugging!),915d32c62cb2d7c3499fb67488d0f628b4b6004f9059549aebf0cb334a2224b1,1.865997719927691,0.14863832492846996,0.29707841121125966,2.3117144560674205
410,SingleLineInfilling/HumanEval/94/L0,HumanEval/94,L0,<=8,primary_control,ok,True,6,6,0,0,cal_lite,,,True,,,97b9a35b282fefc4a33a1a8c739a087bcd791616a74cc8921e7cb5566c1e2006,2.7057445460231975,0.15892983390949667,0.30595218704547733,3.1706265669781715
411,SingleLineInfilling/HumanEval/94/L1,HumanEval/94,L1,13-16,primary_control,ok,True,16,9,-7,7,cal_lite,,,True,,,aba3b95c871a4470593c299a41ea2059f6e15ef91d4fd0c3e612879ffed6fca0,2.719848618027754,0.15070281003136188,0.3029486467130482,3.1735000747721642
412,SingleLineInfilling/HumanEval/94/L2,HumanEval/94,L2,<=8,primary_control,ok,True,7,9,2,2,cal_lite,,,True,,,4182e0c967ad0ace4ef09078bcd772872a0f49a194509aca5c90f68450ddfa65,2.7182257720269263,0.149326485930942,0.3071225031744689,3.174674761132337
413,SingleLineInfilling/HumanEval/94/L3,HumanEval/94,L3,<=8,primary_control,ok,True,4,14,10,10,cal_lite,,,True,,,b3e7e27fffdb5294b4dea19411027644f083bb86395a3f6f4463ab106f7579c8,2.7142903809435666,0.14981595589779317,0.2917274661595002,3.15583380300086
414,SingleLineInfilling/HumanEval/94/L5,HumanEval/94,L5,<=8,primary_control,ok,True,4,7,3,3,cal_lite,,,True,,,4e6786aeec274f9db0ed58654ed482b4381b62ec8385a16bf57371e535e11051,2.6955811450025067,0.14638161205220968,0.29691721859853715,3.1388799756532535
415,SingleLineInfilling/HumanEval/94/L6,HumanEval/94,L6,<=8,primary_control,ok,True,6,6,0,0,cal_lite,,,True,,,9e49fec2f57bc15e68bf0c88a71a5c946ce779adc5834ef24b405077bfc386bf,2.701455464004539,0.15521953406278044,0.30367250298149884,3.1603475010488182
416,SingleLineInfilling/HumanEval/94/L7,HumanEval/94,L7,<=8,primary_control,ok,True,6,6,0,0,cal_lite,,,True,,,9e49fec2f57bc15e68bf0c88a71a5c946ce779adc5834ef24b405077bfc386bf,2.6905913719674572,0.1437443569302559,0.2996942170429975,3.1340299459407106
417,SingleLineInfilling/HumanEval/94/L8,HumanEval/94,L8,<=8,primary_control,ok,True,7,7,0,0,cal_lite,,,True,,,9e49fec2f57bc15e68bf0c88a71a5c946ce779adc5834ef24b405077bfc386bf,2.688248493941501,0.14868147589731961,0.2986243302002549,3.1355543000390753
418,SingleLineInfilling/HumanEval/94/L9,HumanEval/94,L9,13-16,primary_control,ok,False,13,7,-6,6,cal_lite,,,True,UnitTestFailure,failed: This prints if this assert fails 1 (good for debugging!),a601720690adf9330bcdce850aacb8737383864a332c1c335f367d2e69944fdd,2.694382834015414,0.14581900497432798,0.2929734841454774,3.1331753231352195
419,SingleLineInfilling/HumanEval/94/L10,HumanEval/94,L10,<=8,primary_control,ok,True,6,6,0,0,cal_lite,,,True,,,9e49fec2f57bc15e68bf0c88a71a5c946ce779adc5834ef24b405077bfc386bf,2.6960033469367772,0.14422628202009946,0.2963098827749491,3.1365395117318258
420,SingleLineInfilling/HumanEval/94/L11,HumanEval/94,L11,<=8,primary_control,ok,True,5,6,1,1,cal_lite,,,True,,,410cd06f77f2ea530af704671b2744b01b994ba77fc13235f160976752533710,2.687522443011403,0.14781382190994918,0.2956465204479173,3.1309827853692695
421,SingleLineInfilling/HumanEval/94/L12,HumanEval/94,L12,13-16,primary_control,ok,False,15,8,-7,7,cal_lite,,,True,UnitTestFailure,failed: unsupported operand type(s) for +: 'int' and 'str',c90b2f3ab9e16a703f9237ab2847ed1ba17167af4049d6106091ac037dcf0c32,2.670232128002681,0.1548626699950546,0.2974908060859889,3.1225856040837243
422,SingleLineInfilling/HumanEval/94/L13,HumanEval/94,L13,<=8,primary_control,ok,True,4,3,-1,1,cal_lite,,,True,,,fcc11d380b0260741e513c3adeb8a09a6f2dd464cc15cb0bbfcb6ae5571106dd,2.7026829150272533,0.14423814986366779,0.2989314356818795,3.1458525005728006
423,SingleLineInfilling/HumanEval/95/L0,HumanEval/95,L0,9-12,primary_control,ok,True,10,9,-1,1,cal_lite,,,True,,,58b795979dfb7af2416e5952c8a5a861f5a7e238d56870f5aa865ee4218903b6,2.3948843870311975,0.15227736590895802,0.29588786279782653,2.843049615737982
424,SingleLineInfilling/HumanEval/95/L1,HumanEval/95,L1,<=8,primary_control,ok,True,4,4,0,0,cal_lite,,,True,,,ae78bda3ea64bac636429fcfbff2ddbecc41552c57997c1772257ce8c0c96d19,2.40908282995224,0.14938124699983746,0.29605349397752434,2.854517570929602
425,SingleLineInfilling/HumanEval/95/L2,HumanEval/95,L2,<=8,primary_control,ok,True,3,3,0,0,cal_lite,,,True,,,ae78bda3ea64bac636429fcfbff2ddbecc41552c57997c1772257ce8c0c96d19,2.3628251859918237,0.14333380293101072,0.29109174688346684,2.7972507358063012
426,SingleLineInfilling/HumanEval/95/L3,HumanEval/95,L3,<=8,primary_control,ok,False,6,3,-3,3,cal_lite,,,True,UnitTestFailure,failed: First test error: False,75db1c1a1eb4850030df2402f7c7f6a03e0f3662a820e1df1444c1e2f3245acc,2.395374330924824,0.14819682901725173,0.29162729519885033,2.835198455140926
427,SingleLineInfilling/HumanEval/95/L4,HumanEval/95,L4,<=8,primary_control,ok,False,7,6,-1,1,cal_lite,,,False,SyntaxError,"expected ':' (<unknown>, line 18)",ce0cb5685c7c76ea34b70cf5f69e8062e7ed545ecd8899b1d019381a2a1b7afa,2.4080462909769267,0.00023128907196223736,0.30393961584195495,2.712217195890844
428,SingleLineInfilling/HumanEval/95/L6,HumanEval/95,L6,9-12,primary_control,ok,False,10,5,-5,5,cal_lite,,,True,UnitTestFailure,failed: 'int' object has no attribute 'isdigit',ed05e425d44de8e2386ff5df4bc89ed5263a61b4a19dfd11d595276e809b1a19,2.3865097210509703,0.14966297091450542,0.2905514059821144,2.82672409794759
429,SingleLineInfilling/HumanEval/95/L7,HumanEval/95,L7,<=8,primary_control,ok,True,6,6,0,0,cal_lite,,,True,,,ae78bda3ea64bac636429fcfbff2ddbecc41552c57997c1772257ce8c0c96d19,2.3804735279409215,0.14583509496878833,0.2910292410524562,2.817337863962166
430,SingleLineInfilling/HumanEval/95/L8,HumanEval/95,L8,<=8,primary_control,ok,True,3,15,12,12,cal_lite,,,True,,,e2c483a6d5023d8973a71aa4166e04d92abd1d8677ec7ce6f32f38cacc65281e,2.618789298925549,0.14803220599424094,0.29412449384108186,3.0609459987608716
431,SingleLineInfilling/HumanEval/95/L9,HumanEval/95,L9,<=8,primary_control,ok,True,7,7,0,0,cal_lite,,,True,,,cf18961dcf99fcdd6f4fafaec8726bae49f25433fa565bf38e5cf451b63c7fe8,2.4062699349597096,0.14709205890540034,0.2972332281060517,2.8505952219711617
432,SingleLineInfilling/HumanEval/95/L10,HumanEval/95,L10,<=8,primary_control,ok,True,6,9,3,3,cal_lite,,,True,,,9ffabeb649bc122c53a865358551ad59b0ba994dc1dd747b5dcbb76185fd8a2e,2.3988304529339075,0.14387886004988104,0.2938868161290884,2.836596129112877
433,SingleLineInfilling/HumanEval/95/L11,HumanEval/95,L11,<=8,primary_control,ok,True,6,9,3,3,cal_lite,,,True,,,15cca5dd43c4985f1b1126aef270c2e81b0393571e85d21690d44ac948eada59,2.407467989018187,0.1493033739970997,0.306792009039782,2.8635633720550686
434,SingleLineInfilling/HumanEval/95/L12,HumanEval/95,L12,<=8,primary_control,ok,True,6,6,0,0,cal_lite,,,True,,,ae78bda3ea64bac636429fcfbff2ddbecc41552c57997c1772257ce8c0c96d19,2.388011757982895,0.15449848398566246,0.2901307950960472,2.8326410370646045
435,SingleLineInfilling/HumanEval/95/L13,HumanEval/95,L13,<=8,primary_control,ok,True,6,6,0,0,cal_lite,,,True,,,ae78bda3ea64bac636429fcfbff2ddbecc41552c57997c1772257ce8c0c96d19,2.391297355061397,0.15307672310154885,0.2896210787585005,2.8339951569214463
436,SingleLineInfilling/HumanEval/95/L14,HumanEval/95,L14,<=8,primary_control,ok,True,3,9,6,6,cal_lite,,,True,,,16c1567666ca0a9e8d13f27032a75446173f1320c357c9000288b6517f2f6314,2.4064707650104538,0.13903245201800019,0.28735322202555835,2.8328564390540123
437,SingleLineInfilling/HumanEval/95/L15,HumanEval/95,L15,<=8,primary_control,ok,True,3,9,6,6,cal_lite,,,True,,,16c1567666ca0a9e8d13f27032a75446173f1320c357c9000288b6517f2f6314,2.429616848938167,0.1514228950254619,0.29777221102267504,2.878811954986304
438,SingleLineInfilling/HumanEval/95/L16,HumanEval/95,L16,25+,primary_control,ok,False,27,14,-13,13,cal_lite,,,False,SyntaxError,"invalid syntax (<unknown>, line 34)",1cdc3b8d43d15e463080092c64cba577a36f9ce0a79d12a19fe688f37e806043,2.381498098024167,0.0003211770672351122,0.2904950777301565,2.6723143528215587
439,SingleLineInfilling/HumanEval/95/L17,HumanEval/95,L17,<=8,primary_control,ok,True,6,6,0,0,cal_lite,,,True,,,ae78bda3ea64bac636429fcfbff2ddbecc41552c57997c1772257ce8c0c96d19,2.394654012983665,0.15416765899863094,0.287260370911099,2.836082042893395
440,SingleLineInfilling/HumanEval/95/L18,HumanEval/95,L18,<=8,primary_control,ok,True,3,13,10,10,cal_lite,,,True,,,d8398294fef1ca763160eb3c676f74ecce5321445f9ddaef911fe05d9517029b,2.608561618020758,0.14460953196976334,0.29519917571451515,3.0483703257050365
441,SingleLineInfilling/HumanEval/95/L19,HumanEval/95,L19,<=8,primary_control,ok,True,3,7,4,4,cal_lite,,,True,,,7d0c36b8e0c82f3d668621f1e6f03806995ef0184d8ee170879034c77cf7ff5f,2.4211591489147395,0.15077813004609197,0.2952241679886356,2.867161446949467
442,SingleLineInfilling/HumanEval/95/L20,HumanEval/95,L20,<=8,primary_control,ok,False,3,9,6,6,cal_lite,,,True,UnitTestFailure,failed: First test error: False,21e61c728ff1b58c0148de075a47594c18fd1a9735f3fd3d6a2a84015e6d8c0f,2.414639633963816,0.15280215395614505,0.29216572910081595,2.859607517020777
443,SingleLineInfilling/HumanEval/95/L21,HumanEval/95,L21,13-16,primary_control,ok,False,14,7,-7,7,cal_lite,,,True,UnitTestFailure,failed: Fourth test error: True,6fd23b090c48a178646e891dd591ef368d227c2a62cf65091fc520e893f3b40a,2.4040636029094458,0.14077049493789673,0.2888894968200475,2.83372359466739
444,SingleLineInfilling/HumanEval/96/L0,HumanEval/96,L0,<=8,primary_control,ok,True,4,3,-1,1,cal_lite,,,True,,,52a1cb61062502fa650f889a465142022fbec8d002674370a789bc8c95ea60c9,1.8942959279520437,0.1393027479061857,0.29321151913609356,2.326810194994323
445,SingleLineInfilling/HumanEval/96/L1,HumanEval/96,L1,9-12,primary_control,ok,False,10,13,3,3,cal_lite,,,True,UnitTestFailure,failed: ,d2e3b7381452b36bcd18b425a743b82ba4cd3489e25e52fc33d6d2b37f9739fa,1.9452709790784866,0.14764161210041493,0.28940634592436254,2.382318937103264
446,SingleLineInfilling/HumanEval/96/L2,HumanEval/96,L2,<=8,primary_control,ok,True,6,6,0,0,cal_lite,,,True,,,f45a250f0bb385f1d6fef6f54f5ff412d62d0e629e63c6d9fbdee7f072cf18ba,1.916300458018668,0.15488387795630842,0.2973391152918339,2.3685234512668103
447,SingleLineInfilling/HumanEval/96/L3,HumanEval/96,L3,9-12,primary_control,ok,True,10,10,0,0,cal_lite,,,True,,,f45a250f0bb385f1d6fef6f54f5ff412d62d0e629e63c6d9fbdee7f072cf18ba,1.9167233590269461,0.14545364200603217,0.2843078854493797,2.346484886482358
448,SingleLineInfilling/HumanEval/96/L4,HumanEval/96,L4,9-12,primary_control,ok,True,9,11,2,2,cal_lite,,,True,,,e7dd623688df343e7ff2c0a5c3009449264b6c76ee872814330a6c6b4a0fec19,1.9174843620276079,0.14725062402430922,0.2886020018486306,2.3533369879005477
449,SingleLineInfilling/HumanEval/96/L5,HumanEval/96,L5,<=8,primary_control,ok,True,6,6,0,0,cal_lite,,,True,,,f45a250f0bb385f1d6fef6f54f5ff412d62d0e629e63c6d9fbdee7f072cf18ba,1.917218722985126,0.1376716559752822,0.28640881401952356,2.341299192979932
450,SingleLineInfilling/HumanEval/96/L6,HumanEval/96,L6,<=8,primary_control,ok,True,3,9,6,6,cal_lite,,,True,,,6ccae9ee08f3a0d9f769571002225de737c20c2518857fbda4833f0cf314b54c,1.9347384790889919,0.14857076795306057,0.28322037088219076,2.366529617924243
451,SingleLineInfilling/HumanEval/96/L7,HumanEval/96,L7,<=8,primary_control,ok,True,5,5,0,0,cal_lite,,,True,,,f45a250f0bb385f1d6fef6f54f5ff412d62d0e629e63c6d9fbdee7f072cf18ba,1.9261103920871392,0.14388462610077113,0.29369448381476104,2.3636895020026714
452,SingleLineInfilling/HumanEval/96/L8,HumanEval/96,L8,<=8,primary_control,ok,True,5,5,0,0,cal_lite,,,True,,,f45a250f0bb385f1d6fef6f54f5ff412d62d0e629e63c6d9fbdee7f072cf18ba,1.9164021760225296,0.1455014831153676,0.29783103393856436,2.3597346930764616
453,SingleLineInfilling/HumanEval/96/L9,HumanEval/96,L9,<=8,primary_control,ok,True,4,3,-1,1,cal_lite,,,True,,,3586b9f194a0a4601013b33d0a998227e557787b967cdba514394e4dbbd72c23,1.8915020670974627,0.15323442593216896,0.28376570786349475,2.3285022008931264
454,SingleLineInfilling/HumanEval/97/L0,HumanEval/97,L0,17-24,primary_control,ok,False,17,16,-1,1,cal_lite,,,True,UnitTestFailure,failed: First test error: 6,073ceb3eca890812341648c52ca594723c2fcfd7c4f6b2f5ade6a14b8b38dfc1,1.6224907590076327,0.14420007087755948,0.2771608780603856,2.043851707945578
455,SingleLineInfilling/HumanEval/99/L0,HumanEval/99,L0,<=8,primary_control,ok,True,8,7,-1,1,cal_lite,,,True,,,20840fcfbc62081efe4c4589cdf7663b89d87666bdda38e9b789ec2d5c4b9bef,2.345655052922666,0.1478973588673398,0.2920152728911489,2.785567684681155
456,SingleLineInfilling/HumanEval/99/L2,HumanEval/99,L2,9-12,primary_control,ok,False,9,4,-5,5,cal_lite,,,True,UnitTestFailure,failed: Test 1,2fe590c2f0e27aaa2db1cf689de5f64abcbcc290dc6522bff77ced331b1eea87,2.321623843978159,0.15322545904200524,0.29607090284116566,2.77092020586133
457,SingleLineInfilling/HumanEval/99/L3,HumanEval/99,L3,<=8,primary_control,ok,True,6,4,-2,2,cal_lite,,,True,,,68c0fcc80d79108c199444336def475223ba5c36b6562997f57c340d99dc3904,2.314837269950658,0.14996649092063308,0.29573991312645376,2.760543673997745
458,SingleLineInfilling/HumanEval/99/L4,HumanEval/99,L4,9-12,primary_control,ok,False,11,10,-1,1,cal_lite,,,False,SyntaxError,"unterminated string literal (detected at line 24) (<unknown>, line 24)",f7b0a42f2e3bfeec5e7ef620dce6e70aeed1b6f9ffd86f0ccab78d06edb5cc8d,2.3438435459975153,0.00017358700279146433,0.2940822304226458,2.6380993634229526
459,SingleLineInfilling/HumanEval/99/L5,HumanEval/99,L5,<=8,primary_control,ok,False,7,6,-1,1,cal_lite,,,False,SyntaxError,"'[' was never closed (<unknown>, line 25)",900e9381b681370f6fcdea3492eaa50dddb2179cb6b57957e50c8b3dd86205da,2.370486606960185,0.00022093509323894978,0.2888954384252429,2.6596029804786667
460,SingleLineInfilling/HumanEval/99/L7,HumanEval/99,L7,<=8,primary_control,ok,True,6,6,0,0,cal_lite,,,True,,,47ad877d832121a0a756ad7efa56a66d94d464efc851e89f221f76c80289b79b,2.3456235089106485,0.14886013290379196,0.2845200707670301,2.7790037125814706
461,SingleLineInfilling/HumanEval/99/L8,HumanEval/99,L8,9-12,primary_control,ok,False,10,7,-3,3,cal_lite,,,True,UnitTestFailure,failed: Test 2,18c5198a115ad74c2232a8a16868952fb25e7fdf110e93b6bf2bc5e257543120,2.3605802190722898,0.14043844304978848,0.2996410741470754,2.8006597362691537
462,SingleLineInfilling/HumanEval/99/L9,HumanEval/99,L9,<=8,primary_control,ok,True,7,7,0,0,cal_lite,,,True,,,a4c72d6c199693ee7b3779f6a13deb1bd86c62499128eb375939ada141123df6,2.2746668059844524,0.1537850119639188,0.2969441049499437,2.725395922898315
463,SingleLineInfilling/HumanEval/99/L10,HumanEval/99,L10,<=8,primary_control,ok,True,6,6,0,0,cal_lite,,,True,,,a4c72d6c199693ee7b3779f6a13deb1bd86c62499128eb375939ada141123df6,2.325725178932771,0.1533175801159814,0.2926994028966874,2.77174216194544
464,SingleLineInfilling/HumanEval/99/L11,HumanEval/99,L11,<=8,primary_control,ok,True,3,16,13,13,cal_lite,,,True,,,783d707ba412849638a47ead4cfd6dea1b09c659fd1ac903b14114679ea7c423,2.398899249965325,0.14976341102737933,0.3043209637980908,2.852983624790795
465,SingleLineInfilling/HumanEval/99/L12,HumanEval/99,L12,<=8,primary_control,ok,True,6,6,0,0,cal_lite,,,True,,,a4c72d6c199693ee7b3779f6a13deb1bd86c62499128eb375939ada141123df6,2.322136805043556,0.14755034912377596,0.290565817267634,2.7602529714349657
466,SingleLineInfilling/HumanEval/99/L13,HumanEval/99,L13,9-12,primary_control,ok,True,9,4,-5,5,cal_lite,,,True,,,066f6896cc31759668b3dbc33f476e5fa80f7adf70f449500a91458ad26b2a4b,2.3119814810343087,0.1521771119441837,0.3013893091119826,2.765547902090475
467,SingleLineInfilling/HumanEval/99/L14,HumanEval/99,L14,<=8,primary_control,ok,True,7,6,-1,1,cal_lite,,,True,,,6ffe709edbcb35745e5d7a81afea844ebd9fa0e24a7c275dd9e0e47866949676,2.310343396035023,0.14810574508737773,0.2935465103946626,2.7519956515170634
468,SingleLineInfilling/HumanEval/99/L15,HumanEval/99,L15,<=8,primary_control,ok,True,3,3,0,0,cal_lite,,,True,,,a4c72d6c199693ee7b3779f6a13deb1bd86c62499128eb375939ada141123df6,2.322883253102191,0.15133928309660405,0.29526296292897314,2.769485499127768
469,SingleLineInfilling/HumanEval/99/L16,HumanEval/99,L16,<=8,primary_control,ok,True,6,5,-1,1,cal_lite,,,True,,,6cfb392c91e2f2e73653974681ebac0f8e227aef15962561692a7524860caf9e,2.3335736660519615,0.15720649308059365,0.29397145798429847,2.7847516171168536
470,SingleLineInfilling/HumanEval/99/L18,HumanEval/99,L18,<=8,primary_control,ok,True,4,3,-1,1,cal_lite,,,True,,,1f4cb9f804587461c19d58132d7467bd02c5b2e4c56168ae45e3a934dbafcee5,2.303470678976737,0.1449538238812238,0.3002125999191776,2.7486371027771384
471,SingleLineInfilling/HumanEval/100/L0,HumanEval/100,L0,13-16,primary_control,ok,False,14,6,-8,8,cal_lite,,,True,UnitTestFailure,failed: Test 3,aef4085b90983a58a170cc6ac99cb3b93f5948c0c709ea153e0cfa916be4d2cc,1.8354020890546963,0.1539432699792087,0.2990656989859417,2.2884110580198467
472,SingleLineInfilling/HumanEval/101/L0,HumanEval/101,L0,<=8,primary_control,ok,True,5,9,4,4,cal_lite,,,True,,,409d8bf55ab7b9f6a83c279c1fb048447f0c4c18a329e589b75bcce038973d8d,1.8799319070531055,0.15518930612597615,0.28434128407388926,2.319462497252971
473,SingleLineInfilling/HumanEval/101/L1,HumanEval/101,L1,<=8,primary_control,ok,False,3,4,1,1,cal_lite,,,True,UnitTestFailure,failed: ,931a19369d7abb3d7b5bd5cd35febffeb52b7667e26ac6fae25cfb7beef79322,1.8648019019747153,0.14597905799746513,0.28927871922496706,2.3000596791971475
474,SingleLineInfilling/HumanEval/101/L3,HumanEval/101,L3,<=8,primary_control,ok,False,5,5,0,0,cal_lite,,,True,UnitTestFailure,failed: 'str' object has no attribute 'append',66071ed82985e6f2dd21a21dfb1c04a6efe5fae34a546f0ac7b973d8a1c675c3,1.8448744419729337,0.15031792118679732,0.2893080331850797,2.2845003963448107
475,SingleLineInfilling/HumanEval/101/L5,HumanEval/101,L5,<=8,primary_control,ok,True,6,6,0,0,cal_lite,,,True,,,a347a489bfc518ee83e8408f517daaba1005b8cf01cf1ab8aaf2295861d8f6e5,1.8946321469265968,0.14444980607368052,0.29956704180222005,2.3386489948024973
476,SingleLineInfilling/HumanEval/101/L6,HumanEval/101,L6,<=8,primary_control,ok,True,6,6,0,0,cal_lite,,,True,,,a347a489bfc518ee83e8408f517daaba1005b8cf01cf1ab8aaf2295861d8f6e5,1.8914704689523205,0.14476525620557368,0.291385660180822,2.327621385338716
477,SingleLineInfilling/HumanEval/101/L7,HumanEval/101,L7,<=8,primary_control,ok,True,6,6,0,0,cal_lite,,,True,,,a347a489bfc518ee83e8408f517daaba1005b8cf01cf1ab8aaf2295861d8f6e5,1.880519925034605,0.15349139808677137,0.2898172808345407,2.323828603955917
478,SingleLineInfilling/HumanEval/101/L8,HumanEval/101,L8,<=8,primary_control,ok,True,3,3,0,0,cal_lite,,,True,,,a347a489bfc518ee83e8408f517daaba1005b8cf01cf1ab8aaf2295861d8f6e5,1.8719089040532708,0.14780131494626403,0.2869459247449413,2.306656143744476
479,SingleLineInfilling/HumanEval/101/L9,HumanEval/101,L9,<=8,primary_control,ok,True,6,5,-1,1,cal_lite,,,True,,,77bfcf1c0375023eb1f2650bb724b9c3f1f27388b4c096b3f9745271f10840e6,1.8699487049598247,0.15380739094689488,0.2927432459546253,2.316499341861345
480,SingleLineInfilling/HumanEval/101/L11,HumanEval/101,L11,9-12,primary_control,ok,True,9,9,0,0,cal_lite,,,True,,,2f65f9b0c4b863a18bd8e7165f9c32a5741f584fc5cc08a85ba63e56b462cab4,1.8753577519673854,0.14752885000780225,0.283541590673849,2.3064281926490366
481,SingleLineInfilling/HumanEval/101/L12,HumanEval/101,L12,<=8,primary_control,ok,True,6,6,0,0,cal_lite,,,True,,,a347a489bfc518ee83e8408f517daaba1005b8cf01cf1ab8aaf2295861d8f6e5,1.8626111389603466,0.14859995804727077,0.29045483481604606,2.3016659318236634
482,SingleLineInfilling/HumanEval/102/L0,HumanEval/102,L0,<=8,primary_control,ok,True,6,6,0,0,cal_lite,,,True,,,125be3819afa9eaf89a34fa81e2fc33f9bba925f6c713702f8126cb239c6b200,1.8549368110252544,0.1510849290061742,0.29199723433703184,2.2980189743684605
483,SingleLineInfilling/HumanEval/102/L1,HumanEval/102,L1,<=8,primary_control,ok,True,5,5,0,0,cal_lite,,,True,,,74a43d58d3d67cebcc8fcd3ce09d30b7a9bc65b96a0c2e23f14c6658ae1f5812,1.86820002598688,0.14210554992314428,0.28633516386616975,2.296640739776194
484,SingleLineInfilling/HumanEval/102/L2,HumanEval/102,L2,9-12,primary_control,ok,False,10,24,14,14,cal_lite,,,True,UnitTestFailure,failed: ,5d96b3713c9736d2e3196d71ad9e8023704c98d02a7352af467fe5b3778591e4,1.9004956319695339,0.16779324307572097,0.30253966129384935,2.370828536339104
485,SingleLineInfilling/HumanEval/102/L3,HumanEval/102,L3,<=8,primary_control,ok,True,4,4,0,0,cal_lite,,,True,,,74a43d58d3d67cebcc8fcd3ce09d30b7a9bc65b96a0c2e23f14c6658ae1f5812,1.845237032044679,0.14260347408708185,0.29190641827881336,2.279746924410574
486,SingleLineInfilling/HumanEval/102/L4,HumanEval/102,L4,<=8,primary_control,ok,False,6,3,-3,3,cal_lite,,,True,UnitTestFailure,failed: ,506236da9c06ab8625f60f2475710f7fed0a3c7e366062e780d5f069fb822988,1.830441087950021,0.15616955887526274,0.29575791594106704,2.282368562766351
487,SingleLineInfilling/HumanEval/102/L5,HumanEval/102,L5,<=8,primary_control,ok,True,5,5,0,0,cal_lite,,,True,,,74a43d58d3d67cebcc8fcd3ce09d30b7a9bc65b96a0c2e23f14c6658ae1f5812,1.8279375520069152,0.14550450909882784,0.28799533285200596,2.261437393957749
488,SingleLineInfilling/HumanEval/102/L6,HumanEval/102,L6,<=8,primary_control,ok,True,7,7,0,0,cal_lite,,,True,,,74a43d58d3d67cebcc8fcd3ce09d30b7a9bc65b96a0c2e23f14c6658ae1f5812,1.8666356400353834,0.1485864210408181,0.2989162630401552,2.3141383241163567
489,SingleLineInfilling/HumanEval/103/L0,HumanEval/103,L0,<=8,primary_control,ok,True,6,6,0,0,cal_lite,,,True,,,e50ead66209abe7bcca0f9f9cd28361465caa6e745bc4c2afada67b32cc960f7,1.902827566023916,0.1520204358967021,0.29016375995706767,2.345011761877686
490,SingleLineInfilling/HumanEval/103/L1,HumanEval/103,L1,<=8,primary_control,ok,True,5,5,0,0,cal_lite,,,True,,,4a2b1380cd44182161cf2ae33adfdcbb405a1e3736459c1bb82a1c306f18ee0c,1.8970110029913485,0.15299766999669373,0.28406615706626326,2.3340748300543055
491,SingleLineInfilling/HumanEval/103/L2,HumanEval/103,L2,<=8,primary_control,ok,True,7,7,0,0,cal_lite,,,True,,,4a2b1380cd44182161cf2ae33adfdcbb405a1e3736459c1bb82a1c306f18ee0c,1.9152876519365236,0.14190114405937493,0.28438631002791226,2.341575106023811
492,SingleLineInfilling/HumanEval/103/L3,HumanEval/103,L3,9-12,primary_control,ok,True,11,12,1,1,cal_lite,,,True,,,a68169673ed256b8f26bbc6f41312778cea23269b23e77dcb8c75eaf253b1046,1.9263973119668663,0.13877389999106526,0.29074396612122655,2.355915178079158
493,SingleLineInfilling/HumanEval/103/L4,HumanEval/103,L4,<=8,primary_control,ok,True,6,9,3,3,cal_lite,,,True,,,85e5ee946de1b64e4ebf2f76b5796ffa7dfaf4a86eb89ada2e66345f2ed217ce,1.9230867789592594,0.15019001509062946,0.29170680907554924,2.364983603125438
494,SingleLineInfilling/HumanEval/103/L5,HumanEval/103,L5,13-16,primary_control,ok,False,15,9,-6,6,cal_lite,,,True,UnitTestFailure,failed: ,e56e059cf287b5e34bb0de53ea2a5a0fd4445e2a86e666749f8f8eac11244215,1.869250098010525,0.14903444098308682,0.285918309004046,2.304202847997658
495,SingleLineInfilling/HumanEval/104/L0,HumanEval/104,L0,<=8,primary_control,ok,True,6,6,0,0,cal_lite,,,True,,,1b1f72b7891a9173eb0caabbece5b534bfe25c4f5b4fba1e509bb5d8a79be4a0,1.862704414059408,0.14700013305991888,0.29109852795954794,2.300803075078875
496,SingleLineInfilling/HumanEval/104/L1,HumanEval/104,L1,<=8,primary_control,ok,True,6,6,0,0,cal_lite,,,True,,,0ec4630dd40e41262c8560df80a19a80f1ee3ca09436ca7cfff5c06aaac528d9,1.8638529720483348,0.1420265199849382,0.2871997992042452,2.293079291237518
497,SingleLineInfilling/HumanEval/104/L2,HumanEval/104,L2,17-24,primary_control,ok,False,19,4,-15,15,cal_lite,,,True,UnitTestFailure,failed: ,ff5cf5b9d67619e8351a260f95d7e18da7d841f51b3999fd7ca93cb24bf16a53,1.841128550004214,0.1492320359684527,0.2942241440759972,2.284584730048664
498,SingleLineInfilling/HumanEval/104/L3,HumanEval/104,L3,<=8,primary_control,ok,True,7,7,0,0,cal_lite,,,True,,,0ec4630dd40e41262c8560df80a19a80f1ee3ca09436ca7cfff5c06aaac528d9,1.8871732370462269,0.1449411049252376,0.2918505697743967,2.323964911745861
499,SingleLineInfilling/HumanEval/104/L4,HumanEval/104,L4,<=8,primary_control,ok,False,8,5,-3,3,cal_lite,,,True,UnitTestFailure,failed: ,4c26d41d6a4efe9415c7d7fc785741ec3bcfa506890ac44f8320d19a01eea35c,1.8264325340278447,0.1467171679250896,0.29494805890135467,2.268097760854289
500,SingleLineInfilling/HumanEval/105/L0,HumanEval/105,L0,<=8,primary_control,ok,True,4,4,0,0,cal_lite,,,True,,,a3fffc6987d993bb8d22f6665bbd05198cb94af5320c071055f6fa846401749e,2.6586132650263608,0.15051087399479002,0.2937997179105878,3.1029238569317386
501,SingleLineInfilling/HumanEval/105/L1,HumanEval/105,L1,<=8,primary_control,ok,True,7,14,7,7,cal_lite,,,True,,,6ec6ed3f05bc21bd652510339160803e18d3aa5012e51b59be9fc5b3edeef127,2.6892613279633224,0.15158941398840398,0.2992954613873735,3.1401462033391
502,SingleLineInfilling/HumanEval/105/L2,HumanEval/105,L2,<=8,primary_control,ok,True,7,7,0,0,cal_lite,,,True,,,4732c5b95c79258ae34bafa30232f364868dac2ac475428b3c18a3fa3aeec467,2.6627752489876,0.15455539093818516,0.29663176683243364,3.113962406758219
503,SingleLineInfilling/HumanEval/105/L3,HumanEval/105,L3,<=8,primary_control,ok,True,7,7,0,0,cal_lite,,,True,,,4732c5b95c79258ae34bafa30232f364868dac2ac475428b3c18a3fa3aeec467,2.6686040330678225,0.13219753105659038,0.2921463531674817,3.0929479172918946
504,SingleLineInfilling/HumanEval/105/L4,HumanEval/105,L4,<=8,primary_control,ok,True,7,7,0,0,cal_lite,,,True,,,4732c5b95c79258ae34bafa30232f364868dac2ac475428b3c18a3fa3aeec467,2.658328574965708,0.1490358931478113,0.2891247619409114,3.0964892300544307
505,SingleLineInfilling/HumanEval/105/L5,HumanEval/105,L5,<=8,primary_control,ok,True,7,7,0,0,cal_lite,,,True,,,4732c5b95c79258ae34bafa30232f364868dac2ac475428b3c18a3fa3aeec467,2.6750341549050063,0.1474958498729393,0.29605144483502954,3.118581449612975
506,SingleLineInfilling/HumanEval/105/L6,HumanEval/105,L6,<=8,primary_control,ok,True,7,7,0,0,cal_lite,,,True,,,4732c5b95c79258ae34bafa30232f364868dac2ac475428b3c18a3fa3aeec467,2.6725086990045384,0.14234498282894492,0.2900616149418056,3.104915296775289
507,SingleLineInfilling/HumanEval/105/L7,HumanEval/105,L7,<=8,primary_control,ok,True,7,7,0,0,cal_lite,,,True,,,4732c5b95c79258ae34bafa30232f364868dac2ac475428b3c18a3fa3aeec467,2.6864588039461523,0.14966201107017696,0.29744606104213744,3.1335668760584667
508,SingleLineInfilling/HumanEval/105/L8,HumanEval/105,L8,<=8,primary_control,ok,True,7,7,0,0,cal_lite,,,True,,,4732c5b95c79258ae34bafa30232f364868dac2ac475428b3c18a3fa3aeec467,2.6496593250194564,0.13399600191041827,0.31167683482635766,3.0953321617562324
509,SingleLineInfilling/HumanEval/105/L9,HumanEval/105,L9,<=8,primary_control,ok,True,7,15,8,8,cal_lite,,,True,,,89def1fe7d122036fa04dc0ae1633329fb505fef156453656cb6fa9e69540d1b,2.691107766935602,0.13554527203086764,0.2933117268839851,3.1199647658504546
510,SingleLineInfilling/HumanEval/105/L10,HumanEval/105,L10,<=8,primary_control,ok,True,2,10,8,8,cal_lite,,,True,,,bcb9078cb6c1412ed2c3e8c88283729cc0c3bb2f809d4e8e4d25f7a23de07974,2.6467434379737824,0.15664131194353104,0.2944140047766268,3.0977987546939403
511,SingleLineInfilling/HumanEval/105/L11,HumanEval/105,L11,9-12,primary_control,ok,False,10,7,-3,3,cal_lite,,,True,UnitTestFailure,failed: Error,12f3c5754733ae58c8e3b62fcc9bdd42d18d96ab43bc85c02136be43fac06c6c,2.6568870489718392,0.1540576530387625,0.2926348850596696,3.1035795870702714
512,SingleLineInfilling/HumanEval/105/L12,HumanEval/105,L12,<=8,primary_control,ok,True,5,5,0,0,cal_lite,,,True,,,4732c5b95c79258ae34bafa30232f364868dac2ac475428b3c18a3fa3aeec467,2.6779094710946083,0.15369697101414204,0.29098154325038195,3.1225879853591323
513,SingleLineInfilling/HumanEval/105/L13,HumanEval/105,L13,<=8,primary_control,ok,True,7,7,0,0,cal_lite,,,True,,,4732c5b95c79258ae34bafa30232f364868dac2ac475428b3c18a3fa3aeec467,2.661217805929482,0.1464276659535244,0.2938726448919624,3.101518116774969
514,SingleLineInfilling/HumanEval/105/L14,HumanEval/105,L14,<=8,primary_control,ok,True,3,3,0,0,cal_lite,,,True,,,4732c5b95c79258ae34bafa30232f364868dac2ac475428b3c18a3fa3aeec467,2.6483879139414057,0.1558636729605496,0.2989714862778783,3.1032230731798336
515,SingleLineInfilling/HumanEval/105/L15,HumanEval/105,L15,<=8,primary_control,ok,True,7,7,0,0,cal_lite,,,True,,,4732c5b95c79258ae34bafa30232f364868dac2ac475428b3c18a3fa3aeec467,2.658353163045831,0.15260008384939283,0.2963065220974386,3.1072597689926624
516,SingleLineInfilling/HumanEval/105/L16,HumanEval/105,L16,<=8,primary_control,ok,True,3,4,1,1,cal_lite,,,True,,,f18879917fee16461b27303366eb907115b726701e53291846333086c45875a8,2.6654059879947454,0.15695043606683612,0.2926397710107267,3.114996195072308
517,SingleLineInfilling/HumanEval/105/L17,HumanEval/105,L17,<=8,primary_control,ok,True,3,3,0,0,cal_lite,,,True,,,4732c5b95c79258ae34bafa30232f364868dac2ac475428b3c18a3fa3aeec467,2.6573953210609034,0.1484362849732861,0.2919987520435825,3.097830358077772
518,SingleLineInfilling/HumanEval/105/L18,HumanEval/105,L18,<=8,primary_control,ok,True,5,4,-1,1,cal_lite,,,True,,,a66fc1be8b945af675548fc4f06fba89d819e1b0fc9769a3bd9c2be5385b1796,2.6693955180235207,0.14370535593479872,0.29967056785244495,3.1127714418107644
519,SingleLineInfilling/HumanEval/106/L0,HumanEval/106,L0,<=8,primary_control,ok,True,4,4,0,0,cal_lite,,,True,,,55dfbf20b6987bafa8e465ffd04f59ebfb58b9e610fae0d3a530353ba73a600e,1.924155717017129,0.14745063590817153,0.28663306031376123,2.358239413239062
520,SingleLineInfilling/HumanEval/106/L1,HumanEval/106,L1,9-12,primary_control,ok,True,11,11,0,0,cal_lite,,,True,,,4923aa6cabe5ccc261bd33379d0ce983b7d7fe37634e5ebd934f6852026d5682,1.933504396933131,0.15233567694667727,0.2887111520394683,2.3745512259192765
521,SingleLineInfilling/HumanEval/106/L2,HumanEval/106,L2,9-12,primary_control,ok,True,9,10,1,1,cal_lite,,,True,,,576bb31ac648060c83f09f4c5c3ea22d728cebf7d6efd4720d8370c785320771,1.911513912025839,0.14344580087345093,0.28620796522591263,2.3411676781252027
522,SingleLineInfilling/HumanEval/106/L3,HumanEval/106,L3,<=8,primary_control,ok,True,6,6,0,0,cal_lite,,,True,,,4923aa6cabe5ccc261bd33379d0ce983b7d7fe37634e5ebd934f6852026d5682,1.9054341380251572,0.13299415016081184,0.2889494167175144,2.3273777049034834
523,SingleLineInfilling/HumanEval/106/L4,HumanEval/106,L4,13-16,primary_control,ok,True,15,15,0,0,cal_lite,,,True,,,4923aa6cabe5ccc261bd33379d0ce983b7d7fe37634e5ebd934f6852026d5682,1.9443041640333831,0.15900523506570607,0.2871979820774868,2.390507381176576
524,SingleLineInfilling/HumanEval/106/L5,HumanEval/106,L5,<=8,primary_control,ok,True,6,6,0,0,cal_lite,,,True,,,4923aa6cabe5ccc261bd33379d0ce983b7d7fe37634e5ebd934f6852026d5682,1.8840925639960915,0.13566172402352095,0.3008623778587207,2.320616665878333
525,SingleLineInfilling/HumanEval/106/L6,HumanEval/106,L6,<=8,primary_control,ok,True,3,3,0,0,cal_lite,,,True,,,4923aa6cabe5ccc261bd33379d0ce983b7d7fe37634e5ebd934f6852026d5682,1.9080538670532405,0.1515157159883529,0.296385359368287,2.3559549424098805
526,SingleLineInfilling/HumanEval/106/L7,HumanEval/106,L7,<=8,primary_control,ok,True,6,6,0,0,cal_lite,,,True,,,4923aa6cabe5ccc261bd33379d0ce983b7d7fe37634e5ebd934f6852026d5682,1.9150529491016641,0.14750520209781826,0.2884268279885873,2.3509849791880697
527,SingleLineInfilling/HumanEval/106/L8,HumanEval/106,L8,13-16,primary_control,ok,True,15,15,0,0,cal_lite,,,True,,,4923aa6cabe5ccc261bd33379d0ce983b7d7fe37634e5ebd934f6852026d5682,1.9227396009955555,0.1472565799485892,0.28943331202026457,2.3594294929644093
528,SingleLineInfilling/HumanEval/106/L9,HumanEval/106,L9,<=8,primary_control,ok,True,6,6,0,0,cal_lite,,,True,,,4923aa6cabe5ccc261bd33379d0ce983b7d7fe37634e5ebd934f6852026d5682,1.890866299974732,0.1534185929922387,0.29839879809878767,2.3426836910657585
529,SingleLineInfilling/HumanEval/106/L10,HumanEval/106,L10,<=8,primary_control,ok,True,4,3,-1,1,cal_lite,,,True,,,3559d4488df624b05d56e37f5da53675d7a1fdcc640b5f22b364314f101f03f6,1.89470878301654,0.1430325850378722,0.28632612887304276,2.324067496927455
530,SingleLineInfilling/HumanEval/107/L0,HumanEval/107,L0,<=8,primary_control,ok,True,7,7,0,0,cal_lite,,,True,,,dfb32b4646d4af61cfc0317e091bea41387d8e21bca9fa1962d60a0b7b722d6c,2.433739485917613,0.15049340692348778,0.29094779526349157,2.8751806881045923
531,SingleLineInfilling/HumanEval/107/L1,HumanEval/107,L1,9-12,primary_control,ok,False,12,3,-9,9,cal_lite,,,True,UnitTestFailure,failed: ,28cb35b1aa74753b52e8582f908d1e4af7863f3ea73274889664726a40a51f5f,2.393823122023605,0.15315738611388952,0.29909693310037255,2.846077441237867
532,SingleLineInfilling/HumanEval/107/L3,HumanEval/107,L3,9-12,primary_control,ok,True,9,9,0,0,cal_lite,,,True,,,b2b8bc7dfc97df580d10272c6f15afe44ba5b65f492be1bf88cbe109e9e76b88,2.419196528964676,0.13919012492988259,0.2894648889778182,2.8478515428723767
533,SingleLineInfilling/HumanEval/107/L4,HumanEval/107,L4,9-12,primary_control,ok,True,9,8,-1,1,cal_lite,,,True,,,1e11f774f95ba9ba4a792abeb0b3ffe78199377e4fa995c54b47b3ed9c5f3f1d,2.427233260939829,0.1387390709714964,0.29881823144387454,2.8647905633552
534,SingleLineInfilling/HumanEval/107/L6,HumanEval/107,L6,9-12,primary_control,ok,True,12,12,0,0,cal_lite,,,True,,,b2b8bc7dfc97df580d10272c6f15afe44ba5b65f492be1bf88cbe109e9e76b88,2.432867528987117,0.1472769008250907,0.29349963611457497,2.873644065926783
535,SingleLineInfilling/HumanEval/107/L7,HumanEval/107,L7,13-16,primary_control,ok,False,14,16,2,2,cal_lite,,,True,UnitTestFailure,failed: ,480fb48eb082d86fb59dcc3aa51a9e2aeeb27e89cc6988f7296fcb39dcf479ec,2.644269062089734,0.15189391293097287,0.2909847781993449,3.0871477532200515
536,SingleLineInfilling/HumanEval/107/L8,HumanEval/107,L8,9-12,primary_control,ok,True,9,9,0,0,cal_lite,,,True,,,9d1f9c809e67a4bf5303f876abece0ff8df9750d3a28fa5a22d63badd6d8f9fd,2.4217345420038328,0.15192320581991225,0.29538933583535254,2.8690470836590976
537,SingleLineInfilling/HumanEval/107/L9,HumanEval/107,L9,13-16,primary_control,ok,True,14,14,0,0,cal_lite,,,True,,,b2b8bc7dfc97df580d10272c6f15afe44ba5b65f492be1bf88cbe109e9e76b88,2.430408140993677,0.15240369201637805,0.29273405484855175,2.875545887858607
538,SingleLineInfilling/HumanEval/107/L10,HumanEval/107,L10,9-12,primary_control,ok,True,9,15,6,6,cal_lite,,,True,,,e47ffebe0a8c8b213c10957b15a5e93a3c3350164f12a1ff3f1499debcd4e6f1,2.650682867038995,0.1402037370717153,0.28907928010448813,3.0799658842151985
539,SingleLineInfilling/HumanEval/107/L11,HumanEval/107,L11,13-16,primary_control,ok,True,13,11,-2,2,cal_lite,,,True,,,1c3188e2937b118e508c7cd92b66802527e6bee9b22683aca1bc9e1b61ff2e50,2.424607531982474,0.1422472819685936,0.29675949993543327,2.863614313886501
540,SingleLineInfilling/HumanEval/108/L0,HumanEval/108,L0,<=8,primary_control,ok,True,6,6,0,0,cal_lite,,,True,,,2af75aca116aeb63b0ddd11c6372c328d01a43d0882df95df120f037a3c104fa,1.8929165520239621,0.1507070189109072,0.2941893311217427,2.337812902056612
541,SingleLineInfilling/HumanEval/108/L1,HumanEval/108,L1,<=8,primary_control,ok,True,6,6,0,0,cal_lite,,,True,,,7f4961a6940f3d43ec67131f5e374518786bb034830cabbd4bcac17fbbca2322,1.8954758659237996,0.154936357983388,0.29634563508443534,2.346757858991623
542,SingleLineInfilling/HumanEval/108/L2,HumanEval/108,L2,17-24,primary_control,ok,False,19,13,-6,6,cal_lite,,,True,UnitTestFailure,failed: invalid literal for int() with base 10: '-',fda1244333c9c2034e3f8b84640b487890cb86a01f20a24874cebc4d60648bdd,1.9421232619788498,0.154502980876714,0.28860442992299795,2.3852306727785617
543,SingleLineInfilling/HumanEval/108/L3,HumanEval/108,L3,13-16,primary_control,ok,False,13,7,-6,6,cal_lite,,,True,UnitTestFailure,failed: unsupported operand type(s) for +: 'int' and 'str',a467ee9f60ca8b65bb2b440776a013eae9ebf93365879d38b9bfc0d043985fec,1.9114510669605806,0.1475798370083794,0.28951629728544503,2.348547201254405
544,SingleLineInfilling/HumanEval/108/L4,HumanEval/108,L4,13-16,primary_control,ok,True,13,8,-5,5,cal_lite,,,True,,,db02673c4d9a2bbf035af999abca155d14da36d16c6896bb8e05b0bc76885696,1.9161044550128281,0.15087392192799598,0.29590398201253265,2.3628823589533567
545,SingleLineInfilling/HumanEval/108/L5,HumanEval/108,L5,<=8,primary_control,ok,True,5,5,0,0,cal_lite,,,True,,,7f4961a6940f3d43ec67131f5e374518786bb034830cabbd4bcac17fbbca2322,1.901231716037728,0.15345931809861213,0.28781422798056155,2.3425052621169016
546,SingleLineInfilling/HumanEval/108/L6,HumanEval/108,L6,17-24,primary_control,ok,False,23,9,-14,14,cal_lite,,,True,UnitTestFailure,failed: ,0a60c82a1a6bf503a012bb9de8b7e65388f0ac07a41ebd653bdecc9a94cc697f,1.9092476370278746,0.14654066995717585,0.28629793727304786,2.3420862442580983
547,SingleLineInfilling/HumanEval/109/L0,HumanEval/109,L0,<=8,primary_control,ok,True,7,7,0,0,cal_lite,,,True,,,1c69f346708466c455d68525e69286da6956185ff92da7bd4d36f747ed29c686,2.6536808559903875,0.1564002928789705,0.29678839282132685,3.106869541690685
548,SingleLineInfilling/HumanEval/109/L1,HumanEval/109,L1,<=8,primary_control,ok,True,4,15,11,11,cal_lite,,,True,,,4a4b4da2a43cece2f15930aca91bc728a19ba20221adc503ad9823989ade9b62,2.64673006196972,0.15224170812871307,0.297088292776607,3.09606006287504
549,SingleLineInfilling/HumanEval/109/L2,HumanEval/109,L2,<=8,primary_control,ok,True,7,7,0,0,cal_lite,,,True,,,97f77cd731a2a2eebba8d9de02d56cf2b687a4ef1006042894ca3f7baf97594c,2.641548557090573,0.14751641498878598,0.2962963004829362,3.085361272562295
550,SingleLineInfilling/HumanEval/109/L3,HumanEval/109,L3,<=8,primary_control,ok,True,4,10,6,6,cal_lite,,,True,,,86a1a57a90c23e016d0c77c1c18ff4572fd8a094a5ecf3d55ab47c836a53e02a,2.648092675022781,0.14754732104483992,0.2999371807090938,3.0955771767767146
551,SingleLineInfilling/HumanEval/109/L5,HumanEval/109,L5,<=8,primary_control,ok,True,6,6,0,0,cal_lite,,,True,,,97f77cd731a2a2eebba8d9de02d56cf2b687a4ef1006042894ca3f7baf97594c,2.6525595410494134,0.15032241819426417,0.28855202777776867,3.0914339870214462
552,SingleLineInfilling/HumanEval/109/L6,HumanEval/109,L6,9-12,primary_control,ok,True,9,9,0,0,cal_lite,,,True,,,97f77cd731a2a2eebba8d9de02d56cf2b687a4ef1006042894ca3f7baf97594c,2.6694425150053576,0.13046720996499062,0.29919815505854785,3.099107880028896
553,SingleLineInfilling/HumanEval/109/L7,HumanEval/109,L7,13-16,primary_control,ok,False,15,8,-7,7,cal_lite,,,True,UnitTestFailure,failed: list index out of range,32a81f662eb22ecb87d5138b89b6f1cf9ca2b9c12a416d2bf912364a300c624c,2.6549779690103605,0.14632351289037615,0.30268243537284434,3.103983917273581
554,SingleLineInfilling/HumanEval/109/L8,HumanEval/109,L8,<=8,primary_control,ok,True,8,8,0,0,cal_lite,,,True,,,97f77cd731a2a2eebba8d9de02d56cf2b687a4ef1006042894ca3f7baf97594c,2.634016242926009,0.14277446491178125,0.2860805249074474,3.0628712327452376
555,SingleLineInfilling/HumanEval/109/L9,HumanEval/109,L9,9-12,primary_control,ok,True,10,16,6,6,cal_lite,,,True,,,d93656a0a7d72572b8d3201427ab32e471e72d3265f1bd2ee2609df18574f73e,2.697814173065126,0.15368788305204362,0.2869581099366769,3.1384601660538465
556,SingleLineInfilling/HumanEval/109/L10,HumanEval/109,L10,<=8,primary_control,ok,True,4,4,0,0,cal_lite,,,True,,,97f77cd731a2a2eebba8d9de02d56cf2b687a4ef1006042894ca3f7baf97594c,2.646251030964777,0.14050352212507278,0.2909677348798141,3.0777222879696637
557,SingleLineInfilling/HumanEval/109/L11,HumanEval/109,L11,<=8,primary_control,ok,True,4,3,-1,1,cal_lite,,,True,,,f03e09c354adcec796b1e7e9e9e6aacf0a9bd088f03228ada55a40322a13d554,2.6347680119797587,0.14586857904214412,0.2961630548816174,3.0767996459035203
558,SingleLineInfilling/HumanEval/110/L0,HumanEval/110,L0,<=8,primary_control,ok,True,6,6,0,0,cal_lite,,,True,,,9f0a4819fc4dcdeabf55bf64813692fa2de8fb271bd94204df845ecf0ffc19e6,2.3284351939801127,0.15355464594904333,0.28825883369427174,2.7702486736234277
559,SingleLineInfilling/HumanEval/110/L1,HumanEval/110,L1,<=8,primary_control,ok,True,6,6,0,0,cal_lite,,,True,,,118d1769a82ecc1d696c25de133e09991098294adb2c2797f17f3c096a187fd1,2.353004105971195,0.15066484012641013,0.28500780183821917,2.788676747935824
560,SingleLineInfilling/HumanEval/110/L2,HumanEval/110,L2,<=8,primary_control,ok,True,7,7,0,0,cal_lite,,,True,,,118d1769a82ecc1d696c25de133e09991098294adb2c2797f17f3c096a187fd1,2.3329771539429203,0.14718640211503953,0.28656947903800756,2.7667330350959674
561,SingleLineInfilling/HumanEval/110/L3,HumanEval/110,L3,9-12,primary_control,ok,False,9,24,15,15,cal_lite,,,True,UnitTestFailure,failed: ,3937163124bea2104de2cec699d7eff50a0cb6459bf2dedf05883d82131e14e9,2.3952278770739213,0.14014661905821413,0.28221274027600884,2.8175872364081442
562,SingleLineInfilling/HumanEval/110/L4,HumanEval/110,L4,<=8,primary_control,ok,True,6,6,0,0,cal_lite,,,True,,,118d1769a82ecc1d696c25de133e09991098294adb2c2797f17f3c096a187fd1,2.32539930799976,0.14880454214289784,0.2819776509422809,2.7561815010849386
563,SingleLineInfilling/HumanEval/110/L5,HumanEval/110,L5,<=8,primary_control,ok,True,7,7,0,0,cal_lite,,,True,,,118d1769a82ecc1d696c25de133e09991098294adb2c2797f17f3c096a187fd1,2.298075843951665,0.12103030493017286,0.2845450136810541,2.703651162562892
564,SingleLineInfilling/HumanEval/110/L6,HumanEval/110,L6,9-12,primary_control,ok,False,9,24,15,15,cal_lite,,,True,UnitTestFailure,failed: ,9025d4d1d088814998df3d5e2116c9413c77772b90dc0a9e2de9d2cdc2826e0a,2.3727753499988467,0.11985921498853713,0.28898879792541265,2.7816233629127964
565,SingleLineInfilling/HumanEval/110/L7,HumanEval/110,L7,<=8,primary_control,ok,True,6,6,0,0,cal_lite,,,True,,,118d1769a82ecc1d696c25de133e09991098294adb2c2797f17f3c096a187fd1,2.3298333530547097,0.15666480909567326,0.2827038214309141,2.769201983581297
566,SingleLineInfilling/HumanEval/110/L8,HumanEval/110,L8,<=8,primary_control,ok,False,6,4,-2,2,cal_lite,,,True,UnitTestFailure,failed: ,955e6b1bb33be165d951028e94a1c5d0bd8b1f5348fb765337f0cb26e64953cd,2.330526392091997,0.15383500896859914,0.2883889292133972,2.7727503302739933
567,SingleLineInfilling/HumanEval/110/L9,HumanEval/110,L9,<=8,primary_control,ok,True,5,13,8,8,cal_lite,,,True,,,2aa6759af4720d53a58bd4a5dd8600f96a1484a19cb09ea91e29663103de452c,2.3836309500038624,0.15480741497594863,0.30244803219102323,2.8408863971708342
568,SingleLineInfilling/HumanEval/110/L10,HumanEval/110,L10,<=8,primary_control,ok,True,5,8,3,3,cal_lite,,,True,,,291f1244c54c20c696962fa0baaa66971a6e4579a4da58c5585a038a1ce33cae,2.316854727920145,0.15501979005057365,0.2948149028234184,2.766689420794137
569,SingleLineInfilling/HumanEval/111/L0,HumanEval/111,L0,<=8,primary_control,ok,True,4,4,0,0,cal_lite,,,True,,,0e2b8d2b74f763d25ef81c3f70c3178c9663ccc99942dbd100107b571aef1476,1.9187653770204633,0.14095327898394316,0.29330002795904875,2.3530186839634553
570,SingleLineInfilling/HumanEval/111/L1,HumanEval/111,L1,<=8,primary_control,ok,True,7,6,-1,1,cal_lite,,,True,,,337553e2d559258e99f87f010b175dd146073435c21b6cae87cd139fba4b52b6,1.9122378979809582,0.1583604938350618,0.2949161232681945,2.3655145150842145
571,SingleLineInfilling/HumanEval/111/L2,HumanEval/111,L2,<=8,primary_control,ok,True,5,4,-1,1,cal_lite,,,True,,,1b2155337775941799b52ccb2eb4c4b6eda6f83f71788fe4ba04bc36d594dd70,1.919703744002618,0.14369123498909175,0.2866060428787023,2.350001021870412
572,SingleLineInfilling/HumanEval/111/L4,HumanEval/111,L4,<=8,primary_control,ok,True,7,7,0,0,cal_lite,,,True,,,1349d6231193dceb97603298b8a7a2489a252c7a21201dd3ed15d7baae638a6e,1.9345266469754279,0.15665972197894007,0.2880001402227208,2.3791865091770887
573,SingleLineInfilling/HumanEval/111/L5,HumanEval/111,L5,13-16,primary_control,ok,False,13,9,-4,4,cal_lite,,,True,UnitTestFailure,failed: This prints if this assert fails 7 (also good for debugging!),77a5cd0f9554aa8883aa2ae2d8b2a03b7a20b4223fe1e0e4f4bcbad7ec915e34,1.936095768935047,0.15694372891448438,0.2884343226905912,2.3814738205401227
574,SingleLineInfilling/HumanEval/111/L6,HumanEval/111,L6,<=8,primary_control,ok,True,7,7,0,0,cal_lite,,,True,,,1349d6231193dceb97603298b8a7a2489a252c7a21201dd3ed15d7baae638a6e,1.921582084032707,0.1567345808725804,0.2910628911340609,2.3693795560393482
575,SingleLineInfilling/HumanEval/111/L7,HumanEval/111,L7,<=8,primary_control,ok,True,6,6,0,0,cal_lite,,,True,,,af9b69344c049a7aa71cf6ff84390496511e19faa60f482fb2b79423da61d33a,1.9292084999615327,0.16239196807146072,0.29726188792847097,2.3888623559614643
576,SingleLineInfilling/HumanEval/111/L8,HumanEval/111,L8,<=8,primary_control,ok,True,7,7,0,0,cal_lite,,,True,,,1349d6231193dceb97603298b8a7a2489a252c7a21201dd3ed15d7baae638a6e,1.91731760406401,0.1421261200448498,0.29970647336449474,2.3591501974733546
577,SingleLineInfilling/HumanEval/111/L9,HumanEval/111,L9,9-12,primary_control,ok,True,9,9,0,0,cal_lite,,,True,,,1349d6231193dceb97603298b8a7a2489a252c7a21201dd3ed15d7baae638a6e,1.9431374239502475,0.14511228702031076,0.2888039828976616,2.37705369386822
578,SingleLineInfilling/HumanEval/111/L11,HumanEval/111,L11,<=8,primary_control,ok,True,7,10,3,3,cal_lite,,,True,,,b2fc8661f96214d33fe963b1c777d9ef5f99c76095fa0d661f5fa09960f52ed4,1.9352453980827704,0.15282546204980463,0.2894518320681527,2.3775226922007278
579,SingleLineInfilling/HumanEval/111/L12,HumanEval/111,L12,<=8,primary_control,ok,True,5,4,-1,1,cal_lite,,,True,,,6e053513ee408de9386fea25c86990ee65efa82c244bdb79b50208a39c03e90a,1.9286929910304025,0.13934451795648783,0.28791358787566423,2.3559510968625546
580,SingleLineInfilling/HumanEval/112/L0,HumanEval/112,L0,17-24,primary_control,ok,False,17,8,-9,9,cal_lite,,,True,UnitTestFailure,failed: ,fbe2a5f4332051c2b999b413326b44bdddea73eeb46eec809a4ef12c5a812eae,1.867262084968388,0.14390898309648037,0.2934975620592013,2.3046686301240698
581,SingleLineInfilling/HumanEval/112/L1,HumanEval/112,L1,9-12,primary_control,ok,False,11,7,-4,4,cal_lite,,,True,UnitTestFailure,failed: ,8adf9807c7dd85d2353884c245fafd9da97ea0816f15d3ae74a8d5db5d843a22,1.8690342350164428,0.15310937096364796,0.28605333319865167,2.3081969391787425
582,SingleLineInfilling/HumanEval/113/L0,HumanEval/113,L0,<=8,primary_control,ok,True,4,4,0,0,cal_lite,,,True,,,6e31543870679570af5b5d2a99fe76ce5d2d92ba7f02756a74439dda4247db2b,1.9446089909179136,0.14588020590599626,0.28843806707300246,2.3789272638969123
583,SingleLineInfilling/HumanEval/113/L1,HumanEval/113,L1,<=8,primary_control,ok,True,6,9,3,3,cal_lite,,,True,,,01a788b26b961cd4de5d6547792884dfeb90bc31e04d3caaece127d6e2a62718,1.965144749963656,0.15549756796099246,0.2944568870589137,2.4150992049835622
584,SingleLineInfilling/HumanEval/113/L2,HumanEval/113,L2,13-16,primary_control,ok,False,15,6,-9,9,cal_lite,,,True,UnitTestFailure,failed: Test 1,7cec9f91e4d4c3f3d839c3818a880a1b0f2239df3c028743e7500002ccc897d2,1.9338442540029064,0.14504369592759758,0.28805509535595775,2.3669430452864617
585,SingleLineInfilling/HumanEval/113/L3,HumanEval/113,L3,25+,primary_control,ok,False,40,5,-35,35,cal_lite,,,True,UnitTestFailure,failed: Test 1,c226b4df705286d5afa2947aa08b2a8a11229e5e6b066c15b1b68798bd84436f,1.9145027550403029,0.15413407504092902,0.2872077936772257,2.3558446237584576
586,SingleLineInfilling/HumanEval/113/L4,HumanEval/113,L4,<=8,primary_control,ok,True,4,3,-1,1,cal_lite,,,True,,,cb83ac973ce1e6848b391ab3e09dc79e5de6f229e60414738e32b65a0c4601e2,1.9172440060647205,0.14455257810186595,0.29759028321132064,2.359386867377907
587,SingleLineInfilling/HumanEval/114/L0,HumanEval/114,L0,<=8,primary_control,ok,True,7,7,0,0,cal_lite,,,True,,,077207a5e2d2245a795544923880b4a50148d2be8c4bc864c132e29c85d1d58e,1.867139492998831,0.1361633010674268,0.29365000291727483,2.2969527969835326
588,SingleLineInfilling/HumanEval/114/L1,HumanEval/114,L1,<=8,primary_control,ok,True,6,6,0,0,cal_lite,,,True,,,fb21b6ff6699bc5280f641b01bbff16f96533ec1124289e5a864182034bac87a,1.8582704609725624,0.15268543490674347,0.28804826084524393,2.29900415672455
589,SingleLineInfilling/HumanEval/114/L2,HumanEval/114,L2,<=8,primary_control,ok,True,6,6,0,0,cal_lite,,,True,,,fb21b6ff6699bc5280f641b01bbff16f96533ec1124289e5a864182034bac87a,1.846994390944019,0.15893316199071705,0.2883645740803331,2.294292127015069
590,SingleLineInfilling/HumanEval/114/L3,HumanEval/114,L3,<=8,primary_control,ok,False,6,7,1,1,cal_lite,,,True,UnitTestFailure,failed: This prints if this assert fails 1 (good for debugging!),bca7a851bf39b9e8ef99dee5c5e057a37f6dda11676a85a3a51c207dd6106d38,1.8826568600488827,0.15440921392291784,0.28353088698349893,2.3205969609552994
591,SingleLineInfilling/HumanEval/114/L4,HumanEval/114,L4,<=8,primary_control,ok,True,8,7,-1,1,cal_lite,,,True,,,aed4180f3e1746799e298d295fd508a75172fb04d06f4c6cffa13fa3c2242185,1.8606002089800313,0.15257560007739812,0.2854683609912172,2.2986441700486466
592,SingleLineInfilling/HumanEval/114/L5,HumanEval/114,L5,<=8,primary_control,ok,True,6,6,0,0,cal_lite,,,True,,,fb21b6ff6699bc5280f641b01bbff16f96533ec1124289e5a864182034bac87a,1.8526209769770503,0.15774904692079872,0.2903920110547915,2.3007620349526405
593,SingleLineInfilling/HumanEval/114/L6,HumanEval/114,L6,9-12,primary_control,ok,True,10,10,0,0,cal_lite,,,True,,,7c4d973c28ae6c33428715a3ddef87219114cf8ae9ddd7643e20bc75e3d68c61,1.833287445944734,0.15331308299209923,0.2921964665874839,2.278796995524317
594,SingleLineInfilling/HumanEval/114/L7,HumanEval/114,L7,<=8,primary_control,ok,True,8,9,1,1,cal_lite,,,True,,,c8284425d27fe25138108d3259ef955477da25c3a83272ed102f7eee7c3ac965,1.8837794899009168,0.15107746806461364,0.28753823519218713,2.3223951931577176
595,SingleLineInfilling/HumanEval/114/L8,HumanEval/114,L8,9-12,primary_control,ok,False,12,7,-5,5,cal_lite,,,True,UnitTestFailure,failed: This prints if this assert fails 1 (good for debugging!),45b61508904920b283a0556a78b34794e82b2165351f3b8879c9fc540439496b,1.9015198440756649,0.15139242715667933,0.2898918541613966,2.342804125393741
596,SingleLineInfilling/HumanEval/114/L9,HumanEval/114,L9,<=8,primary_control,ok,True,8,8,0,0,cal_lite,,,True,,,fb21b6ff6699bc5280f641b01bbff16f96533ec1124289e5a864182034bac87a,1.8840381549671292,0.14475479710381478,0.29297110496554524,2.3217640570364892
597,SingleLineInfilling/HumanEval/114/L10,HumanEval/114,L10,<=8,primary_control,ok,True,5,5,0,0,cal_lite,,,True,,,fb21b6ff6699bc5280f641b01bbff16f96533ec1124289e5a864182034bac87a,1.8543885470135137,0.14848834788426757,0.2936316253617406,2.296508520259522
598,SingleLineInfilling/HumanEval/115/L0,HumanEval/115,L0,13-16,primary_control,ok,False,16,3,-13,13,cal_lite,,,True,UnitTestFailure,failed: Error,1e8e3920dc67a61971eba9aebb5ca5f848686dccf28c0503e0780f7c1cf9e327,2.5885687340050936,0.1498474779073149,0.2961885071126744,3.034604719025083
599,SingleLineInfilling/HumanEval/116/L0,HumanEval/116,L0,17-24,primary_control,ok,False,19,3,-16,16,cal_lite,,,True,UnitTestFailure,failed: ,a15a6735234d5259f170772c2c1cea29273c9a39bf9e30792e97c044eaa76541,1.8486895499518141,0.14752307580783963,0.2874627090059221,2.283675334765576
600,SingleLineInfilling/HumanEval/117/L0,HumanEval/117,L0,<=8,primary_control,ok,True,4,4,0,0,cal_lite,,,True,,,a8262ce4fd76868a032acc3864085cfa981509c88ee9e03b0a74201e3250fe63,2.295450828038156,0.14590018417220563,0.29325523891020566,2.7346062511205673
601,SingleLineInfilling/HumanEval/117/L1,HumanEval/117,L1,<=8,primary_control,ok,True,7,7,0,0,cal_lite,,,True,,,6e02953aefaca7a814e9fb5221f508ea102f49300d78b9bfc49644cd10726c08,2.3198787019355223,0.14403093804139644,0.283796404954046,2.7477060449309647
602,SingleLineInfilling/HumanEval/117/L2,HumanEval/117,L2,9-12,primary_control,ok,True,9,9,0,0,cal_lite,,,True,,,6e02953aefaca7a814e9fb5221f508ea102f49300d78b9bfc49644cd10726c08,2.293900162097998,0.15004769805818796,0.2886635160539299,2.732611376210116
603,SingleLineInfilling/HumanEval/117/L3,HumanEval/117,L3,9-12,primary_control,ok,True,11,11,0,0,cal_lite,,,True,,,6e02953aefaca7a814e9fb5221f508ea102f49300d78b9bfc49644cd10726c08,2.3238378510577604,0.14413816307205707,0.2885931759374216,2.756569190067239
604,SingleLineInfilling/HumanEval/117/L4,HumanEval/117,L4,17-24,primary_control,ok,False,20,8,-12,12,cal_lite,,,True,UnitTestFailure,"failed: First test error: ['Mary', 'lamb']",ee8f039bd51b76e12a9703af79f41cd062c1085f0b58d99bf43fba136d79afbd,1.9375466690398753,0.14767956407740712,0.2907301668310538,2.375956399948336
605,SingleLineInfilling/HumanEval/117/L5,HumanEval/117,L5,9-12,primary_control,ok,True,9,9,0,0,cal_lite,,,True,,,62dfe103670b02dcbb0750d28bd29880429c3ee047746704dce2d6108d6d413f,2.3285068990662694,0.1494908279273659,0.29114428895991296,2.7691420159535483
606,SingleLineInfilling/HumanEval/117/L6,HumanEval/117,L6,9-12,primary_control,ok,True,9,9,0,0,cal_lite,,,True,,,6e02953aefaca7a814e9fb5221f508ea102f49300d78b9bfc49644cd10726c08,2.3229481109883636,0.15481826500035822,0.29250773310195655,2.7702741090906784
607,SingleLineInfilling/HumanEval/117/L7,HumanEval/117,L7,<=8,primary_control,ok,True,5,5,0,0,cal_lite,,,True,,,6e02953aefaca7a814e9fb5221f508ea102f49300d78b9bfc49644cd10726c08,2.3345196150476113,0.1467962780734524,0.2910361991962418,2.7723520923173055
608,SingleLineInfilling/HumanEval/117/L8,HumanEval/117,L8,<=8,primary_control,ok,True,4,3,-1,1,cal_lite,,,True,,,f4f44749dd79d814ff5d4f4d99de4b9b77f0d6c1214279782b5d0921da241934,2.335890308022499,0.15465053694788367,0.2947123523335904,2.785253197303973
609,SingleLineInfilling/HumanEval/118/L0,HumanEval/118,L0,9-12,primary_control,ok,True,9,9,0,0,cal_lite,,,True,,,72b9b5cdf5422afe47829bb19ded25e45669518caa87d1957de82bb3d82b7ab4,1.9659868159797043,0.15539515996351838,0.3011082438752055,2.422490219818428
610,SingleLineInfilling/HumanEval/118/L1,HumanEval/118,L1,<=8,primary_control,ok,False,3,4,1,1,cal_lite,,,True,UnitTestFailure,failed: ,5f41aeb69217b574229e01730bbe29aeb2c5e123440a2b409a1ffa4729ebdc8d,1.9441355359740555,0.1404463869985193,0.28652175003662705,2.371103673009202
611,SingleLineInfilling/HumanEval/118/L3,HumanEval/118,L3,25+,primary_control,ok,True,33,7,-26,26,cal_lite,,,True,,,c55fc053c4f1910781692df6e63a5621d4825e8f6fbbe1ffee650f398d0c07d8,1.9298200679477304,0.1450290319044143,0.28495646885130554,2.3598055687034503
612,SingleLineInfilling/HumanEval/118/L4,HumanEval/118,L4,13-16,primary_control,ok,False,16,8,-8,8,cal_lite,,,True,UnitTestFailure,failed: ,fe67900d38cebef7bf6a9ba7682f9b8cfb91c76edbcf04c4953fe7a88cfb45c6,1.936342237982899,0.14950517402030528,0.2820176731329411,2.3678650851361454
613,SingleLineInfilling/HumanEval/118/L5,HumanEval/118,L5,<=8,primary_control,ok,True,8,8,0,0,cal_lite,,,True,,,b240051f0c0d97476aac681f493c8d8855781689f4728a55bd49b7a4ac7b0da4,1.9601897499524057,0.14891020802315325,0.28743233589921147,2.3965322938747704
614,SingleLineInfilling/HumanEval/118/L6,HumanEval/118,L6,17-24,primary_control,ok,True,23,20,-3,3,cal_lite,,,True,,,1291823861666f05d9dd07e1276acafaac68c9cd73ff8fcb185971f434ecabdd,1.9725116200279444,0.15517621207982302,0.28926248266361654,2.416950314771384
615,SingleLineInfilling/HumanEval/118/L7,HumanEval/118,L7,<=8,primary_control,ok,True,5,5,0,0,cal_lite,,,True,,,b240051f0c0d97476aac681f493c8d8855781689f4728a55bd49b7a4ac7b0da4,1.9477112329332158,0.14792633696924895,0.28776212804950774,2.3833996979519725
616,SingleLineInfilling/HumanEval/118/L8,HumanEval/118,L8,<=8,primary_control,ok,True,3,3,0,0,cal_lite,,,True,,,b240051f0c0d97476aac681f493c8d8855781689f4728a55bd49b7a4ac7b0da4,1.9327801669714972,0.14741019194480032,0.288770834216848,2.3689611931331456
617,SingleLineInfilling/HumanEval/119/L0,HumanEval/119,L0,<=8,primary_control,ok,True,5,5,0,0,cal_lite,,,True,,,b454f4492ea69a2f610d446800b81aed478a28a8aff6fd4bd9f6cd4184e0b4cd,2.3344466909766197,0.15420133504085243,0.28674526035320014,2.7753932863706723
618,SingleLineInfilling/HumanEval/119/L1,HumanEval/119,L1,<=8,primary_control,ok,True,6,6,0,0,cal_lite,,,True,,,f33159357ff6dea5acd672145da3303a471271f4d35835f0de254ed3c0b60c3e,2.3106474250089377,0.143453432014212,0.29460330528672785,2.7487041623098776
619,SingleLineInfilling/HumanEval/119/L2,HumanEval/119,L2,<=8,primary_control,ok,True,6,6,0,0,cal_lite,,,True,,,f33159357ff6dea5acd672145da3303a471271f4d35835f0de254ed3c0b60c3e,2.304265312035568,0.15798596502281725,0.2909987602615729,2.753250037319958
620,SingleLineInfilling/HumanEval/119/L3,HumanEval/119,L3,<=8,primary_control,ok,True,6,6,0,0,cal_lite,,,True,,,f33159357ff6dea5acd672145da3303a471271f4d35835f0de254ed3c0b60c3e,2.3478434520075098,0.14881653094198555,0.29238897387403995,2.7890489568235353
621,SingleLineInfilling/HumanEval/119/L4,HumanEval/119,L4,<=8,primary_control,ok,True,8,8,0,0,cal_lite,,,True,,,f33159357ff6dea5acd672145da3303a471271f4d35835f0de254ed3c0b60c3e,2.346878451993689,0.1606053198920563,0.28970124770421535,2.7971850195899606
622,SingleLineInfilling/HumanEval/119/L5,HumanEval/119,L5,<=8,primary_control,ok,True,3,6,3,3,cal_lite,,,True,,,04586b9a303d2d4083a450330e6cd46bbd0a0eb69c8be2145effa455e8a45c48,2.321240763994865,0.14357054291758686,0.2866653341334313,2.7514766410458833
623,SingleLineInfilling/HumanEval/119/L6,HumanEval/119,L6,<=8,primary_control,ok,True,8,8,0,0,cal_lite,,,True,,,f33159357ff6dea5acd672145da3303a471271f4d35835f0de254ed3c0b60c3e,2.344041461008601,0.15088534308597445,0.300719256978482,2.7956460610730574
624,SingleLineInfilling/HumanEval/119/L7,HumanEval/119,L7,<=8,primary_control,ok,True,7,7,0,0,cal_lite,,,True,,,f33159357ff6dea5acd672145da3303a471271f4d35835f0de254ed3c0b60c3e,2.3369833909673616,0.1537192950490862,0.2923443195177242,2.783047005534172
625,SingleLineInfilling/HumanEval/119/L8,HumanEval/119,L8,<=8,primary_control,ok,True,4,4,0,0,cal_lite,,,True,,,f33159357ff6dea5acd672145da3303a471271f4d35835f0de254ed3c0b60c3e,2.3481156199704856,0.1598938499810174,0.2886542190099135,2.7966636889614165
626,SingleLineInfilling/HumanEval/119/L9,HumanEval/119,L9,9-12,primary_control,ok,True,11,6,-5,5,cal_lite,,,True,,,12fbf0a48bb51c16d1afb71430fd5a4e865d80a13f5ec3c3370d334e61cb374b,2.3189945250051096,0.15044032305013388,0.2926516819279641,2.7620865299832076
627,SingleLineInfilling/HumanEval/119/L11,HumanEval/119,L11,13-16,primary_control,ok,True,13,13,0,0,cal_lite,,,True,,,f33159357ff6dea5acd672145da3303a471271f4d35835f0de254ed3c0b60c3e,2.368986769928597,0.1539346141507849,0.2852531651733443,2.808174549252726
628,SingleLineInfilling/HumanEval/119/L12,HumanEval/119,L12,13-16,primary_control,ok,True,13,13,0,0,cal_lite,,,True,,,f33159357ff6dea5acd672145da3303a471271f4d35835f0de254ed3c0b60c3e,2.345466990955174,0.15312867693137378,0.2905905452789739,2.7891862131655216
629,SingleLineInfilling/HumanEval/119/L13,HumanEval/119,L13,17-24,primary_control,ok,True,19,24,5,5,cal_lite,,,True,,,77a87829f214b8890f4497f27a374c630d040fc99ac8278a8ddd077cb49a5020,2.3834845540113747,0.1514430451206863,0.30041377118323,2.835341370315291
630,SingleLineInfilling/HumanEval/120/L0,HumanEval/120,L0,<=8,primary_control,ok,False,7,5,-2,2,cal_lite,,,True,UnitTestFailure,failed: ,6bd98a107bd141aa81df63d9b8df1f50f16bbada7d556be761e4c43addec7cc1,1.9499734060373157,0.13521598803345114,0.2826392708811909,2.3678286649519578
631,SingleLineInfilling/HumanEval/120/L1,HumanEval/120,L1,<=8,primary_control,ok,False,3,14,11,11,cal_lite,,,True,UnitTestFailure,failed: ,5a59dda0576b938dcd4df4e4563f7c38a5182f3773dbaf32e0697d7d53da02cf,2.3569247520063072,0.15601902198977768,0.29530968773178756,2.8082534617278725
632,SingleLineInfilling/HumanEval/120/L2,HumanEval/120,L2,<=8,primary_control,ok,True,4,4,0,0,cal_lite,,,True,,,c7223ed63e8da56fc5c76a3ed76e3b33606f192abb9fcc5f79999a7313515fa7,1.932426298968494,0.15333666803780943,0.28990930295549333,2.3756722699617967
633,SingleLineInfilling/HumanEval/120/L3,HumanEval/120,L3,<=8,primary_control,ok,True,7,7,0,0,cal_lite,,,True,,,c7223ed63e8da56fc5c76a3ed76e3b33606f192abb9fcc5f79999a7313515fa7,1.9618404700886458,0.1570697600254789,0.29239446367137134,2.411304693785496
634,SingleLineInfilling/HumanEval/120/L4,HumanEval/120,L4,<=8,primary_control,ok,True,4,8,4,4,cal_lite,,,True,,,a00d1567344b55f4faa60a8dbb330390c9d32b06a630c8a60f22d1369aab719c,1.9693326939595863,0.14686565299052745,0.2860758488532156,2.4022741958033293
635,SingleLineInfilling/HumanEval/121/L0,HumanEval/121,L0,25+,primary_control,ok,False,26,9,-17,17,cal_lite,,,True,UnitTestFailure,failed: ,535be1356a2ae46877fbee576922d63a7f383483e904ab34e313ff79c61f435f,1.6146827349439263,0.14898468600586057,0.2842673301929608,2.0479347511427477
636,SingleLineInfilling/HumanEval/122/L0,HumanEval/122,L0,17-24,primary_control,ok,False,20,7,-13,13,cal_lite,,,True,UnitTestFailure,failed: ,f821c8051dce380a63f1243da120b6c633efd96125e64852f4628f8a04321d6e,1.8506658170372248,0.14673689985647798,0.2914386958582327,2.2888414127519354
637,SingleLineInfilling/HumanEval/123/L0,HumanEval/123,L0,<=8,primary_control,ok,True,8,10,2,2,cal_lite,,,True,,,8f5eddbd1f3726918f1a5147710b4401e2a2133da8ab6e5c2fe820c003454675,2.4118712870404124,0.1331231709336862,0.2935951439430937,2.8385896019171923
638,SingleLineInfilling/HumanEval/123/L1,HumanEval/123,L1,<=8,primary_control,ok,False,7,8,1,1,cal_lite,,,True,UnitTestFailure,failed: ,af97e4b72b7a8ec18800751c6cbfb43f648bd277c6f2f358cdf2c631c2984dfb,2.400382560910657,0.14926089986693114,0.2952352681895718,2.84487872896716
639,SingleLineInfilling/HumanEval/123/L2,HumanEval/123,L2,<=8,primary_control,ok,True,3,8,5,5,cal_lite,,,True,,,001f18ab1832b22bd4a3f285314b5d817c3e833ec2ef81814b7f842453231db6,2.615882720099762,0.15589619311504066,0.28852837439626455,3.0603072876110673
640,SingleLineInfilling/HumanEval/123/L3,HumanEval/123,L3,<=8,primary_control,ok,True,8,8,0,0,cal_lite,,,True,,,25dcfd7416a60ffeb4d6d40d8c01baf4da7bc0f1a564bd268c9a413fbf5d8409,2.4196625149343163,0.1549454479245469,0.28586144000291824,2.8604694028617814
641,SingleLineInfilling/HumanEval/123/L4,HumanEval/123,L4,<=8,primary_control,ok,True,7,6,-1,1,cal_lite,,,True,,,bb6c8f8a904d38de715182b8c6480442b3d2f6f3f6454c1f7ef9cc7a3a431ccb,2.4201421140460297,0.14663797395769507,0.28690467204432935,2.853684760048054
642,SingleLineInfilling/HumanEval/123/L5,HumanEval/123,L5,9-12,primary_control,ok,True,10,9,-1,1,cal_lite,,,True,,,ce332f00786f26098aa3ab342098014394d53614d66ffd415dbb954a006bc0c2,2.4135043550049886,0.14255133783444762,0.283569579012692,2.839625271852128
643,SingleLineInfilling/HumanEval/123/L6,HumanEval/123,L6,<=8,primary_control,ok,True,7,7,0,0,cal_lite,,,True,,,95f1c23dd3f5caa17218238727d9b9581a1d6fe8348c113fc523f89e9c2b76e8,2.417676650104113,0.14541751507204026,0.2923754439689219,2.855469609145075
644,SingleLineInfilling/HumanEval/123/L7,HumanEval/123,L7,<=8,primary_control,ok,True,3,10,7,7,cal_lite,,,True,,,2c6bc598a3fd873483fd0c821df3c7cd06ecec0b4140b943bfa4bb133ad1aaab,2.6268320380477235,0.1466852140147239,0.2918208629125729,3.0653381149750203
645,SingleLineInfilling/HumanEval/123/L8,HumanEval/123,L8,9-12,primary_control,ok,True,10,8,-2,2,cal_lite,,,True,,,b8a19a0d37049257a9f37854377d2a085670e328198f1c36955bf17ff6bdc05a,2.4120839859824628,0.15236348193138838,0.29947633610572666,2.863923804019578
646,SingleLineInfilling/HumanEval/123/L10,HumanEval/123,L10,9-12,primary_control,ok,False,9,4,-5,5,cal_lite,,,True,UnitTestFailure,failed: ,294c5471d8d4a7faa7f8fdbcf316396893005dadfe0cc53c81494bd3e96cc992,2.3982156349811703,0.13503345102071762,0.28705011995043606,2.820299205952324
647,SingleLineInfilling/HumanEval/123/L11,HumanEval/123,L11,<=8,primary_control,ok,False,8,6,-2,2,cal_lite,,,True,UnitTestFailure,failed: 'float' object is not iterable,7afb8ec8b91016a55e5d33313aa27edc5c42ec20c2240e26453e48b56ec34d10,2.4265359540004283,0.14505240798462182,0.30093828309327364,2.872526645078324
648,SingleLineInfilling/HumanEval/123/L13,HumanEval/123,L13,<=8,primary_control,ok,False,8,5,-3,3,cal_lite,,,True,UnitTestFailure,failed: ,1d2dac5682203ef1cc75f5497a9537e129d8f57eeee2839b8b7b36b4a320a912,2.4117425839649513,0.18016866385005414,0.2836416620993987,2.875552909914404
649,SingleLineInfilling/HumanEval/124/L0,HumanEval/124,L0,<=8,primary_control,ok,True,3,3,0,0,cal_lite,,,True,,,f772c12dd65dbc4b953db2989bce5e516dbee440b8530862e67c87dc4a5d8bbf,2.7030297360615805,0.13617938687093556,0.28475322981830686,3.123962352750823
650,SingleLineInfilling/HumanEval/124/L1,HumanEval/124,L1,<=8,primary_control,ok,True,6,9,3,3,cal_lite,,,True,,,19b451a06016ac572bcdba0bd247f4955e5d3935bdba411610af91df47ec3c7c,2.738460497930646,0.1485048149479553,0.2811420998768881,3.1681074127554893
651,SingleLineInfilling/HumanEval/124/L2,HumanEval/124,L2,9-12,primary_control,ok,True,11,11,0,0,cal_lite,,,True,,,318a4943910c16b3ff8fb79b2657c29ee14b27279ef9f7ed6da3f2ded1848820,2.724108249996789,0.14865053503308445,0.2840068102814257,3.156765595311299
652,SingleLineInfilling/HumanEval/124/L3,HumanEval/124,L3,13-16,primary_control,ok,False,16,8,-8,8,cal_lite,,,True,UnitTestFailure,failed: ,8862ccc9558074e8057f89c6bee693dea2f1ae9ebe1be27a720ba3e69faf82d2,2.7105238860240206,0.15538104192819446,0.28515894222073257,3.1510638701729476
653,SingleLineInfilling/HumanEval/124/L4,HumanEval/124,L4,13-16,primary_control,ok,True,13,13,0,0,cal_lite,,,True,,,318a4943910c16b3ff8fb79b2657c29ee14b27279ef9f7ed6da3f2ded1848820,2.7469550860114396,0.14451331505551934,0.30014283093623817,3.191611232003197
654,SingleLineInfilling/HumanEval/124/L5,HumanEval/124,L5,<=8,primary_control,ok,True,4,15,11,11,cal_lite,,,True,,,0dd38ab446826a45e993f49b9222a2c246e74ef13ce7aff493478413df3b1c27,2.7131436580093578,0.1486620029900223,0.3113930036779493,3.1731986646773294
655,SingleLineInfilling/HumanEval/124/L6,HumanEval/124,L6,25+,primary_control,ok,True,33,13,-20,20,cal_lite,,,True,,,5461ef4fac1c9d4b92435079d98f3755ff7450efaff0bac4fcd3516a190b5855,2.720500838011503,0.14153288607485592,0.2898810951737687,3.151914819260128
656,SingleLineInfilling/HumanEval/124/L7,HumanEval/124,L7,<=8,primary_control,ok,True,4,4,0,0,cal_lite,,,True,,,318a4943910c16b3ff8fb79b2657c29ee14b27279ef9f7ed6da3f2ded1848820,2.7177226740168408,0.12284625112079084,0.289746991940774,3.1303159170784056
657,SingleLineInfilling/HumanEval/124/L8,HumanEval/124,L8,25+,primary_control,ok,True,26,24,-2,2,cal_lite,,,True,,,ddc45ebc6bb8eb922faa53bd274f2c90ac6626b4aad04bb066387c71127f1fb6,2.73229564295616,0.14463124703615904,0.2932528927922249,3.170179782784544
658,SingleLineInfilling/HumanEval/124/L9,HumanEval/124,L9,<=8,primary_control,ok,True,4,4,0,0,cal_lite,,,True,,,318a4943910c16b3ff8fb79b2657c29ee14b27279ef9f7ed6da3f2ded1848820,2.706320849014446,0.14731369412038475,0.29038779018446803,3.144022333319299
659,SingleLineInfilling/HumanEval/124/L10,HumanEval/124,L10,17-24,primary_control,ok,True,18,13,-5,5,cal_lite,,,True,,,02a6f644df7c395e77177cfebe91a5a5c04ca0f23a23640c215c12c8a3a1da7f,2.706848321016878,0.14161437703296542,0.2845151873771101,3.1329778854269534
660,SingleLineInfilling/HumanEval/124/L11,HumanEval/124,L11,<=8,primary_control,ok,True,4,8,4,4,cal_lite,,,True,,,c19d410b4dc033061e8df6dff6c961e3aecb29a3c414497f5aae2700d35beaf8,2.7134703589836136,0.12568894599098712,0.2837505789939314,3.122909883968532
661,SingleLineInfilling/HumanEval/124/L12,HumanEval/124,L12,<=8,primary_control,ok,True,3,3,0,0,cal_lite,,,True,,,318a4943910c16b3ff8fb79b2657c29ee14b27279ef9f7ed6da3f2ded1848820,2.6943305419990793,0.14124472194816917,0.28887487889733166,3.12445014284458
662,SingleLineInfilling/HumanEval/124/L13,HumanEval/124,L13,<=8,primary_control,ok,False,4,16,12,12,cal_lite,,,True,UnitTestFailure,failed: ,eb09fe9e04d0fb92b313ee968997b34038aedce93733e1f51519e6eaa68727cd,2.7265917049953714,0.14159904897678643,0.28969286708161235,3.15788362105377
663,SingleLineInfilling/HumanEval/124/L15,HumanEval/124,L15,<=8,primary_control,ok,True,4,3,-1,1,cal_lite,,,True,,,4e74caf1b14c2741847e3ccc6d1ab1b147820814cb8d86f0ce0076552b67540b,2.713647681986913,0.1270073300693184,0.2859925428638235,3.126647554920055
664,SingleLineInfilling/HumanEval/125/L0,HumanEval/125,L0,<=8,primary_control,ok,True,7,7,0,0,cal_lite,,,True,,,ebbec5e03b007a734ba9bada222e806c3f5a1767b218f8fbde6cd96d27caae28,1.8767431559972465,0.1472786390222609,0.2863673461833969,2.3103891412029043
665,SingleLineInfilling/HumanEval/125/L1,HumanEval/125,L1,<=8,primary_control,ok,True,5,5,0,0,cal_lite,,,True,,,1bb3d6e82bbefe63ade40e0641feefca720127f4e4e57fc441730d225bb1cf87,1.8542485260404646,0.142498784000054,0.2897558609256521,2.2865031709661707
666,SingleLineInfilling/HumanEval/125/L2,HumanEval/125,L2,<=8,primary_control,ok,True,6,6,0,0,cal_lite,,,True,,,1bb3d6e82bbefe63ade40e0641feefca720127f4e4e57fc441730d225bb1cf87,1.8586510909954086,0.15758442808873951,0.2926411669468507,2.308876686030999
667,SingleLineInfilling/HumanEval/125/L3,HumanEval/125,L3,9-12,primary_control,ok,True,9,5,-4,4,cal_lite,,,True,,,14576202ad3228929b719c41678276ac1b7d5650b90d0d9fc878408828cf1ca7,1.8553828590083867,0.1546235450077802,0.2832269239006564,2.2932333279168233
668,SingleLineInfilling/HumanEval/125/L4,HumanEval/125,L4,<=8,primary_control,ok,True,3,3,0,0,cal_lite,,,True,,,1bb3d6e82bbefe63ade40e0641feefca720127f4e4e57fc441730d225bb1cf87,1.8451041980879381,0.12796090194024146,0.2883430876536295,2.261408187681809
669,SingleLineInfilling/HumanEval/125/L5,HumanEval/125,L5,17-24,primary_control,ok,False,23,5,-18,18,cal_lite,,,True,UnitTestFailure,failed: ,67d81bf4b83ed16fa0282a19f2d4e636526aa643e484cc94050101930cf8510f,1.8765700389631093,0.1500503650167957,0.2794131438713521,2.306033547851257
670,SingleLineInfilling/HumanEval/126/L0,HumanEval/126,L0,13-16,primary_control,ok,False,16,4,-12,12,cal_lite,,,True,UnitTestFailure,failed: 5,88544afdf6e1de8a2a2d71b725c8cd8e0fbc917201217ab6b669f3c750cb637e,2.4233107800828293,0.15012929891236126,0.3004567757016048,2.8738968546967953
671,SingleLineInfilling/HumanEval/126/L1,HumanEval/126,L1,<=8,primary_control,ok,True,6,6,0,0,cal_lite,,,True,,,e811679db814937a48646b2a460a4dc15be80544e6dc69cfc0da899525038b9c,2.6084607349475846,0.14969023107551038,0.29586494993418455,3.0540159159572795
672,SingleLineInfilling/HumanEval/126/L2,HumanEval/126,L2,<=8,primary_control,ok,True,7,9,2,2,cal_lite,,,True,,,6a84a1753a1ec0615fd07bdaf6ee92aff4d023f63f708863cd372ba0dae4ae72,2.632373000960797,0.15277872805017978,0.28801682183984667,3.0731685508508235
673,SingleLineInfilling/HumanEval/126/L3,HumanEval/126,L3,13-16,primary_control,ok,False,15,11,-4,4,cal_lite,,,True,UnitTestFailure,failed: max() arg is an empty sequence,766f7b57389ba0d705046f61f72333bf423add2dcc1a7ab1cbee177d2c639401,2.617602010956034,0.14448873710352927,0.2892609891714528,3.051351737231016
674,SingleLineInfilling/HumanEval/126/L4,HumanEval/126,L4,<=8,primary_control,ok,False,4,8,4,4,cal_lite,,,True,UnitTestFailure,failed: ,6705105179e7e7ff5c648d5460946876c64ca33732c8291197307702f7468e50,2.636400254094042,0.15575960115529597,0.2878838861361146,3.0800437413854524
675,SingleLineInfilling/HumanEval/126/L5,HumanEval/126,L5,17-24,primary_control,ok,True,22,7,-15,15,cal_lite,,,True,,,37bc00c1eb82cfcb80a357cd3d96c5eaefa6ed05dbaba8f35e85b8f82d90ce97,2.415878808009438,0.15268048190046102,0.2958381522912532,2.8643974422011524
676,SingleLineInfilling/HumanEval/126/L6,HumanEval/126,L6,<=8,primary_control,ok,True,4,4,0,0,cal_lite,,,True,,,e811679db814937a48646b2a460a4dc15be80544e6dc69cfc0da899525038b9c,2.5824161199852824,0.14818661799654365,0.30272367503494024,3.0333264130167663
677,SingleLineInfilling/HumanEval/126/L7,HumanEval/126,L7,<=8,primary_control,ok,True,3,3,0,0,cal_lite,,,True,,,e811679db814937a48646b2a460a4dc15be80544e6dc69cfc0da899525038b9c,2.6079767890041694,0.1463758711470291,0.3001562353456393,3.054508895496838
678,SingleLineInfilling/HumanEval/126/L8,HumanEval/126,L8,<=8,primary_control,ok,True,4,3,-1,1,cal_lite,,,True,,,90f689b2fa55f4bf54273c2388a724f5b11c63227e290989826926087a57b022,2.5921433810144663,0.1507688300916925,0.297555236145854,3.040467447252013
679,SingleLineInfilling/HumanEval/127/L0,HumanEval/127,L0,<=8,primary_control,ok,True,6,6,0,0,cal_lite,,,True,,,1f689b98fa321c9cbff730e1a5c9c6eee8015d637267ab4d1857ca68851f61a0,2.635956177022308,0.1469760339241475,0.29508275375701487,3.0780149647034705
680,SingleLineInfilling/HumanEval/127/L1,HumanEval/127,L1,9-12,primary_control,ok,False,12,5,-7,7,cal_lite,,,True,UnitTestFailure,failed: ,45443323aefcde28d941501239b3ee42c1c27a88ab60ebc7872961431f892ef1,2.630676796892658,0.150611471850425,0.29484522016718984,3.0761334889102727
681,SingleLineInfilling/HumanEval/127/L2,HumanEval/127,L2,<=8,primary_control,ok,True,4,15,11,11,cal_lite,,,True,,,0d9aa09de18d0af1084a0e3584b49c2655e87d7459c56b10c820188f8dd0dafb,2.6691531899850816,0.14765131811145693,0.28880507522262633,3.105609583319165
682,SingleLineInfilling/HumanEval/127/L3,HumanEval/127,L3,<=8,primary_control,ok,True,7,12,5,5,cal_lite,,,True,,,c81713f727bbc51430c080984b8765ef395d1d7aca5e35e5a919f10c860e3632,2.6435483399545774,0.15162501309532672,0.2897996880346909,3.084973041084595
683,SingleLineInfilling/HumanEval/127/L4,HumanEval/127,L4,<=8,primary_control,ok,True,4,15,11,11,cal_lite,,,True,,,6c69c751b247f190b2dccd90ebc2920eb3045772166a4f5c0e169ee5258adc24,2.6877252699341625,0.15246368397492915,0.2965622788760811,3.1367512327851728
684,SingleLineInfilling/HumanEval/127/L5,HumanEval/127,L5,9-12,primary_control,ok,True,10,10,0,0,cal_lite,,,True,,,7f0951c87fe5bcba20b3cd92de2b99fd910f784b402c745644247643cc1052b2,2.6277025039307773,0.15574846300296485,0.29353760892990977,3.076988575863652
685,SingleLineInfilling/HumanEval/127/L6,HumanEval/127,L6,<=8,primary_control,ok,True,8,11,3,3,cal_lite,,,True,,,2a64e577e291720dd342caded93bdaea971ddc0b1755421158beaeb28173520a,2.6322948570596054,0.15044240793213248,0.2875584118301049,3.070295676821843
686,SingleLineInfilling/HumanEval/127/L7,HumanEval/127,L7,<=8,primary_control,ok,True,4,11,7,7,cal_lite,,,True,,,66da46b39cc74cf2babdcc21643ea4f485079579b043b2ef29226f6eab3b4910,2.6546254910063,0.14782140497118235,0.29510539991315454,3.0975522958906367
687,SingleLineInfilling/HumanEval/127/L8,HumanEval/127,L8,<=8,primary_control,ok,True,4,3,-1,1,cal_lite,,,True,,,eba7559c8a1fb7e85137b3d64d99dbd0f3f644ef48ccd46054eec4787356bec4,2.6262760730460286,0.1469006680417806,0.2938150818226859,3.066991822910495
688,SingleLineInfilling/HumanEval/127/L10,HumanEval/127,L10,13-16,primary_control,ok,True,14,14,0,0,cal_lite,,,True,,,7f0951c87fe5bcba20b3cd92de2b99fd910f784b402c745644247643cc1052b2,2.677554473048076,0.1556042090523988,0.2969558547483757,3.1301145368488505
689,SingleLineInfilling/HumanEval/127/L11,HumanEval/127,L11,13-16,primary_control,ok,True,14,14,0,0,cal_lite,,,True,,,7f0951c87fe5bcba20b3cd92de2b99fd910f784b402c745644247643cc1052b2,2.677412759978324,0.15161694900598377,0.2982472305884585,3.1272769395727664
690,SingleLineInfilling/HumanEval/127/L12,HumanEval/127,L12,<=8,primary_control,ok,False,7,10,3,3,cal_lite,,,True,UnitTestFailure,failed: ,bad866389e20390d500ef0b12276a9882095a2deca8163b6bf3d8a973ab65677,2.6567133540520445,0.14213181717786938,0.2871566779213026,3.0860018491512164
691,SingleLineInfilling/HumanEval/127/L13,HumanEval/127,L13,9-12,primary_control,ok,False,11,6,-5,5,cal_lite,,,True,UnitTestFailure,failed: ,70b7a632851cf47f4b24df84c659d5d3fddb3d2c6159fcc41e8d776239c1fc54,2.647120516980067,0.15363718394655734,0.2992679550079629,3.100025655934587
692,SingleLineInfilling/HumanEval/127/L14,HumanEval/127,L14,<=8,primary_control,ok,True,5,5,0,0,cal_lite,,,True,,,7f0951c87fe5bcba20b3cd92de2b99fd910f784b402c745644247643cc1052b2,2.64092460507527,0.17412241594865918,0.2920213259058073,3.1070683469297364
693,SingleLineInfilling/HumanEval/127/L15,HumanEval/127,L15,<=8,primary_control,ok,True,5,8,3,3,cal_lite,,,True,,,c2cd27ec551b0253dc44379b8873bc068c6d533db48b148f5ec682eb63197ed2,2.6658329989295453,0.15329559810925275,0.2934081410057843,3.1125367380445823
694,SingleLineInfilling/HumanEval/128/L0,HumanEval/128,L0,<=8,primary_control,ok,True,8,9,1,1,cal_lite,,,True,,,e33eff46fbb5f9b107e70085d0b544648c2957793d8c9345f0b602c437996115,1.862497428082861,0.13160969887394458,0.29185885412152857,2.285965981078334
695,SingleLineInfilling/HumanEval/128/L1,HumanEval/128,L1,25+,primary_control,ok,False,28,6,-22,22,cal_lite,,,True,UnitTestFailure,failed: local variable 'prod' referenced before assignment,3f30d6d8dbf4414968e203619e915b69d7988fb2efebbb02898483388909b520,1.847421197919175,0.1514724309090525,0.2916268170811236,2.290520445909351
696,SingleLineInfilling/HumanEval/128/L2,HumanEval/128,L2,13-16,primary_control,ok,False,14,3,-11,11,cal_lite,,,True,UnitTestFailure,failed: ,68cff2eadb65fa18849df8ffeb19df3f910f395f0decab3d458e47599f8a7652,1.8585928700631484,0.14372808998450637,0.2855912878876552,2.28791224793531
697,SingleLineInfilling/HumanEval/129/L0,HumanEval/129,L0,<=8,primary_control,ok,True,6,6,0,0,cal_lite,,,True,,,83c269a687b8016538c39f3032448a81e202b8b677afd37cb6c4b116325054e8,3.4612411520211026,0.1493757360149175,0.3083342802710831,3.918951168307103
698,SingleLineInfilling/HumanEval/129/L1,HumanEval/129,L1,9-12,primary_control,ok,True,10,6,-4,4,cal_lite,,,True,,,6896217adce86b9a31a9939e3550d721fe15c39778a690af071ed313873be771,3.4577339380048215,0.1391790019115433,0.2987943770131096,3.8957073169294745
699,SingleLineInfilling/HumanEval/129/L2,HumanEval/129,L2,<=8,primary_control,ok,True,7,7,0,0,cal_lite,,,True,,,45acb3c894f9cb3e0315a3f6c78cfc56b18fd32132839f58248aa6e0a7f1841c,3.458366484963335,0.15303044801112264,0.303919579135254,3.9153165121097118
700,SingleLineInfilling/HumanEval/129/L3,HumanEval/129,L3,<=8,primary_control,ok,True,7,7,0,0,cal_lite,,,True,,,45acb3c894f9cb3e0315a3f6c78cfc56b18fd32132839f58248aa6e0a7f1841c,3.501045095967129,0.14894689386710525,0.30216317099984735,3.9521551608340815
701,SingleLineInfilling/HumanEval/129/L4,HumanEval/129,L4,9-12,primary_control,ok,True,11,11,0,0,cal_lite,,,True,,,45acb3c894f9cb3e0315a3f6c78cfc56b18fd32132839f58248aa6e0a7f1841c,3.4876786599634215,0.15734106488525867,0.30062666826415807,3.9456463931128383
702,SingleLineInfilling/HumanEval/129/L5,HumanEval/129,L5,<=8,primary_control,ok,True,4,3,-1,1,cal_lite,,,True,,,4e081c863f39e9e2be3076a7514aea64bffaa6297ffaf1df24e709fb7f860efc,3.447929919930175,0.15021390886977315,0.3055894133867696,3.9037332421867177
703,SingleLineInfilling/HumanEval/129/L6,HumanEval/129,L6,<=8,primary_control,ok,True,7,7,0,0,cal_lite,,,True,,,45acb3c894f9cb3e0315a3f6c78cfc56b18fd32132839f58248aa6e0a7f1841c,3.485561692970805,0.15625826106406748,0.3087018809746951,3.9505218350095674
704,SingleLineInfilling/HumanEval/129/L7,HumanEval/129,L7,9-12,primary_control,ok,True,11,14,3,3,cal_lite,,,True,,,2c99787e525ccde154f74c56498b47475c2e813697ba00ff9d57bf70ba480c1a,3.473553218995221,0.15481759991962463,0.3008673160802573,3.929238134995103
705,SingleLineInfilling/HumanEval/129/L9,HumanEval/129,L9,<=8,primary_control,ok,True,7,7,0,0,cal_lite,,,True,,,45acb3c894f9cb3e0315a3f6c78cfc56b18fd32132839f58248aa6e0a7f1841c,3.4931175069650635,0.15346601605415344,0.29079582914710045,3.9373793521663174
706,SingleLineInfilling/HumanEval/129/L10,HumanEval/129,L10,9-12,primary_control,ok,True,11,14,3,3,cal_lite,,,True,,,1a0b29cf5a8cc127526e43327e11b5c723a08e67e17c5301f26c1f0d078e179b,3.4918917620088905,0.14673150703310966,0.2996161332121119,3.938239402254112
707,SingleLineInfilling/HumanEval/129/L12,HumanEval/129,L12,9-12,primary_control,ok,True,9,9,0,0,cal_lite,,,True,,,45acb3c894f9cb3e0315a3f6c78cfc56b18fd32132839f58248aa6e0a7f1841c,3.4440472470596433,0.1486205719411373,0.29760690010152757,3.890274719102308
708,SingleLineInfilling/HumanEval/129/L13,HumanEval/129,L13,9-12,primary_control,ok,True,11,12,1,1,cal_lite,,,True,,,90f51a5ffb32f790d13dbee590e38cb242782116d990697027e7674ae73015b8,3.5019393829861656,0.1498162169009447,0.30397981393616647,3.9557354138232768
709,SingleLineInfilling/HumanEval/129/L15,HumanEval/129,L15,9-12,primary_control,ok,True,9,9,0,0,cal_lite,,,True,,,45acb3c894f9cb3e0315a3f6c78cfc56b18fd32132839f58248aa6e0a7f1841c,3.471169668948278,0.15874184016138315,0.2931554554961622,3.923066964605823
710,SingleLineInfilling/HumanEval/129/L16,HumanEval/129,L16,9-12,primary_control,ok,False,11,13,2,2,cal_lite,,,True,UnitTestFailure,failed: ,905db79f65584d9a8fec8d064ddd730a7b085285897c13d4846f560d6e9dce45,3.499980440014042,0.15193314000498503,0.30045759805943817,3.952371178078465
711,SingleLineInfilling/HumanEval/129/L18,HumanEval/129,L18,<=8,primary_control,ok,True,6,8,2,2,cal_lite,,,True,,,bea63901a12faa590306f2e3230a4421401b30d2f2752b15ee6a316a2f220649,3.492731248959899,0.14546410797629505,0.30143278930336237,3.9396281462395564
712,SingleLineInfilling/HumanEval/129/L20,HumanEval/129,L20,<=8,primary_control,ok,True,4,4,0,0,cal_lite,,,True,,,45acb3c894f9cb3e0315a3f6c78cfc56b18fd32132839f58248aa6e0a7f1841c,3.4538278260733932,0.14956736285239458,0.29754721198696643,3.9009424009127542
713,SingleLineInfilling/HumanEval/129/L21,HumanEval/129,L21,<=8,primary_control,ok,True,7,7,0,0,cal_lite,,,True,,,45acb3c894f9cb3e0315a3f6c78cfc56b18fd32132839f58248aa6e0a7f1841c,3.4538703170837834,0.14035412983503193,0.2980994490208104,3.892323895939626
714,SingleLineInfilling/HumanEval/129/L22,HumanEval/129,L22,9-12,primary_control,ok,False,10,4,-6,6,cal_lite,,,True,UnitTestFailure,failed: ,4bdc27ce67c4370e020a95f8f15f4b47151381da0d738f34533dcc7adce898d2,3.4337297319434583,0.1508659280370921,0.2986083138966933,3.8832039738772437
715,SingleLineInfilling/HumanEval/129/L23,HumanEval/129,L23,<=8,primary_control,ok,True,6,6,0,0,cal_lite,,,True,,,45acb3c894f9cb3e0315a3f6c78cfc56b18fd32132839f58248aa6e0a7f1841c,3.472054710960947,0.15201155212707818,0.30001445580273867,3.924080718890764
716,SingleLineInfilling/HumanEval/129/L24,HumanEval/129,L24,<=8,primary_control,ok,True,3,3,0,0,cal_lite,,,True,,,45acb3c894f9cb3e0315a3f6c78cfc56b18fd32132839f58248aa6e0a7f1841c,3.45185685204342,0.14149619394447654,0.3044157999102026,3.8977688458980992
717,SingleLineInfilling/HumanEval/129/L25,HumanEval/129,L25,<=8,primary_control,ok,True,5,5,0,0,cal_lite,,,True,,,7b9cd99faadd2c1f3d06118cfcae49c80234e60513af4dce3b421a80e3a644dc,3.486322287004441,0.1442482309648767,0.3045706700067967,3.9351411879761145
718,SingleLineInfilling/HumanEval/129/L26,HumanEval/129,L26,<=8,primary_control,ok,True,4,3,-1,1,cal_lite,,,True,,,724d17ad0b9e660854d25cbed786ffa65390e18de98cb18ef521fe465d7e6736,3.465353720006533,0.1528737130574882,0.30920340411830693,3.927430837182328
719,SingleLineInfilling/HumanEval/130/L0,HumanEval/130,L0,<=8,primary_control,ok,True,7,7,0,0,cal_lite,,,True,,,c978112d5a6b49b1ea24bfda86223e28c2e0fb5e328ab34f815bc8096808124c,2.6090291540604085,0.14935758197680116,0.30926900869235396,3.0676557447295636
720,SingleLineInfilling/HumanEval/130/L1,HumanEval/130,L1,<=8,primary_control,ok,True,5,20,15,15,cal_lite,,,True,,,433b2b668ac86e9245c847827741c10db7737f30b02b3b21a892dc2137240e0c,2.66271742596291,0.15044744801707566,0.2939951497828588,3.1071600237628445
721,SingleLineInfilling/HumanEval/130/L2,HumanEval/130,L2,9-12,primary_control,ok,True,10,10,0,0,cal_lite,,,True,,,7e5ab6fda7a34d78e1d04c49d1df6b4240b18ad745609cf6c3c33d389a6b798a,2.6189039750024676,0.147037761984393,0.2885775639442727,3.0545193009311333
722,SingleLineInfilling/HumanEval/130/L3,HumanEval/130,L3,13-16,primary_control,ok,True,13,13,0,0,cal_lite,,,True,,,7e5ab6fda7a34d78e1d04c49d1df6b4240b18ad745609cf6c3c33d389a6b798a,2.6163928010500968,0.15582706313580275,0.2945262409048155,3.066746105090715
723,SingleLineInfilling/HumanEval/130/L4,HumanEval/130,L4,9-12,primary_control,ok,True,10,24,14,14,cal_lite,,,True,,,3a51ed46ade515c943d895fa3cb9b8e748f2492e9e5c65624555288f96efb724,2.669219446950592,0.15268723899498582,0.2956645196536556,3.1175712055992335
724,SingleLineInfilling/HumanEval/130/L5,HumanEval/130,L5,9-12,primary_control,ok,True,12,12,0,0,cal_lite,,,True,,,ff841712fa38a28939c9ad6eca71397fabce610a912afd5a50d27f6439f29feb,2.6349560919916257,0.15886872308328748,0.29167316562961787,3.085497980704531
725,SingleLineInfilling/HumanEval/130/L6,HumanEval/130,L6,<=8,primary_control,ok,False,3,10,7,7,cal_lite,,,True,UnitTestFailure,failed: ,23aa552ea7fed8483e99830215d1cf92b8ef50ad7b9dedd792418b259b0cbbf3,2.6710882919142023,0.15715787699446082,0.29342169605661184,3.121667864965275
726,SingleLineInfilling/HumanEval/130/L7,HumanEval/130,L7,25+,primary_control,ok,False,30,11,-19,19,cal_lite,,,True,UnitTestFailure,failed: ,f6c192e0c02cb574b7d70302665ef71d5f5654ba334b0cd45e08296492ae9be0,2.4137289370410144,0.1493263210868463,0.2919393149204552,2.854994573048316
727,SingleLineInfilling/HumanEval/130/L8,HumanEval/130,L8,<=8,primary_control,ok,True,5,4,-1,1,cal_lite,,,True,,,8ea6eed62cbafa67958e523e405e23310c7850d3794dd67c1508ba87250a6fdd,2.588781755999662,0.15399204986169934,0.28678675403352827,3.0295605598948896
728,SingleLineInfilling/HumanEval/131/L0,HumanEval/131,L0,<=8,primary_control,ok,True,6,6,0,0,cal_lite,,,True,,,d395dc2d122ec7b9a40d379b64b427d020988114e6a9e51f573b069264207bd2,1.8687042170204222,0.14809798810165375,0.29191114043351263,2.3087133455555886
729,SingleLineInfilling/HumanEval/131/L1,HumanEval/131,L1,<=8,primary_control,ok,True,7,7,0,0,cal_lite,,,True,,,a60ae2ea350ee67e74f2f668d153c44253835cdc7d2b3bada63a2e3ed49e8ff7,1.8589921050006524,0.15801977482624352,0.2951707950560376,2.3121826748829335
730,SingleLineInfilling/HumanEval/131/L2,HumanEval/131,L2,<=8,primary_control,ok,True,7,7,0,0,cal_lite,,,True,,,a60ae2ea350ee67e74f2f668d153c44253835cdc7d2b3bada63a2e3ed49e8ff7,1.8531126009766012,0.1498678660718724,0.2911441943142563,2.29412466136273
731,SingleLineInfilling/HumanEval/131/L3,HumanEval/131,L3,<=8,primary_control,ok,True,8,8,0,0,cal_lite,,,True,,,a60ae2ea350ee67e74f2f668d153c44253835cdc7d2b3bada63a2e3ed49e8ff7,1.8600875089177862,0.15639194997493178,0.2879395600175485,2.3044190189102665
732,SingleLineInfilling/HumanEval/131/L4,HumanEval/131,L4,9-12,primary_control,ok,True,10,7,-3,3,cal_lite,,,True,,,72b16901f0940d2ecc661e1ff07834b5517c589a2b74f8908329b40a047b2819,1.880959229893051,0.14118554384913296,0.29520363197661936,2.3173484057188034
733,SingleLineInfilling/HumanEval/131/L5,HumanEval/131,L5,<=8,primary_control,ok,True,8,8,0,0,cal_lite,,,True,,,39ef3b74c627b20d0aec4d8c7c0de8c2e01328c935e192178a50ead7d985ddbb,1.8599947959883139,0.15661057503893971,0.29174011922441423,2.308345490251668
734,SingleLineInfilling/HumanEval/131/L6,HumanEval/131,L6,<=8,primary_control,ok,True,6,10,4,4,cal_lite,,,True,,,c5db7d0851e463d3886c45222ccaa6de54da31d578820d4d0a2dd95fb3db0ddb,1.8720800679875538,0.155623871833086,0.2877077580196783,2.315411697840318
735,SingleLineInfilling/HumanEval/131/L7,HumanEval/131,L7,<=8,primary_control,ok,True,7,8,1,1,cal_lite,,,True,,,e9a1041f83d1ed8003b5e8b8b917c8d5452249db37f47cdf6da0422233195368,1.8490440900204703,0.14633897203020751,0.29432216892018914,2.289705230970867
736,SingleLineInfilling/HumanEval/131/L8,HumanEval/131,L8,<=8,primary_control,ok,True,5,5,0,0,cal_lite,,,True,,,a60ae2ea350ee67e74f2f668d153c44253835cdc7d2b3bada63a2e3ed49e8ff7,1.8588518999749795,0.1583742678631097,0.29421833297237754,2.3114445008104667
737,SingleLineInfilling/HumanEval/131/L9,HumanEval/131,L9,<=8,primary_control,ok,True,3,14,11,11,cal_lite,,,True,,,372b2138bca92658b89856af9661c76f16bacd9cffb27e70129ccb15f602d353,1.8893167580245063,0.14874807198066264,0.2889886687044054,2.3270534987095743
738,SingleLineInfilling/HumanEval/131/L10,HumanEval/131,L10,<=8,primary_control,ok,True,4,3,-1,1,cal_lite,,,True,,,801f62647088eefdcc9b26999130dd81042fbd160877869375d7bc31adc87098,1.8176579020218924,0.14835255593061447,0.2938984800130129,2.2599089379655197
739,SingleLineInfilling/HumanEval/132/L0,HumanEval/132,L0,<=8,primary_control,ok,True,7,7,0,0,cal_lite,,,True,,,833e75c4eb1bc67f5a9d5f4c9360fee07295b777aa9bf05af39aedf9c2753666,1.9504723380086944,0.13881430984474719,0.28972511389292777,2.3790117617463693
740,SingleLineInfilling/HumanEval/132/L1,HumanEval/132,L1,<=8,primary_control,ok,True,7,20,13,13,cal_lite,,,True,,,46e86ae1c960f5f2ea7349e30687e6c0b7fc25b55b9facb66f55e09d4e1352a3,2.358624046901241,0.14287260198034346,0.29776493087410927,2.7992615797556937
741,SingleLineInfilling/HumanEval/132/L2,HumanEval/132,L2,<=8,primary_control,ok,True,8,11,3,3,cal_lite,,,True,,,e1ad756a5c7a251c36e02b14134bdae141d6dfdb778cb7e9ac8a3f973ba1e692,1.9602681199321523,0.1429997740779072,0.2823181611020118,2.3855860551120713
742,SingleLineInfilling/HumanEval/132/L3,HumanEval/132,L3,<=8,primary_control,ok,True,8,8,0,0,cal_lite,,,True,,,2f87989d2c33d608d8e7269b0e87694e8789571fc242411ba1370d2ba6e918f2,1.9738682410679758,0.14247724891174585,0.29551614297088236,2.411861632950604
743,SingleLineInfilling/HumanEval/132/L4,HumanEval/132,L4,<=8,primary_control,ok,True,8,8,0,0,cal_lite,,,True,,,2f87989d2c33d608d8e7269b0e87694e8789571fc242411ba1370d2ba6e918f2,1.9508151669288054,0.14478919620160013,0.3022146199364215,2.397818983066827
744,SingleLineInfilling/HumanEval/132/L5,HumanEval/132,L5,<=8,primary_control,ok,True,3,8,5,5,cal_lite,,,True,,,a8aae5ef786bebae97c71605dbe7e09e03871f441f7d554edf6d26e9fec2a2e5,1.9758055689744651,0.14586019609123468,0.29156935843639076,2.4132351235020906
745,SingleLineInfilling/HumanEval/132/L6,HumanEval/132,L6,<=8,primary_control,ok,False,8,15,7,7,cal_lite,,,True,UnitTestFailure,failed: ,71f9315406d98ea0ed011f9a17fd589fda717557a1bfa7b68f8a09a9badeb255,2.3749805309344083,0.14919099293183535,0.2886005890322849,2.8127721128985286
746,SingleLineInfilling/HumanEval/132/L7,HumanEval/132,L7,<=8,primary_control,ok,False,7,7,0,0,cal_lite,,,True,UnitTestFailure,failed: ,c45ddedcd47eecd1c539f227e2fbd976d7ba0e0e00d39304e1180f7d0216690d,1.9845361720072106,0.1585548419971019,0.29277744400314987,2.4358684580074623
747,SingleLineInfilling/HumanEval/132/L8,HumanEval/132,L8,<=8,primary_control,ok,True,6,6,0,0,cal_lite,,,True,,,2f87989d2c33d608d8e7269b0e87694e8789571fc242411ba1370d2ba6e918f2,1.9317168609704822,0.1565897719701752,0.28652289090678096,2.3748295238474384
748,SingleLineInfilling/HumanEval/132/L9,HumanEval/132,L9,<=8,primary_control,ok,True,6,6,0,0,cal_lite,,,True,,,2f87989d2c33d608d8e7269b0e87694e8789571fc242411ba1370d2ba6e918f2,1.9619853930780664,0.15131048497278243,0.2968067358015105,2.4101026138523594
749,SingleLineInfilling/HumanEval/132/L10,HumanEval/132,L10,9-12,primary_control,ok,True,10,10,0,0,cal_lite,,,True,,,2f87989d2c33d608d8e7269b0e87694e8789571fc242411ba1370d2ba6e918f2,1.9720118909608573,0.15099352493416518,0.28752104635350406,2.4105264622485265
750,SingleLineInfilling/HumanEval/132/L11,HumanEval/132,L11,9-12,primary_control,ok,True,9,9,0,0,cal_lite,,,True,,,2f87989d2c33d608d8e7269b0e87694e8789571fc242411ba1370d2ba6e918f2,1.9538611819734797,0.1542968669673428,0.29500187817029655,2.403159927111119
751,SingleLineInfilling/HumanEval/132/L12,HumanEval/132,L12,13-16,primary_control,ok,False,14,10,-4,4,cal_lite,,,True,UnitTestFailure,failed: list index out of range,13070750b3f4a586638755e67435c76660f4ebc5bf1ac67dea1b2dd5f99cb6fe,1.9677087180316448,0.15400005411356688,0.29584960686042905,2.4175583790056407
752,SingleLineInfilling/HumanEval/132/L13,HumanEval/132,L13,<=8,primary_control,ok,True,6,6,0,0,cal_lite,,,True,,,2f87989d2c33d608d8e7269b0e87694e8789571fc242411ba1370d2ba6e918f2,1.9606484499527141,0.1416745891328901,0.28687267401255667,2.389195713098161
753,SingleLineInfilling/HumanEval/132/L14,HumanEval/132,L14,<=8,primary_control,ok,True,6,6,0,0,cal_lite,,,True,,,2f87989d2c33d608d8e7269b0e87694e8789571fc242411ba1370d2ba6e918f2,1.9525836009997874,0.15477483719587326,0.2859150030417368,2.3932734412373975
754,SingleLineInfilling/HumanEval/132/L15,HumanEval/132,L15,<=8,primary_control,ok,False,7,6,-1,1,cal_lite,,,True,UnitTestFailure,failed: ,d4f3c68a3fb436596b220f3dc8cca27a25eff114d00029e19101936babd52c1f,1.9542568689212203,0.15584323613438755,0.2978407823247835,2.4079408873803914
755,SingleLineInfilling/HumanEval/133/L0,HumanEval/133,L0,<=8,primary_control,ok,True,4,4,0,0,cal_lite,,,True,,,2cd0fc00449e354159bbe235871ce1050aac54abe92dc6c2cce5a7c1eb4fa404,1.8646412779344246,0.1442359540378675,0.28322758770082146,2.2921048196731135
756,SingleLineInfilling/HumanEval/133/L1,HumanEval/133,L1,<=8,primary_control,ok,True,6,6,0,0,cal_lite,,,True,,,4ce782e063c80803e0368a885d61ed9776b5573cea1c4610d8e64bcdd9406d68,1.8819991979980841,0.15381147793959826,0.29381001193542033,2.3296206878731027
757,SingleLineInfilling/HumanEval/133/L2,HumanEval/133,L2,<=8,primary_control,ok,True,6,6,0,0,cal_lite,,,True,,,4ce782e063c80803e0368a885d61ed9776b5573cea1c4610d8e64bcdd9406d68,1.880143059999682,0.1565789629239589,0.28853970381896943,2.3252617267426103
758,SingleLineInfilling/HumanEval/133/L3,HumanEval/133,L3,9-12,primary_control,ok,False,9,7,-2,2,cal_lite,,,True,UnitTestFailure,failed: This prints if this assert fails 1 (good for debugging!),213d48200c437fc7a355d938b728181479a19cbb35463fd3616375a1adefc578,1.8712453830521554,0.15320775797590613,0.28728448296897113,2.3117376239970326
759,SingleLineInfilling/HumanEval/133/L4,HumanEval/133,L4,<=8,primary_control,ok,True,4,3,-1,1,cal_lite,,,True,,,9b2c5ae317f993f3f1f8616d96e76f71a7148e6147f5844242dc358202f6d9ea,1.8475880140904337,0.14696241088677198,0.29394743114244193,2.2884978561196476
760,SingleLineInfilling/HumanEval/134/L1,HumanEval/134,L1,9-12,primary_control,ok,False,10,7,-3,3,cal_lite,,,True,UnitTestFailure,failed: ,83d731be66695190493318648d0712866e4fd18dfdbbb9ddc595fd0786976f5e,1.8541595729766414,0.14934209594503045,0.28525902098044753,2.2887606899021193
761,SingleLineInfilling/HumanEval/134/L2,HumanEval/134,L2,25+,primary_control,ok,False,28,6,-22,22,cal_lite,,,True,UnitTestFailure,failed: ,c1791c39696d141ba19596184101e7c8c5f67f1467a0d7970f44708508c0dbf1,1.8638182040303946,0.14958412887062877,0.2899832020048052,2.3033855349058285
762,SingleLineInfilling/HumanEval/136/L0,HumanEval/136,L0,13-16,primary_control,ok,True,15,15,0,0,cal_lite,,,True,,,1e33afbecf7768fe031e286323eadc07bdfa9c6c2d9262a28ff67b831aea7249,1.8879974890733138,0.14645676082000136,0.2873635821742937,2.321817832067609
763,SingleLineInfilling/HumanEval/136/L1,HumanEval/136,L1,13-16,primary_control,ok,True,15,15,0,0,cal_lite,,,True,,,53a17860cb4d15f70eafabbfa1ee8671180686b4cdb20dccc453b3322e5e8b02,1.8809265810996294,0.12400593003258109,0.27946836198680103,2.2844008731190115
764,SingleLineInfilling/HumanEval/136/L2,HumanEval/136,L2,17-24,primary_control,ok,False,21,11,-10,10,cal_lite,,,True,UnitTestFailure,failed: max() arg is an empty sequence,43feeb3a099fa646e5f1f149556c290b553d92d3d4ecf69158dfaa6461b7f5c3,1.849699079990387,0.14381940697785467,0.28658808383625,2.2801065708044916
765,SingleLineInfilling/HumanEval/137/L0,HumanEval/137,L0,9-12,primary_control,ok,True,11,11,0,0,cal_lite,,,True,,,00ba5424a7a0d3733cf1cae70c2b1aead39f3957b9e5af7e589e263d3330866b,1.8947210629703477,0.1429639869602397,0.28321510134264827,2.3209001512732357
766,SingleLineInfilling/HumanEval/137/L1,HumanEval/137,L1,17-24,primary_control,ok,True,17,16,-1,1,cal_lite,,,True,,,49164230be86e478a30d42bd2a1301ddab2ceecd1aaeb86714ff09ef499fea1b,1.9436904930043966,0.13888554589357227,0.28215114457998425,2.364727183477953
767,SingleLineInfilling/HumanEval/137/L2,HumanEval/137,L2,17-24,primary_control,ok,False,17,10,-7,7,cal_lite,,,True,UnitTestFailure,failed: 'int' object has no attribute 'replace',685dd8cc47a3b3f94dfca8704e1b39373a8012f1a766c103d6de4b1b571eda30,1.918895230977796,0.14042881305795163,0.28436635015532374,2.3436903941910714
768,SingleLineInfilling/HumanEval/137/L3,HumanEval/137,L3,13-16,primary_control,ok,False,14,11,-3,3,cal_lite,,,True,UnitTestFailure,failed: ,1d88a793eceff7199188537fade8dc84af7e45005de18570d89992cd325f049e,1.9183206249726936,0.143251993926242,0.28487019904423505,2.3464428179431707
769,SingleLineInfilling/HumanEval/137/L4,HumanEval/137,L4,13-16,primary_control,ok,True,16,20,4,4,cal_lite,,,True,,,d0318cbd5dbcea232d71702476bf9eb55d50e458985169a43926b3d0576a3e8c,1.9444326080847532,0.12415282288566232,0.2882411666214466,2.356826597591862
770,SingleLineInfilling/HumanEval/138/L0,HumanEval/138,L0,13-16,primary_control,ok,False,14,9,-5,5,cal_lite,,,True,UnitTestFailure,failed: ,1e80f181bf2de33fd402771267e56bb0470c186c74d90b7fe16bad0ff06f46b7,1.6048954190919176,0.12423458392731845,0.2843840030254796,2.0135140060447156
771,SingleLineInfilling/HumanEval/139/L0,HumanEval/139,L0,<=8,primary_control,ok,True,7,7,0,0,cal_lite,,,True,,,1166d31362ee3200459d7f73d90c9bc00963c8c62dd4b3df1395439061ed7008,1.8711619419045746,0.1479892950737849,0.2862661919789389,2.3054174289572984
772,SingleLineInfilling/HumanEval/139/L1,HumanEval/139,L1,<=8,primary_control,ok,True,7,7,0,0,cal_lite,,,True,,,70316ccc8dc0d91010339c8487ccc70147712d938f450699a4e96275aa0b9d5b,1.8696453449083492,0.13333105097990483,0.2885214304551482,2.2914978263434023
773,SingleLineInfilling/HumanEval/139/L2,HumanEval/139,L2,9-12,primary_control,ok,False,12,7,-5,5,cal_lite,,,True,UnitTestFailure,failed: Test 4,acd48279f0ccce95d85fe0940c992897d2880ba35934a1872fd5050052629d82,1.8536050700349733,0.14521036995574832,0.28917152795474976,2.2879869679454714
774,SingleLineInfilling/HumanEval/139/L3,HumanEval/139,L3,<=8,primary_control,ok,False,6,24,18,18,cal_lite,,,True,UnitTestFailure,failed: Test 4,cd90e3cfaae7e84e93e04a71f17a1aba15e19d9a924eaaffb13a6dc76a8e871b,1.8981405040249228,0.1520747859030962,0.2927644068840891,2.342979696812108
775,SingleLineInfilling/HumanEval/139/L4,HumanEval/139,L4,<=8,primary_control,ok,True,7,7,0,0,cal_lite,,,True,,,70316ccc8dc0d91010339c8487ccc70147712d938f450699a4e96275aa0b9d5b,1.8561391290277243,0.14103811897803098,0.287944762269035,2.2851220102747902
776,SingleLineInfilling/HumanEval/139/L5,HumanEval/139,L5,<=8,primary_control,ok,True,5,4,-1,1,cal_lite,,,True,,,a00007c80dfb83e6861e97fd1046f13b59120caf5c2e5f83419aad648cec6d87,1.830352928955108,0.13662230304908007,0.2863654614193365,2.2533406934235245
777,SingleLineInfilling/HumanEval/140/L0,HumanEval/140,L0,<=8,primary_control,ok,True,5,5,0,0,cal_lite,,,True,,,067943834f4089c8e4828baf2981504532b8e4e459156b9212a0dabebb036f76,1.956978798029013,0.12468247697688639,0.30213588988408446,2.383797164889984
778,SingleLineInfilling/HumanEval/140/L1,HumanEval/140,L1,<=8,primary_control,ok,True,6,6,0,0,cal_lite,,,True,,,26293c6f28ed8fd48b4e0f152f7d5ee01514549757e98d1129cc02a969f4e712,1.959592210012488,0.12058227497618645,0.2886791673954576,2.368853652384132
779,SingleLineInfilling/HumanEval/140/L2,HumanEval/140,L2,9-12,primary_control,ok,True,11,12,1,1,cal_lite,,,True,,,b77460900ad4d66caf5bfdb6f064968a72db74bf0a21c31f89898a1e3a0b45d3,1.9726573569932953,0.12722333997953683,0.2884440381312743,2.3883247351041064
780,SingleLineInfilling/HumanEval/140/L3,HumanEval/140,L3,<=8,primary_control,ok,True,7,7,0,0,cal_lite,,,True,,,26293c6f28ed8fd48b4e0f152f7d5ee01514549757e98d1129cc02a969f4e712,1.9370439959457144,0.1406616469612345,0.27762304921634495,2.355328692123294
781,SingleLineInfilling/HumanEval/140/L4,HumanEval/140,L4,9-12,primary_control,ok,True,9,9,0,0,cal_lite,,,True,,,26293c6f28ed8fd48b4e0f152f7d5ee01514549757e98d1129cc02a969f4e712,1.9555532740196213,0.14429133792873472,0.28835386934224516,2.388198481290601
782,SingleLineInfilling/HumanEval/140/L5,HumanEval/140,L5,<=8,primary_control,ok,True,6,6,0,0,cal_lite,,,True,,,26293c6f28ed8fd48b4e0f152f7d5ee01514549757e98d1129cc02a969f4e712,1.9514325089985505,0.14843149203807116,0.28471696516498923,2.384580966201611
783,SingleLineInfilling/HumanEval/140/L6,HumanEval/140,L6,<=8,primary_control,ok,True,3,3,0,0,cal_lite,,,True,,,26293c6f28ed8fd48b4e0f152f7d5ee01514549757e98d1129cc02a969f4e712,1.9301150100072846,0.1439033030765131,0.2965961060253903,2.370614419109188
784,SingleLineInfilling/HumanEval/140/L7,HumanEval/140,L7,9-12,primary_control,ok,True,9,9,0,0,cal_lite,,,True,,,26293c6f28ed8fd48b4e0f152f7d5ee01514549757e98d1129cc02a969f4e712,1.9487168700434268,0.12304998212493956,0.29091568489093333,2.3626825370592996
785,SingleLineInfilling/HumanEval/140/L8,HumanEval/140,L8,9-12,primary_control,ok,False,9,13,4,4,cal_lite,,,True,UnitTestFailure,failed: This prints if this assert fails 4 (good for debugging!),e1d78a1f0558a1ed71cd608eef68bd9e62b2fa3586ae2a70bb01d910cea4906f,2.3427690990502015,0.12187005102168769,0.2962710481369868,2.760910198208876
786,SingleLineInfilling/HumanEval/140/L9,HumanEval/140,L9,9-12,primary_control,ok,True,9,9,0,0,cal_lite,,,True,,,26293c6f28ed8fd48b4e0f152f7d5ee01514549757e98d1129cc02a969f4e712,1.9572339770384133,0.13755062501877546,0.2803901460720226,2.3751747481292114
787,SingleLineInfilling/HumanEval/140/L10,HumanEval/140,L10,13-16,primary_control,ok,False,13,9,-4,4,cal_lite,,,True,UnitTestFailure,failed: This prints if this assert fails 3 (good for debugging!),77e03dd23223beffa48cd393c0a595ec0db9623d024a4aaaf277ea48ebc84337,1.9455679300008342,0.1342291170731187,0.2823533790651709,2.3621504261391237
788,SingleLineInfilling/HumanEval/140/L11,HumanEval/140,L11,<=8,primary_control,ok,True,3,9,6,6,cal_lite,,,True,,,54a7a375d8869cbe50eaefbde185b054dd446a7669e99dc08227b03c6aa922f6,2.330840904964134,0.1436543921008706,0.3073921896284446,2.7818874866934493
789,SingleLineInfilling/HumanEval/140/L12,HumanEval/140,L12,<=8,primary_control,ok,True,7,7,0,0,cal_lite,,,True,,,26293c6f28ed8fd48b4e0f152f7d5ee01514549757e98d1129cc02a969f4e712,1.9471931959269568,0.1520054880529642,0.2960638888180256,2.3952625727979466
790,SingleLineInfilling/HumanEval/140/L13,HumanEval/140,L13,13-16,primary_control,ok,True,13,7,-6,6,cal_lite,,,True,,,cc6abdcdd353689e3b077b738aed50ab3b85bcbb45ba871a9dae763bfe305467,1.9602167380508035,0.152867890894413,0.2955757159506902,2.4086603448959067
791,SingleLineInfilling/HumanEval/140/L14,HumanEval/140,L14,<=8,primary_control,ok,True,5,6,1,1,cal_lite,,,True,,,421020a512b2f0793dc1a101c23e68921cc0747e3b41533337436d08838837a0,1.9523838079767302,0.14621964504476637,0.29601015872322023,2.3946136117447168
792,SingleLineInfilling/HumanEval/140/L15,HumanEval/140,L15,9-12,primary_control,ok,True,9,9,0,0,cal_lite,,,True,,,26293c6f28ed8fd48b4e0f152f7d5ee01514549757e98d1129cc02a969f4e712,1.9474881609203294,0.14029033004771918,0.2936248080804944,2.381403299048543
793,SingleLineInfilling/HumanEval/140/L16,HumanEval/140,L16,<=8,primary_control,ok,True,5,5,0,0,cal_lite,,,True,,,26293c6f28ed8fd48b4e0f152f7d5ee01514549757e98d1129cc02a969f4e712,1.9628903969423845,0.14780311891809106,0.2947749327868223,2.405468448647298
794,SingleLineInfilling/HumanEval/140/L17,HumanEval/140,L17,9-12,primary_control,ok,True,9,9,0,0,cal_lite,,,True,,,26293c6f28ed8fd48b4e0f152f7d5ee01514549757e98d1129cc02a969f4e712,1.9554984089918435,0.1514950110577047,0.28800435608718544,2.3949977761367336
795,SingleLineInfilling/HumanEval/140/L18,HumanEval/140,L18,<=8,primary_control,ok,True,6,10,4,4,cal_lite,,,True,,,b8d6791ae83504c3406d84504617427703e0aff52ff7216f463507f8e41f0416,2.341767876991071,0.14939955808222294,0.2855601088376716,2.7767275439109653
796,SingleLineInfilling/HumanEval/140/L19,HumanEval/140,L19,<=8,primary_control,ok,True,5,4,-1,1,cal_lite,,,True,,,6edabfc7158385938bf77f033106dee02ff34d207c919bbe12010347fea94f97,1.9345761119620875,0.14392125885933638,0.29033010627608746,2.3688274770975113
797,SingleLineInfilling/HumanEval/141/L0,HumanEval/141,L0,9-12,primary_control,ok,True,12,12,0,0,cal_lite,,,True,,,657fc2894c20a1c1923f7c2892f11f8b2f0aceb243f3ed6f21f1f8a26b9936bf,2.640996353002265,0.15003501006867737,0.3000345468753949,3.0910659099463373
798,SingleLineInfilling/HumanEval/141/L1,HumanEval/141,L1,9-12,primary_control,ok,True,10,7,-3,3,cal_lite,,,True,,,37f00ed046d991e5d4c8b8d3af06449a6f17815870ec7c7f16d8c62e69eca251,2.592062834999524,0.15390997007489204,0.29087512858677655,3.0368479336611927
799,SingleLineInfilling/HumanEval/141/L2,HumanEval/141,L2,9-12,primary_control,ok,True,9,9,0,0,cal_lite,,,True,,,dd7ecef4f7b631828454ee243a9b6ad03deeb43fc6eaf048b2fee786433d989d,2.6055423750076443,0.1512563299620524,0.2955957525409758,3.0523944575106725
800,SingleLineInfilling/HumanEval/141/L3,HumanEval/141,L3,<=8,primary_control,ok,True,5,5,0,0,cal_lite,,,True,,,dd7ecef4f7b631828454ee243a9b6ad03deeb43fc6eaf048b2fee786433d989d,2.5998880070401356,0.1579051431035623,0.29468368471134454,3.0524768348550424
801,SingleLineInfilling/HumanEval/141/L4,HumanEval/141,L4,9-12,primary_control,ok,True,10,10,0,0,cal_lite,,,True,,,558742de326614b75fd64e81a7dbd31e70e7bf423b2438292c53a5195abbe0b8,2.6263888609828427,0.14913520810659975,0.29367797006852925,3.0692020391579717
802,SingleLineInfilling/HumanEval/141/L5,HumanEval/141,L5,<=8,primary_control,ok,True,5,5,0,0,cal_lite,,,True,,,dd7ecef4f7b631828454ee243a9b6ad03deeb43fc6eaf048b2fee786433d989d,2.6119583080289885,0.1580078899860382,0.30056444567162544,3.070530643686652
803,SingleLineInfilling/HumanEval/141/L6,HumanEval/141,L6,9-12,primary_control,ok,True,11,11,0,0,cal_lite,,,True,,,dd7ecef4f7b631828454ee243a9b6ad03deeb43fc6eaf048b2fee786433d989d,2.6117176740663126,0.15503826807253063,0.30017823120579123,3.0669341733446345
804,SingleLineInfilling/HumanEval/141/L7,HumanEval/141,L7,<=8,primary_control,ok,True,5,20,15,15,cal_lite,,,True,,,658712f8e3d14fb40cf15a397444a697c957a3d187d051efb8a3b45730d10a16,2.6689848749665543,0.15493405901361257,0.28934919193852693,3.113268125918694
805,SingleLineInfilling/HumanEval/141/L8,HumanEval/141,L8,9-12,primary_control,ok,False,12,8,-4,4,cal_lite,,,True,UnitTestFailure,failed: ,1a41ee603b6b836464d1ff2482f9b8b115e0c487c6a6928dcf097cd68faaf8c8,2.596780176041648,0.15170564700383693,0.29888501099776477,3.0473708340432495
806,SingleLineInfilling/HumanEval/141/L9,HumanEval/141,L9,<=8,primary_control,ok,True,5,5,0,0,cal_lite,,,True,,,dd7ecef4f7b631828454ee243a9b6ad03deeb43fc6eaf048b2fee786433d989d,2.6077852949965745,0.1490393860731274,0.2914581500226632,3.048282831092365
807,SingleLineInfilling/HumanEval/141/L10,HumanEval/141,L10,17-24,primary_control,ok,False,17,7,-10,10,cal_lite,,,True,UnitTestFailure,failed: count() takes at least 1 argument (0 given),a0361bcf9027d6ed416324dee250ec060ea13638e10dea22d3948f0e34aa445e,2.4130982039496303,0.15784746198914945,0.29011461918707937,2.861060285125859
808,SingleLineInfilling/HumanEval/141/L11,HumanEval/141,L11,<=8,primary_control,ok,True,7,7,0,0,cal_lite,,,True,,,dd7ecef4f7b631828454ee243a9b6ad03deeb43fc6eaf048b2fee786433d989d,2.579544879961759,0.15332838997710496,0.3115466993767768,3.0444199693156406
809,SingleLineInfilling/HumanEval/141/L12,HumanEval/141,L12,<=8,primary_control,ok,True,5,13,8,8,cal_lite,,,True,,,e7dcc6f513162cbdead37b03fcdc675b933a69dd5ff4f905670812743a13742d,2.634263237938285,0.14322527300100774,0.2960742119466886,3.073562722885981
810,SingleLineInfilling/HumanEval/141/L13,HumanEval/141,L13,<=8,primary_control,ok,True,5,8,3,3,cal_lite,,,True,,,55fbcfd5aff9cc7cdd90ce7966bb982e0630daa39e375895d279a9124c986a7f,2.625291661010124,0.14569469110574573,0.2919040680862963,3.062890420202166
811,SingleLineInfilling/HumanEval/142/L0,HumanEval/142,L0,<=8,primary_control,ok,True,4,3,-1,1,cal_lite,,,True,,,20030e026afd375b06462fb6d5c5d14d1082d0aff950b9114cda0302648025c1,1.9229980329982936,0.15554825705476105,0.2878738121362403,2.366420102189295
812,SingleLineInfilling/HumanEval/142/L1,HumanEval/142,L1,<=8,primary_control,ok,True,8,8,0,0,cal_lite,,,True,,,15629397c7dedb17441baf4ebad86f96b4faee8e6496a5d9100fe16c2c187962,1.9346067659789696,0.15332494885660708,0.2890575152123347,2.3769892300479114
813,SingleLineInfilling/HumanEval/142/L2,HumanEval/142,L2,9-12,primary_control,ok,True,9,10,1,1,cal_lite,,,True,,,21cb8e4fdaa0ae09d89b1a3551425e0b50d4cf64132b755f8e3f1c802c85e58e,1.9349074320634827,0.1485582939349115,0.2915271404199302,2.3749928664183244
814,SingleLineInfilling/HumanEval/142/L3,HumanEval/142,L3,<=8,primary_control,ok,True,8,8,0,0,cal_lite,,,True,,,15629397c7dedb17441baf4ebad86f96b4faee8e6496a5d9100fe16c2c187962,1.926770771970041,0.15357797592878342,0.294457716983743,2.3748064648825675
815,SingleLineInfilling/HumanEval/142/L4,HumanEval/142,L4,17-24,primary_control,ok,True,17,9,-8,8,cal_lite,,,True,,,41878f8539b8a62dc401ee74c8d196cd81b60ccf2789a4191412376fe3cdad23,1.941542026004754,0.15167065896093845,0.2887424088548869,2.3819550938205793
816,SingleLineInfilling/HumanEval/142/L5,HumanEval/142,L5,<=8,primary_control,ok,True,8,8,0,0,cal_lite,,,True,,,15629397c7dedb17441baf4ebad86f96b4faee8e6496a5d9100fe16c2c187962,1.9474515919573605,0.14726787200197577,0.29094924102537334,2.3856687049847096
817,SingleLineInfilling/HumanEval/142/L6,HumanEval/142,L6,<=8,primary_control,ok,True,3,3,0,0,cal_lite,,,True,,,15629397c7dedb17441baf4ebad86f96b4faee8e6496a5d9100fe16c2c187962,1.929691749974154,0.15257668402045965,0.2909885178087279,2.3732569518033415
818,SingleLineInfilling/HumanEval/142/L7,HumanEval/142,L7,<=8,primary_control,ok,True,6,6,0,0,cal_lite,,,True,,,15629397c7dedb17441baf4ebad86f96b4faee8e6496a5d9100fe16c2c187962,1.9386716929730028,0.14737493498250842,0.28768343781121075,2.373730065766722
819,SingleLineInfilling/HumanEval/142/L8,HumanEval/142,L8,<=8,primary_control,ok,False,5,3,-2,2,cal_lite,,,True,UnitTestFailure,failed: ,975f33a4bd1144ca880abbb89c98279cace39b01be2b870905eb020bfae02747,1.9031124600442126,0.15596270107198507,0.2884064642712474,2.347481625387445
820,SingleLineInfilling/HumanEval/144/L0,HumanEval/144,L0,<=8,primary_control,ok,True,8,8,0,0,cal_lite,,,True,,,cef1e11e59eba58db94e8dc770387c3ba02a39a8a1ce760aa3129a5038673a03,1.903206745046191,0.1557234429055825,0.2881124230334535,2.347042610985227
821,SingleLineInfilling/HumanEval/144/L1,HumanEval/144,L1,<=8,primary_control,ok,True,8,8,0,0,cal_lite,,,True,,,84e4011abca02fab7306fed8d9af5853a4d18ce753f4d048672e686721bb8235,1.9130720450775698,0.14722666994202882,0.29551742516923696,2.3558161401888356
822,SingleLineInfilling/HumanEval/144/L2,HumanEval/144,L2,9-12,primary_control,ok,True,10,10,0,0,cal_lite,,,True,,,84e4011abca02fab7306fed8d9af5853a4d18ce753f4d048672e686721bb8235,1.9207017270382494,0.16001808200962842,0.2893081740476191,2.370027983095497
823,SingleLineInfilling/HumanEval/144/L3,HumanEval/144,L3,9-12,primary_control,ok,True,10,10,0,0,cal_lite,,,True,,,84e4011abca02fab7306fed8d9af5853a4d18ce753f4d048672e686721bb8235,1.9185790099436417,0.14259062299970537,0.2880519392201677,2.349221572163515
824,SingleLineInfilling/HumanEval/144/L4,HumanEval/144,L4,13-16,primary_control,ok,True,16,9,-7,7,cal_lite,,,True,,,ca67db68ee29a12369274137dbcb512bcadd1f7777b5eb0404e8b2a0a8051fcb,1.9066448860103264,0.15076196193695068,0.28381981374695897,2.341226661694236
825,SingleLineInfilling/HumanEval/144/L5,HumanEval/144,L5,<=8,primary_control,ok,True,4,11,7,7,cal_lite,,,True,,,d7f77e8bc4a8edb38ff1e3296d72e3139a13a8ba764ce57b4d2a36f4f44bfeca,1.8946382829453796,0.14476883388124406,0.2859744601882994,2.325381577014923
826,SingleLineInfilling/HumanEval/144/L6,HumanEval/144,L6,<=8,primary_control,ok,True,4,6,2,2,cal_lite,,,True,,,0cabc29c362f2d1103fdb5725e3c639af41226751cdd109616aa704900f07f60,1.9030604149447754,0.14626718300860375,0.29288451187312603,2.342212109826505
827,SingleLineInfilling/HumanEval/145/L0,HumanEval/145,L0,<=8,primary_control,ok,True,6,6,0,0,cal_lite,,,True,,,3b7967e76cfb9f7391c0df3004b5798085bb59583aa921f24c55156048ae3c91,1.8638905920088291,0.15472509700339288,0.28505053382832557,2.3036662228405476
828,SingleLineInfilling/HumanEval/145/L1,HumanEval/145,L1,<=8,primary_control,ok,True,6,6,0,0,cal_lite,,,True,,,05394cae05cc33b93aeb0b59d7c6fdcb1a96405a3d7881b61dbd13d9850f9cfd,1.873134674038738,0.1506962450221181,0.2937226389767602,2.3175535580376163
829,SingleLineInfilling/HumanEval/145/L2,HumanEval/145,L2,17-24,primary_control,ok,False,19,13,-6,6,cal_lite,,,True,UnitTestFailure,failed: invalid literal for int() with base 10: '-',214943febe0462890543e03bc43ae6fb0c165f16295234373e5d1b100690c1b2,1.8903894849354401,0.14870547805912793,0.28486983000766486,2.323964793002233
830,SingleLineInfilling/HumanEval/145/L3,HumanEval/145,L3,13-16,primary_control,ok,False,13,7,-6,6,cal_lite,,,True,UnitTestFailure,failed: unsupported operand type(s) for +: 'int' and 'str',9f7d3b72b09ccab226d6dc821571df5749befb832e3c0c5d70629ba9fd01aee4,1.8639847150770947,0.14277479785960168,0.2967086151475087,2.303468128084205
831,SingleLineInfilling/HumanEval/145/L4,HumanEval/145,L4,13-16,primary_control,ok,False,13,6,-7,7,cal_lite,,,True,UnitTestFailure,failed: ,6210abe398bafbddca434c4aa842bd56e21fa96769ee64f70d21b55a4db879f6,1.8743722189683467,0.15434938797261566,0.2881049041170627,2.316826511058025
832,SingleLineInfilling/HumanEval/145/L5,HumanEval/145,L5,<=8,primary_control,ok,True,5,5,0,0,cal_lite,,,True,,,05394cae05cc33b93aeb0b59d7c6fdcb1a96405a3d7881b61dbd13d9850f9cfd,1.8676678800256923,0.14669060497544706,0.28981062886305153,2.304169113864191
833,SingleLineInfilling/HumanEval/145/L6,HumanEval/145,L6,9-12,primary_control,ok,True,10,10,0,0,cal_lite,,,True,,,fc4da5c06f7b0ef2be67dcd14ad8c64ab51190ff465a0b7f072e12e3f6d02f47,1.8820202799979597,0.150094609009102,0.2918773910496384,2.3239922800567
834,SingleLineInfilling/HumanEval/146/L1,HumanEval/146,L1,<=8,primary_control,ok,True,6,6,0,0,cal_lite,,,True,,,88888156b964572e0bafc172d2c8220e9a863d441585476f1fa20c7e7822f660,1.9259305270388722,0.15843198797665536,0.2859791258815676,2.370341640897095
835,SingleLineInfilling/HumanEval/146/L2,HumanEval/146,L2,<=8,primary_control,ok,True,6,6,0,0,cal_lite,,,True,,,88888156b964572e0bafc172d2c8220e9a863d441585476f1fa20c7e7822f660,1.9135638209991157,0.15391994989477098,0.2834908600198105,2.350974630913697
836,SingleLineInfilling/HumanEval/146/L3,HumanEval/146,L3,<=8,primary_control,ok,True,8,8,0,0,cal_lite,,,True,,,88888156b964572e0bafc172d2c8220e9a863d441585476f1fa20c7e7822f660,1.9136285569984466,0.1542309341020882,0.2901306271087378,2.3579901182092726
837,SingleLineInfilling/HumanEval/146/L4,HumanEval/146,L4,17-24,primary_control,ok,True,19,15,-4,4,cal_lite,,,True,,,4262b2f37d2115268552e08441507806f09ca6d5d6c10193d4c028335527ffc0,1.9359699429478496,0.1538405332248658,0.2926914239069447,2.38250190007966
838,SingleLineInfilling/HumanEval/146/L5,HumanEval/146,L5,<=8,primary_control,ok,True,8,8,0,0,cal_lite,,,True,,,88888156b964572e0bafc172d2c8220e9a863d441585476f1fa20c7e7822f660,1.9211553309578449,0.1484070720616728,0.28797021019272506,2.3575326132122427
839,SingleLineInfilling/HumanEval/146/L6,HumanEval/146,L6,17-24,primary_control,ok,True,24,24,0,0,cal_lite,,,True,,,88888156b964572e0bafc172d2c8220e9a863d441585476f1fa20c7e7822f660,1.9395302779739723,0.1532201609807089,0.288275787839666,2.381026226794347
840,SingleLineInfilling/HumanEval/146/L7,HumanEval/146,L7,<=8,primary_control,ok,True,6,5,-1,1,cal_lite,,,True,,,49486d42ea1439d53281b3ccab45b4f0a2d4174c5245f1f88451084b482e9f33,1.901388171943836,0.14543163508642465,0.28710362513083965,2.3339234321611
841,SingleLineInfilling/HumanEval/146/L9,HumanEval/146,L9,<=8,primary_control,ok,True,4,3,-1,1,cal_lite,,,True,,,2eafff45177702d30b6d81c1416b4189d7e29cf42d89e5228d20e3db693f2ff6,1.8901778500294313,0.16272914304863662,0.29592256795149297,2.348829561029561
842,SingleLineInfilling/HumanEval/147/L0,HumanEval/147,L0,17-24,primary_control,ok,False,21,16,-5,5,cal_lite,,,True,UnitTestFailure,failed: ,ce2de851cbdc6da48ceb692da74bc2a47737dd41b600f99f88571886ab4ec8c9,1.9910363260423765,0.14787806989625096,0.2877216641791165,2.426636060117744
843,SingleLineInfilling/HumanEval/147/L1,HumanEval/147,L1,<=8,primary_control,ok,True,4,4,0,0,cal_lite,,,True,,,4ca09e8b1a4f2d3cf9fe96c39a437dc587815274d932a077ff4ec9ecb0224368,1.9607946260366589,0.17505967104807496,0.2954366143094376,2.4312909113941714
844,SingleLineInfilling/HumanEval/147/L2,HumanEval/147,L2,<=8,primary_control,ok,True,7,7,0,0,cal_lite,,,True,,,4ca09e8b1a4f2d3cf9fe96c39a437dc587815274d932a077ff4ec9ecb0224368,1.9633356200065464,0.17645534209441394,0.2956721622031182,2.4354631243040785
845,SingleLineInfilling/HumanEval/147/L3,HumanEval/147,L3,9-12,primary_control,ok,True,10,10,0,0,cal_lite,,,True,,,4ca09e8b1a4f2d3cf9fe96c39a437dc587815274d932a077ff4ec9ecb0224368,1.9821254858979955,0.17785418103449047,0.2931280650664121,2.453107731998898
846,SingleLineInfilling/HumanEval/147/L4,HumanEval/147,L4,9-12,primary_control,ok,True,10,10,0,0,cal_lite,,,True,,,4ca09e8b1a4f2d3cf9fe96c39a437dc587815274d932a077ff4ec9ecb0224368,1.9740259520476684,0.15990739199332893,0.2880876149283722,2.4220209589693695
847,SingleLineInfilling/HumanEval/147/L5,HumanEval/147,L5,17-24,primary_control,ok,True,18,20,2,2,cal_lite,,,True,,,66827aeb4a516fb855b43df8eea67aecf1b46a02c1ed65631b3edc8c660f3430,1.9991799730341882,0.14880920003633946,0.2951296742539853,2.443118847324513
848,SingleLineInfilling/HumanEval/147/L6,HumanEval/147,L6,13-16,primary_control,ok,True,13,13,0,0,cal_lite,,,True,,,75082b47929810d9df4068cc5b2e59409e9df3db678843bb9a05854bca9363fa,1.981624698964879,0.16883037402294576,0.28721052675973624,2.437665599747561
849,SingleLineInfilling/HumanEval/147/L7,HumanEval/147,L7,<=8,primary_control,ok,False,5,3,-2,2,cal_lite,,,True,UnitTestFailure,failed: ,546c8305e6b7e18725c26d947cf584b9b3e10e51ebe8fc0a7aeeae67f075c70a,1.9422818119637668,0.145302307093516,0.2921327168587595,2.3797168359160423
850,SingleLineInfilling/HumanEval/148/L0,HumanEval/148,L0,25+,primary_control,ok,False,36,20,-16,16,cal_lite,,,True,UnitTestFailure,failed: First test error: 21,d4a3f35af71c08a0f12dd8d91c5479c899d02027452c3969d82961701275fa91,2.6473636019509286,0.15676805994007736,0.2882486970629543,3.0923803589539602
851,SingleLineInfilling/HumanEval/148/L1,HumanEval/148,L1,17-24,primary_control,ok,True,22,16,-6,6,cal_lite,,,True,,,43e4b71bde6620f370154759de4e67fb4bd04b4e89d23669c294c37e590e52cc,2.655773501028307,0.15644672384951264,0.29161472897976637,3.103834953857586
852,SingleLineInfilling/HumanEval/148/L2,HumanEval/148,L2,<=8,primary_control,ok,True,3,3,0,0,cal_lite,,,True,,,529e2e1dedba6800826ce8e5b39a18a48acff77b7f593fd91a4d31f8f3d51f93,2.620041557936929,0.1336716110818088,0.288134019006975,3.041847188025713
853,SingleLineInfilling/HumanEval/148/L3,HumanEval/148,L3,9-12,primary_control,ok,True,12,12,0,0,cal_lite,,,True,,,529e2e1dedba6800826ce8e5b39a18a48acff77b7f593fd91a4d31f8f3d51f93,2.629084198968485,0.14994436409324408,0.28755845117848366,3.0665870142402127
854,SingleLineInfilling/HumanEval/148/L4,HumanEval/148,L4,9-12,primary_control,ok,True,12,12,0,0,cal_lite,,,True,,,529e2e1dedba6800826ce8e5b39a18a48acff77b7f593fd91a4d31f8f3d51f93,2.6530282159801573,0.14253288705367595,0.2937996219843626,3.089360725018196
855,SingleLineInfilling/HumanEval/148/L5,HumanEval/148,L5,9-12,primary_control,ok,True,10,10,0,0,cal_lite,,,True,,,529e2e1dedba6800826ce8e5b39a18a48acff77b7f593fd91a4d31f8f3d51f93,2.648736103088595,0.15632706880569458,0.2938297938089818,3.0988929657032713
856,SingleLineInfilling/HumanEval/148/L6,HumanEval/148,L6,17-24,primary_control,ok,False,17,20,3,3,cal_lite,,,True,UnitTestFailure,failed: First test error: 3,ec9df41bc644ee1969fbe68fee206f20c9094c3a133188b980e0722c02523195,2.6551434489665553,0.15387204114813358,0.30142662476282567,3.1104421148775145
857,SingleLineInfilling/HumanEval/148/L7,HumanEval/148,L7,<=8,primary_control,ok,True,3,10,7,7,cal_lite,,,True,,,8c067e6739fc89c5b43d20b072e474fa10fcad44ace02d47d644a8165f915f67,2.6202903230441734,0.13931058486923575,0.2970088351285085,3.0566097430419177
858,SingleLineInfilling/HumanEval/148/L8,HumanEval/148,L8,17-24,primary_control,ok,False,17,14,-3,3,cal_lite,,,True,UnitTestFailure,"failed: Second test error: ('Mercury', 'Venus')",b08ec903fe5d0d2ae0ec0e0af242159e916739504ac5be37ea9d9c114fd3158f,2.645359726040624,0.1389365290524438,0.2930812956765294,3.0773775507695973
859,SingleLineInfilling/HumanEval/150/L0,HumanEval/150,L0,<=8,primary_control,ok,False,7,5,-2,2,cal_lite,,,True,UnitTestFailure,failed: ,985ee2874a76baff8135b19ffce0b30954ceb9c7cd035c92af425fb4490fe8bd,1.8749802790116519,0.15213503199629486,0.2962886047316715,2.3234039157396182
860,SingleLineInfilling/HumanEval/150/L1,HumanEval/150,L1,<=8,primary_control,ok,True,4,15,11,11,cal_lite,,,True,,,12162e656bdeca75216955244a36a8d39052fc65382cd2181370d4eacf67ce1f,1.86390943499282,0.15109632292296737,0.2855979101732373,2.3006036680890247
861,SingleLineInfilling/HumanEval/150/L2,HumanEval/150,L2,9-12,primary_control,ok,True,10,10,0,0,cal_lite,,,True,,,d8e5b04576d26a538e4ea07d2b5a8bd45dc6d8e2f1aba74cb6c14aae824e1f5e,1.8758404599502683,0.14931087603326887,0.2831973120337352,2.3083486480172724
862,SingleLineInfilling/HumanEval/150/L3,HumanEval/150,L3,9-12,primary_control,ok,True,9,9,0,0,cal_lite,,,True,,,d8e5b04576d26a538e4ea07d2b5a8bd45dc6d8e2f1aba74cb6c14aae824e1f5e,1.8526972780236974,0.14957098616287112,0.28802705800626427,2.290295322192833
863,SingleLineInfilling/HumanEval/150/L4,HumanEval/150,L4,<=8,primary_control,ok,True,4,4,0,0,cal_lite,,,True,,,d8e5b04576d26a538e4ea07d2b5a8bd45dc6d8e2f1aba74cb6c14aae824e1f5e,1.849691744078882,0.14558752090670168,0.2837949600070715,2.279074224992655
864,SingleLineInfilling/HumanEval/150/L5,HumanEval/150,L5,<=8,primary_control,ok,True,3,3,0,0,cal_lite,,,True,,,d8e5b04576d26a538e4ea07d2b5a8bd45dc6d8e2f1aba74cb6c14aae824e1f5e,1.8481888549868017,0.14499927300494164,0.2948677821550518,2.288055910146795
865,SingleLineInfilling/HumanEval/150/L6,HumanEval/150,L6,<=8,primary_control,ok,True,3,3,0,0,cal_lite,,,True,,,d8e5b04576d26a538e4ea07d2b5a8bd45dc6d8e2f1aba74cb6c14aae824e1f5e,1.8441888559609652,0.13836105400696397,0.286045036977157,2.268594946945086
866,SingleLineInfilling/HumanEval/150/L7,HumanEval/150,L7,<=8,primary_control,ok,True,4,3,-1,1,cal_lite,,,True,,,7ce8d8b9113eb66a72d0a33c080ce10125600c6586e225469e7228b17f1d3d4f,1.8468206990510225,0.1583542200969532,0.29343607486225665,2.2986109940102324
867,SingleLineInfilling/HumanEval/151/L0,HumanEval/151,L0,25+,primary_control,ok,False,29,12,-17,17,cal_lite,,,True,UnitTestFailure,failed: This prints if this assert fails 2 (good for debugging!),ba5acf232ccf58c4160d95434ad735073c5e770ec3b5e09f2eebbe262522890e,1.8393223530147225,0.15129649196751416,0.2986038328381255,2.289222677820362
868,SingleLineInfilling/HumanEval/152/L0,HumanEval/152,L0,13-16,primary_control,ok,False,16,15,-1,1,cal_lite,,,True,UnitTestFailure,failed: This prints if this assert fails 1 (good for debugging!),f75a981c1d86a4d15cca88935a53301e420527622bf05563271d8964e8f46a6a,1.9678153949789703,0.15566429996397346,0.28259704587981105,2.406076740822755
869,SingleLineInfilling/HumanEval/154/L0,HumanEval/154,L0,<=8,primary_control,ok,True,6,6,0,0,cal_lite,,,True,,,7473d91c8bdb6344b15b4659fa1b1a61bf2defdaf64ac777aad8b5fb83b8c706,1.8675398679915816,0.14383883692789823,0.29453768488019705,2.305916389799677
870,SingleLineInfilling/HumanEval/154/L1,HumanEval/154,L1,<=8,primary_control,ok,False,7,5,-2,2,cal_lite,,,True,UnitTestFailure,failed: test #3,01351f401f05d396bfa97fecb774be38e37f99e8f3d1cd51a3855c1fe080c189,1.8740644959034398,0.1536164799472317,0.29026647796854377,2.3179474538192153
871,SingleLineInfilling/HumanEval/154/L2,HumanEval/154,L2,13-16,primary_control,ok,True,14,8,-6,6,cal_lite,,,True,,,879139fb48325f1ac5fb1cdaf2ddd29ca54223e6e469ba1cfe1a55304b4e1206,1.868637676932849,0.14219977799803019,0.3009450667304918,2.311782521661371
872,SingleLineInfilling/HumanEval/154/L3,HumanEval/154,L3,9-12,primary_control,ok,True,10,14,4,4,cal_lite,,,True,,,1f383c5e904c62837a09436f0dc6ac8b2151ab662c86ec2b9e78fb4bea95ec73,1.888141475035809,0.15768820594530553,0.2938582649221644,2.339687945903279
873,SingleLineInfilling/HumanEval/154/L4,HumanEval/154,L4,13-16,primary_control,ok,False,13,4,-9,9,cal_lite,,,True,UnitTestFailure,failed: test #0,ad5ac3b25f4e623db020740570f7bbae00765b721dabe4a5fc3cc645ea9aeee1,1.862096679979004,0.15210791409481317,0.28948847914580256,2.3036930732196197
874,SingleLineInfilling/HumanEval/154/L5,HumanEval/154,L5,<=8,primary_control,ok,True,4,4,0,0,cal_lite,,,True,,,2a68e45e81eb791dce88ee518064dd47082b10c18ecaf41c6e49d4ecc61ef45f,1.8448941629612818,0.1452418341068551,0.2828476669965312,2.272983664064668
875,SingleLineInfilling/HumanEval/154/L6,HumanEval/154,L6,<=8,primary_control,ok,True,4,3,-1,1,cal_lite,,,True,,,7bdbb8b5007a7a00e685eb1788b5feafb234639487bfb1cb7bf1b79e3a3afbd8,1.8486450558993965,0.13923500385135412,0.294190430897288,2.2820704906480387
876,SingleLineInfilling/HumanEval/155/L0,HumanEval/155,L0,<=8,primary_control,ok,True,7,7,0,0,cal_lite,,,True,,,5281cd17655ddfbde53a2c35d4b0a0f249bdfc37e7c674e6c7264ca06f03622d,1.584439074038528,0.13952826289460063,0.27919060131534934,2.003157938248478
877,SingleLineInfilling/HumanEval/155/L1,HumanEval/155,L1,<=8,primary_control,ok,True,7,7,0,0,cal_lite,,,True,,,28302aea92281abfe7fcead6703ffc48e8a09b5abf4f596c56aaa3badb687796,1.5970848000142723,0.1328221659641713,0.2702063692267984,2.000113335205242
878,SingleLineInfilling/HumanEval/155/L2,HumanEval/155,L2,<=8,primary_control,ok,False,8,7,-1,1,cal_lite,,,True,UnitTestFailure,failed: invalid literal for int() with base 10: '-',fe9ce194ececff4c4cef10c11d6e091a61a92d72c4cd5cc0fc1a422be06a3483,1.5929074619198218,0.15176688495557755,0.2724623680114746,2.017136714886874
879,SingleLineInfilling/HumanEval/155/L3,HumanEval/155,L3,9-12,primary_control,ok,True,9,12,3,3,cal_lite,,,True,,,5b551d8b82fa62b603517046f0d14ba3ba8a8fc072b2fccccced4fcbc8fa3143,1.6192753630457446,0.14348835090640932,0.2920639698859304,2.0548276838380843
880,SingleLineInfilling/HumanEval/155/L4,HumanEval/155,L4,<=8,primary_control,ok,True,6,7,1,1,cal_lite,,,True,,,9a757da50e9d7cd53bd1d2e2817982262768433dceec8f7c138f35365c8ece64,1.6110202660784125,0.12353684601839632,0.27638773212675005,2.010944844223559
881,SingleLineInfilling/HumanEval/155/L5,HumanEval/155,L5,<=8,primary_control,ok,True,3,3,0,0,cal_lite,,,True,,,28302aea92281abfe7fcead6703ffc48e8a09b5abf4f596c56aaa3badb687796,1.6019515059888363,0.14530848781578243,0.2791476449929178,2.0264076387975365
882,SingleLineInfilling/HumanEval/155/L6,HumanEval/155,L6,<=8,primary_control,ok,True,6,7,1,1,cal_lite,,,True,,,f56e1aa247f113e2fb8ee980096b27651e839c8d5136233a388a4c9a827f88f8,1.6082386599155143,0.14912627497687936,0.28319230407942086,2.0405572389718145
883,SingleLineInfilling/HumanEval/155/L7,HumanEval/155,L7,9-12,primary_control,ok,True,9,7,-2,2,cal_lite,,,True,,,ef1f96a639cba27f5c88dd9bfa54d3276c14c37f1fb2a6652aeb73b90fb70cde,1.5883013580460101,0.1386620089178905,0.27181149006355554,1.9987748570274562
884,SingleLineInfilling/HumanEval/156/L0,HumanEval/156,L0,25+,primary_control,ok,False,32,20,-12,12,cal_lite,,,True,UnitTestFailure,failed: list index out of range,3fdd1f2c29c1d0bb74e5591cf14bf33291cc4c3d5cc9c1f2e2eacdc20d93620c,2.365074882050976,0.14531602524220943,0.28876811591908336,2.799159023212269
885,SingleLineInfilling/HumanEval/156/L1,HumanEval/156,L1,25+,primary_control,ok,False,28,16,-12,12,cal_lite,,,True,UnitTestFailure,failed: list index out of range,7338620629218029e9ca252e41c182c14e7a7f26209c968bda4cf9d1fc27629c,2.340603572083637,0.1477608239511028,0.2968341192463413,2.785198515281081
886,SingleLineInfilling/HumanEval/156/L2,HumanEval/156,L2,17-24,primary_control,ok,False,22,24,2,2,cal_lite,,,True,UnitTestFailure,failed: ,6811f69433768778225717cfd992eeef510c8a749cab1a13b677ed75d9ecc65c,2.3810515659861267,0.13840080320369452,0.29423996328841895,2.81369233247824
887,SingleLineInfilling/HumanEval/156/L3,HumanEval/156,L3,17-24,primary_control,ok,True,23,24,1,1,cal_lite,,,True,,,9dba4e062e6dee4de1b5ffa9d5632a14776930279f33c2443b1d124493040e9c,2.380428500007838,0.13806369400117546,0.2833547811023891,2.8018469751114026
888,SingleLineInfilling/HumanEval/156/L4,HumanEval/156,L4,<=8,primary_control,ok,True,7,10,3,3,cal_lite,,,True,,,6a7a76f58637daf580d9d60ab91a3bd27d1232160f42961f98045363960c5294,2.330464598024264,0.14040991407819092,0.28986716037616134,2.7607416724786162
889,SingleLineInfilling/HumanEval/156/L5,HumanEval/156,L5,<=8,primary_control,ok,True,4,4,0,0,cal_lite,,,True,,,71a33243605aa0d9bf2677642ef937641adad9e3fb785997d1e7f2bcd9b33073,2.3251165109686553,0.13831109600141644,0.2824772943276912,2.745904901297763
890,SingleLineInfilling/HumanEval/156/L6,HumanEval/156,L6,<=8,primary_control,ok,True,5,8,3,3,cal_lite,,,True,,,5a5b536410b73fc5ffb682a09d9220bd9f1964387bca98425e5ee3e28fecc209,2.3135427370434627,0.1267119130352512,0.2881570601603016,2.7284117102390155
891,SingleLineInfilling/HumanEval/156/L7,HumanEval/156,L7,9-12,primary_control,ok,True,9,9,0,0,cal_lite,,,True,,,800d032956b4c8c28e3e4ffdc7f35b01d8f8e87e7ec261f1d57703e7b19d1802,2.3304753019474447,0.13708918809425086,0.2868371157674119,2.7544016058091074
892,SingleLineInfilling/HumanEval/156/L8,HumanEval/156,L8,<=8,primary_control,ok,True,7,6,-1,1,cal_lite,,,True,,,9a5177a32d2198f7c6d7503026572e00ab0b4fea923f5b9c4a3b3be1a5271357,2.3104896110016853,0.14497604593634605,0.28315228573046625,2.7386179426684976
893,SingleLineInfilling/HumanEval/156/L9,HumanEval/156,L9,<=8,primary_control,ok,True,5,8,3,3,cal_lite,,,True,,,790f18cbec3d5186beda6143ab9bf07ecd2f01cebf089b3eecee978d66058bcb,2.3255406379466876,0.11443930398672819,0.29305195005144924,2.733031891984865
894,SingleLineInfilling/HumanEval/156/L10,HumanEval/156,L10,<=8,primary_control,ok,True,7,7,0,0,cal_lite,,,True,,,800d032956b4c8c28e3e4ffdc7f35b01d8f8e87e7ec261f1d57703e7b19d1802,2.3064113199943677,0.14313048298936337,0.2844273137161508,2.733969116699882
895,SingleLineInfilling/HumanEval/156/L11,HumanEval/156,L11,<=8,primary_control,ok,True,6,8,2,2,cal_lite,,,True,,,63b15e2139b8aa2e06abe38dcbbd78ce97d39d054901cf7aae798adb2c1933f7,2.3369578989222646,0.1343727990752086,0.2870084880851209,2.758339186082594
896,SingleLineInfilling/HumanEval/156/L12,HumanEval/156,L12,<=8,primary_control,ok,True,6,6,0,0,cal_lite,,,True,,,800d032956b4c8c28e3e4ffdc7f35b01d8f8e87e7ec261f1d57703e7b19d1802,2.3520962219918147,0.138563695945777,0.285819084267132,2.7764790022047237
897,SingleLineInfilling/HumanEval/156/L13,HumanEval/156,L13,<=8,primary_control,ok,False,5,4,-1,1,cal_lite,,,True,UnitTestFailure,failed: ,d7b9a38b1adc637ee339db6d8db51f3e564a56de3c30c469adaf089c62346851,2.3169265009928495,0.1489432619418949,0.28616775188129395,2.7520375148160383
898,SingleLineInfilling/HumanEval/157/L0,HumanEval/157,L0,25+,primary_control,ok,False,29,14,-15,15,cal_lite,,,True,UnitTestFailure,failed: ,c71842698a9fcd30e2945e20b33d6a905dd5bad27e60f74892742815a5d5fac6,1.6038800840033218,0.14495819283183664,0.27896457503084093,2.0278028518659994
899,SingleLineInfilling/HumanEval/158/L0,HumanEval/158,L0,17-24,primary_control,ok,False,19,3,-16,16,cal_lite,,,True,UnitTestFailure,failed: t1,2110ecf2e74bc43250884b9d46899171457e9b18ab9c7cf3b8772233f454c826,1.5648698409786448,0.13389451801776886,0.2733444949844852,1.9721088539808989
900,SingleLineInfilling/HumanEval/159/L0,HumanEval/159,L0,<=8,primary_control,ok,False,7,4,-3,3,cal_lite,,,True,UnitTestFailure,failed: Error,1583264313f24e7adabb1662bfc83ef43fec6649352d04e746d04b22a0eadef1,2.3975659620482475,0.14285099192056805,0.2864122270839289,2.8268291810527444
901,SingleLineInfilling/HumanEval/159/L1,HumanEval/159,L1,9-12,primary_control,ok,True,11,11,0,0,cal_lite,,,True,,,1f5e94bd077aad38ac774aaec770460aa9d929ce83a0b2353784ecbe2a3f4df1,2.4216223179828376,0.14120971388183534,0.2845939400140196,2.8474259718786925
902,SingleLineInfilling/HumanEval/159/L2,HumanEval/159,L2,<=8,primary_control,ok,True,3,3,0,0,cal_lite,,,True,,,c2e0198e9c3e33b02bcaa6596582cc530d79e52cd40bc2ada3a8560993793166,2.3943343579303473,0.11174132686574012,0.2862836559070274,2.792359340703115
903,SingleLineInfilling/HumanEval/159/L3,HumanEval/159,L3,9-12,primary_control,ok,True,10,10,0,0,cal_lite,,,True,,,3b87a415cd0bd3b81d5e57f7c4b83a5542aa7a3781779f5ae137034ed55bb311,2.417983528925106,0.14192446984816343,0.2896369688678533,2.8495449676411226
904,SingleLineInfilling/HumanEval/160/L0,HumanEval/160,L0,9-12,primary_control,ok,True,9,9,0,0,cal_lite,,,True,,,15bb2caee0971f9f7d796091bca2f2c774de729df067e28bbd0e227fcfd7781d,1.9561010609613732,0.12114487390499562,0.27911462320480496,2.3563605580711737
905,SingleLineInfilling/HumanEval/160/L1,HumanEval/160,L1,13-16,primary_control,ok,False,16,12,-4,4,cal_lite,,,True,UnitTestFailure,failed: name 'oprn' is not defined,0265708b381a22305ea5a25d9ccc27b3fb6acf7a845f4b614ecb0a5c620c1385,1.9611023489851505,0.15084271901287138,0.2943529459880665,2.4062980139860883
906,SingleLineInfilling/HumanEval/160/L2,HumanEval/160,L2,9-12,primary_control,ok,True,10,10,0,0,cal_lite,,,True,,,6846092b6560c3dbfbe352227d55cc8d33a85996f6465e61ce9430a7cb189251,1.9644837928935885,0.15428718295879662,0.29424593911971897,2.413016914972104
907,SingleLineInfilling/HumanEval/160/L3,HumanEval/160,L3,<=8,primary_control,ok,True,5,5,0,0,cal_lite,,,True,,,141b3550e355e798c1a3da4809e6352ec5782690f7ad1208e5426a9ce459bfb8,1.9451524770120159,0.1547227669507265,0.29611724615097046,2.395992490113713
908,SingleLineInfilling/HumanEval/161/L0,HumanEval/161,L0,<=8,primary_control,ok,True,7,7,0,0,cal_lite,,,True,,,6ab976cd9bd59f2ffab5f3c5b0d424164dfe6b98a76a7bebc1f0c15986ab2c4f,1.9063926569651812,0.1504518351284787,0.285747186280787,2.342591678374447
909,SingleLineInfilling/HumanEval/161/L1,HumanEval/161,L1,<=8,primary_control,ok,True,6,6,0,0,cal_lite,,,True,,,cd40fc4ba443e535c18eff48858719a022b691a6470797ca3582b8471b9d2b8f,1.898797741974704,0.156458163051866,0.28930813539773226,2.344564040424302
910,SingleLineInfilling/HumanEval/161/L2,HumanEval/161,L2,<=8,primary_control,ok,True,7,7,0,0,cal_lite,,,True,,,cd40fc4ba443e535c18eff48858719a022b691a6470797ca3582b8471b9d2b8f,1.9005549199646339,0.14616764313541353,0.29038115916773677,2.337103722267784
911,SingleLineInfilling/HumanEval/161/L3,HumanEval/161,L3,<=8,primary_control,ok,True,6,6,0,0,cal_lite,,,True,,,cd40fc4ba443e535c18eff48858719a022b691a6470797ca3582b8471b9d2b8f,1.8799577578902245,0.14627301401924342,0.28715125971939415,2.313382031628862
912,SingleLineInfilling/HumanEval/161/L4,HumanEval/161,L4,<=8,primary_control,ok,True,6,6,0,0,cal_lite,,,True,,,cd40fc4ba443e535c18eff48858719a022b691a6470797ca3582b8471b9d2b8f,1.8970912380609661,0.15639422310050577,0.29448081890586764,2.3479662800673395
913,SingleLineInfilling/HumanEval/161/L5,HumanEval/161,L5,9-12,primary_control,ok,False,10,9,-1,1,cal_lite,,,True,UnitTestFailure,failed: 'str' object has no attribute 'swap',318bce9bed26b8f6daf4301102864cfbca7ab29d26cb061b4406a57a66b1e17a,1.8880826040403917,0.1495017430279404,0.2961573953507468,2.333741742419079
914,SingleLineInfilling/HumanEval/161/L6,HumanEval/161,L6,<=8,primary_control,ok,True,7,7,0,0,cal_lite,,,True,,,cd40fc4ba443e535c18eff48858719a022b691a6470797ca3582b8471b9d2b8f,1.8993384370114654,0.14005163102410734,0.2923317870590836,2.3317218550946563
915,SingleLineInfilling/HumanEval/161/L7,HumanEval/161,L7,<=8,primary_control,ok,True,6,6,0,0,cal_lite,,,True,,,cd40fc4ba443e535c18eff48858719a022b691a6470797ca3582b8471b9d2b8f,1.9049913870403543,0.15792218095157295,0.29153317608870566,2.354446744080633
916,SingleLineInfilling/HumanEval/161/L8,HumanEval/161,L8,<=8,primary_control,ok,True,4,4,0,0,cal_lite,,,True,,,bb6fba7c2045e3c83792181fbb3ff748b19192d70e112a02f4c8a65578fc7cb6,1.9007545489585027,0.15116556687280536,0.28641256887931377,2.338332684710622
917,SingleLineInfilling/HumanEval/161/L9,HumanEval/161,L9,<=8,primary_control,ok,True,7,7,0,0,cal_lite,,,True,,,cd40fc4ba443e535c18eff48858719a022b691a6470797ca3582b8471b9d2b8f,1.8972801880445331,0.15217140200547874,0.2978722909465432,2.347323880996555
918,SingleLineInfilling/HumanEval/161/L10,HumanEval/161,L10,<=8,primary_control,ok,True,5,7,2,2,cal_lite,,,True,,,b777f49e8a136153f9e0c92047551cde095c85cc4e15f00d86da35fc3d497da3,1.9204299880657345,0.14791257109027356,0.29583654121961445,2.3641791003756225
919,SingleLineInfilling/HumanEval/161/L11,HumanEval/161,L11,<=8,primary_control,ok,True,8,8,0,0,cal_lite,,,True,,,cd40fc4ba443e535c18eff48858719a022b691a6470797ca3582b8471b9d2b8f,1.9189634450012818,0.15130877902265638,0.29423527570907027,2.3645074997330084
920,SingleLineInfilling/HumanEval/161/L12,HumanEval/161,L12,9-12,primary_control,ok,True,9,7,-2,2,cal_lite,,,True,,,efab8fd6144560bd95953043378d95b9180e04087ed2c86b53b705eb19bfb661,1.9282725000521168,0.14050058799330145,0.309762581018731,2.3785356690641493
921,SingleLineInfilling/HumanEval/161/L13,HumanEval/161,L13,<=8,primary_control,ok,True,4,7,3,3,cal_lite,,,True,,,4dc90f1a8806c831ddc900b106fed0f870f2a6ad7e2be6dfe196b4d3c83c08ab,1.8847685860237107,0.14043650613166392,0.2950157483574003,2.320220840512775
922,SingleLineInfilling/HumanEval/162/L0,HumanEval/162,L0,<=8,primary_control,ok,True,4,4,0,0,cal_lite,,,True,,,257bb72ce90d3621fdd45570f88804a56191d34d1eb69e78c724a55d7885ed4b,1.55847010796424,0.13679444987792522,0.2817732588155195,1.9770378166576847
923,SingleLineInfilling/HumanEval/162/L1,HumanEval/162,L1,17-24,primary_control,ok,False,17,9,-8,8,cal_lite,,,True,UnitTestFailure,failed: Strings must be encoded before hashing,cb36c4e3d0ee62ec8b04f08092a57495edee8bcedfea038b841dcc2b1806d82a,1.5731465040007606,0.145098163979128,0.2843936994904652,2.002638367470354
924,SingleLineInfilling/HumanEval/163/L0,HumanEval/163,L0,9-12,primary_control,ok,True,12,12,0,0,cal_lite,,,True,,,bebabd4464231a1b789e776c80d313f2320fb73532ca4f637a6c5791b8101fb2,1.8680984230013564,0.15623825578950346,0.29066590406000614,2.315002582850866
925,SingleLineInfilling/HumanEval/163/L1,HumanEval/163,L1,9-12,primary_control,ok,False,12,11,-1,1,cal_lite,,,True,UnitTestFailure,failed: Test 3,14dc64987761345d35ed3a4f920a28e9e3f002b691cfd613d050c2cfc59bedab,1.8613947089761496,0.1542236569803208,0.295715790707618,2.3113341566640884
926,SingleLineInfilling/HumanEval/163/L3,HumanEval/163,L3,17-24,primary_control,ok,False,23,9,-14,14,cal_lite,,,True,UnitTestFailure,failed: Test 1,7b14415229f5801a9b86b8cbb73a904bba0401d2c2c13bccd108385e9ef00395,1.849578863941133,0.12697876302991062,0.30554348486475646,2.2821011118358
0,SingleLineInfilling/HumanEval/0/L0,HumanEval/0,L0,9-12,best_simple_length_policy,ok,True,9,9,0,0,lcal_official_bounded_repair,base,none,True,,,022fe56865169f42bdb098ac22caa58da052ae57adc8ff365cfb7cbcfd4ab684,1.8588065999792889,0.12589649902656674,0.45927344891242683,2.4439765479182824
1,SingleLineInfilling/HumanEval/0/L1,HumanEval/0,L1,9-12,best_simple_length_policy,ok,True,11,11,0,0,lcal_official_bounded_repair,base,none,True,,,40560c20a6f56877abd19fa87e39aa5d43f3bff6b7417c68e11fc772c096a6c9,1.8779031750746071,0.14663804601877928,0.49560300016310066,2.520144221256487
2,SingleLineInfilling/HumanEval/0/L2,HumanEval/0,L2,<=8,best_simple_length_policy,ok,True,7,7,0,0,lcal_official_bounded_repair,official_bounded_repair,none,True,,,40560c20a6f56877abd19fa87e39aa5d43f3bff6b7417c68e11fc772c096a6c9,1.8788320440798998,0.13902580505236983,0.5356698237592354,2.553527672891505
3,SingleLineInfilling/HumanEval/0/L3,HumanEval/0,L3,9-12,best_simple_length_policy,ok,True,9,9,0,0,lcal_official_bounded_repair,base,none,True,,,40560c20a6f56877abd19fa87e39aa5d43f3bff6b7417c68e11fc772c096a6c9,1.8482171059586108,0.1374677069252357,0.4586120288586244,2.444296841742471
4,SingleLineInfilling/HumanEval/0/L4,HumanEval/0,L4,<=8,best_simple_length_policy,ok,True,6,6,0,0,lcal_official_bounded_repair,base,none,True,,,40560c20a6f56877abd19fa87e39aa5d43f3bff6b7417c68e11fc772c096a6c9,1.8393424570094794,0.1360584490466863,0.48785387619864196,2.4632547822548077
5,SingleLineInfilling/HumanEval/0/L5,HumanEval/0,L5,<=8,best_simple_length_policy,ok,True,4,9,5,5,lcal_official_bounded_repair,official_bounded_repair,none,True,,,85e05e9257ce928d139e18c57d4dccf891ee9beb469718ac9dca87854ad528ca,1.8606995990267023,0.14973598497454077,0.4692691611126065,2.4797047451138496
6,SingleLineInfilling/HumanEval/0/L7,HumanEval/0,L7,<=8,best_simple_length_policy,ok,True,4,4,0,0,lcal_official_bounded_repair,base,none,True,,,40560c20a6f56877abd19fa87e39aa5d43f3bff6b7417c68e11fc772c096a6c9,1.827839344041422,0.14593641902320087,0.5335331519600004,2.5073089150246233
7,SingleLineInfilling/HumanEval/1/L0,HumanEval/1,L0,<=8,best_simple_length_policy,ok,True,4,8,4,4,lcal_official_bounded_repair,base,none,True,,,941612227d19fcbcaf9af09974119ed73b1b31ed553d2da365aaa9138c71d0d2,1.9259624420665205,0.12537612998858094,0.4609089349396527,2.512247506994754
8,SingleLineInfilling/HumanEval/1/L1,HumanEval/1,L1,<=8,best_simple_length_policy,ok,True,5,9,4,4,lcal_official_bounded_repair,base,none,True,,,5183ae6eb1442e831df6aeb40db8c8df20477bac8410be4933737cb95e95b567,1.8859271040419117,0.1180666919099167,0.48147004493512213,2.4854638408869505
9,SingleLineInfilling/HumanEval/1/L2,HumanEval/1,L2,<=8,best_simple_length_policy,ok,True,7,8,1,1,lcal_official_bounded_repair,base,none,True,,,1e839a2ce33601fa6e9515c49043a0c1529054f42cfec37c1e518239e9e90ae7,1.890265921014361,0.14247281500138342,0.4356909184716642,2.4684296544874087
10,SingleLineInfilling/HumanEval/1/L4,HumanEval/1,L4,<=8,best_simple_length_policy,ok,True,7,7,0,0,lcal_official_bounded_repair,base,none,True,,,464c1465d5dbdf81777dab90f452cf22371867ee1349fed5d983ef0492c1f621,1.8994904489954934,0.130252895061858,0.47462935699149966,2.504372701048851
11,SingleLineInfilling/HumanEval/1/L5,HumanEval/1,L5,<=8,best_simple_length_policy,ok,True,6,6,0,0,lcal_official_bounded_repair,base,none,True,,,464c1465d5dbdf81777dab90f452cf22371867ee1349fed5d983ef0492c1f621,1.8879691559122875,0.1504734830232337,0.584623558097519,2.6230661970330402
12,SingleLineInfilling/HumanEval/1/L6,HumanEval/1,L6,<=8,best_simple_length_policy,ok,True,7,7,0,0,lcal_official_bounded_repair,base,none,True,,,464c1465d5dbdf81777dab90f452cf22371867ee1349fed5d983ef0492c1f621,1.904759724973701,0.15295585908461362,0.49519193917512894,2.5529075232334435
13,SingleLineInfilling/HumanEval/1/L7,HumanEval/1,L7,<=8,best_simple_length_policy,ok,True,6,6,0,0,lcal_official_bounded_repair,base,none,True,,,464c1465d5dbdf81777dab90f452cf22371867ee1349fed5d983ef0492c1f621,1.8700448700692505,0.11866556201130152,0.5434752827277407,2.5321857148082927
14,SingleLineInfilling/HumanEval/1/L8,HumanEval/1,L8,<=8,best_simple_length_policy,ok,True,6,6,0,0,lcal_official_bounded_repair,base,none,True,,,464c1465d5dbdf81777dab90f452cf22371867ee1349fed5d983ef0492c1f621,1.8878642909694463,0.15021022502332926,0.5077773999655619,2.5458519159583375
15,SingleLineInfilling/HumanEval/1/L9,HumanEval/1,L9,<=8,best_simple_length_policy,ok,True,7,7,0,0,lcal_official_bounded_repair,base,none,True,,,464c1465d5dbdf81777dab90f452cf22371867ee1349fed5d983ef0492c1f621,1.917500248993747,0.13977003400214016,0.490218362188898,2.547488645184785
16,SingleLineInfilling/HumanEval/1/L10,HumanEval/1,L10,<=8,best_simple_length_policy,ok,True,6,5,-1,1,lcal_official_bounded_repair,base,none,True,,,608a450bbd1656746c3fdf821b5d0d2a0e6719fc459f6e37f22aacec0dc4e279,1.9073676520492882,0.1432673279196024,0.555465787416324,2.6061007673852146
17,SingleLineInfilling/HumanEval/1/L12,HumanEval/1,L12,<=8,best_simple_length_policy,ok,True,8,8,0,0,lcal_official_bounded_repair,base,none,True,,,464c1465d5dbdf81777dab90f452cf22371867ee1349fed5d983ef0492c1f621,1.876460207044147,0.11956073099281639,0.4427091331453994,2.4387300711823627
18,SingleLineInfilling/HumanEval/1/L13,HumanEval/1,L13,9-12,best_simple_length_policy,ok,False,9,6,-3,3,lcal_official_bounded_repair,base,none,True,UnitTestFailure,failed: ,1eb038ae21604c38a4b6424caddd70b601d7490c8cd35539f559759133e3fbcf,1.8874196159886196,0.12401539005804807,0.45273042912594974,2.4641654351726174
19,SingleLineInfilling/HumanEval/1/L14,HumanEval/1,L14,<=8,best_simple_length_policy,ok,True,5,10,5,5,lcal_official_bounded_repair,base,none,True,,,a0aa8ead6c40d399ce4955ee91a15545bdd652cea7dd275183533f4f067dbce6,1.9153400789946318,0.14873615000396967,0.4757508640177548,2.5398270930163562
20,SingleLineInfilling/HumanEval/1/L16,HumanEval/1,L16,<=8,best_simple_length_policy,ok,True,4,3,-1,1,lcal_official_bounded_repair,base,none,True,,,d6a89900fbaca83f813b1b5e16240b80ed7557099cdf1ab0d72bf1a37a856171,1.8684244020842016,0.11800317314919084,0.5026839131023735,2.489111488335766
21,SingleLineInfilling/HumanEval/2/L0,HumanEval/2,L0,9-12,best_simple_length_policy,ok,True,9,7,-2,2,lcal_official_bounded_repair,base,none,True,,,2a4ed29c92db0f5b853f87dd5d0035a06b32c53837c213933028ddc852e508ee,1.6103436799021438,0.14399651705753058,0.45698020001873374,2.211320396978408
22,SingleLineInfilling/HumanEval/3/L0,HumanEval/3,L0,<=8,best_simple_length_policy,ok,True,6,7,1,1,lcal_official_bounded_repair,base,none,True,,,2645bc16fc77ced92d58a811d1a7b2e78d9f4e67261eac1cc19d2303783cdf31,1.843462884076871,0.14199456304777414,0.5678639243124053,2.5533213714370504
23,SingleLineInfilling/HumanEval/3/L2,HumanEval/3,L2,<=8,best_simple_length_policy,ok,True,6,6,0,0,lcal_official_bounded_repair,base,none,True,,,1a710a84f86e12ee74b7279afbf9fd53480c1753e133161783c0b84b4999346a,1.8427067559678108,0.13451798900496215,0.4800220780307427,2.4572468230035156
24,SingleLineInfilling/HumanEval/3/L3,HumanEval/3,L3,<=8,best_simple_length_policy,ok,True,5,7,2,2,lcal_official_bounded_repair,base,none,True,,,a5c466a6703261d80543dcfbb08071f7cb9cc27527f5aa36c9fdffe53736c624,1.8605669939424843,0.1508117620833218,0.48703758977353573,2.498416345799342
25,SingleLineInfilling/HumanEval/3/L4,HumanEval/3,L4,<=8,best_simple_length_policy,ok,True,7,7,0,0,lcal_official_bounded_repair,base,none,True,,,1a710a84f86e12ee74b7279afbf9fd53480c1753e133161783c0b84b4999346a,1.8500890149734914,0.15386630583088845,0.4778664280893281,2.481821748893708
26,SingleLineInfilling/HumanEval/3/L5,HumanEval/3,L5,<=8,best_simple_length_policy,ok,True,4,3,-1,1,lcal_official_bounded_repair,base,none,True,,,bc9dcd0b28147600e7a2f67509874abf293fa852c7322530d32d97df1fd9ab63,1.8553227200172842,0.15355943609029055,0.577011885936372,2.5858940420439467
27,SingleLineInfilling/HumanEval/3/L7,HumanEval/3,L7,<=8,best_simple_length_policy,ok,True,4,16,12,12,lcal_official_bounded_repair,strong_correction,strong_base_len,True,,,599d1848b1ab12fa28ed2fd071d273410165f09f4fcd8ab127be75f835b1c303,1.8788488949649036,0.14769150502979755,0.44839589891489595,2.474936298909597
28,SingleLineInfilling/HumanEval/4/L0,HumanEval/4,L0,9-12,best_simple_length_policy,ok,True,10,10,0,0,lcal_official_bounded_repair,base,none,True,,,cd05be48ddbd1ca287e1044cdc971f50c0228214f4dabff95c7379860b44ef47,1.8623618290293962,0.14460224797949195,0.49415384035091847,2.5011179173598066
29,SingleLineInfilling/HumanEval/4/L1,HumanEval/4,L1,17-24,best_simple_length_policy,ok,False,17,13,-4,4,lcal_official_bounded_repair,strong_correction,strong_base_len,True,UnitTestFailure,failed: ,a36cd445b82af66b974938923e10b2607f706591850b54df0cbabc401f820fa8,1.8562699309550226,0.1427899490809068,0.456226757960394,2.4552866379963234
30,SingleLineInfilling/HumanEval/5/L0,HumanEval/5,L0,<=8,best_simple_length_policy,ok,True,5,9,4,4,lcal_official_bounded_repair,base,none,True,,,c7873fba3f9eacfa519f7bcae461a191cb1912b09e050806c62da16860b12b29,1.8446638690074906,0.14894730621017516,0.4808717017294839,2.4744828769471496
31,SingleLineInfilling/HumanEval/5/L1,HumanEval/5,L1,<=8,best_simple_length_policy,ok,True,3,3,0,0,lcal_official_bounded_repair,base,none,True,,,9307d743694e64ae208e3ce3c53912ca3cdb6abfa8aded8ed618f9af3448da2d,1.8561845479998738,0.15788437298033386,0.5131114859832451,2.5271804069634527
32,SingleLineInfilling/HumanEval/5/L3,HumanEval/5,L3,<=8,best_simple_length_policy,ok,False,4,4,0,0,lcal_official_bounded_repair,base,none,True,UnitTestFailure,failed: ,00b17041a8c5c8226b7d9fcd43406a8dd3aa2701aa22cd801f5657b49d43d289,1.8922404539771378,0.12337694806046784,0.5826343869557604,2.598251788993366
33,SingleLineInfilling/HumanEval/5/L5,HumanEval/5,L5,<=8,best_simple_length_policy,ok,True,8,8,0,0,lcal_official_bounded_repair,base,none,True,,,e29d7eff9cf73491f718294c6990a771fa0c8093d19845e682c5e7924c2a6811,1.8454799549654126,0.15009705896954983,0.4541034592548385,2.449680473189801
34,SingleLineInfilling/HumanEval/5/L6,HumanEval/5,L6,<=8,best_simple_length_policy,ok,True,5,5,0,0,lcal_official_bounded_repair,base,none,True,,,e29d7eff9cf73491f718294c6990a771fa0c8093d19845e682c5e7924c2a6811,1.8291018879972398,0.14920035609975457,0.5460607631830499,2.5243630072800443
35,SingleLineInfilling/HumanEval/5/L7,HumanEval/5,L7,<=8,best_simple_length_policy,ok,False,6,5,-1,1,lcal_official_bounded_repair,base,none,True,UnitTestFailure,failed: 'int' object is not iterable,87d232a0eb1448fb9b9fcc8f95f8976626ab3a759be3e0634183bdc7b96fc9a7,1.8262493520742282,0.14603449392598122,0.5325493729906157,2.504833218990825
36,SingleLineInfilling/HumanEval/5/L9,HumanEval/5,L9,<=8,best_simple_length_policy,ok,False,7,4,-3,3,lcal_official_bounded_repair,base,none,True,UnitTestFailure,failed: ,d9986025383b7f6232cf18ef7ac2b68480b1c1ffe44cf9e534da3ca33059503c,1.8509918150957674,0.15421551803592592,0.5196363120339811,2.5248436451656744
37,SingleLineInfilling/HumanEval/5/L11,HumanEval/5,L11,<=8,best_simple_length_policy,ok,True,4,24,20,20,lcal_official_bounded_repair,official_long_suspicion,none,True,,,f989900d56a4fd18213ec6815aeeb422cb380fe5488a81691e1ae2c00cd81661,1.8958760959794745,0.15041103691328317,0.7545104357413948,2.8007975686341524
38,SingleLineInfilling/HumanEval/6/L0,HumanEval/6,L0,<=8,best_simple_length_policy,ok,True,8,13,5,5,lcal_official_bounded_repair,strong_correction,strong_base_len,True,,,319c8a62111ca391bebae23d9e5d3051f6bab5b555d9e99430c8331f3eb39144,1.9285380970686674,0.15401709894649684,0.46545139187946916,2.5480065878946334
39,SingleLineInfilling/HumanEval/6/L1,HumanEval/6,L1,<=8,best_simple_length_policy,ok,True,6,6,0,0,lcal_official_bounded_repair,base,none,True,,,7a31b613f4456342f4ff112e741826f0ccb23cff4b09b87c6d93a366488afeb9,1.8670423199655488,0.13559943111613393,0.5645341981435195,2.567175949225202
40,SingleLineInfilling/HumanEval/6/L2,HumanEval/6,L2,<=8,best_simple_length_policy,ok,True,7,7,0,0,lcal_official_bounded_repair,base,none,True,,,7a31b613f4456342f4ff112e741826f0ccb23cff4b09b87c6d93a366488afeb9,1.8594503860222176,0.15664660290349275,0.48255862947553396,2.4986556184012443
41,SingleLineInfilling/HumanEval/6/L3,HumanEval/6,L3,<=8,best_simple_length_policy,ok,True,6,6,0,0,lcal_official_bounded_repair,base,none,True,,,7a31b613f4456342f4ff112e741826f0ccb23cff4b09b87c6d93a366488afeb9,1.8684451810549945,0.14848487195558846,0.6089136210503057,2.6258436740608886
42,SingleLineInfilling/HumanEval/6/L4,HumanEval/6,L4,<=8,best_simple_length_policy,ok,True,6,6,0,0,lcal_official_bounded_repair,base,none,True,,,7a31b613f4456342f4ff112e741826f0ccb23cff4b09b87c6d93a366488afeb9,1.8718464390840381,0.1570588310714811,0.488898758077994,2.5178040282335132
43,SingleLineInfilling/HumanEval/6/L5,HumanEval/6,L5,<=8,best_simple_length_policy,ok,True,6,8,2,2,lcal_official_bounded_repair,base,none,True,,,543fb36e98096dbbc1331aeeeb9e1799288004c5896a661e2eac6ea260e50c58,1.9009870879817754,0.15424077596981078,0.45384769001975656,2.5090755539713427
44,SingleLineInfilling/HumanEval/6/L6,HumanEval/6,L6,9-12,best_simple_length_policy,ok,True,10,13,3,3,lcal_official_bounded_repair,official_mid_rescue,none,True,,,a6ed5f68f570bcd112455448b9e8680e550669218ee8e5bdcd9aefdd338ab81b,1.9025727770058438,0.1538087090011686,0.5486402375390753,2.6050217235460877
45,SingleLineInfilling/HumanEval/6/L7,HumanEval/6,L7,<=8,best_simple_length_policy,ok,True,3,6,3,3,lcal_official_bounded_repair,base,none,True,,,3f7485ec0eca2cbb268f372a29079caa107fbcd5ff61bb33cc1e4a6a521e6aff,1.9024225160246715,0.14131945406552404,0.5555672589689493,2.599309229059145
46,SingleLineInfilling/HumanEval/6/L8,HumanEval/6,L8,<=8,best_simple_length_policy,ok,True,6,5,-1,1,lcal_official_bounded_repair,base,none,True,,,8a241d4ae08a67276ac9a2ff675e38d323335651583707bc2821e31a1ea85659,1.8481100330827758,0.14703557500615716,0.5309020980494097,2.5260477061383426
47,SingleLineInfilling/HumanEval/6/L10,HumanEval/6,L10,<=8,best_simple_length_policy,ok,True,5,4,-1,1,lcal_official_bounded_repair,base,none,True,,,9d4e41f537812a99d5c6ee878674a5754ffa40802609f4db5a187bbec86600d7,1.8512647709576413,0.15830683300737292,0.5148309955839068,2.524402599548921
48,SingleLineInfilling/HumanEval/6/L12,HumanEval/6,L12,17-24,best_simple_length_policy,ok,False,20,12,-8,8,lcal_official_bounded_repair,base,none,True,UnitTestFailure,failed: ,b50e841e0ba91336a66f25814ad6a7b8d77664007f0a59d68a06f4f4a790eb2b,1.855452568968758,0.15233049995731562,0.5334363415604457,2.5412194104865193
49,SingleLineInfilling/HumanEval/7/L0,HumanEval/7,L0,13-16,best_simple_length_policy,ok,True,13,13,0,0,lcal_official_bounded_repair,strong_correction,strong_base_len,True,,,35031b438f9332152fe7fb0a41abcb6964d6eda841672b244fcb21032b093c2c,1.614904763060622,0.14982309995684773,0.4476876506814733,2.212415513698943
50,SingleLineInfilling/HumanEval/8/L0,HumanEval/8,L0,<=8,best_simple_length_policy,ok,True,7,7,0,0,lcal_official_bounded_repair,base,none,True,,,6db1d3ea34230eabac11c7b13b90deadb11588a3b81148840f98b0d1d14fc9a4,1.8383114510215819,0.15370321890804917,0.5514290820574388,2.54344375198707
51,SingleLineInfilling/HumanEval/8/L1,HumanEval/8,L1,<=8,best_simple_length_policy,ok,True,7,6,-1,1,lcal_official_bounded_repair,base,none,True,,,60296f249e3d9f18f3b52d980ae1b8cc8ab708536be2d84928be5a5fe9536200,1.8356176880188286,0.16196706611663103,0.49906206829473376,2.4966468224301934
52,SingleLineInfilling/HumanEval/8/L3,HumanEval/8,L3,<=8,best_simple_length_policy,ok,True,6,6,0,0,lcal_official_bounded_repair,base,none,True,,,f81f225ca186c969c4a4759fbb9068160082e0ab033456fcf524227202fea3f1,1.8423185449792072,0.1349819147726521,0.5122093003010377,2.489509760052897
53,SingleLineInfilling/HumanEval/8/L4,HumanEval/8,L4,<=8,best_simple_length_policy,ok,True,6,6,0,0,lcal_official_bounded_repair,base,none,True,,,f81f225ca186c969c4a4759fbb9068160082e0ab033456fcf524227202fea3f1,1.8326957549434155,0.1540088220499456,0.4755140310153365,2.4622186080086976
54,SingleLineInfilling/HumanEval/8/L5,HumanEval/8,L5,<=8,best_simple_length_policy,ok,True,6,6,0,0,lcal_official_bounded_repair,base,none,True,,,403eea16f5b30e3183e9923c31398e62d7f4f457147ca686f1dde5683bf5e554,1.821821122081019,0.1506437249481678,0.4778327280655503,2.450297575094737
55,SingleLineInfilling/HumanEval/8/L6,HumanEval/8,L6,<=8,best_simple_length_policy,ok,True,8,7,-1,1,lcal_official_bounded_repair,base,none,True,,,50fea79f62804dad7c07c6ab0ee739ca08aae34a1039b77dc75488a679111d8f,1.8427095049992204,0.15636894886847585,0.4586175070144236,2.45769596088212
56,SingleLineInfilling/HumanEval/9/L0,HumanEval/9,L0,<=8,best_simple_length_policy,ok,True,6,10,4,4,lcal_official_bounded_repair,base,none,True,,,471c5a38f797325461db8ed4a8797b1344578bf673e27bf149a9031299743a43,1.8711073220474645,0.15419711009599268,0.4985600267536938,2.523864458897151
57,SingleLineInfilling/HumanEval/9/L1,HumanEval/9,L1,<=8,best_simple_length_policy,ok,False,4,4,0,0,lcal_official_bounded_repair,base,none,True,UnitTestFailure,timed out,387b082012ff7213e99b768a015e4c735c52066d951372c8e7debe07f187bada,1.8496342520229518,3.192287058918737,0.5074390934314579,5.549360404373147
58,SingleLineInfilling/HumanEval/9/L3,HumanEval/9,L3,<=8,best_simple_length_policy,ok,True,6,6,0,0,lcal_official_bounded_repair,base,none,True,,,32af61f17fb376cc1dd042dba50d561411a01ceb3047e358245b577c03971690,1.8465648359851912,0.15614660002756864,0.47195077885407954,2.4746622148668393
59,SingleLineInfilling/HumanEval/9/L4,HumanEval/9,L4,<=8,best_simple_length_policy,ok,True,7,7,0,0,lcal_official_bounded_repair,base,none,True,,,32af61f17fb376cc1dd042dba50d561411a01ceb3047e358245b577c03971690,1.8507218619342893,0.1461446670582518,0.5502652808791026,2.547131809871644
60,SingleLineInfilling/HumanEval/9/L5,HumanEval/9,L5,<=8,best_simple_length_policy,ok,True,6,6,0,0,lcal_official_bounded_repair,base,none,True,,,32af61f17fb376cc1dd042dba50d561411a01ceb3047e358245b577c03971690,1.8661733779590577,0.1568976838607341,0.5261397208087146,2.5492107826285064
61,SingleLineInfilling/HumanEval/9/L6,HumanEval/9,L6,<=8,best_simple_length_policy,ok,True,3,16,13,13,lcal_official_bounded_repair,official_long_suspicion,none,True,,,893135bf44cb07342e3586f1ecb2fac79c5a2b517c5f0b63bcd4e3ee571288bb,1.8721855919575319,0.157728461897932,0.6195338949328288,2.6494479487882927
62,SingleLineInfilling/HumanEval/9/L7,HumanEval/9,L7,9-12,best_simple_length_policy,ok,True,11,12,1,1,lcal_official_bounded_repair,base,none,True,,,4503af0d4d3d386b1b3b6feb30f0be7f0bd8442234484ff335fda5b1f93b585f,1.8398702209815383,0.14430839277338237,0.5278360937954858,2.5120147075504065
63,SingleLineInfilling/HumanEval/9/L9,HumanEval/9,L9,<=8,best_simple_length_policy,ok,False,7,5,-2,2,lcal_official_bounded_repair,base,none,True,UnitTestFailure,failed: 'int' object is not iterable,fb5c9a7387eceea4e5778a457c15a0963d4669d7317822f0f7dc9f7cf181b957,1.8410077729495242,0.1571860919939354,0.5002508332254365,2.498444698168896
64,SingleLineInfilling/HumanEval/9/L11,HumanEval/9,L11,<=8,best_simple_length_policy,ok,True,4,3,-1,1,lcal_official_bounded_repair,base,none,True,,,7c4b91e69f8e80a78701ef7a424e875a1556b64112506188be461dd01c55134b,1.8489792360924184,0.1555325430817902,0.5099940203363076,2.5145057995105162
65,SingleLineInfilling/HumanEval/10/L0,HumanEval/10,L0,<=8,best_simple_length_policy,ok,True,5,9,4,4,lcal_official_bounded_repair,official_bounded_repair,none,True,,,d9ddba87bf53120d4cdeb254d24c7d18bddb15cb880946453124af2b4ee4e6d7,1.9080880749970675,0.1344040910480544,0.4742593227420002,2.516751488787122
66,SingleLineInfilling/HumanEval/10/L1,HumanEval/10,L1,<=8,best_simple_length_policy,ok,True,3,3,0,0,lcal_official_bounded_repair,base,none,True,,,3e9f3ded5ec6a890b4c2de3ecf01e6c951cf7c85589dd17391fe220c24f5a7e4,1.8860789480386302,0.1391396060353145,0.5013023772044107,2.5265209312783554
67,SingleLineInfilling/HumanEval/10/L3,HumanEval/10,L3,<=8,best_simple_length_policy,ok,False,8,11,3,3,lcal_official_bounded_repair,base,none,True,UnitTestFailure,failed: ,2d5079f5bfe40d558e19dab51c7c16b69d69f79a1bb9585b60b7ea8774f4406c,1.922202467918396,0.1509418620262295,0.5142713490640745,2.5874156790087
68,SingleLineInfilling/HumanEval/10/L5,HumanEval/10,L5,13-16,best_simple_length_policy,ok,False,14,12,-2,2,lcal_official_bounded_repair,base,none,False,SyntaxError,"closing parenthesis ']' does not match opening parenthesis '(' (<unknown>, line 25)",2da9ed57c9800da19befa1e0357f1676dd7a916ed21ab7a19d85f439fe0b5767,1.8802776270313188,0.00021832797210663557,0.5572159052826464,2.437711860286072
69,SingleLineInfilling/HumanEval/10/L6,HumanEval/10,L6,<=8,best_simple_length_policy,ok,True,8,7,-1,1,lcal_official_bounded_repair,base,none,True,,,d553a9042c08d17fd8a9cc6d45be59dd653bad3ab11125595b04bd1c350598c2,1.8799871689407155,0.14127286802977324,0.5724577348446473,2.593717771815136
70,SingleLineInfilling/HumanEval/10/L8,HumanEval/10,L8,13-16,best_simple_length_policy,ok,False,14,6,-8,8,lcal_official_bounded_repair,base,none,True,UnitTestFailure,failed: ,b402c8ba4fec4bdbfeb6970bffabf9e7a6d18ede37eaaa0361a125b9a44e8dec,1.866304258001037,0.11700749304145575,0.5093899910571054,2.492701742099598
71,SingleLineInfilling/HumanEval/11/L0,HumanEval/11,L0,<=8,best_simple_length_policy,ok,True,7,14,7,7,lcal_official_bounded_repair,strong_correction,strong_base_len,True,,,edc515f22145574e18b7a1225e42da81540873e9ad36902f3b4d221495262a66,1.8651815300108865,0.13792352506425232,0.4409373557427898,2.4440424108179286
72,SingleLineInfilling/HumanEval/11/L1,HumanEval/11,L1,<=8,best_simple_length_policy,ok,True,6,6,0,0,lcal_official_bounded_repair,base,none,True,,,3f868f860b145b75670a38e6b052ea1b335906692087fd6221ce83cffbcfa496,1.5880884600337595,0.13101358793210238,0.5019104602979496,2.2210125082638115
73,SingleLineInfilling/HumanEval/11/L2,HumanEval/11,L2,<=8,best_simple_length_policy,ok,True,5,5,0,0,lcal_official_bounded_repair,base,none,True,,,3f868f860b145b75670a38e6b052ea1b335906692087fd6221ce83cffbcfa496,1.5915769680868834,0.13506247696932405,0.4929018528200686,2.219541297876276
74,SingleLineInfilling/HumanEval/11/L3,HumanEval/11,L3,<=8,best_simple_length_policy,ok,True,3,3,0,0,lcal_official_bounded_repair,base,none,True,,,3f868f860b145b75670a38e6b052ea1b335906692087fd6221ce83cffbcfa496,1.589489707024768,0.12093099695630372,0.529003908042796,2.2394246120238677
75,SingleLineInfilling/HumanEval/11/L4,HumanEval/11,L4,<=8,best_simple_length_policy,ok,False,5,4,-1,1,lcal_official_bounded_repair,base,none,True,UnitTestFailure,"failed: sequence item 1: expected str instance, int found",5bd86cbfe439f9d493bab94a6179862aab1bde94aa73592788b9022667d6b34d,1.571552395937033,0.12105598906055093,0.47910478606354445,2.1717131710611284
76,SingleLineInfilling/HumanEval/11/L6,HumanEval/11,L6,17-24,best_simple_length_policy,ok,True,20,12,-8,8,lcal_official_bounded_repair,base,none,True,,,835b49b0d47dd54bc9702a43b54f49382637825306c7a4c556f227fd77b84595,1.6065722779603675,0.1560766421025619,0.5949199516326189,2.3575688716955483
77,SingleLineInfilling/HumanEval/12/L0,HumanEval/12,L0,<=8,best_simple_length_policy,ok,True,5,9,4,4,lcal_official_bounded_repair,official_bounded_repair,none,True,,,fd82c3fd4f21e89aec1982ffbeb57eb001afe04857cc26f5da3c473f50917fdf,1.851206706953235,0.15276556508615613,0.48845975601579994,2.492432028055191
78,SingleLineInfilling/HumanEval/12/L1,HumanEval/12,L1,<=8,best_simple_length_policy,ok,True,4,3,-1,1,lcal_official_bounded_repair,base,none,True,,,e335bb45bd5dff93afcde07f5757e7a5f94f01b12dc0e4d4f0bcc48c958288de,1.8312551070703194,0.1495288839796558,0.5359257211675867,2.516709712217562
79,SingleLineInfilling/HumanEval/12/L3,HumanEval/12,L3,9-12,best_simple_length_policy,ok,True,12,12,0,0,lcal_official_bounded_repair,base,none,True,,,0af140ec060481e0ae01d5040ba9578c7a4db7213da0968fd452fe4d4576cbff,1.8284073190297931,0.15369251614902169,0.5360732349799946,2.5181730701588094
80,SingleLineInfilling/HumanEval/12/L4,HumanEval/12,L4,<=8,best_simple_length_policy,ok,True,6,6,0,0,lcal_official_bounded_repair,base,none,True,,,3685e6ba074e41236d9197c721cf71ef513eccd706be51a79f76727ad87884d6,1.8301183700095862,0.16030780295841396,0.5183747573755682,2.5088009303435683
81,SingleLineInfilling/HumanEval/12/L5,HumanEval/12,L5,<=8,best_simple_length_policy,ok,True,8,8,0,0,lcal_official_bounded_repair,base,none,True,,,3685e6ba074e41236d9197c721cf71ef513eccd706be51a79f76727ad87884d6,1.8433958670357242,0.15095853595994413,0.461197960190475,2.4555523631861433
82,SingleLineInfilling/HumanEval/12/L6,HumanEval/12,L6,<=8,best_simple_length_policy,ok,True,4,8,4,4,lcal_official_bounded_repair,official_bounded_repair,none,True,,,c371fe2f74ad8338ead9bf86742379b5bef3a65c1d05a05f04a0bd34046c8cbe,1.8406817220384255,0.1442935949889943,0.45605968590825796,2.4410350029356778
83,SingleLineInfilling/HumanEval/13/L0,HumanEval/13,L0,<=8,best_simple_length_policy,ok,True,4,7,3,3,lcal_official_bounded_repair,base,none,True,,,b095bd11caaa57da3ccf9d541bf1088cddff6043e0a80fab175470d04116aa6a,1.6104317160788924,0.1465081782080233,0.46263331291265786,2.2195732071995735
84,SingleLineInfilling/HumanEval/13/L1,HumanEval/13,L1,9-12,best_simple_length_policy,ok,True,11,11,0,0,lcal_official_bounded_repair,base,none,True,,,acc3b98a289aff9cc3fa28e707155d5ce11e9ccc2523eb12c22c804bb8f5cb1f,1.6070768729550764,0.15296311990823597,0.4888923375401646,2.248932330403477
85,SingleLineInfilling/HumanEval/13/L2,HumanEval/13,L2,<=8,best_simple_length_policy,ok,True,4,3,-1,1,lcal_official_bounded_repair,base,none,True,,,b4904f75418ca1db127ab20869f4a2d2abbc9dff49151bc9caec855165f26ea0,1.601473388960585,0.1525481209391728,0.49872755294200033,2.252749062841758
86,SingleLineInfilling/HumanEval/14/L0,HumanEval/14,L0,<=8,best_simple_length_policy,ok,False,4,4,0,0,lcal_official_bounded_repair,base,none,True,UnitTestFailure,failed: ,55a2f19b1b935992bb7858ba3baa127097397854f551225222286394e8ca9d42,1.6029688289854676,0.15103479311801493,0.5113502445165068,2.2653538666199893
87,SingleLineInfilling/HumanEval/14/L2,HumanEval/14,L2,<=8,best_simple_length_policy,ok,True,8,8,0,0,lcal_official_bounded_repair,base,none,True,,,e8cd7aa1d5ff0f57886eaadfc33f200e424171a9135ba39f7a23436921c2014b,1.6005366130266339,0.14423799188807607,0.4929486552719027,2.2377232601866126
88,SingleLineInfilling/HumanEval/14/L3,HumanEval/14,L3,9-12,best_simple_length_policy,ok,False,9,7,-2,2,lcal_official_bounded_repair,base,none,True,UnitTestFailure,failed: ,aeb12034dc27bc229c76cd578f83cb062e30ccfa6b24f26ef1da12c9ff27ab23,1.605350423953496,0.14461873599793762,0.4920068262144923,2.241975986165926
89,SingleLineInfilling/HumanEval/14/L4,HumanEval/14,L4,<=8,best_simple_length_policy,ok,True,4,3,-1,1,lcal_official_bounded_repair,base,none,True,,,abf60d17183ce5edcdf39ca0a298fa33722622ea83716e3cc9614b0fbceeb13b,1.5730442859930918,0.14308556995820254,0.538979786913842,2.2551096428651363
90,SingleLineInfilling/HumanEval/15/L0,HumanEval/15,L0,17-24,best_simple_length_policy,ok,False,18,3,-15,15,lcal_official_bounded_repair,base,none,True,UnitTestFailure,failed: ,cee6ebabcf493daac42e08cbc19ac3c1af7c61aadfcd245bfaf59e649c00ee7d,1.5923359281150624,0.143425427027978,0.5164553399663419,2.2522166951093823
91,SingleLineInfilling/HumanEval/16/L0,HumanEval/16,L0,<=8,best_simple_length_policy,ok,False,7,3,-4,4,lcal_official_bounded_repair,base,none,True,UnitTestFailure,failed: ,2685b9ba9ec5f6fff9629d5974a188a6daa6f8c196bb59c3d42cab394331b98e,1.572274888982065,0.12358655501157045,0.48127747513353825,2.1771389191271737
92,SingleLineInfilling/HumanEval/17/L0,HumanEval/17,L0,17-24,best_simple_length_policy,ok,False,23,5,-18,18,lcal_official_bounded_repair,base,none,True,UnitTestFailure,failed: 'o',d34bc8d686ab68cf2e048c392c6ad2c6e1349fd897d65720603102b292ba2db5,1.8668500860221684,0.12281553307548165,0.5385585472686216,2.5282241663662717
93,SingleLineInfilling/HumanEval/17/L1,HumanEval/17,L1,17-24,best_simple_length_policy,ok,False,18,13,-5,5,lcal_official_bounded_repair,strong_correction,strong_base_len,True,UnitTestFailure,failed: name 'n' is not defined,7df2cc0d72826339646df2a89e673c67f8c8bf147741f3d7ae07cf2d735d7e57,1.91031624795869,0.12640493595972657,0.4496022070525214,2.486323390970938
94,SingleLineInfilling/HumanEval/18/L0,HumanEval/18,L0,<=8,best_simple_length_policy,ok,True,6,7,1,1,lcal_official_bounded_repair,base,none,True,,,dce3e9059eae34d6cccd42b4c75d55e5b3330fa175306638150b8abb9b459c52,1.8520265739643946,0.12772709492128342,0.569541875156574,2.549295544042252
95,SingleLineInfilling/HumanEval/18/L2,HumanEval/18,L2,17-24,best_simple_length_policy,ok,True,17,8,-9,9,lcal_official_bounded_repair,base,none,True,,,994f782b6f7f4f7cd3807732fffd72a5d3886ed89eee7290de9e6949e14e7ef8,1.5993179279612377,0.13649297412484884,0.4257371409330517,2.1615480430191383
96,SingleLineInfilling/HumanEval/18/L3,HumanEval/18,L3,9-12,best_simple_length_policy,ok,True,12,13,1,1,lcal_official_bounded_repair,strong_correction,strong_base_len,True,,,e600ba25043f8c2eeccc1e2462c6eed31f1dfabef536c5db90059cd28705a651,1.8721695920685306,0.1447975829942152,0.4396957977442071,2.456662972806953
97,SingleLineInfilling/HumanEval/18/L4,HumanEval/18,L4,<=8,best_simple_length_policy,ok,True,6,7,1,1,lcal_official_bounded_repair,base,none,True,,,499048e2670caa94db679be634a1312dd745f524d37ef5ea99afead57bb4f5fe,1.8542929569957778,0.12113567907363176,0.5608501340029761,2.5362787700723857
98,SingleLineInfilling/HumanEval/18/L6,HumanEval/18,L6,<=8,best_simple_length_policy,ok,True,4,3,-1,1,lcal_official_bounded_repair,base,none,True,,,f675957a90641d1c9a9c7bd7e36a94a436325958dbdb48a091b6c8875f2171c5,1.819181035971269,0.14967464795336127,0.5342284152284265,2.5030840991530567
99,SingleLineInfilling/HumanEval/19/L0,HumanEval/19,L0,<=8,best_simple_length_policy,ok,True,5,11,6,6,lcal_official_bounded_repair,base,none,True,,,c1c1cd843145c32f063a8ccc24739f85e3574ea2fbc2ec5a81e11b31bff425e4,1.8982084490125999,0.14185632509179413,0.5069640731671825,2.5470288472715765
100,SingleLineInfilling/HumanEval/19/L1,HumanEval/19,L1,<=8,best_simple_length_policy,ok,True,7,7,0,0,lcal_official_bounded_repair,base,none,True,,,87b64884bd6d975b360ebf3292114006500c249dd3c68c21977b705eb7a5004f,1.8810525450389832,0.12381838588044047,0.45218226313591003,2.4570531940553337
101,SingleLineInfilling/HumanEval/19/L2,HumanEval/19,L2,<=8,best_simple_length_policy,ok,True,7,7,0,0,lcal_official_bounded_repair,base,none,True,,,87b64884bd6d975b360ebf3292114006500c249dd3c68c21977b705eb7a5004f,1.878747450071387,0.13027125701773912,0.4586654609302059,2.467684168019332
102,SingleLineInfilling/HumanEval/19/L3,HumanEval/19,L3,<=8,best_simple_length_policy,ok,True,7,7,0,0,lcal_official_bounded_repair,base,none,True,,,87b64884bd6d975b360ebf3292114006500c249dd3c68c21977b705eb7a5004f,1.9118580979993567,0.141791632049717,0.46293377911206335,2.516583509161137
103,SingleLineInfilling/HumanEval/19/L4,HumanEval/19,L4,<=8,best_simple_length_policy,ok,True,7,7,0,0,lcal_official_bounded_repair,base,none,True,,,87b64884bd6d975b360ebf3292114006500c249dd3c68c21977b705eb7a5004f,1.8671397978905588,0.13891203701496124,0.47393647104036063,2.4799883059458807
104,SingleLineInfilling/HumanEval/19/L5,HumanEval/19,L5,<=8,best_simple_length_policy,ok,True,7,7,0,0,lcal_official_bounded_repair,base,none,True,,,87b64884bd6d975b360ebf3292114006500c249dd3c68c21977b705eb7a5004f,1.915189879015088,0.14578995003830642,0.46620991616509855,2.527189745218493
105,SingleLineInfilling/HumanEval/19/L6,HumanEval/19,L6,<=8,best_simple_length_policy,ok,False,7,14,7,7,lcal_official_bounded_repair,strong_correction,strong_base_len,True,UnitTestFailure,failed: ,1a7c4813ee29759c8b2533141576c4329121c22e12d49b4b309a8766098849b8,1.9220735079143196,0.15753708500415087,0.44273242074996233,2.522343013668433
106,SingleLineInfilling/HumanEval/19/L7,HumanEval/19,L7,<=8,best_simple_length_policy,ok,True,7,7,0,0,lcal_official_bounded_repair,base,none,True,,,87b64884bd6d975b360ebf3292114006500c249dd3c68c21977b705eb7a5004f,1.8959698540857062,0.14764184202067554,0.46442638081498444,2.508038076921366
107,SingleLineInfilling/HumanEval/19/L8,HumanEval/19,L8,<=8,best_simple_length_policy,ok,True,7,7,0,0,lcal_official_bounded_repair,base,none,True,,,87b64884bd6d975b360ebf3292114006500c249dd3c68c21977b705eb7a5004f,1.886979433009401,0.13208034983836114,0.45509986102115363,2.4741596438689157
108,SingleLineInfilling/HumanEval/19/L9,HumanEval/19,L9,<=8,best_simple_length_policy,ok,True,7,7,0,0,lcal_official_bounded_repair,base,none,True,,,87b64884bd6d975b360ebf3292114006500c249dd3c68c21977b705eb7a5004f,1.8936192080145702,0.13153443590272218,0.4577698850771412,2.4829235289944336
109,SingleLineInfilling/HumanEval/19/L10,HumanEval/19,L10,<=8,best_simple_length_policy,ok,True,7,15,8,8,lcal_official_bounded_repair,strong_correction,strong_base_len,True,,,6c9fa4a784479d43ef404b4d6754215307b00db4772b2cdc74e9a2e6b671759d,1.9343886509304866,0.15326846099924296,0.4403497788589448,2.5280068907886744
110,SingleLineInfilling/HumanEval/19/L11,HumanEval/19,L11,<=8,best_simple_length_policy,ok,True,2,3,1,1,lcal_official_bounded_repair,base,none,True,,,136c2575288f70002eb9d7587171151ecfd74dc4a48cdd9874c974db5317971e,1.8987360020400956,0.14949648000765592,0.5239659484941512,2.572198430541903
111,SingleLineInfilling/HumanEval/19/L12,HumanEval/19,L12,25+,best_simple_length_policy,ok,False,26,3,-23,23,lcal_official_bounded_repair,base,none,True,UnitTestFailure,failed: ,512351eee3ef9bfc4135d2d3c5cefd0b697c82fe0347e49533261aa6332c6b6d,1.8492171500110999,0.14680849388241768,0.6240336407208815,2.620059284614399
112,SingleLineInfilling/HumanEval/20/L0,HumanEval/20,L0,<=8,best_simple_length_policy,ok,True,6,6,0,0,lcal_official_bounded_repair,base,none,True,,,33f155c0e4b29fed339d63c22946683da7f0a789b06f8ce11b6bebaf251f66c3,2.3334967979462817,0.15434958809055388,0.5144700311357155,3.002316417172551
113,SingleLineInfilling/HumanEval/20/L1,HumanEval/20,L1,<=8,best_simple_length_policy,ok,True,5,6,1,1,lcal_official_bounded_repair,official_bounded_repair,none,True,,,6e2d9b657d6cab61fd8390967c128569ca0b4f6b84e8fe594b922a5327976a0e,2.331729596015066,0.1491608681390062,0.5046884152106941,2.985578879364766
114,SingleLineInfilling/HumanEval/20/L3,HumanEval/20,L3,9-12,best_simple_length_policy,ok,True,9,9,0,0,lcal_official_bounded_repair,base,none,True,,,c71bef97bdbf6601f7f70f815cead4e2725ffa6d6d85bf1a86e8d37d7d8e99fd,2.3208341490244493,0.14904206711798906,0.477269705850631,2.9471459219930694
115,SingleLineInfilling/HumanEval/20/L4,HumanEval/20,L4,9-12,best_simple_length_policy,ok,True,11,11,0,0,lcal_official_bounded_repair,base,none,True,,,c71bef97bdbf6601f7f70f815cead4e2725ffa6d6d85bf1a86e8d37d7d8e99fd,2.321250282926485,0.1566361510194838,0.5189052440691739,2.9967916780151427
116,SingleLineInfilling/HumanEval/20/L5,HumanEval/20,L5,<=8,best_simple_length_policy,ok,True,7,7,0,0,lcal_official_bounded_repair,official_bounded_repair,none,True,,,c71bef97bdbf6601f7f70f815cead4e2725ffa6d6d85bf1a86e8d37d7d8e99fd,2.315395536017604,0.15635743597522378,0.5448116429615766,3.0165646149544045
117,SingleLineInfilling/HumanEval/20/L6,HumanEval/20,L6,<=8,best_simple_length_policy,ok,True,6,6,0,0,lcal_official_bounded_repair,official_bounded_repair,none,True,,,c71bef97bdbf6601f7f70f815cead4e2725ffa6d6d85bf1a86e8d37d7d8e99fd,2.33713289804291,0.14615873096045107,0.522941263159737,3.006232892163098
118,SingleLineInfilling/HumanEval/20/L7,HumanEval/20,L7,9-12,best_simple_length_policy,ok,True,9,9,0,0,lcal_official_bounded_repair,base,none,True,,,c71bef97bdbf6601f7f70f815cead4e2725ffa6d6d85bf1a86e8d37d7d8e99fd,2.357098820968531,0.14451360702514648,0.47223016584757715,2.9738425938412547
119,SingleLineInfilling/HumanEval/20/L8,HumanEval/20,L8,9-12,best_simple_length_policy,ok,True,12,12,0,0,lcal_official_bounded_repair,base,none,True,,,c71bef97bdbf6601f7f70f815cead4e2725ffa6d6d85bf1a86e8d37d7d8e99fd,2.342489056987688,0.14178149006329477,0.5950471180258319,3.0793176650768146
120,SingleLineInfilling/HumanEval/20/L9,HumanEval/20,L9,<=8,best_simple_length_policy,ok,True,3,3,0,0,lcal_official_bounded_repair,base,none,True,,,c71bef97bdbf6601f7f70f815cead4e2725ffa6d6d85bf1a86e8d37d7d8e99fd,2.311469304957427,0.15203136391937733,0.5313688791356981,2.9948695480125025
121,SingleLineInfilling/HumanEval/20/L10,HumanEval/20,L10,9-12,best_simple_length_policy,ok,True,10,10,0,0,lcal_official_bounded_repair,base,none,True,,,c71bef97bdbf6601f7f70f815cead4e2725ffa6d6d85bf1a86e8d37d7d8e99fd,2.3380267720203847,0.14934052410535514,0.5040042458567768,2.9913715419825166
122,SingleLineInfilling/HumanEval/20/L11,HumanEval/20,L11,<=8,best_simple_length_policy,ok,True,7,7,0,0,lcal_official_bounded_repair,official_bounded_repair,none,True,,,c71bef97bdbf6601f7f70f815cead4e2725ffa6d6d85bf1a86e8d37d7d8e99fd,2.3398224539123476,0.1414586550090462,0.5553903786931187,3.0366714876145124
123,SingleLineInfilling/HumanEval/20/L12,HumanEval/20,L12,<=8,best_simple_length_policy,ok,True,6,9,3,3,lcal_official_bounded_repair,base,none,True,,,312333ffaa769245b8c4a5cba82b6c154def208a93d7598a792f746a8add833b,2.3593286860268563,0.15559966606087983,0.48480466788168997,2.999733019969426
124,SingleLineInfilling/HumanEval/20/L13,HumanEval/20,L13,9-12,best_simple_length_policy,ok,True,12,14,2,2,lcal_official_bounded_repair,strong_correction,strong_base_len,True,,,94ad7fb259e84ac0f050c5218d641f06a821009beb209a3f6318dd0b59a6aabe,2.3359698120038956,0.14895034593064338,0.465002961223945,2.949923119158484
125,SingleLineInfilling/HumanEval/20/L15,HumanEval/20,L15,<=8,best_simple_length_policy,ok,True,5,4,-1,1,lcal_official_bounded_repair,base,none,True,,,eed9a1d07a93c00e8c08eae654a5385bfe78c1d60966541cf3a54cfd053a089b,2.3278224900132045,0.15479754796251655,0.5578311992576346,3.0404512372333556
126,SingleLineInfilling/HumanEval/21/L0,HumanEval/21,L0,<=8,best_simple_length_policy,ok,True,7,7,0,0,lcal_official_bounded_repair,base,none,True,,,b2fc096faf74832420fa38a0f25a8d92d4b88d7cb82c4bdc86f9c92ae8f2437a,1.8492885390296578,0.15403404808603227,0.6705524404533207,2.673875027569011
127,SingleLineInfilling/HumanEval/21/L1,HumanEval/21,L1,<=8,best_simple_length_policy,ok,True,7,7,0,0,lcal_official_bounded_repair,base,none,True,,,cac7ded7f3e9aca0cda3d698e8fc039880abedca0d55e1bc97003f36d988c17b,1.8390073090558872,0.14567871403414756,0.47181756841018796,2.4565035915002227
128,SingleLineInfilling/HumanEval/21/L2,HumanEval/21,L2,17-24,best_simple_length_policy,ok,True,21,20,-1,1,lcal_official_bounded_repair,strong_correction,strong_base_len,True,,,b2ede29ebe83f44890328c12a18d520666795b700e95c1a5221eb02d7ee2a6c1,1.8787163969827816,0.1369379200041294,0.4588738683378324,2.4745281853247434
129,SingleLineInfilling/HumanEval/22/L0,HumanEval/22,L0,13-16,best_simple_length_policy,ok,True,14,14,0,0,lcal_official_bounded_repair,strong_correction,strong_base_len,True,,,879aa297bac0975da14b43b4be5102488c1e2acfdbe146e1c03d4d58ff6a724e,1.6058599969837815,0.15254250797443092,0.43895833496935666,2.197360839927569
130,SingleLineInfilling/HumanEval/23/L0,HumanEval/23,L0,<=8,best_simple_length_policy,ok,True,5,5,0,0,lcal_official_bounded_repair,base,none,True,,,440465f1c739e906dcc2449bc7d527ed69efd63180589de7bd3d10650b085736,1.4694275279762223,0.13239537994377315,0.5106400221120566,2.112462930032052
131,SingleLineInfilling/HumanEval/24/L0,HumanEval/24,L0,<=8,best_simple_length_policy,ok,False,8,7,-1,1,lcal_official_bounded_repair,base,none,True,UnitTestFailure,failed: integer division or modulo by zero,e1676d78e72195de85df81c81e6790b7ee9d5a91a45fbe22b45480c166b2ef42,1.5911608301103115,0.15464027493726462,0.4491788687882945,2.1949799738358706
132,SingleLineInfilling/HumanEval/24/L1,HumanEval/24,L1,9-12,best_simple_length_policy,ok,True,9,9,0,0,lcal_official_bounded_repair,base,none,True,,,edc35161ab72014ac56b571a50dd472ffac9413b62e60a1753a155fe0492e16a,1.5783467360306531,0.1379500231705606,0.45600851415656507,2.172305273357779
133,SingleLineInfilling/HumanEval/24/L2,HumanEval/24,L2,<=8,best_simple_length_policy,ok,True,4,9,5,5,lcal_official_bounded_repair,official_bounded_repair,none,True,,,3ee57679d24afa0a2e8c54cc462bc13beed07247b770023e1efe1101b9cba5a3,1.598831471055746,0.14099382201675326,0.460757793742232,2.2005830868147314
134,SingleLineInfilling/HumanEval/25/L0,HumanEval/25,L0,<=8,best_simple_length_policy,ok,True,4,4,0,0,lcal_official_bounded_repair,base,none,True,,,6ea759a768d13efda2086e9b758832fb723a6050ac219bd2c813ff020cf188f3,1.893414282007143,0.1526298050303012,0.49127476941794157,2.5373188564553857
135,SingleLineInfilling/HumanEval/25/L1,HumanEval/25,L1,<=8,best_simple_length_policy,ok,True,4,4,0,0,lcal_official_bounded_repair,base,none,True,,,cb794a5daa75c37ed83e112f6c147b01a8804e9812ea325ee74837b44b54b749,1.8859868170693517,0.15100188192445785,0.5168587719090283,2.553847470902838
136,SingleLineInfilling/HumanEval/25/L2,HumanEval/25,L2,<=8,best_simple_length_policy,ok,True,6,6,0,0,lcal_official_bounded_repair,base,none,True,,,cb794a5daa75c37ed83e112f6c147b01a8804e9812ea325ee74837b44b54b749,1.8874158079270273,0.15221871610265225,0.5586632961640134,2.598297820193693
137,SingleLineInfilling/HumanEval/25/L3,HumanEval/25,L3,13-16,best_simple_length_policy,ok,True,13,6,-7,7,lcal_official_bounded_repair,base,none,True,,,a1d248d1f4c865e872fefcb9e55140bfdb891293489708460f4d8a94d2bc5d2c,1.8621686899568886,0.15018989611417055,0.5205056748818606,2.5328642609529197
138,SingleLineInfilling/HumanEval/25/L4,HumanEval/25,L4,9-12,best_simple_length_policy,ok,True,9,9,0,0,lcal_official_bounded_repair,base,none,True,,,cb794a5daa75c37ed83e112f6c147b01a8804e9812ea325ee74837b44b54b749,1.8809943239903077,0.1490481998771429,0.516936776926741,2.5469793007941917
139,SingleLineInfilling/HumanEval/25/L5,HumanEval/25,L5,<=8,best_simple_length_policy,ok,True,5,5,0,0,lcal_official_bounded_repair,base,none,True,,,cb794a5daa75c37ed83e112f6c147b01a8804e9812ea325ee74837b44b54b749,1.9089180099545047,0.15072834701277316,0.5543826000066474,2.6140289569739252
140,SingleLineInfilling/HumanEval/25/L6,HumanEval/25,L6,<=8,best_simple_length_policy,ok,True,5,8,3,3,lcal_official_bounded_repair,base,none,True,,,c9d1f424189c6c75606a948ccf2308d8d4d7b6300b8ea10f944becf127267241,1.9112616679631174,0.148207462974824,0.44751835719216615,2.5069874881301075
141,SingleLineInfilling/HumanEval/25/L7,HumanEval/25,L7,<=8,best_simple_length_policy,ok,True,3,9,6,6,lcal_official_bounded_repair,official_bounded_repair,none,True,,,9cadb18705ceef3dcc6614869eaecdb7d90fc373bcaba2a5ed7c91b14e0e0a50,1.9056611959822476,0.1435823431238532,0.472870995872654,2.522114534978755
142,SingleLineInfilling/HumanEval/25/L8,HumanEval/25,L8,<=8,best_simple_length_policy,ok,True,6,7,1,1,lcal_official_bounded_repair,base,none,True,,,dba86accb2cf6d625729c84727f3e6e3d683ad4356683e0f17bd6bb35b5ab628,1.879232206963934,0.15207752701826394,0.6102954826783389,2.641605216660537
143,SingleLineInfilling/HumanEval/25/L10,HumanEval/25,L10,<=8,best_simple_length_policy,ok,True,7,7,0,0,lcal_official_bounded_repair,base,none,True,,,cb794a5daa75c37ed83e112f6c147b01a8804e9812ea325ee74837b44b54b749,1.8895643569994718,0.15207620814908296,0.4920574143761769,2.5336979795247316
144,SingleLineInfilling/HumanEval/25/L11,HumanEval/25,L11,<=8,best_simple_length_policy,ok,True,5,5,0,0,lcal_official_bounded_repair,base,none,True,,,448b7de890a5ddccd78d39c24e363ecb2531b27be054bd1d667b87d320b1cd90,1.8961015429813415,0.1444655639352277,0.5302345218369737,2.570801628753543
145,SingleLineInfilling/HumanEval/25/L12,HumanEval/25,L12,<=8,best_simple_length_policy,ok,True,4,3,-1,1,lcal_official_bounded_repair,base,none,True,,,935768607703b3917a314efd1f55f4475fb95c7333f822804b561a7fb456799a,1.8966618339763954,0.15073500399012119,0.5174971130909398,2.5648939510574564
146,SingleLineInfilling/HumanEval/26/L0,HumanEval/26,L0,<=8,best_simple_length_policy,ok,True,4,4,0,0,lcal_official_bounded_repair,base,none,True,,,6f87a8f128c1a54a796bb13402f3c55055dbf987b545a8c69b3e8d41e8416a9a,1.5989081889856607,0.15945602592546493,0.5015349420718849,2.2598991569830105
147,SingleLineInfilling/HumanEval/26/L1,HumanEval/26,L1,<=8,best_simple_length_policy,ok,True,7,7,0,0,lcal_official_bounded_repair,base,none,True,,,6818cb9723c5321311c0994f593c7536fdb4d4dd98b2740a278a40f272025b5e,1.6013005170971155,0.14341660414356738,0.46400709182489663,2.2087242130655795
148,SingleLineInfilling/HumanEval/26/L2,HumanEval/26,L2,13-16,best_simple_length_policy,ok,True,16,16,0,0,lcal_official_bounded_repair,strong_correction,strong_base_len,True,,,f88698cf569ebbf6f22566065b02f894bbb6cc6efcc4940e4e0d94dd5f579a17,1.6090294159948826,0.1532503068447113,0.44450621597934514,2.206785938818939
149,SingleLineInfilling/HumanEval/28/L0,HumanEval/28,L0,<=8,best_simple_length_policy,ok,True,6,6,0,0,lcal_official_bounded_repair,base,none,True,,,23b4dd59904e0b83dbdbe5083536717fb39318d2fbe11707a8d5742c196fb669,1.4928920799866319,0.15737863699905574,0.5230844645993784,2.173355181585066
150,SingleLineInfilling/HumanEval/29/L0,HumanEval/29,L0,13-16,best_simple_length_policy,ok,True,13,13,0,0,lcal_official_bounded_repair,strong_correction,strong_base_len,True,,,3e0a27f671d373dbfc8c24c5b7d4e9a25e69b6b13873921af0b3e438333521ff,1.5888391330372542,0.1691183199873194,0.4499169368064031,2.2078743898309767
151,SingleLineInfilling/HumanEval/30/L0,HumanEval/30,L0,13-16,best_simple_length_policy,ok,True,14,14,0,0,lcal_official_bounded_repair,strong_correction,strong_base_len,True,,,3209367894900492d277232d00c49763cde7ed0a57ae034bd4905d8a3fae7af6,1.8856109419139102,0.1552089439937845,0.45496461912989616,2.495784505037591
152,SingleLineInfilling/HumanEval/32/L0,HumanEval/32,L0,9-12,best_simple_length_policy,ok,False,11,8,-3,3,lcal_official_bounded_repair,base,none,True,UnitTestFailure,timed out,0937ea400fcb91fb6dacf9506c7fb1b3a785c6c69b2dca47f1fa184344fda40c,2.6448025919962674,3.153013739036396,0.620994383119978,6.418810714152642
153,SingleLineInfilling/HumanEval/32/L1,HumanEval/32,L1,17-24,best_simple_length_policy,ok,False,17,11,-6,6,lcal_official_bounded_repair,base,none,True,UnitTestFailure,failed: ,4b7bc9789c4ef50b4564f6235e22272ca5ea369c4394cd303e1dd841f9391412,2.6466285350034013,0.1543153409147635,0.51036745775491,3.311311333673075
154,SingleLineInfilling/HumanEval/32/L2,HumanEval/32,L2,<=8,best_simple_length_policy,ok,True,8,8,0,0,lcal_official_bounded_repair,official_bounded_repair,none,True,,,3390a284edc311fb1d66d4a9e3a71a496f344fc7b747ce82fc9a8398fc775c7a,2.6403393250657246,0.15370330098085105,0.47230323986150324,3.266345865908079
155,SingleLineInfilling/HumanEval/32/L3,HumanEval/32,L3,<=8,best_simple_length_policy,ok,True,8,8,0,0,lcal_official_bounded_repair,base,none,True,,,3390a284edc311fb1d66d4a9e3a71a496f344fc7b747ce82fc9a8398fc775c7a,2.652107181958854,0.16473525087349117,0.46948183537460864,3.286324268206954
156,SingleLineInfilling/HumanEval/32/L4,HumanEval/32,L4,13-16,best_simple_length_policy,ok,False,13,4,-9,9,lcal_official_bounded_repair,base,none,True,UnitTestFailure,timed out,9c7fbbc1067589b417f6dab5a80deb1d57242d91f554ccc8b56494714e548bde,2.6302972770063207,3.144311530981213,0.5986134554259479,6.373222263413481
157,SingleLineInfilling/HumanEval/32/L5,HumanEval/32,L5,13-16,best_simple_length_policy,ok,True,14,12,-2,2,lcal_official_bounded_repair,base,none,True,,,b7d93faeeffe86a83a308c570cb442553a0ab5d05443e3c21e61a5355e41eaf1,2.6686056490289047,0.15939477202482522,0.5788718978874385,3.4068723189411685
158,SingleLineInfilling/HumanEval/32/L6,HumanEval/32,L6,17-24,best_simple_length_policy,ok,False,17,11,-6,6,lcal_official_bounded_repair,base,none,True,UnitTestFailure,failed: ,209c33c53850362231666c0b3b97033b44692d8635d262ce26b34bd404c29440,2.6482537150150165,0.14849137410055846,0.5184227738063782,3.315167862921953
159,SingleLineInfilling/HumanEval/32/L7,HumanEval/32,L7,<=8,best_simple_length_policy,ok,True,5,5,0,0,lcal_official_bounded_repair,base,none,True,,,3390a284edc311fb1d66d4a9e3a71a496f344fc7b747ce82fc9a8398fc775c7a,2.640172030078247,0.15044878493063152,0.5211938061984256,3.3118146212073043
160,SingleLineInfilling/HumanEval/32/L8,HumanEval/32,L8,<=8,best_simple_length_policy,ok,True,3,3,0,0,lcal_official_bounded_repair,base,none,True,,,3390a284edc311fb1d66d4a9e3a71a496f344fc7b747ce82fc9a8398fc775c7a,2.5975885280640796,0.1588314949767664,0.5795228512724862,3.335942874313332
161,SingleLineInfilling/HumanEval/32/L9,HumanEval/32,L9,<=8,best_simple_length_policy,ok,True,5,5,0,0,lcal_official_bounded_repair,base,none,True,,,3390a284edc311fb1d66d4a9e3a71a496f344fc7b747ce82fc9a8398fc775c7a,2.6261773940641433,0.1603454489959404,0.5487589250551537,3.3352817681152374
162,SingleLineInfilling/HumanEval/32/L10,HumanEval/32,L10,<=8,best_simple_length_policy,ok,True,4,13,9,9,lcal_official_bounded_repair,strong_correction,strong_base_len,True,,,0e6d9cc6176ea9db1cdc8b56800e93ff5f43e1c5825bb2b884e10630fdc77ec9,2.6553179969778284,0.14394856500439346,0.46409874595701694,3.263365307939239
163,SingleLineInfilling/HumanEval/33/L0,HumanEval/33,L0,<=8,best_simple_length_policy,ok,True,6,3,-3,3,lcal_official_bounded_repair,base,none,True,,,d2b48142c3d780dfa2dc35543716bff3602ca4b3b0688c2214275733785b4d4b,1.829126688069664,0.1186597419437021,0.5286866378737614,2.4764730678871274
164,SingleLineInfilling/HumanEval/33/L1,HumanEval/33,L1,13-16,best_simple_length_policy,ok,False,13,7,-6,6,lcal_official_bounded_repair,official_bounded_repair,none,True,UnitTestFailure,failed: ,a4eb563748aef0b405db437486d687dd57b43193837a968c3d5887109a926891,1.8525225101038814,0.1330365149769932,0.4598585838684812,2.445417608949356
165,SingleLineInfilling/HumanEval/33/L2,HumanEval/33,L2,<=8,best_simple_length_policy,ok,True,4,18,14,14,lcal_official_bounded_repair,official_long_suspicion,none,True,,,1d0c3c95534886f0af3142e5b5e08215462318912b543b0cdd6d9c6fb2429641,1.869226788985543,0.12718290381599218,0.6231205370277166,2.6195302298292518
166,SingleLineInfilling/HumanEval/34/L0,HumanEval/34,L0,<=8,best_simple_length_policy,ok,True,7,6,-1,1,lcal_official_bounded_repair,base,none,True,,,bf6dcb52b5fcfb92bbf2bee9fe22a08ef95b333d8e509942579c8fa0f3772d27,1.5821476540295407,0.13428952102549374,0.4576512372586876,2.174088412313722
167,SingleLineInfilling/HumanEval/36/L0,HumanEval/36,L0,<=8,best_simple_length_policy,ok,True,4,4,0,0,lcal_official_bounded_repair,base,none,True,,,6914deb5b752b327c5fc2cdccfc8dd42f9edcbc24e7c36c7ac3e0352c4507b62,1.8270626800367609,0.15958858805242926,0.6392521650996059,2.625903433188796
168,SingleLineInfilling/HumanEval/36/L1,HumanEval/36,L1,<=8,best_simple_length_policy,ok,False,7,12,5,5,lcal_official_bounded_repair,official_mid_rescue,none,True,UnitTestFailure,failed: ,898844458f08c984440ca1974b7d185e8844ad5d7e3e84b0bd7c8f63b11c4c1b,1.8664673999883235,0.14560149202588946,0.49999975017271936,2.5120686421869323
169,SingleLineInfilling/HumanEval/36/L2,HumanEval/36,L2,17-24,best_simple_length_policy,ok,True,20,20,0,0,lcal_official_bounded_repair,strong_correction,strong_base_len,True,,,746507c9af7b2032ff0307d55be461982157ff5e5d472a2655f74a27be2df1c9,1.8661374830408022,0.15674807596951723,0.43922215967904776,2.462107718689367
170,SingleLineInfilling/HumanEval/36/L3,HumanEval/36,L3,<=8,best_simple_length_policy,ok,True,5,5,0,0,lcal_official_bounded_repair,base,none,True,,,746507c9af7b2032ff0307d55be461982157ff5e5d472a2655f74a27be2df1c9,1.8558681909926236,0.16208186303265393,0.51168646896258,2.5296365229878575
171,SingleLineInfilling/HumanEval/36/L4,HumanEval/36,L4,9-12,best_simple_length_policy,ok,True,11,6,-5,5,lcal_official_bounded_repair,base,none,True,,,c10a7e512461e9e5fc0a9b3ad02ab1e88fd4813a73031076413a20f2419ea562,1.8187576660420746,0.15003305987920612,0.5366526527795941,2.5054433787008747
172,SingleLineInfilling/HumanEval/36/L5,HumanEval/36,L5,<=8,best_simple_length_policy,ok,True,6,6,0,0,lcal_official_bounded_repair,base,none,True,,,746507c9af7b2032ff0307d55be461982157ff5e5d472a2655f74a27be2df1c9,1.8533598660724238,0.1578416619449854,0.477931575383991,2.4891331034014
173,SingleLineInfilling/HumanEval/36/L6,HumanEval/36,L6,<=8,best_simple_length_policy,ok,True,6,6,0,0,lcal_official_bounded_repair,base,none,True,,,746507c9af7b2032ff0307d55be461982157ff5e5d472a2655f74a27be2df1c9,1.8442571500781924,0.12851056398358196,0.5305790330749005,2.503346747136675
174,SingleLineInfilling/HumanEval/36/L7,HumanEval/36,L7,9-12,best_simple_length_policy,ok,True,9,13,4,4,lcal_official_bounded_repair,strong_correction,strong_base_len,True,,,7af9926fa238d9bf2b6d9ff3eba7fd6bf46e642ef37351127a6e775b6cfda773,1.864422652986832,0.13249776000157,0.4502943840343505,2.4472147970227525
175,SingleLineInfilling/HumanEval/36/L8,HumanEval/36,L8,<=8,best_simple_length_policy,ok,True,4,18,14,14,lcal_official_bounded_repair,official_long_suspicion,none,True,,,a9da66809ef2215d157a486ec594978de7a7ba69f634efd19abbd563a1c64bb8,1.8859589309431612,0.15991836809553206,0.6431420325534418,2.689019331592135
176,SingleLineInfilling/HumanEval/37/L0,HumanEval/37,L0,9-12,best_simple_length_policy,ok,True,9,9,0,0,lcal_official_bounded_repair,base,none,True,,,d7d7a46d64c85b487c62d083cfafe3e67b32aa87a34851c4c8d014849eaad2a2,1.8770867279963568,0.15299002802930772,0.48403551639057696,2.5141122724162415
177,SingleLineInfilling/HumanEval/37/L1,HumanEval/37,L1,9-12,best_simple_length_policy,ok,True,9,9,0,0,lcal_official_bounded_repair,base,none,True,,,f178ad6fb10eb0ff94574cc7b0a586bed05962b83cbfd4eb7b221d5d6d4fce28,1.8588345490861684,0.14592079690191895,0.46007300121709704,2.4648283472051844
178,SingleLineInfilling/HumanEval/37/L2,HumanEval/37,L2,<=8,best_simple_length_policy,ok,False,5,9,4,4,lcal_official_bounded_repair,base,none,True,UnitTestFailure,failed: ,135b9f88443544ddc7b0bfe5f555a79d03e1dd5765118732b437fe72ba7cf77c,1.9104786550160497,0.12326249887701124,0.4941572373500094,2.5278983912430704
179,SingleLineInfilling/HumanEval/37/L3,HumanEval/37,L3,<=8,best_simple_length_policy,ok,False,4,8,4,4,lcal_official_bounded_repair,official_bounded_repair,none,True,UnitTestFailure,failed: ,135b9f88443544ddc7b0bfe5f555a79d03e1dd5765118732b437fe72ba7cf77c,1.902743597049266,0.15953286888543516,0.4426374601898715,2.5049139261245728
180,SingleLineInfilling/HumanEval/37/L4,HumanEval/37,L4,9-12,best_simple_length_policy,ok,True,12,12,0,0,lcal_official_bounded_repair,base,none,True,,,f178ad6fb10eb0ff94574cc7b0a586bed05962b83cbfd4eb7b221d5d6d4fce28,1.881298477994278,0.15920938679482788,0.5340916343266144,2.5745994991157204
181,SingleLineInfilling/HumanEval/37/L5,HumanEval/37,L5,<=8,best_simple_length_policy,ok,True,8,10,2,2,lcal_official_bounded_repair,base,none,True,,,da9f488c45a27c4d02fc7ebb7280ed8002d7573390cbebc9890726e1b2be5773,1.88606513699051,0.14592703897505999,0.4906461643986404,2.5226383403642103
182,SingleLineInfilling/HumanEval/37/L6,HumanEval/37,L6,9-12,best_simple_length_policy,ok,False,11,5,-6,6,lcal_official_bounded_repair,base,none,True,UnitTestFailure,failed: ,57d4d1571a0fc6a6e2762b1e2de99950c05b8b2082a5d48412ee87a6da54f372,1.87195697799325,0.1562140539754182,0.5338738437276334,2.5620448756963015
183,SingleLineInfilling/HumanEval/37/L7,HumanEval/37,L7,<=8,best_simple_length_policy,ok,True,8,8,0,0,lcal_official_bounded_repair,base,none,True,,,f178ad6fb10eb0ff94574cc7b0a586bed05962b83cbfd4eb7b221d5d6d4fce28,1.8766037069726735,0.14524063689168543,0.45310626621358097,2.47495061007794
184,SingleLineInfilling/HumanEval/37/L8,HumanEval/37,L8,<=8,best_simple_length_policy,ok,True,4,3,-1,1,lcal_official_bounded_repair,base,none,True,,,955b4eb6b8633c33ef6a40e2f55c36157780e777d88d4fb878228fb154ba0ef2,1.855889705941081,0.14681248005945235,0.5409898619400337,2.543692047940567
185,SingleLineInfilling/HumanEval/38/L0,HumanEval/38,L0,9-12,best_simple_length_policy,ok,False,11,3,-8,8,lcal_official_bounded_repair,base,none,True,UnitTestFailure,failed: ,3502767ee97312ac75082a9c5d9d69f4cf94b7a8f04d9a86a86d7e9677f439c9,1.8596312360605225,0.14530259207822382,0.5078165906015784,2.5127504187403247
186,SingleLineInfilling/HumanEval/39/L0,HumanEval/39,L0,<=8,best_simple_length_policy,ok,True,4,3,-1,1,lcal_official_bounded_repair,base,none,True,,,98849e1bb241442280381c317c7bcb9681537ddf8a6a372be43ecfeca954b83e,1.900824022013694,0.15573250909801573,0.6216019677231088,2.6781584988348186
187,SingleLineInfilling/HumanEval/39/L2,HumanEval/39,L2,<=8,best_simple_length_policy,ok,True,6,11,5,5,lcal_official_bounded_repair,base,none,True,,,91a74731c8c1b34d03b0a102591d7757def64efe535388690e1dcf319e2514ec,1.9053720019292086,0.1453121529193595,0.5180364917032421,2.56872064655181
188,SingleLineInfilling/HumanEval/39/L3,HumanEval/39,L3,<=8,best_simple_length_policy,ok,False,7,5,-2,2,lcal_official_bounded_repair,base,none,True,UnitTestFailure,failed: ,286488fbc7f99f1fb08e2b0cb9853764ed86b036e14830ae350d38ef336a1c3d,1.8752316141035408,0.15128888003528118,0.5294806865276769,2.556001180666499
189,SingleLineInfilling/HumanEval/39/L4,HumanEval/39,L4,<=8,best_simple_length_policy,ok,True,4,15,11,11,lcal_official_bounded_repair,strong_correction,strong_base_len,True,,,fa6d6cceb4a8d23e06e24a17663665b36a5716a3e3662cc9e520c8d596b017fa,1.9311297300737351,0.15620716090779752,0.4598156459396705,2.547152536921203
190,SingleLineInfilling/HumanEval/39/L5,HumanEval/39,L5,17-24,best_simple_length_policy,ok,False,23,13,-10,10,lcal_official_bounded_repair,strong_correction,strong_base_len,True,UnitTestFailure,failed: ,e9b31c6647d9d9ce80e7811ff0adfabf1e8b32a5895e921a125d2b87935f5b0f,1.9149107340490445,0.14616941509302706,0.45589036075398326,2.516970509896055
191,SingleLineInfilling/HumanEval/39/L6,HumanEval/39,L6,9-12,best_simple_length_policy,ok,True,9,9,0,0,lcal_official_bounded_repair,base,none,True,,,7d9bd9210048f684fc65f70e291a55d0811ccf776e75b1e81ced03439b3c9782,1.906377776991576,0.1611525248736143,0.5039959561545402,2.5715262580197304
192,SingleLineInfilling/HumanEval/39/L7,HumanEval/39,L7,<=8,best_simple_length_policy,ok,True,4,4,0,0,lcal_official_bounded_repair,base,none,True,,,7d9bd9210048f684fc65f70e291a55d0811ccf776e75b1e81ced03439b3c9782,1.8948176130652428,0.15264304808806628,0.5788502648938447,2.6263109260471538
193,SingleLineInfilling/HumanEval/39/L8,HumanEval/39,L8,<=8,best_simple_length_policy,ok,True,4,4,0,0,lcal_official_bounded_repair,base,none,True,,,7fff280898fe380563cf975fc5b9fbca892b2384096fdda79b2cda65418ada0c,1.9085547850700095,0.145750432042405,0.4774537069024518,2.5317589240148664
194,SingleLineInfilling/HumanEval/39/L9,HumanEval/39,L9,9-12,best_simple_length_policy,ok,True,9,9,0,0,lcal_official_bounded_repair,base,none,True,,,7d9bd9210048f684fc65f70e291a55d0811ccf776e75b1e81ced03439b3c9782,1.8828665179898962,0.1587004220345989,0.47274556511547416,2.5143125051399693
195,SingleLineInfilling/HumanEval/39/L10,HumanEval/39,L10,<=8,best_simple_length_policy,ok,True,4,7,3,3,lcal_official_bounded_repair,base,none,True,,,53de7f66dd55e9f0c9484492ae602ed926123978936f932c8fdfcfa007eb8361,1.912452500895597,0.1457314530853182,0.5153325350256637,2.573516489006579
196,SingleLineInfilling/HumanEval/39/L11,HumanEval/39,L11,9-12,best_simple_length_policy,ok,True,12,12,0,0,lcal_official_bounded_repair,base,none,True,,,7d9bd9210048f684fc65f70e291a55d0811ccf776e75b1e81ced03439b3c9782,1.9266823700163513,0.15607520996127278,0.5216452910099179,2.604402870987542
197,SingleLineInfilling/HumanEval/39/L12,HumanEval/39,L12,<=8,best_simple_length_policy,ok,True,8,8,0,0,lcal_official_bounded_repair,base,none,True,,,7d9bd9210048f684fc65f70e291a55d0811ccf776e75b1e81ced03439b3c9782,1.9285527160391212,0.1530504219699651,0.4630170449381694,2.5446201829472557
198,SingleLineInfilling/HumanEval/39/L13,HumanEval/39,L13,<=8,best_simple_length_policy,ok,True,6,8,2,2,lcal_official_bounded_repair,base,none,True,,,7cb03332e2b326cfa2d86911d282aee0f4058f5eede7ae2171a2b4ed6ffc926b,1.9224078889237717,0.1479108928469941,0.4404153669020161,2.510734148672782
199,SingleLineInfilling/HumanEval/39/L14,HumanEval/39,L14,<=8,best_simple_length_policy,ok,True,7,7,0,0,lcal_official_bounded_repair,base,none,True,,,7d9bd9210048f684fc65f70e291a55d0811ccf776e75b1e81ced03439b3c9782,1.901728379074484,0.14823101891670376,0.6319294731365517,2.6818888711277395
200,SingleLineInfilling/HumanEval/39/L15,HumanEval/39,L15,<=8,best_simple_length_policy,ok,True,6,6,0,0,lcal_official_bounded_repair,base,none,True,,,7d9bd9210048f684fc65f70e291a55d0811ccf776e75b1e81ced03439b3c9782,1.891470810980536,0.15159556595608592,0.5305448302533478,2.5736112071899697
201,SingleLineInfilling/HumanEval/40/L0,HumanEval/40,L0,<=8,best_simple_length_policy,ok,True,8,8,0,0,lcal_official_bounded_repair,base,none,True,,,2098308fa83cbd01beaeb9b75ff569ba09812db0dcc10907616afebecc23417d,1.9294184489408508,0.1489235240733251,0.49532979098148644,2.5736717639956623
202,SingleLineInfilling/HumanEval/40/L1,HumanEval/40,L1,13-16,best_simple_length_policy,ok,True,13,13,0,0,lcal_official_bounded_repair,strong_correction,strong_base_len,True,,,bf64d3f74f320e1dba8a73fc566c425803cce815bfed8636a70c7d17d8d9f8e8,1.907868202892132,0.14211397687904537,0.4629035978578031,2.5128857776289806
203,SingleLineInfilling/HumanEval/40/L2,HumanEval/40,L2,13-16,best_simple_length_policy,ok,True,13,13,0,0,lcal_official_bounded_repair,strong_correction,strong_base_len,True,,,bf64d3f74f320e1dba8a73fc566c425803cce815bfed8636a70c7d17d8d9f8e8,1.921553521999158,0.13744181813672185,0.4609915572218597,2.5199868973577395
204,SingleLineInfilling/HumanEval/40/L3,HumanEval/40,L3,17-24,best_simple_length_policy,ok,True,17,16,-1,1,lcal_official_bounded_repair,strong_correction,strong_base_len,True,,,5136462205b9b0815976f4236ae50268b375e5b7ed4dc2004e0928afbdf7cf32,1.940492965048179,0.15124702686443925,0.4493330850964412,2.5410730770090595
205,SingleLineInfilling/HumanEval/40/L4,HumanEval/40,L4,<=8,best_simple_length_policy,ok,True,4,4,0,0,lcal_official_bounded_repair,base,none,True,,,bf64d3f74f320e1dba8a73fc566c425803cce815bfed8636a70c7d17d8d9f8e8,1.905325067928061,0.14943173504434526,0.5708883759798482,2.6256451789522544
206,SingleLineInfilling/HumanEval/40/L5,HumanEval/40,L5,<=8,best_simple_length_policy,ok,True,4,3,-1,1,lcal_official_bounded_repair,base,none,True,,,152eaf26befd6b38cb09481f0a9250d8d956fcf87fcfd21d224f20ac92fd8f35,1.8814102580072358,0.14778664405457675,0.5065074700396508,2.5357043721014634
207,SingleLineInfilling/HumanEval/41/L0,HumanEval/41,L0,<=8,best_simple_length_policy,ok,False,6,3,-3,3,lcal_official_bounded_repair,base,none,True,UnitTestFailure,failed: ,4673bba6092ac55a2a99ed465115f1a8837251645d337af4b16ef2c6c2400feb,1.857874822919257,0.1361161069944501,0.5147139807231724,2.5087049106368795
208,SingleLineInfilling/HumanEval/42/L0,HumanEval/42,L0,13-16,best_simple_length_policy,ok,True,13,12,-1,1,lcal_official_bounded_repair,base,none,True,,,954788c066f581007da9c1b0360d2c4d42a81b8cd7bde1537f2bf67a45fa9a1c,1.60071465105284,0.13393583800643682,0.5204517258098349,2.2551022148691118
209,SingleLineInfilling/HumanEval/43/L0,HumanEval/43,L0,9-12,best_simple_length_policy,ok,True,10,10,0,0,lcal_official_bounded_repair,base,none,True,,,1ec769ef98723a093eefff88e14cb51e586bb1a978a192e846b648fc3737f97e,1.9072755329543725,0.14230140193831176,0.4904232022818178,2.540000137174502
210,SingleLineInfilling/HumanEval/43/L1,HumanEval/43,L1,13-16,best_simple_length_policy,ok,True,13,13,0,0,lcal_official_bounded_repair,strong_correction,strong_base_len,True,,,47648f54f2309e52e0bed53c69e57b6959aa9e2ce99de6ebe0226d6b8b1b3926,1.9069027259247378,0.1330861619208008,0.45518424501642585,2.4951731328619644
211,SingleLineInfilling/HumanEval/43/L2,HumanEval/43,L2,9-12,best_simple_length_policy,ok,True,12,12,0,0,lcal_official_bounded_repair,base,none,True,,,47648f54f2309e52e0bed53c69e57b6959aa9e2ce99de6ebe0226d6b8b1b3926,1.916086915996857,0.14580833399668336,0.5148480669595301,2.5767433169530705
212,SingleLineInfilling/HumanEval/43/L3,HumanEval/43,L3,<=8,best_simple_length_policy,ok,True,4,4,0,0,lcal_official_bounded_repair,base,none,True,,,47648f54f2309e52e0bed53c69e57b6959aa9e2ce99de6ebe0226d6b8b1b3926,1.902339449035935,0.15515563602093607,0.5224531592102721,2.5799482442671433
213,SingleLineInfilling/HumanEval/43/L4,HumanEval/43,L4,<=8,best_simple_length_policy,ok,True,4,3,-1,1,lcal_official_bounded_repair,base,none,True,,,66c31807cb395c66350d4c75a3ef9d1a10f91a5d12d410b92e3674a514f4f032,1.8579480180051178,0.15385808690916747,0.5169800898293033,2.5287861947435886
214,SingleLineInfilling/HumanEval/44/L0,HumanEval/44,L0,<=8,best_simple_length_policy,ok,True,4,16,12,12,lcal_official_bounded_repair,official_long_suspicion,none,True,,,d7cf0f70ef0f4226761ba56db2e5645f632f8b416d9a94f438de2fa3de885439,1.8650603990536183,0.14758238091599196,0.5872653693659231,2.5999081493355334
215,SingleLineInfilling/HumanEval/44/L1,HumanEval/44,L1,<=8,best_simple_length_policy,ok,True,7,7,0,0,lcal_official_bounded_repair,official_bounded_repair,none,True,,,8a4ed1f07b8b14d66fc315b5dd17b0a047feea7cb4771b8298e2eb53aba83d74,1.6058918599737808,0.15324168000370264,0.46483530511613935,2.223968845093623
216,SingleLineInfilling/HumanEval/44/L2,HumanEval/44,L2,9-12,best_simple_length_policy,ok,True,11,11,0,0,lcal_official_bounded_repair,base,none,True,,,8a4ed1f07b8b14d66fc315b5dd17b0a047feea7cb4771b8298e2eb53aba83d74,1.6046412009745836,0.14667203894350678,0.4954900377197191,2.2468032776378095
217,SingleLineInfilling/HumanEval/44/L3,HumanEval/44,L3,<=8,best_simple_length_policy,ok,True,5,7,2,2,lcal_official_bounded_repair,base,none,True,,,e1815acdb0c0b1b37c0bce3b8c9eb1e641b6fc024bc56b499d4f7e3b9d3a587a,1.611129438970238,0.15228467306587845,0.4667180667165667,2.230132178752683
218,SingleLineInfilling/HumanEval/44/L4,HumanEval/44,L4,<=8,best_simple_length_policy,ok,True,4,18,14,14,lcal_official_bounded_repair,official_long_suspicion,none,True,,,4e95c80fa2a972544e255daf7fd758cc16d48e71de16f5059b2141872091e561,1.8969075379427522,0.155716847977601,0.6325319735333323,2.6851563594536856
219,SingleLineInfilling/HumanEval/45/L0,HumanEval/45,L0,9-12,best_simple_length_policy,ok,True,11,6,-5,5,lcal_official_bounded_repair,official_bounded_repair,none,True,,,5a95692f20d7268ce8a3ebe0b7980a70ed925b7c163e04528a3780f4b9b57f4b,1.470871330006048,0.1602973738918081,0.48790387192275375,2.11907257582061
220,SingleLineInfilling/HumanEval/46/L0,HumanEval/46,L0,13-16,best_simple_length_policy,ok,True,15,15,0,0,lcal_official_bounded_repair,strong_correction,strong_base_len,True,,,00c6ddeab6aae1046e29b45c0135721fe8f807c16913abe4ab4830d8ea6d2f01,1.964926155982539,0.16214970510918647,0.45962770306505263,2.586703564156778
221,SingleLineInfilling/HumanEval/46/L1,HumanEval/46,L1,<=8,best_simple_length_policy,ok,True,7,7,0,0,lcal_official_bounded_repair,official_bounded_repair,none,True,,,0b60dd4588f6ca8383258a1da68f6af57d253bd17fa72b7b04ba3ecc7823f318,1.9408677149331197,0.15297775506041944,0.4837229740805924,2.5775684440741315
222,SingleLineInfilling/HumanEval/46/L2,HumanEval/46,L2,<=8,best_simple_length_policy,ok,True,5,3,-2,2,lcal_official_bounded_repair,base,none,True,,,5993763869c9045bba10feab3de7537b19d69a6699ab927bdd0a50f5d337bbc1,1.9262158980127424,0.14903611794579774,0.5421741638565436,2.6174261798150837
223,SingleLineInfilling/HumanEval/46/L4,HumanEval/46,L4,13-16,best_simple_length_policy,ok,True,13,13,0,0,lcal_official_bounded_repair,strong_correction,strong_base_len,True,,,e71db4faff241bdd0f7808352b0cb39780b0358c90abe71b4f6bdf1b128bdf66,1.959122485946864,0.15213024395052344,0.4541580539662391,2.5654107838636264
224,SingleLineInfilling/HumanEval/46/L5,HumanEval/46,L5,17-24,best_simple_length_policy,ok,True,22,6,-16,16,lcal_official_bounded_repair,base,none,True,,,49fcaa181ba690b02f8427008d30417bf285a2eff5e17f97d9bddb87c756177e,1.9278273730305955,0.14583368797320873,0.4918389841914177,2.565500045195222
225,SingleLineInfilling/HumanEval/46/L6,HumanEval/46,L6,<=8,best_simple_length_policy,ok,True,6,4,-2,2,lcal_official_bounded_repair,base,none,True,,,0926fed00a94e8228c281fe35284d715903d931b597c57e63e097e76f09e1c8a,1.928099596989341,0.14816526602953672,0.500002731801942,2.57626759482082
226,SingleLineInfilling/HumanEval/46/L8,HumanEval/46,L8,<=8,best_simple_length_policy,ok,True,6,6,0,0,lcal_official_bounded_repair,base,none,True,,,0b60dd4588f6ca8383258a1da68f6af57d253bd17fa72b7b04ba3ecc7823f318,1.9452002659672871,0.14984781702514738,0.48640724597498775,2.5814553289674222
227,SingleLineInfilling/HumanEval/47/L0,HumanEval/47,L0,<=8,best_simple_length_policy,ok,True,6,6,0,0,lcal_official_bounded_repair,base,none,True,,,a15efadfdf1c402868be8a498d657bd519f36c456be81f781987062d1d4dd469,1.852668587001972,0.14238023501820862,0.4819230198627338,2.4769718418829143
228,SingleLineInfilling/HumanEval/47/L1,HumanEval/47,L1,9-12,best_simple_length_policy,ok,True,12,9,-3,3,lcal_official_bounded_repair,base,none,True,,,6fca7f8214346736cc4b3d1f3ff68e19c96b8c0aff6a7ee03797064ab1c03f44,1.8433297439478338,0.15308265516068786,0.5301971259759739,2.5266095250844955
229,SingleLineInfilling/HumanEval/47/L2,HumanEval/47,L2,9-12,best_simple_length_policy,ok,True,10,10,0,0,lcal_official_bounded_repair,base,none,True,,,682536d6810aa26b15c660d964aaf4e0cc2fe3704c1cb4b1aefc94efd4940d78,1.8769835769198835,0.14801295194774866,0.4866059453925118,2.511602474260144
230,SingleLineInfilling/HumanEval/47/L3,HumanEval/47,L3,<=8,best_simple_length_policy,ok,True,3,12,9,9,lcal_official_bounded_repair,base,none,True,,,61325ba7383f2b0c87b88ec948d63eb1459df600354fc7e632fec5354cbeb945,1.8608154089888558,0.14623583294451237,0.5360278403386474,2.5430790822720155
231,SingleLineInfilling/HumanEval/47/L4,HumanEval/47,L4,25+,best_simple_length_policy,ok,False,29,10,-19,19,lcal_official_bounded_repair,base,none,True,UnitTestFailure,failed: ,509e840f5f8ae2cde6f62a6f56d8df7f2bd731ccc3c5b54549635edfd5d2a1bc,1.6046690980438143,0.1495787799358368,0.47967503406107426,2.2339229120407254
232,SingleLineInfilling/HumanEval/48/L0,HumanEval/48,L0,<=8,best_simple_length_policy,ok,False,8,12,4,4,lcal_official_bounded_repair,official_mid_rescue,none,False,SyntaxError,"invalid syntax (<unknown>, line 16)",1540f2c8bc1c79c25fc7b460030cf5d888e4753a50435404a7ff9ccc3f2d166b,1.5895481300540268,0.00019317306578159332,0.506775461952202,2.0965167650720105
233,SingleLineInfilling/HumanEval/48/L1,HumanEval/48,L1,13-16,best_simple_length_policy,ok,True,16,13,-3,3,lcal_official_bounded_repair,official_mid_rescue,none,True,,,2e7919c524be161f4ee2a7193348d063cdc994794d50701d0460f25a84f7bb49,1.6078343539265916,0.14815507212188095,0.5220572960097343,2.278046722058207
234,SingleLineInfilling/HumanEval/48/L2,HumanEval/48,L2,<=8,best_simple_length_policy,ok,True,4,4,0,0,lcal_official_bounded_repair,base,none,True,,,d86d15a8509b6cdf7a77ed0b403339bcee442f6680bf0494d89ed77be2f73ead,1.5759303199592978,0.14774398400913924,0.49191577907186,2.215590083040297
235,SingleLineInfilling/HumanEval/48/L3,HumanEval/48,L3,<=8,best_simple_length_policy,ok,True,4,18,14,14,lcal_official_bounded_repair,official_long_suspicion,none,True,,,34619c5d149d29c4f9a6418810a2826812c524c7efb3cd80222593509f254c6a,1.6161358619574457,0.1500622540479526,0.6208082285011187,2.387006344506517
236,SingleLineInfilling/HumanEval/49/L0,HumanEval/49,L0,<=8,best_simple_length_policy,ok,True,6,6,0,0,lcal_official_bounded_repair,base,none,True,,,2be11756cd715dbf42230d2af8e4cb67564debb3b575e9c5ec617c28a441e49a,1.862055227975361,0.14124944794457406,0.5689070133958012,2.5722116893157363
237,SingleLineInfilling/HumanEval/49/L1,HumanEval/49,L1,<=8,best_simple_length_policy,ok,True,7,13,6,6,lcal_official_bounded_repair,official_mid_rescue,none,True,,,c8afc591235cff15a9b57c045928c78487fd5065304f9484a0ab1b2aaa62733f,1.8583019169745967,0.1462401560274884,0.5464879630599171,2.551030036062002
238,SingleLineInfilling/HumanEval/49/L2,HumanEval/49,L2,9-12,best_simple_length_policy,ok,False,11,5,-6,6,lcal_official_bounded_repair,base,none,True,UnitTestFailure,failed: ,2fc14d6dff439cf8023364978dcae8fa875a8115a8646f6d3e3a014c3bab87cf,1.850475305924192,0.1346947270212695,0.5334970784606412,2.5186671114061028
239,SingleLineInfilling/HumanEval/49/L3,HumanEval/49,L3,<=8,best_simple_length_policy,ok,True,4,18,14,14,lcal_official_bounded_repair,official_long_suspicion,none,True,,,0d288cd92efce480ae4df1983ff1b399a639610918af28649ec43ba471d81fd3,1.888339078053832,0.15209563891403377,0.6216345856664702,2.662069302634336
240,SingleLineInfilling/HumanEval/51/L0,HumanEval/51,L0,25+,best_simple_length_policy,ok,False,32,3,-29,29,lcal_official_bounded_repair,base,none,True,UnitTestFailure,failed: ,9f4bb6a0444828f4ec116c4c89833030725ce16c1d6866968178b70d63d7cbbb,1.5907161850482225,0.13089668308384717,0.535199403995648,2.2568122721277177
241,SingleLineInfilling/HumanEval/52/L0,HumanEval/52,L0,<=8,best_simple_length_policy,ok,True,6,6,0,0,lcal_official_bounded_repair,base,none,True,,,1504f327db362861e2be84b1bedec4eb48b4dd0a92fb550a40a51f94d7567aa4,1.5813242510193959,0.15437983290757984,0.5021684090606868,2.2378724929876626
242,SingleLineInfilling/HumanEval/52/L1,HumanEval/52,L1,<=8,best_simple_length_policy,ok,False,6,5,-1,1,lcal_official_bounded_repair,base,none,True,UnitTestFailure,failed: ,072ee8e73fc5b7f5f3a3893eb2dbe3f5de13368460a87de9cf5bbb9957f9e261,1.5715347270015627,0.14260934595949948,0.500689344946295,2.214833417907357
243,SingleLineInfilling/HumanEval/52/L2,HumanEval/52,L2,<=8,best_simple_length_policy,ok,True,4,4,0,0,lcal_official_bounded_repair,base,none,True,,,df913ceda88c48045486dbc7277aea9a54f415284e1299a99c01274d3b1e46db,1.5986270109424368,0.14308307808823884,0.5525447570253164,2.294254846055992
244,SingleLineInfilling/HumanEval/52/L3,HumanEval/52,L3,<=8,best_simple_length_policy,ok,True,4,3,-1,1,lcal_official_bounded_repair,base,none,True,,,20327ab81ccf1d773d25ab4fb852d94a082b9c50b9f5a5a34a1cf9769b1c69ad,1.572014864999801,0.14644634502474219,0.4947655211435631,2.213226731168106
245,SingleLineInfilling/HumanEval/53/L0,HumanEval/53,L0,<=8,best_simple_length_policy,ok,True,6,6,0,0,lcal_official_bounded_repair,base,none,True,,,c657325d19773475144e88c53ae0acaab70a8579dbacc5db5d3e88ec43c6c56a,1.5027534689288586,0.14880237693432719,0.541273767943494,2.19282961380668
246,SingleLineInfilling/HumanEval/54/L0,HumanEval/54,L0,9-12,best_simple_length_policy,ok,True,11,11,0,0,lcal_official_bounded_repair,base,none,True,,,ed609a0a7884bcb2cec4c0b62e5d4a6235bc51961c4519dc4e2a1ffdd7827668,1.8468152120476589,0.1470632298151031,0.5193732008337975,2.5132516426965594
247,SingleLineInfilling/HumanEval/55/L0,HumanEval/55,L0,<=8,best_simple_length_policy,ok,True,7,7,0,0,lcal_official_bounded_repair,official_bounded_repair,none,True,,,9eb1d6f1f13ec5c8fd4b2540185d0652a8094c2d45c9e8f71a6fa233b4d4d67f,1.6076431090477854,0.1416672240011394,0.538286215160042,2.287596548208967
248,SingleLineInfilling/HumanEval/55/L1,HumanEval/55,L1,<=8,best_simple_length_policy,ok,True,5,5,0,0,lcal_official_bounded_repair,base,none,True,,,7e356c143a95810a3ea9e53b282dd24ba7c5f84118be608d62a56fcb5badc746,1.5961096269311383,0.1585447781253606,0.5472970189293846,2.3019514239858836
249,SingleLineInfilling/HumanEval/55/L2,HumanEval/55,L2,<=8,best_simple_length_policy,ok,True,7,12,5,5,lcal_official_bounded_repair,base,none,True,,,15d6a90be6502b68554f5471f8760b28f13258ae4d252fc9603a063eb8089063,1.578789253020659,0.1616436019539833,0.5094244591891766,2.249857314163819
250,SingleLineInfilling/HumanEval/55/L3,HumanEval/55,L3,<=8,best_simple_length_policy,ok,True,5,5,0,0,lcal_official_bounded_repair,base,none,True,,,7e356c143a95810a3ea9e53b282dd24ba7c5f84118be608d62a56fcb5badc746,1.6132306909421459,0.1302480271551758,0.5781338218366727,2.3216125399339944
251,SingleLineInfilling/HumanEval/55/L4,HumanEval/55,L4,13-16,best_simple_length_policy,ok,True,15,15,0,0,lcal_official_bounded_repair,strong_correction,strong_base_len,True,,,7e356c143a95810a3ea9e53b282dd24ba7c5f84118be608d62a56fcb5badc746,1.616914293030277,0.14082831889390945,0.4435393518069759,2.2012819637311623
252,SingleLineInfilling/HumanEval/56/L0,HumanEval/56,L0,<=8,best_simple_length_policy,ok,True,6,6,0,0,lcal_official_bounded_repair,base,none,True,,,773dcd5e211577027ee8cd12cd870dcb37e750947049ba4bef11be678c05cc08,1.8566647080006078,0.15435865707695484,0.46673573658335954,2.477759101660922
253,SingleLineInfilling/HumanEval/56/L1,HumanEval/56,L1,<=8,best_simple_length_policy,ok,True,6,6,0,0,lcal_official_bounded_repair,base,none,True,,,eeb4ec229309a79c9b1008231bf5618361274261c3f74bd3849f4ea92f8f4516,1.8385443380102515,0.14471054007299244,0.4916410865262151,2.474895964609459
254,SingleLineInfilling/HumanEval/56/L2,HumanEval/56,L2,<=8,best_simple_length_policy,ok,True,6,6,0,0,lcal_official_bounded_repair,base,none,True,,,eeb4ec229309a79c9b1008231bf5618361274261c3f74bd3849f4ea92f8f4516,1.8415631370153278,0.14502772223204374,0.48203239031136036,2.468623249558732
255,SingleLineInfilling/HumanEval/56/L3,HumanEval/56,L3,<=8,best_simple_length_policy,ok,True,6,6,0,0,lcal_official_bounded_repair,base,none,True,,,eeb4ec229309a79c9b1008231bf5618361274261c3f74bd3849f4ea92f8f4516,1.840764207066968,0.1491669969400391,0.4592742081731558,2.449205412180163
256,SingleLineInfilling/HumanEval/56/L4,HumanEval/56,L4,<=8,best_simple_length_policy,ok,True,3,6,3,3,lcal_official_bounded_repair,base,none,True,,,3211abf306381b71178f77433099892dbd2144db05f7cee0d9dd0381d389b095,1.8565824850229546,0.1467948849312961,0.6512278743321076,2.6546052442863584
257,SingleLineInfilling/HumanEval/56/L5,HumanEval/56,L5,<=8,best_simple_length_policy,ok,True,6,6,0,0,lcal_official_bounded_repair,base,none,True,,,eeb4ec229309a79c9b1008231bf5618361274261c3f74bd3849f4ea92f8f4516,1.8437310849549249,0.1467520360602066,0.45085925864987075,2.4413423796650022
258,SingleLineInfilling/HumanEval/56/L6,HumanEval/56,L6,<=8,best_simple_length_policy,ok,True,7,7,0,0,lcal_official_bounded_repair,base,none,True,,,eeb4ec229309a79c9b1008231bf5618361274261c3f74bd3849f4ea92f8f4516,1.8488678790163249,0.14682660403195769,0.5545144827337936,2.550208965782076
259,SingleLineInfilling/HumanEval/56/L7,HumanEval/56,L7,<=8,best_simple_length_policy,ok,True,4,4,0,0,lcal_official_bounded_repair,base,none,True,,,eeb4ec229309a79c9b1008231bf5618361274261c3f74bd3849f4ea92f8f4516,1.8358249260345474,0.1516906451433897,0.5131605104543269,2.500676081632264
260,SingleLineInfilling/HumanEval/56/L8,HumanEval/56,L8,<=8,best_simple_length_policy,ok,True,7,7,0,0,lcal_official_bounded_repair,base,none,True,,,eeb4ec229309a79c9b1008231bf5618361274261c3f74bd3849f4ea92f8f4516,1.847125033964403,0.14885890402365476,0.5174619238823652,2.513445861870423
261,SingleLineInfilling/HumanEval/57/L0,HumanEval/57,L0,13-16,best_simple_length_policy,ok,False,16,7,-9,9,lcal_official_bounded_repair,base,none,True,UnitTestFailure,failed: ,0b8bae098a749f5537548c822da00f13c65743c1c0c4707afb3bc51e2b3ee99c,1.5614135280484334,0.14250766392797232,0.4545706338249147,2.1584918258013204
262,SingleLineInfilling/HumanEval/57/L1,HumanEval/57,L1,<=8,best_simple_length_policy,ok,True,4,4,0,0,lcal_official_bounded_repair,base,none,True,,,172c837191f07de25ea3aaef5720d37bc6a233aebfa88c6d2c4fc8ff9ee61c8a,1.5825910539133474,0.14243932103272527,0.4959717998281121,2.221002174774185
263,SingleLineInfilling/HumanEval/57/L2,HumanEval/57,L2,<=8,best_simple_length_policy,ok,True,4,7,3,3,lcal_official_bounded_repair,base,none,True,,,e71a650223a2b3304868546149bf9f3dfc4fca43e2b6f92b00f4df22089ae893,1.6031197349075228,0.14654668094590306,0.4898726742248982,2.239539090078324
264,SingleLineInfilling/HumanEval/58/L0,HumanEval/58,L0,<=8,best_simple_length_policy,ok,True,5,5,0,0,lcal_official_bounded_repair,base,none,True,,,300553dbc8ea25eb950653b3f8c384f4b3d866dc8a579ee5d594f35a044a93fd,1.8599831310566515,0.13351198192685843,0.5246861432678998,2.5181812562514096
265,SingleLineInfilling/HumanEval/58/L1,HumanEval/58,L1,<=8,best_simple_length_policy,ok,True,8,8,0,0,lcal_official_bounded_repair,base,none,True,,,9256b87f0ed2b897067341729f6d3f16614dccd6a8a238b28e6e83601ee889ad,1.8630116520216689,0.15507157007232308,0.4470996188465506,2.4651828409405425
266,SingleLineInfilling/HumanEval/58/L2,HumanEval/58,L2,<=8,best_simple_length_policy,ok,True,8,8,0,0,lcal_official_bounded_repair,base,none,True,,,9256b87f0ed2b897067341729f6d3f16614dccd6a8a238b28e6e83601ee889ad,1.8737385290442035,0.1462491259444505,0.45048496138770133,2.4704726163763553
267,SingleLineInfilling/HumanEval/58/L3,HumanEval/58,L3,<=8,best_simple_length_policy,ok,True,8,14,6,6,lcal_official_bounded_repair,strong_correction,strong_base_len,True,,,cb78cd2af34b8083368838e1aefbd0992dcd4bed1c32629527550b5b156be079,1.8763787710340694,0.15620487509295344,0.4557433275040239,2.4883269736310467
268,SingleLineInfilling/HumanEval/58/L4,HumanEval/58,L4,<=8,best_simple_length_policy,ok,True,6,6,0,0,lcal_official_bounded_repair,base,none,True,,,9256b87f0ed2b897067341729f6d3f16614dccd6a8a238b28e6e83601ee889ad,1.8635323729831725,0.1522275450406596,0.46452339680399746,2.4802833148278296
269,SingleLineInfilling/HumanEval/58/L5,HumanEval/58,L5,<=8,best_simple_length_policy,ok,True,6,5,-1,1,lcal_official_bounded_repair,base,none,True,,,29a49c0b5055faf457bf58d833b52b579a85f2f85633bbeb6d28e27bc3e4a54a,1.8483796360669658,0.14221804204862565,0.5122053410159424,2.502803019131534
270,SingleLineInfilling/HumanEval/59/L0,HumanEval/59,L0,<=8,best_simple_length_policy,ok,True,6,11,5,5,lcal_official_bounded_repair,base,none,True,,,f1b49a19b4cd3f1f5b2ab061c99cd0d7b0a3d8722f2277e6eca5249724b3d581,1.8790067239897326,0.1592659519519657,0.5075495222117752,2.5458221981534734
271,SingleLineInfilling/HumanEval/59/L1,HumanEval/59,L1,<=8,best_simple_length_policy,ok,True,7,10,3,3,lcal_official_bounded_repair,base,none,True,,,148a746bc32e2a8241737012bc5fe5d737679181101981d831cc28ab462d770b,1.8731624389765784,0.14250158809591085,0.4967018881579861,2.5123659152304754
272,SingleLineInfilling/HumanEval/59/L2,HumanEval/59,L2,<=8,best_simple_length_policy,ok,True,4,15,11,11,lcal_official_bounded_repair,strong_correction,strong_base_len,True,,,34afaa2a19a31521b41e372f77f6374ef84f9af82ead3fa0caa6198cac012045,1.8843928379938006,0.14330000919289887,0.46457174012903124,2.4922645873157308
273,SingleLineInfilling/HumanEval/59/L3,HumanEval/59,L3,13-16,best_simple_length_policy,ok,False,13,13,0,0,lcal_official_bounded_repair,strong_correction,strong_base_len,True,UnitTestFailure,failed: ,16eda2301f6035d6d7e8b023f2e1ec6944021aabc36fb42182618b331a9cd844,1.888581139035523,0.13546810497064143,0.4483556167688221,2.4724048607749864
274,SingleLineInfilling/HumanEval/59/L4,HumanEval/59,L4,9-12,best_simple_length_policy,ok,True,9,9,0,0,lcal_official_bounded_repair,base,none,True,,,7686300de41f63660bd1039689be88f32103434eabd1c57b84d0763ea5d7c275,1.8633161670295522,0.151175671024248,0.4957201040815562,2.5102119421353564
275,SingleLineInfilling/HumanEval/59/L5,HumanEval/59,L5,<=8,best_simple_length_policy,ok,True,4,4,0,0,lcal_official_bounded_repair,base,none,True,,,7686300de41f63660bd1039689be88f32103434eabd1c57b84d0763ea5d7c275,1.8510225299978629,0.14413884188979864,0.5156293328618631,2.5107907047495246
276,SingleLineInfilling/HumanEval/59/L6,HumanEval/59,L6,<=8,best_simple_length_policy,ok,True,4,16,12,12,lcal_official_bounded_repair,official_long_suspicion,none,True,,,dee706e95aedfb69431c948ef056518f7fa894df2850ce1386141018e6d507e7,1.8777229690458626,0.14091907104011625,0.5918918239185587,2.6105338640045375
277,SingleLineInfilling/HumanEval/59/L7,HumanEval/59,L7,<=8,best_simple_length_policy,ok,True,6,6,0,0,lcal_official_bounded_repair,base,none,True,,,a030bb702f362fd0e3b1275c3f192e595278203e1d2c6b29dbf57e330bf0b055,1.8442161310231313,0.14231020910665393,0.4765398179879412,2.4630661581177264
278,SingleLineInfilling/HumanEval/59/L8,HumanEval/59,L8,13-16,best_simple_length_policy,ok,True,13,13,0,0,lcal_official_bounded_repair,official_mid_rescue,none,True,,,cb14e7109f4cd2fe79b8a0f34e1588249255ccc0690b21e3d383bf171331206b,1.8872725300025195,0.14574622106738389,0.5453378941165283,2.5783566451864317
279,SingleLineInfilling/HumanEval/59/L9,HumanEval/59,L9,13-16,best_simple_length_policy,ok,True,13,13,0,0,lcal_official_bounded_repair,strong_correction,strong_base_len,True,,,7686300de41f63660bd1039689be88f32103434eabd1c57b84d0763ea5d7c275,1.8635801299242303,0.1501684581162408,0.4491553761763498,2.462903964216821
280,SingleLineInfilling/HumanEval/59/L10,HumanEval/59,L10,9-12,best_simple_length_policy,ok,True,9,5,-4,4,lcal_official_bounded_repair,base,none,True,,,8c184ae969e4f81fca5eb5899b85535edaee48c8f6e4fb55b97d1622b7a0c6be,1.8417645250447094,0.13861645199358463,0.5352726455312222,2.5156536225695163
281,SingleLineInfilling/HumanEval/59/L11,HumanEval/59,L11,<=8,best_simple_length_policy,ok,True,4,3,-1,1,lcal_official_bounded_repair,base,none,True,,,b681bc075c14cb37d6c701134e6490687282059d817b4a9d565d28b34beaa135,1.8582205759594217,0.1473628239473328,0.5029972867341712,2.5085806866409257
282,SingleLineInfilling/HumanEval/60/L0,HumanEval/60,L0,9-12,best_simple_length_policy,ok,False,9,3,-6,6,lcal_official_bounded_repair,base,none,True,UnitTestFailure,failed: ,343095624e416b3d7e0e582ecb39d43f6bd7d395f58f75f7d649a08ba449b712,1.5519263190217316,0.14710515108890831,0.54333890019916,2.2423703703098
283,SingleLineInfilling/HumanEval/61/L0,HumanEval/61,L0,<=8,best_simple_length_policy,ok,True,6,6,0,0,lcal_official_bounded_repair,base,none,True,,,c12336835d04529a061a5041ffca649dd066e15bd7eedcd9d7d22f6ba0fe71a4,1.84246139600873,0.14672080101445317,0.4494652828434482,2.4386474798666313
284,SingleLineInfilling/HumanEval/61/L1,HumanEval/61,L1,<=8,best_simple_length_policy,ok,True,6,6,0,0,lcal_official_bounded_repair,base,none,True,,,055533d4a7c8da2f5a63f6a507b72d610c25073f177c17c45fb97ab1317ca01c,1.8441264459397644,0.144776301109232,0.4932315591722727,2.482134306221269
285,SingleLineInfilling/HumanEval/61/L2,HumanEval/61,L2,<=8,best_simple_length_policy,ok,True,6,6,0,0,lcal_official_bounded_repair,base,none,True,,,055533d4a7c8da2f5a63f6a507b72d610c25073f177c17c45fb97ab1317ca01c,1.8589042039820924,0.14482194790616632,0.4862236318876967,2.4899497837759554
286,SingleLineInfilling/HumanEval/61/L3,HumanEval/61,L3,<=8,best_simple_length_policy,ok,True,6,6,0,0,lcal_official_bounded_repair,base,none,True,,,055533d4a7c8da2f5a63f6a507b72d610c25073f177c17c45fb97ab1317ca01c,1.848890074994415,0.14843236701563,0.4599886618088931,2.457311103818938
287,SingleLineInfilling/HumanEval/61/L4,HumanEval/61,L4,<=8,best_simple_length_policy,ok,True,3,6,3,3,lcal_official_bounded_repair,base,none,True,,,e76d5a89ac0ea18acaa84aab3b52759bfd50fe08e13d927c780394082a3c7554,1.8317641289904714,0.15457453404087573,0.5354183588642627,2.52175702189561
288,SingleLineInfilling/HumanEval/61/L5,HumanEval/61,L5,<=8,best_simple_length_policy,ok,True,6,6,0,0,lcal_official_bounded_repair,base,none,True,,,055533d4a7c8da2f5a63f6a507b72d610c25073f177c17c45fb97ab1317ca01c,1.8174395220121369,0.15147913002874702,0.4527262122137472,2.421644864254631
289,SingleLineInfilling/HumanEval/61/L6,HumanEval/61,L6,<=8,best_simple_length_policy,ok,True,7,7,0,0,lcal_official_bounded_repair,base,none,True,,,055533d4a7c8da2f5a63f6a507b72d610c25073f177c17c45fb97ab1317ca01c,1.8508063820190728,0.14273620513267815,0.471044491045177,2.464587078196928
290,SingleLineInfilling/HumanEval/61/L7,HumanEval/61,L7,<=8,best_simple_length_policy,ok,True,4,4,0,0,lcal_official_bounded_repair,base,none,True,,,055533d4a7c8da2f5a63f6a507b72d610c25073f177c17c45fb97ab1317ca01c,1.8501819029916078,0.14602353691589087,0.5037921756738797,2.4999976155813783
291,SingleLineInfilling/HumanEval/61/L8,HumanEval/61,L8,<=8,best_simple_length_policy,ok,True,7,7,0,0,lcal_official_bounded_repair,base,none,True,,,055533d4a7c8da2f5a63f6a507b72d610c25073f177c17c45fb97ab1317ca01c,1.8434900229331106,0.1498650130815804,0.5165789809543639,2.509934016969055
292,SingleLineInfilling/HumanEval/62/L0,HumanEval/62,L0,17-24,best_simple_length_policy,ok,False,17,3,-14,14,lcal_official_bounded_repair,base,none,True,UnitTestFailure,failed: ,efe3daaf972a2792f1d9261ef26fdf689949ccac35b85034bb79c046991471c5,1.567868508049287,0.15118522103875875,0.4821833939058706,2.2012371229939163
293,SingleLineInfilling/HumanEval/63/L0,HumanEval/63,L0,<=8,best_simple_length_policy,ok,True,7,7,0,0,lcal_official_bounded_repair,base,none,True,,,a27dc1d11d928a4de8092011a6f99449480403f847f10b77b9f1063f739e4859,1.9151473570382223,0.12016716098878533,0.5704761581728235,2.605790676199831
294,SingleLineInfilling/HumanEval/63/L1,HumanEval/63,L1,<=8,best_simple_length_policy,ok,True,5,5,0,0,lcal_official_bounded_repair,base,none,True,,,12dd03bf127bf7c24e1a310f527825eee6791db3f4b7e588b2e6b0d5b5bc3f43,1.8703211899846792,0.14677735196892172,0.5522765709320083,2.5693751128856093
295,SingleLineInfilling/HumanEval/63/L2,HumanEval/63,L2,<=8,best_simple_length_policy,ok,True,7,7,0,0,lcal_official_bounded_repair,base,none,True,,,12dd03bf127bf7c24e1a310f527825eee6791db3f4b7e588b2e6b0d5b5bc3f43,1.9153907649451867,0.14574207901023328,0.5188878716435283,2.5800207155989483
296,SingleLineInfilling/HumanEval/63/L3,HumanEval/63,L3,<=8,best_simple_length_policy,ok,True,5,5,0,0,lcal_official_bounded_repair,base,none,True,,,12dd03bf127bf7c24e1a310f527825eee6791db3f4b7e588b2e6b0d5b5bc3f43,1.8959532170556486,0.1476250939304009,0.4972764195408672,2.5408547305269167
297,SingleLineInfilling/HumanEval/63/L4,HumanEval/63,L4,<=8,best_simple_length_policy,ok,True,7,12,5,5,lcal_official_bounded_repair,official_mid_rescue,none,True,,,8e8b7ab99c8f8220ac7094dcdf0970542f7584be4a69c505fb73f06cd7553652,1.9198749009519815,0.1480343450093642,0.5189480395056307,2.5868572854669765
298,SingleLineInfilling/HumanEval/63/L5,HumanEval/63,L5,<=8,best_simple_length_policy,ok,False,5,8,3,3,lcal_official_bounded_repair,official_bounded_repair,none,False,SyntaxError,"expected an indented block after 'else' statement on line 23 (<unknown>, line 24)",d5d11c3e6c3a8d7a344d49a9e02bb14e474018ce0726014e308bc4238a3766bf,1.902019647997804,0.00020541995763778687,0.44743822584860027,2.349663293804042
299,SingleLineInfilling/HumanEval/63/L6,HumanEval/63,L6,25+,best_simple_length_policy,ok,True,25,28,3,3,lcal_official_bounded_repair,strong_correction,strong_base_len,True,,,d31f26e7f3be71358c0db6191cdbf6efbfd3d539c79f893499c800aef4f2ac44,1.9499160830164328,0.14527495694346726,0.44933253107592463,2.5445235710358247
300,SingleLineInfilling/HumanEval/64/L0,HumanEval/64,L0,9-12,best_simple_length_policy,ok,False,10,7,-3,3,lcal_official_bounded_repair,base,none,True,UnitTestFailure,failed: Test 2,8169293335b1cbc271bc94a0d8d57b0775f74443e59290aff565eaadeb78b431,1.8659283460583538,0.15666251594666392,0.51573319605086,2.5383240580558777
301,SingleLineInfilling/HumanEval/64/L1,HumanEval/64,L1,13-16,best_simple_length_policy,ok,False,15,10,-5,5,lcal_official_bounded_repair,base,none,True,UnitTestFailure,failed: Test 1,9b597b9cd3cb9ee779eb9c338440fbc06fe466800b55a97abf69d4a805f8bcbf,1.8769463750068098,0.13991681102197617,0.5029452500166371,2.519808436045423
302,SingleLineInfilling/HumanEval/64/L2,HumanEval/64,L2,17-24,best_simple_length_policy,ok,False,19,9,-10,10,lcal_official_bounded_repair,official_bounded_repair,none,True,UnitTestFailure,failed: name 'y' is not defined,8e0f6aabdbef173e5103f5f9e6938e2924b018c67a943662ced78f30a9958c91,1.8775850820820779,0.14610675908625126,0.47246276610530913,2.4961546072736382
303,SingleLineInfilling/HumanEval/64/L3,HumanEval/64,L3,9-12,best_simple_length_policy,ok,True,9,9,0,0,lcal_official_bounded_repair,base,none,True,,,b57f26df9f89ecbc78b70861bcdbd4f80a8bbeb48d0b105149796f70c3a987e2,1.8707102210028097,0.14406258787494153,0.4526898170588538,2.467462625936605
304,SingleLineInfilling/HumanEval/64/L4,HumanEval/64,L4,<=8,best_simple_length_policy,ok,True,7,6,-1,1,lcal_official_bounded_repair,base,none,True,,,3cf234c28722ed78df52343f7ef5e3ba1430e27ea342acda10af6a3aed5507f9,1.8716021359432489,0.15296355192549527,0.4613497118698433,2.4859153997385874
305,SingleLineInfilling/HumanEval/65/L0,HumanEval/65,L0,<=8,best_simple_length_policy,ok,True,6,6,0,0,lcal_official_bounded_repair,base,none,True,,,05090795b141d5fe51870ea02aebe457a462b51bec9718f9de013f44a5814fdd,1.6062555389944464,0.15068458998575807,0.5521996109746397,2.309139739954844
306,SingleLineInfilling/HumanEval/65/L1,HumanEval/65,L1,<=8,best_simple_length_policy,ok,True,7,7,0,0,lcal_official_bounded_repair,base,none,True,,,ee5a0959eefe41ad5e87921063312eed24deead40ecc24313001a1e385544b87,1.6060627039987594,0.14769399107899517,0.4819312379695475,2.235687933047302
307,SingleLineInfilling/HumanEval/65/L2,HumanEval/65,L2,<=8,best_simple_length_policy,ok,True,6,6,0,0,lcal_official_bounded_repair,base,none,True,,,ee5a0959eefe41ad5e87921063312eed24deead40ecc24313001a1e385544b87,1.6155708120204508,0.1480172589654103,0.5290135152172297,2.292601586203091
308,SingleLineInfilling/HumanEval/65/L3,HumanEval/65,L3,<=8,best_simple_length_policy,ok,True,3,9,6,6,lcal_official_bounded_repair,official_bounded_repair,none,True,,,1756df255629635c8c9cd89d2871c164368629798b42ced31a679a7d17e19509,1.8825347890378907,0.14102777396328747,0.4675957659492269,2.491158328950405
309,SingleLineInfilling/HumanEval/65/L4,HumanEval/65,L4,17-24,best_simple_length_policy,ok,True,18,11,-7,7,lcal_official_bounded_repair,base,none,True,,,4f50ddeb5bb98cf7ae06c616fc037a53005207940c1f50fe7b09df4b6d03a3b6,1.5958674770081416,0.13793338811956346,0.4883574971463531,2.222158362274058
310,SingleLineInfilling/HumanEval/67/L0,HumanEval/67,L0,<=8,best_simple_length_policy,ok,True,5,3,-2,2,lcal_official_bounded_repair,base,none,True,,,5cc7842c82e67d6773d588c3edede2706702e6633de540489c79e79140cc1f40,1.9580842120340094,0.15227576903998852,0.5484803131548688,2.6588402942288667
311,SingleLineInfilling/HumanEval/67/L1,HumanEval/67,L1,9-12,best_simple_length_policy,ok,False,9,6,-3,3,lcal_official_bounded_repair,base,none,True,UnitTestFailure,failed: ,fd64650ca05617dfa4c8c6f9f8a96bfc43833934017beda5c6eea041f1935c07,1.95970121701248,0.15013151802122593,0.5148068616399541,2.62463959667366
312,SingleLineInfilling/HumanEval/67/L2,HumanEval/67,L2,<=8,best_simple_length_policy,ok,True,5,5,0,0,lcal_official_bounded_repair,base,none,True,,,aa71ad79a8c24af52fc74366c907d59f45d9a624dc9d07125d061bf8c3950663,2.3039863320300356,0.14198973204474896,0.512901745736599,2.9588778098113835
313,SingleLineInfilling/HumanEval/67/L3,HumanEval/67,L3,<=8,best_simple_length_policy,ok,True,6,6,0,0,lcal_official_bounded_repair,base,none,True,,,aa71ad79a8c24af52fc74366c907d59f45d9a624dc9d07125d061bf8c3950663,2.328032564953901,0.14535830984823406,0.5440482178237289,3.017439092625864
314,SingleLineInfilling/HumanEval/67/L4,HumanEval/67,L4,<=8,best_simple_length_policy,ok,True,8,8,0,0,lcal_official_bounded_repair,base,none,True,,,aa71ad79a8c24af52fc74366c907d59f45d9a624dc9d07125d061bf8c3950663,2.305423252051696,0.14882575708907098,0.4491193547146395,2.9033683638554066
315,SingleLineInfilling/HumanEval/68/L0,HumanEval/68,L0,9-12,best_simple_length_policy,ok,True,11,11,0,0,lcal_official_bounded_repair,base,none,True,,,74cfd88bd910a0cc620c2e0d99fcf7640d80c6652baee25682ceb851140707cc,2.6653112770291045,0.14366542012430727,0.5286919960053638,3.3376686931587756
316,SingleLineInfilling/HumanEval/68/L1,HumanEval/68,L1,17-24,best_simple_length_policy,ok,False,18,7,-11,11,lcal_official_bounded_repair,official_bounded_repair,none,True,UnitTestFailure,failed: name 'even' is not defined,f7d6c1ac3453c90ea72ef5a6a0ea4c4eba5b5efabd87d914ac3b394cf9ace0e7,2.6340349530801177,0.13911749701946974,0.5299427130958065,3.303095163195394
317,SingleLineInfilling/HumanEval/68/L2,HumanEval/68,L2,9-12,best_simple_length_policy,ok,True,9,12,3,3,lcal_official_bounded_repair,base,none,True,,,c839ff34147d47a80557b7c803693924b5594a9dd4dd0f1f2c0843bee627931b,2.634602069039829,0.14842001104261726,0.5273283020360395,3.310350382118486
318,SingleLineInfilling/HumanEval/68/L3,HumanEval/68,L3,13-16,best_simple_length_policy,ok,False,13,6,-7,7,lcal_official_bounded_repair,base,none,True,UnitTestFailure,failed: Error,4b2b78490b01c2345691dc656cb62c05ebe9bea0f02a32f010d781189faf5319,2.639755605952814,0.150635537924245,0.5928815681254491,3.3832727120025083
319,SingleLineInfilling/HumanEval/70/L0,HumanEval/70,L0,<=8,best_simple_length_policy,ok,False,8,4,-4,4,lcal_official_bounded_repair,base,none,True,UnitTestFailure,failed: local variable 'switch' referenced before assignment,338ea2607a918cba1d52a8c7e85271cf23ae7bedfe6aac0f4fe6da2bdf596415,1.850132741034031,0.13938533293548971,0.5180520057911053,2.507570079760626
320,SingleLineInfilling/HumanEval/70/L1,HumanEval/70,L1,<=8,best_simple_length_policy,ok,True,4,4,0,0,lcal_official_bounded_repair,base,none,True,,,83e0df67f2d22fc88e63e1475048cf8bdb72613b40d02e2f7d50a68eceb85fd7,1.8482890540035442,0.14455225598067045,0.5257785497233272,2.5186198597075418
321,SingleLineInfilling/HumanEval/70/L2,HumanEval/70,L2,9-12,best_simple_length_policy,ok,True,12,12,0,0,lcal_official_bounded_repair,base,none,True,,,83e0df67f2d22fc88e63e1475048cf8bdb72613b40d02e2f7d50a68eceb85fd7,1.8901412200648338,0.14779564714990556,0.5360863259993494,2.5740231932140887
322,SingleLineInfilling/HumanEval/70/L3,HumanEval/70,L3,<=8,best_simple_length_policy,ok,True,7,12,5,5,lcal_official_bounded_repair,base,none,True,,,7f10e1b7f9f2276401b1a7a646089672dba001a3cf3f9eafbfa3d5987abd5aea,1.8714175410568714,0.15339113399386406,0.528529554605484,2.5533382296562195
323,SingleLineInfilling/HumanEval/70/L4,HumanEval/70,L4,<=8,best_simple_length_policy,ok,True,6,6,0,0,lcal_official_bounded_repair,base,none,True,,,83e0df67f2d22fc88e63e1475048cf8bdb72613b40d02e2f7d50a68eceb85fd7,1.869616924901493,0.1420387040125206,0.4884440788300708,2.5000997077440843
324,SingleLineInfilling/HumanEval/70/L5,HumanEval/70,L5,<=8,best_simple_length_policy,ok,True,4,3,-1,1,lcal_official_bounded_repair,base,none,True,,,e96c96574d52fc16bea8039430ffedeeecc8d49e6f786e50a8d7fe3bcfcb94c8,1.8675561489071697,0.1384943809825927,0.527372655691579,2.5334231855813414
325,SingleLineInfilling/HumanEval/71/L0,HumanEval/71,L0,17-24,best_simple_length_policy,ok,False,20,8,-12,12,lcal_official_bounded_repair,base,none,True,UnitTestFailure,failed: type complex doesn't define __round__ method,80d2437d4765cbb49566691d788792188e5d61395abc4e5307e9794daed0373a,1.8573847600491717,0.1452667349949479,0.4602299453690648,2.4628814404131845
326,SingleLineInfilling/HumanEval/71/L1,HumanEval/71,L1,<=8,best_simple_length_policy,ok,True,5,5,0,0,lcal_official_bounded_repair,base,none,True,,,a9dbbe42ca177c602e4a9dc95ebd979521328af311fd9a2949672404edb9982d,1.9001667109550908,0.15503698005340993,0.51218368683476,2.5673873778432608
327,SingleLineInfilling/HumanEval/71/L2,HumanEval/71,L2,9-12,best_simple_length_policy,ok,True,12,14,2,2,lcal_official_bounded_repair,strong_correction,strong_base_len,True,,,a48fa8c45ab92e0ffc27fa465781f916ff113f2511eccd1e47b2b6d5672dbacd,1.9222501480253413,0.15596890007145703,0.45575488347094506,2.5339739315677434
328,SingleLineInfilling/HumanEval/71/L3,HumanEval/71,L3,25+,best_simple_length_policy,ok,False,29,15,-14,14,lcal_official_bounded_repair,strong_correction,strong_base_len,True,UnitTestFailure,failed: name 'sqrt' is not defined,47be7fd7dc3af4680d127a40779c8c0683c72b7e7358b69ca34ab921907a1ff7,1.8968265479197726,0.152695219963789,0.4530727941310033,2.502594562014565
329,SingleLineInfilling/HumanEval/71/L4,HumanEval/71,L4,9-12,best_simple_length_policy,ok,True,9,9,0,0,lcal_official_bounded_repair,base,none,True,,,0c33d330e24e9199e4651fff4adf5fed8dd328de1d25e06086f613c1307a77d8,1.9084839029237628,0.15010056097526103,0.4595132174436003,2.518097681342624
330,SingleLineInfilling/HumanEval/71/L5,HumanEval/71,L5,<=8,best_simple_length_policy,ok,True,4,3,-1,1,lcal_official_bounded_repair,base,none,True,,,7f895e4262c8768bb64f57af00ea8de827c24be2cf05e884028757f30f36722d,1.8894232750171795,0.14633670693729073,0.5150583373615518,2.550818319316022
331,SingleLineInfilling/HumanEval/72/L0,HumanEval/72,L0,<=8,best_simple_length_policy,ok,True,8,8,0,0,lcal_official_bounded_repair,base,none,True,,,0dfe3abb28204faebf033f8bc8e0846ea28729aa60c7b638062236a0c2297a27,2.34409258805681,0.14438261196482927,0.46445685310754925,2.9529320531291887
332,SingleLineInfilling/HumanEval/72/L1,HumanEval/72,L1,<=8,best_simple_length_policy,ok,True,4,16,12,12,lcal_official_bounded_repair,strong_correction,strong_base_len,True,,,c64ced7b728c1e021d76074627486f9b2c36d0b0dbb25ae8cfb2ac7dbb618cc8,2.412939102970995,0.15679222403559834,0.46163027093280107,3.0313615979393944
333,SingleLineInfilling/HumanEval/72/L3,HumanEval/72,L3,13-16,best_simple_length_policy,ok,True,13,14,1,1,lcal_official_bounded_repair,strong_correction,strong_base_len,True,,,2481ff1a3f8aa9e8858b4b4748d20f414d95a05e99d80517bdae7c1770e52848,2.3619605319108814,0.15226908586919308,0.4491817830130458,2.9634114007931203
334,SingleLineInfilling/HumanEval/72/L4,HumanEval/72,L4,<=8,best_simple_length_policy,ok,True,5,5,0,0,lcal_official_bounded_repair,base,none,True,,,63a56bc6500bd302147b26f67281210a8b5e49b3a10626c377d0ce550b78f456,2.361628876067698,0.15104604593943805,0.5308113862993196,3.0434863083064556
335,SingleLineInfilling/HumanEval/72/L5,HumanEval/72,L5,9-12,best_simple_length_policy,ok,True,9,9,0,0,lcal_official_bounded_repair,base,none,True,,,63a56bc6500bd302147b26f67281210a8b5e49b3a10626c377d0ce550b78f456,2.370550030027516,0.15238499303814024,0.4765680501004681,2.9995030731661245
336,SingleLineInfilling/HumanEval/72/L6,HumanEval/72,L6,<=8,best_simple_length_policy,ok,True,4,7,3,3,lcal_official_bounded_repair,official_bounded_repair,none,True,,,ba4050455bb0e9d3180f63e181624b2ad07f561521a05032e79506369af9cb34,2.3542330829659477,0.14780345384497195,0.5237804088974372,3.025816945708357
337,SingleLineInfilling/HumanEval/72/L7,HumanEval/72,L7,<=8,best_simple_length_policy,ok,True,5,8,3,3,lcal_official_bounded_repair,official_bounded_repair,none,True,,,70428c025432365106cecd9bf6010381147e6d0ee3257463996f804558dc0fb3,2.369978441973217,0.14719733805395663,0.46620754105970263,2.983383321086876
338,SingleLineInfilling/HumanEval/72/L8,HumanEval/72,L8,<=8,best_simple_length_policy,ok,True,5,5,0,0,lcal_official_bounded_repair,base,none,True,,,63a56bc6500bd302147b26f67281210a8b5e49b3a10626c377d0ce550b78f456,2.3609076079446822,0.14316961902659386,0.520740628708154,3.02481785567943
339,SingleLineInfilling/HumanEval/72/L9,HumanEval/72,L9,<=8,best_simple_length_policy,ok,True,4,3,-1,1,lcal_official_bounded_repair,base,none,True,,,5f1fe08154c31f0f1adb623ffa6c417b462805900347bb3ed5385fcf0353e8e5,2.320024315966293,0.14659327687695622,0.5089033468393609,2.9755209396826103
340,SingleLineInfilling/HumanEval/73/L0,HumanEval/73,L0,<=8,best_simple_length_policy,ok,True,6,6,0,0,lcal_official_bounded_repair,base,none,True,,,961c4bddad6da83fdc30ad1295fc8258a24b53698af717b2b4b05c78108f24bd,1.8845652039162815,0.14518613694235682,0.4883882055291906,2.518139546387829
341,SingleLineInfilling/HumanEval/73/L1,HumanEval/73,L1,9-12,best_simple_length_policy,ok,True,12,12,0,0,lcal_official_bounded_repair,base,none,True,,,85d6b6d07eba962c260ebe85c0ad5299d2db74ba41598b597bbfb6d55b53fa71,1.895860256976448,0.15437984908930957,0.5224052957491949,2.5726454018149525
342,SingleLineInfilling/HumanEval/73/L2,HumanEval/73,L2,13-16,best_simple_length_policy,ok,False,16,10,-6,6,lcal_official_bounded_repair,base,none,True,UnitTestFailure,failed: ,334cf976a48740dba3fe710e36ae5e7be4ce8fddded23a0022ba905e28334150,1.88113011198584,0.148042241926305,0.4952170831384137,2.5243894370505586
343,SingleLineInfilling/HumanEval/73/L3,HumanEval/73,L3,<=8,best_simple_length_policy,ok,True,6,6,0,0,lcal_official_bounded_repair,base,none,True,,,85d6b6d07eba962c260ebe85c0ad5299d2db74ba41598b597bbfb6d55b53fa71,1.905105517944321,0.14810691482853144,0.5189149468205869,2.5721273795934394
344,SingleLineInfilling/HumanEval/73/L4,HumanEval/73,L4,<=8,best_simple_length_policy,ok,False,4,7,3,3,lcal_official_bounded_repair,official_bounded_repair,none,True,UnitTestFailure,failed: ,48ca62ab608e453d7b3bfe59860f3f93539f148661cf8ee4c5445ac84e8c664f,1.9112840810557827,0.14818061992991716,0.4693824489368126,2.5288471499225125
345,SingleLineInfilling/HumanEval/74/L0,HumanEval/74,L0,<=8,best_simple_length_policy,ok,True,7,7,0,0,lcal_official_bounded_repair,base,none,True,,,126f86cc44158aef01c6ebeb5cd3a67a16174f74b95ec15dab3a0e308838cac0,1.9576354530872777,0.14713144791312516,0.46644820854999125,2.571215109550394
346,SingleLineInfilling/HumanEval/74/L1,HumanEval/74,L1,<=8,best_simple_length_policy,ok,True,7,7,0,0,lcal_official_bounded_repair,base,none,True,,,78a5909c399b92d43d1c7c8d7be59a0e1b747373f2427ce1a5c0a041ae2e1994,1.9582615389954299,0.14293322886805981,0.46810878824908286,2.5693035561125726
347,SingleLineInfilling/HumanEval/74/L2,HumanEval/74,L2,<=8,best_simple_length_policy,ok,True,7,7,0,0,lcal_official_bounded_repair,base,none,True,,,78a5909c399b92d43d1c7c8d7be59a0e1b747373f2427ce1a5c0a041ae2e1994,1.936825986020267,0.13508386188186705,0.5511011572089046,2.6230110051110387
348,SingleLineInfilling/HumanEval/74/L4,HumanEval/74,L4,<=8,best_simple_length_policy,ok,True,7,20,13,13,lcal_official_bounded_repair,strong_correction,strong_base_len,True,,,880be008c32a1784f043c7f5452fc84fc08a07282b1db8e0f73816e6552753c5,2.3466129639418796,0.14105105702765286,0.45794618502259254,2.945610205992125
349,SingleLineInfilling/HumanEval/74/L5,HumanEval/74,L5,<=8,best_simple_length_policy,ok,True,7,7,0,0,lcal_official_bounded_repair,base,none,True,,,78a5909c399b92d43d1c7c8d7be59a0e1b747373f2427ce1a5c0a041ae2e1994,1.9590040149632841,0.12050660501699895,0.4957408559275791,2.575251475907862
350,SingleLineInfilling/HumanEval/74/L6,HumanEval/74,L6,<=8,best_simple_length_policy,ok,True,7,7,0,0,lcal_official_bounded_repair,base,none,True,,,78a5909c399b92d43d1c7c8d7be59a0e1b747373f2427ce1a5c0a041ae2e1994,1.936032727942802,0.12253843201324344,0.5392007512273267,2.597771911183372
351,SingleLineInfilling/HumanEval/74/L8,HumanEval/74,L8,<=8,best_simple_length_policy,ok,False,8,7,-1,1,lcal_official_bounded_repair,base,none,True,UnitTestFailure,failed: ,ad55969c5f58018e7a6b8fb64a7a51ba5de589af5dea6d3ed1adc8f0f58c7fc1,1.9809840209782124,0.13976251892745495,0.45091622811742127,2.5716627680230886
352,SingleLineInfilling/HumanEval/74/L9,HumanEval/74,L9,<=8,best_simple_length_policy,ok,True,5,5,0,0,lcal_official_bounded_repair,base,none,True,,,78a5909c399b92d43d1c7c8d7be59a0e1b747373f2427ce1a5c0a041ae2e1994,1.95498142298311,0.13883211405482143,0.534322987892665,2.6281365249305964
353,SingleLineInfilling/HumanEval/74/L10,HumanEval/74,L10,<=8,best_simple_length_policy,ok,True,3,3,0,0,lcal_official_bounded_repair,base,none,True,,,78a5909c399b92d43d1c7c8d7be59a0e1b747373f2427ce1a5c0a041ae2e1994,1.9376375690335408,0.13453500194009393,0.4981502369046211,2.570322807878256
354,SingleLineInfilling/HumanEval/74/L11,HumanEval/74,L11,<=8,best_simple_length_policy,ok,True,5,4,-1,1,lcal_official_bounded_repair,base,none,True,,,43656b198ec0220d4a99258500bccadeb79050a7e462968e5b18d8816a0fc81a,1.9221960749709979,0.14014098898041993,0.49533060810063034,2.557667672052048
355,SingleLineInfilling/HumanEval/75/L0,HumanEval/75,L0,<=8,best_simple_length_policy,ok,True,6,6,0,0,lcal_official_bounded_repair,base,none,True,,,ef49a49bf1d9008d2c3ca1b324166599f38d1c6da352c96800d22b92f17f0afc,1.8830885490169749,0.2713598229456693,0.5016729616327211,2.6561213335953653
356,SingleLineInfilling/HumanEval/75/L1,HumanEval/75,L1,9-12,best_simple_length_policy,ok,True,9,9,0,0,lcal_official_bounded_repair,base,none,True,,,2d1088c993f2388df27f3d520b42b9cbb1ed5dec9be49b20cbcc79c445fdbaa7,1.865164540009573,0.27793117507826537,0.46685081301257014,2.6099465281004086
357,SingleLineInfilling/HumanEval/75/L2,HumanEval/75,L2,9-12,best_simple_length_policy,ok,True,9,9,0,0,lcal_official_bounded_repair,base,none,True,,,36af0512d1d470c549330e81ca51c87ff710b80ef5df3dae48eb585ffb8ac2a4,1.8623665089253336,0.3020091541111469,0.46086892508901656,2.625244588125497
358,SingleLineInfilling/HumanEval/75/L3,HumanEval/75,L3,<=8,best_simple_length_policy,ok,True,4,4,0,0,lcal_official_bounded_repair,base,none,True,,,2d1088c993f2388df27f3d520b42b9cbb1ed5dec9be49b20cbcc79c445fdbaa7,1.8360745379468426,0.27936094312462956,0.6045093813445419,2.719944862416014
359,SingleLineInfilling/HumanEval/75/L4,HumanEval/75,L4,<=8,best_simple_length_policy,ok,True,4,3,-1,1,lcal_official_bounded_repair,base,none,True,,,8abfe9a0e8b5eabdde09efd0b7cae4ecbc80596554061c1bc14038bc40ab4a55,1.8594100930495188,0.28103830001782626,0.5311322710476816,2.6715806641150266
360,SingleLineInfilling/HumanEval/75/L6,HumanEval/75,L6,9-12,best_simple_length_policy,ok,True,12,12,0,0,lcal_official_bounded_repair,base,none,True,,,2d1088c993f2388df27f3d520b42b9cbb1ed5dec9be49b20cbcc79c445fdbaa7,1.8588333129882812,0.28095992282032967,0.5197197529487312,2.659512988757342
361,SingleLineInfilling/HumanEval/75/L7,HumanEval/75,L7,9-12,best_simple_length_policy,ok,True,9,9,0,0,lcal_official_bounded_repair,base,none,True,,,2d1088c993f2388df27f3d520b42b9cbb1ed5dec9be49b20cbcc79c445fdbaa7,1.8744642429519445,0.29313907108735293,0.476999533129856,2.6446028471691534
362,SingleLineInfilling/HumanEval/75/L8,HumanEval/75,L8,9-12,best_simple_length_policy,ok,True,12,12,0,0,lcal_official_bounded_repair,base,none,True,,,2d1088c993f2388df27f3d520b42b9cbb1ed5dec9be49b20cbcc79c445fdbaa7,1.8907835979480296,0.28727469407022,0.5162809393368661,2.6943392313551158
363,SingleLineInfilling/HumanEval/75/L9,HumanEval/75,L9,9-12,best_simple_length_policy,ok,True,9,9,0,0,lcal_official_bounded_repair,base,none,True,,,2d1088c993f2388df27f3d520b42b9cbb1ed5dec9be49b20cbcc79c445fdbaa7,1.8638227079063654,0.28868695709388703,0.46458018419798464,2.617089849198237
364,SingleLineInfilling/HumanEval/75/L10,HumanEval/75,L10,9-12,best_simple_length_policy,ok,True,12,12,0,0,lcal_official_bounded_repair,base,none,True,,,2d1088c993f2388df27f3d520b42b9cbb1ed5dec9be49b20cbcc79c445fdbaa7,1.876200624043122,0.28258712589740753,0.5166234744247049,2.6754112243652344
365,SingleLineInfilling/HumanEval/75/L11,HumanEval/75,L11,9-12,best_simple_length_policy,ok,True,9,9,0,0,lcal_official_bounded_repair,base,none,True,,,2d1088c993f2388df27f3d520b42b9cbb1ed5dec9be49b20cbcc79c445fdbaa7,1.864287058939226,0.2778746889671311,0.46410659211687744,2.6062683400232345
366,SingleLineInfilling/HumanEval/75/L12,HumanEval/75,L12,9-12,best_simple_length_policy,ok,True,11,14,3,3,lcal_official_bounded_repair,strong_correction,strong_base_len,True,,,607d078a4b729f33cbb812887c947160289ed4e5eb59e0415e398ee536971304,1.9173640069784597,0.2916512390365824,0.46956027508713305,2.678575521102175
367,SingleLineInfilling/HumanEval/75/L13,HumanEval/75,L13,<=8,best_simple_length_policy,ok,True,4,3,-1,1,lcal_official_bounded_repair,base,none,True,,,8bd0806037f95fe6361442c793db0108f57a3482df52afc48aaa024b87c09bc9,1.8593777960631996,0.28784607688430697,0.5266710268333554,2.673894899780862
368,SingleLineInfilling/HumanEval/77/L0,HumanEval/77,L0,<=8,best_simple_length_policy,ok,True,6,6,0,0,lcal_official_bounded_repair,base,none,True,,,a974fdf81efc943f23efbd9ad55fc2a4ace74d1bd9475f22ca85611d1825d930,1.8311135799158365,0.1391775340307504,0.5632089969003573,2.533500110846944
369,SingleLineInfilling/HumanEval/77/L1,HumanEval/77,L1,17-24,best_simple_length_policy,ok,False,19,3,-16,16,lcal_official_bounded_repair,base,none,True,UnitTestFailure,failed: First test error: None,2ddf260eb2f98f218692bfdf0ed400df88d3e31678f3942ae9ac5a87ad1d010e,1.558528013061732,0.12723938818089664,0.5271459937794134,2.212913395022042
370,SingleLineInfilling/HumanEval/79/L0,HumanEval/79,L0,13-16,best_simple_length_policy,ok,False,15,14,-1,1,lcal_official_bounded_repair,strong_correction,strong_base_len,False,SyntaxError,"unterminated string literal (detected at line 15) (<unknown>, line 15)",b6a71c306cbce7ff21f4747b0a27dfe7aed330eb8466a513788cb5cabd85e39c,1.8727759959874675,0.00012096203863620758,0.4306199853308499,2.3035169433569536
371,SingleLineInfilling/HumanEval/80/L0,HumanEval/80,L0,9-12,best_simple_length_policy,ok,True,9,9,0,0,lcal_official_bounded_repair,base,none,True,,,9dc97f58c795daefe7f5f53897e241c2d3b597319281f979b635cd41944702f3,1.8481503570219502,0.15093639900442213,0.4522768431343138,2.451363599160686
372,SingleLineInfilling/HumanEval/80/L1,HumanEval/80,L1,<=8,best_simple_length_policy,ok,True,4,3,-1,1,lcal_official_bounded_repair,base,none,True,,,12556d620aa2a856b1d3227b7a7cd1b8a48cbdbc8c3603770a497aef0cb4ef63,1.838234007009305,0.1401340919546783,0.5218605542322621,2.5002286531962454
373,SingleLineInfilling/HumanEval/80/L3,HumanEval/80,L3,9-12,best_simple_length_policy,ok,True,12,10,-2,2,lcal_official_bounded_repair,base,none,True,,,705d1ba523bc92e42ca8ab75c626ed7fd8f09c2ff481b2be68fb0c7e8e1cbb11,1.8670566579094157,0.1560683469288051,0.4915760663570836,2.5147010711953044
374,SingleLineInfilling/HumanEval/80/L5,HumanEval/80,L5,25+,best_simple_length_policy,ok,False,33,11,-22,22,lcal_official_bounded_repair,base,none,True,UnitTestFailure,failed: aabb,be6dbc446727b1f1075e23843b72987a026ff0f6ba1c855373dee69683f48511,1.8554106689989567,0.12258984195068479,0.5288987221429124,2.506899233092554
375,SingleLineInfilling/HumanEval/80/L6,HumanEval/80,L6,<=8,best_simple_length_policy,ok,True,4,4,0,0,lcal_official_bounded_repair,base,none,True,,,7a3d8f4b4a20a91b2cd1de5fe7ee50b0ca7295a09b5407325b8a47a5537a86a3,1.8644959960365668,0.14788867207244039,0.49883687135297805,2.5112215394619852
376,SingleLineInfilling/HumanEval/80/L7,HumanEval/80,L7,<=8,best_simple_length_policy,ok,True,4,3,-1,1,lcal_official_bounded_repair,base,none,True,,,bdbdf7aa50947c406c604fd1086ac09d876c4fe65c24bc331971f7f03409d692,1.8496756539680064,0.14958035701420158,0.5271087510045618,2.5263647619867697
377,SingleLineInfilling/HumanEval/82/L0,HumanEval/82,L0,<=8,best_simple_length_policy,ok,True,6,6,0,0,lcal_official_bounded_repair,base,none,True,,,0696d0dedc07e6df161017f9530a5723da247ce218d9ee4dd9b7cdf76a983722,1.6063345209695399,0.13090552587527782,0.5713196998694912,2.308559746714309
378,SingleLineInfilling/HumanEval/82/L1,HumanEval/82,L1,9-12,best_simple_length_policy,ok,False,12,5,-7,7,lcal_official_bounded_repair,base,none,True,UnitTestFailure,failed: ,8605cc143d5980476637d591652b728fd25d8a2c90edd6931c798afe59e2983b,1.6162053949665278,0.14700371189974248,0.5093479017959908,2.272557008662261
379,SingleLineInfilling/HumanEval/82/L2,HumanEval/82,L2,<=8,best_simple_length_policy,ok,True,4,15,11,11,lcal_official_bounded_repair,strong_correction,strong_base_len,True,,,8b6c601c6e067211a028fcb40db693853e0d60350c2e731757668f299b56016c,1.8630316100316122,0.1485137608833611,0.43907150893937796,2.4506168798543513
380,SingleLineInfilling/HumanEval/82/L3,HumanEval/82,L3,9-12,best_simple_length_policy,ok,True,10,10,0,0,lcal_official_bounded_repair,base,none,True,,,2eadb7c1a07bbd210fc40d31fd83012ce989b8d1faf9de05798e3744a952d4f5,1.6221411100123078,0.1425329758785665,0.49884611752349883,2.263520203414373
381,SingleLineInfilling/HumanEval/82/L4,HumanEval/82,L4,9-12,best_simple_length_policy,ok,True,9,9,0,0,lcal_official_bounded_repair,base,none,True,,,2eadb7c1a07bbd210fc40d31fd83012ce989b8d1faf9de05798e3744a952d4f5,1.6144068050198257,0.14277286711148918,0.46499244309961796,2.222172115230933
382,SingleLineInfilling/HumanEval/82/L5,HumanEval/82,L5,<=8,best_simple_length_policy,ok,True,4,4,0,0,lcal_official_bounded_repair,base,none,True,,,2eadb7c1a07bbd210fc40d31fd83012ce989b8d1faf9de05798e3744a952d4f5,1.6033655179198831,0.12165552692022175,0.5025418780278414,2.2275629228679463
383,SingleLineInfilling/HumanEval/82/L6,HumanEval/82,L6,<=8,best_simple_length_policy,ok,True,4,3,-1,1,lcal_official_bounded_repair,base,none,True,,,062e1d3e955c72ec1559d092c3ec1b7ab89a9e6a38082803d5a5e1c4584047c1,1.5571510860463604,0.12555344600696117,0.5454438902670518,2.2281484223203734
384,SingleLineInfilling/HumanEval/83/L0,HumanEval/83,L0,9-12,best_simple_length_policy,ok,False,11,13,2,2,lcal_official_bounded_repair,strong_correction,strong_base_len,True,UnitTestFailure,failed: ,c6ea0050db35252ef316acf9d4750b4caada65b48633d0feda3124ef5abe63ad,1.5832418970530853,0.13918619195464998,0.4268324200529605,2.1492605090606958
385,SingleLineInfilling/HumanEval/83/L1,HumanEval/83,L1,13-16,best_simple_length_policy,ok,False,16,5,-11,11,lcal_official_bounded_repair,base,none,True,UnitTestFailure,failed: ,87763d0087886e64cb2dfa6ebfbf17dd191f9b3dcf525e78f1215ac7c0edc026,1.468009960022755,0.13572518504224718,0.5238772080047056,2.1276123530697078
386,SingleLineInfilling/HumanEval/85/L0,HumanEval/85,L0,25+,best_simple_length_policy,ok,False,29,9,-20,20,lcal_official_bounded_repair,official_bounded_repair,none,True,UnitTestFailure,failed: ,6eea4234c266c17496a270275d127ba5647b2bf8ae748fe725ba134afe2c30fe,1.5034308260073885,0.1426143670687452,0.4532819997984916,2.0993271928746253
387,SingleLineInfilling/HumanEval/86/L0,HumanEval/86,L0,17-24,best_simple_length_policy,ok,False,20,16,-4,4,lcal_official_bounded_repair,official_long_suspicion,none,True,UnitTestFailure,"failed: sequence item 0: expected str instance, list found",91c59ddbd6c54ced53b5d1928364cb5cbc123eae28fb91d1a083b6c18286d054,1.853253514971584,0.1291994791245088,0.5849192580208182,2.567372252116911
388,SingleLineInfilling/HumanEval/87/L0,HumanEval/87,L0,25+,best_simple_length_policy,ok,False,32,4,-28,28,lcal_official_bounded_repair,base,none,True,UnitTestFailure,failed: ,819479fc4dd87f67849fffecd008b0f25ec220a644b048ed4a7d666e0bb2fbd0,2.299883923958987,0.12267024908214808,0.5124597006943077,2.9350138737354428
389,SingleLineInfilling/HumanEval/87/L1,HumanEval/87,L1,25+,best_simple_length_policy,ok,False,25,8,-17,17,lcal_official_bounded_repair,official_bounded_repair,none,True,UnitTestFailure,failed: ,7cdd4d2cd5a53aac9fae693454e1294ce1416ca8103da15d2caaa4bb7361f4f4,2.3412991580553353,0.1360035529360175,0.44473480083979666,2.9220375118311495
390,SingleLineInfilling/HumanEval/88/L0,HumanEval/88,L0,25+,best_simple_length_policy,ok,False,33,3,-30,30,lcal_official_bounded_repair,base,none,True,UnitTestFailure,failed: Error,7861f6c94337a5845de16d97b9a151dedccfce38dba9a2d02f742eb9330bd288,1.885022442904301,0.15350037114694715,0.4880308412248269,2.526553655276075
391,SingleLineInfilling/HumanEval/89/L0,HumanEval/89,L0,<=8,best_simple_length_policy,ok,True,6,6,0,0,lcal_official_bounded_repair,base,none,True,,,5fc52636ae4a4e36f8e097e50b32867753735501bec3d9064ce1ea867fe84bdd,1.8312246679561213,0.13580194988753647,0.5639802700607106,2.5310068879043683
392,SingleLineInfilling/HumanEval/89/L1,HumanEval/89,L1,<=8,best_simple_length_policy,ok,True,4,4,0,0,lcal_official_bounded_repair,base,none,True,,,0ccd01103ff334d6a86525b7619a534eb039d9dd0558e03a7faa580afa6c534e,1.8381585669703782,0.15255481493659317,0.523719328106381,2.5144327100133523
393,SingleLineInfilling/HumanEval/89/L2,HumanEval/89,L2,<=8,best_simple_length_policy,ok,True,6,6,0,0,lcal_official_bounded_repair,base,none,True,,,0ccd01103ff334d6a86525b7619a534eb039d9dd0558e03a7faa580afa6c534e,1.841013693017885,0.12334662105422467,0.5601110220886767,2.5244713361607864
394,SingleLineInfilling/HumanEval/89/L3,HumanEval/89,L3,<=8,best_simple_length_policy,ok,True,6,4,-2,2,lcal_official_bounded_repair,base,none,True,,,e486cc6a4f7518663fca62637dd864c54754549b94c646d31a8d293d2f71141d,1.831782098975964,0.14697939588222653,0.4989581845002249,2.4777196793584153
395,SingleLineInfilling/HumanEval/89/L4,HumanEval/89,L4,17-24,best_simple_length_policy,ok,False,18,10,-8,8,lcal_official_bounded_repair,base,none,True,UnitTestFailure,failed: string index out of range,db6467b49c8bf2d4ff92450fe9b14fa347dd07bef6beafef00088020c52719b1,1.8614087710157037,0.14680277707520872,0.5155268115922809,2.5237383596831933
396,SingleLineInfilling/HumanEval/89/L5,HumanEval/89,L5,<=8,best_simple_length_policy,ok,True,3,3,0,0,lcal_official_bounded_repair,base,none,True,,,0ccd01103ff334d6a86525b7619a534eb039d9dd0558e03a7faa580afa6c534e,1.820096333976835,0.14871060906443745,0.48658701474778354,2.455393957789056
397,SingleLineInfilling/HumanEval/89/L6,HumanEval/89,L6,<=8,best_simple_length_policy,ok,True,5,5,0,0,lcal_official_bounded_repair,base,none,True,,,0ccd01103ff334d6a86525b7619a534eb039d9dd0558e03a7faa580afa6c534e,1.8255150889744982,0.15676090400665998,0.5341831687837839,2.516459161764942
398,SingleLineInfilling/HumanEval/89/L7,HumanEval/89,L7,<=8,best_simple_length_policy,ok,True,4,3,-1,1,lcal_official_bounded_repair,base,none,True,,,035572d7ebeea78546c04df4a51c1bb53fa67c468424abcb806ede7f825a8d02,1.8466214099898934,0.12588155397679657,0.4886286058463156,2.4611315698130056
399,SingleLineInfilling/HumanEval/90/L0,HumanEval/90,L0,<=8,best_simple_length_policy,ok,True,7,7,0,0,lcal_official_bounded_repair,official_bounded_repair,none,True,,,75fcc0eab87e7521f03ffbbb233c1b9900335a902b3acc64b1ed4eefad343661,1.83290673897136,0.14250781096052378,0.5070144750643522,2.482429024996236
400,SingleLineInfilling/HumanEval/90/L1,HumanEval/90,L1,13-16,best_simple_length_policy,ok,False,15,6,-9,9,lcal_official_bounded_repair,base,none,True,UnitTestFailure,failed: list index out of range,d6b2df4ae0dcd5be54b846159de1fc5d6bbcbc5cd4890a0250e9cedfcda106f7,1.81910981296096,0.1243613651022315,0.6802680364344269,2.6237392144976184
401,SingleLineInfilling/HumanEval/92/L1,HumanEval/92,L1,13-16,best_simple_length_policy,ok,True,16,19,3,3,lcal_official_bounded_repair,official_long_suspicion,none,True,,,10970408115c938b823704cc0913583674b8fe9d1d251a7f3391782561f1e4b2,1.8727771680569276,0.12358867994043976,0.6402002114336938,2.636566059431061
402,SingleLineInfilling/HumanEval/92/L2,HumanEval/92,L2,17-24,best_simple_length_policy,ok,False,22,6,-16,16,lcal_official_bounded_repair,base,none,False,SyntaxError,"cannot assign to expression here. Maybe you meant '==' instead of '='? (<unknown>, line 22)",971f40e739031eb50aba508dcf8f3bfc7f235153d06acab6584dc7823e1a9f23,1.8541148630902171,0.00018800597172230482,0.49622818583156914,2.3505310548935086
403,SingleLineInfilling/HumanEval/92/L3,HumanEval/92,L3,<=8,best_simple_length_policy,ok,True,4,14,10,10,lcal_official_bounded_repair,strong_correction,strong_base_len,True,,,ad9dd959a9bcdf65d8a3be0c8d9bd12ffb71be7d42afd0a59cf9d84b700c8ee4,1.9037754650926217,0.13438954309094697,0.43957437307108194,2.4777393812546507
404,SingleLineInfilling/HumanEval/92/L4,HumanEval/92,L4,<=8,best_simple_length_policy,ok,True,4,14,10,10,lcal_official_bounded_repair,strong_correction,strong_base_len,True,,,ad9dd959a9bcdf65d8a3be0c8d9bd12ffb71be7d42afd0a59cf9d84b700c8ee4,1.9331456560175866,0.13768208399415016,0.4423447693698108,2.5131725093815476
405,SingleLineInfilling/HumanEval/92/L5,HumanEval/92,L5,<=8,best_simple_length_policy,ok,True,4,7,3,3,lcal_official_bounded_repair,base,none,True,,,4fc039d63c6600d04d8da5376bf86171f9e2ca337ba1ba02eb2943bcebc3e800,1.846282344078645,0.15285782795399427,0.4810649431310594,2.480205115163699
406,SingleLineInfilling/HumanEval/93/L0,HumanEval/93,L0,9-12,best_simple_length_policy,ok,False,10,7,-3,3,lcal_official_bounded_repair,base,none,True,UnitTestFailure,failed: This prints if this assert fails 2 (good for debugging!),3e730e0cca6b2af2c1ee9e94a4cd52348f925310b1419b61e6b07a88f4bdae95,1.8665642279665917,0.13800406397785991,0.4968556108651683,2.50142390280962
407,SingleLineInfilling/HumanEval/93/L1,HumanEval/93,L1,17-24,best_simple_length_policy,ok,False,21,5,-16,16,lcal_official_bounded_repair,base,none,True,UnitTestFailure,failed: 'e',ed7cc3c22b8f83998de38fc6705ce76c353d6b171615c34234b5711fb218decb,1.8416504430351779,0.13960039312951267,0.4865782562410459,2.4678290924057364
408,SingleLineInfilling/HumanEval/93/L2,HumanEval/93,L2,<=8,best_simple_length_policy,ok,False,7,6,-1,1,lcal_official_bounded_repair,base,none,True,UnitTestFailure,failed: 'str' object has no attribute 'swap',52db42ed65521a93d744d93baf6383766f0950ed6c795df49ae5a17f4c00b544,1.8149537219433114,0.1250619638012722,0.46068201889283955,2.400697704637423
409,SingleLineInfilling/HumanEval/93/L3,HumanEval/93,L3,17-24,best_simple_length_policy,ok,False,22,9,-13,13,lcal_official_bounded_repair,base,none,True,UnitTestFailure,failed: This prints if this assert fails 1 (good for debugging!),915d32c62cb2d7c3499fb67488d0f628b4b6004f9059549aebf0cb334a2224b1,1.8593250579433516,0.1368095149518922,0.45755071891471744,2.453685291809961
410,SingleLineInfilling/HumanEval/94/L0,HumanEval/94,L0,<=8,best_simple_length_policy,ok,True,6,6,0,0,lcal_official_bounded_repair,base,none,True,,,97b9a35b282fefc4a33a1a8c739a087bcd791616a74cc8921e7cb5566c1e2006,2.6846568710170686,0.13293049414642155,0.4850035069976002,3.3025908721610904
411,SingleLineInfilling/HumanEval/94/L1,HumanEval/94,L1,13-16,best_simple_length_policy,ok,True,16,9,-7,7,lcal_official_bounded_repair,base,none,True,,,aba3b95c871a4470593c299a41ea2059f6e15ef91d4fd0c3e612879ffed6fca0,2.7047472380800173,0.15565214084926993,0.47426671779248863,3.334666096721776
412,SingleLineInfilling/HumanEval/94/L2,HumanEval/94,L2,<=8,best_simple_length_policy,ok,True,7,9,2,2,lcal_official_bounded_repair,base,none,True,,,4182e0c967ad0ace4ef09078bcd772872a0f49a194509aca5c90f68450ddfa65,2.702673578984104,0.15881368797272444,0.49244500615168363,3.353932273108512
413,SingleLineInfilling/HumanEval/94/L3,HumanEval/94,L3,<=8,best_simple_length_policy,ok,True,4,3,-1,1,lcal_official_bounded_repair,base,none,True,,,9906a78b80dda9ddbca97f4722b81dccf9d5830b5eb5054e70e66b4338c601b8,2.691790719050914,0.14368327101692557,0.5954310946399346,3.430905084707774
414,SingleLineInfilling/HumanEval/94/L5,HumanEval/94,L5,<=8,best_simple_length_policy,ok,True,4,7,3,3,lcal_official_bounded_repair,official_bounded_repair,none,True,,,4e6786aeec274f9db0ed58654ed482b4381b62ec8385a16bf57371e535e11051,2.687406538054347,0.14063630893360823,0.5132282219128683,3.3412710689008236
415,SingleLineInfilling/HumanEval/94/L6,HumanEval/94,L6,<=8,best_simple_length_policy,ok,True,6,6,0,0,lcal_official_bounded_repair,base,none,True,,,9e49fec2f57bc15e68bf0c88a71a5c946ce779adc5834ef24b405077bfc386bf,2.6924536989536136,0.15236767893657088,0.5766386567847803,3.421460034674965
416,SingleLineInfilling/HumanEval/94/L7,HumanEval/94,L7,<=8,best_simple_length_policy,ok,True,6,6,0,0,lcal_official_bounded_repair,base,none,True,,,9e49fec2f57bc15e68bf0c88a71a5c946ce779adc5834ef24b405077bfc386bf,2.6980845970101655,0.15345630992669612,0.5503249298781157,3.4018658368149772
417,SingleLineInfilling/HumanEval/94/L8,HumanEval/94,L8,<=8,best_simple_length_policy,ok,True,7,7,0,0,lcal_official_bounded_repair,base,none,True,,,9e49fec2f57bc15e68bf0c88a71a5c946ce779adc5834ef24b405077bfc386bf,2.7048317439621314,0.15426864207256585,0.4833956500515342,3.3424960360862315
418,SingleLineInfilling/HumanEval/94/L9,HumanEval/94,L9,13-16,best_simple_length_policy,ok,False,13,7,-6,6,lcal_official_bounded_repair,base,none,True,UnitTestFailure,failed: This prints if this assert fails 1 (good for debugging!),a601720690adf9330bcdce850aacb8737383864a332c1c335f367d2e69944fdd,2.6898147790925577,0.16586754494346678,0.5718933560419828,3.4275756800780073
419,SingleLineInfilling/HumanEval/94/L10,HumanEval/94,L10,<=8,best_simple_length_policy,ok,True,6,6,0,0,lcal_official_bounded_repair,base,none,True,,,9e49fec2f57bc15e68bf0c88a71a5c946ce779adc5834ef24b405077bfc386bf,2.680190440034494,0.1457897808868438,0.5658910510828719,3.3918712720042095
420,SingleLineInfilling/HumanEval/94/L11,HumanEval/94,L11,<=8,best_simple_length_policy,ok,True,5,6,1,1,lcal_official_bounded_repair,base,none,True,,,410cd06f77f2ea530af704671b2744b01b994ba77fc13235f160976752533710,2.6770651389379054,0.14796729607041925,0.45131411380134523,3.27634654880967
421,SingleLineInfilling/HumanEval/94/L12,HumanEval/94,L12,13-16,best_simple_length_policy,ok,False,15,8,-7,7,lcal_official_bounded_repair,base,none,True,UnitTestFailure,failed: unsupported operand type(s) for +: 'int' and 'str',c90b2f3ab9e16a703f9237ab2847ed1ba17167af4049d6106091ac037dcf0c32,2.680402416968718,0.15627973491791636,0.4628484823042527,3.299530634190887
422,SingleLineInfilling/HumanEval/94/L13,HumanEval/94,L13,<=8,best_simple_length_policy,ok,True,4,3,-1,1,lcal_official_bounded_repair,base,none,True,,,fcc11d380b0260741e513c3adeb8a09a6f2dd464cc15cb0bbfcb6ae5571106dd,2.6972750179702416,0.16002326691523194,0.5195792446611449,3.3768775295466185
423,SingleLineInfilling/HumanEval/95/L0,HumanEval/95,L0,9-12,best_simple_length_policy,ok,True,10,9,-1,1,lcal_official_bounded_repair,base,none,True,,,58b795979dfb7af2416e5952c8a5a861f5a7e238d56870f5aa865ee4218903b6,2.4001181030180305,0.15958350501023233,0.48573445493821055,3.0454360629664734
424,SingleLineInfilling/HumanEval/95/L1,HumanEval/95,L1,<=8,best_simple_length_policy,ok,True,4,4,0,0,lcal_official_bounded_repair,base,none,True,,,ae78bda3ea64bac636429fcfbff2ddbecc41552c57997c1772257ce8c0c96d19,2.366569794015959,0.14959884993731976,0.5125989378429949,3.0287675817962736
425,SingleLineInfilling/HumanEval/95/L2,HumanEval/95,L2,<=8,best_simple_length_policy,ok,True,3,3,0,0,lcal_official_bounded_repair,base,none,True,,,ae78bda3ea64bac636429fcfbff2ddbecc41552c57997c1772257ce8c0c96d19,2.3833614779869094,0.1585995750501752,0.5327226537046954,3.07468370674178
426,SingleLineInfilling/HumanEval/95/L3,HumanEval/95,L3,<=8,best_simple_length_policy,ok,True,6,6,0,0,lcal_official_bounded_repair,official_bounded_repair,none,True,,,ae78bda3ea64bac636429fcfbff2ddbecc41552c57997c1772257ce8c0c96d19,2.3753983130445704,0.15535316907335073,0.5777075962396339,3.108459078357555
427,SingleLineInfilling/HumanEval/95/L4,HumanEval/95,L4,<=8,best_simple_length_policy,ok,False,7,6,-1,1,lcal_official_bounded_repair,official_bounded_repair,none,False,SyntaxError,"expected ':' (<unknown>, line 18)",ce0cb5685c7c76ea34b70cf5f69e8062e7ed545ecd8899b1d019381a2a1b7afa,2.395746080088429,0.00020474998746067286,0.513394876033999,2.909345706109889
428,SingleLineInfilling/HumanEval/95/L6,HumanEval/95,L6,9-12,best_simple_length_policy,ok,False,10,5,-5,5,lcal_official_bounded_repair,base,none,True,UnitTestFailure,failed: 'int' object has no attribute 'isdigit',ed05e425d44de8e2386ff5df4bc89ed5263a61b4a19dfd11d595276e809b1a19,2.3866531630046666,0.15026484720874578,0.5046388029586524,3.0415568131720647
429,SingleLineInfilling/HumanEval/95/L7,HumanEval/95,L7,<=8,best_simple_length_policy,ok,True,6,6,0,0,lcal_official_bounded_repair,base,none,True,,,ae78bda3ea64bac636429fcfbff2ddbecc41552c57997c1772257ce8c0c96d19,2.365543383057229,0.15205551497638226,0.48928499908652157,3.006883897120133
430,SingleLineInfilling/HumanEval/95/L8,HumanEval/95,L8,<=8,best_simple_length_policy,ok,True,3,9,6,6,lcal_official_bounded_repair,official_bounded_repair,none,True,,,43565f5f7c12465e1c27eb92bd18d58c0c4cc5e5d208237ba2aa3f4d173bf5ec,2.4079444939270616,0.146091089816764,0.4807088989764452,3.0347444827202708
431,SingleLineInfilling/HumanEval/95/L9,HumanEval/95,L9,<=8,best_simple_length_policy,ok,True,7,7,0,0,lcal_official_bounded_repair,base,none,True,,,cf18961dcf99fcdd6f4fafaec8726bae49f25433fa565bf38e5cf451b63c7fe8,2.3905655780108646,0.1471127588301897,0.6285916307242587,3.166269967565313
432,SingleLineInfilling/HumanEval/95/L10,HumanEval/95,L10,<=8,best_simple_length_policy,ok,True,6,9,3,3,lcal_official_bounded_repair,base,none,True,,,9ffabeb649bc122c53a865358551ad59b0ba994dc1dd747b5dcbb76185fd8a2e,2.3993973889155313,0.16322073596529663,0.47863204625900835,3.0412501711398363
433,SingleLineInfilling/HumanEval/95/L11,HumanEval/95,L11,<=8,best_simple_length_policy,ok,True,6,6,0,0,lcal_official_bounded_repair,base,none,True,,,ae78bda3ea64bac636429fcfbff2ddbecc41552c57997c1772257ce8c0c96d19,2.4000644920160994,0.14561549003701657,0.4727907825727016,3.0184707646258175
434,SingleLineInfilling/HumanEval/95/L12,HumanEval/95,L12,<=8,best_simple_length_policy,ok,True,6,6,0,0,lcal_official_bounded_repair,base,none,True,,,ae78bda3ea64bac636429fcfbff2ddbecc41552c57997c1772257ce8c0c96d19,2.380349686020054,0.1583404380362481,0.5235896180383861,3.062279742094688
435,SingleLineInfilling/HumanEval/95/L13,HumanEval/95,L13,<=8,best_simple_length_policy,ok,True,6,6,0,0,lcal_official_bounded_repair,base,none,True,,,ae78bda3ea64bac636429fcfbff2ddbecc41552c57997c1772257ce8c0c96d19,2.3829686529934406,0.15585098508745432,0.655507322633639,3.194326960714534
436,SingleLineInfilling/HumanEval/95/L14,HumanEval/95,L14,<=8,best_simple_length_policy,ok,True,3,9,6,6,lcal_official_bounded_repair,base,none,True,,,16c1567666ca0a9e8d13f27032a75446173f1320c357c9000288b6517f2f6314,2.4201197520596907,0.15175067982636392,0.4913110000779852,3.06318143196404
437,SingleLineInfilling/HumanEval/95/L15,HumanEval/95,L15,<=8,best_simple_length_policy,ok,True,3,9,6,6,lcal_official_bounded_repair,base,none,True,,,16c1567666ca0a9e8d13f27032a75446173f1320c357c9000288b6517f2f6314,2.4353226950624958,0.14395255083218217,0.47853747894987464,3.0578127248445526
438,SingleLineInfilling/HumanEval/95/L16,HumanEval/95,L16,25+,best_simple_length_policy,ok,False,27,14,-13,13,lcal_official_bounded_repair,strong_correction,strong_base_len,False,SyntaxError,"invalid syntax (<unknown>, line 34)",1cdc3b8d43d15e463080092c64cba577a36f9ce0a79d12a19fe688f37e806043,2.367427760036662,0.00025579193606972694,0.4553347206674516,2.8230182726401836
439,SingleLineInfilling/HumanEval/95/L17,HumanEval/95,L17,<=8,best_simple_length_policy,ok,True,6,6,0,0,lcal_official_bounded_repair,base,none,True,,,ae78bda3ea64bac636429fcfbff2ddbecc41552c57997c1772257ce8c0c96d19,2.395598712959327,0.15707534190732986,0.5031821513548493,3.055856206221506
440,SingleLineInfilling/HumanEval/95/L18,HumanEval/95,L18,<=8,best_simple_length_policy,ok,True,3,13,10,10,lcal_official_bounded_repair,strong_correction,strong_base_len,True,,,d8398294fef1ca763160eb3c676f74ecce5321445f9ddaef911fe05d9517029b,2.5801874910248443,0.16089107806328684,0.45330837403889745,3.1943869431270286
441,SingleLineInfilling/HumanEval/95/L19,HumanEval/95,L19,<=8,best_simple_length_policy,ok,False,3,9,6,6,lcal_official_bounded_repair,official_bounded_repair,none,True,UnitTestFailure,failed: First test error: False,21e61c728ff1b58c0148de075a47594c18fd1a9735f3fd3d6a2a84015e6d8c0f,2.3991966519970447,0.15596516395453364,0.48711507010739297,3.0422768860589713
442,SingleLineInfilling/HumanEval/95/L20,HumanEval/95,L20,<=8,best_simple_length_policy,ok,False,3,9,6,6,lcal_official_bounded_repair,base,none,True,UnitTestFailure,failed: First test error: False,21e61c728ff1b58c0148de075a47594c18fd1a9735f3fd3d6a2a84015e6d8c0f,2.3757156209321693,0.1339184179669246,0.47584926278796047,2.9854833016870543
443,SingleLineInfilling/HumanEval/95/L21,HumanEval/95,L21,13-16,best_simple_length_policy,ok,False,14,7,-7,7,lcal_official_bounded_repair,base,none,True,UnitTestFailure,failed: Fourth test error: True,6fd23b090c48a178646e891dd591ef368d227c2a62cf65091fc520e893f3b40a,2.391980448970571,0.14783985097892582,0.6497982479631901,3.189618547912687
444,SingleLineInfilling/HumanEval/96/L0,HumanEval/96,L0,<=8,best_simple_length_policy,ok,True,4,3,-1,1,lcal_official_bounded_repair,base,none,True,,,52a1cb61062502fa650f889a465142022fbec8d002674370a789bc8c95ea60c9,1.905739322071895,0.155088402912952,0.5781395797384903,2.6389673047233373
445,SingleLineInfilling/HumanEval/96/L1,HumanEval/96,L1,9-12,best_simple_length_policy,ok,False,10,13,3,3,lcal_official_bounded_repair,weak_correction,weak_ratio_raw_confirmed_jump_cap,True,UnitTestFailure,failed: ,d2e3b7381452b36bcd18b425a743b82ba4cd3489e25e52fc33d6d2b37f9739fa,1.9117657120805234,0.14491413708310574,0.35718605178408325,2.4138659009477124
446,SingleLineInfilling/HumanEval/96/L2,HumanEval/96,L2,<=8,best_simple_length_policy,ok,True,6,6,0,0,lcal_official_bounded_repair,base,none,True,,,f45a250f0bb385f1d6fef6f54f5ff412d62d0e629e63c6d9fbdee7f072cf18ba,1.9125214570667595,0.15340787603054196,0.6417424558894709,2.7076717889867723
447,SingleLineInfilling/HumanEval/96/L3,HumanEval/96,L3,9-12,best_simple_length_policy,ok,False,10,13,3,3,lcal_official_bounded_repair,official_mid_rescue,none,True,UnitTestFailure,failed: ,6b3446041322dc444ae0dd81b10611971c0a433ee71b1e96a59dfac433839a0d,1.9179046140052378,0.14977577107492834,0.5406139035476372,2.6082942886278033
448,SingleLineInfilling/HumanEval/96/L4,HumanEval/96,L4,9-12,best_simple_length_policy,ok,True,9,9,0,0,lcal_official_bounded_repair,base,none,True,,,f45a250f0bb385f1d6fef6f54f5ff412d62d0e629e63c6d9fbdee7f072cf18ba,1.9056419860571623,0.16428780218120664,0.516960640787147,2.586890429025516
449,SingleLineInfilling/HumanEval/96/L5,HumanEval/96,L5,<=8,best_simple_length_policy,ok,True,6,6,0,0,lcal_official_bounded_repair,base,none,True,,,f45a250f0bb385f1d6fef6f54f5ff412d62d0e629e63c6d9fbdee7f072cf18ba,1.9013316740747541,0.14502815890591592,0.5178700610995293,2.5642298940801993
450,SingleLineInfilling/HumanEval/96/L6,HumanEval/96,L6,<=8,best_simple_length_policy,ok,True,3,9,6,6,lcal_official_bounded_repair,official_bounded_repair,none,True,,,6ccae9ee08f3a0d9f769571002225de737c20c2518857fbda4833f0cf314b54c,1.901653190026991,0.1522863310528919,0.49121763778384775,2.5451571588637307
451,SingleLineInfilling/HumanEval/96/L7,HumanEval/96,L7,<=8,best_simple_length_policy,ok,True,5,7,2,2,lcal_official_bounded_repair,official_bounded_repair,none,True,,,b56254a451d0887daaca34d4e46cb38e93d6f65706c9f5cafbc5a666fb700568,1.8952392640057951,0.15699965797830373,0.505260206060484,2.557499128044583
452,SingleLineInfilling/HumanEval/96/L8,HumanEval/96,L8,<=8,best_simple_length_policy,ok,True,5,5,0,0,lcal_official_bounded_repair,base,none,True,,,f45a250f0bb385f1d6fef6f54f5ff412d62d0e629e63c6d9fbdee7f072cf18ba,1.906546622980386,0.15964975696988404,0.528417558525689,2.594613938475959
453,SingleLineInfilling/HumanEval/96/L9,HumanEval/96,L9,<=8,best_simple_length_policy,ok,True,4,3,-1,1,lcal_official_bounded_repair,base,none,True,,,3586b9f194a0a4601013b33d0a998227e557787b967cdba514394e4dbbd72c23,1.8929181799758226,0.1486370499478653,0.5815673208562657,2.6231225507799536
454,SingleLineInfilling/HumanEval/97/L0,HumanEval/97,L0,17-24,best_simple_length_policy,ok,False,17,16,-1,1,lcal_official_bounded_repair,strong_correction,strong_base_len,True,UnitTestFailure,failed: First test error: 6,073ceb3eca890812341648c52ca594723c2fcfd7c4f6b2f5ade6a14b8b38dfc1,1.6207278959918767,0.14863761886954308,0.4401169701013714,2.209482484962791
455,SingleLineInfilling/HumanEval/99/L0,HumanEval/99,L0,<=8,best_simple_length_policy,ok,True,8,11,3,3,lcal_official_bounded_repair,official_mid_rescue,none,True,,,b391794010179e9bf9a30de915ab4af9e0d3f108b9e853910fa0c6d0ea6488b2,2.340099210035987,0.14952960214577615,0.5156198850600049,3.0052486972417682
456,SingleLineInfilling/HumanEval/99/L2,HumanEval/99,L2,9-12,best_simple_length_policy,ok,False,9,4,-5,5,lcal_official_bounded_repair,base,none,True,UnitTestFailure,failed: Test 1,2fe590c2f0e27aaa2db1cf689de5f64abcbcc290dc6522bff77ced331b1eea87,2.304022010997869,0.1359304889338091,0.5201685799984261,2.9601210799301043
457,SingleLineInfilling/HumanEval/99/L3,HumanEval/99,L3,<=8,best_simple_length_policy,ok,True,6,4,-2,2,lcal_official_bounded_repair,base,none,True,,,68c0fcc80d79108c199444336def475223ba5c36b6562997f57c340d99dc3904,2.3246534809004515,0.14357295085210353,0.4902493741828948,2.95847580593545
458,SingleLineInfilling/HumanEval/99/L4,HumanEval/99,L4,9-12,best_simple_length_policy,ok,False,11,10,-1,1,lcal_official_bounded_repair,base,none,False,SyntaxError,"unterminated string literal (detected at line 24) (<unknown>, line 24)",f7b0a42f2e3bfeec5e7ef620dce6e70aeed1b6f9ffd86f0ccab78d06edb5cc8d,2.329129396006465,0.0001422230852767825,0.5210814003366977,2.8503530194284394
459,SingleLineInfilling/HumanEval/99/L5,HumanEval/99,L5,<=8,best_simple_length_policy,ok,False,7,6,-1,1,lcal_official_bounded_repair,base,none,False,SyntaxError,"'[' was never closed (<unknown>, line 25)",900e9381b681370f6fcdea3492eaa50dddb2179cb6b57957e50c8b3dd86205da,2.3277712520211935,0.0002739100018516183,0.5139835899462923,2.8420287519693375
460,SingleLineInfilling/HumanEval/99/L7,HumanEval/99,L7,<=8,best_simple_length_policy,ok,True,6,6,0,0,lcal_official_bounded_repair,base,none,True,,,47ad877d832121a0a756ad7efa56a66d94d464efc851e89f221f76c80289b79b,2.3379909640643746,0.14404037198983133,0.4952552696922794,2.9772866057464853
461,SingleLineInfilling/HumanEval/99/L8,HumanEval/99,L8,9-12,best_simple_length_policy,ok,False,10,7,-3,3,lcal_official_bounded_repair,official_bounded_repair,none,True,UnitTestFailure,failed: Test 2,18c5198a115ad74c2232a8a16868952fb25e7fdf110e93b6bf2bc5e257543120,2.310290543944575,0.15798964409623295,0.5363690349040553,3.004649222944863
462,SingleLineInfilling/HumanEval/99/L9,HumanEval/99,L9,<=8,best_simple_length_policy,ok,True,7,7,0,0,lcal_official_bounded_repair,official_bounded_repair,none,True,,,a4c72d6c199693ee7b3779f6a13deb1bd86c62499128eb375939ada141123df6,2.3347107539884746,0.13806727097835392,0.5299827330745757,3.002760758041404
463,SingleLineInfilling/HumanEval/99/L10,HumanEval/99,L10,<=8,best_simple_length_policy,ok,True,6,6,0,0,lcal_official_bounded_repair,base,none,True,,,a4c72d6c199693ee7b3779f6a13deb1bd86c62499128eb375939ada141123df6,2.3130236690631136,0.13626237702555954,0.4911898251157254,2.9404758712043986
464,SingleLineInfilling/HumanEval/99/L11,HumanEval/99,L11,<=8,best_simple_length_policy,ok,True,3,16,13,13,lcal_official_bounded_repair,strong_correction,strong_base_len,True,,,783d707ba412849638a47ead4cfd6dea1b09c659fd1ac903b14114679ea7c423,2.3636387990554795,0.16019940306432545,0.45980763633269817,2.983645838452503
465,SingleLineInfilling/HumanEval/99/L12,HumanEval/99,L12,<=8,best_simple_length_policy,ok,True,6,6,0,0,lcal_official_bounded_repair,base,none,True,,,a4c72d6c199693ee7b3779f6a13deb1bd86c62499128eb375939ada141123df6,2.2989750920096412,0.14813271805178374,0.5302278898889199,2.977335699950345
466,SingleLineInfilling/HumanEval/99/L13,HumanEval/99,L13,9-12,best_simple_length_policy,ok,False,9,9,0,0,lcal_official_bounded_repair,official_bounded_repair,none,True,UnitTestFailure,failed: Test 1,78007b49c100bdc31aca244cfbb4735c6ad43c84766a1a4f46096814e88804ed,2.329865379957482,0.16106272500474006,0.48209743900224566,2.973025543964468
467,SingleLineInfilling/HumanEval/99/L14,HumanEval/99,L14,<=8,best_simple_length_policy,ok,True,7,6,-1,1,lcal_official_bounded_repair,base,none,True,,,6ffe709edbcb35745e5d7a81afea844ebd9fa0e24a7c275dd9e0e47866949676,2.3186106709763408,0.1559774070046842,0.5757951866835356,3.0503832646645606
468,SingleLineInfilling/HumanEval/99/L15,HumanEval/99,L15,<=8,best_simple_length_policy,ok,True,3,3,0,0,lcal_official_bounded_repair,base,none,True,,,a4c72d6c199693ee7b3779f6a13deb1bd86c62499128eb375939ada141123df6,2.295802098000422,0.14570555987302214,0.5406853408785537,2.982192998751998
469,SingleLineInfilling/HumanEval/99/L16,HumanEval/99,L16,<=8,best_simple_length_policy,ok,True,6,5,-1,1,lcal_official_bounded_repair,base,none,True,,,6cfb392c91e2f2e73653974681ebac0f8e227aef15962561692a7524860caf9e,2.3198401170084253,0.1432426089886576,0.5685263710329309,3.031609097030014
470,SingleLineInfilling/HumanEval/99/L18,HumanEval/99,L18,<=8,best_simple_length_policy,ok,True,4,3,-1,1,lcal_official_bounded_repair,base,none,True,,,1f4cb9f804587461c19d58132d7467bd02c5b2e4c56168ae45e3a934dbafcee5,2.312518610036932,0.16021746001206338,0.7007294883951545,3.17346555844415
471,SingleLineInfilling/HumanEval/100/L0,HumanEval/100,L0,13-16,best_simple_length_policy,ok,False,14,6,-8,8,lcal_official_bounded_repair,base,none,True,UnitTestFailure,failed: Test 3,aef4085b90983a58a170cc6ac99cb3b93f5948c0c709ea153e0cfa916be4d2cc,1.854392506997101,0.15261338802520186,0.5670739518245682,2.574079846846871
472,SingleLineInfilling/HumanEval/101/L0,HumanEval/101,L0,<=8,best_simple_length_policy,ok,True,5,9,4,4,lcal_official_bounded_repair,base,none,True,,,409d8bf55ab7b9f6a83c279c1fb048447f0c4c18a329e589b75bcce038973d8d,1.8652874819235876,0.14862962800543755,0.47455619333777577,2.488473303266801
473,SingleLineInfilling/HumanEval/101/L1,HumanEval/101,L1,<=8,best_simple_length_policy,ok,False,3,4,1,1,lcal_official_bounded_repair,base,none,True,UnitTestFailure,failed: ,931a19369d7abb3d7b5bd5cd35febffeb52b7667e26ac6fae25cfb7beef79322,1.8408243479207158,0.14183720608707517,0.5120234632631764,2.4946850172709674
474,SingleLineInfilling/HumanEval/101/L3,HumanEval/101,L3,<=8,best_simple_length_policy,ok,False,5,3,-2,2,lcal_official_bounded_repair,base,none,True,UnitTestFailure,failed: local variable 's_list' referenced before assignment,ce7dfe85982600027c84b5bafd820fe2053bb85f45394ee557b7c823eefc7fc3,1.8460912430891767,0.14849303290247917,0.5801489268196747,2.5747332028113306
475,SingleLineInfilling/HumanEval/101/L5,HumanEval/101,L5,<=8,best_simple_length_policy,ok,True,6,6,0,0,lcal_official_bounded_repair,base,none,True,,,a347a489bfc518ee83e8408f517daaba1005b8cf01cf1ab8aaf2295861d8f6e5,1.8753878439310938,0.14979472779668868,0.5619218258652836,2.587104397593066
476,SingleLineInfilling/HumanEval/101/L6,HumanEval/101,L6,<=8,best_simple_length_policy,ok,True,6,6,0,0,lcal_official_bounded_repair,base,none,True,,,a347a489bfc518ee83e8408f517daaba1005b8cf01cf1ab8aaf2295861d8f6e5,1.8621541280299425,0.1451718839816749,0.5323067000135779,2.5396327120251954
477,SingleLineInfilling/HumanEval/101/L7,HumanEval/101,L7,<=8,best_simple_length_policy,ok,True,6,6,0,0,lcal_official_bounded_repair,base,none,True,,,a347a489bfc518ee83e8408f517daaba1005b8cf01cf1ab8aaf2295861d8f6e5,1.8645553400274366,0.1548922270303592,0.5326384422369301,2.552086009294726
478,SingleLineInfilling/HumanEval/101/L8,HumanEval/101,L8,<=8,best_simple_length_policy,ok,True,3,3,0,0,lcal_official_bounded_repair,base,none,True,,,a347a489bfc518ee83e8408f517daaba1005b8cf01cf1ab8aaf2295861d8f6e5,1.8678674349794164,0.1569962640060112,0.5839536422863603,2.608817341271788
479,SingleLineInfilling/HumanEval/101/L9,HumanEval/101,L9,<=8,best_simple_length_policy,ok,True,6,5,-1,1,lcal_official_bounded_repair,base,none,True,,,77bfcf1c0375023eb1f2650bb724b9c3f1f27388b4c096b3f9745271f10840e6,1.8540395150193945,0.14867599005810916,0.5335247627226636,2.536240267800167
480,SingleLineInfilling/HumanEval/101/L11,HumanEval/101,L11,9-12,best_simple_length_policy,ok,True,9,9,0,0,lcal_official_bounded_repair,base,none,True,,,2f65f9b0c4b863a18bd8e7165f9c32a5741f584fc5cc08a85ba63e56b462cab4,1.8740858440287411,0.1551028119865805,0.47238785517401993,2.5015765111893415
481,SingleLineInfilling/HumanEval/101/L12,HumanEval/101,L12,<=8,best_simple_length_policy,ok,True,6,13,7,7,lcal_official_bounded_repair,official_mid_rescue,none,True,,,ac28acf2f0a1e3573ec55f153773e5209a2f36b753c21694192e31476a3145c0,1.878561699995771,0.15495179092977196,0.5390511289006099,2.572564619826153
482,SingleLineInfilling/HumanEval/102/L0,HumanEval/102,L0,<=8,best_simple_length_policy,ok,True,6,6,0,0,lcal_official_bounded_repair,base,none,True,,,125be3819afa9eaf89a34fa81e2fc33f9bba925f6c713702f8126cb239c6b200,1.842102103983052,0.1421731950249523,0.4912465594243258,2.47552185843233
483,SingleLineInfilling/HumanEval/102/L1,HumanEval/102,L1,<=8,best_simple_length_policy,ok,True,5,5,0,0,lcal_official_bounded_repair,base,none,True,,,74a43d58d3d67cebcc8fcd3ce09d30b7a9bc65b96a0c2e23f14c6658ae1f5812,1.844426044030115,0.14564729807898402,0.5184873526450247,2.5085606947541237
484,SingleLineInfilling/HumanEval/102/L2,HumanEval/102,L2,9-12,best_simple_length_policy,ok,True,10,10,0,0,lcal_official_bounded_repair,base,none,True,,,74a43d58d3d67cebcc8fcd3ce09d30b7a9bc65b96a0c2e23f14c6658ae1f5812,1.8540262850001454,0.11977044714149088,0.49981240811757743,2.4736091402592137
485,SingleLineInfilling/HumanEval/102/L3,HumanEval/102,L3,<=8,best_simple_length_policy,ok,True,4,4,0,0,lcal_official_bounded_repair,base,none,True,,,74a43d58d3d67cebcc8fcd3ce09d30b7a9bc65b96a0c2e23f14c6658ae1f5812,1.8480613520368934,0.12596928921993822,0.4910215479321778,2.4650521891890094
486,SingleLineInfilling/HumanEval/102/L4,HumanEval/102,L4,<=8,best_simple_length_policy,ok,False,6,3,-3,3,lcal_official_bounded_repair,base,none,True,UnitTestFailure,failed: ,506236da9c06ab8625f60f2475710f7fed0a3c7e366062e780d5f069fb822988,1.824081644997932,0.13461962388828397,0.5020387020194903,2.4607399709057063
487,SingleLineInfilling/HumanEval/102/L5,HumanEval/102,L5,<=8,best_simple_length_policy,ok,True,5,19,14,14,lcal_official_bounded_repair,official_long_suspicion,none,True,,,924212b40724551e664120c1a55c3d6095e458d923025c004ca71de2dafef7d3,1.8896810869919136,0.13704606203828007,0.6558130641933531,2.6825402132235467
488,SingleLineInfilling/HumanEval/102/L6,HumanEval/102,L6,<=8,best_simple_length_policy,ok,True,7,7,0,0,lcal_official_bounded_repair,base,none,True,,,74a43d58d3d67cebcc8fcd3ce09d30b7a9bc65b96a0c2e23f14c6658ae1f5812,1.847237988957204,0.1345910649979487,0.4723689572419971,2.4541980111971498
489,SingleLineInfilling/HumanEval/103/L0,HumanEval/103,L0,<=8,best_simple_length_policy,ok,True,6,6,0,0,lcal_official_bounded_repair,base,none,True,,,e50ead66209abe7bcca0f9f9cd28361465caa6e745bc4c2afada67b32cc960f7,1.8805692149326205,0.15352322591934353,0.5263383828569204,2.5604308237088844
490,SingleLineInfilling/HumanEval/103/L1,HumanEval/103,L1,<=8,best_simple_length_policy,ok,True,5,5,0,0,lcal_official_bounded_repair,base,none,True,,,4a2b1380cd44182161cf2ae33adfdcbb405a1e3736459c1bb82a1c306f18ee0c,1.88210326700937,0.14201572514139116,0.5033306449186057,2.527449637069367
491,SingleLineInfilling/HumanEval/103/L2,HumanEval/103,L2,<=8,best_simple_length_policy,ok,True,7,7,0,0,lcal_official_bounded_repair,base,none,True,,,4a2b1380cd44182161cf2ae33adfdcbb405a1e3736459c1bb82a1c306f18ee0c,1.897408855962567,0.12883832107763737,0.49949331453535706,2.5257404915755615
492,SingleLineInfilling/HumanEval/103/L3,HumanEval/103,L3,9-12,best_simple_length_policy,ok,True,11,12,1,1,lcal_official_bounded_repair,base,none,True,,,a68169673ed256b8f26bbc6f41312778cea23269b23e77dcb8c75eaf253b1046,1.8862635740078986,0.13448276603594422,0.5064247938571498,2.5271711339009926
493,SingleLineInfilling/HumanEval/103/L4,HumanEval/103,L4,<=8,best_simple_length_policy,ok,True,6,9,3,3,lcal_official_bounded_repair,base,none,True,,,85e5ee946de1b64e4ebf2f76b5796ffa7dfaf4a86eb89ada2e66345f2ed217ce,1.9001667129341513,0.12203561910428107,0.4775272278347984,2.4997295598732308
494,SingleLineInfilling/HumanEval/103/L5,HumanEval/103,L5,13-16,best_simple_length_policy,ok,False,15,9,-6,6,lcal_official_bounded_repair,base,none,True,UnitTestFailure,failed: ,e56e059cf287b5e34bb0de53ea2a5a0fd4445e2a86e666749f8f8eac11244215,1.8444538279436529,0.14936782990116626,0.4556921721668914,2.4495138300117105
495,SingleLineInfilling/HumanEval/104/L0,HumanEval/104,L0,<=8,best_simple_length_policy,ok,True,6,6,0,0,lcal_official_bounded_repair,base,none,True,,,1b1f72b7891a9173eb0caabbece5b534bfe25c4f5b4fba1e509bb5d8a79be4a0,1.8475067649269477,0.12373558909166604,0.5670749678974971,2.538317321916111
496,SingleLineInfilling/HumanEval/104/L1,HumanEval/104,L1,<=8,best_simple_length_policy,ok,True,6,6,0,0,lcal_official_bounded_repair,base,none,True,,,0ec4630dd40e41262c8560df80a19a80f1ee3ca09436ca7cfff5c06aaac528d9,1.8633091319352388,0.14384607307147235,0.5547472151229158,2.561902420129627
497,SingleLineInfilling/HumanEval/104/L2,HumanEval/104,L2,17-24,best_simple_length_policy,ok,False,19,4,-15,15,lcal_official_bounded_repair,base,none,True,UnitTestFailure,failed: ,ff5cf5b9d67619e8351a260f95d7e18da7d841f51b3999fd7ca93cb24bf16a53,1.82827471208293,0.13960863603278995,0.6056104236049578,2.5734937717206776
498,SingleLineInfilling/HumanEval/104/L3,HumanEval/104,L3,<=8,best_simple_length_policy,ok,True,7,7,0,0,lcal_official_bounded_repair,base,none,True,,,0ec4630dd40e41262c8560df80a19a80f1ee3ca09436ca7cfff5c06aaac528d9,1.8587425249861553,0.14059771597385406,0.465716962586157,2.4650572035461664
499,SingleLineInfilling/HumanEval/104/L4,HumanEval/104,L4,<=8,best_simple_length_policy,ok,False,8,5,-3,3,lcal_official_bounded_repair,base,none,True,UnitTestFailure,failed: ,4c26d41d6a4efe9415c7d7fc785741ec3bcfa506890ac44f8320d19a01eea35c,1.8477134770946577,0.141161517938599,0.49882847897242755,2.4877034740056843
500,SingleLineInfilling/HumanEval/105/L0,HumanEval/105,L0,<=8,best_simple_length_policy,ok,True,4,4,0,0,lcal_official_bounded_repair,base,none,True,,,a3fffc6987d993bb8d22f6665bbd05198cb94af5320c071055f6fa846401749e,2.6262498010182753,0.125760535011068,0.6600926539395005,3.4121029899688438
501,SingleLineInfilling/HumanEval/105/L1,HumanEval/105,L1,<=8,best_simple_length_policy,ok,True,7,14,7,7,lcal_official_bounded_repair,strong_correction,strong_base_len,True,,,6ec6ed3f05bc21bd652510339160803e18d3aa5012e51b59be9fc5b3edeef127,2.6715213289717212,0.14882676117122173,0.4484688963275403,3.2688169864704832
502,SingleLineInfilling/HumanEval/105/L2,HumanEval/105,L2,<=8,best_simple_length_policy,ok,True,7,7,0,0,lcal_official_bounded_repair,base,none,True,,,4732c5b95c79258ae34bafa30232f364868dac2ac475428b3c18a3fa3aeec467,2.642527394928038,0.14021432306617498,0.47706832794938236,3.2598100459435955
503,SingleLineInfilling/HumanEval/105/L3,HumanEval/105,L3,<=8,best_simple_length_policy,ok,True,7,7,0,0,lcal_official_bounded_repair,base,none,True,,,4732c5b95c79258ae34bafa30232f364868dac2ac475428b3c18a3fa3aeec467,2.6347802829695866,0.12379545508883893,0.4664448278490454,3.225020565907471
504,SingleLineInfilling/HumanEval/105/L4,HumanEval/105,L4,<=8,best_simple_length_policy,ok,True,7,7,0,0,lcal_official_bounded_repair,base,none,True,,,4732c5b95c79258ae34bafa30232f364868dac2ac475428b3c18a3fa3aeec467,2.638777166022919,0.12674812274053693,0.47266820236109197,3.238193491124548
505,SingleLineInfilling/HumanEval/105/L5,HumanEval/105,L5,<=8,best_simple_length_policy,ok,True,7,7,0,0,lcal_official_bounded_repair,base,none,True,,,4732c5b95c79258ae34bafa30232f364868dac2ac475428b3c18a3fa3aeec467,2.6545126370619982,0.15031069598626345,0.45893357950262725,3.263756912550889
506,SingleLineInfilling/HumanEval/105/L6,HumanEval/105,L6,<=8,best_simple_length_policy,ok,True,7,7,0,0,lcal_official_bounded_repair,base,none,True,,,4732c5b95c79258ae34bafa30232f364868dac2ac475428b3c18a3fa3aeec467,2.626249087974429,0.12065093999262899,0.47643308679107577,3.223333114758134
507,SingleLineInfilling/HumanEval/105/L7,HumanEval/105,L7,<=8,best_simple_length_policy,ok,True,7,7,0,0,lcal_official_bounded_repair,base,none,True,,,4732c5b95c79258ae34bafa30232f364868dac2ac475428b3c18a3fa3aeec467,2.6590280580567196,0.14099074294790626,0.46906630182638764,3.2690851028310135
508,SingleLineInfilling/HumanEval/105/L8,HumanEval/105,L8,<=8,best_simple_length_policy,ok,True,7,7,0,0,lcal_official_bounded_repair,base,none,True,,,4732c5b95c79258ae34bafa30232f364868dac2ac475428b3c18a3fa3aeec467,2.6329666229430586,0.14097217796370387,0.4689750460674986,3.242913846974261
509,SingleLineInfilling/HumanEval/105/L9,HumanEval/105,L9,<=8,best_simple_length_policy,ok,True,7,15,8,8,lcal_official_bounded_repair,strong_correction,strong_base_len,True,,,89def1fe7d122036fa04dc0ae1633329fb505fef156453656cb6fa9e69540d1b,2.7064323759404942,0.12303678109310567,0.4573039498645812,3.286773106898181
510,SingleLineInfilling/HumanEval/105/L10,HumanEval/105,L10,<=8,best_simple_length_policy,ok,True,2,10,8,8,lcal_official_bounded_repair,base,none,True,,,bcb9078cb6c1412ed2c3e8c88283729cc0c3bb2f809d4e8e4d25f7a23de07974,2.655942623037845,0.11947046290151775,0.546380577958189,3.3217936638975516
511,SingleLineInfilling/HumanEval/105/L11,HumanEval/105,L11,9-12,best_simple_length_policy,ok,False,10,7,-3,3,lcal_official_bounded_repair,base,none,True,UnitTestFailure,failed: Error,12f3c5754733ae58c8e3b62fcc9bdd42d18d96ab43bc85c02136be43fac06c6c,2.6761220010230318,0.12120566796511412,0.5025534450542182,3.299881114042364
512,SingleLineInfilling/HumanEval/105/L12,HumanEval/105,L12,<=8,best_simple_length_policy,ok,True,5,5,0,0,lcal_official_bounded_repair,base,none,True,,,4732c5b95c79258ae34bafa30232f364868dac2ac475428b3c18a3fa3aeec467,2.636399404029362,0.12617365701589733,0.538906168192625,3.3014792292378843
513,SingleLineInfilling/HumanEval/105/L13,HumanEval/105,L13,<=8,best_simple_length_policy,ok,True,7,7,0,0,lcal_official_bounded_repair,base,none,True,,,4732c5b95c79258ae34bafa30232f364868dac2ac475428b3c18a3fa3aeec467,2.6540624180343,0.12330399081110954,0.5023766155354679,3.2797430243808776
514,SingleLineInfilling/HumanEval/105/L14,HumanEval/105,L14,<=8,best_simple_length_policy,ok,True,3,3,0,0,lcal_official_bounded_repair,base,none,True,,,4732c5b95c79258ae34bafa30232f364868dac2ac475428b3c18a3fa3aeec467,2.631216811016202,0.13297427806537598,0.5109048455487937,3.2750959346303716
515,SingleLineInfilling/HumanEval/105/L15,HumanEval/105,L15,<=8,best_simple_length_policy,ok,True,7,7,0,0,lcal_official_bounded_repair,base,none,True,,,4732c5b95c79258ae34bafa30232f364868dac2ac475428b3c18a3fa3aeec467,2.6546728289686143,0.12385052209720016,0.47996893187519163,3.258492282941006
516,SingleLineInfilling/HumanEval/105/L16,HumanEval/105,L16,<=8,best_simple_length_policy,ok,True,3,3,0,0,lcal_official_bounded_repair,base,none,True,,,4732c5b95c79258ae34bafa30232f364868dac2ac475428b3c18a3fa3aeec467,2.642835877952166,0.11831228400114924,0.49862477101851255,3.2597729329718277
517,SingleLineInfilling/HumanEval/105/L17,HumanEval/105,L17,<=8,best_simple_length_policy,ok,False,3,6,3,3,lcal_official_bounded_repair,official_bounded_repair,none,True,UnitTestFailure,failed: Error,af39f8c1b21be0684ee44e6a9a4a2086d17b59014d249ce56373b817ad5c38dc,2.691270329989493,0.11883131496142596,0.50795863638632,3.318060281337239
518,SingleLineInfilling/HumanEval/105/L18,HumanEval/105,L18,<=8,best_simple_length_policy,ok,True,5,4,-1,1,lcal_official_bounded_repair,base,none,True,,,a66fc1be8b945af675548fc4f06fba89d819e1b0fc9769a3bd9c2be5385b1796,2.639188472996466,0.1398426820524037,0.5440831044688821,3.3231142595177516
519,SingleLineInfilling/HumanEval/106/L0,HumanEval/106,L0,<=8,best_simple_length_policy,ok,True,4,4,0,0,lcal_official_bounded_repair,base,none,True,,,55dfbf20b6987bafa8e465ffd04f59ebfb58b9e610fae0d3a530353ba73a600e,1.8801679339958355,0.1381574581610039,0.5272723883390427,2.545597780495882
520,SingleLineInfilling/HumanEval/106/L1,HumanEval/106,L1,9-12,best_simple_length_policy,ok,True,11,11,0,0,lcal_official_bounded_repair,base,none,True,,,4923aa6cabe5ccc261bd33379d0ce983b7d7fe37634e5ebd934f6852026d5682,1.907253541983664,0.14566253300290555,0.4962814141763374,2.549197489162907
521,SingleLineInfilling/HumanEval/106/L2,HumanEval/106,L2,9-12,best_simple_length_policy,ok,True,9,10,1,1,lcal_official_bounded_repair,base,none,True,,,576bb31ac648060c83f09f4c5c3ea22d728cebf7d6efd4720d8370c785320771,1.9025087399641052,0.1427339599467814,0.4825685260584578,2.5278112259693444
522,SingleLineInfilling/HumanEval/106/L3,HumanEval/106,L3,<=8,best_simple_length_policy,ok,True,6,6,0,0,lcal_official_bounded_repair,base,none,True,,,4923aa6cabe5ccc261bd33379d0ce983b7d7fe37634e5ebd934f6852026d5682,1.906147558009252,0.12678011984098703,0.4843512587249279,2.517278936575167
523,SingleLineInfilling/HumanEval/106/L4,HumanEval/106,L4,13-16,best_simple_length_policy,ok,True,15,15,0,0,lcal_official_bounded_repair,strong_correction,strong_base_len,True,,,4923aa6cabe5ccc261bd33379d0ce983b7d7fe37634e5ebd934f6852026d5682,1.9035418250132352,0.13579673890490085,0.4368965399917215,2.4762351039098576
524,SingleLineInfilling/HumanEval/106/L5,HumanEval/106,L5,<=8,best_simple_length_policy,ok,True,6,6,0,0,lcal_official_bounded_repair,base,none,True,,,4923aa6cabe5ccc261bd33379d0ce983b7d7fe37634e5ebd934f6852026d5682,1.899007542990148,0.139378338935785,0.5367713059531525,2.5751571878790855
525,SingleLineInfilling/HumanEval/106/L6,HumanEval/106,L6,<=8,best_simple_length_policy,ok,True,3,9,6,6,lcal_official_bounded_repair,official_bounded_repair,none,True,,,329364a5d26f36ebb84ba301bfb0a857ec3953d6c785ccfd25d32e40633b0b93,1.9018544920254499,0.15190608997363597,0.4624045400414616,2.5161651220405474
526,SingleLineInfilling/HumanEval/106/L7,HumanEval/106,L7,<=8,best_simple_length_policy,ok,True,6,6,0,0,lcal_official_bounded_repair,base,none,True,,,4923aa6cabe5ccc261bd33379d0ce983b7d7fe37634e5ebd934f6852026d5682,1.9366023520706221,0.1396935370285064,0.5897847472224385,2.666080636321567
527,SingleLineInfilling/HumanEval/106/L8,HumanEval/106,L8,13-16,best_simple_length_policy,ok,True,15,15,0,0,lcal_official_bounded_repair,strong_correction,strong_base_len,True,,,4923aa6cabe5ccc261bd33379d0ce983b7d7fe37634e5ebd934f6852026d5682,1.914624065044336,0.1513514630496502,0.45581437717191875,2.521789905265905
528,SingleLineInfilling/HumanEval/106/L9,HumanEval/106,L9,<=8,best_simple_length_policy,ok,True,6,6,0,0,lcal_official_bounded_repair,base,none,True,,,4923aa6cabe5ccc261bd33379d0ce983b7d7fe37634e5ebd934f6852026d5682,1.8933258169563487,0.11560923210345209,0.47674197098240256,2.4856770200422034
529,SingleLineInfilling/HumanEval/106/L10,HumanEval/106,L10,<=8,best_simple_length_policy,ok,True,4,3,-1,1,lcal_official_bounded_repair,base,none,True,,,3559d4488df624b05d56e37f5da53675d7a1fdcc640b5f22b364314f101f03f6,1.8737926410976797,0.1469736380968243,0.5066312581766397,2.5273975373711437
530,SingleLineInfilling/HumanEval/107/L0,HumanEval/107,L0,<=8,best_simple_length_policy,ok,True,7,7,0,0,lcal_official_bounded_repair,base,none,True,,,dfb32b4646d4af61cfc0317e091bea41387d8e21bca9fa1962d60a0b7b722d6c,2.395158539991826,0.15648103004787117,0.4872991348383948,3.038938704878092
531,SingleLineInfilling/HumanEval/107/L1,HumanEval/107,L1,9-12,best_simple_length_policy,ok,False,12,3,-9,9,lcal_official_bounded_repair,base,none,True,UnitTestFailure,failed: ,28cb35b1aa74753b52e8582f908d1e4af7863f3ea73274889664726a40a51f5f,2.389651386998594,0.1438606990268454,0.5365364630706608,3.0700485490961
532,SingleLineInfilling/HumanEval/107/L3,HumanEval/107,L3,9-12,best_simple_length_policy,ok,True,9,9,0,0,lcal_official_bounded_repair,base,none,True,,,b2b8bc7dfc97df580d10272c6f15afe44ba5b65f492be1bf88cbe109e9e76b88,2.413244529045187,0.1380134829087183,0.4922107879538089,3.043468799907714
533,SingleLineInfilling/HumanEval/107/L4,HumanEval/107,L4,9-12,best_simple_length_policy,ok,True,9,8,-1,1,lcal_official_bounded_repair,base,none,True,,,1e11f774f95ba9ba4a792abeb0b3ffe78199377e4fa995c54b47b3ed9c5f3f1d,2.3875902299769223,0.1422057889867574,0.4417757854098454,2.971571804373525
534,SingleLineInfilling/HumanEval/107/L6,HumanEval/107,L6,9-12,best_simple_length_policy,ok,True,12,13,1,1,lcal_official_bounded_repair,weak_correction,weak_ratio_raw_confirmed_jump_cap,True,,,ef2d5aa3e06ad2d6cf6bb025b411b77a88d54cedbb5c170a14fb50c23d2d546b,2.5987858559237793,0.1449915689881891,0.36009816569276154,3.10387559060473
535,SingleLineInfilling/HumanEval/107/L7,HumanEval/107,L7,13-16,best_simple_length_policy,ok,False,14,16,2,2,lcal_official_bounded_repair,strong_correction,strong_base_len,True,UnitTestFailure,failed: ,480fb48eb082d86fb59dcc3aa51a9e2aeeb27e89cc6988f7296fcb39dcf479ec,2.6152635930338874,0.13809228700120002,0.4702855369541794,3.223641416989267
536,SingleLineInfilling/HumanEval/107/L8,HumanEval/107,L8,9-12,best_simple_length_policy,ok,True,9,9,0,0,lcal_official_bounded_repair,base,none,True,,,9d1f9c809e67a4bf5303f876abece0ff8df9750d3a28fa5a22d63badd6d8f9fd,2.397696995991282,0.12020610691979527,0.5288911699317396,3.046794272842817
537,SingleLineInfilling/HumanEval/107/L9,HumanEval/107,L9,13-16,best_simple_length_policy,ok,True,14,14,0,0,lcal_official_bounded_repair,strong_correction,strong_base_len,True,,,b2b8bc7dfc97df580d10272c6f15afe44ba5b65f492be1bf88cbe109e9e76b88,2.416397767025046,0.11454669199883938,0.4648476910078898,2.9957921500317752
538,SingleLineInfilling/HumanEval/107/L10,HumanEval/107,L10,9-12,best_simple_length_policy,ok,True,9,15,6,6,lcal_official_bounded_repair,strong_correction,strong_base_len,True,,,e47ffebe0a8c8b213c10957b15a5e93a3c3350164f12a1ff3f1499debcd4e6f1,2.6053381270030513,0.13556776207406074,0.4505232556257397,3.1914291447028518
539,SingleLineInfilling/HumanEval/107/L11,HumanEval/107,L11,13-16,best_simple_length_policy,ok,True,13,13,0,0,lcal_official_bounded_repair,weak_correction,weak_ratio_raw_confirmed_jump_cap,True,,,b2b8bc7dfc97df580d10272c6f15afe44ba5b65f492be1bf88cbe109e9e76b88,2.4166251099668443,0.12024175911210477,0.3572889099596068,2.894155779038556
540,SingleLineInfilling/HumanEval/108/L0,HumanEval/108,L0,<=8,best_simple_length_policy,ok,True,6,6,0,0,lcal_official_bounded_repair,base,none,True,,,2af75aca116aeb63b0ddd11c6372c328d01a43d0882df95df120f037a3c104fa,1.893177796038799,0.14800123416353017,0.47010778437834233,2.5112868145806715
541,SingleLineInfilling/HumanEval/108/L1,HumanEval/108,L1,<=8,best_simple_length_policy,ok,True,6,6,0,0,lcal_official_bounded_repair,base,none,True,,,7f4961a6940f3d43ec67131f5e374518786bb034830cabbd4bcac17fbbca2322,1.9090728389564902,0.14737276500090957,0.49165826407261193,2.5481038680300117
542,SingleLineInfilling/HumanEval/108/L2,HumanEval/108,L2,17-24,best_simple_length_policy,ok,False,19,13,-6,6,lcal_official_bounded_repair,strong_correction,strong_base_len,True,UnitTestFailure,failed: invalid literal for int() with base 10: '-',fda1244333c9c2034e3f8b84640b487890cb86a01f20a24874cebc4d60648bdd,1.9190794039750472,0.13920192595105618,0.46321851515676826,2.5214998450828716
543,SingleLineInfilling/HumanEval/108/L3,HumanEval/108,L3,13-16,best_simple_length_policy,ok,True,13,13,0,0,lcal_official_bounded_repair,official_mid_rescue,none,True,,,7f4961a6940f3d43ec67131f5e374518786bb034830cabbd4bcac17fbbca2322,1.9173119199695066,0.1281671340111643,0.546931060263887,2.592410114244558
544,SingleLineInfilling/HumanEval/108/L4,HumanEval/108,L4,13-16,best_simple_length_policy,ok,True,13,8,-5,5,lcal_official_bounded_repair,base,none,True,,,db02673c4d9a2bbf035af999abca155d14da36d16c6896bb8e05b0bc76885696,1.8812058760086074,0.16046585200820118,0.45743533119093627,2.499107059207745
545,SingleLineInfilling/HumanEval/108/L5,HumanEval/108,L5,<=8,best_simple_length_policy,ok,True,5,5,0,0,lcal_official_bounded_repair,base,none,True,,,7f4961a6940f3d43ec67131f5e374518786bb034830cabbd4bcac17fbbca2322,1.890686584985815,0.154933214886114,0.6483588615665212,2.69397866143845
546,SingleLineInfilling/HumanEval/108/L6,HumanEval/108,L6,17-24,best_simple_length_policy,ok,False,23,9,-14,14,lcal_official_bounded_repair,base,none,True,UnitTestFailure,failed: ,0a60c82a1a6bf503a012bb9de8b7e65388f0ac07a41ebd653bdecc9a94cc697f,1.8976224309299141,0.15087485208641738,0.4811873910948634,2.529684674111195
547,SingleLineInfilling/HumanEval/109/L0,HumanEval/109,L0,<=8,best_simple_length_policy,ok,True,7,7,0,0,lcal_official_bounded_repair,base,none,True,,,1c69f346708466c455d68525e69286da6956185ff92da7bd4d36f747ed29c686,2.6446864989120513,0.1507387770107016,0.64002297190018,3.435448247822933
548,SingleLineInfilling/HumanEval/109/L1,HumanEval/109,L1,<=8,best_simple_length_policy,ok,True,4,15,11,11,lcal_official_bounded_repair,strong_correction,strong_base_len,True,,,4a4b4da2a43cece2f15930aca91bc728a19ba20221adc503ad9823989ade9b62,2.6714800449553877,0.15405339107383043,0.4585137681569904,3.2840472041862085
549,SingleLineInfilling/HumanEval/109/L2,HumanEval/109,L2,<=8,best_simple_length_policy,ok,True,7,7,0,0,lcal_official_bounded_repair,base,none,True,,,97f77cd731a2a2eebba8d9de02d56cf2b687a4ef1006042894ca3f7baf97594c,2.6244030360830948,0.14362299209460616,0.5424849959090352,3.310511024086736
550,SingleLineInfilling/HumanEval/109/L3,HumanEval/109,L3,<=8,best_simple_length_policy,ok,True,4,10,6,6,lcal_official_bounded_repair,base,none,True,,,86a1a57a90c23e016d0c77c1c18ff4572fd8a094a5ecf3d55ab47c836a53e02a,2.6668115279171616,0.1512653020909056,0.49196461122483015,3.3100414412328973
551,SingleLineInfilling/HumanEval/109/L5,HumanEval/109,L5,<=8,best_simple_length_policy,ok,True,6,6,0,0,lcal_official_bounded_repair,base,none,True,,,97f77cd731a2a2eebba8d9de02d56cf2b687a4ef1006042894ca3f7baf97594c,2.6214906229870394,0.15245647402480245,0.5202492559328675,3.2941963529447094
552,SingleLineInfilling/HumanEval/109/L6,HumanEval/109,L6,9-12,best_simple_length_policy,ok,True,9,9,0,0,lcal_official_bounded_repair,base,none,True,,,97f77cd731a2a2eebba8d9de02d56cf2b687a4ef1006042894ca3f7baf97594c,2.6408973620273173,0.14652424212545156,0.47598974127322435,3.263411345425993
553,SingleLineInfilling/HumanEval/109/L7,HumanEval/109,L7,13-16,best_simple_length_policy,ok,False,15,13,-2,2,lcal_official_bounded_repair,official_mid_rescue,none,False,SyntaxError,"'(' was never closed (<unknown>, line 36)",822bd97caf6d61216b703e7fd9787aab4c58df67107a20bb34f0fc3b182172e2,2.6378386979922652,0.00027185806538909674,0.5460038799792528,3.184114436036907
554,SingleLineInfilling/HumanEval/109/L8,HumanEval/109,L8,<=8,best_simple_length_policy,ok,True,8,8,0,0,lcal_official_bounded_repair,base,none,True,,,97f77cd731a2a2eebba8d9de02d56cf2b687a4ef1006042894ca3f7baf97594c,2.6403906289488077,0.1491639210144058,0.457612017984502,3.2471665679477155
555,SingleLineInfilling/HumanEval/109/L9,HumanEval/109,L9,9-12,best_simple_length_policy,ok,True,10,16,6,6,lcal_official_bounded_repair,strong_correction,strong_base_len,True,,,d93656a0a7d72572b8d3201427ab32e471e72d3265f1bd2ee2609df18574f73e,2.6623035579686984,0.15574280021246523,0.46654043695889413,3.284586795140058
556,SingleLineInfilling/HumanEval/109/L10,HumanEval/109,L10,<=8,best_simple_length_policy,ok,True,4,4,0,0,lcal_official_bounded_repair,base,none,True,,,97f77cd731a2a2eebba8d9de02d56cf2b687a4ef1006042894ca3f7baf97594c,2.6004748950945213,0.14571085793431848,0.5800029950914904,3.3261887481203303
557,SingleLineInfilling/HumanEval/109/L11,HumanEval/109,L11,<=8,best_simple_length_policy,ok,True,4,3,-1,1,lcal_official_bounded_repair,base,none,True,,,f03e09c354adcec796b1e7e9e9e6aacf0a9bd088f03228ada55a40322a13d554,2.657085940008983,0.14859792008064687,0.5722695352742448,3.3779533953638747
558,SingleLineInfilling/HumanEval/110/L0,HumanEval/110,L0,<=8,best_simple_length_policy,ok,True,6,12,6,6,lcal_official_bounded_repair,official_mid_rescue,none,True,,,8c4f8359cb37820e796d6f1f90716927440f1b2dfaf60bd4587704964a6b1517,2.3188309990800917,0.1484885779209435,0.5361682833172381,3.0034878603182733
559,SingleLineInfilling/HumanEval/110/L1,HumanEval/110,L1,<=8,best_simple_length_policy,ok,True,6,6,0,0,lcal_official_bounded_repair,base,none,True,,,118d1769a82ecc1d696c25de133e09991098294adb2c2797f17f3c096a187fd1,2.31849613704253,0.14056025387253612,0.5394802156370133,2.9985366065520793
560,SingleLineInfilling/HumanEval/110/L2,HumanEval/110,L2,<=8,best_simple_length_policy,ok,True,7,7,0,0,lcal_official_bounded_repair,base,none,True,,,118d1769a82ecc1d696c25de133e09991098294adb2c2797f17f3c096a187fd1,2.347555277054198,0.13793782715220004,0.5686273073079064,3.0541204115143046
561,SingleLineInfilling/HumanEval/110/L3,HumanEval/110,L3,9-12,best_simple_length_policy,ok,True,9,15,6,6,lcal_official_bounded_repair,strong_correction,strong_base_len,True,,,0ecbba082f439c4d6476254892df69f93cb3dcd8926aeb3e818d9fae74b253e5,2.344781127991155,0.14959712291602045,0.4516511671245098,2.946029418031685
562,SingleLineInfilling/HumanEval/110/L4,HumanEval/110,L4,<=8,best_simple_length_policy,ok,True,6,6,0,0,lcal_official_bounded_repair,base,none,True,,,118d1769a82ecc1d696c25de133e09991098294adb2c2797f17f3c096a187fd1,2.3155016949167475,0.1434748680330813,0.5311273448169231,2.990103907766752
563,SingleLineInfilling/HumanEval/110/L5,HumanEval/110,L5,<=8,best_simple_length_policy,ok,True,7,7,0,0,lcal_official_bounded_repair,base,none,True,,,118d1769a82ecc1d696c25de133e09991098294adb2c2797f17f3c096a187fd1,2.3024700219975784,0.1246104440651834,0.7136208728188649,3.1407013388816267
564,SingleLineInfilling/HumanEval/110/L6,HumanEval/110,L6,9-12,best_simple_length_policy,ok,True,9,9,0,0,lcal_official_bounded_repair,base,none,True,,,118d1769a82ecc1d696c25de133e09991098294adb2c2797f17f3c096a187fd1,2.3204080999130383,0.15461234096437693,0.482519609387964,2.9575400502653793
565,SingleLineInfilling/HumanEval/110/L7,HumanEval/110,L7,<=8,best_simple_length_policy,ok,True,6,6,0,0,lcal_official_bounded_repair,base,none,True,,,118d1769a82ecc1d696c25de133e09991098294adb2c2797f17f3c096a187fd1,2.3224545479752123,0.15425992291420698,0.6881415247917175,3.164855995681137
566,SingleLineInfilling/HumanEval/110/L8,HumanEval/110,L8,<=8,best_simple_length_policy,ok,False,6,4,-2,2,lcal_official_bounded_repair,base,none,True,UnitTestFailure,failed: ,955e6b1bb33be165d951028e94a1c5d0bd8b1f5348fb765337f0cb26e64953cd,2.311798347043805,0.14275571692269295,0.49231747386511415,2.946871537831612
567,SingleLineInfilling/HumanEval/110/L9,HumanEval/110,L9,<=8,best_simple_length_policy,ok,True,5,13,8,8,lcal_official_bounded_repair,strong_correction,strong_base_len,True,,,2aa6759af4720d53a58bd4a5dd8600f96a1484a19cb09ea91e29663103de452c,2.312828333931975,0.14109582209493965,0.45004955492913723,2.903973710956052
568,SingleLineInfilling/HumanEval/110/L10,HumanEval/110,L10,<=8,best_simple_length_policy,ok,True,5,8,3,3,lcal_official_bounded_repair,base,none,True,,,291f1244c54c20c696962fa0baaa66971a6e4579a4da58c5585a038a1ce33cae,2.298836697009392,0.1582089369185269,0.4463898877147585,2.9034355216426775
569,SingleLineInfilling/HumanEval/111/L0,HumanEval/111,L0,<=8,best_simple_length_policy,ok,True,4,4,0,0,lcal_official_bounded_repair,base,none,True,,,0e2b8d2b74f763d25ef81c3f70c3178c9663ccc99942dbd100107b571aef1476,1.906793205998838,0.13955395307857543,0.49507033091504127,2.5414174899924546
570,SingleLineInfilling/HumanEval/111/L1,HumanEval/111,L1,<=8,best_simple_length_policy,ok,True,7,6,-1,1,lcal_official_bounded_repair,base,none,True,,,337553e2d559258e99f87f010b175dd146073435c21b6cae87cd139fba4b52b6,1.9067860209615901,0.14113535603974015,0.48951024818234146,2.5374316251836717
571,SingleLineInfilling/HumanEval/111/L2,HumanEval/111,L2,<=8,best_simple_length_policy,ok,True,5,4,-1,1,lcal_official_bounded_repair,base,none,True,,,1b2155337775941799b52ccb2eb4c4b6eda6f83f71788fe4ba04bc36d594dd70,1.8920803599758074,0.15758197603281587,0.5333391631720588,2.583001499180682
572,SingleLineInfilling/HumanEval/111/L4,HumanEval/111,L4,<=8,best_simple_length_policy,ok,True,7,7,0,0,lcal_official_bounded_repair,base,none,True,,,1349d6231193dceb97603298b8a7a2489a252c7a21201dd3ed15d7baae638a6e,1.915826771990396,0.13709238497540355,0.4604071085341275,2.513326265499927
573,SingleLineInfilling/HumanEval/111/L5,HumanEval/111,L5,13-16,best_simple_length_policy,ok,False,13,9,-4,4,lcal_official_bounded_repair,base,none,True,UnitTestFailure,failed: This prints if this assert fails 7 (also good for debugging!),77a5cd0f9554aa8883aa2ae2d8b2a03b7a20b4223fe1e0e4f4bcbad7ec915e34,1.9087139699840918,0.14033988898154348,0.47407778503838927,2.5231316440040246
574,SingleLineInfilling/HumanEval/111/L6,HumanEval/111,L6,<=8,best_simple_length_policy,ok,True,7,7,0,0,lcal_official_bounded_repair,base,none,True,,,1349d6231193dceb97603298b8a7a2489a252c7a21201dd3ed15d7baae638a6e,1.925437015015632,0.12106715294066817,0.5152636870043352,2.5617678549606353
575,SingleLineInfilling/HumanEval/111/L7,HumanEval/111,L7,<=8,best_simple_length_policy,ok,True,6,13,7,7,lcal_official_bounded_repair,official_mid_rescue,none,True,,,aecf6c82a0badc64fbd0a5d11733994ab7a9325457838b7da1e3d7bae7b5ed2e,1.9132195699494332,0.12599720805883408,0.5323924247641116,2.571609202772379
576,SingleLineInfilling/HumanEval/111/L8,HumanEval/111,L8,<=8,best_simple_length_policy,ok,True,7,7,0,0,lcal_official_bounded_repair,base,none,True,,,1349d6231193dceb97603298b8a7a2489a252c7a21201dd3ed15d7baae638a6e,1.9128640800481662,0.12503530108369887,0.5218511498533189,2.559750530985184
577,SingleLineInfilling/HumanEval/111/L9,HumanEval/111,L9,9-12,best_simple_length_policy,ok,True,9,9,0,0,lcal_official_bounded_repair,base,none,True,,,1349d6231193dceb97603298b8a7a2489a252c7a21201dd3ed15d7baae638a6e,1.9206124409101903,0.12722714489791542,0.45980658871121705,2.507646174519323
578,SingleLineInfilling/HumanEval/111/L11,HumanEval/111,L11,<=8,best_simple_length_policy,ok,True,7,7,0,0,lcal_official_bounded_repair,base,none,True,,,1349d6231193dceb97603298b8a7a2489a252c7a21201dd3ed15d7baae638a6e,1.889904185081832,0.13155471405480057,0.4729710657848045,2.494429964921437
579,SingleLineInfilling/HumanEval/111/L12,HumanEval/111,L12,<=8,best_simple_length_policy,ok,True,5,4,-1,1,lcal_official_bounded_repair,base,none,True,,,6e053513ee408de9386fea25c86990ee65efa82c244bdb79b50208a39c03e90a,1.9126655700383708,0.13181378797162324,0.5415029717842117,2.5859823297942057
580,SingleLineInfilling/HumanEval/112/L0,HumanEval/112,L0,17-24,best_simple_length_policy,ok,False,17,8,-9,9,lcal_official_bounded_repair,base,none,True,UnitTestFailure,failed: ,fbe2a5f4332051c2b999b413326b44bdddea73eeb46eec809a4ef12c5a812eae,1.8765689609572291,0.1169887580908835,0.43922177818603814,2.4327794972341508
581,SingleLineInfilling/HumanEval/112/L1,HumanEval/112,L1,9-12,best_simple_length_policy,ok,False,11,7,-4,4,lcal_official_bounded_repair,base,none,True,UnitTestFailure,failed: ,8adf9807c7dd85d2353884c245fafd9da97ea0816f15d3ae74a8d5db5d843a22,1.8665219760732725,0.11670902406331152,0.46466044639237225,2.4478914465289563
582,SingleLineInfilling/HumanEval/113/L0,HumanEval/113,L0,<=8,best_simple_length_policy,ok,True,4,3,-1,1,lcal_official_bounded_repair,base,none,True,,,996723c3d4df38dca19bdc3602d39c9164798453b1280a572010b0e171722610,1.916601506061852,0.13377433887217194,0.5368864685297012,2.587262313463725
583,SingleLineInfilling/HumanEval/113/L1,HumanEval/113,L1,<=8,best_simple_length_policy,ok,True,6,6,0,0,lcal_official_bounded_repair,base,none,True,,,8771ce706f8b15b1198dc56aa057e977c0d6819afda6c17f0a0e7ac40bc2b0b4,1.946158066042699,0.15595935680903494,0.4505070081213489,2.552624430973083
584,SingleLineInfilling/HumanEval/113/L2,HumanEval/113,L2,13-16,best_simple_length_policy,ok,False,15,6,-9,9,lcal_official_bounded_repair,official_bounded_repair,none,True,UnitTestFailure,failed: Test 1,7cec9f91e4d4c3f3d839c3818a880a1b0f2239df3c028743e7500002ccc897d2,1.9074678620090708,0.15621769602876157,0.4805721453158185,2.544257703353651
585,SingleLineInfilling/HumanEval/113/L3,HumanEval/113,L3,25+,best_simple_length_policy,ok,False,40,5,-35,35,lcal_official_bounded_repair,base,none,True,UnitTestFailure,failed: Test 1,c226b4df705286d5afa2947aa08b2a8a11229e5e6b066c15b1b68798bd84436f,1.9097019690088928,0.13043971499428153,0.4910897340159863,2.5312314180191606
586,SingleLineInfilling/HumanEval/113/L4,HumanEval/113,L4,<=8,best_simple_length_policy,ok,True,4,3,-1,1,lcal_official_bounded_repair,base,none,True,,,cb83ac973ce1e6848b391ab3e09dc79e5de6f229e60414738e32b65a0c4601e2,1.9146397529402748,0.14107372087892145,0.5570636893389747,2.612777163158171
587,SingleLineInfilling/HumanEval/114/L0,HumanEval/114,L0,<=8,best_simple_length_policy,ok,True,7,7,0,0,lcal_official_bounded_repair,base,none,True,,,077207a5e2d2245a795544923880b4a50148d2be8c4bc864c132e29c85d1d58e,1.871435837005265,0.14618170086760074,0.48334492731373757,2.5009624651866034
588,SingleLineInfilling/HumanEval/114/L1,HumanEval/114,L1,<=8,best_simple_length_policy,ok,True,6,13,7,7,lcal_official_bounded_repair,official_mid_rescue,none,True,,,4a5184c5c3ec3d95c14bccd828381b42829f8d66732dc01336202bf82a73fbac,1.8687940030358732,0.14480803301557899,0.5357951910700649,2.549397227121517
589,SingleLineInfilling/HumanEval/114/L2,HumanEval/114,L2,<=8,best_simple_length_policy,ok,True,6,6,0,0,lcal_official_bounded_repair,base,none,True,,,fb21b6ff6699bc5280f641b01bbff16f96533ec1124289e5a864182034bac87a,1.8556114849634469,0.1509710280224681,0.4632099230075255,2.4697924359934404
590,SingleLineInfilling/HumanEval/114/L3,HumanEval/114,L3,<=8,best_simple_length_policy,ok,False,6,7,1,1,lcal_official_bounded_repair,base,none,True,UnitTestFailure,failed: This prints if this assert fails 1 (good for debugging!),bca7a851bf39b9e8ef99dee5c5e057a37f6dda11676a85a3a51c207dd6106d38,1.8666434870101511,0.14149099588394165,0.5050556330243126,2.5131901159184054
591,SingleLineInfilling/HumanEval/114/L4,HumanEval/114,L4,<=8,best_simple_length_policy,ok,True,8,7,-1,1,lcal_official_bounded_repair,base,none,True,,,aed4180f3e1746799e298d295fd508a75172fb04d06f4c6cffa13fa3c2242185,1.8550061120186,0.12223987502511591,0.5354970551561564,2.5127430421998724
592,SingleLineInfilling/HumanEval/114/L5,HumanEval/114,L5,<=8,best_simple_length_policy,ok,True,6,6,0,0,lcal_official_bounded_repair,base,none,True,,,fb21b6ff6699bc5280f641b01bbff16f96533ec1124289e5a864182034bac87a,1.8510926929302514,0.12136780493892729,0.46308395999949425,2.435544457868673
593,SingleLineInfilling/HumanEval/114/L6,HumanEval/114,L6,9-12,best_simple_length_policy,ok,True,10,10,0,0,lcal_official_bounded_repair,base,none,True,,,7c4d973c28ae6c33428715a3ddef87219114cf8ae9ddd7643e20bc75e3d68c61,1.847524374956265,0.12367285008076578,0.5387448180699721,2.509942043107003
594,SingleLineInfilling/HumanEval/114/L7,HumanEval/114,L7,<=8,best_simple_length_policy,ok,True,8,9,1,1,lcal_official_bounded_repair,base,none,True,,,c8284425d27fe25138108d3259ef955477da25c3a83272ed102f7eee7c3ac965,1.8756013619713485,0.13460350595414639,0.46643057675100863,2.4766354446765035
595,SingleLineInfilling/HumanEval/114/L8,HumanEval/114,L8,9-12,best_simple_length_policy,ok,False,12,7,-5,5,lcal_official_bounded_repair,base,none,True,UnitTestFailure,failed: This prints if this assert fails 1 (good for debugging!),45b61508904920b283a0556a78b34794e82b2165351f3b8879c9fc540439496b,1.85317999497056,0.14263593801297247,0.4696255817543715,2.465441514737904
596,SingleLineInfilling/HumanEval/114/L9,HumanEval/114,L9,<=8,best_simple_length_policy,ok,True,8,8,0,0,lcal_official_bounded_repair,base,none,True,,,fb21b6ff6699bc5280f641b01bbff16f96533ec1124289e5a864182034bac87a,1.8421035970095545,0.15629371907562017,0.44332077249418944,2.441718088579364
597,SingleLineInfilling/HumanEval/114/L10,HumanEval/114,L10,<=8,best_simple_length_policy,ok,True,5,4,-1,1,lcal_official_bounded_repair,base,none,True,,,7578316caf6d75ea931cfb7ed5c65d20703567d1f0ff20634616db281bfc598a,1.833619644981809,0.1405202179448679,0.5404003137955442,2.514540176722221
598,SingleLineInfilling/HumanEval/115/L0,HumanEval/115,L0,13-16,best_simple_length_policy,ok,False,16,3,-13,13,lcal_official_bounded_repair,base,none,True,UnitTestFailure,failed: Error,1e8e3920dc67a61971eba9aebb5ca5f848686dccf28c0503e0780f7c1cf9e327,2.596753507037647,0.14154761214740574,0.5037011929089203,3.242002312093973
599,SingleLineInfilling/HumanEval/116/L0,HumanEval/116,L0,17-24,best_simple_length_policy,ok,False,19,3,-16,16,lcal_official_bounded_repair,base,none,True,UnitTestFailure,failed: ,a15a6735234d5259f170772c2c1cea29273c9a39bf9e30792e97c044eaa76541,1.8451740610180423,0.1230571650667116,0.6298752400325611,2.598106466117315
600,SingleLineInfilling/HumanEval/117/L0,HumanEval/117,L0,<=8,best_simple_length_policy,ok,True,4,4,0,0,lcal_official_bounded_repair,base,none,True,,,a8262ce4fd76868a032acc3864085cfa981509c88ee9e03b0a74201e3250fe63,2.2953029059572145,0.12118931591976434,0.49861458293162286,2.9151068048086017
601,SingleLineInfilling/HumanEval/117/L1,HumanEval/117,L1,<=8,best_simple_length_policy,ok,True,7,7,0,0,lcal_official_bounded_repair,base,none,True,,,6e02953aefaca7a814e9fb5221f508ea102f49300d78b9bfc49644cd10726c08,2.2958368440158665,0.11925355310086161,0.5458342116326094,2.9609246087493375
602,SingleLineInfilling/HumanEval/117/L2,HumanEval/117,L2,9-12,best_simple_length_policy,ok,True,9,9,0,0,lcal_official_bounded_repair,base,none,True,,,6e02953aefaca7a814e9fb5221f508ea102f49300d78b9bfc49644cd10726c08,2.305808832985349,0.12583077210001647,0.4693679214688018,2.9010075265541673
603,SingleLineInfilling/HumanEval/117/L3,HumanEval/117,L3,9-12,best_simple_length_policy,ok,True,11,8,-3,3,lcal_official_bounded_repair,base,none,True,,,a56bf2e6a3c3153bf2a9b4be122537397394b222011fb083415422c8d735f278,1.9474545689299703,0.13635882711969316,0.504258953849785,2.5880723498994485
604,SingleLineInfilling/HumanEval/117/L4,HumanEval/117,L4,17-24,best_simple_length_policy,ok,False,20,8,-12,12,lcal_official_bounded_repair,base,none,True,UnitTestFailure,"failed: First test error: ['Mary', 'lamb']",ee8f039bd51b76e12a9703af79f41cd062c1085f0b58d99bf43fba136d79afbd,1.9393385879229754,0.1299532891716808,0.4377739893971011,2.5070658664917573
605,SingleLineInfilling/HumanEval/117/L5,HumanEval/117,L5,9-12,best_simple_length_policy,ok,True,9,9,0,0,lcal_official_bounded_repair,base,none,True,,,62dfe103670b02dcbb0750d28bd29880429c3ee047746704dce2d6108d6d413f,2.3090555380331352,0.1535237660864368,0.46463858510833234,2.9272178892279044
606,SingleLineInfilling/HumanEval/117/L6,HumanEval/117,L6,9-12,best_simple_length_policy,ok,True,9,9,0,0,lcal_official_bounded_repair,base,none,True,,,6e02953aefaca7a814e9fb5221f508ea102f49300d78b9bfc49644cd10726c08,2.317162594059482,0.14586614992003888,0.45942390197888017,2.9224526459584013
607,SingleLineInfilling/HumanEval/117/L7,HumanEval/117,L7,<=8,best_simple_length_policy,ok,True,5,5,0,0,lcal_official_bounded_repair,base,none,True,,,6e02953aefaca7a814e9fb5221f508ea102f49300d78b9bfc49644cd10726c08,2.304189551039599,0.14344722614623606,0.555355581222102,3.002992358407937
608,SingleLineInfilling/HumanEval/117/L8,HumanEval/117,L8,<=8,best_simple_length_policy,ok,True,4,3,-1,1,lcal_official_bounded_repair,base,none,True,,,f4f44749dd79d814ff5d4f4d99de4b9b77f0d6c1214279782b5d0921da241934,2.317575999069959,0.1500958021497354,0.6036072162678465,3.071279017487541
609,SingleLineInfilling/HumanEval/118/L0,HumanEval/118,L0,9-12,best_simple_length_policy,ok,True,9,9,0,0,lcal_official_bounded_repair,base,none,True,,,72b9b5cdf5422afe47829bb19ded25e45669518caa87d1957de82bb3d82b7ab4,1.9724668470444158,0.14950554200913757,0.47500777221284807,2.5969801612664014
610,SingleLineInfilling/HumanEval/118/L1,HumanEval/118,L1,<=8,best_simple_length_policy,ok,False,3,4,1,1,lcal_official_bounded_repair,base,none,True,UnitTestFailure,failed: ,5f41aeb69217b574229e01730bbe29aeb2c5e123440a2b409a1ffa4729ebdc8d,1.9432982469443232,0.1489766591694206,0.5111122220987454,2.603387128212489
611,SingleLineInfilling/HumanEval/118/L3,HumanEval/118,L3,25+,best_simple_length_policy,ok,True,33,7,-26,26,lcal_official_bounded_repair,base,none,True,,,c55fc053c4f1910781692df6e63a5621d4825e8f6fbbe1ffee650f398d0c07d8,1.914088484016247,0.15275210607796907,0.48206415330059826,2.5489047433948144
612,SingleLineInfilling/HumanEval/118/L4,HumanEval/118,L4,13-16,best_simple_length_policy,ok,False,16,8,-8,8,lcal_official_bounded_repair,base,none,True,UnitTestFailure,failed: ,fe67900d38cebef7bf6a9ba7682f9b8cfb91c76edbcf04c4953fe7a88cfb45c6,1.926766705000773,0.15428810811135918,0.46076733199879527,2.5418221451109275
613,SingleLineInfilling/HumanEval/118/L5,HumanEval/118,L5,<=8,best_simple_length_policy,ok,True,8,8,0,0,lcal_official_bounded_repair,base,none,True,,,b240051f0c0d97476aac681f493c8d8855781689f4728a55bd49b7a4ac7b0da4,1.931738481973298,0.14923018496483564,0.4647668730467558,2.5457355399848893
614,SingleLineInfilling/HumanEval/118/L6,HumanEval/118,L6,17-24,best_simple_length_policy,ok,True,23,20,-3,3,lcal_official_bounded_repair,strong_correction,strong_base_len,True,,,1291823861666f05d9dd07e1276acafaac68c9cd73ff8fcb185971f434ecabdd,1.9723748289979994,0.15467487194109708,0.465721906744875,2.5927716076839715
615,SingleLineInfilling/HumanEval/118/L7,HumanEval/118,L7,<=8,best_simple_length_policy,ok,True,5,5,0,0,lcal_official_bounded_repair,base,none,True,,,b240051f0c0d97476aac681f493c8d8855781689f4728a55bd49b7a4ac7b0da4,1.9497743230313063,0.15924318495672196,0.5466007532086223,2.6556182611966506
616,SingleLineInfilling/HumanEval/118/L8,HumanEval/118,L8,<=8,best_simple_length_policy,ok,True,3,3,0,0,lcal_official_bounded_repair,base,none,True,,,b240051f0c0d97476aac681f493c8d8855781689f4728a55bd49b7a4ac7b0da4,1.9558468529721722,0.15349094499833882,0.528593446710147,2.637931244680658
617,SingleLineInfilling/HumanEval/119/L0,HumanEval/119,L0,<=8,best_simple_length_policy,ok,True,5,7,2,2,lcal_official_bounded_repair,official_bounded_repair,none,True,,,d95bb1dc21f897052c0c595cbc0ebeb2191dc719bf0bcf2b249cc8e8fca70c9c,2.3244853529613465,0.153098733862862,0.5120720490813255,2.989656135905534
618,SingleLineInfilling/HumanEval/119/L1,HumanEval/119,L1,<=8,best_simple_length_policy,ok,True,6,6,0,0,lcal_official_bounded_repair,base,none,True,,,f33159357ff6dea5acd672145da3303a471271f4d35835f0de254ed3c0b60c3e,2.3435882999328896,0.1558363171061501,0.5789380816277117,3.0783626986667514
619,SingleLineInfilling/HumanEval/119/L2,HumanEval/119,L2,<=8,best_simple_length_policy,ok,True,6,6,0,0,lcal_official_bounded_repair,base,none,True,,,f33159357ff6dea5acd672145da3303a471271f4d35835f0de254ed3c0b60c3e,2.321323119918816,0.1492962579941377,0.5129116852767766,2.98353106318973
620,SingleLineInfilling/HumanEval/119/L3,HumanEval/119,L3,<=8,best_simple_length_policy,ok,True,6,6,0,0,lcal_official_bounded_repair,base,none,True,,,f33159357ff6dea5acd672145da3303a471271f4d35835f0de254ed3c0b60c3e,2.3169528680155054,0.14614970691036433,0.494296723860316,2.9573992987861857
621,SingleLineInfilling/HumanEval/119/L4,HumanEval/119,L4,<=8,best_simple_length_policy,ok,True,8,8,0,0,lcal_official_bounded_repair,base,none,True,,,f33159357ff6dea5acd672145da3303a471271f4d35835f0de254ed3c0b60c3e,2.336262059980072,0.14382048789411783,0.46490966295823455,2.9449922108324245
622,SingleLineInfilling/HumanEval/119/L5,HumanEval/119,L5,<=8,best_simple_length_policy,ok,True,3,6,3,3,lcal_official_bounded_repair,official_bounded_repair,none,True,,,04586b9a303d2d4083a450330e6cd46bbd0a0eb69c8be2145effa455e8a45c48,2.31502580398228,0.1517655289499089,0.5481289840536192,3.0149203169858083
623,SingleLineInfilling/HumanEval/119/L6,HumanEval/119,L6,<=8,best_simple_length_policy,ok,True,8,8,0,0,lcal_official_bounded_repair,base,none,True,,,f33159357ff6dea5acd672145da3303a471271f4d35835f0de254ed3c0b60c3e,2.322580877924338,0.14559272106271237,0.4672675464535132,2.9354411454405636
624,SingleLineInfilling/HumanEval/119/L7,HumanEval/119,L7,<=8,best_simple_length_policy,ok,True,7,7,0,0,lcal_official_bounded_repair,base,none,True,,,f33159357ff6dea5acd672145da3303a471271f4d35835f0de254ed3c0b60c3e,2.323637621011585,0.15632408391684294,0.5564535009907559,3.036415205919184
625,SingleLineInfilling/HumanEval/119/L8,HumanEval/119,L8,<=8,best_simple_length_policy,ok,True,4,4,0,0,lcal_official_bounded_repair,base,none,True,,,f33159357ff6dea5acd672145da3303a471271f4d35835f0de254ed3c0b60c3e,2.312464026035741,0.1468198619550094,0.5163699941476807,2.975653882138431
626,SingleLineInfilling/HumanEval/119/L9,HumanEval/119,L9,9-12,best_simple_length_policy,ok,True,11,6,-5,5,lcal_official_bounded_repair,base,none,True,,,12fbf0a48bb51c16d1afb71430fd5a4e865d80a13f5ec3c3370d334e61cb374b,2.323425665963441,0.14231260190717876,0.4981470979982987,2.9638853658689186
627,SingleLineInfilling/HumanEval/119/L11,HumanEval/119,L11,13-16,best_simple_length_policy,ok,True,13,13,0,0,lcal_official_bounded_repair,strong_correction,strong_base_len,True,,,f33159357ff6dea5acd672145da3303a471271f4d35835f0de254ed3c0b60c3e,2.319604765973054,0.15281801589298993,0.4668579548597336,2.9392807367257774
628,SingleLineInfilling/HumanEval/119/L12,HumanEval/119,L12,13-16,best_simple_length_policy,ok,True,13,13,0,0,lcal_official_bounded_repair,strong_correction,strong_base_len,True,,,f33159357ff6dea5acd672145da3303a471271f4d35835f0de254ed3c0b60c3e,2.3328092199517414,0.1479884769069031,0.45654764119535685,2.9373453380540013
629,SingleLineInfilling/HumanEval/119/L13,HumanEval/119,L13,17-24,best_simple_length_policy,ok,True,19,24,5,5,lcal_official_bounded_repair,strong_correction,strong_base_len,True,,,77a87829f214b8890f4497f27a374c630d040fc99ac8278a8ddd077cb49a5020,2.3573334260145202,0.15536226204130799,0.4574997542658821,2.9701954423217103
630,SingleLineInfilling/HumanEval/120/L0,HumanEval/120,L0,<=8,best_simple_length_policy,ok,True,7,7,0,0,lcal_official_bounded_repair,official_bounded_repair,none,True,,,092048e7ebd48560a77ea8077dd675a8be2323522f5a9a6d8a4a7d302b69a08d,1.928330946015194,0.15106565784662962,0.5045086046447977,2.5839052085066214
631,SingleLineInfilling/HumanEval/120/L1,HumanEval/120,L1,<=8,best_simple_length_policy,ok,False,3,14,11,11,lcal_official_bounded_repair,strong_correction,strong_base_len,True,UnitTestFailure,failed: ,5a59dda0576b938dcd4df4e4563f7c38a5182f3773dbaf32e0697d7d53da02cf,2.338792135939002,0.1522322230739519,0.4578552447492257,2.9488796037621796
632,SingleLineInfilling/HumanEval/120/L2,HumanEval/120,L2,<=8,best_simple_length_policy,ok,True,4,4,0,0,lcal_official_bounded_repair,base,none,True,,,c7223ed63e8da56fc5c76a3ed76e3b33606f192abb9fcc5f79999a7313515fa7,1.9309757039882243,0.1469022239325568,0.5148600226966664,2.5927379506174475
633,SingleLineInfilling/HumanEval/120/L3,HumanEval/120,L3,<=8,best_simple_length_policy,ok,True,7,7,0,0,lcal_official_bounded_repair,base,none,True,,,c7223ed63e8da56fc5c76a3ed76e3b33606f192abb9fcc5f79999a7313515fa7,1.9545061769895256,0.14894242386799306,0.5382562226150185,2.641704823472537
634,SingleLineInfilling/HumanEval/120/L4,HumanEval/120,L4,<=8,best_simple_length_policy,ok,True,4,8,4,4,lcal_official_bounded_repair,official_bounded_repair,none,True,,,a00d1567344b55f4faa60a8dbb330390c9d32b06a630c8a60f22d1369aab719c,1.9389015170745552,0.14029015321284533,0.45918684417847544,2.538378514465876
635,SingleLineInfilling/HumanEval/121/L0,HumanEval/121,L0,25+,best_simple_length_policy,ok,False,26,9,-17,17,lcal_official_bounded_repair,base,none,True,UnitTestFailure,failed: ,535be1356a2ae46877fbee576922d63a7f383483e904ab34e313ff79c61f435f,1.5875473449705169,0.15037257003132254,0.4611651881132275,2.199085103115067
636,SingleLineInfilling/HumanEval/122/L0,HumanEval/122,L0,17-24,best_simple_length_policy,ok,False,20,7,-13,13,lcal_official_bounded_repair,base,none,True,UnitTestFailure,failed: ,f821c8051dce380a63f1243da120b6c633efd96125e64852f4628f8a04321d6e,1.853443104075268,0.15872178401332349,0.47366711706854403,2.4858320051571354
637,SingleLineInfilling/HumanEval/123/L0,HumanEval/123,L0,<=8,best_simple_length_policy,ok,True,8,10,2,2,lcal_official_bounded_repair,base,none,True,,,8f5eddbd1f3726918f1a5147710b4401e2a2133da8ab6e5c2fe820c003454675,2.4181070280028507,0.15047539910301566,0.5059250093763694,3.074507436482236
638,SingleLineInfilling/HumanEval/123/L1,HumanEval/123,L1,<=8,best_simple_length_policy,ok,False,7,8,1,1,lcal_official_bounded_repair,base,none,True,UnitTestFailure,failed: ,af97e4b72b7a8ec18800751c6cbfb43f648bd277c6f2f358cdf2c631c2984dfb,2.3997661129105836,0.15514887473545969,0.46235647634603083,3.017271463992074
639,SingleLineInfilling/HumanEval/123/L2,HumanEval/123,L2,<=8,best_simple_length_policy,ok,True,3,8,5,5,lcal_official_bounded_repair,official_bounded_repair,none,True,,,001f18ab1832b22bd4a3f285314b5d817c3e833ec2ef81814b7f842453231db6,2.5815017740242183,0.1534090630011633,0.4646312486147508,3.1995420856401324
640,SingleLineInfilling/HumanEval/123/L3,HumanEval/123,L3,<=8,best_simple_length_policy,ok,True,8,8,0,0,lcal_official_bounded_repair,base,none,True,,,25dcfd7416a60ffeb4d6d40d8c01baf4da7bc0f1a564bd268c9a413fbf5d8409,2.380525564076379,0.14510972297284752,0.4601400267565623,2.9857753138057888
641,SingleLineInfilling/HumanEval/123/L4,HumanEval/123,L4,<=8,best_simple_length_policy,ok,True,7,6,-1,1,lcal_official_bounded_repair,base,none,True,,,bb6c8f8a904d38de715182b8c6480442b3d2f6f3f6454c1f7ef9cc7a3a431ccb,2.409918340970762,0.1572365699103102,0.4662407727446407,3.033395683625713
642,SingleLineInfilling/HumanEval/123/L5,HumanEval/123,L5,9-12,best_simple_length_policy,ok,True,10,8,-2,2,lcal_official_bounded_repair,base,none,True,,,888f4c4d5068072a314ac14fecfd7ecd4687f97b1ac0b3412b0f15ef63bc24a1,2.392750123050064,0.15685267793014646,0.46863968821708113,3.0182424891972914
643,SingleLineInfilling/HumanEval/123/L6,HumanEval/123,L6,<=8,best_simple_length_policy,ok,True,7,7,0,0,lcal_official_bounded_repair,base,none,True,,,95f1c23dd3f5caa17218238727d9b9581a1d6fe8348c113fc523f89e9c2b76e8,2.3821336289402097,0.15158449194859713,0.4810511948307976,3.0147693157196045
644,SingleLineInfilling/HumanEval/123/L7,HumanEval/123,L7,<=8,best_simple_length_policy,ok,True,3,3,0,0,lcal_official_bounded_repair,base,none,True,,,95f1c23dd3f5caa17218238727d9b9581a1d6fe8348c113fc523f89e9c2b76e8,2.367812034091912,0.1550067599164322,0.48880063625983894,3.0116194302681834
645,SingleLineInfilling/HumanEval/123/L8,HumanEval/123,L8,9-12,best_simple_length_policy,ok,True,10,8,-2,2,lcal_official_bounded_repair,base,none,True,,,b8a19a0d37049257a9f37854377d2a085670e328198f1c36955bf17ff6bdc05a,2.4089876340003684,0.15046136092860252,0.5312468886841089,3.09069588361308
646,SingleLineInfilling/HumanEval/123/L10,HumanEval/123,L10,9-12,best_simple_length_policy,ok,False,9,4,-5,5,lcal_official_bounded_repair,base,none,True,UnitTestFailure,failed: ,294c5471d8d4a7faa7f8fdbcf316396893005dadfe0cc53c81494bd3e96cc992,2.3908189970534295,0.1541187568800524,0.4990418036468327,3.0439795575803146
647,SingleLineInfilling/HumanEval/123/L11,HumanEval/123,L11,<=8,best_simple_length_policy,ok,False,8,6,-2,2,lcal_official_bounded_repair,base,none,True,UnitTestFailure,failed: 'float' object is not iterable,7afb8ec8b91016a55e5d33313aa27edc5c42ec20c2240e26453e48b56ec34d10,2.3927094700047746,0.15690759907010943,0.5309174802387133,3.0805345493135974
648,SingleLineInfilling/HumanEval/123/L13,HumanEval/123,L13,<=8,best_simple_length_policy,ok,True,8,8,0,0,lcal_official_bounded_repair,official_bounded_repair,none,True,,,95f1c23dd3f5caa17218238727d9b9581a1d6fe8348c113fc523f89e9c2b76e8,2.395701347035356,0.14880729699507356,0.46145862189587206,3.0059672659263015
649,SingleLineInfilling/HumanEval/124/L0,HumanEval/124,L0,<=8,best_simple_length_policy,ok,True,3,3,0,0,lcal_official_bounded_repair,base,none,True,,,f772c12dd65dbc4b953db2989bce5e516dbee440b8530862e67c87dc4a5d8bbf,2.6976779300021008,0.14757139410357922,0.5364544265903533,3.3817037506960332
650,SingleLineInfilling/HumanEval/124/L1,HumanEval/124,L1,<=8,best_simple_length_policy,ok,True,6,3,-3,3,lcal_official_bounded_repair,base,none,True,,,4f1495e3863418a1ff9051751377d75a05c02ac0600cf084a7b5e6df5de078f6,2.7002045590197667,0.13845413399394602,0.553179019712843,3.3918377127265558
651,SingleLineInfilling/HumanEval/124/L2,HumanEval/124,L2,9-12,best_simple_length_policy,ok,True,11,11,0,0,lcal_official_bounded_repair,base,none,True,,,318a4943910c16b3ff8fb79b2657c29ee14b27279ef9f7ed6da3f2ded1848820,2.6931604840792716,0.15386785694863647,0.517916499171406,3.364944840199314
652,SingleLineInfilling/HumanEval/124/L3,HumanEval/124,L3,13-16,best_simple_length_policy,ok,False,16,8,-8,8,lcal_official_bounded_repair,base,none,True,UnitTestFailure,failed: ,8862ccc9558074e8057f89c6bee693dea2f1ae9ebe1be27a720ba3e69faf82d2,2.6962176259839907,0.14479386201128364,0.46059357782360166,3.301605065818876
653,SingleLineInfilling/HumanEval/124/L4,HumanEval/124,L4,13-16,best_simple_length_policy,ok,True,13,13,0,0,lcal_official_bounded_repair,strong_correction,strong_base_len,True,,,318a4943910c16b3ff8fb79b2657c29ee14b27279ef9f7ed6da3f2ded1848820,2.7362465410260484,0.15268844296224415,0.4590781460283324,3.348013130016625
654,SingleLineInfilling/HumanEval/124/L5,HumanEval/124,L5,<=8,best_simple_length_policy,ok,False,4,20,16,16,lcal_official_bounded_repair,official_long_suspicion,none,True,UnitTestFailure,failed: ,e41f3543e6ca5318d2bd47f9a56759dc7ef5afee11f9867146b81237e251b250,2.698275162023492,0.14912068797275424,0.6706026564352214,3.517998506431468
655,SingleLineInfilling/HumanEval/124/L6,HumanEval/124,L6,25+,best_simple_length_policy,ok,True,33,32,-1,1,lcal_official_bounded_repair,strong_correction,strong_base_len,True,,,298e9efbcc6a18123ff6bdbfd5dbd584e358f6a1d35ce23df649d28e9c6517cb,2.748165978002362,0.14705626701470464,0.4589231234276667,3.3541453684447333
656,SingleLineInfilling/HumanEval/124/L7,HumanEval/124,L7,<=8,best_simple_length_policy,ok,True,4,4,0,0,lcal_official_bounded_repair,base,none,True,,,318a4943910c16b3ff8fb79b2657c29ee14b27279ef9f7ed6da3f2ded1848820,2.6881203930824995,0.15598376689013094,0.5149277402088046,3.359031900181435
657,SingleLineInfilling/HumanEval/124/L8,HumanEval/124,L8,25+,best_simple_length_policy,ok,True,26,24,-2,2,lcal_official_bounded_repair,strong_correction,strong_base_len,True,,,ddc45ebc6bb8eb922faa53bd274f2c90ac6626b4aad04bb066387c71127f1fb6,2.7312278510071337,0.13475282792933285,0.4613848179578781,3.3273654968943447
658,SingleLineInfilling/HumanEval/124/L9,HumanEval/124,L9,<=8,best_simple_length_policy,ok,True,4,4,0,0,lcal_official_bounded_repair,base,none,True,,,318a4943910c16b3ff8fb79b2657c29ee14b27279ef9f7ed6da3f2ded1848820,2.684304616996087,0.1474058658350259,0.5434882109984756,3.3751986938295886
659,SingleLineInfilling/HumanEval/124/L10,HumanEval/124,L10,17-24,best_simple_length_policy,ok,True,18,13,-5,5,lcal_official_bounded_repair,strong_correction,strong_base_len,True,,,02a6f644df7c395e77177cfebe91a5a5c04ca0f23a23640c215c12c8a3a1da7f,2.7044466549996287,0.14134854602161795,0.4609951340826228,3.3067903351038694
660,SingleLineInfilling/HumanEval/124/L11,HumanEval/124,L11,<=8,best_simple_length_policy,ok,True,4,11,7,7,lcal_official_bounded_repair,official_mid_rescue,none,True,,,e89e5dbdf826434b74c5fc2b46d0f101c90ee23dc0d8bc3306f7bc22be75636c,2.7278321320191026,0.1588719980791211,0.5223686958197504,3.409072825917974
661,SingleLineInfilling/HumanEval/124/L12,HumanEval/124,L12,<=8,best_simple_length_policy,ok,True,3,8,5,5,lcal_official_bounded_repair,official_bounded_repair,none,True,,,ce74c8adf718365e3fed80515d981261981c30187d93aba3c5aa27b8e4c52bc6,2.7125722800847143,0.15133250399958342,0.45652569318190217,3.3204304772662
662,SingleLineInfilling/HumanEval/124/L13,HumanEval/124,L13,<=8,best_simple_length_policy,ok,False,4,16,12,12,lcal_official_bounded_repair,official_long_suspicion,none,True,UnitTestFailure,failed: ,eb09fe9e04d0fb92b313ee968997b34038aedce93733e1f51519e6eaa68727cd,2.6742848699213937,0.1461633499711752,0.6114058529492468,3.4318540728418157
663,SingleLineInfilling/HumanEval/124/L15,HumanEval/124,L15,<=8,best_simple_length_policy,ok,True,4,3,-1,1,lcal_official_bounded_repair,base,none,True,,,4e74caf1b14c2741847e3ccc6d1ab1b147820814cb8d86f0ce0076552b67540b,2.690201530000195,0.1464932559756562,0.5244042178383097,3.361099003814161
664,SingleLineInfilling/HumanEval/125/L0,HumanEval/125,L0,<=8,best_simple_length_policy,ok,True,7,7,0,0,lcal_official_bounded_repair,base,none,True,,,ebbec5e03b007a734ba9bada222e806c3f5a1767b218f8fbde6cd96d27caae28,1.856413153000176,0.1487502520903945,0.5459817695664242,2.5511451746569946
665,SingleLineInfilling/HumanEval/125/L1,HumanEval/125,L1,<=8,best_simple_length_policy,ok,True,5,5,0,0,lcal_official_bounded_repair,base,none,True,,,1bb3d6e82bbefe63ade40e0641feefca720127f4e4e57fc441730d225bb1cf87,1.8664705229457468,0.1383887919364497,0.5322235638741404,2.537082878756337
666,SingleLineInfilling/HumanEval/125/L2,HumanEval/125,L2,<=8,best_simple_length_policy,ok,True,6,6,0,0,lcal_official_bounded_repair,base,none,True,,,1bb3d6e82bbefe63ade40e0641feefca720127f4e4e57fc441730d225bb1cf87,1.8512551710009575,0.16131358302664012,0.5603428456233814,2.572911599650979
667,SingleLineInfilling/HumanEval/125/L3,HumanEval/125,L3,9-12,best_simple_length_policy,ok,True,9,5,-4,4,lcal_official_bounded_repair,base,none,True,,,14576202ad3228929b719c41678276ac1b7d5650b90d0d9fc878408828cf1ca7,1.8492492550285533,0.14981471106875688,0.5043597955955192,2.5034237616928294
668,SingleLineInfilling/HumanEval/125/L4,HumanEval/125,L4,<=8,best_simple_length_policy,ok,True,3,3,0,0,lcal_official_bounded_repair,base,none,True,,,1bb3d6e82bbefe63ade40e0641feefca720127f4e4e57fc441730d225bb1cf87,1.8612986350199208,0.1579503589309752,0.5385129993082955,2.5577619932591915
669,SingleLineInfilling/HumanEval/125/L5,HumanEval/125,L5,17-24,best_simple_length_policy,ok,False,23,5,-18,18,lcal_official_bounded_repair,base,none,True,UnitTestFailure,failed: ,67d81bf4b83ed16fa0282a19f2d4e636526aa643e484cc94050101930cf8510f,1.870679780957289,0.16097260999958962,0.5189955290406942,2.550647919997573
670,SingleLineInfilling/HumanEval/126/L0,HumanEval/126,L0,13-16,best_simple_length_policy,ok,False,16,6,-10,10,lcal_official_bounded_repair,official_bounded_repair,none,True,UnitTestFailure,failed: name 'Counter' is not defined,9a1920c5a6a9aedfcbd82516c63d7eb6aa3fbfb1805394b097888854979bddbd,2.390043626073748,0.14246363600250334,0.5208589306566864,3.0533661927329376
671,SingleLineInfilling/HumanEval/126/L1,HumanEval/126,L1,<=8,best_simple_length_policy,ok,True,6,6,0,0,lcal_official_bounded_repair,base,none,True,,,e811679db814937a48646b2a460a4dc15be80544e6dc69cfc0da899525038b9c,2.5893241829471663,0.1365738270105794,0.5337953859707341,3.2596933959284797
672,SingleLineInfilling/HumanEval/126/L2,HumanEval/126,L2,<=8,best_simple_length_policy,ok,True,7,9,2,2,lcal_official_bounded_repair,base,none,True,,,6a84a1753a1ec0615fd07bdaf6ee92aff4d023f63f708863cd372ba0dae4ae72,2.6183761110296473,0.15210201498121023,0.48141185112763196,3.2518899771384895
673,SingleLineInfilling/HumanEval/126/L3,HumanEval/126,L3,13-16,best_simple_length_policy,ok,False,15,3,-12,12,lcal_official_bounded_repair,base,none,True,UnitTestFailure,failed: ,efb7e128e52c5b263fe4809163a390fd8cb6411990736058749289095a4d09d2,2.390279432060197,0.1503179979044944,0.5101586148375645,3.050756044802256
674,SingleLineInfilling/HumanEval/126/L4,HumanEval/126,L4,<=8,best_simple_length_policy,ok,False,4,8,4,4,lcal_official_bounded_repair,base,none,True,UnitTestFailure,failed: ,6705105179e7e7ff5c648d5460946876c64ca33732c8291197307702f7468e50,2.6089200280839577,0.15039019600953907,0.4735807767137885,3.2328910008072853
675,SingleLineInfilling/HumanEval/126/L5,HumanEval/126,L5,17-24,best_simple_length_policy,ok,True,22,7,-15,15,lcal_official_bounded_repair,base,none,True,,,37bc00c1eb82cfcb80a357cd3d96c5eaefa6ed05dbaba8f35e85b8f82d90ce97,2.385982329957187,0.15225659089628607,0.5047537989448756,3.042992719798349
676,SingleLineInfilling/HumanEval/126/L6,HumanEval/126,L6,<=8,best_simple_length_policy,ok,True,4,17,13,13,lcal_official_bounded_repair,official_long_suspicion,none,True,,,687c9439fd4179828d240f5fc44d09bac6e8d5dafa7b495f54a22b9de756f445,2.6363313150359318,0.15153699298389256,0.6231830631149933,3.4110513711348176
677,SingleLineInfilling/HumanEval/126/L7,HumanEval/126,L7,<=8,best_simple_length_policy,ok,True,3,3,0,0,lcal_official_bounded_repair,base,none,True,,,e811679db814937a48646b2a460a4dc15be80544e6dc69cfc0da899525038b9c,2.577292178058997,0.1521546629955992,0.5518791940994561,3.281326035154052
678,SingleLineInfilling/HumanEval/126/L8,HumanEval/126,L8,<=8,best_simple_length_policy,ok,True,4,22,18,18,lcal_official_bounded_repair,official_long_suspicion,none,True,,,83991aff1893d0d6b234b08320eb0eb415f8c098c910d8eb1950153575133b8c,2.6609868849627674,0.15764505497645587,0.715749635361135,3.5343815753003582
679,SingleLineInfilling/HumanEval/127/L0,HumanEval/127,L0,<=8,best_simple_length_policy,ok,True,6,6,0,0,lcal_official_bounded_repair,base,none,True,,,1f689b98fa321c9cbff730e1a5c9c6eee8015d637267ab4d1857ca68851f61a0,2.6274454259546474,0.14820917590986937,0.5047002988867462,3.280354900751263
680,SingleLineInfilling/HumanEval/127/L1,HumanEval/127,L1,9-12,best_simple_length_policy,ok,False,12,5,-7,7,lcal_official_bounded_repair,base,none,True,UnitTestFailure,failed: ,45443323aefcde28d941501239b3ee42c1c27a88ab60ebc7872961431f892ef1,2.6144506280543283,0.15810436801984906,0.5322404482867569,3.304795444360934
681,SingleLineInfilling/HumanEval/127/L2,HumanEval/127,L2,<=8,best_simple_length_policy,ok,True,4,4,0,0,lcal_official_bounded_repair,base,none,True,,,7f0951c87fe5bcba20b3cd92de2b99fd910f784b402c745644247643cc1052b2,2.6091174809262156,0.14238411106634885,0.5623779750894755,3.31387956708204
682,SingleLineInfilling/HumanEval/127/L3,HumanEval/127,L3,<=8,best_simple_length_policy,ok,True,7,12,5,5,lcal_official_bounded_repair,base,none,True,,,c81713f727bbc51430c080984b8765ef395d1d7aca5e35e5a919f10c860e3632,2.6397129360120744,0.15105321304872632,0.5341329561779276,3.3248991052387282
683,SingleLineInfilling/HumanEval/127/L4,HumanEval/127,L4,<=8,best_simple_length_policy,ok,True,4,15,11,11,lcal_official_bounded_repair,strong_correction,strong_base_len,True,,,6c69c751b247f190b2dccd90ebc2920eb3045772166a4f5c0e169ee5258adc24,2.6560411179671064,0.15038632205687463,0.46340493217576295,3.269832372199744
684,SingleLineInfilling/HumanEval/127/L5,HumanEval/127,L5,9-12,best_simple_length_policy,ok,True,10,10,0,0,lcal_official_bounded_repair,base,none,True,,,7f0951c87fe5bcba20b3cd92de2b99fd910f784b402c745644247643cc1052b2,2.6322064889827743,0.1565964239416644,0.5146722538629547,3.3034751667873934
685,SingleLineInfilling/HumanEval/127/L6,HumanEval/127,L6,<=8,best_simple_length_policy,ok,True,8,9,1,1,lcal_official_bounded_repair,base,none,True,,,90e2f4f119fc929149adf7439ea513e05f763af36a83d21d625eff6ab6ce79ad,2.627533387974836,0.14992894395254552,0.5155377580085769,3.2930000899359584
686,SingleLineInfilling/HumanEval/127/L7,HumanEval/127,L7,<=8,best_simple_length_policy,ok,True,4,4,0,0,lcal_official_bounded_repair,base,none,True,,,7f0951c87fe5bcba20b3cd92de2b99fd910f784b402c745644247643cc1052b2,2.62659714394249,0.14178454806096852,0.5184998367913067,3.2868815287947655
687,SingleLineInfilling/HumanEval/127/L8,HumanEval/127,L8,<=8,best_simple_length_policy,ok,True,4,3,-1,1,lcal_official_bounded_repair,base,none,True,,,eba7559c8a1fb7e85137b3d64d99dbd0f3f644ef48ccd46054eec4787356bec4,2.621669551008381,0.13135579915251583,0.5336490789195523,3.286674429080449
688,SingleLineInfilling/HumanEval/127/L10,HumanEval/127,L10,13-16,best_simple_length_policy,ok,True,14,14,0,0,lcal_official_bounded_repair,strong_correction,strong_base_len,True,,,7f0951c87fe5bcba20b3cd92de2b99fd910f784b402c745644247643cc1052b2,2.649282931932248,0.12413230515085161,0.46701547410339117,3.240430711186491
689,SingleLineInfilling/HumanEval/127/L11,HumanEval/127,L11,13-16,best_simple_length_policy,ok,True,14,14,0,0,lcal_official_bounded_repair,strong_correction,strong_base_len,True,,,7f0951c87fe5bcba20b3cd92de2b99fd910f784b402c745644247643cc1052b2,2.636617032927461,0.14454074192326516,0.4431194883072749,3.224277263158001
690,SingleLineInfilling/HumanEval/127/L12,HumanEval/127,L12,<=8,best_simple_length_policy,ok,False,7,10,3,3,lcal_official_bounded_repair,base,none,True,UnitTestFailure,failed: ,bad866389e20390d500ef0b12276a9882095a2deca8163b6bf3d8a973ab65677,2.6146946899825707,0.12247100996319205,0.4858089657500386,3.2229746656958014
691,SingleLineInfilling/HumanEval/127/L13,HumanEval/127,L13,9-12,best_simple_length_policy,ok,False,11,6,-5,5,lcal_official_bounded_repair,base,none,True,UnitTestFailure,failed: ,70b7a632851cf47f4b24df84c659d5d3fddb3d2c6159fcc41e8d776239c1fc54,2.620470208930783,0.14239118911791593,0.5027719474164769,3.265633345465176
692,SingleLineInfilling/HumanEval/127/L14,HumanEval/127,L14,<=8,best_simple_length_policy,ok,True,5,5,0,0,lcal_official_bounded_repair,base,none,True,,,7f0951c87fe5bcba20b3cd92de2b99fd910f784b402c745644247643cc1052b2,2.6084445429733023,0.1395003170473501,0.5137095287209377,3.26165438874159
693,SingleLineInfilling/HumanEval/127/L15,HumanEval/127,L15,<=8,best_simple_length_policy,ok,True,5,8,3,3,lcal_official_bounded_repair,base,none,True,,,c2cd27ec551b0253dc44379b8873bc068c6d533db48b148f5ec682eb63197ed2,2.6345920820022,0.1513366539729759,0.446532242000103,3.232460977975279
694,SingleLineInfilling/HumanEval/128/L0,HumanEval/128,L0,<=8,best_simple_length_policy,ok,True,8,13,5,5,lcal_official_bounded_repair,official_mid_rescue,none,True,,,a294916aa9e8c998d582e4e89d76c96a3007a8105747a931109ada2bda9962bc,1.8710923020262271,0.12468864605762064,0.5394261770416051,2.535207125125453
695,SingleLineInfilling/HumanEval/128/L1,HumanEval/128,L1,25+,best_simple_length_policy,ok,False,28,13,-15,15,lcal_official_bounded_repair,official_mid_rescue,none,True,UnitTestFailure,failed: local variable 'prod' referenced before assignment,87e75bce1768fe1aeba1bc152b967cdc97bf0479a30059e77d2e484a8d68b40d,1.8411745690973476,0.15114752401132137,0.5256673728581518,2.5179894659668207
696,SingleLineInfilling/HumanEval/128/L2,HumanEval/128,L2,13-16,best_simple_length_policy,ok,False,14,3,-11,11,lcal_official_bounded_repair,base,none,True,UnitTestFailure,failed: ,68cff2eadb65fa18849df8ffeb19df3f910f395f0decab3d458e47599f8a7652,1.843572701094672,0.14910281414631754,0.6024062391370535,2.595081754378043
697,SingleLineInfilling/HumanEval/129/L0,HumanEval/129,L0,<=8,best_simple_length_policy,ok,True,6,6,0,0,lcal_official_bounded_repair,base,none,True,,,83c269a687b8016538c39f3032448a81e202b8b677afd37cb6c4b116325054e8,3.444989465060644,0.15458482294343412,0.5850544925779104,4.184628780581988
698,SingleLineInfilling/HumanEval/129/L1,HumanEval/129,L1,9-12,best_simple_length_policy,ok,True,10,6,-4,4,lcal_official_bounded_repair,base,none,True,,,6896217adce86b9a31a9939e3550d721fe15c39778a690af071ed313873be771,3.4271303560817614,0.1514574809698388,0.5708503709174693,4.1494382079690695
699,SingleLineInfilling/HumanEval/129/L2,HumanEval/129,L2,<=8,best_simple_length_policy,ok,True,7,7,0,0,lcal_official_bounded_repair,base,none,True,,,45acb3c894f9cb3e0315a3f6c78cfc56b18fd32132839f58248aa6e0a7f1841c,3.4424264890840277,0.14701422699727118,0.5758695503463969,4.165310266427696
700,SingleLineInfilling/HumanEval/129/L3,HumanEval/129,L3,<=8,best_simple_length_policy,ok,True,7,7,0,0,lcal_official_bounded_repair,base,none,True,,,45acb3c894f9cb3e0315a3f6c78cfc56b18fd32132839f58248aa6e0a7f1841c,3.4405407819431275,0.16329491208307445,0.4930552139412612,4.096890907967463
701,SingleLineInfilling/HumanEval/129/L4,HumanEval/129,L4,9-12,best_simple_length_policy,ok,True,11,11,0,0,lcal_official_bounded_repair,base,none,True,,,45acb3c894f9cb3e0315a3f6c78cfc56b18fd32132839f58248aa6e0a7f1841c,3.4542034149635583,0.1378796249628067,0.5482994129415601,4.140382452867925
702,SingleLineInfilling/HumanEval/129/L5,HumanEval/129,L5,<=8,best_simple_length_policy,ok,True,4,6,2,2,lcal_official_bounded_repair,official_bounded_repair,none,True,,,7e5ab905e93b467ed2ddfd6016dc4cd23c4eb7a29ca83d1d69c6103bb30045a3,3.4605623619863763,0.14468885702081025,0.5578696760348976,4.163120895042084
703,SingleLineInfilling/HumanEval/129/L6,HumanEval/129,L6,<=8,best_simple_length_policy,ok,True,7,7,0,0,lcal_official_bounded_repair,base,none,True,,,45acb3c894f9cb3e0315a3f6c78cfc56b18fd32132839f58248aa6e0a7f1841c,3.459252323023975,0.13754997006617486,0.5800019409507513,4.176804234040901
704,SingleLineInfilling/HumanEval/129/L7,HumanEval/129,L7,9-12,best_simple_length_policy,ok,True,11,14,3,3,lcal_official_bounded_repair,strong_correction,strong_base_len,True,,,2c99787e525ccde154f74c56498b47475c2e813697ba00ff9d57bf70ba480c1a,3.4659108120249584,0.13558460015337914,0.4597653467208147,4.061260758899152
705,SingleLineInfilling/HumanEval/129/L9,HumanEval/129,L9,<=8,best_simple_length_policy,ok,True,7,7,0,0,lcal_official_bounded_repair,base,none,True,,,45acb3c894f9cb3e0315a3f6c78cfc56b18fd32132839f58248aa6e0a7f1841c,3.429659788031131,0.13704470510128886,0.5424654419766739,4.109169935109094
706,SingleLineInfilling/HumanEval/129/L10,HumanEval/129,L10,9-12,best_simple_length_policy,ok,True,11,14,3,3,lcal_official_bounded_repair,strong_correction,strong_base_len,True,,,1a0b29cf5a8cc127526e43327e11b5c723a08e67e17c5301f26c1f0d078e179b,3.4569714299868792,0.12534778495319188,0.45727177360095084,4.039590988541022
707,SingleLineInfilling/HumanEval/129/L12,HumanEval/129,L12,9-12,best_simple_length_policy,ok,True,9,9,0,0,lcal_official_bounded_repair,base,none,True,,,45acb3c894f9cb3e0315a3f6c78cfc56b18fd32132839f58248aa6e0a7f1841c,3.485451373970136,0.14299266401212662,0.4658212118083611,4.094265249790624
708,SingleLineInfilling/HumanEval/129/L13,HumanEval/129,L13,9-12,best_simple_length_policy,ok,True,11,12,1,1,lcal_official_bounded_repair,base,none,True,,,90f51a5ffb32f790d13dbee590e38cb242782116d990697027e7674ae73015b8,3.4474227250320837,0.14594666881021112,0.5569212248083204,4.150290618650615
709,SingleLineInfilling/HumanEval/129/L15,HumanEval/129,L15,9-12,best_simple_length_policy,ok,True,9,9,0,0,lcal_official_bounded_repair,base,none,True,,,45acb3c894f9cb3e0315a3f6c78cfc56b18fd32132839f58248aa6e0a7f1841c,3.4335334470961243,0.1254499030765146,0.48102541523985565,4.0400087654124945
710,SingleLineInfilling/HumanEval/129/L16,HumanEval/129,L16,9-12,best_simple_length_policy,ok,False,11,13,2,2,lcal_official_bounded_repair,strong_correction,strong_base_len,True,UnitTestFailure,failed: ,905db79f65584d9a8fec8d064ddd730a7b085285897c13d4846f560d6e9dce45,3.463476428994909,0.126027368940413,0.4590869939420372,4.048590791877359
711,SingleLineInfilling/HumanEval/129/L18,HumanEval/129,L18,<=8,best_simple_length_policy,ok,True,6,8,2,2,lcal_official_bounded_repair,base,none,True,,,bea63901a12faa590306f2e3230a4421401b30d2f2752b15ee6a316a2f220649,3.4624051640275866,0.13229167798999697,0.4589876199606806,4.053684461978264
712,SingleLineInfilling/HumanEval/129/L20,HumanEval/129,L20,<=8,best_simple_length_policy,ok,True,4,7,3,3,lcal_official_bounded_repair,official_bounded_repair,none,True,,,60f5ac7de685cd8f9da954e1ffac4252a997d1e2b3b957658bf8de7dcf0fcc24,3.474050673074089,0.14124973502475768,0.5656307354802266,4.180931143579073
713,SingleLineInfilling/HumanEval/129/L21,HumanEval/129,L21,<=8,best_simple_length_policy,ok,True,7,7,0,0,lcal_official_bounded_repair,base,none,True,,,45acb3c894f9cb3e0315a3f6c78cfc56b18fd32132839f58248aa6e0a7f1841c,3.4403084228979424,0.15691608795896173,0.5608417376643047,4.158066248521209
714,SingleLineInfilling/HumanEval/129/L22,HumanEval/129,L22,9-12,best_simple_length_policy,ok,False,10,7,-3,3,lcal_official_bounded_repair,official_bounded_repair,none,True,UnitTestFailure,failed: ,e6b7dc71fde5e7e3d1eadcf7375fa6eb664c636b89d4b44ce3a83fb4a9ead315,3.4557748480001464,0.14191533578559756,0.5052630793070421,4.102953263092786
715,SingleLineInfilling/HumanEval/129/L23,HumanEval/129,L23,<=8,best_simple_length_policy,ok,True,6,6,0,0,lcal_official_bounded_repair,base,none,True,,,45acb3c894f9cb3e0315a3f6c78cfc56b18fd32132839f58248aa6e0a7f1841c,3.463592358981259,0.1445335050811991,0.5410961381858215,4.14922200224828
716,SingleLineInfilling/HumanEval/129/L24,HumanEval/129,L24,<=8,best_simple_length_policy,ok,True,3,3,0,0,lcal_official_bounded_repair,base,none,True,,,45acb3c894f9cb3e0315a3f6c78cfc56b18fd32132839f58248aa6e0a7f1841c,3.465767575893551,0.14776984392665327,0.49667318270076066,4.110210602520965
717,SingleLineInfilling/HumanEval/129/L25,HumanEval/129,L25,<=8,best_simple_length_policy,ok,True,5,5,0,0,lcal_official_bounded_repair,base,none,True,,,7b9cd99faadd2c1f3d06118cfcae49c80234e60513af4dce3b421a80e3a644dc,3.4795873520197347,0.15364686190150678,0.5749357362510636,4.208169950172305
718,SingleLineInfilling/HumanEval/129/L26,HumanEval/129,L26,<=8,best_simple_length_policy,ok,True,4,3,-1,1,lcal_official_bounded_repair,base,none,True,,,724d17ad0b9e660854d25cbed786ffa65390e18de98cb18ef521fe465d7e6736,3.4688736610114574,0.127959662117064,0.5283782813930884,4.12521160452161
719,SingleLineInfilling/HumanEval/130/L0,HumanEval/130,L0,<=8,best_simple_length_policy,ok,False,7,17,10,10,lcal_official_bounded_repair,official_long_suspicion,none,True,UnitTestFailure,failed: ,63e2e47b0318308eea5e9b0826cc6a36877fd71db19c22d5e64324a4876c23ae,2.6325364280492067,0.11513693502638489,0.6026366831501946,3.350310046225786
720,SingleLineInfilling/HumanEval/130/L1,HumanEval/130,L1,<=8,best_simple_length_policy,ok,True,5,20,15,15,lcal_official_bounded_repair,strong_correction,strong_base_len,True,,,433b2b668ac86e9245c847827741c10db7737f30b02b3b21a892dc2137240e0c,2.639265646925196,0.11888290487695485,0.43960153008811176,3.1977500818902627
721,SingleLineInfilling/HumanEval/130/L2,HumanEval/130,L2,9-12,best_simple_length_policy,ok,True,10,10,0,0,lcal_official_bounded_repair,base,none,True,,,7e5ab6fda7a34d78e1d04c49d1df6b4240b18ad745609cf6c3c33d389a6b798a,2.6168040179181844,0.12010749510955065,0.48565740359481424,3.2225689166225493
722,SingleLineInfilling/HumanEval/130/L3,HumanEval/130,L3,13-16,best_simple_length_policy,ok,True,13,13,0,0,lcal_official_bounded_repair,strong_correction,strong_base_len,True,,,7e5ab6fda7a34d78e1d04c49d1df6b4240b18ad745609cf6c3c33d389a6b798a,2.6035927260527387,0.13442066905554384,0.48220753867644817,3.2202209337847307
723,SingleLineInfilling/HumanEval/130/L4,HumanEval/130,L4,9-12,best_simple_length_policy,ok,True,10,24,14,14,lcal_official_bounded_repair,strong_correction,strong_base_len,True,,,3a51ed46ade515c943d895fa3cb9b8e748f2492e9e5c65624555288f96efb724,2.651454000035301,0.13926209893543273,0.44817877118475735,3.238894870155491
724,SingleLineInfilling/HumanEval/130/L5,HumanEval/130,L5,9-12,best_simple_length_policy,ok,True,12,12,0,0,lcal_official_bounded_repair,base,none,True,,,ff841712fa38a28939c9ad6eca71397fabce610a912afd5a50d27f6439f29feb,2.600591510068625,0.14290621515829116,0.5521167607512325,3.295614485978149
725,SingleLineInfilling/HumanEval/130/L6,HumanEval/130,L6,<=8,best_simple_length_policy,ok,True,3,3,0,0,lcal_official_bounded_repair,base,none,True,,,7e5ab6fda7a34d78e1d04c49d1df6b4240b18ad745609cf6c3c33d389a6b798a,2.57897965493612,0.15185538004152477,0.49626201286446303,3.2270970478421077
726,SingleLineInfilling/HumanEval/130/L7,HumanEval/130,L7,25+,best_simple_length_policy,ok,False,30,3,-27,27,lcal_official_bounded_repair,base,none,True,UnitTestFailure,failed: ,d597a149c062fe8bfa5f9bfce54d25ee00d1f0bb68df9322583d1ad9c3f7ec9c,2.3505909850355238,0.1485518499976024,0.5102400783216581,3.0093829133547843
727,SingleLineInfilling/HumanEval/130/L8,HumanEval/130,L8,<=8,best_simple_length_policy,ok,True,5,4,-1,1,lcal_official_bounded_repair,base,none,True,,,8ea6eed62cbafa67958e523e405e23310c7850d3794dd67c1508ba87250a6fdd,2.5773963880492374,0.1420234729303047,0.5000956336734816,3.219515494653024
728,SingleLineInfilling/HumanEval/131/L0,HumanEval/131,L0,<=8,best_simple_length_policy,ok,True,6,6,0,0,lcal_official_bounded_repair,base,none,True,,,d395dc2d122ec7b9a40d379b64b427d020988114e6a9e51f573b069264207bd2,1.854456614004448,0.14471669599879533,0.5809770739870146,2.580150383990258
729,SingleLineInfilling/HumanEval/131/L1,HumanEval/131,L1,<=8,best_simple_length_policy,ok,True,7,7,0,0,lcal_official_bounded_repair,base,none,True,,,a60ae2ea350ee67e74f2f668d153c44253835cdc7d2b3bada63a2e3ed49e8ff7,1.8400111189112067,0.14728398597799242,0.47569143131840974,2.462986536207609
730,SingleLineInfilling/HumanEval/131/L2,HumanEval/131,L2,<=8,best_simple_length_policy,ok,False,7,12,5,5,lcal_official_bounded_repair,official_mid_rescue,none,True,UnitTestFailure,failed: 'int' object is not iterable,dc22424bbcd17c4abd24c5443cb820e92391b5c0c578a4b140e50ee2615639fc,1.8584396080113947,0.15477844013366848,0.5248751657782122,2.5380932139232755
731,SingleLineInfilling/HumanEval/131/L3,HumanEval/131,L3,<=8,best_simple_length_policy,ok,True,8,7,-1,1,lcal_official_bounded_repair,base,none,True,,,8867eecc962082a666dec7c3530e2b5c03d24194d0121b682df077d9f0bd5581,1.8459255009656772,0.14432367589324713,0.4607802307000384,2.4510294075589627
732,SingleLineInfilling/HumanEval/131/L4,HumanEval/131,L4,9-12,best_simple_length_policy,ok,True,10,7,-3,3,lcal_official_bounded_repair,base,none,True,,,72b16901f0940d2ecc661e1ff07834b5517c589a2b74f8908329b40a047b2819,1.8470262640621513,0.15326521906536072,0.5216914741322398,2.521982957259752
733,SingleLineInfilling/HumanEval/131/L5,HumanEval/131,L5,<=8,best_simple_length_policy,ok,True,8,8,0,0,lcal_official_bounded_repair,base,none,True,,,39ef3b74c627b20d0aec4d8c7c0de8c2e01328c935e192178a50ead7d985ddbb,1.8529371930053458,0.15333644091151655,0.46411187190096825,2.4703855058178306
734,SingleLineInfilling/HumanEval/131/L6,HumanEval/131,L6,<=8,best_simple_length_policy,ok,True,6,7,1,1,lcal_official_bounded_repair,base,none,True,,,3bca5259688ea270078a2c1a4276ff3ed4f82a867d94222723534bb2c6b84f5a,1.841137966956012,0.14143006899394095,0.5009686582488939,2.483536694198847
735,SingleLineInfilling/HumanEval/131/L7,HumanEval/131,L7,<=8,best_simple_length_policy,ok,True,7,8,1,1,lcal_official_bounded_repair,base,none,True,,,e9a1041f83d1ed8003b5e8b8b917c8d5452249db37f47cdf6da0422233195368,1.8346300780540332,0.1478792818961665,0.46052849164698273,2.4430378515971825
736,SingleLineInfilling/HumanEval/131/L8,HumanEval/131,L8,<=8,best_simple_length_policy,ok,True,5,5,0,0,lcal_official_bounded_repair,base,none,True,,,a60ae2ea350ee67e74f2f668d153c44253835cdc7d2b3bada63a2e3ed49e8ff7,1.8570212579797953,0.1514003030024469,0.5690605659037828,2.577482126886025
737,SingleLineInfilling/HumanEval/131/L9,HumanEval/131,L9,<=8,best_simple_length_policy,ok,True,3,8,5,5,lcal_official_bounded_repair,official_bounded_repair,none,True,,,56fdb0fdf4b2d699a90dfdf450392c24fe4b35a8b7c48feb2071586564e8fe9d,1.8465477019781247,0.1438133199699223,0.45759990613441914,2.447960928082466
738,SingleLineInfilling/HumanEval/131/L10,HumanEval/131,L10,<=8,best_simple_length_policy,ok,True,4,3,-1,1,lcal_official_bounded_repair,base,none,True,,,801f62647088eefdcc9b26999130dd81042fbd160877869375d7bc31adc87098,1.8343008439987898,0.16047449503093958,0.5731484008720145,2.567923739901744
739,SingleLineInfilling/HumanEval/132/L0,HumanEval/132,L0,<=8,best_simple_length_policy,ok,True,7,7,0,0,lcal_official_bounded_repair,base,none,True,,,833e75c4eb1bc67f5a9d5f4c9360fee07295b777aa9bf05af39aedf9c2753666,1.9708787789568305,0.1509769770782441,0.7003571994137019,2.8222129554487765
740,SingleLineInfilling/HumanEval/132/L1,HumanEval/132,L1,<=8,best_simple_length_policy,ok,True,7,7,0,0,lcal_official_bounded_repair,base,none,True,,,2f87989d2c33d608d8e7269b0e87694e8789571fc242411ba1370d2ba6e918f2,1.947910261922516,0.15620249195490032,0.6882606812287122,2.7923734351061285
741,SingleLineInfilling/HumanEval/132/L2,HumanEval/132,L2,<=8,best_simple_length_policy,ok,True,8,8,0,0,lcal_official_bounded_repair,base,none,True,,,2f87989d2c33d608d8e7269b0e87694e8789571fc242411ba1370d2ba6e918f2,1.9557105420390144,0.15617424400988966,0.5147747033042833,2.6266594893531874
742,SingleLineInfilling/HumanEval/132/L3,HumanEval/132,L3,<=8,best_simple_length_policy,ok,True,8,8,0,0,lcal_official_bounded_repair,base,none,True,,,2f87989d2c33d608d8e7269b0e87694e8789571fc242411ba1370d2ba6e918f2,1.9362437980016693,0.15276899200398475,0.47139760036952794,2.560410390375182
743,SingleLineInfilling/HumanEval/132/L4,HumanEval/132,L4,<=8,best_simple_length_policy,ok,True,8,8,0,0,lcal_official_bounded_repair,base,none,True,,,2f87989d2c33d608d8e7269b0e87694e8789571fc242411ba1370d2ba6e918f2,1.9432119679404423,0.14699084393214434,0.4630736882099882,2.553276500082575
744,SingleLineInfilling/HumanEval/132/L5,HumanEval/132,L5,<=8,best_simple_length_policy,ok,True,3,8,5,5,lcal_official_bounded_repair,base,none,True,,,a8aae5ef786bebae97c71605dbe7e09e03871f441f7d554edf6d26e9fec2a2e5,1.9551754940766841,0.14096678898204118,0.45909904141444713,2.5552413244731724
745,SingleLineInfilling/HumanEval/132/L6,HumanEval/132,L6,<=8,best_simple_length_policy,ok,False,8,15,7,7,lcal_official_bounded_repair,strong_correction,strong_base_len,True,UnitTestFailure,failed: ,71f9315406d98ea0ed011f9a17fd589fda717557a1bfa7b68f8a09a9badeb255,2.3575273939641193,0.15180565998889506,0.4732311877887696,2.982564241741784
746,SingleLineInfilling/HumanEval/132/L7,HumanEval/132,L7,<=8,best_simple_length_policy,ok,False,7,12,5,5,lcal_official_bounded_repair,official_mid_rescue,none,True,UnitTestFailure,failed: ,fc15ec886b1008649c2fb3be1a86e65db1a45fecf876df311dc7cfc7e7606038,1.953354283934459,0.1366477468982339,0.5142085560364649,2.604210586869158
747,SingleLineInfilling/HumanEval/132/L8,HumanEval/132,L8,<=8,best_simple_length_policy,ok,True,6,6,0,0,lcal_official_bounded_repair,base,none,True,,,2f87989d2c33d608d8e7269b0e87694e8789571fc242411ba1370d2ba6e918f2,1.946970444987528,0.15326920384541154,0.5893650552025065,2.689604704035446
748,SingleLineInfilling/HumanEval/132/L9,HumanEval/132,L9,<=8,best_simple_length_policy,ok,True,6,6,0,0,lcal_official_bounded_repair,base,none,True,,,2f87989d2c33d608d8e7269b0e87694e8789571fc242411ba1370d2ba6e918f2,1.9349206610349938,0.12244831386487931,0.517833735793829,2.575202710693702
749,SingleLineInfilling/HumanEval/132/L10,HumanEval/132,L10,9-12,best_simple_length_policy,ok,True,10,10,0,0,lcal_official_bounded_repair,base,none,True,,,2f87989d2c33d608d8e7269b0e87694e8789571fc242411ba1370d2ba6e918f2,1.9786336009856313,0.14883374609053135,0.47888840292580426,2.606355750001967
750,SingleLineInfilling/HumanEval/132/L11,HumanEval/132,L11,9-12,best_simple_length_policy,ok,True,9,9,0,0,lcal_official_bounded_repair,base,none,True,,,2f87989d2c33d608d8e7269b0e87694e8789571fc242411ba1370d2ba6e918f2,1.989166477927938,0.14287699095439166,0.4848282162565738,2.6168716851389036
751,SingleLineInfilling/HumanEval/132/L12,HumanEval/132,L12,13-16,best_simple_length_policy,ok,False,14,10,-4,4,lcal_official_bounded_repair,base,none,True,UnitTestFailure,failed: list index out of range,13070750b3f4a586638755e67435c76660f4ebc5bf1ac67dea1b2dd5f99cb6fe,1.970432720030658,0.15474777109920979,0.49711754883173853,2.6222980399616063
752,SingleLineInfilling/HumanEval/132/L13,HumanEval/132,L13,<=8,best_simple_length_policy,ok,True,6,6,0,0,lcal_official_bounded_repair,base,none,True,,,2f87989d2c33d608d8e7269b0e87694e8789571fc242411ba1370d2ba6e918f2,1.9266538140363991,0.14933929801918566,0.51959318225272,2.595586294308305
753,SingleLineInfilling/HumanEval/132/L14,HumanEval/132,L14,<=8,best_simple_length_policy,ok,True,6,6,0,0,lcal_official_bounded_repair,base,none,True,,,2f87989d2c33d608d8e7269b0e87694e8789571fc242411ba1370d2ba6e918f2,1.9307362020481378,0.16047868586611003,0.6154474122449756,2.7066623001592234
754,SingleLineInfilling/HumanEval/132/L15,HumanEval/132,L15,<=8,best_simple_length_policy,ok,False,7,6,-1,1,lcal_official_bounded_repair,official_bounded_repair,none,True,UnitTestFailure,failed: ,d4f3c68a3fb436596b220f3dc8cca27a25eff114d00029e19101936babd52c1f,1.9374960919376463,0.15479704807512462,0.49559635936748236,2.5878894993802533
755,SingleLineInfilling/HumanEval/133/L0,HumanEval/133,L0,<=8,best_simple_length_policy,ok,True,4,4,0,0,lcal_official_bounded_repair,base,none,True,,,2cd0fc00449e354159bbe235871ce1050aac54abe92dc6c2cce5a7c1eb4fa404,1.8513768000993878,0.1499164409469813,0.5130448418203741,2.514338082866743
756,SingleLineInfilling/HumanEval/133/L1,HumanEval/133,L1,<=8,best_simple_length_policy,ok,True,6,6,0,0,lcal_official_bounded_repair,base,none,True,,,4ce782e063c80803e0368a885d61ed9776b5573cea1c4610d8e64bcdd9406d68,1.8636491859797388,0.14908621192444116,0.49758076679427177,2.5103161646984518
757,SingleLineInfilling/HumanEval/133/L2,HumanEval/133,L2,<=8,best_simple_length_policy,ok,True,6,6,0,0,lcal_official_bounded_repair,base,none,True,,,4ce782e063c80803e0368a885d61ed9776b5573cea1c4610d8e64bcdd9406d68,1.8719016950344667,0.15216176002286375,0.5652899651322514,2.589353420189582
758,SingleLineInfilling/HumanEval/133/L3,HumanEval/133,L3,9-12,best_simple_length_policy,ok,False,9,7,-2,2,lcal_official_bounded_repair,base,none,True,UnitTestFailure,failed: This prints if this assert fails 1 (good for debugging!),213d48200c437fc7a355d938b728181479a19cbb35463fd3616375a1adefc578,1.8610965060070157,0.1450163829140365,0.488575016730465,2.494687905651517
759,SingleLineInfilling/HumanEval/133/L4,HumanEval/133,L4,<=8,best_simple_length_policy,ok,True,4,3,-1,1,lcal_official_bounded_repair,base,none,True,,,9b2c5ae317f993f3f1f8616d96e76f71a7148e6147f5844242dc358202f6d9ea,1.8526669149287045,0.14903720910660923,0.5802352176979184,2.581939341733232
760,SingleLineInfilling/HumanEval/134/L1,HumanEval/134,L1,9-12,best_simple_length_policy,ok,False,10,7,-3,3,lcal_official_bounded_repair,base,none,True,UnitTestFailure,failed: ,83d731be66695190493318648d0712866e4fd18dfdbbb9ddc595fd0786976f5e,1.8736296290298924,0.15727324492763728,0.47970877890475094,2.5106116528622806
761,SingleLineInfilling/HumanEval/134/L2,HumanEval/134,L2,25+,best_simple_length_policy,ok,False,28,6,-22,22,lcal_official_bounded_repair,base,none,True,UnitTestFailure,failed: ,c1791c39696d141ba19596184101e7c8c5f67f1467a0d7970f44708508c0dbf1,1.8564016000600532,0.14489390410017222,0.5153675436740741,2.5166630478342995
762,SingleLineInfilling/HumanEval/136/L0,HumanEval/136,L0,13-16,best_simple_length_policy,ok,True,15,15,0,0,lcal_official_bounded_repair,strong_correction,strong_base_len,True,,,1e33afbecf7768fe031e286323eadc07bdfa9c6c2d9262a28ff67b831aea7249,1.8771483829477802,0.15567621495574713,0.46643601823598146,2.499260616139509
763,SingleLineInfilling/HumanEval/136/L1,HumanEval/136,L1,13-16,best_simple_length_policy,ok,True,15,15,0,0,lcal_official_bounded_repair,strong_correction,strong_base_len,True,,,53a17860cb4d15f70eafabbfa1ee8671180686b4cdb20dccc453b3322e5e8b02,1.891012684092857,0.1428242390975356,0.4590198186924681,2.4928567418828607
764,SingleLineInfilling/HumanEval/136/L2,HumanEval/136,L2,17-24,best_simple_length_policy,ok,False,21,11,-10,10,lcal_official_bounded_repair,base,none,True,UnitTestFailure,failed: max() arg is an empty sequence,43feeb3a099fa646e5f1f149556c290b553d92d3d4ecf69158dfaa6461b7f5c3,1.8755020289681852,0.14427742711268365,0.5816695869434625,2.6014490430243313
765,SingleLineInfilling/HumanEval/137/L0,HumanEval/137,L0,9-12,best_simple_length_policy,ok,True,11,11,0,0,lcal_official_bounded_repair,base,none,True,,,00ba5424a7a0d3733cf1cae70c2b1aead39f3957b9e5af7e589e263d3330866b,1.927207618020475,0.14777383906766772,0.5057885568821803,2.580770013970323
766,SingleLineInfilling/HumanEval/137/L1,HumanEval/137,L1,17-24,best_simple_length_policy,ok,True,17,16,-1,1,lcal_official_bounded_repair,strong_correction,strong_base_len,True,,,49164230be86e478a30d42bd2a1301ddab2ceecd1aaeb86714ff09ef499fea1b,1.9649354899302125,0.16104193695355207,0.4567519639385864,2.582729390822351
767,SingleLineInfilling/HumanEval/137/L2,HumanEval/137,L2,17-24,best_simple_length_policy,ok,False,17,10,-7,7,lcal_official_bounded_repair,base,none,True,UnitTestFailure,failed: 'int' object has no attribute 'replace',685dd8cc47a3b3f94dfca8704e1b39373a8012f1a766c103d6de4b1b571eda30,1.909226031973958,0.153024781960994,0.5258002352202311,2.588051049155183
768,SingleLineInfilling/HumanEval/137/L3,HumanEval/137,L3,13-16,best_simple_length_policy,ok,False,14,11,-3,3,lcal_official_bounded_repair,base,none,True,UnitTestFailure,failed: ,1d88a793eceff7199188537fade8dc84af7e45005de18570d89992cd325f049e,1.9057622849941254,0.1356965710874647,0.4967111508594826,2.5381700069410726
769,SingleLineInfilling/HumanEval/137/L4,HumanEval/137,L4,13-16,best_simple_length_policy,ok,True,16,20,4,4,lcal_official_bounded_repair,strong_correction,strong_base_len,True,,,d0318cbd5dbcea232d71702476bf9eb55d50e458985169a43926b3d0576a3e8c,1.933524771942757,0.15388460003305227,0.4638835834339261,2.5512929554097354
770,SingleLineInfilling/HumanEval/138/L0,HumanEval/138,L0,13-16,best_simple_length_policy,ok,False,14,9,-5,5,lcal_official_bounded_repair,base,none,True,UnitTestFailure,failed: ,1e80f181bf2de33fd402771267e56bb0470c186c74d90b7fe16bad0ff06f46b7,1.597497484064661,0.15429143887013197,0.457576027023606,2.209364949958399
771,SingleLineInfilling/HumanEval/139/L0,HumanEval/139,L0,<=8,best_simple_length_policy,ok,True,7,7,0,0,lcal_official_bounded_repair,base,none,True,,,1166d31362ee3200459d7f73d90c9bc00963c8c62dd4b3df1395439061ed7008,1.8552468930138275,0.14473301195539534,0.6667585428804159,2.6667384478496388
772,SingleLineInfilling/HumanEval/139/L1,HumanEval/139,L1,<=8,best_simple_length_policy,ok,True,7,7,0,0,lcal_official_bounded_repair,base,none,True,,,70316ccc8dc0d91010339c8487ccc70147712d938f450699a4e96275aa0b9d5b,1.8603767700260505,0.1349878900218755,0.46389522321987897,2.459259883267805
773,SingleLineInfilling/HumanEval/139/L2,HumanEval/139,L2,9-12,best_simple_length_policy,ok,False,12,7,-5,5,lcal_official_bounded_repair,base,none,True,UnitTestFailure,failed: Test 4,acd48279f0ccce95d85fe0940c992897d2880ba35934a1872fd5050052629d82,1.8198283090023324,0.14041598315816373,0.5506129019195214,2.5108571940800175
774,SingleLineInfilling/HumanEval/139/L3,HumanEval/139,L3,<=8,best_simple_length_policy,ok,True,6,6,0,0,lcal_official_bounded_repair,base,none,True,,,70316ccc8dc0d91010339c8487ccc70147712d938f450699a4e96275aa0b9d5b,1.8386955569731072,0.15152196492999792,0.5805926368338987,2.570810158737004
775,SingleLineInfilling/HumanEval/139/L4,HumanEval/139,L4,<=8,best_simple_length_policy,ok,True,7,7,0,0,lcal_official_bounded_repair,base,none,True,,,70316ccc8dc0d91010339c8487ccc70147712d938f450699a4e96275aa0b9d5b,1.843881853041239,0.1365634900284931,0.5678100594086573,2.5482554024783894
776,SingleLineInfilling/HumanEval/139/L5,HumanEval/139,L5,<=8,best_simple_length_policy,ok,True,5,4,-1,1,lcal_official_bounded_repair,base,none,True,,,a00007c80dfb83e6861e97fd1046f13b59120caf5c2e5f83419aad648cec6d87,1.823659426998347,0.1385007759090513,0.5308896020287648,2.493049804936163
777,SingleLineInfilling/HumanEval/140/L0,HumanEval/140,L0,<=8,best_simple_length_policy,ok,True,5,5,0,0,lcal_official_bounded_repair,base,none,True,,,067943834f4089c8e4828baf2981504532b8e4e459156b9212a0dabebb036f76,1.959667089045979,0.14425007812678814,0.5452900397358462,2.6492072069086134
778,SingleLineInfilling/HumanEval/140/L1,HumanEval/140,L1,<=8,best_simple_length_policy,ok,True,6,6,0,0,lcal_official_bounded_repair,base,none,True,,,26293c6f28ed8fd48b4e0f152f7d5ee01514549757e98d1129cc02a969f4e712,1.9714156370609999,0.14425451611168683,0.5448913268046454,2.660561479977332
779,SingleLineInfilling/HumanEval/140/L2,HumanEval/140,L2,9-12,best_simple_length_policy,ok,True,11,12,1,1,lcal_official_bounded_repair,base,none,True,,,b77460900ad4d66caf5bfdb6f064968a72db74bf0a21c31f89898a1e3a0b45d3,1.9711578401038423,0.14382807398214936,0.5354108373867348,2.6503967514727265
780,SingleLineInfilling/HumanEval/140/L3,HumanEval/140,L3,<=8,best_simple_length_policy,ok,True,7,7,0,0,lcal_official_bounded_repair,base,none,True,,,26293c6f28ed8fd48b4e0f152f7d5ee01514549757e98d1129cc02a969f4e712,1.9436300370143726,0.11943293898366392,0.5218559262575582,2.5849189022555947
781,SingleLineInfilling/HumanEval/140/L4,HumanEval/140,L4,9-12,best_simple_length_policy,ok,True,9,9,0,0,lcal_official_bounded_repair,base,none,True,,,26293c6f28ed8fd48b4e0f152f7d5ee01514549757e98d1129cc02a969f4e712,1.96109596604947,0.13892229390330613,0.4555300298379734,2.5555482897907495
782,SingleLineInfilling/HumanEval/140/L5,HumanEval/140,L5,<=8,best_simple_length_policy,ok,True,6,6,0,0,lcal_official_bounded_repair,base,none,True,,,26293c6f28ed8fd48b4e0f152f7d5ee01514549757e98d1129cc02a969f4e712,1.9354761469876394,0.12141520099248737,0.4775825229007751,2.534473870880902
783,SingleLineInfilling/HumanEval/140/L6,HumanEval/140,L6,<=8,best_simple_length_policy,ok,True,3,3,0,0,lcal_official_bounded_repair,base,none,True,,,26293c6f28ed8fd48b4e0f152f7d5ee01514549757e98d1129cc02a969f4e712,1.9350490919314325,0.14052857598289847,0.5102561080129817,2.5858337759273127
784,SingleLineInfilling/HumanEval/140/L7,HumanEval/140,L7,9-12,best_simple_length_policy,ok,True,9,9,0,0,lcal_official_bounded_repair,base,none,True,,,26293c6f28ed8fd48b4e0f152f7d5ee01514549757e98d1129cc02a969f4e712,1.957343004993163,0.13387848006095737,0.4534358709352091,2.5446573559893295
785,SingleLineInfilling/HumanEval/140/L8,HumanEval/140,L8,9-12,best_simple_length_policy,ok,False,9,13,4,4,lcal_official_bounded_repair,strong_correction,strong_base_len,True,UnitTestFailure,failed: This prints if this assert fails 4 (good for debugging!),e1d78a1f0558a1ed71cd608eef68bd9e62b2fa3586ae2a70bb01d910cea4906f,2.3156153310555965,0.15334386588074267,0.44435424089897424,2.9133134378353134
786,SingleLineInfilling/HumanEval/140/L9,HumanEval/140,L9,9-12,best_simple_length_policy,ok,True,9,9,0,0,lcal_official_bounded_repair,base,none,True,,,26293c6f28ed8fd48b4e0f152f7d5ee01514549757e98d1129cc02a969f4e712,1.9581358729628846,0.14607831800822169,0.45232662255875766,2.556540813529864
787,SingleLineInfilling/HumanEval/140/L10,HumanEval/140,L10,13-16,best_simple_length_policy,ok,False,13,9,-4,4,lcal_official_bounded_repair,base,none,True,UnitTestFailure,failed: This prints if this assert fails 3 (good for debugging!),77e03dd23223beffa48cd393c0a595ec0db9623d024a4aaaf277ea48ebc84337,1.9571585329249501,0.1458480398869142,0.46577680681366473,2.568783379625529
788,SingleLineInfilling/HumanEval/140/L11,HumanEval/140,L11,<=8,best_simple_length_policy,ok,True,3,9,6,6,lcal_official_bounded_repair,official_bounded_repair,none,True,,,54a7a375d8869cbe50eaefbde185b054dd446a7669e99dc08227b03c6aa922f6,2.327502712025307,0.12263088102918118,0.46176079532597214,2.9118943883804604
789,SingleLineInfilling/HumanEval/140/L12,HumanEval/140,L12,<=8,best_simple_length_policy,ok,True,7,7,0,0,lcal_official_bounded_repair,base,none,True,,,26293c6f28ed8fd48b4e0f152f7d5ee01514549757e98d1129cc02a969f4e712,1.9238422659691423,0.14320073800627142,0.5045695623848587,2.5716125663602725
790,SingleLineInfilling/HumanEval/140/L13,HumanEval/140,L13,13-16,best_simple_length_policy,ok,True,13,7,-6,6,lcal_official_bounded_repair,base,none,True,,,cc6abdcdd353689e3b077b738aed50ab3b85bcbb45ba871a9dae763bfe305467,1.9740941380150616,0.14250711805652827,0.5095897441497073,2.626191000221297
791,SingleLineInfilling/HumanEval/140/L14,HumanEval/140,L14,<=8,best_simple_length_policy,ok,True,5,13,8,8,lcal_official_bounded_repair,official_mid_rescue,none,True,,,422d3c6a7e758667ae4bb3958d013fc791cd558968b976ee065b8bff817ca015,2.3555769079830498,0.1541762090055272,0.5537048438563943,3.0634579608449712
792,SingleLineInfilling/HumanEval/140/L15,HumanEval/140,L15,9-12,best_simple_length_policy,ok,True,9,9,0,0,lcal_official_bounded_repair,base,none,True,,,26293c6f28ed8fd48b4e0f152f7d5ee01514549757e98d1129cc02a969f4e712,1.9582801539218053,0.1643355410778895,0.4727801341796294,2.595395829179324
793,SingleLineInfilling/HumanEval/140/L16,HumanEval/140,L16,<=8,best_simple_length_policy,ok,True,5,5,0,0,lcal_official_bounded_repair,base,none,True,,,26293c6f28ed8fd48b4e0f152f7d5ee01514549757e98d1129cc02a969f4e712,1.95480473106727,0.1496888881083578,0.5026175390230492,2.607111158198677
794,SingleLineInfilling/HumanEval/140/L17,HumanEval/140,L17,9-12,best_simple_length_policy,ok,True,9,9,0,0,lcal_official_bounded_repair,base,none,True,,,26293c6f28ed8fd48b4e0f152f7d5ee01514549757e98d1129cc02a969f4e712,1.9582633270183578,0.15298597107175738,0.48332355730235577,2.594572855392471
795,SingleLineInfilling/HumanEval/140/L18,HumanEval/140,L18,<=8,best_simple_length_policy,ok,True,6,10,4,4,lcal_official_bounded_repair,base,none,True,,,b8d6791ae83504c3406d84504617427703e0aff52ff7216f463507f8e41f0416,2.2957341270521283,0.14669109415262938,0.4907378820935264,2.933163103298284
796,SingleLineInfilling/HumanEval/140/L19,HumanEval/140,L19,<=8,best_simple_length_policy,ok,True,5,4,-1,1,lcal_official_bounded_repair,base,none,True,,,6edabfc7158385938bf77f033106dee02ff34d207c919bbe12010347fea94f97,1.969033507979475,0.15547541505657136,0.5041048250859603,2.6286137481220067
797,SingleLineInfilling/HumanEval/141/L0,HumanEval/141,L0,9-12,best_simple_length_policy,ok,True,12,12,0,0,lcal_official_bounded_repair,base,none,True,,,657fc2894c20a1c1923f7c2892f11f8b2f0aceb243f3ed6f21f1f8a26b9936bf,2.611141450004652,0.14696989895310253,0.5270070593105629,3.2851184082683176
798,SingleLineInfilling/HumanEval/141/L1,HumanEval/141,L1,9-12,best_simple_length_policy,ok,True,10,7,-3,3,lcal_official_bounded_repair,base,none,True,,,37f00ed046d991e5d4c8b8d3af06449a6f17815870ec7c7f16d8c62e69eca251,2.5949237970635295,0.144582778098993,0.5164195717079565,3.255926146870479
799,SingleLineInfilling/HumanEval/141/L2,HumanEval/141,L2,9-12,best_simple_length_policy,ok,True,9,9,0,0,lcal_official_bounded_repair,base,none,True,,,dd7ecef4f7b631828454ee243a9b6ad03deeb43fc6eaf048b2fee786433d989d,2.6281883510528132,0.16014039900619537,0.47724237700458616,3.2655711270635948
800,SingleLineInfilling/HumanEval/141/L3,HumanEval/141,L3,<=8,best_simple_length_policy,ok,True,5,21,16,16,lcal_official_bounded_repair,official_long_suspicion,none,True,,,d39ccb9397ab42366c3388b996ead2d86e3a8a2dee8b98ba489d5a42b4bf7440,2.6523543859366328,0.15632081998046488,0.6962979740928859,3.5049731800099835
801,SingleLineInfilling/HumanEval/141/L4,HumanEval/141,L4,9-12,best_simple_length_policy,ok,True,10,10,0,0,lcal_official_bounded_repair,base,none,True,,,558742de326614b75fd64e81a7dbd31e70e7bf423b2438292c53a5195abbe0b8,2.625103570986539,0.1460141969146207,0.49550591805018485,3.2666236859513447
802,SingleLineInfilling/HumanEval/141/L5,HumanEval/141,L5,<=8,best_simple_length_policy,ok,True,5,5,0,0,lcal_official_bounded_repair,base,none,True,,,dd7ecef4f7b631828454ee243a9b6ad03deeb43fc6eaf048b2fee786433d989d,2.6194781359517947,0.14677559898700565,0.5904041875619441,3.3566579225007445
803,SingleLineInfilling/HumanEval/141/L6,HumanEval/141,L6,9-12,best_simple_length_policy,ok,True,11,7,-4,4,lcal_official_bounded_repair,base,none,True,,,f85c3644f43b2c408c153d22cd6c4da48bd9cc4da4ab434455b352973f76d820,2.605987141956575,0.1405919569078833,0.5066725629149005,3.253251661779359
804,SingleLineInfilling/HumanEval/141/L7,HumanEval/141,L7,<=8,best_simple_length_policy,ok,True,5,5,0,0,lcal_official_bounded_repair,base,none,True,,,dd7ecef4f7b631828454ee243a9b6ad03deeb43fc6eaf048b2fee786433d989d,2.616284288931638,0.14920123002957553,0.5793092686217278,3.3447947875829414
805,SingleLineInfilling/HumanEval/141/L8,HumanEval/141,L8,9-12,best_simple_length_policy,ok,False,12,8,-4,4,lcal_official_bounded_repair,base,none,True,UnitTestFailure,failed: ,1a41ee603b6b836464d1ff2482f9b8b115e0c487c6a6928dcf097cd68faaf8c8,2.605988522991538,0.1451341318897903,0.4908225048566237,3.241945159737952
806,SingleLineInfilling/HumanEval/141/L9,HumanEval/141,L9,<=8,best_simple_length_policy,ok,True,5,5,0,0,lcal_official_bounded_repair,base,none,True,,,dd7ecef4f7b631828454ee243a9b6ad03deeb43fc6eaf048b2fee786433d989d,2.6224778570467606,0.15004777698777616,0.5669834988657385,3.3395091329002753
807,SingleLineInfilling/HumanEval/141/L10,HumanEval/141,L10,17-24,best_simple_length_policy,ok,False,17,7,-10,10,lcal_official_bounded_repair,base,none,True,UnitTestFailure,failed: count() takes at least 1 argument (0 given),a0361bcf9027d6ed416324dee250ec060ea13638e10dea22d3948f0e34aa445e,2.404804212972522,0.13994662289042026,0.5014754908625036,3.0462263267254457
808,SingleLineInfilling/HumanEval/141/L11,HumanEval/141,L11,<=8,best_simple_length_policy,ok,True,7,7,0,0,lcal_official_bounded_repair,base,none,True,,,dd7ecef4f7b631828454ee243a9b6ad03deeb43fc6eaf048b2fee786433d989d,2.611721773049794,0.14724895195104182,0.491480951779522,3.250451676780358
809,SingleLineInfilling/HumanEval/141/L12,HumanEval/141,L12,<=8,best_simple_length_policy,ok,True,5,5,0,0,lcal_official_bounded_repair,base,none,True,,,dd7ecef4f7b631828454ee243a9b6ad03deeb43fc6eaf048b2fee786433d989d,2.59394152299501,0.15904431988019496,0.5177348089637235,3.2707206518389285
810,SingleLineInfilling/HumanEval/141/L13,HumanEval/141,L13,<=8,best_simple_length_policy,ok,True,5,8,3,3,lcal_official_bounded_repair,base,none,True,,,55fbcfd5aff9cc7cdd90ce7966bb982e0630daa39e375895d279a9124c986a7f,2.6056506970198825,0.1530653921654448,0.45690256101079285,3.21561865019612
811,SingleLineInfilling/HumanEval/142/L0,HumanEval/142,L0,<=8,best_simple_length_policy,ok,True,4,3,-1,1,lcal_official_bounded_repair,base,none,True,,,20030e026afd375b06462fb6d5c5d14d1082d0aff950b9114cda0302648025c1,1.920383656048216,0.15329000900965184,0.5238477569073439,2.5975214219652116
812,SingleLineInfilling/HumanEval/142/L1,HumanEval/142,L1,<=8,best_simple_length_policy,ok,True,8,8,0,0,lcal_official_bounded_repair,base,none,True,,,15629397c7dedb17441baf4ebad86f96b4faee8e6496a5d9100fe16c2c187962,1.9421947749797255,0.149074048968032,0.45222990587353706,2.5434987298212945
813,SingleLineInfilling/HumanEval/142/L2,HumanEval/142,L2,9-12,best_simple_length_policy,ok,True,9,10,1,1,lcal_official_bounded_repair,base,none,True,,,21cb8e4fdaa0ae09d89b1a3551425e0b50d4cf64132b755f8e3f1c802c85e58e,1.950812340946868,0.15497289784252644,0.488649794831872,2.5944350336212665
814,SingleLineInfilling/HumanEval/142/L3,HumanEval/142,L3,<=8,best_simple_length_policy,ok,True,8,8,0,0,lcal_official_bounded_repair,base,none,True,,,15629397c7dedb17441baf4ebad86f96b4faee8e6496a5d9100fe16c2c187962,1.9309539600508288,0.1518954341299832,0.4422716866247356,2.5251210808055475
815,SingleLineInfilling/HumanEval/142/L4,HumanEval/142,L4,17-24,best_simple_length_policy,ok,True,17,9,-8,8,lcal_official_bounded_repair,base,none,True,,,41878f8539b8a62dc401ee74c8d196cd81b60ccf2789a4191412376fe3cdad23,1.9450807640096173,0.1475694979308173,0.47335222910624,2.5660024910466745
816,SingleLineInfilling/HumanEval/142/L5,HumanEval/142,L5,<=8,best_simple_length_policy,ok,True,8,8,0,0,lcal_official_bounded_repair,base,none,True,,,15629397c7dedb17441baf4ebad86f96b4faee8e6496a5d9100fe16c2c187962,1.923670261981897,0.1492143200011924,0.4583982526091859,2.5312828345922753
817,SingleLineInfilling/HumanEval/142/L6,HumanEval/142,L6,<=8,best_simple_length_policy,ok,True,3,3,0,0,lcal_official_bounded_repair,base,none,True,,,15629397c7dedb17441baf4ebad86f96b4faee8e6496a5d9100fe16c2c187962,1.9195813410915434,0.14832834503613412,0.5064163149800152,2.5743260011076927
818,SingleLineInfilling/HumanEval/142/L7,HumanEval/142,L7,<=8,best_simple_length_policy,ok,True,6,6,0,0,lcal_official_bounded_repair,base,none,True,,,15629397c7dedb17441baf4ebad86f96b4faee8e6496a5d9100fe16c2c187962,1.9281506519764662,0.1528874629875645,0.4908099405001849,2.5718480554642156
819,SingleLineInfilling/HumanEval/142/L8,HumanEval/142,L8,<=8,best_simple_length_policy,ok,False,5,3,-2,2,lcal_official_bounded_repair,base,none,True,UnitTestFailure,failed: ,975f33a4bd1144ca880abbb89c98279cace39b01be2b870905eb020bfae02747,1.9130553890718147,0.14134344505146146,0.5436669432092458,2.598065777332522
820,SingleLineInfilling/HumanEval/144/L0,HumanEval/144,L0,<=8,best_simple_length_policy,ok,True,8,8,0,0,lcal_official_bounded_repair,base,none,True,,,cef1e11e59eba58db94e8dc770387c3ba02a39a8a1ce760aa3129a5038673a03,1.9219306589802727,0.15493445401079953,0.45309942739550024,2.5299645403865725
821,SingleLineInfilling/HumanEval/144/L1,HumanEval/144,L1,<=8,best_simple_length_policy,ok,True,8,8,0,0,lcal_official_bounded_repair,base,none,True,,,84e4011abca02fab7306fed8d9af5853a4d18ce753f4d048672e686721bb8235,1.9164041740586981,0.1544995360309258,0.4641660670749843,2.5350697771646082
822,SingleLineInfilling/HumanEval/144/L2,HumanEval/144,L2,9-12,best_simple_length_policy,ok,True,10,10,0,0,lcal_official_bounded_repair,base,none,True,,,84e4011abca02fab7306fed8d9af5853a4d18ce753f4d048672e686721bb8235,1.91444262501318,0.14795802999287844,0.49126350739970803,2.5536641624057665
823,SingleLineInfilling/HumanEval/144/L3,HumanEval/144,L3,9-12,best_simple_length_policy,ok,True,10,10,0,0,lcal_official_bounded_repair,base,none,True,,,84e4011abca02fab7306fed8d9af5853a4d18ce753f4d048672e686721bb8235,1.900458371033892,0.14620229694992304,0.4984402088448405,2.5451008768286556
824,SingleLineInfilling/HumanEval/144/L4,HumanEval/144,L4,13-16,best_simple_length_policy,ok,True,16,9,-7,7,lcal_official_bounded_repair,base,none,True,,,ca67db68ee29a12369274137dbcb512bcadd1f7777b5eb0404e8b2a0a8051fcb,1.9001662879018113,0.1464283560635522,0.4653941394062713,2.511988783371635
825,SingleLineInfilling/HumanEval/144/L5,HumanEval/144,L5,<=8,best_simple_length_policy,ok,True,4,11,7,7,lcal_official_bounded_repair,base,none,True,,,d7f77e8bc4a8edb38ff1e3296d72e3139a13a8ba764ce57b4d2a36f4f44bfeca,1.9339623819105327,0.14026023412588984,0.5135666630230844,2.587789279059507
826,SingleLineInfilling/HumanEval/144/L6,HumanEval/144,L6,<=8,best_simple_length_policy,ok,True,4,6,2,2,lcal_official_bounded_repair,base,none,True,,,0cabc29c362f2d1103fdb5725e3c639af41226751cdd109616aa704900f07f60,1.9248960450058803,0.14332709298469126,0.5294996508164331,2.5977227888070047
827,SingleLineInfilling/HumanEval/145/L0,HumanEval/145,L0,<=8,best_simple_length_policy,ok,True,6,6,0,0,lcal_official_bounded_repair,base,none,True,,,3b7967e76cfb9f7391c0df3004b5798085bb59583aa921f24c55156048ae3c91,1.8762893329840153,0.1351200812496245,0.48172894783783704,2.493138362071477
828,SingleLineInfilling/HumanEval/145/L1,HumanEval/145,L1,<=8,best_simple_length_policy,ok,True,6,6,0,0,lcal_official_bounded_repair,base,none,True,,,05394cae05cc33b93aeb0b59d7c6fdcb1a96405a3d7881b61dbd13d9850f9cfd,1.875294414930977,0.14748306502588093,0.5173714031698182,2.540148883126676
829,SingleLineInfilling/HumanEval/145/L2,HumanEval/145,L2,17-24,best_simple_length_policy,ok,False,19,13,-6,6,lcal_official_bounded_repair,strong_correction,strong_base_len,True,UnitTestFailure,failed: invalid literal for int() with base 10: '-',214943febe0462890543e03bc43ae6fb0c165f16295234373e5d1b100690c1b2,1.8827813769457862,0.1533498369390145,0.454108458943665,2.4902396728284657
830,SingleLineInfilling/HumanEval/145/L3,HumanEval/145,L3,13-16,best_simple_length_policy,ok,True,13,13,0,0,lcal_official_bounded_repair,official_mid_rescue,none,True,,,05394cae05cc33b93aeb0b59d7c6fdcb1a96405a3d7881b61dbd13d9850f9cfd,1.8863055020337924,0.1491334909806028,0.5450921292649582,2.5805311222793534
831,SingleLineInfilling/HumanEval/145/L4,HumanEval/145,L4,13-16,best_simple_length_policy,ok,False,13,6,-7,7,lcal_official_bounded_repair,base,none,True,UnitTestFailure,failed: ,6210abe398bafbddca434c4aa842bd56e21fa96769ee64f70d21b55a4db879f6,1.877148060943,0.14049619308207184,0.49468136427458376,2.5123256182996556
832,SingleLineInfilling/HumanEval/145/L5,HumanEval/145,L5,<=8,best_simple_length_policy,ok,True,5,5,0,0,lcal_official_bounded_repair,base,none,True,,,05394cae05cc33b93aeb0b59d7c6fdcb1a96405a3d7881b61dbd13d9850f9cfd,1.8635542569682002,0.1479994679102674,0.512838396243751,2.5243921211222187
833,SingleLineInfilling/HumanEval/145/L6,HumanEval/145,L6,9-12,best_simple_length_policy,ok,True,10,10,0,0,lcal_official_bounded_repair,base,none,True,,,fc4da5c06f7b0ef2be67dcd14ad8c64ab51190ff465a0b7f072e12e3f6d02f47,1.8875468850601465,0.12962823384441435,0.4752945910440758,2.4924697099486366
834,SingleLineInfilling/HumanEval/146/L1,HumanEval/146,L1,<=8,best_simple_length_policy,ok,True,6,6,0,0,lcal_official_bounded_repair,base,none,True,,,88888156b964572e0bafc172d2c8220e9a863d441585476f1fa20c7e7822f660,1.9114780209492892,0.15358350495807827,0.5702322501456365,2.635293776053004
835,SingleLineInfilling/HumanEval/146/L2,HumanEval/146,L2,<=8,best_simple_length_policy,ok,True,6,6,0,0,lcal_official_bounded_repair,base,none,True,,,88888156b964572e0bafc172d2c8220e9a863d441585476f1fa20c7e7822f660,1.9044992590788752,0.15147620195057243,0.5608453651657328,2.6168208261951804
836,SingleLineInfilling/HumanEval/146/L3,HumanEval/146,L3,<=8,best_simple_length_policy,ok,True,8,8,0,0,lcal_official_bounded_repair,base,none,True,,,88888156b964572e0bafc172d2c8220e9a863d441585476f1fa20c7e7822f660,1.9076199480332434,0.15015537396539003,0.4715800917474553,2.5293554137460887
837,SingleLineInfilling/HumanEval/146/L4,HumanEval/146,L4,17-24,best_simple_length_policy,ok,True,19,15,-4,4,lcal_official_bounded_repair,strong_correction,strong_base_len,True,,,4262b2f37d2115268552e08441507806f09ca6d5d6c10193d4c028335527ffc0,1.9243911890080199,0.14731080713681877,0.4722229187609628,2.5439249149058014
838,SingleLineInfilling/HumanEval/146/L5,HumanEval/146,L5,<=8,best_simple_length_policy,ok,True,8,8,0,0,lcal_official_bounded_repair,base,none,True,,,88888156b964572e0bafc172d2c8220e9a863d441585476f1fa20c7e7822f660,1.8971980899805203,0.15107769798487425,0.4403069990221411,2.4885827869875357
839,SingleLineInfilling/HumanEval/146/L6,HumanEval/146,L6,17-24,best_simple_length_policy,ok,True,24,24,0,0,lcal_official_bounded_repair,strong_correction,strong_base_len,True,,,88888156b964572e0bafc172d2c8220e9a863d441585476f1fa20c7e7822f660,1.9654975640587509,0.1267457929207012,0.4370813260320574,2.5293246830115095
840,SingleLineInfilling/HumanEval/146/L7,HumanEval/146,L7,<=8,best_simple_length_policy,ok,True,6,5,-1,1,lcal_official_bounded_repair,base,none,True,,,49486d42ea1439d53281b3ccab45b4f0a2d4174c5245f1f88451084b482e9f33,1.8911723090568557,0.13536157680209726,0.49297010980080813,2.519503995659761
841,SingleLineInfilling/HumanEval/146/L9,HumanEval/146,L9,<=8,best_simple_length_policy,ok,True,4,3,-1,1,lcal_official_bounded_repair,base,none,True,,,2eafff45177702d30b6d81c1416b4189d7e29cf42d89e5228d20e3db693f2ff6,1.938450170098804,0.13124272599816322,0.6168013449059799,2.686494241002947
842,SingleLineInfilling/HumanEval/147/L0,HumanEval/147,L0,17-24,best_simple_length_policy,ok,False,21,16,-5,5,lcal_official_bounded_repair,strong_correction,strong_base_len,True,UnitTestFailure,failed: ,ce2de851cbdc6da48ceb692da74bc2a47737dd41b600f99f88571886ab4ec8c9,1.9762706840410829,0.13124546501785517,0.4680189862847328,2.575535135343671
843,SingleLineInfilling/HumanEval/147/L1,HumanEval/147,L1,<=8,best_simple_length_policy,ok,True,4,4,0,0,lcal_official_bounded_repair,base,none,True,,,4ca09e8b1a4f2d3cf9fe96c39a437dc587815274d932a077ff4ec9ecb0224368,1.9545176660176367,0.17424406995996833,0.5072428678395227,2.6360046038171276
844,SingleLineInfilling/HumanEval/147/L2,HumanEval/147,L2,<=8,best_simple_length_policy,ok,True,7,7,0,0,lcal_official_bounded_repair,base,none,True,,,4ca09e8b1a4f2d3cf9fe96c39a437dc587815274d932a077ff4ec9ecb0224368,1.9674348580883816,0.18244444695301354,0.531241353484802,2.681120658526197
845,SingleLineInfilling/HumanEval/147/L3,HumanEval/147,L3,9-12,best_simple_length_policy,ok,True,10,10,0,0,lcal_official_bounded_repair,base,none,True,,,4ca09e8b1a4f2d3cf9fe96c39a437dc587815274d932a077ff4ec9ecb0224368,1.9394988879794255,0.17240642698016018,0.4991072980919853,2.611012613051571
846,SingleLineInfilling/HumanEval/147/L4,HumanEval/147,L4,9-12,best_simple_length_policy,ok,True,10,10,0,0,lcal_official_bounded_repair,base,none,True,,,4ca09e8b1a4f2d3cf9fe96c39a437dc587815274d932a077ff4ec9ecb0224368,1.9513217239873484,0.16732776910066605,0.5293314068112522,2.6479808998992667
847,SingleLineInfilling/HumanEval/147/L5,HumanEval/147,L5,17-24,best_simple_length_policy,ok,True,18,20,2,2,lcal_official_bounded_repair,strong_correction,strong_base_len,True,,,66827aeb4a516fb855b43df8eea67aecf1b46a02c1ed65631b3edc8c660f3430,2.0056708520278335,0.15919420612044632,0.4616314059821889,2.6264964641304687
848,SingleLineInfilling/HumanEval/147/L6,HumanEval/147,L6,13-16,best_simple_length_policy,ok,True,13,13,0,0,lcal_official_bounded_repair,strong_correction,strong_base_len,True,,,75082b47929810d9df4068cc5b2e59409e9df3db678843bb9a05854bca9363fa,1.9786175100598484,0.16949591308366507,0.46172147325705737,2.609834896400571
849,SingleLineInfilling/HumanEval/147/L7,HumanEval/147,L7,<=8,best_simple_length_policy,ok,False,5,3,-2,2,lcal_official_bounded_repair,base,none,True,UnitTestFailure,failed: ,546c8305e6b7e18725c26d947cf584b9b3e10e51ebe8fc0a7aeeae67f075c70a,1.9370408760150895,0.1372231759596616,0.6033364923205227,2.6776005442952737
850,SingleLineInfilling/HumanEval/148/L0,HumanEval/148,L0,25+,best_simple_length_policy,ok,False,36,32,-4,4,lcal_official_bounded_repair,strong_correction,strong_base_len,True,UnitTestFailure,failed: First test error: 2,134a9e1904111a99149ea405937a84df3af9dba297d084a98e5acc0d9abeaf38,2.6824954909970984,0.1409524178598076,0.4724492341047153,3.2958971429616213
851,SingleLineInfilling/HumanEval/148/L1,HumanEval/148,L1,17-24,best_simple_length_policy,ok,True,22,16,-6,6,lcal_official_bounded_repair,strong_correction,strong_base_len,True,,,43e4b71bde6620f370154759de4e67fb4bd04b4e89d23669c294c37e590e52cc,2.6418430550256744,0.15180240001063794,0.46433176239952445,3.257977217435837
852,SingleLineInfilling/HumanEval/148/L2,HumanEval/148,L2,<=8,best_simple_length_policy,ok,True,3,3,0,0,lcal_official_bounded_repair,base,none,True,,,529e2e1dedba6800826ce8e5b39a18a48acff77b7f593fd91a4d31f8f3d51f93,2.5968074440024793,0.1408045149873942,0.5070541396271437,3.2446660986170173
853,SingleLineInfilling/HumanEval/148/L3,HumanEval/148,L3,9-12,best_simple_length_policy,ok,True,12,12,0,0,lcal_official_bounded_repair,base,none,True,,,529e2e1dedba6800826ce8e5b39a18a48acff77b7f593fd91a4d31f8f3d51f93,2.6127360709942877,0.14101524313446134,0.5967135870596394,3.3504649011883885
854,SingleLineInfilling/HumanEval/148/L4,HumanEval/148,L4,9-12,best_simple_length_policy,ok,True,12,12,0,0,lcal_official_bounded_repair,base,none,True,,,529e2e1dedba6800826ce8e5b39a18a48acff77b7f593fd91a4d31f8f3d51f93,2.645064513082616,0.14207742805592716,0.5430673551745713,3.3302092963131145
855,SingleLineInfilling/HumanEval/148/L5,HumanEval/148,L5,9-12,best_simple_length_policy,ok,True,10,10,0,0,lcal_official_bounded_repair,base,none,True,,,529e2e1dedba6800826ce8e5b39a18a48acff77b7f593fd91a4d31f8f3d51f93,2.6271692289737985,0.15953147900290787,0.48219317791517824,3.2688938858918846
856,SingleLineInfilling/HumanEval/148/L6,HumanEval/148,L6,17-24,best_simple_length_policy,ok,False,17,20,3,3,lcal_official_bounded_repair,strong_correction,strong_base_len,True,UnitTestFailure,failed: First test error: 3,ec9df41bc644ee1969fbe68fee206f20c9094c3a133188b980e0722c02523195,2.657981871976517,0.15721120196394622,0.46492409450002015,3.2801171684404835
857,SingleLineInfilling/HumanEval/148/L7,HumanEval/148,L7,<=8,best_simple_length_policy,ok,True,3,3,0,0,lcal_official_bounded_repair,base,none,True,,,529e2e1dedba6800826ce8e5b39a18a48acff77b7f593fd91a4d31f8f3d51f93,2.5823161440202966,0.15791123907547444,0.4819444442400709,3.222171827335842
858,SingleLineInfilling/HumanEval/148/L8,HumanEval/148,L8,17-24,best_simple_length_policy,ok,False,17,14,-3,3,lcal_official_bounded_repair,strong_correction,strong_base_len,True,UnitTestFailure,"failed: Second test error: ('Mercury', 'Venus')",b08ec903fe5d0d2ae0ec0e0af242159e916739504ac5be37ea9d9c114fd3158f,2.61323496804107,0.1495755499927327,0.4637023232644424,3.226512841298245
859,SingleLineInfilling/HumanEval/150/L0,HumanEval/150,L0,<=8,best_simple_length_policy,ok,False,7,5,-2,2,lcal_official_bounded_repair,base,none,True,UnitTestFailure,failed: ,985ee2874a76baff8135b19ffce0b30954ceb9c7cd035c92af425fb4490fe8bd,1.8537472629686818,0.15471126686315984,0.5370239990297705,2.545482528861612
860,SingleLineInfilling/HumanEval/150/L1,HumanEval/150,L1,<=8,best_simple_length_policy,ok,True,4,15,11,11,lcal_official_bounded_repair,strong_correction,strong_base_len,True,,,12162e656bdeca75216955244a36a8d39052fc65382cd2181370d4eacf67ce1f,1.9092115930980071,0.15227777801919729,0.4562872851965949,2.5177766563137993
861,SingleLineInfilling/HumanEval/150/L2,HumanEval/150,L2,9-12,best_simple_length_policy,ok,True,10,10,0,0,lcal_official_bounded_repair,base,none,True,,,d8e5b04576d26a538e4ea07d2b5a8bd45dc6d8e2f1aba74cb6c14aae824e1f5e,1.846843591076322,0.14094201708212495,0.49063810624647886,2.4784237144049257
862,SingleLineInfilling/HumanEval/150/L3,HumanEval/150,L3,9-12,best_simple_length_policy,ok,True,9,9,0,0,lcal_official_bounded_repair,base,none,True,,,d8e5b04576d26a538e4ea07d2b5a8bd45dc6d8e2f1aba74cb6c14aae824e1f5e,1.8636569090886042,0.1533833360299468,0.49816319590900093,2.515203441027552
863,SingleLineInfilling/HumanEval/150/L4,HumanEval/150,L4,<=8,best_simple_length_policy,ok,True,4,4,0,0,lcal_official_bounded_repair,base,none,True,,,d8e5b04576d26a538e4ea07d2b5a8bd45dc6d8e2f1aba74cb6c14aae824e1f5e,1.8554834879469126,0.1537896420340985,0.5634519647574052,2.5727250947384164
864,SingleLineInfilling/HumanEval/150/L5,HumanEval/150,L5,<=8,best_simple_length_policy,ok,False,3,7,4,4,lcal_official_bounded_repair,official_bounded_repair,none,True,UnitTestFailure,failed: ,fc20b232ae4d998294c0a0ea4c4f3e0c830c46d2961beff393e65310ec64d1be,1.838553664041683,0.16291148494929075,0.5586854860885069,2.5601506350794807
865,SingleLineInfilling/HumanEval/150/L6,HumanEval/150,L6,<=8,best_simple_length_policy,ok,True,3,3,0,0,lcal_official_bounded_repair,base,none,True,,,d8e5b04576d26a538e4ea07d2b5a8bd45dc6d8e2f1aba74cb6c14aae824e1f5e,1.8422372170025483,0.1536300650332123,0.524395314627327,2.5202625966630876
866,SingleLineInfilling/HumanEval/150/L7,HumanEval/150,L7,<=8,best_simple_length_policy,ok,True,4,8,4,4,lcal_official_bounded_repair,official_bounded_repair,none,True,,,beea3c58e9bc6424d6df63464d2a766dc838e540572ae6717c8b36cc7791b11f,1.84591494302731,0.16031448997091502,0.44492030306719244,2.4511497360654175
867,SingleLineInfilling/HumanEval/151/L0,HumanEval/151,L0,25+,best_simple_length_policy,ok,False,29,12,-17,17,lcal_official_bounded_repair,base,none,True,UnitTestFailure,failed: This prints if this assert fails 2 (good for debugging!),ba5acf232ccf58c4160d95434ad735073c5e770ec3b5e09f2eebbe262522890e,1.84950814594049,0.14330289396457374,0.6115287487627938,2.6043397886678576
868,SingleLineInfilling/HumanEval/152/L0,HumanEval/152,L0,13-16,best_simple_length_policy,ok,False,16,3,-13,13,lcal_official_bounded_repair,base,none,True,UnitTestFailure,failed: This prints if this assert fails 1 (good for debugging!),71300161bafbf8b09290ef870e70b3431016dd7111ce6bef665edc90187dc319,1.9197435129899532,0.14859235985204577,0.5905855509918183,2.6589214238338172
869,SingleLineInfilling/HumanEval/154/L0,HumanEval/154,L0,<=8,best_simple_length_policy,ok,True,6,6,0,0,lcal_official_bounded_repair,base,none,True,,,7473d91c8bdb6344b15b4659fa1b1a61bf2defdaf64ac777aad8b5fb83b8c706,1.86860811104998,0.15502894879318774,0.5770070542348549,2.6006441140780225
870,SingleLineInfilling/HumanEval/154/L1,HumanEval/154,L1,<=8,best_simple_length_policy,ok,True,7,7,0,0,lcal_official_bounded_repair,official_bounded_repair,none,True,,,2a68e45e81eb791dce88ee518064dd47082b10c18ecaf41c6e49d4ecc61ef45f,1.8570861319312826,0.1529240320669487,0.46949888207018375,2.479509046068415
871,SingleLineInfilling/HumanEval/154/L2,HumanEval/154,L2,13-16,best_simple_length_policy,ok,True,14,8,-6,6,lcal_official_bounded_repair,base,none,True,,,879139fb48325f1ac5fb1cdaf2ddd29ca54223e6e469ba1cfe1a55304b4e1206,1.885702322004363,0.15333770297002047,0.4468742710305378,2.485914296004921
872,SingleLineInfilling/HumanEval/154/L3,HumanEval/154,L3,9-12,best_simple_length_policy,ok,True,10,7,-3,3,lcal_official_bounded_repair,base,none,True,,,1ad6fbe0c0a9f1ffc27af6d72c1dcff2dd3ed9d7c316f94ba5caf57a651d01ce,1.8551217339700088,0.14879591797944158,0.5634803437860683,2.5673979957355186
873,SingleLineInfilling/HumanEval/154/L4,HumanEval/154,L4,13-16,best_simple_length_policy,ok,False,13,4,-9,9,lcal_official_bounded_repair,base,none,True,UnitTestFailure,failed: test #0,ad5ac3b25f4e623db020740570f7bbae00765b721dabe4a5fc3cc645ea9aeee1,1.8496869889786467,0.15631835896056145,0.5077115700114518,2.51371691795066
874,SingleLineInfilling/HumanEval/154/L5,HumanEval/154,L5,<=8,best_simple_length_policy,ok,True,4,7,3,3,lcal_official_bounded_repair,official_bounded_repair,none,True,,,a272a7d48fd82063acff2d5bfa1dd235d117a5b06f2e648a75808194bdb18b04,1.8656430669361725,0.13966709503438324,0.5349001052090898,2.5402102671796456
875,SingleLineInfilling/HumanEval/154/L6,HumanEval/154,L6,<=8,best_simple_length_policy,ok,True,4,3,-1,1,lcal_official_bounded_repair,base,none,True,,,7bdbb8b5007a7a00e685eb1788b5feafb234639487bfb1cb7bf1b79e3a3afbd8,1.8419385629240423,0.1438175808871165,0.6059876572107896,2.5917438010219485
876,SingleLineInfilling/HumanEval/155/L0,HumanEval/155,L0,<=8,best_simple_length_policy,ok,True,7,13,6,6,lcal_official_bounded_repair,official_mid_rescue,none,True,,,cf5f707c5aa601791454788a948fa76d4606a1b3fd6ca4f5593b4d348f1a508e,1.6106705699348822,0.14556023199111223,0.5150853600353003,2.2713161619612947
877,SingleLineInfilling/HumanEval/155/L1,HumanEval/155,L1,<=8,best_simple_length_policy,ok,True,7,13,6,6,lcal_official_bounded_repair,official_mid_rescue,none,True,,,01e3546964ebea5fb3b880fdbac5b5a51c21729d6dfa81ca56717e94ba3bb1b5,1.5988061940297484,0.14930752001237124,0.5388474829960614,2.286961197038181
878,SingleLineInfilling/HumanEval/155/L2,HumanEval/155,L2,<=8,best_simple_length_policy,ok,False,8,7,-1,1,lcal_official_bounded_repair,base,none,True,UnitTestFailure,failed: invalid literal for int() with base 10: '-',fe9ce194ececff4c4cef10c11d6e091a61a92d72c4cd5cc0fc1a422be06a3483,1.5906930300407112,0.14351371594239026,0.434698348515667,2.1689050944987684
879,SingleLineInfilling/HumanEval/155/L3,HumanEval/155,L3,9-12,best_simple_length_policy,ok,True,9,12,3,3,lcal_official_bounded_repair,base,none,True,,,5b551d8b82fa62b603517046f0d14ba3ba8a8fc072b2fccccced4fcbc8fa3143,1.6016900029499084,0.14737773209344596,0.507751393597573,2.2568191286409274
880,SingleLineInfilling/HumanEval/155/L4,HumanEval/155,L4,<=8,best_simple_length_policy,ok,True,6,7,1,1,lcal_official_bounded_repair,base,none,True,,,9a757da50e9d7cd53bd1d2e2817982262768433dceec8f7c138f35365c8ece64,1.6034372489666566,0.1444379729218781,0.48049233900383115,2.228367560892366
881,SingleLineInfilling/HumanEval/155/L5,HumanEval/155,L5,<=8,best_simple_length_policy,ok,True,3,9,6,6,lcal_official_bounded_repair,official_bounded_repair,none,True,,,d9731839828ad825299cfd9cffadc911f09b255e898e7c4e0ce6a4939f712e15,1.6035192928975448,0.1457435580668971,0.487043020199053,2.236305871163495
882,SingleLineInfilling/HumanEval/155/L6,HumanEval/155,L6,<=8,best_simple_length_policy,ok,True,6,7,1,1,lcal_official_bounded_repair,base,none,True,,,f56e1aa247f113e2fb8ee980096b27651e839c8d5136233a388a4c9a827f88f8,1.5943806490395218,0.12474763102363795,0.5793753522448242,2.298503632307984
883,SingleLineInfilling/HumanEval/155/L7,HumanEval/155,L7,9-12,best_simple_length_policy,ok,True,9,7,-2,2,lcal_official_bounded_repair,base,none,True,,,ef1f96a639cba27f5c88dd9bfa54d3276c14c37f1fb2a6652aeb73b90fb70cde,1.5826557599939406,0.15075699496082962,0.4520657447865233,2.1854784997412935
884,SingleLineInfilling/HumanEval/156/L0,HumanEval/156,L0,25+,best_simple_length_policy,ok,False,32,4,-28,28,lcal_official_bounded_repair,base,none,True,UnitTestFailure,failed: list index out of range,2f94a53bf4d50a0685332810380ee144e7324768412186cee093bc14951a7d79,1.9245511429617181,0.14392708893865347,0.4681055119726807,2.5365837438730523
885,SingleLineInfilling/HumanEval/156/L1,HumanEval/156,L1,25+,best_simple_length_policy,ok,False,28,6,-22,22,lcal_official_bounded_repair,base,none,True,UnitTestFailure,failed: list index out of range,01268d730dba3228bb1c8304b88ecffb45a06a0983bedd5806a33a913922e38a,1.95652822998818,0.15245293511543423,0.8220216691261157,2.93100283422973
886,SingleLineInfilling/HumanEval/156/L2,HumanEval/156,L2,17-24,best_simple_length_policy,ok,False,22,4,-18,18,lcal_official_bounded_repair,base,none,True,UnitTestFailure,failed: ,cac67819677b77d9be779a5c434a9ca7af118cf02135bc3b51eb04c1c60542df,1.9512199440505356,0.14523439295589924,0.5127402552170679,2.6091945922235027
887,SingleLineInfilling/HumanEval/156/L3,HumanEval/156,L3,17-24,best_simple_length_policy,ok,False,23,20,-3,3,lcal_official_bounded_repair,strong_correction,strong_base_len,True,UnitTestFailure,failed: ,522146bf601e15303dbe3aab77a6eafda491c8bf08810141bd063915b249a8a6,2.3631278530228883,0.12215140019543469,0.4555651060072705,2.9408443592255935
888,SingleLineInfilling/HumanEval/156/L4,HumanEval/156,L4,<=8,best_simple_length_policy,ok,True,7,10,3,3,lcal_official_bounded_repair,base,none,True,,,6a7a76f58637daf580d9d60ab91a3bd27d1232160f42961f98045363960c5294,2.343372146016918,0.13483542494941503,0.48118886759039015,2.9593964385567233
889,SingleLineInfilling/HumanEval/156/L5,HumanEval/156,L5,<=8,best_simple_length_policy,ok,True,4,4,0,0,lcal_official_bounded_repair,base,none,True,,,71a33243605aa0d9bf2677642ef937641adad9e3fb785997d1e7f2bcd9b33073,2.3159223729744554,0.13850665208883584,0.587444651639089,3.04187367670238
890,SingleLineInfilling/HumanEval/156/L6,HumanEval/156,L6,<=8,best_simple_length_policy,ok,True,5,8,3,3,lcal_official_bounded_repair,official_bounded_repair,none,True,,,5a5b536410b73fc5ffb682a09d9220bd9f1964387bca98425e5ee3e28fecc209,2.3299837559461594,0.12197706999722868,0.46366115694399923,2.9156219828873873
891,SingleLineInfilling/HumanEval/156/L7,HumanEval/156,L7,9-12,best_simple_length_policy,ok,True,9,9,0,0,lcal_official_bounded_repair,base,none,True,,,800d032956b4c8c28e3e4ffdc7f35b01d8f8e87e7ec261f1d57703e7b19d1802,2.3364237369969487,0.1466164889279753,0.47171457041986287,2.954754796344787
892,SingleLineInfilling/HumanEval/156/L8,HumanEval/156,L8,<=8,best_simple_length_policy,ok,True,7,6,-1,1,lcal_official_bounded_repair,base,none,True,,,9a5177a32d2198f7c6d7503026572e00ab0b4fea923f5b9c4a3b3be1a5271357,2.3098813749384135,0.14449672191403806,0.49130828818306327,2.945686385035515
893,SingleLineInfilling/HumanEval/156/L9,HumanEval/156,L9,<=8,best_simple_length_policy,ok,True,5,8,3,3,lcal_official_bounded_repair,base,none,True,,,790f18cbec3d5186beda6143ab9bf07ecd2f01cebf089b3eecee978d66058bcb,2.3271167319035158,0.13606913096737117,0.4481828120769933,2.91136867494788
894,SingleLineInfilling/HumanEval/156/L10,HumanEval/156,L10,<=8,best_simple_length_policy,ok,True,7,7,0,0,lcal_official_bounded_repair,base,none,True,,,800d032956b4c8c28e3e4ffdc7f35b01d8f8e87e7ec261f1d57703e7b19d1802,2.3205705019645393,0.12207853002473712,0.4659784148680046,2.908627446857281
895,SingleLineInfilling/HumanEval/156/L11,HumanEval/156,L11,<=8,best_simple_length_policy,ok,True,6,6,0,0,lcal_official_bounded_repair,base,none,True,,,800d032956b4c8c28e3e4ffdc7f35b01d8f8e87e7ec261f1d57703e7b19d1802,2.317280153045431,0.11908530513755977,0.4505097195506096,2.8868751777336
896,SingleLineInfilling/HumanEval/156/L12,HumanEval/156,L12,<=8,best_simple_length_policy,ok,True,6,6,0,0,lcal_official_bounded_repair,base,none,True,,,800d032956b4c8c28e3e4ffdc7f35b01d8f8e87e7ec261f1d57703e7b19d1802,2.2931175159756094,0.1270090191392228,0.4434773330576718,2.863603868172504
897,SingleLineInfilling/HumanEval/156/L13,HumanEval/156,L13,<=8,best_simple_length_policy,ok,False,5,3,-2,2,lcal_official_bounded_repair,base,none,True,UnitTestFailure,failed: ,17f04e6a828e04fb7f834cf0ace8ad7fd7a88430b73a29629293dd624de65d3d,2.316158903995529,0.1242949819425121,0.5257846449967474,2.9662385309347883
898,SingleLineInfilling/HumanEval/157/L0,HumanEval/157,L0,25+,best_simple_length_policy,ok,False,29,14,-15,15,lcal_official_bounded_repair,strong_correction,strong_base_len,True,UnitTestFailure,failed: ,c71842698a9fcd30e2945e20b33d6a905dd5bad27e60f74892742815a5d5fac6,1.613683634903282,0.15663432399742305,0.4292192767607048,2.19953723566141
899,SingleLineInfilling/HumanEval/158/L0,HumanEval/158,L0,17-24,best_simple_length_policy,ok,False,19,3,-16,16,lcal_official_bounded_repair,base,none,True,UnitTestFailure,failed: t1,2110ecf2e74bc43250884b9d46899171457e9b18ab9c7cf3b8772233f454c826,1.5998542200541124,0.13271789602003992,0.528078249655664,2.2606503657298163
900,SingleLineInfilling/HumanEval/159/L0,HumanEval/159,L0,<=8,best_simple_length_policy,ok,False,7,4,-3,3,lcal_official_bounded_repair,base,none,True,UnitTestFailure,failed: Error,1583264313f24e7adabb1662bfc83ef43fec6649352d04e746d04b22a0eadef1,2.3699254860403016,0.1366372200427577,0.5164775687735528,3.023040274856612
901,SingleLineInfilling/HumanEval/159/L1,HumanEval/159,L1,9-12,best_simple_length_policy,ok,True,11,11,0,0,lcal_official_bounded_repair,base,none,True,,,1f5e94bd077aad38ac774aaec770460aa9d929ce83a0b2353784ecbe2a3f4df1,2.4162154759978876,0.13611079193651676,0.4922752110287547,3.044601478963159
902,SingleLineInfilling/HumanEval/159/L2,HumanEval/159,L2,<=8,best_simple_length_policy,ok,True,3,3,0,0,lcal_official_bounded_repair,base,none,True,,,c2e0198e9c3e33b02bcaa6596582cc530d79e52cd40bc2ada3a8560993793166,2.3833757339743897,0.13550271792337298,0.5062404189957306,3.0251188708934933
903,SingleLineInfilling/HumanEval/159/L3,HumanEval/159,L3,9-12,best_simple_length_policy,ok,True,10,10,0,0,lcal_official_bounded_repair,base,none,True,,,3b87a415cd0bd3b81d5e57f7c4b83a5542aa7a3781779f5ae137034ed55bb311,2.3801142839947715,0.11910602205898613,0.49169859336689115,2.990918899420649
904,SingleLineInfilling/HumanEval/160/L0,HumanEval/160,L0,9-12,best_simple_length_policy,ok,True,9,9,0,0,lcal_official_bounded_repair,base,none,True,,,15bb2caee0971f9f7d796091bca2f2c774de729df067e28bbd0e227fcfd7781d,1.925123687949963,0.15257671498693526,0.4698553030611947,2.547555705998093
905,SingleLineInfilling/HumanEval/160/L1,HumanEval/160,L1,13-16,best_simple_length_policy,ok,False,16,12,-4,4,lcal_official_bounded_repair,base,none,True,UnitTestFailure,failed: name 'oprn' is not defined,0265708b381a22305ea5a25d9ccc27b3fb6acf7a845f4b614ecb0a5c620c1385,1.9464396929834038,0.13461146503686905,0.6094465261558071,2.69049768417608
906,SingleLineInfilling/HumanEval/160/L2,HumanEval/160,L2,9-12,best_simple_length_policy,ok,True,10,10,0,0,lcal_official_bounded_repair,base,none,True,,,6846092b6560c3dbfbe352227d55cc8d33a85996f6465e61ce9430a7cb189251,1.9511533050099388,0.13986230397131294,0.5043773928191513,2.595393001800403
907,SingleLineInfilling/HumanEval/160/L3,HumanEval/160,L3,<=8,best_simple_length_policy,ok,True,5,5,0,0,lcal_official_bounded_repair,base,none,True,,,141b3550e355e798c1a3da4809e6352ec5782690f7ad1208e5426a9ce459bfb8,1.9344717509811744,0.1510236249305308,0.5570270748576149,2.64252245076932
908,SingleLineInfilling/HumanEval/161/L0,HumanEval/161,L0,<=8,best_simple_length_policy,ok,True,7,7,0,0,lcal_official_bounded_repair,base,none,True,,,6ab976cd9bd59f2ffab5f3c5b0d424164dfe6b98a76a7bebc1f0c15986ab2c4f,1.8973132619867101,0.15250194596592337,0.48223724006675184,2.5320524480193853
909,SingleLineInfilling/HumanEval/161/L1,HumanEval/161,L1,<=8,best_simple_length_policy,ok,True,6,6,0,0,lcal_official_bounded_repair,base,none,True,,,cd40fc4ba443e535c18eff48858719a022b691a6470797ca3582b8471b9d2b8f,1.88524137402419,0.16041675209999084,0.5736590321175754,2.6193171582417563
910,SingleLineInfilling/HumanEval/161/L2,HumanEval/161,L2,<=8,best_simple_length_policy,ok,True,7,7,0,0,lcal_official_bounded_repair,base,none,True,,,cd40fc4ba443e535c18eff48858719a022b691a6470797ca3582b8471b9d2b8f,1.9199512000195682,0.1415081829763949,0.4779720422811806,2.5394314252771437
911,SingleLineInfilling/HumanEval/161/L3,HumanEval/161,L3,<=8,best_simple_length_policy,ok,True,6,6,0,0,lcal_official_bounded_repair,base,none,True,,,cd40fc4ba443e535c18eff48858719a022b691a6470797ca3582b8471b9d2b8f,1.8968146189581603,0.14920354716014117,0.5080489979591221,2.5540671640774235
912,SingleLineInfilling/HumanEval/161/L4,HumanEval/161,L4,<=8,best_simple_length_policy,ok,True,6,6,0,0,lcal_official_bounded_repair,base,none,True,,,cd40fc4ba443e535c18eff48858719a022b691a6470797ca3582b8471b9d2b8f,1.907024483080022,0.14874865382444113,0.5155891599133611,2.5713622968178242
913,SingleLineInfilling/HumanEval/161/L5,HumanEval/161,L5,9-12,best_simple_length_policy,ok,False,10,9,-1,1,lcal_official_bounded_repair,base,none,True,UnitTestFailure,failed: 'str' object has no attribute 'swap',318bce9bed26b8f6daf4301102864cfbca7ab29d26cb061b4406a57a66b1e17a,1.9022913039661944,0.14984166389331222,0.5025417862925678,2.5546747541520745
914,SingleLineInfilling/HumanEval/161/L6,HumanEval/161,L6,<=8,best_simple_length_policy,ok,True,7,7,0,0,lcal_official_bounded_repair,base,none,True,,,cd40fc4ba443e535c18eff48858719a022b691a6470797ca3582b8471b9d2b8f,1.8971748949261382,0.15261253400240093,0.6189894513227046,2.6687768802512437
915,SingleLineInfilling/HumanEval/161/L7,HumanEval/161,L7,<=8,best_simple_length_policy,ok,True,6,6,0,0,lcal_official_bounded_repair,base,none,True,,,cd40fc4ba443e535c18eff48858719a022b691a6470797ca3582b8471b9d2b8f,1.8970974569674581,0.141581364790909,0.4601997701684013,2.4988785919267684
916,SingleLineInfilling/HumanEval/161/L8,HumanEval/161,L8,<=8,best_simple_length_policy,ok,True,4,4,0,0,lcal_official_bounded_repair,base,none,True,,,bb6fba7c2045e3c83792181fbb3ff748b19192d70e112a02f4c8a65578fc7cb6,1.9079509120201692,0.15349635179154575,0.4930725088343024,2.5545197726460174
917,SingleLineInfilling/HumanEval/161/L9,HumanEval/161,L9,<=8,best_simple_length_policy,ok,True,7,7,0,0,lcal_official_bounded_repair,base,none,True,,,cd40fc4ba443e535c18eff48858719a022b691a6470797ca3582b8471b9d2b8f,1.8987372450064868,0.14440917409956455,0.5520811229944229,2.5952275421004742
918,SingleLineInfilling/HumanEval/161/L10,HumanEval/161,L10,<=8,best_simple_length_policy,ok,True,5,7,2,2,lcal_official_bounded_repair,official_bounded_repair,none,True,,,b777f49e8a136153f9e0c92047551cde095c85cc4e15f00d86da35fc3d497da3,1.9021205259487033,0.13767779315821826,0.4671724437503144,2.506970762857236
919,SingleLineInfilling/HumanEval/161/L11,HumanEval/161,L11,<=8,best_simple_length_policy,ok,True,8,8,0,0,lcal_official_bounded_repair,base,none,True,,,cd40fc4ba443e535c18eff48858719a022b691a6470797ca3582b8471b9d2b8f,1.8912598899332806,0.14848745882045478,0.44598774006590247,2.485735088819638
920,SingleLineInfilling/HumanEval/161/L12,HumanEval/161,L12,9-12,best_simple_length_policy,ok,True,9,7,-2,2,lcal_official_bounded_repair,base,none,True,,,efab8fd6144560bd95953043378d95b9180e04087ed2c86b53b705eb19bfb661,1.897204642998986,0.15043123706709594,0.4761817891849205,2.5238176692510024
921,SingleLineInfilling/HumanEval/161/L13,HumanEval/161,L13,<=8,best_simple_length_policy,ok,True,4,7,3,3,lcal_official_bounded_repair,official_bounded_repair,none,True,,,4dc90f1a8806c831ddc900b106fed0f870f2a6ad7e2be6dfe196b4d3c83c08ab,1.8922686680452898,0.13851975998841226,0.45737041998654604,2.488158848020248
922,SingleLineInfilling/HumanEval/162/L0,HumanEval/162,L0,<=8,best_simple_length_policy,ok,True,4,4,0,0,lcal_official_bounded_repair,base,none,True,,,257bb72ce90d3621fdd45570f88804a56191d34d1eb69e78c724a55d7885ed4b,1.5585381190758198,0.15667286701500416,0.481068366789259,2.196279352880083
923,SingleLineInfilling/HumanEval/162/L1,HumanEval/162,L1,17-24,best_simple_length_policy,ok,False,17,9,-8,8,lcal_official_bounded_repair,base,none,True,UnitTestFailure,failed: Strings must be encoded before hashing,cb36c4e3d0ee62ec8b04f08092a57495edee8bcedfea038b841dcc2b1806d82a,1.5598873330745846,0.14681650104466826,0.44761616364121437,2.1543199977604672
924,SingleLineInfilling/HumanEval/163/L0,HumanEval/163,L0,9-12,best_simple_length_policy,ok,True,12,12,0,0,lcal_official_bounded_repair,base,none,True,,,bebabd4464231a1b789e776c80d313f2320fb73532ca4f637a6c5791b8101fb2,1.8535026360768825,0.14841871813405305,0.5148176179500297,2.516738972160965
925,SingleLineInfilling/HumanEval/163/L1,HumanEval/163,L1,9-12,best_simple_length_policy,ok,False,12,4,-8,8,lcal_official_bounded_repair,base,none,True,UnitTestFailure,failed: Test 1,f9edab490f66bdfe026675f14bfb8c56cc7f684afea342129aa37347bf94a20b,1.8314263429492712,0.14177390409167856,0.5030878521502018,2.4762880991911516
926,SingleLineInfilling/HumanEval/163/L3,HumanEval/163,L3,17-24,best_simple_length_policy,ok,False,23,9,-14,14,lcal_official_bounded_repair,base,none,True,UnitTestFailure,failed: Test 1,7b14415229f5801a9b86b8cbb73a904bba0401d2c2c13bccd108385e9ef00395,1.8338799680350348,0.14353835408110172,0.4817054261220619,2.4591237482381985
0,SingleLineInfilling/HumanEval/0/L0,HumanEval/0,L0,9-12,oracle_sufficient_canvas,ok,True,9,9,0,0,oracle,,,True,,,022fe56865169f42bdb098ac22caa58da052ae57adc8ff365cfb7cbcfd4ab684,1.8444350569043308,0.14293417788576335,0.0,1.9873692347900942
1,SingleLineInfilling/HumanEval/0/L1,HumanEval/0,L1,9-12,oracle_sufficient_canvas,ok,True,11,11,0,0,oracle,,,True,,,40560c20a6f56877abd19fa87e39aa5d43f3bff6b7417c68e11fc772c096a6c9,1.865983625059016,0.1448186708148569,0.0,2.010802295873873
2,SingleLineInfilling/HumanEval/0/L2,HumanEval/0,L2,<=8,oracle_sufficient_canvas,ok,True,7,7,0,0,oracle,,,True,,,40560c20a6f56877abd19fa87e39aa5d43f3bff6b7417c68e11fc772c096a6c9,1.8394538150168955,0.12635854200925678,0.0,1.9658123570261523
3,SingleLineInfilling/HumanEval/0/L3,HumanEval/0,L3,9-12,oracle_sufficient_canvas,ok,True,9,9,0,0,oracle,,,True,,,40560c20a6f56877abd19fa87e39aa5d43f3bff6b7417c68e11fc772c096a6c9,1.8464129529893398,0.15257872315123677,0.0,1.9989916761405766
4,SingleLineInfilling/HumanEval/0/L4,HumanEval/0,L4,<=8,oracle_sufficient_canvas,ok,True,6,6,0,0,oracle,,,True,,,40560c20a6f56877abd19fa87e39aa5d43f3bff6b7417c68e11fc772c096a6c9,1.8479410539148375,0.11829115392174572,0.0,1.9662322078365833
5,SingleLineInfilling/HumanEval/0/L5,HumanEval/0,L5,<=8,oracle_sufficient_canvas,ok,True,4,4,0,0,oracle,,,True,,,45476b2a9affa6719f9ed261e082569e50475a09595c6a549823d41315ca82cf,1.8313564050476998,0.12910440505947918,0.0,1.960460810107179
6,SingleLineInfilling/HumanEval/0/L7,HumanEval/0,L7,<=8,oracle_sufficient_canvas,ok,True,4,4,0,0,oracle,,,True,,,40560c20a6f56877abd19fa87e39aa5d43f3bff6b7417c68e11fc772c096a6c9,1.8375892740441486,0.11895903688855469,0.0,1.9565483109327033
7,SingleLineInfilling/HumanEval/1/L0,HumanEval/1,L0,<=8,oracle_sufficient_canvas,ok,True,4,4,0,0,oracle,,,True,,,75d1216ea08a8516c77e56e76872cce1f83f2c11f111641eb17b2acc5ac1122f,1.8910466190427542,0.1421908229822293,0.0,2.0332374420249835
8,SingleLineInfilling/HumanEval/1/L1,HumanEval/1,L1,<=8,oracle_sufficient_canvas,ok,True,5,5,0,0,oracle,,,True,,,464c1465d5dbdf81777dab90f452cf22371867ee1349fed5d983ef0492c1f621,1.8927095209946856,0.1560046720551327,0.0,2.0487141930498183
9,SingleLineInfilling/HumanEval/1/L2,HumanEval/1,L2,<=8,oracle_sufficient_canvas,ok,True,7,7,0,0,oracle,,,True,,,a0634deb9329d5fc63fa5fcedb5c3585ddc1f037c8fcba1dfc357e995c206447,1.924776396015659,0.1305951391113922,0.0,2.055371535127051
10,SingleLineInfilling/HumanEval/1/L4,HumanEval/1,L4,<=8,oracle_sufficient_canvas,ok,True,7,7,0,0,oracle,,,True,,,464c1465d5dbdf81777dab90f452cf22371867ee1349fed5d983ef0492c1f621,1.929195269010961,0.14045259996782988,0.0,2.069647868978791
11,SingleLineInfilling/HumanEval/1/L5,HumanEval/1,L5,<=8,oracle_sufficient_canvas,ok,True,6,6,0,0,oracle,,,True,,,464c1465d5dbdf81777dab90f452cf22371867ee1349fed5d983ef0492c1f621,1.8903063009493053,0.14962350111454725,0.0,2.0399298020638525
12,SingleLineInfilling/HumanEval/1/L6,HumanEval/1,L6,<=8,oracle_sufficient_canvas,ok,True,7,7,0,0,oracle,,,True,,,464c1465d5dbdf81777dab90f452cf22371867ee1349fed5d983ef0492c1f621,1.9102326260181144,0.14417252608109266,0.0,2.054405152099207
13,SingleLineInfilling/HumanEval/1/L7,HumanEval/1,L7,<=8,oracle_sufficient_canvas,ok,True,6,6,0,0,oracle,,,True,,,464c1465d5dbdf81777dab90f452cf22371867ee1349fed5d983ef0492c1f621,1.8983341400744393,0.14780611894093454,0.0,2.046140259015374
14,SingleLineInfilling/HumanEval/1/L8,HumanEval/1,L8,<=8,oracle_sufficient_canvas,ok,True,6,6,0,0,oracle,,,True,,,464c1465d5dbdf81777dab90f452cf22371867ee1349fed5d983ef0492c1f621,1.903990512015298,0.13912910304497927,0.0,2.0431196150602773
15,SingleLineInfilling/HumanEval/1/L9,HumanEval/1,L9,<=8,oracle_sufficient_canvas,ok,True,7,7,0,0,oracle,,,True,,,464c1465d5dbdf81777dab90f452cf22371867ee1349fed5d983ef0492c1f621,1.8968587819254026,0.1369478318374604,0.0,2.033806613762863
16,SingleLineInfilling/HumanEval/1/L10,HumanEval/1,L10,<=8,oracle_sufficient_canvas,ok,False,6,6,0,0,oracle,,,True,UnitTestFailure,failed: ,eed679b8fe578979833e4be4a14882df907d8cb2e8114e2b6248b7ef6ff46bb1,1.8799164239317179,0.12225168896839023,0.0,2.002168112900108
17,SingleLineInfilling/HumanEval/1/L12,HumanEval/1,L12,<=8,oracle_sufficient_canvas,ok,True,8,8,0,0,oracle,,,True,,,464c1465d5dbdf81777dab90f452cf22371867ee1349fed5d983ef0492c1f621,1.9038737639784813,0.14037752093281597,0.0,2.0442512849112973
18,SingleLineInfilling/HumanEval/1/L13,HumanEval/1,L13,9-12,oracle_sufficient_canvas,ok,True,9,9,0,0,oracle,,,True,,,464c1465d5dbdf81777dab90f452cf22371867ee1349fed5d983ef0492c1f621,1.896714344038628,0.15168668888509274,0.0,2.0484010329237208
19,SingleLineInfilling/HumanEval/1/L14,HumanEval/1,L14,<=8,oracle_sufficient_canvas,ok,False,5,5,0,0,oracle,,,True,UnitTestFailure,failed: 'str' object has no attribute 'append',a994f58594ac60181d2fff0a6b14257ab71a42927a0afd5112b9527f975c9bab,1.889317384106107,0.15636217105202377,0.0,2.045679555158131
20,SingleLineInfilling/HumanEval/1/L16,HumanEval/1,L16,<=8,oracle_sufficient_canvas,ok,True,4,4,0,0,oracle,,,True,,,464c1465d5dbdf81777dab90f452cf22371867ee1349fed5d983ef0492c1f621,1.896127927931957,0.14019776892382652,0.0,2.0363256968557835
21,SingleLineInfilling/HumanEval/2/L0,HumanEval/2,L0,9-12,oracle_sufficient_canvas,ok,True,9,9,0,0,oracle,,,True,,,d42406c72f965c6d4ba02d965d1b5a56a64d27fa3543551b03695d11a7d932d1,1.6192329128971323,0.1513242858927697,0.0,1.770557198789902
22,SingleLineInfilling/HumanEval/3/L0,HumanEval/3,L0,<=8,oracle_sufficient_canvas,ok,True,6,6,0,0,oracle,,,True,,,fdd5bbe26668af0d0de42fdb06675f4f7c42f0fa2ab2cec0be6416467cf9650f,1.8419458009302616,0.13439212599769235,0.0,1.976337926927954
23,SingleLineInfilling/HumanEval/3/L2,HumanEval/3,L2,<=8,oracle_sufficient_canvas,ok,True,6,6,0,0,oracle,,,True,,,1a710a84f86e12ee74b7279afbf9fd53480c1753e133161783c0b84b4999346a,1.839286457048729,0.14965910103637725,0.0,1.9889455580851063
24,SingleLineInfilling/HumanEval/3/L3,HumanEval/3,L3,<=8,oracle_sufficient_canvas,ok,True,5,5,0,0,oracle,,,True,,,1a710a84f86e12ee74b7279afbf9fd53480c1753e133161783c0b84b4999346a,1.8119245179696009,0.1274964539334178,0.0,1.9394209719030187
25,SingleLineInfilling/HumanEval/3/L4,HumanEval/3,L4,<=8,oracle_sufficient_canvas,ok,True,7,7,0,0,oracle,,,True,,,1a710a84f86e12ee74b7279afbf9fd53480c1753e133161783c0b84b4999346a,1.841128897969611,0.15465584106277674,0.0,1.9957847390323877
26,SingleLineInfilling/HumanEval/3/L5,HumanEval/3,L5,<=8,oracle_sufficient_canvas,ok,True,4,4,0,0,oracle,,,True,,,5471f4be506bbdf667b230922e9995405dfba017d20a5ee1de04a5087b28f105,1.8130933160427958,0.14413073100149632,0.0,1.957224047044292
27,SingleLineInfilling/HumanEval/3/L7,HumanEval/3,L7,<=8,oracle_sufficient_canvas,ok,True,4,4,0,0,oracle,,,True,,,1a710a84f86e12ee74b7279afbf9fd53480c1753e133161783c0b84b4999346a,1.825599312898703,0.14635033393278718,0.0,1.97194964683149
28,SingleLineInfilling/HumanEval/4/L0,HumanEval/4,L0,9-12,oracle_sufficient_canvas,ok,True,10,10,0,0,oracle,,,True,,,cd05be48ddbd1ca287e1044cdc971f50c0228214f4dabff95c7379860b44ef47,1.8479189099743962,0.15090102807153016,0.0,1.9988199380459264
29,SingleLineInfilling/HumanEval/4/L1,HumanEval/4,L1,17-24,oracle_sufficient_canvas,ok,True,17,17,0,0,oracle,,,True,,,0c623b01f0e11938b37599e3a5a9e13d38d5e192a9e6a59ebd4fe6bc3c253946,1.8686238980153576,0.12277627817820758,0.0,1.9914001761935651
30,SingleLineInfilling/HumanEval/5/L0,HumanEval/5,L0,<=8,oracle_sufficient_canvas,ok,True,5,5,0,0,oracle,,,True,,,3eaf89c340d676df10bc4f1e6e018afc583be82bbb1b645434030b32acccaa46,1.8526527340291068,0.12288906902540475,0.0,1.9755418030545115
31,SingleLineInfilling/HumanEval/5/L1,HumanEval/5,L1,<=8,oracle_sufficient_canvas,ok,True,3,3,0,0,oracle,,,True,,,9307d743694e64ae208e3ce3c53912ca3cdb6abfa8aded8ed618f9af3448da2d,1.8482510689646006,0.13760442391503602,0.0,1.9858554928796366
32,SingleLineInfilling/HumanEval/5/L3,HumanEval/5,L3,<=8,oracle_sufficient_canvas,ok,False,4,4,0,0,oracle,,,True,UnitTestFailure,failed: ,00b17041a8c5c8226b7d9fcd43406a8dd3aa2701aa22cd801f5657b49d43d289,1.847692189970985,0.1421961549203843,0.0,1.9898883448913693
33,SingleLineInfilling/HumanEval/5/L5,HumanEval/5,L5,<=8,oracle_sufficient_canvas,ok,True,8,8,0,0,oracle,,,True,,,e29d7eff9cf73491f718294c6990a771fa0c8093d19845e682c5e7924c2a6811,1.8585883539635688,0.1393364769173786,0.0,1.9979248308809474
34,SingleLineInfilling/HumanEval/5/L6,HumanEval/5,L6,<=8,oracle_sufficient_canvas,ok,True,5,5,0,0,oracle,,,True,,,e29d7eff9cf73491f718294c6990a771fa0c8093d19845e682c5e7924c2a6811,1.8453448800137267,0.12435772304888815,0.0,1.9697026030626148
35,SingleLineInfilling/HumanEval/5/L7,HumanEval/5,L7,<=8,oracle_sufficient_canvas,ok,False,6,6,0,0,oracle,,,False,SyntaxError,"invalid syntax (<unknown>, line 18)",b7921ed9cc549f9af32b422cb1fb62f21faf77c1387a9e2f1230046c9186d4c0,1.8594898990122601,0.00028818193823099136,0.0,1.8597780809504911
36,SingleLineInfilling/HumanEval/5/L9,HumanEval/5,L9,<=8,oracle_sufficient_canvas,ok,False,7,7,0,0,oracle,,,True,UnitTestFailure,failed: ,615277ef6fa74b655ddc92ca3918978923178e1e48bf292567e995d7aca3ad0b,1.8626091999467462,0.11324915918521583,0.0,1.975858359131962
37,SingleLineInfilling/HumanEval/5/L11,HumanEval/5,L11,<=8,oracle_sufficient_canvas,ok,True,4,4,0,0,oracle,,,True,,,e29d7eff9cf73491f718294c6990a771fa0c8093d19845e682c5e7924c2a6811,1.8354495640378445,0.13792650506366044,0.0,1.973376069101505
38,SingleLineInfilling/HumanEval/6/L0,HumanEval/6,L0,<=8,oracle_sufficient_canvas,ok,True,8,8,0,0,oracle,,,True,,,758b9e8e48125576d38b79ce7d3e600057c5d86482f0f18df39163ff3eb7094c,1.8839579550549388,0.15669497207272798,0.0,2.0406529271276668
39,SingleLineInfilling/HumanEval/6/L1,HumanEval/6,L1,<=8,oracle_sufficient_canvas,ok,True,6,6,0,0,oracle,,,True,,,7a31b613f4456342f4ff112e741826f0ccb23cff4b09b87c6d93a366488afeb9,1.8514157149475068,0.15100113197695464,0.0,2.0024168469244614
40,SingleLineInfilling/HumanEval/6/L2,HumanEval/6,L2,<=8,oracle_sufficient_canvas,ok,True,7,7,0,0,oracle,,,True,,,7a31b613f4456342f4ff112e741826f0ccb23cff4b09b87c6d93a366488afeb9,1.8605767189292237,0.15637477091513574,0.0,2.0169514898443595
41,SingleLineInfilling/HumanEval/6/L3,HumanEval/6,L3,<=8,oracle_sufficient_canvas,ok,True,6,6,0,0,oracle,,,True,,,7a31b613f4456342f4ff112e741826f0ccb23cff4b09b87c6d93a366488afeb9,1.8658552540000528,0.15513006004039198,0.0,2.020985314040445
42,SingleLineInfilling/HumanEval/6/L4,HumanEval/6,L4,<=8,oracle_sufficient_canvas,ok,True,6,6,0,0,oracle,,,True,,,7a31b613f4456342f4ff112e741826f0ccb23cff4b09b87c6d93a366488afeb9,1.8647838110337034,0.14888259815052152,0.0,2.013666409184225
43,SingleLineInfilling/HumanEval/6/L5,HumanEval/6,L5,<=8,oracle_sufficient_canvas,ok,True,6,6,0,0,oracle,,,True,,,7a31b613f4456342f4ff112e741826f0ccb23cff4b09b87c6d93a366488afeb9,1.8487644620472565,0.1553377629024908,0.0,2.0041022249497473
44,SingleLineInfilling/HumanEval/6/L6,HumanEval/6,L6,9-12,oracle_sufficient_canvas,ok,True,10,10,0,0,oracle,,,True,,,3dedd66afbd4f84ccd95fee8ec095f2bd2022c8d66e2c8afa4377739933e7e58,1.8678698600269854,0.1457523200660944,0.0,2.01362218009308
45,SingleLineInfilling/HumanEval/6/L7,HumanEval/6,L7,<=8,oracle_sufficient_canvas,ok,True,3,3,0,0,oracle,,,True,,,7a31b613f4456342f4ff112e741826f0ccb23cff4b09b87c6d93a366488afeb9,1.867735797073692,0.14369352615904063,0.0,2.0114293232327327
46,SingleLineInfilling/HumanEval/6/L8,HumanEval/6,L8,<=8,oracle_sufficient_canvas,ok,False,6,6,0,0,oracle,,,True,UnitTestFailure,failed: ,ca74af5b867e4f1e3bf24a88774f945df045e165c9f40fd230d6cec9d40a8514,1.9049464259296656,0.1549019549274817,0.0,2.0598483808571473
47,SingleLineInfilling/HumanEval/6/L10,HumanEval/6,L10,<=8,oracle_sufficient_canvas,ok,True,5,5,0,0,oracle,,,True,,,b6b77184dbf16a7babe2dca7b8ed001a8da2cb956f4b0ead055fd004f36470f9,1.9106473419815302,0.14608783624134958,0.0,2.0567351782228798
48,SingleLineInfilling/HumanEval/6/L12,HumanEval/6,L12,17-24,oracle_sufficient_canvas,ok,True,20,20,0,0,oracle,,,True,,,d0b160f2e292bb412c4e45da28d7e209ee9335f937ffe72d9c4422974bc7bef4,1.9059718779753894,0.14618413092102855,0.0,2.052156008896418
49,SingleLineInfilling/HumanEval/7/L0,HumanEval/7,L0,13-16,oracle_sufficient_canvas,ok,True,13,13,0,0,oracle,,,True,,,35031b438f9332152fe7fb0a41abcb6964d6eda841672b244fcb21032b093c2c,1.6068720549810678,0.14540596713777632,0.0,1.752278022118844
50,SingleLineInfilling/HumanEval/8/L0,HumanEval/8,L0,<=8,oracle_sufficient_canvas,ok,True,7,7,0,0,oracle,,,True,,,6db1d3ea34230eabac11c7b13b90deadb11588a3b81148840f98b0d1d14fc9a4,1.8335527670569718,0.15415641211438924,0.0,1.987709179171361
51,SingleLineInfilling/HumanEval/8/L1,HumanEval/8,L1,<=8,oracle_sufficient_canvas,ok,True,7,7,0,0,oracle,,,True,,,e1dc6cec31284b057dcca44fce514b449e08400d0b5b91d32ef55d16df6e1379,1.8281215130118653,0.14370186801534146,0.0,1.9718233810272068
52,SingleLineInfilling/HumanEval/8/L3,HumanEval/8,L3,<=8,oracle_sufficient_canvas,ok,True,6,6,0,0,oracle,,,True,,,f81f225ca186c969c4a4759fbb9068160082e0ab033456fcf524227202fea3f1,1.8328821680042893,0.155347250867635,0.0,1.9882294188719243
53,SingleLineInfilling/HumanEval/8/L4,HumanEval/8,L4,<=8,oracle_sufficient_canvas,ok,True,6,6,0,0,oracle,,,True,,,f81f225ca186c969c4a4759fbb9068160082e0ab033456fcf524227202fea3f1,1.8366468000458553,0.15130093600600958,0.0,1.987947736051865
54,SingleLineInfilling/HumanEval/8/L5,HumanEval/8,L5,<=8,oracle_sufficient_canvas,ok,True,6,6,0,0,oracle,,,True,,,403eea16f5b30e3183e9923c31398e62d7f4f457147ca686f1dde5683bf5e554,1.8438461709301919,0.14965342893265188,0.0,1.9934995998628438
55,SingleLineInfilling/HumanEval/8/L6,HumanEval/8,L6,<=8,oracle_sufficient_canvas,ok,True,8,8,0,0,oracle,,,True,,,f81f225ca186c969c4a4759fbb9068160082e0ab033456fcf524227202fea3f1,1.8387381699867547,0.14628184994217008,0.0,1.9850200199289247
56,SingleLineInfilling/HumanEval/9/L0,HumanEval/9,L0,<=8,oracle_sufficient_canvas,ok,True,6,6,0,0,oracle,,,True,,,3d733e81f195e420cbc3c8e47ce3bdf19470a51bbb873761686184cfb03e5fba,1.8615013760281727,0.16057306493166834,0.0,2.022074440959841
57,SingleLineInfilling/HumanEval/9/L1,HumanEval/9,L1,<=8,oracle_sufficient_canvas,ok,False,4,4,0,0,oracle,,,True,UnitTestFailure,timed out,387b082012ff7213e99b768a015e4c735c52066d951372c8e7debe07f187bada,1.8519660159945488,3.2249897979199886,0.0,5.076955813914537
58,SingleLineInfilling/HumanEval/9/L3,HumanEval/9,L3,<=8,oracle_sufficient_canvas,ok,True,6,6,0,0,oracle,,,True,,,32af61f17fb376cc1dd042dba50d561411a01ceb3047e358245b577c03971690,1.872251069988124,0.14702783012762666,0.0,2.0192789001157507
59,SingleLineInfilling/HumanEval/9/L4,HumanEval/9,L4,<=8,oracle_sufficient_canvas,ok,True,7,7,0,0,oracle,,,True,,,32af61f17fb376cc1dd042dba50d561411a01ceb3047e358245b577c03971690,1.8530949010746554,0.14866232487838715,0.0,2.0017572259530425
60,SingleLineInfilling/HumanEval/9/L5,HumanEval/9,L5,<=8,oracle_sufficient_canvas,ok,True,6,6,0,0,oracle,,,True,,,32af61f17fb376cc1dd042dba50d561411a01ceb3047e358245b577c03971690,1.848616902017966,0.12307799595873803,0.0,1.971694897976704
61,SingleLineInfilling/HumanEval/9/L6,HumanEval/9,L6,<=8,oracle_sufficient_canvas,ok,True,3,3,0,0,oracle,,,True,,,32af61f17fb376cc1dd042dba50d561411a01ceb3047e358245b577c03971690,1.8532413120847195,0.14672776497900486,0.0,1.9999690770637244
62,SingleLineInfilling/HumanEval/9/L7,HumanEval/9,L7,9-12,oracle_sufficient_canvas,ok,True,11,11,0,0,oracle,,,True,,,0f0f7f8869f226788a6cbdef7dbf4a73f3047308516a044197afa599d664d1c6,1.8562197699211538,0.13987004407681525,0.0,1.996089813997969
63,SingleLineInfilling/HumanEval/9/L9,HumanEval/9,L9,<=8,oracle_sufficient_canvas,ok,False,7,7,0,0,oracle,,,True,UnitTestFailure,failed: list assignment index out of range,fa03ce1b1f9c2e2c0c4213c84d8001f28b8a084e8a4624f9365c6d0444acb58f,1.889047819073312,0.12713471020106226,0.0,2.0161825292743742
64,SingleLineInfilling/HumanEval/9/L11,HumanEval/9,L11,<=8,oracle_sufficient_canvas,ok,True,4,4,0,0,oracle,,,True,,,32af61f17fb376cc1dd042dba50d561411a01ceb3047e358245b577c03971690,1.830196585971862,0.12735620408784598,0.0,1.957552790059708
65,SingleLineInfilling/HumanEval/10/L0,HumanEval/10,L0,<=8,oracle_sufficient_canvas,ok,True,5,5,0,0,oracle,,,True,,,d7fcbc52a9ff00a60e862bc383e14e0eba97a831e07bf38e7393a57598821d7f,1.8588727650931105,0.12692864309065044,0.0,1.985801408183761
66,SingleLineInfilling/HumanEval/10/L1,HumanEval/10,L1,<=8,oracle_sufficient_canvas,ok,True,3,3,0,0,oracle,,,True,,,3e9f3ded5ec6a890b4c2de3ecf01e6c951cf7c85589dd17391fe220c24f5a7e4,1.8776858530472964,0.13886992796324193,0.0,2.0165557810105383
67,SingleLineInfilling/HumanEval/10/L3,HumanEval/10,L3,<=8,oracle_sufficient_canvas,ok,True,8,8,0,0,oracle,,,True,,,eb415b99b4337c2c8faccfe3ba52ec4bec0e76342f795896c71e6ef03cc3cd90,1.8831288520013914,0.14549222099594772,0.0,2.028621072997339
68,SingleLineInfilling/HumanEval/10/L5,HumanEval/10,L5,13-16,oracle_sufficient_canvas,ok,True,14,14,0,0,oracle,,,True,,,4f93855da57c185ede19a14d11665607cecc1dd05277e38c4736ef3f7c56a9b4,1.87107296299655,0.1451154809910804,0.0,2.0161884439876303
69,SingleLineInfilling/HumanEval/10/L6,HumanEval/10,L6,<=8,oracle_sufficient_canvas,ok,False,8,8,0,0,oracle,,,True,UnitTestFailure,timed out,cc309501722a642d729d8688d951d37f4f5c5759fdf649437ba4fa06d5b49472,1.8914571459172294,3.1503786999965087,0.0,5.041835845913738
70,SingleLineInfilling/HumanEval/10/L8,HumanEval/10,L8,13-16,oracle_sufficient_canvas,ok,True,14,14,0,0,oracle,,,True,,,4f93855da57c185ede19a14d11665607cecc1dd05277e38c4736ef3f7c56a9b4,1.8680767150362954,0.14093373995274305,0.0,2.0090104549890384
71,SingleLineInfilling/HumanEval/11/L0,HumanEval/11,L0,<=8,oracle_sufficient_canvas,ok,True,7,7,0,0,oracle,,,True,,,9818921b4c63aec06e3125e246981f50d36d03a61489ee0799a43d0669c3de8e,1.6075970160309225,0.13858886901289225,0.0,1.7461858850438148
72,SingleLineInfilling/HumanEval/11/L1,HumanEval/11,L1,<=8,oracle_sufficient_canvas,ok,True,6,6,0,0,oracle,,,True,,,3f868f860b145b75670a38e6b052ea1b335906692087fd6221ce83cffbcfa496,1.6013555320678279,0.14548915717750788,0.0,1.7468446892453358
73,SingleLineInfilling/HumanEval/11/L2,HumanEval/11,L2,<=8,oracle_sufficient_canvas,ok,True,5,5,0,0,oracle,,,True,,,3f868f860b145b75670a38e6b052ea1b335906692087fd6221ce83cffbcfa496,1.6056800869992003,0.12072304310277104,0.0,1.7264031301019713
74,SingleLineInfilling/HumanEval/11/L3,HumanEval/11,L3,<=8,oracle_sufficient_canvas,ok,True,3,3,0,0,oracle,,,True,,,3f868f860b145b75670a38e6b052ea1b335906692087fd6221ce83cffbcfa496,1.5761118088848889,0.11951654811855406,0.0,1.695628357003443
75,SingleLineInfilling/HumanEval/11/L4,HumanEval/11,L4,<=8,oracle_sufficient_canvas,ok,False,5,5,0,0,oracle,,,True,UnitTestFailure,failed: ,520b535729cccf04dea10cf7ced1d41d6e1c1694c9b3dc7277e11d2069cbfb66,1.595518370042555,0.1311876061372459,0.0,1.726705976179801
76,SingleLineInfilling/HumanEval/11/L6,HumanEval/11,L6,17-24,oracle_sufficient_canvas,ok,True,20,20,0,0,oracle,,,True,,,265342630546d63c3fd63c11e4f9f175d75ff13bed76e5d2a4e6e59ab969c24e,1.6165485680103302,0.13842219300568104,0.0,1.7549707610160112
77,SingleLineInfilling/HumanEval/12/L0,HumanEval/12,L0,<=8,oracle_sufficient_canvas,ok,True,5,5,0,0,oracle,,,True,,,eca752301698b4422f17cef2b488476a94d1b9d97975e3a4596d7aeb81ec1d32,1.8354559650178999,0.1498102960176766,0.0,1.9852662610355765
78,SingleLineInfilling/HumanEval/12/L1,HumanEval/12,L1,<=8,oracle_sufficient_canvas,ok,False,4,4,0,0,oracle,,,True,UnitTestFailure,failed: ,36f8ebe1e9a332273ce69a8ff0954bf7e4d8a62cda08d95517a92dcd405d706a,1.8462300340179354,0.14506646699737757,0.0,1.991296501015313
79,SingleLineInfilling/HumanEval/12/L3,HumanEval/12,L3,9-12,oracle_sufficient_canvas,ok,True,12,12,0,0,oracle,,,True,,,0af140ec060481e0ae01d5040ba9578c7a4db7213da0968fd452fe4d4576cbff,1.8531226250343025,0.14837942994199693,0.0,2.0015020549762994
80,SingleLineInfilling/HumanEval/12/L4,HumanEval/12,L4,<=8,oracle_sufficient_canvas,ok,True,6,6,0,0,oracle,,,True,,,3685e6ba074e41236d9197c721cf71ef513eccd706be51a79f76727ad87884d6,1.8324538710294291,0.13485991791822016,0.0,1.9673137889476493
81,SingleLineInfilling/HumanEval/12/L5,HumanEval/12,L5,<=8,oracle_sufficient_canvas,ok,True,8,8,0,0,oracle,,,True,,,3685e6ba074e41236d9197c721cf71ef513eccd706be51a79f76727ad87884d6,1.848183793015778,0.1380515469936654,0.0,1.9862353400094435
82,SingleLineInfilling/HumanEval/12/L6,HumanEval/12,L6,<=8,oracle_sufficient_canvas,ok,True,4,4,0,0,oracle,,,True,,,3685e6ba074e41236d9197c721cf71ef513eccd706be51a79f76727ad87884d6,1.8371290679788217,0.14567510003689677,0.0,1.9828041680157185
83,SingleLineInfilling/HumanEval/13/L0,HumanEval/13,L0,<=8,oracle_sufficient_canvas,ok,True,4,4,0,0,oracle,,,True,,,5c5172751f1043398898d3f01c3e3925649e238de21ece93753eec7805357a7c,1.595877483021468,0.13503256114199758,0.0,1.7309100441634655
84,SingleLineInfilling/HumanEval/13/L1,HumanEval/13,L1,9-12,oracle_sufficient_canvas,ok,True,11,11,0,0,oracle,,,True,,,acc3b98a289aff9cc3fa28e707155d5ce11e9ccc2523eb12c22c804bb8f5cb1f,1.617014585994184,0.14329829008784145,0.0,1.7603128760820255
85,SingleLineInfilling/HumanEval/13/L2,HumanEval/13,L2,<=8,oracle_sufficient_canvas,ok,True,4,4,0,0,oracle,,,True,,,acc3b98a289aff9cc3fa28e707155d5ce11e9ccc2523eb12c22c804bb8f5cb1f,1.5825017349561676,0.13974020502064377,0.0,1.7222419399768114
86,SingleLineInfilling/HumanEval/14/L0,HumanEval/14,L0,<=8,oracle_sufficient_canvas,ok,False,4,4,0,0,oracle,,,True,UnitTestFailure,failed: ,55a2f19b1b935992bb7858ba3baa127097397854f551225222286394e8ca9d42,1.586799773038365,0.14576253097038716,0.0,1.732562304008752
87,SingleLineInfilling/HumanEval/14/L2,HumanEval/14,L2,<=8,oracle_sufficient_canvas,ok,True,8,8,0,0,oracle,,,True,,,e8cd7aa1d5ff0f57886eaadfc33f200e424171a9135ba39f7a23436921c2014b,1.602008453104645,0.15447935508564115,0.0,1.7564878081902862
88,SingleLineInfilling/HumanEval/14/L3,HumanEval/14,L3,9-12,oracle_sufficient_canvas,ok,True,9,9,0,0,oracle,,,True,,,ac68a53c694969f5ddd4957df68590893569db36e6ae1757edc51860ea097527,1.6245653429068625,0.1208787988871336,0.0,1.745444141793996
89,SingleLineInfilling/HumanEval/14/L4,HumanEval/14,L4,<=8,oracle_sufficient_canvas,ok,True,4,4,0,0,oracle,,,True,,,e8cd7aa1d5ff0f57886eaadfc33f200e424171a9135ba39f7a23436921c2014b,1.5956839590799063,0.14271278912201524,0.0,1.7383967482019216
90,SingleLineInfilling/HumanEval/15/L0,HumanEval/15,L0,17-24,oracle_sufficient_canvas,ok,True,18,18,0,0,oracle,,,True,,,5ca4bdc0671a87db1f781f55b74797f0def17733e5af627926826e75f44a3410,1.618494761059992,0.15297140704933554,0.0,1.7714661681093276
91,SingleLineInfilling/HumanEval/16/L0,HumanEval/16,L0,<=8,oracle_sufficient_canvas,ok,True,7,7,0,0,oracle,,,True,,,423c482610ce398fdd269b3b11b1e73476023cdb4a2d734ac82192e817bae206,1.6013117550173774,0.15208746201824397,0.0,1.7533992170356214
92,SingleLineInfilling/HumanEval/17/L0,HumanEval/17,L0,17-24,oracle_sufficient_canvas,ok,True,23,23,0,0,oracle,,,True,,,b21a3f80f6e5b3eebbb02c4502981feaae5cb059c4c23b5a345d531265f644f9,1.9348617269424722,0.15275498607661575,0.0,2.087616713019088
93,SingleLineInfilling/HumanEval/17/L1,HumanEval/17,L1,17-24,oracle_sufficient_canvas,ok,True,18,18,0,0,oracle,,,True,,,8966e7f800659352b01121d5f64bc6326c04592023bbc4c7ee39ef81042fd0a0,1.9128396719461307,0.14495532913133502,0.0,2.0577950010774657
94,SingleLineInfilling/HumanEval/18/L0,HumanEval/18,L0,<=8,oracle_sufficient_canvas,ok,True,6,6,0,0,oracle,,,True,,,303331825be12792824128189c6d27733a8ec43284f14b55e2f0407ed2678980,1.868017456959933,0.1553216091124341,0.0,2.023339066072367
95,SingleLineInfilling/HumanEval/18/L2,HumanEval/18,L2,17-24,oracle_sufficient_canvas,ok,True,17,17,0,0,oracle,,,True,,,6bbf98aacc9fc764b75ea37319fc68fef68453dfd5e67703b6894379a97e039c,1.872209129971452,0.1484291299711913,0.0,2.0206382599426433
96,SingleLineInfilling/HumanEval/18/L3,HumanEval/18,L3,9-12,oracle_sufficient_canvas,ok,True,12,12,0,0,oracle,,,True,,,6bbf98aacc9fc764b75ea37319fc68fef68453dfd5e67703b6894379a97e039c,1.859949424979277,0.15320105606224388,0.0,2.013150481041521
97,SingleLineInfilling/HumanEval/18/L4,HumanEval/18,L4,<=8,oracle_sufficient_canvas,ok,True,6,6,0,0,oracle,,,True,,,287152305b324d68d5d6b4938f2023fe46d10be0cc4e33218390664e3c313fd0,1.8491283759940416,0.15307568514253944,0.0,2.002204061136581
98,SingleLineInfilling/HumanEval/18/L6,HumanEval/18,L6,<=8,oracle_sufficient_canvas,ok,True,4,4,0,0,oracle,,,True,,,6bbf98aacc9fc764b75ea37319fc68fef68453dfd5e67703b6894379a97e039c,1.8495779020013288,0.14064280898310244,0.0,1.9902207109844312
99,SingleLineInfilling/HumanEval/19/L0,HumanEval/19,L0,<=8,oracle_sufficient_canvas,ok,True,5,5,0,0,oracle,,,True,,,d79d23f501fe7700a3e113bb966ba6e2d96cb2b750228a73b9c84338799cfd9f,1.8929389719851315,0.1531820350792259,0.0,2.0461210070643574
100,SingleLineInfilling/HumanEval/19/L1,HumanEval/19,L1,<=8,oracle_sufficient_canvas,ok,True,7,7,0,0,oracle,,,True,,,87b64884bd6d975b360ebf3292114006500c249dd3c68c21977b705eb7a5004f,1.8979895419906825,0.15301800018642098,0.0,2.0510075421771035
101,SingleLineInfilling/HumanEval/19/L2,HumanEval/19,L2,<=8,oracle_sufficient_canvas,ok,True,7,7,0,0,oracle,,,True,,,87b64884bd6d975b360ebf3292114006500c249dd3c68c21977b705eb7a5004f,1.9019895190140232,0.14458362490404397,0.0,2.046573143918067
102,SingleLineInfilling/HumanEval/19/L3,HumanEval/19,L3,<=8,oracle_sufficient_canvas,ok,True,7,7,0,0,oracle,,,True,,,87b64884bd6d975b360ebf3292114006500c249dd3c68c21977b705eb7a5004f,1.907714862958528,0.15417759399861097,0.0,2.061892456957139
103,SingleLineInfilling/HumanEval/19/L4,HumanEval/19,L4,<=8,oracle_sufficient_canvas,ok,True,7,7,0,0,oracle,,,True,,,87b64884bd6d975b360ebf3292114006500c249dd3c68c21977b705eb7a5004f,1.8949597199680284,0.15669899492058903,0.0,2.0516587148886174
104,SingleLineInfilling/HumanEval/19/L5,HumanEval/19,L5,<=8,oracle_sufficient_canvas,ok,True,7,7,0,0,oracle,,,True,,,87b64884bd6d975b360ebf3292114006500c249dd3c68c21977b705eb7a5004f,1.8936670960392803,0.15436517784837633,0.0,2.0480322738876566
105,SingleLineInfilling/HumanEval/19/L6,HumanEval/19,L6,<=8,oracle_sufficient_canvas,ok,True,7,7,0,0,oracle,,,True,,,87b64884bd6d975b360ebf3292114006500c249dd3c68c21977b705eb7a5004f,1.8869254969758913,0.14774437714368105,0.0,2.0346698741195723
106,SingleLineInfilling/HumanEval/19/L7,HumanEval/19,L7,<=8,oracle_sufficient_canvas,ok,True,7,7,0,0,oracle,,,True,,,87b64884bd6d975b360ebf3292114006500c249dd3c68c21977b705eb7a5004f,1.908666072995402,0.16215809993445873,0.0,2.0708241729298607
107,SingleLineInfilling/HumanEval/19/L8,HumanEval/19,L8,<=8,oracle_sufficient_canvas,ok,True,7,7,0,0,oracle,,,True,,,87b64884bd6d975b360ebf3292114006500c249dd3c68c21977b705eb7a5004f,1.9106160720111802,0.15652583190239966,0.0,2.06714190391358
108,SingleLineInfilling/HumanEval/19/L9,HumanEval/19,L9,<=8,oracle_sufficient_canvas,ok,True,7,7,0,0,oracle,,,True,,,87b64884bd6d975b360ebf3292114006500c249dd3c68c21977b705eb7a5004f,1.8988454070640728,0.14842114108614624,0.0,2.047266548150219
109,SingleLineInfilling/HumanEval/19/L10,HumanEval/19,L10,<=8,oracle_sufficient_canvas,ok,True,7,7,0,0,oracle,,,True,,,87b64884bd6d975b360ebf3292114006500c249dd3c68c21977b705eb7a5004f,1.9022517680423334,0.15384114196058363,0.0,2.056092910002917
110,SingleLineInfilling/HumanEval/19/L11,HumanEval/19,L11,<=8,oracle_sufficient_canvas,ok,True,2,2,0,0,oracle,,,True,,,87b64884bd6d975b360ebf3292114006500c249dd3c68c21977b705eb7a5004f,1.8616779809817672,0.15586505201645195,0.0,2.017543032998219
111,SingleLineInfilling/HumanEval/19/L12,HumanEval/19,L12,25+,oracle_sufficient_canvas,ok,False,26,26,0,0,oracle,,,False,SyntaxError,"expected an indented block after 'if' statement on line 26 (<unknown>, line 26)",416ca4814105449d61ddee5558d2c827c09df45bdcb4926b53bf8933f9174702,1.959268085891381,0.00033380696550011635,0.0,1.959601892856881
112,SingleLineInfilling/HumanEval/20/L0,HumanEval/20,L0,<=8,oracle_sufficient_canvas,ok,True,6,6,0,0,oracle,,,True,,,33f155c0e4b29fed339d63c22946683da7f0a789b06f8ce11b6bebaf251f66c3,2.321104269940406,0.15010443096980453,0.0,2.4712087009102106
113,SingleLineInfilling/HumanEval/20/L1,HumanEval/20,L1,<=8,oracle_sufficient_canvas,ok,False,5,5,0,0,oracle,,,True,UnitTestFailure,failed: ,d70e4ab02d14eece7cb1e1415f93c7cfc72e3bc25953c23f367179d9b27a8fbb,2.3292562819551677,0.15558350691571832,0.0,2.484839788870886
114,SingleLineInfilling/HumanEval/20/L3,HumanEval/20,L3,9-12,oracle_sufficient_canvas,ok,True,9,9,0,0,oracle,,,True,,,c71bef97bdbf6601f7f70f815cead4e2725ffa6d6d85bf1a86e8d37d7d8e99fd,2.3064833319513127,0.1531080869026482,0.0,2.459591418853961
115,SingleLineInfilling/HumanEval/20/L4,HumanEval/20,L4,9-12,oracle_sufficient_canvas,ok,True,11,11,0,0,oracle,,,True,,,c71bef97bdbf6601f7f70f815cead4e2725ffa6d6d85bf1a86e8d37d7d8e99fd,2.3351224650396034,0.12497797713149339,0.0,2.460100442171097
116,SingleLineInfilling/HumanEval/20/L5,HumanEval/20,L5,<=8,oracle_sufficient_canvas,ok,True,7,7,0,0,oracle,,,True,,,c71bef97bdbf6601f7f70f815cead4e2725ffa6d6d85bf1a86e8d37d7d8e99fd,2.3148812430445105,0.12429100507870317,0.0,2.4391722481232136
117,SingleLineInfilling/HumanEval/20/L6,HumanEval/20,L6,<=8,oracle_sufficient_canvas,ok,True,6,6,0,0,oracle,,,True,,,c71bef97bdbf6601f7f70f815cead4e2725ffa6d6d85bf1a86e8d37d7d8e99fd,2.2960154559696093,0.15128581784665585,0.0,2.447301273816265
118,SingleLineInfilling/HumanEval/20/L7,HumanEval/20,L7,9-12,oracle_sufficient_canvas,ok,True,9,9,0,0,oracle,,,True,,,c71bef97bdbf6601f7f70f815cead4e2725ffa6d6d85bf1a86e8d37d7d8e99fd,2.316687406040728,0.12240648898296058,0.0,2.4390938950236887
119,SingleLineInfilling/HumanEval/20/L8,HumanEval/20,L8,9-12,oracle_sufficient_canvas,ok,True,12,12,0,0,oracle,,,True,,,c71bef97bdbf6601f7f70f815cead4e2725ffa6d6d85bf1a86e8d37d7d8e99fd,2.3505870039807633,0.12941625295206904,0.0,2.4800032569328323
120,SingleLineInfilling/HumanEval/20/L9,HumanEval/20,L9,<=8,oracle_sufficient_canvas,ok,True,3,3,0,0,oracle,,,True,,,c71bef97bdbf6601f7f70f815cead4e2725ffa6d6d85bf1a86e8d37d7d8e99fd,2.3058687819866464,0.14184056094381958,0.0,2.447709342930466
121,SingleLineInfilling/HumanEval/20/L10,HumanEval/20,L10,9-12,oracle_sufficient_canvas,ok,True,10,10,0,0,oracle,,,True,,,c71bef97bdbf6601f7f70f815cead4e2725ffa6d6d85bf1a86e8d37d7d8e99fd,2.3262706480454654,0.14499517704825848,0.0,2.471265825093724
122,SingleLineInfilling/HumanEval/20/L11,HumanEval/20,L11,<=8,oracle_sufficient_canvas,ok,True,7,7,0,0,oracle,,,True,,,c71bef97bdbf6601f7f70f815cead4e2725ffa6d6d85bf1a86e8d37d7d8e99fd,2.302388113923371,0.15014057501684874,0.0,2.4525286889402196
123,SingleLineInfilling/HumanEval/20/L12,HumanEval/20,L12,<=8,oracle_sufficient_canvas,ok,True,6,6,0,0,oracle,,,True,,,c71bef97bdbf6601f7f70f815cead4e2725ffa6d6d85bf1a86e8d37d7d8e99fd,2.3222096499521285,0.13671127904672176,0.0,2.4589209289988503
124,SingleLineInfilling/HumanEval/20/L13,HumanEval/20,L13,9-12,oracle_sufficient_canvas,ok,False,12,12,0,0,oracle,,,True,UnitTestFailure,failed: ,7a06ba351c403b3a0094daa6b5ac1cb1accc3d7683e01703f74faece4597cb04,2.3418882589321584,0.12449953111354262,0.0,2.466387790045701
125,SingleLineInfilling/HumanEval/20/L15,HumanEval/20,L15,<=8,oracle_sufficient_canvas,ok,True,5,5,0,0,oracle,,,True,,,c71bef97bdbf6601f7f70f815cead4e2725ffa6d6d85bf1a86e8d37d7d8e99fd,2.3175105300033465,0.12864801799878478,0.0,2.4461585480021313
126,SingleLineInfilling/HumanEval/21/L0,HumanEval/21,L0,<=8,oracle_sufficient_canvas,ok,True,7,7,0,0,oracle,,,True,,,b2fc096faf74832420fa38a0f25a8d92d4b88d7cb82c4bdc86f9c92ae8f2437a,1.844141753972508,0.13484677183441818,0.0,1.9789885258069262
127,SingleLineInfilling/HumanEval/21/L1,HumanEval/21,L1,<=8,oracle_sufficient_canvas,ok,True,7,7,0,0,oracle,,,True,,,cac7ded7f3e9aca0cda3d698e8fc039880abedca0d55e1bc97003f36d988c17b,1.863113733008504,0.1462333380477503,0.0,2.009347071056254
128,SingleLineInfilling/HumanEval/21/L2,HumanEval/21,L2,17-24,oracle_sufficient_canvas,ok,True,21,21,0,0,oracle,,,True,,,e2ca93b26c28bb9860e7602f757917c4426dd47959e5b754e825b4fd930e065f,1.9227652860572562,0.12027142697479576,0.0,2.043036713032052
129,SingleLineInfilling/HumanEval/22/L0,HumanEval/22,L0,13-16,oracle_sufficient_canvas,ok,True,14,14,0,0,oracle,,,True,,,879aa297bac0975da14b43b4be5102488c1e2acfdbe146e1c03d4d58ff6a724e,1.5994447630364448,0.1391146550886333,0.0,1.738559418125078
130,SingleLineInfilling/HumanEval/23/L0,HumanEval/23,L0,<=8,oracle_sufficient_canvas,ok,True,5,5,0,0,oracle,,,True,,,440465f1c739e906dcc2449bc7d527ed69efd63180589de7bd3d10650b085736,1.4838732390198857,0.1427449908806011,0.0,1.6266182299004868
131,SingleLineInfilling/HumanEval/24/L0,HumanEval/24,L0,<=8,oracle_sufficient_canvas,ok,True,8,8,0,0,oracle,,,True,,,672f1285e171eb9993a3fbdbdba30a95e447339956f0b4388dea29f08fedf042,1.609147583018057,0.1425616779597476,0.0,1.7517092609778047
132,SingleLineInfilling/HumanEval/24/L1,HumanEval/24,L1,9-12,oracle_sufficient_canvas,ok,True,9,9,0,0,oracle,,,True,,,edc35161ab72014ac56b571a50dd472ffac9413b62e60a1753a155fe0492e16a,1.571919139008969,0.12057687097694725,0.0,1.6924960099859163
133,SingleLineInfilling/HumanEval/24/L2,HumanEval/24,L2,<=8,oracle_sufficient_canvas,ok,True,4,4,0,0,oracle,,,True,,,edc35161ab72014ac56b571a50dd472ffac9413b62e60a1753a155fe0492e16a,1.5792520539835095,0.13162220793310553,0.0,1.710874261916615
134,SingleLineInfilling/HumanEval/25/L0,HumanEval/25,L0,<=8,oracle_sufficient_canvas,ok,True,4,4,0,0,oracle,,,True,,,6ea759a768d13efda2086e9b758832fb723a6050ac219bd2c813ff020cf188f3,1.8928403380559757,0.13978683098684996,0.0,2.0326271690428257
135,SingleLineInfilling/HumanEval/25/L1,HumanEval/25,L1,<=8,oracle_sufficient_canvas,ok,True,4,4,0,0,oracle,,,True,,,cb794a5daa75c37ed83e112f6c147b01a8804e9812ea325ee74837b44b54b749,1.910654400009662,0.1503301408374682,0.0,2.06098454084713
136,SingleLineInfilling/HumanEval/25/L2,HumanEval/25,L2,<=8,oracle_sufficient_canvas,ok,True,6,6,0,0,oracle,,,True,,,cb794a5daa75c37ed83e112f6c147b01a8804e9812ea325ee74837b44b54b749,1.8959715920500457,0.15981717291288078,0.0,2.0557887649629265
137,SingleLineInfilling/HumanEval/25/L3,HumanEval/25,L3,13-16,oracle_sufficient_canvas,ok,True,13,13,0,0,oracle,,,True,,,0ab90ef5cc67459d00170076d406e6ecce4d4d3e5cebbd109fb348c0d1bc568e,1.8909050390357152,0.15837422898039222,0.0,2.0492792680161074
138,SingleLineInfilling/HumanEval/25/L4,HumanEval/25,L4,9-12,oracle_sufficient_canvas,ok,True,9,9,0,0,oracle,,,True,,,cb794a5daa75c37ed83e112f6c147b01a8804e9812ea325ee74837b44b54b749,1.895915020024404,0.15403582097496837,0.0,2.0499508409993723
139,SingleLineInfilling/HumanEval/25/L5,HumanEval/25,L5,<=8,oracle_sufficient_canvas,ok,True,5,5,0,0,oracle,,,True,,,cb794a5daa75c37ed83e112f6c147b01a8804e9812ea325ee74837b44b54b749,1.8946086689829826,0.16259199299383909,0.0,2.0572006619768217
140,SingleLineInfilling/HumanEval/25/L6,HumanEval/25,L6,<=8,oracle_sufficient_canvas,ok,True,5,5,0,0,oracle,,,True,,,cb794a5daa75c37ed83e112f6c147b01a8804e9812ea325ee74837b44b54b749,1.8998984820209444,0.14416750194504857,0.0,2.044065983965993
141,SingleLineInfilling/HumanEval/25/L7,HumanEval/25,L7,<=8,oracle_sufficient_canvas,ok,True,3,3,0,0,oracle,,,True,,,cb794a5daa75c37ed83e112f6c147b01a8804e9812ea325ee74837b44b54b749,1.8736730340169743,0.13879950402770191,0.0,2.012472538044676
142,SingleLineInfilling/HumanEval/25/L8,HumanEval/25,L8,<=8,oracle_sufficient_canvas,ok,True,6,6,0,0,oracle,,,True,,,9a3a5b1e8ec7e4b6e625efd2f978bf077c7c3b8bc003aff0514d9188157282d2,1.9080427560256794,0.15024394006468356,0.0,2.058286696090363
143,SingleLineInfilling/HumanEval/25/L10,HumanEval/25,L10,<=8,oracle_sufficient_canvas,ok,True,7,7,0,0,oracle,,,True,,,cb794a5daa75c37ed83e112f6c147b01a8804e9812ea325ee74837b44b54b749,1.9016141589963809,0.13821796991396695,0.0,2.039832128910348
144,SingleLineInfilling/HumanEval/25/L11,HumanEval/25,L11,<=8,oracle_sufficient_canvas,ok,True,5,5,0,0,oracle,,,True,,,448b7de890a5ddccd78d39c24e363ecb2531b27be054bd1d667b87d320b1cd90,1.8807179549476132,0.14034057105891407,0.0,2.0210585260065272
145,SingleLineInfilling/HumanEval/25/L12,HumanEval/25,L12,<=8,oracle_sufficient_canvas,ok,True,4,4,0,0,oracle,,,True,,,cb794a5daa75c37ed83e112f6c147b01a8804e9812ea325ee74837b44b54b749,1.8925312360515818,0.1373511601705104,0.0,2.029882396222092
146,SingleLineInfilling/HumanEval/26/L0,HumanEval/26,L0,<=8,oracle_sufficient_canvas,ok,True,4,4,0,0,oracle,,,True,,,6f87a8f128c1a54a796bb13402f3c55055dbf987b545a8c69b3e8d41e8416a9a,1.584575081942603,0.14238663215655833,0.0,1.7269617140991613
147,SingleLineInfilling/HumanEval/26/L1,HumanEval/26,L1,<=8,oracle_sufficient_canvas,ok,True,7,7,0,0,oracle,,,True,,,6818cb9723c5321311c0994f593c7536fdb4d4dd98b2740a278a40f272025b5e,1.5796169280074537,0.1470110670197755,0.0,1.7266279950272292
148,SingleLineInfilling/HumanEval/26/L2,HumanEval/26,L2,13-16,oracle_sufficient_canvas,ok,True,16,16,0,0,oracle,,,True,,,f88698cf569ebbf6f22566065b02f894bbb6cc6efcc4940e4e0d94dd5f579a17,1.6069968289230019,0.13675732992123812,0.0,1.74375415884424
149,SingleLineInfilling/HumanEval/28/L0,HumanEval/28,L0,<=8,oracle_sufficient_canvas,ok,True,6,6,0,0,oracle,,,True,,,23b4dd59904e0b83dbdbe5083536717fb39318d2fbe11707a8d5742c196fb669,1.485153684974648,0.1428043961059302,0.0,1.6279580810805783
150,SingleLineInfilling/HumanEval/29/L0,HumanEval/29,L0,13-16,oracle_sufficient_canvas,ok,True,13,13,0,0,oracle,,,True,,,3e0a27f671d373dbfc8c24c5b7d4e9a25e69b6b13873921af0b3e438333521ff,1.582407295005396,0.12403220008127391,0.0,1.70643949508667
151,SingleLineInfilling/HumanEval/30/L0,HumanEval/30,L0,13-16,oracle_sufficient_canvas,ok,True,14,14,0,0,oracle,,,True,,,3209367894900492d277232d00c49763cde7ed0a57ae034bd4905d8a3fae7af6,1.859875817084685,0.13363684783689678,0.0,1.9935126649215817
152,SingleLineInfilling/HumanEval/32/L0,HumanEval/32,L0,9-12,oracle_sufficient_canvas,ok,False,11,11,0,0,oracle,,,True,UnitTestFailure,timed out,8767499eba261c1cfe11a208520545963de52bc3271a38a94b28737594156f7d,2.649625069927424,3.138574839103967,0.0,5.788199909031391
153,SingleLineInfilling/HumanEval/32/L1,HumanEval/32,L1,17-24,oracle_sufficient_canvas,ok,True,17,17,0,0,oracle,,,True,,,3390a284edc311fb1d66d4a9e3a71a496f344fc7b747ce82fc9a8398fc775c7a,2.65585471293889,0.1372161878971383,0.0,2.793070900836028
154,SingleLineInfilling/HumanEval/32/L2,HumanEval/32,L2,<=8,oracle_sufficient_canvas,ok,True,8,8,0,0,oracle,,,True,,,3390a284edc311fb1d66d4a9e3a71a496f344fc7b747ce82fc9a8398fc775c7a,2.627315513091162,0.15959108714014292,0.0,2.7869066002313048
155,SingleLineInfilling/HumanEval/32/L3,HumanEval/32,L3,<=8,oracle_sufficient_canvas,ok,True,8,8,0,0,oracle,,,True,,,3390a284edc311fb1d66d4a9e3a71a496f344fc7b747ce82fc9a8398fc775c7a,2.6550775999203324,0.16112887184135616,0.0,2.8162064717616886
156,SingleLineInfilling/HumanEval/32/L4,HumanEval/32,L4,13-16,oracle_sufficient_canvas,ok,False,13,13,0,0,oracle,,,True,UnitTestFailure,failed: ,87d9670daded4272075964fb897b8c0a2b17770155d49ded86bf8990672acdf4,2.6362400269135833,0.15899291902314872,0.0,2.795232945936732
157,SingleLineInfilling/HumanEval/32/L5,HumanEval/32,L5,13-16,oracle_sufficient_canvas,ok,True,14,14,0,0,oracle,,,True,,,3390a284edc311fb1d66d4a9e3a71a496f344fc7b747ce82fc9a8398fc775c7a,2.645845361985266,0.14078122389037162,0.0,2.786626585875638
158,SingleLineInfilling/HumanEval/32/L6,HumanEval/32,L6,17-24,oracle_sufficient_canvas,ok,True,17,17,0,0,oracle,,,True,,,a96fc57647ecc3f8ffc0b5fb561766e2b22d93542697deaf07905d6be16c65de,2.6560979000059888,0.15818719600792974,0.0,2.8142850960139185
159,SingleLineInfilling/HumanEval/32/L7,HumanEval/32,L7,<=8,oracle_sufficient_canvas,ok,True,5,5,0,0,oracle,,,True,,,3390a284edc311fb1d66d4a9e3a71a496f344fc7b747ce82fc9a8398fc775c7a,2.627900739898905,0.13678264897316694,0.0,2.764683388872072
160,SingleLineInfilling/HumanEval/32/L8,HumanEval/32,L8,<=8,oracle_sufficient_canvas,ok,True,3,3,0,0,oracle,,,True,,,3390a284edc311fb1d66d4a9e3a71a496f344fc7b747ce82fc9a8398fc775c7a,2.626667322940193,0.13365807698573917,0.0,2.7603253999259323
161,SingleLineInfilling/HumanEval/32/L9,HumanEval/32,L9,<=8,oracle_sufficient_canvas,ok,True,5,5,0,0,oracle,,,True,,,3390a284edc311fb1d66d4a9e3a71a496f344fc7b747ce82fc9a8398fc775c7a,2.602489495067857,0.1292642110493034,0.0,2.7317537061171606
162,SingleLineInfilling/HumanEval/32/L10,HumanEval/32,L10,<=8,oracle_sufficient_canvas,ok,True,4,4,0,0,oracle,,,True,,,e4aba6487c93636f12051e035aee53d7c72bab1663118de269120128b4fcf55c,2.6118850510101765,0.12940076179802418,0.0,2.7412858128082007
163,SingleLineInfilling/HumanEval/33/L0,HumanEval/33,L0,<=8,oracle_sufficient_canvas,ok,True,6,6,0,0,oracle,,,True,,,118811c531d0afccc3a192880906fa527682277006ff978d1ef3dddcc472b051,1.8490373160457239,0.13648686406668276,0.0,1.9855241801124066
164,SingleLineInfilling/HumanEval/33/L1,HumanEval/33,L1,13-16,oracle_sufficient_canvas,ok,True,13,13,0,0,oracle,,,True,,,7b2ec87ea8c43662dbdfaa660b2a9c5e38b3cc29189a6e10c5cbcfbdff9ea344,1.8810475239297375,0.1267585780005902,0.0,2.0078061019303277
165,SingleLineInfilling/HumanEval/33/L2,HumanEval/33,L2,<=8,oracle_sufficient_canvas,ok,True,4,4,0,0,oracle,,,True,,,7b2ec87ea8c43662dbdfaa660b2a9c5e38b3cc29189a6e10c5cbcfbdff9ea344,1.839346869965084,0.15133240493014455,0.0,1.9906792748952284
166,SingleLineInfilling/HumanEval/34/L0,HumanEval/34,L0,<=8,oracle_sufficient_canvas,ok,True,7,7,0,0,oracle,,,True,,,d168d21c5b75d8c2f936bac37e765642af04bba5c101258b80b3c61b6b79c740,1.5779583429684862,0.13790453504770994,0.0,1.7158628780161962
167,SingleLineInfilling/HumanEval/36/L0,HumanEval/36,L0,<=8,oracle_sufficient_canvas,ok,True,4,4,0,0,oracle,,,True,,,6914deb5b752b327c5fc2cdccfc8dd42f9edcbc24e7c36c7ac3e0352c4507b62,1.8410918599693105,0.161949806031771,0.0,2.0030416660010815
168,SingleLineInfilling/HumanEval/36/L1,HumanEval/36,L1,<=8,oracle_sufficient_canvas,ok,True,7,7,0,0,oracle,,,True,,,746507c9af7b2032ff0307d55be461982157ff5e5d472a2655f74a27be2df1c9,1.8578333900077268,0.13101692695636302,0.0,1.9888503169640899
169,SingleLineInfilling/HumanEval/36/L2,HumanEval/36,L2,17-24,oracle_sufficient_canvas,ok,True,20,20,0,0,oracle,,,True,,,746507c9af7b2032ff0307d55be461982157ff5e5d472a2655f74a27be2df1c9,1.8905786959221587,0.15664213499985635,0.0,2.047220830922015
170,SingleLineInfilling/HumanEval/36/L3,HumanEval/36,L3,<=8,oracle_sufficient_canvas,ok,True,5,5,0,0,oracle,,,True,,,746507c9af7b2032ff0307d55be461982157ff5e5d472a2655f74a27be2df1c9,1.832425425061956,0.1519742860691622,0.0,1.9843997111311182
171,SingleLineInfilling/HumanEval/36/L4,HumanEval/36,L4,9-12,oracle_sufficient_canvas,ok,True,11,11,0,0,oracle,,,True,,,746507c9af7b2032ff0307d55be461982157ff5e5d472a2655f74a27be2df1c9,1.8637966589303687,0.1346640329575166,0.0,1.9984606918878853
172,SingleLineInfilling/HumanEval/36/L5,HumanEval/36,L5,<=8,oracle_sufficient_canvas,ok,True,6,6,0,0,oracle,,,True,,,746507c9af7b2032ff0307d55be461982157ff5e5d472a2655f74a27be2df1c9,1.862749211024493,0.14598900685086846,0.0,2.0087382178753614
173,SingleLineInfilling/HumanEval/36/L6,HumanEval/36,L6,<=8,oracle_sufficient_canvas,ok,True,6,6,0,0,oracle,,,True,,,746507c9af7b2032ff0307d55be461982157ff5e5d472a2655f74a27be2df1c9,1.855569374980405,0.12514974107034504,0.0,1.98071911605075
174,SingleLineInfilling/HumanEval/36/L7,HumanEval/36,L7,9-12,oracle_sufficient_canvas,ok,True,9,9,0,0,oracle,,,True,,,746507c9af7b2032ff0307d55be461982157ff5e5d472a2655f74a27be2df1c9,1.865444377064705,0.1412017080001533,0.0,2.006646085064858
175,SingleLineInfilling/HumanEval/36/L8,HumanEval/36,L8,<=8,oracle_sufficient_canvas,ok,True,4,4,0,0,oracle,,,True,,,746507c9af7b2032ff0307d55be461982157ff5e5d472a2655f74a27be2df1c9,1.8340572760207579,0.1336012618849054,0.0,1.9676585379056633
176,SingleLineInfilling/HumanEval/37/L0,HumanEval/37,L0,9-12,oracle_sufficient_canvas,ok,True,9,9,0,0,oracle,,,True,,,d7d7a46d64c85b487c62d083cfafe3e67b32aa87a34851c4c8d014849eaad2a2,1.8600943720666692,0.14771806297358125,0.0,2.0078124350402504
177,SingleLineInfilling/HumanEval/37/L1,HumanEval/37,L1,9-12,oracle_sufficient_canvas,ok,True,9,9,0,0,oracle,,,True,,,f178ad6fb10eb0ff94574cc7b0a586bed05962b83cbfd4eb7b221d5d6d4fce28,1.8794049490243196,0.1581128459656611,0.0,2.0375177949899808
178,SingleLineInfilling/HumanEval/37/L2,HumanEval/37,L2,<=8,oracle_sufficient_canvas,ok,True,5,5,0,0,oracle,,,True,,,f178ad6fb10eb0ff94574cc7b0a586bed05962b83cbfd4eb7b221d5d6d4fce28,1.8716842209687456,0.1599934829864651,0.0,2.0316777039552107
179,SingleLineInfilling/HumanEval/37/L3,HumanEval/37,L3,<=8,oracle_sufficient_canvas,ok,True,4,4,0,0,oracle,,,True,,,f178ad6fb10eb0ff94574cc7b0a586bed05962b83cbfd4eb7b221d5d6d4fce28,1.850953171029687,0.1439090088242665,0.0,1.9948621798539534
180,SingleLineInfilling/HumanEval/37/L4,HumanEval/37,L4,9-12,oracle_sufficient_canvas,ok,True,12,12,0,0,oracle,,,True,,,f178ad6fb10eb0ff94574cc7b0a586bed05962b83cbfd4eb7b221d5d6d4fce28,1.8830008689546958,0.15610680903773755,0.0,2.0391076779924333
181,SingleLineInfilling/HumanEval/37/L5,HumanEval/37,L5,<=8,oracle_sufficient_canvas,ok,True,8,8,0,0,oracle,,,True,,,f178ad6fb10eb0ff94574cc7b0a586bed05962b83cbfd4eb7b221d5d6d4fce28,1.8666531289927661,0.1513812580378726,0.0,2.0180343870306388
182,SingleLineInfilling/HumanEval/37/L6,HumanEval/37,L6,9-12,oracle_sufficient_canvas,ok,True,11,11,0,0,oracle,,,True,,,f178ad6fb10eb0ff94574cc7b0a586bed05962b83cbfd4eb7b221d5d6d4fce28,1.8897698320215568,0.14543410495389253,0.0,2.0352039369754493
183,SingleLineInfilling/HumanEval/37/L7,HumanEval/37,L7,<=8,oracle_sufficient_canvas,ok,True,8,8,0,0,oracle,,,True,,,f178ad6fb10eb0ff94574cc7b0a586bed05962b83cbfd4eb7b221d5d6d4fce28,1.8600738600362092,0.15531878103502095,0.0,2.01539264107123
184,SingleLineInfilling/HumanEval/37/L8,HumanEval/37,L8,<=8,oracle_sufficient_canvas,ok,True,4,4,0,0,oracle,,,True,,,f178ad6fb10eb0ff94574cc7b0a586bed05962b83cbfd4eb7b221d5d6d4fce28,1.8368297619745135,0.15557080088183284,0.0,1.9924005628563464
185,SingleLineInfilling/HumanEval/38/L0,HumanEval/38,L0,9-12,oracle_sufficient_canvas,ok,True,11,11,0,0,oracle,,,True,,,3dbdb9d33164b4caea5ccadd1916928565e301a0a1b556249a8cd5fba27e0d6c,1.8570429179817438,0.1536132120527327,0.0,2.0106561300344765
186,SingleLineInfilling/HumanEval/39/L0,HumanEval/39,L0,<=8,oracle_sufficient_canvas,ok,False,4,4,0,0,oracle,,,True,UnitTestFailure,failed: name 'math' is not defined,7b6e3a49030f032a2844e3f62a3b7f665c1d1e34bf8b6e9d8de77cb9cce28850,1.8894241109956056,0.14581626700237393,0.0,2.0352403779979795
187,SingleLineInfilling/HumanEval/39/L2,HumanEval/39,L2,<=8,oracle_sufficient_canvas,ok,True,6,6,0,0,oracle,,,True,,,7d9bd9210048f684fc65f70e291a55d0811ccf776e75b1e81ced03439b3c9782,1.9093846350442618,0.14215819200035185,0.0,2.0515428270446137
188,SingleLineInfilling/HumanEval/39/L3,HumanEval/39,L3,<=8,oracle_sufficient_canvas,ok,False,7,7,0,0,oracle,,,True,UnitTestFailure,failed: ,898faf7cf624b3bb9adb76039e23cfbcba734f47895c1988ae13e779e7646781,1.8908884780248627,0.14525257097557187,0.0,2.0361410490004346
189,SingleLineInfilling/HumanEval/39/L4,HumanEval/39,L4,<=8,oracle_sufficient_canvas,ok,True,4,4,0,0,oracle,,,True,,,7d9bd9210048f684fc65f70e291a55d0811ccf776e75b1e81ced03439b3c9782,1.8992876019328833,0.149799183011055,0.0,2.0490867849439383
190,SingleLineInfilling/HumanEval/39/L5,HumanEval/39,L5,17-24,oracle_sufficient_canvas,ok,False,23,23,0,0,oracle,,,True,UnitTestFailure,failed: name 'm' is not defined,c7865da5cb48f83091ec091399f7ef4d39d308c4f1f0eef9c00f44855ca29a48,1.9517649239860475,0.15826375898905098,0.0,2.1100286829750985
191,SingleLineInfilling/HumanEval/39/L6,HumanEval/39,L6,9-12,oracle_sufficient_canvas,ok,True,9,9,0,0,oracle,,,True,,,7d9bd9210048f684fc65f70e291a55d0811ccf776e75b1e81ced03439b3c9782,1.901267514913343,0.15842448908369988,0.0,2.0596920039970428
192,SingleLineInfilling/HumanEval/39/L7,HumanEval/39,L7,<=8,oracle_sufficient_canvas,ok,True,4,4,0,0,oracle,,,True,,,7d9bd9210048f684fc65f70e291a55d0811ccf776e75b1e81ced03439b3c9782,1.8861354739638045,0.15544822707306594,0.0,2.0415837010368705
193,SingleLineInfilling/HumanEval/39/L8,HumanEval/39,L8,<=8,oracle_sufficient_canvas,ok,True,4,4,0,0,oracle,,,True,,,7fff280898fe380563cf975fc5b9fbca892b2384096fdda79b2cda65418ada0c,1.883881923975423,0.1530816169688478,0.0,2.036963540944271
194,SingleLineInfilling/HumanEval/39/L9,HumanEval/39,L9,9-12,oracle_sufficient_canvas,ok,True,9,9,0,0,oracle,,,True,,,7d9bd9210048f684fc65f70e291a55d0811ccf776e75b1e81ced03439b3c9782,1.9059051639633253,0.14473709894809872,0.0,2.050642262911424
195,SingleLineInfilling/HumanEval/39/L10,HumanEval/39,L10,<=8,oracle_sufficient_canvas,ok,True,4,4,0,0,oracle,,,True,,,7d9bd9210048f684fc65f70e291a55d0811ccf776e75b1e81ced03439b3c9782,1.8913570659933612,0.14958403899800032,0.0,2.0409411049913615
196,SingleLineInfilling/HumanEval/39/L11,HumanEval/39,L11,9-12,oracle_sufficient_canvas,ok,True,12,12,0,0,oracle,,,True,,,7d9bd9210048f684fc65f70e291a55d0811ccf776e75b1e81ced03439b3c9782,1.9098089749459177,0.14264910493511707,0.0,2.052458079881035
197,SingleLineInfilling/HumanEval/39/L12,HumanEval/39,L12,<=8,oracle_sufficient_canvas,ok,True,8,8,0,0,oracle,,,True,,,7d9bd9210048f684fc65f70e291a55d0811ccf776e75b1e81ced03439b3c9782,1.9031042190035805,0.16135938395746052,0.0,2.064463602961041
198,SingleLineInfilling/HumanEval/39/L13,HumanEval/39,L13,<=8,oracle_sufficient_canvas,ok,True,6,6,0,0,oracle,,,True,,,7d9bd9210048f684fc65f70e291a55d0811ccf776e75b1e81ced03439b3c9782,1.8841078800614923,0.14996491989586502,0.0,2.0340727999573573
199,SingleLineInfilling/HumanEval/39/L14,HumanEval/39,L14,<=8,oracle_sufficient_canvas,ok,True,7,7,0,0,oracle,,,True,,,7d9bd9210048f684fc65f70e291a55d0811ccf776e75b1e81ced03439b3c9782,1.9044490170199424,0.15208449680358171,0.0,2.056533513823524
200,SingleLineInfilling/HumanEval/39/L15,HumanEval/39,L15,<=8,oracle_sufficient_canvas,ok,True,6,6,0,0,oracle,,,True,,,7d9bd9210048f684fc65f70e291a55d0811ccf776e75b1e81ced03439b3c9782,1.908601064933464,0.15831389208324254,0.0,2.0669149570167065
201,SingleLineInfilling/HumanEval/40/L0,HumanEval/40,L0,<=8,oracle_sufficient_canvas,ok,True,8,8,0,0,oracle,,,True,,,2098308fa83cbd01beaeb9b75ff569ba09812db0dcc10907616afebecc23417d,1.9198530820431188,0.14904621604364365,0.0,2.0688992980867624
202,SingleLineInfilling/HumanEval/40/L1,HumanEval/40,L1,13-16,oracle_sufficient_canvas,ok,True,13,13,0,0,oracle,,,True,,,bf64d3f74f320e1dba8a73fc566c425803cce815bfed8636a70c7d17d8d9f8e8,1.9249041130533442,0.13121252798009664,0.0,2.056116641033441
203,SingleLineInfilling/HumanEval/40/L2,HumanEval/40,L2,13-16,oracle_sufficient_canvas,ok,True,13,13,0,0,oracle,,,True,,,bf64d3f74f320e1dba8a73fc566c425803cce815bfed8636a70c7d17d8d9f8e8,1.9317724000429735,0.14734596700873226,0.0,2.0791183670517057
204,SingleLineInfilling/HumanEval/40/L3,HumanEval/40,L3,17-24,oracle_sufficient_canvas,ok,True,17,17,0,0,oracle,,,True,,,bf64d3f74f320e1dba8a73fc566c425803cce815bfed8636a70c7d17d8d9f8e8,1.9299471019767225,0.15096721600275487,0.0,2.0809143179794773
205,SingleLineInfilling/HumanEval/40/L4,HumanEval/40,L4,<=8,oracle_sufficient_canvas,ok,True,4,4,0,0,oracle,,,True,,,bf64d3f74f320e1dba8a73fc566c425803cce815bfed8636a70c7d17d8d9f8e8,1.8908379710046574,0.15209637908264995,0.0,2.0429343500873074
206,SingleLineInfilling/HumanEval/40/L5,HumanEval/40,L5,<=8,oracle_sufficient_canvas,ok,True,4,4,0,0,oracle,,,True,,,bf64d3f74f320e1dba8a73fc566c425803cce815bfed8636a70c7d17d8d9f8e8,1.8952919099247083,0.1360549801029265,0.0,2.031346890027635
207,SingleLineInfilling/HumanEval/41/L0,HumanEval/41,L0,<=8,oracle_sufficient_canvas,ok,False,6,6,0,0,oracle,,,True,UnitTestFailure,failed: ,79e31ca4d3f107284330a4ca9e0529e990c3ee8f9f53e29053febdb73de5bd71,1.8548806419130415,0.14216336200479418,0.0,1.9970440039178357
208,SingleLineInfilling/HumanEval/42/L0,HumanEval/42,L0,13-16,oracle_sufficient_canvas,ok,True,13,13,0,0,oracle,,,True,,,9886972efbf6872bdf0e805eb869c8e0097636ba0b21262ba2c5ebec25609673,1.603688864968717,0.14114438695833087,0.0,1.744833251927048
209,SingleLineInfilling/HumanEval/43/L0,HumanEval/43,L0,9-12,oracle_sufficient_canvas,ok,True,10,10,0,0,oracle,,,True,,,1ec769ef98723a093eefff88e14cb51e586bb1a978a192e846b648fc3737f97e,1.8831305130152032,0.14209999004378915,0.0,2.0252305030589923
210,SingleLineInfilling/HumanEval/43/L1,HumanEval/43,L1,13-16,oracle_sufficient_canvas,ok,True,13,13,0,0,oracle,,,True,,,47648f54f2309e52e0bed53c69e57b6959aa9e2ce99de6ebe0226d6b8b1b3926,1.906246461905539,0.14137317112181336,0.0,2.0476196330273524
211,SingleLineInfilling/HumanEval/43/L2,HumanEval/43,L2,9-12,oracle_sufficient_canvas,ok,True,12,12,0,0,oracle,,,True,,,47648f54f2309e52e0bed53c69e57b6959aa9e2ce99de6ebe0226d6b8b1b3926,1.9167602648958564,0.1458058931166306,0.0,2.062566158012487
212,SingleLineInfilling/HumanEval/43/L3,HumanEval/43,L3,<=8,oracle_sufficient_canvas,ok,True,4,4,0,0,oracle,,,True,,,47648f54f2309e52e0bed53c69e57b6959aa9e2ce99de6ebe0226d6b8b1b3926,1.8652906230418012,0.12026207603048533,0.0,1.9855526990722865
213,SingleLineInfilling/HumanEval/43/L4,HumanEval/43,L4,<=8,oracle_sufficient_canvas,ok,True,4,4,0,0,oracle,,,True,,,47648f54f2309e52e0bed53c69e57b6959aa9e2ce99de6ebe0226d6b8b1b3926,1.875774304033257,0.1443792670033872,0.0,2.0201535710366443
214,SingleLineInfilling/HumanEval/44/L0,HumanEval/44,L0,<=8,oracle_sufficient_canvas,ok,True,4,4,0,0,oracle,,,True,,,e0ffb6e4a6453c4cbec72dcdc07547fd0b9a971b4e62093173e4bc7bf4f9f982,1.6158194160088897,0.14852452604100108,0.0,1.7643439420498908
215,SingleLineInfilling/HumanEval/44/L1,HumanEval/44,L1,<=8,oracle_sufficient_canvas,ok,True,7,7,0,0,oracle,,,True,,,8a4ed1f07b8b14d66fc315b5dd17b0a047feea7cb4771b8298e2eb53aba83d74,1.5883001079782844,0.14570608013309538,0.0,1.7340061881113797
216,SingleLineInfilling/HumanEval/44/L2,HumanEval/44,L2,9-12,oracle_sufficient_canvas,ok,True,11,11,0,0,oracle,,,True,,,8a4ed1f07b8b14d66fc315b5dd17b0a047feea7cb4771b8298e2eb53aba83d74,1.614433738985099,0.1581776769598946,0.0,1.7726114159449935
217,SingleLineInfilling/HumanEval/44/L3,HumanEval/44,L3,<=8,oracle_sufficient_canvas,ok,True,5,5,0,0,oracle,,,True,,,8a4ed1f07b8b14d66fc315b5dd17b0a047feea7cb4771b8298e2eb53aba83d74,1.5931643219664693,0.1525987850036472,0.0,1.7457631069701165
218,SingleLineInfilling/HumanEval/44/L4,HumanEval/44,L4,<=8,oracle_sufficient_canvas,ok,True,4,4,0,0,oracle,,,True,,,8a4ed1f07b8b14d66fc315b5dd17b0a047feea7cb4771b8298e2eb53aba83d74,1.6086617389228195,0.14988044695928693,0.0,1.7585421858821064
219,SingleLineInfilling/HumanEval/45/L0,HumanEval/45,L0,9-12,oracle_sufficient_canvas,ok,True,11,11,0,0,oracle,,,True,,,0d1fb1a9a9b095b7de45441d7eb506962ebc5ec3adbf69f6039ffe40b57d2e9b,1.5185273740207776,0.1492470169905573,0.0,1.667774391011335
220,SingleLineInfilling/HumanEval/46/L0,HumanEval/46,L0,13-16,oracle_sufficient_canvas,ok,True,15,15,0,0,oracle,,,True,,,00c6ddeab6aae1046e29b45c0135721fe8f807c16913abe4ab4830d8ea6d2f01,1.9554136780789122,0.1323822878766805,0.0,2.0877959659555927
221,SingleLineInfilling/HumanEval/46/L1,HumanEval/46,L1,<=8,oracle_sufficient_canvas,ok,True,7,7,0,0,oracle,,,True,,,0b60dd4588f6ca8383258a1da68f6af57d253bd17fa72b7b04ba3ecc7823f318,1.9512584239710122,0.15191003598738462,0.0,2.103168459958397
222,SingleLineInfilling/HumanEval/46/L2,HumanEval/46,L2,<=8,oracle_sufficient_canvas,ok,False,5,5,0,0,oracle,,,False,SyntaxError,"'[' was never closed (<unknown>, line 20)",5ec82652b900ce5b30721fe15308520e271a76e7e51352a4f0959d148dd388be,1.9378751129843295,0.00025464396458119154,0.0,1.9381297569489107
223,SingleLineInfilling/HumanEval/46/L4,HumanEval/46,L4,13-16,oracle_sufficient_canvas,ok,True,13,13,0,0,oracle,,,True,,,e71db4faff241bdd0f7808352b0cb39780b0358c90abe71b4f6bdf1b128bdf66,1.9620542339980602,0.16059225401841104,0.0,2.1226464880164713
224,SingleLineInfilling/HumanEval/46/L5,HumanEval/46,L5,17-24,oracle_sufficient_canvas,ok,True,22,22,0,0,oracle,,,True,,,0b60dd4588f6ca8383258a1da68f6af57d253bd17fa72b7b04ba3ecc7823f318,1.9547638909425586,0.14722351694945246,0.0,2.101987407892011
225,SingleLineInfilling/HumanEval/46/L6,HumanEval/46,L6,<=8,oracle_sufficient_canvas,ok,True,6,6,0,0,oracle,,,True,,,5ec2e1ceabeccff1e2463f074a533ad21f80b846f4dee3c253f5a455219124fa,1.9729209570214152,0.13973238004837185,0.0,2.112653337069787
226,SingleLineInfilling/HumanEval/46/L8,HumanEval/46,L8,<=8,oracle_sufficient_canvas,ok,True,6,6,0,0,oracle,,,True,,,0b60dd4588f6ca8383258a1da68f6af57d253bd17fa72b7b04ba3ecc7823f318,1.927570628002286,0.14430601906497031,0.0,2.0718766470672563
227,SingleLineInfilling/HumanEval/47/L0,HumanEval/47,L0,<=8,oracle_sufficient_canvas,ok,True,6,6,0,0,oracle,,,True,,,a15efadfdf1c402868be8a498d657bd519f36c456be81f781987062d1d4dd469,1.848402344970964,0.15457106090616435,0.0,2.0029734058771282
228,SingleLineInfilling/HumanEval/47/L1,HumanEval/47,L1,9-12,oracle_sufficient_canvas,ok,True,12,12,0,0,oracle,,,True,,,682536d6810aa26b15c660d964aaf4e0cc2fe3704c1cb4b1aefc94efd4940d78,1.8830829670187086,0.1462911639828235,0.0,2.029374131001532
229,SingleLineInfilling/HumanEval/47/L2,HumanEval/47,L2,9-12,oracle_sufficient_canvas,ok,True,10,10,0,0,oracle,,,True,,,682536d6810aa26b15c660d964aaf4e0cc2fe3704c1cb4b1aefc94efd4940d78,1.8530476490268484,0.15078823803924024,0.0,2.0038358870660886
230,SingleLineInfilling/HumanEval/47/L3,HumanEval/47,L3,<=8,oracle_sufficient_canvas,ok,True,3,3,0,0,oracle,,,True,,,682536d6810aa26b15c660d964aaf4e0cc2fe3704c1cb4b1aefc94efd4940d78,1.866095387027599,0.1390732100699097,0.0,2.0051685970975086
231,SingleLineInfilling/HumanEval/47/L4,HumanEval/47,L4,25+,oracle_sufficient_canvas,ok,True,29,29,0,0,oracle,,,True,,,682536d6810aa26b15c660d964aaf4e0cc2fe3704c1cb4b1aefc94efd4940d78,1.9245419739745557,0.15756567078642547,0.0,2.082107644760981
232,SingleLineInfilling/HumanEval/48/L0,HumanEval/48,L0,<=8,oracle_sufficient_canvas,ok,True,8,8,0,0,oracle,,,True,,,b189095267475e3efad1559baf1c4d3baa90473aa0758d11f340da6d1f85548d,1.5894289469579235,0.14815375790931284,0.0,1.7375827048672363
233,SingleLineInfilling/HumanEval/48/L1,HumanEval/48,L1,13-16,oracle_sufficient_canvas,ok,True,16,16,0,0,oracle,,,True,,,d86d15a8509b6cdf7a77ed0b403339bcee442f6680bf0494d89ed77be2f73ead,1.6150218889815733,0.12530541501473635,0.0,1.7403273039963096
234,SingleLineInfilling/HumanEval/48/L2,HumanEval/48,L2,<=8,oracle_sufficient_canvas,ok,True,4,4,0,0,oracle,,,True,,,d86d15a8509b6cdf7a77ed0b403339bcee442f6680bf0494d89ed77be2f73ead,1.5529863749397919,0.15302344702649862,0.0,1.7060098219662905
235,SingleLineInfilling/HumanEval/48/L3,HumanEval/48,L3,<=8,oracle_sufficient_canvas,ok,True,4,4,0,0,oracle,,,True,,,d86d15a8509b6cdf7a77ed0b403339bcee442f6680bf0494d89ed77be2f73ead,1.5689451829530299,0.14788733108434826,0.0,1.7168325140373781
236,SingleLineInfilling/HumanEval/49/L0,HumanEval/49,L0,<=8,oracle_sufficient_canvas,ok,True,6,6,0,0,oracle,,,True,,,2be11756cd715dbf42230d2af8e4cb67564debb3b575e9c5ec617c28a441e49a,1.852040939964354,0.1358957919292152,0.0,1.9879367318935692
237,SingleLineInfilling/HumanEval/49/L1,HumanEval/49,L1,<=8,oracle_sufficient_canvas,ok,True,7,7,0,0,oracle,,,True,,,bc2f5eede9e0455f0a9121ee1a55d9e6b67c5b41fdb0fdac787323b44f872371,1.8401087439851835,0.11882254609372467,0.0,1.9589312900789082
238,SingleLineInfilling/HumanEval/49/L2,HumanEval/49,L2,9-12,oracle_sufficient_canvas,ok,True,11,11,0,0,oracle,,,True,,,3c5433cb00e870d9b5556ffe4656d4c49406cb2185bc24879f019751b94d06d8,1.8354234689613804,0.15070323494728655,0.0,1.986126703908667
239,SingleLineInfilling/HumanEval/49/L3,HumanEval/49,L3,<=8,oracle_sufficient_canvas,ok,True,4,4,0,0,oracle,,,True,,,2195f04d9a75a95faacad5f6ff056789ddda0b68432119fb837c0c04f9f79161,1.8194210910005495,0.13534500286914408,0.0,1.9547660938696936
240,SingleLineInfilling/HumanEval/51/L0,HumanEval/51,L0,25+,oracle_sufficient_canvas,ok,True,32,32,0,0,oracle,,,True,,,63bd5fead85d6c72a7addff467b50604cf383f092b0060bb3709be9f4a273a58,1.9165145000442863,0.1535270009189844,0.0,2.0700415009632707
241,SingleLineInfilling/HumanEval/52/L0,HumanEval/52,L0,<=8,oracle_sufficient_canvas,ok,True,6,6,0,0,oracle,,,True,,,1504f327db362861e2be84b1bedec4eb48b4dd0a92fb550a40a51f94d7567aa4,1.5729550910182297,0.14825896476395428,0.0,1.721214055782184
242,SingleLineInfilling/HumanEval/52/L1,HumanEval/52,L1,<=8,oracle_sufficient_canvas,ok,False,6,6,0,0,oracle,,,True,UnitTestFailure,failed: ,0ccc314471b197054ae34125e97ff298fe8f3680beb2ae47d327680b48a13ea2,1.5727648689644411,0.11979880591388792,0.0,1.692563674878329
243,SingleLineInfilling/HumanEval/52/L2,HumanEval/52,L2,<=8,oracle_sufficient_canvas,ok,True,4,4,0,0,oracle,,,True,,,df913ceda88c48045486dbc7277aea9a54f415284e1299a99c01274d3b1e46db,1.5674028530484065,0.1442797309719026,0.0,1.7116825840203092
244,SingleLineInfilling/HumanEval/52/L3,HumanEval/52,L3,<=8,oracle_sufficient_canvas,ok,True,4,4,0,0,oracle,,,True,,,df913ceda88c48045486dbc7277aea9a54f415284e1299a99c01274d3b1e46db,1.549021580023691,0.14407242799643427,0.0,1.6930940080201253
245,SingleLineInfilling/HumanEval/53/L0,HumanEval/53,L0,<=8,oracle_sufficient_canvas,ok,True,6,6,0,0,oracle,,,True,,,c657325d19773475144e88c53ae0acaab70a8579dbacc5db5d3e88ec43c6c56a,1.4979769380297512,0.13818207185249776,0.0,1.636159009882249
246,SingleLineInfilling/HumanEval/54/L0,HumanEval/54,L0,9-12,oracle_sufficient_canvas,ok,True,11,11,0,0,oracle,,,True,,,ed609a0a7884bcb2cec4c0b62e5d4a6235bc51961c4519dc4e2a1ffdd7827668,1.8284955420531332,0.11983337218407542,0.0,1.9483289142372087
247,SingleLineInfilling/HumanEval/55/L0,HumanEval/55,L0,<=8,oracle_sufficient_canvas,ok,True,7,7,0,0,oracle,,,True,,,9eb1d6f1f13ec5c8fd4b2540185d0652a8094c2d45c9e8f71a6fa233b4d4d67f,1.5890288329683244,0.1488308480475098,0.0,1.7378596810158342
248,SingleLineInfilling/HumanEval/55/L1,HumanEval/55,L1,<=8,oracle_sufficient_canvas,ok,True,5,5,0,0,oracle,,,True,,,7e356c143a95810a3ea9e53b282dd24ba7c5f84118be608d62a56fcb5badc746,1.609360703965649,0.12223802192602307,0.0,1.731598725891672
249,SingleLineInfilling/HumanEval/55/L2,HumanEval/55,L2,<=8,oracle_sufficient_canvas,ok,True,7,7,0,0,oracle,,,True,,,7e356c143a95810a3ea9e53b282dd24ba7c5f84118be608d62a56fcb5badc746,1.5966662750579417,0.1361220779363066,0.0,1.7327883529942483
250,SingleLineInfilling/HumanEval/55/L3,HumanEval/55,L3,<=8,oracle_sufficient_canvas,ok,True,5,5,0,0,oracle,,,True,,,7e356c143a95810a3ea9e53b282dd24ba7c5f84118be608d62a56fcb5badc746,1.614341311971657,0.14143463491927832,0.0,1.7557759468909353
251,SingleLineInfilling/HumanEval/55/L4,HumanEval/55,L4,13-16,oracle_sufficient_canvas,ok,True,15,15,0,0,oracle,,,True,,,7e356c143a95810a3ea9e53b282dd24ba7c5f84118be608d62a56fcb5badc746,1.6333801139844581,0.15733702096622437,0.0,1.7907171349506825
252,SingleLineInfilling/HumanEval/56/L0,HumanEval/56,L0,<=8,oracle_sufficient_canvas,ok,True,6,6,0,0,oracle,,,True,,,773dcd5e211577027ee8cd12cd870dcb37e750947049ba4bef11be678c05cc08,1.8441292069619521,0.14476264803670347,0.0,1.9888918549986556
253,SingleLineInfilling/HumanEval/56/L1,HumanEval/56,L1,<=8,oracle_sufficient_canvas,ok,True,6,6,0,0,oracle,,,True,,,eeb4ec229309a79c9b1008231bf5618361274261c3f74bd3849f4ea92f8f4516,1.8440390210598707,0.15877309802453965,0.0,2.0028121190844104
254,SingleLineInfilling/HumanEval/56/L2,HumanEval/56,L2,<=8,oracle_sufficient_canvas,ok,True,6,6,0,0,oracle,,,True,,,eeb4ec229309a79c9b1008231bf5618361274261c3f74bd3849f4ea92f8f4516,1.840778295067139,0.1549229600932449,0.0,1.9957012551603839
255,SingleLineInfilling/HumanEval/56/L3,HumanEval/56,L3,<=8,oracle_sufficient_canvas,ok,True,6,6,0,0,oracle,,,True,,,eeb4ec229309a79c9b1008231bf5618361274261c3f74bd3849f4ea92f8f4516,1.8421722539933398,0.15298986400011927,0.0,1.995162117993459
256,SingleLineInfilling/HumanEval/56/L4,HumanEval/56,L4,<=8,oracle_sufficient_canvas,ok,True,3,3,0,0,oracle,,,True,,,eeb4ec229309a79c9b1008231bf5618361274261c3f74bd3849f4ea92f8f4516,1.8217470219824463,0.159136196016334,0.0,1.9808832179987803
257,SingleLineInfilling/HumanEval/56/L5,HumanEval/56,L5,<=8,oracle_sufficient_canvas,ok,True,6,6,0,0,oracle,,,True,,,eeb4ec229309a79c9b1008231bf5618361274261c3f74bd3849f4ea92f8f4516,1.8354223869973794,0.14047696313355118,0.0,1.9758993501309305
258,SingleLineInfilling/HumanEval/56/L6,HumanEval/56,L6,<=8,oracle_sufficient_canvas,ok,True,7,7,0,0,oracle,,,True,,,eeb4ec229309a79c9b1008231bf5618361274261c3f74bd3849f4ea92f8f4516,1.856309066992253,0.14006243203766644,0.0,1.9963714990299195
259,SingleLineInfilling/HumanEval/56/L7,HumanEval/56,L7,<=8,oracle_sufficient_canvas,ok,True,4,4,0,0,oracle,,,True,,,eeb4ec229309a79c9b1008231bf5618361274261c3f74bd3849f4ea92f8f4516,1.816497270949185,0.15456545597407967,0.0,1.9710627269232646
260,SingleLineInfilling/HumanEval/56/L8,HumanEval/56,L8,<=8,oracle_sufficient_canvas,ok,True,7,7,0,0,oracle,,,True,,,eeb4ec229309a79c9b1008231bf5618361274261c3f74bd3849f4ea92f8f4516,1.8547184088965878,0.15446271002292633,0.0,2.009181118919514
261,SingleLineInfilling/HumanEval/57/L0,HumanEval/57,L0,13-16,oracle_sufficient_canvas,ok,True,16,16,0,0,oracle,,,True,,,cf5c023e2b3d5b8dda645a4ded926483905febacc73b436a6794c9d79bf9f3e5,1.6149937809677795,0.13170151901431382,0.0,1.7466952999820933
262,SingleLineInfilling/HumanEval/57/L1,HumanEval/57,L1,<=8,oracle_sufficient_canvas,ok,True,4,4,0,0,oracle,,,True,,,172c837191f07de25ea3aaef5720d37bc6a233aebfa88c6d2c4fc8ff9ee61c8a,1.5879718409851193,0.13889409287367016,0.0,1.7268659338587895
263,SingleLineInfilling/HumanEval/57/L2,HumanEval/57,L2,<=8,oracle_sufficient_canvas,ok,True,4,4,0,0,oracle,,,True,,,172c837191f07de25ea3aaef5720d37bc6a233aebfa88c6d2c4fc8ff9ee61c8a,1.5860278640175238,0.15148994512856007,0.0,1.737517809146084
264,SingleLineInfilling/HumanEval/58/L0,HumanEval/58,L0,<=8,oracle_sufficient_canvas,ok,True,5,5,0,0,oracle,,,True,,,300553dbc8ea25eb950653b3f8c384f4b3d866dc8a579ee5d594f35a044a93fd,1.8600244469707832,0.14640626008622348,0.0,2.0064307070570067
265,SingleLineInfilling/HumanEval/58/L1,HumanEval/58,L1,<=8,oracle_sufficient_canvas,ok,True,8,8,0,0,oracle,,,True,,,9256b87f0ed2b897067341729f6d3f16614dccd6a8a238b28e6e83601ee889ad,1.8548209030414,0.16014491999521852,0.0,2.0149658230366185
266,SingleLineInfilling/HumanEval/58/L2,HumanEval/58,L2,<=8,oracle_sufficient_canvas,ok,True,8,8,0,0,oracle,,,True,,,9256b87f0ed2b897067341729f6d3f16614dccd6a8a238b28e6e83601ee889ad,1.8782644770108163,0.14387330994941294,0.0,2.0221377869602293
267,SingleLineInfilling/HumanEval/58/L3,HumanEval/58,L3,<=8,oracle_sufficient_canvas,ok,True,8,8,0,0,oracle,,,True,,,9256b87f0ed2b897067341729f6d3f16614dccd6a8a238b28e6e83601ee889ad,1.876475065946579,0.15319094387814403,0.0,2.029666009824723
268,SingleLineInfilling/HumanEval/58/L4,HumanEval/58,L4,<=8,oracle_sufficient_canvas,ok,True,6,6,0,0,oracle,,,True,,,9256b87f0ed2b897067341729f6d3f16614dccd6a8a238b28e6e83601ee889ad,1.8654296599561349,0.157711596111767,0.0,2.023141256067902
269,SingleLineInfilling/HumanEval/58/L5,HumanEval/58,L5,<=8,oracle_sufficient_canvas,ok,True,6,6,0,0,oracle,,,True,,,9256b87f0ed2b897067341729f6d3f16614dccd6a8a238b28e6e83601ee889ad,1.865080937044695,0.16073534195311368,0.0,2.0258162789978087
270,SingleLineInfilling/HumanEval/59/L0,HumanEval/59,L0,<=8,oracle_sufficient_canvas,ok,True,6,6,0,0,oracle,,,True,,,318935ff709fc65a1b4a21e8aa19b7c052311663977d62623c794200ab79ed45,1.8631596369668841,0.15203084412496537,0.0,2.0151904810918495
271,SingleLineInfilling/HumanEval/59/L1,HumanEval/59,L1,<=8,oracle_sufficient_canvas,ok,True,7,7,0,0,oracle,,,True,,,9027dce3650bf88cd67a930ba4287ed36739d4a696109fab3fd82630d327aec4,1.8700205909553915,0.15691374300513417,0.0,2.0269343339605257
272,SingleLineInfilling/HumanEval/59/L2,HumanEval/59,L2,<=8,oracle_sufficient_canvas,ok,True,4,4,0,0,oracle,,,True,,,7686300de41f63660bd1039689be88f32103434eabd1c57b84d0763ea5d7c275,1.8399793079588562,0.1564754880964756,0.0,1.9964547960553318
273,SingleLineInfilling/HumanEval/59/L3,HumanEval/59,L3,13-16,oracle_sufficient_canvas,ok,False,13,13,0,0,oracle,,,True,UnitTestFailure,failed: ,16eda2301f6035d6d7e8b023f2e1ec6944021aabc36fb42182618b331a9cd844,1.8631005199858919,0.15551232104189694,0.0,2.018612841027789
274,SingleLineInfilling/HumanEval/59/L4,HumanEval/59,L4,9-12,oracle_sufficient_canvas,ok,True,9,9,0,0,oracle,,,True,,,7686300de41f63660bd1039689be88f32103434eabd1c57b84d0763ea5d7c275,1.85544925800059,0.15066056500654668,0.0,2.0061098230071366
275,SingleLineInfilling/HumanEval/59/L5,HumanEval/59,L5,<=8,oracle_sufficient_canvas,ok,True,4,4,0,0,oracle,,,True,,,7686300de41f63660bd1039689be88f32103434eabd1c57b84d0763ea5d7c275,1.8353997460799292,0.15337721386458725,0.0,1.9887769599445164
276,SingleLineInfilling/HumanEval/59/L6,HumanEval/59,L6,<=8,oracle_sufficient_canvas,ok,True,4,4,0,0,oracle,,,True,,,f824db923c03e5f0932843afeec7576f583a6909c8b383307fa9868e1cf0eadc,1.8419742638943717,0.15340025094337761,0.0,1.9953745148377493
277,SingleLineInfilling/HumanEval/59/L7,HumanEval/59,L7,<=8,oracle_sufficient_canvas,ok,True,6,6,0,0,oracle,,,True,,,a030bb702f362fd0e3b1275c3f192e595278203e1d2c6b29dbf57e330bf0b055,1.8492390969768167,0.15476285689510405,0.0,2.0040019538719207
278,SingleLineInfilling/HumanEval/59/L8,HumanEval/59,L8,13-16,oracle_sufficient_canvas,ok,True,13,13,0,0,oracle,,,True,,,cb14e7109f4cd2fe79b8a0f34e1588249255ccc0690b21e3d383bf171331206b,1.8705585340503603,0.1514022221090272,0.0,2.0219607561593875
279,SingleLineInfilling/HumanEval/59/L9,HumanEval/59,L9,13-16,oracle_sufficient_canvas,ok,True,13,13,0,0,oracle,,,True,,,7686300de41f63660bd1039689be88f32103434eabd1c57b84d0763ea5d7c275,1.8591948619578034,0.14998249406926334,0.0,2.0091773560270667
280,SingleLineInfilling/HumanEval/59/L10,HumanEval/59,L10,9-12,oracle_sufficient_canvas,ok,True,9,9,0,0,oracle,,,True,,,7686300de41f63660bd1039689be88f32103434eabd1c57b84d0763ea5d7c275,1.8684941079700366,0.15681712504010648,0.0,2.025311233010143
281,SingleLineInfilling/HumanEval/59/L11,HumanEval/59,L11,<=8,oracle_sufficient_canvas,ok,True,4,4,0,0,oracle,,,True,,,7686300de41f63660bd1039689be88f32103434eabd1c57b84d0763ea5d7c275,1.8455191489774734,0.14743837295100093,0.0,1.9929575219284743
282,SingleLineInfilling/HumanEval/60/L0,HumanEval/60,L0,9-12,oracle_sufficient_canvas,ok,True,9,9,0,0,oracle,,,True,,,5750f4cbf0cdc0e62fb8278fc810f402209aeb51dc0682f83bc278acae19e1cd,1.594067354919389,0.15409743797499686,0.0,1.7481647928943858
283,SingleLineInfilling/HumanEval/61/L0,HumanEval/61,L0,<=8,oracle_sufficient_canvas,ok,True,6,6,0,0,oracle,,,True,,,c12336835d04529a061a5041ffca649dd066e15bd7eedcd9d7d22f6ba0fe71a4,1.8336823740974069,0.15650740906130522,0.0,1.990189783158712
284,SingleLineInfilling/HumanEval/61/L1,HumanEval/61,L1,<=8,oracle_sufficient_canvas,ok,True,6,6,0,0,oracle,,,True,,,055533d4a7c8da2f5a63f6a507b72d610c25073f177c17c45fb97ab1317ca01c,1.836741482024081,0.14905590598937124,0.0,1.9857973880134523
285,SingleLineInfilling/HumanEval/61/L2,HumanEval/61,L2,<=8,oracle_sufficient_canvas,ok,True,6,6,0,0,oracle,,,True,,,055533d4a7c8da2f5a63f6a507b72d610c25073f177c17c45fb97ab1317ca01c,1.8486453130608425,0.1537266969680786,0.0,2.002372010028921
286,SingleLineInfilling/HumanEval/61/L3,HumanEval/61,L3,<=8,oracle_sufficient_canvas,ok,True,6,6,0,0,oracle,,,True,,,055533d4a7c8da2f5a63f6a507b72d610c25073f177c17c45fb97ab1317ca01c,1.861622176016681,0.15129837801214308,0.0,2.012920554028824
287,SingleLineInfilling/HumanEval/61/L4,HumanEval/61,L4,<=8,oracle_sufficient_canvas,ok,True,3,3,0,0,oracle,,,True,,,055533d4a7c8da2f5a63f6a507b72d610c25073f177c17c45fb97ab1317ca01c,1.8255711969686672,0.1447750999359414,0.0,1.9703462969046086
288,SingleLineInfilling/HumanEval/61/L5,HumanEval/61,L5,<=8,oracle_sufficient_canvas,ok,True,6,6,0,0,oracle,,,True,,,055533d4a7c8da2f5a63f6a507b72d610c25073f177c17c45fb97ab1317ca01c,1.839897381956689,0.15510470792651176,0.0,1.9950020898832008
289,SingleLineInfilling/HumanEval/61/L6,HumanEval/61,L6,<=8,oracle_sufficient_canvas,ok,True,7,7,0,0,oracle,,,True,,,055533d4a7c8da2f5a63f6a507b72d610c25073f177c17c45fb97ab1317ca01c,1.8428095220588148,0.15103964309673756,0.0,1.9938491651555523
290,SingleLineInfilling/HumanEval/61/L7,HumanEval/61,L7,<=8,oracle_sufficient_canvas,ok,True,4,4,0,0,oracle,,,True,,,055533d4a7c8da2f5a63f6a507b72d610c25073f177c17c45fb97ab1317ca01c,1.8187057418981567,0.15317507192958146,0.0,1.9718808138277382
291,SingleLineInfilling/HumanEval/61/L8,HumanEval/61,L8,<=8,oracle_sufficient_canvas,ok,True,7,7,0,0,oracle,,,True,,,055533d4a7c8da2f5a63f6a507b72d610c25073f177c17c45fb97ab1317ca01c,1.8558543209219351,0.14315323100890964,0.0,1.9990075519308448
292,SingleLineInfilling/HumanEval/62/L0,HumanEval/62,L0,17-24,oracle_sufficient_canvas,ok,False,17,17,0,0,oracle,,,True,UnitTestFailure,failed: ,6414255e64f1076ce585d5e0d1ec13478bc1b4a18918850d2ec60f09efdd6b52,1.6149103819625452,0.14703840110450983,0.0,1.761948783067055
293,SingleLineInfilling/HumanEval/63/L0,HumanEval/63,L0,<=8,oracle_sufficient_canvas,ok,True,7,7,0,0,oracle,,,True,,,a27dc1d11d928a4de8092011a6f99449480403f847f10b77b9f1063f739e4859,1.9077364440308884,0.15467565308790654,0.0,2.062412097118795
294,SingleLineInfilling/HumanEval/63/L1,HumanEval/63,L1,<=8,oracle_sufficient_canvas,ok,True,5,5,0,0,oracle,,,True,,,12dd03bf127bf7c24e1a310f527825eee6791db3f4b7e588b2e6b0d5b5bc3f43,1.9115305580198765,0.15080794203095138,0.0,2.062338500050828
295,SingleLineInfilling/HumanEval/63/L2,HumanEval/63,L2,<=8,oracle_sufficient_canvas,ok,True,7,7,0,0,oracle,,,True,,,12dd03bf127bf7c24e1a310f527825eee6791db3f4b7e588b2e6b0d5b5bc3f43,1.902378145023249,0.15385892102494836,0.0,2.0562370660481974
296,SingleLineInfilling/HumanEval/63/L3,HumanEval/63,L3,<=8,oracle_sufficient_canvas,ok,True,5,5,0,0,oracle,,,True,,,12dd03bf127bf7c24e1a310f527825eee6791db3f4b7e588b2e6b0d5b5bc3f43,1.909563006949611,0.15008189610671252,0.0,2.0596449030563235
297,SingleLineInfilling/HumanEval/63/L4,HumanEval/63,L4,<=8,oracle_sufficient_canvas,ok,True,7,7,0,0,oracle,,,True,,,12dd03bf127bf7c24e1a310f527825eee6791db3f4b7e588b2e6b0d5b5bc3f43,1.9018372549908236,0.15653406199999154,0.0,2.058371316990815
298,SingleLineInfilling/HumanEval/63/L5,HumanEval/63,L5,<=8,oracle_sufficient_canvas,ok,True,5,5,0,0,oracle,,,True,,,12dd03bf127bf7c24e1a310f527825eee6791db3f4b7e588b2e6b0d5b5bc3f43,1.904874989995733,0.1544587960233912,0.0,2.059333786019124
299,SingleLineInfilling/HumanEval/63/L6,HumanEval/63,L6,25+,oracle_sufficient_canvas,ok,True,25,25,0,0,oracle,,,True,,,12dd03bf127bf7c24e1a310f527825eee6791db3f4b7e588b2e6b0d5b5bc3f43,1.9668903780402616,0.15402102714870125,0.0,2.120911405188963
300,SingleLineInfilling/HumanEval/64/L0,HumanEval/64,L0,9-12,oracle_sufficient_canvas,ok,True,10,10,0,0,oracle,,,True,,,756125b4952bdbd0009a2c6cc469351f69a006e33590c58b6cc50520e9b07612,1.8640122790820897,0.15790883800946176,0.0,2.0219211170915514
301,SingleLineInfilling/HumanEval/64/L1,HumanEval/64,L1,13-16,oracle_sufficient_canvas,ok,True,15,15,0,0,oracle,,,True,,,b57f26df9f89ecbc78b70861bcdbd4f80a8bbeb48d0b105149796f70c3a987e2,1.8768685060786083,0.1556718039792031,0.0,2.0325403100578114
302,SingleLineInfilling/HumanEval/64/L2,HumanEval/64,L2,17-24,oracle_sufficient_canvas,ok,False,19,19,0,0,oracle,,,True,UnitTestFailure,failed: Test 5,45268bdf05d2957a6815de68a709fe7877cb58da4cd65f91269f972d04e77e7b,1.8943585249362513,0.1590175979072228,0.0,2.053376122843474
303,SingleLineInfilling/HumanEval/64/L3,HumanEval/64,L3,9-12,oracle_sufficient_canvas,ok,True,9,9,0,0,oracle,,,True,,,b57f26df9f89ecbc78b70861bcdbd4f80a8bbeb48d0b105149796f70c3a987e2,1.8521998139331117,0.15218330407515168,0.0,2.0043831180082634
304,SingleLineInfilling/HumanEval/64/L4,HumanEval/64,L4,<=8,oracle_sufficient_canvas,ok,True,7,7,0,0,oracle,,,True,,,b57f26df9f89ecbc78b70861bcdbd4f80a8bbeb48d0b105149796f70c3a987e2,1.872447328059934,0.156075673061423,0.0,2.028523001121357
305,SingleLineInfilling/HumanEval/65/L0,HumanEval/65,L0,<=8,oracle_sufficient_canvas,ok,True,6,6,0,0,oracle,,,True,,,05090795b141d5fe51870ea02aebe457a462b51bec9718f9de013f44a5814fdd,1.6049470079597086,0.15567154088057578,0.0,1.7606185488402843
306,SingleLineInfilling/HumanEval/65/L1,HumanEval/65,L1,<=8,oracle_sufficient_canvas,ok,True,7,7,0,0,oracle,,,True,,,ee5a0959eefe41ad5e87921063312eed24deead40ecc24313001a1e385544b87,1.6208502110093832,0.12608684005681425,0.0,1.7469370510661975
307,SingleLineInfilling/HumanEval/65/L2,HumanEval/65,L2,<=8,oracle_sufficient_canvas,ok,True,6,6,0,0,oracle,,,True,,,ee5a0959eefe41ad5e87921063312eed24deead40ecc24313001a1e385544b87,1.6009753770194948,0.14640608394984156,0.0,1.7473814609693363
308,SingleLineInfilling/HumanEval/65/L3,HumanEval/65,L3,<=8,oracle_sufficient_canvas,ok,True,3,3,0,0,oracle,,,True,,,ee5a0959eefe41ad5e87921063312eed24deead40ecc24313001a1e385544b87,1.5712260829750448,0.14796643692534417,0.0,1.719192519900389
309,SingleLineInfilling/HumanEval/65/L4,HumanEval/65,L4,17-24,oracle_sufficient_canvas,ok,True,18,18,0,0,oracle,,,True,,,f6305c6ff94e6c66366d1716c81439462b82ef29c0247b5a54a167d57fd904e1,1.6152042240137234,0.12929637904744595,0.0,1.7445006030611694
310,SingleLineInfilling/HumanEval/67/L0,HumanEval/67,L0,<=8,oracle_sufficient_canvas,ok,True,5,5,0,0,oracle,,,True,,,94a0fdb17616c61af6caa47538093662b2eee25dc144808b690c34a6f8ea9003,2.3297234650235623,0.14742821210529655,0.0,2.477151677128859
311,SingleLineInfilling/HumanEval/67/L1,HumanEval/67,L1,9-12,oracle_sufficient_canvas,ok,True,9,9,0,0,oracle,,,True,,,c6583fce720d728c38c27562fe9069d80f9086b4ca391ba6bd3ea4c321407d55,2.3322149810846895,0.1658496189629659,0.0,2.4980646000476554
312,SingleLineInfilling/HumanEval/67/L2,HumanEval/67,L2,<=8,oracle_sufficient_canvas,ok,True,5,5,0,0,oracle,,,True,,,aa71ad79a8c24af52fc74366c907d59f45d9a624dc9d07125d061bf8c3950663,2.336369471042417,0.15145464101806283,0.0,2.48782411206048
313,SingleLineInfilling/HumanEval/67/L3,HumanEval/67,L3,<=8,oracle_sufficient_canvas,ok,True,6,6,0,0,oracle,,,True,,,aa71ad79a8c24af52fc74366c907d59f45d9a624dc9d07125d061bf8c3950663,2.3190334760583937,0.15547668898943812,0.0,2.474510165047832
314,SingleLineInfilling/HumanEval/67/L4,HumanEval/67,L4,<=8,oracle_sufficient_canvas,ok,True,8,8,0,0,oracle,,,True,,,aa71ad79a8c24af52fc74366c907d59f45d9a624dc9d07125d061bf8c3950663,2.2946511700283736,0.14437820797320455,0.0,2.439029378001578
315,SingleLineInfilling/HumanEval/68/L0,HumanEval/68,L0,9-12,oracle_sufficient_canvas,ok,True,11,11,0,0,oracle,,,True,,,74cfd88bd910a0cc620c2e0d99fcf7640d80c6652baee25682ceb851140707cc,2.6400119139580056,0.15107219794299453,0.0,2.791084111901
316,SingleLineInfilling/HumanEval/68/L1,HumanEval/68,L1,17-24,oracle_sufficient_canvas,ok,True,18,18,0,0,oracle,,,True,,,a9c0f5b42aa40e76d7bd5c40a04fcc34efb5a9ac50232e1bf5cfb53b2c163400,2.657550479983911,0.14727874810341746,0.0,2.8048292280873284
317,SingleLineInfilling/HumanEval/68/L2,HumanEval/68,L2,9-12,oracle_sufficient_canvas,ok,True,9,9,0,0,oracle,,,True,,,cfa3f5d6dfe2a5cf1736b076bb95426b2c090325976c8dea0900489cc2643d0b,2.664475040975958,0.1558484360575676,0.0,2.8203234770335257
318,SingleLineInfilling/HumanEval/68/L3,HumanEval/68,L3,13-16,oracle_sufficient_canvas,ok,True,13,13,0,0,oracle,,,True,,,cfa3f5d6dfe2a5cf1736b076bb95426b2c090325976c8dea0900489cc2643d0b,2.6808837020071223,0.1531344159739092,0.0,2.8340181179810315
319,SingleLineInfilling/HumanEval/70/L0,HumanEval/70,L0,<=8,oracle_sufficient_canvas,ok,True,8,8,0,0,oracle,,,True,,,3c7a5948c5395d7cc01ce9f72be0080045053358cc0fa2c73d7e442f2f37ed1e,1.876621005940251,0.14694774500094354,0.0,2.0235687509411946
320,SingleLineInfilling/HumanEval/70/L1,HumanEval/70,L1,<=8,oracle_sufficient_canvas,ok,True,4,4,0,0,oracle,,,True,,,83e0df67f2d22fc88e63e1475048cf8bdb72613b40d02e2f7d50a68eceb85fd7,1.8461873920168728,0.13893483590800315,0.0,1.985122227924876
321,SingleLineInfilling/HumanEval/70/L2,HumanEval/70,L2,9-12,oracle_sufficient_canvas,ok,True,12,12,0,0,oracle,,,True,,,83e0df67f2d22fc88e63e1475048cf8bdb72613b40d02e2f7d50a68eceb85fd7,1.8646973330760375,0.1459548589773476,0.0,2.010652192053385
322,SingleLineInfilling/HumanEval/70/L3,HumanEval/70,L3,<=8,oracle_sufficient_canvas,ok,True,7,7,0,0,oracle,,,True,,,83e0df67f2d22fc88e63e1475048cf8bdb72613b40d02e2f7d50a68eceb85fd7,1.8601082760142162,0.14771004195790738,0.0,2.0078183179721236
323,SingleLineInfilling/HumanEval/70/L4,HumanEval/70,L4,<=8,oracle_sufficient_canvas,ok,True,6,6,0,0,oracle,,,True,,,83e0df67f2d22fc88e63e1475048cf8bdb72613b40d02e2f7d50a68eceb85fd7,1.84942001698073,0.14945319504477084,0.0,1.9988732120255008
324,SingleLineInfilling/HumanEval/70/L5,HumanEval/70,L5,<=8,oracle_sufficient_canvas,ok,True,4,4,0,0,oracle,,,True,,,37babb5cd4b28b709165ec02501cd9a09e2e09cbef3db5546724036c1a64f90f,1.8365497778868303,0.16376542509533465,0.0,2.000315202982165
325,SingleLineInfilling/HumanEval/71/L0,HumanEval/71,L0,17-24,oracle_sufficient_canvas,ok,True,20,20,0,0,oracle,,,True,,,6af6f2b8f5429156eb7037821a9916c97110a9f8a5abc42ab029eac1ff8894c3,1.9649016880430281,0.14397455600555986,0.0,2.108876244048588
326,SingleLineInfilling/HumanEval/71/L1,HumanEval/71,L1,<=8,oracle_sufficient_canvas,ok,True,5,5,0,0,oracle,,,True,,,a9dbbe42ca177c602e4a9dc95ebd979521328af311fd9a2949672404edb9982d,1.888918732991442,0.11911818792577833,0.0,2.0080369209172204
327,SingleLineInfilling/HumanEval/71/L2,HumanEval/71,L2,9-12,oracle_sufficient_canvas,ok,True,12,12,0,0,oracle,,,True,,,887ed900da9219013349908017bc3487dd4a6706253f417b82d5bffb10be2a22,1.8977791250217706,0.15078778413590044,0.0,2.048566909157671
328,SingleLineInfilling/HumanEval/71/L3,HumanEval/71,L3,25+,oracle_sufficient_canvas,ok,True,29,29,0,0,oracle,,,True,,,0c33d330e24e9199e4651fff4adf5fed8dd328de1d25e06086f613c1307a77d8,1.948428720002994,0.13901394209824502,0.0,2.087442662101239
329,SingleLineInfilling/HumanEval/71/L4,HumanEval/71,L4,9-12,oracle_sufficient_canvas,ok,True,9,9,0,0,oracle,,,True,,,0c33d330e24e9199e4651fff4adf5fed8dd328de1d25e06086f613c1307a77d8,1.884256378049031,0.12041745998430997,0.0,2.004673838033341
330,SingleLineInfilling/HumanEval/71/L5,HumanEval/71,L5,<=8,oracle_sufficient_canvas,ok,True,4,4,0,0,oracle,,,True,,,0c33d330e24e9199e4651fff4adf5fed8dd328de1d25e06086f613c1307a77d8,1.8893618900328875,0.13804488815367222,0.0,2.0274067781865597
331,SingleLineInfilling/HumanEval/72/L0,HumanEval/72,L0,<=8,oracle_sufficient_canvas,ok,True,8,8,0,0,oracle,,,True,,,0dfe3abb28204faebf033f8bc8e0846ea28729aa60c7b638062236a0c2297a27,2.357983838999644,0.1372075411491096,0.0,2.4951913801487535
332,SingleLineInfilling/HumanEval/72/L1,HumanEval/72,L1,<=8,oracle_sufficient_canvas,ok,True,4,4,0,0,oracle,,,True,,,6e1914c24a16b6e74f5f5915bbf1a1436f911d3c08118293ce3b96ba7579cbfd,2.3193582879612222,0.13961809105239809,0.0,2.4589763790136203
333,SingleLineInfilling/HumanEval/72/L3,HumanEval/72,L3,13-16,oracle_sufficient_canvas,ok,True,13,13,0,0,oracle,,,True,,,63a56bc6500bd302147b26f67281210a8b5e49b3a10626c377d0ce550b78f456,2.3404029610101134,0.14431428804527968,0.0,2.484717249055393
334,SingleLineInfilling/HumanEval/72/L4,HumanEval/72,L4,<=8,oracle_sufficient_canvas,ok,True,5,5,0,0,oracle,,,True,,,63a56bc6500bd302147b26f67281210a8b5e49b3a10626c377d0ce550b78f456,2.347202596021816,0.128873229958117,0.0,2.476075825979933
335,SingleLineInfilling/HumanEval/72/L5,HumanEval/72,L5,9-12,oracle_sufficient_canvas,ok,True,9,9,0,0,oracle,,,True,,,63a56bc6500bd302147b26f67281210a8b5e49b3a10626c377d0ce550b78f456,2.3336720400257036,0.1418237859616056,0.0,2.475495825987309
336,SingleLineInfilling/HumanEval/72/L6,HumanEval/72,L6,<=8,oracle_sufficient_canvas,ok,True,4,4,0,0,oracle,,,True,,,63a56bc6500bd302147b26f67281210a8b5e49b3a10626c377d0ce550b78f456,2.316112546948716,0.13962292403448373,0.0,2.4557354709831998
337,SingleLineInfilling/HumanEval/72/L7,HumanEval/72,L7,<=8,oracle_sufficient_canvas,ok,True,5,5,0,0,oracle,,,True,,,63a56bc6500bd302147b26f67281210a8b5e49b3a10626c377d0ce550b78f456,2.3226606799289584,0.13064130407292396,0.0,2.4533019840018824
338,SingleLineInfilling/HumanEval/72/L8,HumanEval/72,L8,<=8,oracle_sufficient_canvas,ok,True,5,5,0,0,oracle,,,True,,,63a56bc6500bd302147b26f67281210a8b5e49b3a10626c377d0ce550b78f456,2.3294660770334303,0.13883349497336894,0.0,2.4682995720067993
339,SingleLineInfilling/HumanEval/72/L9,HumanEval/72,L9,<=8,oracle_sufficient_canvas,ok,True,4,4,0,0,oracle,,,True,,,63a56bc6500bd302147b26f67281210a8b5e49b3a10626c377d0ce550b78f456,2.319810322020203,0.1394864721223712,0.0,2.459296794142574
340,SingleLineInfilling/HumanEval/73/L0,HumanEval/73,L0,<=8,oracle_sufficient_canvas,ok,True,6,6,0,0,oracle,,,True,,,961c4bddad6da83fdc30ad1295fc8258a24b53698af717b2b4b05c78108f24bd,1.910086371935904,0.13044366403482854,0.0,2.0405300359707326
341,SingleLineInfilling/HumanEval/73/L1,HumanEval/73,L1,9-12,oracle_sufficient_canvas,ok,True,12,12,0,0,oracle,,,True,,,85d6b6d07eba962c260ebe85c0ad5299d2db74ba41598b597bbfb6d55b53fa71,1.9184878970263526,0.1535997160244733,0.0,2.072087613050826
342,SingleLineInfilling/HumanEval/73/L2,HumanEval/73,L2,13-16,oracle_sufficient_canvas,ok,True,16,16,0,0,oracle,,,True,,,4ddef0bf9b5b9aa1fb01c16cf1ee7e78d8a1a40bf90959e80ea95a77b29e4fa4,1.9358035849872977,0.15360207587946206,0.0,2.0894056608667597
343,SingleLineInfilling/HumanEval/73/L3,HumanEval/73,L3,<=8,oracle_sufficient_canvas,ok,True,6,6,0,0,oracle,,,True,,,85d6b6d07eba962c260ebe85c0ad5299d2db74ba41598b597bbfb6d55b53fa71,1.8869178850436583,0.1355644608847797,0.0,2.022482345928438
344,SingleLineInfilling/HumanEval/73/L4,HumanEval/73,L4,<=8,oracle_sufficient_canvas,ok,True,4,4,0,0,oracle,,,True,,,85d6b6d07eba962c260ebe85c0ad5299d2db74ba41598b597bbfb6d55b53fa71,1.9168094980996102,0.13854990992695093,0.0,2.055359408026561
345,SingleLineInfilling/HumanEval/74/L0,HumanEval/74,L0,<=8,oracle_sufficient_canvas,ok,True,7,7,0,0,oracle,,,True,,,126f86cc44158aef01c6ebeb5cd3a67a16174f74b95ec15dab3a0e308838cac0,1.973778497078456,0.12307665694970638,0.0,2.0968551540281624
346,SingleLineInfilling/HumanEval/74/L1,HumanEval/74,L1,<=8,oracle_sufficient_canvas,ok,True,7,7,0,0,oracle,,,True,,,78a5909c399b92d43d1c7c8d7be59a0e1b747373f2427ce1a5c0a041ae2e1994,1.9405845270957798,0.14472167694475502,0.0,2.085306204040535
347,SingleLineInfilling/HumanEval/74/L2,HumanEval/74,L2,<=8,oracle_sufficient_canvas,ok,True,7,7,0,0,oracle,,,True,,,78a5909c399b92d43d1c7c8d7be59a0e1b747373f2427ce1a5c0a041ae2e1994,1.9486059659393504,0.13666816207114607,0.0,2.0852741280104965
348,SingleLineInfilling/HumanEval/74/L4,HumanEval/74,L4,<=8,oracle_sufficient_canvas,ok,True,7,7,0,0,oracle,,,True,,,78a5909c399b92d43d1c7c8d7be59a0e1b747373f2427ce1a5c0a041ae2e1994,1.9532338650897145,0.12687588506378233,0.0,2.080109750153497
349,SingleLineInfilling/HumanEval/74/L5,HumanEval/74,L5,<=8,oracle_sufficient_canvas,ok,True,7,7,0,0,oracle,,,True,,,78a5909c399b92d43d1c7c8d7be59a0e1b747373f2427ce1a5c0a041ae2e1994,1.9334441880928352,0.1366977741708979,0.0,2.070141962263733
350,SingleLineInfilling/HumanEval/74/L6,HumanEval/74,L6,<=8,oracle_sufficient_canvas,ok,True,7,7,0,0,oracle,,,True,,,78a5909c399b92d43d1c7c8d7be59a0e1b747373f2427ce1a5c0a041ae2e1994,1.9233907050220296,0.11996002006344497,0.0,2.0433507250854746
351,SingleLineInfilling/HumanEval/74/L8,HumanEval/74,L8,<=8,oracle_sufficient_canvas,ok,False,8,8,0,0,oracle,,,True,UnitTestFailure,failed: ,7f52adbd33a9d8759453617baff7819e54891387b8277e3f981092ebfcfda766,1.9508933939505368,0.1446734049823135,0.0,2.0955667989328504
352,SingleLineInfilling/HumanEval/74/L9,HumanEval/74,L9,<=8,oracle_sufficient_canvas,ok,True,5,5,0,0,oracle,,,True,,,78a5909c399b92d43d1c7c8d7be59a0e1b747373f2427ce1a5c0a041ae2e1994,1.9591588729526848,0.15237945900298655,0.0,2.1115383319556713
353,SingleLineInfilling/HumanEval/74/L10,HumanEval/74,L10,<=8,oracle_sufficient_canvas,ok,True,3,3,0,0,oracle,,,True,,,78a5909c399b92d43d1c7c8d7be59a0e1b747373f2427ce1a5c0a041ae2e1994,1.9587832250399515,0.11955830699298531,0.0,2.078341532032937
354,SingleLineInfilling/HumanEval/74/L11,HumanEval/74,L11,<=8,oracle_sufficient_canvas,ok,True,5,5,0,0,oracle,,,True,,,78a5909c399b92d43d1c7c8d7be59a0e1b747373f2427ce1a5c0a041ae2e1994,1.9510059530148283,0.1276998430257663,0.0,2.0787057960405946
355,SingleLineInfilling/HumanEval/75/L0,HumanEval/75,L0,<=8,oracle_sufficient_canvas,ok,True,6,6,0,0,oracle,,,True,,,ef49a49bf1d9008d2c3ca1b324166599f38d1c6da352c96800d22b92f17f0afc,1.8328673309879377,0.2699264209950343,0.0,2.102793751982972
356,SingleLineInfilling/HumanEval/75/L1,HumanEval/75,L1,9-12,oracle_sufficient_canvas,ok,True,9,9,0,0,oracle,,,True,,,2d1088c993f2388df27f3d520b42b9cbb1ed5dec9be49b20cbcc79c445fdbaa7,1.8738606070401147,0.2809825399890542,0.0,2.154843147029169
357,SingleLineInfilling/HumanEval/75/L2,HumanEval/75,L2,9-12,oracle_sufficient_canvas,ok,True,9,9,0,0,oracle,,,True,,,36af0512d1d470c549330e81ca51c87ff710b80ef5df3dae48eb585ffb8ac2a4,1.8721461310051382,0.27832737390417606,0.0,2.150473504909314
358,SingleLineInfilling/HumanEval/75/L3,HumanEval/75,L3,<=8,oracle_sufficient_canvas,ok,True,4,4,0,0,oracle,,,True,,,2d1088c993f2388df27f3d520b42b9cbb1ed5dec9be49b20cbcc79c445fdbaa7,1.8569482290185988,0.27630195999518037,0.0,2.133250189013779
359,SingleLineInfilling/HumanEval/75/L4,HumanEval/75,L4,<=8,oracle_sufficient_canvas,ok,True,4,4,0,0,oracle,,,True,,,1e560e1ac844dbef171c1e4cab808f58b29d88cb49ad8ebdf1edfe01a78076a1,1.873239282052964,0.28604172193445265,0.0,2.1592810039874166
360,SingleLineInfilling/HumanEval/75/L6,HumanEval/75,L6,9-12,oracle_sufficient_canvas,ok,True,12,12,0,0,oracle,,,True,,,2d1088c993f2388df27f3d520b42b9cbb1ed5dec9be49b20cbcc79c445fdbaa7,1.892165189026855,0.2807951698778197,0.0,2.1729603589046746
361,SingleLineInfilling/HumanEval/75/L7,HumanEval/75,L7,9-12,oracle_sufficient_canvas,ok,True,9,9,0,0,oracle,,,True,,,2d1088c993f2388df27f3d520b42b9cbb1ed5dec9be49b20cbcc79c445fdbaa7,1.865932341082953,0.28978572809137404,0.0,2.155718069174327
362,SingleLineInfilling/HumanEval/75/L8,HumanEval/75,L8,9-12,oracle_sufficient_canvas,ok,True,12,12,0,0,oracle,,,True,,,2d1088c993f2388df27f3d520b42b9cbb1ed5dec9be49b20cbcc79c445fdbaa7,1.885114285047166,0.2888738408219069,0.0,2.173988125869073
363,SingleLineInfilling/HumanEval/75/L9,HumanEval/75,L9,9-12,oracle_sufficient_canvas,ok,True,9,9,0,0,oracle,,,True,,,2d1088c993f2388df27f3d520b42b9cbb1ed5dec9be49b20cbcc79c445fdbaa7,1.857314003049396,0.299690330051817,0.0,2.157004333101213
364,SingleLineInfilling/HumanEval/75/L10,HumanEval/75,L10,9-12,oracle_sufficient_canvas,ok,True,12,12,0,0,oracle,,,True,,,2d1088c993f2388df27f3d520b42b9cbb1ed5dec9be49b20cbcc79c445fdbaa7,1.8873293510405347,0.294231936102733,0.0,2.1815612871432677
365,SingleLineInfilling/HumanEval/75/L11,HumanEval/75,L11,9-12,oracle_sufficient_canvas,ok,True,9,9,0,0,oracle,,,True,,,2d1088c993f2388df27f3d520b42b9cbb1ed5dec9be49b20cbcc79c445fdbaa7,1.8820552149554715,0.2681676991051063,0.0,2.1502229140605778
366,SingleLineInfilling/HumanEval/75/L12,HumanEval/75,L12,9-12,oracle_sufficient_canvas,ok,True,11,11,0,0,oracle,,,True,,,2d1088c993f2388df27f3d520b42b9cbb1ed5dec9be49b20cbcc79c445fdbaa7,1.8871516960207373,0.29154967493377626,0.0,2.1787013709545135
367,SingleLineInfilling/HumanEval/75/L13,HumanEval/75,L13,<=8,oracle_sufficient_canvas,ok,True,4,4,0,0,oracle,,,True,,,2d1088c993f2388df27f3d520b42b9cbb1ed5dec9be49b20cbcc79c445fdbaa7,1.869022981962189,0.2814279379090294,0.0,2.1504509198712185
368,SingleLineInfilling/HumanEval/77/L0,HumanEval/77,L0,<=8,oracle_sufficient_canvas,ok,True,6,6,0,0,oracle,,,True,,,a974fdf81efc943f23efbd9ad55fc2a4ace74d1bd9475f22ca85611d1825d930,1.8535377458902076,0.14078157499898225,0.0,1.9943193208891898
369,SingleLineInfilling/HumanEval/77/L1,HumanEval/77,L1,17-24,oracle_sufficient_canvas,ok,False,19,19,0,0,oracle,,,True,UnitTestFailure,failed: Fourth test error: False,51facd7e50193b88af4ccf362eeb5e2ae611299a17e15a951d3398a8428a23ea,1.8692579449852929,0.1396352539304644,0.0,2.0088931989157572
370,SingleLineInfilling/HumanEval/79/L0,HumanEval/79,L0,13-16,oracle_sufficient_canvas,ok,True,15,15,0,0,oracle,,,True,,,d62060a7722cdc6e5473ed678ab48bce995af34f56a2c32795fb2b4cbb3f6c63,1.8515358649892733,0.1426409159321338,0.0,1.994176780921407
371,SingleLineInfilling/HumanEval/80/L0,HumanEval/80,L0,9-12,oracle_sufficient_canvas,ok,True,9,9,0,0,oracle,,,True,,,9dc97f58c795daefe7f5f53897e241c2d3b597319281f979b635cd41944702f3,1.8665200020186603,0.1573356760200113,0.0,2.0238556780386716
372,SingleLineInfilling/HumanEval/80/L1,HumanEval/80,L1,<=8,oracle_sufficient_canvas,ok,True,4,4,0,0,oracle,,,True,,,22c3c41073d85b8c4c3919a184df1e0e9cf9ad4fc1156374b75e39c6c4b784f4,1.8510085750604048,0.137969221919775,0.0,1.9889777969801798
373,SingleLineInfilling/HumanEval/80/L3,HumanEval/80,L3,9-12,oracle_sufficient_canvas,ok,True,12,12,0,0,oracle,,,True,,,e478364eff25f6688683d37a57770ea316eaa4f042b631bba3214fa8b17d8b4b,1.8701080930186436,0.13442400295753032,0.0,2.004532095976174
374,SingleLineInfilling/HumanEval/80/L5,HumanEval/80,L5,25+,oracle_sufficient_canvas,ok,True,33,33,0,0,oracle,,,True,,,e478364eff25f6688683d37a57770ea316eaa4f042b631bba3214fa8b17d8b4b,1.9403537750476971,0.1555445521371439,0.0,2.095898327184841
375,SingleLineInfilling/HumanEval/80/L6,HumanEval/80,L6,<=8,oracle_sufficient_canvas,ok,True,4,4,0,0,oracle,,,True,,,7a3d8f4b4a20a91b2cd1de5fe7ee50b0ca7295a09b5407325b8a47a5537a86a3,1.8357039840193465,0.13208353298250586,0.0,1.9677875170018524
376,SingleLineInfilling/HumanEval/80/L7,HumanEval/80,L7,<=8,oracle_sufficient_canvas,ok,True,4,4,0,0,oracle,,,True,,,e478364eff25f6688683d37a57770ea316eaa4f042b631bba3214fa8b17d8b4b,1.8656534049659967,0.15746265789493918,0.0,2.023116062860936
377,SingleLineInfilling/HumanEval/82/L0,HumanEval/82,L0,<=8,oracle_sufficient_canvas,ok,True,6,6,0,0,oracle,,,True,,,0696d0dedc07e6df161017f9530a5723da247ce218d9ee4dd9b7cdf76a983722,1.6060502560576424,0.14694647304713726,0.0,1.7529967291047797
378,SingleLineInfilling/HumanEval/82/L1,HumanEval/82,L1,9-12,oracle_sufficient_canvas,ok,False,12,12,0,0,oracle,,,True,UnitTestFailure,failed: ,aa7a54a0cfb977aee3037b6505ce42386e89c9e16110bbeb64434a91e9bb54a7,1.617855743970722,0.12495371815748513,0.0,1.742809462128207
379,SingleLineInfilling/HumanEval/82/L2,HumanEval/82,L2,<=8,oracle_sufficient_canvas,ok,True,4,4,0,0,oracle,,,True,,,2eadb7c1a07bbd210fc40d31fd83012ce989b8d1faf9de05798e3744a952d4f5,1.5741254260065034,0.14146328414790332,0.0,1.7155887101544067
380,SingleLineInfilling/HumanEval/82/L3,HumanEval/82,L3,9-12,oracle_sufficient_canvas,ok,True,10,10,0,0,oracle,,,True,,,2eadb7c1a07bbd210fc40d31fd83012ce989b8d1faf9de05798e3744a952d4f5,1.6100770010380074,0.12960893590934575,0.0,1.7396859369473532
381,SingleLineInfilling/HumanEval/82/L4,HumanEval/82,L4,9-12,oracle_sufficient_canvas,ok,True,9,9,0,0,oracle,,,True,,,2eadb7c1a07bbd210fc40d31fd83012ce989b8d1faf9de05798e3744a952d4f5,1.6031141090206802,0.15291228191927075,0.0,1.756026390939951
382,SingleLineInfilling/HumanEval/82/L5,HumanEval/82,L5,<=8,oracle_sufficient_canvas,ok,True,4,4,0,0,oracle,,,True,,,2eadb7c1a07bbd210fc40d31fd83012ce989b8d1faf9de05798e3744a952d4f5,1.5886058409232646,0.16391058207955211,0.0,1.7525164230028167
383,SingleLineInfilling/HumanEval/82/L6,HumanEval/82,L6,<=8,oracle_sufficient_canvas,ok,True,4,4,0,0,oracle,,,True,,,2eadb7c1a07bbd210fc40d31fd83012ce989b8d1faf9de05798e3744a952d4f5,1.5947474050335586,0.14500206091906875,0.0,1.7397494659526274
384,SingleLineInfilling/HumanEval/83/L0,HumanEval/83,L0,9-12,oracle_sufficient_canvas,ok,False,11,11,0,0,oracle,,,True,UnitTestFailure,failed: ,2e7f654077e14b1f175d75ee1409eb3e49382fe8f8bdb05072f820de89849471,1.5990795230027288,0.14666568906977773,0.0,1.7457452120725065
385,SingleLineInfilling/HumanEval/83/L1,HumanEval/83,L1,13-16,oracle_sufficient_canvas,ok,False,16,16,0,0,oracle,,,True,UnitTestFailure,failed: ,55da9059b5cc47dde2110453707e590cf35a56518f42a25265a831f4ebe83b92,1.6042307530296966,0.15115679893642664,0.0,1.7553875519661233
386,SingleLineInfilling/HumanEval/85/L0,HumanEval/85,L0,25+,oracle_sufficient_canvas,ok,False,29,29,0,0,oracle,,,True,UnitTestFailure,failed: ,9337cd32713c48ee9960db85543694aca96effd7f4cf7f629de9f60547d054b6,1.648753338959068,0.13862401980441064,0.0,1.7873773587634787
387,SingleLineInfilling/HumanEval/86/L0,HumanEval/86,L0,17-24,oracle_sufficient_canvas,ok,True,20,20,0,0,oracle,,,True,,,d1b828c7d8aa55307313a6ecb9569e109c3d8648096c81ccac36d8a3fe1654b1,1.8838879019021988,0.14577180589549243,0.0,2.0296597077976912
388,SingleLineInfilling/HumanEval/87/L0,HumanEval/87,L0,25+,oracle_sufficient_canvas,ok,False,32,32,0,0,oracle,,,False,SyntaxError,"invalid non-printable character U+200B (<unknown>, line 27)",2d1465d5a81235597846f4751e6054a1b82b17c3892384e9390bfd9db8a66869,2.4492973539745435,0.0001925410469993949,0.0,2.449489895021543
389,SingleLineInfilling/HumanEval/87/L1,HumanEval/87,L1,25+,oracle_sufficient_canvas,ok,False,25,25,0,0,oracle,,,False,SyntaxError,"invalid syntax (<unknown>, line 25)",5aeb5e4e96fbfe8a52500d7ac9edd743aaed09eca4fd285a9517a288ff22bbac,2.4386219290317968,0.00027774099726229906,0.0,2.438899670029059
390,SingleLineInfilling/HumanEval/88/L0,HumanEval/88,L0,25+,oracle_sufficient_canvas,ok,False,33,33,0,0,oracle,,,True,UnitTestFailure,failed: Error,7a34d5b9f0cad0b3e830ef5511b02a1df2f270d6af44ed6284d3da4bab62c812,1.9931154230143875,0.1477755270898342,0.0,2.1408909501042217
391,SingleLineInfilling/HumanEval/89/L0,HumanEval/89,L0,<=8,oracle_sufficient_canvas,ok,True,6,6,0,0,oracle,,,True,,,5fc52636ae4a4e36f8e097e50b32867753735501bec3d9064ce1ea867fe84bdd,1.8602827120339498,0.15431912697385997,0.0,2.0146018390078098
392,SingleLineInfilling/HumanEval/89/L1,HumanEval/89,L1,<=8,oracle_sufficient_canvas,ok,True,4,4,0,0,oracle,,,True,,,0ccd01103ff334d6a86525b7619a534eb039d9dd0558e03a7faa580afa6c534e,1.8589091319590807,0.15384973702020943,0.0,2.01275886897929
393,SingleLineInfilling/HumanEval/89/L2,HumanEval/89,L2,<=8,oracle_sufficient_canvas,ok,True,6,6,0,0,oracle,,,True,,,0ccd01103ff334d6a86525b7619a534eb039d9dd0558e03a7faa580afa6c534e,1.8489490280626342,0.14940590900368989,0.0,1.998354937066324
394,SingleLineInfilling/HumanEval/89/L3,HumanEval/89,L3,<=8,oracle_sufficient_canvas,ok,True,6,6,0,0,oracle,,,True,,,ed154d69dabf71ab36bd9602952d8593fd6739bed6ee581a38570e6e0480c26b,1.856668520020321,0.15269402402918786,0.0,2.009362544049509
395,SingleLineInfilling/HumanEval/89/L4,HumanEval/89,L4,17-24,oracle_sufficient_canvas,ok,True,18,18,0,0,oracle,,,True,,,045cc7035c09d926aa22e281ea5578576eb258143f14d0ed29e95b2c608f76de,1.877821773989126,0.15033411502372473,0.0,2.028155889012851
396,SingleLineInfilling/HumanEval/89/L5,HumanEval/89,L5,<=8,oracle_sufficient_canvas,ok,True,3,3,0,0,oracle,,,True,,,0ccd01103ff334d6a86525b7619a534eb039d9dd0558e03a7faa580afa6c534e,1.8322623290587217,0.14752690703608096,0.0,1.9797892360948026
397,SingleLineInfilling/HumanEval/89/L6,HumanEval/89,L6,<=8,oracle_sufficient_canvas,ok,True,5,5,0,0,oracle,,,True,,,0ccd01103ff334d6a86525b7619a534eb039d9dd0558e03a7faa580afa6c534e,1.8293157099978998,0.14560087700374424,0.0,1.974916587001644
398,SingleLineInfilling/HumanEval/89/L7,HumanEval/89,L7,<=8,oracle_sufficient_canvas,ok,True,4,4,0,0,oracle,,,True,,,0ccd01103ff334d6a86525b7619a534eb039d9dd0558e03a7faa580afa6c534e,1.8367872119415551,0.13612210506107658,0.0,1.9729093170026317
399,SingleLineInfilling/HumanEval/90/L0,HumanEval/90,L0,<=8,oracle_sufficient_canvas,ok,True,7,7,0,0,oracle,,,True,,,75fcc0eab87e7521f03ffbbb233c1b9900335a902b3acc64b1ed4eefad343661,1.8550966660259292,0.14451367605943233,0.0,1.9996103420853615
400,SingleLineInfilling/HumanEval/90/L1,HumanEval/90,L1,13-16,oracle_sufficient_canvas,ok,True,15,15,0,0,oracle,,,True,,,c8f48de07e220d87cce6020099263ab04fa1bced10aa33d6fe1dc2f05e9bec3d,1.87019047094509,0.14801451889798045,0.0,2.0182049898430705
401,SingleLineInfilling/HumanEval/92/L1,HumanEval/92,L1,13-16,oracle_sufficient_canvas,ok,False,16,16,0,0,oracle,,,True,UnitTestFailure,failed: This prints if this assert fails 1 (good for debugging!),d7755b6c7942b629aa83d10264f6a603e59710938a3fd78e708fd1c5d817a59e,1.8971553549636155,0.148534549982287,0.0,2.0456899049459025
402,SingleLineInfilling/HumanEval/92/L2,HumanEval/92,L2,17-24,oracle_sufficient_canvas,ok,True,22,22,0,0,oracle,,,True,,,be854741ad25c1feec603703cde8421ec313cf66bd7a57ea09a72874d92a7391,1.895153039949946,0.14718361990526319,0.0,2.0423366598552093
403,SingleLineInfilling/HumanEval/92/L3,HumanEval/92,L3,<=8,oracle_sufficient_canvas,ok,True,4,4,0,0,oracle,,,True,,,669dd7a9707995704189b0f7460846d16c147215d59518d4c0cb9373cd4130b8,1.8527369940420613,0.15275188209488988,0.0,2.005488876136951
404,SingleLineInfilling/HumanEval/92/L4,HumanEval/92,L4,<=8,oracle_sufficient_canvas,ok,True,4,4,0,0,oracle,,,True,,,669dd7a9707995704189b0f7460846d16c147215d59518d4c0cb9373cd4130b8,1.8606474980479106,0.1498375319642946,0.0,2.0104850300122052
405,SingleLineInfilling/HumanEval/92/L5,HumanEval/92,L5,<=8,oracle_sufficient_canvas,ok,True,4,4,0,0,oracle,,,True,,,4ca06b8599b19ace5f9e4f5e3eb937cf1f5b828d67bba3fb45c083b6fecb2504,1.863126029027626,0.14676861313637346,0.0,2.0098946421639994
406,SingleLineInfilling/HumanEval/93/L0,HumanEval/93,L0,9-12,oracle_sufficient_canvas,ok,True,10,10,0,0,oracle,,,True,,,65cbb6efe779593c52934fd88e1233312dcc36c8f750a06260e376bba15b315e,1.8587548030773178,0.14804465603083372,0.0,2.0067994591081515
407,SingleLineInfilling/HumanEval/93/L1,HumanEval/93,L1,17-24,oracle_sufficient_canvas,ok,False,21,21,0,0,oracle,,,True,UnitTestFailure,failed: This prints if this assert fails 1 (good for debugging!),29f12762c3824c6d5b4e2430474d5834c1e91413be35accf2cadee2c64d2325c,1.8927655069855973,0.14885351387783885,0.0,2.041619020863436
408,SingleLineInfilling/HumanEval/93/L2,HumanEval/93,L2,<=8,oracle_sufficient_canvas,ok,True,7,7,0,0,oracle,,,True,,,19db2432edbf74e1140741504e36d3c73a58659dae67e6170132db544ca2e125,1.862528772908263,0.15095807402394712,0.0,2.01348684693221
409,SingleLineInfilling/HumanEval/93/L3,HumanEval/93,L3,17-24,oracle_sufficient_canvas,ok,True,22,22,0,0,oracle,,,True,,,d2843a54aaae98e21273ad901856e8b6e7ce9b4766ecbbd40716973e36507632,1.910009832936339,0.14458174107130617,0.0,2.0545915740076452
410,SingleLineInfilling/HumanEval/94/L0,HumanEval/94,L0,<=8,oracle_sufficient_canvas,ok,True,6,6,0,0,oracle,,,True,,,97b9a35b282fefc4a33a1a8c739a087bcd791616a74cc8921e7cb5566c1e2006,2.69920396595262,0.15885672194417566,0.0,2.8580606878967956
411,SingleLineInfilling/HumanEval/94/L1,HumanEval/94,L1,13-16,oracle_sufficient_canvas,ok,True,16,16,0,0,oracle,,,True,,,9e49fec2f57bc15e68bf0c88a71a5c946ce779adc5834ef24b405077bfc386bf,2.71055537101347,0.13740305602550507,0.0,2.847958427038975
412,SingleLineInfilling/HumanEval/94/L2,HumanEval/94,L2,<=8,oracle_sufficient_canvas,ok,True,7,7,0,0,oracle,,,True,,,9e49fec2f57bc15e68bf0c88a71a5c946ce779adc5834ef24b405077bfc386bf,2.695258397026919,0.14035671099554747,0.0,2.8356151080224663
413,SingleLineInfilling/HumanEval/94/L3,HumanEval/94,L3,<=8,oracle_sufficient_canvas,ok,True,4,4,0,0,oracle,,,True,,,e324e9f1c41750a19face41763107a71a941d968950c7ee4baa57678a5febe79,2.700477988924831,0.1481884648092091,0.0,2.8486664537340403
414,SingleLineInfilling/HumanEval/94/L5,HumanEval/94,L5,<=8,oracle_sufficient_canvas,ok,True,4,4,0,0,oracle,,,True,,,73d47d5a01b42d646e5366bfa34d92eb8f7cdb631816b48e33bad9626dcc2b92,2.679669297998771,0.1447335360571742,0.0,2.8244028340559453
415,SingleLineInfilling/HumanEval/94/L6,HumanEval/94,L6,<=8,oracle_sufficient_canvas,ok,True,6,6,0,0,oracle,,,True,,,9e49fec2f57bc15e68bf0c88a71a5c946ce779adc5834ef24b405077bfc386bf,2.7207242739386857,0.1497091610217467,0.0,2.8704334349604324
416,SingleLineInfilling/HumanEval/94/L7,HumanEval/94,L7,<=8,oracle_sufficient_canvas,ok,True,6,6,0,0,oracle,,,True,,,9e49fec2f57bc15e68bf0c88a71a5c946ce779adc5834ef24b405077bfc386bf,2.722365290974267,0.15155212790705264,0.0,2.8739174188813195
417,SingleLineInfilling/HumanEval/94/L8,HumanEval/94,L8,<=8,oracle_sufficient_canvas,ok,True,7,7,0,0,oracle,,,True,,,9e49fec2f57bc15e68bf0c88a71a5c946ce779adc5834ef24b405077bfc386bf,2.7084528810810298,0.1295483170542866,0.0,2.8380011981353164
418,SingleLineInfilling/HumanEval/94/L9,HumanEval/94,L9,13-16,oracle_sufficient_canvas,ok,True,13,13,0,0,oracle,,,True,,,538f5105060604420016785e17f32fae017155538b9579540248e5299aed5912,2.728261167067103,0.14928599307313561,0.0,2.8775471601402387
419,SingleLineInfilling/HumanEval/94/L10,HumanEval/94,L10,<=8,oracle_sufficient_canvas,ok,True,6,6,0,0,oracle,,,True,,,9e49fec2f57bc15e68bf0c88a71a5c946ce779adc5834ef24b405077bfc386bf,2.6929132700897753,0.14054965286049992,0.0,2.8334629229502752
420,SingleLineInfilling/HumanEval/94/L11,HumanEval/94,L11,<=8,oracle_sufficient_canvas,ok,True,5,5,0,0,oracle,,,True,,,9e49fec2f57bc15e68bf0c88a71a5c946ce779adc5834ef24b405077bfc386bf,2.6963164010085166,0.14969554089475423,0.0,2.846011941903271
421,SingleLineInfilling/HumanEval/94/L12,HumanEval/94,L12,13-16,oracle_sufficient_canvas,ok,True,15,15,0,0,oracle,,,True,,,6974a2180298db1db916e8e50457ccdd0349e8dc134520716c5e03afe75344ee,2.712903141975403,0.14134705998003483,0.0,2.8542502019554377
422,SingleLineInfilling/HumanEval/94/L13,HumanEval/94,L13,<=8,oracle_sufficient_canvas,ok,True,4,4,0,0,oracle,,,True,,,4fbf7f53030a08cdf22718e78a6c05934d3d3ff14915b98c84d2ba5736e30822,2.689649994019419,0.14277659496292472,0.0,2.8324265889823437
423,SingleLineInfilling/HumanEval/95/L0,HumanEval/95,L0,9-12,oracle_sufficient_canvas,ok,True,10,10,0,0,oracle,,,True,,,8bf2ef229684eca1b8348fb10f368d3fb2c447790b2c1b0e5f4ef9c2ce29c78c,2.426578582962975,0.15808295994065702,0.0,2.584661542903632
424,SingleLineInfilling/HumanEval/95/L1,HumanEval/95,L1,<=8,oracle_sufficient_canvas,ok,True,4,4,0,0,oracle,,,True,,,ae78bda3ea64bac636429fcfbff2ddbecc41552c57997c1772257ce8c0c96d19,2.425173843977973,0.16166843904647976,0.0,2.5868422830244526
425,SingleLineInfilling/HumanEval/95/L2,HumanEval/95,L2,<=8,oracle_sufficient_canvas,ok,True,3,3,0,0,oracle,,,True,,,ae78bda3ea64bac636429fcfbff2ddbecc41552c57997c1772257ce8c0c96d19,2.389374990016222,0.15358594991266727,0.0,2.5429609399288893
426,SingleLineInfilling/HumanEval/95/L3,HumanEval/95,L3,<=8,oracle_sufficient_canvas,ok,True,6,6,0,0,oracle,,,True,,,ae78bda3ea64bac636429fcfbff2ddbecc41552c57997c1772257ce8c0c96d19,2.4072706720326096,0.1483516360167414,0.0,2.555622308049351
427,SingleLineInfilling/HumanEval/95/L4,HumanEval/95,L4,<=8,oracle_sufficient_canvas,ok,True,7,7,0,0,oracle,,,True,,,daaffd82a20c25d48f5e47c725addd872a2c7f152c0af5c368b7acf940a2b26c,2.4190714629366994,0.15271286107599735,0.0,2.5717843240126967
428,SingleLineInfilling/HumanEval/95/L6,HumanEval/95,L6,9-12,oracle_sufficient_canvas,ok,True,10,10,0,0,oracle,,,True,,,b8b177585a0ecc90fc3da8262a5f5d141715ddabaaf1e9194e39381fc1beb544,2.4201725710881874,0.1511261649429798,0.0,2.571298736031167
429,SingleLineInfilling/HumanEval/95/L7,HumanEval/95,L7,<=8,oracle_sufficient_canvas,ok,True,6,6,0,0,oracle,,,True,,,ae78bda3ea64bac636429fcfbff2ddbecc41552c57997c1772257ce8c0c96d19,2.4110387989785522,0.14875527494587004,0.0,2.5597940739244223
430,SingleLineInfilling/HumanEval/95/L8,HumanEval/95,L8,<=8,oracle_sufficient_canvas,ok,True,3,3,0,0,oracle,,,True,,,5e71295cecd98640e541f4d00fb03454af42389fb466dfb5bf41818cc2b7d9e7,2.413576483959332,0.1484038420021534,0.0,2.5619803259614855
431,SingleLineInfilling/HumanEval/95/L9,HumanEval/95,L9,<=8,oracle_sufficient_canvas,ok,True,7,7,0,0,oracle,,,True,,,cf18961dcf99fcdd6f4fafaec8726bae49f25433fa565bf38e5cf451b63c7fe8,2.4188366449670866,0.13237088511232287,0.0,2.5512075300794095
432,SingleLineInfilling/HumanEval/95/L10,HumanEval/95,L10,<=8,oracle_sufficient_canvas,ok,True,6,6,0,0,oracle,,,True,,,ae78bda3ea64bac636429fcfbff2ddbecc41552c57997c1772257ce8c0c96d19,2.4020167209673673,0.14338454301469028,0.0,2.5454012639820576
433,SingleLineInfilling/HumanEval/95/L11,HumanEval/95,L11,<=8,oracle_sufficient_canvas,ok,True,6,6,0,0,oracle,,,True,,,ae78bda3ea64bac636429fcfbff2ddbecc41552c57997c1772257ce8c0c96d19,2.413058532983996,0.15037956496234983,0.0,2.563438097946346
434,SingleLineInfilling/HumanEval/95/L12,HumanEval/95,L12,<=8,oracle_sufficient_canvas,ok,True,6,6,0,0,oracle,,,True,,,ae78bda3ea64bac636429fcfbff2ddbecc41552c57997c1772257ce8c0c96d19,2.3816801849752665,0.1493560349335894,0.0,2.531036219908856
435,SingleLineInfilling/HumanEval/95/L13,HumanEval/95,L13,<=8,oracle_sufficient_canvas,ok,True,6,6,0,0,oracle,,,True,,,ae78bda3ea64bac636429fcfbff2ddbecc41552c57997c1772257ce8c0c96d19,2.383080528001301,0.15029217093251646,0.0,2.5333726989338174
436,SingleLineInfilling/HumanEval/95/L14,HumanEval/95,L14,<=8,oracle_sufficient_canvas,ok,True,3,3,0,0,oracle,,,True,,,ae78bda3ea64bac636429fcfbff2ddbecc41552c57997c1772257ce8c0c96d19,2.396979812067002,0.1376802520826459,0.0,2.534660064149648
437,SingleLineInfilling/HumanEval/95/L15,HumanEval/95,L15,<=8,oracle_sufficient_canvas,ok,True,3,3,0,0,oracle,,,True,,,ae78bda3ea64bac636429fcfbff2ddbecc41552c57997c1772257ce8c0c96d19,2.393026528065093,0.1476291889557615,0.0,2.5406557170208544
438,SingleLineInfilling/HumanEval/95/L16,HumanEval/95,L16,25+,oracle_sufficient_canvas,ok,False,27,27,0,0,oracle,,,True,UnitTestFailure,failed: Second test error: True,ffe0a8112da5295a6a06931901237be23be17a6b25ce9e9d605a076fbc54e03d,2.4628602190641686,0.14410016604233533,0.0,2.606960385106504
439,SingleLineInfilling/HumanEval/95/L17,HumanEval/95,L17,<=8,oracle_sufficient_canvas,ok,True,6,6,0,0,oracle,,,True,,,ae78bda3ea64bac636429fcfbff2ddbecc41552c57997c1772257ce8c0c96d19,2.380719380103983,0.14686841797083616,0.0,2.527587798074819
440,SingleLineInfilling/HumanEval/95/L18,HumanEval/95,L18,<=8,oracle_sufficient_canvas,ok,True,3,3,0,0,oracle,,,True,,,ae78bda3ea64bac636429fcfbff2ddbecc41552c57997c1772257ce8c0c96d19,2.3835026209708303,0.14044205099344254,0.0,2.523944671964273
441,SingleLineInfilling/HumanEval/95/L19,HumanEval/95,L19,<=8,oracle_sufficient_canvas,ok,True,3,3,0,0,oracle,,,True,,,ae78bda3ea64bac636429fcfbff2ddbecc41552c57997c1772257ce8c0c96d19,2.3690861930372193,0.15347030316479504,0.0,2.5225564962020144
442,SingleLineInfilling/HumanEval/95/L20,HumanEval/95,L20,<=8,oracle_sufficient_canvas,ok,True,3,3,0,0,oracle,,,True,,,ae78bda3ea64bac636429fcfbff2ddbecc41552c57997c1772257ce8c0c96d19,2.3857611319981515,0.15802667196840048,0.0,2.543787803966552
443,SingleLineInfilling/HumanEval/95/L21,HumanEval/95,L21,13-16,oracle_sufficient_canvas,ok,True,14,14,0,0,oracle,,,True,,,6708452748bebb48f21456ff18e845c0306e932a688c197c2e1b6b6fe0895788,2.425062950933352,0.1515377789037302,0.0,2.5766007298370823
444,SingleLineInfilling/HumanEval/96/L0,HumanEval/96,L0,<=8,oracle_sufficient_canvas,ok,True,4,4,0,0,oracle,,,True,,,43fe9923d0e3d1334d0bd965284c541254eed2b0292b57df7342fb94e4c93717,1.9007105589844286,0.15293876104988158,0.0,2.05364932003431
445,SingleLineInfilling/HumanEval/96/L1,HumanEval/96,L1,9-12,oracle_sufficient_canvas,ok,True,10,10,0,0,oracle,,,True,,,f45a250f0bb385f1d6fef6f54f5ff412d62d0e629e63c6d9fbdee7f072cf18ba,1.9053906430490315,0.15367593604605645,0.0,2.059066579095088
446,SingleLineInfilling/HumanEval/96/L2,HumanEval/96,L2,<=8,oracle_sufficient_canvas,ok,True,6,6,0,0,oracle,,,True,,,f45a250f0bb385f1d6fef6f54f5ff412d62d0e629e63c6d9fbdee7f072cf18ba,1.9046335750026628,0.16705840115901083,0.0,2.0716919761616737
447,SingleLineInfilling/HumanEval/96/L3,HumanEval/96,L3,9-12,oracle_sufficient_canvas,ok,True,10,10,0,0,oracle,,,True,,,f45a250f0bb385f1d6fef6f54f5ff412d62d0e629e63c6d9fbdee7f072cf18ba,1.9301083559403196,0.15293596091214567,0.0,2.0830443168524653
448,SingleLineInfilling/HumanEval/96/L4,HumanEval/96,L4,9-12,oracle_sufficient_canvas,ok,True,9,9,0,0,oracle,,,True,,,f45a250f0bb385f1d6fef6f54f5ff412d62d0e629e63c6d9fbdee7f072cf18ba,1.9017947830725461,0.14000954292714596,0.0,2.041804325999692
449,SingleLineInfilling/HumanEval/96/L5,HumanEval/96,L5,<=8,oracle_sufficient_canvas,ok,True,6,6,0,0,oracle,,,True,,,f45a250f0bb385f1d6fef6f54f5ff412d62d0e629e63c6d9fbdee7f072cf18ba,1.9083995069377124,0.15470622095745057,0.0,2.063105727895163
450,SingleLineInfilling/HumanEval/96/L6,HumanEval/96,L6,<=8,oracle_sufficient_canvas,ok,True,3,3,0,0,oracle,,,True,,,f45a250f0bb385f1d6fef6f54f5ff412d62d0e629e63c6d9fbdee7f072cf18ba,1.8977188050048426,0.1400934460107237,0.0,2.0378122510155663
451,SingleLineInfilling/HumanEval/96/L7,HumanEval/96,L7,<=8,oracle_sufficient_canvas,ok,True,5,5,0,0,oracle,,,True,,,f45a250f0bb385f1d6fef6f54f5ff412d62d0e629e63c6d9fbdee7f072cf18ba,1.9015891789458692,0.12014202191494405,0.0,2.0217312008608133
452,SingleLineInfilling/HumanEval/96/L8,HumanEval/96,L8,<=8,oracle_sufficient_canvas,ok,True,5,5,0,0,oracle,,,True,,,f45a250f0bb385f1d6fef6f54f5ff412d62d0e629e63c6d9fbdee7f072cf18ba,1.9003728959942237,0.12089876586105675,0.0,2.0212716618552804
453,SingleLineInfilling/HumanEval/96/L9,HumanEval/96,L9,<=8,oracle_sufficient_canvas,ok,True,4,4,0,0,oracle,,,True,,,9e728eaa1d69912861334fdb41285dbba8602104f0a98c6036104736a0e4f0ac,1.9158415609272197,0.1530209140619263,0.0,2.068862474989146
454,SingleLineInfilling/HumanEval/97/L0,HumanEval/97,L0,17-24,oracle_sufficient_canvas,ok,True,17,17,0,0,oracle,,,True,,,883a6a78d12470dd78a42f0be3e364662c3892e1610280ea1b7ffd99d45e3b13,1.6209798690397292,0.14015310595277697,0.0,1.7611329749925062
455,SingleLineInfilling/HumanEval/99/L0,HumanEval/99,L0,<=8,oracle_sufficient_canvas,ok,False,8,8,0,0,oracle,,,True,UnitTestFailure,failed: name 'ceil' is not defined,6638c8aaa0ccce158c9a9a79785483a9f7de2e640e76f76e15a4ab486b0fa903,2.3296963359462097,0.16386375308502465,0.0,2.4935600890312344
456,SingleLineInfilling/HumanEval/99/L2,HumanEval/99,L2,9-12,oracle_sufficient_canvas,ok,False,9,9,0,0,oracle,,,True,UnitTestFailure,failed: Test 1,d32786bd64190f395f373201b48e6568bbbfc7b3109884b02a7e257973278e19,2.3664982960326597,0.15546383406035602,0.0,2.5219621300930157
457,SingleLineInfilling/HumanEval/99/L3,HumanEval/99,L3,<=8,oracle_sufficient_canvas,ok,True,6,6,0,0,oracle,,,True,,,3469adabc481c179ef72318f86ed21490bbe7da5e7a00113d2e9943a5b4b8e0a,2.3221666880417615,0.16286776785273105,0.0,2.4850344558944926
458,SingleLineInfilling/HumanEval/99/L4,HumanEval/99,L4,9-12,oracle_sufficient_canvas,ok,False,11,11,0,0,oracle,,,True,UnitTestFailure,failed: string index out of range,ebb0b3047d618ee94c1d29ae77d2cc18649db4f2c05d07c6ade70c6aedb1a05e,2.3485351550625637,0.14846623479388654,0.0,2.4970013898564503
459,SingleLineInfilling/HumanEval/99/L5,HumanEval/99,L5,<=8,oracle_sufficient_canvas,ok,False,7,7,0,0,oracle,,,False,SyntaxError,"invalid syntax (<unknown>, line 25)",5d41a22873932cce25e0f30ff3d233929276875210bac00f57ef879e52c21eff,2.3495449849870056,0.00022351497318595648,0.0,2.3497684999601915
460,SingleLineInfilling/HumanEval/99/L7,HumanEval/99,L7,<=8,oracle_sufficient_canvas,ok,True,6,6,0,0,oracle,,,True,,,47ad877d832121a0a756ad7efa56a66d94d464efc851e89f221f76c80289b79b,2.2914035649737343,0.14665994397364557,0.0,2.43806350894738
461,SingleLineInfilling/HumanEval/99/L8,HumanEval/99,L8,9-12,oracle_sufficient_canvas,ok,False,10,10,0,0,oracle,,,True,UnitTestFailure,failed: Test 2,9fbbe59803a8f5ca3173153d014b95d26ebbd2250ec0e2811f8b2f2dc8248c97,2.336721491999924,0.14504454308189452,0.0,2.4817660350818187
462,SingleLineInfilling/HumanEval/99/L9,HumanEval/99,L9,<=8,oracle_sufficient_canvas,ok,True,7,7,0,0,oracle,,,True,,,a4c72d6c199693ee7b3779f6a13deb1bd86c62499128eb375939ada141123df6,2.303848893963732,0.14922782219946384,0.0,2.4530767161631957
463,SingleLineInfilling/HumanEval/99/L10,HumanEval/99,L10,<=8,oracle_sufficient_canvas,ok,True,6,6,0,0,oracle,,,True,,,a4c72d6c199693ee7b3779f6a13deb1bd86c62499128eb375939ada141123df6,2.3250933580566198,0.15793483215384185,0.0,2.4830281902104616
464,SingleLineInfilling/HumanEval/99/L11,HumanEval/99,L11,<=8,oracle_sufficient_canvas,ok,True,3,3,0,0,oracle,,,True,,,a4c72d6c199693ee7b3779f6a13deb1bd86c62499128eb375939ada141123df6,2.311495873029344,0.15449725301004946,0.0,2.4659931260393932
465,SingleLineInfilling/HumanEval/99/L12,HumanEval/99,L12,<=8,oracle_sufficient_canvas,ok,True,6,6,0,0,oracle,,,True,,,a4c72d6c199693ee7b3779f6a13deb1bd86c62499128eb375939ada141123df6,2.306090096011758,0.13044998794794083,0.0,2.4365400839596987
466,SingleLineInfilling/HumanEval/99/L13,HumanEval/99,L13,9-12,oracle_sufficient_canvas,ok,False,9,9,0,0,oracle,,,True,UnitTestFailure,failed: Test 1,78007b49c100bdc31aca244cfbb4735c6ad43c84766a1a4f46096814e88804ed,2.311115755001083,0.1331803280627355,0.0,2.4442960830638185
467,SingleLineInfilling/HumanEval/99/L14,HumanEval/99,L14,<=8,oracle_sufficient_canvas,ok,True,7,7,0,0,oracle,,,True,,,c1791cc19c9810a02dd005eec28327f0ca7178435966289b6bea25ae41c9a891,2.3003370460355654,0.15049578191246837,0.0,2.450832827948034
468,SingleLineInfilling/HumanEval/99/L15,HumanEval/99,L15,<=8,oracle_sufficient_canvas,ok,True,3,3,0,0,oracle,,,True,,,a4c72d6c199693ee7b3779f6a13deb1bd86c62499128eb375939ada141123df6,2.3334448150126263,0.14515272399876267,0.0,2.478597539011389
469,SingleLineInfilling/HumanEval/99/L16,HumanEval/99,L16,<=8,oracle_sufficient_canvas,ok,True,6,6,0,0,oracle,,,True,,,77cd8471c32a04acbf54e1dc5d0e30e6c17d74eb17e5c9f0117f8a989304e851,2.3457902040099725,0.15317210601642728,0.0,2.4989623100264
470,SingleLineInfilling/HumanEval/99/L18,HumanEval/99,L18,<=8,oracle_sufficient_canvas,ok,True,4,4,0,0,oracle,,,True,,,af35940ac95f115751e9a0a6a61a06068872aed44e98065ad3d9e2a71c9bba77,2.3338042430114,0.1549861670937389,0.0,2.488790410105139
471,SingleLineInfilling/HumanEval/100/L0,HumanEval/100,L0,13-16,oracle_sufficient_canvas,ok,False,14,14,0,0,oracle,,,True,UnitTestFailure,failed: Test 3,3c28f64e66ac242bee30797cb097f21123e117ccbabbde429f0aa94d2ac8e3d7,1.8499229940352961,0.1629253348801285,0.0,2.0128483289154246
472,SingleLineInfilling/HumanEval/101/L0,HumanEval/101,L0,<=8,oracle_sufficient_canvas,ok,True,5,5,0,0,oracle,,,True,,,a12e48aeb7f63706d15756d904eca7bbe7a4965fd1a0e2af5833aabe1858a9cb,1.8403654700377956,0.14940285205375403,0.0,1.9897683220915496
473,SingleLineInfilling/HumanEval/101/L1,HumanEval/101,L1,<=8,oracle_sufficient_canvas,ok,False,3,3,0,0,oracle,,,True,UnitTestFailure,failed: ,241a3893c9d68755f2c5342f554ac4a1dd3da903b9890b24a459edf7a490695f,1.8268906869925559,0.15636742487549782,0.0,1.9832581118680537
474,SingleLineInfilling/HumanEval/101/L3,HumanEval/101,L3,<=8,oracle_sufficient_canvas,ok,False,5,5,0,0,oracle,,,True,UnitTestFailure,failed: 'str' object has no attribute 'append',66071ed82985e6f2dd21a21dfb1c04a6efe5fae34a546f0ac7b973d8a1c675c3,1.840233616065234,0.14345923613291234,0.0,1.9836928521981463
475,SingleLineInfilling/HumanEval/101/L5,HumanEval/101,L5,<=8,oracle_sufficient_canvas,ok,True,6,6,0,0,oracle,,,True,,,a347a489bfc518ee83e8408f517daaba1005b8cf01cf1ab8aaf2295861d8f6e5,1.8604544129921123,0.15669112594332546,0.0,2.017145538935438
476,SingleLineInfilling/HumanEval/101/L6,HumanEval/101,L6,<=8,oracle_sufficient_canvas,ok,True,6,6,0,0,oracle,,,True,,,a347a489bfc518ee83e8408f517daaba1005b8cf01cf1ab8aaf2295861d8f6e5,1.874582993099466,0.15672066516708583,0.0,2.031303658266552
477,SingleLineInfilling/HumanEval/101/L7,HumanEval/101,L7,<=8,oracle_sufficient_canvas,ok,True,6,6,0,0,oracle,,,True,,,a347a489bfc518ee83e8408f517daaba1005b8cf01cf1ab8aaf2295861d8f6e5,1.8773130599875003,0.14780315791722387,0.0,2.025116217904724
478,SingleLineInfilling/HumanEval/101/L8,HumanEval/101,L8,<=8,oracle_sufficient_canvas,ok,True,3,3,0,0,oracle,,,True,,,a347a489bfc518ee83e8408f517daaba1005b8cf01cf1ab8aaf2295861d8f6e5,1.8435334770474583,0.15295141912065446,0.0,1.9964848961681128
479,SingleLineInfilling/HumanEval/101/L9,HumanEval/101,L9,<=8,oracle_sufficient_canvas,ok,True,6,6,0,0,oracle,,,True,,,210b198324e8dbeb7f7aff8d4ccf7f33a00e14ef0f195bc8f95637b384d8e6a1,1.8398379209684208,0.15172300208359957,0.0,1.9915609230520204
480,SingleLineInfilling/HumanEval/101/L11,HumanEval/101,L11,9-12,oracle_sufficient_canvas,ok,True,9,9,0,0,oracle,,,True,,,2f65f9b0c4b863a18bd8e7165f9c32a5741f584fc5cc08a85ba63e56b462cab4,1.8829484781017527,0.14759190694894642,0.0,2.030540385050699
481,SingleLineInfilling/HumanEval/101/L12,HumanEval/101,L12,<=8,oracle_sufficient_canvas,ok,True,6,6,0,0,oracle,,,True,,,a347a489bfc518ee83e8408f517daaba1005b8cf01cf1ab8aaf2295861d8f6e5,1.8709020770620555,0.15768614097032696,0.0,2.0285882180323824
482,SingleLineInfilling/HumanEval/102/L0,HumanEval/102,L0,<=8,oracle_sufficient_canvas,ok,True,6,6,0,0,oracle,,,True,,,125be3819afa9eaf89a34fa81e2fc33f9bba925f6c713702f8126cb239c6b200,1.8721515119541436,0.1552275469293818,0.0,2.0273790588835254
483,SingleLineInfilling/HumanEval/102/L1,HumanEval/102,L1,<=8,oracle_sufficient_canvas,ok,True,5,5,0,0,oracle,,,True,,,74a43d58d3d67cebcc8fcd3ce09d30b7a9bc65b96a0c2e23f14c6658ae1f5812,1.842903907992877,0.15873129991814494,0.0,2.001635207911022
484,SingleLineInfilling/HumanEval/102/L2,HumanEval/102,L2,9-12,oracle_sufficient_canvas,ok,True,10,10,0,0,oracle,,,True,,,74a43d58d3d67cebcc8fcd3ce09d30b7a9bc65b96a0c2e23f14c6658ae1f5812,1.8675597799010575,0.14991137594915926,0.0,2.0174711558502167
485,SingleLineInfilling/HumanEval/102/L3,HumanEval/102,L3,<=8,oracle_sufficient_canvas,ok,True,4,4,0,0,oracle,,,True,,,74a43d58d3d67cebcc8fcd3ce09d30b7a9bc65b96a0c2e23f14c6658ae1f5812,1.8456509920069948,0.1545633099740371,0.0,2.000214301981032
486,SingleLineInfilling/HumanEval/102/L4,HumanEval/102,L4,<=8,oracle_sufficient_canvas,ok,True,6,6,0,0,oracle,,,True,,,74a43d58d3d67cebcc8fcd3ce09d30b7a9bc65b96a0c2e23f14c6658ae1f5812,1.8502135321032256,0.1574142201570794,0.0,2.007627752260305
487,SingleLineInfilling/HumanEval/102/L5,HumanEval/102,L5,<=8,oracle_sufficient_canvas,ok,True,5,5,0,0,oracle,,,True,,,74a43d58d3d67cebcc8fcd3ce09d30b7a9bc65b96a0c2e23f14c6658ae1f5812,1.8495082529261708,0.14535329095087945,0.0,1.9948615438770503
488,SingleLineInfilling/HumanEval/102/L6,HumanEval/102,L6,<=8,oracle_sufficient_canvas,ok,True,7,7,0,0,oracle,,,True,,,74a43d58d3d67cebcc8fcd3ce09d30b7a9bc65b96a0c2e23f14c6658ae1f5812,1.87997545406688,0.1573314069537446,0.0,2.0373068610206246
489,SingleLineInfilling/HumanEval/103/L0,HumanEval/103,L0,<=8,oracle_sufficient_canvas,ok,True,6,6,0,0,oracle,,,True,,,e50ead66209abe7bcca0f9f9cd28361465caa6e745bc4c2afada67b32cc960f7,1.8965448460076004,0.1567634519888088,0.0,2.0533082979964092
490,SingleLineInfilling/HumanEval/103/L1,HumanEval/103,L1,<=8,oracle_sufficient_canvas,ok,True,5,5,0,0,oracle,,,True,,,4a2b1380cd44182161cf2ae33adfdcbb405a1e3736459c1bb82a1c306f18ee0c,1.917550483951345,0.14811516704503447,0.0,2.0656656509963796
491,SingleLineInfilling/HumanEval/103/L2,HumanEval/103,L2,<=8,oracle_sufficient_canvas,ok,True,7,7,0,0,oracle,,,True,,,4a2b1380cd44182161cf2ae33adfdcbb405a1e3736459c1bb82a1c306f18ee0c,1.912284140009433,0.15374394005630165,0.0,2.0660280800657347
492,SingleLineInfilling/HumanEval/103/L3,HumanEval/103,L3,9-12,oracle_sufficient_canvas,ok,True,11,11,0,0,oracle,,,True,,,4a2b1380cd44182161cf2ae33adfdcbb405a1e3736459c1bb82a1c306f18ee0c,1.8972548809833825,0.1587310089962557,0.0,2.055985889979638
493,SingleLineInfilling/HumanEval/103/L4,HumanEval/103,L4,<=8,oracle_sufficient_canvas,ok,True,6,6,0,0,oracle,,,True,,,4a2b1380cd44182161cf2ae33adfdcbb405a1e3736459c1bb82a1c306f18ee0c,1.9164010760141537,0.15043322008568794,0.0,2.0668342960998416
494,SingleLineInfilling/HumanEval/103/L5,HumanEval/103,L5,13-16,oracle_sufficient_canvas,ok,False,15,15,0,0,oracle,,,False,SyntaxError,"f-string: unmatched '(' (<unknown>, line 18)",666555e6880bf8878deda0b7357127aa823bdd0728dfdc1cddb218f3f6937f52,1.9282555850222707,0.0002202410250902176,0.0,1.928475826047361
495,SingleLineInfilling/HumanEval/104/L0,HumanEval/104,L0,<=8,oracle_sufficient_canvas,ok,True,6,6,0,0,oracle,,,True,,,1b1f72b7891a9173eb0caabbece5b534bfe25c4f5b4fba1e509bb5d8a79be4a0,1.8709825070109218,0.15748746099416167,0.0,2.0284699680050835
496,SingleLineInfilling/HumanEval/104/L1,HumanEval/104,L1,<=8,oracle_sufficient_canvas,ok,True,6,6,0,0,oracle,,,True,,,0ec4630dd40e41262c8560df80a19a80f1ee3ca09436ca7cfff5c06aaac528d9,1.868961971020326,0.15353744104504585,0.0,2.022499412065372
497,SingleLineInfilling/HumanEval/104/L2,HumanEval/104,L2,17-24,oracle_sufficient_canvas,ok,True,19,19,0,0,oracle,,,True,,,1be17d3bca8a356cdfcee76769710f083f72bd80a609d7423ab9d3b7acdc9e0e,1.8822508829180151,0.1508705710293725,0.0,2.0331214539473876
498,SingleLineInfilling/HumanEval/104/L3,HumanEval/104,L3,<=8,oracle_sufficient_canvas,ok,True,7,7,0,0,oracle,,,True,,,0ec4630dd40e41262c8560df80a19a80f1ee3ca09436ca7cfff5c06aaac528d9,1.8612932530231774,0.1524449000135064,0.0,2.013738153036684
499,SingleLineInfilling/HumanEval/104/L4,HumanEval/104,L4,<=8,oracle_sufficient_canvas,ok,True,8,8,0,0,oracle,,,True,,,0ec4630dd40e41262c8560df80a19a80f1ee3ca09436ca7cfff5c06aaac528d9,1.8675904920091853,0.1524370750412345,0.0,2.0200275670504197
500,SingleLineInfilling/HumanEval/105/L0,HumanEval/105,L0,<=8,oracle_sufficient_canvas,ok,True,4,4,0,0,oracle,,,True,,,a3fffc6987d993bb8d22f6665bbd05198cb94af5320c071055f6fa846401749e,2.6611975509440526,0.1585727190831676,0.0,2.8197702700272202
501,SingleLineInfilling/HumanEval/105/L1,HumanEval/105,L1,<=8,oracle_sufficient_canvas,ok,True,7,7,0,0,oracle,,,True,,,4732c5b95c79258ae34bafa30232f364868dac2ac475428b3c18a3fa3aeec467,2.6444844339275733,0.14118748414330184,0.0,2.785671918070875
502,SingleLineInfilling/HumanEval/105/L2,HumanEval/105,L2,<=8,oracle_sufficient_canvas,ok,True,7,7,0,0,oracle,,,True,,,4732c5b95c79258ae34bafa30232f364868dac2ac475428b3c18a3fa3aeec467,2.664978423039429,0.14814827602822334,0.0,2.8131266990676522
503,SingleLineInfilling/HumanEval/105/L3,HumanEval/105,L3,<=8,oracle_sufficient_canvas,ok,True,7,7,0,0,oracle,,,True,,,4732c5b95c79258ae34bafa30232f364868dac2ac475428b3c18a3fa3aeec467,2.624820015975274,0.15513662388548255,0.0,2.7799566398607567
504,SingleLineInfilling/HumanEval/105/L4,HumanEval/105,L4,<=8,oracle_sufficient_canvas,ok,True,7,7,0,0,oracle,,,True,,,4732c5b95c79258ae34bafa30232f364868dac2ac475428b3c18a3fa3aeec467,2.641059148008935,0.16226712195202708,0.0,2.8033262699609622
505,SingleLineInfilling/HumanEval/105/L5,HumanEval/105,L5,<=8,oracle_sufficient_canvas,ok,True,7,7,0,0,oracle,,,True,,,4732c5b95c79258ae34bafa30232f364868dac2ac475428b3c18a3fa3aeec467,2.632862907019444,0.1598237600410357,0.0,2.7926866670604795
506,SingleLineInfilling/HumanEval/105/L6,HumanEval/105,L6,<=8,oracle_sufficient_canvas,ok,True,7,7,0,0,oracle,,,True,,,4732c5b95c79258ae34bafa30232f364868dac2ac475428b3c18a3fa3aeec467,2.6381994540570304,0.1555273209232837,0.0,2.793726774980314
507,SingleLineInfilling/HumanEval/105/L7,HumanEval/105,L7,<=8,oracle_sufficient_canvas,ok,True,7,7,0,0,oracle,,,True,,,4732c5b95c79258ae34bafa30232f364868dac2ac475428b3c18a3fa3aeec467,2.6391165499808267,0.1527086568530649,0.0,2.7918252068338916
508,SingleLineInfilling/HumanEval/105/L8,HumanEval/105,L8,<=8,oracle_sufficient_canvas,ok,True,7,7,0,0,oracle,,,True,,,4732c5b95c79258ae34bafa30232f364868dac2ac475428b3c18a3fa3aeec467,2.6553097059950233,0.1422976970206946,0.0,2.797607403015718
509,SingleLineInfilling/HumanEval/105/L9,HumanEval/105,L9,<=8,oracle_sufficient_canvas,ok,True,7,7,0,0,oracle,,,True,,,4732c5b95c79258ae34bafa30232f364868dac2ac475428b3c18a3fa3aeec467,2.6480867019854486,0.14950413489714265,0.0,2.7975908368825912
510,SingleLineInfilling/HumanEval/105/L10,HumanEval/105,L10,<=8,oracle_sufficient_canvas,ok,True,2,2,0,0,oracle,,,True,,,4732c5b95c79258ae34bafa30232f364868dac2ac475428b3c18a3fa3aeec467,2.633161968900822,0.15289876784663647,0.0,2.7860607367474586
511,SingleLineInfilling/HumanEval/105/L11,HumanEval/105,L11,9-12,oracle_sufficient_canvas,ok,True,10,10,0,0,oracle,,,True,,,4732c5b95c79258ae34bafa30232f364868dac2ac475428b3c18a3fa3aeec467,2.6931398570304736,0.14812873816117644,0.0,2.84126859519165
512,SingleLineInfilling/HumanEval/105/L12,HumanEval/105,L12,<=8,oracle_sufficient_canvas,ok,True,5,5,0,0,oracle,,,True,,,4732c5b95c79258ae34bafa30232f364868dac2ac475428b3c18a3fa3aeec467,2.648815370979719,0.14380394597537816,0.0,2.792619316955097
513,SingleLineInfilling/HumanEval/105/L13,HumanEval/105,L13,<=8,oracle_sufficient_canvas,ok,True,7,7,0,0,oracle,,,True,,,4732c5b95c79258ae34bafa30232f364868dac2ac475428b3c18a3fa3aeec467,2.6597379100276157,0.1593532549450174,0.0,2.819091164972633
514,SingleLineInfilling/HumanEval/105/L14,HumanEval/105,L14,<=8,oracle_sufficient_canvas,ok,True,3,3,0,0,oracle,,,True,,,4732c5b95c79258ae34bafa30232f364868dac2ac475428b3c18a3fa3aeec467,2.6474732080241665,0.14086879196111113,0.0,2.7883419999852777
515,SingleLineInfilling/HumanEval/105/L15,HumanEval/105,L15,<=8,oracle_sufficient_canvas,ok,True,7,7,0,0,oracle,,,True,,,4732c5b95c79258ae34bafa30232f364868dac2ac475428b3c18a3fa3aeec467,2.6633948740782216,0.1470869560725987,0.0,2.8104818301508203
516,SingleLineInfilling/HumanEval/105/L16,HumanEval/105,L16,<=8,oracle_sufficient_canvas,ok,True,3,3,0,0,oracle,,,True,,,4732c5b95c79258ae34bafa30232f364868dac2ac475428b3c18a3fa3aeec467,2.658600376918912,0.13756830303464085,0.0,2.796168679953553
517,SingleLineInfilling/HumanEval/105/L17,HumanEval/105,L17,<=8,oracle_sufficient_canvas,ok,True,3,3,0,0,oracle,,,True,,,4732c5b95c79258ae34bafa30232f364868dac2ac475428b3c18a3fa3aeec467,2.6405070199398324,0.15150586713571101,0.0,2.7920128870755434
518,SingleLineInfilling/HumanEval/105/L18,HumanEval/105,L18,<=8,oracle_sufficient_canvas,ok,True,5,5,0,0,oracle,,,True,,,4732c5b95c79258ae34bafa30232f364868dac2ac475428b3c18a3fa3aeec467,2.654207923915237,0.15254758507944643,0.0,2.8067555089946836
519,SingleLineInfilling/HumanEval/106/L0,HumanEval/106,L0,<=8,oracle_sufficient_canvas,ok,True,4,4,0,0,oracle,,,True,,,55dfbf20b6987bafa8e465ffd04f59ebfb58b9e610fae0d3a530353ba73a600e,1.9200100830057636,0.1463532669004053,0.0,2.066363349906169
520,SingleLineInfilling/HumanEval/106/L1,HumanEval/106,L1,9-12,oracle_sufficient_canvas,ok,True,11,11,0,0,oracle,,,True,,,4923aa6cabe5ccc261bd33379d0ce983b7d7fe37634e5ebd934f6852026d5682,1.9049469240708277,0.15377194702159613,0.0,2.058718871092424
521,SingleLineInfilling/HumanEval/106/L2,HumanEval/106,L2,9-12,oracle_sufficient_canvas,ok,True,9,9,0,0,oracle,,,True,,,4923aa6cabe5ccc261bd33379d0ce983b7d7fe37634e5ebd934f6852026d5682,1.9040134450187907,0.14699410507455468,0.0,2.0510075500933453
522,SingleLineInfilling/HumanEval/106/L3,HumanEval/106,L3,<=8,oracle_sufficient_canvas,ok,True,6,6,0,0,oracle,,,True,,,4923aa6cabe5ccc261bd33379d0ce983b7d7fe37634e5ebd934f6852026d5682,1.9042449709959328,0.1523626570124179,0.0,2.0566076280083507
523,SingleLineInfilling/HumanEval/106/L4,HumanEval/106,L4,13-16,oracle_sufficient_canvas,ok,True,15,15,0,0,oracle,,,True,,,4923aa6cabe5ccc261bd33379d0ce983b7d7fe37634e5ebd934f6852026d5682,1.912692241021432,0.15761433506850153,0.0,2.0703065760899335
524,SingleLineInfilling/HumanEval/106/L5,HumanEval/106,L5,<=8,oracle_sufficient_canvas,ok,True,6,6,0,0,oracle,,,True,,,4923aa6cabe5ccc261bd33379d0ce983b7d7fe37634e5ebd934f6852026d5682,1.8981494940817356,0.15658733900636435,0.0,2.0547368330881
525,SingleLineInfilling/HumanEval/106/L6,HumanEval/106,L6,<=8,oracle_sufficient_canvas,ok,True,3,3,0,0,oracle,,,True,,,4923aa6cabe5ccc261bd33379d0ce983b7d7fe37634e5ebd934f6852026d5682,1.8981727360514924,0.15612486109603196,0.0,2.0542975971475244
526,SingleLineInfilling/HumanEval/106/L7,HumanEval/106,L7,<=8,oracle_sufficient_canvas,ok,True,6,6,0,0,oracle,,,True,,,4923aa6cabe5ccc261bd33379d0ce983b7d7fe37634e5ebd934f6852026d5682,1.905404735938646,0.14716997893992811,0.0,2.052574714878574
527,SingleLineInfilling/HumanEval/106/L8,HumanEval/106,L8,13-16,oracle_sufficient_canvas,ok,True,15,15,0,0,oracle,,,True,,,4923aa6cabe5ccc261bd33379d0ce983b7d7fe37634e5ebd934f6852026d5682,1.927897289977409,0.14092530508060008,0.0,2.068822595058009
528,SingleLineInfilling/HumanEval/106/L9,HumanEval/106,L9,<=8,oracle_sufficient_canvas,ok,True,6,6,0,0,oracle,,,True,,,4923aa6cabe5ccc261bd33379d0ce983b7d7fe37634e5ebd934f6852026d5682,1.9099682339001447,0.15789943607524037,0.0,2.067867669975385
529,SingleLineInfilling/HumanEval/106/L10,HumanEval/106,L10,<=8,oracle_sufficient_canvas,ok,True,4,4,0,0,oracle,,,True,,,4923aa6cabe5ccc261bd33379d0ce983b7d7fe37634e5ebd934f6852026d5682,1.9109952640719712,0.13876681693363935,0.0,2.0497620810056105
530,SingleLineInfilling/HumanEval/107/L0,HumanEval/107,L0,<=8,oracle_sufficient_canvas,ok,True,7,7,0,0,oracle,,,True,,,dfb32b4646d4af61cfc0317e091bea41387d8e21bca9fa1962d60a0b7b722d6c,2.4370681670261547,0.12102339800912887,0.0,2.5580915650352836
531,SingleLineInfilling/HumanEval/107/L1,HumanEval/107,L1,9-12,oracle_sufficient_canvas,ok,True,12,12,0,0,oracle,,,True,,,1fcbd1efe301e1245794c282e33d0ecadad33218ac831e864dfa1b3130a2254e,2.621286064037122,0.13600833795499057,0.0,2.7572944019921124
532,SingleLineInfilling/HumanEval/107/L3,HumanEval/107,L3,9-12,oracle_sufficient_canvas,ok,True,9,9,0,0,oracle,,,True,,,b2b8bc7dfc97df580d10272c6f15afe44ba5b65f492be1bf88cbe109e9e76b88,2.4051447629462928,0.14490962796844542,0.0,2.550054390914738
533,SingleLineInfilling/HumanEval/107/L4,HumanEval/107,L4,9-12,oracle_sufficient_canvas,ok,True,9,9,0,0,oracle,,,True,,,18d5c6f87a76d3eb0bbd1e3c5a20dcf35421266fa9e47135d12d9cc60c6269f2,2.5988591340137646,0.1424432279309258,0.0,2.7413023619446903
534,SingleLineInfilling/HumanEval/107/L6,HumanEval/107,L6,9-12,oracle_sufficient_canvas,ok,True,12,12,0,0,oracle,,,True,,,b2b8bc7dfc97df580d10272c6f15afe44ba5b65f492be1bf88cbe109e9e76b88,2.4087534199934453,0.14406978397164494,0.0,2.55282320396509
535,SingleLineInfilling/HumanEval/107/L7,HumanEval/107,L7,13-16,oracle_sufficient_canvas,ok,True,14,14,0,0,oracle,,,True,,,7db9847664c8e9c6efec085c15125d9617b14d971e797ecd1b0cf6c5ffc684e4,2.3987681550206617,0.14038975711446255,0.0,2.539157912135124
536,SingleLineInfilling/HumanEval/107/L8,HumanEval/107,L8,9-12,oracle_sufficient_canvas,ok,True,9,9,0,0,oracle,,,True,,,9d1f9c809e67a4bf5303f876abece0ff8df9750d3a28fa5a22d63badd6d8f9fd,2.3939355730544776,0.13276350998785347,0.0,2.526699083042331
537,SingleLineInfilling/HumanEval/107/L9,HumanEval/107,L9,13-16,oracle_sufficient_canvas,ok,True,14,14,0,0,oracle,,,True,,,b2b8bc7dfc97df580d10272c6f15afe44ba5b65f492be1bf88cbe109e9e76b88,2.423745152889751,0.14473298005759716,0.0,2.568478132947348
538,SingleLineInfilling/HumanEval/107/L10,HumanEval/107,L10,9-12,oracle_sufficient_canvas,ok,True,9,9,0,0,oracle,,,True,,,a36ba3a0a576224af7813a83a259096b29e6aeb77a304f5fae7a3b31c8e919a6,2.404062144923955,0.14366859989240766,0.0,2.547730744816363
539,SingleLineInfilling/HumanEval/107/L11,HumanEval/107,L11,13-16,oracle_sufficient_canvas,ok,True,13,13,0,0,oracle,,,True,,,b2b8bc7dfc97df580d10272c6f15afe44ba5b65f492be1bf88cbe109e9e76b88,2.4088011540006846,0.1458718319190666,0.0,2.5546729859197512
540,SingleLineInfilling/HumanEval/108/L0,HumanEval/108,L0,<=8,oracle_sufficient_canvas,ok,True,6,6,0,0,oracle,,,True,,,2af75aca116aeb63b0ddd11c6372c328d01a43d0882df95df120f037a3c104fa,1.9107522428967059,0.14446190395392478,0.0,2.0552141468506306
541,SingleLineInfilling/HumanEval/108/L1,HumanEval/108,L1,<=8,oracle_sufficient_canvas,ok,True,6,6,0,0,oracle,,,True,,,7f4961a6940f3d43ec67131f5e374518786bb034830cabbd4bcac17fbbca2322,1.9053554049460217,0.11759871104732156,0.0,2.0229541159933433
542,SingleLineInfilling/HumanEval/108/L2,HumanEval/108,L2,17-24,oracle_sufficient_canvas,ok,True,19,19,0,0,oracle,,,True,,,a6791534d1b4b018f3bc011bd26bfbc7d921aa6dc3236ca8cece2524d26be1aa,1.926053327973932,0.15273931005503982,0.0,2.078792638028972
543,SingleLineInfilling/HumanEval/108/L3,HumanEval/108,L3,13-16,oracle_sufficient_canvas,ok,True,13,13,0,0,oracle,,,True,,,7f4961a6940f3d43ec67131f5e374518786bb034830cabbd4bcac17fbbca2322,1.8984348429366946,0.1251354959094897,0.0,2.0235703388461843
544,SingleLineInfilling/HumanEval/108/L4,HumanEval/108,L4,13-16,oracle_sufficient_canvas,ok,True,13,13,0,0,oracle,,,True,,,7f4961a6940f3d43ec67131f5e374518786bb034830cabbd4bcac17fbbca2322,1.9191065789200366,0.14098284300416708,0.0,2.0600894219242036
545,SingleLineInfilling/HumanEval/108/L5,HumanEval/108,L5,<=8,oracle_sufficient_canvas,ok,True,5,5,0,0,oracle,,,True,,,7f4961a6940f3d43ec67131f5e374518786bb034830cabbd4bcac17fbbca2322,1.8960709560196847,0.14967333723325282,0.0,2.0457442932529375
546,SingleLineInfilling/HumanEval/108/L6,HumanEval/108,L6,17-24,oracle_sufficient_canvas,ok,True,23,23,0,0,oracle,,,True,,,85c2ae7811e5e374f2da298c04a4c00581bf000b836d191b863341171c718b2d,1.9349860950605944,0.14800711604766548,0.0,2.08299321110826
547,SingleLineInfilling/HumanEval/109/L0,HumanEval/109,L0,<=8,oracle_sufficient_canvas,ok,True,7,7,0,0,oracle,,,True,,,1c69f346708466c455d68525e69286da6956185ff92da7bd4d36f747ed29c686,2.6200501669663936,0.12726067996118218,0.0,2.7473108469275758
548,SingleLineInfilling/HumanEval/109/L1,HumanEval/109,L1,<=8,oracle_sufficient_canvas,ok,True,4,4,0,0,oracle,,,True,,,97f77cd731a2a2eebba8d9de02d56cf2b687a4ef1006042894ca3f7baf97594c,2.5934258949710056,0.12212260882370174,0.0,2.7155485037947074
549,SingleLineInfilling/HumanEval/109/L2,HumanEval/109,L2,<=8,oracle_sufficient_canvas,ok,True,7,7,0,0,oracle,,,True,,,97f77cd731a2a2eebba8d9de02d56cf2b687a4ef1006042894ca3f7baf97594c,2.6467177249724045,0.1464016940444708,0.0,2.7931194190168753
550,SingleLineInfilling/HumanEval/109/L3,HumanEval/109,L3,<=8,oracle_sufficient_canvas,ok,True,4,4,0,0,oracle,,,True,,,97f77cd731a2a2eebba8d9de02d56cf2b687a4ef1006042894ca3f7baf97594c,2.6421594810672104,0.1464558179723099,0.0,2.7886152990395203
551,SingleLineInfilling/HumanEval/109/L5,HumanEval/109,L5,<=8,oracle_sufficient_canvas,ok,True,6,6,0,0,oracle,,,True,,,97f77cd731a2a2eebba8d9de02d56cf2b687a4ef1006042894ca3f7baf97594c,2.634356806986034,0.15743828902486712,0.0,2.791795096010901
552,SingleLineInfilling/HumanEval/109/L6,HumanEval/109,L6,9-12,oracle_sufficient_canvas,ok,True,9,9,0,0,oracle,,,True,,,97f77cd731a2a2eebba8d9de02d56cf2b687a4ef1006042894ca3f7baf97594c,2.6278346040053293,0.14279500290285796,0.0,2.7706296069081873
553,SingleLineInfilling/HumanEval/109/L7,HumanEval/109,L7,13-16,oracle_sufficient_canvas,ok,True,15,15,0,0,oracle,,,True,,,d1f6f15d16c9f3a1eb298edd720be93831e2b6a56c0ea132ba4b2eefa1eb64ed,2.6761831410694867,0.15412804984953254,0.0,2.8303111909190193
554,SingleLineInfilling/HumanEval/109/L8,HumanEval/109,L8,<=8,oracle_sufficient_canvas,ok,True,8,8,0,0,oracle,,,True,,,97f77cd731a2a2eebba8d9de02d56cf2b687a4ef1006042894ca3f7baf97594c,2.6566882689949125,0.15233543107751757,0.0,2.80902370007243
555,SingleLineInfilling/HumanEval/109/L9,HumanEval/109,L9,9-12,oracle_sufficient_canvas,ok,True,10,10,0,0,oracle,,,True,,,97f77cd731a2a2eebba8d9de02d56cf2b687a4ef1006042894ca3f7baf97594c,2.655156866996549,0.15335221600253135,0.0,2.8085090829990804
556,SingleLineInfilling/HumanEval/109/L10,HumanEval/109,L10,<=8,oracle_sufficient_canvas,ok,True,4,4,0,0,oracle,,,True,,,97f77cd731a2a2eebba8d9de02d56cf2b687a4ef1006042894ca3f7baf97594c,2.6101692920783535,0.15594186598900706,0.0,2.7661111580673605
557,SingleLineInfilling/HumanEval/109/L11,HumanEval/109,L11,<=8,oracle_sufficient_canvas,ok,True,4,4,0,0,oracle,,,True,,,97f77cd731a2a2eebba8d9de02d56cf2b687a4ef1006042894ca3f7baf97594c,2.624448650982231,0.12385582807473838,0.0,2.7483044790569693
558,SingleLineInfilling/HumanEval/110/L0,HumanEval/110,L0,<=8,oracle_sufficient_canvas,ok,True,6,6,0,0,oracle,,,True,,,9f0a4819fc4dcdeabf55bf64813692fa2de8fb271bd94204df845ecf0ffc19e6,2.3204333489993587,0.1509468489093706,0.0,2.4713801979087293
559,SingleLineInfilling/HumanEval/110/L1,HumanEval/110,L1,<=8,oracle_sufficient_canvas,ok,True,6,6,0,0,oracle,,,True,,,118d1769a82ecc1d696c25de133e09991098294adb2c2797f17f3c096a187fd1,2.3299338340293616,0.14502210391219705,0.0,2.4749559379415587
560,SingleLineInfilling/HumanEval/110/L2,HumanEval/110,L2,<=8,oracle_sufficient_canvas,ok,True,7,7,0,0,oracle,,,True,,,118d1769a82ecc1d696c25de133e09991098294adb2c2797f17f3c096a187fd1,2.328741993987933,0.14760357199702412,0.0,2.476345565984957
561,SingleLineInfilling/HumanEval/110/L3,HumanEval/110,L3,9-12,oracle_sufficient_canvas,ok,True,9,9,0,0,oracle,,,True,,,abdd4fb7c727869ddb6804254be0d6527dbde53c304778f9ae384d09a1d6c67d,2.3340514899464324,0.12545301497448236,0.0,2.4595045049209148
562,SingleLineInfilling/HumanEval/110/L4,HumanEval/110,L4,<=8,oracle_sufficient_canvas,ok,True,6,6,0,0,oracle,,,True,,,118d1769a82ecc1d696c25de133e09991098294adb2c2797f17f3c096a187fd1,2.3064881860045716,0.14914094703271985,0.0,2.4556291330372915
563,SingleLineInfilling/HumanEval/110/L5,HumanEval/110,L5,<=8,oracle_sufficient_canvas,ok,True,7,7,0,0,oracle,,,True,,,118d1769a82ecc1d696c25de133e09991098294adb2c2797f17f3c096a187fd1,2.3228144680615515,0.1569503309438005,0.0,2.479764799005352
564,SingleLineInfilling/HumanEval/110/L6,HumanEval/110,L6,9-12,oracle_sufficient_canvas,ok,True,9,9,0,0,oracle,,,True,,,118d1769a82ecc1d696c25de133e09991098294adb2c2797f17f3c096a187fd1,2.3336716369958594,0.14213215908966959,0.0,2.475803796085529
565,SingleLineInfilling/HumanEval/110/L7,HumanEval/110,L7,<=8,oracle_sufficient_canvas,ok,True,6,6,0,0,oracle,,,True,,,118d1769a82ecc1d696c25de133e09991098294adb2c2797f17f3c096a187fd1,2.3154807360842824,0.14999872504267842,0.0,2.465479461126961
566,SingleLineInfilling/HumanEval/110/L8,HumanEval/110,L8,<=8,oracle_sufficient_canvas,ok,True,6,6,0,0,oracle,,,True,,,fa6a424ed611b4f68588c511a459fb9b0c83788db19622aa2bb9621f6fc2878b,2.312648553051986,0.1450256648240611,0.0,2.457674217876047
567,SingleLineInfilling/HumanEval/110/L9,HumanEval/110,L9,<=8,oracle_sufficient_canvas,ok,True,5,5,0,0,oracle,,,True,,,118d1769a82ecc1d696c25de133e09991098294adb2c2797f17f3c096a187fd1,2.3309151029679924,0.13778912916313857,0.0,2.468704232131131
568,SingleLineInfilling/HumanEval/110/L10,HumanEval/110,L10,<=8,oracle_sufficient_canvas,ok,True,5,5,0,0,oracle,,,True,,,118d1769a82ecc1d696c25de133e09991098294adb2c2797f17f3c096a187fd1,2.3281880859285593,0.14164008502848446,0.0,2.4698281709570438
569,SingleLineInfilling/HumanEval/111/L0,HumanEval/111,L0,<=8,oracle_sufficient_canvas,ok,True,4,4,0,0,oracle,,,True,,,0e2b8d2b74f763d25ef81c3f70c3178c9663ccc99942dbd100107b571aef1476,1.915696601034142,0.15926921693608165,0.0,2.0749658179702237
570,SingleLineInfilling/HumanEval/111/L1,HumanEval/111,L1,<=8,oracle_sufficient_canvas,ok,True,7,7,0,0,oracle,,,True,,,84dcfab7088948ff845f92feb8cafc26881358c1bbfdceddf11855b56982ab4a,1.9374776920303702,0.14226383483037353,0.0,2.0797415268607438
571,SingleLineInfilling/HumanEval/111/L2,HumanEval/111,L2,<=8,oracle_sufficient_canvas,ok,True,5,5,0,0,oracle,,,True,,,ac179d365f1184b09fe24aa505347df6c617b3ae56cacb5db2b33439328e303a,1.9350184689974412,0.14357022801414132,0.0,2.0785886970115826
572,SingleLineInfilling/HumanEval/111/L4,HumanEval/111,L4,<=8,oracle_sufficient_canvas,ok,True,7,7,0,0,oracle,,,True,,,1349d6231193dceb97603298b8a7a2489a252c7a21201dd3ed15d7baae638a6e,1.9226233420195058,0.1252229561796412,0.0,2.047846298199147
573,SingleLineInfilling/HumanEval/111/L5,HumanEval/111,L5,13-16,oracle_sufficient_canvas,ok,False,13,13,0,0,oracle,,,True,UnitTestFailure,failed: This prints if this assert fails 7 (also good for debugging!),0b0fb6f5db225d99a2382105fb10811f8d0889a1c88811ae47bc9bd4fa495ac8,1.9369704420678318,0.14395337807945907,0.0,2.080923820147291
574,SingleLineInfilling/HumanEval/111/L6,HumanEval/111,L6,<=8,oracle_sufficient_canvas,ok,True,7,7,0,0,oracle,,,True,,,1349d6231193dceb97603298b8a7a2489a252c7a21201dd3ed15d7baae638a6e,1.9211209559580311,0.14277876890264452,0.0,2.0638997248606756
575,SingleLineInfilling/HumanEval/111/L7,HumanEval/111,L7,<=8,oracle_sufficient_canvas,ok,True,6,6,0,0,oracle,,,True,,,af9b69344c049a7aa71cf6ff84390496511e19faa60f482fb2b79423da61d33a,1.9059423670405522,0.11802135198377073,0.0,2.023963719024323
576,SingleLineInfilling/HumanEval/111/L8,HumanEval/111,L8,<=8,oracle_sufficient_canvas,ok,True,7,7,0,0,oracle,,,True,,,1349d6231193dceb97603298b8a7a2489a252c7a21201dd3ed15d7baae638a6e,1.9175192270195112,0.13750806695315987,0.0,2.055027293972671
577,SingleLineInfilling/HumanEval/111/L9,HumanEval/111,L9,9-12,oracle_sufficient_canvas,ok,True,9,9,0,0,oracle,,,True,,,1349d6231193dceb97603298b8a7a2489a252c7a21201dd3ed15d7baae638a6e,1.9185359199764207,0.15010744496248662,0.0,2.0686433649389073
578,SingleLineInfilling/HumanEval/111/L11,HumanEval/111,L11,<=8,oracle_sufficient_canvas,ok,True,7,7,0,0,oracle,,,True,,,1349d6231193dceb97603298b8a7a2489a252c7a21201dd3ed15d7baae638a6e,1.926675905007869,0.1441508081043139,0.0,2.070826713112183
579,SingleLineInfilling/HumanEval/111/L12,HumanEval/111,L12,<=8,oracle_sufficient_canvas,ok,True,5,5,0,0,oracle,,,True,,,1349d6231193dceb97603298b8a7a2489a252c7a21201dd3ed15d7baae638a6e,1.9187509609619156,0.1463950100587681,0.0,2.0651459710206836
580,SingleLineInfilling/HumanEval/112/L0,HumanEval/112,L0,17-24,oracle_sufficient_canvas,ok,True,17,17,0,0,oracle,,,True,,,ca5ce28d5b2dafd5766e34dcd2a86aaf4211065b4c1955885472f4975353e0f2,1.8916442160261795,0.1393629991216585,0.0,2.031007215147838
581,SingleLineInfilling/HumanEval/112/L1,HumanEval/112,L1,9-12,oracle_sufficient_canvas,ok,True,11,11,0,0,oracle,,,True,,,8e227e021ebff5725e9f119e3df165bb9f3d3cd37442a93edb854067520df600,1.871970679028891,0.15753423504065722,0.0,2.0295049140695482
582,SingleLineInfilling/HumanEval/113/L0,HumanEval/113,L0,<=8,oracle_sufficient_canvas,ok,True,4,4,0,0,oracle,,,True,,,6e31543870679570af5b5d2a99fe76ce5d2d92ba7f02756a74439dda4247db2b,1.9480710950447246,0.1565829529426992,0.0,2.104654047987424
583,SingleLineInfilling/HumanEval/113/L1,HumanEval/113,L1,<=8,oracle_sufficient_canvas,ok,True,6,6,0,0,oracle,,,True,,,8771ce706f8b15b1198dc56aa057e977c0d6819afda6c17f0a0e7ac40bc2b0b4,1.9465911739971489,0.1544163211947307,0.0,2.1010074951918796
584,SingleLineInfilling/HumanEval/113/L2,HumanEval/113,L2,13-16,oracle_sufficient_canvas,ok,False,15,15,0,0,oracle,,,True,UnitTestFailure,failed: name 'is_odd' is not defined,23265622d13d1211c1249a34f6bc38a4ddd1fc9905a723f702a5589d8551028b,2.010916259023361,0.15237747901119292,0.0,2.163293738034554
585,SingleLineInfilling/HumanEval/113/L3,HumanEval/113,L3,25+,oracle_sufficient_canvas,ok,True,40,40,0,0,oracle,,,True,,,3a92fd33c5d96e04f80aec9df9bcb0667106f3f5f7c47098fb28e70b8d040a2e,2.0582831510109827,0.15405087999533862,0.0,2.2123340310063213
586,SingleLineInfilling/HumanEval/113/L4,HumanEval/113,L4,<=8,oracle_sufficient_canvas,ok,True,4,4,0,0,oracle,,,True,,,8771ce706f8b15b1198dc56aa057e977c0d6819afda6c17f0a0e7ac40bc2b0b4,1.9590059070615098,0.14343433501198888,0.0,2.1024402420734987
587,SingleLineInfilling/HumanEval/114/L0,HumanEval/114,L0,<=8,oracle_sufficient_canvas,ok,True,7,7,0,0,oracle,,,True,,,077207a5e2d2245a795544923880b4a50148d2be8c4bc864c132e29c85d1d58e,1.8521079370984808,0.14353294798638672,0.0,1.9956408850848675
588,SingleLineInfilling/HumanEval/114/L1,HumanEval/114,L1,<=8,oracle_sufficient_canvas,ok,True,6,6,0,0,oracle,,,True,,,fb21b6ff6699bc5280f641b01bbff16f96533ec1124289e5a864182034bac87a,1.8461041750852019,0.15163545403629541,0.0,1.9977396291214973
589,SingleLineInfilling/HumanEval/114/L2,HumanEval/114,L2,<=8,oracle_sufficient_canvas,ok,True,6,6,0,0,oracle,,,True,,,fb21b6ff6699bc5280f641b01bbff16f96533ec1124289e5a864182034bac87a,1.839523367001675,0.14103508007247,0.0,1.980558447074145
590,SingleLineInfilling/HumanEval/114/L3,HumanEval/114,L3,<=8,oracle_sufficient_canvas,ok,True,6,6,0,0,oracle,,,True,,,fb21b6ff6699bc5280f641b01bbff16f96533ec1124289e5a864182034bac87a,1.8567954569589347,0.1367709959158674,0.0,1.993566452874802
591,SingleLineInfilling/HumanEval/114/L4,HumanEval/114,L4,<=8,oracle_sufficient_canvas,ok,True,8,8,0,0,oracle,,,True,,,fb21b6ff6699bc5280f641b01bbff16f96533ec1124289e5a864182034bac87a,1.8683015160495415,0.15390433697029948,0.0,2.022205853019841
592,SingleLineInfilling/HumanEval/114/L5,HumanEval/114,L5,<=8,oracle_sufficient_canvas,ok,True,6,6,0,0,oracle,,,True,,,fb21b6ff6699bc5280f641b01bbff16f96533ec1124289e5a864182034bac87a,1.86496715398971,0.1569319269619882,0.0,2.021899080951698
593,SingleLineInfilling/HumanEval/114/L6,HumanEval/114,L6,9-12,oracle_sufficient_canvas,ok,True,10,10,0,0,oracle,,,True,,,7c4d973c28ae6c33428715a3ddef87219114cf8ae9ddd7643e20bc75e3d68c61,1.8623086180305108,0.14195828197989613,0.0,2.004266900010407
594,SingleLineInfilling/HumanEval/114/L7,HumanEval/114,L7,<=8,oracle_sufficient_canvas,ok,True,8,8,0,0,oracle,,,True,,,fb21b6ff6699bc5280f641b01bbff16f96533ec1124289e5a864182034bac87a,1.8715656229760498,0.14310642203781754,0.0,2.0146720450138673
595,SingleLineInfilling/HumanEval/114/L8,HumanEval/114,L8,9-12,oracle_sufficient_canvas,ok,True,12,12,0,0,oracle,,,True,,,3821c875232f6458841c5396d67933a4843758a23b59b8bf5ea23f6c4f17ba78,1.8645964920287952,0.1612774230306968,0.0,2.025873915059492
596,SingleLineInfilling/HumanEval/114/L9,HumanEval/114,L9,<=8,oracle_sufficient_canvas,ok,True,8,8,0,0,oracle,,,True,,,fb21b6ff6699bc5280f641b01bbff16f96533ec1124289e5a864182034bac87a,1.8622012389823794,0.11887904477771372,0.0,1.9810802837600932
597,SingleLineInfilling/HumanEval/114/L10,HumanEval/114,L10,<=8,oracle_sufficient_canvas,ok,True,5,5,0,0,oracle,,,True,,,fb21b6ff6699bc5280f641b01bbff16f96533ec1124289e5a864182034bac87a,1.8307593759382144,0.11817094509024173,0.0,1.948930321028456
598,SingleLineInfilling/HumanEval/115/L0,HumanEval/115,L0,13-16,oracle_sufficient_canvas,ok,True,16,16,0,0,oracle,,,True,,,1c74c88fe2e2e179bcb30386941e8013c88e88ed790e17f6e0645d260a4db04b,2.6323477590922266,0.143385162926279,0.0,2.7757329220185056
599,SingleLineInfilling/HumanEval/116/L0,HumanEval/116,L0,17-24,oracle_sufficient_canvas,ok,True,19,19,0,0,oracle,,,True,,,fbf309304e534f4570c80f607221b5aeb0c297564d887d2449f66295eb5d5ebe,1.8748193740611896,0.14734728715848178,0.0,2.0221666612196714
600,SingleLineInfilling/HumanEval/117/L0,HumanEval/117,L0,<=8,oracle_sufficient_canvas,ok,True,4,4,0,0,oracle,,,True,,,a8262ce4fd76868a032acc3864085cfa981509c88ee9e03b0a74201e3250fe63,2.3208678850205615,0.14476219087373465,0.0,2.465630075894296
601,SingleLineInfilling/HumanEval/117/L1,HumanEval/117,L1,<=8,oracle_sufficient_canvas,ok,True,7,7,0,0,oracle,,,True,,,6e02953aefaca7a814e9fb5221f508ea102f49300d78b9bfc49644cd10726c08,2.2989198860013857,0.12788296095095575,0.0,2.4268028469523415
602,SingleLineInfilling/HumanEval/117/L2,HumanEval/117,L2,9-12,oracle_sufficient_canvas,ok,True,9,9,0,0,oracle,,,True,,,6e02953aefaca7a814e9fb5221f508ea102f49300d78b9bfc49644cd10726c08,2.3192306170240045,0.1291262679733336,0.0,2.448356884997338
603,SingleLineInfilling/HumanEval/117/L3,HumanEval/117,L3,9-12,oracle_sufficient_canvas,ok,True,11,11,0,0,oracle,,,True,,,6e02953aefaca7a814e9fb5221f508ea102f49300d78b9bfc49644cd10726c08,2.318192037055269,0.14349711197428405,0.0,2.461689149029553
604,SingleLineInfilling/HumanEval/117/L4,HumanEval/117,L4,17-24,oracle_sufficient_canvas,ok,True,20,20,0,0,oracle,,,True,,,7d1191797569e48dfefab8698e535055b08f0b1fe44bf0a346c000bfe2adc03e,2.358438220922835,0.15411480399779975,0.0,2.512553024920635
605,SingleLineInfilling/HumanEval/117/L5,HumanEval/117,L5,9-12,oracle_sufficient_canvas,ok,True,9,9,0,0,oracle,,,True,,,62dfe103670b02dcbb0750d28bd29880429c3ee047746704dce2d6108d6d413f,2.3280324939405546,0.14052104495931417,0.0,2.4685535388998687
606,SingleLineInfilling/HumanEval/117/L6,HumanEval/117,L6,9-12,oracle_sufficient_canvas,ok,True,9,9,0,0,oracle,,,True,,,6e02953aefaca7a814e9fb5221f508ea102f49300d78b9bfc49644cd10726c08,2.319275669986382,0.14157451188657433,0.0,2.4608501818729565
607,SingleLineInfilling/HumanEval/117/L7,HumanEval/117,L7,<=8,oracle_sufficient_canvas,ok,True,5,5,0,0,oracle,,,True,,,6e02953aefaca7a814e9fb5221f508ea102f49300d78b9bfc49644cd10726c08,2.3208196880295873,0.14437377883587033,0.0,2.4651934668654576
608,SingleLineInfilling/HumanEval/117/L8,HumanEval/117,L8,<=8,oracle_sufficient_canvas,ok,True,4,4,0,0,oracle,,,True,,,cfabb16c487dfc1e2c98195047133d7d1cabca77c2b5452d24bc7869e23ef361,2.2855592960258946,0.14288754982408136,0.0,2.428446845849976
609,SingleLineInfilling/HumanEval/118/L0,HumanEval/118,L0,9-12,oracle_sufficient_canvas,ok,True,9,9,0,0,oracle,,,True,,,72b9b5cdf5422afe47829bb19ded25e45669518caa87d1957de82bb3d82b7ab4,1.973752887104638,0.1554621250834316,0.0,2.1292150121880695
610,SingleLineInfilling/HumanEval/118/L1,HumanEval/118,L1,<=8,oracle_sufficient_canvas,ok,False,3,3,0,0,oracle,,,True,UnitTestFailure,failed: ,cd23077aa24c53f2579a45b2b1eb4f68e01b4efe999e7c29259d58bc85ec2c42,1.9292696939082816,0.15169408114161342,0.0,2.080963775049895
611,SingleLineInfilling/HumanEval/118/L3,HumanEval/118,L3,25+,oracle_sufficient_canvas,ok,True,33,33,0,0,oracle,,,True,,,4f1706f3df8bec2952cb13782f124a51c49eaadd5e969034e515023685f96904,2.0311960970284417,0.15630874992348254,0.0,2.1875048469519243
612,SingleLineInfilling/HumanEval/118/L4,HumanEval/118,L4,13-16,oracle_sufficient_canvas,ok,True,16,16,0,0,oracle,,,True,,,b240051f0c0d97476aac681f493c8d8855781689f4728a55bd49b7a4ac7b0da4,1.987360641011037,0.1478055000770837,0.0,2.1351661410881206
613,SingleLineInfilling/HumanEval/118/L5,HumanEval/118,L5,<=8,oracle_sufficient_canvas,ok,True,8,8,0,0,oracle,,,True,,,b240051f0c0d97476aac681f493c8d8855781689f4728a55bd49b7a4ac7b0da4,1.9791295229224488,0.1260107330745086,0.0,2.1051402559969574
614,SingleLineInfilling/HumanEval/118/L6,HumanEval/118,L6,17-24,oracle_sufficient_canvas,ok,True,23,23,0,0,oracle,,,True,,,6ad3a8ba7bb9f5d586fb8766fdb293eab50134fb2b58782a6825db9dc2881bf0,1.9811926239635795,0.14629114198032767,0.0,2.127483765943907
615,SingleLineInfilling/HumanEval/118/L7,HumanEval/118,L7,<=8,oracle_sufficient_canvas,ok,True,5,5,0,0,oracle,,,True,,,b240051f0c0d97476aac681f493c8d8855781689f4728a55bd49b7a4ac7b0da4,1.9395433280151337,0.14927795494440943,0.0,2.088821282959543
616,SingleLineInfilling/HumanEval/118/L8,HumanEval/118,L8,<=8,oracle_sufficient_canvas,ok,True,3,3,0,0,oracle,,,True,,,b240051f0c0d97476aac681f493c8d8855781689f4728a55bd49b7a4ac7b0da4,1.9464196159970015,0.15281607094220817,0.0,2.0992356869392097
617,SingleLineInfilling/HumanEval/119/L0,HumanEval/119,L0,<=8,oracle_sufficient_canvas,ok,True,5,5,0,0,oracle,,,True,,,b454f4492ea69a2f610d446800b81aed478a28a8aff6fd4bd9f6cd4184e0b4cd,2.3289661050075665,0.1275828629732132,0.0,2.4565489679807797
618,SingleLineInfilling/HumanEval/119/L1,HumanEval/119,L1,<=8,oracle_sufficient_canvas,ok,True,6,6,0,0,oracle,,,True,,,f33159357ff6dea5acd672145da3303a471271f4d35835f0de254ed3c0b60c3e,2.309451546985656,0.12852064508479089,0.0,2.437972192070447
619,SingleLineInfilling/HumanEval/119/L2,HumanEval/119,L2,<=8,oracle_sufficient_canvas,ok,True,6,6,0,0,oracle,,,True,,,f33159357ff6dea5acd672145da3303a471271f4d35835f0de254ed3c0b60c3e,2.3065965679707006,0.1256371138151735,0.0,2.432233681785874
620,SingleLineInfilling/HumanEval/119/L3,HumanEval/119,L3,<=8,oracle_sufficient_canvas,ok,True,6,6,0,0,oracle,,,True,,,f33159357ff6dea5acd672145da3303a471271f4d35835f0de254ed3c0b60c3e,2.3160907700657845,0.14904609904624522,0.0,2.4651368691120297
621,SingleLineInfilling/HumanEval/119/L4,HumanEval/119,L4,<=8,oracle_sufficient_canvas,ok,True,8,8,0,0,oracle,,,True,,,f33159357ff6dea5acd672145da3303a471271f4d35835f0de254ed3c0b60c3e,2.3341540549881756,0.12421349505893886,0.0,2.4583675500471145
622,SingleLineInfilling/HumanEval/119/L5,HumanEval/119,L5,<=8,oracle_sufficient_canvas,ok,True,3,3,0,0,oracle,,,True,,,f33159357ff6dea5acd672145da3303a471271f4d35835f0de254ed3c0b60c3e,2.2981988630490378,0.15615915204398334,0.0,2.454358015093021
623,SingleLineInfilling/HumanEval/119/L6,HumanEval/119,L6,<=8,oracle_sufficient_canvas,ok,True,8,8,0,0,oracle,,,True,,,f33159357ff6dea5acd672145da3303a471271f4d35835f0de254ed3c0b60c3e,2.327006467967294,0.13680284703150392,0.0,2.463809314998798
624,SingleLineInfilling/HumanEval/119/L7,HumanEval/119,L7,<=8,oracle_sufficient_canvas,ok,True,7,7,0,0,oracle,,,True,,,f33159357ff6dea5acd672145da3303a471271f4d35835f0de254ed3c0b60c3e,2.3142139479750767,0.14216665900312364,0.0,2.4563806069782004
625,SingleLineInfilling/HumanEval/119/L8,HumanEval/119,L8,<=8,oracle_sufficient_canvas,ok,True,4,4,0,0,oracle,,,True,,,f33159357ff6dea5acd672145da3303a471271f4d35835f0de254ed3c0b60c3e,2.32741701498162,0.12053713900968432,0.0,2.4479541539913043
626,SingleLineInfilling/HumanEval/119/L9,HumanEval/119,L9,9-12,oracle_sufficient_canvas,ok,True,11,11,0,0,oracle,,,True,,,352627cc249a5eb663d99940501316e256c658936fdfcace3b8dc717dd324111,2.326813203981146,0.13662372308317572,0.0,2.463436927064322
627,SingleLineInfilling/HumanEval/119/L11,HumanEval/119,L11,13-16,oracle_sufficient_canvas,ok,True,13,13,0,0,oracle,,,True,,,f33159357ff6dea5acd672145da3303a471271f4d35835f0de254ed3c0b60c3e,2.3149883329169825,0.1472052000463009,0.0,2.4621935329632834
628,SingleLineInfilling/HumanEval/119/L12,HumanEval/119,L12,13-16,oracle_sufficient_canvas,ok,True,13,13,0,0,oracle,,,True,,,f33159357ff6dea5acd672145da3303a471271f4d35835f0de254ed3c0b60c3e,2.3244652539724484,0.13765108806546777,0.0,2.462116342037916
629,SingleLineInfilling/HumanEval/119/L13,HumanEval/119,L13,17-24,oracle_sufficient_canvas,ok,True,19,19,0,0,oracle,,,True,,,f33159357ff6dea5acd672145da3303a471271f4d35835f0de254ed3c0b60c3e,2.3503197769168764,0.1218993419315666,0.0,2.472219118848443
630,SingleLineInfilling/HumanEval/120/L0,HumanEval/120,L0,<=8,oracle_sufficient_canvas,ok,True,7,7,0,0,oracle,,,True,,,092048e7ebd48560a77ea8077dd675a8be2323522f5a9a6d8a4a7d302b69a08d,1.9371798639185727,0.11634887987747788,0.0,2.0535287437960505
631,SingleLineInfilling/HumanEval/120/L1,HumanEval/120,L1,<=8,oracle_sufficient_canvas,ok,True,3,3,0,0,oracle,,,True,,,c7223ed63e8da56fc5c76a3ed76e3b33606f192abb9fcc5f79999a7313515fa7,1.9128898920025676,0.14213643199764192,0.0,2.0550263240002096
632,SingleLineInfilling/HumanEval/120/L2,HumanEval/120,L2,<=8,oracle_sufficient_canvas,ok,True,4,4,0,0,oracle,,,True,,,c7223ed63e8da56fc5c76a3ed76e3b33606f192abb9fcc5f79999a7313515fa7,1.928996926988475,0.1464371691690758,0.0,2.075434096157551
633,SingleLineInfilling/HumanEval/120/L3,HumanEval/120,L3,<=8,oracle_sufficient_canvas,ok,True,7,7,0,0,oracle,,,True,,,c7223ed63e8da56fc5c76a3ed76e3b33606f192abb9fcc5f79999a7313515fa7,1.9558773869648576,0.11793618800584227,0.0,2.0738135749707
634,SingleLineInfilling/HumanEval/120/L4,HumanEval/120,L4,<=8,oracle_sufficient_canvas,ok,True,4,4,0,0,oracle,,,True,,,c7223ed63e8da56fc5c76a3ed76e3b33606f192abb9fcc5f79999a7313515fa7,1.9171717270510271,0.1313233399996534,0.0,2.0484950670506805
635,SingleLineInfilling/HumanEval/121/L0,HumanEval/121,L0,25+,oracle_sufficient_canvas,ok,True,26,26,0,0,oracle,,,True,,,c8b7a5748b038de67d06f75eb47bdaa9d95cccdea5202e1d985e178aa7e102ec,1.624962795060128,0.14549323078244925,0.0,1.7704560258425772
636,SingleLineInfilling/HumanEval/122/L0,HumanEval/122,L0,17-24,oracle_sufficient_canvas,ok,True,20,20,0,0,oracle,,,True,,,f0cb7a28b19a178e1ee80856faedca11c7ea85db433606e54199ce6309590dab,1.8782685480546206,0.15040255011990666,0.0,2.0286710981745273
637,SingleLineInfilling/HumanEval/123/L0,HumanEval/123,L0,<=8,oracle_sufficient_canvas,ok,False,8,8,0,0,oracle,,,True,UnitTestFailure,failed: ,f232b573b9cad5d01e933a12986e4fe55a8dd9dfcd2c6757f346335634e3e06b,2.411432142020203,0.14506722311489284,0.0,2.556499365135096
638,SingleLineInfilling/HumanEval/123/L1,HumanEval/123,L1,<=8,oracle_sufficient_canvas,ok,True,7,7,0,0,oracle,,,True,,,5d91f6a2a5b3b6c2143daf850b5bad067b661cade01903cac27424ac5fdefed6,2.3986362740397453,0.13652969908434898,0.0,2.5351659731240943
639,SingleLineInfilling/HumanEval/123/L2,HumanEval/123,L2,<=8,oracle_sufficient_canvas,ok,True,3,3,0,0,oracle,,,True,,,95f1c23dd3f5caa17218238727d9b9581a1d6fe8348c113fc523f89e9c2b76e8,2.3732754189986736,0.13910233788192272,0.0,2.5123777568805963
640,SingleLineInfilling/HumanEval/123/L3,HumanEval/123,L3,<=8,oracle_sufficient_canvas,ok,True,8,8,0,0,oracle,,,True,,,25dcfd7416a60ffeb4d6d40d8c01baf4da7bc0f1a564bd268c9a413fbf5d8409,2.377114111906849,0.12218777206726372,0.0,2.4993018839741126
641,SingleLineInfilling/HumanEval/123/L4,HumanEval/123,L4,<=8,oracle_sufficient_canvas,ok,True,7,7,0,0,oracle,,,True,,,168dd85e551afde23a6de7bb103a4855648ffbdc9a8ef47697916c343f5bddcc,2.3975574639625847,0.12959639495238662,0.0,2.5271538589149714
642,SingleLineInfilling/HumanEval/123/L5,HumanEval/123,L5,9-12,oracle_sufficient_canvas,ok,True,10,10,0,0,oracle,,,True,,,95f1c23dd3f5caa17218238727d9b9581a1d6fe8348c113fc523f89e9c2b76e8,2.409432034008205,0.14596663787961006,0.0,2.555398671887815
643,SingleLineInfilling/HumanEval/123/L6,HumanEval/123,L6,<=8,oracle_sufficient_canvas,ok,True,7,7,0,0,oracle,,,True,,,95f1c23dd3f5caa17218238727d9b9581a1d6fe8348c113fc523f89e9c2b76e8,2.411672272020951,0.147185968933627,0.0,2.558858240954578
644,SingleLineInfilling/HumanEval/123/L7,HumanEval/123,L7,<=8,oracle_sufficient_canvas,ok,True,3,3,0,0,oracle,,,True,,,95f1c23dd3f5caa17218238727d9b9581a1d6fe8348c113fc523f89e9c2b76e8,2.3952652940060943,0.15166077390313148,0.0,2.546926067909226
645,SingleLineInfilling/HumanEval/123/L8,HumanEval/123,L8,9-12,oracle_sufficient_canvas,ok,True,10,10,0,0,oracle,,,True,,,2c7d9c06dbd7515ae816475927fc5d9a359310d98d275000d29f0a0558b95264,2.400758519070223,0.12320887704845518,0.0,2.523967396118678
646,SingleLineInfilling/HumanEval/123/L10,HumanEval/123,L10,9-12,oracle_sufficient_canvas,ok,True,9,9,0,0,oracle,,,True,,,bb156341ccf36a367eed7b954abb17a4abc68b2986bbc20c13801cd7eca968a5,2.4133954220451415,0.14487597707193345,0.0,2.558271399117075
647,SingleLineInfilling/HumanEval/123/L11,HumanEval/123,L11,<=8,oracle_sufficient_canvas,ok,True,8,8,0,0,oracle,,,True,,,5af9e603721f1fc0e5cee800f42c26c2f5537935a408466e71a640c960900057,2.396218927926384,0.15493422595318407,0.0,2.551153153879568
648,SingleLineInfilling/HumanEval/123/L13,HumanEval/123,L13,<=8,oracle_sufficient_canvas,ok,True,8,8,0,0,oracle,,,True,,,95f1c23dd3f5caa17218238727d9b9581a1d6fe8348c113fc523f89e9c2b76e8,2.381701283971779,0.13486485404428095,0.0,2.51656613801606
649,SingleLineInfilling/HumanEval/124/L0,HumanEval/124,L0,<=8,oracle_sufficient_canvas,ok,True,3,3,0,0,oracle,,,True,,,f772c12dd65dbc4b953db2989bce5e516dbee440b8530862e67c87dc4a5d8bbf,2.6816889659967273,0.14004471013322473,0.0,2.821733676129952
650,SingleLineInfilling/HumanEval/124/L1,HumanEval/124,L1,<=8,oracle_sufficient_canvas,ok,True,6,6,0,0,oracle,,,True,,,318a4943910c16b3ff8fb79b2657c29ee14b27279ef9f7ed6da3f2ded1848820,2.691528697963804,0.1498985809739679,0.0,2.841427278937772
651,SingleLineInfilling/HumanEval/124/L2,HumanEval/124,L2,9-12,oracle_sufficient_canvas,ok,True,11,11,0,0,oracle,,,True,,,318a4943910c16b3ff8fb79b2657c29ee14b27279ef9f7ed6da3f2ded1848820,2.694888024008833,0.1400834220694378,0.0,2.8349714460782707
652,SingleLineInfilling/HumanEval/124/L3,HumanEval/124,L3,13-16,oracle_sufficient_canvas,ok,True,16,16,0,0,oracle,,,True,,,318a4943910c16b3ff8fb79b2657c29ee14b27279ef9f7ed6da3f2ded1848820,2.725597977056168,0.143875272013247,0.0,2.869473249069415
653,SingleLineInfilling/HumanEval/124/L4,HumanEval/124,L4,13-16,oracle_sufficient_canvas,ok,True,13,13,0,0,oracle,,,True,,,318a4943910c16b3ff8fb79b2657c29ee14b27279ef9f7ed6da3f2ded1848820,2.710531909018755,0.14386763388756663,0.0,2.8543995429063216
654,SingleLineInfilling/HumanEval/124/L5,HumanEval/124,L5,<=8,oracle_sufficient_canvas,ok,True,4,4,0,0,oracle,,,True,,,318a4943910c16b3ff8fb79b2657c29ee14b27279ef9f7ed6da3f2ded1848820,2.684325917973183,0.15061694593168795,0.0,2.834942863904871
655,SingleLineInfilling/HumanEval/124/L6,HumanEval/124,L6,25+,oracle_sufficient_canvas,ok,True,33,33,0,0,oracle,,,True,,,318a4943910c16b3ff8fb79b2657c29ee14b27279ef9f7ed6da3f2ded1848820,2.784804449067451,0.14384440996218473,0.0,2.928648859029636
656,SingleLineInfilling/HumanEval/124/L7,HumanEval/124,L7,<=8,oracle_sufficient_canvas,ok,True,4,4,0,0,oracle,,,True,,,318a4943910c16b3ff8fb79b2657c29ee14b27279ef9f7ed6da3f2ded1848820,2.7048950840253383,0.15112349996343255,0.0,2.856018583988771
657,SingleLineInfilling/HumanEval/124/L8,HumanEval/124,L8,25+,oracle_sufficient_canvas,ok,True,26,26,0,0,oracle,,,True,,,318a4943910c16b3ff8fb79b2657c29ee14b27279ef9f7ed6da3f2ded1848820,2.7535646789474413,0.13798481109552085,0.0,2.891549490042962
658,SingleLineInfilling/HumanEval/124/L9,HumanEval/124,L9,<=8,oracle_sufficient_canvas,ok,True,4,4,0,0,oracle,,,True,,,318a4943910c16b3ff8fb79b2657c29ee14b27279ef9f7ed6da3f2ded1848820,2.686887703021057,0.1351804689038545,0.0,2.8220681719249114
659,SingleLineInfilling/HumanEval/124/L10,HumanEval/124,L10,17-24,oracle_sufficient_canvas,ok,True,18,18,0,0,oracle,,,True,,,318a4943910c16b3ff8fb79b2657c29ee14b27279ef9f7ed6da3f2ded1848820,2.7275772059801966,0.14804410992655903,0.0,2.8756213159067556
660,SingleLineInfilling/HumanEval/124/L11,HumanEval/124,L11,<=8,oracle_sufficient_canvas,ok,True,4,4,0,0,oracle,,,True,,,318a4943910c16b3ff8fb79b2657c29ee14b27279ef9f7ed6da3f2ded1848820,2.68086427799426,0.13963420991785824,0.0,2.8204984879121184
661,SingleLineInfilling/HumanEval/124/L12,HumanEval/124,L12,<=8,oracle_sufficient_canvas,ok,True,3,3,0,0,oracle,,,True,,,318a4943910c16b3ff8fb79b2657c29ee14b27279ef9f7ed6da3f2ded1848820,2.6959142750129104,0.1504440278513357,0.0,2.846358302864246
662,SingleLineInfilling/HumanEval/124/L13,HumanEval/124,L13,<=8,oracle_sufficient_canvas,ok,True,4,4,0,0,oracle,,,True,,,2a78c9afeaa8ab06288a096eff488dff5b3b6083357fbfa953931897a3325640,2.7265212180791423,0.13809865107759833,0.0,2.8646198691567406
663,SingleLineInfilling/HumanEval/124/L15,HumanEval/124,L15,<=8,oracle_sufficient_canvas,ok,True,4,4,0,0,oracle,,,True,,,318a4943910c16b3ff8fb79b2657c29ee14b27279ef9f7ed6da3f2ded1848820,2.7027272660052404,0.14499947696458548,0.0,2.847726742969826
664,SingleLineInfilling/HumanEval/125/L0,HumanEval/125,L0,<=8,oracle_sufficient_canvas,ok,True,7,7,0,0,oracle,,,True,,,ebbec5e03b007a734ba9bada222e806c3f5a1767b218f8fbde6cd96d27caae28,1.863091301987879,0.15007967199198902,0.0,2.013170973979868
665,SingleLineInfilling/HumanEval/125/L1,HumanEval/125,L1,<=8,oracle_sufficient_canvas,ok,True,5,5,0,0,oracle,,,True,,,1bb3d6e82bbefe63ade40e0641feefca720127f4e4e57fc441730d225bb1cf87,1.8647726000053808,0.152404792024754,0.0,2.017177392030135
666,SingleLineInfilling/HumanEval/125/L2,HumanEval/125,L2,<=8,oracle_sufficient_canvas,ok,True,6,6,0,0,oracle,,,True,,,1bb3d6e82bbefe63ade40e0641feefca720127f4e4e57fc441730d225bb1cf87,1.8797410760307685,0.1501815509982407,0.0,2.029922627029009
667,SingleLineInfilling/HumanEval/125/L3,HumanEval/125,L3,9-12,oracle_sufficient_canvas,ok,True,9,9,0,0,oracle,,,True,,,5608b4dc5a0bf411ab59f269f5e8e0640e4840d74820c892caa19e30457ba45c,1.8712998219998553,0.16634098603390157,0.0,2.037640808033757
668,SingleLineInfilling/HumanEval/125/L4,HumanEval/125,L4,<=8,oracle_sufficient_canvas,ok,True,3,3,0,0,oracle,,,True,,,1bb3d6e82bbefe63ade40e0641feefca720127f4e4e57fc441730d225bb1cf87,1.8596019820543006,0.14693312300369143,0.0,2.006535105057992
669,SingleLineInfilling/HumanEval/125/L5,HumanEval/125,L5,17-24,oracle_sufficient_canvas,ok,False,23,23,0,0,oracle,,,True,UnitTestFailure,failed: ,a207c2643361d63d68692aa5977f2e7ce9369b22c9e80d3fb8d60817792b2c72,1.9131206959718838,0.14109098305925727,0.0,2.054211679031141
670,SingleLineInfilling/HumanEval/126/L0,HumanEval/126,L0,13-16,oracle_sufficient_canvas,ok,True,16,16,0,0,oracle,,,True,,,3b5adb53b29a17cbc2bfd96115925900f79406a256f094de3a869a8db7e486b4,2.6408475160133094,0.13171695498749614,0.0,2.7725644710008055
671,SingleLineInfilling/HumanEval/126/L1,HumanEval/126,L1,<=8,oracle_sufficient_canvas,ok,True,6,6,0,0,oracle,,,True,,,e811679db814937a48646b2a460a4dc15be80544e6dc69cfc0da899525038b9c,2.5847876040497795,0.14394215308129787,0.0,2.7287297571310773
672,SingleLineInfilling/HumanEval/126/L2,HumanEval/126,L2,<=8,oracle_sufficient_canvas,ok,True,7,7,0,0,oracle,,,True,,,553c31957dbfaa5422fe6ef0c863d791dc24f54c6e5f4c8b73eb52adf5910dd4,2.6060110880061984,0.15431191795505583,0.0,2.7603230059612542
673,SingleLineInfilling/HumanEval/126/L3,HumanEval/126,L3,13-16,oracle_sufficient_canvas,ok,False,15,15,0,0,oracle,,,True,UnitTestFailure,failed: This prints if this assert fails 7 (good for debugging!),daacf31d93ea78045613d36192721b1dd055f25726bcfb2cc1e7e2dc7dd75a87,2.6364531069993973,0.15612908801995218,0.0,2.7925821950193495
674,SingleLineInfilling/HumanEval/126/L4,HumanEval/126,L4,<=8,oracle_sufficient_canvas,ok,True,4,4,0,0,oracle,,,True,,,e811679db814937a48646b2a460a4dc15be80544e6dc69cfc0da899525038b9c,2.6060547491069883,0.14873714093118906,0.0,2.7547918900381774
675,SingleLineInfilling/HumanEval/126/L5,HumanEval/126,L5,17-24,oracle_sufficient_canvas,ok,True,22,22,0,0,oracle,,,True,,,fbaddd8ec9ccbea2381fde5440047cf6dc65772de8da44ec9d7d576bc3ce1a7d,2.656830839929171,0.15049275383353233,0.0,2.8073235937627032
676,SingleLineInfilling/HumanEval/126/L6,HumanEval/126,L6,<=8,oracle_sufficient_canvas,ok,True,4,4,0,0,oracle,,,True,,,e811679db814937a48646b2a460a4dc15be80544e6dc69cfc0da899525038b9c,2.6064212929923087,0.14578810799866915,0.0,2.752209400990978
677,SingleLineInfilling/HumanEval/126/L7,HumanEval/126,L7,<=8,oracle_sufficient_canvas,ok,True,3,3,0,0,oracle,,,True,,,e811679db814937a48646b2a460a4dc15be80544e6dc69cfc0da899525038b9c,2.5544709879904985,0.14433227595873177,0.0,2.6988032639492303
678,SingleLineInfilling/HumanEval/126/L8,HumanEval/126,L8,<=8,oracle_sufficient_canvas,ok,True,4,4,0,0,oracle,,,True,,,cd78151f6af9dd7d502155659e80e81fc8eae618f23179aebc0e391b366538dc,2.5957616299856454,0.15088871715124696,0.0,2.7466503471368924
679,SingleLineInfilling/HumanEval/127/L0,HumanEval/127,L0,<=8,oracle_sufficient_canvas,ok,True,6,6,0,0,oracle,,,True,,,1f689b98fa321c9cbff730e1a5c9c6eee8015d637267ab4d1857ca68851f61a0,2.6260542270028964,0.15502940211445093,0.0,2.7810836291173473
680,SingleLineInfilling/HumanEval/127/L1,HumanEval/127,L1,9-12,oracle_sufficient_canvas,ok,True,12,12,0,0,oracle,,,True,,,26ae398ed2aabecacb3bbe0c66b2783cbb1615d910b22a93789d3d66934bc588,2.6557883740169927,0.15313345787581056,0.0,2.8089218318928033
681,SingleLineInfilling/HumanEval/127/L2,HumanEval/127,L2,<=8,oracle_sufficient_canvas,ok,True,4,4,0,0,oracle,,,True,,,7f0951c87fe5bcba20b3cd92de2b99fd910f784b402c745644247643cc1052b2,2.6371732080588117,0.15593316103331745,0.0,2.793106369092129
682,SingleLineInfilling/HumanEval/127/L3,HumanEval/127,L3,<=8,oracle_sufficient_canvas,ok,True,7,7,0,0,oracle,,,True,,,7f0951c87fe5bcba20b3cd92de2b99fd910f784b402c745644247643cc1052b2,2.648744629928842,0.13824573997408152,0.0,2.7869903699029237
683,SingleLineInfilling/HumanEval/127/L4,HumanEval/127,L4,<=8,oracle_sufficient_canvas,ok,True,4,4,0,0,oracle,,,True,,,7f0951c87fe5bcba20b3cd92de2b99fd910f784b402c745644247643cc1052b2,2.6261368709383532,0.14704971096944064,0.0,2.773186581907794
684,SingleLineInfilling/HumanEval/127/L5,HumanEval/127,L5,9-12,oracle_sufficient_canvas,ok,True,10,10,0,0,oracle,,,True,,,7f0951c87fe5bcba20b3cd92de2b99fd910f784b402c745644247643cc1052b2,2.6233251929515973,0.1538848769851029,0.0,2.7772100699367
685,SingleLineInfilling/HumanEval/127/L6,HumanEval/127,L6,<=8,oracle_sufficient_canvas,ok,True,8,8,0,0,oracle,,,True,,,7f0951c87fe5bcba20b3cd92de2b99fd910f784b402c745644247643cc1052b2,2.6395632309140638,0.1538954050047323,0.0,2.793458635918796
686,SingleLineInfilling/HumanEval/127/L7,HumanEval/127,L7,<=8,oracle_sufficient_canvas,ok,True,4,4,0,0,oracle,,,True,,,7f0951c87fe5bcba20b3cd92de2b99fd910f784b402c745644247643cc1052b2,2.633029515040107,0.14756048494018614,0.0,2.780589999980293
687,SingleLineInfilling/HumanEval/127/L8,HumanEval/127,L8,<=8,oracle_sufficient_canvas,ok,True,4,4,0,0,oracle,,,True,,,033a688ad9126eec456500a8f096f9fc38cba741795e473a4688ff0c136708c1,2.6600319819990546,0.15266214194707572,0.0,2.8126941239461303
688,SingleLineInfilling/HumanEval/127/L10,HumanEval/127,L10,13-16,oracle_sufficient_canvas,ok,True,14,14,0,0,oracle,,,True,,,7f0951c87fe5bcba20b3cd92de2b99fd910f784b402c745644247643cc1052b2,2.6721539749996737,0.15169162105303258,0.0,2.8238455960527062
689,SingleLineInfilling/HumanEval/127/L11,HumanEval/127,L11,13-16,oracle_sufficient_canvas,ok,True,14,14,0,0,oracle,,,True,,,7f0951c87fe5bcba20b3cd92de2b99fd910f784b402c745644247643cc1052b2,2.655681892996654,0.15320976707153022,0.0,2.808891660068184
690,SingleLineInfilling/HumanEval/127/L12,HumanEval/127,L12,<=8,oracle_sufficient_canvas,ok,True,7,7,0,0,oracle,,,True,,,7f0951c87fe5bcba20b3cd92de2b99fd910f784b402c745644247643cc1052b2,2.6333004779880866,0.15680517989676446,0.0,2.790105657884851
691,SingleLineInfilling/HumanEval/127/L13,HumanEval/127,L13,9-12,oracle_sufficient_canvas,ok,True,11,11,0,0,oracle,,,True,,,7f0951c87fe5bcba20b3cd92de2b99fd910f784b402c745644247643cc1052b2,2.645215214928612,0.15367921988945454,0.0,2.7988944348180667
692,SingleLineInfilling/HumanEval/127/L14,HumanEval/127,L14,<=8,oracle_sufficient_canvas,ok,True,5,5,0,0,oracle,,,True,,,7f0951c87fe5bcba20b3cd92de2b99fd910f784b402c745644247643cc1052b2,2.640352859045379,0.15910248493310064,0.0,2.7994553439784795
693,SingleLineInfilling/HumanEval/127/L15,HumanEval/127,L15,<=8,oracle_sufficient_canvas,ok,True,5,5,0,0,oracle,,,True,,,7f0951c87fe5bcba20b3cd92de2b99fd910f784b402c745644247643cc1052b2,2.6359823289094493,0.14630887319799513,0.0,2.7822912021074444
694,SingleLineInfilling/HumanEval/128/L0,HumanEval/128,L0,<=8,oracle_sufficient_canvas,ok,True,8,8,0,0,oracle,,,True,,,f977c1b71c5fa9738df7be9abd610f8b6d7c47d591b75fc4b2bd81dafc04dbbe,1.852170896017924,0.14699549786746502,0.0,1.999166393885389
695,SingleLineInfilling/HumanEval/128/L1,HumanEval/128,L1,25+,oracle_sufficient_canvas,ok,False,28,28,0,0,oracle,,,True,UnitTestFailure,failed: ,63f54a996b14f1db84aea1e8fb2625cab05ce3caa19edf8cec0b576e22a16f8b,1.9045778280124068,0.14720272389240563,0.0,2.0517805519048125
696,SingleLineInfilling/HumanEval/128/L2,HumanEval/128,L2,13-16,oracle_sufficient_canvas,ok,True,14,14,0,0,oracle,,,True,,,e8dce5a278a3e3af0432587e2f1b7c8b0bfe05a89469f0d8b5cb8929e28554bd,1.8569828590843827,0.13730053091421723,0.0,1.9942833899985999
697,SingleLineInfilling/HumanEval/129/L0,HumanEval/129,L0,<=8,oracle_sufficient_canvas,ok,True,6,6,0,0,oracle,,,True,,,83c269a687b8016538c39f3032448a81e202b8b677afd37cb6c4b116325054e8,3.4682438349118456,0.15558364894241095,0.0,3.6238274838542566
698,SingleLineInfilling/HumanEval/129/L1,HumanEval/129,L1,9-12,oracle_sufficient_canvas,ok,True,10,10,0,0,oracle,,,True,,,a6b932ee7c49dc6095a2dfd84ab39f919204263d7e19454040b54d5cfd141a72,3.4757614749250934,0.1429672291269526,0.0,3.618728704052046
699,SingleLineInfilling/HumanEval/129/L2,HumanEval/129,L2,<=8,oracle_sufficient_canvas,ok,True,7,7,0,0,oracle,,,True,,,45acb3c894f9cb3e0315a3f6c78cfc56b18fd32132839f58248aa6e0a7f1841c,3.467082150047645,0.14735284203197807,0.0,3.614434992079623
700,SingleLineInfilling/HumanEval/129/L3,HumanEval/129,L3,<=8,oracle_sufficient_canvas,ok,True,7,7,0,0,oracle,,,True,,,45acb3c894f9cb3e0315a3f6c78cfc56b18fd32132839f58248aa6e0a7f1841c,3.4791580049786717,0.14656698191538453,0.0,3.625724986894056
701,SingleLineInfilling/HumanEval/129/L4,HumanEval/129,L4,9-12,oracle_sufficient_canvas,ok,True,11,11,0,0,oracle,,,True,,,45acb3c894f9cb3e0315a3f6c78cfc56b18fd32132839f58248aa6e0a7f1841c,3.455218449002132,0.1375885179731995,0.0,3.5928069669753313
702,SingleLineInfilling/HumanEval/129/L5,HumanEval/129,L5,<=8,oracle_sufficient_canvas,ok,True,4,4,0,0,oracle,,,True,,,45acb3c894f9cb3e0315a3f6c78cfc56b18fd32132839f58248aa6e0a7f1841c,3.4352862670784816,0.11903276795055717,0.0,3.554319035029039
703,SingleLineInfilling/HumanEval/129/L6,HumanEval/129,L6,<=8,oracle_sufficient_canvas,ok,True,7,7,0,0,oracle,,,True,,,45acb3c894f9cb3e0315a3f6c78cfc56b18fd32132839f58248aa6e0a7f1841c,3.4915722250007093,0.13375579903367907,0.0,3.6253280240343884
704,SingleLineInfilling/HumanEval/129/L7,HumanEval/129,L7,9-12,oracle_sufficient_canvas,ok,True,11,11,0,0,oracle,,,True,,,3d56bd09dc23837c12d7968661cd538dda5fa7b309edb2562a020639e8fc7232,3.5154980219667777,0.15058179188054055,0.0,3.6660798138473183
705,SingleLineInfilling/HumanEval/129/L9,HumanEval/129,L9,<=8,oracle_sufficient_canvas,ok,True,7,7,0,0,oracle,,,True,,,45acb3c894f9cb3e0315a3f6c78cfc56b18fd32132839f58248aa6e0a7f1841c,3.5136177090462297,0.15143040113616735,0.0,3.665048110182397
706,SingleLineInfilling/HumanEval/129/L10,HumanEval/129,L10,9-12,oracle_sufficient_canvas,ok,True,11,11,0,0,oracle,,,True,,,837084e742f46838d1795830d1a2ff75887fc4b7bffd75562a1b6725ef912653,3.487693110946566,0.1586283250944689,0.0,3.6463214360410348
707,SingleLineInfilling/HumanEval/129/L12,HumanEval/129,L12,9-12,oracle_sufficient_canvas,ok,True,9,9,0,0,oracle,,,True,,,45acb3c894f9cb3e0315a3f6c78cfc56b18fd32132839f58248aa6e0a7f1841c,3.498315014061518,0.15988747496157885,0.0,3.658202489023097
708,SingleLineInfilling/HumanEval/129/L13,HumanEval/129,L13,9-12,oracle_sufficient_canvas,ok,True,11,11,0,0,oracle,,,True,,,2fc133cf0b6bc725e7a659fbcf62f82a9417c3f650c83fd786b7178d80ac82a3,3.483628068002872,0.16181037994101644,0.0,3.6454384479438886
709,SingleLineInfilling/HumanEval/129/L15,HumanEval/129,L15,9-12,oracle_sufficient_canvas,ok,True,9,9,0,0,oracle,,,True,,,45acb3c894f9cb3e0315a3f6c78cfc56b18fd32132839f58248aa6e0a7f1841c,3.4744687809143215,0.15753853297792375,0.0,3.6320073138922453
710,SingleLineInfilling/HumanEval/129/L16,HumanEval/129,L16,9-12,oracle_sufficient_canvas,ok,True,11,11,0,0,oracle,,,True,,,6183bd8d30dae9c5d313f23c1eba77f6f331c189b293723eb5bc7b725aea86f3,3.4796402188949287,0.15445947705302387,0.0,3.6340996959479526
711,SingleLineInfilling/HumanEval/129/L18,HumanEval/129,L18,<=8,oracle_sufficient_canvas,ok,False,6,6,0,0,oracle,,,True,UnitTestFailure,failed: ,318152920708059c3d49a41a931af3302c9529a3a6149d5c5ed38280b143d9cf,3.4719609930180013,0.14672872296068817,0.0,3.6186897159786895
712,SingleLineInfilling/HumanEval/129/L20,HumanEval/129,L20,<=8,oracle_sufficient_canvas,ok,True,4,4,0,0,oracle,,,True,,,45acb3c894f9cb3e0315a3f6c78cfc56b18fd32132839f58248aa6e0a7f1841c,3.4533990329364315,0.15888242097571492,0.0,3.6122814539121464
713,SingleLineInfilling/HumanEval/129/L21,HumanEval/129,L21,<=8,oracle_sufficient_canvas,ok,True,7,7,0,0,oracle,,,True,,,45acb3c894f9cb3e0315a3f6c78cfc56b18fd32132839f58248aa6e0a7f1841c,3.4497306840494275,0.16064142994582653,0.0,3.610372113995254
714,SingleLineInfilling/HumanEval/129/L22,HumanEval/129,L22,9-12,oracle_sufficient_canvas,ok,True,10,10,0,0,oracle,,,True,,,45acb3c894f9cb3e0315a3f6c78cfc56b18fd32132839f58248aa6e0a7f1841c,3.463702011969872,0.15500227187294513,0.0,3.618704283842817
715,SingleLineInfilling/HumanEval/129/L23,HumanEval/129,L23,<=8,oracle_sufficient_canvas,ok,True,6,6,0,0,oracle,,,True,,,45acb3c894f9cb3e0315a3f6c78cfc56b18fd32132839f58248aa6e0a7f1841c,3.485545251984149,0.15497019223403186,0.0,3.640515444218181
716,SingleLineInfilling/HumanEval/129/L24,HumanEval/129,L24,<=8,oracle_sufficient_canvas,ok,True,3,3,0,0,oracle,,,True,,,45acb3c894f9cb3e0315a3f6c78cfc56b18fd32132839f58248aa6e0a7f1841c,3.476793779991567,0.1522640569601208,0.0,3.629057836951688
717,SingleLineInfilling/HumanEval/129/L25,HumanEval/129,L25,<=8,oracle_sufficient_canvas,ok,True,5,5,0,0,oracle,,,True,,,7b9cd99faadd2c1f3d06118cfcae49c80234e60513af4dce3b421a80e3a644dc,3.466961323050782,0.14892514201346785,0.0,3.61588646506425
718,SingleLineInfilling/HumanEval/129/L26,HumanEval/129,L26,<=8,oracle_sufficient_canvas,ok,True,4,4,0,0,oracle,,,True,,,45acb3c894f9cb3e0315a3f6c78cfc56b18fd32132839f58248aa6e0a7f1841c,3.4749519259203225,0.1514919480541721,0.0,3.6264438739744946
719,SingleLineInfilling/HumanEval/130/L0,HumanEval/130,L0,<=8,oracle_sufficient_canvas,ok,True,7,7,0,0,oracle,,,True,,,c978112d5a6b49b1ea24bfda86223e28c2e0fb5e328ab34f815bc8096808124c,2.625283609959297,0.1517203541006893,0.0,2.777003964059986
720,SingleLineInfilling/HumanEval/130/L1,HumanEval/130,L1,<=8,oracle_sufficient_canvas,ok,True,5,5,0,0,oracle,,,True,,,7e5ab6fda7a34d78e1d04c49d1df6b4240b18ad745609cf6c3c33d389a6b798a,2.6342948148958385,0.15131404995918274,0.0,2.7856088648550212
721,SingleLineInfilling/HumanEval/130/L2,HumanEval/130,L2,9-12,oracle_sufficient_canvas,ok,True,10,10,0,0,oracle,,,True,,,7e5ab6fda7a34d78e1d04c49d1df6b4240b18ad745609cf6c3c33d389a6b798a,2.6349265889730304,0.1347021710826084,0.0,2.769628760055639
722,SingleLineInfilling/HumanEval/130/L3,HumanEval/130,L3,13-16,oracle_sufficient_canvas,ok,True,13,13,0,0,oracle,,,True,,,7e5ab6fda7a34d78e1d04c49d1df6b4240b18ad745609cf6c3c33d389a6b798a,2.6528969679493457,0.15459026396274567,0.0,2.8074872319120914
723,SingleLineInfilling/HumanEval/130/L4,HumanEval/130,L4,9-12,oracle_sufficient_canvas,ok,True,10,10,0,0,oracle,,,True,,,7e5ab6fda7a34d78e1d04c49d1df6b4240b18ad745609cf6c3c33d389a6b798a,2.6135866919066757,0.15634975500870496,0.0,2.7699364469153807
724,SingleLineInfilling/HumanEval/130/L5,HumanEval/130,L5,9-12,oracle_sufficient_canvas,ok,True,12,12,0,0,oracle,,,True,,,ff841712fa38a28939c9ad6eca71397fabce610a912afd5a50d27f6439f29feb,2.616232822998427,0.15185217396356165,0.0,2.7680849969619885
725,SingleLineInfilling/HumanEval/130/L6,HumanEval/130,L6,<=8,oracle_sufficient_canvas,ok,True,3,3,0,0,oracle,,,True,,,7e5ab6fda7a34d78e1d04c49d1df6b4240b18ad745609cf6c3c33d389a6b798a,2.6059598909923807,0.163247239892371,0.0,2.7692071308847517
726,SingleLineInfilling/HumanEval/130/L7,HumanEval/130,L7,25+,oracle_sufficient_canvas,ok,False,30,30,0,0,oracle,,,True,UnitTestFailure,"failed: list indices must be integers or slices, not float",c402cd8df594dc524c06a7c89ee5d4803c67c62a518d08496f0d17bcb30166fc,2.687392982072197,0.14894574601203203,0.0,2.836338728084229
727,SingleLineInfilling/HumanEval/130/L8,HumanEval/130,L8,<=8,oracle_sufficient_canvas,ok,True,5,5,0,0,oracle,,,True,,,7e5ab6fda7a34d78e1d04c49d1df6b4240b18ad745609cf6c3c33d389a6b798a,2.6186137109762058,0.13781629293225706,0.0,2.756430003908463
728,SingleLineInfilling/HumanEval/131/L0,HumanEval/131,L0,<=8,oracle_sufficient_canvas,ok,True,6,6,0,0,oracle,,,True,,,d395dc2d122ec7b9a40d379b64b427d020988114e6a9e51f573b069264207bd2,1.8529289730358869,0.1465847201179713,0.0,1.9995136931538582
729,SingleLineInfilling/HumanEval/131/L1,HumanEval/131,L1,<=8,oracle_sufficient_canvas,ok,True,7,7,0,0,oracle,,,True,,,a60ae2ea350ee67e74f2f668d153c44253835cdc7d2b3bada63a2e3ed49e8ff7,1.8450714860809967,0.1408178568817675,0.0,1.9858893429627642
730,SingleLineInfilling/HumanEval/131/L2,HumanEval/131,L2,<=8,oracle_sufficient_canvas,ok,True,7,7,0,0,oracle,,,True,,,a60ae2ea350ee67e74f2f668d153c44253835cdc7d2b3bada63a2e3ed49e8ff7,1.8505593370646238,0.14895590906962752,0.0,1.9995152461342514
731,SingleLineInfilling/HumanEval/131/L3,HumanEval/131,L3,<=8,oracle_sufficient_canvas,ok,True,8,8,0,0,oracle,,,True,,,a60ae2ea350ee67e74f2f668d153c44253835cdc7d2b3bada63a2e3ed49e8ff7,1.859051111037843,0.15758365509100258,0.0,2.0166347661288455
732,SingleLineInfilling/HumanEval/131/L4,HumanEval/131,L4,9-12,oracle_sufficient_canvas,ok,True,10,10,0,0,oracle,,,True,,,574c0392a4e0ff3ae2ece5ea33cd2e326dd3472eb2ef0b5f0bdc79a3bbc97437,1.8529556839494035,0.1545551079325378,0.0,2.0075107918819413
733,SingleLineInfilling/HumanEval/131/L5,HumanEval/131,L5,<=8,oracle_sufficient_canvas,ok,True,8,8,0,0,oracle,,,True,,,39ef3b74c627b20d0aec4d8c7c0de8c2e01328c935e192178a50ead7d985ddbb,1.8693359339376912,0.15638814098201692,0.0,2.025724074919708
734,SingleLineInfilling/HumanEval/131/L6,HumanEval/131,L6,<=8,oracle_sufficient_canvas,ok,True,6,6,0,0,oracle,,,True,,,9fe3a8d8ce50fd7c5a9483070be703c8dfd487d47e14a0490558ca0957fad987,1.841780971037224,0.14854060695506632,0.0,1.9903215779922903
735,SingleLineInfilling/HumanEval/131/L7,HumanEval/131,L7,<=8,oracle_sufficient_canvas,ok,True,7,7,0,0,oracle,,,True,,,2fc70768f58bccc480eec0760b4e30132f4ca94aaca7f79a2cd351dc2df913ef,1.8458987369667739,0.1602950009983033,0.0,2.006193737965077
736,SingleLineInfilling/HumanEval/131/L8,HumanEval/131,L8,<=8,oracle_sufficient_canvas,ok,True,5,5,0,0,oracle,,,True,,,a60ae2ea350ee67e74f2f668d153c44253835cdc7d2b3bada63a2e3ed49e8ff7,1.8578894879901782,0.16244782705325633,0.0,2.0203373150434345
737,SingleLineInfilling/HumanEval/131/L9,HumanEval/131,L9,<=8,oracle_sufficient_canvas,ok,True,3,3,0,0,oracle,,,True,,,a60ae2ea350ee67e74f2f668d153c44253835cdc7d2b3bada63a2e3ed49e8ff7,1.8590006169397384,0.15287509304471314,0.0,2.0118757099844515
738,SingleLineInfilling/HumanEval/131/L10,HumanEval/131,L10,<=8,oracle_sufficient_canvas,ok,True,4,4,0,0,oracle,,,True,,,a60ae2ea350ee67e74f2f668d153c44253835cdc7d2b3bada63a2e3ed49e8ff7,1.8648673159768805,0.14450506598223,0.0,2.0093723819591105
739,SingleLineInfilling/HumanEval/132/L0,HumanEval/132,L0,<=8,oracle_sufficient_canvas,ok,True,7,7,0,0,oracle,,,True,,,833e75c4eb1bc67f5a9d5f4c9360fee07295b777aa9bf05af39aedf9c2753666,1.9518145750043914,0.1460940040415153,0.0,2.0979085790459067
740,SingleLineInfilling/HumanEval/132/L1,HumanEval/132,L1,<=8,oracle_sufficient_canvas,ok,True,7,7,0,0,oracle,,,True,,,2f87989d2c33d608d8e7269b0e87694e8789571fc242411ba1370d2ba6e918f2,1.94583180709742,0.15011950011830777,0.0,2.095951307215728
741,SingleLineInfilling/HumanEval/132/L2,HumanEval/132,L2,<=8,oracle_sufficient_canvas,ok,True,8,8,0,0,oracle,,,True,,,2f87989d2c33d608d8e7269b0e87694e8789571fc242411ba1370d2ba6e918f2,1.962000580970198,0.15796791983302683,0.0,2.1199685008032247
742,SingleLineInfilling/HumanEval/132/L3,HumanEval/132,L3,<=8,oracle_sufficient_canvas,ok,True,8,8,0,0,oracle,,,True,,,2f87989d2c33d608d8e7269b0e87694e8789571fc242411ba1370d2ba6e918f2,1.9527569860219955,0.15206950006540865,0.0,2.104826486087404
743,SingleLineInfilling/HumanEval/132/L4,HumanEval/132,L4,<=8,oracle_sufficient_canvas,ok,True,8,8,0,0,oracle,,,True,,,2f87989d2c33d608d8e7269b0e87694e8789571fc242411ba1370d2ba6e918f2,1.9640779489418492,0.15369822399225086,0.0,2.1177761729341
744,SingleLineInfilling/HumanEval/132/L5,HumanEval/132,L5,<=8,oracle_sufficient_canvas,ok,True,3,3,0,0,oracle,,,True,,,2f87989d2c33d608d8e7269b0e87694e8789571fc242411ba1370d2ba6e918f2,1.9552485520252958,0.14183980401139706,0.0,2.097088356036693
745,SingleLineInfilling/HumanEval/132/L6,HumanEval/132,L6,<=8,oracle_sufficient_canvas,ok,True,8,8,0,0,oracle,,,True,,,2f87989d2c33d608d8e7269b0e87694e8789571fc242411ba1370d2ba6e918f2,1.9423066260060295,0.13689834298565984,0.0,2.0792049689916894
746,SingleLineInfilling/HumanEval/132/L7,HumanEval/132,L7,<=8,oracle_sufficient_canvas,ok,False,7,7,0,0,oracle,,,True,UnitTestFailure,failed: ,c45ddedcd47eecd1c539f227e2fbd976d7ba0e0e00d39304e1180f7d0216690d,1.9329164620721713,0.14802963193506002,0.0,2.0809460940072313
747,SingleLineInfilling/HumanEval/132/L8,HumanEval/132,L8,<=8,oracle_sufficient_canvas,ok,True,6,6,0,0,oracle,,,True,,,2f87989d2c33d608d8e7269b0e87694e8789571fc242411ba1370d2ba6e918f2,1.9487097420496866,0.1503533129580319,0.0,2.0990630550077185
748,SingleLineInfilling/HumanEval/132/L9,HumanEval/132,L9,<=8,oracle_sufficient_canvas,ok,True,6,6,0,0,oracle,,,True,,,2f87989d2c33d608d8e7269b0e87694e8789571fc242411ba1370d2ba6e918f2,1.9585582660511136,0.1443253189790994,0.0,2.102883585030213
749,SingleLineInfilling/HumanEval/132/L10,HumanEval/132,L10,9-12,oracle_sufficient_canvas,ok,True,10,10,0,0,oracle,,,True,,,2f87989d2c33d608d8e7269b0e87694e8789571fc242411ba1370d2ba6e918f2,1.982014673994854,0.15289484488312155,0.0,2.1349095188779756
750,SingleLineInfilling/HumanEval/132/L11,HumanEval/132,L11,9-12,oracle_sufficient_canvas,ok,True,9,9,0,0,oracle,,,True,,,2f87989d2c33d608d8e7269b0e87694e8789571fc242411ba1370d2ba6e918f2,1.9633285239106044,0.1430125389015302,0.0,2.1063410628121346
751,SingleLineInfilling/HumanEval/132/L12,HumanEval/132,L12,13-16,oracle_sufficient_canvas,ok,True,14,14,0,0,oracle,,,True,,,2f87989d2c33d608d8e7269b0e87694e8789571fc242411ba1370d2ba6e918f2,1.9508956200443208,0.14675350103061646,0.0,2.0976491210749373
752,SingleLineInfilling/HumanEval/132/L13,HumanEval/132,L13,<=8,oracle_sufficient_canvas,ok,True,6,6,0,0,oracle,,,True,,,2f87989d2c33d608d8e7269b0e87694e8789571fc242411ba1370d2ba6e918f2,1.9279755090828985,0.14886462909635156,0.0,2.07684013817925
753,SingleLineInfilling/HumanEval/132/L14,HumanEval/132,L14,<=8,oracle_sufficient_canvas,ok,True,6,6,0,0,oracle,,,True,,,2f87989d2c33d608d8e7269b0e87694e8789571fc242411ba1370d2ba6e918f2,1.9447477289941162,0.1523336051031947,0.0,2.097081334097311
754,SingleLineInfilling/HumanEval/132/L15,HumanEval/132,L15,<=8,oracle_sufficient_canvas,ok,False,7,7,0,0,oracle,,,False,SyntaxError,"invalid non-printable character U+200B (<unknown>, line 31)",6aa488b96a68a7667a46a5294ca00a9a6cc2b802d2b917e421b01972ab9cd71d,1.9637228379724547,0.0002488530008122325,0.0,1.963971690973267
755,SingleLineInfilling/HumanEval/133/L0,HumanEval/133,L0,<=8,oracle_sufficient_canvas,ok,True,4,4,0,0,oracle,,,True,,,2cd0fc00449e354159bbe235871ce1050aac54abe92dc6c2cce5a7c1eb4fa404,1.8642912859795615,0.15411201305687428,0.0,2.018403299036436
756,SingleLineInfilling/HumanEval/133/L1,HumanEval/133,L1,<=8,oracle_sufficient_canvas,ok,True,6,6,0,0,oracle,,,True,,,4ce782e063c80803e0368a885d61ed9776b5573cea1c4610d8e64bcdd9406d68,1.884009827976115,0.1521580598782748,0.0,2.03616788785439
757,SingleLineInfilling/HumanEval/133/L2,HumanEval/133,L2,<=8,oracle_sufficient_canvas,ok,True,6,6,0,0,oracle,,,True,,,4ce782e063c80803e0368a885d61ed9776b5573cea1c4610d8e64bcdd9406d68,1.859460551990196,0.15141346596647054,0.0,2.0108740179566666
758,SingleLineInfilling/HumanEval/133/L3,HumanEval/133,L3,9-12,oracle_sufficient_canvas,ok,True,9,9,0,0,oracle,,,True,,,4ce782e063c80803e0368a885d61ed9776b5573cea1c4610d8e64bcdd9406d68,1.8650652089854702,0.14154555986169726,0.0,2.0066107688471675
759,SingleLineInfilling/HumanEval/133/L4,HumanEval/133,L4,<=8,oracle_sufficient_canvas,ok,True,4,4,0,0,oracle,,,True,,,4ce782e063c80803e0368a885d61ed9776b5573cea1c4610d8e64bcdd9406d68,1.868888025986962,0.15805854299105704,0.0,2.026946568978019
760,SingleLineInfilling/HumanEval/134/L1,HumanEval/134,L1,9-12,oracle_sufficient_canvas,ok,True,10,10,0,0,oracle,,,True,,,3852e664a32fc07c1f1ce7a35022205bb73e63a48a198f2c8f0c9bbf8faeee11,1.8835134279215708,0.15425588679499924,0.0,2.03776931471657
761,SingleLineInfilling/HumanEval/134/L2,HumanEval/134,L2,25+,oracle_sufficient_canvas,ok,False,28,28,0,0,oracle,,,True,UnitTestFailure,failed: ,228b9bf390a187a3abe72e1f65c28d5730b95c23655fefa1e72ef9ee568b95a6,1.9429109779885039,0.14152884180657566,0.0,2.0844398197950795
762,SingleLineInfilling/HumanEval/136/L0,HumanEval/136,L0,13-16,oracle_sufficient_canvas,ok,True,15,15,0,0,oracle,,,True,,,1e33afbecf7768fe031e286323eadc07bdfa9c6c2d9262a28ff67b831aea7249,1.905622717924416,0.15155277121812105,0.0,2.057175489142537
763,SingleLineInfilling/HumanEval/136/L1,HumanEval/136,L1,13-16,oracle_sufficient_canvas,ok,True,15,15,0,0,oracle,,,True,,,53a17860cb4d15f70eafabbfa1ee8671180686b4cdb20dccc453b3322e5e8b02,1.8923524300334975,0.15515176218468696,0.0,2.0475041922181845
764,SingleLineInfilling/HumanEval/136/L2,HumanEval/136,L2,17-24,oracle_sufficient_canvas,ok,True,21,21,0,0,oracle,,,True,,,6e4b94446fb2b084c8361138d9597230465f54340a139729ebf5ec839c3f2410,1.9039031489519402,0.15728160901926458,0.0,2.061184757971205
765,SingleLineInfilling/HumanEval/137/L0,HumanEval/137,L0,9-12,oracle_sufficient_canvas,ok,True,11,11,0,0,oracle,,,True,,,00ba5424a7a0d3733cf1cae70c2b1aead39f3957b9e5af7e589e263d3330866b,1.9256847609067336,0.13829719997011125,0.0,2.063981960876845
766,SingleLineInfilling/HumanEval/137/L1,HumanEval/137,L1,17-24,oracle_sufficient_canvas,ok,True,17,17,0,0,oracle,,,True,,,fa48432d6a4509636cbc924bd78d0ba83f0a62a84d0315b39fd6cece96a70391,1.939141807029955,0.13724896393250674,0.0,2.076390770962462
767,SingleLineInfilling/HumanEval/137/L2,HumanEval/137,L2,17-24,oracle_sufficient_canvas,ok,True,17,17,0,0,oracle,,,True,,,fa48432d6a4509636cbc924bd78d0ba83f0a62a84d0315b39fd6cece96a70391,1.9366031849058345,0.133806188008748,0.0,2.0704093729145825
768,SingleLineInfilling/HumanEval/137/L3,HumanEval/137,L3,13-16,oracle_sufficient_canvas,ok,True,14,14,0,0,oracle,,,True,,,fa48432d6a4509636cbc924bd78d0ba83f0a62a84d0315b39fd6cece96a70391,1.9332984150387347,0.11941804317757487,0.0,2.0527164582163095
769,SingleLineInfilling/HumanEval/137/L4,HumanEval/137,L4,13-16,oracle_sufficient_canvas,ok,True,16,16,0,0,oracle,,,True,,,8fd2c48b005f7a9772385d189d8df161b1e755c2007b4da0e8ebee825e960d3c,1.9303831469733268,0.14698366704396904,0.0,2.077366814017296
770,SingleLineInfilling/HumanEval/138/L0,HumanEval/138,L0,13-16,oracle_sufficient_canvas,ok,False,14,14,0,0,oracle,,,True,UnitTestFailure,failed: ,33b75d9e767c74794ddf39fb0d59a5ef07ca18e227d8097da6a3eee4810744b6,1.6246840850217268,0.1440471599344164,0.0,1.7687312449561432
771,SingleLineInfilling/HumanEval/139/L0,HumanEval/139,L0,<=8,oracle_sufficient_canvas,ok,True,7,7,0,0,oracle,,,True,,,1166d31362ee3200459d7f73d90c9bc00963c8c62dd4b3df1395439061ed7008,1.8482168870978057,0.1346649619517848,0.0,1.9828818490495905
772,SingleLineInfilling/HumanEval/139/L1,HumanEval/139,L1,<=8,oracle_sufficient_canvas,ok,True,7,7,0,0,oracle,,,True,,,70316ccc8dc0d91010339c8487ccc70147712d938f450699a4e96275aa0b9d5b,1.865353824920021,0.126527120009996,0.0,1.991880944930017
773,SingleLineInfilling/HumanEval/139/L2,HumanEval/139,L2,9-12,oracle_sufficient_canvas,ok,True,12,12,0,0,oracle,,,True,,,70316ccc8dc0d91010339c8487ccc70147712d938f450699a4e96275aa0b9d5b,1.865553178009577,0.12262174591887742,0.0,1.9881749239284545
774,SingleLineInfilling/HumanEval/139/L3,HumanEval/139,L3,<=8,oracle_sufficient_canvas,ok,True,6,6,0,0,oracle,,,True,,,70316ccc8dc0d91010339c8487ccc70147712d938f450699a4e96275aa0b9d5b,1.867384125944227,0.14332504197955132,0.0,2.0107091679237783
775,SingleLineInfilling/HumanEval/139/L4,HumanEval/139,L4,<=8,oracle_sufficient_canvas,ok,True,7,7,0,0,oracle,,,True,,,70316ccc8dc0d91010339c8487ccc70147712d938f450699a4e96275aa0b9d5b,1.8603579310001805,0.15589322603773326,0.0,2.016251157037914
776,SingleLineInfilling/HumanEval/139/L5,HumanEval/139,L5,<=8,oracle_sufficient_canvas,ok,True,5,5,0,0,oracle,,,True,,,70316ccc8dc0d91010339c8487ccc70147712d938f450699a4e96275aa0b9d5b,1.8524058510083705,0.14095391787122935,0.0,1.9933597688795999
777,SingleLineInfilling/HumanEval/140/L0,HumanEval/140,L0,<=8,oracle_sufficient_canvas,ok,True,5,5,0,0,oracle,,,True,,,067943834f4089c8e4828baf2981504532b8e4e459156b9212a0dabebb036f76,1.9562783729052171,0.1490884367376566,0.0,2.1053668096428737
778,SingleLineInfilling/HumanEval/140/L1,HumanEval/140,L1,<=8,oracle_sufficient_canvas,ok,True,6,6,0,0,oracle,,,True,,,26293c6f28ed8fd48b4e0f152f7d5ee01514549757e98d1129cc02a969f4e712,1.959917860920541,0.14653612789697945,0.0,2.1064539888175204
779,SingleLineInfilling/HumanEval/140/L2,HumanEval/140,L2,9-12,oracle_sufficient_canvas,ok,True,11,11,0,0,oracle,,,True,,,26293c6f28ed8fd48b4e0f152f7d5ee01514549757e98d1129cc02a969f4e712,1.9874437730759382,0.14219227095600218,0.0,2.1296360440319404
780,SingleLineInfilling/HumanEval/140/L3,HumanEval/140,L3,<=8,oracle_sufficient_canvas,ok,True,7,7,0,0,oracle,,,True,,,26293c6f28ed8fd48b4e0f152f7d5ee01514549757e98d1129cc02a969f4e712,1.9624904369702563,0.13739511999301612,0.0,2.0998855569632724
781,SingleLineInfilling/HumanEval/140/L4,HumanEval/140,L4,9-12,oracle_sufficient_canvas,ok,True,9,9,0,0,oracle,,,True,,,26293c6f28ed8fd48b4e0f152f7d5ee01514549757e98d1129cc02a969f4e712,1.9515679499600083,0.1495788199827075,0.0,2.1011467699427158
782,SingleLineInfilling/HumanEval/140/L5,HumanEval/140,L5,<=8,oracle_sufficient_canvas,ok,True,6,6,0,0,oracle,,,True,,,26293c6f28ed8fd48b4e0f152f7d5ee01514549757e98d1129cc02a969f4e712,1.9661745590856299,0.1519363080151379,0.0,2.118110867100768
783,SingleLineInfilling/HumanEval/140/L6,HumanEval/140,L6,<=8,oracle_sufficient_canvas,ok,True,3,3,0,0,oracle,,,True,,,26293c6f28ed8fd48b4e0f152f7d5ee01514549757e98d1129cc02a969f4e712,1.9473019649740309,0.1453548870049417,0.0,2.0926568519789726
784,SingleLineInfilling/HumanEval/140/L7,HumanEval/140,L7,9-12,oracle_sufficient_canvas,ok,True,9,9,0,0,oracle,,,True,,,26293c6f28ed8fd48b4e0f152f7d5ee01514549757e98d1129cc02a969f4e712,1.9575654969085008,0.1536732689710334,0.0,2.111238765879534
785,SingleLineInfilling/HumanEval/140/L8,HumanEval/140,L8,9-12,oracle_sufficient_canvas,ok,True,9,9,0,0,oracle,,,True,,,26293c6f28ed8fd48b4e0f152f7d5ee01514549757e98d1129cc02a969f4e712,1.9800442039268091,0.14280936506111175,0.0,2.122853568987921
786,SingleLineInfilling/HumanEval/140/L9,HumanEval/140,L9,9-12,oracle_sufficient_canvas,ok,True,9,9,0,0,oracle,,,True,,,26293c6f28ed8fd48b4e0f152f7d5ee01514549757e98d1129cc02a969f4e712,1.9562955860747024,0.14997238805517554,0.0,2.106267974129878
787,SingleLineInfilling/HumanEval/140/L10,HumanEval/140,L10,13-16,oracle_sufficient_canvas,ok,True,13,13,0,0,oracle,,,True,,,26293c6f28ed8fd48b4e0f152f7d5ee01514549757e98d1129cc02a969f4e712,1.9820398499723524,0.15424702886957675,0.0,2.136286878841929
788,SingleLineInfilling/HumanEval/140/L11,HumanEval/140,L11,<=8,oracle_sufficient_canvas,ok,True,3,3,0,0,oracle,,,True,,,26293c6f28ed8fd48b4e0f152f7d5ee01514549757e98d1129cc02a969f4e712,1.946575034991838,0.1523658900987357,0.0,2.0989409250905737
789,SingleLineInfilling/HumanEval/140/L12,HumanEval/140,L12,<=8,oracle_sufficient_canvas,ok,True,7,7,0,0,oracle,,,True,,,26293c6f28ed8fd48b4e0f152f7d5ee01514549757e98d1129cc02a969f4e712,1.9663475300185382,0.14489394112024456,0.0,2.111241471138783
790,SingleLineInfilling/HumanEval/140/L13,HumanEval/140,L13,13-16,oracle_sufficient_canvas,ok,False,13,13,0,0,oracle,,,True,UnitTestFailure,failed: This prints if this assert fails 2 (good for debugging!),7d0fb5ada5c52004b072342950d02ef297ffc35fd162d0ca0a45bc76860cdbb9,1.9665936899837106,0.14389447320718318,0.0,2.110488163190894
791,SingleLineInfilling/HumanEval/140/L14,HumanEval/140,L14,<=8,oracle_sufficient_canvas,ok,True,5,5,0,0,oracle,,,True,,,26293c6f28ed8fd48b4e0f152f7d5ee01514549757e98d1129cc02a969f4e712,1.9514611540362239,0.14831766590941697,0.0,2.099778819945641
792,SingleLineInfilling/HumanEval/140/L15,HumanEval/140,L15,9-12,oracle_sufficient_canvas,ok,True,9,9,0,0,oracle,,,True,,,26293c6f28ed8fd48b4e0f152f7d5ee01514549757e98d1129cc02a969f4e712,1.9665473639033735,0.12741560908034444,0.0,2.093962972983718
793,SingleLineInfilling/HumanEval/140/L16,HumanEval/140,L16,<=8,oracle_sufficient_canvas,ok,True,5,5,0,0,oracle,,,True,,,26293c6f28ed8fd48b4e0f152f7d5ee01514549757e98d1129cc02a969f4e712,1.9583656169706956,0.13950836099684238,0.0,2.097873977967538
794,SingleLineInfilling/HumanEval/140/L17,HumanEval/140,L17,9-12,oracle_sufficient_canvas,ok,True,9,9,0,0,oracle,,,True,,,26293c6f28ed8fd48b4e0f152f7d5ee01514549757e98d1129cc02a969f4e712,1.9564468018943444,0.14519119204487652,0.0,2.101637993939221
795,SingleLineInfilling/HumanEval/140/L18,HumanEval/140,L18,<=8,oracle_sufficient_canvas,ok,True,6,6,0,0,oracle,,,True,,,26293c6f28ed8fd48b4e0f152f7d5ee01514549757e98d1129cc02a969f4e712,1.953777761082165,0.15105148404836655,0.0,2.1048292451305315
796,SingleLineInfilling/HumanEval/140/L19,HumanEval/140,L19,<=8,oracle_sufficient_canvas,ok,True,5,5,0,0,oracle,,,True,,,26293c6f28ed8fd48b4e0f152f7d5ee01514549757e98d1129cc02a969f4e712,1.9688375260448083,0.15329739497974515,0.0,2.1221349210245535
797,SingleLineInfilling/HumanEval/141/L0,HumanEval/141,L0,9-12,oracle_sufficient_canvas,ok,True,12,12,0,0,oracle,,,True,,,657fc2894c20a1c1923f7c2892f11f8b2f0aceb243f3ed6f21f1f8a26b9936bf,2.6037303479388356,0.16214578202925622,0.0,2.765876129968092
798,SingleLineInfilling/HumanEval/141/L1,HumanEval/141,L1,9-12,oracle_sufficient_canvas,ok,True,10,10,0,0,oracle,,,True,,,ef3b3024f60be8189e1b687f0556384cd26d054632259d0fe657e5dc94d41fda,2.623577294056304,0.1587738039670512,0.0,2.782351098023355
799,SingleLineInfilling/HumanEval/141/L2,HumanEval/141,L2,9-12,oracle_sufficient_canvas,ok,True,9,9,0,0,oracle,,,True,,,dd7ecef4f7b631828454ee243a9b6ad03deeb43fc6eaf048b2fee786433d989d,2.6238519579637796,0.15976261987816542,0.0,2.783614577841945
800,SingleLineInfilling/HumanEval/141/L3,HumanEval/141,L3,<=8,oracle_sufficient_canvas,ok,True,5,5,0,0,oracle,,,True,,,dd7ecef4f7b631828454ee243a9b6ad03deeb43fc6eaf048b2fee786433d989d,2.5911160480463877,0.150893590063788,0.0,2.7420096381101757
801,SingleLineInfilling/HumanEval/141/L4,HumanEval/141,L4,9-12,oracle_sufficient_canvas,ok,True,10,10,0,0,oracle,,,True,,,558742de326614b75fd64e81a7dbd31e70e7bf423b2438292c53a5195abbe0b8,2.603662818088196,0.15650923503562808,0.0,2.7601720531238243
802,SingleLineInfilling/HumanEval/141/L5,HumanEval/141,L5,<=8,oracle_sufficient_canvas,ok,True,5,5,0,0,oracle,,,True,,,dd7ecef4f7b631828454ee243a9b6ad03deeb43fc6eaf048b2fee786433d989d,2.617590968031436,0.15652732399757951,0.0,2.7741182920290157
803,SingleLineInfilling/HumanEval/141/L6,HumanEval/141,L6,9-12,oracle_sufficient_canvas,ok,True,11,11,0,0,oracle,,,True,,,dd7ecef4f7b631828454ee243a9b6ad03deeb43fc6eaf048b2fee786433d989d,2.6278641109820455,0.14984488405752927,0.0,2.777708995039575
804,SingleLineInfilling/HumanEval/141/L7,HumanEval/141,L7,<=8,oracle_sufficient_canvas,ok,True,5,5,0,0,oracle,,,True,,,dd7ecef4f7b631828454ee243a9b6ad03deeb43fc6eaf048b2fee786433d989d,2.627060964005068,0.12132932292297482,0.0,2.7483902869280428
805,SingleLineInfilling/HumanEval/141/L8,HumanEval/141,L8,9-12,oracle_sufficient_canvas,ok,True,12,12,0,0,oracle,,,True,,,dd7ecef4f7b631828454ee243a9b6ad03deeb43fc6eaf048b2fee786433d989d,2.603712180047296,0.13132052298169583,0.0,2.735032703028992
806,SingleLineInfilling/HumanEval/141/L9,HumanEval/141,L9,<=8,oracle_sufficient_canvas,ok,True,5,5,0,0,oracle,,,True,,,dd7ecef4f7b631828454ee243a9b6ad03deeb43fc6eaf048b2fee786433d989d,2.6251854760339484,0.15237945085391402,0.0,2.7775649268878624
807,SingleLineInfilling/HumanEval/141/L10,HumanEval/141,L10,17-24,oracle_sufficient_canvas,ok,True,17,17,0,0,oracle,,,True,,,bd4815a857d24cf949a4c5c317596c9a8483678e0c2c33ac8dd73388ae054f75,2.6430386820575222,0.15516790212132037,0.0,2.7982065841788426
808,SingleLineInfilling/HumanEval/141/L11,HumanEval/141,L11,<=8,oracle_sufficient_canvas,ok,True,7,7,0,0,oracle,,,True,,,dd7ecef4f7b631828454ee243a9b6ad03deeb43fc6eaf048b2fee786433d989d,2.631109945010394,0.14950997906271368,0.0,2.7806199240731075
809,SingleLineInfilling/HumanEval/141/L12,HumanEval/141,L12,<=8,oracle_sufficient_canvas,ok,True,5,5,0,0,oracle,,,True,,,dd7ecef4f7b631828454ee243a9b6ad03deeb43fc6eaf048b2fee786433d989d,2.611818824079819,0.1520756350364536,0.0,2.7638944591162726
810,SingleLineInfilling/HumanEval/141/L13,HumanEval/141,L13,<=8,oracle_sufficient_canvas,ok,True,5,5,0,0,oracle,,,True,,,53782b100ecf907c0ac96968a2ba466ce5ac80110d9858f31af913a399357894,2.6203423199476674,0.14747016492765397,0.0,2.7678124848753214
811,SingleLineInfilling/HumanEval/142/L0,HumanEval/142,L0,<=8,oracle_sufficient_canvas,ok,True,4,4,0,0,oracle,,,True,,,575e2bfa2390c2d578e4acbcb46c33e144c5689e935fc142ce5fcacd887a4565,1.926060046069324,0.14790857105981559,0.0,2.0739686171291396
812,SingleLineInfilling/HumanEval/142/L1,HumanEval/142,L1,<=8,oracle_sufficient_canvas,ok,True,8,8,0,0,oracle,,,True,,,15629397c7dedb17441baf4ebad86f96b4faee8e6496a5d9100fe16c2c187962,1.9431714040692896,0.155614654882811,0.0,2.0987860589521006
813,SingleLineInfilling/HumanEval/142/L2,HumanEval/142,L2,9-12,oracle_sufficient_canvas,ok,True,9,9,0,0,oracle,,,True,,,cff3bb6e17c8dd4984f10cf8a24abc83685105c304f7b2da6448b5ece07d1883,1.942908299039118,0.13866967207286507,0.0,2.081577971111983
814,SingleLineInfilling/HumanEval/142/L3,HumanEval/142,L3,<=8,oracle_sufficient_canvas,ok,True,8,8,0,0,oracle,,,True,,,15629397c7dedb17441baf4ebad86f96b4faee8e6496a5d9100fe16c2c187962,1.9233602549647912,0.15166665089782327,0.0,2.0750269058626145
815,SingleLineInfilling/HumanEval/142/L4,HumanEval/142,L4,17-24,oracle_sufficient_canvas,ok,True,17,17,0,0,oracle,,,True,,,9bb159a33c8af8a790c10fbd3e46025a508ecdadc29bcb623394c5d11a72026f,1.9385344920447096,0.1618598379427567,0.0,2.1003943299874663
816,SingleLineInfilling/HumanEval/142/L5,HumanEval/142,L5,<=8,oracle_sufficient_canvas,ok,True,8,8,0,0,oracle,,,True,,,15629397c7dedb17441baf4ebad86f96b4faee8e6496a5d9100fe16c2c187962,1.9333110710140318,0.14498991006985307,0.0,2.078300981083885
817,SingleLineInfilling/HumanEval/142/L6,HumanEval/142,L6,<=8,oracle_sufficient_canvas,ok,True,3,3,0,0,oracle,,,True,,,15629397c7dedb17441baf4ebad86f96b4faee8e6496a5d9100fe16c2c187962,1.909251129021868,0.1487844919320196,0.0,2.0580356209538877
818,SingleLineInfilling/HumanEval/142/L7,HumanEval/142,L7,<=8,oracle_sufficient_canvas,ok,True,6,6,0,0,oracle,,,True,,,15629397c7dedb17441baf4ebad86f96b4faee8e6496a5d9100fe16c2c187962,1.9358963270206004,0.15849559591151774,0.0,2.094391922932118
819,SingleLineInfilling/HumanEval/142/L8,HumanEval/142,L8,<=8,oracle_sufficient_canvas,ok,True,5,5,0,0,oracle,,,True,,,4c54d5800726ac8aec24e32168da7db54f0d2c233e185b23259af97b2812f37b,1.9309526339638978,0.1538981170160696,0.0,2.0848507509799674
820,SingleLineInfilling/HumanEval/144/L0,HumanEval/144,L0,<=8,oracle_sufficient_canvas,ok,True,8,8,0,0,oracle,,,True,,,cef1e11e59eba58db94e8dc770387c3ba02a39a8a1ce760aa3129a5038673a03,1.918153693084605,0.14137296099215746,0.0,2.0595266540767625
821,SingleLineInfilling/HumanEval/144/L1,HumanEval/144,L1,<=8,oracle_sufficient_canvas,ok,True,8,8,0,0,oracle,,,True,,,84e4011abca02fab7306fed8d9af5853a4d18ce753f4d048672e686721bb8235,1.9267072880174965,0.15647173498291522,0.0,2.0831790230004117
822,SingleLineInfilling/HumanEval/144/L2,HumanEval/144,L2,9-12,oracle_sufficient_canvas,ok,True,10,10,0,0,oracle,,,True,,,84e4011abca02fab7306fed8d9af5853a4d18ce753f4d048672e686721bb8235,1.926340053905733,0.14462527201976627,0.0,2.070965325925499
823,SingleLineInfilling/HumanEval/144/L3,HumanEval/144,L3,9-12,oracle_sufficient_canvas,ok,True,10,10,0,0,oracle,,,True,,,84e4011abca02fab7306fed8d9af5853a4d18ce753f4d048672e686721bb8235,1.9162070890888572,0.1610446518752724,0.0,2.0772517409641296
824,SingleLineInfilling/HumanEval/144/L4,HumanEval/144,L4,13-16,oracle_sufficient_canvas,ok,True,16,16,0,0,oracle,,,True,,,1377f9976136e5a09020dbdfc20c744236885206d88703fcc36d33782e3ce188,1.95389383204747,0.15943669900298119,0.0,2.113330531050451
825,SingleLineInfilling/HumanEval/144/L5,HumanEval/144,L5,<=8,oracle_sufficient_canvas,ok,True,4,4,0,0,oracle,,,True,,,84e4011abca02fab7306fed8d9af5853a4d18ce753f4d048672e686721bb8235,1.8802683310350403,0.16224429896101356,0.0,2.042512629996054
826,SingleLineInfilling/HumanEval/144/L6,HumanEval/144,L6,<=8,oracle_sufficient_canvas,ok,True,4,4,0,0,oracle,,,True,,,84e4011abca02fab7306fed8d9af5853a4d18ce753f4d048672e686721bb8235,1.9096177099272609,0.15436934598255903,0.0,2.06398705590982
827,SingleLineInfilling/HumanEval/145/L0,HumanEval/145,L0,<=8,oracle_sufficient_canvas,ok,True,6,6,0,0,oracle,,,True,,,3b7967e76cfb9f7391c0df3004b5798085bb59583aa921f24c55156048ae3c91,1.8635810429695994,0.1461447470355779,0.0,2.0097257900051773
828,SingleLineInfilling/HumanEval/145/L1,HumanEval/145,L1,<=8,oracle_sufficient_canvas,ok,True,6,6,0,0,oracle,,,True,,,05394cae05cc33b93aeb0b59d7c6fdcb1a96405a3d7881b61dbd13d9850f9cfd,1.8571794760646299,0.13773868617136031,0.0,1.9949181622359902
829,SingleLineInfilling/HumanEval/145/L2,HumanEval/145,L2,17-24,oracle_sufficient_canvas,ok,True,19,19,0,0,oracle,,,True,,,f7c795368c699b1b631d3b852d18be037ac72d9622d0252d41f54f3de1369d77,1.9009662210009992,0.13899497408419847,0.0,2.0399611950851977
830,SingleLineInfilling/HumanEval/145/L3,HumanEval/145,L3,13-16,oracle_sufficient_canvas,ok,True,13,13,0,0,oracle,,,True,,,05394cae05cc33b93aeb0b59d7c6fdcb1a96405a3d7881b61dbd13d9850f9cfd,1.8766991900047287,0.15276573412120342,0.0,2.029464924125932
831,SingleLineInfilling/HumanEval/145/L4,HumanEval/145,L4,13-16,oracle_sufficient_canvas,ok,False,13,13,0,0,oracle,,,True,UnitTestFailure,failed: ,642503a55229b0087ba22116771eec0c59a1b057e5b58564999b60c7d64f399d,1.8909871290670708,0.146478925133124,0.0,2.0374660542001948
832,SingleLineInfilling/HumanEval/145/L5,HumanEval/145,L5,<=8,oracle_sufficient_canvas,ok,True,5,5,0,0,oracle,,,True,,,05394cae05cc33b93aeb0b59d7c6fdcb1a96405a3d7881b61dbd13d9850f9cfd,1.8829433300998062,0.1446213988820091,0.0,2.0275647289818153
833,SingleLineInfilling/HumanEval/145/L6,HumanEval/145,L6,9-12,oracle_sufficient_canvas,ok,True,10,10,0,0,oracle,,,True,,,fc4da5c06f7b0ef2be67dcd14ad8c64ab51190ff465a0b7f072e12e3f6d02f47,1.873315921984613,0.1560170049779117,0.0,2.0293329269625247
834,SingleLineInfilling/HumanEval/146/L1,HumanEval/146,L1,<=8,oracle_sufficient_canvas,ok,True,6,6,0,0,oracle,,,True,,,88888156b964572e0bafc172d2c8220e9a863d441585476f1fa20c7e7822f660,1.9018943579867482,0.15753169695381075,0.0,2.059426054940559
835,SingleLineInfilling/HumanEval/146/L2,HumanEval/146,L2,<=8,oracle_sufficient_canvas,ok,True,6,6,0,0,oracle,,,True,,,88888156b964572e0bafc172d2c8220e9a863d441585476f1fa20c7e7822f660,1.8768938939319924,0.156425948953256,0.0,2.0333198428852484
836,SingleLineInfilling/HumanEval/146/L3,HumanEval/146,L3,<=8,oracle_sufficient_canvas,ok,True,8,8,0,0,oracle,,,True,,,88888156b964572e0bafc172d2c8220e9a863d441585476f1fa20c7e7822f660,1.8996452840510756,0.15840653388295323,0.0,2.058051817934029
837,SingleLineInfilling/HumanEval/146/L4,HumanEval/146,L4,17-24,oracle_sufficient_canvas,ok,True,19,19,0,0,oracle,,,True,,,f0c21da2f2476096d100f62e9d90c0c278f37f5ac8debe78be95a12355e218e0,1.9434377909637988,0.14668252191040665,0.0,2.0901203128742054
838,SingleLineInfilling/HumanEval/146/L5,HumanEval/146,L5,<=8,oracle_sufficient_canvas,ok,True,8,8,0,0,oracle,,,True,,,88888156b964572e0bafc172d2c8220e9a863d441585476f1fa20c7e7822f660,1.8973941979929805,0.14905257988721132,0.0,2.046446777880192
839,SingleLineInfilling/HumanEval/146/L6,HumanEval/146,L6,17-24,oracle_sufficient_canvas,ok,True,24,24,0,0,oracle,,,True,,,88888156b964572e0bafc172d2c8220e9a863d441585476f1fa20c7e7822f660,1.9455700209364295,0.1511655420763418,0.0,2.0967355630127713
840,SingleLineInfilling/HumanEval/146/L7,HumanEval/146,L7,<=8,oracle_sufficient_canvas,ok,True,6,6,0,0,oracle,,,True,,,03c9c8de0384c5b0a05c67013da66f9b4bf8e09a3f0136b1fed5436c5aaf956a,1.8903889489592984,0.14601724001113325,0.0,2.0364061889704317
841,SingleLineInfilling/HumanEval/146/L9,HumanEval/146,L9,<=8,oracle_sufficient_canvas,ok,True,4,4,0,0,oracle,,,True,,,5b7f7e4a29a9af17edbd8e1eec0283f6af06ba6516789e86737ca075341c086f,1.9141739390324801,0.148350237053819,0.0,2.062524176086299
842,SingleLineInfilling/HumanEval/147/L0,HumanEval/147,L0,17-24,oracle_sufficient_canvas,ok,True,21,21,0,0,oracle,,,True,,,231679ab9618259b17033db724936e33316ee85084a91f015a138972bfaf779d,1.998971389955841,0.17777420894708484,0.0,2.176745598902926
843,SingleLineInfilling/HumanEval/147/L1,HumanEval/147,L1,<=8,oracle_sufficient_canvas,ok,True,4,4,0,0,oracle,,,True,,,4ca09e8b1a4f2d3cf9fe96c39a437dc587815274d932a077ff4ec9ecb0224368,1.9330726539483294,0.17546151706483215,0.0,2.1085341710131615
844,SingleLineInfilling/HumanEval/147/L2,HumanEval/147,L2,<=8,oracle_sufficient_canvas,ok,True,7,7,0,0,oracle,,,True,,,4ca09e8b1a4f2d3cf9fe96c39a437dc587815274d932a077ff4ec9ecb0224368,1.9568089749664068,0.1577349080471322,0.0,2.114543883013539
845,SingleLineInfilling/HumanEval/147/L3,HumanEval/147,L3,9-12,oracle_sufficient_canvas,ok,True,10,10,0,0,oracle,,,True,,,4ca09e8b1a4f2d3cf9fe96c39a437dc587815274d932a077ff4ec9ecb0224368,1.9371033200295642,0.1681481619598344,0.0,2.1052514819893986
846,SingleLineInfilling/HumanEval/147/L4,HumanEval/147,L4,9-12,oracle_sufficient_canvas,ok,True,10,10,0,0,oracle,,,True,,,4ca09e8b1a4f2d3cf9fe96c39a437dc587815274d932a077ff4ec9ecb0224368,1.962812184006907,0.1721667720703408,0.0,2.134978956077248
847,SingleLineInfilling/HumanEval/147/L5,HumanEval/147,L5,17-24,oracle_sufficient_canvas,ok,True,18,18,0,0,oracle,,,True,,,4ca09e8b1a4f2d3cf9fe96c39a437dc587815274d932a077ff4ec9ecb0224368,1.982496971031651,0.18297380406875163,0.0,2.1654707751004025
848,SingleLineInfilling/HumanEval/147/L6,HumanEval/147,L6,13-16,oracle_sufficient_canvas,ok,True,13,13,0,0,oracle,,,True,,,75082b47929810d9df4068cc5b2e59409e9df3db678843bb9a05854bca9363fa,1.9863312839297578,0.17768796510063112,0.0,2.164019249030389
849,SingleLineInfilling/HumanEval/147/L7,HumanEval/147,L7,<=8,oracle_sufficient_canvas,ok,True,5,5,0,0,oracle,,,True,,,4ca09e8b1a4f2d3cf9fe96c39a437dc587815274d932a077ff4ec9ecb0224368,1.9577711010351777,0.17021097685210407,0.0,2.1279820778872818
850,SingleLineInfilling/HumanEval/148/L0,HumanEval/148,L0,25+,oracle_sufficient_canvas,ok,False,36,36,0,0,oracle,,,True,UnitTestFailure,failed: First test error: 2,1c2af24c000533dfcb3f08054162c13dcf819bbc02090003600c0195a4138e5d,2.686215296969749,0.1394790451740846,0.0,2.8256943421438336
851,SingleLineInfilling/HumanEval/148/L1,HumanEval/148,L1,17-24,oracle_sufficient_canvas,ok,True,22,22,0,0,oracle,,,True,,,529e2e1dedba6800826ce8e5b39a18a48acff77b7f593fd91a4d31f8f3d51f93,2.6649876430165023,0.14547965116798878,0.0,2.810467294184491
852,SingleLineInfilling/HumanEval/148/L2,HumanEval/148,L2,<=8,oracle_sufficient_canvas,ok,True,3,3,0,0,oracle,,,True,,,529e2e1dedba6800826ce8e5b39a18a48acff77b7f593fd91a4d31f8f3d51f93,2.6087074240203947,0.12428374390583485,0.0,2.7329911679262295
853,SingleLineInfilling/HumanEval/148/L3,HumanEval/148,L3,9-12,oracle_sufficient_canvas,ok,True,12,12,0,0,oracle,,,True,,,529e2e1dedba6800826ce8e5b39a18a48acff77b7f593fd91a4d31f8f3d51f93,2.6382144960807636,0.1419267060700804,0.0,2.780141202150844
854,SingleLineInfilling/HumanEval/148/L4,HumanEval/148,L4,9-12,oracle_sufficient_canvas,ok,True,12,12,0,0,oracle,,,True,,,529e2e1dedba6800826ce8e5b39a18a48acff77b7f593fd91a4d31f8f3d51f93,2.6312124569667503,0.14154777000658214,0.0,2.7727602269733325
855,SingleLineInfilling/HumanEval/148/L5,HumanEval/148,L5,9-12,oracle_sufficient_canvas,ok,True,10,10,0,0,oracle,,,True,,,529e2e1dedba6800826ce8e5b39a18a48acff77b7f593fd91a4d31f8f3d51f93,2.6313908679876477,0.15327671205159277,0.0,2.7846675800392404
856,SingleLineInfilling/HumanEval/148/L6,HumanEval/148,L6,17-24,oracle_sufficient_canvas,ok,True,17,17,0,0,oracle,,,True,,,ff3e3d272e9c0f7f13d287130b1ed37726206d2504deb33db830c52ae7938578,2.641123258974403,0.14950517693068832,0.0,2.7906284359050915
857,SingleLineInfilling/HumanEval/148/L7,HumanEval/148,L7,<=8,oracle_sufficient_canvas,ok,True,3,3,0,0,oracle,,,True,,,529e2e1dedba6800826ce8e5b39a18a48acff77b7f593fd91a4d31f8f3d51f93,2.6141935699852183,0.14059126505162567,0.0,2.754784835036844
858,SingleLineInfilling/HumanEval/148/L8,HumanEval/148,L8,17-24,oracle_sufficient_canvas,ok,True,17,17,0,0,oracle,,,True,,,cbb61e65ae673b08b72ff111507858e69ce23c536cdbcb20a7c906e4405be0a1,2.6649231610354036,0.13087593484669924,0.0,2.795799095882103
859,SingleLineInfilling/HumanEval/150/L0,HumanEval/150,L0,<=8,oracle_sufficient_canvas,ok,True,7,7,0,0,oracle,,,True,,,65ae51ff6c990a98bd308a00db9046c7d6f479a18af1dde0a80c450d45026791,1.8478064560331404,0.14527780516073108,0.0,1.9930842611938715
860,SingleLineInfilling/HumanEval/150/L1,HumanEval/150,L1,<=8,oracle_sufficient_canvas,ok,True,4,4,0,0,oracle,,,True,,,d8e5b04576d26a538e4ea07d2b5a8bd45dc6d8e2f1aba74cb6c14aae824e1f5e,1.8687684269389138,0.14113605301827192,0.0,2.0099044799571857
861,SingleLineInfilling/HumanEval/150/L2,HumanEval/150,L2,9-12,oracle_sufficient_canvas,ok,True,10,10,0,0,oracle,,,True,,,d8e5b04576d26a538e4ea07d2b5a8bd45dc6d8e2f1aba74cb6c14aae824e1f5e,1.875745041994378,0.14107710996177047,0.0,2.0168221519561484
862,SingleLineInfilling/HumanEval/150/L3,HumanEval/150,L3,9-12,oracle_sufficient_canvas,ok,True,9,9,0,0,oracle,,,True,,,d8e5b04576d26a538e4ea07d2b5a8bd45dc6d8e2f1aba74cb6c14aae824e1f5e,1.8893986910115927,0.14581846608780324,0.0,2.035217157099396
863,SingleLineInfilling/HumanEval/150/L4,HumanEval/150,L4,<=8,oracle_sufficient_canvas,ok,True,4,4,0,0,oracle,,,True,,,d8e5b04576d26a538e4ea07d2b5a8bd45dc6d8e2f1aba74cb6c14aae824e1f5e,1.8397200820036232,0.1485922068823129,0.0,1.9883122888859361
864,SingleLineInfilling/HumanEval/150/L5,HumanEval/150,L5,<=8,oracle_sufficient_canvas,ok,True,3,3,0,0,oracle,,,True,,,d8e5b04576d26a538e4ea07d2b5a8bd45dc6d8e2f1aba74cb6c14aae824e1f5e,1.850581304053776,0.1608934230171144,0.0,2.0114747270708904
865,SingleLineInfilling/HumanEval/150/L6,HumanEval/150,L6,<=8,oracle_sufficient_canvas,ok,True,3,3,0,0,oracle,,,True,,,d8e5b04576d26a538e4ea07d2b5a8bd45dc6d8e2f1aba74cb6c14aae824e1f5e,1.851261612959206,0.1582417389145121,0.0,2.009503351873718
866,SingleLineInfilling/HumanEval/150/L7,HumanEval/150,L7,<=8,oracle_sufficient_canvas,ok,True,4,4,0,0,oracle,,,True,,,d8e5b04576d26a538e4ea07d2b5a8bd45dc6d8e2f1aba74cb6c14aae824e1f5e,1.8413653780007735,0.15373687900137156,0.0,1.995102257002145
867,SingleLineInfilling/HumanEval/151/L0,HumanEval/151,L0,25+,oracle_sufficient_canvas,ok,False,29,29,0,0,oracle,,,True,UnitTestFailure,failed: This prints if this assert fails 5 (also good for debugging!),5cbf860942bd801ecde92a31a033cbd6744327ecd58d2913bf57b418f04e4dea,1.8850619570584968,0.15557487111072987,0.0,2.0406368281692266
868,SingleLineInfilling/HumanEval/152/L0,HumanEval/152,L0,13-16,oracle_sufficient_canvas,ok,True,16,16,0,0,oracle,,,True,,,358c94ed0135d4a1b97d1f4ba37eba4e7ade01634401381ce6c18dd56af91972,1.9725108720595017,0.14194019394926727,0.0,2.114451066008769
869,SingleLineInfilling/HumanEval/154/L0,HumanEval/154,L0,<=8,oracle_sufficient_canvas,ok,True,6,6,0,0,oracle,,,True,,,7473d91c8bdb6344b15b4659fa1b1a61bf2defdaf64ac777aad8b5fb83b8c706,1.8608098200056702,0.15645855898037553,0.0,2.0172683789860457
870,SingleLineInfilling/HumanEval/154/L1,HumanEval/154,L1,<=8,oracle_sufficient_canvas,ok,True,7,7,0,0,oracle,,,True,,,2a68e45e81eb791dce88ee518064dd47082b10c18ecaf41c6e49d4ecc61ef45f,1.8880851808935404,0.15233275876380503,0.0,2.0404179396573454
871,SingleLineInfilling/HumanEval/154/L2,HumanEval/154,L2,13-16,oracle_sufficient_canvas,ok,True,14,14,0,0,oracle,,,True,,,2a68e45e81eb791dce88ee518064dd47082b10c18ecaf41c6e49d4ecc61ef45f,1.9133485950296745,0.15696330997161567,0.0,2.07031190500129
872,SingleLineInfilling/HumanEval/154/L3,HumanEval/154,L3,9-12,oracle_sufficient_canvas,ok,True,10,10,0,0,oracle,,,True,,,d0d8f5f390d62384df0788287296f608413006d18e5fbe2d624e071f392742df,1.873249941971153,0.14880068402271718,0.0,2.02205062599387
873,SingleLineInfilling/HumanEval/154/L4,HumanEval/154,L4,13-16,oracle_sufficient_canvas,ok,True,13,13,0,0,oracle,,,True,,,2a68e45e81eb791dce88ee518064dd47082b10c18ecaf41c6e49d4ecc61ef45f,1.8885255969362333,0.15318090713117272,0.0,2.041706504067406
874,SingleLineInfilling/HumanEval/154/L5,HumanEval/154,L5,<=8,oracle_sufficient_canvas,ok,True,4,4,0,0,oracle,,,True,,,2a68e45e81eb791dce88ee518064dd47082b10c18ecaf41c6e49d4ecc61ef45f,1.8562763050431386,0.14835547201801091,0.0,2.0046317770611495
875,SingleLineInfilling/HumanEval/154/L6,HumanEval/154,L6,<=8,oracle_sufficient_canvas,ok,True,4,4,0,0,oracle,,,True,,,2a68e45e81eb791dce88ee518064dd47082b10c18ecaf41c6e49d4ecc61ef45f,1.8703254559077322,0.15462880698032677,0.0,2.024954262888059
876,SingleLineInfilling/HumanEval/155/L0,HumanEval/155,L0,<=8,oracle_sufficient_canvas,ok,True,7,7,0,0,oracle,,,True,,,5281cd17655ddfbde53a2c35d4b0a0f249bdfc37e7c674e6c7264ca06f03622d,1.6080881449161097,0.13656590599566698,0.0,1.7446540509117767
877,SingleLineInfilling/HumanEval/155/L1,HumanEval/155,L1,<=8,oracle_sufficient_canvas,ok,True,7,7,0,0,oracle,,,True,,,28302aea92281abfe7fcead6703ffc48e8a09b5abf4f596c56aaa3badb687796,1.6093073959928006,0.14079347311053425,0.0,1.7501008691033348
878,SingleLineInfilling/HumanEval/155/L2,HumanEval/155,L2,<=8,oracle_sufficient_canvas,ok,True,8,8,0,0,oracle,,,True,,,28302aea92281abfe7fcead6703ffc48e8a09b5abf4f596c56aaa3badb687796,1.6194766040425748,0.14410143299028277,0.0,1.7635780370328575
879,SingleLineInfilling/HumanEval/155/L3,HumanEval/155,L3,9-12,oracle_sufficient_canvas,ok,True,9,9,0,0,oracle,,,True,,,28302aea92281abfe7fcead6703ffc48e8a09b5abf4f596c56aaa3badb687796,1.5921923900023103,0.13889817101880908,0.0,1.7310905610211194
880,SingleLineInfilling/HumanEval/155/L4,HumanEval/155,L4,<=8,oracle_sufficient_canvas,ok,True,6,6,0,0,oracle,,,True,,,28302aea92281abfe7fcead6703ffc48e8a09b5abf4f596c56aaa3badb687796,1.5800238919910043,0.1370728089241311,0.0,1.7170967009151354
881,SingleLineInfilling/HumanEval/155/L5,HumanEval/155,L5,<=8,oracle_sufficient_canvas,ok,True,3,3,0,0,oracle,,,True,,,28302aea92281abfe7fcead6703ffc48e8a09b5abf4f596c56aaa3badb687796,1.5885188399115577,0.1391426398186013,0.0,1.727661479730159
882,SingleLineInfilling/HumanEval/155/L6,HumanEval/155,L6,<=8,oracle_sufficient_canvas,ok,True,6,6,0,0,oracle,,,True,,,28302aea92281abfe7fcead6703ffc48e8a09b5abf4f596c56aaa3badb687796,1.579773945035413,0.12172428506892174,0.0,1.7014982301043347
883,SingleLineInfilling/HumanEval/155/L7,HumanEval/155,L7,9-12,oracle_sufficient_canvas,ok,True,9,9,0,0,oracle,,,True,,,28302aea92281abfe7fcead6703ffc48e8a09b5abf4f596c56aaa3badb687796,1.6176489429781213,0.14074770302977413,0.0,1.7583966460078955
884,SingleLineInfilling/HumanEval/156/L0,HumanEval/156,L0,25+,oracle_sufficient_canvas,ok,True,32,32,0,0,oracle,,,True,,,e9a443fb8d9522b39a30351d92f5866d3f7b3064b8bb3eacafed485377d0fe4a,2.3821976230246946,0.14877420698758215,0.0,2.5309718300122768
885,SingleLineInfilling/HumanEval/156/L1,HumanEval/156,L1,25+,oracle_sufficient_canvas,ok,True,28,28,0,0,oracle,,,True,,,800d032956b4c8c28e3e4ffdc7f35b01d8f8e87e7ec261f1d57703e7b19d1802,2.4017895970027894,0.1481531950412318,0.0,2.549942792044021
886,SingleLineInfilling/HumanEval/156/L2,HumanEval/156,L2,17-24,oracle_sufficient_canvas,ok,True,22,22,0,0,oracle,,,True,,,800d032956b4c8c28e3e4ffdc7f35b01d8f8e87e7ec261f1d57703e7b19d1802,2.3912521459860727,0.1546051239129156,0.0,2.5458572698989883
887,SingleLineInfilling/HumanEval/156/L3,HumanEval/156,L3,17-24,oracle_sufficient_canvas,ok,True,23,23,0,0,oracle,,,True,,,800d032956b4c8c28e3e4ffdc7f35b01d8f8e87e7ec261f1d57703e7b19d1802,2.3754181099357083,0.14432545006275177,0.0,2.51974355999846
888,SingleLineInfilling/HumanEval/156/L4,HumanEval/156,L4,<=8,oracle_sufficient_canvas,ok,True,7,7,0,0,oracle,,,True,,,800d032956b4c8c28e3e4ffdc7f35b01d8f8e87e7ec261f1d57703e7b19d1802,2.339022579952143,0.1582384790526703,0.0,2.4972610590048134
889,SingleLineInfilling/HumanEval/156/L5,HumanEval/156,L5,<=8,oracle_sufficient_canvas,ok,True,4,4,0,0,oracle,,,True,,,71a33243605aa0d9bf2677642ef937641adad9e3fb785997d1e7f2bcd9b33073,2.3091015280224383,0.15397737710736692,0.0,2.463078905129805
890,SingleLineInfilling/HumanEval/156/L6,HumanEval/156,L6,<=8,oracle_sufficient_canvas,ok,True,5,5,0,0,oracle,,,True,,,800d032956b4c8c28e3e4ffdc7f35b01d8f8e87e7ec261f1d57703e7b19d1802,2.337879322003573,0.15033927711192518,0.0,2.4882185991154984
891,SingleLineInfilling/HumanEval/156/L7,HumanEval/156,L7,9-12,oracle_sufficient_canvas,ok,True,9,9,0,0,oracle,,,True,,,800d032956b4c8c28e3e4ffdc7f35b01d8f8e87e7ec261f1d57703e7b19d1802,2.3418013439513743,0.13448295113630593,0.0,2.47628429508768
892,SingleLineInfilling/HumanEval/156/L8,HumanEval/156,L8,<=8,oracle_sufficient_canvas,ok,True,7,7,0,0,oracle,,,True,,,800d032956b4c8c28e3e4ffdc7f35b01d8f8e87e7ec261f1d57703e7b19d1802,2.3412062359275296,0.15724338893778622,0.0,2.498449624865316
893,SingleLineInfilling/HumanEval/156/L9,HumanEval/156,L9,<=8,oracle_sufficient_canvas,ok,True,5,5,0,0,oracle,,,True,,,800d032956b4c8c28e3e4ffdc7f35b01d8f8e87e7ec261f1d57703e7b19d1802,2.3113420240115374,0.158011632040143,0.0,2.4693536560516804
894,SingleLineInfilling/HumanEval/156/L10,HumanEval/156,L10,<=8,oracle_sufficient_canvas,ok,True,7,7,0,0,oracle,,,True,,,800d032956b4c8c28e3e4ffdc7f35b01d8f8e87e7ec261f1d57703e7b19d1802,2.340745817986317,0.15378941502422094,0.0,2.494535233010538
895,SingleLineInfilling/HumanEval/156/L11,HumanEval/156,L11,<=8,oracle_sufficient_canvas,ok,True,6,6,0,0,oracle,,,True,,,800d032956b4c8c28e3e4ffdc7f35b01d8f8e87e7ec261f1d57703e7b19d1802,2.3251340750139207,0.1422466558869928,0.0,2.4673807309009135
896,SingleLineInfilling/HumanEval/156/L12,HumanEval/156,L12,<=8,oracle_sufficient_canvas,ok,True,6,6,0,0,oracle,,,True,,,800d032956b4c8c28e3e4ffdc7f35b01d8f8e87e7ec261f1d57703e7b19d1802,2.3194720880128443,0.15016451687552035,0.0,2.4696366048883647
897,SingleLineInfilling/HumanEval/156/L13,HumanEval/156,L13,<=8,oracle_sufficient_canvas,ok,True,5,5,0,0,oracle,,,True,,,800d032956b4c8c28e3e4ffdc7f35b01d8f8e87e7ec261f1d57703e7b19d1802,2.316758450004272,0.15674395591486245,0.0,2.4735024059191346
898,SingleLineInfilling/HumanEval/157/L0,HumanEval/157,L0,25+,oracle_sufficient_canvas,ok,False,29,29,0,0,oracle,,,True,UnitTestFailure,failed: ,a79ed945c4908eb0ecfa17fd014d8eef0726e4fa3487d779330c3a64142ea4da,1.8976425440050662,0.14806332311127335,0.0,2.0457058671163395
899,SingleLineInfilling/HumanEval/158/L0,HumanEval/158,L0,17-24,oracle_sufficient_canvas,ok,False,19,19,0,0,oracle,,,True,UnitTestFailure,failed: t2,bde973cfa87906d0029c48b44ce8d20765d24e842abbf2e9c5a13c3c319a4c35,1.8847472129855305,0.15749604697339237,0.0,2.042243259958923
900,SingleLineInfilling/HumanEval/159/L0,HumanEval/159,L0,<=8,oracle_sufficient_canvas,ok,True,7,7,0,0,oracle,,,True,,,b50d7953634dc2acde8092db9bc4b7963c5abaf1be457d3a24bf0106d77fb366,2.3905816270271316,0.13939422776456922,0.0,2.529975854791701
901,SingleLineInfilling/HumanEval/159/L1,HumanEval/159,L1,9-12,oracle_sufficient_canvas,ok,True,11,11,0,0,oracle,,,True,,,1f5e94bd077aad38ac774aaec770460aa9d929ce83a0b2353784ecbe2a3f4df1,2.4115721801063046,0.13725983595941216,0.0,2.5488320160657167
902,SingleLineInfilling/HumanEval/159/L2,HumanEval/159,L2,<=8,oracle_sufficient_canvas,ok,True,3,3,0,0,oracle,,,True,,,c2e0198e9c3e33b02bcaa6596582cc530d79e52cd40bc2ada3a8560993793166,2.385171997011639,0.15560844796709716,0.0,2.5407804449787363
903,SingleLineInfilling/HumanEval/159/L3,HumanEval/159,L3,9-12,oracle_sufficient_canvas,ok,True,10,10,0,0,oracle,,,True,,,3b87a415cd0bd3b81d5e57f7c4b83a5542aa7a3781779f5ae137034ed55bb311,2.420432545011863,0.1552345680538565,0.0,2.5756671130657196
904,SingleLineInfilling/HumanEval/160/L0,HumanEval/160,L0,9-12,oracle_sufficient_canvas,ok,True,9,9,0,0,oracle,,,True,,,15bb2caee0971f9f7d796091bca2f2c774de729df067e28bbd0e227fcfd7781d,1.937022248050198,0.15105193597264588,0.0,2.088074184022844
905,SingleLineInfilling/HumanEval/160/L1,HumanEval/160,L1,13-16,oracle_sufficient_canvas,ok,True,16,16,0,0,oracle,,,True,,,fec71e38f1f1cb08469737ffc423b7605eed059a1fa07857efcaa4c9eac62054,1.9691705000586808,0.14706058602314442,0.0,2.116231086081825
906,SingleLineInfilling/HumanEval/160/L2,HumanEval/160,L2,9-12,oracle_sufficient_canvas,ok,True,10,10,0,0,oracle,,,True,,,6846092b6560c3dbfbe352227d55cc8d33a85996f6465e61ce9430a7cb189251,1.9561975989490747,0.15486331516876817,0.0,2.111060914117843
907,SingleLineInfilling/HumanEval/160/L3,HumanEval/160,L3,<=8,oracle_sufficient_canvas,ok,True,5,5,0,0,oracle,,,True,,,141b3550e355e798c1a3da4809e6352ec5782690f7ad1208e5426a9ce459bfb8,1.9689102140255272,0.15320268494542688,0.0,2.122112898970954
908,SingleLineInfilling/HumanEval/161/L0,HumanEval/161,L0,<=8,oracle_sufficient_canvas,ok,True,7,7,0,0,oracle,,,True,,,6ab976cd9bd59f2ffab5f3c5b0d424164dfe6b98a76a7bebc1f0c15986ab2c4f,1.928498785942793,0.1381420058896765,0.0,2.0666407918324694
909,SingleLineInfilling/HumanEval/161/L1,HumanEval/161,L1,<=8,oracle_sufficient_canvas,ok,True,6,6,0,0,oracle,,,True,,,cd40fc4ba443e535c18eff48858719a022b691a6470797ca3582b8471b9d2b8f,1.8923287630314007,0.15297727717552334,0.0,2.045306040206924
910,SingleLineInfilling/HumanEval/161/L2,HumanEval/161,L2,<=8,oracle_sufficient_canvas,ok,True,7,7,0,0,oracle,,,True,,,cd40fc4ba443e535c18eff48858719a022b691a6470797ca3582b8471b9d2b8f,1.909592024050653,0.1438967048889026,0.0,2.0534887289395556
911,SingleLineInfilling/HumanEval/161/L3,HumanEval/161,L3,<=8,oracle_sufficient_canvas,ok,True,6,6,0,0,oracle,,,True,,,cd40fc4ba443e535c18eff48858719a022b691a6470797ca3582b8471b9d2b8f,1.874796914984472,0.1523831250378862,0.0,2.0271800400223583
912,SingleLineInfilling/HumanEval/161/L4,HumanEval/161,L4,<=8,oracle_sufficient_canvas,ok,True,6,6,0,0,oracle,,,True,,,cd40fc4ba443e535c18eff48858719a022b691a6470797ca3582b8471b9d2b8f,1.9141695199068636,0.1487873758887872,0.0,2.062956895795651
913,SingleLineInfilling/HumanEval/161/L5,HumanEval/161,L5,9-12,oracle_sufficient_canvas,ok,True,10,10,0,0,oracle,,,True,,,cd40fc4ba443e535c18eff48858719a022b691a6470797ca3582b8471b9d2b8f,1.9158926300005987,0.1464001549175009,0.0,2.0622927849180996
914,SingleLineInfilling/HumanEval/161/L6,HumanEval/161,L6,<=8,oracle_sufficient_canvas,ok,True,7,7,0,0,oracle,,,True,,,cd40fc4ba443e535c18eff48858719a022b691a6470797ca3582b8471b9d2b8f,1.9277959159808233,0.14423080207780004,0.0,2.0720267180586234
915,SingleLineInfilling/HumanEval/161/L7,HumanEval/161,L7,<=8,oracle_sufficient_canvas,ok,True,6,6,0,0,oracle,,,True,,,cd40fc4ba443e535c18eff48858719a022b691a6470797ca3582b8471b9d2b8f,1.8984449210111052,0.15425191284157336,0.0,2.0526968338526785
916,SingleLineInfilling/HumanEval/161/L8,HumanEval/161,L8,<=8,oracle_sufficient_canvas,ok,True,4,4,0,0,oracle,,,True,,,bb6fba7c2045e3c83792181fbb3ff748b19192d70e112a02f4c8a65578fc7cb6,1.8974398639984429,0.14257805491797626,0.0,2.040017918916419
917,SingleLineInfilling/HumanEval/161/L9,HumanEval/161,L9,<=8,oracle_sufficient_canvas,ok,True,7,7,0,0,oracle,,,True,,,cd40fc4ba443e535c18eff48858719a022b691a6470797ca3582b8471b9d2b8f,1.926306121982634,0.11814531893469393,0.0,2.044451440917328
918,SingleLineInfilling/HumanEval/161/L10,HumanEval/161,L10,<=8,oracle_sufficient_canvas,ok,True,5,5,0,0,oracle,,,True,,,cd40fc4ba443e535c18eff48858719a022b691a6470797ca3582b8471b9d2b8f,1.9132419599918649,0.15914208383765072,0.0,2.0723840438295156
919,SingleLineInfilling/HumanEval/161/L11,HumanEval/161,L11,<=8,oracle_sufficient_canvas,ok,True,8,8,0,0,oracle,,,True,,,cd40fc4ba443e535c18eff48858719a022b691a6470797ca3582b8471b9d2b8f,1.9104489609599113,0.14827427302952856,0.0,2.05872323398944
920,SingleLineInfilling/HumanEval/161/L12,HumanEval/161,L12,9-12,oracle_sufficient_canvas,ok,True,9,9,0,0,oracle,,,True,,,2148de023fc403ba43f36fdd13bb065064ac15add8e802d473e95a921fa775cf,1.916731100063771,0.12589616398327053,0.0,2.0426272640470415
921,SingleLineInfilling/HumanEval/161/L13,HumanEval/161,L13,<=8,oracle_sufficient_canvas,ok,True,4,4,0,0,oracle,,,True,,,cd40fc4ba443e535c18eff48858719a022b691a6470797ca3582b8471b9d2b8f,1.9192762660095468,0.1118925268528983,0.0,2.031168792862445
922,SingleLineInfilling/HumanEval/162/L0,HumanEval/162,L0,<=8,oracle_sufficient_canvas,ok,True,4,4,0,0,oracle,,,True,,,257bb72ce90d3621fdd45570f88804a56191d34d1eb69e78c724a55d7885ed4b,1.5791688819881529,0.12277597293723375,0.0,1.7019448549253866
923,SingleLineInfilling/HumanEval/162/L1,HumanEval/162,L1,17-24,oracle_sufficient_canvas,ok,False,17,17,0,0,oracle,,,False,SyntaxError,"invalid syntax (<unknown>, line 10)",17c9b832fa38f306610e77a37b50e0bee20835996565d6f7aaf764b231876ef3,1.6114223920740187,0.00021161104086786509,0.0,1.6116340031148866
924,SingleLineInfilling/HumanEval/163/L0,HumanEval/163,L0,9-12,oracle_sufficient_canvas,ok,True,12,12,0,0,oracle,,,True,,,bebabd4464231a1b789e776c80d313f2320fb73532ca4f637a6c5791b8101fb2,1.8728003839496523,0.1481699269497767,0.0,2.020970310899429
925,SingleLineInfilling/HumanEval/163/L1,HumanEval/163,L1,9-12,oracle_sufficient_canvas,ok,False,12,12,0,0,oracle,,,True,UnitTestFailure,failed: Test 1,aa521d5002ba48135601a36a06672e1e28ca0dd4021b2902dc3f3a2c2e2432c0,1.8845717810327187,0.1417940880637616,0.0,2.0263658690964803
926,SingleLineInfilling/HumanEval/163/L3,HumanEval/163,L3,17-24,oracle_sufficient_canvas,ok,True,23,23,0,0,oracle,,,True,,,8ad2ac81d2aaf15b6841837019d21e4b475d00901936195837291e5f8da62a7d,1.91225696192123,0.1516406829468906,0.0,2.0638976448681206
