manifest_index,source_config,task_id,prompt_id,row_id,task_group,length_bucket,policy,status,passed,prefix_len_tokens,middle_len_tokens,suffix_len_tokens,oracle_canvas_tokens,selected_canvas_tokens,selected_minus_oracle,abs_selected_minus_oracle,mask_length_source,selected_score,selected_raw_score,selected_adjusted_score,compile_passed,tier2_smoke_exec_passed,tier3_unit_tests_passed,error_type,error_message,candidate_full_code_sha256,candidate_middle_sha256,total_sec_including_probe,decode_sec,verification_sec,length_probe_sec,mean_final_confidence
0,HumanEval-MultiLineInfilling,MultiLineInfilling/HumanEval/19/L11_L11,L11_L11,514,HumanEval/19,short,control_fixed64,ok,True,196,3,27,3,64,61,61,fixed,,,,True,True,True,,,5227252d8dd8e672e82cdd569c8b6f1d50871d16fdbc29272a9d2c47af3396ba,b62bbffd0fdbfa2586a720b34949846cfe92efb42f58fc81d70ca33fdeea38de,1.7279289630241692,1.6237274429877289,0.10420152003644034,0.0,0.97265625
1,HumanEval-MultiLineInfilling,MultiLineInfilling/HumanEval/95/L8_L8,L8_L8,2584,HumanEval/95,short,control_fixed64,ok,False,237,3,104,3,64,61,61,fixed,,,,True,True,False,UnitTestFailure,failed: First test error: False,77bc490e4a7b5e644e214e950cfb26b2387df43905b716f9aba746fb42e75b4c,f2455f7a4bfd80e393bd4b789a71b31eca7a55df7025bcdb7c2b2cc90a5c7706,1.7020892530563287,1.6005006689811125,0.1015885840752162,0.0,0.97265625
2,HumanEval-MultiLineInfilling,MultiLineInfilling/HumanEval/96/L6_L6,L6_L6,2734,HumanEval/96,short,control_fixed64,ok,False,209,3,17,3,64,61,61,fixed,,,,True,True,False,UnitTestFailure,failed: ,8c332d73729714c93ed278299cc4a53cb171da89978844eeea66946fd604af13,4bf80cc0b956cc940dc4f23aef3ebd1d191d3a49f5f2c81e2c5ee1d512f8a821,1.4984014250221662,1.3950924170203507,0.10330900800181553,0.0,0.984375
3,HumanEval-MultiLineInfilling,MultiLineInfilling/HumanEval/105/L10_L10,L10_L10,3161,HumanEval/105,short,control_fixed64,ok,True,372,3,51,3,64,61,61,fixed,,,,True,True,True,,,bcb95d9b293d07dddb84102927e7ee8e2572d76a33d5c9085f577206637d7e3e,1c5d81ea07e9e3264b3d22a852add8e050b6739348adf91ce823330702a2d8b1,1.7147646429948509,1.6146639739745297,0.10010066902032122,0.0,0.98828125
4,HumanEval-MultiLineInfilling,MultiLineInfilling/HumanEval/150/L5_L5,L5_L5,5457,HumanEval/150,short,control_fixed64,ok,False,130,3,8,3,64,61,61,fixed,,,,True,True,False,UnitTestFailure,failed: ,c2bea4cded4922e6d086b5f849ae4e5c7142c47b72c9798854e6567d13bb4043,9d355231c884749d032706ed1e977d22d710ef8e2e84f27f486f8b65f84c4e6e,1.393908114056103,1.2934191270032898,0.10048898705281317,0.0,0.98828125
5,HumanEval-MultiLineInfilling,MultiLineInfilling/HumanEval/0/L5_L5,L5_L5,25,HumanEval/0,short,control_fixed64,ok,True,176,4,5,4,64,60,60,fixed,,,,True,True,True,,,3d61cc4270b9c15f24f697bfe98670870e6af4867198c644478f21c2962c1998,8067618a7923ba7104ba2f15fa299f31f5a8fe04285053ed4965f7de3c8e46ff,1.4043879259261303,1.3027801749994978,0.10160775092663243,0.0,0.98046875
6,HumanEval-MultiLineInfilling,MultiLineInfilling/HumanEval/1/L16_L16,L16_L16,132,HumanEval/1,short,control_fixed64,ok,False,216,4,0,4,64,60,60,fixed,,,,False,False,False,SyntaxError,"unterminated triple-quoted string literal (detected at line 35) (<unknown>, line 35)",994f1168e8cc48d3b4923c8ee50f75007f9cffe2f1da090fa62161f244f2eefe,c5b77a0c1e772e83a76648d0b741e69fb95dd06f3dbffc80511184b4ea38d03a,1.3886550239985809,1.3884943070006557,0.00016071699792519212,0.0,0.984375
7,HumanEval-MultiLineInfilling,MultiLineInfilling/HumanEval/3/L5_L5,L5_L5,152,HumanEval/3,short,control_fixed64,ok,True,147,4,5,4,64,60,60,fixed,,,,True,True,True,,,61c804e29bb19b6f9aef4c4ccbd36609421d1f3d5dee5b7d87388fa82e21c75c,b6dd08e31806f7a134862399d4db77c0034f03f2fb5081d0da78360f4baa46c5,1.4035226330161095,1.296645227004774,0.10687740601133555,0.0,0.98046875
8,HumanEval-MultiLineInfilling,MultiLineInfilling/HumanEval/5/L1_L1,L1_L1,166,HumanEval/5,short,control_fixed64,ok,False,105,4,45,4,64,60,60,fixed,,,,True,True,False,UnitTestFailure,failed: ,9e096ba87374104b434f7ba4b7c06976fa4d2c04dbb81342c1ca5d7a228dc2fa,cbae1551d90a96e7bd1e1a522a1716205ba1aeabef37cc64b2d28f3b124b98c6,1.3989652669988573,1.2927868679980747,0.10617839900078252,0.0,0.98828125
9,HumanEval-MultiLineInfilling,MultiLineInfilling/HumanEval/6/L7_L7,L7_L7,250,HumanEval/6,short,control_fixed64,ok,True,174,4,34,4,64,60,60,fixed,,,,True,True,True,,,a226c8dd6bc468f031f71dbe73a9de6d5cd3c9251ecca786658fc27fd995f034,2abc80d9cf4c3d87fb9de8e8f7b324356d4cab0b24016692d77cb59a29af4e6e,1.485026741051115,1.3807608280330896,0.10426591301802546,0.0,0.98046875
10,HumanEval-MultiLineInfilling,MultiLineInfilling/HumanEval/2/L0_L0,L0_L0,133,HumanEval/2,medium,control_fixed64,ok,False,87,9,0,9,64,55,55,fixed,,,,False,False,False,SyntaxError,"unterminated triple-quoted string literal (detected at line 21) (<unknown>, line 19)",db41694ae11a8a078afacc330717418e0eb466c5178141e382eeaf1260ed48bd,3a60ffd64ef585769ccfab7587db21497b9a285df05aa97cbe874db0628b008e,1.2971921039861627,1.2971043100114912,8.779397467151284e-05,0.0,0.97265625
11,HumanEval-MultiLineInfilling,MultiLineInfilling/HumanEval/14/L2_L2,L2_L2,400,HumanEval/14,medium,control_fixed64,ok,False,65,9,14,9,64,55,55,fixed,,,,True,True,False,UnitTestFailure,failed: ,c73efdff7d35a6c9e6630c1b6232a65dae182c14f4716ac7d55760f82dfb23dd,c8f368277a9fe4650f8d32333a8174ff0bf28439b09242529f8d7429f7460900,1.3983602450462058,1.2928946350002661,0.10546561004593968,0.0,0.97265625
12,HumanEval-MultiLineInfilling,MultiLineInfilling/HumanEval/21/L0_L0,L0_L0,622,HumanEval/21,medium,control_fixed64,ok,True,130,9,31,9,64,55,55,fixed,,,,True,True,True,,,7bde60c9ae739240adb1d0c241075b40e17616eb6b726aacdec05518ec667e61,3972edad5044d417c3ff4dfd3eeb76fee2fbd432574ee726b859d3e32b81452c,1.4092327120597474,1.3037591999745928,0.10547351208515465,0.0,0.98046875
13,HumanEval-MultiLineInfilling,MultiLineInfilling/HumanEval/24/L0_L0,L0_L0,630,HumanEval/24,medium,control_fixed64,ok,False,53,9,14,9,64,55,55,fixed,,,,True,True,False,UnitTestFailure,failed: ,19c311eedde27ccc61088a0dd6f779ca59979e22a88cafe6bf2d8f8282feb9b6,841f7850f319bc58aa9f937c95ba2666f5f8c3ac70faace6e1647fea126b5819,1.3983530980185606,1.2923693550401367,0.10598374297842383,0.0,0.9765625
14,HumanEval-MultiLineInfilling,MultiLineInfilling/HumanEval/25/L0_L1,L0_L1,637,HumanEval/25,medium,control_fixed64,ok,False,134,9,71,9,64,55,55,fixed,,,,True,True,False,UnitTestFailure,failed: Number must be odd,7fe055915d8b92c60a08043dbdb570945238abe0dfab3f1b1dc4493f5e480db9,c12a2dcbcdf7ad44dcbcec5fddb886212f59bdfbb4e5395004fcf3b50b3788bb,1.4876094240462407,1.3834987400332466,0.10411068401299417,0.0,0.97265625
15,HumanEval-MultiLineInfilling,MultiLineInfilling/HumanEval/28/L0_L0,L0_L0,721,HumanEval/28,medium,control_fixed64,ok,False,63,9,0,9,64,55,55,fixed,,,,False,False,False,SyntaxError,"unterminated triple-quoted string literal (detected at line 22) (<unknown>, line 19)",7f5b879c68adfb603f48fda406f81b194e2abff855be9552d2f017c82af32e07,ce713cbd03fa5a98eac47a547d2281c3fad27d8ab243b1d799b32a8e3859988a,1.2861555350245908,1.2860434160102159,0.00011211901437491179,0.0,0.9453125
16,HumanEval-MultiLineInfilling,MultiLineInfilling/HumanEval/32/L7_L8,L7_L8,802,HumanEval/32,medium,control_fixed64,ok,False,368,9,9,9,64,55,55,fixed,,,,True,True,False,UnitTestFailure,failed: ,7de828986622ccab198e3f7efab963f882ab85c4889aca6ce33ef8250bf7ee49,9325bc6f4fa1530217ece3c386505e328d9e7c5031239c46c4252103e7380415,1.722482216951903,1.6163058410165831,0.10617637593531981,0.0,0.9765625
17,HumanEval-MultiLineInfilling,MultiLineInfilling/HumanEval/37/L5_L5,L5_L5,913,HumanEval/37,medium,control_fixed64,ok,False,173,9,25,9,64,55,55,fixed,,,,True,True,False,UnitTestFailure,failed: ,7f5aba2d1ee6224de198f7224eca2d9823f1c50841ed65d55a5396796f63d1f3,b4e6ba3ddc8571a5fc8d684c71751e1f799d9a07484fbe0e7627a2bd7ac6d713,1.4625363980303518,1.3581255989847705,0.10441079904558137,0.0,0.984375
18,HumanEval-MultiLineInfilling,MultiLineInfilling/HumanEval/39/L12_L12,L12_L12,1034,HumanEval/39,medium,control_fixed64,ok,True,198,9,21,9,64,55,55,fixed,,,,True,True,True,,,855e0ca225b967bf9530f59a15f0b05b104a92b5bb871935176fc1475140acea,dcf3c6078d9ba7de94841e1fdd33d1c7b90e6ac51a17e82d33e8bb5a3fe18d4d,1.4944783000391908,1.3904222630080767,0.1040560370311141,0.0,0.9765625
19,HumanEval-MultiLineInfilling,MultiLineInfilling/HumanEval/40/L0_L0,L0_L0,1044,HumanEval/40,medium,control_fixed64,ok,True,167,9,54,9,64,55,55,fixed,,,,True,True,True,,,36609d22e41099e5d4cc73636640408414efadf8b6fa8c61606b7a076ec57fac,98eb58dbba963e1884efc741771e25cf1a4062c2dc6860ca47fbcdb09cb9102d,1.495003413001541,1.3913705060258508,0.10363290697569028,0.0,0.98828125
20,HumanEval-MultiLineInfilling,MultiLineInfilling/HumanEval/10/L5_L5,L5_L5,342,HumanEval/10,long,control_fixed64,ok,False,192,17,24,17,64,47,47,fixed,,,,False,False,False,SyntaxError,"invalid syntax (<unknown>, line 27)",43c494827ece3fe9ff4e74e5452af4e3d01257ebd98c590a1bc5aa5651c50f96,8f4a5b0986ef5e773634cd865a4ea0f81315a839a918ea23a37cc9067d22d893,1.3893064970034175,1.389009687001817,0.0002968100016005337,0.0,0.97265625
21,HumanEval-MultiLineInfilling,MultiLineInfilling/HumanEval/11/L1_L3,L1_L3,356,HumanEval/11,long,control_fixed64,ok,True,94,17,29,17,64,47,47,fixed,,,,True,True,True,,,0bb1cd544cac068981f530e71e5d5b0861c5c21019ead281e219648d67bd6cdf,00abc94e539cbf0eccfc08f1777fa9b544c4635b37e3ec7bf184eb723ec3a4e9,1.398699390992988,1.2929742809501477,0.10572511004284024,0.0,1.0
22,HumanEval-MultiLineInfilling,MultiLineInfilling/HumanEval/12/L4_L5,L4_L5,385,HumanEval/12,long,control_fixed64,ok,False,133,17,4,17,64,47,47,fixed,,,,True,True,False,UnitTestFailure,failed: ,0e58d2df93336dc32654b8b9ee13d48bdb067ecc2236df29f87955a47b34b586,f539d52061a75856fdb4704d52c555c906a2b48a7e5111e26654e13077e41889,1.4012729640235193,1.295204488968011,0.10606847505550832,0.0,0.9921875
23,HumanEval-MultiLineInfilling,MultiLineInfilling/HumanEval/20/L1_L3,L1_L3,532,HumanEval/20,long,control_fixed64,ok,True,178,17,99,17,64,47,47,fixed,,,,True,True,True,,,9d2ed353af225c0c4b14fe901de623238a5dbc3066917a89f2378233b81584dc,f3b9f572bb0261c4632de608e049b9ac5ecd6d90d01f372147af689e681734de,1.540004329988733,1.4324570629978552,0.10754726699087769,0.0,0.98046875
24,HumanEval-MultiLineInfilling,MultiLineInfilling/HumanEval/26/L2_L2,L2_L2,719,HumanEval/26,long,control_fixed64,ok,False,103,17,0,17,64,47,47,fixed,,,,False,False,False,SyntaxError,"unterminated triple-quoted string literal (detected at line 17) (<unknown>, line 16)",7b114e9aaff7b9eb4033188e0b018a62259667ebfac0beb9f046b95a323a0746,8e1ef4cb561b12879a19ee3a4b9e5b2673021f8b4638b5c999e9d492c5728b0b,1.2897536879754625,1.289623713993933,0.00012997398152947426,0.0,0.9921875
25,HumanEval-MultiLineInfilling,MultiLineInfilling/HumanEval/36/L6_L7,L6_L7,873,HumanEval/36,long,control_fixed64,ok,True,149,17,4,17,64,47,47,fixed,,,,True,True,True,,,997a2e663c49487e1792674c26f60d769847e378de652387ce9836a2455214eb,ac14b59e721c29324bb3f2b363dc6c67a6c0a8f8b675c6b727681c9609fa6bb0,1.41493398003513,1.2962607080116868,0.11867327202344313,0.0,0.9921875
26,HumanEval-MultiLineInfilling,MultiLineInfilling/HumanEval/43/L2_L3,L2_L3,1077,HumanEval/43,long,control_fixed64,ok,True,188,17,4,17,64,47,47,fixed,,,,True,True,True,,,802f03d60e29ff3011e9cd16871c7f51ef0bab602aeb689cb2e4d362312c02cc,030af195d32b560787d19131ca58c236f029f51f2422bd8fb90761408c179101,1.4026863279868849,1.2978011379600503,0.10488519002683461,0.0,0.97265625
27,HumanEval-MultiLineInfilling,MultiLineInfilling/HumanEval/44/L2_L3,L2_L3,1092,HumanEval/44,long,control_fixed64,ok,True,117,17,4,17,64,47,47,fixed,,,,True,True,True,,,e3bb3b9bcd9709f4a11997b87ebad36b5a835b6fea3ea187c6f68148eb4a525d,265d20800a433f37873e27c8b2d883ea1e18e38715daa3ea83e58b8f92469a78,1.4028793619945645,1.2963876490248367,0.10649171296972781,0.0,1.0
28,HumanEval-MultiLineInfilling,MultiLineInfilling/HumanEval/48/L1_L1,L1_L1,1145,HumanEval/48,long,control_fixed64,ok,False,96,17,8,17,64,47,47,fixed,,,,True,True,False,UnitTestFailure,failed: ,9c94451d9d266fb13b44bb0c3bdbf1ea07cc24af10af3d40c436c43f2552dfe0,af33f6ed05385da1d25c413df7b3cb6b3de07c55f9df7b20f6f444ccbec46c2c,1.4063082180800848,1.297983019030653,0.10832519904943183,0.0,0.9921875
29,HumanEval-MultiLineInfilling,MultiLineInfilling/HumanEval/56/L2_L4,L2_L4,1209,HumanEval/56,long,control_fixed64,ok,False,112,17,25,17,64,47,47,fixed,,,,True,True,False,UnitTestFailure,failed: ,b99614d1743ccf6e6653c1e8b07cfafeecec0501f985854b8036c28100ab81d3,a697fea60120fd3565e3b07ced8b2b3a823f0af5f33c57a8beb88168db88987c,1.3988595469272695,1.2943441200186498,0.1045154269086197,0.0,0.9921875
30,HumanEval-MultiLineInfilling,MultiLineInfilling/HumanEval/129/L0_L26,L0_L26,4239,HumanEval/129,extreme,control_fixed64,ok,False,413,191,0,191,64,-127,127,fixed,,,,False,False,False,SyntaxError,"unterminated triple-quoted string literal (detected at line 40) (<unknown>, line 34)",648a7f7056b3f40a8137f87717d557d71d3de6dcebb9cc7a84dbc2a4fa5676f0,bc333e95f764d002c5139fded0775d21bac9095ee231de98d391bf9c9cd25553,1.6157548740156926,1.6156713060336187,8.356798207387328e-05,0.0,0.98828125
31,HumanEval-MultiLineInfilling,MultiLineInfilling/HumanEval/156/L0_L13,L0_L13,5587,HumanEval/156,extreme,control_fixed64,ok,False,123,178,0,178,64,-114,114,fixed,,,,False,False,False,SyntaxError,"'{' was never closed (<unknown>, line 15)",e7ff4221db73853cf097510af957be0670ae7d5230b2251640d2b04eed773265,bee3f504ee4638ffe91e584b24618be47cc50db81d6ef87b9df67ee0f77ab46a,1.291905983001925,1.2917405890184455,0.00016539398347958922,0.0,0.96875
32,HumanEval-MultiLineInfilling,MultiLineInfilling/HumanEval/124/L0_L15,L0_L15,3920,HumanEval/124,extreme,control_fixed64,ok,False,299,165,0,165,64,-101,101,fixed,,,,True,True,False,UnitTestFailure,failed: ,364597f41c65be9f736832283283d3f5cfe85a4f7b09b2ddcb876b23b6c97685,4a124fcde0b3ae65d5da955463eb50f6b6d4f861546fae862c3417558d2e95f9,1.5493038529530168,1.4439599940087646,0.10534385894425213,0.0,0.9921875
33,HumanEval-MultiLineInfilling,MultiLineInfilling/HumanEval/140/L0_L19,L0_L19,4826,HumanEval/140,extreme,control_fixed64,ok,False,119,161,0,161,64,-97,97,fixed,,,,True,True,False,UnitTestFailure,failed: This prints if this assert fails 1 (good for debugging!),9d74f398c26ac47abde3529890e4aaf8a4145bb8a939cb8bf1b3b4e216494e77,f0468083cf41ba95f587c6799a83ae3ad09005ef4b6c3dfa3089d5e72a72e836,1.3970928139751777,1.2903088549501263,0.10678395902505144,0.0,0.9921875
34,HumanEval-MultiLineInfilling,MultiLineInfilling/HumanEval/148/L0_L8,L0_L8,5369,HumanEval/148,extreme,control_fixed64,ok,False,220,140,0,140,64,-76,76,fixed,,,,True,True,False,UnitTestFailure,failed: object of type 'NoneType' has no len(),d65a36621cb8e5920cded50ccd06b7ddd21bcfaf5f61687d286ea148eaf0b698,00aa03ec404b042356feff57095686f6f7ad27cd3a1dcebce79cc164dd5cde1c,1.4952225069864653,1.3924343030084856,0.10278820397797972,0.0,0.9921875
35,HumanEval-MultiLineInfilling,MultiLineInfilling/HumanEval/141/L0_L13,L0_L13,5030,HumanEval/141,extreme,control_fixed64,ok,False,222,139,0,139,64,-75,75,fixed,,,,False,False,False,SyntaxError,"'[' was never closed (<unknown>, line 22)",4debb6756bac1f153bf30bc808826d0afd4746b6ce9870e7e0e2f480543ab214,d0102042c4cca248f5c9291106e3568cbeb5945100508bf6224f0cab3363261f,1.393213425995782,1.3930721060023643,0.00014131999341771007,0.0,0.97265625
36,HumanEval-MultiLineInfilling,MultiLineInfilling/HumanEval/107/L0_L11,L0_L11,3281,HumanEval/107,extreme,control_fixed64,ok,False,234,134,0,134,64,-70,70,fixed,,,,False,False,False,SyntaxError,"invalid syntax (<unknown>, line 34)",e1271fa8d0261ad288ba91f7bcf960391ce35689902ca2de42824b195722054d,115896b30a1be0a7a49369279b9c3dbf1800053d832344c2747f8d64e40a3136,1.3988250380498357,1.3985962050501257,0.0002288329997099936,0.0,0.96484375
37,HumanEval-MultiLineInfilling,MultiLineInfilling/HumanEval/132/L0_L15,L0_L15,4597,HumanEval/132,extreme,control_fixed64,ok,False,147,131,3,131,64,-67,67,fixed,,,,True,True,False,UnitTestFailure,failed: This prints if this assert fails 1 (good for debugging!),5ae16468d863a2adb49aa791f67e55e120f9704c20c265dc6382df9a46d5ad54,5030b9228b71128f885a7bcdbb5fc850e10f6185f529eb9a122a4749605ba85f,1.383779559924733,1.2874224159750156,0.09635714394971728,0.0,0.9921875
38,HumanEval-MultiLineInfilling,MultiLineInfilling/HumanEval/127/L0_L15,L0_L15,4106,HumanEval/127,extreme,control_fixed64,ok,False,270,129,0,129,64,-65,65,fixed,,,,False,False,False,SyntaxError,"'(' was never closed (<unknown>, line 28)",1f9627ff1d3f28fff684f19cc1d9ce6ad98b9b1a0fe4ce583344400824e2e1f2,0fb2ac57452f1493f54bcba362120742e291f7d526e995f33bd3217d7fc3bc87,1.4253164589754306,1.4251354129519314,0.0001810460234992206,0.0,0.98046875
39,HumanEval-MultiLineInfilling,MultiLineInfilling/HumanEval/99/L0_L18,L0_L18,2775,HumanEval/99,extreme,control_fixed64,ok,False,170,124,1,124,64,-60,60,fixed,,,,True,True,False,UnitTestFailure,failed: Test 1,7666023aa23f44ba0fdbf62e0086d0cb4877946819184538d4f6c47bb26e0335,93062912b6925722a88c7685199dae0dc78e4b8712c022e7a8edd8a1ed0947e9,1.3909605260705575,1.2887972650351003,0.10216326103545725,0.0,0.9921875
40,HumanEval-RandomSpanInfilling,RandomSpanInfilling/HumanEval/0/6,6,5,HumanEval/0,short,control_fixed64,ok,False,177,1,9,1,64,63,63,fixed,,,,False,False,False,SyntaxError,"inconsistent use of tabs and spaces in indentation (<unknown>, line 17)",bd90c5a4b9a9c80a79603e8ab01211ed379041bf543d1c4665f50c03196620d8,2ff7d3ddc14fa0205b15d6936c882c682ef2dba5f41615f3c0c6dab0ab107e49,1.3025980649981648,1.3023986730258912,0.00019939197227358818,0.0,0.98046875
41,HumanEval-RandomSpanInfilling,RandomSpanInfilling/HumanEval/2/4,4,23,HumanEval/2,short,control_fixed64,ok,False,87,1,8,1,64,63,63,fixed,,,,True,True,False,UnitTestFailure,failed: ,c7351f59b833d8cb8af22f685546d6826c2096b883e07b5d76583a3ffe6fe25b,b890b3f33659383b8faeaa7588f292e96826017a078fb78b4d0d75a21c69a77f,1.3940879529691301,1.2899768860079348,0.10411106696119532,0.0,0.984375
42,HumanEval-RandomSpanInfilling,RandomSpanInfilling/HumanEval/8/9,9,88,HumanEval/8,short,control_fixed64,ok,True,137,1,22,1,64,63,63,fixed,,,,True,True,True,,,104b2b9bce06263699def7b11552ba34c669972bb6ab2bfa7fcdb04131d5a34b,3c008d5c759a65b16a72df4918635dac728121561b83f155d16a3ace872a4f47,1.3850929249892943,1.2974396479548886,0.08765327703440562,0.0,0.9609375
43,HumanEval-RandomSpanInfilling,RandomSpanInfilling/HumanEval/11/7,7,116,HumanEval/11,short,control_fixed64,ok,True,137,1,3,1,64,63,63,fixed,,,,True,True,True,,,395c5c902d99582d32c6c588bf12ebefb76ed5c927a884af1639790fc772c6e4,cc35bbf57314eb2788255bc9fef261f01bd1880fa1270787fcc3e2b98a64e09f,1.3917196639813483,1.2928140430012718,0.09890562098007649,0.0,0.95703125
44,HumanEval-RandomSpanInfilling,RandomSpanInfilling/HumanEval/13/6,6,135,HumanEval/13,short,control_fixed64,ok,True,88,1,4,1,64,63,63,fixed,,,,True,True,True,,,3e0ce1dab2c8e2847cf6502f651c7f39cbf7bebb85484b83bfb609c496c8acb9,d1e17719464b8a308fb0d51a6621325afe021f2e3d1cfe9692f2af97574ffcc6,1.3983640080550686,1.2957667620503344,0.10259724600473419,0.0,0.99609375
45,HumanEval-RandomSpanInfilling,RandomSpanInfilling/HumanEval/16/4,4,163,HumanEval/16,short,control_fixed64,ok,True,79,1,3,1,64,63,63,fixed,,,,True,True,True,,,e66d6b73e42ff170bc36c2bffd3e9c26a4d29672d897c435858ccd0929e07d2e,437422dcee333e23055c738a409ffefbb883abfc48ca7150bfc9ca34a7675578,1.3868552640778944,1.2953987030196004,0.09145656105829403,0.0,0.97265625
46,HumanEval-RandomSpanInfilling,RandomSpanInfilling/HumanEval/18/3,3,182,HumanEval/18,short,control_fixed64,ok,False,104,1,37,1,64,63,63,fixed,,,,True,True,False,UnitTestFailure,failed: name 'starng' is not defined,7a3c6d391eff5bf576e4f781e1f1a7c1fada3cdd4ebf88295bc115126f3c9b56,3b4b9db50e1f4995daa59e6d14bd9ad8dd408c0bd763b6be445f8fe93dff2f50,1.396984487946611,1.2986951890052296,0.09828929894138128,0.0,0.9921875
47,HumanEval-RandomSpanInfilling,RandomSpanInfilling/HumanEval/19/1,1,190,HumanEval/19,short,control_fixed64,ok,False,167,1,60,1,64,63,63,fixed,,,,True,True,False,UnitTestFailure,failed: 'six',460372147ec4ad2e38ad948a2d42ce7ad9657add7eb1d5afd61f7399f1dedccc,231d64a3725759e13b62756408d2ede006ad882e842d71b791cfa5ed0b3fb9f6,1.500020325940568,1.3975890949950553,0.10243123094551265,0.0,0.984375
48,HumanEval-RandomSpanInfilling,RandomSpanInfilling/HumanEval/22/4,4,223,HumanEval/22,short,control_fixed64,ok,True,105,1,6,1,64,63,63,fixed,,,,True,True,True,,,a4d0642fa343e09e5ab07a86f7af800042f124244b7bff51df4bc40a1028c8c9,c11d9b6fe575048a4ffd46fc5dff79955bd0919dc50a644ca6b887fca6140e3e,1.3879168289713562,1.287222406012006,0.10069442295935005,0.0,0.98046875
49,HumanEval-RandomSpanInfilling,RandomSpanInfilling/HumanEval/23/2,2,231,HumanEval/23,short,control_fixed64,ok,False,48,1,3,1,64,63,63,fixed,,,,True,True,False,UnitTestFailure,failed: name 's' is not defined,b345c48b2919e41df4d96d1542311046ef4bce067a1e2fc76c8e1a7d70c7e762,bd2bb3af34c4c15665ea5aa3c44ee6dd8972bc5e8795f11affc1b602c0407c87,1.384703391988296,1.2788476960267872,0.1058556959615089,0.0,0.9765625
50,HumanEval-RandomSpanInfilling,RandomSpanInfilling/HumanEval/3/3,3,32,HumanEval/3,medium,control_fixed64,ok,False,135,9,15,9,64,55,55,fixed,,,,True,True,False,UnitTestFailure,failed: name 'balnce' is not defined,aca0b428d25190ac43808981a96a16be992f1b2d91e61b26b8bf9290a728e24a,f874b2dc0a11ce7ccfed1af0a160846d4c8622087c54deb82b30e53c38fde97e,1.3903650349820964,1.2932808219920844,0.09708421299001202,0.0,0.9765625
51,HumanEval-RandomSpanInfilling,RandomSpanInfilling/HumanEval/4/1,1,40,HumanEval/4,medium,control_fixed64,ok,False,130,9,17,9,64,55,55,fixed,,,,True,True,False,UnitTestFailure,failed: name 'math' is not defined,f559560abe22a726e58a07d102d002022414e60f8dcc9781dcaa7de81c5ab96c,3127985bbc5f53228f27e84c3589b3a7d471bd115fc01675943911286b652778,1.3845899750012904,1.2924194340012036,0.09217054100008681,0.0,0.98046875
52,HumanEval-RandomSpanInfilling,RandomSpanInfilling/HumanEval/5/1,1,50,HumanEval/5,medium,control_fixed64,ok,False,136,9,11,9,64,55,55,fixed,,,,True,True,False,UnitTestFailure,failed: name 'delimter' is not defined,73a2be70f5d84a68a9a8c77eba40b1a32faf2ad582469b541748938c5c9333a3,33731b417290ed422c95566dc89a10eec5df64b6204f3046a7ee657f004b6189,1.389286010991782,1.295015529030934,0.09427048196084797,0.0,0.98828125
53,HumanEval-RandomSpanInfilling,RandomSpanInfilling/HumanEval/6/5,5,64,HumanEval/6,medium,control_fixed64,ok,False,188,9,17,9,64,55,55,fixed,,,,True,True,False,UnitTestFailure,failed: ,f171d2a44b97b3e14799d329f0a99eec66b3d47821a89c80d77583f5a632a41d,dd0c07313289d441e12893d49a7ab47969dc1adace61e9f5a012938d193bff12,1.4765960770309903,1.3811155619914643,0.09548051503952593,0.0,0.98046875
54,HumanEval-RandomSpanInfilling,RandomSpanInfilling/HumanEval/10/5,5,104,HumanEval/10,medium,control_fixed64,ok,False,217,9,7,9,64,55,55,fixed,,,,True,True,False,UnitTestFailure,failed: ,ed545001fecef77da3217c3a10163a7c3d4e78825d28c61867f9476e3881585f,b9a018d3a3d14902cd7aa3357b88fcb426e71aec458d72d7f8104c82ac908e12,1.4861828139983118,1.3938315369887277,0.09235127700958401,0.0,0.9921875
55,HumanEval-RandomSpanInfilling,RandomSpanInfilling/HumanEval/14/5,5,144,HumanEval/14,medium,control_fixed64,ok,False,70,9,13,9,64,55,55,fixed,,,,True,True,False,UnitTestFailure,failed: name 'raange' is not defined,c5211e16d26a72430c298ad43dc92f46c2d2d2e5a926d6f68d81db71c9e1ced2,a196407ee401dfb0a661d1ad46b97acf002751e684e795a111bce7d58e8ef73a,1.4034011490293778,1.299025017011445,0.10437613201793283,0.0,0.96875
56,HumanEval-RandomSpanInfilling,RandomSpanInfilling/HumanEval/15/3,3,152,HumanEval/15,medium,control_fixed64,ok,True,77,9,5,9,64,55,55,fixed,,,,True,True,True,,,0ff9dd5318b433c861b68c16e8fe0a65c5bcbfee23a0a8489ac00564d07bf31a,a0f1a2d188bde4d776cf47ae540b9489b046cdffdfdc2ee08dd83832ac6bf42d,1.3983805070165545,1.29740977199981,0.10097073501674458,0.0,0.9609375
57,HumanEval-RandomSpanInfilling,RandomSpanInfilling/HumanEval/17/7,7,176,HumanEval/17,medium,control_fixed64,ok,True,195,9,18,9,64,55,55,fixed,,,,True,True,True,,,13ac4851e634b561c9b1bbe5379325e5e71549c4d655f0701e363ed66ab3d04c,b54b374d48bb1a4a9f9a010fb5a223f447dc76e59191167be7dd544102c4cd2b,1.4912324849283323,1.3866436999524012,0.10458878497593105,0.0,0.97265625
58,HumanEval-RandomSpanInfilling,RandomSpanInfilling/HumanEval/29/4,4,293,HumanEval/29,medium,control_fixed64,ok,True,95,9,6,9,64,55,55,fixed,,,,True,True,True,,,e39c6ebed7f0b51375ff74e1d9a2d8a2680fdab779711b79afe1ff3d7963e963,fe4df96a5be1bebb0471ab244c07324a2fd382d7fd9c474ed3720b26584e6e85,1.3975049910368398,1.2930506159900688,0.10445437504677102,0.0,0.98046875
59,HumanEval-RandomSpanInfilling,RandomSpanInfilling/HumanEval/38/9,9,388,HumanEval/38,medium,control_fixed64,ok,False,174,9,1,9,64,55,55,fixed,,,,True,True,False,UnitTestFailure,failed: empty separator,2d0027ca0410a032ed7e3cd01258ab083b740957f53ecdceb9bff463db32dab8,4e0186d91e0b72e01a0960269c3689c95b98972d1b7f868972c57e410e72feb6,1.4077419909881428,1.304520578996744,0.10322141199139878,0.0,0.96484375
60,HumanEval-RandomSpanInfilling,RandomSpanInfilling/HumanEval/12/4,4,123,HumanEval/12,long,control_fixed64,ok,False,135,17,4,17,64,47,47,fixed,,,,True,True,False,UnitTestFailure,failed: ,5defaf94e39079abda260533e21a56e12d23dd965668a6bd8b51b00b6c899ab7,c3958802944253021586c8b1ddc3835754d60ee08dc3a583180475f68f87206b,1.4022563879261725,1.297991479979828,0.10426490794634447,0.0,0.9921875
61,HumanEval-RandomSpanInfilling,RandomSpanInfilling/HumanEval/24/5,5,244,HumanEval/24,long,control_fixed64,ok,False,59,17,3,17,64,47,47,fixed,,,,True,True,False,UnitTestFailure,failed: name 'ran' is not defined,00817c8238b9e20bbbe785354858f8388226367bdfb61a15eb09b52bbc94291f,cdd37a791f1cdb59abc3f5e806a01c0f56c9876148884b2225c5709b25b9b538,1.3758277779561467,1.2756311089615338,0.10019666899461299,0.0,0.96875
62,HumanEval-RandomSpanInfilling,RandomSpanInfilling/HumanEval/26/10,10,269,HumanEval/26,long,control_fixed64,ok,False,92,17,13,17,64,47,47,fixed,,,,False,False,False,SyntaxError,"invalid syntax. Perhaps you forgot a comma? (<unknown>, line 19)",01bfd2cd42f1f51a4575660d245316a6b38c9b70863e34ad46a2298ffd28051a,0f23355dbe8e08e7d01109a500819cfee9919a60c72f8741b99f31b86e839e69,1.298687577014789,1.2984335080254823,0.0002540689893066883,0.0,0.984375
63,HumanEval-RandomSpanInfilling,RandomSpanInfilling/HumanEval/32/5,5,324,HumanEval/32,long,control_fixed64,ok,False,322,17,48,17,64,47,47,fixed,,,,True,True,False,UnitTestFailure,timed out,42120eba2ada539b9022a3f10fbd400e053161dbc0fdb2f01a44686eef7eb4bc,b2a5b3184f0836b57ec13f607b40f11176a99823175c40ee6a65fdf9b44b629c,4.729047940054443,1.6093997319694608,3.119648208084982,0.0,0.98046875
64,HumanEval-RandomSpanInfilling,RandomSpanInfilling/HumanEval/43/8,8,437,HumanEval/43,long,control_fixed64,ok,True,180,17,13,17,64,47,47,fixed,,,,True,True,True,,,efa3a4dbbde954c4538fa98e6704dc2a776778f11335f5c6294c3b6dda646d4f,d03df4c8abe1a8953552eb424049cc4932bc8c64cc8c2712df8697dc848d016b,1.4518166490015574,1.3490977690089494,0.10271887999260798,0.0,0.9765625
65,HumanEval-RandomSpanInfilling,RandomSpanInfilling/HumanEval/63/7,7,636,HumanEval/63,long,control_fixed64,ok,False,189,17,15,17,64,47,47,fixed,,,,True,True,False,UnitTestFailure,failed: name 'fibFib' is not defined,af8edbe185da97b0fd345833dde4e8ace862a14879de1a8cc6b9fe8ed35bb9f6,b23875842a2e51825dc07864d0fcc674d3c731358f9e100d0ce0ff3834c1d266,1.4853305640281178,1.3798528719926253,0.10547769203549251,0.0,1.0
66,HumanEval-RandomSpanInfilling,RandomSpanInfilling/HumanEval/67/2,2,671,HumanEval/67,long,control_fixed64,ok,False,244,17,8,17,64,47,47,fixed,,,,True,True,False,UnitTestFailure,failed: invalid literal for int() with base 10: 'and',0535c36955cba598f3c019a7a57c2ba444f160629d5babf6a2a9a9a9a764d744,a76ce5ceccdc8e3cfaba3306d45942b87fb89fc62c9b92b23c722d2d14850d83,1.5180784498807043,1.4131682589650154,0.10491019091568887,0.0,0.9921875
67,HumanEval-RandomSpanInfilling,RandomSpanInfilling/HumanEval/68/4,4,683,HumanEval/68,long,control_fixed64,ok,False,345,17,38,17,64,47,47,fixed,,,,False,False,False,SyntaxError,"invalid syntax. Perhaps you forgot a comma? (<unknown>, line 65)",b38904bb178964ccc606352a36ba99f1931f5fb072b065e52cf959261bd7aee4,1c915cf4e8c6e92ab765c703eb1ec31164bb98a9278aec156844b9a93a8b41cd,1.616550471051596,1.6163491260376759,0.00020134501392021775,0.0,0.99609375
68,HumanEval-RandomSpanInfilling,RandomSpanInfilling/HumanEval/73/3,3,732,HumanEval/73,long,control_fixed64,ok,False,163,17,25,17,64,47,47,fixed,,,,True,True,False,UnitTestFailure,failed: ,008e5549ad56f1b3d50a4b42b21fcd4a08a3209607699fa8a92940b9296b40e4,40408119f37fc4d7e4a03e7668c329ffbec14aa6fa9ef8d0cb05f56f89de7eb4,1.4096029459033161,1.3053686219500378,0.10423432395327836,0.0,0.984375
69,HumanEval-RandomSpanInfilling,RandomSpanInfilling/HumanEval/77/2,2,771,HumanEval/77,long,control_fixed64,ok,False,116,17,8,17,64,47,47,fixed,,,,True,True,False,UnitTestFailure,failed: Third test error: False,c261723980685b8b89da6a8a151c1aadf1921aeab5418afe2a5c93dfd9fe5a90,a5b03a9fe5daf3e5d82b29b09f78749b2b2ec9cbf5dd0ef8706466d6bc06e8a3,1.4012452899478376,1.2966671399772167,0.10457814997062087,0.0,0.984375
70,HumanEval-RandomSpanInfilling,RandomSpanInfilling/HumanEval/95/6,6,955,HumanEval/95,extreme,control_fixed64,ok,False,187,141,18,141,64,-77,77,fixed,,,,True,True,False,UnitTestFailure,failed: name 'leght' is not defined,3f5ee51c27b8390b28563a6eec54b95fe90af474f1706e8ec33c0513fad923d9,9b2dd48cf11a618fc7a77efd4c3d77bd0f34f8226725e852b5690dad08d25fd6,1.4835262599517591,1.3806148479925469,0.10291141195921227,0.0,0.96484375
71,HumanEval-RandomSpanInfilling,RandomSpanInfilling/HumanEval/124/6,6,1245,HumanEval/124,extreme,control_fixed64,ok,False,329,131,3,131,64,-67,67,fixed,,,,False,False,False,SyntaxError,"expected 'except' or 'finally' block (<unknown>, line 29)",75dd0c1893c0508a6970a75b7450ba3d0d58391d862518615f8f20a8e8073f86,805dbd01b9fca067ddb574225415157deddc24a4760205c486cb1b4f6e5a882d,1.5861993449507281,1.5859777619480155,0.00022158300271257758,0.0,0.9921875
72,HumanEval-RandomSpanInfilling,RandomSpanInfilling/HumanEval/129/6,6,1295,HumanEval/129,extreme,control_fixed64,ok,False,471,120,13,120,64,-56,56,fixed,,,,True,True,False,UnitTestFailure,failed: '<' not supported between instances of 'list' and 'int',9dfb107e09edb94dc29a9af22a618fb5a7739be8ea4a8b41441242cdc5508a66,4a16d3e4993c0552164fba0d50f030de619068233bdf46b23d48495df1f7bc69,2.1322788790566847,2.0310075060115196,0.10127137304516509,0.0,0.984375
73,HumanEval-RandomSpanInfilling,RandomSpanInfilling/HumanEval/39/2,2,391,HumanEval/39,extreme,control_fixed64,ok,False,106,117,6,117,64,-53,53,fixed,,,,True,True,False,UnitTestFailure,failed: name 'is_prime' is not defined,3b92e4e5384fb16d7110ff6ec563f11bcdc2de4ebe487837bef39ac23d24a4ea,fdbbae78e3b0f650638fa531921970d139443b364bc5a638f3ca9f3bc4d9320c,1.3977719719405286,1.2937697349698283,0.10400223697070032,0.0,0.99609375
74,HumanEval-RandomSpanInfilling,RandomSpanInfilling/HumanEval/94/2,2,941,HumanEval/94,extreme,control_fixed64,ok,False,331,114,3,114,64,-50,50,fixed,,,,False,False,False,SyntaxError,"unindent does not match any outer indentation level (<unknown>, line 15)",0eb4bbb8a7a4d1af25adaf7465d9af1ccba4879076a97b765683c447a708891f,d33ba6710a52ea6474041c58c10793612c6453f423477b49c29a36c1329ec756,1.5898315209778957,1.5897229670081288,0.00010855396976694465,0.0,0.9921875
75,HumanEval-RandomSpanInfilling,RandomSpanInfilling/HumanEval/156/1,1,1560,HumanEval/156,extreme,control_fixed64,ok,False,171,114,15,114,64,-50,50,fixed,,,,True,True,False,UnitTestFailure,"failed: can only concatenate str (not ""int"") to str",d4261f6309bc18c6f77097b4987ac60e0f0b38241067ed08b3dd03b3018499e3,ed28c22d4294f2caecc94aa99998506f7cbb9b6ad147bbceb6a384546edb54cf,1.4148973299888894,1.3089764470350929,0.10592088295379654,0.0,0.9921875
76,HumanEval-RandomSpanInfilling,RandomSpanInfilling/HumanEval/99/2,2,991,HumanEval/99,extreme,control_fixed64,ok,False,171,113,12,113,64,-49,49,fixed,,,,True,True,False,UnitTestFailure,failed: Test 2,d36d782dd5ae283ee1a46bff21577f51a17bdaeb6eeb56856ddae52d90597024,f21cf436ef6c3549bcba3ae8eea1ffda39620e0c5e458695af9ef851d5e3e507,1.4022219729959033,1.2995229400112294,0.10269903298467398,0.0,0.96875
77,HumanEval-RandomSpanInfilling,RandomSpanInfilling/HumanEval/141/10,10,1419,HumanEval/141,extreme,control_fixed64,ok,False,240,110,12,110,64,-46,46,fixed,,,,False,False,False,SyntaxError,"expected an indented block after 'if' statement on line 18 (<unknown>, line 19)",8789e574ca922e3330feb42f1dacc25c3f0b91d107e100b0d7364cfe40ab210f,95756faadd5334e1613c6e28c91593b5f8bae71e25e9638e40751f32c84f3470,1.411519770976156,1.4113214199896902,0.00019835098646581173,0.0,0.97265625
78,HumanEval-RandomSpanInfilling,RandomSpanInfilling/HumanEval/105/4,4,1053,HumanEval/105,extreme,control_fixed64,ok,False,317,108,3,108,64,-44,44,fixed,,,,True,True,False,UnitTestFailure,failed: '<' not supported between instances of 'str' and 'int',07066cac4348c0d6032ef93599df4cc566334e4e42fe4907120f4f4a8de11a43,2c75d363b6e9aa40e72413d5ceb7008d33da5a6e4ba617bf1a57ea9c526db367,1.5612830059835687,1.4560887329862453,0.10519427299732342,0.0,0.99609375
79,HumanEval-RandomSpanInfilling,RandomSpanInfilling/HumanEval/20/1,1,200,HumanEval/20,extreme,control_fixed64,ok,False,186,107,2,107,64,-43,43,fixed,,,,True,True,False,UnitTestFailure,failed: '<' not supported between instances of 'float' and 'NoneType',1c8d92c912ae4cda537b9380263804fd34d2b186893e96a2d18dbf9822be9708,405edcc388f14ab23cd195a8698c3e717a36b64650a8d9e137551230927a4f08,1.407311979914084,1.3120501409866847,0.09526183892739937,0.0,0.97265625
80,HumanEval-RandomSpanInfillingLight,RandomSpanInfillingLight/HumanEval/23/1,1,23,HumanEval/23,short,control_fixed64,ok,False,48,2,3,2,64,62,62,fixed,,,,True,True,False,UnitTestFailure,failed: ,cdbd18dd3944f2328a8af566fff6e7ede5cd68674015104db52b8ff57ffec6cb,fccf3686228144595d3c4ec99086dd18066ec7303f3d95ea5e5386d28cb76bc6,1.3769949869601987,1.2761380120064132,0.10085697495378554,0.0,0.9765625
81,HumanEval-RandomSpanInfillingLight,RandomSpanInfillingLight/HumanEval/28/1,1,28,HumanEval/28,short,control_fixed64,ok,True,66,2,5,2,64,62,62,fixed,,,,True,True,True,,,460d4bc1ccf1c96b12eb1a5d517b8fa9391b2f2e11d20784a5e25a3cbeb8dbbb,a7d3e331449c6401223846704df29117742ebdac3597b32819165358393a529d,1.3942847070284188,1.291018700983841,0.10326600604457781,0.0,0.9765625
82,HumanEval-RandomSpanInfillingLight,RandomSpanInfillingLight/HumanEval/51/1,1,51,HumanEval/51,short,control_fixed64,ok,False,150,2,19,2,64,62,62,fixed,,,,True,True,False,UnitTestFailure,failed: ,8c23ded53ed4529800076a7924cc1b711396ea8af4e29a5a06051bd00c07d6f4,302a71177be2ab48f5ca9ee0aaced77c21460b81e71882caba624d8a6b900342,1.3963181050494313,1.2967717539868318,0.09954635106259957,0.0,0.98828125
83,HumanEval-RandomSpanInfillingLight,RandomSpanInfillingLight/HumanEval/53/1,1,53,HumanEval/53,short,control_fixed64,ok,True,58,2,1,2,64,62,62,fixed,,,,True,True,True,,,a099c55a2854060f411355a54724124a685d4407d9b1faaab98685aa134c3c23,21ad0e486d27212ec88dcbbcc85a6b9aa563c0921dca71bcf378afbb019cfc12,1.3877086200518534,1.2831255630007945,0.10458305705105886,0.0,0.9921875
84,HumanEval-RandomSpanInfillingLight,RandomSpanInfillingLight/HumanEval/34/1,1,34,HumanEval/34,short,control_fixed64,ok,True,81,3,4,3,64,61,61,fixed,,,,True,True,True,,,801c9ea6bcca56b581bb1366a19fe9c2d37e458d5058251a22982b663b8f8136,c178eebda9622088d0b9dda125d35eb097be31f2cea206034a4078b1148dbca8,1.3986976850428618,1.2947753610205837,0.10392232402227819,0.0,0.98828125
85,HumanEval-RandomSpanInfillingLight,RandomSpanInfillingLight/HumanEval/41/1,1,41,HumanEval/41,short,control_fixed64,ok,False,161,3,1,3,64,61,61,fixed,,,,False,False,False,SyntaxError,"unterminated triple-quoted string literal (detected at line 23) (<unknown>, line 20)",71f90822800a3f37c1bce94f72d279de26307eca0ae02047e6d075900821d8b0,cc5ee4a4bd8d292415384d32d53f61c64399dd8816390e5a8588285e0952ee09,1.3080264330492355,1.307940602011513,8.583103772252798e-05,0.0,0.953125
86,HumanEval-RandomSpanInfillingLight,RandomSpanInfillingLight/HumanEval/58/1,1,58,HumanEval/58,short,control_fixed64,ok,True,171,3,3,3,64,61,61,fixed,,,,True,True,True,,,20f430241d6025be40508126e9af935bf18e3cb17b73404dd6d86761cc1d33dc,70d8c33f3227ef3dad0e9f8c0acfdfe7ffa671a7ba7803577ac0410bd4618975,1.4046833580359817,1.30219528300222,0.10248807503376156,0.0,0.984375
87,HumanEval-RandomSpanInfillingLight,RandomSpanInfillingLight/HumanEval/62/1,1,62,HumanEval/62,short,control_fixed64,ok,False,132,3,1,3,64,61,61,fixed,,,,False,False,False,SyntaxError,"unterminated triple-quoted string literal (detected at line 20) (<unknown>, line 17)",64baf9cc10dd9d223de8a0dbe901975a4663cb6afdc8f230c746c456c2f6dc04,39d7961f7d7928b9b63dc84f6acc06a33a20771d78c648986b59a45c40f20391,1.2913477739784867,1.291245058993809,0.00010271498467773199,0.0,0.97265625
88,HumanEval-RandomSpanInfillingLight,RandomSpanInfillingLight/HumanEval/99/1,1,99,HumanEval/99,short,control_fixed64,ok,True,182,3,110,3,64,61,61,fixed,,,,True,True,True,,,a9748129e8c3a6753442b53d2226b527d12155a2059ae29ba1475d913c07ef62,b83519628a1ccdf1c2d0a97f57d90b48ce2cce4dc7435be5325a2b7d0f4f071f,1.546810499043204,1.4397219539969228,0.10708854504628107,0.0,0.98046875
89,HumanEval-RandomSpanInfillingLight,RandomSpanInfillingLight/HumanEval/7/1,1,7,HumanEval/7,short,control_fixed64,ok,False,107,4,2,4,64,60,60,fixed,,,,False,False,False,SyntaxError,"unterminated triple-quoted string literal (detected at line 18) (<unknown>, line 16)",c9d1f08aaa50b9727de78025bedeb96d53a40efcbbc92bca5f43e450b0a5583f,249b5d79afe9c847d256e70e0fa0d866e2cc3a577cc393cad3944750fdcd729e,1.296303718991112,1.2961624590097927,0.00014125998131930828,0.0,0.97265625
90,HumanEval-RandomSpanInfillingLight,RandomSpanInfillingLight/HumanEval/19/1,1,19,HumanEval/19,medium,control_fixed64,ok,False,218,9,2,9,64,55,55,fixed,,,,False,False,False,SyntaxError,"unmatched ')' (<unknown>, line 24)",e104aaa19128b8010beac4995a21f17d8c1bdcf726de154a2f8953a46cbbe0b3,2a9db9721c863e5613bd86914efb3cba574c717e960c61b8b27089db61803dfc,1.3880412809667177,1.387892810977064,0.00014846998965367675,0.0,0.984375
91,HumanEval-RandomSpanInfillingLight,RandomSpanInfillingLight/HumanEval/30/1,1,30,HumanEval/30,medium,control_fixed64,ok,False,129,9,2,9,64,55,55,fixed,,,,False,False,False,SyntaxError,"unterminated triple-quoted string literal (detected at line 17) (<unknown>, line 15)",02dfb7a05632677dc97548ea303c83eedb8b3adb87d7a1d242c8ca409b31c66b,b460da2952f7115e4a4c947a2ec1de1214ebb11d17a63e313c57d8625390e5ee,1.2952854000031948,1.2951984669780359,8.693302515894175e-05,0.0,0.9921875
92,HumanEval-RandomSpanInfillingLight,RandomSpanInfillingLight/HumanEval/52/1,1,52,HumanEval/52,medium,control_fixed64,ok,False,95,9,5,9,64,55,55,fixed,,,,True,True,False,UnitTestFailure,failed: ,278325122970c1a6c5763842857283b752d491be818562c82b91a2306bfa38c4,55cd89d6563db959ef19a2b5ff8d556bcfa20e56e36cd4fbea91ca1ab9ea26e6,1.3949981890036725,1.288734569970984,0.10626361903268844,0.0,0.9921875
93,HumanEval-RandomSpanInfillingLight,RandomSpanInfillingLight/HumanEval/57/1,1,57,HumanEval/57,medium,control_fixed64,ok,True,96,9,10,9,64,55,55,fixed,,,,True,True,True,,,8f1c0d0da7370dac202c78df4b928214fa40986de12f8e3487ef4e8468334132,2b543eecf6de65f9efefdc21d57e1b2617db4aeb5f2a027fc3f133209c8e3f9c,1.4002386748907156,1.291657777968794,0.10858089692192152,0.0,0.98046875
94,HumanEval-RandomSpanInfillingLight,RandomSpanInfillingLight/HumanEval/90/1,1,90,HumanEval/90,medium,control_fixed64,ok,False,128,9,17,9,64,55,55,fixed,,,,True,True,False,UnitTestFailure,failed: ,9fac3549f333e6783385b1341dfd4f1d47b8da64d47867ec3526c1c5eb42ad5f,f14ed2485ee33ccdb3a50bc638076aa3957c512ceff4a2720bed591d9ebf2af1,1.3980362490401603,1.295085610006936,0.10295063903322443,0.0,0.98828125
95,HumanEval-RandomSpanInfillingLight,RandomSpanInfillingLight/HumanEval/97/1,1,97,HumanEval/97,medium,control_fixed64,ok,True,123,9,8,9,64,55,55,fixed,,,,True,True,True,,,9e59f17aac42f7fa388991ffb11bff6a2da7cb46ab5ac0f2a594981d2c674f41,dfbc9bdada05e8773f45a258dfbf6a60feb4ae531423c386e71c73ffbc70f7f2,1.4085853890283033,1.3024989130208269,0.10608647600747645,0.0,1.0
96,HumanEval-RandomSpanInfillingLight,RandomSpanInfillingLight/HumanEval/133/1,1,133,HumanEval/133,medium,control_fixed64,ok,True,168,9,21,9,64,55,55,fixed,,,,True,True,True,,,06a7ef54d848d2e7c9e0d72003d30d6b5b6de9e290f6351170e91278cee1c7df,cf02c6f5fc90c987370e777ec140cb0b220fbadb5992ce96f458de7f784fc63b,1.4123059959383681,1.3075494910008274,0.10475650493754074,0.0,0.98828125
97,HumanEval-RandomSpanInfillingLight,RandomSpanInfillingLight/HumanEval/152/1,1,152,HumanEval/152,medium,control_fixed64,ok,False,249,9,2,9,64,55,55,fixed,,,,False,False,False,SyntaxError,"unterminated triple-quoted string literal (detected at line 23) (<unknown>, line 22)",c618eba8d2ef96d7099aa8a8adc673cca672a4ea5e5fecf19a2d481faf5c6c2a,e2d2a98266d8873884021c10767c9cebf2444c9d359fe07947b7ee4a35179267,1.41046830592677,1.4103648499585688,0.00010345596820116043,0.0,0.953125
98,HumanEval-RandomSpanInfillingLight,RandomSpanInfillingLight/HumanEval/10/1,1,10,HumanEval/10,medium,control_fixed64,ok,False,224,10,1,10,64,54,54,fixed,,,,False,False,False,SyntaxError,"unterminated triple-quoted string literal (detected at line 35) (<unknown>, line 33)",5f13906fab2de5629cbe9a05555b7b4380031c4e5c152cb6b610126409290cdc,937f4cbc5b35839246d4aaf0b8e73f82fab5c854c8e77845540aac2b6b607be2,1.3923038119683042,1.3921677800244652,0.00013603194383904338,0.0,0.98046875
99,HumanEval-RandomSpanInfillingLight,RandomSpanInfillingLight/HumanEval/22/1,1,22,HumanEval/22,medium,control_fixed64,ok,False,100,10,2,10,64,54,54,fixed,,,,False,False,False,SyntaxError,"unterminated triple-quoted string literal (detected at line 18) (<unknown>, line 16)",2eb61525956878ef2bfa20d6362c43bd485e1926f74835b54ee274db424e4de4,66fdb86838f6138f703b0fdf48f9208394d2e07ee29c2c35aed759f7f64681d1,1.2839415950002149,1.2838398810126819,0.00010171398753300309,0.0,0.99609375
100,HumanEval-RandomSpanInfillingLight,RandomSpanInfillingLight/HumanEval/5/1,1,5,HumanEval/5,long,control_fixed64,ok,False,122,17,16,17,64,47,47,fixed,,,,True,True,False,UnitTestFailure,failed: ,2426e50ae9296e9999737e50cf2ea33f4df2380589dbbb2095854bc0ef6e72fa,3f68325d422ef15cecc3cc478b604a449098f05f540d53fbda5f144c3fbeb1b0,1.3945540989516303,1.2911359569989145,0.10341814195271581,0.0,0.98828125
101,HumanEval-RandomSpanInfillingLight,RandomSpanInfillingLight/HumanEval/13/1,1,13,HumanEval/13,long,control_fixed64,ok,False,72,17,5,17,64,47,47,fixed,,,,True,True,False,UnitTestFailure,failed: ,ce63d7e4b7b81f1b0e1b78180175c9093ff693198112577db01b9452537e657b,d623fd57ab855022c53a5161f08ce44a0e2362b140fe2f9d2692db8e6e7edee1,1.3931572930305265,1.2912281479802914,0.10192914505023509,0.0,0.98828125
102,HumanEval-RandomSpanInfillingLight,RandomSpanInfillingLight/HumanEval/36/1,1,36,HumanEval/36,long,control_fixed64,ok,False,106,17,48,17,64,47,47,fixed,,,,True,True,False,UnitTestFailure,failed: ,ab970023b4a1e1ec262dcfe145bd7b0dcb23fb909b9f1c7c12b4c0e90f15d71e,e5d0119d6f4ce3d60e9071f2c82a4f69c89edbee810741d3675a32e35ab697b8,1.3965224269777536,1.2935867669875734,0.10293565999018028,0.0,0.9765625
103,HumanEval-RandomSpanInfillingLight,RandomSpanInfillingLight/HumanEval/65/1,1,65,HumanEval/65,long,control_fixed64,ok,False,121,17,1,17,64,47,47,fixed,,,,False,False,False,SyntaxError,"expected an indented block after function definition on line 25 (<unknown>, line 25)",e39956d180fca4952352eb9dc9681543907b8a594aa0bbe59a7c851f755fe13d,7568d2f482277d613ccea99ab7819286628af5d7efdf4f07b941c0b4d8febefc,1.2911981489742175,1.2909773259889334,0.00022082298528403044,0.0,0.97265625
104,HumanEval-RandomSpanInfillingLight,RandomSpanInfillingLight/HumanEval/87/1,1,87,HumanEval/87,long,control_fixed64,ok,False,291,17,29,17,64,47,47,fixed,,,,True,True,False,UnitTestFailure,failed: ,43c24bec02f99d1d66c709c2e661ee052cfb6ab7dbe8c9569ecab3da1d4df694,55ec9c6485f718a2d4f7c1ea59abaaebc89a5214d9f0fd8f7cbf2cc3db07b6d8,1.5566419620299712,1.4566175119834952,0.10002445004647598,0.0,0.9609375
105,HumanEval-RandomSpanInfillingLight,RandomSpanInfillingLight/HumanEval/151/1,1,151,HumanEval/151,long,control_fixed64,ok,False,162,17,2,17,64,47,47,fixed,,,,False,False,False,SyntaxError,"unterminated triple-quoted string literal (detected at line 22) (<unknown>, line 19)",abb61bfc192cc0a98d4cbb4ab8dd54ce633114064c3f540659b7a3278c9592f1,d027fbbe8cd1ca45098f34ec74377398a7772dca82c9f905cc776b45d9a9413d,1.3043675880180672,1.3042763789999299,9.120901813730597e-05,0.0,0.9765625
106,HumanEval-RandomSpanInfillingLight,RandomSpanInfillingLight/HumanEval/0/1,1,0,HumanEval/0,long,control_fixed64,ok,False,151,18,18,18,64,46,46,fixed,,,,True,True,False,UnitTestFailure,failed: ,c826964b8f12f0c7ba01b8215020e3d3acd9e55ee62e373e003a9dc33f64574c,260e92730dca547d2a4142a6b46fe969929fb1a78ef79e56b2f8d2a96fa73dc9,1.4099723169347271,1.3025418449542485,0.10743047198047861,0.0,0.9765625
107,HumanEval-RandomSpanInfillingLight,RandomSpanInfillingLight/HumanEval/14/1,1,14,HumanEval/14,long,control_fixed64,ok,False,65,19,5,19,64,45,45,fixed,,,,True,True,False,UnitTestFailure,failed: ,5b9350c999decc0ffb3b9dc67ef512c1a302cce6ec8a95308104a129e8dfe854,8cb124a60a73130e86b00f99ef77f47a9b9d0dcfd815ff34db24c6bd0596ecb3,1.397866194951348,1.2978637960040942,0.10000239894725382,0.0,0.98046875
108,HumanEval-RandomSpanInfillingLight,RandomSpanInfillingLight/HumanEval/24/1,1,24,HumanEval/24,long,control_fixed64,ok,False,58,19,1,19,64,45,45,fixed,,,,False,False,False,SyntaxError,"unterminated triple-quoted string literal (detected at line 16) (<unknown>, line 15)",13a424527799dcf9a13594631dc9aa7b2af983f1f5850f506c0c9fcdff6312e5,26514f0a1c288745ef0c89078859d81c4da239e64255036e5e03c966f1f8ab20,1.2789290510700084,1.2788410860230215,8.796504698693752e-05,0.0,0.98828125
109,HumanEval-RandomSpanInfillingLight,RandomSpanInfillingLight/HumanEval/46/1,1,46,HumanEval/46,long,control_fixed64,ok,True,226,19,17,19,64,45,45,fixed,,,,True,True,True,,,ccf41829f1d99983cdde3ef2cee145b90fd53a5172f957ab7e2af0d9dd3705c0,71b95fba586b21b9a4a6266b38f9a5947d4388f40878490cd8223d63cfab1e39,1.5082613721024245,1.405461925023701,0.10279944707872346,0.0,0.98828125
110,HumanEval-RandomSpanInfillingLight,RandomSpanInfillingLight/HumanEval/129/1,1,129,HumanEval/129,extreme,control_fixed64,ok,False,446,111,47,111,64,-47,47,fixed,,,,True,True,False,UnitTestFailure,failed: name 'np' is not defined,c4fae36d8f752d879870c4f6f958c4cd8df0dd8026a2fc5c6f1506ea4f6538ff,ab98669958541bf23752163bb66e4e6328ebb2d6b4d329b47a4c44b8a4c7576d,2.1422417939756997,2.0392821499845013,0.10295964399119839,0.0,0.98046875
111,HumanEval-RandomSpanInfillingLight,RandomSpanInfillingLight/HumanEval/148/1,1,148,HumanEval/148,extreme,control_fixed64,ok,False,220,88,52,88,64,-24,24,fixed,,,,True,True,False,UnitTestFailure,failed: First test error: 2,2a503fa0bdcbc54e0e4bba3f456132901d93906cc62f6c6da5d2ff96d49638e2,2161c9961a661767b0105e265a5ffc3943e58c2c1a331d33c2501a3d4cf81f51,1.5286329130176455,1.4233677870361134,0.10526512598153204,0.0,0.984375
112,HumanEval-RandomSpanInfillingLight,RandomSpanInfillingLight/HumanEval/124/1,1,124,HumanEval/124,extreme,control_fixed64,ok,True,342,85,37,85,64,-21,21,fixed,,,,True,True,True,,,5058df780454cdd938c0dc060af6aadd07ecd31cc8ac2a1a16b068a4a5a9c451,74860f28edcb6c2f6d92df47162394557cc9a76803d12307efb224309b460480,1.7233660740312189,1.609220530022867,0.11414554400835186,0.0,0.98046875
113,HumanEval-RandomSpanInfillingLight,RandomSpanInfillingLight/HumanEval/20/1,1,20,HumanEval/20,extreme,control_fixed64,ok,False,208,80,7,80,64,-16,16,fixed,,,,True,True,False,UnitTestFailure,failed: ,e429a7d220ed0bc86b9db12d9b614b6e85969549c0ac7a060542ea7e4b56737e,f3c3b7a47f03d0c3b71113fcb1be9b9394251d98c2cfabcc2d6ae1835481bbfe,1.4912216340308078,1.3867704690201208,0.10445116501068696,0.0,0.99609375
114,HumanEval-RandomSpanInfillingLight,RandomSpanInfillingLight/HumanEval/105/1,1,105,HumanEval/105,extreme,control_fixed64,ok,True,296,79,52,79,64,-15,15,fixed,,,,True,True,True,,,75814da448572b2c4e6bd7b2e00574175ba481285b65b9639a5e2e8024e71621,ec5bb173ed2bc12b5dcca0334b8e522300617ed1482f93c1d145d572254bd4ed,1.701020203938242,1.5973047399893403,0.10371546394890174,0.0,0.984375
115,HumanEval-RandomSpanInfillingLight,RandomSpanInfillingLight/HumanEval/141/1,1,141,HumanEval/141,extreme,control_fixed64,ok,True,248,72,41,72,64,-8,8,fixed,,,,True,True,True,,,3759e90194cbc61393f0640f29d5f344ca6aae542a8dd3013e028c302ea4f46f,d26e2691b28284d0defa3fda94aba2bd37489c2461dcd3714befd880f2add823,1.5290472959750332,1.4359764260007069,0.09307086997432634,0.0,0.99609375
116,HumanEval-RandomSpanInfillingLight,RandomSpanInfillingLight/HumanEval/6/1,1,6,HumanEval/6,extreme,control_fixed64,ok,False,121,70,22,70,64,-6,6,fixed,,,,True,True,False,UnitTestFailure,failed: ,5782021ba72bbcd7f5a36f6f8b9f04dcd7f384ba4db3c7832fba2ab7adb9348f,e8d4b3080949eca6992401b2156c4506f5adcf5fdf42fd4116e4683213571726,1.3862745700171217,1.2958606710308231,0.09041389898629859,0.0,0.9921875
117,HumanEval-RandomSpanInfillingLight,RandomSpanInfillingLight/HumanEval/132/1,1,132,HumanEval/132,extreme,control_fixed64,ok,False,163,70,47,70,64,-6,6,fixed,,,,True,True,False,UnitTestFailure,failed: ,233d2e26ce667fb4dcb9de14f1eb06526c3aac1d30e394b309b3692910aef7a7,b45b7b04fe847bdab7c2c0fa2ae611c196aa56dc6730f4460813272f796565c9,1.476305210031569,1.3841569950454868,0.09214821498608217,0.0,1.0
118,HumanEval-RandomSpanInfillingLight,RandomSpanInfillingLight/HumanEval/119/1,1,119,HumanEval/119,extreme,control_fixed64,ok,False,178,69,50,69,64,-5,5,fixed,,,,True,True,False,UnitTestFailure,failed: ,4a44fc37f50cbcacbeb2486b203ac735b7490e248d1e00e1a82a26edb7781992,42a64ecabed9a6dd2776569aaf1777a824c3e8e4c9cfd411fd2b9fe62c3aa496,1.4925405270187184,1.3960221380111761,0.09651838900754228,0.0,0.98046875
119,HumanEval-RandomSpanInfillingLight,RandomSpanInfillingLight/HumanEval/108/1,1,108,HumanEval/108,extreme,control_fixed64,ok,False,135,65,27,65,64,-1,1,fixed,,,,True,True,False,UnitTestFailure,failed: ,eed04c90e7210ec7099c75808a3c4280e1b8ec17deb7ea5b14554708d3181968,58bd0f63812cf892a29c89a2ce7a481a49c5cafb7d156495bfd4c580a7d2319f,1.3944705619942397,1.3028791570104659,0.09159140498377383,0.0,0.98828125
0,HumanEval-MultiLineInfilling,MultiLineInfilling/HumanEval/19/L11_L11,L11_L11,514,HumanEval/19,short,best_deployable_cal_lite_alpha006,ok,True,196,3,27,3,4,1,1,cal_lite,1.0697546302990883,0.984375,1.0697546302990883,True,True,True,,,694b6f23dd50bd0371afae5a9ea98b122268d91d422ec71ab3237ab0c752d5f8,8b7f0d8906f0ac494b7af771b15142f81a7b154e7c746d70c8b6c44de61df482,1.7132429371704347,1.2726228500250727,0.09414295799797401,0.34647712914738804,1.0
1,HumanEval-MultiLineInfilling,MultiLineInfilling/HumanEval/95/L8_L8,L8_L8,2584,HumanEval/95,short,best_deployable_cal_lite_alpha006,ok,True,237,3,104,3,3,0,0,cal_lite,1.068137777449498,1.0,1.068137777449498,True,True,True,,,ae78bda3ea64bac636429fcfbff2ddbecc41552c57997c1772257ce8c0c96d19,71bd59baf1098ae96fd7864f36e8822c5111ae0fd70f6ab82636fee2e85f4ab4,1.853374992031604,1.4036581679829396,0.09720526199089363,0.3525115620577708,1.0
2,HumanEval-MultiLineInfilling,MultiLineInfilling/HumanEval/96/L6_L6,L6_L6,2734,HumanEval/96,short,best_deployable_cal_lite_alpha006,ok,True,209,3,17,3,3,0,0,cal_lite,1.068137777449498,1.0,1.068137777449498,True,True,True,,,f45a250f0bb385f1d6fef6f54f5ff412d62d0e629e63c6d9fbdee7f072cf18ba,71bd59baf1098ae96fd7864f36e8822c5111ae0fd70f6ab82636fee2e85f4ab4,1.6823063429328613,1.269030227966141,0.09345415403367952,0.3198219609330408,1.0
3,HumanEval-MultiLineInfilling,MultiLineInfilling/HumanEval/105/L10_L10,L10_L10,3161,HumanEval/105,short,best_deployable_cal_lite_alpha006,ok,True,372,3,51,3,3,0,0,cal_lite,1.0639653642563358,0.99609375,1.0639653642563358,True,True,True,,,4732c5b95c79258ae34bafa30232f364868dac2ac475428b3c18a3fa3aeec467,4893f40e3781eb896c82d046a08067a11e35cdf2f1dfaf26fea90b8db6676413,2.0761683840537444,1.58459668897558,0.09618457703618333,0.395387118041981,1.0
4,HumanEval-MultiLineInfilling,MultiLineInfilling/HumanEval/150/L5_L5,L5_L5,5457,HumanEval/150,short,best_deployable_cal_lite_alpha006,ok,True,130,3,8,3,3,0,0,cal_lite,1.0514481246768497,0.984375,1.0514481246768497,True,True,True,,,d8e5b04576d26a538e4ea07d2b5a8bd45dc6d8e2f1aba74cb6c14aae824e1f5e,941c30a77d66fbe30631de4c2da448281ef23a3fdfedcf5ffbd17fbdfcc12be8,1.6765718291862868,1.2623554650344886,0.09591927204746753,0.31829709210433066,1.0
5,HumanEval-MultiLineInfilling,MultiLineInfilling/HumanEval/0/L5_L5,L5_L5,25,HumanEval/0,short,best_deployable_cal_lite_alpha006,ok,True,176,4,5,4,4,0,0,cal_lite,1.086734862526058,1.0,1.086734862526058,True,True,True,,,40560c20a6f56877abd19fa87e39aa5d43f3bff6b7417c68e11fc772c096a6c9,b13aeb0fbdec07eaf4ec839389b98c230ffedccbc6d4f88964739210307cbca9,1.6683218163088895,1.2561694120522588,0.0955932610668242,0.3165591431898065,1.0
6,HumanEval-MultiLineInfilling,MultiLineInfilling/HumanEval/1/L16_L16,L16_L16,132,HumanEval/1,short,best_deployable_cal_lite_alpha006,ok,True,216,4,0,4,3,-1,1,cal_lite,0.8469998782119066,0.79296875,0.8469998782119066,True,True,True,,,d6a89900fbaca83f813b1b5e16240b80ed7557099cdf1ab0d72bf1a37a856171,7d173fee527fa6225b8b7a67f03c4408e79f57c33cb4bfa63b51ab3c25aee3d7,1.6786116291186772,1.261556396028027,0.09909246297320351,0.3179627701174468,1.0
7,HumanEval-MultiLineInfilling,MultiLineInfilling/HumanEval/3/L5_L5,L5_L5,152,HumanEval/3,short,best_deployable_cal_lite_alpha006,ok,True,147,4,5,4,4,0,0,cal_lite,1.086734862526058,1.0,1.086734862526058,True,True,True,,,1a710a84f86e12ee74b7279afbf9fd53480c1753e133161783c0b84b4999346a,0a22dd31f715efdd8b01df2a643778b50217da2a5774e0ec0603ef7348cba52f,1.6775371229741722,1.263994577981066,0.0964385470142588,0.3171039979788475,0.84375
8,HumanEval-MultiLineInfilling,MultiLineInfilling/HumanEval/5/L1_L1,L1_L1,166,HumanEval/5,short,best_deployable_cal_lite_alpha006,ok,True,105,4,45,4,4,0,0,cal_lite,1.057019456128861,0.97265625,1.057019456128861,True,True,True,,,e29d7eff9cf73491f718294c6990a771fa0c8093d19845e682c5e7924c2a6811,fb1bf92f5c041d7ad7714e0039db970c2e8d5bcfff1f7db120cf349382f5cecb,1.6683781872270629,1.2583195979823358,0.0950183070381172,0.31504028220660985,1.0
9,HumanEval-MultiLineInfilling,MultiLineInfilling/HumanEval/6/L7_L7,L7_L7,250,HumanEval/6,short,best_deployable_cal_lite_alpha006,ok,True,174,4,34,4,7,3,3,cal_lite,1.1018935440793123,0.98046875,1.1018935440793123,True,True,True,,,3f7485ec0eca2cbb268f372a29079caa107fbcd5ff61bb33cc1e4a6a521e6aff,62e2ef31c405203e65565e2a5635b8c4dfdfbb657781b37c572fa5dcbda6e92f,1.680138205876574,1.2671378790400922,0.0956983589567244,0.3173019678797573,0.99609375
10,HumanEval-MultiLineInfilling,MultiLineInfilling/HumanEval/2/L0_L0,L0_L0,133,HumanEval/2,medium,best_deployable_cal_lite_alpha006,ok,False,87,9,0,9,3,-6,6,cal_lite,0.44644821166834486,0.41796875,0.44644821166834486,False,False,False,SyntaxError,"invalid syntax (<unknown>, line 13)",2a16008179dc3d802a9d484c4e180023a7dcf7b5a7ded627849ad467002e721e,6c54d00d55a2b158f4a985244f7405b33b8cb0e856b040822f567128e1583e42,1.5601641530520283,1.2463207300170325,0.00013109599240124226,0.31371232704259455,0.99609375
11,HumanEval-MultiLineInfilling,MultiLineInfilling/HumanEval/14/L2_L2,L2_L2,400,HumanEval/14,medium,best_deployable_cal_lite_alpha006,ok,True,65,9,14,9,9,0,0,cal_lite,1.1409183116147532,1.0,1.1409183116147532,True,True,True,,,e8cd7aa1d5ff0f57886eaadfc33f200e424171a9135ba39f7a23436921c2014b,259a1c7959fb291dc710a5300e23ceecb233b8973f9dedd5e2b7aa84df51a231,1.6490774199482985,1.245398374972865,0.0942217200063169,0.3094573249691166,0.9921875
12,HumanEval-MultiLineInfilling,MultiLineInfilling/HumanEval/21/L0_L0,L0_L0,622,HumanEval/21,medium,best_deployable_cal_lite_alpha006,ok,True,130,9,31,9,9,0,0,cal_lite,1.1409183116147532,1.0,1.1409183116147532,True,True,True,,,b2fc096faf74832420fa38a0f25a8d92d4b88d7cb82c4bdc86f9c92ae8f2437a,19a22d7f8b5cd8d7fde54208813863791527f8f0908f9eca483bca7397249100,1.6785614950349554,1.2702259520301595,0.09090537804877385,0.31743016495602205,1.0
13,HumanEval-MultiLineInfilling,MultiLineInfilling/HumanEval/24/L0_L0,L0_L0,630,HumanEval/24,medium,best_deployable_cal_lite_alpha006,ok,False,53,9,14,9,8,-1,1,cal_lite,1.0886306085264315,0.9609375,1.0886306085264315,True,True,False,UnitTestFailure,failed: integer division or modulo by zero,e1676d78e72195de85df81c81e6790b7ee9d5a91a45fbe22b45480c166b2ef42,2055a8a83f4d54d7eefd84c0f5fb74b3979f849263492ed30c36ea9865a1d637,1.6776251718983985,1.2503023769822903,0.10010751098161563,0.3272152839344926,1.0
14,HumanEval-MultiLineInfilling,MultiLineInfilling/HumanEval/25/L0_L1,L0_L1,637,HumanEval/25,medium,best_deployable_cal_lite_alpha006,ok,False,134,9,71,9,5,-4,4,cal_lite,1.1013825725753201,1.0,1.1013825725753201,True,True,False,UnitTestFailure,failed: name 'math' is not defined,c3dbc4c958d91c701e4a7c952228556f700bb7cddc32861356f03f94c31bb45d,2cd3400de6666fe722f67fe1add12c68668ca08146f46a267aeb25609fd5a016,1.6824886389658786,1.2711676270118915,0.09289153793361038,0.3184294740203768,1.0
15,HumanEval-MultiLineInfilling,MultiLineInfilling/HumanEval/28/L0_L0,L0_L0,721,HumanEval/28,medium,best_deployable_cal_lite_alpha006,ok,False,63,9,0,9,3,-6,6,cal_lite,0.5966550866221805,0.55859375,0.5966550866221805,False,False,False,SyntaxError,"invalid syntax (<unknown>, line 12)",9b93a61e2aa751570643391ffaf836864f6b15f6f81d1ebbde8359c9355e6ea0,6590335b7ad62777eea11f9428812d5c84ec9fd7d0899dd9a27be26726ff11be,1.486226713983342,1.1818965430138633,0.0001392170088365674,0.3041909539606422,1.0
16,HumanEval-MultiLineInfilling,MultiLineInfilling/HumanEval/32/L7_L8,L7_L8,802,HumanEval/32,medium,best_deployable_cal_lite_alpha006,ok,True,368,9,9,9,9,0,0,cal_lite,1.1409183116147532,1.0,1.1409183116147532,True,True,True,,,3390a284edc311fb1d66d4a9e3a71a496f344fc7b747ce82fc9a8398fc775c7a,165b9dbb2b3ae0e857e7a70198e57563ed30f99a2e61bd23717eaec42d344894,2.0430751629755832,1.5635285919997841,0.1001059269765392,0.3794406439992599,0.9921875
17,HumanEval-MultiLineInfilling,MultiLineInfilling/HumanEval/37/L5_L5,L5_L5,913,HumanEval/37,medium,best_deployable_cal_lite_alpha006,ok,False,173,9,25,9,6,-3,3,cal_lite,1.0700010819125025,0.9609375,1.0700010819125025,True,True,False,UnitTestFailure,failed: ,b4dc7f39fb131ddbfe8f90737e83b232fad660cb2fc318d8ff786c00bf37834e,ec27f2490428c39f9e4aff4e303ca2d44b4f075eabb57f596f3afc667c456d1b,1.6935456990031525,1.2767015720019117,0.09748433803906664,0.3193597889621742,1.0
18,HumanEval-MultiLineInfilling,MultiLineInfilling/HumanEval/39/L12_L12,L12_L12,1034,HumanEval/39,medium,best_deployable_cal_lite_alpha006,ok,True,198,9,21,9,9,0,0,cal_lite,1.136461599460008,0.99609375,1.136461599460008,True,True,True,,,7d9bd9210048f684fc65f70e291a55d0811ccf776e75b1e81ced03439b3c9782,ff85e1f9ef54da259092970a0c0f53017a5a150adaf428a15e85ab1f5cdac76c,1.6963054060470313,1.2755150030134246,0.10047882597427815,0.32031157705932856,1.0
19,HumanEval-MultiLineInfilling,MultiLineInfilling/HumanEval/40/L0_L0,L0_L0,1044,HumanEval/40,medium,best_deployable_cal_lite_alpha006,ok,True,167,9,54,9,9,0,0,cal_lite,1.1409183116147532,1.0,1.1409183116147532,True,True,True,,,2098308fa83cbd01beaeb9b75ff569ba09812db0dcc10907616afebecc23417d,c519108d194483bde7aada46179d20726ed85dc6cdc62717c1039f4313255934,1.6904373068828136,1.2757616940070875,0.09584978595376015,0.3188258269219659,1.0
20,HumanEval-MultiLineInfilling,MultiLineInfilling/HumanEval/10/L5_L5,L5_L5,342,HumanEval/10,long,best_deployable_cal_lite_alpha006,ok,False,192,17,24,17,16,-1,1,cal_lite,1.0795011045879301,0.9140625,1.0795011045879301,True,True,False,UnitTestFailure,timed out,10c1dce0b5732e404135de19276f9f18999b65011e2b2db1851cca8f3347ffbb,8db80739ded7ee0ee0ea4be04d3e4c89b994be33d67015e40dc9e1c78446b185,4.698631309089251,1.2817529739695601,3.096780281048268,0.32009805407142267,0.96484375
21,HumanEval-MultiLineInfilling,MultiLineInfilling/HumanEval/11/L1_L3,L1_L3,356,HumanEval/11,long,best_deployable_cal_lite_alpha006,ok,False,94,17,29,17,7,-10,10,cal_lite,1.1062835581991501,0.984375,1.1062835581991501,True,True,False,UnitTestFailure,"failed: sequence item 0: expected str instance, NoneType found",e7d7829f602f9d0b5933ef2d4f83bc823eae479471f6d3724d27e061556124d0,5fbb4af6d12247081e5b83f5d15052ddd2df1459eb0fcebdc55a2cac28080951,1.6721517330151983,1.2585463949944824,0.09838222892722115,0.3152231090934947,1.0
22,HumanEval-MultiLineInfilling,MultiLineInfilling/HumanEval/12/L4_L5,L4_L5,385,HumanEval/12,long,best_deployable_cal_lite_alpha006,ok,False,133,17,4,17,4,-13,13,cal_lite,0.9678732369372705,0.890625,0.9678732369372705,False,False,False,SyntaxError,"expected 'except' or 'finally' block (<unknown>, line 19)",37b1d5a6272f99fc2d10503a392c2da0e8a91e16e70233a51865edd5f64264a9,ada5c66e17b145397834b8c854dc4193e2125180a8996a14c31883326b2efbcf,1.5742876579752192,1.2580090659903362,0.00017237395513802767,0.3161062180297449,0.99609375
23,HumanEval-MultiLineInfilling,MultiLineInfilling/HumanEval/20/L1_L3,L1_L3,532,HumanEval/20,long,best_deployable_cal_lite_alpha006,ok,True,178,17,99,17,16,-1,1,cal_lite,1.1809926614295303,1.0,1.1809926614295303,True,True,True,,,7479c51d5095ca7bdf99d927393d80d6be8946463d720834a929759a413b0fe8,29e6e1f96e045992d155e6b5953d8f2e7c80a26c76a1215117580252778d4a8a,1.8274887308944017,1.3766132739838213,0.11045095894951373,0.34042449796106666,0.9765625
24,HumanEval-MultiLineInfilling,MultiLineInfilling/HumanEval/26/L2_L2,L2_L2,719,HumanEval/26,long,best_deployable_cal_lite_alpha006,ok,False,103,17,0,17,3,-14,14,cal_lite,0.5549309546905595,0.51953125,0.5549309546905595,False,False,False,SyntaxError,"invalid syntax (<unknown>, line 12)",27957c0c6087cef930992bebd67d932a002dd8e20d533c4a4513cb8d27309145,cc0e41f32b21606bed32aca9ec81fa6a472ee89b35412d2d30d0f6304b942afe,1.5643830820336007,1.2499637629953213,0.00016004598001018167,0.3142592730582692,1.0
25,HumanEval-MultiLineInfilling,MultiLineInfilling/HumanEval/36/L6_L7,L6_L7,873,HumanEval/36,long,best_deployable_cal_lite_alpha006,ok,True,149,17,4,17,16,-1,1,cal_lite,1.0241420735834208,0.8671875,1.0241420735834208,True,True,True,,,7f97ab858331674c3a24c2088448add4321a9efbb04e063c67c49eb72631a651,2e17c6e0f17fa539809c8ddd8c32ed2dbb36a9fe93fc56fc4066cf2b7f9017d2,1.7103842528886162,1.2717837319942191,0.12279228505212814,0.3158082358422689,1.0
26,HumanEval-MultiLineInfilling,MultiLineInfilling/HumanEval/43/L2_L3,L2_L3,1077,HumanEval/43,long,best_deployable_cal_lite_alpha006,ok,False,188,17,4,17,16,-1,1,cal_lite,0.9595565374114934,0.8125,0.9595565374114934,True,True,False,UnitTestFailure,failed: name 'l2' is not defined,3a4bf2be98c2714f513239f7efbd95ce2c7cda9eadf78bc6f34d66f4a7b5c31b,3c0131f0885d82ff3b38880de7c3cadff6ae37843d26629252e96324aa5b0590,1.7015999640570953,1.2716804580413736,0.11208828602684662,0.3178312199888751,1.0
27,HumanEval-MultiLineInfilling,MultiLineInfilling/HumanEval/44/L2_L3,L2_L3,1092,HumanEval/44,long,best_deployable_cal_lite_alpha006,ok,False,117,17,4,17,11,-6,6,cal_lite,1.0239280795842602,0.88671875,1.0239280795842602,True,True,False,UnitTestFailure,timed out,8f9fd84f906dbfad4903d1c3bf18e75882e6ba479c2ec74844fd9ac8ee3e6c2c,135bdccefc2b90fb8654aed192ded7dac63d32385aecaabd573fea503a15defd,4.712004170985892,1.2663994249887764,3.1298649450181983,0.31573980097891763,1.0
28,HumanEval-MultiLineInfilling,MultiLineInfilling/HumanEval/48/L1_L1,L1_L1,1145,HumanEval/48,long,best_deployable_cal_lite_alpha006,ok,False,96,17,8,17,6,-11,11,cal_lite,1.0700010819125025,0.9609375,1.0700010819125025,True,True,False,UnitTestFailure,failed: ,6e04e71f63fadd57d39b8a40bd82d59f51acdfcaccfefda72ada3244c0ff1b92,683c8484d1193f9cc12ea2152e61f7169e7b3bf0c5319ef07578290a0bbec88f,1.689612774120178,1.2478425359586254,0.11113404604839161,0.3306361921131611,0.94921875
29,HumanEval-MultiLineInfilling,MultiLineInfilling/HumanEval/56/L2_L4,L2_L4,1209,HumanEval/56,long,best_deployable_cal_lite_alpha006,ok,True,112,17,25,17,20,3,3,cal_lite,1.1267793441472385,0.94140625,1.1267793441472385,True,True,True,,,3211abf306381b71178f77433099892dbd2144db05f7cee0d9dd0381d389b095,26111fa862cf0a5d590d0b7c5c82614a99f7c3812e8512b424c28d81240293de,1.6868405030691065,1.2654828520026058,0.10344450495904312,0.3179131461074576,1.0
30,HumanEval-MultiLineInfilling,MultiLineInfilling/HumanEval/129/L0_L26,L0_L26,4239,HumanEval/129,extreme,best_deployable_cal_lite_alpha006,ok,False,413,191,0,191,3,-188,188,cal_lite,0.5111206161623575,0.478515625,0.5111206161623575,False,False,False,SyntaxError,"invalid syntax (<unknown>, line 33)",64155ef09767f0ff5a0fc8a31c38f86919a2149fdc75e689c5697a713411e74f,3b7f8c70be11e612060530cbb1b35f66c42ed8e3f785c81175d371d60fa7cd44,1.966265317169018,1.5708822420565411,0.00012642901856452227,0.3952566460939124,1.0
31,HumanEval-MultiLineInfilling,MultiLineInfilling/HumanEval/156/L0_L13,L0_L13,5587,HumanEval/156,extreme,best_deployable_cal_lite_alpha006,ok,False,123,178,0,178,3,-175,175,cal_lite,0.4965171699862901,0.46484375,0.4965171699862901,True,True,False,UnitTestFailure,failed: ,1f1a9fee9d5f5b6fd7319ff3a4c5e839d8c287f784b6fbe5e2536e923d4eb1c3,01bc6ed4f32eedc2e9fa1aab16261883df14a4f0fa1e4912de044ab6022a1758,1.6715477289399132,1.2482326820027083,0.11011715891072527,0.31319788802647963,0.91015625
32,HumanEval-MultiLineInfilling,MultiLineInfilling/HumanEval/124/L0_L15,L0_L15,3920,HumanEval/124,extreme,best_deployable_cal_lite_alpha006,ok,False,299,165,0,165,3,-162,162,cal_lite,0.4735688974238985,0.443359375,0.4735688974238985,False,False,False,SyntaxError,"expected ':' (<unknown>, line 23)",388158f8d2eb81617cbf1717b9d174dd2c559c62d3374a391ad7f55518a60113,216c24d99fd3ea1c020164b232ff5ae04202313ee375b231c149937f6aa1bb2c,1.7252927061053924,1.3788845699746162,0.00011280999751761556,0.34629532613325864,1.0
33,HumanEval-MultiLineInfilling,MultiLineInfilling/HumanEval/140/L0_L19,L0_L19,4826,HumanEval/140,extreme,best_deployable_cal_lite_alpha006,ok,False,119,161,0,161,3,-158,158,cal_lite,0.48191372381022274,0.451171875,0.48191372381022274,False,False,False,SyntaxError,"invalid syntax (<unknown>, line 14)",637f2db554040e237361ffb6f93ebd211d0c0aedabb49d7b06be30a9e17139ed,38d2b00e56fc89893d2f20e47653656a02c42784ca0c96064e75cee4268daa74,1.5633483928977512,1.2496747740078717,0.00011495297076180577,0.31355866591911763,1.0
34,HumanEval-MultiLineInfilling,MultiLineInfilling/HumanEval/148/L0_L8,L0_L8,5369,HumanEval/148,extreme,best_deployable_cal_lite_alpha006,ok,False,220,140,0,140,3,-137,137,cal_lite,0.48817234359996586,0.45703125,0.48817234359996586,False,False,False,SyntaxError,"invalid syntax (<unknown>, line 19)",2b61975a0d80fc2842702e24eaed7ea605ccc980b8bb4c62ece4ca984967de35,a35513ac0c8c126bc176a03aea8276d15c5195c83053067bc335d866d47c7a98,1.5854867658927105,1.2675748179899529,0.00012697000056505203,0.3177849779021926,1.0
35,HumanEval-MultiLineInfilling,MultiLineInfilling/HumanEval/141/L0_L13,L0_L13,5030,HumanEval/141,extreme,best_deployable_cal_lite_alpha006,ok,False,222,139,0,139,3,-136,136,cal_lite,0.4443620050717638,0.416015625,0.4443620050717638,True,True,False,UnitTestFailure,failed: ,7fdea28ea609063a54d0668b41288e71d121ec6206c9ed3d5b190b6184f809fd,478ea8cc67c8c28d028bdf373d62fffbc3f3643ef480c5d36a768a28f0e4f818,1.7023805059725419,1.2755686020245776,0.10967724595684558,0.31713465799111873,0.984375
36,HumanEval-MultiLineInfilling,MultiLineInfilling/HumanEval/107/L0_L11,L0_L11,3281,HumanEval/107,extreme,best_deployable_cal_lite_alpha006,ok,False,234,134,0,134,3,-131,131,cal_lite,0.48817234359996586,0.45703125,0.48817234359996586,False,False,False,SyntaxError,"invalid syntax (<unknown>, line 26)",99536bb4ad568d132bba68f06b4a7ebd46c54edbf3c0820614522d8464e05e86,fc703d4b34408ec7bef9f7d5c065af14b49c7682a67e9b8cd49264856dc5d10d,1.5993450209498405,1.2796378019847907,0.0001179469982162118,0.3195892719668336,1.0
37,HumanEval-MultiLineInfilling,MultiLineInfilling/HumanEval/132/L0_L15,L0_L15,4597,HumanEval/132,extreme,best_deployable_cal_lite_alpha006,ok,False,147,131,3,131,4,-127,127,cal_lite,0.6325136504546197,0.58203125,0.6325136504546197,True,True,False,UnitTestFailure,failed: This prints if this assert fails 1 (good for debugging!),ff4bda34cb5bf92aca630f635b8df9bdf52e5b43c47eb7cbb2d2462b85cb7477,7c653dc88922a42607adb834bcb7af5da1343464514c6dbed5e8cf1ed7e9d223,1.6965889548882842,1.2710666329949163,0.11035068897763267,0.31517163291573524,0.99609375
38,HumanEval-MultiLineInfilling,MultiLineInfilling/HumanEval/127/L0_L15,L0_L15,4106,HumanEval/127,extreme,best_deployable_cal_lite_alpha006,ok,False,270,129,0,129,3,-126,126,cal_lite,0.43810338528202064,0.41015625,0.43810338528202064,True,True,False,UnitTestFailure,failed: ,f065590349a68d7b0863a2d81dfe86c08cce0693a2b253837c6940e9eeb23236,570cf017cb3e5960af865a67280743657ffa452e15c1b9cc1ca0f57d8c294391,1.8092767461785115,1.358428167004604,0.10953539406182244,0.3413131851120852,0.96875
39,HumanEval-MultiLineInfilling,MultiLineInfilling/HumanEval/99/L0_L18,L0_L18,2775,HumanEval/99,extreme,best_deployable_cal_lite_alpha006,ok,False,170,124,1,124,3,-121,121,cal_lite,0.5716206074632079,0.53515625,0.5716206074632079,False,False,False,SyntaxError,"expected an indented block after 'try' statement on line 21 (<unknown>, line 21)",704bef828d616163ce01e16ebd7a2895c85633c4b3066e45b0a06ccdfb452d3e,c94f2f6f372b7580bfa044adc2baa7338648791e5270602f26af1a770ac18f1d,1.5810216529062018,1.2635897629661486,0.00011508300667628646,0.31731680693337694,1.0
40,HumanEval-RandomSpanInfilling,RandomSpanInfilling/HumanEval/0/6,6,5,HumanEval/0,short,best_deployable_cal_lite_alpha006,ok,False,177,1,9,1,3,2,2,cal_lite,0.6675861109059362,0.625,0.6675861109059362,False,False,False,SyntaxError,"expected an indented block after 'if' statement on line 16 (<unknown>, line 19)",3511a18c5bb9cccb8e5e01734ce4d465bb797ece3ad19ffe45394d2945a373ed,b6e984051b9f805c6dfba1889343a2ea091c22178a7e280ad8e0eca077e0d172,1.5828236640663818,1.2664728739764541,0.00023344001965597272,0.31611735007027164,0.953125
41,HumanEval-RandomSpanInfilling,RandomSpanInfilling/HumanEval/2/4,4,23,HumanEval/2,short,best_deployable_cal_lite_alpha006,ok,False,87,1,8,1,3,2,2,cal_lite,0.7259998956102057,0.6796875,0.7259998956102057,True,True,False,UnitTestFailure,failed: ,53dc2ddb8c73f8b28e71a971edaded748c254476fc497188185620ec37a21caa,fa12956ac1f0abb990426de97031790fbd3777f7e9d1e079f77e149abc5dcc18,1.6687905318685807,1.2470965340035036,0.1106234539183788,0.3110705439466983,0.99609375
42,HumanEval-RandomSpanInfilling,RandomSpanInfilling/HumanEval/8/9,9,88,HumanEval/8,short,best_deployable_cal_lite_alpha006,ok,False,137,1,22,1,9,8,8,cal_lite,0.824491748627849,0.72265625,0.824491748627849,True,True,False,UnitTestFailure,failed: ,56e36fcd24605c139c2054e89299d54ce6be34413c1f12e0ad5b2cc49f50648f,1abc091abf069cff58360aa0e995a1ad99f6ca9b280fd78752c550d4dbedb28e,1.6957205010694452,1.2689951259526424,0.11032032710500062,0.31640504801180214,1.0
43,HumanEval-RandomSpanInfilling,RandomSpanInfilling/HumanEval/11/7,7,116,HumanEval/11,short,best_deployable_cal_lite_alpha006,ok,False,137,1,3,1,9,8,8,cal_lite,0.6283964138190633,0.55078125,0.6283964138190633,True,False,False,NameError,name 'xor' is not defined,b7fa7323e922ce74d5c2fa1d089f8cf1b76572df2c75e86da6b522f8fa90a4f0,31c41b3821c6376f6639789ce49835a2f1d200eff186fe1e9170d833ca9e01c6,1.5821011328953318,1.2647875719703734,0.0004951510345563293,0.3168184098904021,0.9296875
44,HumanEval-RandomSpanInfilling,RandomSpanInfilling/HumanEval/13/6,6,135,HumanEval/13,short,best_deployable_cal_lite_alpha006,ok,True,88,1,4,1,3,2,2,cal_lite,0.5591033678837216,0.5234375,0.5591033678837216,True,True,True,,,5d1956b63e5ec9266573346f49244c1b1b8f7cbf917befb2d19629790f5de465,edbb1492625941ffe8e643c2d44a399c54645f1c261bb593aad7420c150075bd,1.6674486640258692,1.2465172369848005,0.11088201100938022,0.31004941603168845,1.0
45,HumanEval-RandomSpanInfilling,RandomSpanInfilling/HumanEval/16/4,4,163,HumanEval/16,short,best_deployable_cal_lite_alpha006,ok,False,79,1,3,1,3,2,2,cal_lite,0.534068888724749,0.5,0.534068888724749,True,True,False,UnitTestFailure,failed: 'str' object has no attribute 'smaller',ed0c3884eb4b5d15c9025ce3a38f4884f5472e2894dc13594606805858af3709,79a450b329a57e0f95fdee7db31d50ef44a7759c94d49431795873561705b165,1.679059254936874,1.252997328992933,0.11307699704775587,0.312984928896185,0.953125
46,HumanEval-RandomSpanInfilling,RandomSpanInfilling/HumanEval/18/3,3,182,HumanEval/18,short,best_deployable_cal_lite_alpha006,ok,False,104,1,37,1,20,19,19,cal_lite,0.3109162920572256,0.259765625,0.3109162920572256,True,True,False,UnitTestFailure,failed: name 'ng' is not defined,e9e2eec2a03df1949a5d006df9d18af65fa533b8b2b780bb33fe81b63ff5277d,23aa86e3a6011274ad23d966c192ad143e402c73f06af4f863e1b5f429dfb44b,1.7002492551109754,1.272354383021593,0.11015583405969664,0.3177390380296856,0.98828125
47,HumanEval-RandomSpanInfilling,RandomSpanInfilling/HumanEval/19/1,1,190,HumanEval/19,short,best_deployable_cal_lite_alpha006,ok,False,167,1,60,1,9,8,8,cal_lite,0.9314528403417321,0.81640625,0.9314528403417321,True,True,False,UnitTestFailure,failed: 'six',7b09e3092642b3a4c2d063776ae80daca29d25fec37729b398c9938578bd42b7,7cb0a1bac70b0d694c6b3a826518c865f9787cc75e8d44a7e22f8f40ab49e510,1.6955601767986082,1.2680965989711694,0.10872648097574711,0.3187370968516916,0.99609375
48,HumanEval-RandomSpanInfilling,RandomSpanInfilling/HumanEval/22/4,4,223,HumanEval/22,short,best_deployable_cal_lite_alpha006,ok,True,105,1,6,1,3,2,2,cal_lite,0.39637925335039964,0.37109375,0.39637925335039964,True,True,True,,,4cb20291046b4cfd6c5eede224ac2cc63f7599856b595f8240b311acaf9ea437,57c8447a248d98de7c3dc85d85e5ee4d595df0a603dfad5f48c322b5f5a98e0f,1.6773311229189858,1.2521415009978227,0.11039984994567931,0.31478977197548375,1.0
49,HumanEval-RandomSpanInfilling,RandomSpanInfilling/HumanEval/23/2,2,231,HumanEval/23,short,best_deployable_cal_lite_alpha006,ok,False,48,1,3,1,9,8,8,cal_lite,0.4211592986234148,0.369140625,0.4211592986234148,True,True,False,UnitTestFailure,failed: name 'sng' is not defined,4a0f23c764da4313e3e3248fd3007e3030df3fc5faed1c770fc8772430556a63,0c57751a653939ffda7749327ad9911ef768e72a80d416fad4020bec0a6558e4,1.6681924680015072,1.2484549939981662,0.11075625300873071,0.30898122099461034,0.99609375
50,HumanEval-RandomSpanInfilling,RandomSpanInfilling/HumanEval/3/3,3,32,HumanEval/3,medium,best_deployable_cal_lite_alpha006,ok,False,135,9,15,9,7,-2,2,cal_lite,1.0316533181619059,0.91796875,1.0316533181619059,True,True,False,UnitTestFailure,failed: name 'balnce' is not defined,6516d427a129ec9f093be8dae859c800ed9c205dc5db58d178010ade5661e5ca,8d0d6f728e5a65b74ca73587a77316ca8c5f1152367e2be51941c6bbec7cb14f,1.6891911490238272,1.2612886280403472,0.11109148594550788,0.31681103503797203,0.99609375
51,HumanEval-RandomSpanInfilling,RandomSpanInfilling/HumanEval/4/1,1,40,HumanEval/4,medium,best_deployable_cal_lite_alpha006,ok,False,130,9,17,9,9,0,0,cal_lite,1.0116736591271445,0.88671875,1.0116736591271445,True,True,False,UnitTestFailure,failed: name 'somm' is not defined,82dd3392f503484d73383199eea9d36a4212b2e58680ffa194bc2df545d3a1e8,9bf01de450fe7a7e3f6c32905326bbf02de387369f3d8c3127679743d2c17fd6,1.699644673091825,1.2690897079883143,0.11201457504648715,0.3185403900570236,1.0
52,HumanEval-RandomSpanInfilling,RandomSpanInfilling/HumanEval/5/1,1,50,HumanEval/5,medium,best_deployable_cal_lite_alpha006,ok,False,136,9,11,9,7,-2,2,cal_lite,1.0053132334428785,0.89453125,1.0053132334428785,True,True,False,UnitTestFailure,failed: name 'delimter' is not defined,ef284bd664c2b202247d3eb868dcd73e72b0ba7bde070ca558c678c867d4f8e2,6feeec9c0b7a9bc3e500ea96a75ac860fa2f4e9f345bc085794d42dd4160a766,1.6896023108856753,1.2689030449837446,0.1027195289498195,0.3179797369521111,0.9921875
53,HumanEval-RandomSpanInfilling,RandomSpanInfilling/HumanEval/6/5,5,64,HumanEval/6,medium,best_deployable_cal_lite_alpha006,ok,False,188,9,17,9,6,-3,3,cal_lite,0.9482123408818112,0.8515625,0.9482123408818112,True,True,False,UnitTestFailure,failed: name 'paren_group' is not defined,a4a4484ed3f3e3ac6ba03724e7bf4e0e07f1d51fb28f82032d6b4da960445232,ea58f2c188c748d10c40fbd92112de92f04d10197304a8ef50d7f76842c4660c,1.6974959970102645,1.2686119040008634,0.1107020060881041,0.318182086921297,1.0
54,HumanEval-RandomSpanInfilling,RandomSpanInfilling/HumanEval/10/5,5,104,HumanEval/10,medium,best_deployable_cal_lite_alpha006,ok,False,217,9,7,9,15,6,6,cal_lite,1.1166878318972957,0.94921875,1.1166878318972957,True,True,False,UnitTestFailure,failed: ,4243661d32c244bd7a823301aca6ce5c7d8605959d8036fc3b4f626b078522db,91f2fad2e972870e21f9db6f931fc8cc7e3a7821287fd4448a84a5151603f76c,1.708894107840024,1.2814699320006184,0.10748267103917897,0.31994150480022654,0.95703125
55,HumanEval-RandomSpanInfilling,RandomSpanInfilling/HumanEval/14/5,5,144,HumanEval/14,medium,best_deployable_cal_lite_alpha006,ok,False,70,9,13,9,8,-1,1,cal_lite,0.893916190741216,0.7890625,0.893916190741216,True,True,False,UnitTestFailure,failed: name 'raange' is not defined,eb83dfc65f3ffbe32cbda3b1a3e7115feb93e1abc3bbfacf6436b660071b6aed,b2b531048c92e2f526016945ac66a76c2019961b3914a5389d04b388280e558c,1.6921517468290403,1.2551806379924528,0.12387190491426736,0.31309920392232016,0.953125
56,HumanEval-RandomSpanInfilling,RandomSpanInfilling/HumanEval/15/3,3,152,HumanEval/15,medium,best_deployable_cal_lite_alpha006,ok,True,77,9,5,9,8,-1,1,cal_lite,1.0222506933723807,0.90234375,1.0222506933723807,True,True,True,,,a41abc8d8742d47d27bd029b8a21935cf81c2ad20cdff74bc08aacb74a761947,0e216b27571f229322fc5ef3dc469f698dc343178841073b29447f7667e69178,1.668570953886956,1.247516151983291,0.1090197449666448,0.31203505693702027,1.0
57,HumanEval-RandomSpanInfilling,RandomSpanInfilling/HumanEval/17/7,7,176,HumanEval/17,medium,best_deployable_cal_lite_alpha006,ok,False,195,9,18,9,10,1,1,cal_lite,1.1033038706571607,0.9609375,1.1033038706571607,True,True,False,UnitTestFailure,failed: ,11bdf0d37f83bf1caeb4be9d58a3967c73ed33a224b2462d68c98b05c7f8d8bf,ba635c411d78be6a56b41333a0405b0e743ac9c4939c6fc179302ea1191dc609,1.6951127760694362,1.2678775390377268,0.10903509811032563,0.31820013892138377,0.98828125
58,HumanEval-RandomSpanInfilling,RandomSpanInfilling/HumanEval/29/4,4,293,HumanEval/29,medium,best_deployable_cal_lite_alpha006,ok,False,95,9,6,9,8,-1,1,cal_lite,0.8363869309410388,0.73828125,0.8363869309410388,True,True,False,UnitTestFailure,failed: 'str' object has no attribute 'srtswith',1ed07b2c648eb3fc31db0e873e1ae1324f61d4e64227e6b76e29f478427104c1,1b1339dc26c9aab95eb0c1646b3e6a3815d35b22c6ba795db35348872dc1444a,1.675829196930863,1.2540815160027705,0.10765138897113502,0.31409629195695743,0.9921875
59,HumanEval-RandomSpanInfilling,RandomSpanInfilling/HumanEval/38/9,9,388,HumanEval/38,medium,best_deployable_cal_lite_alpha006,ok,False,174,9,1,9,3,-6,6,cal_lite,0.9972067531657423,0.93359375,0.9972067531657423,True,True,False,UnitTestFailure,failed: ,4ffc784028a9e7a967bf905042e4d1595935588547f412a8778650d78e24de45,11f0a5d4da24739186fb07a18a157b712a374d6bd25e6e85da35a9baab299f4d,1.6929185269982554,1.2628571360255592,0.1129253349499777,0.31713605602271855,0.99609375
60,HumanEval-RandomSpanInfilling,RandomSpanInfilling/HumanEval/12/4,4,123,HumanEval/12,long,best_deployable_cal_lite_alpha006,ok,False,135,17,4,17,24,7,7,cal_lite,0.6475797746980635,0.53515625,0.6475797746980635,False,False,False,SyntaxError,"expected an indented block after 'for' statement on line 20 (<unknown>, line 22)",afa56ab0f68421ce15877ab252dc9e23b2e07a6e533069b8a97ce63eaba703e0,135d974e9e89a5f6828bd32c1a48190949b1de6f8b3dd7189381a4b1ae42db88,1.5871058109914884,1.2697117170318961,0.00018843699945136905,0.3172056569601409,1.0
61,HumanEval-RandomSpanInfilling,RandomSpanInfilling/HumanEval/24/5,5,244,HumanEval/24,long,best_deployable_cal_lite_alpha006,ok,False,59,17,3,17,7,-10,10,cal_lite,0.518021666140872,0.4609375,0.518021666140872,False,False,False,SyntaxError,"invalid syntax (<unknown>, line 9)",474d214ccecb33b76e6ddbb71e501bc58ca4bd4940af36eecc62a45ab818d3f7,2a534fc7cf0ffa52e8fb0daaf1b105faef6518c0c26eaa2ab0a7f3008676f45d,1.4832077610190026,1.1823878859868273,0.00013825501082465053,0.3006816200213507,0.96484375
62,HumanEval-RandomSpanInfilling,RandomSpanInfilling/HumanEval/26/10,10,269,HumanEval/26,long,best_deployable_cal_lite_alpha006,ok,False,92,17,13,17,4,-13,13,cal_lite,0.8150511468945435,0.75,0.8150511468945435,False,False,False,SyntaxError,"invalid syntax (<unknown>, line 11)",b74ded0702a0b086474ae375d305295f0eeaef3a99a560692449901b81b42235,3129815770249ade6b66a8d2ea04ccabb6ef1d216116d31bc2d62f3e5d594ca7,1.5565368310781196,1.2457898540305905,0.0001386369694955647,0.3106083400780335,0.9921875
63,HumanEval-RandomSpanInfilling,RandomSpanInfilling/HumanEval/32/5,5,324,HumanEval/32,long,best_deployable_cal_lite_alpha006,ok,False,322,17,48,17,8,-9,9,cal_lite,1.0355266764031907,0.9140625,1.0355266764031907,True,True,False,UnitTestFailure,failed: name 'bgin' is not defined,cf3e05ab2ed56cd69416dd7519541b1ee09ad47bab14efbc854c6f26fef097cd,1ef848d5b5a7707027a69f8c890b4ee6fe93a1d79b6add072f6a74ef381933de,1.900912927929312,1.4290892639546655,0.10754422895843163,0.36427943501621485,0.99609375
64,HumanEval-RandomSpanInfilling,RandomSpanInfilling/HumanEval/43/8,8,437,HumanEval/43,long,best_deployable_cal_lite_alpha006,ok,False,180,17,13,17,5,-12,12,cal_lite,0.8862687888692029,0.8046875,0.8862687888692029,False,False,False,SyntaxError,"'(' was never closed (<unknown>, line 20)",e9f8bdb9773882a73d324c156d58e961f99534be141e297b481e6f51a8063a1e,d4987d9296a6a99581794fba12cef7a93e714c8f3f35918468c221547a797af2,1.586815421062056,1.2681793930241838,0.00013905600644648075,0.3184969720314257,0.99609375
65,HumanEval-RandomSpanInfilling,RandomSpanInfilling/HumanEval/63/7,7,636,HumanEval/63,long,best_deployable_cal_lite_alpha006,ok,True,189,17,15,17,20,3,3,cal_lite,1.0613232826615069,0.88671875,1.0613232826615069,True,True,True,,,a9c6df3eeb8e776339a1dd33bd1bec9bbf2140a2e98ed863af7752e718a176bb,222b5ed6dc28555dc5e2c5f85ca87a6cdd621bedbd3d0977655bfc0caa79211c,1.706502855871804,1.282841153035406,0.10765282198553905,0.316008880850859,0.9921875
66,HumanEval-RandomSpanInfilling,RandomSpanInfilling/HumanEval/67/2,2,671,HumanEval/67,long,best_deployable_cal_lite_alpha006,ok,False,244,17,8,17,10,-7,7,cal_lite,1.0449991945655221,0.91015625,1.0449991945655221,False,False,False,SyntaxError,"inconsistent use of tabs and spaces in indentation (<unknown>, line 18)",44d8a8d3b8147310ede1a4b46b8bfa3df14c7c50f803d42ca7d13e9c70c8c172,5af7338eb099b602e6baed5c1f2739db83a5620bb2a7eaec9429c196cec0ae0b,1.6647853589965962,1.331018064985983,0.0001371639664284885,0.3336301300441846,0.98046875
67,HumanEval-RandomSpanInfilling,RandomSpanInfilling/HumanEval/68/4,4,683,HumanEval/68,long,best_deployable_cal_lite_alpha006,ok,False,345,17,38,17,9,-8,8,cal_lite,0.6685068232117695,0.5859375,0.6685068232117695,False,False,False,SyntaxError,"'(' was never closed (<unknown>, line 36)",db4f98c2724bb2dd88079ab6abfdca1ab42479b3eb9ee4dd08d70400903c28c3,3577be5aae4e0e0509456ccb86c5df035fd372962bf704996ae9135c3198e8bc,1.9598648539977148,1.5700358399772085,0.0001808259985409677,0.3896481880219653,0.984375
68,HumanEval-RandomSpanInfilling,RandomSpanInfilling/HumanEval/73/3,3,732,HumanEval/73,long,best_deployable_cal_lite_alpha006,ok,False,163,17,25,17,13,-4,4,cal_lite,1.0980286662680465,0.94140625,1.0980286662680465,False,False,False,SyntaxError,"invalid syntax (<unknown>, line 15)",70978d74634fae19ae21bc8e1f2d050dd95520ad7758f6f2d9dfa618333b79b7,e29d106c92cc0f5dc4ad587426ab8ba8b9d176e55690e5342864790ade2e8ef0,1.5917927830014378,1.2762867200071923,0.00017078203381970525,0.31533528096042573,0.9609375
69,HumanEval-RandomSpanInfilling,RandomSpanInfilling/HumanEval/77/2,2,771,HumanEval/77,long,best_deployable_cal_lite_alpha006,ok,False,116,17,8,17,10,-7,7,cal_lite,1.0136043689777168,0.8828125,1.0136043689777168,True,True,False,UnitTestFailure,failed: type complex doesn't define __round__ method,f21632bbb11520f126eea6d520fdec2b01efc0221f65941c59c010e3eea83caa,ca1f2e3586f1bef4c513b0964d434c1fe34fc4a654ebb3ac4f24a26a993433bf,1.6987056688521989,1.2716099220560864,0.11294094688491896,0.31415479991119355,1.0
70,HumanEval-RandomSpanInfilling,RandomSpanInfilling/HumanEval/95/6,6,955,HumanEval/95,extreme,best_deployable_cal_lite_alpha006,ok,False,187,141,18,141,3,-138,138,cal_lite,0.5465861283042353,0.51171875,0.5465861283042353,False,False,False,SyntaxError,"unindent does not match any outer indentation level (<unknown>, line 16)",e3a38b418db3ad0e50717964c12685a571e70431a2b1d9f2e6429a7ed303749c,6e5bb82d3de9d423671c45e2fc27dec252d766ea28cfee6f11a935323d85c82e,1.5826037698425353,1.2654534809989855,0.00011968001490458846,0.3170306088286452,0.9609375
71,HumanEval-RandomSpanInfilling,RandomSpanInfilling/HumanEval/124/6,6,1245,HumanEval/124,extreme,best_deployable_cal_lite_alpha006,ok,False,329,131,3,131,13,-118,118,cal_lite,1.148146157259534,0.984375,1.148146157259534,False,False,False,SyntaxError,"expected 'except' or 'finally' block (<unknown>, line 26)",c6779081424bf4c91b44b2e7eafc2e2bbd5bd8331aca1b56a6a914f85197af8c,88b973feff8f2c4bafa0e28663332c98da33ec3e088a1298298a7c46aa1c9138,1.7605668958858587,1.4099531510146335,0.00017610902432352304,0.3504376358469017,0.9453125
72,HumanEval-RandomSpanInfilling,RandomSpanInfilling/HumanEval/129/6,6,1295,HumanEval/129,extreme,best_deployable_cal_lite_alpha006,ok,False,471,120,13,120,3,-117,117,cal_lite,0.8803791837572035,0.82421875,0.8803791837572035,False,False,False,SyntaxError,"expected an indented block after 'if' statement on line 38 (<unknown>, line 41)",87c0fb003246f9e0f2cf1a519e7171976c50266ee4478fbe00d164a31db12ab3,425765c4b07eb05cdfd4fe10cb589ca274c109f409b5e0bfda2a225b4bc7dcbd,1.9836554802022874,1.5873305620043539,0.0002465489669702947,0.3960783692309633,0.99609375
73,HumanEval-RandomSpanInfilling,RandomSpanInfilling/HumanEval/39/2,2,391,HumanEval/39,extreme,best_deployable_cal_lite_alpha006,ok,False,106,117,6,117,4,-113,113,cal_lite,1.0018337013912098,0.921875,1.0018337013912098,True,True,False,UnitTestFailure,failed: name 'imp' is not defined,836481b245ceab09bb0211c7436cc767039d57cbe686709b367c5fdb0f3c02d7,83493a197255f973978f6f6985e86b888e62ac8a26aea0554fe3ba5f66f06352,1.6728953170822933,1.2512215320020914,0.11084436101373285,0.3108294240664691,1.0
74,HumanEval-RandomSpanInfilling,RandomSpanInfilling/HumanEval/94/2,2,941,HumanEval/94,extreme,best_deployable_cal_lite_alpha006,ok,False,331,114,3,114,9,-105,105,cal_lite,0.4657264201708661,0.408203125,0.4657264201708661,False,False,False,SyntaxError,"unindent does not match any outer indentation level (<unknown>, line 15)",e6aabf02a825b3526f8cc66439a9b72fc58a5354151c9cb1d31ab432fa009ae0,404f3b57902aaba1a0fdedb70f535cbc0aefbf7491bdbac20f027d3ad54725f8,1.7588340259972028,1.4074895970406942,9.887997293844819e-05,0.3512455489835702,0.98828125
75,HumanEval-RandomSpanInfilling,RandomSpanInfilling/HumanEval/156/1,1,1560,HumanEval/156,extreme,best_deployable_cal_lite_alpha006,ok,False,171,114,15,114,9,-105,105,cal_lite,1.0339572199008702,0.90625,1.0339572199008702,False,False,False,SyntaxError,"unexpected indent (<unknown>, line 15)",8132640b2ce8e67e55cc81721c20ed65a79d87a743644828239cb7b9197b6009,ca9048a7fe48c0ead567ba66d61c382f554e751dfbc40ec3b7e6ea584fbc21cd,1.5809639969374985,1.2660702180000953,0.00016329099889844656,0.31473048793850467,0.9765625
76,HumanEval-RandomSpanInfilling,RandomSpanInfilling/HumanEval/99/2,2,991,HumanEval/99,extreme,best_deployable_cal_lite_alpha006,ok,False,171,113,12,113,6,-107,107,cal_lite,0.6611388798808959,0.59375,0.6611388798808959,False,False,False,SyntaxError,"unindent does not match any outer indentation level (<unknown>, line 21)",3e905e190e93e64f8bfb34753a4e397870cac96b0e07a9cad063f67e2b805b93,cb80b1817ae2ea3df0b179ca869e379ac25bb8a20e1af2a82ead99d5b8583452,1.5750268711708486,1.2608024739893153,0.00012012000661343336,0.31410427717491984,0.99609375
77,HumanEval-RandomSpanInfilling,RandomSpanInfilling/HumanEval/141/10,10,1419,HumanEval/141,extreme,best_deployable_cal_lite_alpha006,ok,False,240,110,12,110,4,-106,106,cal_lite,0.9084424241428766,0.8359375,0.9084424241428766,True,True,False,UnitTestFailure,failed: name 'file_n' is not defined,27557fc98dc525a6023312122c593420ee36a8a7686c3e924813f58ad816fcb0,272302c9629c0b08add3c9134024ccfbb7c2956b192174eff6536fde3b9a8a4f,1.7083913880051114,1.2685777790029533,0.10938311205245554,0.3304304969497025,0.99609375
78,HumanEval-RandomSpanInfilling,RandomSpanInfilling/HumanEval/105/4,4,1053,HumanEval/105,extreme,best_deployable_cal_lite_alpha006,ok,False,317,108,3,108,5,-103,103,cal_lite,0.8561528591503466,0.77734375,0.8561528591503466,True,True,False,UnitTestFailure,failed: Error,c67948f8aea6a35c97e2aea7d63e9f38b2a76b5c381e0b82985fdf8ea55ff433,264311ca83527a75742af45c7dc423952ba6d627ca3da6460053924745fffbe9,1.862655216944404,1.3985081409919076,0.11412938998546451,0.35001768596703187,1.0
79,HumanEval-RandomSpanInfilling,RandomSpanInfilling/HumanEval/20/1,1,200,HumanEval/20,extreme,best_deployable_cal_lite_alpha006,ok,False,186,107,2,107,10,-97,97,cal_lite,0.6458364120919966,0.5625,0.6458364120919966,False,False,False,SyntaxError,"expected an indented block after 'for' statement on line 15 (<unknown>, line 16)",252753df0656cdde78fd10a4fa6b1d3ef883301a2f67c4637de4485c57290fba,43b10bc5e23080997ce223292ea25e4f7d857058a195741b9d8cd295a37a2527,1.5893307268852368,1.271480667986907,0.00017834198661148548,0.31767171691171825,0.99609375
80,HumanEval-RandomSpanInfillingLight,RandomSpanInfillingLight/HumanEval/23/1,1,23,HumanEval/23,short,best_deployable_cal_lite_alpha006,ok,False,48,2,3,2,3,1,1,cal_lite,0.43810338528202064,0.41015625,0.43810338528202064,True,True,False,UnitTestFailure,failed: name '__len__' is not defined,28799c75fcadfc7496fb4e9ee1192ae003cb6462d50a33f172ba9f72b17c2250,026bc27ddf58fdb6a773e2eb20ad6bbdf21e39ccf364f4c3ee3c6c9d217e8a52,1.6624939449247904,1.2449964879779145,0.11201930308016017,0.30547815386671573,1.0
81,HumanEval-RandomSpanInfillingLight,RandomSpanInfillingLight/HumanEval/28/1,1,28,HumanEval/28,short,best_deployable_cal_lite_alpha006,ok,True,66,2,5,2,7,5,5,cal_lite,0.7067922732939015,0.62890625,0.7067922732939015,True,True,True,,,78adbe3d52ffa0b20e10e58dd64a1f02de304e52c56a63cebbf62253562d46e9,60945b2d20e89a21b48804f47a051ee9aea461b4994521005f7a16b375ad3957,1.6770071850041859,1.2529430949944071,0.11281607102137059,0.31124801898840815,0.99609375
82,HumanEval-RandomSpanInfillingLight,RandomSpanInfillingLight/HumanEval/51/1,1,51,HumanEval/51,short,best_deployable_cal_lite_alpha006,ok,False,150,2,19,2,3,1,1,cal_lite,0.8803791837572035,0.82421875,0.8803791837572035,True,True,False,UnitTestFailure,failed: ,05c4def3cbbe9e14dd29a5f7a5eae5af45b969b85582c25d3683f6e5f84f20f1,d0bca111f8628137adc4c16f123496dcdd1d590d06cb5d9acd68b39fe656fb97,1.6963537269621156,1.2652508750325069,0.11379005998605862,0.3173127919435501,1.0
83,HumanEval-RandomSpanInfillingLight,RandomSpanInfillingLight/HumanEval/53/1,1,53,HumanEval/53,short,best_deployable_cal_lite_alpha006,ok,True,58,2,1,2,3,1,1,cal_lite,1.0472757114836875,0.98046875,1.0472757114836875,True,True,True,,,053f7d2a9893e264282b5d542425566d9e36dbb65e8078d4b8763523511f2652,a2a07576dbcaccbde024d47c15418064b8879a3cd35ef4b17e01d864d1659a4a,1.6609434690326452,1.2479766989708878,0.11060237692436203,0.3023643931373954,1.0
84,HumanEval-RandomSpanInfillingLight,RandomSpanInfillingLight/HumanEval/34/1,1,34,HumanEval/34,short,best_deployable_cal_lite_alpha006,ok,True,81,3,4,3,3,0,0,cal_lite,0.6467240449401257,0.60546875,0.6467240449401257,True,True,True,,,cf338a0e9f109515ff6f821f20a557e5015603c8c8cb6ed6f2446513c69bed8d,f8804d3f64f54c7bfda5c65691beec42a985737ee502f1c65315f444d08da639,1.671658035076689,1.248172445979435,0.11050894600339234,0.31297664309386164,0.99609375
85,HumanEval-RandomSpanInfillingLight,RandomSpanInfillingLight/HumanEval/41/1,1,41,HumanEval/41,short,best_deployable_cal_lite_alpha006,ok,False,161,3,1,3,3,0,0,cal_lite,0.7259998956102057,0.6796875,0.7259998956102057,True,True,False,UnitTestFailure,failed: ,3ef4a795fc2208785b34d1383257015c3243b4931a690645904dbb4ddfa6ee10,74d01a0c051c963d9a9b8ab9dbeab1723f0ad8534ea9fa6a942f358d7fa011b4,1.6917416830547154,1.2633589000324719,0.11047892400529236,0.3179038590169512,0.9921875
86,HumanEval-RandomSpanInfillingLight,RandomSpanInfillingLight/HumanEval/58/1,1,58,HumanEval/58,short,best_deployable_cal_lite_alpha006,ok,True,171,3,3,3,3,0,0,cal_lite,0.6675861109059362,0.625,0.6675861109059362,True,True,True,,,114d7cfa0344b0a52032e234c42082d19de25d929e53da84ca6a85a46fb698b7,f8804d3f64f54c7bfda5c65691beec42a985737ee502f1c65315f444d08da639,1.6957680619088933,1.267948214954231,0.10981444403296337,0.318005402921699,0.99609375
87,HumanEval-RandomSpanInfillingLight,RandomSpanInfillingLight/HumanEval/62/1,1,62,HumanEval/62,short,best_deployable_cal_lite_alpha006,ok,False,132,3,1,3,3,0,0,cal_lite,0.5674481942700458,0.53125,0.5674481942700458,True,True,False,UnitTestFailure,failed: ,96c5ca02b59c41973dcff18aa3ae1c1c19a40e8cd814849fba3f4fd0066e89db,6a3cf5192354f71615ac51034b3e97c20eda99643fcaf5bbe6d41ad59bd12167,1.686786251142621,1.2598024680046365,0.11081115395063534,0.31617262918734923,0.9453125
88,HumanEval-RandomSpanInfillingLight,RandomSpanInfillingLight/HumanEval/99/1,1,99,HumanEval/99,short,best_deployable_cal_lite_alpha006,ok,True,182,3,110,3,3,0,0,cal_lite,0.9805171003930939,0.91796875,0.9805171003930939,True,True,True,,,c0b95fd3d21d855fd284417f29c58f3304a2a905eef0b1d165e7d211da0e64e2,c26ba1f030ba120eb676545375d88c5b8d9c9a9c201921aaedb1227efc2ce6c4,1.8266238858923316,1.3725700419745408,0.10871745203621686,0.34533639188157395,1.0
89,HumanEval-RandomSpanInfillingLight,RandomSpanInfillingLight/HumanEval/7/1,1,7,HumanEval/7,short,best_deployable_cal_lite_alpha006,ok,True,107,4,2,4,4,0,0,cal_lite,1.078244746412573,0.9921875,1.078244746412573,True,True,True,,,1cf8013f4253f18c046017b20a1e6a66bc82a0472156f2f32f3e11a41edba656,c5110b7fe667b6849364f55e32c9108071a36295bd2f08d87ce53acc9c52b9cd,1.6770078049157746,1.2539884819998406,0.10929660202236846,0.31372272089356557,1.0
90,HumanEval-RandomSpanInfillingLight,RandomSpanInfillingLight/HumanEval/19/1,1,19,HumanEval/19,medium,best_deployable_cal_lite_alpha006,ok,True,218,9,2,9,5,-4,4,cal_lite,0.7356891402749208,0.66796875,0.7356891402749208,True,True,True,,,8cd82d499b0e9150949037f9cf3a7434d307cac5c6aec9b55fdb130f777ac2ee,a649b61bcf28738a33205959b0062ecd6c31dc5e635ccac561d8ec00f74d0eba,1.7131992159411311,1.280983385979198,0.11185878800461069,0.3203570419573225,0.98046875
91,HumanEval-RandomSpanInfillingLight,RandomSpanInfillingLight/HumanEval/30/1,1,30,HumanEval/30,medium,best_deployable_cal_lite_alpha006,ok,True,129,9,2,9,9,0,0,cal_lite,1.1141780386862825,0.9765625,1.1141780386862825,True,True,True,,,1789ed4290a0ad8813d7f487d2c1b7292caae0c488c0d5620ee30ebe2b7c31b2,bc1ea1f32cc25741b3ca1d1c49c913ae2be8e005d4657b91f4e52cc6f90f372f,1.6941604911116883,1.2708471220103092,0.10600186802912503,0.31731150107225403,0.984375
92,HumanEval-RandomSpanInfillingLight,RandomSpanInfillingLight/HumanEval/52/1,1,52,HumanEval/52,medium,best_deployable_cal_lite_alpha006,ok,True,95,9,5,9,15,6,6,cal_lite,1.0615427537789106,0.90234375,1.0615427537789106,True,True,True,,,c2e30f630ba8efbd6d7f0bfbbb2f4322c623fa11c930ef21391ed6d79b821cb9,d6121d022686eaed96318f1dc1447af7119bfaee90a260de42760a0e1de62e23,1.6743741389364004,1.255926035984885,0.10645573900546879,0.3119923639460467,0.99609375
93,HumanEval-RandomSpanInfillingLight,RandomSpanInfillingLight/HumanEval/57/1,1,57,HumanEval/57,medium,best_deployable_cal_lite_alpha006,ok,False,96,9,10,9,6,-3,3,cal_lite,0.8438219914269329,0.7578125,0.8438219914269329,True,True,False,UnitTestFailure,failed: ,5273415fd55a736c4e77bcf5b8c0a478f20801f590d6eab1d5c47c598bc1e35f,53f9006ebbd4419a8928ad43c2dcc4d6163acb63e0c375bab19f6498f178c0b8,1.6773939668782987,1.2538311620010063,0.10972191096516326,0.3138408939121291,1.0
94,HumanEval-RandomSpanInfillingLight,RandomSpanInfillingLight/HumanEval/90/1,1,90,HumanEval/90,medium,best_deployable_cal_lite_alpha006,ok,False,128,9,17,9,5,-4,4,cal_lite,1.088475745552953,0.98828125,1.088475745552953,True,True,False,UnitTestFailure,failed: ,74932f03794816ab5cace28e06d56b3447ca08fc75a7b2293904938eb268725d,356af033b33671934dd350514bf1b1605de73f9c41915e4a3d42d43a2fd87ad9,1.6935404980322346,1.2677898780093528,0.10891671397257596,0.3168339060503058,1.0
95,HumanEval-RandomSpanInfillingLight,RandomSpanInfillingLight/HumanEval/97/1,1,97,HumanEval/97,medium,best_deployable_cal_lite_alpha006,ok,True,123,9,8,9,7,-2,2,cal_lite,1.0843334875999606,0.96484375,1.0843334875999606,True,True,True,,,beb49e9097b46d78e97177c0a3120144080760de640f02c6fe6f3b0d1b1ffe40,931be91b99f0e7b4bb2a674f5cb653ff23b4e7135f97b45535c5b5413d19d797,1.6973646291298792,1.2696327879675664,0.10973157698754221,0.31800026417477056,1.0
96,HumanEval-RandomSpanInfillingLight,RandomSpanInfillingLight/HumanEval/133/1,1,133,HumanEval/133,medium,best_deployable_cal_lite_alpha006,ok,False,168,9,21,9,5,-4,4,cal_lite,1.0970802969011977,0.99609375,1.0970802969011977,True,True,False,UnitTestFailure,failed: name 'math' is not defined,0f4c2d22625208a25e7c4688f0388c77c9cbe37273c579e6684a450f8f0ffda6,5a7154d26f4f120364cc70131f9e9601c62dadadb544a0ab5f1d0600723b5766,1.6933454317622818,1.2645525090047158,0.11179172195261344,0.31700120080495253,1.0
97,HumanEval-RandomSpanInfillingLight,RandomSpanInfillingLight/HumanEval/152/1,1,152,HumanEval/152,medium,best_deployable_cal_lite_alpha006,ok,False,249,9,2,9,4,-5,5,cal_lite,0.9678732369372705,0.890625,0.9678732369372705,True,True,False,UnitTestFailure,failed: 'type' object is not iterable,55b9e34627252be0fb528091076b5a63c1e62acdf1ac46c4230346de5a021752,e138c6fac0649a78e07df662b4274374317fe1f3d79945b299b4eb10cfd1e2a8,1.7094193058437668,1.274248031026218,0.10297991201514378,0.3321913628024049,0.99609375
98,HumanEval-RandomSpanInfillingLight,RandomSpanInfillingLight/HumanEval/10/1,1,10,HumanEval/10,medium,best_deployable_cal_lite_alpha006,ok,False,224,10,1,10,7,-3,3,cal_lite,0.8911728663270932,0.79296875,0.8911728663270932,True,True,False,UnitTestFailure,failed: ,1678d83353733f55ae20da5113ba2aa31272e623c0278011a763bb7f6d171ae4,b51212704b648bec46c120523714a4194a4d06b2b3fad5d899edef4438814bd1,1.7118496671319008,1.2797094300040044,0.11268309300066903,0.31945714412722737,0.9140625
99,HumanEval-RandomSpanInfillingLight,RandomSpanInfillingLight/HumanEval/22/1,1,22,HumanEval/22,medium,best_deployable_cal_lite_alpha006,ok,False,100,10,2,10,4,-6,6,cal_lite,1.0612645141856034,0.9765625,1.0612645141856034,True,True,False,UnitTestFailure,failed: ,72c4dddc830abdc5bc45619beb607e2086a74409b97fbabc32f23629c08e88c9,e1555cc816f079648251c859cd486870df7b5f794e31d98c6e2329d63581b541,1.6749120078748092,1.248796992993448,0.11239657900296152,0.31371843587839976,1.0
100,HumanEval-RandomSpanInfillingLight,RandomSpanInfillingLight/HumanEval/5/1,1,5,HumanEval/5,long,best_deployable_cal_lite_alpha006,ok,False,122,17,16,17,3,-14,14,cal_lite,0.8970688365298518,0.83984375,0.8970688365298518,False,False,False,SyntaxError,"expected an indented block after 'for' statement on line 17 (<unknown>, line 19)",bf41518d563e4878bf44966c1680342f2b0c53c357a867b1353a04d22d434a84,79aefcec211f76df80e4e43304c827ab00a2aa4833879b34c407f8ceb04ea575,1.5918354401364923,1.2652161509613506,0.00019042898202314973,0.32642886019311845,0.99609375
101,HumanEval-RandomSpanInfillingLight,RandomSpanInfillingLight/HumanEval/13/1,1,13,HumanEval/13,long,best_deployable_cal_lite_alpha006,ok,True,72,17,5,17,16,-1,1,cal_lite,1.1394733881761483,0.96484375,1.1394733881761483,True,True,True,,,62672de9ad427cb0e1e62fe00b0ce7e76315cd01b5dee7ff275f69f827126100,a1941f6d612c88f17a5792a435e56eebf25e3bb6aa87c7dbbfb8d221e293fa8c,1.6869889310910366,1.2636944180121645,0.11007255996810272,0.3132219531107694,1.0
102,HumanEval-RandomSpanInfillingLight,RandomSpanInfillingLight/HumanEval/36/1,1,36,HumanEval/36,long,best_deployable_cal_lite_alpha006,ok,True,106,17,48,17,20,3,3,cal_lite,0.6732623467103832,0.5625,0.6732623467103832,True,True,True,,,b9536b5bd0e3a9c938a2fd965b321d294806bb9d503b7684edbf16c9a7cec4c1,bdfd392d445e000753aed6a70d4ad23145cd2c40212cb20b41310b7026ab8d57,1.7162543910671957,1.274439625965897,0.12382796697784215,0.31798679812345654,0.9921875
103,HumanEval-RandomSpanInfillingLight,RandomSpanInfillingLight/HumanEval/65/1,1,65,HumanEval/65,long,best_deployable_cal_lite_alpha006,ok,False,121,17,1,17,16,-1,1,cal_lite,0.6873746349726563,0.58203125,0.6873746349726563,True,True,False,UnitTestFailure,failed: ,14ce478e4b0196bc5ebdc09f63b3059d2385edecaa1272af95a15798786a1bb1,2f2f921bd76e0d31cfb861ad65fb0443bf92b06d3318b2a9c8f77f677a2b96ab,1.6953831969294697,1.2685623689903878,0.11053997202543542,0.3162808559136465,0.9765625
104,HumanEval-RandomSpanInfillingLight,RandomSpanInfillingLight/HumanEval/87/1,1,87,HumanEval/87,long,best_deployable_cal_lite_alpha006,ok,True,291,17,29,17,16,-1,1,cal_lite,1.0472083365019664,0.88671875,1.0472083365019664,True,True,True,,,604f9e63f5c04326e5a8148db1b291589bb681f74b1cfa38326ad286c9f748b6,e328cef9e61eb117afd63d8a022888be6df6893356fed38c4b0acf4b34d47ced,1.86667687993031,1.4052742309868336,0.11190363200148568,0.3494990169419907,1.0
105,HumanEval-RandomSpanInfillingLight,RandomSpanInfillingLight/HumanEval/151/1,1,151,HumanEval/151,long,best_deployable_cal_lite_alpha006,ok,True,162,17,2,17,13,-4,4,cal_lite,0.7153132805148684,0.61328125,0.7153132805148684,True,True,True,,,6076ca74821bc1a6c1799a589f3e6e94785c51363eb124560052f3f6e237ce52,a144d658feb06dd93563fa771c657a7ba376d384b0ba128f516259a61085d0b3,1.7050038049346767,1.2731692300294526,0.11334299802547321,0.31849157687975094,0.99609375
106,HumanEval-RandomSpanInfillingLight,RandomSpanInfillingLight/HumanEval/0/1,1,0,HumanEval/0,long,best_deployable_cal_lite_alpha006,ok,False,151,18,18,18,11,-7,7,cal_lite,1.0058852940409253,0.87109375,1.0058852940409253,True,True,False,UnitTestFailure,failed: 'float' object is not iterable,1bf9166cd46b6ed74b1a2c0c4729a02f54787245a2b83bd31c0323ece5c46268,e74a13a22a476e80e84a021c2dc75fbe6f33d2f08248bfa642a4912a1c9e574b,1.6952791640651412,1.2627054629847407,0.11559461598517373,0.31697908509522676,1.0
107,HumanEval-RandomSpanInfillingLight,RandomSpanInfillingLight/HumanEval/14/1,1,14,HumanEval/14,long,best_deployable_cal_lite_alpha006,ok,False,65,19,5,19,16,-3,3,cal_lite,1.0748878520042209,0.91015625,1.0748878520042209,True,True,False,UnitTestFailure,failed: ,a6faece6974c779b8e8ba10d20da15d19d00b4d5cf36fae022ed86bffe2e52b2,798e0c4c60dd2feeff4572a4cf27155d50231d0ee3cef7b5f451da74d425172c,1.6805287591414526,1.2540969210094772,0.11567551997723058,0.3107563181547448,1.0
108,HumanEval-RandomSpanInfillingLight,RandomSpanInfillingLight/HumanEval/24/1,1,24,HumanEval/24,long,best_deployable_cal_lite_alpha006,ok,False,58,19,1,19,5,-14,14,cal_lite,0.937896096958671,0.8515625,0.937896096958671,False,False,False,SyntaxError,"expected an indented block after 'for' statement on line 9 (<unknown>, line 9)",d168b997934ea55f1036f72c81f763077b5e2782ab6191098756b830b3a9ae75,b018a7d7c68b6a5412672c60430afe610ea5745d078a667b295a662e4ef93416,1.547345373139251,1.243511009030044,0.00012841203715652227,0.3037059520720504,0.890625
109,HumanEval-RandomSpanInfillingLight,RandomSpanInfillingLight/HumanEval/46/1,1,46,HumanEval/46,long,best_deployable_cal_lite_alpha006,ok,False,226,19,17,19,15,-4,4,cal_lite,0.7996036327165821,0.6796875,0.7996036327165821,True,True,False,UnitTestFailure,failed: ,afa4404f25525c583da3ec0848d8af686782609a802a926709d78c855508d780,ce61b2891d633b23618ab7a5e81b8efb1913cb2b0e1fe7b3336f3888ff1b337b,1.7637956031248905,1.3309602229855955,0.11122083605732769,0.3216145440819673,1.0
110,HumanEval-RandomSpanInfillingLight,RandomSpanInfillingLight/HumanEval/129/1,1,129,HumanEval/129,extreme,best_deployable_cal_lite_alpha006,ok,False,446,111,47,111,9,-102,102,cal_lite,0.8378618850920844,0.734375,0.8378618850920844,True,True,False,UnitTestFailure,failed: ,cb7e2a405a0bd1ba47985c7d8cb2f317c541e46c5be80f31bc7a9701f3db59ca,5dbe00febb68293e3489bd544e35d236d111dc6f5a78066f489492b8b1102831,2.1190501148230396,1.5955280240159482,0.11230215395335108,0.41121993685374036,1.0
111,HumanEval-RandomSpanInfillingLight,RandomSpanInfillingLight/HumanEval/148/1,1,148,HumanEval/148,extreme,best_deployable_cal_lite_alpha006,ok,False,220,88,52,88,16,-72,72,cal_lite,0.7104408978912018,0.6015625,0.7104408978912018,True,True,False,UnitTestFailure,failed: name 'planet_names' is not defined,c33a8a3178e3a042ee33f4f7708f721d6cb1f1bab945e857132a8226629e71c7,ced698ac54a46dae984158c1499bbd70c3c1317ac16fcfc801cb3870dfaa7461,1.823607123165857,1.374185769003816,0.10819199902471155,0.34122935513732955,0.99609375
112,HumanEval-RandomSpanInfillingLight,RandomSpanInfillingLight/HumanEval/124/1,1,124,HumanEval/124,extreme,best_deployable_cal_lite_alpha006,ok,False,342,85,37,85,20,-65,65,cal_lite,1.0659987156247734,0.890625,1.0659987156247734,True,True,False,UnitTestFailure,failed: ,bfd3fe87c0b30346f6cc5d94d16e96adac621a3689747ab9777ea87392810a3f,b895aff0a5f8fa2350f094945716c2b6e22fe07370614d44420d764179e35680,2.0753387389704585,1.5796775839990005,0.11116763000609353,0.3844935249653645,0.9765625
113,HumanEval-RandomSpanInfillingLight,RandomSpanInfillingLight/HumanEval/20/1,1,20,HumanEval/20,extreme,best_deployable_cal_lite_alpha006,ok,False,208,80,7,80,3,-77,77,cal_lite,0.9805171003930939,0.91796875,0.9805171003930939,True,True,False,UnitTestFailure,failed: ,055813c2f8a615ffab125791c1325a57bd1a3237aa0df1bb76d7a22022709893,da1aaeaec34b05ee4c2041d44f2c00c4905d37a195ef93365ed8e9cf0130269c,1.6937575837946497,1.2632496789447032,0.1117756610037759,0.3187322438461706,0.9921875
114,HumanEval-RandomSpanInfillingLight,RandomSpanInfillingLight/HumanEval/105/1,1,105,HumanEval/105,extreme,best_deployable_cal_lite_alpha006,ok,False,296,79,52,79,4,-75,75,cal_lite,0.9169325402563614,0.84375,0.9169325402563614,True,True,False,UnitTestFailure,failed: Error,9fda73e044252bd954421c6774a8634a286cfaa7d5bc1e304288376828ec6738,359bebac8b8f4a60ffc1d629632f891e19ef478cd6f360943013f9fa5ee7f306,1.8778362447628751,1.4118085879599676,0.11250246001873165,0.35352519678417593,0.98828125
115,HumanEval-RandomSpanInfillingLight,RandomSpanInfillingLight/HumanEval/141/1,1,141,HumanEval/141,extreme,best_deployable_cal_lite_alpha006,ok,False,248,72,41,72,16,-56,56,cal_lite,0.899584253823275,0.76171875,0.899584253823275,True,True,False,UnitTestFailure,failed: ,cb223a5cb8a2e8914d40c6872c88e5efb78e604e8ced8c07c4c3b2fc6076cd75,67212e64bf004c13a62639cf207bd9007b1d9c071bc7e58e2f2ded63c0e8cb26,1.839122778037563,1.3860381580307148,0.10863545699976385,0.3444491630070843,1.0
116,HumanEval-RandomSpanInfillingLight,RandomSpanInfillingLight/HumanEval/6/1,1,6,HumanEval/6,extreme,best_deployable_cal_lite_alpha006,ok,False,121,70,22,70,3,-67,67,cal_lite,0.6342068053606394,0.59375,0.6342068053606394,True,True,False,UnitTestFailure,failed: name 'parse_paren_group' is not defined,5c4c3dabc9ada6c756cd3996eb11417c069d693f4fbf830188924fea6dd2ae43,01bc6ed4f32eedc2e9fa1aab16261883df14a4f0fa1e4912de044ab6022a1758,1.698554449074436,1.2702787889866158,0.10917175601935014,0.31910390406847,0.98046875
117,HumanEval-RandomSpanInfillingLight,RandomSpanInfillingLight/HumanEval/132/1,1,132,HumanEval/132,extreme,best_deployable_cal_lite_alpha006,ok,False,163,70,47,70,5,-65,65,cal_lite,0.9766165780257722,0.88671875,0.9766165780257722,True,True,False,UnitTestFailure,failed: This prints if this assert fails 1 (good for debugging!),f36ff488daf3ddec0609cf7538a5710da34cd2e104c4966703e5077e05572db6,9415e691c0c32498872352d922a16305e46264d2001dfb953b10401d5a1f9008,1.7014959118678235,1.2731546809663996,0.10896558500826359,0.31937564589316025,0.99609375
118,HumanEval-RandomSpanInfillingLight,RandomSpanInfillingLight/HumanEval/119/1,1,119,HumanEval/119,extreme,best_deployable_cal_lite_alpha006,ok,False,178,69,50,69,11,-58,58,cal_lite,0.7217114217333993,0.625,0.7217114217333993,True,True,False,UnitTestFailure,failed: name 'balance' is not defined,37b273b1a953327ccd7346ee48ebac216349d8f2abdc5b82e46906b9c504cf9e,22303192fa6611f6342156c605c9fce296ceb95d21f82b13ca9672c3a174a0f0,1.7084194528870285,1.2790562330046669,0.11025559098925442,0.3191076288931072,0.9296875
119,HumanEval-RandomSpanInfillingLight,RandomSpanInfillingLight/HumanEval/108/1,1,108,HumanEval/108,extreme,best_deployable_cal_lite_alpha006,ok,False,135,65,27,65,20,-45,45,cal_lite,0.8743059641308448,0.73046875,0.8743059641308448,True,True,False,UnitTestFailure,failed: invalid literal for int() with base 10: '-',fb48810dd0fbd0b64438ca0396e85882a5b5dab1d7a7289869256d9b60709c49,e127d930444d4237a4f059d1d2ddfb0d7223aeccb03c45127ea4a0af4ad134ff,1.7078308780910447,1.2779208270367235,0.1112810610793531,0.31862898997496814,0.97265625
0,HumanEval-MultiLineInfilling,MultiLineInfilling/HumanEval/19/L11_L11,L11_L11,514,HumanEval/19,short,oracle_sufficient_canvas,ok,True,196,3,27,3,3,0,0,oracle,,,,True,True,True,,,87b64884bd6d975b360ebf3292114006500c249dd3c68c21977b705eb7a5004f,4893f40e3781eb896c82d046a08067a11e35cdf2f1dfaf26fea90b8db6676413,1.3901808739756234,1.2819818049902096,0.10819906898541376,0.0,1.0
1,HumanEval-MultiLineInfilling,MultiLineInfilling/HumanEval/95/L8_L8,L8_L8,2584,HumanEval/95,short,oracle_sufficient_canvas,ok,True,237,3,104,3,3,0,0,oracle,,,,True,True,True,,,ae78bda3ea64bac636429fcfbff2ddbecc41552c57997c1772257ce8c0c96d19,71bd59baf1098ae96fd7864f36e8822c5111ae0fd70f6ab82636fee2e85f4ab4,1.5141335910302587,1.4038064799970016,0.1103271110332571,0.0,1.0
2,HumanEval-MultiLineInfilling,MultiLineInfilling/HumanEval/96/L6_L6,L6_L6,2734,HumanEval/96,short,oracle_sufficient_canvas,ok,True,209,3,17,3,3,0,0,oracle,,,,True,True,True,,,f45a250f0bb385f1d6fef6f54f5ff412d62d0e629e63c6d9fbdee7f072cf18ba,71bd59baf1098ae96fd7864f36e8822c5111ae0fd70f6ab82636fee2e85f4ab4,1.3776920620002784,1.2718116430332884,0.10588041896698996,0.0,1.0
3,HumanEval-MultiLineInfilling,MultiLineInfilling/HumanEval/105/L10_L10,L10_L10,3161,HumanEval/105,short,oracle_sufficient_canvas,ok,True,372,3,51,3,3,0,0,oracle,,,,True,True,True,,,4732c5b95c79258ae34bafa30232f364868dac2ac475428b3c18a3fa3aeec467,4893f40e3781eb896c82d046a08067a11e35cdf2f1dfaf26fea90b8db6676413,1.6928567030117847,1.585179599991534,0.1076771030202508,0.0,1.0
4,HumanEval-MultiLineInfilling,MultiLineInfilling/HumanEval/150/L5_L5,L5_L5,5457,HumanEval/150,short,oracle_sufficient_canvas,ok,True,130,3,8,3,3,0,0,oracle,,,,True,True,True,,,d8e5b04576d26a538e4ea07d2b5a8bd45dc6d8e2f1aba74cb6c14aae824e1f5e,941c30a77d66fbe30631de4c2da448281ef23a3fdfedcf5ffbd17fbdfcc12be8,1.3763007839443162,1.2669854349805973,0.10931534896371886,0.0,1.0
5,HumanEval-MultiLineInfilling,MultiLineInfilling/HumanEval/0/L5_L5,L5_L5,25,HumanEval/0,short,oracle_sufficient_canvas,ok,True,176,4,5,4,4,0,0,oracle,,,,True,True,True,,,40560c20a6f56877abd19fa87e39aa5d43f3bff6b7417c68e11fc772c096a6c9,b13aeb0fbdec07eaf4ec839389b98c230ffedccbc6d4f88964739210307cbca9,1.3786043449654244,1.2653497999999672,0.11325454496545717,0.0,1.0
6,HumanEval-MultiLineInfilling,MultiLineInfilling/HumanEval/1/L16_L16,L16_L16,132,HumanEval/1,short,oracle_sufficient_canvas,ok,False,216,4,0,4,4,0,0,oracle,,,,False,False,False,SyntaxError,"unterminated string literal (detected at line 28) (<unknown>, line 28)",88bc71f49dcbc3ce52833fc695ec2d81c9122a95c0fb28489289f594e4266dca,482b5722ab2cbe6d2d50d0ef5e7d73bcaba719971bc39b802fb0bb298bc88d7b,1.270462445972953,1.2703035110025667,0.0001589349703863263,0.0,1.0
7,HumanEval-MultiLineInfilling,MultiLineInfilling/HumanEval/3/L5_L5,L5_L5,152,HumanEval/3,short,oracle_sufficient_canvas,ok,True,147,4,5,4,4,0,0,oracle,,,,True,True,True,,,1a710a84f86e12ee74b7279afbf9fd53480c1753e133161783c0b84b4999346a,0a22dd31f715efdd8b01df2a643778b50217da2a5774e0ec0603ef7348cba52f,1.3762943670153618,1.2647993519785814,0.11149501503678039,0.0,0.84375
8,HumanEval-MultiLineInfilling,MultiLineInfilling/HumanEval/5/L1_L1,L1_L1,166,HumanEval/5,short,oracle_sufficient_canvas,ok,True,105,4,45,4,4,0,0,oracle,,,,True,True,True,,,e29d7eff9cf73491f718294c6990a771fa0c8093d19845e682c5e7924c2a6811,fb1bf92f5c041d7ad7714e0039db970c2e8d5bcfff1f7db120cf349382f5cecb,1.374812001013197,1.2633908200077713,0.11142118100542575,0.0,1.0
9,HumanEval-MultiLineInfilling,MultiLineInfilling/HumanEval/6/L7_L7,L7_L7,250,HumanEval/6,short,oracle_sufficient_canvas,ok,True,174,4,34,4,4,0,0,oracle,,,,True,True,True,,,7a31b613f4456342f4ff112e741826f0ccb23cff4b09b87c6d93a366488afeb9,a57d2bfdab5f25e79e23eb429a2857a0a719775374047fb65bdc505489334208,1.3721611200016923,1.2625044960295781,0.10965662397211418,0.0,0.99609375
10,HumanEval-MultiLineInfilling,MultiLineInfilling/HumanEval/2/L0_L0,L0_L0,133,HumanEval/2,medium,oracle_sufficient_canvas,ok,False,87,9,0,9,9,0,0,oracle,,,,True,True,False,UnitTestFailure,failed: ,401258d1cb76c1d87d19c8067b1b40c0ce08ad18411c0220e5573dbf6265fc5f,8d34856ea15e077103702ba183b63e131a323a64a5a5db55a4e5f6f027ae45cd,1.3609953769482672,1.252121711964719,0.10887366498354822,0.0,0.984375
11,HumanEval-MultiLineInfilling,MultiLineInfilling/HumanEval/14/L2_L2,L2_L2,400,HumanEval/14,medium,oracle_sufficient_canvas,ok,True,65,9,14,9,9,0,0,oracle,,,,True,True,True,,,e8cd7aa1d5ff0f57886eaadfc33f200e424171a9135ba39f7a23436921c2014b,259a1c7959fb291dc710a5300e23ceecb233b8973f9dedd5e2b7aa84df51a231,1.3582823080359958,1.2483185300370678,0.10996377799892798,0.0,0.9921875
12,HumanEval-MultiLineInfilling,MultiLineInfilling/HumanEval/21/L0_L0,L0_L0,622,HumanEval/21,medium,oracle_sufficient_canvas,ok,True,130,9,31,9,9,0,0,oracle,,,,True,True,True,,,b2fc096faf74832420fa38a0f25a8d92d4b88d7cb82c4bdc86f9c92ae8f2437a,19a22d7f8b5cd8d7fde54208813863791527f8f0908f9eca483bca7397249100,1.382806705951225,1.269653465016745,0.11315324093447998,0.0,1.0
13,HumanEval-MultiLineInfilling,MultiLineInfilling/HumanEval/24/L0_L0,L0_L0,630,HumanEval/24,medium,oracle_sufficient_canvas,ok,True,53,9,14,9,9,0,0,oracle,,,,True,True,True,,,672f1285e171eb9993a3fbdbdba30a95e447339956f0b4388dea29f08fedf042,7efe503e61b3ae9f1ae091f2c36ce4a4c5f0c8fffe6c18e8f6d631fc1c354787,1.3587205579970032,1.2500584030058235,0.1086621549911797,0.0,0.99609375
14,HumanEval-MultiLineInfilling,MultiLineInfilling/HumanEval/25/L0_L1,L0_L1,637,HumanEval/25,medium,oracle_sufficient_canvas,ok,False,134,9,71,9,9,0,0,oracle,,,,True,True,False,UnitTestFailure,failed: name 'math' is not defined,05000751d338c4c43c74c442580f0b21bcf115fe11d786ae8337300eb0a353e8,f302c96268d9518cc8d2c137ec88bce451f9f23eaca94f022b10fc8195b26ad2,1.3731651430134661,1.2694756850250997,0.10368945798836648,0.0,1.0
15,HumanEval-MultiLineInfilling,MultiLineInfilling/HumanEval/28/L0_L0,L0_L0,721,HumanEval/28,medium,oracle_sufficient_canvas,ok,False,63,9,0,9,9,0,0,oracle,,,,True,True,False,UnitTestFailure,failed: ,15bf5122a1def3195d356759f12f23a33a6aff5bb658a57d06fec50af001a798,931d8a465cdf6c31294d72a69ddf7655080c0ec6a157562b495eb731f2134dc0,1.2994335129624233,1.1873233279911801,0.11211018497124314,0.0,1.0
16,HumanEval-MultiLineInfilling,MultiLineInfilling/HumanEval/32/L7_L8,L7_L8,802,HumanEval/32,medium,oracle_sufficient_canvas,ok,True,368,9,9,9,9,0,0,oracle,,,,True,True,True,,,3390a284edc311fb1d66d4a9e3a71a496f344fc7b747ce82fc9a8398fc775c7a,165b9dbb2b3ae0e857e7a70198e57563ed30f99a2e61bd23717eaec42d344894,1.6838613920263015,1.5651730960235,0.11868829600280151,0.0,0.9921875
17,HumanEval-MultiLineInfilling,MultiLineInfilling/HumanEval/37/L5_L5,L5_L5,913,HumanEval/37,medium,oracle_sufficient_canvas,ok,False,173,9,25,9,9,0,0,oracle,,,,True,True,False,UnitTestFailure,failed: ,c7aa8b221551302023ec6378a477c0042691b1f10b72ce094bcbca610834ebbb,bf962479cd9e5b8cc1ab12eac00f4f7d15ace79a84b31a19efa017f7e9a60d54,1.3807573590311222,1.272006037994288,0.10875132103683427,0.0,1.0
18,HumanEval-MultiLineInfilling,MultiLineInfilling/HumanEval/39/L12_L12,L12_L12,1034,HumanEval/39,medium,oracle_sufficient_canvas,ok,True,198,9,21,9,9,0,0,oracle,,,,True,True,True,,,7d9bd9210048f684fc65f70e291a55d0811ccf776e75b1e81ced03439b3c9782,ff85e1f9ef54da259092970a0c0f53017a5a150adaf428a15e85ab1f5cdac76c,1.382467598945368,1.2750141649739817,0.1074534339713864,0.0,1.0
19,HumanEval-MultiLineInfilling,MultiLineInfilling/HumanEval/40/L0_L0,L0_L0,1044,HumanEval/40,medium,oracle_sufficient_canvas,ok,True,167,9,54,9,9,0,0,oracle,,,,True,True,True,,,2098308fa83cbd01beaeb9b75ff569ba09812db0dcc10907616afebecc23417d,c519108d194483bde7aada46179d20726ed85dc6cdc62717c1039f4313255934,1.390010186994914,1.2781254699802957,0.11188471701461822,0.0,1.0
20,HumanEval-MultiLineInfilling,MultiLineInfilling/HumanEval/10/L5_L5,L5_L5,342,HumanEval/10,long,oracle_sufficient_canvas,ok,True,192,17,24,17,17,0,0,oracle,,,,True,True,True,,,4f93855da57c185ede19a14d11665607cecc1dd05277e38c4736ef3f7c56a9b4,0eb4a9f34fab2d76197dd28bd269312ab310033ff9dff6cc8f8fb68010cf68ec,1.389868714963086,1.2780751680256799,0.11179354693740606,0.0,0.97265625
21,HumanEval-MultiLineInfilling,MultiLineInfilling/HumanEval/11/L1_L3,L1_L3,356,HumanEval/11,long,oracle_sufficient_canvas,ok,True,94,17,29,17,17,0,0,oracle,,,,True,True,True,,,3f868f860b145b75670a38e6b052ea1b335906692087fd6221ce83cffbcfa496,7b44357e26c8b3b405c24dfbe256e02517e998695805abccbb93751eca9cafe7,1.3760441219201311,1.2736669100122526,0.10237721190787852,0.0,0.9765625
22,HumanEval-MultiLineInfilling,MultiLineInfilling/HumanEval/12/L4_L5,L4_L5,385,HumanEval/12,long,oracle_sufficient_canvas,ok,True,133,17,4,17,17,0,0,oracle,,,,True,True,True,,,3685e6ba074e41236d9197c721cf71ef513eccd706be51a79f76727ad87884d6,1758044dd2a588ef3219facca2026d961c9983373b9e50cc89f03ba4004784d9,1.384366239013616,1.2703646270092577,0.11400161200435832,0.0,1.0
23,HumanEval-MultiLineInfilling,MultiLineInfilling/HumanEval/20/L1_L3,L1_L3,532,HumanEval/20,long,oracle_sufficient_canvas,ok,True,178,17,99,17,17,0,0,oracle,,,,True,True,True,,,c71bef97bdbf6601f7f70f815cead4e2725ffa6d6d85bf1a86e8d37d7d8e99fd,dd40ba77186c1571d6eb1266a14da2045630bc609dae993eb827436496f50fc5,1.4929770160815679,1.3801796159823425,0.11279740009922534,0.0,0.96875
24,HumanEval-MultiLineInfilling,MultiLineInfilling/HumanEval/26/L2_L2,L2_L2,719,HumanEval/26,long,oracle_sufficient_canvas,ok,False,103,17,0,17,17,0,0,oracle,,,,False,False,False,SyntaxError,"'[' was never closed (<unknown>, line 12)",50f6a651831aca73854104e2941b13c043f668c55d5424d5b6117d1d65ca86a6,01c52f5b3f56e80e244abda1bf5f2826e723cf3930256d9f4415fede2a1ae18e,1.2540149900014512,1.2538758030277677,0.00013918697368353605,0.0,1.0
25,HumanEval-MultiLineInfilling,MultiLineInfilling/HumanEval/36/L6_L7,L6_L7,873,HumanEval/36,long,oracle_sufficient_canvas,ok,True,149,17,4,17,17,0,0,oracle,,,,True,True,True,,,b004386067e5d3bfba0bcd08b84ee19b6a8f490f5bba088670f50673cdc01af8,babb6ceaf90748b669ae3450495e3b9a9eae64fba39dd888393775f243e9fa87,1.3906021979055367,1.2669281549751759,0.12367404293036088,0.0,1.0
26,HumanEval-MultiLineInfilling,MultiLineInfilling/HumanEval/43/L2_L3,L2_L3,1077,HumanEval/43,long,oracle_sufficient_canvas,ok,True,188,17,4,17,17,0,0,oracle,,,,True,True,True,,,47648f54f2309e52e0bed53c69e57b6959aa9e2ce99de6ebe0226d6b8b1b3926,56b42a20e155e2c4ce9cc37d054774c4fb4275cf58868c3e452ca8aad7fc4f09,1.3753925921046175,1.2732445260044187,0.10214806610019878,0.0,1.0
27,HumanEval-MultiLineInfilling,MultiLineInfilling/HumanEval/44/L2_L3,L2_L3,1092,HumanEval/44,long,oracle_sufficient_canvas,ok,True,117,17,4,17,17,0,0,oracle,,,,True,True,True,,,8a4ed1f07b8b14d66fc315b5dd17b0a047feea7cb4771b8298e2eb53aba83d74,a5bbe4a7c6d92e6e919141a638a3b81da343eb2f83121b35b504d12fc4cfb1c0,1.381968039961066,1.2705793039640412,0.11138873599702492,0.0,0.97265625
28,HumanEval-MultiLineInfilling,MultiLineInfilling/HumanEval/48/L1_L1,L1_L1,1145,HumanEval/48,long,oracle_sufficient_canvas,ok,True,96,17,8,17,17,0,0,oracle,,,,True,True,True,,,1a295c8db055497201afe2f2dc2c71d6bd499aac6edf0cb7a235bd76d884b16a,88104ab64a42485207b5c8d8ecbdfe6d182167e72e4f4932204193b527623e6a,1.3640878059668466,1.261162587965373,0.1029252180014737,0.0,1.0
29,HumanEval-MultiLineInfilling,MultiLineInfilling/HumanEval/56/L2_L4,L2_L4,1209,HumanEval/56,long,oracle_sufficient_canvas,ok,True,112,17,25,17,17,0,0,oracle,,,,True,True,True,,,eeb4ec229309a79c9b1008231bf5618361274261c3f74bd3849f4ea92f8f4516,065086f6a210f247058bca41038dcdaa806589e8e83451ed2985275907a07748,1.3869386139558628,1.2775816249777563,0.10935698897810653,0.0,1.0
30,HumanEval-MultiLineInfilling,MultiLineInfilling/HumanEval/129/L0_L26,L0_L26,4239,HumanEval/129,extreme,oracle_sufficient_canvas,ok,False,413,191,0,191,191,0,0,oracle,,,,False,False,False,SyntaxError,"invalid syntax (<unknown>, line 33)",22780e673c0f2befa88e43f7b16df66038fdb7f2310eea269e5b4958ce0a5f6e,2c97a55f7a71a28be0ae4d5f6fef889e929c7e58c180eebab36f3034fa808093,2.1312699490226805,2.1311477560084313,0.0001221930142492056,0.0,0.98046875
31,HumanEval-MultiLineInfilling,MultiLineInfilling/HumanEval/156/L0_L13,L0_L13,5587,HumanEval/156,extreme,oracle_sufficient_canvas,ok,False,123,178,0,178,178,0,0,oracle,,,,True,True,False,UnitTestFailure,failed: ,387ab812108c748d4c4bdd4196d1b3357d7c78453d934c509b372fc6f1571a83,23e73c3aec42605d6c8a4c31f102f5218210e962b6d6639bd055184852f0cd7a,1.5437978459522128,1.4408687829854898,0.102929062966723,0.0,0.9921875
32,HumanEval-MultiLineInfilling,MultiLineInfilling/HumanEval/124/L0_L15,L0_L15,3920,HumanEval/124,extreme,oracle_sufficient_canvas,ok,False,299,165,0,165,165,0,0,oracle,,,,False,False,False,SyntaxError,"invalid syntax (<unknown>, line 23)",efe2073448d7bbcecbc97235590bed6924b7c8771934d8583c11a66ae8a33c24,c9cefc0d5d77f7ab85613b72fa360fbb21ffd74557c36473f03f32e064060274,1.6524038030183874,1.6522937780246139,0.0001100249937735498,0.0,0.99609375
33,HumanEval-MultiLineInfilling,MultiLineInfilling/HumanEval/140/L0_L19,L0_L19,4826,HumanEval/140,extreme,oracle_sufficient_canvas,ok,False,119,161,0,161,161,0,0,oracle,,,,False,False,False,SyntaxError,"invalid syntax (<unknown>, line 32)",2b4971c68d73689f77642080769d3d1f2f022f1516ddc01eac7d5ee92e3c63e6,4453cb6a518af0f6198c0f96f6ffca3afa5134335273b751a5e01961dced05de,1.4188465170445852,1.4186592220212333,0.00018729502335190773,0.0,0.98046875
34,HumanEval-MultiLineInfilling,MultiLineInfilling/HumanEval/148/L0_L8,L0_L8,5369,HumanEval/148,extreme,oracle_sufficient_canvas,ok,False,220,140,0,140,140,0,0,oracle,,,,False,False,False,SyntaxError,"unexpected indent (<unknown>, line 21)",f5ed3f7c053f9ad04ec940fe2c02d18f8dd9e504f83007e156120366b0fa72de,e45007e0f87cc6f567ceddc5528e0286af5235bc89137477c7230b4375615436,1.4641570440144278,1.464007121976465,0.0001499220379628241,0.0,0.984375
35,HumanEval-MultiLineInfilling,MultiLineInfilling/HumanEval/141/L0_L13,L0_L13,5030,HumanEval/141,extreme,oracle_sufficient_canvas,ok,False,222,139,0,139,139,0,0,oracle,,,,False,False,False,SyntaxError,"unterminated string literal (detected at line 22) (<unknown>, line 22)",e62a32d6e1f442db87a1c5bdb53f7f0695e28d316f1275a6adb99f7d3a9d3d79,3cbc53f503e87db4bdb3879a0c5d3c233fd54c51af43413f4198e450cd954b1e,1.4672033680253662,1.4671075720107183,9.579601464793086e-05,0.0,0.984375
36,HumanEval-MultiLineInfilling,MultiLineInfilling/HumanEval/107/L0_L11,L0_L11,3281,HumanEval/107,extreme,oracle_sufficient_canvas,ok,False,234,134,0,134,134,0,0,oracle,,,,False,False,False,SyntaxError,"invalid syntax (<unknown>, line 27)",874d7b09d4442150335b4fdb911d5f96e8d916212d7f35b2e79516d90d3a43ab,01debf8094f7a39450a5ce6f62537350fa92a9cccf39f2465ef6909306f7956c,1.466028715018183,1.4659031070186757,0.0001256079995073378,0.0,0.9765625
37,HumanEval-MultiLineInfilling,MultiLineInfilling/HumanEval/132/L0_L15,L0_L15,4597,HumanEval/132,extreme,oracle_sufficient_canvas,ok,False,147,131,3,131,131,0,0,oracle,,,,True,True,False,UnitTestFailure,failed: This prints if this assert fails 1 (good for debugging!),fdeecc73d7deefebc6dd8e925ab491b08ddae3401fae4f0d4bc82385da1a68f5,5b6d5d428614543bdccf4409dbd89948b287684daa0a0c5695ef96c65cf71492,1.5272900080890395,1.4129434860078618,0.11434652208117768,0.0,0.98046875
38,HumanEval-MultiLineInfilling,MultiLineInfilling/HumanEval/127/L0_L15,L0_L15,4106,HumanEval/127,extreme,oracle_sufficient_canvas,ok,False,270,129,0,129,129,0,0,oracle,,,,False,False,False,SyntaxError,"invalid syntax. Perhaps you forgot a comma? (<unknown>, line 30)",6ee66b4cd7138b1d438b51282297e45ae2ebd43176673393636b745181fedca6,7e29b6025ae33e00c4ef167972b4af324392b7bf957640ab28be4d22c9c907ef,1.6184723559999838,1.618252174986992,0.0002201810129918158,0.0,0.9609375
39,HumanEval-MultiLineInfilling,MultiLineInfilling/HumanEval/99/L0_L18,L0_L18,2775,HumanEval/99,extreme,oracle_sufficient_canvas,ok,False,170,124,1,124,124,0,0,oracle,,,,True,True,False,UnitTestFailure,failed: Test 2,143aef027aec4f7de8187e01b2be7ab9e0aa1ff74d3044c32b5920f5067d8296,d487dea8a44ca451c185cdc20e4f7aa60df9eb8f4e16142106fd4c28266f02c5,1.5277763369376771,1.4177155700162984,0.11006076692137867,0.0,0.9609375
40,HumanEval-RandomSpanInfilling,RandomSpanInfilling/HumanEval/0/6,6,5,HumanEval/0,short,oracle_sufficient_canvas,ok,False,177,1,9,1,1,0,0,oracle,,,,False,False,False,SyntaxError,"expected an indented block after 'if' statement on line 16 (<unknown>, line 18)",49cd1a2336ee7d76554b0ccaf25c2236c5eb5fd1c10c49f761f20bcb38586c0c,01ba4719c80b6fe911b091a7c05124b64eeece964e09c058ef8f9805daca546b,1.2685731729725376,1.268346101976931,0.00022707099560648203,0.0,1.0
41,HumanEval-RandomSpanInfilling,RandomSpanInfilling/HumanEval/2/4,4,23,HumanEval/2,short,oracle_sufficient_canvas,ok,False,87,1,8,1,1,0,0,oracle,,,,False,False,False,SyntaxError,"inconsistent use of tabs and spaces in indentation (<unknown>, line 12)",077e946c3edb3f6940d206c22ce87f9bd9703bc4242f7fc8b1ba866872f03edf,2b4c342f5433ebe591a1da77e013d1b72475562d48578dca8b84bac6651c3cb9,1.2497710139723495,1.2496883469866589,8.266698569059372e-05,0.0,1.0
42,HumanEval-RandomSpanInfilling,RandomSpanInfilling/HumanEval/8/9,9,88,HumanEval/8,short,oracle_sufficient_canvas,ok,True,137,1,22,1,1,0,0,oracle,,,,True,True,True,,,f81f225ca186c969c4a4759fbb9068160082e0ab033456fcf524227202fea3f1,bf8904be16c5820928f309f7c77d410e9c2f13329b7e1746f87a2ef0a8dacd88,1.3729390620137565,1.2624308420345187,0.11050821997923777,0.0,1.0
43,HumanEval-RandomSpanInfilling,RandomSpanInfilling/HumanEval/11/7,7,116,HumanEval/11,short,oracle_sufficient_canvas,ok,False,137,1,3,1,1,0,0,oracle,,,,False,False,False,SyntaxError,"'(' was never closed (<unknown>, line 16)",8d97deec431e9a42f51455ea57238c83cd8d4ce8267ea05ae73e986f26f17f52,4f5a2ada1166172aa1744ca79a54e169d0a38da140fd0e02c6b0c68a4efbca90,1.267268589057494,1.2670959850074723,0.0001726040500216186,0.0,0.98828125
44,HumanEval-RandomSpanInfilling,RandomSpanInfilling/HumanEval/13/6,6,135,HumanEval/13,short,oracle_sufficient_canvas,ok,False,88,1,4,1,1,0,0,oracle,,,,False,False,False,SyntaxError,"unindent does not match any outer indentation level (<unknown>, line 13)",efc028b1caca2da98bd1aa0e518bfa252a267b57efc4cb4ceec61a90722385e7,01ba4719c80b6fe911b091a7c05124b64eeece964e09c058ef8f9805daca546b,1.2508995520183817,1.2507836580043659,0.0001158940140157938,0.0,1.0
45,HumanEval-RandomSpanInfilling,RandomSpanInfilling/HumanEval/16/4,4,163,HumanEval/16,short,oracle_sufficient_canvas,ok,False,79,1,3,1,1,0,0,oracle,,,,True,True,False,UnitTestFailure,failed: 'str' object has no attribute 'laseer',8067daf4c7f36418c367fd6217955ad0b656edff7c55d5a67646032ee57ce634,2b9c15eb89efe0e0ad2c7b3279bf92247e35e4a92160ca8678d974e11a10ac6b,1.3641608380130492,1.2518063060124405,0.11235453200060874,0.0,0.66796875
46,HumanEval-RandomSpanInfilling,RandomSpanInfilling/HumanEval/18/3,3,182,HumanEval/18,short,oracle_sufficient_canvas,ok,False,104,1,37,1,1,0,0,oracle,,,,True,True,False,UnitTestFailure,failed: name 'starng' is not defined,4546f9f7be7a67a368c5f654923583436acbb596c6178099e4e7fad98848031f,525eca1d5089dbdcbb6700d910c5e0bc23fbaa23ee026c0e224c2b45490e5f29,1.3726045900257304,1.260724158026278,0.11188043199945241,0.0,0.9921875
47,HumanEval-RandomSpanInfilling,RandomSpanInfilling/HumanEval/19/1,1,190,HumanEval/19,short,oracle_sufficient_canvas,ok,False,167,1,60,1,1,0,0,oracle,,,,True,True,False,UnitTestFailure,failed: 'six',6c44ee529e9f9362b4e5390e9778c44cf1bfc63508229cef7729cf6351c0ab92,ed171375d0bf81eaa5512140c3a29b8ffcb06a3337176fb28843c2cf7351bfff,1.3782515030470677,1.2668396240333095,0.11141187901375815,0.0,0.9375
48,HumanEval-RandomSpanInfilling,RandomSpanInfilling/HumanEval/22/4,4,223,HumanEval/22,short,oracle_sufficient_canvas,ok,True,105,1,6,1,1,0,0,oracle,,,,True,True,True,,,fc870cdff1b06004aa84580b5c10ae0785ba2420cfd205ac479e40ca2f595866,a8bdfde11f2443a17f53ad0c9eb033c86a916c4575fe9cbce4c6a0d5af432aed,1.36174113600282,1.2514946969458833,0.11024643905693665,0.0,1.0
49,HumanEval-RandomSpanInfilling,RandomSpanInfilling/HumanEval/23/2,2,231,HumanEval/23,short,oracle_sufficient_canvas,ok,False,48,1,3,1,1,0,0,oracle,,,,True,True,False,UnitTestFailure,failed: name 'sitng' is not defined,ee363749c242972c1c61dcdf1c3b812fba042f1dc9c24fd1c97e45c9fe3449cb,2ad8a7049d7c5511ac254f5f51fe70a046ebd884729056f0fe57f5160d467153,1.3505228600115515,1.2437470820150338,0.10677577799651772,0.0,0.9765625
50,HumanEval-RandomSpanInfilling,RandomSpanInfilling/HumanEval/3/3,3,32,HumanEval/3,medium,oracle_sufficient_canvas,ok,False,135,9,15,9,9,0,0,oracle,,,,True,True,False,UnitTestFailure,failed: local variable 'balnce' referenced before assignment,98bb1627eb868fb8e4a1435d60b51c9feba6c925e8fa9344b6cf6b513db73712,e22ee6022ebb1e8f2545eec9a65fff3c64dd34ee1ecd91981d9210a86ce8eb5c,1.3820707199629396,1.27273194398731,0.10933877597562969,0.0,0.97265625
51,HumanEval-RandomSpanInfilling,RandomSpanInfilling/HumanEval/4/1,1,40,HumanEval/4,medium,oracle_sufficient_canvas,ok,False,130,9,17,9,9,0,0,oracle,,,,True,True,False,UnitTestFailure,failed: name 'somm' is not defined,82dd3392f503484d73383199eea9d36a4212b2e58680ffa194bc2df545d3a1e8,9bf01de450fe7a7e3f6c32905326bbf02de387369f3d8c3127679743d2c17fd6,1.3821096459869295,1.268430377007462,0.11367926897946745,0.0,1.0
52,HumanEval-RandomSpanInfilling,RandomSpanInfilling/HumanEval/5/1,1,50,HumanEval/5,medium,oracle_sufficient_canvas,ok,False,136,9,11,9,9,0,0,oracle,,,,True,True,False,UnitTestFailure,failed: name 'delimter' is not defined,f2874593760078392036b93f28d6019498b0364565fb1f97f229a8ff0f94af45,771628cde917834c62ce53233ca24f53bbcab4698c32e296d2f600c3cdbe0516,1.3834149741451256,1.2716723860357888,0.1117425881093368,0.0,0.99609375
53,HumanEval-RandomSpanInfilling,RandomSpanInfilling/HumanEval/6/5,5,64,HumanEval/6,medium,oracle_sufficient_canvas,ok,False,188,9,17,9,9,0,0,oracle,,,,True,True,False,UnitTestFailure,failed: name 'parse__paren_group' is not defined,48d77524abca443eee2cdd351dd936c1575cb6e973f62c545baf2f4fec5c98f9,424a4b3c934dee2f582022293be194cd4f1a075262aa6cf99826314f865759d8,1.3922898359014653,1.2786337590077892,0.11365607689367607,0.0,0.94921875
54,HumanEval-RandomSpanInfilling,RandomSpanInfilling/HumanEval/10/5,5,104,HumanEval/10,medium,oracle_sufficient_canvas,ok,True,217,9,7,9,9,0,0,oracle,,,,True,True,True,,,4f93855da57c185ede19a14d11665607cecc1dd05277e38c4736ef3f7c56a9b4,e6d819ec9ca76e9baaea2f358b880e13685c24eb61a715dae4a2f1da730d17e8,1.3880155560327694,1.2748497040010989,0.11316585203167051,0.0,1.0
55,HumanEval-RandomSpanInfilling,RandomSpanInfilling/HumanEval/14/5,5,144,HumanEval/14,medium,oracle_sufficient_canvas,ok,False,70,9,13,9,9,0,0,oracle,,,,True,True,False,UnitTestFailure,failed: name 'rappend' is not defined,07cb2f14e4d1444005c562c6f2d694a6a5481641d95b2ae715e06033c82d2b5c,dafcbc4a2fa30613ece9a49a7ff4c170d094bc0528669a58bd428acb059de1f2,1.3553204939817078,1.2533413640339859,0.10197912994772196,0.0,0.8359375
56,HumanEval-RandomSpanInfilling,RandomSpanInfilling/HumanEval/15/3,3,152,HumanEval/15,medium,oracle_sufficient_canvas,ok,False,77,9,5,9,9,0,0,oracle,,,,False,False,False,SyntaxError,"closing parenthesis ']' does not match opening parenthesis '(' (<unknown>, line 10)",475e839266a51d2fafa570f2de9f15eebc1424377dec0cfa51e95d0f7ad1b6d4,2054cb0cc89d6202b4538a925298c4327a5afb679d33bffc3501bc22650733b7,1.2593248229823075,1.2592281160177663,9.670696454122663e-05,0.0,1.0
57,HumanEval-RandomSpanInfilling,RandomSpanInfilling/HumanEval/17/7,7,176,HumanEval/17,medium,oracle_sufficient_canvas,ok,False,195,9,18,9,9,0,0,oracle,,,,False,False,False,SyntaxError,"inconsistent use of tabs and spaces in indentation (<unknown>, line 18)",679d35f4778aacd0340a8310c65caa49cb5aea56af69a45bcbe86ac243563ebb,09ddef593f88d4befe6f9dbfbf09d0135c3bc69bcfa89b87c82a657ee8bd40b8,1.2701197020360269,1.2699647819972597,0.00015492003876715899,0.0,0.99609375
58,HumanEval-RandomSpanInfilling,RandomSpanInfilling/HumanEval/29/4,4,293,HumanEval/29,medium,oracle_sufficient_canvas,ok,False,95,9,6,9,9,0,0,oracle,,,,True,True,False,UnitTestFailure,failed: 'str' object has no attribute 'istrtswith',3ad91d57395203497f5032fd7f0a8346f3bcd0d31549899dc99302e88382f110,71a56d23b2ccc8fef5d12d3e59f083f7fb1dda382f4dc8b2aaf650da9d7e80e7,1.3669723370112479,1.2552549340180121,0.11171740299323574,0.0,0.99609375
59,HumanEval-RandomSpanInfilling,RandomSpanInfilling/HumanEval/38/9,9,388,HumanEval/38,medium,oracle_sufficient_canvas,ok,False,174,9,1,9,9,0,0,oracle,,,,True,True,False,UnitTestFailure,failed: ,b3c530a6b7d10874121c6945f6ffa38acdda33c61fb1597156513e2e6674aa1e,1aed3d1825388530cd33631544456b63432564df78ddd86ed8cfbcc5453d3d7a,1.389713120937813,1.272917252033949,0.11679586890386418,0.0,0.9765625
60,HumanEval-RandomSpanInfilling,RandomSpanInfilling/HumanEval/12/4,4,123,HumanEval/12,long,oracle_sufficient_canvas,ok,False,135,17,4,17,17,0,0,oracle,,,,True,True,False,UnitTestFailure,failed: ,c53573f8cfda4e659aa61a01e3b3a0502e93156ec049d505be09206a0e70b266,bb5650c55099a2d9567284ec63cff4342c917ed111899992a184e4c712b8a6db,1.380752551020123,1.2714614020078443,0.10929114901227877,0.0,0.99609375
61,HumanEval-RandomSpanInfilling,RandomSpanInfilling/HumanEval/24/5,5,244,HumanEval/24,long,oracle_sufficient_canvas,ok,False,59,17,3,17,17,0,0,oracle,,,,False,False,False,SyntaxError,"invalid syntax (<unknown>, line 9)",fcbdb470c68d4511c4cf091b86bc52b72a3347be2eff3b2ee20284394de9676b,6f35d148da0a390f0cdc445c97a2a86a56dce29b9c560a5f8e56c58653f406de,1.259044578007888,1.2588887679739855,0.0001558100339025259,0.0,0.98046875
62,HumanEval-RandomSpanInfilling,RandomSpanInfilling/HumanEval/26/10,10,269,HumanEval/26,long,oracle_sufficient_canvas,ok,False,92,17,13,17,17,0,0,oracle,,,,False,False,False,SyntaxError,"invalid syntax (<unknown>, line 11)",64708406803733325b754f0baf00baf3d48899811b5efa69495fac766313757d,0d139536f92379d36c248b27b7e5b6c2533099e45fc3b6ea66dd3a44733f08fe,1.2581089550512843,1.2579630490508862,0.00014590600039809942,0.0,0.99609375
63,HumanEval-RandomSpanInfilling,RandomSpanInfilling/HumanEval/32/5,5,324,HumanEval/32,long,oracle_sufficient_canvas,ok,False,322,17,48,17,17,0,0,oracle,,,,True,True,False,UnitTestFailure,failed: name 'bgin' is not defined,97a1908641dfd87171e3e9e0594a27c51810800fc66e9d76cb243d8247f96f6f,0a9dd7e60bd3668e49e47d75fd037e411f47ad0e6bff864c272948eed9e44692,1.6770053939544596,1.561314077989664,0.11569131596479565,0.0,0.99609375
64,HumanEval-RandomSpanInfilling,RandomSpanInfilling/HumanEval/43/8,8,437,HumanEval/43,long,oracle_sufficient_canvas,ok,False,180,17,13,17,17,0,0,oracle,,,,True,True,False,UnitTestFailure,failed: ,2e6dfe39619eacfd089e46c75cfa00b13489d5b89cc406efd81194e407f21f63,06f3dade69d3860943231a7c873ad195f972072fe12ff3e8660c1ed8e62f70e8,1.390038282959722,1.2790437549701892,0.1109945279895328,0.0,1.0
65,HumanEval-RandomSpanInfilling,RandomSpanInfilling/HumanEval/63/7,7,636,HumanEval/63,long,oracle_sufficient_canvas,ok,False,189,17,15,17,17,0,0,oracle,,,,True,True,False,UnitTestFailure,failed: name 'FibFib' is not defined,f85d63b213c46da4f1bf670bd441dd8208ea93c87f8c766c466b23575bff7e6c,3ee4b47af42d5d6a9b30a265c8fb6642ca8d52e145382b5381846d90a28c9ff5,1.3862704430357553,1.2758821820025332,0.11038826103322208,0.0,1.0
66,HumanEval-RandomSpanInfilling,RandomSpanInfilling/HumanEval/67/2,2,671,HumanEval/67,long,oracle_sufficient_canvas,ok,False,244,17,8,17,17,0,0,oracle,,,,True,True,False,UnitTestFailure,failed: invalid literal for int() with base 10: 'apples',d74fd48149fe99e885257035cb5f9dbe75de093d63cb255e05ccfdc5d0fd9132,3db8f2ba004dc4e26055cab1d9e50260c80d7833bb828086e03d3569e27e8a47,1.4772943580755964,1.3637609050492756,0.11353345302632079,0.0,0.99609375
67,HumanEval-RandomSpanInfilling,RandomSpanInfilling/HumanEval/68/4,4,683,HumanEval/68,long,oracle_sufficient_canvas,ok,False,345,17,38,17,17,0,0,oracle,,,,False,False,False,SyntaxError,"invalid syntax. Perhaps you forgot a comma? (<unknown>, line 37)",62ae6643e23ef7fdf549df3d802608d9a4175c385ca143d78dad5feb4b4df454,863c9e534e3f51d816a492444fca5f5b13d1a86d502f01e6b12f0ae5667c4252,1.577230006980244,1.5770627000019886,0.00016730697825551033,0.0,0.98046875
68,HumanEval-RandomSpanInfilling,RandomSpanInfilling/HumanEval/73/3,3,732,HumanEval/73,long,oracle_sufficient_canvas,ok,False,163,17,25,17,17,0,0,oracle,,,,False,False,False,SyntaxError,"invalid syntax (<unknown>, line 15)",3c43e2eaab48240b64cae268559c2dd37553a3dd688dccf3b98aae4595fc16e7,b0de18160008f2f94712f92908195b784b61508067bab7887f9601bc40ce2c18,1.2775230560218915,1.2773551479913294,0.0001679080305621028,0.0,0.97265625
69,HumanEval-RandomSpanInfilling,RandomSpanInfilling/HumanEval/77/2,2,771,HumanEval/77,long,oracle_sufficient_canvas,ok,False,116,17,8,17,17,0,0,oracle,,,,True,True,False,UnitTestFailure,failed: type complex doesn't define __round__ method,cd519bf4934e27b84b26cf531d536965cea7539e9c843b4555cab34444125723,66eedf817fbdb8d4050f5c999b62231b1f5255a39be3a42cb832b75bf4256724,1.382824387983419,1.271739309944678,0.1110850780387409,0.0,0.984375
70,HumanEval-RandomSpanInfilling,RandomSpanInfilling/HumanEval/95/6,6,955,HumanEval/95,extreme,oracle_sufficient_canvas,ok,False,187,141,18,141,141,0,0,oracle,,,,False,False,False,SyntaxError,"invalid syntax (<unknown>, line 16)",c6e21c9901b9abba1a2488d373fe91b724bdfed99ec5cf0a005b7b290b342575,0afb788b5cc6993b557132cf4cf5ec6c01969a6e44165d1e3254c13e2b45b260,1.4630910190753639,1.4629499190486968,0.00014110002666711807,0.0,0.9921875
71,HumanEval-RandomSpanInfilling,RandomSpanInfilling/HumanEval/124/6,6,1245,HumanEval/124,extreme,oracle_sufficient_canvas,ok,False,329,131,3,131,131,0,0,oracle,,,,False,False,False,SyntaxError,"expected 'except' or 'finally' block (<unknown>, line 33)",1f9fddefac9b332826e9f919d1d20e427e41f62d50328f0180696a0ca1e8f627,a92d5469da7298db461eb31385349286e8f10fe23ad5e38671c1e69c4e8d96b1,1.6408071390469559,1.6405660980381072,0.00024104100884869695,0.0,0.9921875
72,HumanEval-RandomSpanInfilling,RandomSpanInfilling/HumanEval/129/6,6,1295,HumanEval/129,extreme,oracle_sufficient_canvas,ok,False,471,120,13,120,120,0,0,oracle,,,,True,True,False,UnitTestFailure,failed: ,d5db9717a47f8a7c15a50c64a266d25ba4daeff3c0974b9467eceb0397620925,e8c61323b829aa891fa1aaacd3a8aca823b564082f0ac71378f72c7abec39062,2.215807122993283,2.1047647559898905,0.11104236700339243,0.0,0.9921875
73,HumanEval-RandomSpanInfilling,RandomSpanInfilling/HumanEval/39/2,2,391,HumanEval/39,extreme,oracle_sufficient_canvas,ok,False,106,117,6,117,117,0,0,oracle,,,,False,False,False,SyntaxError,"unmatched ')' (<unknown>, line 24)",558a236b89a62acce0e633c0ef2e6043f6bd9e56deac98a146ca0330f768a0ca,02c014b6b50e3468315e01fa6465deb5d37ee1febc2e6224c641ffa71e621889,1.3190649120369926,1.3188029510201886,0.0002619610168039799,0.0,0.984375
74,HumanEval-RandomSpanInfilling,RandomSpanInfilling/HumanEval/94/2,2,941,HumanEval/94,extreme,oracle_sufficient_canvas,ok,False,331,114,3,114,114,0,0,oracle,,,,False,False,False,SyntaxError,"invalid syntax (<unknown>, line 19)",419e908d6c64b375457c5b733c351765a8fde427b16ea5b3b649cde1dc7573d4,6da46681cc02ea14305f1e744c2ed8da4cd56535acd1f1db92ce88a16e5b6375,1.6327400640002452,1.6325884289690293,0.00015163503121584654,0.0,0.96875
75,HumanEval-RandomSpanInfilling,RandomSpanInfilling/HumanEval/156/1,1,1560,HumanEval/156,extreme,oracle_sufficient_canvas,ok,False,171,114,15,114,114,0,0,oracle,,,,True,True,False,UnitTestFailure,failed: ,6c5a49c7967ca99f2bc41500523f54cc24b500e101367380919a6531d89c9e1b,07c5b47bcd92db0ab40dd6a66aef436c6863b75aa42c1bafd6a10413aa0d5114,1.5324000540422276,1.4199979830300435,0.11240207101218402,0.0,0.9921875
76,HumanEval-RandomSpanInfilling,RandomSpanInfilling/HumanEval/99/2,2,991,HumanEval/99,extreme,oracle_sufficient_canvas,ok,False,171,113,12,113,113,0,0,oracle,,,,True,True,False,UnitTestFailure,failed: Test 3,b565754f2fd292f2c22656c712ca2be09e78d33657cc6954557b15afc9f59042,eb45895f47435c6cc91ea0a9a666411dd8bc5d4d154c899b3a014c7c5ce9d23a,1.5298856169683859,1.4165850029676221,0.11330061400076374,0.0,0.9921875
77,HumanEval-RandomSpanInfilling,RandomSpanInfilling/HumanEval/141/10,10,1419,HumanEval/141,extreme,oracle_sufficient_canvas,ok,False,240,110,12,110,110,0,0,oracle,,,,False,False,False,SyntaxError,"expected an indented block after 'if' statement on line 18 (<unknown>, line 19)",040937396ed97c7b03787362ef4a515417183ba4c2887efd90371df2c64a0c4c,305a42371edac11ceebc2dc6abb60bf74a2cb510d9c772f41cc29769f955e658,1.4581600339733995,1.4579965230077505,0.00016351096564903855,0.0,0.9921875
78,HumanEval-RandomSpanInfilling,RandomSpanInfilling/HumanEval/105/4,4,1053,HumanEval/105,extreme,oracle_sufficient_canvas,ok,False,317,108,3,108,108,0,0,oracle,,,,True,True,False,UnitTestFailure,failed: Error,cb27b1b422895fe26aa979c70739fc347229b519f23159cd535671aba99cafb9,9503b06fc2fc225673a3b9a13cb419e8565fe57ef0befe6d8df8e190c1347d35,1.7387336200335994,1.6281064699869603,0.11062715004663914,0.0,0.9921875
79,HumanEval-RandomSpanInfilling,RandomSpanInfilling/HumanEval/20/1,1,200,HumanEval/20,extreme,oracle_sufficient_canvas,ok,False,186,107,2,107,107,0,0,oracle,,,,False,False,False,SyntaxError,"invalid syntax (<unknown>, line 22)",383e9e63db12ea3bf4dfece36b57204958e86ae432513473028940e22c0a07d5,52f4c5c344abbf99692ca4fbbbe6e06b130f9a1d577eb2b457a4a50d46aeb133,1.4151191510027274,1.414851482026279,0.0002676689764484763,0.0,0.9765625
80,HumanEval-RandomSpanInfillingLight,RandomSpanInfillingLight/HumanEval/23/1,1,23,HumanEval/23,short,oracle_sufficient_canvas,ok,True,48,2,3,2,2,0,0,oracle,,,,True,True,True,,,15638c03343e602172953e5c17867209cc4492b01d638abdadad48eae0ef4f5b,ebc4cb37be519a0dd518dea9c0f664feb1d408d7d44a3cee1f2b06e9d9c3ee73,1.3477676780312322,1.2393605410470627,0.10840713698416948,0.0,1.0
81,HumanEval-RandomSpanInfillingLight,RandomSpanInfillingLight/HumanEval/28/1,1,28,HumanEval/28,short,oracle_sufficient_canvas,ok,True,66,2,5,2,2,0,0,oracle,,,,True,True,True,,,a34ee63421b6efa9e658329b685412ba6044c479fb89234554aa04bb7790d7b7,07991a95ceb26b07aec890f78c58324ef309bf4798bdd7e66d374853251959f3,1.2900816949550062,1.1830976019846275,0.1069840929703787,0.0,1.0
82,HumanEval-RandomSpanInfillingLight,RandomSpanInfillingLight/HumanEval/51/1,1,51,HumanEval/51,short,oracle_sufficient_canvas,ok,True,150,2,19,2,2,0,0,oracle,,,,True,True,True,,,ec262323dd25e1a037277c1c524066d582b81bf39579fb067c1d6e1c2273141a,d49d8e2c8862a6d6032f2cee3c8245392e6db6644cd44947f2ba17f6e1c68283,1.3781569990096614,1.2657847999944352,0.11237219901522622,0.0,1.0
83,HumanEval-RandomSpanInfillingLight,RandomSpanInfillingLight/HumanEval/53/1,1,53,HumanEval/53,short,oracle_sufficient_canvas,ok,True,58,2,1,2,2,0,0,oracle,,,,True,True,True,,,ed81dbcb6e776998369da0d81c0aefdd54e3b4daf0750af305d432b58b79cda8,d2b29916b23c973f29b6158981dc5991af6c9c5e48f0bd62c4f339fb286cb430,1.3583317510201596,1.2467231019982137,0.1116086490219459,0.0,1.0
84,HumanEval-RandomSpanInfillingLight,RandomSpanInfillingLight/HumanEval/34/1,1,34,HumanEval/34,short,oracle_sufficient_canvas,ok,True,81,3,4,3,3,0,0,oracle,,,,True,True,True,,,cf338a0e9f109515ff6f821f20a557e5015603c8c8cb6ed6f2446513c69bed8d,f8804d3f64f54c7bfda5c65691beec42a985737ee502f1c65315f444d08da639,1.351856449036859,1.2473769990028813,0.10447945003397763,0.0,0.99609375
85,HumanEval-RandomSpanInfillingLight,RandomSpanInfillingLight/HumanEval/41/1,1,41,HumanEval/41,short,oracle_sufficient_canvas,ok,False,161,3,1,3,3,0,0,oracle,,,,True,True,False,UnitTestFailure,failed: ,3ef4a795fc2208785b34d1383257015c3243b4931a690645904dbb4ddfa6ee10,74d01a0c051c963d9a9b8ab9dbeab1723f0ad8534ea9fa6a942f358d7fa011b4,1.369507591065485,1.2623630890157074,0.10714450204977766,0.0,0.9921875
86,HumanEval-RandomSpanInfillingLight,RandomSpanInfillingLight/HumanEval/58/1,1,58,HumanEval/58,short,oracle_sufficient_canvas,ok,True,171,3,3,3,3,0,0,oracle,,,,True,True,True,,,114d7cfa0344b0a52032e234c42082d19de25d929e53da84ca6a85a46fb698b7,f8804d3f64f54c7bfda5c65691beec42a985737ee502f1c65315f444d08da639,1.3786849390598945,1.269371707981918,0.10931323107797652,0.0,0.99609375
87,HumanEval-RandomSpanInfillingLight,RandomSpanInfillingLight/HumanEval/62/1,1,62,HumanEval/62,short,oracle_sufficient_canvas,ok,False,132,3,1,3,3,0,0,oracle,,,,True,True,False,UnitTestFailure,failed: ,96c5ca02b59c41973dcff18aa3ae1c1c19a40e8cd814849fba3f4fd0066e89db,6a3cf5192354f71615ac51034b3e97c20eda99643fcaf5bbe6d41ad59bd12167,1.3734753669705242,1.2660892530111596,0.10738611395936459,0.0,0.9453125
88,HumanEval-RandomSpanInfillingLight,RandomSpanInfillingLight/HumanEval/99/1,1,99,HumanEval/99,short,oracle_sufficient_canvas,ok,True,182,3,110,3,3,0,0,oracle,,,,True,True,True,,,c0b95fd3d21d855fd284417f29c58f3304a2a905eef0b1d165e7d211da0e64e2,c26ba1f030ba120eb676545375d88c5b8d9c9a9c201921aaedb1227efc2ce6c4,1.4834670199779794,1.375451494997833,0.10801552498014644,0.0,1.0
89,HumanEval-RandomSpanInfillingLight,RandomSpanInfillingLight/HumanEval/7/1,1,7,HumanEval/7,short,oracle_sufficient_canvas,ok,True,107,4,2,4,4,0,0,oracle,,,,True,True,True,,,1cf8013f4253f18c046017b20a1e6a66bc82a0472156f2f32f3e11a41edba656,c5110b7fe667b6849364f55e32c9108071a36295bd2f08d87ce53acc9c52b9cd,1.3612495840061456,1.2536038139951415,0.10764577001100406,0.0,1.0
90,HumanEval-RandomSpanInfillingLight,RandomSpanInfillingLight/HumanEval/19/1,1,19,HumanEval/19,medium,oracle_sufficient_canvas,ok,False,218,9,2,9,9,0,0,oracle,,,,True,True,False,UnitTestFailure,failed: '<' not supported between instances of 'NoneType' and 'int',e9fb61c3ca88804c8459ca8bb868f463320c6395f83f83a8ceab3fd46f98b4c5,8e18ce16cd3e45647cf97aa26c8bc09284880ade0566b790d4fa8bf6b8712af4,1.3887277150060982,1.277676144032739,0.11105157097335905,0.0,0.99609375
91,HumanEval-RandomSpanInfillingLight,RandomSpanInfillingLight/HumanEval/30/1,1,30,HumanEval/30,medium,oracle_sufficient_canvas,ok,True,129,9,2,9,9,0,0,oracle,,,,True,True,True,,,1789ed4290a0ad8813d7f487d2c1b7292caae0c488c0d5620ee30ebe2b7c31b2,bc1ea1f32cc25741b3ca1d1c49c913ae2be8e005d4657b91f4e52cc6f90f372f,1.3806957579799928,1.2708667169790715,0.10982904100092128,0.0,0.984375
92,HumanEval-RandomSpanInfillingLight,RandomSpanInfillingLight/HumanEval/52/1,1,52,HumanEval/52,medium,oracle_sufficient_canvas,ok,False,95,9,5,9,9,0,0,oracle,,,,True,True,False,UnitTestFailure,failed: ,b6cae89ab0d4ae5fabdcacd3a526b37c00638441d8589cdcfb925bcd4512cabd,19bcc4b2f92498b6b7580cd48aa192afca5e6eab857185a6c1acf97a3d13b7cf,1.369066859013401,1.2574786989716813,0.11158816004171968,0.0,0.98828125
93,HumanEval-RandomSpanInfillingLight,RandomSpanInfillingLight/HumanEval/57/1,1,57,HumanEval/57,medium,oracle_sufficient_canvas,ok,False,96,9,10,9,9,0,0,oracle,,,,False,False,False,SyntaxError,"unmatched ')' (<unknown>, line 13)",a40e1cf9fbb8a6518358747934ad7ead303a3b31bf486a103c2100c3fc8b50fd,5b2418e7639246d1550fa4f368c9ec5317633c412bf2a8474e50db31495fa338,1.2600639879819937,1.2599961920059286,6.779597606509924e-05,0.0,0.96875
94,HumanEval-RandomSpanInfillingLight,RandomSpanInfillingLight/HumanEval/90/1,1,90,HumanEval/90,medium,oracle_sufficient_canvas,ok,False,128,9,17,9,9,0,0,oracle,,,,True,True,False,UnitTestFailure,failed: ,20cf867d38d9f93673a60f5ed109d3e8d937d2f69d16114d64168f7cbdedf07f,b7969bda05e07914e1141239a3f87329645bf2ce53d7c6df3a274d3683146a0b,1.3874920679954812,1.275640004023444,0.11185206397203729,0.0,0.99609375
95,HumanEval-RandomSpanInfillingLight,RandomSpanInfillingLight/HumanEval/97/1,1,97,HumanEval/97,medium,oracle_sufficient_canvas,ok,False,123,9,8,9,9,0,0,oracle,,,,False,False,False,SyntaxError,"'(' was never closed (<unknown>, line 14)",aeebd6e2d95890a378c91d77f668714f26d13f957c731b34dc592362ccc9a4bf,20c53f83299629efedcbf76f9a5ebaceb1732dea46a45a69f995db6236154c52,1.2717961139860563,1.271686628984753,0.00010948500130325556,0.0,0.98046875
96,HumanEval-RandomSpanInfillingLight,RandomSpanInfillingLight/HumanEval/133/1,1,133,HumanEval/133,medium,oracle_sufficient_canvas,ok,True,168,9,21,9,9,0,0,oracle,,,,True,True,True,,,d9e9997342c89c084b325739c5acfe73178af9b849c41fe5500461c57280db0c,a0b762b98d327a24df211f383a93ce0a5d93488f1053c6989f3d4a38d3bbd68d,1.3934114259900525,1.2828657409991138,0.11054568499093875,0.0,1.0
97,HumanEval-RandomSpanInfillingLight,RandomSpanInfillingLight/HumanEval/152/1,1,152,HumanEval/152,medium,oracle_sufficient_canvas,ok,True,249,9,2,9,9,0,0,oracle,,,,True,True,True,,,842d93412e03b0d31a7b2170c7814bfb823d1f2d1f816309e6c3646888097e7f,689dcc7656f08880e708683e96c2e0550dce76505c9d1ae457120b94afdbd650,1.4452528899419121,1.3341088269953616,0.11114406294655055,0.0,0.9921875
98,HumanEval-RandomSpanInfillingLight,RandomSpanInfillingLight/HumanEval/10/1,1,10,HumanEval/10,medium,oracle_sufficient_canvas,ok,True,224,10,1,10,10,0,0,oracle,,,,True,True,True,,,a535a1a370cf74955a108e44757128c64277ee63bf9581e2698414355af47937,323368e94043ae3fa1892b343d531f2841231a406b5322956e51f0a54ce04d79,1.3808320440002717,1.2733566940296441,0.10747534997062758,0.0,1.0
99,HumanEval-RandomSpanInfillingLight,RandomSpanInfillingLight/HumanEval/22/1,1,22,HumanEval/22,medium,oracle_sufficient_canvas,ok,True,100,10,2,10,10,0,0,oracle,,,,True,True,True,,,1b598e3fa97e7e5dd56b1b1c8ee5ba9caa6c7b77e4a96551821ba106839986db,f0608ccce3af6d573c51291138e40ebfa7ce07fbe697024040b69a779aee50c8,1.3697414100170135,1.2613271300215274,0.10841427999548614,0.0,0.99609375
100,HumanEval-RandomSpanInfillingLight,RandomSpanInfillingLight/HumanEval/5/1,1,5,HumanEval/5,long,oracle_sufficient_canvas,ok,True,122,17,16,17,17,0,0,oracle,,,,True,True,True,,,35d5b110d55079d8a245fda31fad2b26163be760c35960b9cb266e4703f630ba,b4dd0f3d88129486bbb4c89d14ac24dc1756483fccef2f1894e8031909f3c3e1,1.3864587100688368,1.2771353829884902,0.10932332708034664,0.0,0.99609375
101,HumanEval-RandomSpanInfillingLight,RandomSpanInfillingLight/HumanEval/13/1,1,13,HumanEval/13,long,oracle_sufficient_canvas,ok,True,72,17,5,17,17,0,0,oracle,,,,True,True,True,,,62355fe8a82acef674c619d9740741af7c021bf77779c2c95c598dd81db5191b,ab7e60392c6fa672a85d2c8d3afc2e7ab346495e623ddd7bdb9f21203af282c1,1.3676827450399287,1.2572517819935456,0.11043096304638311,0.0,0.99609375
102,HumanEval-RandomSpanInfillingLight,RandomSpanInfillingLight/HumanEval/36/1,1,36,HumanEval/36,long,oracle_sufficient_canvas,ok,True,106,17,48,17,17,0,0,oracle,,,,True,True,True,,,b8609856362f31dceda5437426f22921737b1e9964931de9a5cc4002e2af6279,1cade7cd4d732bc67f3b07655b605ff10342075cd0ba87eb2859aad928617302,1.395847387961112,1.2753807010012679,0.12046668695984408,0.0,0.98046875
103,HumanEval-RandomSpanInfillingLight,RandomSpanInfillingLight/HumanEval/65/1,1,65,HumanEval/65,long,oracle_sufficient_canvas,ok,False,121,17,1,17,17,0,0,oracle,,,,True,True,False,UnitTestFailure,failed: ,0028bbe2e7dba0839a352669ced03dc9d3fb6373f8512287a1e7428977d2fd13,0498816d6e9663056a44a85c47cd28bc06b218d18bb8f81c2cd16c8a2ca4e1dd,1.378263889986556,1.2683482080465183,0.10991568194003776,0.0,0.9765625
104,HumanEval-RandomSpanInfillingLight,RandomSpanInfillingLight/HumanEval/87/1,1,87,HumanEval/87,long,oracle_sufficient_canvas,ok,True,291,17,29,17,17,0,0,oracle,,,,True,True,True,,,982245ad2694570d39509aa800a77d32e315e3c733f82263dd754a4f429d25da,f97ed2a88cf0848b31f9dad63ec3ee07c9f11a33ea81113e4f1f9add77d4eb88,1.5234069839934818,1.4102013539522886,0.11320563004119322,0.0,1.0
105,HumanEval-RandomSpanInfillingLight,RandomSpanInfillingLight/HumanEval/151/1,1,151,HumanEval/151,long,oracle_sufficient_canvas,ok,True,162,17,2,17,17,0,0,oracle,,,,True,True,True,,,723142cf2891dac4913f3c06240bb52807ba24013f3224cb74c80ab43c0b2dc4,d60cadc01c7f66cec163e52932b556b600281abd0881361c8ad33aa4526ba280,1.3828916830243543,1.2748242639936507,0.1080674190307036,0.0,0.99609375
106,HumanEval-RandomSpanInfillingLight,RandomSpanInfillingLight/HumanEval/0/1,1,0,HumanEval/0,long,oracle_sufficient_canvas,ok,True,151,18,18,18,18,0,0,oracle,,,,True,True,True,,,2dd81a2ffd85ced753d51a71f41750fc6310b9aadda6af203cccc1f7a5ef2ead,f4ef44733ad833fdf52329c6f99c0f8fb0645261ddc7f494712e6826d351a512,1.3909520999877714,1.2805352779687382,0.11041682201903313,0.0,1.0
107,HumanEval-RandomSpanInfillingLight,RandomSpanInfillingLight/HumanEval/14/1,1,14,HumanEval/14,long,oracle_sufficient_canvas,ok,False,65,19,5,19,19,0,0,oracle,,,,True,True,False,UnitTestFailure,failed: ,88752b295586929a0d5b64f754ae8bc9ce71672afa9ae86b7cd6dc719dd1aaaf,8b986668c70cd0d4ed7d34259f8edcdaaff39164e544757086dd0f4ea9ed6c7d,1.370992693118751,1.2635254640481435,0.10746722907060757,0.0,0.99609375
108,HumanEval-RandomSpanInfillingLight,RandomSpanInfillingLight/HumanEval/24/1,1,24,HumanEval/24,long,oracle_sufficient_canvas,ok,False,58,19,1,19,19,0,0,oracle,,,,True,True,False,UnitTestFailure,failed: name 'r' is not defined,a1e42f69c5763eab2d5da38ff24f5b6d774a8adaf34d7f6c915fcf3842f28d8a,dbdc8f0ecb49a43b2f2548aa7d3698ebcc6bcfb4637646529d259c31c9ba2ba5,1.3643723640707321,1.2589166020043194,0.10545576206641272,0.0,0.984375
109,HumanEval-RandomSpanInfillingLight,RandomSpanInfillingLight/HumanEval/46/1,1,46,HumanEval/46,long,oracle_sufficient_canvas,ok,False,226,19,17,19,19,0,0,oracle,,,,True,True,False,UnitTestFailure,failed: list.append() takes exactly one argument (2 given),ec1f738c25580a68c1f795011c849134b0c215c13dbec2550a677b6e0279aaac,5c48f2217c45c0e09b77a31c4c04965cdc3c743bf2011645e21cb29d3dd2fef6,1.4490312620764598,1.3411947110434994,0.10783655103296041,0.0,0.99609375
110,HumanEval-RandomSpanInfillingLight,RandomSpanInfillingLight/HumanEval/129/1,1,129,HumanEval/129,extreme,oracle_sufficient_canvas,ok,False,446,111,47,111,111,0,0,oracle,,,,True,True,False,UnitTestFailure,failed: ,453a4c8e18bfe3162fdb2b18b70ce3e0907d64a28ceb2fe8e7dddefef3a8dbf9,0b85b75ecbd39431b3d48c6836d1d1637a18f6cd7d2bbd27a3cbb4c98b46a8d2,2.213907597993966,2.102337462012656,0.11157013598131016,0.0,0.9921875
111,HumanEval-RandomSpanInfillingLight,RandomSpanInfillingLight/HumanEval/148/1,1,148,HumanEval/148,extreme,oracle_sufficient_canvas,ok,False,220,88,52,88,88,0,0,oracle,,,,False,False,False,SyntaxError,"'(' was never closed (<unknown>, line 23)",2d8f9bd0df999ffbcfa81ac21f84aa75ec55611f0749522ce0f8b93f0d308534,7dbf6686d70a7183ed8ac95e3ba96da140aa3a7a776eac0dbfb760d18771836f,1.4480288860504515,1.4477792830439284,0.0002496030065231025,0.0,0.984375
112,HumanEval-RandomSpanInfillingLight,RandomSpanInfillingLight/HumanEval/124/1,1,124,HumanEval/124,extreme,oracle_sufficient_canvas,ok,False,342,85,37,85,85,0,0,oracle,,,,False,False,False,SyntaxError,"invalid syntax (<unknown>, line 30)",f41f8d4f66ae5d9f6b28d8fbfd5f303d6e82fa1d7a44d7f27bd6f7cde05a22a9,03af8bf3fbd9422bfd4ae02efef1a50c0ab0eafa1d9301e66b760cf6cd5de4fe,1.6242282319581136,1.6240243039792404,0.00020392797887325287,0.0,0.9921875
113,HumanEval-RandomSpanInfillingLight,RandomSpanInfillingLight/HumanEval/20/1,1,20,HumanEval/20,extreme,oracle_sufficient_canvas,ok,False,208,80,7,80,80,0,0,oracle,,,,False,False,False,SyntaxError,"unexpected indent (<unknown>, line 20)",eb9c98d4e38fa885c275014886929ce4869001722eac844b90417aa6f436975e,0ace17219abdcd68ab1e4d3835de15cb56874e46a2bc397841d066007610c319,1.4029185519902967,1.4026938439928927,0.0002247079974040389,0.0,0.99609375
114,HumanEval-RandomSpanInfillingLight,RandomSpanInfillingLight/HumanEval/105/1,1,105,HumanEval/105,extreme,oracle_sufficient_canvas,ok,True,296,79,52,79,79,0,0,oracle,,,,True,True,True,,,d7ab56a64085ef874ac245ede3342e38390eff4303bb28089dcb22e8f53dc187,217bfbc9bd5fbc82567487409e957675e50ab068a6b9f610e70c2660925c73ea,1.7259310240042396,1.6158585880184546,0.11007243598578498,0.0,0.99609375
115,HumanEval-RandomSpanInfillingLight,RandomSpanInfillingLight/HumanEval/141/1,1,141,HumanEval/141,extreme,oracle_sufficient_canvas,ok,True,248,72,41,72,72,0,0,oracle,,,,True,True,True,,,97641271e370517173e751ecf13e943a0d38de18ffe772c3b83fe4fafb23f00a,6ffc1d74bfcc1519efb724ec9c1f5dc87a3740e5705a446dec7554381eaf9c83,1.5534470680286177,1.4443990709842183,0.10904799704439938,0.0,0.99609375
116,HumanEval-RandomSpanInfillingLight,RandomSpanInfillingLight/HumanEval/6/1,1,6,HumanEval/6,extreme,oracle_sufficient_canvas,ok,False,121,70,22,70,70,0,0,oracle,,,,True,True,False,UnitTestFailure,failed: ,3fc2eceb4e95962c2f9f04514d447719345287e4504a3af296d17504ef82bbd1,e2f54b30ea3383960a3796c0ba20b7f5bb9edd6e8fa28fe00ea168ee0df36a0d,1.4107750639668666,1.2972886249772273,0.11348643898963928,0.0,0.98828125
117,HumanEval-RandomSpanInfillingLight,RandomSpanInfillingLight/HumanEval/132/1,1,132,HumanEval/132,extreme,oracle_sufficient_canvas,ok,False,163,70,47,70,70,0,0,oracle,,,,True,True,False,UnitTestFailure,failed: ,e0fe09bee351ed49b28cb2c60dcaccdc2b3a98cc3cea09ac1b0d03c7670bfcc6,7f86ce685cb0178a398c22d3981346a68d24af75f02dd90bd6fabb8693d705e2,1.5018088959041052,1.3896909129689448,0.1121179829351604,0.0,0.98828125
118,HumanEval-RandomSpanInfillingLight,RandomSpanInfillingLight/HumanEval/119/1,1,119,HumanEval/119,extreme,oracle_sufficient_canvas,ok,True,178,69,50,69,69,0,0,oracle,,,,True,True,True,,,658d67983f6dbd05efabdb6fbe841bd11d633337a191967b299205d1a26a626a,7c7eaca57c4c0d1db0abc228b615173ae14744177e62174da7ae83c2aac8f88c,1.5155637940624729,1.4025991029920988,0.1129646910703741,0.0,0.9921875
119,HumanEval-RandomSpanInfillingLight,RandomSpanInfillingLight/HumanEval/108/1,1,108,HumanEval/108,extreme,oracle_sufficient_canvas,ok,False,135,65,27,65,65,0,0,oracle,,,,True,True,False,UnitTestFailure,failed: ,e5ec058f43e86fcce7674c732b0cf26a6bae9ed85ff90783f87c1ed0b9abc73d,837a84bafa6f2736ea9ad2e038f0559756cd32086c6038626b0568874d1a2e8b,1.4108467059559189,1.2991640599793755,0.11168264597654343,0.0,0.98828125
