candidate_key,group_key,canvas_tokens,seed,passed,canvas_log2,seed_value,ordinary_confidence,equiv_exact_middle_hash,equiv_ast_match,equiv_semantic_jaccard,equiv_confidence_abs_delta,baseline_control_score,equivariance_augmented_score
HumanEval-RandomSpanInfillingLight:5:027ec5c0c5928360|deployable_grid|canvas=16|seed=0,232f52cff54e2e47,16,0,False,4.0,0.0,0.984375,0.0,0.0,0.8,0.015625,0.47990790405014916,0.4620003836436585
HumanEval-RandomSpanInfillingLight:5:027ec5c0c5928360|deployable_grid|canvas=16|seed=1,232f52cff54e2e47,16,1,False,4.0,1.0,0.984375,0.0,0.0,0.8,0.015625,0.47990790405014916,0.4620003836436585
HumanEval-RandomSpanInfillingLight:5:027ec5c0c5928360|deployable_grid|canvas=32|seed=0,232f52cff54e2e47,32,0,False,5.0,0.0,0.984375,0.0,0.0,0.8571428571428571,0.015625,0.4910679685575639,0.49596378692917464
HumanEval-RandomSpanInfillingLight:5:027ec5c0c5928360|deployable_grid|canvas=32|seed=1,232f52cff54e2e47,32,1,False,5.0,1.0,0.984375,0.0,0.0,0.8571428571428571,0.015625,0.4910679685575639,0.49596378692917464
HumanEval-RandomSpanInfillingLight:5:027ec5c0c5928360|deployable_grid|canvas=64|seed=0,232f52cff54e2e47,64,0,False,6.0,0.0,0.98828125,0.0,0.0,0.5,0.0078125,0.5066114405840842,0.4772555328352172
HumanEval-RandomSpanInfillingLight:5:027ec5c0c5928360|deployable_grid|canvas=64|seed=1,232f52cff54e2e47,64,1,False,6.0,1.0,0.98828125,0.0,0.0,0.5,0.0078125,0.5066114405840842,0.4772555328352172
HumanEval-RandomSpanInfillingLight:5:027ec5c0c5928360|deployable_grid|canvas=128|seed=0,232f52cff54e2e47,128,0,False,7.0,0.0,0.99609375,0.0,0.0,0.25,0.00390625,0.5265066286000809,0.4527686106075794
HumanEval-RandomSpanInfillingLight:5:027ec5c0c5928360|deployable_grid|canvas=128|seed=1,232f52cff54e2e47,128,1,False,7.0,1.0,0.99609375,0.0,0.0,0.25,0.00390625,0.5265066286000809,0.4527686106075794
HumanEval-RandomSpanInfillingLight:30:ff301e40890f0612|deployable_grid|canvas=16|seed=0,70c26eeaed728566,16,0,False,4.0,0.0,0.99609375,0.0,0.0,0.25,0.0078125,0.4930221369615444,0.3687272743561472
HumanEval-RandomSpanInfillingLight:30:ff301e40890f0612|deployable_grid|canvas=16|seed=1,70c26eeaed728566,16,1,False,4.0,1.0,0.99609375,0.0,0.0,0.25,0.0078125,0.4930221369615444,0.3687272743561472
HumanEval-RandomSpanInfillingLight:30:ff301e40890f0612|deployable_grid|canvas=32|seed=0,70c26eeaed728566,32,0,True,5.0,0.0,0.99609375,0.0,0.0,0.2,0.0234375,0.5041915250802227,0.287355561363906
HumanEval-RandomSpanInfillingLight:30:ff301e40890f0612|deployable_grid|canvas=32|seed=1,70c26eeaed728566,32,1,True,5.0,1.0,0.99609375,0.0,0.0,0.2,0.0234375,0.5041915250802227,0.287355561363906
HumanEval-RandomSpanInfillingLight:30:ff301e40890f0612|deployable_grid|canvas=64|seed=0,70c26eeaed728566,64,0,False,6.0,0.0,0.9921875,0.0,0.0,1.0,0.0234375,0.5109849264030082,0.48791220628958865
HumanEval-RandomSpanInfillingLight:30:ff301e40890f0612|deployable_grid|canvas=64|seed=1,70c26eeaed728566,64,1,False,6.0,1.0,0.9921875,0.0,0.0,1.0,0.0234375,0.5109849264030082,0.48791220628958865
HumanEval-RandomSpanInfillingLight:30:ff301e40890f0612|deployable_grid|canvas=128|seed=0,70c26eeaed728566,128,0,True,7.0,0.0,0.99609375,0.0,0.0,0.0,0.046875,0.5265066286000809,0.17640565355756654
HumanEval-RandomSpanInfillingLight:30:ff301e40890f0612|deployable_grid|canvas=128|seed=1,70c26eeaed728566,128,1,True,7.0,1.0,0.99609375,0.0,0.0,0.0,0.046875,0.5265066286000809,0.17640565355756654
HumanEval-RandomSpanInfillingLight:36:aadde7be8b1fc38a|deployable_grid|canvas=16|seed=0,70c0a34969431813,16,0,True,4.0,0.0,0.98828125,0.0,0.0,1.0,0.01171875,0.46143379827424535,0.4903858811775744
HumanEval-RandomSpanInfillingLight:36:aadde7be8b1fc38a|deployable_grid|canvas=16|seed=1,70c0a34969431813,16,1,True,4.0,1.0,0.98828125,0.0,0.0,1.0,0.01171875,0.46143379827424535,0.4903858811775744
HumanEval-RandomSpanInfillingLight:36:aadde7be8b1fc38a|deployable_grid|canvas=32|seed=0,70c0a34969431813,32,0,False,5.0,0.0,0.98828125,0.0,0.0,0.6666666666666666,0.00390625,0.4873277082139042,0.4990229634310557
HumanEval-RandomSpanInfillingLight:36:aadde7be8b1fc38a|deployable_grid|canvas=32|seed=1,70c0a34969431813,32,1,False,5.0,1.0,0.98828125,0.0,0.0,0.6666666666666666,0.00390625,0.4873277082139042,0.4990229634310557
HumanEval-RandomSpanInfillingLight:36:aadde7be8b1fc38a|deployable_grid|canvas=64|seed=0,70c0a34969431813,64,0,False,6.0,0.0,0.9765625,0.0,0.0,1.0,0.0234375,0.4912978314176593,0.5161484816860451
HumanEval-RandomSpanInfillingLight:36:aadde7be8b1fc38a|deployable_grid|canvas=64|seed=1,70c0a34969431813,64,1,False,6.0,1.0,0.9765625,0.0,0.0,1.0,0.0234375,0.4912978314176593,0.5161484816860451
HumanEval-RandomSpanInfillingLight:36:aadde7be8b1fc38a|deployable_grid|canvas=128|seed=0,70c0a34969431813,128,0,True,7.0,0.0,0.984375,0.0,0.0,0.20833333333333334,0.00390625,0.5318855702576739,0.4999033529366992
HumanEval-RandomSpanInfillingLight:36:aadde7be8b1fc38a|deployable_grid|canvas=128|seed=1,70c0a34969431813,128,1,True,7.0,1.0,0.984375,0.0,0.0,0.20833333333333334,0.00390625,0.5318855702576739,0.4999033529366992
HumanEval-RandomSpanInfillingLight:51:b0fa3d203d20cabf|deployable_grid|canvas=16|seed=0,be1ee02ddbb8064c,16,0,False,4.0,0.0,0.99609375,0.0,0.0,0.0,0.0,0.4760394040728796,0.3876738418420122
HumanEval-RandomSpanInfillingLight:51:b0fa3d203d20cabf|deployable_grid|canvas=16|seed=1,be1ee02ddbb8064c,16,1,False,4.0,1.0,0.99609375,0.0,0.0,0.0,0.0,0.4760394040728796,0.3876738418420122
HumanEval-RandomSpanInfillingLight:51:b0fa3d203d20cabf|deployable_grid|canvas=32|seed=0,be1ee02ddbb8064c,32,0,False,5.0,0.0,1.0,0.0,0.0,1.0,0.015625,0.5093199072063352,0.5346535706023694
HumanEval-RandomSpanInfillingLight:51:b0fa3d203d20cabf|deployable_grid|canvas=32|seed=1,be1ee02ddbb8064c,32,1,False,5.0,1.0,1.0,0.0,0.0,1.0,0.015625,0.5093199072063352,0.5346535706023694
HumanEval-RandomSpanInfillingLight:51:b0fa3d203d20cabf|deployable_grid|canvas=64|seed=0,be1ee02ddbb8064c,64,0,False,6.0,0.0,0.98828125,0.0,0.0,1.0,0.00390625,0.513289814603502,0.5844069093278442
HumanEval-RandomSpanInfillingLight:51:b0fa3d203d20cabf|deployable_grid|canvas=64|seed=1,be1ee02ddbb8064c,64,1,False,6.0,1.0,0.98828125,0.0,0.0,1.0,0.00390625,0.513289814603502,0.5844069093278442
HumanEval-RandomSpanInfillingLight:51:b0fa3d203d20cabf|deployable_grid|canvas=128|seed=0,be1ee02ddbb8064c,128,0,False,7.0,0.0,0.98828125,0.0,0.0,1.0,0.015625,0.5391804058962526,0.5904008384585747
HumanEval-RandomSpanInfillingLight:51:b0fa3d203d20cabf|deployable_grid|canvas=128|seed=1,be1ee02ddbb8064c,128,1,False,7.0,1.0,0.98828125,0.0,0.0,1.0,0.015625,0.5391804058962526,0.5904008384585747
HumanEval-RandomSpanInfillingLight:52:f39aee273f61c7a4|deployable_grid|canvas=16|seed=0,df450ef6726c4dd6,16,0,False,4.0,0.0,1.0,0.0,0.0,0.5555555555555556,0.00390625,0.48335918330648436,0.4631402453852544
HumanEval-RandomSpanInfillingLight:52:f39aee273f61c7a4|deployable_grid|canvas=16|seed=1,df450ef6726c4dd6,16,1,False,4.0,1.0,1.0,0.0,0.0,0.5555555555555556,0.00390625,0.48335918330648436,0.4631402453852544
HumanEval-RandomSpanInfillingLight:52:f39aee273f61c7a4|deployable_grid|canvas=32|seed=0,df450ef6726c4dd6,32,0,False,5.0,0.0,0.99609375,0.0,0.0,0.7777777777777778,0.0,0.5019889786573093,0.5373081203448666
HumanEval-RandomSpanInfillingLight:52:f39aee273f61c7a4|deployable_grid|canvas=32|seed=1,df450ef6726c4dd6,32,1,False,5.0,1.0,0.99609375,0.0,0.0,0.7777777777777778,0.0,0.5019889786573093,0.5373081203448666
HumanEval-RandomSpanInfillingLight:52:f39aee273f61c7a4|deployable_grid|canvas=64|seed=0,df450ef6726c4dd6,64,0,False,6.0,0.0,0.9921875,0.0,0.0,1.0,0.00390625,0.5206132530503284,0.5900702005903624
HumanEval-RandomSpanInfillingLight:52:f39aee273f61c7a4|deployable_grid|canvas=64|seed=1,df450ef6726c4dd6,64,1,False,6.0,1.0,0.9921875,0.0,0.0,1.0,0.00390625,0.5206132530503284,0.5900702005903624
HumanEval-RandomSpanInfillingLight:52:f39aee273f61c7a4|deployable_grid|canvas=128|seed=0,df450ef6726c4dd6,128,0,False,7.0,0.0,0.98046875,0.0,0.0,0.9375,0.00390625,0.524577079447447,0.6000765526546644
HumanEval-RandomSpanInfillingLight:52:f39aee273f61c7a4|deployable_grid|canvas=128|seed=1,df450ef6726c4dd6,128,1,False,7.0,1.0,0.98046875,0.0,0.0,0.9375,0.00390625,0.524577079447447,0.6000765526546644
HumanEval-RandomSpanInfillingLight:0:e6406c38161ca2e1|deployable_grid|canvas=16|seed=0,de004141fa5f04d8,16,0,False,4.0,0.0,1.0,0.0,0.0,0.45454545454545453,0.0,0.4973965757748543,0.4588151808094703
HumanEval-RandomSpanInfillingLight:0:e6406c38161ca2e1|deployable_grid|canvas=16|seed=1,de004141fa5f04d8,16,1,False,4.0,1.0,1.0,0.0,0.0,0.45454545454545453,0.0,0.4973965757748543,0.4588151808094703
HumanEval-RandomSpanInfillingLight:0:e6406c38161ca2e1|deployable_grid|canvas=32|seed=0,de004141fa5f04d8,32,0,False,5.0,0.0,1.0,0.0,0.0,0.23529411764705882,0.0,0.5085656535165508,0.42809460308470987
HumanEval-RandomSpanInfillingLight:0:e6406c38161ca2e1|deployable_grid|canvas=32|seed=1,de004141fa5f04d8,32,1,False,5.0,1.0,1.0,0.0,0.0,0.23529411764705882,0.0,0.5085656535165508,0.42809460308470987
HumanEval-RandomSpanInfillingLight:0:e6406c38161ca2e1|deployable_grid|canvas=64|seed=0,de004141fa5f04d8,64,0,False,6.0,0.0,0.9765625,0.0,0.0,0.8125,0.015625,0.4934875892149001,0.5175841051340953
HumanEval-RandomSpanInfillingLight:0:e6406c38161ca2e1|deployable_grid|canvas=64|seed=1,de004141fa5f04d8,64,1,False,6.0,1.0,0.9765625,0.0,0.0,0.8125,0.015625,0.4934875892149001,0.5175841051340953
HumanEval-RandomSpanInfillingLight:0:e6406c38161ca2e1|deployable_grid|canvas=128|seed=0,de004141fa5f04d8,128,0,True,7.0,0.0,0.9765625,0.0,0.0,0.0,0.015625,0.504657025605415,0.3512307099342559
HumanEval-RandomSpanInfillingLight:0:e6406c38161ca2e1|deployable_grid|canvas=128|seed=1,de004141fa5f04d8,128,1,True,7.0,1.0,0.9765625,0.0,0.0,0.0,0.015625,0.504657025605415,0.3512307099342559
HumanEval-RandomSpanInfillingLight:1:dac9278b36595a63|deployable_grid|canvas=16|seed=0,2b625257b3a2242c,16,0,False,4.0,0.0,0.99609375,0.0,0.0,0.14285714285714285,0.03125,0.49478086916353753,0.29889515088168367
HumanEval-RandomSpanInfillingLight:1:dac9278b36595a63|deployable_grid|canvas=16|seed=1,2b625257b3a2242c,16,1,False,4.0,1.0,0.99609375,0.0,0.0,0.14285714285714285,0.03125,0.49478086916353753,0.29889515088168367
HumanEval-RandomSpanInfillingLight:1:dac9278b36595a63|deployable_grid|canvas=32|seed=0,2b625257b3a2242c,32,0,False,5.0,0.0,0.99609375,0.0,0.0,0.8,0.01171875,0.52215439577318,0.5052620816751497
HumanEval-RandomSpanInfillingLight:1:dac9278b36595a63|deployable_grid|canvas=32|seed=1,2b625257b3a2242c,32,1,False,5.0,1.0,0.99609375,0.0,0.0,0.8,0.01171875,0.52215439577318,0.5052620816751497
HumanEval-RandomSpanInfillingLight:1:dac9278b36595a63|deployable_grid|canvas=64|seed=0,2b625257b3a2242c,64,0,False,6.0,0.0,0.98828125,0.0,0.0,0.8666666666666667,0.0,0.5120683140483518,0.5839800491764542
HumanEval-RandomSpanInfillingLight:1:dac9278b36595a63|deployable_grid|canvas=64|seed=1,2b625257b3a2242c,64,1,False,6.0,1.0,0.98828125,0.0,0.0,0.8666666666666667,0.0,0.5120683140483518,0.5839800491764542
HumanEval-RandomSpanInfillingLight:1:dac9278b36595a63|deployable_grid|canvas=128|seed=0,2b625257b3a2242c,128,0,False,7.0,0.0,0.98828125,0.0,0.0,1.0,0.03515625,0.5393771767582504,0.4526108643868435
HumanEval-RandomSpanInfillingLight:1:dac9278b36595a63|deployable_grid|canvas=128|seed=1,2b625257b3a2242c,128,1,False,7.0,1.0,0.98828125,0.0,0.0,1.0,0.03515625,0.5393771767582504,0.4526108643868435
HumanEval-RandomSpanInfillingLight:3:5bf62e23f96adddc|deployable_grid|canvas=16|seed=0,a62f14a8ccb0cf88,16,0,False,4.0,0.0,0.91015625,0.0,0.0,0.0,0.0859375,0.2631475418141738,0.1253184499423545
HumanEval-RandomSpanInfillingLight:3:5bf62e23f96adddc|deployable_grid|canvas=16|seed=1,a62f14a8ccb0cf88,16,1,False,4.0,1.0,0.91015625,0.0,0.0,0.0,0.0859375,0.2631475418141738,0.1253184499423545
HumanEval-RandomSpanInfillingLight:3:5bf62e23f96adddc|deployable_grid|canvas=32|seed=0,a62f14a8ccb0cf88,32,0,False,5.0,0.0,0.99609375,0.0,0.0,1.0,0.01171875,0.5171530464482469,0.5424783528353742
HumanEval-RandomSpanInfillingLight:3:5bf62e23f96adddc|deployable_grid|canvas=32|seed=1,a62f14a8ccb0cf88,32,1,False,5.0,1.0,0.99609375,0.0,0.0,1.0,0.01171875,0.5171530464482469,0.5424783528353742
HumanEval-RandomSpanInfillingLight:3:5bf62e23f96adddc|deployable_grid|canvas=64|seed=0,a62f14a8ccb0cf88,64,0,False,6.0,0.0,0.98828125,0.0,0.0,1.0,0.0078125,0.5063892447159387,0.5550213281393579
HumanEval-RandomSpanInfillingLight:3:5bf62e23f96adddc|deployable_grid|canvas=64|seed=1,a62f14a8ccb0cf88,64,1,False,6.0,1.0,0.98828125,0.0,0.0,1.0,0.0078125,0.5063892447159387,0.5550213281393579
HumanEval-RandomSpanInfillingLight:3:5bf62e23f96adddc|deployable_grid|canvas=128|seed=0,a62f14a8ccb0cf88,128,0,False,7.0,0.0,0.98046875,0.0,0.0,0.0,0.015625,0.49561951672152693,0.42017361116516017
HumanEval-RandomSpanInfillingLight:3:5bf62e23f96adddc|deployable_grid|canvas=128|seed=1,a62f14a8ccb0cf88,128,1,False,7.0,1.0,0.98046875,0.0,0.0,0.0,0.015625,0.49561951672152693,0.42017361116516017
HumanEval-RandomSpanInfillingLight:4:1afc9c1a6c1dc226|deployable_grid|canvas=16|seed=0,f921ad923ee1debd,16,0,True,4.0,0.0,0.95703125,0.0,1.0,1.0,0.03515625,0.3872286621340359,0.8134798884374116
HumanEval-RandomSpanInfillingLight:4:1afc9c1a6c1dc226|deployable_grid|canvas=16|seed=1,f921ad923ee1debd,16,1,True,4.0,1.0,0.95703125,0.0,1.0,1.0,0.03515625,0.3872286621340359,0.8134798884374116
HumanEval-RandomSpanInfillingLight:4:1afc9c1a6c1dc226|deployable_grid|canvas=32|seed=0,f921ad923ee1debd,32,0,True,5.0,0.0,0.9609375,0.0,0.0,0.75,0.01953125,0.4111088999190876,0.4116723154012583
HumanEval-RandomSpanInfillingLight:4:1afc9c1a6c1dc226|deployable_grid|canvas=32|seed=1,f921ad923ee1debd,32,1,True,5.0,1.0,0.9609375,0.0,0.0,0.75,0.01953125,0.4111088999190876,0.4116723154012583
HumanEval-RandomSpanInfillingLight:4:1afc9c1a6c1dc226|deployable_grid|canvas=64|seed=0,f921ad923ee1debd,64,0,True,6.0,0.0,0.99609375,0.0,1.0,1.0,0.0234375,0.530132049565854,0.8934495594878447
HumanEval-RandomSpanInfillingLight:4:1afc9c1a6c1dc226|deployable_grid|canvas=64|seed=1,f921ad923ee1debd,64,1,True,6.0,1.0,0.99609375,0.0,1.0,1.0,0.0234375,0.530132049565854,0.8934495594878447
HumanEval-RandomSpanInfillingLight:4:1afc9c1a6c1dc226|deployable_grid|canvas=128|seed=0,f921ad923ee1debd,128,0,True,7.0,0.0,0.984375,0.0,0.0,1.0,0.0078125,0.5075083472942369,0.5668453838529259
HumanEval-RandomSpanInfillingLight:4:1afc9c1a6c1dc226|deployable_grid|canvas=128|seed=1,f921ad923ee1debd,128,1,True,7.0,1.0,0.984375,0.0,0.0,1.0,0.0078125,0.5075083472942369,0.5668453838529259
HumanEval-RandomSpanInfillingLight:7:c1f6b7150375bd50|deployable_grid|canvas=16|seed=0,2733b90a7cad1177,16,0,False,4.0,0.0,0.9921875,0.0,0.0,0.5714285714285714,0.0078125,0.468729904332827,0.44365976800305557
HumanEval-RandomSpanInfillingLight:7:c1f6b7150375bd50|deployable_grid|canvas=16|seed=1,2733b90a7cad1177,16,1,False,4.0,1.0,0.9921875,0.0,0.0,0.5714285714285714,0.0078125,0.468729904332827,0.44365976800305557
HumanEval-RandomSpanInfillingLight:7:c1f6b7150375bd50|deployable_grid|canvas=32|seed=0,2733b90a7cad1177,32,0,True,5.0,0.0,0.98046875,0.0,0.0,0.6363636363636364,0.015625,0.4726882109561941,0.4520982155013755
HumanEval-RandomSpanInfillingLight:7:c1f6b7150375bd50|deployable_grid|canvas=32|seed=1,2733b90a7cad1177,32,1,True,5.0,1.0,0.98046875,0.0,0.0,0.6363636363636364,0.015625,0.4726882109561941,0.4520982155013755
HumanEval-RandomSpanInfillingLight:7:c1f6b7150375bd50|deployable_grid|canvas=64|seed=0,2733b90a7cad1177,64,0,False,6.0,0.0,0.97265625,0.0,0.0,1.0,0.0,0.4839704499741681,0.5716700170494375
HumanEval-RandomSpanInfillingLight:7:c1f6b7150375bd50|deployable_grid|canvas=64|seed=1,2733b90a7cad1177,64,1,False,6.0,1.0,0.97265625,0.0,0.0,1.0,0.0,0.4839704499741681,0.5716700170494375
HumanEval-RandomSpanInfillingLight:7:c1f6b7150375bd50|deployable_grid|canvas=128|seed=0,2733b90a7cad1177,128,0,True,7.0,0.0,0.98046875,0.0,0.0,0.7142857142857143,0.01171875,0.524577079447447,0.5478088783364653
HumanEval-RandomSpanInfillingLight:7:c1f6b7150375bd50|deployable_grid|canvas=128|seed=1,2733b90a7cad1177,128,1,True,7.0,1.0,0.98046875,0.0,0.0,0.7142857142857143,0.01171875,0.524577079447447,0.5478088783364653
HumanEval-RandomSpanInfillingLight:8:95068ce714f09af6|deployable_grid|canvas=16|seed=0,3e38f74ddaa1e169,16,0,False,4.0,0.0,1.0,0.0,0.0,0.4444444444444444,0.0,0.5160349605492909,0.493962725769487
HumanEval-RandomSpanInfillingLight:8:95068ce714f09af6|deployable_grid|canvas=16|seed=1,3e38f74ddaa1e169,16,1,False,4.0,1.0,1.0,0.0,0.0,0.4444444444444444,0.0,0.5160349605492909,0.493962725769487
HumanEval-RandomSpanInfillingLight:8:95068ce714f09af6|deployable_grid|canvas=32|seed=0,3e38f74ddaa1e169,32,0,True,5.0,0.0,1.0,0.0,0.0,0.46153846153846156,0.0,0.5290166468166566,0.517154217466474
HumanEval-RandomSpanInfillingLight:8:95068ce714f09af6|deployable_grid|canvas=32|seed=1,3e38f74ddaa1e169,32,1,True,5.0,1.0,1.0,0.0,0.0,0.46153846153846156,0.0,0.5290166468166566,0.517154217466474
HumanEval-RandomSpanInfillingLight:8:95068ce714f09af6|deployable_grid|canvas=64|seed=0,3e38f74ddaa1e169,64,0,True,6.0,0.0,0.98828125,0.0,0.0,0.625,0.0078125,0.5063892447159387,0.5106356006058099
HumanEval-RandomSpanInfillingLight:8:95068ce714f09af6|deployable_grid|canvas=64|seed=1,3e38f74ddaa1e169,64,1,True,6.0,1.0,0.98828125,0.0,0.0,0.625,0.0078125,0.5063892447159387,0.5106356006058099
HumanEval-RandomSpanInfillingLight:8:95068ce714f09af6|deployable_grid|canvas=128|seed=0,3e38f74ddaa1e169,128,0,True,7.0,0.0,0.9921875,0.0,0.0,0.3,0.0,0.5312471513992277,0.5219369949187211
HumanEval-RandomSpanInfillingLight:8:95068ce714f09af6|deployable_grid|canvas=128|seed=1,3e38f74ddaa1e169,128,1,True,7.0,1.0,0.9921875,0.0,0.0,0.3,0.0,0.5312471513992277,0.5219369949187211
HumanEval-RandomSpanInfillingLight:9:c7e5c290aba2557d|deployable_grid|canvas=16|seed=0,c58bbfc44a0e1b33,16,0,False,4.0,0.0,1.0,0.0,0.0,0.42857142857142855,0.00390625,0.48335918330648436,0.4446007773991653
HumanEval-RandomSpanInfillingLight:9:c7e5c290aba2557d|deployable_grid|canvas=16|seed=1,c58bbfc44a0e1b33,16,1,False,4.0,1.0,1.0,0.0,0.0,0.42857142857142855,0.00390625,0.48335918330648436,0.4446007773991653
HumanEval-RandomSpanInfillingLight:9:c7e5c290aba2557d|deployable_grid|canvas=32|seed=0,c58bbfc44a0e1b33,32,0,True,5.0,0.0,1.0,0.0,0.0,0.8571428571428571,0.00390625,0.5093199072063352,0.5444798983162228
HumanEval-RandomSpanInfillingLight:9:c7e5c290aba2557d|deployable_grid|canvas=32|seed=1,c58bbfc44a0e1b33,32,1,True,5.0,1.0,1.0,0.0,0.0,0.8571428571428571,0.00390625,0.5093199072063352,0.5444798983162228
HumanEval-RandomSpanInfillingLight:9:c7e5c290aba2557d|deployable_grid|canvas=64|seed=0,c58bbfc44a0e1b33,64,0,False,6.0,0.0,0.9765625,0.0,0.0,0.6,0.00390625,0.4912978314176593,0.5087905587888483
HumanEval-RandomSpanInfillingLight:9:c7e5c290aba2557d|deployable_grid|canvas=64|seed=1,c58bbfc44a0e1b33,64,1,False,6.0,1.0,0.9765625,0.0,0.0,0.6,0.00390625,0.4912978314176593,0.5087905587888483
HumanEval-RandomSpanInfillingLight:9:c7e5c290aba2557d|deployable_grid|canvas=128|seed=0,c58bbfc44a0e1b33,128,0,False,7.0,0.0,0.98046875,0.0,0.0,0.5,0.0078125,0.524577079447447,0.526681328062825
HumanEval-RandomSpanInfillingLight:9:c7e5c290aba2557d|deployable_grid|canvas=128|seed=1,c58bbfc44a0e1b33,128,1,False,7.0,1.0,0.98046875,0.0,0.0,0.5,0.0078125,0.524577079447447,0.526681328062825
HumanEval-RandomSpanInfillingLight:10:4c20421111c310c3|deployable_grid|canvas=16|seed=0,cd407095a184e5d2,16,0,False,4.0,0.0,0.99609375,0.0,0.0,0.3333333333333333,0.0,0.4411387765644909,0.44235645131922485
HumanEval-RandomSpanInfillingLight:10:4c20421111c310c3|deployable_grid|canvas=16|seed=1,cd407095a184e5d2,16,1,False,4.0,1.0,0.99609375,0.0,0.0,0.3333333333333333,0.0,0.4411387765644909,0.44235645131922485
HumanEval-RandomSpanInfillingLight:10:4c20421111c310c3|deployable_grid|canvas=32|seed=0,cd407095a184e5d2,32,0,False,5.0,0.0,0.9921875,0.0,0.0,0.6666666666666666,0.0078125,0.4843053389858768,0.48118054774437324
HumanEval-RandomSpanInfillingLight:10:4c20421111c310c3|deployable_grid|canvas=32|seed=1,cd407095a184e5d2,32,1,False,5.0,1.0,0.9921875,0.0,0.0,0.6666666666666666,0.0078125,0.4843053389858768,0.48118054774437324
HumanEval-RandomSpanInfillingLight:10:4c20421111c310c3|deployable_grid|canvas=64|seed=0,cd407095a184e5d2,64,0,False,6.0,0.0,0.98046875,0.0,0.0,1.0,0.01171875,0.5005652825066758,0.5016285672496051
HumanEval-RandomSpanInfillingLight:10:4c20421111c310c3|deployable_grid|canvas=64|seed=1,cd407095a184e5d2,64,1,False,6.0,1.0,0.98046875,0.0,0.0,1.0,0.01171875,0.5005652825066758,0.5016285672496051
HumanEval-RandomSpanInfillingLight:10:4c20421111c310c3|deployable_grid|canvas=128|seed=0,cd407095a184e5d2,128,0,False,7.0,0.0,0.984375,0.0,0.0,1.0,0.01953125,0.5706945651633862,0.5626788690606228
HumanEval-RandomSpanInfillingLight:10:4c20421111c310c3|deployable_grid|canvas=128|seed=1,cd407095a184e5d2,128,1,False,7.0,1.0,0.984375,0.0,0.0,1.0,0.01953125,0.5706945651633862,0.5626788690606228
HumanEval-RandomSpanInfillingLight:12:f2aa2ebb7823f0fe|deployable_grid|canvas=16|seed=0,d98e9fb34bc25697,16,0,True,4.0,0.0,1.0,0.0,0.0,1.0,0.0,0.45457542516114946,0.4695998574378634
HumanEval-RandomSpanInfillingLight:12:f2aa2ebb7823f0fe|deployable_grid|canvas=16|seed=1,d98e9fb34bc25697,16,1,True,4.0,1.0,1.0,0.0,0.0,1.0,0.0,0.45457542516114946,0.4695998574378634
HumanEval-RandomSpanInfillingLight:12:f2aa2ebb7823f0fe|deployable_grid|canvas=32|seed=0,d98e9fb34bc25697,32,0,True,5.0,0.0,1.0,0.0,0.0,0.5384615384615384,0.0,0.5114686672605873,0.5278999900890544
HumanEval-RandomSpanInfillingLight:12:f2aa2ebb7823f0fe|deployable_grid|canvas=32|seed=1,d98e9fb34bc25697,32,1,True,5.0,1.0,1.0,0.0,0.0,0.5384615384615384,0.0,0.5114686672605873,0.5278999900890544
HumanEval-RandomSpanInfillingLight:12:f2aa2ebb7823f0fe|deployable_grid|canvas=64|seed=0,d98e9fb34bc25697,64,0,False,6.0,0.0,1.0,0.0,0.0,0.9090909090909091,0.02734375,0.568066318782968,0.5310235010925388
HumanEval-RandomSpanInfillingLight:12:f2aa2ebb7823f0fe|deployable_grid|canvas=64|seed=1,d98e9fb34bc25697,64,1,False,6.0,1.0,1.0,0.0,0.0,0.9090909090909091,0.02734375,0.568066318782968,0.5310235010925388
HumanEval-RandomSpanInfillingLight:12:f2aa2ebb7823f0fe|deployable_grid|canvas=128|seed=0,d98e9fb34bc25697,128,0,False,7.0,0.0,0.98046875,0.0,0.0,0.5555555555555556,0.00390625,0.5573328547480721,0.5800684278538524
HumanEval-RandomSpanInfillingLight:12:f2aa2ebb7823f0fe|deployable_grid|canvas=128|seed=1,d98e9fb34bc25697,128,1,False,7.0,1.0,0.98046875,0.0,0.0,0.5555555555555556,0.00390625,0.5573328547480721,0.5800684278538524
HumanEval-RandomSpanInfillingLight:14:8100a1983da68053|deployable_grid|canvas=16|seed=0,963267bc4e5e2c82,16,0,False,4.0,0.0,1.0,0.0,0.0,0.45454545454545453,0.0,0.5160349605492909,0.4951641411773212
HumanEval-RandomSpanInfillingLight:14:8100a1983da68053|deployable_grid|canvas=16|seed=1,963267bc4e5e2c82,16,1,False,4.0,1.0,1.0,0.0,0.0,0.45454545454545453,0.0,0.5160349605492909,0.4951641411773212
HumanEval-RandomSpanInfillingLight:14:8100a1983da68053|deployable_grid|canvas=32|seed=0,963267bc4e5e2c82,32,0,False,5.0,0.0,1.0,0.0,0.0,0.8181818181818182,0.01953125,0.5290166468166566,0.5104669333059699
HumanEval-RandomSpanInfillingLight:14:8100a1983da68053|deployable_grid|canvas=32|seed=1,963267bc4e5e2c82,32,1,False,5.0,1.0,1.0,0.0,0.0,0.8181818181818182,0.01953125,0.5290166468166566,0.5104669333059699
HumanEval-RandomSpanInfillingLight:14:8100a1983da68053|deployable_grid|canvas=64|seed=0,963267bc4e5e2c82,64,0,False,6.0,0.0,0.98046875,0.0,0.0,0.0,0.0,0.4826175861377164,0.43793483852480414
HumanEval-RandomSpanInfillingLight:14:8100a1983da68053|deployable_grid|canvas=64|seed=1,963267bc4e5e2c82,64,1,False,6.0,1.0,0.98046875,0.0,0.0,0.0,0.0,0.4826175861377164,0.43793483852480414
HumanEval-RandomSpanInfillingLight:14:8100a1983da68053|deployable_grid|canvas=128|seed=0,963267bc4e5e2c82,128,0,False,7.0,0.0,0.984375,0.0,0.0,0.07692307692307693,0.01953125,0.5075083472942369,0.4284681014774827
HumanEval-RandomSpanInfillingLight:14:8100a1983da68053|deployable_grid|canvas=128|seed=1,963267bc4e5e2c82,128,1,False,7.0,1.0,0.984375,0.0,0.0,0.07692307692307693,0.01953125,0.5075083472942369,0.4284681014774827
HumanEval-RandomSpanInfillingLight:15:333b588dd410244c|deployable_grid|canvas=16|seed=0,97680794067f1f3a,16,0,False,4.0,0.0,1.0,1.0,0.0,1.0,0.0,0.45457542516114946,0.014122343164028597
HumanEval-RandomSpanInfillingLight:15:333b588dd410244c|deployable_grid|canvas=16|seed=1,97680794067f1f3a,16,1,False,4.0,1.0,1.0,1.0,0.0,1.0,0.0,0.45457542516114946,0.014122343164028597
HumanEval-RandomSpanInfillingLight:15:333b588dd410244c|deployable_grid|canvas=32|seed=0,97680794067f1f3a,32,0,True,5.0,0.0,0.99609375,1.0,1.0,1.0,0.0,0.49788544287697994,0.1524567337940967
HumanEval-RandomSpanInfillingLight:15:333b588dd410244c|deployable_grid|canvas=32|seed=1,97680794067f1f3a,32,1,True,5.0,1.0,0.99609375,1.0,1.0,1.0,0.0,0.49788544287697994,0.1524567337940967
HumanEval-RandomSpanInfillingLight:15:333b588dd410244c|deployable_grid|canvas=64|seed=0,97680794067f1f3a,64,0,False,6.0,0.0,0.9765625,1.0,0.0,1.0,0.0,0.4869829758718576,0.01708080455588378
HumanEval-RandomSpanInfillingLight:15:333b588dd410244c|deployable_grid|canvas=64|seed=1,97680794067f1f3a,64,1,False,6.0,1.0,0.9765625,1.0,0.0,1.0,0.0,0.4869829758718576,0.01708080455588378
HumanEval-RandomSpanInfillingLight:15:333b588dd410244c|deployable_grid|canvas=128|seed=0,97680794067f1f3a,128,0,False,7.0,0.0,0.96484375,1.0,0.0,1.0,0.0,0.5032450896599302,0.01878062357114241
HumanEval-RandomSpanInfillingLight:15:333b588dd410244c|deployable_grid|canvas=128|seed=1,97680794067f1f3a,128,1,False,7.0,1.0,0.96484375,1.0,0.0,1.0,0.0,0.5032450896599302,0.01878062357114241
HumanEval-RandomSpanInfillingLight:17:9b02770240a54b27|deployable_grid|canvas=16|seed=0,2bcdef9bb0b65744,16,0,False,4.0,0.0,0.984375,0.0,0.0,1.0,0.01171875,0.45415417719016454,0.48454843734393416
HumanEval-RandomSpanInfillingLight:17:9b02770240a54b27|deployable_grid|canvas=16|seed=1,2bcdef9bb0b65744,16,1,False,4.0,1.0,0.984375,0.0,0.0,1.0,0.01171875,0.45415417719016454,0.48454843734393416
HumanEval-RandomSpanInfillingLight:17:9b02770240a54b27|deployable_grid|canvas=32|seed=0,2bcdef9bb0b65744,32,0,True,5.0,0.0,0.9921875,0.0,0.0,1.0,0.00390625,0.4946571948532885,0.5537454581813003
HumanEval-RandomSpanInfillingLight:17:9b02770240a54b27|deployable_grid|canvas=32|seed=1,2bcdef9bb0b65744,32,1,True,5.0,1.0,0.9921875,0.0,0.0,1.0,0.00390625,0.4946571948532885,0.5537454581813003
HumanEval-RandomSpanInfillingLight:17:9b02770240a54b27|deployable_grid|canvas=64|seed=0,2bcdef9bb0b65744,64,0,True,6.0,0.0,0.984375,0.0,0.0,0.2857142857142857,0.0078125,0.5059606655213402,0.46394287979309246
HumanEval-RandomSpanInfillingLight:17:9b02770240a54b27|deployable_grid|canvas=64|seed=1,2bcdef9bb0b65744,64,1,True,6.0,1.0,0.984375,0.0,0.0,0.2857142857142857,0.0078125,0.5059606655213402,0.46394287979309246
HumanEval-RandomSpanInfillingLight:17:9b02770240a54b27|deployable_grid|canvas=128|seed=0,2bcdef9bb0b65744,128,0,True,7.0,0.0,0.98046875,0.0,0.0,0.2857142857142857,0.0078125,0.524577079447447,0.4951491466539979
HumanEval-RandomSpanInfillingLight:17:9b02770240a54b27|deployable_grid|canvas=128|seed=1,2bcdef9bb0b65744,128,1,True,7.0,1.0,0.98046875,0.0,0.0,0.2857142857142857,0.0078125,0.524577079447447,0.4951491466539979
HumanEval-RandomSpanInfillingLight:18:acbd91212ee7b05d|deployable_grid|canvas=16|seed=0,f1820e35c0145254,16,0,False,4.0,0.0,0.97265625,0.0,0.0,0.125,0.00390625,0.38444700430729134,0.33209894901299536
HumanEval-RandomSpanInfillingLight:18:acbd91212ee7b05d|deployable_grid|canvas=16|seed=1,f1820e35c0145254,16,1,False,4.0,1.0,0.97265625,0.0,0.0,0.125,0.00390625,0.38444700430729134,0.33209894901299536
HumanEval-RandomSpanInfillingLight:18:acbd91212ee7b05d|deployable_grid|canvas=32|seed=0,f1820e35c0145254,32,0,False,5.0,0.0,0.984375,0.0,0.0,1.0,0.015625,0.4659917740450141,0.4504678071280654
HumanEval-RandomSpanInfillingLight:18:acbd91212ee7b05d|deployable_grid|canvas=32|seed=1,f1820e35c0145254,32,1,False,5.0,1.0,0.984375,0.0,0.0,1.0,0.015625,0.4659917740450141,0.4504678071280654
HumanEval-RandomSpanInfillingLight:18:acbd91212ee7b05d|deployable_grid|canvas=64|seed=0,f1820e35c0145254,64,0,True,6.0,0.0,0.96875,0.0,0.0,0.8181818181818182,0.01953125,0.4190724556776549,0.38548750951128735
HumanEval-RandomSpanInfillingLight:18:acbd91212ee7b05d|deployable_grid|canvas=64|seed=1,f1820e35c0145254,64,1,True,6.0,1.0,0.96875,0.0,0.0,0.8181818181818182,0.01953125,0.4190724556776549,0.38548750951128735
HumanEval-RandomSpanInfillingLight:18:acbd91212ee7b05d|deployable_grid|canvas=128|seed=0,f1820e35c0145254,128,0,True,7.0,0.0,0.9453125,0.0,0.0,0.4782608695652174,0.046875,0.339198704818313,0.1896342546243826
HumanEval-RandomSpanInfillingLight:18:acbd91212ee7b05d|deployable_grid|canvas=128|seed=1,f1820e35c0145254,128,1,True,7.0,1.0,0.9453125,0.0,0.0,0.4782608695652174,0.046875,0.339198704818313,0.1896342546243826
HumanEval-RandomSpanInfillingLight:20:e55eaad75c7c6016|deployable_grid|canvas=16|seed=0,59e2617f1272aa7d,16,0,False,4.0,0.0,1.0,0.0,0.0,0.2857142857142857,0.02734375,0.45457542516114946,0.38609912817679704
HumanEval-RandomSpanInfillingLight:20:e55eaad75c7c6016|deployable_grid|canvas=16|seed=1,59e2617f1272aa7d,16,1,False,4.0,1.0,1.0,0.0,0.0,0.2857142857142857,0.02734375,0.45457542516114946,0.38609912817679704
HumanEval-RandomSpanInfillingLight:20:e55eaad75c7c6016|deployable_grid|canvas=32|seed=0,59e2617f1272aa7d,32,0,False,5.0,0.0,1.0,0.0,0.0,0.42857142857142855,0.00390625,0.5114686672605873,0.515556486118455
HumanEval-RandomSpanInfillingLight:20:e55eaad75c7c6016|deployable_grid|canvas=32|seed=1,59e2617f1272aa7d,32,1,False,5.0,1.0,1.0,0.0,0.0,0.42857142857142855,0.00390625,0.5114686672605873,0.515556486118455
HumanEval-RandomSpanInfillingLight:20:e55eaad75c7c6016|deployable_grid|canvas=64|seed=0,59e2617f1272aa7d,64,0,False,6.0,0.0,0.99609375,0.0,0.0,0.47368421052631576,0.00390625,0.5546866366148991,0.568984521396959
HumanEval-RandomSpanInfillingLight:20:e55eaad75c7c6016|deployable_grid|canvas=64|seed=1,59e2617f1272aa7d,64,1,False,6.0,1.0,0.99609375,0.0,0.0,0.47368421052631576,0.00390625,0.5546866366148991,0.568984521396959
HumanEval-RandomSpanInfillingLight:20:e55eaad75c7c6016|deployable_grid|canvas=128|seed=0,59e2617f1272aa7d,128,0,False,7.0,0.0,0.984375,0.0,0.0,0.3333333333333333,0.0078125,0.5706945651633862,0.5799226736363223
HumanEval-RandomSpanInfillingLight:20:e55eaad75c7c6016|deployable_grid|canvas=128|seed=1,59e2617f1272aa7d,128,1,False,7.0,1.0,0.984375,0.0,0.0,0.3333333333333333,0.0078125,0.5706945651633862,0.5799226736363223
HumanEval-RandomSpanInfillingLight:21:79f1bea1039577ae|deployable_grid|canvas=16|seed=0,9677d6b644e8876f,16,0,True,4.0,0.0,1.0,0.0,0.0,1.0,0.015625,0.4973965757748543,0.48590680340972947
HumanEval-RandomSpanInfillingLight:21:79f1bea1039577ae|deployable_grid|canvas=16|seed=1,9677d6b644e8876f,16,1,True,4.0,1.0,1.0,0.0,0.0,1.0,0.015625,0.4973965757748543,0.48590680340972947
HumanEval-RandomSpanInfillingLight:21:79f1bea1039577ae|deployable_grid|canvas=32|seed=0,9677d6b644e8876f,32,0,True,5.0,0.0,1.0,0.0,0.0,0.8333333333333334,0.01953125,0.5085656535165508,0.4420779785978657
HumanEval-RandomSpanInfillingLight:21:79f1bea1039577ae|deployable_grid|canvas=32|seed=1,9677d6b644e8876f,32,1,True,5.0,1.0,1.0,0.0,0.0,0.8333333333333334,0.01953125,0.5085656535165508,0.4420779785978657
HumanEval-RandomSpanInfillingLight:21:79f1bea1039577ae|deployable_grid|canvas=64|seed=0,9677d6b644e8876f,64,0,False,6.0,0.0,0.98828125,0.0,0.0,0.6666666666666666,0.015625,0.5066114405840842,0.4658776392929863
HumanEval-RandomSpanInfillingLight:21:79f1bea1039577ae|deployable_grid|canvas=64|seed=1,9677d6b644e8876f,64,1,False,6.0,1.0,0.98828125,0.0,0.0,0.6666666666666666,0.015625,0.5066114405840842,0.4658776392929863
HumanEval-RandomSpanInfillingLight:21:79f1bea1039577ae|deployable_grid|canvas=128|seed=0,9677d6b644e8876f,128,0,True,7.0,0.0,0.98046875,0.0,0.0,0.8666666666666667,0.0234375,0.5090310463411388,0.49442162553858393
HumanEval-RandomSpanInfillingLight:21:79f1bea1039577ae|deployable_grid|canvas=128|seed=1,9677d6b644e8876f,128,1,True,7.0,1.0,0.98046875,0.0,0.0,0.8666666666666667,0.0234375,0.5090310463411388,0.49442162553858393
HumanEval-RandomSpanInfillingLight:22:107431e58ce52b8c|deployable_grid|canvas=16|seed=0,cc301d73c6c42631,16,0,False,4.0,0.0,0.99609375,0.0,0.0,0.2,0.015625,0.5041508586858571,0.4171987606239758
HumanEval-RandomSpanInfillingLight:22:107431e58ce52b8c|deployable_grid|canvas=16|seed=1,cc301d73c6c42631,16,1,False,4.0,1.0,0.99609375,0.0,0.0,0.2,0.015625,0.5041508586858571,0.4171987606239758
HumanEval-RandomSpanInfillingLight:22:107431e58ce52b8c|deployable_grid|canvas=32|seed=0,cc301d73c6c42631,32,0,True,5.0,0.0,0.98828125,0.0,0.0,0.5,0.0078125,0.49338115283499034,0.47462462948593476
HumanEval-RandomSpanInfillingLight:22:107431e58ce52b8c|deployable_grid|canvas=32|seed=1,cc301d73c6c42631,32,1,True,5.0,1.0,0.98828125,0.0,0.0,0.5,0.0078125,0.49338115283499034,0.47462462948593476
HumanEval-RandomSpanInfillingLight:22:107431e58ce52b8c|deployable_grid|canvas=64|seed=0,cc301d73c6c42631,64,0,False,6.0,0.0,0.99609375,0.0,0.0,0.0,0.04296875,0.530132049565854,0.36930963474463374
HumanEval-RandomSpanInfillingLight:22:107431e58ce52b8c|deployable_grid|canvas=64|seed=1,cc301d73c6c42631,64,1,False,6.0,1.0,0.99609375,0.0,0.0,0.0,0.04296875,0.530132049565854,0.36930963474463374
HumanEval-RandomSpanInfillingLight:22:107431e58ce52b8c|deployable_grid|canvas=128|seed=0,cc301d73c6c42631,128,0,False,7.0,0.0,0.98046875,0.0,0.0,1.0,0.01171875,0.49561951672152693,0.5481130754271355
HumanEval-RandomSpanInfillingLight:22:107431e58ce52b8c|deployable_grid|canvas=128|seed=1,cc301d73c6c42631,128,1,False,7.0,1.0,0.98046875,0.0,0.0,1.0,0.01171875,0.49561951672152693,0.5481130754271355
HumanEval-RandomSpanInfillingLight:24:eec0316eef796e2d|deployable_grid|canvas=16|seed=0,5759fc1500037510,16,0,False,4.0,0.0,0.9921875,0.0,0.0,1.0,0.00390625,0.4886487663066173,0.573031710346779
HumanEval-RandomSpanInfillingLight:24:eec0316eef796e2d|deployable_grid|canvas=16|seed=1,5759fc1500037510,16,1,False,4.0,1.0,0.9921875,0.0,0.0,1.0,0.00390625,0.4886487663066173,0.573031710346779
HumanEval-RandomSpanInfillingLight:24:eec0316eef796e2d|deployable_grid|canvas=32|seed=0,5759fc1500037510,32,0,False,5.0,0.0,0.99609375,0.0,0.0,1.0,0.0078125,0.5041915250802227,0.5626413138404188
HumanEval-RandomSpanInfillingLight:24:eec0316eef796e2d|deployable_grid|canvas=32|seed=1,5759fc1500037510,32,1,False,5.0,1.0,0.99609375,0.0,0.0,1.0,0.0078125,0.5041915250802227,0.5626413138404188
HumanEval-RandomSpanInfillingLight:24:eec0316eef796e2d|deployable_grid|canvas=64|seed=0,5759fc1500037510,64,0,False,6.0,0.0,0.98828125,0.0,0.0,1.0,0.03125,0.5066114405840842,0.4432396277203778
HumanEval-RandomSpanInfillingLight:24:eec0316eef796e2d|deployable_grid|canvas=64|seed=1,5759fc1500037510,64,1,False,6.0,1.0,0.98828125,0.0,0.0,1.0,0.03125,0.5066114405840842,0.4432396277203778
HumanEval-RandomSpanInfillingLight:24:eec0316eef796e2d|deployable_grid|canvas=128|seed=0,5759fc1500037510,128,0,False,7.0,0.0,0.9765625,0.0,0.0,0.0,0.0234375,0.504657025605415,0.3065122702029521
HumanEval-RandomSpanInfillingLight:24:eec0316eef796e2d|deployable_grid|canvas=128|seed=1,5759fc1500037510,128,1,False,7.0,1.0,0.9765625,0.0,0.0,0.0,0.0234375,0.504657025605415,0.3065122702029521
HumanEval-RandomSpanInfillingLight:29:bf9cd5a4f37c83e4|deployable_grid|canvas=16|seed=0,b477117fee212338,16,0,True,4.0,0.0,0.984375,0.0,1.0,1.0,0.01953125,0.45415417719016454,0.8775271090139902
HumanEval-RandomSpanInfillingLight:29:bf9cd5a4f37c83e4|deployable_grid|canvas=16|seed=1,b477117fee212338,16,1,True,4.0,1.0,0.984375,0.0,1.0,1.0,0.01953125,0.45415417719016454,0.8775271090139902
HumanEval-RandomSpanInfillingLight:29:bf9cd5a4f37c83e4|deployable_grid|canvas=32|seed=0,b477117fee212338,32,0,True,5.0,0.0,0.98828125,0.0,0.0,0.0,0.0,0.4873277082139042,0.4120759326230538
HumanEval-RandomSpanInfillingLight:29:bf9cd5a4f37c83e4|deployable_grid|canvas=32|seed=1,b477117fee212338,32,1,True,5.0,1.0,0.98828125,0.0,0.0,0.0,0.0,0.4873277082139042,0.4120759326230538
HumanEval-RandomSpanInfillingLight:29:bf9cd5a4f37c83e4|deployable_grid|canvas=64|seed=0,b477117fee212338,64,0,False,6.0,0.0,0.97265625,0.0,0.0,1.0,0.00390625,0.4839704499741681,0.5615443240059675
HumanEval-RandomSpanInfillingLight:29:bf9cd5a4f37c83e4|deployable_grid|canvas=64|seed=1,b477117fee212338,64,1,False,6.0,1.0,0.97265625,0.0,0.0,1.0,0.00390625,0.4839704499741681,0.5615443240059675
HumanEval-RandomSpanInfillingLight:29:bf9cd5a4f37c83e4|deployable_grid|canvas=128|seed=0,b477117fee212338,128,0,False,7.0,0.0,0.953125,0.0,0.0,0.0,0.03515625,0.4732983455111063,0.34526524651445656
HumanEval-RandomSpanInfillingLight:29:bf9cd5a4f37c83e4|deployable_grid|canvas=128|seed=1,b477117fee212338,128,1,False,7.0,1.0,0.953125,0.0,0.0,0.0,0.03515625,0.4732983455111063,0.34526524651445656
HumanEval-RandomSpanInfillingLight:32:b8b59e4778abe4f8|deployable_grid|canvas=16|seed=0,6324b7c6ab799ff5,16,0,False,4.0,0.0,0.953125,0.0,0.0,0.7142857142857143,0.0390625,0.4451201219539759,0.34158726979050485
HumanEval-RandomSpanInfillingLight:32:b8b59e4778abe4f8|deployable_grid|canvas=16|seed=1,6324b7c6ab799ff5,16,1,False,4.0,1.0,0.953125,0.0,0.0,0.7142857142857143,0.0390625,0.4451201219539759,0.34158726979050485
HumanEval-RandomSpanInfillingLight:32:b8b59e4778abe4f8|deployable_grid|canvas=32|seed=0,6324b7c6ab799ff5,32,0,False,5.0,0.0,0.984375,0.0,0.0,0.5,0.01171875,0.4910679685575639,0.4374444994669348
HumanEval-RandomSpanInfillingLight:32:b8b59e4778abe4f8|deployable_grid|canvas=32|seed=1,6324b7c6ab799ff5,32,1,False,5.0,1.0,0.984375,0.0,0.0,0.5,0.01171875,0.4910679685575639,0.4374444994669348
HumanEval-RandomSpanInfillingLight:32:b8b59e4778abe4f8|deployable_grid|canvas=64|seed=0,6324b7c6ab799ff5,64,0,False,6.0,0.0,0.984375,0.0,0.0,0.8,0.0078125,0.5022369426778894,0.553559370354484
HumanEval-RandomSpanInfillingLight:32:b8b59e4778abe4f8|deployable_grid|canvas=64|seed=1,6324b7c6ab799ff5,64,1,False,6.0,1.0,0.984375,0.0,0.0,0.8,0.0078125,0.5022369426778894,0.553559370354484
HumanEval-RandomSpanInfillingLight:32:b8b59e4778abe4f8|deployable_grid|canvas=128|seed=0,6324b7c6ab799ff5,128,0,False,7.0,0.0,0.96875,0.0,0.0,0.875,0.01953125,0.4959075149810712,0.5390453020016792
HumanEval-RandomSpanInfillingLight:32:b8b59e4778abe4f8|deployable_grid|canvas=128|seed=1,6324b7c6ab799ff5,128,1,False,7.0,1.0,0.96875,0.0,0.0,0.875,0.01953125,0.4959075149810712,0.5390453020016792
HumanEval-RandomSpanInfillingLight:37:c528fd524a76dec1|deployable_grid|canvas=16|seed=0,4d58b82570cbbb2c,16,0,False,4.0,0.0,1.0,0.0,0.0,0.5,0.0,0.5160349605492909,0.500571001317126
HumanEval-RandomSpanInfillingLight:37:c528fd524a76dec1|deployable_grid|canvas=16|seed=1,4d58b82570cbbb2c,16,1,False,4.0,1.0,1.0,0.0,0.0,0.5,0.0,0.5160349605492909,0.500571001317126
HumanEval-RandomSpanInfillingLight:37:c528fd524a76dec1|deployable_grid|canvas=32|seed=0,4d58b82570cbbb2c,32,0,False,5.0,0.0,1.0,0.0,0.0,0.6363636363636364,0.0,0.5290166468166566,0.5378844018928607
HumanEval-RandomSpanInfillingLight:37:c528fd524a76dec1|deployable_grid|canvas=32|seed=1,4d58b82570cbbb2c,32,1,False,5.0,1.0,1.0,0.0,0.0,0.6363636363636364,0.0,0.5290166468166566,0.5378844018928607
HumanEval-RandomSpanInfillingLight:37:c528fd524a76dec1|deployable_grid|canvas=64|seed=0,4d58b82570cbbb2c,64,0,False,6.0,0.0,0.984375,0.0,0.0,0.5625,0.00390625,0.4945003072199629,0.5038636296518367
HumanEval-RandomSpanInfillingLight:37:c528fd524a76dec1|deployable_grid|canvas=64|seed=1,4d58b82570cbbb2c,64,1,False,6.0,1.0,0.984375,0.0,0.0,0.5625,0.00390625,0.4945003072199629,0.5038636296518367
HumanEval-RandomSpanInfillingLight:37:c528fd524a76dec1|deployable_grid|canvas=128|seed=0,4d58b82570cbbb2c,128,0,False,7.0,0.0,0.98828125,0.0,0.0,0.6428571428571429,0.00390625,0.5193886919170916,0.5436385373391265
HumanEval-RandomSpanInfillingLight:37:c528fd524a76dec1|deployable_grid|canvas=128|seed=1,4d58b82570cbbb2c,128,1,False,7.0,1.0,0.98828125,0.0,0.0,0.6428571428571429,0.00390625,0.5193886919170916,0.5436385373391265
HumanEval-RandomSpanInfillingLight:40:889964ab8a3c74c1|deployable_grid|canvas=16|seed=0,cd672a055a9ca75d,16,0,False,4.0,0.0,0.98828125,0.0,0.0,0.3,0.015625,0.4573977413667844,0.3559220142063978
HumanEval-RandomSpanInfillingLight:40:889964ab8a3c74c1|deployable_grid|canvas=16|seed=1,cd672a055a9ca75d,16,1,False,4.0,1.0,0.98828125,0.0,0.0,0.3,0.015625,0.4573977413667844,0.3559220142063978
HumanEval-RandomSpanInfillingLight:40:889964ab8a3c74c1|deployable_grid|canvas=32|seed=0,cd672a055a9ca75d,32,0,False,5.0,0.0,0.98046875,0.0,0.0,0.5833333333333334,0.00390625,0.4473913797533498,0.45351156082580896
HumanEval-RandomSpanInfillingLight:40:889964ab8a3c74c1|deployable_grid|canvas=32|seed=1,cd672a055a9ca75d,32,1,False,5.0,1.0,0.98046875,0.0,0.0,0.5833333333333334,0.00390625,0.4473913797533498,0.45351156082580896
HumanEval-RandomSpanInfillingLight:40:889964ab8a3c74c1|deployable_grid|canvas=64|seed=0,cd672a055a9ca75d,64,0,False,6.0,0.0,0.98828125,0.0,0.0,1.0,0.0078125,0.5120683140483518,0.5557126227657592
HumanEval-RandomSpanInfillingLight:40:889964ab8a3c74c1|deployable_grid|canvas=64|seed=1,cd672a055a9ca75d,64,1,False,6.0,1.0,0.98828125,0.0,0.0,1.0,0.0078125,0.5120683140483518,0.5557126227657592
HumanEval-RandomSpanInfillingLight:40:889964ab8a3c74c1|deployable_grid|canvas=128|seed=0,cd672a055a9ca75d,128,0,True,7.0,0.0,0.96875,0.0,0.0,0.7058823529411765,0.0234375,0.44595464841276106,0.397328347237416
HumanEval-RandomSpanInfillingLight:40:889964ab8a3c74c1|deployable_grid|canvas=128|seed=1,cd672a055a9ca75d,128,1,True,7.0,1.0,0.96875,0.0,0.0,0.7058823529411765,0.0234375,0.44595464841276106,0.397328347237416
HumanEval-RandomSpanInfillingLight:42:e7b2b8a4c7493431|deployable_grid|canvas=16|seed=0,971332783cb9d80f,16,0,True,4.0,0.0,1.0,0.0,0.0,0.25,0.00390625,0.4973965757748543,0.3871191885837654
HumanEval-RandomSpanInfillingLight:42:e7b2b8a4c7493431|deployable_grid|canvas=16|seed=1,971332783cb9d80f,16,1,True,4.0,1.0,1.0,0.0,0.0,0.25,0.00390625,0.4973965757748543,0.3871191885837654
HumanEval-RandomSpanInfillingLight:42:e7b2b8a4c7493431|deployable_grid|canvas=32|seed=0,971332783cb9d80f,32,0,True,5.0,0.0,1.0,0.0,0.0,0.23076923076923078,0.01171875,0.5085656535165508,0.3547648688007387
HumanEval-RandomSpanInfillingLight:42:e7b2b8a4c7493431|deployable_grid|canvas=32|seed=1,971332783cb9d80f,32,1,True,5.0,1.0,1.0,0.0,0.0,0.23076923076923078,0.01171875,0.5085656535165508,0.3547648688007387
HumanEval-RandomSpanInfillingLight:42:e7b2b8a4c7493431|deployable_grid|canvas=64|seed=0,971332783cb9d80f,64,0,False,6.0,0.0,0.984375,0.0,0.0,1.0,0.03125,0.5022369426778894,0.448966756421803
HumanEval-RandomSpanInfillingLight:42:e7b2b8a4c7493431|deployable_grid|canvas=64|seed=1,971332783cb9d80f,64,1,False,6.0,1.0,0.984375,0.0,0.0,1.0,0.03125,0.5022369426778894,0.448966756421803
HumanEval-RandomSpanInfillingLight:42:e7b2b8a4c7493431|deployable_grid|canvas=128|seed=0,971332783cb9d80f,128,0,False,7.0,0.0,0.96875,0.0,0.0,1.0,0.01953125,0.4959075149810712,0.5681691815033011
HumanEval-RandomSpanInfillingLight:42:e7b2b8a4c7493431|deployable_grid|canvas=128|seed=1,971332783cb9d80f,128,1,False,7.0,1.0,0.96875,0.0,0.0,1.0,0.01953125,0.4959075149810712,0.5681691815033011
HumanEval-RandomSpanInfillingLight:43:b95b89416c2f581f|deployable_grid|canvas=16|seed=0,c751c38b6a16f598,16,0,False,4.0,0.0,0.984375,0.0,0.0,0.75,0.015625,0.45415417719016454,0.4377419622364562
HumanEval-RandomSpanInfillingLight:43:b95b89416c2f581f|deployable_grid|canvas=16|seed=1,c751c38b6a16f598,16,1,False,4.0,1.0,0.984375,0.0,0.0,0.75,0.015625,0.45415417719016454,0.4377419622364562
HumanEval-RandomSpanInfillingLight:43:b95b89416c2f581f|deployable_grid|canvas=32|seed=0,c751c38b6a16f598,32,0,True,5.0,0.0,0.98828125,0.0,0.0,0.4,0.01171875,0.4873277082139042,0.4394320165760471
HumanEval-RandomSpanInfillingLight:43:b95b89416c2f581f|deployable_grid|canvas=32|seed=1,c751c38b6a16f598,32,1,True,5.0,1.0,0.98828125,0.0,0.0,0.4,0.01171875,0.4873277082139042,0.4394320165760471
HumanEval-RandomSpanInfillingLight:43:b95b89416c2f581f|deployable_grid|canvas=64|seed=0,c751c38b6a16f598,64,0,True,6.0,0.0,0.98828125,0.0,0.0,0.7333333333333333,0.0,0.513289814603502,0.5560236906365882
HumanEval-RandomSpanInfillingLight:43:b95b89416c2f581f|deployable_grid|canvas=64|seed=1,c751c38b6a16f598,64,1,True,6.0,1.0,0.98828125,0.0,0.0,0.7333333333333333,0.0,0.513289814603502,0.5560236906365882
HumanEval-RandomSpanInfillingLight:43:b95b89416c2f581f|deployable_grid|canvas=128|seed=0,c751c38b6a16f598,128,0,True,7.0,0.0,0.9921875,0.0,0.0,0.6111111111111112,0.0,0.5464584972385083,0.5805048245140961
HumanEval-RandomSpanInfillingLight:43:b95b89416c2f581f|deployable_grid|canvas=128|seed=1,c751c38b6a16f598,128,1,True,7.0,1.0,0.9921875,0.0,0.0,0.6111111111111112,0.0,0.5464584972385083,0.5805048245140961
HumanEval-RandomSpanInfillingLight:44:b4c20f0be1caf41e|deployable_grid|canvas=16|seed=0,5e2a4f7a738ef97c,16,0,True,4.0,0.0,1.0,0.0,0.0,0.7777777777777778,0.0,0.48335918330648436,0.5061084723227048
HumanEval-RandomSpanInfillingLight:44:b4c20f0be1caf41e|deployable_grid|canvas=16|seed=1,5e2a4f7a738ef97c,16,1,True,4.0,1.0,1.0,0.0,0.0,0.7777777777777778,0.0,0.48335918330648436,0.5061084723227048
HumanEval-RandomSpanInfillingLight:44:b4c20f0be1caf41e|deployable_grid|canvas=32|seed=0,5e2a4f7a738ef97c,32,0,True,5.0,0.0,0.984375,0.0,0.0,0.8181818181818182,0.01953125,0.4800036672095788,0.4742819645422069
HumanEval-RandomSpanInfillingLight:44:b4c20f0be1caf41e|deployable_grid|canvas=32|seed=1,5e2a4f7a738ef97c,32,1,True,5.0,1.0,0.984375,0.0,0.0,0.8181818181818182,0.01953125,0.4800036672095788,0.4742819645422069
HumanEval-RandomSpanInfillingLight:44:b4c20f0be1caf41e|deployable_grid|canvas=64|seed=0,5e2a4f7a738ef97c,64,0,False,6.0,0.0,0.98046875,0.0,0.0,0.7142857142857143,0.01171875,0.4986289536941049,0.5108436886324222
HumanEval-RandomSpanInfillingLight:44:b4c20f0be1caf41e|deployable_grid|canvas=64|seed=1,5e2a4f7a738ef97c,64,1,False,6.0,1.0,0.98046875,0.0,0.0,0.7142857142857143,0.01171875,0.4986289536941049,0.5108436886324222
HumanEval-RandomSpanInfillingLight:44:b4c20f0be1caf41e|deployable_grid|canvas=128|seed=0,5e2a4f7a738ef97c,128,0,False,7.0,0.0,0.9921875,0.0,0.0,0.38095238095238093,0.0,0.5464584972385083,0.5471754720375651
HumanEval-RandomSpanInfillingLight:44:b4c20f0be1caf41e|deployable_grid|canvas=128|seed=1,5e2a4f7a738ef97c,128,1,False,7.0,1.0,0.9921875,0.0,0.0,0.38095238095238093,0.0,0.5464584972385083,0.5471754720375651
HumanEval-RandomSpanInfillingLight:46:5388787de392320f|deployable_grid|canvas=16|seed=0,14ccd9bcc34260ef,16,0,False,4.0,0.0,1.0,0.0,0.0,0.6666666666666666,0.0,0.4973965757748543,0.5087327968406595
HumanEval-RandomSpanInfillingLight:46:5388787de392320f|deployable_grid|canvas=16|seed=1,14ccd9bcc34260ef,16,1,False,4.0,1.0,1.0,0.0,0.0,0.6666666666666666,0.0,0.4973965757748543,0.5087327968406595
HumanEval-RandomSpanInfillingLight:46:5388787de392320f|deployable_grid|canvas=32|seed=0,14ccd9bcc34260ef,32,0,False,5.0,0.0,1.0,0.0,0.0,0.6666666666666666,0.00390625,0.5085656535165508,0.5039424695251344
HumanEval-RandomSpanInfillingLight:46:5388787de392320f|deployable_grid|canvas=32|seed=1,14ccd9bcc34260ef,32,1,False,5.0,1.0,1.0,0.0,0.0,0.6666666666666666,0.00390625,0.5085656535165508,0.5039424695251344
HumanEval-RandomSpanInfillingLight:46:5388787de392320f|deployable_grid|canvas=64|seed=0,14ccd9bcc34260ef,64,0,True,6.0,0.0,0.98828125,0.0,0.0,0.3333333333333333,0.01171875,0.5066114405840842,0.41346916410767715
HumanEval-RandomSpanInfillingLight:46:5388787de392320f|deployable_grid|canvas=64|seed=1,14ccd9bcc34260ef,64,1,True,6.0,1.0,0.98828125,0.0,0.0,0.3333333333333333,0.01171875,0.5066114405840842,0.41346916410767715
HumanEval-RandomSpanInfillingLight:46:5388787de392320f|deployable_grid|canvas=128|seed=0,14ccd9bcc34260ef,128,0,False,7.0,0.0,0.9921875,0.0,0.0,0.2857142857142857,0.00390625,0.5221421423093675,0.46689080606900407
HumanEval-RandomSpanInfillingLight:46:5388787de392320f|deployable_grid|canvas=128|seed=1,14ccd9bcc34260ef,128,1,False,7.0,1.0,0.9921875,0.0,0.0,0.2857142857142857,0.00390625,0.5221421423093675,0.46689080606900407
HumanEval-RandomSpanInfillingLight:48:1e1a0010a66302b5|deployable_grid|canvas=16|seed=0,316279a43cc11fa1,16,0,True,4.0,0.0,1.0,0.0,0.0,0.5,0.00390625,0.45457542516114946,0.4497305880413121
HumanEval-RandomSpanInfillingLight:48:1e1a0010a66302b5|deployable_grid|canvas=16|seed=1,316279a43cc11fa1,16,1,True,4.0,1.0,1.0,0.0,0.0,0.5,0.00390625,0.45457542516114946,0.4497305880413121
HumanEval-RandomSpanInfillingLight:48:1e1a0010a66302b5|deployable_grid|canvas=32|seed=0,316279a43cc11fa1,32,0,True,5.0,0.0,0.984375,0.0,0.0,1.0,0.01171875,0.45723442856684016,0.4488254757623243
HumanEval-RandomSpanInfillingLight:48:1e1a0010a66302b5|deployable_grid|canvas=32|seed=1,316279a43cc11fa1,32,1,True,5.0,1.0,0.984375,0.0,0.0,1.0,0.01171875,0.45723442856684016,0.4488254757623243
HumanEval-RandomSpanInfillingLight:48:1e1a0010a66302b5|deployable_grid|canvas=64|seed=0,316279a43cc11fa1,64,0,True,6.0,0.0,0.9765625,0.0,0.0,0.6666666666666666,0.015625,0.4869829758718576,0.4705061615099122
HumanEval-RandomSpanInfillingLight:48:1e1a0010a66302b5|deployable_grid|canvas=64|seed=1,316279a43cc11fa1,64,1,True,6.0,1.0,0.9765625,0.0,0.0,0.6666666666666666,0.015625,0.4869829758718576,0.4705061615099122
HumanEval-RandomSpanInfillingLight:48:1e1a0010a66302b5|deployable_grid|canvas=128|seed=0,316279a43cc11fa1,128,0,True,7.0,0.0,0.98046875,0.0,0.0,0.7857142857142857,0.01171875,0.5573328547480721,0.5644731755325647
HumanEval-RandomSpanInfillingLight:48:1e1a0010a66302b5|deployable_grid|canvas=128|seed=1,316279a43cc11fa1,128,1,True,7.0,1.0,0.98046875,0.0,0.0,0.7857142857142857,0.01171875,0.5573328547480721,0.5644731755325647
HumanEval-RandomSpanInfillingLight:49:7b8a0fc03742bd87|deployable_grid|canvas=16|seed=0,4fccd624ee354f5e,16,0,True,4.0,0.0,0.98828125,0.0,0.0,0.8,0.03125,0.4145411475127832,0.3458473535763066
HumanEval-RandomSpanInfillingLight:49:7b8a0fc03742bd87|deployable_grid|canvas=16|seed=1,4fccd624ee354f5e,16,1,True,4.0,1.0,0.98828125,0.0,0.0,0.8,0.03125,0.4145411475127832,0.3458473535763066
HumanEval-RandomSpanInfillingLight:49:7b8a0fc03742bd87|deployable_grid|canvas=32|seed=0,4fccd624ee354f5e,32,0,False,5.0,0.0,1.0,0.0,0.0,0.5,0.01953125,0.5114686672605873,0.4761100516239222
HumanEval-RandomSpanInfillingLight:49:7b8a0fc03742bd87|deployable_grid|canvas=32|seed=1,4fccd624ee354f5e,32,1,False,5.0,1.0,1.0,0.0,0.0,0.5,0.01953125,0.5114686672605873,0.4761100516239222
HumanEval-RandomSpanInfillingLight:49:7b8a0fc03742bd87|deployable_grid|canvas=64|seed=0,4fccd624ee354f5e,64,0,False,6.0,0.0,0.9609375,0.0,0.0,0.4375,0.03125,0.4330436347322042,0.3704741646914595
HumanEval-RandomSpanInfillingLight:49:7b8a0fc03742bd87|deployable_grid|canvas=64|seed=1,4fccd624ee354f5e,64,1,False,6.0,1.0,0.9609375,0.0,0.0,0.4375,0.03125,0.4330436347322042,0.3704741646914595
HumanEval-RandomSpanInfillingLight:49:7b8a0fc03742bd87|deployable_grid|canvas=128|seed=0,4fccd624ee354f5e,128,0,True,7.0,0.0,0.9765625,0.0,0.0,1.0,0.0078125,0.5438876472714286,0.5644675326627336
HumanEval-RandomSpanInfillingLight:49:7b8a0fc03742bd87|deployable_grid|canvas=128|seed=1,4fccd624ee354f5e,128,1,True,7.0,1.0,0.9765625,0.0,0.0,1.0,0.0078125,0.5438876472714286,0.5644675326627336
HumanEval-RandomSpanInfillingLight:56:cc3a974ef3d21045|deployable_grid|canvas=16|seed=0,d1f91125b3350ab6,16,0,False,4.0,0.0,0.98046875,0.0,0.0,1.0,0.01953125,0.47554174667289506,0.48952198873947095
HumanEval-RandomSpanInfillingLight:56:cc3a974ef3d21045|deployable_grid|canvas=16|seed=1,d1f91125b3350ab6,16,1,False,4.0,1.0,0.98046875,0.0,0.0,1.0,0.01953125,0.47554174667289506,0.48952198873947095
HumanEval-RandomSpanInfillingLight:56:cc3a974ef3d21045|deployable_grid|canvas=32|seed=0,d1f91125b3350ab6,32,0,False,5.0,0.0,0.9921875,0.0,0.0,0.25,0.0,0.4998167549330949,0.4428991218450636
HumanEval-RandomSpanInfillingLight:56:cc3a974ef3d21045|deployable_grid|canvas=32|seed=1,d1f91125b3350ab6,32,1,False,5.0,1.0,0.9921875,0.0,0.0,0.25,0.0,0.4998167549330949,0.4428991218450636
HumanEval-RandomSpanInfillingLight:56:cc3a974ef3d21045|deployable_grid|canvas=64|seed=0,d1f91125b3350ab6,64,0,True,6.0,0.0,0.97265625,0.0,0.0,0.7142857142857143,0.00390625,0.4891140730778562,0.5757088221191309
HumanEval-RandomSpanInfillingLight:56:cc3a974ef3d21045|deployable_grid|canvas=64|seed=1,d1f91125b3350ab6,64,1,True,6.0,1.0,0.97265625,0.0,0.0,0.7142857142857143,0.00390625,0.4891140730778562,0.5757088221191309
HumanEval-RandomSpanInfillingLight:56:cc3a974ef3d21045|deployable_grid|canvas=128|seed=0,d1f91125b3350ab6,128,0,False,7.0,0.0,0.98046875,0.0,0.0,0.7142857142857143,0.01171875,0.5090310463411388,0.5345051621089237
HumanEval-RandomSpanInfillingLight:56:cc3a974ef3d21045|deployable_grid|canvas=128|seed=1,d1f91125b3350ab6,128,1,False,7.0,1.0,0.98046875,0.0,0.0,0.7142857142857143,0.01171875,0.5090310463411388,0.5345051621089237
HumanEval-RandomSpanInfillingLight:58:85a615d9ab6b2c91|deployable_grid|canvas=16|seed=0,2b009e04c83e050a,16,0,True,4.0,0.0,0.99609375,0.0,0.0,0.5,0.01171875,0.4930221369615444,0.40051237680530394
HumanEval-RandomSpanInfillingLight:58:85a615d9ab6b2c91|deployable_grid|canvas=16|seed=1,2b009e04c83e050a,16,1,True,4.0,1.0,0.99609375,0.0,0.0,0.5,0.01171875,0.4930221369615444,0.40051237680530394
HumanEval-RandomSpanInfillingLight:58:85a615d9ab6b2c91|deployable_grid|canvas=32|seed=0,2b009e04c83e050a,32,0,True,5.0,0.0,1.0,0.0,0.0,0.0,0.00390625,0.5085656535165508,0.351386002087717
HumanEval-RandomSpanInfillingLight:58:85a615d9ab6b2c91|deployable_grid|canvas=32|seed=1,2b009e04c83e050a,32,1,True,5.0,1.0,1.0,0.0,0.0,0.0,0.00390625,0.5085656535165508,0.351386002087717
HumanEval-RandomSpanInfillingLight:58:85a615d9ab6b2c91|deployable_grid|canvas=64|seed=0,2b009e04c83e050a,64,0,True,6.0,0.0,0.984375,0.0,0.0,0.15384615384615385,0.0,0.5022369426778894,0.45227749806319506
HumanEval-RandomSpanInfillingLight:58:85a615d9ab6b2c91|deployable_grid|canvas=64|seed=1,2b009e04c83e050a,64,1,True,6.0,1.0,0.984375,0.0,0.0,0.15384615384615385,0.0,0.5022369426778894,0.45227749806319506
HumanEval-RandomSpanInfillingLight:58:85a615d9ab6b2c91|deployable_grid|canvas=128|seed=0,2b009e04c83e050a,128,0,True,7.0,0.0,0.98828125,0.0,0.0,0.7857142857142857,0.00390625,0.5177742725280804,0.5895460805102217
HumanEval-RandomSpanInfillingLight:58:85a615d9ab6b2c91|deployable_grid|canvas=128|seed=1,2b009e04c83e050a,128,1,True,7.0,1.0,0.98828125,0.0,0.0,0.7857142857142857,0.00390625,0.5177742725280804,0.5895460805102217
HumanEval-RandomSpanInfillingLight:61:cdc7f41a9215452e|deployable_grid|canvas=16|seed=0,0c909c3134936803,16,0,True,4.0,0.0,0.99609375,0.0,0.0,1.0,0.00390625,0.4930221369615444,0.5673514485704216
HumanEval-RandomSpanInfillingLight:61:cdc7f41a9215452e|deployable_grid|canvas=16|seed=1,0c909c3134936803,16,1,True,4.0,1.0,0.99609375,0.0,0.0,1.0,0.00390625,0.4930221369615444,0.5673514485704216
HumanEval-RandomSpanInfillingLight:61:cdc7f41a9215452e|deployable_grid|canvas=32|seed=0,0c909c3134936803,32,0,False,5.0,0.0,0.98828125,0.0,0.0,1.0,0.0,0.49544201284224343,0.622714690321837
HumanEval-RandomSpanInfillingLight:61:cdc7f41a9215452e|deployable_grid|canvas=32|seed=1,0c909c3134936803,32,1,False,5.0,1.0,0.98828125,0.0,0.0,1.0,0.0,0.49544201284224343,0.622714690321837
HumanEval-RandomSpanInfillingLight:61:cdc7f41a9215452e|deployable_grid|canvas=64|seed=0,0c909c3134936803,64,0,True,6.0,0.0,0.984375,0.0,0.0,0.6666666666666666,0.00390625,0.5022369426778894,0.5475407054084254
HumanEval-RandomSpanInfillingLight:61:cdc7f41a9215452e|deployable_grid|canvas=64|seed=1,0c909c3134936803,64,1,True,6.0,1.0,0.984375,0.0,0.0,0.6666666666666666,0.00390625,0.5022369426778894,0.5475407054084254
HumanEval-RandomSpanInfillingLight:61:cdc7f41a9215452e|deployable_grid|canvas=128|seed=0,0c909c3134936803,128,0,True,7.0,0.0,0.9921875,0.0,0.0,0.8333333333333334,0.015625,0.5221421423093675,0.5198787771283527
HumanEval-RandomSpanInfillingLight:61:cdc7f41a9215452e|deployable_grid|canvas=128|seed=1,0c909c3134936803,128,1,True,7.0,1.0,0.9921875,0.0,0.0,0.8333333333333334,0.015625,0.5221421423093675,0.5198787771283527
HumanEval-RandomSpanInfillingLight:62:fb6f522d976ea7be|deployable_grid|canvas=16|seed=0,eb7e81a5bec9e5e1,16,0,False,4.0,0.0,0.99609375,1.0,0.0,1.0,0.01171875,0.49478086916353753,0.11417217043974695
HumanEval-RandomSpanInfillingLight:62:fb6f522d976ea7be|deployable_grid|canvas=16|seed=1,eb7e81a5bec9e5e1,16,1,False,4.0,1.0,0.99609375,1.0,0.0,1.0,0.01171875,0.49478086916353753,0.11417217043974695
HumanEval-RandomSpanInfillingLight:62:fb6f522d976ea7be|deployable_grid|canvas=32|seed=0,eb7e81a5bec9e5e1,32,0,False,5.0,0.0,0.984375,0.0,0.0,1.0,0.00390625,0.4659917740450141,0.5139891721996394
HumanEval-RandomSpanInfillingLight:62:fb6f522d976ea7be|deployable_grid|canvas=32|seed=1,eb7e81a5bec9e5e1,32,1,False,5.0,1.0,0.984375,0.0,0.0,1.0,0.00390625,0.4659917740450141,0.5139891721996394
HumanEval-RandomSpanInfillingLight:62:fb6f522d976ea7be|deployable_grid|canvas=64|seed=0,eb7e81a5bec9e5e1,64,0,False,6.0,0.0,0.97265625,1.0,0.0,1.0,0.00390625,0.4374274496517557,0.12442053600209832
HumanEval-RandomSpanInfillingLight:62:fb6f522d976ea7be|deployable_grid|canvas=64|seed=1,eb7e81a5bec9e5e1,64,1,False,6.0,1.0,0.97265625,1.0,0.0,1.0,0.00390625,0.4374274496517557,0.12442053600209832
HumanEval-RandomSpanInfillingLight:62:fb6f522d976ea7be|deployable_grid|canvas=128|seed=0,eb7e81a5bec9e5e1,128,0,False,7.0,0.0,0.98046875,0.0,0.0,1.0,0.00390625,0.5019723954293851,0.585353383234803
HumanEval-RandomSpanInfillingLight:62:fb6f522d976ea7be|deployable_grid|canvas=128|seed=1,eb7e81a5bec9e5e1,128,1,False,7.0,1.0,0.98046875,0.0,0.0,1.0,0.00390625,0.5019723954293851,0.585353383234803
HumanEval-RandomSpanInfillingLight:64:7df0c721159da1af|deployable_grid|canvas=16|seed=0,50f6239dbdcd0f9b,16,0,False,4.0,0.0,1.0,0.0,0.0,0.75,0.0,0.4973965757748543,0.5283508253656151
HumanEval-RandomSpanInfillingLight:64:7df0c721159da1af|deployable_grid|canvas=16|seed=1,50f6239dbdcd0f9b,16,1,False,4.0,1.0,1.0,0.0,0.0,0.75,0.0,0.4973965757748543,0.5283508253656151
HumanEval-RandomSpanInfillingLight:64:7df0c721159da1af|deployable_grid|canvas=32|seed=0,50f6239dbdcd0f9b,32,0,False,5.0,0.0,1.0,0.0,0.0,0.75,0.0,0.5085656535165508,0.5487896258199527
HumanEval-RandomSpanInfillingLight:64:7df0c721159da1af|deployable_grid|canvas=32|seed=1,50f6239dbdcd0f9b,32,1,False,5.0,1.0,1.0,0.0,0.0,0.75,0.0,0.5085656535165508,0.5487896258199527
HumanEval-RandomSpanInfillingLight:64:7df0c721159da1af|deployable_grid|canvas=64|seed=0,50f6239dbdcd0f9b,64,0,False,6.0,0.0,0.96484375,0.0,0.0,0.45454545454545453,0.03125,0.48037270658022085,0.3535741574976413
HumanEval-RandomSpanInfillingLight:64:7df0c721159da1af|deployable_grid|canvas=64|seed=1,50f6239dbdcd0f9b,64,1,False,6.0,1.0,0.96484375,0.0,0.0,0.45454545454545453,0.03125,0.48037270658022085,0.3535741574976413
HumanEval-RandomSpanInfillingLight:64:7df0c721159da1af|deployable_grid|canvas=128|seed=0,50f6239dbdcd0f9b,128,0,False,7.0,0.0,0.9921875,0.0,0.0,1.0,0.03515625,0.5221421423093675,0.4328169933938787
HumanEval-RandomSpanInfillingLight:64:7df0c721159da1af|deployable_grid|canvas=128|seed=1,50f6239dbdcd0f9b,128,1,False,7.0,1.0,0.9921875,0.0,0.0,1.0,0.03515625,0.5221421423093675,0.4328169933938787
HumanEval-RandomSpanInfillingLight:65:958d25fa93bd4e71|deployable_grid|canvas=16|seed=0,9a5c4ea2c95951f5,16,0,False,4.0,0.0,0.9765625,0.0,0.0,1.0,0.00390625,0.4449277623577168,0.49525169381689016
HumanEval-RandomSpanInfillingLight:65:958d25fa93bd4e71|deployable_grid|canvas=16|seed=1,9a5c4ea2c95951f5,16,1,False,4.0,1.0,0.9765625,0.0,0.0,1.0,0.00390625,0.4449277623577168,0.49525169381689016
HumanEval-RandomSpanInfillingLight:65:958d25fa93bd4e71|deployable_grid|canvas=32|seed=0,9a5c4ea2c95951f5,32,0,False,5.0,0.0,0.98828125,0.0,0.0,0.0,0.00390625,0.49338115283499034,0.42550764688747533
HumanEval-RandomSpanInfillingLight:65:958d25fa93bd4e71|deployable_grid|canvas=32|seed=1,9a5c4ea2c95951f5,32,1,False,5.0,1.0,0.98828125,0.0,0.0,0.0,0.00390625,0.49338115283499034,0.42550764688747533
HumanEval-RandomSpanInfillingLight:65:958d25fa93bd4e71|deployable_grid|canvas=64|seed=0,9a5c4ea2c95951f5,64,0,False,6.0,0.0,0.97265625,0.0,0.0,0.2608695652173913,0.01953125,0.4589243443829265,0.4024694898111337
HumanEval-RandomSpanInfillingLight:65:958d25fa93bd4e71|deployable_grid|canvas=64|seed=1,9a5c4ea2c95951f5,64,1,False,6.0,1.0,0.97265625,0.0,0.0,0.2608695652173913,0.01953125,0.4589243443829265,0.4024694898111337
HumanEval-RandomSpanInfillingLight:65:958d25fa93bd4e71|deployable_grid|canvas=128|seed=0,9a5c4ea2c95951f5,128,0,False,7.0,0.0,0.98828125,0.0,0.0,1.0,0.0078125,0.5193886919170916,0.5758208375828288
HumanEval-RandomSpanInfillingLight:65:958d25fa93bd4e71|deployable_grid|canvas=128|seed=1,9a5c4ea2c95951f5,128,1,False,7.0,1.0,0.98828125,0.0,0.0,1.0,0.0078125,0.5193886919170916,0.5758208375828288
HumanEval-RandomSpanInfillingLight:67:ae9afb47f12db515|deployable_grid|canvas=16|seed=0,38f458158d34b7fb,16,0,False,4.0,0.0,1.0,0.0,0.0,0.2727272727272727,0.01171875,0.45457542516114946,0.42524319960359186
HumanEval-RandomSpanInfillingLight:67:ae9afb47f12db515|deployable_grid|canvas=16|seed=1,38f458158d34b7fb,16,1,False,4.0,1.0,1.0,0.0,0.0,0.2727272727272727,0.01171875,0.45457542516114946,0.42524319960359186
HumanEval-RandomSpanInfillingLight:67:ae9afb47f12db515|deployable_grid|canvas=32|seed=0,38f458158d34b7fb,32,0,False,5.0,0.0,0.98828125,0.0,0.0,1.0,0.0078125,0.470748373617214,0.47330425740313403
HumanEval-RandomSpanInfillingLight:67:ae9afb47f12db515|deployable_grid|canvas=32|seed=1,38f458158d34b7fb,32,1,False,5.0,1.0,0.98828125,0.0,0.0,1.0,0.0078125,0.470748373617214,0.47330425740313403
HumanEval-RandomSpanInfillingLight:67:ae9afb47f12db515|deployable_grid|canvas=64|seed=0,38f458158d34b7fb,64,0,False,6.0,0.0,0.99609375,0.0,0.0,0.16666666666666666,0.01171875,0.5546866366148991,0.5428794578023025
HumanEval-RandomSpanInfillingLight:67:ae9afb47f12db515|deployable_grid|canvas=64|seed=1,38f458158d34b7fb,64,1,False,6.0,1.0,0.99609375,0.0,0.0,0.16666666666666666,0.01171875,0.5546866366148991,0.5428794578023025
HumanEval-RandomSpanInfillingLight:67:ae9afb47f12db515|deployable_grid|canvas=128|seed=0,38f458158d34b7fb,128,0,False,7.0,0.0,0.98828125,0.0,0.0,0.11538461538461539,0.00390625,0.5839540324732153,0.5996308652337138
HumanEval-RandomSpanInfillingLight:67:ae9afb47f12db515|deployable_grid|canvas=128|seed=1,38f458158d34b7fb,128,1,False,7.0,1.0,0.98828125,0.0,0.0,0.11538461538461539,0.00390625,0.5839540324732153,0.5996308652337138
HumanEval-RandomSpanInfillingLight:70:45019232b34441d4|deployable_grid|canvas=16|seed=0,db3eff1bec83b7ad,16,0,False,4.0,0.0,1.0,0.0,0.0,0.5,0.0,0.48335918330648436,0.46525672367713544
HumanEval-RandomSpanInfillingLight:70:45019232b34441d4|deployable_grid|canvas=16|seed=1,db3eff1bec83b7ad,16,1,False,4.0,1.0,1.0,0.0,0.0,0.5,0.0,0.48335918330648436,0.46525672367713544
HumanEval-RandomSpanInfillingLight:70:45019232b34441d4|deployable_grid|canvas=32|seed=0,db3eff1bec83b7ad,32,0,False,5.0,0.0,0.9921875,0.0,0.0,1.0,0.0,0.4946571948532885,0.5639113892734715
HumanEval-RandomSpanInfillingLight:70:45019232b34441d4|deployable_grid|canvas=32|seed=1,db3eff1bec83b7ad,32,1,False,5.0,1.0,0.9921875,0.0,0.0,1.0,0.0,0.4946571948532885,0.5639113892734715
HumanEval-RandomSpanInfillingLight:70:45019232b34441d4|deployable_grid|canvas=64|seed=0,db3eff1bec83b7ad,64,0,True,6.0,0.0,1.0,0.0,0.0,0.6,0.00390625,0.5352304608884512,0.5437265578208407
HumanEval-RandomSpanInfillingLight:70:45019232b34441d4|deployable_grid|canvas=64|seed=1,db3eff1bec83b7ad,64,1,True,6.0,1.0,1.0,0.0,0.0,0.6,0.00390625,0.5352304608884512,0.5437265578208407
HumanEval-RandomSpanInfillingLight:70:45019232b34441d4|deployable_grid|canvas=128|seed=0,db3eff1bec83b7ad,128,0,False,7.0,0.0,0.98046875,0.0,0.0,0.5294117647058824,0.0078125,0.524577079447447,0.5309983396884193
HumanEval-RandomSpanInfillingLight:70:45019232b34441d4|deployable_grid|canvas=128|seed=1,db3eff1bec83b7ad,128,1,False,7.0,1.0,0.98046875,0.0,0.0,0.5294117647058824,0.0078125,0.524577079447447,0.5309983396884193
HumanEval-RandomSpanInfillingLight:71:e46913e9396c9827|deployable_grid|canvas=16|seed=0,2a8f575950c3086e,16,0,False,4.0,0.0,0.99609375,0.0,0.0,0.625,0.0,0.49478086916353753,0.5059448677180854
HumanEval-RandomSpanInfillingLight:71:e46913e9396c9827|deployable_grid|canvas=16|seed=1,2a8f575950c3086e,16,1,False,4.0,1.0,0.99609375,0.0,0.0,0.625,0.0,0.49478086916353753,0.5059448677180854
HumanEval-RandomSpanInfillingLight:71:e46913e9396c9827|deployable_grid|canvas=32|seed=0,2a8f575950c3086e,32,0,False,5.0,0.0,1.0,0.0,0.0,0.6363636363636364,0.015625,0.5408210920361843,0.48537422366134186
HumanEval-RandomSpanInfillingLight:71:e46913e9396c9827|deployable_grid|canvas=32|seed=1,2a8f575950c3086e,32,1,False,5.0,1.0,1.0,0.0,0.0,0.6363636363636364,0.015625,0.5408210920361843,0.48537422366134186
HumanEval-RandomSpanInfillingLight:71:e46913e9396c9827|deployable_grid|canvas=64|seed=0,2a8f575950c3086e,64,0,True,6.0,0.0,0.984375,0.0,0.0,0.6666666666666666,0.0078125,0.4933278123248136,0.5038415494864877
HumanEval-RandomSpanInfillingLight:71:e46913e9396c9827|deployable_grid|canvas=64|seed=1,2a8f575950c3086e,64,1,True,6.0,1.0,0.984375,0.0,0.0,0.6666666666666666,0.0078125,0.4933278123248136,0.5038415494864877
HumanEval-RandomSpanInfillingLight:71:e46913e9396c9827|deployable_grid|canvas=128|seed=0,2a8f575950c3086e,128,0,False,7.0,0.0,0.984375,0.0,0.0,0.2631578947368421,0.01171875,0.5207038028321949,0.48652516501496845
HumanEval-RandomSpanInfillingLight:71:e46913e9396c9827|deployable_grid|canvas=128|seed=1,2a8f575950c3086e,128,1,False,7.0,1.0,0.984375,0.0,0.0,0.2631578947368421,0.01171875,0.5207038028321949,0.48652516501496845
HumanEval-RandomSpanInfillingLight:72:f1dc6871e30b99b0|deployable_grid|canvas=16|seed=0,f5cb1c7b19189999,16,0,False,4.0,0.0,1.0,0.0,0.0,0.625,0.0078125,0.45457542516114946,0.44205117412156897
HumanEval-RandomSpanInfillingLight:72:f1dc6871e30b99b0|deployable_grid|canvas=16|seed=1,f5cb1c7b19189999,16,1,False,4.0,1.0,1.0,0.0,0.0,0.625,0.0078125,0.45457542516114946,0.44205117412156897
HumanEval-RandomSpanInfillingLight:72:f1dc6871e30b99b0|deployable_grid|canvas=32|seed=0,f5cb1c7b19189999,32,0,True,5.0,0.0,1.0,0.0,0.0,0.6666666666666666,0.0,0.5114686672605873,0.5304004945950379
HumanEval-RandomSpanInfillingLight:72:f1dc6871e30b99b0|deployable_grid|canvas=32|seed=1,f5cb1c7b19189999,32,1,True,5.0,1.0,1.0,0.0,0.0,0.6666666666666666,0.0,0.5114686672605873,0.5304004945950379
HumanEval-RandomSpanInfillingLight:72:f1dc6871e30b99b0|deployable_grid|canvas=64|seed=0,f5cb1c7b19189999,64,0,True,6.0,0.0,0.9921875,0.0,0.0,0.8181818181818182,0.00390625,0.5412272155994698,0.5614409077100013
HumanEval-RandomSpanInfillingLight:72:f1dc6871e30b99b0|deployable_grid|canvas=64|seed=1,f5cb1c7b19189999,64,1,True,6.0,1.0,0.9921875,0.0,0.0,0.8181818181818182,0.00390625,0.5412272155994698,0.5614409077100013
HumanEval-RandomSpanInfillingLight:72:f1dc6871e30b99b0|deployable_grid|canvas=128|seed=0,f5cb1c7b19189999,128,0,True,7.0,0.0,0.984375,0.0,0.0,0.7692307692307693,0.0078125,0.5706945651633862,0.588212026794855
HumanEval-RandomSpanInfillingLight:72:f1dc6871e30b99b0|deployable_grid|canvas=128|seed=1,f5cb1c7b19189999,128,1,True,7.0,1.0,0.984375,0.0,0.0,0.7692307692307693,0.0078125,0.5706945651633862,0.588212026794855
HumanEval-RandomSpanInfillingLight:73:2fba7e9af12688a7|deployable_grid|canvas=16|seed=0,6c631f77367964c7,16,0,False,4.0,0.0,1.0,0.0,0.0,0.7142857142857143,0.0,0.4973965757748543,0.5199502775417632
HumanEval-RandomSpanInfillingLight:73:2fba7e9af12688a7|deployable_grid|canvas=16|seed=1,6c631f77367964c7,16,1,False,4.0,1.0,1.0,0.0,0.0,0.7142857142857143,0.0,0.4973965757748543,0.5199502775417632
HumanEval-RandomSpanInfillingLight:73:2fba7e9af12688a7|deployable_grid|canvas=32|seed=0,6c631f77367964c7,32,0,True,5.0,0.0,0.98828125,0.0,0.0,0.875,0.01171875,0.49544201284224343,0.5197243663304707
HumanEval-RandomSpanInfillingLight:73:2fba7e9af12688a7|deployable_grid|canvas=32|seed=1,6c631f77367964c7,32,1,True,5.0,1.0,0.98828125,0.0,0.0,0.875,0.01171875,0.49544201284224343,0.5197243663304707
HumanEval-RandomSpanInfillingLight:73:2fba7e9af12688a7|deployable_grid|canvas=64|seed=0,6c631f77367964c7,64,0,False,6.0,0.0,0.98828125,0.0,0.0,0.6363636363636364,0.0,0.5066114405840842,0.5598130956372813
HumanEval-RandomSpanInfillingLight:73:2fba7e9af12688a7|deployable_grid|canvas=64|seed=1,6c631f77367964c7,64,1,False,6.0,1.0,0.98828125,0.0,0.0,0.6363636363636364,0.0,0.5066114405840842,0.5598130956372813
HumanEval-RandomSpanInfillingLight:73:2fba7e9af12688a7|deployable_grid|canvas=128|seed=0,6c631f77367964c7,128,0,True,7.0,0.0,0.9921875,0.0,0.0,0.6470588235294118,0.0078125,0.5221421423093675,0.5266563104905458
HumanEval-RandomSpanInfillingLight:73:2fba7e9af12688a7|deployable_grid|canvas=128|seed=1,6c631f77367964c7,128,1,True,7.0,1.0,0.9921875,0.0,0.0,0.6470588235294118,0.0078125,0.5221421423093675,0.5266563104905458
HumanEval-RandomSpanInfillingLight:74:afb4a920ace0a9c0|deployable_grid|canvas=16|seed=0,36327d591bd95858,16,0,False,4.0,0.0,1.0,0.0,0.0,0.0,0.03125,0.4973965757748543,0.1969992913855684
HumanEval-RandomSpanInfillingLight:74:afb4a920ace0a9c0|deployable_grid|canvas=16|seed=1,36327d591bd95858,16,1,False,4.0,1.0,1.0,0.0,0.0,0.0,0.03125,0.4973965757748543,0.1969992913855684
HumanEval-RandomSpanInfillingLight:74:afb4a920ace0a9c0|deployable_grid|canvas=32|seed=0,36327d591bd95858,32,0,True,5.0,0.0,1.0,0.0,0.0,0.6153846153846154,0.01171875,0.5085656535165508,0.44141163634036745
HumanEval-RandomSpanInfillingLight:74:afb4a920ace0a9c0|deployable_grid|canvas=32|seed=1,36327d591bd95858,32,1,True,5.0,1.0,1.0,0.0,0.0,0.6153846153846154,0.01171875,0.5085656535165508,0.44141163634036745
HumanEval-RandomSpanInfillingLight:74:afb4a920ace0a9c0|deployable_grid|canvas=64|seed=0,36327d591bd95858,64,0,True,6.0,0.0,0.98828125,0.0,0.0,0.47619047619047616,0.0078125,0.5066114405840842,0.4716566483945059
HumanEval-RandomSpanInfillingLight:74:afb4a920ace0a9c0|deployable_grid|canvas=64|seed=1,36327d591bd95858,64,1,True,6.0,1.0,0.98828125,0.0,0.0,0.47619047619047616,0.0078125,0.5066114405840842,0.4716566483945059
HumanEval-RandomSpanInfillingLight:74:afb4a920ace0a9c0|deployable_grid|canvas=128|seed=0,36327d591bd95858,128,0,False,7.0,0.0,0.9921875,0.0,0.0,0.47368421052631576,0.00390625,0.5221421423093675,0.5111582874522765
HumanEval-RandomSpanInfillingLight:74:afb4a920ace0a9c0|deployable_grid|canvas=128|seed=1,36327d591bd95858,128,1,False,7.0,1.0,0.9921875,0.0,0.0,0.47368421052631576,0.00390625,0.5221421423093675,0.5111582874522765
HumanEval-RandomSpanInfillingLight:80:794a74636fa0c8ed|deployable_grid|canvas=16|seed=0,5a4ecec291dac254,16,0,False,4.0,0.0,1.0,0.0,0.0,0.8333333333333334,0.03125,0.4973965757748543,0.34995155400184197
HumanEval-RandomSpanInfillingLight:80:794a74636fa0c8ed|deployable_grid|canvas=16|seed=1,5a4ecec291dac254,16,1,False,4.0,1.0,1.0,0.0,0.0,0.8333333333333334,0.03125,0.4973965757748543,0.34995155400184197
HumanEval-RandomSpanInfillingLight:80:794a74636fa0c8ed|deployable_grid|canvas=32|seed=0,5a4ecec291dac254,32,0,False,5.0,0.0,0.98828125,0.0,0.0,1.0,0.0078125,0.49544201284224343,0.5740134049754932
HumanEval-RandomSpanInfillingLight:80:794a74636fa0c8ed|deployable_grid|canvas=32|seed=1,5a4ecec291dac254,32,1,False,5.0,1.0,0.98828125,0.0,0.0,1.0,0.0078125,0.49544201284224343,0.5740134049754932
HumanEval-RandomSpanInfillingLight:80:794a74636fa0c8ed|deployable_grid|canvas=64|seed=0,5a4ecec291dac254,64,0,False,6.0,0.0,0.9921875,0.0,0.0,0.8333333333333334,0.015625,0.5109849264030082,0.4993251587155997
HumanEval-RandomSpanInfillingLight:80:794a74636fa0c8ed|deployable_grid|canvas=64|seed=1,5a4ecec291dac254,64,1,False,6.0,1.0,0.9921875,0.0,0.0,0.8333333333333334,0.015625,0.5109849264030082,0.4993251587155997
HumanEval-RandomSpanInfillingLight:80:794a74636fa0c8ed|deployable_grid|canvas=128|seed=0,5a4ecec291dac254,128,0,False,7.0,0.0,0.97265625,0.0,0.0,0.38461538461538464,0.01953125,0.5002822919038064,0.4184469407373151
HumanEval-RandomSpanInfillingLight:80:794a74636fa0c8ed|deployable_grid|canvas=128|seed=1,5a4ecec291dac254,128,1,False,7.0,1.0,0.97265625,0.0,0.0,0.38461538461538464,0.01953125,0.5002822919038064,0.4184469407373151
HumanEval-RandomSpanInfillingLight:82:9d6ca96cfb19f579|deployable_grid|canvas=16|seed=0,49bd100cd1fe4828,16,0,False,4.0,0.0,1.0,0.0,0.0,0.5,0.0,0.5160349605492909,0.500571001317126
HumanEval-RandomSpanInfillingLight:82:9d6ca96cfb19f579|deployable_grid|canvas=16|seed=1,49bd100cd1fe4828,16,1,False,4.0,1.0,1.0,0.0,0.0,0.5,0.0,0.5160349605492909,0.500571001317126
HumanEval-RandomSpanInfillingLight:82:9d6ca96cfb19f579|deployable_grid|canvas=32|seed=0,49bd100cd1fe4828,32,0,True,5.0,0.0,0.99609375,0.0,0.0,0.9090909090909091,0.00390625,0.5171530464482469,0.5512332222119709
HumanEval-RandomSpanInfillingLight:82:9d6ca96cfb19f579|deployable_grid|canvas=32|seed=1,49bd100cd1fe4828,32,1,True,5.0,1.0,0.99609375,0.0,0.0,0.9090909090909091,0.00390625,0.5171530464482469,0.5512332222119709
HumanEval-RandomSpanInfillingLight:82:9d6ca96cfb19f579|deployable_grid|canvas=64|seed=0,49bd100cd1fe4828,64,0,True,6.0,0.0,0.98046875,0.0,0.0,0.9166666666666666,0.01953125,0.4826175861377164,0.4975377653655601
HumanEval-RandomSpanInfillingLight:82:9d6ca96cfb19f579|deployable_grid|canvas=64|seed=1,49bd100cd1fe4828,64,1,True,6.0,1.0,0.98046875,0.0,0.0,0.9166666666666666,0.01953125,0.4826175861377164,0.4975377653655601
HumanEval-RandomSpanInfillingLight:82:9d6ca96cfb19f579|deployable_grid|canvas=128|seed=0,49bd100cd1fe4828,128,0,True,7.0,0.0,0.984375,0.0,0.0,0.75,0.0,0.5075083472942369,0.5569084248985569
HumanEval-RandomSpanInfillingLight:82:9d6ca96cfb19f579|deployable_grid|canvas=128|seed=1,49bd100cd1fe4828,128,1,True,7.0,1.0,0.984375,0.0,0.0,0.75,0.0,0.5075083472942369,0.5569084248985569
HumanEval-RandomSpanInfillingLight:85:9ac42109d4bb7c70|deployable_grid|canvas=16|seed=0,08e1de8dd39cedf8,16,0,False,4.0,0.0,0.9609375,0.0,0.0,0.5714285714285714,0.03125,0.3985720547343908,0.34421549636578413
HumanEval-RandomSpanInfillingLight:85:9ac42109d4bb7c70|deployable_grid|canvas=16|seed=1,08e1de8dd39cedf8,16,1,False,4.0,1.0,0.9609375,0.0,0.0,0.5714285714285714,0.03125,0.3985720547343908,0.34421549636578413
HumanEval-RandomSpanInfillingLight:85:9ac42109d4bb7c70|deployable_grid|canvas=32|seed=0,08e1de8dd39cedf8,32,0,False,5.0,0.0,0.98046875,0.0,0.0,0.8571428571428571,0.00390625,0.4696391494747298,0.508584562743654
HumanEval-RandomSpanInfillingLight:85:9ac42109d4bb7c70|deployable_grid|canvas=32|seed=1,08e1de8dd39cedf8,32,1,False,5.0,1.0,0.98046875,0.0,0.0,0.8571428571428571,0.00390625,0.4696391494747298,0.508584562743654
HumanEval-RandomSpanInfillingLight:85:9ac42109d4bb7c70|deployable_grid|canvas=64|seed=0,08e1de8dd39cedf8,64,0,False,6.0,0.0,0.97265625,0.0,0.0,0.4166666666666667,0.015625,0.4589243443829265,0.4300219099015882
HumanEval-RandomSpanInfillingLight:85:9ac42109d4bb7c70|deployable_grid|canvas=64|seed=1,08e1de8dd39cedf8,64,1,False,6.0,1.0,0.97265625,0.0,0.0,0.4166666666666667,0.015625,0.4589243443829265,0.4300219099015882
HumanEval-RandomSpanInfillingLight:85:9ac42109d4bb7c70|deployable_grid|canvas=128|seed=0,08e1de8dd39cedf8,128,0,True,7.0,0.0,0.9765625,0.0,0.0,0.0,0.0,0.48373563771637235,0.44978584144973327
HumanEval-RandomSpanInfillingLight:85:9ac42109d4bb7c70|deployable_grid|canvas=128|seed=1,08e1de8dd39cedf8,128,1,True,7.0,1.0,0.9765625,0.0,0.0,0.0,0.0,0.48373563771637235,0.44978584144973327
HumanEval-RandomSpanInfillingLight:86:36a55f80f0b49607|deployable_grid|canvas=16|seed=0,0dedbe601f628587,16,0,True,4.0,0.0,1.0,1.0,1.0,1.0,0.0,0.45457542516114946,0.12703944733295772
HumanEval-RandomSpanInfillingLight:86:36a55f80f0b49607|deployable_grid|canvas=16|seed=1,0dedbe601f628587,16,1,True,4.0,1.0,1.0,1.0,1.0,1.0,0.0,0.45457542516114946,0.12703944733295772
HumanEval-RandomSpanInfillingLight:86:36a55f80f0b49607|deployable_grid|canvas=32|seed=0,0dedbe601f628587,32,0,False,5.0,0.0,0.9921875,1.0,1.0,1.0,0.0,0.4843053389858768,0.14515397812352818
HumanEval-RandomSpanInfillingLight:86:36a55f80f0b49607|deployable_grid|canvas=32|seed=1,0dedbe601f628587,32,1,False,5.0,1.0,0.9921875,1.0,1.0,1.0,0.0,0.4843053389858768,0.14515397812352818
HumanEval-RandomSpanInfillingLight:86:36a55f80f0b49607|deployable_grid|canvas=64|seed=0,0dedbe601f628587,64,0,True,6.0,0.0,0.96875,1.0,1.0,1.0,0.0,0.4598958709569307,0.13592918476303026
HumanEval-RandomSpanInfillingLight:86:36a55f80f0b49607|deployable_grid|canvas=64|seed=1,0dedbe601f628587,64,1,True,6.0,1.0,0.96875,1.0,1.0,1.0,0.0,0.4598958709569307,0.13592918476303026
HumanEval-RandomSpanInfillingLight:86:36a55f80f0b49607|deployable_grid|canvas=128|seed=0,0dedbe601f628587,128,0,True,7.0,0.0,0.98828125,1.0,1.0,1.0,0.0,0.5839540324732153,0.21558250693117126
HumanEval-RandomSpanInfillingLight:86:36a55f80f0b49607|deployable_grid|canvas=128|seed=1,0dedbe601f628587,128,1,True,7.0,1.0,0.98828125,1.0,1.0,1.0,0.0,0.5839540324732153,0.21558250693117126
HumanEval-RandomSpanInfillingLight:89:4ee80a7700ef6e98|deployable_grid|canvas=16|seed=0,9c8063c821462ba5,16,0,True,4.0,0.0,1.0,0.0,0.0,0.8,0.00390625,0.5160349605492909,0.5264093288273054
HumanEval-RandomSpanInfillingLight:89:4ee80a7700ef6e98|deployable_grid|canvas=16|seed=1,9c8063c821462ba5,16,1,True,4.0,1.0,1.0,0.0,0.0,0.8,0.00390625,0.5160349605492909,0.5264093288273054
HumanEval-RandomSpanInfillingLight:89:4ee80a7700ef6e98|deployable_grid|canvas=32|seed=0,9c8063c821462ba5,32,0,False,5.0,0.0,1.0,0.0,0.0,0.8,0.015625,0.5290166468166566,0.5181210643228533
HumanEval-RandomSpanInfillingLight:89:4ee80a7700ef6e98|deployable_grid|canvas=32|seed=1,9c8063c821462ba5,32,1,False,5.0,1.0,1.0,0.0,0.0,0.8,0.015625,0.5290166468166566,0.5181210643228533
HumanEval-RandomSpanInfillingLight:89:4ee80a7700ef6e98|deployable_grid|canvas=64|seed=0,9c8063c821462ba5,64,0,False,6.0,0.0,0.984375,0.0,0.0,0.5,0.01171875,0.4945003072199629,0.47679904665481854
HumanEval-RandomSpanInfillingLight:89:4ee80a7700ef6e98|deployable_grid|canvas=64|seed=1,9c8063c821462ba5,64,1,False,6.0,1.0,0.984375,0.0,0.0,0.5,0.01171875,0.4945003072199629,0.47679904665481854
HumanEval-RandomSpanInfillingLight:89:4ee80a7700ef6e98|deployable_grid|canvas=128|seed=0,9c8063c821462ba5,128,0,False,7.0,0.0,0.9765625,0.0,0.0,0.9333333333333333,0.0078125,0.48373563771637235,0.5409016621484704
HumanEval-RandomSpanInfillingLight:89:4ee80a7700ef6e98|deployable_grid|canvas=128|seed=1,9c8063c821462ba5,128,1,False,7.0,1.0,0.9765625,0.0,0.0,0.9333333333333333,0.0078125,0.48373563771637235,0.5409016621484704
HumanEval-RandomSpanInfillingLight:93:8c0b3c4c468b2fdd|deployable_grid|canvas=16|seed=0,fd321c069b451190,16,0,False,4.0,0.0,0.984375,0.0,0.0,0.3333333333333333,0.03515625,0.45415417719016454,0.33137772965207485
HumanEval-RandomSpanInfillingLight:93:8c0b3c4c468b2fdd|deployable_grid|canvas=16|seed=1,fd321c069b451190,16,1,False,4.0,1.0,0.984375,0.0,0.0,0.3333333333333333,0.03515625,0.45415417719016454,0.33137772965207485
HumanEval-RandomSpanInfillingLight:93:8c0b3c4c468b2fdd|deployable_grid|canvas=32|seed=0,fd321c069b451190,32,0,False,5.0,0.0,0.99609375,0.0,0.0,0.6,0.03515625,0.5019889786573093,0.41913166540350066
HumanEval-RandomSpanInfillingLight:93:8c0b3c4c468b2fdd|deployable_grid|canvas=32|seed=1,fd321c069b451190,32,1,False,5.0,1.0,0.99609375,0.0,0.0,0.6,0.03515625,0.5019889786573093,0.41913166540350066
HumanEval-RandomSpanInfillingLight:93:8c0b3c4c468b2fdd|deployable_grid|canvas=64|seed=0,fd321c069b451190,64,0,False,6.0,0.0,0.99609375,0.0,0.0,0.2,0.01171875,0.5279278427803735,0.4585668547044312
HumanEval-RandomSpanInfillingLight:93:8c0b3c4c468b2fdd|deployable_grid|canvas=64|seed=1,fd321c069b451190,64,1,False,6.0,1.0,0.99609375,0.0,0.0,0.2,0.01171875,0.5279278427803735,0.4585668547044312
HumanEval-RandomSpanInfillingLight:93:8c0b3c4c468b2fdd|deployable_grid|canvas=128|seed=0,fd321c069b451190,128,0,False,7.0,0.0,0.9921875,0.0,0.0,1.0,0.015625,0.5464584972385083,0.596038909803384
HumanEval-RandomSpanInfillingLight:93:8c0b3c4c468b2fdd|deployable_grid|canvas=128|seed=1,fd321c069b451190,128,1,False,7.0,1.0,0.9921875,0.0,0.0,1.0,0.015625,0.5464584972385083,0.596038909803384
HumanEval-RandomSpanInfillingLight:95:1ffeb6ea0ed5446e|deployable_grid|canvas=16|seed=0,3c6fff5d09ed505c,16,0,False,4.0,0.0,1.0,0.0,0.0,0.09090909090909091,0.0,0.5135206247946639,0.4694777777638581
HumanEval-RandomSpanInfillingLight:95:1ffeb6ea0ed5446e|deployable_grid|canvas=16|seed=1,3c6fff5d09ed505c,16,1,False,4.0,1.0,1.0,0.0,0.0,0.09090909090909091,0.0,0.5135206247946639,0.4694777777638581
HumanEval-RandomSpanInfillingLight:95:1ffeb6ea0ed5446e|deployable_grid|canvas=32|seed=0,3c6fff5d09ed505c,32,0,False,5.0,0.0,0.98828125,0.0,0.0,1.0,0.0078125,0.48468721692784666,0.5108146073345776
HumanEval-RandomSpanInfillingLight:95:1ffeb6ea0ed5446e|deployable_grid|canvas=32|seed=1,3c6fff5d09ed505c,32,1,False,5.0,1.0,0.98828125,0.0,0.0,1.0,0.0078125,0.48468721692784666,0.5108146073345776
HumanEval-RandomSpanInfillingLight:95:1ffeb6ea0ed5446e|deployable_grid|canvas=64|seed=0,3c6fff5d09ed505c,64,0,False,6.0,0.0,0.9765625,0.0,0.0,0.8,0.0078125,0.4559553896826037,0.48136484401943186
HumanEval-RandomSpanInfillingLight:95:1ffeb6ea0ed5446e|deployable_grid|canvas=64|seed=1,3c6fff5d09ed505c,64,1,False,6.0,1.0,0.9765625,0.0,0.0,0.8,0.0078125,0.4559553896826037,0.48136484401943186
HumanEval-RandomSpanInfillingLight:95:1ffeb6ea0ed5446e|deployable_grid|canvas=128|seed=0,3c6fff5d09ed505c,128,0,False,7.0,0.0,0.99609375,0.0,0.0,0.6153846153846154,0.00390625,0.5763436577722157,0.6169158376907218
HumanEval-RandomSpanInfillingLight:95:1ffeb6ea0ed5446e|deployable_grid|canvas=128|seed=1,3c6fff5d09ed505c,128,1,False,7.0,1.0,0.99609375,0.0,0.0,0.6153846153846154,0.00390625,0.5763436577722157,0.6169158376907218
HumanEval-RandomSpanInfillingLight:100:c227591dff456955|deployable_grid|canvas=16|seed=0,55c76a456c2cba4b,16,0,False,4.0,0.0,0.98828125,0.0,0.0,1.0,0.0,0.4145411475127832,0.4268422698998313
HumanEval-RandomSpanInfillingLight:100:c227591dff456955|deployable_grid|canvas=16|seed=1,55c76a456c2cba4b,16,1,False,4.0,1.0,0.98828125,0.0,0.0,1.0,0.0,0.4145411475127832,0.4268422698998313
HumanEval-RandomSpanInfillingLight:100:c227591dff456955|deployable_grid|canvas=32|seed=0,55c76a456c2cba4b,32,0,False,5.0,0.0,0.98828125,0.0,0.0,0.4,0.0078125,0.470748373617214,0.4616122430131264
HumanEval-RandomSpanInfillingLight:100:c227591dff456955|deployable_grid|canvas=32|seed=1,55c76a456c2cba4b,32,1,False,5.0,1.0,0.98828125,0.0,0.0,0.4,0.0078125,0.470748373617214,0.4616122430131264
HumanEval-RandomSpanInfillingLight:100:c227591dff456955|deployable_grid|canvas=64|seed=0,55c76a456c2cba4b,64,0,False,6.0,0.0,0.97265625,0.0,0.0,0.0,0.0,0.4734198660422694,0.4838817210330694
HumanEval-RandomSpanInfillingLight:100:c227591dff456955|deployable_grid|canvas=64|seed=1,55c76a456c2cba4b,64,1,False,6.0,1.0,0.97265625,0.0,0.0,0.0,0.0,0.4734198660422694,0.4838817210330694
HumanEval-RandomSpanInfillingLight:100:c227591dff456955|deployable_grid|canvas=128|seed=0,55c76a456c2cba4b,128,0,False,7.0,0.0,0.984375,0.0,0.0,0.6666666666666666,0.03125,0.5706945651633862,0.5258131895614708
HumanEval-RandomSpanInfillingLight:100:c227591dff456955|deployable_grid|canvas=128|seed=1,55c76a456c2cba4b,128,1,False,7.0,1.0,0.984375,0.0,0.0,0.6666666666666666,0.03125,0.5706945651633862,0.5258131895614708
HumanEval-RandomSpanInfillingLight:101:13fa16e6f794534c|deployable_grid|canvas=16|seed=0,722b8e4a38486637,16,0,False,4.0,0.0,0.99609375,0.0,0.0,0.6666666666666666,0.0078125,0.4760394040728796,0.4633521518275968
HumanEval-RandomSpanInfillingLight:101:13fa16e6f794534c|deployable_grid|canvas=16|seed=1,722b8e4a38486637,16,1,False,4.0,1.0,0.99609375,0.0,0.0,0.6666666666666666,0.0078125,0.4760394040728796,0.4633521518275968
HumanEval-RandomSpanInfillingLight:101:13fa16e6f794534c|deployable_grid|canvas=32|seed=0,722b8e4a38486637,32,0,False,5.0,0.0,0.9765625,0.0,0.0,0.8333333333333334,0.00390625,0.46538446384387744,0.5060440067301235
HumanEval-RandomSpanInfillingLight:101:13fa16e6f794534c|deployable_grid|canvas=32|seed=1,722b8e4a38486637,32,1,False,5.0,1.0,0.9765625,0.0,0.0,0.8333333333333334,0.00390625,0.46538446384387744,0.5060440067301235
HumanEval-RandomSpanInfillingLight:101:13fa16e6f794534c|deployable_grid|canvas=64|seed=0,722b8e4a38486637,64,0,False,6.0,0.0,0.9765625,0.0,0.0,0.8333333333333334,0.01953125,0.4912978314176593,0.5019182260048748
HumanEval-RandomSpanInfillingLight:101:13fa16e6f794534c|deployable_grid|canvas=64|seed=1,722b8e4a38486637,64,1,False,6.0,1.0,0.9765625,0.0,0.0,0.8333333333333334,0.01953125,0.4912978314176593,0.5019182260048748
HumanEval-RandomSpanInfillingLight:101:13fa16e6f794534c|deployable_grid|canvas=128|seed=0,722b8e4a38486637,128,0,False,7.0,0.0,0.98828125,0.0,0.0,0.8333333333333334,0.0,0.5391804058962526,0.606443611138712
HumanEval-RandomSpanInfillingLight:101:13fa16e6f794534c|deployable_grid|canvas=128|seed=1,722b8e4a38486637,128,1,False,7.0,1.0,0.98828125,0.0,0.0,0.8333333333333334,0.0,0.5391804058962526,0.606443611138712
HumanEval-RandomSpanInfillingLight:103:5b2e1f462db027d0|deployable_grid|canvas=16|seed=0,9e2dd7404c2b39a9,16,0,False,4.0,0.0,0.9921875,0.0,0.0,0.8571428571428571,0.00390625,0.4922620647789053,0.5149024902949173
HumanEval-RandomSpanInfillingLight:103:5b2e1f462db027d0|deployable_grid|canvas=16|seed=1,9e2dd7404c2b39a9,16,1,False,4.0,1.0,0.9921875,0.0,0.0,0.8571428571428571,0.00390625,0.4922620647789053,0.5149024902949173
HumanEval-RandomSpanInfillingLight:103:5b2e1f462db027d0|deployable_grid|canvas=32|seed=0,9e2dd7404c2b39a9,32,0,False,5.0,0.0,0.99609375,0.0,0.0,0.75,0.00390625,0.5171530464482469,0.5324434789128231
HumanEval-RandomSpanInfillingLight:103:5b2e1f462db027d0|deployable_grid|canvas=32|seed=1,9e2dd7404c2b39a9,32,1,False,5.0,1.0,0.99609375,0.0,0.0,0.75,0.00390625,0.5171530464482469,0.5324434789128231
HumanEval-RandomSpanInfillingLight:103:5b2e1f462db027d0|deployable_grid|canvas=64|seed=0,9e2dd7404c2b39a9,64,0,False,6.0,0.0,0.95703125,0.0,0.0,1.0,0.0078125,0.4121932711359437,0.4819552514193332
HumanEval-RandomSpanInfillingLight:103:5b2e1f462db027d0|deployable_grid|canvas=64|seed=1,9e2dd7404c2b39a9,64,1,False,6.0,1.0,0.95703125,0.0,0.0,1.0,0.0078125,0.4121932711359437,0.4819552514193332
HumanEval-RandomSpanInfillingLight:103:5b2e1f462db027d0|deployable_grid|canvas=128|seed=0,9e2dd7404c2b39a9,128,0,False,7.0,0.0,0.984375,0.0,0.0,0.23076923076923078,0.01171875,0.5075083472942369,0.4659740168809056
HumanEval-RandomSpanInfillingLight:103:5b2e1f462db027d0|deployable_grid|canvas=128|seed=1,9e2dd7404c2b39a9,128,1,False,7.0,1.0,0.984375,0.0,0.0,0.23076923076923078,0.01171875,0.5075083472942369,0.4659740168809056
HumanEval-RandomSpanInfillingLight:104:af1bf2bce61d5220|deployable_grid|canvas=16|seed=0,397d5b2bac2ae318,16,0,False,4.0,0.0,1.0,0.0,0.0,0.625,0.00390625,0.48335918330648436,0.4733256369677366
HumanEval-RandomSpanInfillingLight:104:af1bf2bce61d5220|deployable_grid|canvas=16|seed=1,397d5b2bac2ae318,16,1,False,4.0,1.0,1.0,0.0,0.0,0.625,0.00390625,0.48335918330648436,0.4733256369677366
HumanEval-RandomSpanInfillingLight:104:af1bf2bce61d5220|deployable_grid|canvas=32|seed=0,397d5b2bac2ae318,32,0,False,5.0,0.0,0.98828125,0.0,0.0,0.6153846153846154,0.00390625,0.4873277082139042,0.491471518705418
HumanEval-RandomSpanInfillingLight:104:af1bf2bce61d5220|deployable_grid|canvas=32|seed=1,397d5b2bac2ae318,32,1,False,5.0,1.0,0.98828125,0.0,0.0,0.6153846153846154,0.00390625,0.4873277082139042,0.491471518705418
HumanEval-RandomSpanInfillingLight:104:af1bf2bce61d5220|deployable_grid|canvas=64|seed=0,397d5b2bac2ae318,64,0,False,6.0,0.0,0.99609375,0.0,0.0,0.47058823529411764,0.04296875,0.5279278427803735,0.4166344820555034
HumanEval-RandomSpanInfillingLight:104:af1bf2bce61d5220|deployable_grid|canvas=64|seed=1,397d5b2bac2ae318,64,1,False,6.0,1.0,0.99609375,0.0,0.0,0.47058823529411764,0.04296875,0.5279278427803735,0.4166344820555034
HumanEval-RandomSpanInfillingLight:104:af1bf2bce61d5220|deployable_grid|canvas=128|seed=0,397d5b2bac2ae318,128,0,False,7.0,0.0,0.9921875,0.0,0.0,0.3076923076923077,0.0078125,0.5464584972385083,0.5159038560563334
HumanEval-RandomSpanInfillingLight:104:af1bf2bce61d5220|deployable_grid|canvas=128|seed=1,397d5b2bac2ae318,128,1,False,7.0,1.0,0.9921875,0.0,0.0,0.3076923076923077,0.0078125,0.5464584972385083,0.5159038560563334
HumanEval-RandomSpanInfillingLight:106:b51a2cdff945eab5|deployable_grid|canvas=16|seed=0,7b2ff5ea9ad039ab,16,0,False,4.0,0.0,1.0,0.0,0.0,0.2857142857142857,0.015625,0.4973965757748543,0.32519053115158214
HumanEval-RandomSpanInfillingLight:106:b51a2cdff945eab5|deployable_grid|canvas=16|seed=1,7b2ff5ea9ad039ab,16,1,False,4.0,1.0,1.0,0.0,0.0,0.2857142857142857,0.015625,0.4973965757748543,0.32519053115158214
HumanEval-RandomSpanInfillingLight:106:b51a2cdff945eab5|deployable_grid|canvas=32|seed=0,7b2ff5ea9ad039ab,32,0,True,5.0,0.0,0.99609375,0.0,0.0,0.5833333333333334,0.00390625,0.5041915250802227,0.4900907906816397
HumanEval-RandomSpanInfillingLight:106:b51a2cdff945eab5|deployable_grid|canvas=32|seed=1,7b2ff5ea9ad039ab,32,1,True,5.0,1.0,0.99609375,0.0,0.0,0.5833333333333334,0.00390625,0.5041915250802227,0.4900907906816397
HumanEval-RandomSpanInfillingLight:106:b51a2cdff945eab5|deployable_grid|canvas=64|seed=0,7b2ff5ea9ad039ab,64,0,True,6.0,0.0,0.98046875,0.0,0.0,0.6470588235294118,0.00390625,0.4978621022847971,0.5487014169102125
HumanEval-RandomSpanInfillingLight:106:b51a2cdff945eab5|deployable_grid|canvas=64|seed=1,7b2ff5ea9ad039ab,64,1,True,6.0,1.0,0.98046875,0.0,0.0,0.6470588235294118,0.00390625,0.4978621022847971,0.5487014169102125
HumanEval-RandomSpanInfillingLight:106:b51a2cdff945eab5|deployable_grid|canvas=128|seed=0,7b2ff5ea9ad039ab,128,0,False,7.0,0.0,0.98046875,0.0,0.0,0.0,0.0078125,0.5090310463411388,0.3931787142287023
HumanEval-RandomSpanInfillingLight:106:b51a2cdff945eab5|deployable_grid|canvas=128|seed=1,7b2ff5ea9ad039ab,128,1,False,7.0,1.0,0.98046875,0.0,0.0,0.0,0.0078125,0.5090310463411388,0.3931787142287023
HumanEval-RandomSpanInfillingLight:109:a20e909443740a0e|deployable_grid|canvas=16|seed=0,372fcc217ece0990,16,0,True,4.0,0.0,0.99609375,0.0,0.0,0.2727272727272727,0.00390625,0.49478086916353753,0.44890956488327666
HumanEval-RandomSpanInfillingLight:109:a20e909443740a0e|deployable_grid|canvas=16|seed=1,372fcc217ece0990,16,1,True,4.0,1.0,0.99609375,0.0,0.0,0.2727272727272727,0.00390625,0.49478086916353753,0.44890956488327666
HumanEval-RandomSpanInfillingLight:109:a20e909443740a0e|deployable_grid|canvas=32|seed=0,372fcc217ece0990,32,0,False,5.0,0.0,0.99609375,0.0,0.0,0.5555555555555556,0.0,0.52215439577318,0.5438668517562429
HumanEval-RandomSpanInfillingLight:109:a20e909443740a0e|deployable_grid|canvas=32|seed=1,372fcc217ece0990,32,1,False,5.0,1.0,0.99609375,0.0,0.0,0.5555555555555556,0.0,0.52215439577318,0.5438668517562429
HumanEval-RandomSpanInfillingLight:109:a20e909443740a0e|deployable_grid|canvas=64|seed=0,372fcc217ece0990,64,0,False,6.0,0.0,0.98828125,0.0,0.0,0.6,0.0,0.5120683140483518,0.5572902972240089
HumanEval-RandomSpanInfillingLight:109:a20e909443740a0e|deployable_grid|canvas=64|seed=1,372fcc217ece0990,64,1,False,6.0,1.0,0.98828125,0.0,0.0,0.6,0.0,0.5120683140483518,0.5572902972240089
HumanEval-RandomSpanInfillingLight:109:a20e909443740a0e|deployable_grid|canvas=128|seed=0,372fcc217ece0990,128,0,False,7.0,0.0,0.984375,0.0,0.0,0.0,0.00390625,0.5207038028321949,0.5020985949810054
HumanEval-RandomSpanInfillingLight:109:a20e909443740a0e|deployable_grid|canvas=128|seed=1,372fcc217ece0990,128,1,False,7.0,1.0,0.984375,0.0,0.0,0.0,0.00390625,0.5207038028321949,0.5020985949810054
HumanEval-RandomSpanInfillingLight:110:1b6a34ddf2943a60|deployable_grid|canvas=16|seed=0,110b6809e29d9a72,16,0,False,4.0,0.0,0.984375,0.0,0.0,0.5,0.00390625,0.4685241107442339,0.45422735048041496
HumanEval-RandomSpanInfillingLight:110:1b6a34ddf2943a60|deployable_grid|canvas=16|seed=1,110b6809e29d9a72,16,1,False,4.0,1.0,0.984375,0.0,0.0,0.5,0.00390625,0.4685241107442339,0.45422735048041496
HumanEval-RandomSpanInfillingLight:110:1b6a34ddf2943a60|deployable_grid|canvas=32|seed=0,110b6809e29d9a72,32,0,False,5.0,0.0,0.984375,0.0,0.0,0.6666666666666666,0.01171875,0.4814997085719244,0.4754626930260664
HumanEval-RandomSpanInfillingLight:110:1b6a34ddf2943a60|deployable_grid|canvas=32|seed=1,110b6809e29d9a72,32,1,False,5.0,1.0,0.984375,0.0,0.0,0.6666666666666666,0.01171875,0.4814997085719244,0.4754626930260664
HumanEval-RandomSpanInfillingLight:110:1b6a34ddf2943a60|deployable_grid|canvas=64|seed=0,110b6809e29d9a72,64,0,False,6.0,0.0,0.984375,0.0,0.0,0.6,0.01171875,0.4945003072199629,0.4886797329281747
HumanEval-RandomSpanInfillingLight:110:1b6a34ddf2943a60|deployable_grid|canvas=64|seed=1,110b6809e29d9a72,64,1,False,6.0,1.0,0.984375,0.0,0.0,0.6,0.01171875,0.4945003072199629,0.4886797329281747
HumanEval-RandomSpanInfillingLight:110:1b6a34ddf2943a60|deployable_grid|canvas=128|seed=0,110b6809e29d9a72,128,0,False,7.0,0.0,0.98046875,0.0,0.0,0.7333333333333333,0.0078125,0.49561951672152693,0.5263402132296724
HumanEval-RandomSpanInfillingLight:110:1b6a34ddf2943a60|deployable_grid|canvas=128|seed=1,110b6809e29d9a72,128,1,False,7.0,1.0,0.98046875,0.0,0.0,0.7333333333333333,0.0078125,0.49561951672152693,0.5263402132296724
HumanEval-RandomSpanInfillingLight:111:c731465109498af8|deployable_grid|canvas=16|seed=0,498c2f78fe8e48a3,16,0,False,4.0,0.0,0.9921875,0.0,0.0,0.5714285714285714,0.0078125,0.476055766433757,0.44024817071266403
HumanEval-RandomSpanInfillingLight:111:c731465109498af8|deployable_grid|canvas=16|seed=1,498c2f78fe8e48a3,16,1,False,4.0,1.0,0.9921875,0.0,0.0,0.5714285714285714,0.0078125,0.476055766433757,0.44024817071266403
HumanEval-RandomSpanInfillingLight:111:c731465109498af8|deployable_grid|canvas=32|seed=0,498c2f78fe8e48a3,32,0,True,5.0,0.0,0.99609375,0.0,0.0,0.6,0.00390625,0.52215439577318,0.5272635856008621
HumanEval-RandomSpanInfillingLight:111:c731465109498af8|deployable_grid|canvas=32|seed=1,498c2f78fe8e48a3,32,1,True,5.0,1.0,0.99609375,0.0,0.0,0.6,0.00390625,0.52215439577318,0.5272635856008621
HumanEval-RandomSpanInfillingLight:111:c731465109498af8|deployable_grid|canvas=64|seed=0,498c2f78fe8e48a3,64,0,False,6.0,0.0,0.984375,0.0,0.0,0.8,0.0078125,0.4933278123248136,0.5174547262135829
HumanEval-RandomSpanInfillingLight:111:c731465109498af8|deployable_grid|canvas=64|seed=1,498c2f78fe8e48a3,64,1,False,6.0,1.0,0.984375,0.0,0.0,0.8,0.0078125,0.4933278123248136,0.5174547262135829
HumanEval-RandomSpanInfillingLight:111:c731465109498af8|deployable_grid|canvas=128|seed=0,498c2f78fe8e48a3,128,0,True,7.0,0.0,0.98828125,0.0,0.0,0.3684210526315789,0.0,0.5393771767582504,0.578364237826447
HumanEval-RandomSpanInfillingLight:111:c731465109498af8|deployable_grid|canvas=128|seed=1,498c2f78fe8e48a3,128,1,True,7.0,1.0,0.98828125,0.0,0.0,0.3684210526315789,0.0,0.5393771767582504,0.578364237826447
HumanEval-RandomSpanInfillingLight:112:25dc70986274025a|deployable_grid|canvas=16|seed=0,ffd26aeb156f2a3b,16,0,True,4.0,0.0,1.0,1.0,1.0,1.0,0.0,0.45457542516114946,0.12703944733295772
HumanEval-RandomSpanInfillingLight:112:25dc70986274025a|deployable_grid|canvas=16|seed=1,ffd26aeb156f2a3b,16,1,True,4.0,1.0,1.0,1.0,1.0,1.0,0.0,0.45457542516114946,0.12703944733295772
HumanEval-RandomSpanInfillingLight:112:25dc70986274025a|deployable_grid|canvas=32|seed=0,ffd26aeb156f2a3b,32,0,False,5.0,0.0,0.99609375,1.0,1.0,1.0,0.0,0.49788544287697994,0.1524567337940967
HumanEval-RandomSpanInfillingLight:112:25dc70986274025a|deployable_grid|canvas=32|seed=1,ffd26aeb156f2a3b,32,1,False,5.0,1.0,0.99609375,1.0,1.0,1.0,0.0,0.49788544287697994,0.1524567337940967
HumanEval-RandomSpanInfillingLight:112:25dc70986274025a|deployable_grid|canvas=64|seed=0,ffd26aeb156f2a3b,64,0,False,6.0,0.0,0.984375,1.0,1.0,1.0,0.0,0.5141467549294126,0.16536217679676965
HumanEval-RandomSpanInfillingLight:112:25dc70986274025a|deployable_grid|canvas=64|seed=1,ffd26aeb156f2a3b,64,1,False,6.0,1.0,0.984375,1.0,1.0,1.0,0.0,0.5141467549294126,0.16536217679676965
HumanEval-RandomSpanInfillingLight:112:25dc70986274025a|deployable_grid|canvas=128|seed=0,ffd26aeb156f2a3b,128,0,False,7.0,0.0,1.0,1.0,0.0,1.0,0.0,0.622940850839117,0.031159421442741787
HumanEval-RandomSpanInfillingLight:112:25dc70986274025a|deployable_grid|canvas=128|seed=1,ffd26aeb156f2a3b,128,1,False,7.0,1.0,1.0,1.0,0.0,1.0,0.0,0.622940850839117,0.031159421442741787
HumanEval-RandomSpanInfillingLight:113:7faa31d7e1100488|deployable_grid|canvas=16|seed=0,5560bcc37877d0b0,16,0,False,4.0,0.0,0.99609375,0.0,0.0,0.5,0.00390625,0.5041508586858571,0.48159377190827335
HumanEval-RandomSpanInfillingLight:113:7faa31d7e1100488|deployable_grid|canvas=16|seed=1,5560bcc37877d0b0,16,1,False,4.0,1.0,0.99609375,0.0,0.0,0.5,0.00390625,0.5041508586858571,0.48159377190827335
HumanEval-RandomSpanInfillingLight:113:7faa31d7e1100488|deployable_grid|canvas=32|seed=0,5560bcc37877d0b0,32,0,False,5.0,0.0,0.99609375,0.0,0.0,1.0,0.0,0.5171530464482469,0.5715564195149712
HumanEval-RandomSpanInfillingLight:113:7faa31d7e1100488|deployable_grid|canvas=32|seed=1,5560bcc37877d0b0,32,1,False,5.0,1.0,0.99609375,0.0,0.0,1.0,0.0,0.5171530464482469,0.5715564195149712
HumanEval-RandomSpanInfillingLight:113:7faa31d7e1100488|deployable_grid|canvas=64|seed=0,5560bcc37877d0b0,64,0,False,6.0,0.0,0.96875,0.0,0.0,0.38461538461538464,0.0234375,0.44714031843253704,0.39837324097023097
HumanEval-RandomSpanInfillingLight:113:7faa31d7e1100488|deployable_grid|canvas=64|seed=1,5560bcc37877d0b0,64,1,False,6.0,1.0,0.96875,0.0,0.0,0.38461538461538464,0.0234375,0.44714031843253704,0.39837324097023097
HumanEval-RandomSpanInfillingLight:113:7faa31d7e1100488|deployable_grid|canvas=128|seed=0,5560bcc37877d0b0,128,0,False,7.0,0.0,0.9765625,0.0,0.0,0.2631578947368421,0.0078125,0.48373563771637235,0.4613503082387001
HumanEval-RandomSpanInfillingLight:113:7faa31d7e1100488|deployable_grid|canvas=128|seed=1,5560bcc37877d0b0,128,1,False,7.0,1.0,0.9765625,0.0,0.0,0.2631578947368421,0.0078125,0.48373563771637235,0.4613503082387001
HumanEval-RandomSpanInfillingLight:114:113e1a65bc0fea3c|deployable_grid|canvas=16|seed=0,1fdd7472c517392d,16,0,False,4.0,0.0,0.9921875,0.0,0.0,0.5,0.00390625,0.42778778921881416,0.4213851678299392
HumanEval-RandomSpanInfillingLight:114:113e1a65bc0fea3c|deployable_grid|canvas=16|seed=1,1fdd7472c517392d,16,1,False,4.0,1.0,0.9921875,0.0,0.0,0.5,0.00390625,0.42778778921881416,0.4213851678299392
HumanEval-RandomSpanInfillingLight:114:113e1a65bc0fea3c|deployable_grid|canvas=32|seed=0,1fdd7472c517392d,32,0,False,5.0,0.0,0.9921875,0.0,0.0,0.7692307692307693,0.00390625,0.4843053389858768,0.493396155978767
HumanEval-RandomSpanInfillingLight:114:113e1a65bc0fea3c|deployable_grid|canvas=32|seed=1,1fdd7472c517392d,32,1,False,5.0,1.0,0.9921875,0.0,0.0,0.7692307692307693,0.00390625,0.4843053389858768,0.493396155978767
HumanEval-RandomSpanInfillingLight:114:113e1a65bc0fea3c|deployable_grid|canvas=64|seed=0,1fdd7472c517392d,64,0,False,6.0,0.0,0.98046875,0.0,0.0,0.13636363636363635,0.0078125,0.5005652825066758,0.49494384228180166
HumanEval-RandomSpanInfillingLight:114:113e1a65bc0fea3c|deployable_grid|canvas=64|seed=1,1fdd7472c517392d,64,1,False,6.0,1.0,0.98046875,0.0,0.0,0.13636363636363635,0.0078125,0.5005652825066758,0.49494384228180166
HumanEval-RandomSpanInfillingLight:114:113e1a65bc0fea3c|deployable_grid|canvas=128|seed=0,1fdd7472c517392d,128,0,False,7.0,0.0,0.94921875,0.0,0.0,0.1,0.03125,0.44908126684747673,0.3869853229470869
HumanEval-RandomSpanInfillingLight:114:113e1a65bc0fea3c|deployable_grid|canvas=128|seed=1,1fdd7472c517392d,128,1,False,7.0,1.0,0.94921875,0.0,0.0,0.1,0.03125,0.44908126684747673,0.3869853229470869
HumanEval-RandomSpanInfillingLight:117:4e45a41d2a1958a7|deployable_grid|canvas=16|seed=0,9a4c7a6d652a7214,16,0,False,4.0,0.0,0.99609375,0.0,0.0,0.3333333333333333,0.00390625,0.49478086916353753,0.45504337071162504
HumanEval-RandomSpanInfillingLight:117:4e45a41d2a1958a7|deployable_grid|canvas=16|seed=1,9a4c7a6d652a7214,16,1,False,4.0,1.0,0.99609375,0.0,0.0,0.3333333333333333,0.00390625,0.49478086916353753,0.45504337071162504
HumanEval-RandomSpanInfillingLight:117:4e45a41d2a1958a7|deployable_grid|canvas=32|seed=0,9a4c7a6d652a7214,32,0,False,5.0,0.0,0.99609375,0.0,0.0,0.2857142857142857,0.0234375,0.52215439577318,0.39082561358244644
HumanEval-RandomSpanInfillingLight:117:4e45a41d2a1958a7|deployable_grid|canvas=32|seed=1,9a4c7a6d652a7214,32,1,False,5.0,1.0,0.99609375,0.0,0.0,0.2857142857142857,0.0234375,0.52215439577318,0.39082561358244644
HumanEval-RandomSpanInfillingLight:117:4e45a41d2a1958a7|deployable_grid|canvas=64|seed=0,9a4c7a6d652a7214,64,0,False,6.0,0.0,1.0,0.0,0.0,0.6,0.01953125,0.5678787089541525,0.5055545154174946
HumanEval-RandomSpanInfillingLight:117:4e45a41d2a1958a7|deployable_grid|canvas=64|seed=1,9a4c7a6d652a7214,64,1,False,6.0,1.0,1.0,0.0,0.0,0.6,0.01953125,0.5678787089541525,0.5055545154174946
HumanEval-RandomSpanInfillingLight:117:4e45a41d2a1958a7|deployable_grid|canvas=128|seed=0,9a4c7a6d652a7214,128,0,False,7.0,0.0,0.9921875,0.0,0.0,1.0,0.00390625,0.557940670579787,0.6367816822552452
HumanEval-RandomSpanInfillingLight:117:4e45a41d2a1958a7|deployable_grid|canvas=128|seed=1,9a4c7a6d652a7214,128,1,False,7.0,1.0,0.9921875,0.0,0.0,1.0,0.00390625,0.557940670579787,0.6367816822552452
HumanEval-RandomSpanInfillingLight:118:9d636a503bd08833|deployable_grid|canvas=16|seed=0,6d96ad87517efe73,16,0,False,4.0,0.0,0.99609375,0.0,0.0,0.5,0.00390625,0.4760394040728796,0.4492260619529021
HumanEval-RandomSpanInfillingLight:118:9d636a503bd08833|deployable_grid|canvas=16|seed=1,6d96ad87517efe73,16,1,False,4.0,1.0,0.99609375,0.0,0.0,0.5,0.00390625,0.4760394040728796,0.4492260619529021
HumanEval-RandomSpanInfillingLight:118:9d636a503bd08833|deployable_grid|canvas=32|seed=0,6d96ad87517efe73,32,0,True,5.0,0.0,1.0,0.0,0.0,1.0,0.01171875,0.5093199072063352,0.544896977659064
HumanEval-RandomSpanInfillingLight:118:9d636a503bd08833|deployable_grid|canvas=32|seed=1,6d96ad87517efe73,32,1,True,5.0,1.0,1.0,0.0,0.0,1.0,0.01171875,0.5093199072063352,0.544896977659064
HumanEval-RandomSpanInfillingLight:118:9d636a503bd08833|deployable_grid|canvas=64|seed=0,6d96ad87517efe73,64,0,False,6.0,0.0,0.99609375,0.0,0.0,1.0,0.0,0.5279278427803735,0.6056005475813261
HumanEval-RandomSpanInfillingLight:118:9d636a503bd08833|deployable_grid|canvas=64|seed=1,6d96ad87517efe73,64,1,False,6.0,1.0,0.99609375,0.0,0.0,1.0,0.0,0.5279278427803735,0.6056005475813261
HumanEval-RandomSpanInfillingLight:118:9d636a503bd08833|deployable_grid|canvas=128|seed=0,6d96ad87517efe73,128,0,False,7.0,0.0,0.9921875,0.0,0.0,0.8666666666666667,0.03515625,0.5464584972385083,0.5260422792563264
HumanEval-RandomSpanInfillingLight:118:9d636a503bd08833|deployable_grid|canvas=128|seed=1,6d96ad87517efe73,128,1,False,7.0,1.0,0.9921875,0.0,0.0,0.8666666666666667,0.03515625,0.5464584972385083,0.5260422792563264
HumanEval-RandomSpanInfillingLight:120:ff8db58097a877e2|deployable_grid|canvas=16|seed=0,fed9d994180f6745,16,0,False,4.0,0.0,1.0,0.0,0.0,0.75,0.00390625,0.4973965757748543,0.5030259941383104
HumanEval-RandomSpanInfillingLight:120:ff8db58097a877e2|deployable_grid|canvas=16|seed=1,fed9d994180f6745,16,1,False,4.0,1.0,1.0,0.0,0.0,0.75,0.00390625,0.4973965757748543,0.5030259941383104
HumanEval-RandomSpanInfillingLight:120:ff8db58097a877e2|deployable_grid|canvas=32|seed=0,fed9d994180f6745,32,0,True,5.0,0.0,1.0,0.0,0.0,0.5,0.0,0.5085656535165508,0.4900039546937984
HumanEval-RandomSpanInfillingLight:120:ff8db58097a877e2|deployable_grid|canvas=32|seed=1,fed9d994180f6745,32,1,True,5.0,1.0,1.0,0.0,0.0,0.5,0.0,0.5085656535165508,0.4900039546937984
HumanEval-RandomSpanInfillingLight:120:ff8db58097a877e2|deployable_grid|canvas=64|seed=0,fed9d994180f6745,64,0,False,6.0,0.0,0.984375,0.0,0.0,0.5714285714285714,0.01171875,0.5022369426778894,0.474541932189313
HumanEval-RandomSpanInfillingLight:120:ff8db58097a877e2|deployable_grid|canvas=64|seed=1,fed9d994180f6745,64,1,False,6.0,1.0,0.984375,0.0,0.0,0.5714285714285714,0.01171875,0.5022369426778894,0.474541932189313
HumanEval-RandomSpanInfillingLight:120:ff8db58097a877e2|deployable_grid|canvas=128|seed=0,fed9d994180f6745,128,0,False,7.0,0.0,0.98828125,0.0,0.0,0.3181818181818182,0.0078125,0.5177742725280804,0.4550580954347912
HumanEval-RandomSpanInfillingLight:120:ff8db58097a877e2|deployable_grid|canvas=128|seed=1,fed9d994180f6745,128,1,False,7.0,1.0,0.98828125,0.0,0.0,0.3181818181818182,0.0078125,0.5177742725280804,0.4550580954347912
HumanEval-RandomSpanInfillingLight:121:6fb9017c7b7944eb|deployable_grid|canvas=16|seed=0,726f50cc4fdb822b,16,0,True,4.0,0.0,0.984375,0.0,0.0,1.0,0.0234375,0.43885846950835516,0.36606628936553676
HumanEval-RandomSpanInfillingLight:121:6fb9017c7b7944eb|deployable_grid|canvas=16|seed=1,726f50cc4fdb822b,16,1,True,4.0,1.0,0.984375,0.0,0.0,1.0,0.0234375,0.43885846950835516,0.36606628936553676
HumanEval-RandomSpanInfillingLight:121:6fb9017c7b7944eb|deployable_grid|canvas=32|seed=0,726f50cc4fdb822b,32,0,True,5.0,0.0,0.97265625,0.0,0.0,0.8,0.00390625,0.41067826698596416,0.4396990420992406
HumanEval-RandomSpanInfillingLight:121:6fb9017c7b7944eb|deployable_grid|canvas=32|seed=1,726f50cc4fdb822b,32,1,True,5.0,1.0,0.97265625,0.0,0.0,0.8,0.00390625,0.41067826698596416,0.4396990420992406
HumanEval-RandomSpanInfillingLight:121:6fb9017c7b7944eb|deployable_grid|canvas=64|seed=0,726f50cc4fdb822b,64,0,False,6.0,0.0,0.9609375,0.0,0.0,0.0,0.01171875,0.3830722870049669,0.31535053515847744
HumanEval-RandomSpanInfillingLight:121:6fb9017c7b7944eb|deployable_grid|canvas=64|seed=1,726f50cc4fdb822b,64,1,False,6.0,1.0,0.9609375,0.0,0.0,0.0,0.01171875,0.3830722870049669,0.31535053515847744
HumanEval-RandomSpanInfillingLight:121:6fb9017c7b7944eb|deployable_grid|canvas=128|seed=0,726f50cc4fdb822b,128,0,False,7.0,0.0,0.953125,0.0,0.0,0.0,0.03125,0.373572451050755,0.23799257644604374
HumanEval-RandomSpanInfillingLight:121:6fb9017c7b7944eb|deployable_grid|canvas=128|seed=1,726f50cc4fdb822b,128,1,False,7.0,1.0,0.953125,0.0,0.0,0.0,0.03125,0.373572451050755,0.23799257644604374
HumanEval-RandomSpanInfillingLight:122:29ba988b0bfa555b|deployable_grid|canvas=16|seed=0,6de91396b01c338a,16,0,False,4.0,0.0,0.9921875,0.0,0.0,0.875,0.0078125,0.42778778921881416,0.41858093027984034
HumanEval-RandomSpanInfillingLight:122:29ba988b0bfa555b|deployable_grid|canvas=16|seed=1,6de91396b01c338a,16,1,False,4.0,1.0,0.9921875,0.0,0.0,0.875,0.0078125,0.42778778921881416,0.41858093027984034
HumanEval-RandomSpanInfillingLight:122:29ba988b0bfa555b|deployable_grid|canvas=32|seed=0,6de91396b01c338a,32,0,True,5.0,0.0,0.98046875,0.0,0.0,0.6428571428571429,0.00390625,0.44378313326251384,0.44786386015923435
HumanEval-RandomSpanInfillingLight:122:29ba988b0bfa555b|deployable_grid|canvas=32|seed=1,6de91396b01c338a,32,1,True,5.0,1.0,0.98046875,0.0,0.0,0.6428571428571429,0.00390625,0.44378313326251384,0.44786386015923435
HumanEval-RandomSpanInfillingLight:122:29ba988b0bfa555b|deployable_grid|canvas=64|seed=0,6de91396b01c338a,64,0,False,6.0,0.0,0.9765625,0.0,0.0,0.0,0.0,0.4869829758718576,0.49829244526754174
HumanEval-RandomSpanInfillingLight:122:29ba988b0bfa555b|deployable_grid|canvas=64|seed=1,6de91396b01c338a,64,1,False,6.0,1.0,0.9765625,0.0,0.0,0.0,0.0,0.4869829758718576,0.49829244526754174
HumanEval-RandomSpanInfillingLight:122:29ba988b0bfa555b|deployable_grid|canvas=128|seed=0,6de91396b01c338a,128,0,False,7.0,0.0,0.97265625,0.0,0.0,1.0,0.00390625,0.5303781714265432,0.5603335494114886
HumanEval-RandomSpanInfillingLight:122:29ba988b0bfa555b|deployable_grid|canvas=128|seed=1,6de91396b01c338a,128,1,False,7.0,1.0,0.97265625,0.0,0.0,1.0,0.00390625,0.5303781714265432,0.5603335494114886
HumanEval-RandomSpanInfillingLight:123:5ab5620004d96029|deployable_grid|canvas=16|seed=0,3b4397d72ef93578,16,0,False,4.0,0.0,1.0,1.0,1.0,1.0,0.0,0.5160349605492909,0.6648384553822692
HumanEval-RandomSpanInfillingLight:123:5ab5620004d96029|deployable_grid|canvas=16|seed=1,3b4397d72ef93578,16,1,False,4.0,1.0,1.0,1.0,1.0,1.0,0.0,0.5160349605492909,0.6648384553822692
HumanEval-RandomSpanInfillingLight:123:5ab5620004d96029|deployable_grid|canvas=32|seed=0,3b4397d72ef93578,32,0,False,5.0,0.0,0.99609375,0.0,0.0,0.8333333333333334,0.0,0.5171530464482469,0.5520362270429614
HumanEval-RandomSpanInfillingLight:123:5ab5620004d96029|deployable_grid|canvas=32|seed=1,3b4397d72ef93578,32,1,False,5.0,1.0,0.99609375,0.0,0.0,0.8333333333333334,0.0,0.5171530464482469,0.5520362270429614
HumanEval-RandomSpanInfillingLight:123:5ab5620004d96029|deployable_grid|canvas=64|seed=0,3b4397d72ef93578,64,0,True,6.0,0.0,0.9765625,0.0,0.0,0.625,0.0078125,0.47075449138913866,0.48315696676063963
HumanEval-RandomSpanInfillingLight:123:5ab5620004d96029|deployable_grid|canvas=64|seed=1,3b4397d72ef93578,64,1,True,6.0,1.0,0.9765625,0.0,0.0,0.625,0.0078125,0.47075449138913866,0.48315696676063963
HumanEval-RandomSpanInfillingLight:123:5ab5620004d96029|deployable_grid|canvas=128|seed=0,3b4397d72ef93578,128,0,True,7.0,0.0,0.98828125,0.0,0.0,0.0,0.0078125,0.5193886919170916,0.45755829242776513
HumanEval-RandomSpanInfillingLight:123:5ab5620004d96029|deployable_grid|canvas=128|seed=1,3b4397d72ef93578,128,1,True,7.0,1.0,0.98828125,0.0,0.0,0.0,0.0078125,0.5193886919170916,0.45755829242776513
HumanEval-RandomSpanInfillingLight:125:68086079e4ab8468|deployable_grid|canvas=16|seed=0,4db76e9fada9f054,16,0,False,4.0,0.0,0.99609375,0.0,0.0,0.8333333333333334,0.0078125,0.4411387765644909,0.4318767677255387
HumanEval-RandomSpanInfillingLight:125:68086079e4ab8468|deployable_grid|canvas=16|seed=1,4db76e9fada9f054,16,1,False,4.0,1.0,0.99609375,0.0,0.0,0.8333333333333334,0.0078125,0.4411387765644909,0.4318767677255387
HumanEval-RandomSpanInfillingLight:125:68086079e4ab8468|deployable_grid|canvas=32|seed=0,4db76e9fada9f054,32,0,True,5.0,0.0,0.98046875,0.0,0.0,0.7142857142857143,0.01171875,0.44378313326251384,0.4291184195071925
HumanEval-RandomSpanInfillingLight:125:68086079e4ab8468|deployable_grid|canvas=32|seed=1,4db76e9fada9f054,32,1,True,5.0,1.0,0.98046875,0.0,0.0,0.7142857142857143,0.01171875,0.44378313326251384,0.4291184195071925
HumanEval-RandomSpanInfillingLight:125:68086079e4ab8468|deployable_grid|canvas=64|seed=0,4db76e9fada9f054,64,0,False,6.0,0.0,0.9921875,0.0,0.0,0.25,0.015625,0.5412272155994698,0.5199720938294304
HumanEval-RandomSpanInfillingLight:125:68086079e4ab8468|deployable_grid|canvas=64|seed=1,4db76e9fada9f054,64,1,False,6.0,1.0,0.9921875,0.0,0.0,0.25,0.015625,0.5412272155994698,0.5199720938294304
HumanEval-RandomSpanInfillingLight:125:68086079e4ab8468|deployable_grid|canvas=128|seed=0,4db76e9fada9f054,128,0,False,7.0,0.0,0.984375,0.0,0.0,1.0,0.0078125,0.5706945651633862,0.5925806436905002
HumanEval-RandomSpanInfillingLight:125:68086079e4ab8468|deployable_grid|canvas=128|seed=1,4db76e9fada9f054,128,1,False,7.0,1.0,0.984375,0.0,0.0,1.0,0.0078125,0.5706945651633862,0.5925806436905002
HumanEval-RandomSpanInfillingLight:126:ecffdbe90f80ea3f|deployable_grid|canvas=16|seed=0,974b0e3a2c11f7d0,16,0,False,4.0,0.0,0.9921875,0.0,1.0,1.0,0.00390625,0.4886487663066173,0.9572147130220404
HumanEval-RandomSpanInfillingLight:126:ecffdbe90f80ea3f|deployable_grid|canvas=16|seed=1,974b0e3a2c11f7d0,16,1,False,4.0,1.0,0.9921875,0.0,1.0,1.0,0.00390625,0.4886487663066173,0.9572147130220404
HumanEval-RandomSpanInfillingLight:126:ecffdbe90f80ea3f|deployable_grid|canvas=32|seed=0,974b0e3a2c11f7d0,32,0,False,5.0,0.0,0.99609375,0.0,0.0,0.5714285714285714,0.01171875,0.5041915250802227,0.4369102804671757
HumanEval-RandomSpanInfillingLight:126:ecffdbe90f80ea3f|deployable_grid|canvas=32|seed=1,974b0e3a2c11f7d0,32,1,False,5.0,1.0,0.99609375,0.0,0.0,0.5714285714285714,0.01171875,0.5041915250802227,0.4369102804671757
HumanEval-RandomSpanInfillingLight:126:ecffdbe90f80ea3f|deployable_grid|canvas=64|seed=0,974b0e3a2c11f7d0,64,0,False,6.0,0.0,0.9921875,0.0,0.0,1.0,0.01953125,0.5109849264030082,0.5132619755807764
HumanEval-RandomSpanInfillingLight:126:ecffdbe90f80ea3f|deployable_grid|canvas=64|seed=1,974b0e3a2c11f7d0,64,1,False,6.0,1.0,0.9921875,0.0,0.0,1.0,0.01953125,0.5109849264030082,0.5132619755807764
HumanEval-RandomSpanInfillingLight:126:ecffdbe90f80ea3f|deployable_grid|canvas=128|seed=0,974b0e3a2c11f7d0,128,0,False,7.0,0.0,0.9921875,0.0,0.0,0.2,0.00390625,0.5221421423093675,0.4468350749124348
HumanEval-RandomSpanInfillingLight:126:ecffdbe90f80ea3f|deployable_grid|canvas=128|seed=1,974b0e3a2c11f7d0,128,1,False,7.0,1.0,0.9921875,0.0,0.0,0.2,0.00390625,0.5221421423093675,0.4468350749124348
HumanEval-RandomSpanInfillingLight:129:a697f50a6ce1b52b|deployable_grid|canvas=16|seed=0,aab01b4987ecde40,16,0,False,4.0,0.0,0.99609375,0.0,0.0,0.6,0.00390625,0.4760394040728796,0.4638406120337241
HumanEval-RandomSpanInfillingLight:129:a697f50a6ce1b52b|deployable_grid|canvas=16|seed=1,aab01b4987ecde40,16,1,False,4.0,1.0,0.99609375,0.0,0.0,0.6,0.00390625,0.4760394040728796,0.4638406120337241
HumanEval-RandomSpanInfillingLight:129:a697f50a6ce1b52b|deployable_grid|canvas=32|seed=0,aab01b4987ecde40,32,0,False,5.0,0.0,0.9765625,0.0,0.0,0.8,0.015625,0.46538446384387744,0.4702434848032163
HumanEval-RandomSpanInfillingLight:129:a697f50a6ce1b52b|deployable_grid|canvas=32|seed=1,aab01b4987ecde40,32,1,False,5.0,1.0,0.9765625,0.0,0.0,0.8,0.015625,0.46538446384387744,0.4702434848032163
HumanEval-RandomSpanInfillingLight:129:a697f50a6ce1b52b|deployable_grid|canvas=64|seed=0,aab01b4987ecde40,64,0,False,6.0,0.0,0.98046875,0.0,0.0,0.6666666666666666,0.01171875,0.4986289536941049,0.5038324913261412
HumanEval-RandomSpanInfillingLight:129:a697f50a6ce1b52b|deployable_grid|canvas=64|seed=1,aab01b4987ecde40,64,1,False,6.0,1.0,0.98046875,0.0,0.0,0.6666666666666666,0.01171875,0.4986289536941049,0.5038324913261412
HumanEval-RandomSpanInfillingLight:129:a697f50a6ce1b52b|deployable_grid|canvas=128|seed=0,aab01b4987ecde40,128,0,False,7.0,0.0,0.984375,0.0,0.0,0.3103448275862069,0.00390625,0.5318855702576739,0.514922079540652
HumanEval-RandomSpanInfillingLight:129:a697f50a6ce1b52b|deployable_grid|canvas=128|seed=1,aab01b4987ecde40,128,1,False,7.0,1.0,0.984375,0.0,0.0,0.3103448275862069,0.00390625,0.5318855702576739,0.514922079540652
HumanEval-RandomSpanInfillingLight:131:271c81b1e35e20a6|deployable_grid|canvas=16|seed=0,9402e0557b48eb32,16,0,False,4.0,0.0,0.99609375,0.0,0.0,0.3333333333333333,0.0,0.4411387765644909,0.44235645131922485
HumanEval-RandomSpanInfillingLight:131:271c81b1e35e20a6|deployable_grid|canvas=16|seed=1,9402e0557b48eb32,16,1,False,4.0,1.0,0.99609375,0.0,0.0,0.3333333333333333,0.0,0.4411387765644909,0.44235645131922485
HumanEval-RandomSpanInfillingLight:131:271c81b1e35e20a6|deployable_grid|canvas=32|seed=0,9402e0557b48eb32,32,0,True,5.0,0.0,0.984375,0.0,0.0,0.6363636363636364,0.0078125,0.45723442856684016,0.4518952521756729
HumanEval-RandomSpanInfillingLight:131:271c81b1e35e20a6|deployable_grid|canvas=32|seed=1,9402e0557b48eb32,32,1,True,5.0,1.0,0.984375,0.0,0.0,0.6363636363636364,0.0078125,0.45723442856684016,0.4518952521756729
HumanEval-RandomSpanInfillingLight:131:271c81b1e35e20a6|deployable_grid|canvas=64|seed=0,9402e0557b48eb32,64,0,False,6.0,0.0,0.99609375,0.0,0.0,0.5384615384615384,0.0078125,0.5546866366148991,0.5601849184544236
HumanEval-RandomSpanInfillingLight:131:271c81b1e35e20a6|deployable_grid|canvas=64|seed=1,9402e0557b48eb32,64,1,False,6.0,1.0,0.99609375,0.0,0.0,0.5384615384615384,0.0078125,0.5546866366148991,0.5601849184544236
HumanEval-RandomSpanInfillingLight:131:271c81b1e35e20a6|deployable_grid|canvas=128|seed=0,9402e0557b48eb32,128,0,False,7.0,0.0,1.0,0.0,0.0,0.11538461538461539,0.015625,0.622940850839117,0.6116659253399231
HumanEval-RandomSpanInfillingLight:131:271c81b1e35e20a6|deployable_grid|canvas=128|seed=1,9402e0557b48eb32,128,1,False,7.0,1.0,1.0,0.0,0.0,0.11538461538461539,0.015625,0.622940850839117,0.6116659253399231
HumanEval-RandomSpanInfillingLight:132:41673e28194f812d|deployable_grid|canvas=16|seed=0,5692b41634fd58f9,16,0,False,4.0,0.0,1.0,0.0,0.0,0.8333333333333334,0.03125,0.5160349605492909,0.4617107567258767
HumanEval-RandomSpanInfillingLight:132:41673e28194f812d|deployable_grid|canvas=16|seed=1,5692b41634fd58f9,16,1,False,4.0,1.0,1.0,0.0,0.0,0.8333333333333334,0.03125,0.5160349605492909,0.4617107567258767
HumanEval-RandomSpanInfillingLight:132:41673e28194f812d|deployable_grid|canvas=32|seed=0,5692b41634fd58f9,32,0,False,5.0,0.0,0.98046875,0.0,0.0,0.125,0.015625,0.4696391494747298,0.39367163763724905
HumanEval-RandomSpanInfillingLight:132:41673e28194f812d|deployable_grid|canvas=32|seed=1,5692b41634fd58f9,32,1,False,5.0,1.0,0.98046875,0.0,0.0,0.125,0.015625,0.4696391494747298,0.39367163763724905
HumanEval-RandomSpanInfillingLight:132:41673e28194f812d|deployable_grid|canvas=64|seed=0,5692b41634fd58f9,64,0,False,6.0,0.0,1.0,0.0,0.0,0.5714285714285714,0.02734375,0.5419591991631166,0.4826415170269407
HumanEval-RandomSpanInfillingLight:132:41673e28194f812d|deployable_grid|canvas=64|seed=1,5692b41634fd58f9,64,1,False,6.0,1.0,1.0,0.0,0.0,0.5714285714285714,0.02734375,0.5419591991631166,0.4826415170269407
HumanEval-RandomSpanInfillingLight:132:41673e28194f812d|deployable_grid|canvas=128|seed=0,5692b41634fd58f9,128,0,False,7.0,0.0,0.9921875,0.0,0.0,0.52,0.00390625,0.5312471513992277,0.5382229544879551
HumanEval-RandomSpanInfillingLight:132:41673e28194f812d|deployable_grid|canvas=128|seed=1,5692b41634fd58f9,128,1,False,7.0,1.0,0.9921875,0.0,0.0,0.52,0.00390625,0.5312471513992277,0.5382229544879551
HumanEval-RandomSpanInfillingLight:134:ec0256dadf244506|deployable_grid|canvas=16|seed=0,c42f51995f91c193,16,0,True,4.0,0.0,1.0,0.0,0.0,0.5,0.0,0.5135206247946639,0.5112271327058856
HumanEval-RandomSpanInfillingLight:134:ec0256dadf244506|deployable_grid|canvas=16|seed=1,c42f51995f91c193,16,1,True,4.0,1.0,1.0,0.0,0.0,0.5,0.0,0.5135206247946639,0.5112271327058856
HumanEval-RandomSpanInfillingLight:134:ec0256dadf244506|deployable_grid|canvas=32|seed=0,c42f51995f91c193,32,0,True,5.0,0.0,0.99609375,0.0,0.0,0.5,0.00390625,0.52215439577318,0.5170688711734195
HumanEval-RandomSpanInfillingLight:134:ec0256dadf244506|deployable_grid|canvas=32|seed=1,c42f51995f91c193,32,1,True,5.0,1.0,0.99609375,0.0,0.0,0.5,0.00390625,0.52215439577318,0.5170688711734195
HumanEval-RandomSpanInfillingLight:134:ec0256dadf244506|deployable_grid|canvas=64|seed=0,c42f51995f91c193,64,0,True,6.0,0.0,0.99609375,0.0,0.0,1.0,0.0390625,0.5493955007787116,0.4228373263633532
HumanEval-RandomSpanInfillingLight:134:ec0256dadf244506|deployable_grid|canvas=64|seed=1,c42f51995f91c193,64,1,True,6.0,1.0,0.99609375,0.0,0.0,1.0,0.0390625,0.5493955007787116,0.4228373263633532
HumanEval-RandomSpanInfillingLight:134:ec0256dadf244506|deployable_grid|canvas=128|seed=0,c42f51995f91c193,128,0,True,7.0,0.0,0.984375,0.0,0.0,1.0,0.0078125,0.5207038028321949,0.5822661133650154
HumanEval-RandomSpanInfillingLight:134:ec0256dadf244506|deployable_grid|canvas=128|seed=1,c42f51995f91c193,128,1,True,7.0,1.0,0.984375,0.0,0.0,1.0,0.0078125,0.5207038028321949,0.5822661133650154
HumanEval-RandomSpanInfillingLight:137:1e745603e508af0a|deployable_grid|canvas=16|seed=0,678e9d27b1dff6f5,16,0,True,4.0,0.0,1.0,0.0,0.0,0.8333333333333334,0.0,0.45457542516114946,0.46635150028055894
HumanEval-RandomSpanInfillingLight:137:1e745603e508af0a|deployable_grid|canvas=16|seed=1,678e9d27b1dff6f5,16,1,True,4.0,1.0,1.0,0.0,0.0,0.8333333333333334,0.0,0.45457542516114946,0.46635150028055894
HumanEval-RandomSpanInfillingLight:137:1e745603e508af0a|deployable_grid|canvas=32|seed=0,678e9d27b1dff6f5,32,0,False,5.0,0.0,0.9921875,0.0,0.0,0.75,0.0078125,0.4843053389858768,0.4828093061195781
HumanEval-RandomSpanInfillingLight:137:1e745603e508af0a|deployable_grid|canvas=32|seed=1,678e9d27b1dff6f5,32,1,False,5.0,1.0,0.9921875,0.0,0.0,0.75,0.0078125,0.4843053389858768,0.4828093061195781
HumanEval-RandomSpanInfillingLight:137:1e745603e508af0a|deployable_grid|canvas=64|seed=0,678e9d27b1dff6f5,64,0,False,6.0,0.0,0.9921875,0.0,0.0,0.7,0.00390625,0.5412272155994698,0.5591616759570238
HumanEval-RandomSpanInfillingLight:137:1e745603e508af0a|deployable_grid|canvas=64|seed=1,678e9d27b1dff6f5,64,1,False,6.0,1.0,0.9921875,0.0,0.0,0.7,0.00390625,0.5412272155994698,0.5591616759570238
HumanEval-RandomSpanInfillingLight:137:1e745603e508af0a|deployable_grid|canvas=128|seed=0,678e9d27b1dff6f5,128,0,False,7.0,0.0,0.9765625,0.0,0.0,0.5882352941176471,0.015625,0.5438876472714286,0.5362723317614498
HumanEval-RandomSpanInfillingLight:137:1e745603e508af0a|deployable_grid|canvas=128|seed=1,678e9d27b1dff6f5,128,1,False,7.0,1.0,0.9765625,0.0,0.0,0.5882352941176471,0.015625,0.5438876472714286,0.5362723317614498
HumanEval-RandomSpanInfillingLight:139:128fc53e7611a26a|deployable_grid|canvas=16|seed=0,5e63c7500073ec52,16,0,False,4.0,0.0,0.99609375,0.0,0.0,0.5,0.03125,0.49478086916353753,0.3303430469306706
HumanEval-RandomSpanInfillingLight:139:128fc53e7611a26a|deployable_grid|canvas=16|seed=1,5e63c7500073ec52,16,1,False,4.0,1.0,0.99609375,0.0,0.0,0.5,0.03125,0.49478086916353753,0.3303430469306706
HumanEval-RandomSpanInfillingLight:139:128fc53e7611a26a|deployable_grid|canvas=32|seed=0,5e63c7500073ec52,32,0,False,5.0,0.0,0.984375,0.0,0.0,0.8,0.0078125,0.4659917740450141,0.47236139445071745
HumanEval-RandomSpanInfillingLight:139:128fc53e7611a26a|deployable_grid|canvas=32|seed=1,5e63c7500073ec52,32,1,False,5.0,1.0,0.984375,0.0,0.0,0.8,0.0078125,0.4659917740450141,0.47236139445071745
HumanEval-RandomSpanInfillingLight:139:128fc53e7611a26a|deployable_grid|canvas=64|seed=0,5e63c7500073ec52,64,0,False,6.0,0.0,0.9765625,0.0,0.0,0.5384615384615384,0.00390625,0.4559553896826037,0.47588772301194965
HumanEval-RandomSpanInfillingLight:139:128fc53e7611a26a|deployable_grid|canvas=64|seed=1,5e63c7500073ec52,64,1,False,6.0,1.0,0.9765625,0.0,0.0,0.5384615384615384,0.00390625,0.4559553896826037,0.47588772301194965
HumanEval-RandomSpanInfillingLight:139:128fc53e7611a26a|deployable_grid|canvas=128|seed=0,5e63c7500073ec52,128,0,False,7.0,0.0,0.97265625,0.0,0.0,0.4666666666666667,0.015625,0.46454552381239855,0.4323404405857411
HumanEval-RandomSpanInfillingLight:139:128fc53e7611a26a|deployable_grid|canvas=128|seed=1,5e63c7500073ec52,128,1,False,7.0,1.0,0.97265625,0.0,0.0,0.4666666666666667,0.015625,0.46454552381239855,0.4323404405857411
HumanEval-RandomSpanInfillingLight:140:266fa0792231a9b7|deployable_grid|canvas=16|seed=0,746851772fe7b228,16,0,False,4.0,0.0,0.97265625,0.0,0.0,0.5,0.02734375,0.46682130152063084,0.3385089640392604
HumanEval-RandomSpanInfillingLight:140:266fa0792231a9b7|deployable_grid|canvas=16|seed=1,746851772fe7b228,16,1,False,4.0,1.0,0.97265625,0.0,0.0,0.5,0.02734375,0.46682130152063084,0.3385089640392604
HumanEval-RandomSpanInfillingLight:140:266fa0792231a9b7|deployable_grid|canvas=32|seed=0,746851772fe7b228,32,0,False,5.0,0.0,0.98828125,0.0,0.0,0.4,0.00390625,0.49544201284224343,0.45854921283991695
HumanEval-RandomSpanInfillingLight:140:266fa0792231a9b7|deployable_grid|canvas=32|seed=1,746851772fe7b228,32,1,False,5.0,1.0,0.98828125,0.0,0.0,0.4,0.00390625,0.49544201284224343,0.45854921283991695
HumanEval-RandomSpanInfillingLight:140:266fa0792231a9b7|deployable_grid|canvas=64|seed=0,746851772fe7b228,64,0,False,6.0,0.0,0.98046875,0.0,0.0,0.7692307692307693,0.00390625,0.4978621022847971,0.5770423638269431
HumanEval-RandomSpanInfillingLight:140:266fa0792231a9b7|deployable_grid|canvas=64|seed=1,746851772fe7b228,64,1,False,6.0,1.0,0.98046875,0.0,0.0,0.7692307692307693,0.00390625,0.4978621022847971,0.5770423638269431
HumanEval-RandomSpanInfillingLight:140:266fa0792231a9b7|deployable_grid|canvas=128|seed=0,746851772fe7b228,128,0,False,7.0,0.0,0.984375,0.0,0.0,0.7647058823529411,0.01171875,0.5134036848027554,0.5405638377908345
HumanEval-RandomSpanInfillingLight:140:266fa0792231a9b7|deployable_grid|canvas=128|seed=1,746851772fe7b228,128,1,False,7.0,1.0,0.984375,0.0,0.0,0.7647058823529411,0.01171875,0.5134036848027554,0.5405638377908345
HumanEval-RandomSpanInfillingLight:141:cd1793f5b2b02246|deployable_grid|canvas=16|seed=0,960a4cb872c861d4,16,0,False,4.0,0.0,1.0,0.0,0.0,0.3333333333333333,0.00390625,0.4973965757748543,0.40592250044826905
HumanEval-RandomSpanInfillingLight:141:cd1793f5b2b02246|deployable_grid|canvas=16|seed=1,960a4cb872c861d4,16,1,False,4.0,1.0,1.0,0.0,0.0,0.3333333333333333,0.00390625,0.4973965757748543,0.40592250044826905
HumanEval-RandomSpanInfillingLight:141:cd1793f5b2b02246|deployable_grid|canvas=32|seed=0,960a4cb872c861d4,32,0,False,5.0,0.0,0.99609375,0.0,0.0,0.6666666666666666,0.0234375,0.5041915250802227,0.3850526856309878
HumanEval-RandomSpanInfillingLight:141:cd1793f5b2b02246|deployable_grid|canvas=32|seed=1,960a4cb872c861d4,32,1,False,5.0,1.0,0.99609375,0.0,0.0,0.6666666666666666,0.0234375,0.5041915250802227,0.3850526856309878
HumanEval-RandomSpanInfillingLight:141:cd1793f5b2b02246|deployable_grid|canvas=64|seed=0,960a4cb872c861d4,64,0,True,6.0,0.0,0.99609375,0.0,0.0,1.0,0.0390625,0.5153567311538889,0.3829082109000052
HumanEval-RandomSpanInfillingLight:141:cd1793f5b2b02246|deployable_grid|canvas=64|seed=1,960a4cb872c861d4,64,1,True,6.0,1.0,0.99609375,0.0,0.0,1.0,0.0390625,0.5153567311538889,0.3829082109000052
HumanEval-RandomSpanInfillingLight:141:cd1793f5b2b02246|deployable_grid|canvas=128|seed=0,960a4cb872c861d4,128,0,True,7.0,0.0,0.9765625,0.0,0.0,0.6666666666666666,0.0,0.504657025605415,0.6036681006744924
HumanEval-RandomSpanInfillingLight:141:cd1793f5b2b02246|deployable_grid|canvas=128|seed=1,960a4cb872c861d4,128,1,True,7.0,1.0,0.9765625,0.0,0.0,0.6666666666666666,0.0,0.504657025605415,0.6036681006744924
HumanEval-RandomSpanInfillingLight:142:17ab20ba3def4d2f|deployable_grid|canvas=16|seed=0,724ab4a7930dfae3,16,0,False,4.0,0.0,1.0,0.0,0.0,1.0,0.00390625,0.5160349605492909,0.5500565326725813
HumanEval-RandomSpanInfillingLight:142:17ab20ba3def4d2f|deployable_grid|canvas=16|seed=1,724ab4a7930dfae3,16,1,False,4.0,1.0,1.0,0.0,0.0,1.0,0.00390625,0.5160349605492909,0.5500565326725813
HumanEval-RandomSpanInfillingLight:142:17ab20ba3def4d2f|deployable_grid|canvas=32|seed=0,724ab4a7930dfae3,32,0,True,5.0,0.0,0.99609375,0.0,0.0,0.42857142857142855,0.0078125,0.5171530464482469,0.4844355173498925
HumanEval-RandomSpanInfillingLight:142:17ab20ba3def4d2f|deployable_grid|canvas=32|seed=1,724ab4a7930dfae3,32,1,True,5.0,1.0,0.99609375,0.0,0.0,0.42857142857142855,0.0078125,0.5171530464482469,0.4844355173498925
HumanEval-RandomSpanInfillingLight:142:17ab20ba3def4d2f|deployable_grid|canvas=64|seed=0,724ab4a7930dfae3,64,0,True,6.0,0.0,0.99609375,0.0,0.0,1.0,0.01171875,0.530132049565854,0.5634029588973543
HumanEval-RandomSpanInfillingLight:142:17ab20ba3def4d2f|deployable_grid|canvas=64|seed=1,724ab4a7930dfae3,64,1,True,6.0,1.0,0.99609375,0.0,0.0,1.0,0.01171875,0.530132049565854,0.5634029588973543
HumanEval-RandomSpanInfillingLight:142:17ab20ba3def4d2f|deployable_grid|canvas=128|seed=0,724ab4a7930dfae3,128,0,True,7.0,0.0,0.9921875,0.0,0.0,0.5,0.00390625,0.5312471513992277,0.5358569301172417
HumanEval-RandomSpanInfillingLight:142:17ab20ba3def4d2f|deployable_grid|canvas=128|seed=1,724ab4a7930dfae3,128,1,True,7.0,1.0,0.9921875,0.0,0.0,0.5,0.00390625,0.5312471513992277,0.5358569301172417
HumanEval-RandomSpanInfillingLight:144:89406614f0f7a51e|deployable_grid|canvas=16|seed=0,e186ae92a13659e0,16,0,False,4.0,0.0,0.9765625,0.0,0.0,0.375,0.01953125,0.40233576844814023,0.2965014399520433
HumanEval-RandomSpanInfillingLight:144:89406614f0f7a51e|deployable_grid|canvas=16|seed=1,e186ae92a13659e0,16,1,False,4.0,1.0,0.9765625,0.0,0.0,0.375,0.01953125,0.40233576844814023,0.2965014399520433
HumanEval-RandomSpanInfillingLight:144:89406614f0f7a51e|deployable_grid|canvas=32|seed=0,e186ae92a13659e0,32,0,True,5.0,0.0,0.98828125,0.0,0.0,0.2857142857142857,0.00390625,0.48468721692784666,0.45917140246509425
HumanEval-RandomSpanInfillingLight:144:89406614f0f7a51e|deployable_grid|canvas=32|seed=1,e186ae92a13659e0,32,1,True,5.0,1.0,0.98828125,0.0,0.0,0.2857142857142857,0.00390625,0.48468721692784666,0.45917140246509425
HumanEval-RandomSpanInfillingLight:144:89406614f0f7a51e|deployable_grid|canvas=64|seed=0,e186ae92a13659e0,64,0,False,6.0,0.0,0.9921875,0.0,0.0,0.0,0.01171875,0.5307749495638553,0.45077686706236925
HumanEval-RandomSpanInfillingLight:144:89406614f0f7a51e|deployable_grid|canvas=64|seed=1,e186ae92a13659e0,64,1,False,6.0,1.0,0.9921875,0.0,0.0,0.0,0.01171875,0.5307749495638553,0.45077686706236925
HumanEval-RandomSpanInfillingLight:144:89406614f0f7a51e|deployable_grid|canvas=128|seed=0,e186ae92a13659e0,128,0,True,7.0,0.0,0.97265625,0.0,0.0,0.5333333333333333,0.015625,0.46454552381239855,0.43903776702378006
HumanEval-RandomSpanInfillingLight:144:89406614f0f7a51e|deployable_grid|canvas=128|seed=1,e186ae92a13659e0,128,1,True,7.0,1.0,0.97265625,0.0,0.0,0.5333333333333333,0.015625,0.46454552381239855,0.43903776702378006
HumanEval-RandomSpanInfillingLight:146:79bb8acf49eed1aa|deployable_grid|canvas=16|seed=0,c819a7643b8e1984,16,0,False,4.0,0.0,0.99609375,0.0,0.0,1.0,0.0234375,0.4411387765644909,0.3954114477027182
HumanEval-RandomSpanInfillingLight:146:79bb8acf49eed1aa|deployable_grid|canvas=16|seed=1,c819a7643b8e1984,16,1,False,4.0,1.0,0.99609375,0.0,0.0,1.0,0.0234375,0.4411387765644909,0.3954114477027182
HumanEval-RandomSpanInfillingLight:146:79bb8acf49eed1aa|deployable_grid|canvas=32|seed=0,c819a7643b8e1984,32,0,False,5.0,0.0,0.99609375,0.0,0.0,0.8,0.00390625,0.49788544287697994,0.5084134512535271
HumanEval-RandomSpanInfillingLight:146:79bb8acf49eed1aa|deployable_grid|canvas=32|seed=1,c819a7643b8e1984,32,1,False,5.0,1.0,0.99609375,0.0,0.0,0.8,0.00390625,0.49788544287697994,0.5084134512535271
HumanEval-RandomSpanInfillingLight:146:79bb8acf49eed1aa|deployable_grid|canvas=64|seed=0,c819a7643b8e1984,64,0,False,6.0,0.0,0.9921875,0.0,0.0,0.6666666666666666,0.0078125,0.5412272155994698,0.548418670784027
HumanEval-RandomSpanInfillingLight:146:79bb8acf49eed1aa|deployable_grid|canvas=64|seed=1,c819a7643b8e1984,64,1,False,6.0,1.0,0.9921875,0.0,0.0,0.6666666666666666,0.0078125,0.5412272155994698,0.548418670784027
HumanEval-RandomSpanInfillingLight:146:79bb8acf49eed1aa|deployable_grid|canvas=128|seed=0,c819a7643b8e1984,128,0,False,7.0,0.0,0.97265625,0.0,0.0,0.6470588235294118,0.015625,0.5303781714265432,0.523054705535651
HumanEval-RandomSpanInfillingLight:146:79bb8acf49eed1aa|deployable_grid|canvas=128|seed=1,c819a7643b8e1984,128,1,False,7.0,1.0,0.97265625,0.0,0.0,0.6470588235294118,0.015625,0.5303781714265432,0.523054705535651
HumanEval-RandomSpanInfillingLight:147:94e62c0c801ab8d4|deployable_grid|canvas=16|seed=0,54841ae27a67a85d,16,0,False,4.0,0.0,0.98046875,0.0,0.0,0.2,0.015625,0.38843256395987946,0.34611223247690137
HumanEval-RandomSpanInfillingLight:147:94e62c0c801ab8d4|deployable_grid|canvas=16|seed=1,54841ae27a67a85d,16,1,False,4.0,1.0,0.98046875,0.0,0.0,0.2,0.015625,0.38843256395987946,0.34611223247690137
HumanEval-RandomSpanInfillingLight:147:94e62c0c801ab8d4|deployable_grid|canvas=32|seed=0,54841ae27a67a85d,32,0,False,5.0,0.0,0.99609375,0.0,0.0,0.6,0.0,0.49788544287697994,0.5147127862541879
HumanEval-RandomSpanInfillingLight:147:94e62c0c801ab8d4|deployable_grid|canvas=32|seed=1,54841ae27a67a85d,32,1,False,5.0,1.0,0.99609375,0.0,0.0,0.6,0.0,0.49788544287697994,0.5147127862541879
HumanEval-RandomSpanInfillingLight:147:94e62c0c801ab8d4|deployable_grid|canvas=64|seed=0,54841ae27a67a85d,64,0,False,6.0,0.0,0.9921875,0.0,0.0,0.8125,0.01171875,0.5412272155994698,0.5411149706849128
HumanEval-RandomSpanInfillingLight:147:94e62c0c801ab8d4|deployable_grid|canvas=64|seed=1,54841ae27a67a85d,64,1,False,6.0,1.0,0.9921875,0.0,0.0,0.8125,0.01171875,0.5412272155994698,0.5411149706849128
HumanEval-RandomSpanInfillingLight:147:94e62c0c801ab8d4|deployable_grid|canvas=128|seed=0,54841ae27a67a85d,128,0,False,7.0,0.0,0.984375,0.0,0.0,0.0,0.0,0.5706945651633862,0.5934140605882459
HumanEval-RandomSpanInfillingLight:147:94e62c0c801ab8d4|deployable_grid|canvas=128|seed=1,54841ae27a67a85d,128,1,False,7.0,1.0,0.984375,0.0,0.0,0.0,0.0,0.5706945651633862,0.5934140605882459
HumanEval-RandomSpanInfillingLight:148:38cd7b90e9046591|deployable_grid|canvas=16|seed=0,36a4d5329d5fb735,16,0,False,4.0,0.0,0.99609375,0.0,0.0,0.2222222222222222,0.0,0.4760394040728796,0.4191668030150574
HumanEval-RandomSpanInfillingLight:148:38cd7b90e9046591|deployable_grid|canvas=16|seed=1,36a4d5329d5fb735,16,1,False,4.0,1.0,0.99609375,0.0,0.0,0.2222222222222222,0.0,0.4760394040728796,0.4191668030150574
HumanEval-RandomSpanInfillingLight:148:38cd7b90e9046591|deployable_grid|canvas=32|seed=0,36a4d5329d5fb735,32,0,False,5.0,0.0,0.984375,0.0,0.0,0.8,0.01171875,0.4800036672095788,0.4922002880105114
HumanEval-RandomSpanInfillingLight:148:38cd7b90e9046591|deployable_grid|canvas=32|seed=1,36a4d5329d5fb735,32,1,False,5.0,1.0,0.984375,0.0,0.0,0.8,0.01171875,0.4800036672095788,0.4922002880105114
HumanEval-RandomSpanInfillingLight:148:38cd7b90e9046591|deployable_grid|canvas=64|seed=0,36a4d5329d5fb735,64,0,False,6.0,0.0,0.984375,0.0,0.0,1.0,0.01171875,0.5059606655213402,0.5584944339759759
HumanEval-RandomSpanInfillingLight:148:38cd7b90e9046591|deployable_grid|canvas=64|seed=1,36a4d5329d5fb735,64,1,False,6.0,1.0,0.984375,0.0,0.0,1.0,0.01171875,0.5059606655213402,0.5584944339759759
HumanEval-RandomSpanInfillingLight:148:38cd7b90e9046591|deployable_grid|canvas=128|seed=0,36a4d5329d5fb735,128,0,False,7.0,0.0,0.99609375,0.0,0.0,0.8571428571428571,0.00390625,0.5537167836859239,0.6110924062879294
HumanEval-RandomSpanInfillingLight:148:38cd7b90e9046591|deployable_grid|canvas=128|seed=1,36a4d5329d5fb735,128,1,False,7.0,1.0,0.99609375,0.0,0.0,0.8571428571428571,0.00390625,0.5537167836859239,0.6110924062879294
HumanEval-RandomSpanInfillingLight:150:3d1ca374d4fb88cf|deployable_grid|canvas=16|seed=0,81ae98b7ccb20c9f,16,0,False,4.0,0.0,0.9921875,1.0,1.0,1.0,0.0,0.42778778921881416,0.11478973334372024
HumanEval-RandomSpanInfillingLight:150:3d1ca374d4fb88cf|deployable_grid|canvas=16|seed=1,81ae98b7ccb20c9f,16,1,False,4.0,1.0,0.9921875,1.0,1.0,1.0,0.0,0.42778778921881416,0.11478973334372024
HumanEval-RandomSpanInfillingLight:150:3d1ca374d4fb88cf|deployable_grid|canvas=32|seed=0,81ae98b7ccb20c9f,32,0,True,5.0,0.0,0.9921875,1.0,1.0,1.0,0.0,0.4843053389858768,0.14515397812352818
HumanEval-RandomSpanInfillingLight:150:3d1ca374d4fb88cf|deployable_grid|canvas=32|seed=1,81ae98b7ccb20c9f,32,1,True,5.0,1.0,0.9921875,1.0,1.0,1.0,0.0,0.4843053389858768,0.14515397812352818
HumanEval-RandomSpanInfillingLight:150:3d1ca374d4fb88cf|deployable_grid|canvas=64|seed=0,81ae98b7ccb20c9f,64,0,False,6.0,0.0,0.99609375,1.0,1.0,1.0,0.0,0.5546866366148991,0.19063889299260328
HumanEval-RandomSpanInfillingLight:150:3d1ca374d4fb88cf|deployable_grid|canvas=64|seed=1,81ae98b7ccb20c9f,64,1,False,6.0,1.0,0.99609375,1.0,1.0,1.0,0.0,0.5546866366148991,0.19063889299260328
HumanEval-RandomSpanInfillingLight:150:3d1ca374d4fb88cf|deployable_grid|canvas=128|seed=0,81ae98b7ccb20c9f,128,0,False,7.0,0.0,0.9921875,1.0,1.0,1.0,0.0,0.5970930954685,0.2254938912304707
HumanEval-RandomSpanInfillingLight:150:3d1ca374d4fb88cf|deployable_grid|canvas=128|seed=1,81ae98b7ccb20c9f,128,1,False,7.0,1.0,0.9921875,1.0,1.0,1.0,0.0,0.5970930954685,0.2254938912304707
HumanEval-RandomSpanInfillingLight:151:4c790326085f95cb|deployable_grid|canvas=16|seed=0,0fd29f10f86a3200,16,0,False,4.0,0.0,0.99609375,0.0,0.0,0.5,0.00390625,0.4760394040728796,0.4492260619529021
HumanEval-RandomSpanInfillingLight:151:4c790326085f95cb|deployable_grid|canvas=16|seed=1,0fd29f10f86a3200,16,1,False,4.0,1.0,0.99609375,0.0,0.0,0.5,0.00390625,0.4760394040728796,0.4492260619529021
HumanEval-RandomSpanInfillingLight:151:4c790326085f95cb|deployable_grid|canvas=32|seed=0,0fd29f10f86a3200,32,0,True,5.0,0.0,0.9921875,0.0,0.0,0.3333333333333333,0.00390625,0.4946571948532885,0.4558893578369718
HumanEval-RandomSpanInfillingLight:151:4c790326085f95cb|deployable_grid|canvas=32|seed=1,0fd29f10f86a3200,32,1,True,5.0,1.0,0.9921875,0.0,0.0,0.3333333333333333,0.00390625,0.4946571948532885,0.4558893578369718
HumanEval-RandomSpanInfillingLight:151:4c790326085f95cb|deployable_grid|canvas=64|seed=0,0fd29f10f86a3200,64,0,False,6.0,0.0,0.9765625,0.0,0.0,0.0,0.0078125,0.4912978314176593,0.4110766194760764
HumanEval-RandomSpanInfillingLight:151:4c790326085f95cb|deployable_grid|canvas=64|seed=1,0fd29f10f86a3200,64,1,False,6.0,1.0,0.9765625,0.0,0.0,0.0,0.0078125,0.4912978314176593,0.4110766194760764
HumanEval-RandomSpanInfillingLight:151:4c790326085f95cb|deployable_grid|canvas=128|seed=0,0fd29f10f86a3200,128,0,False,7.0,0.0,0.95703125,0.0,0.0,0.0,0.02734375,0.4806146379741375,0.3695657029697697
HumanEval-RandomSpanInfillingLight:151:4c790326085f95cb|deployable_grid|canvas=128|seed=1,0fd29f10f86a3200,128,1,False,7.0,1.0,0.95703125,0.0,0.0,0.0,0.02734375,0.4806146379741375,0.3695657029697697
HumanEval-RandomSpanInfillingLight:152:fc8d9677f7d12a4b|deployable_grid|canvas=16|seed=0,d47469b0dd905e9b,16,0,False,4.0,0.0,0.99609375,0.0,0.0,0.75,0.00390625,0.4760394040728796,0.48587152951638557
HumanEval-RandomSpanInfillingLight:152:fc8d9677f7d12a4b|deployable_grid|canvas=16|seed=1,d47469b0dd905e9b,16,1,False,4.0,1.0,0.99609375,0.0,0.0,0.75,0.00390625,0.4760394040728796,0.48587152951638557
HumanEval-RandomSpanInfillingLight:152:fc8d9677f7d12a4b|deployable_grid|canvas=32|seed=0,d47469b0dd905e9b,32,0,True,5.0,0.0,0.9921875,0.0,0.0,0.7,0.0078125,0.4946571948532885,0.49946410339958763
HumanEval-RandomSpanInfillingLight:152:fc8d9677f7d12a4b|deployable_grid|canvas=32|seed=1,d47469b0dd905e9b,32,1,True,5.0,1.0,0.9921875,0.0,0.0,0.7,0.0078125,0.4946571948532885,0.49946410339958763
HumanEval-RandomSpanInfillingLight:152:fc8d9677f7d12a4b|deployable_grid|canvas=64|seed=0,d47469b0dd905e9b,64,0,False,6.0,0.0,0.953125,0.0,0.0,0.0,0.0234375,0.4474991994774441,0.3396960430460853
HumanEval-RandomSpanInfillingLight:152:fc8d9677f7d12a4b|deployable_grid|canvas=64|seed=1,d47469b0dd905e9b,64,1,False,6.0,1.0,0.953125,0.0,0.0,0.0,0.0234375,0.4474991994774441,0.3396960430460853
HumanEval-RandomSpanInfillingLight:152:fc8d9677f7d12a4b|deployable_grid|canvas=128|seed=0,d47469b0dd905e9b,128,0,False,7.0,0.0,0.984375,0.0,0.0,1.0,0.02734375,0.5318855702576739,0.5544209991575026
HumanEval-RandomSpanInfillingLight:152:fc8d9677f7d12a4b|deployable_grid|canvas=128|seed=1,d47469b0dd905e9b,128,1,False,7.0,1.0,0.984375,0.0,0.0,1.0,0.02734375,0.5318855702576739,0.5544209991575026
HumanEval-RandomSpanInfillingLight:154:fbd8c83b865f5c99|deployable_grid|canvas=16|seed=0,921a47ced9a9fdbd,16,0,False,4.0,0.0,0.984375,0.0,0.0,0.4,0.0078125,0.45415417719016454,0.4075661077072999
HumanEval-RandomSpanInfillingLight:154:fbd8c83b865f5c99|deployable_grid|canvas=16|seed=1,921a47ced9a9fdbd,16,1,False,4.0,1.0,0.984375,0.0,0.0,0.4,0.0078125,0.45415417719016454,0.4075661077072999
HumanEval-RandomSpanInfillingLight:154:fbd8c83b865f5c99|deployable_grid|canvas=32|seed=0,921a47ced9a9fdbd,32,0,True,5.0,0.0,0.98828125,0.0,0.0,0.8,0.00390625,0.4873277082139042,0.5186502093504675
HumanEval-RandomSpanInfillingLight:154:fbd8c83b865f5c99|deployable_grid|canvas=32|seed=1,921a47ced9a9fdbd,32,1,True,5.0,1.0,0.98828125,0.0,0.0,0.8,0.00390625,0.4873277082139042,0.5186502093504675
HumanEval-RandomSpanInfillingLight:154:fbd8c83b865f5c99|deployable_grid|canvas=64|seed=0,921a47ced9a9fdbd,64,0,True,6.0,0.0,0.98828125,0.0,0.0,0.5882352941176471,0.0078125,0.513289814603502,0.5142695345698535
HumanEval-RandomSpanInfillingLight:154:fbd8c83b865f5c99|deployable_grid|canvas=64|seed=1,921a47ced9a9fdbd,64,1,True,6.0,1.0,0.98828125,0.0,0.0,0.5882352941176471,0.0078125,0.513289814603502,0.5142695345698535
HumanEval-RandomSpanInfillingLight:154:fbd8c83b865f5c99|deployable_grid|canvas=128|seed=0,921a47ced9a9fdbd,128,0,False,7.0,0.0,0.9765625,0.0,0.0,0.8571428571428571,0.00390625,0.5172580459266495,0.5829955870382852
HumanEval-RandomSpanInfillingLight:154:fbd8c83b865f5c99|deployable_grid|canvas=128|seed=1,921a47ced9a9fdbd,128,1,False,7.0,1.0,0.9765625,0.0,0.0,0.8571428571428571,0.00390625,0.5172580459266495,0.5829955870382852
HumanEval-RandomSpanInfillingLight:155:7f713619cf05768a|deployable_grid|canvas=16|seed=0,2d74a37df1f346e1,16,0,False,4.0,0.0,0.99609375,0.0,0.0,0.5714285714285714,0.0,0.4930221369615444,0.4920744931453926
HumanEval-RandomSpanInfillingLight:155:7f713619cf05768a|deployable_grid|canvas=16|seed=1,2d74a37df1f346e1,16,1,False,4.0,1.0,0.99609375,0.0,0.0,0.5714285714285714,0.0,0.4930221369615444,0.4920744931453926
HumanEval-RandomSpanInfillingLight:155:7f713619cf05768a|deployable_grid|canvas=32|seed=0,2d74a37df1f346e1,32,0,False,5.0,0.0,0.99609375,0.0,0.0,0.46153846153846156,0.01171875,0.5041915250802227,0.41160200426535015
HumanEval-RandomSpanInfillingLight:155:7f713619cf05768a|deployable_grid|canvas=32|seed=1,2d74a37df1f346e1,32,1,False,5.0,1.0,0.99609375,0.0,0.0,0.46153846153846156,0.01171875,0.5041915250802227,0.41160200426535015
HumanEval-RandomSpanInfillingLight:155:7f713619cf05768a|deployable_grid|canvas=64|seed=0,2d74a37df1f346e1,64,0,False,6.0,0.0,0.99609375,0.0,0.0,0.6666666666666666,0.015625,0.5153567311538889,0.4543628407035532
HumanEval-RandomSpanInfillingLight:155:7f713619cf05768a|deployable_grid|canvas=64|seed=1,2d74a37df1f346e1,64,1,False,6.0,1.0,0.99609375,0.0,0.0,0.6666666666666666,0.015625,0.5153567311538889,0.4543628407035532
HumanEval-RandomSpanInfillingLight:155:7f713619cf05768a|deployable_grid|canvas=128|seed=0,2d74a37df1f346e1,128,0,False,7.0,0.0,0.98828125,0.0,0.0,0.0,0.02734375,0.5177742725280804,0.2714198026251344
HumanEval-RandomSpanInfillingLight:155:7f713619cf05768a|deployable_grid|canvas=128|seed=1,2d74a37df1f346e1,128,1,False,7.0,1.0,0.98828125,0.0,0.0,0.0,0.02734375,0.5177742725280804,0.2714198026251344
HumanEval-RandomSpanInfillingLight:156:eb9a684bf2cf78b3|deployable_grid|canvas=16|seed=0,ea9e6a5c5012cd9e,16,0,False,4.0,0.0,0.99609375,0.0,0.0,0.2857142857142857,0.0,0.4760394040728796,0.4282993963420755
HumanEval-RandomSpanInfillingLight:156:eb9a684bf2cf78b3|deployable_grid|canvas=16|seed=1,ea9e6a5c5012cd9e,16,1,False,4.0,1.0,0.99609375,0.0,0.0,0.2857142857142857,0.0,0.4760394040728796,0.4282993963420755
HumanEval-RandomSpanInfillingLight:156:eb9a684bf2cf78b3|deployable_grid|canvas=32|seed=0,ea9e6a5c5012cd9e,32,0,False,5.0,0.0,0.99609375,0.0,0.0,0.3,0.0,0.5019889786573093,0.46706336731630055
HumanEval-RandomSpanInfillingLight:156:eb9a684bf2cf78b3|deployable_grid|canvas=32|seed=1,ea9e6a5c5012cd9e,32,1,False,5.0,1.0,0.99609375,0.0,0.0,0.3,0.0,0.5019889786573093,0.46706336731630055
HumanEval-RandomSpanInfillingLight:156:eb9a684bf2cf78b3|deployable_grid|canvas=64|seed=0,ea9e6a5c5012cd9e,64,0,True,6.0,0.0,0.99609375,0.0,0.0,0.7142857142857143,0.00390625,0.5279278427803735,0.5546094324354788
HumanEval-RandomSpanInfillingLight:156:eb9a684bf2cf78b3|deployable_grid|canvas=64|seed=1,ea9e6a5c5012cd9e,64,1,True,6.0,1.0,0.99609375,0.0,0.0,0.7142857142857143,0.00390625,0.5279278427803735,0.5546094324354788
HumanEval-RandomSpanInfillingLight:156:eb9a684bf2cf78b3|deployable_grid|canvas=128|seed=0,ea9e6a5c5012cd9e,128,0,False,7.0,0.0,0.984375,0.0,0.0,0.0,0.01171875,0.5318855702576739,0.44878447853471143
HumanEval-RandomSpanInfillingLight:156:eb9a684bf2cf78b3|deployable_grid|canvas=128|seed=1,ea9e6a5c5012cd9e,128,1,False,7.0,1.0,0.984375,0.0,0.0,0.0,0.01171875,0.5318855702576739,0.44878447853471143
HumanEval-RandomSpanInfillingLight:161:b072db3d69599d1e|deployable_grid|canvas=16|seed=0,b60f289834af331f,16,0,False,4.0,0.0,1.0,0.0,0.0,0.2,0.00390625,0.48335918330648436,0.411648041162182
HumanEval-RandomSpanInfillingLight:161:b072db3d69599d1e|deployable_grid|canvas=16|seed=1,b60f289834af331f,16,1,False,4.0,1.0,1.0,0.0,0.0,0.2,0.00390625,0.48335918330648436,0.411648041162182
HumanEval-RandomSpanInfillingLight:161:b072db3d69599d1e|deployable_grid|canvas=32|seed=0,b60f289834af331f,32,0,False,5.0,0.0,0.9921875,0.0,0.0,0.8,0.00390625,0.4946571948532885,0.5244804568856152
HumanEval-RandomSpanInfillingLight:161:b072db3d69599d1e|deployable_grid|canvas=32|seed=1,b60f289834af331f,32,1,False,5.0,1.0,0.9921875,0.0,0.0,0.8,0.00390625,0.4946571948532885,0.5244804568856152
HumanEval-RandomSpanInfillingLight:161:b072db3d69599d1e|deployable_grid|canvas=64|seed=0,b60f289834af331f,64,0,False,6.0,0.0,0.9921875,0.0,0.0,1.0,0.0078125,0.5206132530503284,0.5800599576718962
HumanEval-RandomSpanInfillingLight:161:b072db3d69599d1e|deployable_grid|canvas=64|seed=1,b60f289834af331f,64,1,False,6.0,1.0,0.9921875,0.0,0.0,1.0,0.0078125,0.5206132530503284,0.5800599576718962
HumanEval-RandomSpanInfillingLight:161:b072db3d69599d1e|deployable_grid|canvas=128|seed=0,b60f289834af331f,128,0,True,7.0,0.0,0.984375,0.0,0.0,0.8461538461538461,0.00390625,0.5318855702576739,0.592748407385358
HumanEval-RandomSpanInfillingLight:161:b072db3d69599d1e|deployable_grid|canvas=128|seed=1,b60f289834af331f,128,1,True,7.0,1.0,0.984375,0.0,0.0,0.8461538461538461,0.00390625,0.5318855702576739,0.592748407385358
HumanEval-RandomSpanInfillingLight:163:691a401caf1677a9|deployable_grid|canvas=16|seed=0,ee978da21b525eac,16,0,True,4.0,0.0,0.99609375,0.0,0.0,0.7142857142857143,0.00390625,0.4411387765644909,0.4396334540447469
HumanEval-RandomSpanInfillingLight:163:691a401caf1677a9|deployable_grid|canvas=16|seed=1,ee978da21b525eac,16,1,True,4.0,1.0,0.99609375,0.0,0.0,0.7142857142857143,0.00390625,0.4411387765644909,0.4396334540447469
HumanEval-RandomSpanInfillingLight:163:691a401caf1677a9|deployable_grid|canvas=32|seed=0,ee978da21b525eac,32,0,False,5.0,0.0,0.9765625,0.0,0.0,0.2857142857142857,0.00390625,0.4304137517648891,0.4267977406512804
HumanEval-RandomSpanInfillingLight:163:691a401caf1677a9|deployable_grid|canvas=32|seed=1,ee978da21b525eac,32,1,False,5.0,1.0,0.9765625,0.0,0.0,0.2857142857142857,0.00390625,0.4304137517648891,0.4267977406512804
HumanEval-RandomSpanInfillingLight:163:691a401caf1677a9|deployable_grid|canvas=64|seed=0,ee978da21b525eac,64,0,False,6.0,0.0,0.98828125,0.0,0.0,1.0,0.0234375,0.5277073670416422,0.499810516266802
HumanEval-RandomSpanInfillingLight:163:691a401caf1677a9|deployable_grid|canvas=64|seed=1,ee978da21b525eac,64,1,False,6.0,1.0,0.98828125,0.0,0.0,1.0,0.0234375,0.5277073670416422,0.499810516266802
HumanEval-RandomSpanInfillingLight:163:691a401caf1677a9|deployable_grid|canvas=128|seed=0,ee978da21b525eac,128,0,False,7.0,0.0,0.984375,0.0,0.0,0.0,0.01171875,0.5706945651633862,0.563528399767254
HumanEval-RandomSpanInfillingLight:163:691a401caf1677a9|deployable_grid|canvas=128|seed=1,ee978da21b525eac,128,1,False,7.0,1.0,0.984375,0.0,0.0,0.0,0.01171875,0.5706945651633862,0.563528399767254
