task_id,task_group,case_pool,action_id,experimental_seed,seed,passed,generated_text_sha256,generated_text_len,code_sha256,selected_mask_length,actual_canvas_length,oracle_mask_length,canvas_is_oracle_sufficient,decode_steps,actual_forward_steps,effective_steps,effective_update_steps,total_token_changes,early_commit_enabled,early_commit_triggered,full_schedule_completed,stop_reason,no_remaining_masks_first_step,remasked_token_count,remasked_span_start,remasked_span_end_exclusive,remasked_span_width,remasked_span_center_index,refinement_steps,refinement_executed,span_refinement_executed,stage1_hash,output_changed_vs_C,total_sec_including_probe,compile_passed,error_type,error_message_short,action_was_executed,execution_note,source_commit,c_reference_hash
SingleLineInfilling/HumanEval/108/L2,HumanEval/108,missed_failed_long,E_oracle_sufficient_no_early_commit,1,261286275,True,6ff137a5ebd22ce9de442ed4927ecb6f92b6dd1a06fc68a57d2be93cf7221af5,58,61d3da89ee4f9ee49de75fdca2f3fb5238dc60719373473a533bff6e8932cf8a,20,20,20,True,64,64,64,20,20,False,False,True,not_stopped,63,,,,,,,,,,True,4.1393423260888085,True,,,True,executed_oracle_sufficient_no_early_commit,89e30c13879d1197ef5588ef5da4582d6d1e44b4,391cc8305e7a1252a2de80ef31c0ba585d1ed55e318aff3886ba54363bf093ac
SingleLineInfilling/HumanEval/108/L2,HumanEval/108,missed_failed_long,F_oracle_sufficient_trace_remask,1,261286275,False,391cc8305e7a1252a2de80ef31c0ba585d1ed55e318aff3886ba54363bf093ac,58,8188bc184ce12872c7d4e5a2c70c61626338a5d35ba719d678859b35bdebe5ff,20,20,20,True,80,58,16,2,2,False,False,True,not_stopped,12,2,,,,,16,True,,391cc8305e7a1252a2de80ef31c0ba585d1ed55e318aff3886ba54363bf093ac,False,3.8889586880104616,True,UnitTestFailure,failed: invalid literal for int() with base 10: '-',True,executed_trace_token_remask_refinement,89e30c13879d1197ef5588ef5da4582d6d1e44b4,391cc8305e7a1252a2de80ef31c0ba585d1ed55e318aff3886ba54363bf093ac
SingleLineInfilling/HumanEval/108/L2,HumanEval/108,missed_failed_long,G_oracle_sufficient_trace_span_remask,1,261286275,True,871bd8f28df9842878fc452c42e5aeb43cedeb1f1390e6f5ac26d1f4bc361bc6,59,cf041ecd3664602fa59a19fc40e272112dd62a5730eaa73d64bbddf254b4d227,20,20,20,True,88,66,24,4,4,False,False,True,not_stopped,21,4,13,17,4,15,24,True,True,391cc8305e7a1252a2de80ef31c0ba585d1ed55e318aff3886ba54363bf093ac,True,4.371117060305551,True,,,True,executed_trace_span_remask_refinement,89e30c13879d1197ef5588ef5da4582d6d1e44b4,391cc8305e7a1252a2de80ef31c0ba585d1ed55e318aff3886ba54363bf093ac
SingleLineInfilling/HumanEval/108/L2,HumanEval/108,missed_failed_long,E_oracle_sufficient_no_early_commit,2,925685379,True,6ff137a5ebd22ce9de442ed4927ecb6f92b6dd1a06fc68a57d2be93cf7221af5,58,61d3da89ee4f9ee49de75fdca2f3fb5238dc60719373473a533bff6e8932cf8a,20,20,20,True,64,64,64,20,20,False,False,True,not_stopped,63,,,,,,,,,,True,4.153208830044605,True,,,True,executed_oracle_sufficient_no_early_commit,89e30c13879d1197ef5588ef5da4582d6d1e44b4,391cc8305e7a1252a2de80ef31c0ba585d1ed55e318aff3886ba54363bf093ac
SingleLineInfilling/HumanEval/108/L2,HumanEval/108,missed_failed_long,F_oracle_sufficient_trace_remask,2,925685379,False,391cc8305e7a1252a2de80ef31c0ba585d1ed55e318aff3886ba54363bf093ac,58,8188bc184ce12872c7d4e5a2c70c61626338a5d35ba719d678859b35bdebe5ff,20,20,20,True,80,58,16,2,2,False,False,True,not_stopped,12,2,,,,,16,True,,391cc8305e7a1252a2de80ef31c0ba585d1ed55e318aff3886ba54363bf093ac,False,3.864361304906197,True,UnitTestFailure,failed: invalid literal for int() with base 10: '-',True,executed_trace_token_remask_refinement,89e30c13879d1197ef5588ef5da4582d6d1e44b4,391cc8305e7a1252a2de80ef31c0ba585d1ed55e318aff3886ba54363bf093ac
SingleLineInfilling/HumanEval/108/L2,HumanEval/108,missed_failed_long,G_oracle_sufficient_trace_span_remask,2,925685379,True,871bd8f28df9842878fc452c42e5aeb43cedeb1f1390e6f5ac26d1f4bc361bc6,59,cf041ecd3664602fa59a19fc40e272112dd62a5730eaa73d64bbddf254b4d227,20,20,20,True,88,66,24,4,4,False,False,True,not_stopped,21,4,13,17,4,15,24,True,True,391cc8305e7a1252a2de80ef31c0ba585d1ed55e318aff3886ba54363bf093ac,True,4.402629637159407,True,,,True,executed_trace_span_remask_refinement,89e30c13879d1197ef5588ef5da4582d6d1e44b4,391cc8305e7a1252a2de80ef31c0ba585d1ed55e318aff3886ba54363bf093ac
SingleLineInfilling/HumanEval/112/L0,HumanEval/112,missed_failed_long,E_oracle_sufficient_no_early_commit,1,920163361,True,4e233a213fb20987588d20742290f03ee8724e129c7d8e1b74508d9bdb1fbcd8,46,ca5ce28d5b2dafd5766e34dcd2a86aaf4211065b4c1955885472f4975353e0f2,19,19,19,True,64,64,64,19,19,False,False,True,not_stopped,63,,,,,,,,,,False,4.057046010973863,True,,,True,executed_oracle_sufficient_no_early_commit,89e30c13879d1197ef5588ef5da4582d6d1e44b4,4e233a213fb20987588d20742290f03ee8724e129c7d8e1b74508d9bdb1fbcd8
SingleLineInfilling/HumanEval/112/L0,HumanEval/112,missed_failed_long,F_oracle_sufficient_trace_remask,1,920163361,True,4e233a213fb20987588d20742290f03ee8724e129c7d8e1b74508d9bdb1fbcd8,46,ca5ce28d5b2dafd5766e34dcd2a86aaf4211065b4c1955885472f4975353e0f2,19,19,19,True,80,73,16,2,2,False,False,True,not_stopped,12,2,,,,,16,True,,4e233a213fb20987588d20742290f03ee8724e129c7d8e1b74508d9bdb1fbcd8,False,4.719827380031347,True,,,True,executed_trace_token_remask_refinement,89e30c13879d1197ef5588ef5da4582d6d1e44b4,4e233a213fb20987588d20742290f03ee8724e129c7d8e1b74508d9bdb1fbcd8
SingleLineInfilling/HumanEval/112/L0,HumanEval/112,missed_failed_long,G_oracle_sufficient_trace_span_remask,1,920163361,True,4e233a213fb20987588d20742290f03ee8724e129c7d8e1b74508d9bdb1fbcd8,46,ca5ce28d5b2dafd5766e34dcd2a86aaf4211065b4c1955885472f4975353e0f2,19,19,19,True,88,81,24,4,4,False,False,True,not_stopped,21,4,11,15,4,13,24,True,True,4e233a213fb20987588d20742290f03ee8724e129c7d8e1b74508d9bdb1fbcd8,False,5.228730195085518,True,,,True,executed_trace_span_remask_refinement,89e30c13879d1197ef5588ef5da4582d6d1e44b4,4e233a213fb20987588d20742290f03ee8724e129c7d8e1b74508d9bdb1fbcd8
SingleLineInfilling/HumanEval/112/L0,HumanEval/112,missed_failed_long,E_oracle_sufficient_no_early_commit,2,50571362,True,4e233a213fb20987588d20742290f03ee8724e129c7d8e1b74508d9bdb1fbcd8,46,ca5ce28d5b2dafd5766e34dcd2a86aaf4211065b4c1955885472f4975353e0f2,19,19,19,True,64,64,64,19,19,False,False,True,not_stopped,63,,,,,,,,,,False,4.059426823980175,True,,,True,executed_oracle_sufficient_no_early_commit,89e30c13879d1197ef5588ef5da4582d6d1e44b4,4e233a213fb20987588d20742290f03ee8724e129c7d8e1b74508d9bdb1fbcd8
SingleLineInfilling/HumanEval/112/L0,HumanEval/112,missed_failed_long,F_oracle_sufficient_trace_remask,2,50571362,True,4e233a213fb20987588d20742290f03ee8724e129c7d8e1b74508d9bdb1fbcd8,46,ca5ce28d5b2dafd5766e34dcd2a86aaf4211065b4c1955885472f4975353e0f2,19,19,19,True,80,73,16,2,2,False,False,True,not_stopped,12,2,,,,,16,True,,4e233a213fb20987588d20742290f03ee8724e129c7d8e1b74508d9bdb1fbcd8,False,4.713738975930028,True,,,True,executed_trace_token_remask_refinement,89e30c13879d1197ef5588ef5da4582d6d1e44b4,4e233a213fb20987588d20742290f03ee8724e129c7d8e1b74508d9bdb1fbcd8
SingleLineInfilling/HumanEval/112/L0,HumanEval/112,missed_failed_long,G_oracle_sufficient_trace_span_remask,2,50571362,True,4e233a213fb20987588d20742290f03ee8724e129c7d8e1b74508d9bdb1fbcd8,46,ca5ce28d5b2dafd5766e34dcd2a86aaf4211065b4c1955885472f4975353e0f2,19,19,19,True,88,81,24,4,4,False,False,True,not_stopped,21,4,11,15,4,13,24,True,True,4e233a213fb20987588d20742290f03ee8724e129c7d8e1b74508d9bdb1fbcd8,False,5.187704244162887,True,,,True,executed_trace_span_remask_refinement,89e30c13879d1197ef5588ef5da4582d6d1e44b4,4e233a213fb20987588d20742290f03ee8724e129c7d8e1b74508d9bdb1fbcd8
SingleLineInfilling/HumanEval/117/L4,HumanEval/117,missed_failed_long,E_oracle_sufficient_no_early_commit,1,1550456463,True,8a021bfe7f2f49462b707da5c2269cc564b90fca0222e176e663c00ddd561604,83,e8b9eb690e93890b4e8539f9877356e31c7d46d820f799be6721b87711f33a12,21,21,21,True,64,64,64,21,21,False,False,True,not_stopped,63,,,,,,,,,,False,4.997091401019134,True,,,True,executed_oracle_sufficient_no_early_commit,89e30c13879d1197ef5588ef5da4582d6d1e44b4,8a021bfe7f2f49462b707da5c2269cc564b90fca0222e176e663c00ddd561604
SingleLineInfilling/HumanEval/117/L4,HumanEval/117,missed_failed_long,F_oracle_sufficient_trace_remask,1,1550456463,True,8a021bfe7f2f49462b707da5c2269cc564b90fca0222e176e663c00ddd561604,83,e8b9eb690e93890b4e8539f9877356e31c7d46d820f799be6721b87711f33a12,21,21,21,True,80,59,16,3,3,False,False,True,not_stopped,14,3,,,,,16,True,,8a021bfe7f2f49462b707da5c2269cc564b90fca0222e176e663c00ddd561604,False,4.73151520662941,True,,,True,executed_trace_token_remask_refinement,89e30c13879d1197ef5588ef5da4582d6d1e44b4,8a021bfe7f2f49462b707da5c2269cc564b90fca0222e176e663c00ddd561604
SingleLineInfilling/HumanEval/117/L4,HumanEval/117,missed_failed_long,G_oracle_sufficient_trace_span_remask,1,1550456463,True,8a021bfe7f2f49462b707da5c2269cc564b90fca0222e176e663c00ddd561604,83,e8b9eb690e93890b4e8539f9877356e31c7d46d820f799be6721b87711f33a12,21,21,21,True,88,67,24,5,5,False,False,True,not_stopped,22,5,9,14,5,11,24,True,True,8a021bfe7f2f49462b707da5c2269cc564b90fca0222e176e663c00ddd561604,False,5.354820255772211,True,,,True,executed_trace_span_remask_refinement,89e30c13879d1197ef5588ef5da4582d6d1e44b4,8a021bfe7f2f49462b707da5c2269cc564b90fca0222e176e663c00ddd561604
SingleLineInfilling/HumanEval/117/L4,HumanEval/117,missed_failed_long,E_oracle_sufficient_no_early_commit,2,1296128122,True,8a021bfe7f2f49462b707da5c2269cc564b90fca0222e176e663c00ddd561604,83,e8b9eb690e93890b4e8539f9877356e31c7d46d820f799be6721b87711f33a12,21,21,21,True,64,64,64,21,21,False,False,True,not_stopped,63,,,,,,,,,,False,5.066741364193149,True,,,True,executed_oracle_sufficient_no_early_commit,89e30c13879d1197ef5588ef5da4582d6d1e44b4,8a021bfe7f2f49462b707da5c2269cc564b90fca0222e176e663c00ddd561604
SingleLineInfilling/HumanEval/117/L4,HumanEval/117,missed_failed_long,F_oracle_sufficient_trace_remask,2,1296128122,True,8a021bfe7f2f49462b707da5c2269cc564b90fca0222e176e663c00ddd561604,83,e8b9eb690e93890b4e8539f9877356e31c7d46d820f799be6721b87711f33a12,21,21,21,True,80,59,16,3,3,False,False,True,not_stopped,14,3,,,,,16,True,,8a021bfe7f2f49462b707da5c2269cc564b90fca0222e176e663c00ddd561604,False,4.741380963940173,True,,,True,executed_trace_token_remask_refinement,89e30c13879d1197ef5588ef5da4582d6d1e44b4,8a021bfe7f2f49462b707da5c2269cc564b90fca0222e176e663c00ddd561604
SingleLineInfilling/HumanEval/117/L4,HumanEval/117,missed_failed_long,G_oracle_sufficient_trace_span_remask,2,1296128122,True,8a021bfe7f2f49462b707da5c2269cc564b90fca0222e176e663c00ddd561604,83,e8b9eb690e93890b4e8539f9877356e31c7d46d820f799be6721b87711f33a12,21,21,21,True,88,67,24,5,5,False,False,True,not_stopped,22,5,9,14,5,11,24,True,True,8a021bfe7f2f49462b707da5c2269cc564b90fca0222e176e663c00ddd561604,False,5.369227887596935,True,,,True,executed_trace_span_remask_refinement,89e30c13879d1197ef5588ef5da4582d6d1e44b4,8a021bfe7f2f49462b707da5c2269cc564b90fca0222e176e663c00ddd561604
SingleLineInfilling/HumanEval/124/L3,HumanEval/124,missed_failed_long,E_oracle_sufficient_no_early_commit,1,192791783,True,6cbcc9c7b099d9cea03533bc678c30a0e4db40e66959908aae4de53095938821,59,318a4943910c16b3ff8fb79b2657c29ee14b27279ef9f7ed6da3f2ded1848820,19,19,19,True,64,64,64,19,19,False,False,True,not_stopped,63,,,,,,,,,,False,6.449783455929719,True,,,True,executed_oracle_sufficient_no_early_commit,89e30c13879d1197ef5588ef5da4582d6d1e44b4,6cbcc9c7b099d9cea03533bc678c30a0e4db40e66959908aae4de53095938821
SingleLineInfilling/HumanEval/124/L3,HumanEval/124,missed_failed_long,F_oracle_sufficient_trace_remask,1,192791783,True,6cbcc9c7b099d9cea03533bc678c30a0e4db40e66959908aae4de53095938821,59,318a4943910c16b3ff8fb79b2657c29ee14b27279ef9f7ed6da3f2ded1848820,19,19,19,True,80,57,16,2,2,False,False,True,not_stopped,12,2,,,,,16,True,,6cbcc9c7b099d9cea03533bc678c30a0e4db40e66959908aae4de53095938821,False,5.881369147100486,True,,,True,executed_trace_token_remask_refinement,89e30c13879d1197ef5588ef5da4582d6d1e44b4,6cbcc9c7b099d9cea03533bc678c30a0e4db40e66959908aae4de53095938821
SingleLineInfilling/HumanEval/124/L3,HumanEval/124,missed_failed_long,G_oracle_sufficient_trace_span_remask,1,192791783,True,6cbcc9c7b099d9cea03533bc678c30a0e4db40e66959908aae4de53095938821,59,318a4943910c16b3ff8fb79b2657c29ee14b27279ef9f7ed6da3f2ded1848820,19,19,19,True,88,65,24,4,4,False,False,True,not_stopped,21,4,7,11,4,9,24,True,True,6cbcc9c7b099d9cea03533bc678c30a0e4db40e66959908aae4de53095938821,False,6.625828933087178,True,,,True,executed_trace_span_remask_refinement,89e30c13879d1197ef5588ef5da4582d6d1e44b4,6cbcc9c7b099d9cea03533bc678c30a0e4db40e66959908aae4de53095938821
SingleLineInfilling/HumanEval/124/L3,HumanEval/124,missed_failed_long,E_oracle_sufficient_no_early_commit,2,150194021,True,6cbcc9c7b099d9cea03533bc678c30a0e4db40e66959908aae4de53095938821,59,318a4943910c16b3ff8fb79b2657c29ee14b27279ef9f7ed6da3f2ded1848820,19,19,19,True,64,64,64,19,19,False,False,True,not_stopped,63,,,,,,,,,,False,6.423187742009759,True,,,True,executed_oracle_sufficient_no_early_commit,89e30c13879d1197ef5588ef5da4582d6d1e44b4,6cbcc9c7b099d9cea03533bc678c30a0e4db40e66959908aae4de53095938821
SingleLineInfilling/HumanEval/124/L3,HumanEval/124,missed_failed_long,F_oracle_sufficient_trace_remask,2,150194021,True,6cbcc9c7b099d9cea03533bc678c30a0e4db40e66959908aae4de53095938821,59,318a4943910c16b3ff8fb79b2657c29ee14b27279ef9f7ed6da3f2ded1848820,19,19,19,True,80,57,16,2,2,False,False,True,not_stopped,12,2,,,,,16,True,,6cbcc9c7b099d9cea03533bc678c30a0e4db40e66959908aae4de53095938821,False,5.872329385019839,True,,,True,executed_trace_token_remask_refinement,89e30c13879d1197ef5588ef5da4582d6d1e44b4,6cbcc9c7b099d9cea03533bc678c30a0e4db40e66959908aae4de53095938821
SingleLineInfilling/HumanEval/124/L3,HumanEval/124,missed_failed_long,G_oracle_sufficient_trace_span_remask,2,150194021,True,6cbcc9c7b099d9cea03533bc678c30a0e4db40e66959908aae4de53095938821,59,318a4943910c16b3ff8fb79b2657c29ee14b27279ef9f7ed6da3f2ded1848820,19,19,19,True,88,65,24,4,4,False,False,True,not_stopped,21,4,7,11,4,9,24,True,True,6cbcc9c7b099d9cea03533bc678c30a0e4db40e66959908aae4de53095938821,False,6.663523461087607,True,,,True,executed_trace_span_remask_refinement,89e30c13879d1197ef5588ef5da4582d6d1e44b4,6cbcc9c7b099d9cea03533bc678c30a0e4db40e66959908aae4de53095938821
SingleLineInfilling/HumanEval/126/L0,HumanEval/126,missed_failed_long,E_oracle_sufficient_no_early_commit,1,835411439,True,f243a126cce46673e36b4dcf790ce6d7181d7affd1a493be296ddd0a61f3c6ef,44,29dd62856d91adbda8b50ba158834151001e3dc97444923e17ced089bd352642,19,19,19,True,64,64,64,19,19,False,False,True,not_stopped,63,,,,,,,,,,False,5.42525241500698,True,,,True,executed_oracle_sufficient_no_early_commit,89e30c13879d1197ef5588ef5da4582d6d1e44b4,f243a126cce46673e36b4dcf790ce6d7181d7affd1a493be296ddd0a61f3c6ef
SingleLineInfilling/HumanEval/126/L0,HumanEval/126,missed_failed_long,F_oracle_sufficient_trace_remask,1,835411439,True,f243a126cce46673e36b4dcf790ce6d7181d7affd1a493be296ddd0a61f3c6ef,44,29dd62856d91adbda8b50ba158834151001e3dc97444923e17ced089bd352642,19,19,19,True,80,57,16,2,2,False,False,True,not_stopped,12,2,,,,,16,True,,f243a126cce46673e36b4dcf790ce6d7181d7affd1a493be296ddd0a61f3c6ef,False,4.965669475146569,True,,,True,executed_trace_token_remask_refinement,89e30c13879d1197ef5588ef5da4582d6d1e44b4,f243a126cce46673e36b4dcf790ce6d7181d7affd1a493be296ddd0a61f3c6ef
SingleLineInfilling/HumanEval/126/L0,HumanEval/126,missed_failed_long,G_oracle_sufficient_trace_span_remask,1,835411439,True,f243a126cce46673e36b4dcf790ce6d7181d7affd1a493be296ddd0a61f3c6ef,44,29dd62856d91adbda8b50ba158834151001e3dc97444923e17ced089bd352642,19,19,19,True,88,65,24,4,4,False,False,True,not_stopped,21,4,9,13,4,11,24,True,True,f243a126cce46673e36b4dcf790ce6d7181d7affd1a493be296ddd0a61f3c6ef,False,5.626833753078245,True,,,True,executed_trace_span_remask_refinement,89e30c13879d1197ef5588ef5da4582d6d1e44b4,f243a126cce46673e36b4dcf790ce6d7181d7affd1a493be296ddd0a61f3c6ef
SingleLineInfilling/HumanEval/126/L0,HumanEval/126,missed_failed_long,E_oracle_sufficient_no_early_commit,2,983167323,True,f243a126cce46673e36b4dcf790ce6d7181d7affd1a493be296ddd0a61f3c6ef,44,29dd62856d91adbda8b50ba158834151001e3dc97444923e17ced089bd352642,19,19,19,True,64,64,64,19,19,False,False,True,not_stopped,63,,,,,,,,,,False,5.428258719970472,True,,,True,executed_oracle_sufficient_no_early_commit,89e30c13879d1197ef5588ef5da4582d6d1e44b4,f243a126cce46673e36b4dcf790ce6d7181d7affd1a493be296ddd0a61f3c6ef
SingleLineInfilling/HumanEval/126/L0,HumanEval/126,missed_failed_long,F_oracle_sufficient_trace_remask,2,983167323,True,f243a126cce46673e36b4dcf790ce6d7181d7affd1a493be296ddd0a61f3c6ef,44,29dd62856d91adbda8b50ba158834151001e3dc97444923e17ced089bd352642,19,19,19,True,80,57,16,2,2,False,False,True,not_stopped,12,2,,,,,16,True,,f243a126cce46673e36b4dcf790ce6d7181d7affd1a493be296ddd0a61f3c6ef,False,4.96517889003735,True,,,True,executed_trace_token_remask_refinement,89e30c13879d1197ef5588ef5da4582d6d1e44b4,f243a126cce46673e36b4dcf790ce6d7181d7affd1a493be296ddd0a61f3c6ef
SingleLineInfilling/HumanEval/126/L0,HumanEval/126,missed_failed_long,G_oracle_sufficient_trace_span_remask,2,983167323,True,f243a126cce46673e36b4dcf790ce6d7181d7affd1a493be296ddd0a61f3c6ef,44,29dd62856d91adbda8b50ba158834151001e3dc97444923e17ced089bd352642,19,19,19,True,88,65,24,4,4,False,False,True,not_stopped,21,4,9,13,4,11,24,True,True,f243a126cce46673e36b4dcf790ce6d7181d7affd1a493be296ddd0a61f3c6ef,False,5.6288678699638695,True,,,True,executed_trace_span_remask_refinement,89e30c13879d1197ef5588ef5da4582d6d1e44b4,f243a126cce46673e36b4dcf790ce6d7181d7affd1a493be296ddd0a61f3c6ef
SingleLineInfilling/HumanEval/145/L2,HumanEval/145,missed_failed_long,E_oracle_sufficient_no_early_commit,1,1970376050,True,2fa5b71aa928891dfc467f745f072b5a1f9899dafb1b846140a3afd774ccb6ef,58,8049a8ed414328d90b13fe5c0fbb14d80992795d049e86850ea5f595a7827588,20,20,20,True,64,64,64,20,20,False,False,True,not_stopped,63,,,,,,,,,,False,4.049753209808841,True,,,True,executed_oracle_sufficient_no_early_commit,89e30c13879d1197ef5588ef5da4582d6d1e44b4,2fa5b71aa928891dfc467f745f072b5a1f9899dafb1b846140a3afd774ccb6ef
SingleLineInfilling/HumanEval/145/L2,HumanEval/145,missed_failed_long,F_oracle_sufficient_trace_remask,1,1970376050,True,2fa5b71aa928891dfc467f745f072b5a1f9899dafb1b846140a3afd774ccb6ef,58,8049a8ed414328d90b13fe5c0fbb14d80992795d049e86850ea5f595a7827588,20,20,20,True,80,70,16,2,2,False,False,True,not_stopped,12,2,,,,,16,True,,2fa5b71aa928891dfc467f745f072b5a1f9899dafb1b846140a3afd774ccb6ef,False,4.557408354128711,True,,,True,executed_trace_token_remask_refinement,89e30c13879d1197ef5588ef5da4582d6d1e44b4,2fa5b71aa928891dfc467f745f072b5a1f9899dafb1b846140a3afd774ccb6ef
SingleLineInfilling/HumanEval/145/L2,HumanEval/145,missed_failed_long,G_oracle_sufficient_trace_span_remask,1,1970376050,True,2fa5b71aa928891dfc467f745f072b5a1f9899dafb1b846140a3afd774ccb6ef,58,8049a8ed414328d90b13fe5c0fbb14d80992795d049e86850ea5f595a7827588,20,20,20,True,88,78,24,4,4,False,False,True,not_stopped,21,4,7,11,4,9,24,True,True,2fa5b71aa928891dfc467f745f072b5a1f9899dafb1b846140a3afd774ccb6ef,False,5.025095318793319,True,,,True,executed_trace_span_remask_refinement,89e30c13879d1197ef5588ef5da4582d6d1e44b4,2fa5b71aa928891dfc467f745f072b5a1f9899dafb1b846140a3afd774ccb6ef
SingleLineInfilling/HumanEval/145/L2,HumanEval/145,missed_failed_long,E_oracle_sufficient_no_early_commit,2,52990156,True,2fa5b71aa928891dfc467f745f072b5a1f9899dafb1b846140a3afd774ccb6ef,58,8049a8ed414328d90b13fe5c0fbb14d80992795d049e86850ea5f595a7827588,20,20,20,True,64,64,64,20,20,False,False,True,not_stopped,63,,,,,,,,,,False,4.0520778119098395,True,,,True,executed_oracle_sufficient_no_early_commit,89e30c13879d1197ef5588ef5da4582d6d1e44b4,2fa5b71aa928891dfc467f745f072b5a1f9899dafb1b846140a3afd774ccb6ef
SingleLineInfilling/HumanEval/145/L2,HumanEval/145,missed_failed_long,F_oracle_sufficient_trace_remask,2,52990156,True,2fa5b71aa928891dfc467f745f072b5a1f9899dafb1b846140a3afd774ccb6ef,58,8049a8ed414328d90b13fe5c0fbb14d80992795d049e86850ea5f595a7827588,20,20,20,True,80,70,16,2,2,False,False,True,not_stopped,12,2,,,,,16,True,,2fa5b71aa928891dfc467f745f072b5a1f9899dafb1b846140a3afd774ccb6ef,False,4.522349547129124,True,,,True,executed_trace_token_remask_refinement,89e30c13879d1197ef5588ef5da4582d6d1e44b4,2fa5b71aa928891dfc467f745f072b5a1f9899dafb1b846140a3afd774ccb6ef
SingleLineInfilling/HumanEval/145/L2,HumanEval/145,missed_failed_long,G_oracle_sufficient_trace_span_remask,2,52990156,True,2fa5b71aa928891dfc467f745f072b5a1f9899dafb1b846140a3afd774ccb6ef,58,8049a8ed414328d90b13fe5c0fbb14d80992795d049e86850ea5f595a7827588,20,20,20,True,88,78,24,4,4,False,False,True,not_stopped,21,4,7,11,4,9,24,True,True,2fa5b71aa928891dfc467f745f072b5a1f9899dafb1b846140a3afd774ccb6ef,False,5.044453127193265,True,,,True,executed_trace_span_remask_refinement,89e30c13879d1197ef5588ef5da4582d6d1e44b4,2fa5b71aa928891dfc467f745f072b5a1f9899dafb1b846140a3afd774ccb6ef
SingleLineInfilling/HumanEval/146/L6,HumanEval/146,missed_failed_long,E_oracle_sufficient_no_early_commit,1,269243568,True,c239f43f41f447522f464a920c7404e66cc5a5e8af00066a5c3e1a4d61109fd9,99,88888156b964572e0bafc172d2c8220e9a863d441585476f1fa20c7e7822f660,27,27,27,True,64,64,64,27,27,False,False,True,not_stopped,63,,,,,,,,,,False,4.117687061196193,True,,,True,executed_oracle_sufficient_no_early_commit,89e30c13879d1197ef5588ef5da4582d6d1e44b4,c239f43f41f447522f464a920c7404e66cc5a5e8af00066a5c3e1a4d61109fd9
SingleLineInfilling/HumanEval/146/L6,HumanEval/146,missed_failed_long,F_oracle_sufficient_trace_remask,1,269243568,True,c239f43f41f447522f464a920c7404e66cc5a5e8af00066a5c3e1a4d61109fd9,99,88888156b964572e0bafc172d2c8220e9a863d441585476f1fa20c7e7822f660,27,27,27,True,80,57,16,3,3,False,False,True,not_stopped,14,3,,,,,16,True,,c239f43f41f447522f464a920c7404e66cc5a5e8af00066a5c3e1a4d61109fd9,False,3.809177807997912,True,,,True,executed_trace_token_remask_refinement,89e30c13879d1197ef5588ef5da4582d6d1e44b4,c239f43f41f447522f464a920c7404e66cc5a5e8af00066a5c3e1a4d61109fd9
SingleLineInfilling/HumanEval/146/L6,HumanEval/146,missed_failed_long,G_oracle_sufficient_trace_span_remask,1,269243568,True,c239f43f41f447522f464a920c7404e66cc5a5e8af00066a5c3e1a4d61109fd9,99,88888156b964572e0bafc172d2c8220e9a863d441585476f1fa20c7e7822f660,27,27,27,True,88,65,24,6,6,False,False,True,not_stopped,23,6,5,11,6,8,24,True,True,c239f43f41f447522f464a920c7404e66cc5a5e8af00066a5c3e1a4d61109fd9,False,4.3076694388873875,True,,,True,executed_trace_span_remask_refinement,89e30c13879d1197ef5588ef5da4582d6d1e44b4,c239f43f41f447522f464a920c7404e66cc5a5e8af00066a5c3e1a4d61109fd9
SingleLineInfilling/HumanEval/146/L6,HumanEval/146,missed_failed_long,E_oracle_sufficient_no_early_commit,2,1695432566,True,c239f43f41f447522f464a920c7404e66cc5a5e8af00066a5c3e1a4d61109fd9,99,88888156b964572e0bafc172d2c8220e9a863d441585476f1fa20c7e7822f660,27,27,27,True,64,64,64,27,27,False,False,True,not_stopped,63,,,,,,,,,,False,4.137780342833139,True,,,True,executed_oracle_sufficient_no_early_commit,89e30c13879d1197ef5588ef5da4582d6d1e44b4,c239f43f41f447522f464a920c7404e66cc5a5e8af00066a5c3e1a4d61109fd9
SingleLineInfilling/HumanEval/146/L6,HumanEval/146,missed_failed_long,F_oracle_sufficient_trace_remask,2,1695432566,True,c239f43f41f447522f464a920c7404e66cc5a5e8af00066a5c3e1a4d61109fd9,99,88888156b964572e0bafc172d2c8220e9a863d441585476f1fa20c7e7822f660,27,27,27,True,80,57,16,3,3,False,False,True,not_stopped,14,3,,,,,16,True,,c239f43f41f447522f464a920c7404e66cc5a5e8af00066a5c3e1a4d61109fd9,False,3.805100824101828,True,,,True,executed_trace_token_remask_refinement,89e30c13879d1197ef5588ef5da4582d6d1e44b4,c239f43f41f447522f464a920c7404e66cc5a5e8af00066a5c3e1a4d61109fd9
SingleLineInfilling/HumanEval/146/L6,HumanEval/146,missed_failed_long,G_oracle_sufficient_trace_span_remask,2,1695432566,True,c239f43f41f447522f464a920c7404e66cc5a5e8af00066a5c3e1a4d61109fd9,99,88888156b964572e0bafc172d2c8220e9a863d441585476f1fa20c7e7822f660,27,27,27,True,88,65,24,6,6,False,False,True,not_stopped,23,6,5,11,6,8,24,True,True,c239f43f41f447522f464a920c7404e66cc5a5e8af00066a5c3e1a4d61109fd9,False,4.335154491011053,True,,,True,executed_trace_span_remask_refinement,89e30c13879d1197ef5588ef5da4582d6d1e44b4,c239f43f41f447522f464a920c7404e66cc5a5e8af00066a5c3e1a4d61109fd9
SingleLineInfilling/HumanEval/148/L6,HumanEval/148,missed_failed_long,E_oracle_sufficient_no_early_commit,1,84652182,True,5fdfae095081cbbb69f5b17c638d60abf7a2ce664f6ef4913e0c86e155eb2230,65,ff3e3d272e9c0f7f13d287130b1ed37726206d2504deb33db830c52ae7938578,18,18,18,True,64,64,64,18,18,False,False,True,not_stopped,63,,,,,,,,,,False,5.42999403399881,True,,,True,executed_oracle_sufficient_no_early_commit,89e30c13879d1197ef5588ef5da4582d6d1e44b4,5fdfae095081cbbb69f5b17c638d60abf7a2ce664f6ef4913e0c86e155eb2230
SingleLineInfilling/HumanEval/148/L6,HumanEval/148,missed_failed_long,F_oracle_sufficient_trace_remask,1,84652182,True,5fdfae095081cbbb69f5b17c638d60abf7a2ce664f6ef4913e0c86e155eb2230,65,ff3e3d272e9c0f7f13d287130b1ed37726206d2504deb33db830c52ae7938578,18,18,18,True,80,58,16,2,2,False,False,True,not_stopped,12,2,,,,,16,True,,5fdfae095081cbbb69f5b17c638d60abf7a2ce664f6ef4913e0c86e155eb2230,False,5.043776441947557,True,,,True,executed_trace_token_remask_refinement,89e30c13879d1197ef5588ef5da4582d6d1e44b4,5fdfae095081cbbb69f5b17c638d60abf7a2ce664f6ef4913e0c86e155eb2230
SingleLineInfilling/HumanEval/148/L6,HumanEval/148,missed_failed_long,G_oracle_sufficient_trace_span_remask,1,84652182,True,5fdfae095081cbbb69f5b17c638d60abf7a2ce664f6ef4913e0c86e155eb2230,65,ff3e3d272e9c0f7f13d287130b1ed37726206d2504deb33db830c52ae7938578,18,18,18,True,88,66,24,4,4,False,False,True,not_stopped,21,4,10,14,4,12,24,True,True,5fdfae095081cbbb69f5b17c638d60abf7a2ce664f6ef4913e0c86e155eb2230,False,5.697252584854141,True,,,True,executed_trace_span_remask_refinement,89e30c13879d1197ef5588ef5da4582d6d1e44b4,5fdfae095081cbbb69f5b17c638d60abf7a2ce664f6ef4913e0c86e155eb2230
SingleLineInfilling/HumanEval/148/L6,HumanEval/148,missed_failed_long,E_oracle_sufficient_no_early_commit,2,674676750,True,5fdfae095081cbbb69f5b17c638d60abf7a2ce664f6ef4913e0c86e155eb2230,65,ff3e3d272e9c0f7f13d287130b1ed37726206d2504deb33db830c52ae7938578,18,18,18,True,64,64,64,18,18,False,False,True,not_stopped,63,,,,,,,,,,False,5.433015314862132,True,,,True,executed_oracle_sufficient_no_early_commit,89e30c13879d1197ef5588ef5da4582d6d1e44b4,5fdfae095081cbbb69f5b17c638d60abf7a2ce664f6ef4913e0c86e155eb2230
SingleLineInfilling/HumanEval/148/L6,HumanEval/148,missed_failed_long,F_oracle_sufficient_trace_remask,2,674676750,True,5fdfae095081cbbb69f5b17c638d60abf7a2ce664f6ef4913e0c86e155eb2230,65,ff3e3d272e9c0f7f13d287130b1ed37726206d2504deb33db830c52ae7938578,18,18,18,True,80,58,16,2,2,False,False,True,not_stopped,12,2,,,,,16,True,,5fdfae095081cbbb69f5b17c638d60abf7a2ce664f6ef4913e0c86e155eb2230,False,5.046764557017013,True,,,True,executed_trace_token_remask_refinement,89e30c13879d1197ef5588ef5da4582d6d1e44b4,5fdfae095081cbbb69f5b17c638d60abf7a2ce664f6ef4913e0c86e155eb2230
SingleLineInfilling/HumanEval/148/L6,HumanEval/148,missed_failed_long,G_oracle_sufficient_trace_span_remask,2,674676750,True,5fdfae095081cbbb69f5b17c638d60abf7a2ce664f6ef4913e0c86e155eb2230,65,ff3e3d272e9c0f7f13d287130b1ed37726206d2504deb33db830c52ae7938578,18,18,18,True,88,66,24,4,4,False,False,True,not_stopped,21,4,10,14,4,12,24,True,True,5fdfae095081cbbb69f5b17c638d60abf7a2ce664f6ef4913e0c86e155eb2230,False,5.713251425884664,True,,,True,executed_trace_span_remask_refinement,89e30c13879d1197ef5588ef5da4582d6d1e44b4,5fdfae095081cbbb69f5b17c638d60abf7a2ce664f6ef4913e0c86e155eb2230
SingleLineInfilling/HumanEval/148/L8,HumanEval/148,missed_failed_long,E_oracle_sufficient_no_early_commit,1,500137003,True,31f9886544870fdde6f4e247bf1fb894176e4a2364dec022e66815f2b880a032,63,f332b8e82a591694a2e36fd0afa7bc6467dfb6c03e23ca563e7541673f2c1d2c,18,18,18,True,64,64,64,18,18,False,False,True,not_stopped,63,,,,,,,,,,True,5.430635806987993,True,,,True,executed_oracle_sufficient_no_early_commit,89e30c13879d1197ef5588ef5da4582d6d1e44b4,9912399819c643d73dda12d9f6d54b4c2379754bce79d1ed2d757cb006c0feaf
SingleLineInfilling/HumanEval/148/L8,HumanEval/148,missed_failed_long,F_oracle_sufficient_trace_remask,1,500137003,True,31f9886544870fdde6f4e247bf1fb894176e4a2364dec022e66815f2b880a032,63,f332b8e82a591694a2e36fd0afa7bc6467dfb6c03e23ca563e7541673f2c1d2c,18,18,18,True,80,58,16,2,2,False,False,True,not_stopped,12,2,,,,,16,True,,9912399819c643d73dda12d9f6d54b4c2379754bce79d1ed2d757cb006c0feaf,True,4.99513257003855,True,,,True,executed_trace_token_remask_refinement,89e30c13879d1197ef5588ef5da4582d6d1e44b4,9912399819c643d73dda12d9f6d54b4c2379754bce79d1ed2d757cb006c0feaf
SingleLineInfilling/HumanEval/148/L8,HumanEval/148,missed_failed_long,G_oracle_sufficient_trace_span_remask,1,500137003,True,31f9886544870fdde6f4e247bf1fb894176e4a2364dec022e66815f2b880a032,63,f332b8e82a591694a2e36fd0afa7bc6467dfb6c03e23ca563e7541673f2c1d2c,18,18,18,True,88,66,24,4,4,False,False,True,not_stopped,21,4,14,18,4,17,24,True,True,9912399819c643d73dda12d9f6d54b4c2379754bce79d1ed2d757cb006c0feaf,True,5.720428164117038,True,,,True,executed_trace_span_remask_refinement,89e30c13879d1197ef5588ef5da4582d6d1e44b4,9912399819c643d73dda12d9f6d54b4c2379754bce79d1ed2d757cb006c0feaf
SingleLineInfilling/HumanEval/148/L8,HumanEval/148,missed_failed_long,E_oracle_sufficient_no_early_commit,2,1049736692,True,31f9886544870fdde6f4e247bf1fb894176e4a2364dec022e66815f2b880a032,63,f332b8e82a591694a2e36fd0afa7bc6467dfb6c03e23ca563e7541673f2c1d2c,18,18,18,True,64,64,64,18,18,False,False,True,not_stopped,63,,,,,,,,,,True,5.420193044003099,True,,,True,executed_oracle_sufficient_no_early_commit,89e30c13879d1197ef5588ef5da4582d6d1e44b4,9912399819c643d73dda12d9f6d54b4c2379754bce79d1ed2d757cb006c0feaf
SingleLineInfilling/HumanEval/148/L8,HumanEval/148,missed_failed_long,F_oracle_sufficient_trace_remask,2,1049736692,True,31f9886544870fdde6f4e247bf1fb894176e4a2364dec022e66815f2b880a032,63,f332b8e82a591694a2e36fd0afa7bc6467dfb6c03e23ca563e7541673f2c1d2c,18,18,18,True,80,58,16,2,2,False,False,True,not_stopped,12,2,,,,,16,True,,9912399819c643d73dda12d9f6d54b4c2379754bce79d1ed2d757cb006c0feaf,True,5.039944090647623,True,,,True,executed_trace_token_remask_refinement,89e30c13879d1197ef5588ef5da4582d6d1e44b4,9912399819c643d73dda12d9f6d54b4c2379754bce79d1ed2d757cb006c0feaf
SingleLineInfilling/HumanEval/148/L8,HumanEval/148,missed_failed_long,G_oracle_sufficient_trace_span_remask,2,1049736692,True,31f9886544870fdde6f4e247bf1fb894176e4a2364dec022e66815f2b880a032,63,f332b8e82a591694a2e36fd0afa7bc6467dfb6c03e23ca563e7541673f2c1d2c,18,18,18,True,88,66,24,4,4,False,False,True,not_stopped,21,4,14,18,4,17,24,True,True,9912399819c643d73dda12d9f6d54b4c2379754bce79d1ed2d757cb006c0feaf,True,5.693084674770944,True,,,True,executed_trace_span_remask_refinement,89e30c13879d1197ef5588ef5da4582d6d1e44b4,9912399819c643d73dda12d9f6d54b4c2379754bce79d1ed2d757cb006c0feaf
SingleLineInfilling/HumanEval/153/L1,HumanEval/153,missed_failed_long,E_oracle_sufficient_no_early_commit,1,1248209081,True,fbdb11f7311ebab67dd1035f9759a3f9a66a653b0f36b4e7b8e6db1d8b2067e2,141,0212566487f7eec44c3f868716f800537323c935cee7df67942eaceba5d40a2a,48,48,48,True,64,64,64,48,48,False,False,True,not_stopped,,,,,,,,,,,False,6.260260154027492,True,,,True,executed_oracle_sufficient_no_early_commit,89e30c13879d1197ef5588ef5da4582d6d1e44b4,fbdb11f7311ebab67dd1035f9759a3f9a66a653b0f36b4e7b8e6db1d8b2067e2
SingleLineInfilling/HumanEval/153/L1,HumanEval/153,missed_failed_long,F_oracle_sufficient_trace_remask,1,1248209081,True,fbdb11f7311ebab67dd1035f9759a3f9a66a653b0f36b4e7b8e6db1d8b2067e2,141,0212566487f7eec44c3f868716f800537323c935cee7df67942eaceba5d40a2a,48,48,48,True,80,57,16,4,4,False,False,True,not_stopped,14,4,,,,,16,True,,fbdb11f7311ebab67dd1035f9759a3f9a66a653b0f36b4e7b8e6db1d8b2067e2,False,5.720893881982192,True,,,True,executed_trace_token_remask_refinement,89e30c13879d1197ef5588ef5da4582d6d1e44b4,fbdb11f7311ebab67dd1035f9759a3f9a66a653b0f36b4e7b8e6db1d8b2067e2
SingleLineInfilling/HumanEval/153/L1,HumanEval/153,missed_failed_long,G_oracle_sufficient_trace_span_remask,1,1248209081,True,fbdb11f7311ebab67dd1035f9759a3f9a66a653b0f36b4e7b8e6db1d8b2067e2,141,0212566487f7eec44c3f868716f800537323c935cee7df67942eaceba5d40a2a,48,48,48,True,88,65,24,8,8,False,False,True,not_stopped,23,8,34,42,8,38,24,True,True,fbdb11f7311ebab67dd1035f9759a3f9a66a653b0f36b4e7b8e6db1d8b2067e2,False,6.498836340964772,True,,,True,executed_trace_span_remask_refinement,89e30c13879d1197ef5588ef5da4582d6d1e44b4,fbdb11f7311ebab67dd1035f9759a3f9a66a653b0f36b4e7b8e6db1d8b2067e2
SingleLineInfilling/HumanEval/153/L1,HumanEval/153,missed_failed_long,E_oracle_sufficient_no_early_commit,2,2085516570,True,fbdb11f7311ebab67dd1035f9759a3f9a66a653b0f36b4e7b8e6db1d8b2067e2,141,0212566487f7eec44c3f868716f800537323c935cee7df67942eaceba5d40a2a,48,48,48,True,64,64,64,48,48,False,False,True,not_stopped,,,,,,,,,,,False,6.284529302967712,True,,,True,executed_oracle_sufficient_no_early_commit,89e30c13879d1197ef5588ef5da4582d6d1e44b4,fbdb11f7311ebab67dd1035f9759a3f9a66a653b0f36b4e7b8e6db1d8b2067e2
SingleLineInfilling/HumanEval/153/L1,HumanEval/153,missed_failed_long,F_oracle_sufficient_trace_remask,2,2085516570,True,fbdb11f7311ebab67dd1035f9759a3f9a66a653b0f36b4e7b8e6db1d8b2067e2,141,0212566487f7eec44c3f868716f800537323c935cee7df67942eaceba5d40a2a,48,48,48,True,80,57,16,4,4,False,False,True,not_stopped,14,4,,,,,16,True,,fbdb11f7311ebab67dd1035f9759a3f9a66a653b0f36b4e7b8e6db1d8b2067e2,False,5.72248058009427,True,,,True,executed_trace_token_remask_refinement,89e30c13879d1197ef5588ef5da4582d6d1e44b4,fbdb11f7311ebab67dd1035f9759a3f9a66a653b0f36b4e7b8e6db1d8b2067e2
SingleLineInfilling/HumanEval/153/L1,HumanEval/153,missed_failed_long,G_oracle_sufficient_trace_span_remask,2,2085516570,True,fbdb11f7311ebab67dd1035f9759a3f9a66a653b0f36b4e7b8e6db1d8b2067e2,141,0212566487f7eec44c3f868716f800537323c935cee7df67942eaceba5d40a2a,48,48,48,True,88,65,24,8,8,False,False,True,not_stopped,23,8,34,42,8,38,24,True,True,fbdb11f7311ebab67dd1035f9759a3f9a66a653b0f36b4e7b8e6db1d8b2067e2,False,6.487933574942872,True,,,True,executed_trace_span_remask_refinement,89e30c13879d1197ef5588ef5da4582d6d1e44b4,fbdb11f7311ebab67dd1035f9759a3f9a66a653b0f36b4e7b8e6db1d8b2067e2
SingleLineInfilling/HumanEval/153/L3,HumanEval/153,missed_failed_long,E_oracle_sufficient_no_early_commit,1,500077031,True,31ddac74f4c03d5c1c00122fee86c172d4f67c39441a5333b2ff9a97e8041e3e,118,0212566487f7eec44c3f868716f800537323c935cee7df67942eaceba5d40a2a,41,41,41,True,64,64,64,41,41,False,False,True,not_stopped,,,,,,,,,,,False,6.2564297780627385,True,,,True,executed_oracle_sufficient_no_early_commit,89e30c13879d1197ef5588ef5da4582d6d1e44b4,31ddac74f4c03d5c1c00122fee86c172d4f67c39441a5333b2ff9a97e8041e3e
SingleLineInfilling/HumanEval/153/L3,HumanEval/153,missed_failed_long,F_oracle_sufficient_trace_remask,1,500077031,True,31ddac74f4c03d5c1c00122fee86c172d4f67c39441a5333b2ff9a97e8041e3e,118,0212566487f7eec44c3f868716f800537323c935cee7df67942eaceba5d40a2a,41,41,41,True,80,57,16,4,4,False,False,True,not_stopped,14,4,,,,,16,True,,31ddac74f4c03d5c1c00122fee86c172d4f67c39441a5333b2ff9a97e8041e3e,False,5.73855076986365,True,,,True,executed_trace_token_remask_refinement,89e30c13879d1197ef5588ef5da4582d6d1e44b4,31ddac74f4c03d5c1c00122fee86c172d4f67c39441a5333b2ff9a97e8041e3e
SingleLineInfilling/HumanEval/153/L3,HumanEval/153,missed_failed_long,G_oracle_sufficient_trace_span_remask,1,500077031,True,31ddac74f4c03d5c1c00122fee86c172d4f67c39441a5333b2ff9a97e8041e3e,118,0212566487f7eec44c3f868716f800537323c935cee7df67942eaceba5d40a2a,41,41,41,True,88,65,24,8,8,False,False,True,not_stopped,23,8,14,22,8,18,24,True,True,31ddac74f4c03d5c1c00122fee86c172d4f67c39441a5333b2ff9a97e8041e3e,False,6.488208406954072,True,,,True,executed_trace_span_remask_refinement,89e30c13879d1197ef5588ef5da4582d6d1e44b4,31ddac74f4c03d5c1c00122fee86c172d4f67c39441a5333b2ff9a97e8041e3e
SingleLineInfilling/HumanEval/153/L3,HumanEval/153,missed_failed_long,E_oracle_sufficient_no_early_commit,2,673600418,True,31ddac74f4c03d5c1c00122fee86c172d4f67c39441a5333b2ff9a97e8041e3e,118,0212566487f7eec44c3f868716f800537323c935cee7df67942eaceba5d40a2a,41,41,41,True,64,64,64,41,41,False,False,True,not_stopped,,,,,,,,,,,False,6.283980665146373,True,,,True,executed_oracle_sufficient_no_early_commit,89e30c13879d1197ef5588ef5da4582d6d1e44b4,31ddac74f4c03d5c1c00122fee86c172d4f67c39441a5333b2ff9a97e8041e3e
SingleLineInfilling/HumanEval/153/L3,HumanEval/153,missed_failed_long,F_oracle_sufficient_trace_remask,2,673600418,True,31ddac74f4c03d5c1c00122fee86c172d4f67c39441a5333b2ff9a97e8041e3e,118,0212566487f7eec44c3f868716f800537323c935cee7df67942eaceba5d40a2a,41,41,41,True,80,57,16,4,4,False,False,True,not_stopped,14,4,,,,,16,True,,31ddac74f4c03d5c1c00122fee86c172d4f67c39441a5333b2ff9a97e8041e3e,False,5.730480594094843,True,,,True,executed_trace_token_remask_refinement,89e30c13879d1197ef5588ef5da4582d6d1e44b4,31ddac74f4c03d5c1c00122fee86c172d4f67c39441a5333b2ff9a97e8041e3e
SingleLineInfilling/HumanEval/153/L3,HumanEval/153,missed_failed_long,G_oracle_sufficient_trace_span_remask,2,673600418,True,31ddac74f4c03d5c1c00122fee86c172d4f67c39441a5333b2ff9a97e8041e3e,118,0212566487f7eec44c3f868716f800537323c935cee7df67942eaceba5d40a2a,41,41,41,True,88,65,24,8,8,False,False,True,not_stopped,23,8,14,22,8,18,24,True,True,31ddac74f4c03d5c1c00122fee86c172d4f67c39441a5333b2ff9a97e8041e3e,False,6.5011325881350785,True,,,True,executed_trace_span_remask_refinement,89e30c13879d1197ef5588ef5da4582d6d1e44b4,31ddac74f4c03d5c1c00122fee86c172d4f67c39441a5333b2ff9a97e8041e3e
SingleLineInfilling/HumanEval/156/L2,HumanEval/156,missed_failed_long,E_oracle_sufficient_no_early_commit,1,67742789,True,0008d8ce947aed4a1329aa56df307e102da6b7ccc3a39c471b0ae08d98e70ff2,46,800d032956b4c8c28e3e4ffdc7f35b01d8f8e87e7ec261f1d57703e7b19d1802,23,23,23,True,64,64,64,23,23,False,False,True,not_stopped,63,,,,,,,,,,False,5.139873948995955,True,,,True,executed_oracle_sufficient_no_early_commit,89e30c13879d1197ef5588ef5da4582d6d1e44b4,0008d8ce947aed4a1329aa56df307e102da6b7ccc3a39c471b0ae08d98e70ff2
SingleLineInfilling/HumanEval/156/L2,HumanEval/156,missed_failed_long,F_oracle_sufficient_trace_remask,1,67742789,True,0008d8ce947aed4a1329aa56df307e102da6b7ccc3a39c471b0ae08d98e70ff2,46,800d032956b4c8c28e3e4ffdc7f35b01d8f8e87e7ec261f1d57703e7b19d1802,23,23,23,True,80,58,16,3,3,False,False,True,not_stopped,14,3,,,,,16,True,,0008d8ce947aed4a1329aa56df307e102da6b7ccc3a39c471b0ae08d98e70ff2,False,4.753309024963528,True,,,True,executed_trace_token_remask_refinement,89e30c13879d1197ef5588ef5da4582d6d1e44b4,0008d8ce947aed4a1329aa56df307e102da6b7ccc3a39c471b0ae08d98e70ff2
SingleLineInfilling/HumanEval/156/L2,HumanEval/156,missed_failed_long,G_oracle_sufficient_trace_span_remask,1,67742789,True,0008d8ce947aed4a1329aa56df307e102da6b7ccc3a39c471b0ae08d98e70ff2,46,800d032956b4c8c28e3e4ffdc7f35b01d8f8e87e7ec261f1d57703e7b19d1802,23,23,23,True,88,66,24,5,5,False,False,True,not_stopped,22,5,18,23,5,21,24,True,True,0008d8ce947aed4a1329aa56df307e102da6b7ccc3a39c471b0ae08d98e70ff2,False,5.385014651110396,True,,,True,executed_trace_span_remask_refinement,89e30c13879d1197ef5588ef5da4582d6d1e44b4,0008d8ce947aed4a1329aa56df307e102da6b7ccc3a39c471b0ae08d98e70ff2
SingleLineInfilling/HumanEval/156/L2,HumanEval/156,missed_failed_long,E_oracle_sufficient_no_early_commit,2,875897258,True,0008d8ce947aed4a1329aa56df307e102da6b7ccc3a39c471b0ae08d98e70ff2,46,800d032956b4c8c28e3e4ffdc7f35b01d8f8e87e7ec261f1d57703e7b19d1802,23,23,23,True,64,64,64,23,23,False,False,True,not_stopped,63,,,,,,,,,,False,5.134893580107018,True,,,True,executed_oracle_sufficient_no_early_commit,89e30c13879d1197ef5588ef5da4582d6d1e44b4,0008d8ce947aed4a1329aa56df307e102da6b7ccc3a39c471b0ae08d98e70ff2
SingleLineInfilling/HumanEval/156/L2,HumanEval/156,missed_failed_long,F_oracle_sufficient_trace_remask,2,875897258,True,0008d8ce947aed4a1329aa56df307e102da6b7ccc3a39c471b0ae08d98e70ff2,46,800d032956b4c8c28e3e4ffdc7f35b01d8f8e87e7ec261f1d57703e7b19d1802,23,23,23,True,80,58,16,3,3,False,False,True,not_stopped,14,3,,,,,16,True,,0008d8ce947aed4a1329aa56df307e102da6b7ccc3a39c471b0ae08d98e70ff2,False,4.764078825013712,True,,,True,executed_trace_token_remask_refinement,89e30c13879d1197ef5588ef5da4582d6d1e44b4,0008d8ce947aed4a1329aa56df307e102da6b7ccc3a39c471b0ae08d98e70ff2
SingleLineInfilling/HumanEval/156/L2,HumanEval/156,missed_failed_long,G_oracle_sufficient_trace_span_remask,2,875897258,True,0008d8ce947aed4a1329aa56df307e102da6b7ccc3a39c471b0ae08d98e70ff2,46,800d032956b4c8c28e3e4ffdc7f35b01d8f8e87e7ec261f1d57703e7b19d1802,23,23,23,True,88,66,24,5,5,False,False,True,not_stopped,22,5,18,23,5,21,24,True,True,0008d8ce947aed4a1329aa56df307e102da6b7ccc3a39c471b0ae08d98e70ff2,False,5.363111560000107,True,,,True,executed_trace_span_remask_refinement,89e30c13879d1197ef5588ef5da4582d6d1e44b4,0008d8ce947aed4a1329aa56df307e102da6b7ccc3a39c471b0ae08d98e70ff2
SingleLineInfilling/HumanEval/160/L1,HumanEval/160,missed_failed_long,E_oracle_sufficient_no_early_commit,1,714462547,True,686c59693ba501fa33f06f55e35b40fc66ddfb13a856cf08061563996a012b2b,50,fec71e38f1f1cb08469737ffc423b7605eed059a1fa07857efcaa4c9eac62054,20,20,20,True,64,64,64,20,20,False,False,True,not_stopped,63,,,,,,,,,,False,5.012107086949982,True,,,True,executed_oracle_sufficient_no_early_commit,89e30c13879d1197ef5588ef5da4582d6d1e44b4,686c59693ba501fa33f06f55e35b40fc66ddfb13a856cf08061563996a012b2b
SingleLineInfilling/HumanEval/160/L1,HumanEval/160,missed_failed_long,F_oracle_sufficient_trace_remask,1,714462547,True,686c59693ba501fa33f06f55e35b40fc66ddfb13a856cf08061563996a012b2b,50,fec71e38f1f1cb08469737ffc423b7605eed059a1fa07857efcaa4c9eac62054,20,20,20,True,80,58,16,2,2,False,False,True,not_stopped,12,2,,,,,16,True,,686c59693ba501fa33f06f55e35b40fc66ddfb13a856cf08061563996a012b2b,False,4.655295721022412,True,,,True,executed_trace_token_remask_refinement,89e30c13879d1197ef5588ef5da4582d6d1e44b4,686c59693ba501fa33f06f55e35b40fc66ddfb13a856cf08061563996a012b2b
SingleLineInfilling/HumanEval/160/L1,HumanEval/160,missed_failed_long,G_oracle_sufficient_trace_span_remask,1,714462547,True,686c59693ba501fa33f06f55e35b40fc66ddfb13a856cf08061563996a012b2b,50,fec71e38f1f1cb08469737ffc423b7605eed059a1fa07857efcaa4c9eac62054,20,20,20,True,88,66,24,4,4,False,False,True,not_stopped,21,4,6,10,4,8,24,True,True,686c59693ba501fa33f06f55e35b40fc66ddfb13a856cf08061563996a012b2b,False,5.279604419833049,True,,,True,executed_trace_span_remask_refinement,89e30c13879d1197ef5588ef5da4582d6d1e44b4,686c59693ba501fa33f06f55e35b40fc66ddfb13a856cf08061563996a012b2b
SingleLineInfilling/HumanEval/160/L1,HumanEval/160,missed_failed_long,E_oracle_sufficient_no_early_commit,2,818635004,True,686c59693ba501fa33f06f55e35b40fc66ddfb13a856cf08061563996a012b2b,50,fec71e38f1f1cb08469737ffc423b7605eed059a1fa07857efcaa4c9eac62054,20,20,20,True,64,64,64,20,20,False,False,True,not_stopped,63,,,,,,,,,,False,5.019343429012224,True,,,True,executed_oracle_sufficient_no_early_commit,89e30c13879d1197ef5588ef5da4582d6d1e44b4,686c59693ba501fa33f06f55e35b40fc66ddfb13a856cf08061563996a012b2b
SingleLineInfilling/HumanEval/160/L1,HumanEval/160,missed_failed_long,F_oracle_sufficient_trace_remask,2,818635004,True,686c59693ba501fa33f06f55e35b40fc66ddfb13a856cf08061563996a012b2b,50,fec71e38f1f1cb08469737ffc423b7605eed059a1fa07857efcaa4c9eac62054,20,20,20,True,80,58,16,2,2,False,False,True,not_stopped,12,2,,,,,16,True,,686c59693ba501fa33f06f55e35b40fc66ddfb13a856cf08061563996a012b2b,False,4.682429613894783,True,,,True,executed_trace_token_remask_refinement,89e30c13879d1197ef5588ef5da4582d6d1e44b4,686c59693ba501fa33f06f55e35b40fc66ddfb13a856cf08061563996a012b2b
SingleLineInfilling/HumanEval/160/L1,HumanEval/160,missed_failed_long,G_oracle_sufficient_trace_span_remask,2,818635004,True,686c59693ba501fa33f06f55e35b40fc66ddfb13a856cf08061563996a012b2b,50,fec71e38f1f1cb08469737ffc423b7605eed059a1fa07857efcaa4c9eac62054,20,20,20,True,88,66,24,4,4,False,False,True,not_stopped,21,4,6,10,4,8,24,True,True,686c59693ba501fa33f06f55e35b40fc66ddfb13a856cf08061563996a012b2b,False,5.2880317429080606,True,,,True,executed_trace_span_remask_refinement,89e30c13879d1197ef5588ef5da4582d6d1e44b4,686c59693ba501fa33f06f55e35b40fc66ddfb13a856cf08061563996a012b2b
SingleLineInfilling/HumanEval/32/L1,HumanEval/32,missed_failed_long,E_oracle_sufficient_no_early_commit,1,1185772751,True,5c2fb1c2b2002557c773c249a77ff929dce1ef3c480cf28c3653acb91f0fe517,47,3390a284edc311fb1d66d4a9e3a71a496f344fc7b747ce82fc9a8398fc775c7a,20,20,20,True,64,64,64,20,20,False,False,True,not_stopped,63,,,,,,,,,,False,6.1144937528297305,True,,,True,executed_oracle_sufficient_no_early_commit,89e30c13879d1197ef5588ef5da4582d6d1e44b4,5c2fb1c2b2002557c773c249a77ff929dce1ef3c480cf28c3653acb91f0fe517
SingleLineInfilling/HumanEval/32/L1,HumanEval/32,missed_failed_long,F_oracle_sufficient_trace_remask,1,1185772751,True,5c2fb1c2b2002557c773c249a77ff929dce1ef3c480cf28c3653acb91f0fe517,47,3390a284edc311fb1d66d4a9e3a71a496f344fc7b747ce82fc9a8398fc775c7a,20,20,20,True,80,58,16,2,2,False,False,True,not_stopped,12,2,,,,,16,True,,5c2fb1c2b2002557c773c249a77ff929dce1ef3c480cf28c3653acb91f0fe517,False,5.681432007928379,True,,,True,executed_trace_token_remask_refinement,89e30c13879d1197ef5588ef5da4582d6d1e44b4,5c2fb1c2b2002557c773c249a77ff929dce1ef3c480cf28c3653acb91f0fe517
SingleLineInfilling/HumanEval/32/L1,HumanEval/32,missed_failed_long,G_oracle_sufficient_trace_span_remask,1,1185772751,True,5c2fb1c2b2002557c773c249a77ff929dce1ef3c480cf28c3653acb91f0fe517,47,3390a284edc311fb1d66d4a9e3a71a496f344fc7b747ce82fc9a8398fc775c7a,20,20,20,True,88,66,24,4,4,False,False,True,not_stopped,21,4,13,17,4,15,24,True,True,5c2fb1c2b2002557c773c249a77ff929dce1ef3c480cf28c3653acb91f0fe517,False,6.4437266470631585,True,,,True,executed_trace_span_remask_refinement,89e30c13879d1197ef5588ef5da4582d6d1e44b4,5c2fb1c2b2002557c773c249a77ff929dce1ef3c480cf28c3653acb91f0fe517
SingleLineInfilling/HumanEval/32/L1,HumanEval/32,missed_failed_long,E_oracle_sufficient_no_early_commit,2,534575674,True,5c2fb1c2b2002557c773c249a77ff929dce1ef3c480cf28c3653acb91f0fe517,47,3390a284edc311fb1d66d4a9e3a71a496f344fc7b747ce82fc9a8398fc775c7a,20,20,20,True,64,64,64,20,20,False,False,True,not_stopped,63,,,,,,,,,,False,6.1298162501771,True,,,True,executed_oracle_sufficient_no_early_commit,89e30c13879d1197ef5588ef5da4582d6d1e44b4,5c2fb1c2b2002557c773c249a77ff929dce1ef3c480cf28c3653acb91f0fe517
SingleLineInfilling/HumanEval/32/L1,HumanEval/32,missed_failed_long,F_oracle_sufficient_trace_remask,2,534575674,True,5c2fb1c2b2002557c773c249a77ff929dce1ef3c480cf28c3653acb91f0fe517,47,3390a284edc311fb1d66d4a9e3a71a496f344fc7b747ce82fc9a8398fc775c7a,20,20,20,True,80,58,16,2,2,False,False,True,not_stopped,12,2,,,,,16,True,,5c2fb1c2b2002557c773c249a77ff929dce1ef3c480cf28c3653acb91f0fe517,False,5.687526939902455,True,,,True,executed_trace_token_remask_refinement,89e30c13879d1197ef5588ef5da4582d6d1e44b4,5c2fb1c2b2002557c773c249a77ff929dce1ef3c480cf28c3653acb91f0fe517
SingleLineInfilling/HumanEval/32/L1,HumanEval/32,missed_failed_long,G_oracle_sufficient_trace_span_remask,2,534575674,True,5c2fb1c2b2002557c773c249a77ff929dce1ef3c480cf28c3653acb91f0fe517,47,3390a284edc311fb1d66d4a9e3a71a496f344fc7b747ce82fc9a8398fc775c7a,20,20,20,True,88,66,24,4,4,False,False,True,not_stopped,21,4,13,17,4,15,24,True,True,5c2fb1c2b2002557c773c249a77ff929dce1ef3c480cf28c3653acb91f0fe517,False,6.442297514062375,True,,,True,executed_trace_span_remask_refinement,89e30c13879d1197ef5588ef5da4582d6d1e44b4,5c2fb1c2b2002557c773c249a77ff929dce1ef3c480cf28c3653acb91f0fe517
SingleLineInfilling/HumanEval/39/L5,HumanEval/39,missed_failed_long,E_oracle_sufficient_no_early_commit,1,1226558376,True,578ddf0f43d86ab27ce1a266b3025686495108aad31111d68b923d0e604921d3,73,3c4b153864a4ab87f0c3948a19aacec7b755647e6118517811a519f4e16d2208,24,24,24,True,64,64,64,24,24,False,False,True,not_stopped,63,,,,,,,,,,False,4.159251788863912,True,,,True,executed_oracle_sufficient_no_early_commit,89e30c13879d1197ef5588ef5da4582d6d1e44b4,578ddf0f43d86ab27ce1a266b3025686495108aad31111d68b923d0e604921d3
SingleLineInfilling/HumanEval/39/L5,HumanEval/39,missed_failed_long,F_oracle_sufficient_trace_remask,1,1226558376,True,578ddf0f43d86ab27ce1a266b3025686495108aad31111d68b923d0e604921d3,73,3c4b153864a4ab87f0c3948a19aacec7b755647e6118517811a519f4e16d2208,24,24,24,True,80,78,16,3,3,False,False,True,not_stopped,14,3,,,,,16,True,,578ddf0f43d86ab27ce1a266b3025686495108aad31111d68b923d0e604921d3,False,5.173709201277234,True,,,True,executed_trace_token_remask_refinement,89e30c13879d1197ef5588ef5da4582d6d1e44b4,578ddf0f43d86ab27ce1a266b3025686495108aad31111d68b923d0e604921d3
SingleLineInfilling/HumanEval/39/L5,HumanEval/39,missed_failed_long,G_oracle_sufficient_trace_span_remask,1,1226558376,True,578ddf0f43d86ab27ce1a266b3025686495108aad31111d68b923d0e604921d3,73,3c4b153864a4ab87f0c3948a19aacec7b755647e6118517811a519f4e16d2208,24,24,24,True,88,86,24,5,5,False,False,True,not_stopped,22,5,2,7,5,4,24,True,True,578ddf0f43d86ab27ce1a266b3025686495108aad31111d68b923d0e604921d3,False,5.645606938982382,True,,,True,executed_trace_span_remask_refinement,89e30c13879d1197ef5588ef5da4582d6d1e44b4,578ddf0f43d86ab27ce1a266b3025686495108aad31111d68b923d0e604921d3
SingleLineInfilling/HumanEval/39/L5,HumanEval/39,missed_failed_long,E_oracle_sufficient_no_early_commit,2,1294819362,True,578ddf0f43d86ab27ce1a266b3025686495108aad31111d68b923d0e604921d3,73,3c4b153864a4ab87f0c3948a19aacec7b755647e6118517811a519f4e16d2208,24,24,24,True,64,64,64,24,24,False,False,True,not_stopped,63,,,,,,,,,,False,4.150755213224329,True,,,True,executed_oracle_sufficient_no_early_commit,89e30c13879d1197ef5588ef5da4582d6d1e44b4,578ddf0f43d86ab27ce1a266b3025686495108aad31111d68b923d0e604921d3
SingleLineInfilling/HumanEval/39/L5,HumanEval/39,missed_failed_long,F_oracle_sufficient_trace_remask,2,1294819362,True,578ddf0f43d86ab27ce1a266b3025686495108aad31111d68b923d0e604921d3,73,3c4b153864a4ab87f0c3948a19aacec7b755647e6118517811a519f4e16d2208,24,24,24,True,80,78,16,3,3,False,False,True,not_stopped,14,3,,,,,16,True,,578ddf0f43d86ab27ce1a266b3025686495108aad31111d68b923d0e604921d3,False,5.156952975783497,True,,,True,executed_trace_token_remask_refinement,89e30c13879d1197ef5588ef5da4582d6d1e44b4,578ddf0f43d86ab27ce1a266b3025686495108aad31111d68b923d0e604921d3
SingleLineInfilling/HumanEval/39/L5,HumanEval/39,missed_failed_long,G_oracle_sufficient_trace_span_remask,2,1294819362,True,578ddf0f43d86ab27ce1a266b3025686495108aad31111d68b923d0e604921d3,73,3c4b153864a4ab87f0c3948a19aacec7b755647e6118517811a519f4e16d2208,24,24,24,True,88,86,24,5,5,False,False,True,not_stopped,22,5,2,7,5,4,24,True,True,578ddf0f43d86ab27ce1a266b3025686495108aad31111d68b923d0e604921d3,False,5.653814674820751,True,,,True,executed_trace_span_remask_refinement,89e30c13879d1197ef5588ef5da4582d6d1e44b4,578ddf0f43d86ab27ce1a266b3025686495108aad31111d68b923d0e604921d3
SingleLineInfilling/HumanEval/47/L4,HumanEval/47,missed_failed_long,E_oracle_sufficient_no_early_commit,1,1949625507,True,6ae4d587e1aad97c382b0b94ba88d21db9f2b6ef90baa86fcaae14a102cb6d8d,59,682536d6810aa26b15c660d964aaf4e0cc2fe3704c1cb4b1aefc94efd4940d78,29,29,29,True,64,64,64,29,29,False,False,True,not_stopped,63,,,,,,,,,,False,2.780746852979064,True,,,True,executed_oracle_sufficient_no_early_commit,89e30c13879d1197ef5588ef5da4582d6d1e44b4,6ae4d587e1aad97c382b0b94ba88d21db9f2b6ef90baa86fcaae14a102cb6d8d
SingleLineInfilling/HumanEval/47/L4,HumanEval/47,missed_failed_long,F_oracle_sufficient_trace_remask,1,1949625507,True,6ae4d587e1aad97c382b0b94ba88d21db9f2b6ef90baa86fcaae14a102cb6d8d,59,682536d6810aa26b15c660d964aaf4e0cc2fe3704c1cb4b1aefc94efd4940d78,29,29,29,True,80,58,16,3,3,False,False,True,not_stopped,14,3,,,,,16,True,,6ae4d587e1aad97c382b0b94ba88d21db9f2b6ef90baa86fcaae14a102cb6d8d,False,2.6465202869148925,True,,,True,executed_trace_token_remask_refinement,89e30c13879d1197ef5588ef5da4582d6d1e44b4,6ae4d587e1aad97c382b0b94ba88d21db9f2b6ef90baa86fcaae14a102cb6d8d
SingleLineInfilling/HumanEval/47/L4,HumanEval/47,missed_failed_long,G_oracle_sufficient_trace_span_remask,1,1949625507,True,6ae4d587e1aad97c382b0b94ba88d21db9f2b6ef90baa86fcaae14a102cb6d8d,59,682536d6810aa26b15c660d964aaf4e0cc2fe3704c1cb4b1aefc94efd4940d78,29,29,29,True,88,66,24,6,6,False,False,True,not_stopped,23,6,22,28,6,25,24,True,True,6ae4d587e1aad97c382b0b94ba88d21db9f2b6ef90baa86fcaae14a102cb6d8d,False,3.001823293045163,True,,,True,executed_trace_span_remask_refinement,89e30c13879d1197ef5588ef5da4582d6d1e44b4,6ae4d587e1aad97c382b0b94ba88d21db9f2b6ef90baa86fcaae14a102cb6d8d
SingleLineInfilling/HumanEval/47/L4,HumanEval/47,missed_failed_long,E_oracle_sufficient_no_early_commit,2,1039052345,True,6ae4d587e1aad97c382b0b94ba88d21db9f2b6ef90baa86fcaae14a102cb6d8d,59,682536d6810aa26b15c660d964aaf4e0cc2fe3704c1cb4b1aefc94efd4940d78,29,29,29,True,64,64,64,29,29,False,False,True,not_stopped,63,,,,,,,,,,False,2.806975401006639,True,,,True,executed_oracle_sufficient_no_early_commit,89e30c13879d1197ef5588ef5da4582d6d1e44b4,6ae4d587e1aad97c382b0b94ba88d21db9f2b6ef90baa86fcaae14a102cb6d8d
SingleLineInfilling/HumanEval/47/L4,HumanEval/47,missed_failed_long,F_oracle_sufficient_trace_remask,2,1039052345,True,6ae4d587e1aad97c382b0b94ba88d21db9f2b6ef90baa86fcaae14a102cb6d8d,59,682536d6810aa26b15c660d964aaf4e0cc2fe3704c1cb4b1aefc94efd4940d78,29,29,29,True,80,58,16,3,3,False,False,True,not_stopped,14,3,,,,,16,True,,6ae4d587e1aad97c382b0b94ba88d21db9f2b6ef90baa86fcaae14a102cb6d8d,False,2.6810159251326695,True,,,True,executed_trace_token_remask_refinement,89e30c13879d1197ef5588ef5da4582d6d1e44b4,6ae4d587e1aad97c382b0b94ba88d21db9f2b6ef90baa86fcaae14a102cb6d8d
SingleLineInfilling/HumanEval/47/L4,HumanEval/47,missed_failed_long,G_oracle_sufficient_trace_span_remask,2,1039052345,True,6ae4d587e1aad97c382b0b94ba88d21db9f2b6ef90baa86fcaae14a102cb6d8d,59,682536d6810aa26b15c660d964aaf4e0cc2fe3704c1cb4b1aefc94efd4940d78,29,29,29,True,88,66,24,6,6,False,False,True,not_stopped,23,6,22,28,6,25,24,True,True,6ae4d587e1aad97c382b0b94ba88d21db9f2b6ef90baa86fcaae14a102cb6d8d,False,3.0111420660978183,True,,,True,executed_trace_span_remask_refinement,89e30c13879d1197ef5588ef5da4582d6d1e44b4,6ae4d587e1aad97c382b0b94ba88d21db9f2b6ef90baa86fcaae14a102cb6d8d
SingleLineInfilling/HumanEval/50/L0,HumanEval/50,missed_failed_long,E_oracle_sufficient_no_early_commit,1,1618910423,True,64f1081092cf695dda4c50fe32e019a2f2b61d244586b885fb828609934c8422,82,e2901d1dcd56ebddba5f5b67c633d006b8a6e5542a5021786c50b6384b5ac1cb,35,35,35,True,64,64,64,35,35,False,False,True,not_stopped,,,,,,,,,,,False,3.0755335970316082,True,,,True,executed_oracle_sufficient_no_early_commit,89e30c13879d1197ef5588ef5da4582d6d1e44b4,64f1081092cf695dda4c50fe32e019a2f2b61d244586b885fb828609934c8422
SingleLineInfilling/HumanEval/50/L0,HumanEval/50,missed_failed_long,F_oracle_sufficient_trace_remask,1,1618910423,True,64f1081092cf695dda4c50fe32e019a2f2b61d244586b885fb828609934c8422,82,e2901d1dcd56ebddba5f5b67c633d006b8a6e5542a5021786c50b6384b5ac1cb,35,35,35,True,80,57,16,4,4,False,False,True,not_stopped,14,4,,,,,16,True,,64f1081092cf695dda4c50fe32e019a2f2b61d244586b885fb828609934c8422,False,2.864648725022562,True,,,True,executed_trace_token_remask_refinement,89e30c13879d1197ef5588ef5da4582d6d1e44b4,64f1081092cf695dda4c50fe32e019a2f2b61d244586b885fb828609934c8422
SingleLineInfilling/HumanEval/50/L0,HumanEval/50,missed_failed_long,G_oracle_sufficient_trace_span_remask,1,1618910423,True,64f1081092cf695dda4c50fe32e019a2f2b61d244586b885fb828609934c8422,82,e2901d1dcd56ebddba5f5b67c633d006b8a6e5542a5021786c50b6384b5ac1cb,35,35,35,True,88,65,24,7,7,False,False,True,not_stopped,23,7,0,7,7,3,24,True,True,64f1081092cf695dda4c50fe32e019a2f2b61d244586b885fb828609934c8422,False,3.252338744001463,True,,,True,executed_trace_span_remask_refinement,89e30c13879d1197ef5588ef5da4582d6d1e44b4,64f1081092cf695dda4c50fe32e019a2f2b61d244586b885fb828609934c8422
SingleLineInfilling/HumanEval/50/L0,HumanEval/50,missed_failed_long,E_oracle_sufficient_no_early_commit,2,1004692167,True,64f1081092cf695dda4c50fe32e019a2f2b61d244586b885fb828609934c8422,82,e2901d1dcd56ebddba5f5b67c633d006b8a6e5542a5021786c50b6384b5ac1cb,35,35,35,True,64,64,64,35,35,False,False,True,not_stopped,,,,,,,,,,,False,3.0603914430830628,True,,,True,executed_oracle_sufficient_no_early_commit,89e30c13879d1197ef5588ef5da4582d6d1e44b4,64f1081092cf695dda4c50fe32e019a2f2b61d244586b885fb828609934c8422
SingleLineInfilling/HumanEval/50/L0,HumanEval/50,missed_failed_long,F_oracle_sufficient_trace_remask,2,1004692167,True,64f1081092cf695dda4c50fe32e019a2f2b61d244586b885fb828609934c8422,82,e2901d1dcd56ebddba5f5b67c633d006b8a6e5542a5021786c50b6384b5ac1cb,35,35,35,True,80,57,16,4,4,False,False,True,not_stopped,14,4,,,,,16,True,,64f1081092cf695dda4c50fe32e019a2f2b61d244586b885fb828609934c8422,False,2.8827200119849294,True,,,True,executed_trace_token_remask_refinement,89e30c13879d1197ef5588ef5da4582d6d1e44b4,64f1081092cf695dda4c50fe32e019a2f2b61d244586b885fb828609934c8422
SingleLineInfilling/HumanEval/50/L0,HumanEval/50,missed_failed_long,G_oracle_sufficient_trace_span_remask,2,1004692167,True,64f1081092cf695dda4c50fe32e019a2f2b61d244586b885fb828609934c8422,82,e2901d1dcd56ebddba5f5b67c633d006b8a6e5542a5021786c50b6384b5ac1cb,35,35,35,True,88,65,24,7,7,False,False,True,not_stopped,23,7,0,7,7,3,24,True,True,64f1081092cf695dda4c50fe32e019a2f2b61d244586b885fb828609934c8422,False,3.233394314185716,True,,,True,executed_trace_span_remask_refinement,89e30c13879d1197ef5588ef5da4582d6d1e44b4,64f1081092cf695dda4c50fe32e019a2f2b61d244586b885fb828609934c8422
SingleLineInfilling/HumanEval/63/L6,HumanEval/63,missed_failed_long,E_oracle_sufficient_no_early_commit,1,454608587,True,2b235edfb38e29ff69315ab421d45be4be54bc237e61101f81376d948add96cb,64,5c6a707442d3d3d76027969f75e66660b5f9cdcb231e1e64d75e5c6a6d2876ea,26,26,26,True,64,64,64,26,26,False,False,True,not_stopped,63,,,,,,,,,,False,4.119391102809459,True,,,True,executed_oracle_sufficient_no_early_commit,89e30c13879d1197ef5588ef5da4582d6d1e44b4,2b235edfb38e29ff69315ab421d45be4be54bc237e61101f81376d948add96cb
SingleLineInfilling/HumanEval/63/L6,HumanEval/63,missed_failed_long,F_oracle_sufficient_trace_remask,1,454608587,True,2b235edfb38e29ff69315ab421d45be4be54bc237e61101f81376d948add96cb,64,5c6a707442d3d3d76027969f75e66660b5f9cdcb231e1e64d75e5c6a6d2876ea,26,26,26,True,80,58,16,3,3,False,False,True,not_stopped,14,3,,,,,16,True,,2b235edfb38e29ff69315ab421d45be4be54bc237e61101f81376d948add96cb,False,3.838789115892723,True,,,True,executed_trace_token_remask_refinement,89e30c13879d1197ef5588ef5da4582d6d1e44b4,2b235edfb38e29ff69315ab421d45be4be54bc237e61101f81376d948add96cb
SingleLineInfilling/HumanEval/63/L6,HumanEval/63,missed_failed_long,G_oracle_sufficient_trace_span_remask,1,454608587,True,2b235edfb38e29ff69315ab421d45be4be54bc237e61101f81376d948add96cb,64,5c6a707442d3d3d76027969f75e66660b5f9cdcb231e1e64d75e5c6a6d2876ea,26,26,26,True,88,66,24,6,6,False,False,True,not_stopped,23,6,16,22,6,19,24,True,True,2b235edfb38e29ff69315ab421d45be4be54bc237e61101f81376d948add96cb,False,4.354197061853483,True,,,True,executed_trace_span_remask_refinement,89e30c13879d1197ef5588ef5da4582d6d1e44b4,2b235edfb38e29ff69315ab421d45be4be54bc237e61101f81376d948add96cb
SingleLineInfilling/HumanEval/63/L6,HumanEval/63,missed_failed_long,E_oracle_sufficient_no_early_commit,2,1190096196,True,2b235edfb38e29ff69315ab421d45be4be54bc237e61101f81376d948add96cb,64,5c6a707442d3d3d76027969f75e66660b5f9cdcb231e1e64d75e5c6a6d2876ea,26,26,26,True,64,64,64,26,26,False,False,True,not_stopped,63,,,,,,,,,,False,4.1175148950424045,True,,,True,executed_oracle_sufficient_no_early_commit,89e30c13879d1197ef5588ef5da4582d6d1e44b4,2b235edfb38e29ff69315ab421d45be4be54bc237e61101f81376d948add96cb
SingleLineInfilling/HumanEval/63/L6,HumanEval/63,missed_failed_long,F_oracle_sufficient_trace_remask,2,1190096196,True,2b235edfb38e29ff69315ab421d45be4be54bc237e61101f81376d948add96cb,64,5c6a707442d3d3d76027969f75e66660b5f9cdcb231e1e64d75e5c6a6d2876ea,26,26,26,True,80,58,16,3,3,False,False,True,not_stopped,14,3,,,,,16,True,,2b235edfb38e29ff69315ab421d45be4be54bc237e61101f81376d948add96cb,False,3.929358519962989,True,,,True,executed_trace_token_remask_refinement,89e30c13879d1197ef5588ef5da4582d6d1e44b4,2b235edfb38e29ff69315ab421d45be4be54bc237e61101f81376d948add96cb
SingleLineInfilling/HumanEval/63/L6,HumanEval/63,missed_failed_long,G_oracle_sufficient_trace_span_remask,2,1190096196,True,2b235edfb38e29ff69315ab421d45be4be54bc237e61101f81376d948add96cb,64,5c6a707442d3d3d76027969f75e66660b5f9cdcb231e1e64d75e5c6a6d2876ea,26,26,26,True,88,66,24,6,6,False,False,True,not_stopped,23,6,16,22,6,19,24,True,True,2b235edfb38e29ff69315ab421d45be4be54bc237e61101f81376d948add96cb,False,4.378465817077085,True,,,True,executed_trace_span_remask_refinement,89e30c13879d1197ef5588ef5da4582d6d1e44b4,2b235edfb38e29ff69315ab421d45be4be54bc237e61101f81376d948add96cb
SingleLineInfilling/HumanEval/71/L0,HumanEval/71,missed_failed_long,E_oracle_sufficient_no_early_commit,1,611665036,True,f00aa9b3bec38f914a86fe47e5ba9fb4ca4706eb4dc79b42bd3322c65ef90111,47,6af6f2b8f5429156eb7037821a9916c97110a9f8a5abc42ab029eac1ff8894c3,21,21,21,True,64,64,64,21,21,False,False,True,not_stopped,63,,,,,,,,,,False,4.071333857020363,True,,,True,executed_oracle_sufficient_no_early_commit,89e30c13879d1197ef5588ef5da4582d6d1e44b4,f00aa9b3bec38f914a86fe47e5ba9fb4ca4706eb4dc79b42bd3322c65ef90111
SingleLineInfilling/HumanEval/71/L0,HumanEval/71,missed_failed_long,F_oracle_sufficient_trace_remask,1,611665036,True,f00aa9b3bec38f914a86fe47e5ba9fb4ca4706eb4dc79b42bd3322c65ef90111,47,6af6f2b8f5429156eb7037821a9916c97110a9f8a5abc42ab029eac1ff8894c3,21,21,21,True,80,71,16,3,3,False,False,True,not_stopped,14,3,,,,,16,True,,f00aa9b3bec38f914a86fe47e5ba9fb4ca4706eb4dc79b42bd3322c65ef90111,False,4.611174461082555,True,,,True,executed_trace_token_remask_refinement,89e30c13879d1197ef5588ef5da4582d6d1e44b4,f00aa9b3bec38f914a86fe47e5ba9fb4ca4706eb4dc79b42bd3322c65ef90111
SingleLineInfilling/HumanEval/71/L0,HumanEval/71,missed_failed_long,G_oracle_sufficient_trace_span_remask,1,611665036,True,f00aa9b3bec38f914a86fe47e5ba9fb4ca4706eb4dc79b42bd3322c65ef90111,47,6af6f2b8f5429156eb7037821a9916c97110a9f8a5abc42ab029eac1ff8894c3,21,21,21,True,88,79,24,5,5,False,False,True,not_stopped,22,5,10,15,5,12,24,True,True,f00aa9b3bec38f914a86fe47e5ba9fb4ca4706eb4dc79b42bd3322c65ef90111,False,5.078591204830445,True,,,True,executed_trace_span_remask_refinement,89e30c13879d1197ef5588ef5da4582d6d1e44b4,f00aa9b3bec38f914a86fe47e5ba9fb4ca4706eb4dc79b42bd3322c65ef90111
SingleLineInfilling/HumanEval/71/L0,HumanEval/71,missed_failed_long,E_oracle_sufficient_no_early_commit,2,928771632,True,f00aa9b3bec38f914a86fe47e5ba9fb4ca4706eb4dc79b42bd3322c65ef90111,47,6af6f2b8f5429156eb7037821a9916c97110a9f8a5abc42ab029eac1ff8894c3,21,21,21,True,64,64,64,21,21,False,False,True,not_stopped,63,,,,,,,,,,False,4.04871127801016,True,,,True,executed_oracle_sufficient_no_early_commit,89e30c13879d1197ef5588ef5da4582d6d1e44b4,f00aa9b3bec38f914a86fe47e5ba9fb4ca4706eb4dc79b42bd3322c65ef90111
SingleLineInfilling/HumanEval/71/L0,HumanEval/71,missed_failed_long,F_oracle_sufficient_trace_remask,2,928771632,True,f00aa9b3bec38f914a86fe47e5ba9fb4ca4706eb4dc79b42bd3322c65ef90111,47,6af6f2b8f5429156eb7037821a9916c97110a9f8a5abc42ab029eac1ff8894c3,21,21,21,True,80,71,16,3,3,False,False,True,not_stopped,14,3,,,,,16,True,,f00aa9b3bec38f914a86fe47e5ba9fb4ca4706eb4dc79b42bd3322c65ef90111,False,4.597264302894473,True,,,True,executed_trace_token_remask_refinement,89e30c13879d1197ef5588ef5da4582d6d1e44b4,f00aa9b3bec38f914a86fe47e5ba9fb4ca4706eb4dc79b42bd3322c65ef90111
SingleLineInfilling/HumanEval/71/L0,HumanEval/71,missed_failed_long,G_oracle_sufficient_trace_span_remask,2,928771632,True,f00aa9b3bec38f914a86fe47e5ba9fb4ca4706eb4dc79b42bd3322c65ef90111,47,6af6f2b8f5429156eb7037821a9916c97110a9f8a5abc42ab029eac1ff8894c3,21,21,21,True,88,79,24,5,5,False,False,True,not_stopped,22,5,10,15,5,12,24,True,True,f00aa9b3bec38f914a86fe47e5ba9fb4ca4706eb4dc79b42bd3322c65ef90111,False,5.103543708682992,True,,,True,executed_trace_span_remask_refinement,89e30c13879d1197ef5588ef5da4582d6d1e44b4,f00aa9b3bec38f914a86fe47e5ba9fb4ca4706eb4dc79b42bd3322c65ef90111
SingleLineInfilling/HumanEval/71/L3,HumanEval/71,missed_failed_long,E_oracle_sufficient_no_early_commit,1,315305699,True,f2483489d3fa92c2f800d8873d57d9b9189ecc1a2e12b7f8898a76aea7438958,52,0c33d330e24e9199e4651fff4adf5fed8dd328de1d25e06086f613c1307a77d8,29,29,29,True,64,64,64,29,29,False,False,True,not_stopped,63,,,,,,,,,,False,4.064064160105772,True,,,True,executed_oracle_sufficient_no_early_commit,89e30c13879d1197ef5588ef5da4582d6d1e44b4,f2483489d3fa92c2f800d8873d57d9b9189ecc1a2e12b7f8898a76aea7438958
SingleLineInfilling/HumanEval/71/L3,HumanEval/71,missed_failed_long,F_oracle_sufficient_trace_remask,1,315305699,True,f2483489d3fa92c2f800d8873d57d9b9189ecc1a2e12b7f8898a76aea7438958,52,0c33d330e24e9199e4651fff4adf5fed8dd328de1d25e06086f613c1307a77d8,29,29,29,True,80,58,16,3,3,False,False,True,not_stopped,14,3,,,,,16,True,,f2483489d3fa92c2f800d8873d57d9b9189ecc1a2e12b7f8898a76aea7438958,False,3.7925461020786315,True,,,True,executed_trace_token_remask_refinement,89e30c13879d1197ef5588ef5da4582d6d1e44b4,f2483489d3fa92c2f800d8873d57d9b9189ecc1a2e12b7f8898a76aea7438958
SingleLineInfilling/HumanEval/71/L3,HumanEval/71,missed_failed_long,G_oracle_sufficient_trace_span_remask,1,315305699,True,f2483489d3fa92c2f800d8873d57d9b9189ecc1a2e12b7f8898a76aea7438958,52,0c33d330e24e9199e4651fff4adf5fed8dd328de1d25e06086f613c1307a77d8,29,29,29,True,88,66,24,6,6,False,False,True,not_stopped,23,6,19,25,6,22,24,True,True,f2483489d3fa92c2f800d8873d57d9b9189ecc1a2e12b7f8898a76aea7438958,False,4.287971181678586,True,,,True,executed_trace_span_remask_refinement,89e30c13879d1197ef5588ef5da4582d6d1e44b4,f2483489d3fa92c2f800d8873d57d9b9189ecc1a2e12b7f8898a76aea7438958
SingleLineInfilling/HumanEval/71/L3,HumanEval/71,missed_failed_long,E_oracle_sufficient_no_early_commit,2,1323959645,True,f2483489d3fa92c2f800d8873d57d9b9189ecc1a2e12b7f8898a76aea7438958,52,0c33d330e24e9199e4651fff4adf5fed8dd328de1d25e06086f613c1307a77d8,29,29,29,True,64,64,64,29,29,False,False,True,not_stopped,63,,,,,,,,,,False,4.061977611971088,True,,,True,executed_oracle_sufficient_no_early_commit,89e30c13879d1197ef5588ef5da4582d6d1e44b4,f2483489d3fa92c2f800d8873d57d9b9189ecc1a2e12b7f8898a76aea7438958
SingleLineInfilling/HumanEval/71/L3,HumanEval/71,missed_failed_long,F_oracle_sufficient_trace_remask,2,1323959645,True,f2483489d3fa92c2f800d8873d57d9b9189ecc1a2e12b7f8898a76aea7438958,52,0c33d330e24e9199e4651fff4adf5fed8dd328de1d25e06086f613c1307a77d8,29,29,29,True,80,58,16,3,3,False,False,True,not_stopped,14,3,,,,,16,True,,f2483489d3fa92c2f800d8873d57d9b9189ecc1a2e12b7f8898a76aea7438958,False,3.794201143900864,True,,,True,executed_trace_token_remask_refinement,89e30c13879d1197ef5588ef5da4582d6d1e44b4,f2483489d3fa92c2f800d8873d57d9b9189ecc1a2e12b7f8898a76aea7438958
SingleLineInfilling/HumanEval/71/L3,HumanEval/71,missed_failed_long,G_oracle_sufficient_trace_span_remask,2,1323959645,True,f2483489d3fa92c2f800d8873d57d9b9189ecc1a2e12b7f8898a76aea7438958,52,0c33d330e24e9199e4651fff4adf5fed8dd328de1d25e06086f613c1307a77d8,29,29,29,True,88,66,24,6,6,False,False,True,not_stopped,23,6,19,25,6,22,24,True,True,f2483489d3fa92c2f800d8873d57d9b9189ecc1a2e12b7f8898a76aea7438958,False,4.267932438990101,True,,,True,executed_trace_span_remask_refinement,89e30c13879d1197ef5588ef5da4582d6d1e44b4,f2483489d3fa92c2f800d8873d57d9b9189ecc1a2e12b7f8898a76aea7438958
SingleLineInfilling/HumanEval/78/L0,HumanEval/78,missed_failed_long,E_oracle_sufficient_no_early_commit,1,1150305982,True,56d26cab49e5e414f2cd162c0b7e704714d8c63e294311278d66b383c1215a2b,44,e48835ae31a8813c686414617995833e7c2f44085a2b882523d067e4cac395ea,22,22,22,True,64,64,64,22,22,False,False,True,not_stopped,63,,,,,,,,,,False,6.14232034701854,True,,,True,executed_oracle_sufficient_no_early_commit,89e30c13879d1197ef5588ef5da4582d6d1e44b4,56d26cab49e5e414f2cd162c0b7e704714d8c63e294311278d66b383c1215a2b
SingleLineInfilling/HumanEval/78/L0,HumanEval/78,missed_failed_long,F_oracle_sufficient_trace_remask,1,1150305982,True,56d26cab49e5e414f2cd162c0b7e704714d8c63e294311278d66b383c1215a2b,44,e48835ae31a8813c686414617995833e7c2f44085a2b882523d067e4cac395ea,22,22,22,True,80,57,16,3,3,False,False,True,not_stopped,14,3,,,,,16,True,,56d26cab49e5e414f2cd162c0b7e704714d8c63e294311278d66b383c1215a2b,False,5.5993908260716125,True,,,True,executed_trace_token_remask_refinement,89e30c13879d1197ef5588ef5da4582d6d1e44b4,56d26cab49e5e414f2cd162c0b7e704714d8c63e294311278d66b383c1215a2b
SingleLineInfilling/HumanEval/78/L0,HumanEval/78,missed_failed_long,G_oracle_sufficient_trace_span_remask,1,1150305982,True,56d26cab49e5e414f2cd162c0b7e704714d8c63e294311278d66b383c1215a2b,44,e48835ae31a8813c686414617995833e7c2f44085a2b882523d067e4cac395ea,22,22,22,True,88,65,24,5,5,False,False,True,not_stopped,22,5,17,22,5,20,24,True,True,56d26cab49e5e414f2cd162c0b7e704714d8c63e294311278d66b383c1215a2b,False,6.32341656787321,True,,,True,executed_trace_span_remask_refinement,89e30c13879d1197ef5588ef5da4582d6d1e44b4,56d26cab49e5e414f2cd162c0b7e704714d8c63e294311278d66b383c1215a2b
SingleLineInfilling/HumanEval/78/L0,HumanEval/78,missed_failed_long,E_oracle_sufficient_no_early_commit,2,1297712832,True,56d26cab49e5e414f2cd162c0b7e704714d8c63e294311278d66b383c1215a2b,44,e48835ae31a8813c686414617995833e7c2f44085a2b882523d067e4cac395ea,22,22,22,True,64,64,64,22,22,False,False,True,not_stopped,63,,,,,,,,,,False,6.125039659789763,True,,,True,executed_oracle_sufficient_no_early_commit,89e30c13879d1197ef5588ef5da4582d6d1e44b4,56d26cab49e5e414f2cd162c0b7e704714d8c63e294311278d66b383c1215a2b
SingleLineInfilling/HumanEval/78/L0,HumanEval/78,missed_failed_long,F_oracle_sufficient_trace_remask,2,1297712832,True,56d26cab49e5e414f2cd162c0b7e704714d8c63e294311278d66b383c1215a2b,44,e48835ae31a8813c686414617995833e7c2f44085a2b882523d067e4cac395ea,22,22,22,True,80,57,16,3,3,False,False,True,not_stopped,14,3,,,,,16,True,,56d26cab49e5e414f2cd162c0b7e704714d8c63e294311278d66b383c1215a2b,False,5.598916114075109,True,,,True,executed_trace_token_remask_refinement,89e30c13879d1197ef5588ef5da4582d6d1e44b4,56d26cab49e5e414f2cd162c0b7e704714d8c63e294311278d66b383c1215a2b
SingleLineInfilling/HumanEval/78/L0,HumanEval/78,missed_failed_long,G_oracle_sufficient_trace_span_remask,2,1297712832,True,56d26cab49e5e414f2cd162c0b7e704714d8c63e294311278d66b383c1215a2b,44,e48835ae31a8813c686414617995833e7c2f44085a2b882523d067e4cac395ea,22,22,22,True,88,65,24,5,5,False,False,True,not_stopped,22,5,17,22,5,20,24,True,True,56d26cab49e5e414f2cd162c0b7e704714d8c63e294311278d66b383c1215a2b,False,6.350011072237976,True,,,True,executed_trace_span_remask_refinement,89e30c13879d1197ef5588ef5da4582d6d1e44b4,56d26cab49e5e414f2cd162c0b7e704714d8c63e294311278d66b383c1215a2b
SingleLineInfilling/HumanEval/80/L5,HumanEval/80,missed_failed_long,E_oracle_sufficient_no_early_commit,1,495152327,True,faa71988d2a8e1d874d463ff7e102cfe1fcad4ec7d449159652f6e9ee649ec5b,63,e478364eff25f6688683d37a57770ea316eaa4f042b631bba3214fa8b17d8b4b,34,34,34,True,64,64,64,34,34,False,False,True,not_stopped,,,,,,,,,,,False,4.027606625924818,True,,,True,executed_oracle_sufficient_no_early_commit,89e30c13879d1197ef5588ef5da4582d6d1e44b4,faa71988d2a8e1d874d463ff7e102cfe1fcad4ec7d449159652f6e9ee649ec5b
SingleLineInfilling/HumanEval/80/L5,HumanEval/80,missed_failed_long,F_oracle_sufficient_trace_remask,1,495152327,True,faa71988d2a8e1d874d463ff7e102cfe1fcad4ec7d449159652f6e9ee649ec5b,63,e478364eff25f6688683d37a57770ea316eaa4f042b631bba3214fa8b17d8b4b,34,34,34,True,80,60,16,4,4,False,False,True,not_stopped,14,4,,,,,16,True,,faa71988d2a8e1d874d463ff7e102cfe1fcad4ec7d449159652f6e9ee649ec5b,False,3.8906034709652886,True,,,True,executed_trace_token_remask_refinement,89e30c13879d1197ef5588ef5da4582d6d1e44b4,faa71988d2a8e1d874d463ff7e102cfe1fcad4ec7d449159652f6e9ee649ec5b
SingleLineInfilling/HumanEval/80/L5,HumanEval/80,missed_failed_long,G_oracle_sufficient_trace_span_remask,1,495152327,True,faa71988d2a8e1d874d463ff7e102cfe1fcad4ec7d449159652f6e9ee649ec5b,63,e478364eff25f6688683d37a57770ea316eaa4f042b631bba3214fa8b17d8b4b,34,34,34,True,88,68,24,7,7,False,False,True,not_stopped,23,7,8,15,7,11,24,True,True,faa71988d2a8e1d874d463ff7e102cfe1fcad4ec7d449159652f6e9ee649ec5b,False,4.418480493943207,True,,,True,executed_trace_span_remask_refinement,89e30c13879d1197ef5588ef5da4582d6d1e44b4,faa71988d2a8e1d874d463ff7e102cfe1fcad4ec7d449159652f6e9ee649ec5b
SingleLineInfilling/HumanEval/80/L5,HumanEval/80,missed_failed_long,E_oracle_sufficient_no_early_commit,2,505515461,True,faa71988d2a8e1d874d463ff7e102cfe1fcad4ec7d449159652f6e9ee649ec5b,63,e478364eff25f6688683d37a57770ea316eaa4f042b631bba3214fa8b17d8b4b,34,34,34,True,64,64,64,34,34,False,False,True,not_stopped,,,,,,,,,,,False,4.053496171021834,True,,,True,executed_oracle_sufficient_no_early_commit,89e30c13879d1197ef5588ef5da4582d6d1e44b4,faa71988d2a8e1d874d463ff7e102cfe1fcad4ec7d449159652f6e9ee649ec5b
SingleLineInfilling/HumanEval/80/L5,HumanEval/80,missed_failed_long,F_oracle_sufficient_trace_remask,2,505515461,True,faa71988d2a8e1d874d463ff7e102cfe1fcad4ec7d449159652f6e9ee649ec5b,63,e478364eff25f6688683d37a57770ea316eaa4f042b631bba3214fa8b17d8b4b,34,34,34,True,80,60,16,4,4,False,False,True,not_stopped,14,4,,,,,16,True,,faa71988d2a8e1d874d463ff7e102cfe1fcad4ec7d449159652f6e9ee649ec5b,False,3.9180515240877867,True,,,True,executed_trace_token_remask_refinement,89e30c13879d1197ef5588ef5da4582d6d1e44b4,faa71988d2a8e1d874d463ff7e102cfe1fcad4ec7d449159652f6e9ee649ec5b
SingleLineInfilling/HumanEval/80/L5,HumanEval/80,missed_failed_long,G_oracle_sufficient_trace_span_remask,2,505515461,True,faa71988d2a8e1d874d463ff7e102cfe1fcad4ec7d449159652f6e9ee649ec5b,63,e478364eff25f6688683d37a57770ea316eaa4f042b631bba3214fa8b17d8b4b,34,34,34,True,88,68,24,7,7,False,False,True,not_stopped,23,7,8,15,7,11,24,True,True,faa71988d2a8e1d874d463ff7e102cfe1fcad4ec7d449159652f6e9ee649ec5b,False,4.396029434166849,True,,,True,executed_trace_span_remask_refinement,89e30c13879d1197ef5588ef5da4582d6d1e44b4,faa71988d2a8e1d874d463ff7e102cfe1fcad4ec7d449159652f6e9ee649ec5b
SingleLineInfilling/HumanEval/89/L4,HumanEval/89,missed_failed_long,E_oracle_sufficient_no_early_commit,1,103348374,True,23b6c3be032fb0b033b5695db7e4e5436eef8f1b88146cc0f10d1c3a8bb7cc62,44,045cc7035c09d926aa22e281ea5578576eb258143f14d0ed29e95b2c608f76de,19,19,19,True,64,64,64,19,19,False,False,True,not_stopped,63,,,,,,,,,,True,2.978613440063782,True,,,True,executed_oracle_sufficient_no_early_commit,89e30c13879d1197ef5588ef5da4582d6d1e44b4,1b7cb71401bf4f6118df2554a9eccfdd02e42ebea82815de5ce9d3e641cf8936
SingleLineInfilling/HumanEval/89/L4,HumanEval/89,missed_failed_long,F_oracle_sufficient_trace_remask,1,103348374,True,23b6c3be032fb0b033b5695db7e4e5436eef8f1b88146cc0f10d1c3a8bb7cc62,44,045cc7035c09d926aa22e281ea5578576eb258143f14d0ed29e95b2c608f76de,19,19,19,True,80,57,16,2,2,False,False,True,not_stopped,12,2,,,,,16,True,,1b7cb71401bf4f6118df2554a9eccfdd02e42ebea82815de5ce9d3e641cf8936,True,2.781689363066107,True,,,True,executed_trace_token_remask_refinement,89e30c13879d1197ef5588ef5da4582d6d1e44b4,1b7cb71401bf4f6118df2554a9eccfdd02e42ebea82815de5ce9d3e641cf8936
SingleLineInfilling/HumanEval/89/L4,HumanEval/89,missed_failed_long,G_oracle_sufficient_trace_span_remask,1,103348374,False,1b7cb71401bf4f6118df2554a9eccfdd02e42ebea82815de5ce9d3e641cf8936,44,ad2ab8c7eb7c7c36b849c0e0aa390d71849c6f6236d5d5379ea5897c88aab251,19,19,19,True,88,65,24,4,4,False,False,True,not_stopped,21,4,14,18,4,16,24,True,True,1b7cb71401bf4f6118df2554a9eccfdd02e42ebea82815de5ce9d3e641cf8936,False,3.116588684148155,True,UnitTestFailure,failed: This prints if this assert fails 1 (good for debugging!),True,executed_trace_span_remask_refinement,89e30c13879d1197ef5588ef5da4582d6d1e44b4,1b7cb71401bf4f6118df2554a9eccfdd02e42ebea82815de5ce9d3e641cf8936
SingleLineInfilling/HumanEval/89/L4,HumanEval/89,missed_failed_long,E_oracle_sufficient_no_early_commit,2,1066702444,True,23b6c3be032fb0b033b5695db7e4e5436eef8f1b88146cc0f10d1c3a8bb7cc62,44,045cc7035c09d926aa22e281ea5578576eb258143f14d0ed29e95b2c608f76de,19,19,19,True,64,64,64,19,19,False,False,True,not_stopped,63,,,,,,,,,,True,2.9839921719394624,True,,,True,executed_oracle_sufficient_no_early_commit,89e30c13879d1197ef5588ef5da4582d6d1e44b4,1b7cb71401bf4f6118df2554a9eccfdd02e42ebea82815de5ce9d3e641cf8936
SingleLineInfilling/HumanEval/89/L4,HumanEval/89,missed_failed_long,F_oracle_sufficient_trace_remask,2,1066702444,True,23b6c3be032fb0b033b5695db7e4e5436eef8f1b88146cc0f10d1c3a8bb7cc62,44,045cc7035c09d926aa22e281ea5578576eb258143f14d0ed29e95b2c608f76de,19,19,19,True,80,57,16,2,2,False,False,True,not_stopped,12,2,,,,,16,True,,1b7cb71401bf4f6118df2554a9eccfdd02e42ebea82815de5ce9d3e641cf8936,True,2.756119549041614,True,,,True,executed_trace_token_remask_refinement,89e30c13879d1197ef5588ef5da4582d6d1e44b4,1b7cb71401bf4f6118df2554a9eccfdd02e42ebea82815de5ce9d3e641cf8936
SingleLineInfilling/HumanEval/89/L4,HumanEval/89,missed_failed_long,G_oracle_sufficient_trace_span_remask,2,1066702444,False,1b7cb71401bf4f6118df2554a9eccfdd02e42ebea82815de5ce9d3e641cf8936,44,ad2ab8c7eb7c7c36b849c0e0aa390d71849c6f6236d5d5379ea5897c88aab251,19,19,19,True,88,65,24,4,4,False,False,True,not_stopped,21,4,14,18,4,16,24,True,True,1b7cb71401bf4f6118df2554a9eccfdd02e42ebea82815de5ce9d3e641cf8936,False,3.131139519973658,True,UnitTestFailure,failed: This prints if this assert fails 1 (good for debugging!),True,executed_trace_span_remask_refinement,89e30c13879d1197ef5588ef5da4582d6d1e44b4,1b7cb71401bf4f6118df2554a9eccfdd02e42ebea82815de5ce9d3e641cf8936
SingleLineInfilling/HumanEval/92/L2,HumanEval/92,missed_failed_long,E_oracle_sufficient_no_early_commit,1,606025669,True,544f2c7e14d05ab40b40dbc7233f0dc35cea9b26a8206cbffab3adf619a6eab5,51,68613dba355c1e7bb7d322c7fb4011a1f24137a645a0e4c7b4d81fa032bbc836,23,23,23,True,64,64,64,23,23,False,False,True,not_stopped,63,,,,,,,,,,False,4.065482780104503,True,,,True,executed_oracle_sufficient_no_early_commit,89e30c13879d1197ef5588ef5da4582d6d1e44b4,544f2c7e14d05ab40b40dbc7233f0dc35cea9b26a8206cbffab3adf619a6eab5
SingleLineInfilling/HumanEval/92/L2,HumanEval/92,missed_failed_long,F_oracle_sufficient_trace_remask,1,606025669,True,544f2c7e14d05ab40b40dbc7233f0dc35cea9b26a8206cbffab3adf619a6eab5,51,68613dba355c1e7bb7d322c7fb4011a1f24137a645a0e4c7b4d81fa032bbc836,23,23,23,True,80,58,16,3,3,False,False,True,not_stopped,14,3,,,,,16,True,,544f2c7e14d05ab40b40dbc7233f0dc35cea9b26a8206cbffab3adf619a6eab5,False,3.7960889470996335,True,,,True,executed_trace_token_remask_refinement,89e30c13879d1197ef5588ef5da4582d6d1e44b4,544f2c7e14d05ab40b40dbc7233f0dc35cea9b26a8206cbffab3adf619a6eab5
SingleLineInfilling/HumanEval/92/L2,HumanEval/92,missed_failed_long,G_oracle_sufficient_trace_span_remask,1,606025669,True,544f2c7e14d05ab40b40dbc7233f0dc35cea9b26a8206cbffab3adf619a6eab5,51,68613dba355c1e7bb7d322c7fb4011a1f24137a645a0e4c7b4d81fa032bbc836,23,23,23,True,88,66,24,5,5,False,False,True,not_stopped,22,5,9,14,5,11,24,True,True,544f2c7e14d05ab40b40dbc7233f0dc35cea9b26a8206cbffab3adf619a6eab5,False,4.288323813118041,True,,,True,executed_trace_span_remask_refinement,89e30c13879d1197ef5588ef5da4582d6d1e44b4,544f2c7e14d05ab40b40dbc7233f0dc35cea9b26a8206cbffab3adf619a6eab5
SingleLineInfilling/HumanEval/92/L2,HumanEval/92,missed_failed_long,E_oracle_sufficient_no_early_commit,2,1899885217,True,544f2c7e14d05ab40b40dbc7233f0dc35cea9b26a8206cbffab3adf619a6eab5,51,68613dba355c1e7bb7d322c7fb4011a1f24137a645a0e4c7b4d81fa032bbc836,23,23,23,True,64,64,64,23,23,False,False,True,not_stopped,63,,,,,,,,,,False,4.044657813035883,True,,,True,executed_oracle_sufficient_no_early_commit,89e30c13879d1197ef5588ef5da4582d6d1e44b4,544f2c7e14d05ab40b40dbc7233f0dc35cea9b26a8206cbffab3adf619a6eab5
SingleLineInfilling/HumanEval/92/L2,HumanEval/92,missed_failed_long,F_oracle_sufficient_trace_remask,2,1899885217,True,544f2c7e14d05ab40b40dbc7233f0dc35cea9b26a8206cbffab3adf619a6eab5,51,68613dba355c1e7bb7d322c7fb4011a1f24137a645a0e4c7b4d81fa032bbc836,23,23,23,True,80,58,16,3,3,False,False,True,not_stopped,14,3,,,,,16,True,,544f2c7e14d05ab40b40dbc7233f0dc35cea9b26a8206cbffab3adf619a6eab5,False,3.760397752863355,True,,,True,executed_trace_token_remask_refinement,89e30c13879d1197ef5588ef5da4582d6d1e44b4,544f2c7e14d05ab40b40dbc7233f0dc35cea9b26a8206cbffab3adf619a6eab5
SingleLineInfilling/HumanEval/92/L2,HumanEval/92,missed_failed_long,G_oracle_sufficient_trace_span_remask,2,1899885217,True,544f2c7e14d05ab40b40dbc7233f0dc35cea9b26a8206cbffab3adf619a6eab5,51,68613dba355c1e7bb7d322c7fb4011a1f24137a645a0e4c7b4d81fa032bbc836,23,23,23,True,88,66,24,5,5,False,False,True,not_stopped,22,5,9,14,5,11,24,True,True,544f2c7e14d05ab40b40dbc7233f0dc35cea9b26a8206cbffab3adf619a6eab5,False,4.299751627841033,True,,,True,executed_trace_span_remask_refinement,89e30c13879d1197ef5588ef5da4582d6d1e44b4,544f2c7e14d05ab40b40dbc7233f0dc35cea9b26a8206cbffab3adf619a6eab5
SingleLineInfilling/HumanEval/116/L0,HumanEval/116,positive_control_rescued,E_oracle_sufficient_no_early_commit,1,1442169951,True,94d3d9067fb51db3a18f5893eac2fc25f3ae0f54999c46939685b31c7cbe403c,100,b5a523cdad7ae1ca7f59d18aedd4c3a2d412a377ff1acff91695e256cef0a9c7,32,32,21,True,64,64,64,32,32,False,False,True,not_stopped,63,,,,,,,,,,False,4.0618271719431505,True,,,True,executed_oracle_sufficient_no_early_commit,89e30c13879d1197ef5588ef5da4582d6d1e44b4,94d3d9067fb51db3a18f5893eac2fc25f3ae0f54999c46939685b31c7cbe403c
SingleLineInfilling/HumanEval/116/L0,HumanEval/116,positive_control_rescued,F_oracle_sufficient_trace_remask,1,1442169951,True,94d3d9067fb51db3a18f5893eac2fc25f3ae0f54999c46939685b31c7cbe403c,100,b5a523cdad7ae1ca7f59d18aedd4c3a2d412a377ff1acff91695e256cef0a9c7,32,32,21,True,80,76,16,4,4,False,False,True,not_stopped,14,4,,,,,16,True,,94d3d9067fb51db3a18f5893eac2fc25f3ae0f54999c46939685b31c7cbe403c,False,4.912394203012809,True,,,True,executed_trace_token_remask_refinement,89e30c13879d1197ef5588ef5da4582d6d1e44b4,94d3d9067fb51db3a18f5893eac2fc25f3ae0f54999c46939685b31c7cbe403c
SingleLineInfilling/HumanEval/116/L0,HumanEval/116,positive_control_rescued,G_oracle_sufficient_trace_span_remask,1,1442169951,True,94d3d9067fb51db3a18f5893eac2fc25f3ae0f54999c46939685b31c7cbe403c,100,b5a523cdad7ae1ca7f59d18aedd4c3a2d412a377ff1acff91695e256cef0a9c7,32,32,21,True,88,84,24,7,7,False,False,True,not_stopped,23,7,12,19,7,15,24,True,True,94d3d9067fb51db3a18f5893eac2fc25f3ae0f54999c46939685b31c7cbe403c,False,5.4064329591346905,True,,,True,executed_trace_span_remask_refinement,89e30c13879d1197ef5588ef5da4582d6d1e44b4,94d3d9067fb51db3a18f5893eac2fc25f3ae0f54999c46939685b31c7cbe403c
SingleLineInfilling/HumanEval/116/L0,HumanEval/116,positive_control_rescued,E_oracle_sufficient_no_early_commit,2,1373597692,True,94d3d9067fb51db3a18f5893eac2fc25f3ae0f54999c46939685b31c7cbe403c,100,b5a523cdad7ae1ca7f59d18aedd4c3a2d412a377ff1acff91695e256cef0a9c7,32,32,21,True,64,64,64,32,32,False,False,True,not_stopped,63,,,,,,,,,,False,4.0371176599292085,True,,,True,executed_oracle_sufficient_no_early_commit,89e30c13879d1197ef5588ef5da4582d6d1e44b4,94d3d9067fb51db3a18f5893eac2fc25f3ae0f54999c46939685b31c7cbe403c
SingleLineInfilling/HumanEval/116/L0,HumanEval/116,positive_control_rescued,F_oracle_sufficient_trace_remask,2,1373597692,True,94d3d9067fb51db3a18f5893eac2fc25f3ae0f54999c46939685b31c7cbe403c,100,b5a523cdad7ae1ca7f59d18aedd4c3a2d412a377ff1acff91695e256cef0a9c7,32,32,21,True,80,76,16,4,4,False,False,True,not_stopped,14,4,,,,,16,True,,94d3d9067fb51db3a18f5893eac2fc25f3ae0f54999c46939685b31c7cbe403c,False,4.862103953841142,True,,,True,executed_trace_token_remask_refinement,89e30c13879d1197ef5588ef5da4582d6d1e44b4,94d3d9067fb51db3a18f5893eac2fc25f3ae0f54999c46939685b31c7cbe403c
SingleLineInfilling/HumanEval/116/L0,HumanEval/116,positive_control_rescued,G_oracle_sufficient_trace_span_remask,2,1373597692,True,94d3d9067fb51db3a18f5893eac2fc25f3ae0f54999c46939685b31c7cbe403c,100,b5a523cdad7ae1ca7f59d18aedd4c3a2d412a377ff1acff91695e256cef0a9c7,32,32,21,True,88,84,24,7,7,False,False,True,not_stopped,23,7,12,19,7,15,24,True,True,94d3d9067fb51db3a18f5893eac2fc25f3ae0f54999c46939685b31c7cbe403c,False,5.356804629089311,True,,,True,executed_trace_span_remask_refinement,89e30c13879d1197ef5588ef5da4582d6d1e44b4,94d3d9067fb51db3a18f5893eac2fc25f3ae0f54999c46939685b31c7cbe403c
SingleLineInfilling/HumanEval/66/L1,HumanEval/66,positive_control_rescued,E_oracle_sufficient_no_early_commit,1,1276972842,True,b9dec5d4576ac37a7a609d4d0b61672375a63884088d2850ab3cc8dd2148d59e,93,5b805f4a7cdced7ba2cb4395a5fc8be14a78f040312977dbbdb2218487f54e9e,32,32,21,True,64,64,64,32,32,False,False,True,not_stopped,63,,,,,,,,,,False,2.8680715981172398,True,,,True,executed_oracle_sufficient_no_early_commit,89e30c13879d1197ef5588ef5da4582d6d1e44b4,b9dec5d4576ac37a7a609d4d0b61672375a63884088d2850ab3cc8dd2148d59e
SingleLineInfilling/HumanEval/66/L1,HumanEval/66,positive_control_rescued,F_oracle_sufficient_trace_remask,1,1276972842,True,b9dec5d4576ac37a7a609d4d0b61672375a63884088d2850ab3cc8dd2148d59e,93,5b805f4a7cdced7ba2cb4395a5fc8be14a78f040312977dbbdb2218487f54e9e,32,32,21,True,80,80,16,4,4,False,False,True,not_stopped,14,4,,,,,16,True,,b9dec5d4576ac37a7a609d4d0b61672375a63884088d2850ab3cc8dd2148d59e,False,3.68359952874016,True,,,True,executed_trace_token_remask_refinement,89e30c13879d1197ef5588ef5da4582d6d1e44b4,b9dec5d4576ac37a7a609d4d0b61672375a63884088d2850ab3cc8dd2148d59e
SingleLineInfilling/HumanEval/66/L1,HumanEval/66,positive_control_rescued,G_oracle_sufficient_trace_span_remask,1,1276972842,True,b9dec5d4576ac37a7a609d4d0b61672375a63884088d2850ab3cc8dd2148d59e,93,5b805f4a7cdced7ba2cb4395a5fc8be14a78f040312977dbbdb2218487f54e9e,32,32,21,True,88,88,24,7,7,False,False,True,not_stopped,23,7,21,28,7,24,24,True,True,b9dec5d4576ac37a7a609d4d0b61672375a63884088d2850ab3cc8dd2148d59e,False,4.02570649900008,True,,,True,executed_trace_span_remask_refinement,89e30c13879d1197ef5588ef5da4582d6d1e44b4,b9dec5d4576ac37a7a609d4d0b61672375a63884088d2850ab3cc8dd2148d59e
SingleLineInfilling/HumanEval/66/L1,HumanEval/66,positive_control_rescued,E_oracle_sufficient_no_early_commit,2,22747147,True,b9dec5d4576ac37a7a609d4d0b61672375a63884088d2850ab3cc8dd2148d59e,93,5b805f4a7cdced7ba2cb4395a5fc8be14a78f040312977dbbdb2218487f54e9e,32,32,21,True,64,64,64,32,32,False,False,True,not_stopped,63,,,,,,,,,,False,2.8910795440897346,True,,,True,executed_oracle_sufficient_no_early_commit,89e30c13879d1197ef5588ef5da4582d6d1e44b4,b9dec5d4576ac37a7a609d4d0b61672375a63884088d2850ab3cc8dd2148d59e
SingleLineInfilling/HumanEval/66/L1,HumanEval/66,positive_control_rescued,F_oracle_sufficient_trace_remask,2,22747147,True,b9dec5d4576ac37a7a609d4d0b61672375a63884088d2850ab3cc8dd2148d59e,93,5b805f4a7cdced7ba2cb4395a5fc8be14a78f040312977dbbdb2218487f54e9e,32,32,21,True,80,80,16,4,4,False,False,True,not_stopped,14,4,,,,,16,True,,b9dec5d4576ac37a7a609d4d0b61672375a63884088d2850ab3cc8dd2148d59e,False,3.656359344953671,True,,,True,executed_trace_token_remask_refinement,89e30c13879d1197ef5588ef5da4582d6d1e44b4,b9dec5d4576ac37a7a609d4d0b61672375a63884088d2850ab3cc8dd2148d59e
SingleLineInfilling/HumanEval/66/L1,HumanEval/66,positive_control_rescued,G_oracle_sufficient_trace_span_remask,2,22747147,True,b9dec5d4576ac37a7a609d4d0b61672375a63884088d2850ab3cc8dd2148d59e,93,5b805f4a7cdced7ba2cb4395a5fc8be14a78f040312977dbbdb2218487f54e9e,32,32,21,True,88,88,24,7,7,False,False,True,not_stopped,23,7,21,28,7,24,24,True,True,b9dec5d4576ac37a7a609d4d0b61672375a63884088d2850ab3cc8dd2148d59e,False,4.053368745022453,True,,,True,executed_trace_span_remask_refinement,89e30c13879d1197ef5588ef5da4582d6d1e44b4,b9dec5d4576ac37a7a609d4d0b61672375a63884088d2850ab3cc8dd2148d59e
SingleLineInfilling/HumanEval/16/L0,HumanEval/16,positive_control_rescued,E_oracle_sufficient_no_early_commit,1,538481872,True,2251b1295109f91ad3783f7e824f5448d622413ca3195a4bab940ffb8aa7980c,117,c4025932ce7f8f88ca46467e0f8f57d2f6b756284e8ac81482709b3f4a3177ca,32,32,8,True,64,64,64,32,32,False,False,True,not_stopped,63,,,,,,,,,,False,2.242522598011419,True,,,True,executed_oracle_sufficient_no_early_commit,89e30c13879d1197ef5588ef5da4582d6d1e44b4,2251b1295109f91ad3783f7e824f5448d622413ca3195a4bab940ffb8aa7980c
SingleLineInfilling/HumanEval/16/L0,HumanEval/16,positive_control_rescued,F_oracle_sufficient_trace_remask,1,538481872,True,2251b1295109f91ad3783f7e824f5448d622413ca3195a4bab940ffb8aa7980c,117,c4025932ce7f8f88ca46467e0f8f57d2f6b756284e8ac81482709b3f4a3177ca,32,32,8,True,80,79,16,4,4,False,False,True,not_stopped,14,4,,,,,16,True,,2251b1295109f91ad3783f7e824f5448d622413ca3195a4bab940ffb8aa7980c,False,2.8560606258688495,True,,,True,executed_trace_token_remask_refinement,89e30c13879d1197ef5588ef5da4582d6d1e44b4,2251b1295109f91ad3783f7e824f5448d622413ca3195a4bab940ffb8aa7980c
SingleLineInfilling/HumanEval/16/L0,HumanEval/16,positive_control_rescued,G_oracle_sufficient_trace_span_remask,1,538481872,True,2251b1295109f91ad3783f7e824f5448d622413ca3195a4bab940ffb8aa7980c,117,c4025932ce7f8f88ca46467e0f8f57d2f6b756284e8ac81482709b3f4a3177ca,32,32,8,True,88,87,24,7,7,False,False,True,not_stopped,23,7,14,21,7,17,24,True,True,2251b1295109f91ad3783f7e824f5448d622413ca3195a4bab940ffb8aa7980c,False,3.1368758289609104,True,,,True,executed_trace_span_remask_refinement,89e30c13879d1197ef5588ef5da4582d6d1e44b4,2251b1295109f91ad3783f7e824f5448d622413ca3195a4bab940ffb8aa7980c
SingleLineInfilling/HumanEval/16/L0,HumanEval/16,positive_control_rescued,E_oracle_sufficient_no_early_commit,2,1971040675,True,2251b1295109f91ad3783f7e824f5448d622413ca3195a4bab940ffb8aa7980c,117,c4025932ce7f8f88ca46467e0f8f57d2f6b756284e8ac81482709b3f4a3177ca,32,32,8,True,64,64,64,32,32,False,False,True,not_stopped,63,,,,,,,,,,False,2.2262398920720443,True,,,True,executed_oracle_sufficient_no_early_commit,89e30c13879d1197ef5588ef5da4582d6d1e44b4,2251b1295109f91ad3783f7e824f5448d622413ca3195a4bab940ffb8aa7980c
SingleLineInfilling/HumanEval/16/L0,HumanEval/16,positive_control_rescued,F_oracle_sufficient_trace_remask,2,1971040675,True,2251b1295109f91ad3783f7e824f5448d622413ca3195a4bab940ffb8aa7980c,117,c4025932ce7f8f88ca46467e0f8f57d2f6b756284e8ac81482709b3f4a3177ca,32,32,8,True,80,79,16,4,4,False,False,True,not_stopped,14,4,,,,,16,True,,2251b1295109f91ad3783f7e824f5448d622413ca3195a4bab940ffb8aa7980c,False,2.855121017084457,True,,,True,executed_trace_token_remask_refinement,89e30c13879d1197ef5588ef5da4582d6d1e44b4,2251b1295109f91ad3783f7e824f5448d622413ca3195a4bab940ffb8aa7980c
SingleLineInfilling/HumanEval/16/L0,HumanEval/16,positive_control_rescued,G_oracle_sufficient_trace_span_remask,2,1971040675,True,2251b1295109f91ad3783f7e824f5448d622413ca3195a4bab940ffb8aa7980c,117,c4025932ce7f8f88ca46467e0f8f57d2f6b756284e8ac81482709b3f4a3177ca,32,32,8,True,88,87,24,7,7,False,False,True,not_stopped,23,7,14,21,7,17,24,True,True,2251b1295109f91ad3783f7e824f5448d622413ca3195a4bab940ffb8aa7980c,False,3.1382279897807166,True,,,True,executed_trace_span_remask_refinement,89e30c13879d1197ef5588ef5da4582d6d1e44b4,2251b1295109f91ad3783f7e824f5448d622413ca3195a4bab940ffb8aa7980c
SingleLineInfilling/HumanEval/34/L0,HumanEval/34,positive_control_rescued,E_oracle_sufficient_no_early_commit,1,1166544675,True,9a83c43b7272a01618ae3302a2a842dffa932665a0951c43e0e66b6ed0af03bf,115,7249045b1fc48eb74a783df5070553bf7f08334eb74bf026c7c7f4e037c6a6a8,32,32,8,True,64,64,64,32,32,False,False,True,not_stopped,63,,,,,,,,,,False,2.233300829073414,True,,,True,executed_oracle_sufficient_no_early_commit,89e30c13879d1197ef5588ef5da4582d6d1e44b4,9a83c43b7272a01618ae3302a2a842dffa932665a0951c43e0e66b6ed0af03bf
SingleLineInfilling/HumanEval/34/L0,HumanEval/34,positive_control_rescued,F_oracle_sufficient_trace_remask,1,1166544675,True,9a83c43b7272a01618ae3302a2a842dffa932665a0951c43e0e66b6ed0af03bf,115,7249045b1fc48eb74a783df5070553bf7f08334eb74bf026c7c7f4e037c6a6a8,32,32,8,True,80,75,16,4,4,False,False,True,not_stopped,14,4,,,,,16,True,,9a83c43b7272a01618ae3302a2a842dffa932665a0951c43e0e66b6ed0af03bf,False,2.740123971947469,True,,,True,executed_trace_token_remask_refinement,89e30c13879d1197ef5588ef5da4582d6d1e44b4,9a83c43b7272a01618ae3302a2a842dffa932665a0951c43e0e66b6ed0af03bf
SingleLineInfilling/HumanEval/34/L0,HumanEval/34,positive_control_rescued,G_oracle_sufficient_trace_span_remask,1,1166544675,False,4d54e59759aae4647e3e25fe1d67745dfe6e4a723bf1a7d8118e256fe14c2686,110,f447d1eaee70dea68d43d16b13fafd401bbda7fc9fdf122a3b5ecd48bc0ade97,32,32,8,True,88,83,24,7,7,False,False,True,not_stopped,23,7,25,32,7,28,24,True,True,9a83c43b7272a01618ae3302a2a842dffa932665a0951c43e0e66b6ed0af03bf,True,3.0107263510581106,True,UnitTestFailure,failed: ,True,executed_trace_span_remask_refinement,89e30c13879d1197ef5588ef5da4582d6d1e44b4,9a83c43b7272a01618ae3302a2a842dffa932665a0951c43e0e66b6ed0af03bf
SingleLineInfilling/HumanEval/34/L0,HumanEval/34,positive_control_rescued,E_oracle_sufficient_no_early_commit,2,1057999980,True,9a83c43b7272a01618ae3302a2a842dffa932665a0951c43e0e66b6ed0af03bf,115,7249045b1fc48eb74a783df5070553bf7f08334eb74bf026c7c7f4e037c6a6a8,32,32,8,True,64,64,64,32,32,False,False,True,not_stopped,63,,,,,,,,,,False,2.252960529993288,True,,,True,executed_oracle_sufficient_no_early_commit,89e30c13879d1197ef5588ef5da4582d6d1e44b4,9a83c43b7272a01618ae3302a2a842dffa932665a0951c43e0e66b6ed0af03bf
SingleLineInfilling/HumanEval/34/L0,HumanEval/34,positive_control_rescued,F_oracle_sufficient_trace_remask,2,1057999980,True,9a83c43b7272a01618ae3302a2a842dffa932665a0951c43e0e66b6ed0af03bf,115,7249045b1fc48eb74a783df5070553bf7f08334eb74bf026c7c7f4e037c6a6a8,32,32,8,True,80,75,16,4,4,False,False,True,not_stopped,14,4,,,,,16,True,,9a83c43b7272a01618ae3302a2a842dffa932665a0951c43e0e66b6ed0af03bf,False,2.72872682986781,True,,,True,executed_trace_token_remask_refinement,89e30c13879d1197ef5588ef5da4582d6d1e44b4,9a83c43b7272a01618ae3302a2a842dffa932665a0951c43e0e66b6ed0af03bf
SingleLineInfilling/HumanEval/34/L0,HumanEval/34,positive_control_rescued,G_oracle_sufficient_trace_span_remask,2,1057999980,False,4d54e59759aae4647e3e25fe1d67745dfe6e4a723bf1a7d8118e256fe14c2686,110,f447d1eaee70dea68d43d16b13fafd401bbda7fc9fdf122a3b5ecd48bc0ade97,32,32,8,True,88,83,24,7,7,False,False,True,not_stopped,23,7,25,32,7,28,24,True,True,9a83c43b7272a01618ae3302a2a842dffa932665a0951c43e0e66b6ed0af03bf,True,3.0125043229199946,True,UnitTestFailure,failed: ,True,executed_trace_span_remask_refinement,89e30c13879d1197ef5588ef5da4582d6d1e44b4,9a83c43b7272a01618ae3302a2a842dffa932665a0951c43e0e66b6ed0af03bf
SingleLineInfilling/HumanEval/60/L0,HumanEval/60,positive_control_rescued,E_oracle_sufficient_no_early_commit,1,995186864,True,eb030123edfdd2dc6d99417e6d21148e2c2be9ed82de8ff6c39316bc68ecbb1a,79,5a446a414c6ea914ed4e0736bd377c756faa82a2c86d68b5ec97c1eaae4863af,32,32,10,True,64,64,64,32,32,False,False,True,not_stopped,63,,,,,,,,,,False,3.103761479142122,True,,,True,executed_oracle_sufficient_no_early_commit,89e30c13879d1197ef5588ef5da4582d6d1e44b4,eb030123edfdd2dc6d99417e6d21148e2c2be9ed82de8ff6c39316bc68ecbb1a
SingleLineInfilling/HumanEval/60/L0,HumanEval/60,positive_control_rescued,F_oracle_sufficient_trace_remask,1,995186864,True,eb030123edfdd2dc6d99417e6d21148e2c2be9ed82de8ff6c39316bc68ecbb1a,79,5a446a414c6ea914ed4e0736bd377c756faa82a2c86d68b5ec97c1eaae4863af,32,32,10,True,80,64,16,4,4,False,False,True,not_stopped,14,4,,,,,16,True,,eb030123edfdd2dc6d99417e6d21148e2c2be9ed82de8ff6c39316bc68ecbb1a,False,3.20112828805577,True,,,True,executed_trace_token_remask_refinement,89e30c13879d1197ef5588ef5da4582d6d1e44b4,eb030123edfdd2dc6d99417e6d21148e2c2be9ed82de8ff6c39316bc68ecbb1a
SingleLineInfilling/HumanEval/60/L0,HumanEval/60,positive_control_rescued,G_oracle_sufficient_trace_span_remask,1,995186864,True,eb030123edfdd2dc6d99417e6d21148e2c2be9ed82de8ff6c39316bc68ecbb1a,79,5a446a414c6ea914ed4e0736bd377c756faa82a2c86d68b5ec97c1eaae4863af,32,32,10,True,88,72,24,7,7,False,False,True,not_stopped,23,7,20,27,7,23,24,True,True,eb030123edfdd2dc6d99417e6d21148e2c2be9ed82de8ff6c39316bc68ecbb1a,False,3.5967582260491326,True,,,True,executed_trace_span_remask_refinement,89e30c13879d1197ef5588ef5da4582d6d1e44b4,eb030123edfdd2dc6d99417e6d21148e2c2be9ed82de8ff6c39316bc68ecbb1a
SingleLineInfilling/HumanEval/60/L0,HumanEval/60,positive_control_rescued,E_oracle_sufficient_no_early_commit,2,319733008,True,eb030123edfdd2dc6d99417e6d21148e2c2be9ed82de8ff6c39316bc68ecbb1a,79,5a446a414c6ea914ed4e0736bd377c756faa82a2c86d68b5ec97c1eaae4863af,32,32,10,True,64,64,64,32,32,False,False,True,not_stopped,63,,,,,,,,,,False,3.101917969994247,True,,,True,executed_oracle_sufficient_no_early_commit,89e30c13879d1197ef5588ef5da4582d6d1e44b4,eb030123edfdd2dc6d99417e6d21148e2c2be9ed82de8ff6c39316bc68ecbb1a
SingleLineInfilling/HumanEval/60/L0,HumanEval/60,positive_control_rescued,F_oracle_sufficient_trace_remask,2,319733008,True,eb030123edfdd2dc6d99417e6d21148e2c2be9ed82de8ff6c39316bc68ecbb1a,79,5a446a414c6ea914ed4e0736bd377c756faa82a2c86d68b5ec97c1eaae4863af,32,32,10,True,80,64,16,4,4,False,False,True,not_stopped,14,4,,,,,16,True,,eb030123edfdd2dc6d99417e6d21148e2c2be9ed82de8ff6c39316bc68ecbb1a,False,3.178803230985068,True,,,True,executed_trace_token_remask_refinement,89e30c13879d1197ef5588ef5da4582d6d1e44b4,eb030123edfdd2dc6d99417e6d21148e2c2be9ed82de8ff6c39316bc68ecbb1a
SingleLineInfilling/HumanEval/60/L0,HumanEval/60,positive_control_rescued,G_oracle_sufficient_trace_span_remask,2,319733008,True,eb030123edfdd2dc6d99417e6d21148e2c2be9ed82de8ff6c39316bc68ecbb1a,79,5a446a414c6ea914ed4e0736bd377c756faa82a2c86d68b5ec97c1eaae4863af,32,32,10,True,88,72,24,7,7,False,False,True,not_stopped,23,7,20,27,7,23,24,True,True,eb030123edfdd2dc6d99417e6d21148e2c2be9ed82de8ff6c39316bc68ecbb1a,False,3.588091086829081,True,,,True,executed_trace_span_remask_refinement,89e30c13879d1197ef5588ef5da4582d6d1e44b4,eb030123edfdd2dc6d99417e6d21148e2c2be9ed82de8ff6c39316bc68ecbb1a
SingleLineInfilling/HumanEval/67/L4,HumanEval/67,positive_control_rescued,E_oracle_sufficient_no_early_commit,1,2042289280,True,06923962dbf211375ad40c4de4b5aba4ad358dd137624549b735f8a4d9baabb8,47,3e82a4be942e119ef12c74497143dc0c50e117fa1f6f91d4dac86cae8f9568e6,32,32,9,True,64,64,64,32,32,False,False,True,not_stopped,63,,,,,,,,,,False,5.086562945973128,True,,,True,executed_oracle_sufficient_no_early_commit,89e30c13879d1197ef5588ef5da4582d6d1e44b4,06923962dbf211375ad40c4de4b5aba4ad358dd137624549b735f8a4d9baabb8
SingleLineInfilling/HumanEval/67/L4,HumanEval/67,positive_control_rescued,F_oracle_sufficient_trace_remask,1,2042289280,True,06923962dbf211375ad40c4de4b5aba4ad358dd137624549b735f8a4d9baabb8,47,3e82a4be942e119ef12c74497143dc0c50e117fa1f6f91d4dac86cae8f9568e6,32,32,9,True,80,72,16,4,4,False,False,True,not_stopped,14,4,,,,,16,True,,06923962dbf211375ad40c4de4b5aba4ad358dd137624549b735f8a4d9baabb8,False,5.818700128118508,True,,,True,executed_trace_token_remask_refinement,89e30c13879d1197ef5588ef5da4582d6d1e44b4,06923962dbf211375ad40c4de4b5aba4ad358dd137624549b735f8a4d9baabb8
SingleLineInfilling/HumanEval/67/L4,HumanEval/67,positive_control_rescued,G_oracle_sufficient_trace_span_remask,1,2042289280,True,06923962dbf211375ad40c4de4b5aba4ad358dd137624549b735f8a4d9baabb8,47,3e82a4be942e119ef12c74497143dc0c50e117fa1f6f91d4dac86cae8f9568e6,32,32,9,True,88,80,24,7,7,False,False,True,not_stopped,23,7,9,16,7,12,24,True,True,06923962dbf211375ad40c4de4b5aba4ad358dd137624549b735f8a4d9baabb8,False,6.436202536802739,True,,,True,executed_trace_span_remask_refinement,89e30c13879d1197ef5588ef5da4582d6d1e44b4,06923962dbf211375ad40c4de4b5aba4ad358dd137624549b735f8a4d9baabb8
SingleLineInfilling/HumanEval/67/L4,HumanEval/67,positive_control_rescued,E_oracle_sufficient_no_early_commit,2,732730191,True,06923962dbf211375ad40c4de4b5aba4ad358dd137624549b735f8a4d9baabb8,47,3e82a4be942e119ef12c74497143dc0c50e117fa1f6f91d4dac86cae8f9568e6,32,32,9,True,64,64,64,32,32,False,False,True,not_stopped,63,,,,,,,,,,False,5.103946748073213,True,,,True,executed_oracle_sufficient_no_early_commit,89e30c13879d1197ef5588ef5da4582d6d1e44b4,06923962dbf211375ad40c4de4b5aba4ad358dd137624549b735f8a4d9baabb8
SingleLineInfilling/HumanEval/67/L4,HumanEval/67,positive_control_rescued,F_oracle_sufficient_trace_remask,2,732730191,True,06923962dbf211375ad40c4de4b5aba4ad358dd137624549b735f8a4d9baabb8,47,3e82a4be942e119ef12c74497143dc0c50e117fa1f6f91d4dac86cae8f9568e6,32,32,9,True,80,72,16,4,4,False,False,True,not_stopped,14,4,,,,,16,True,,06923962dbf211375ad40c4de4b5aba4ad358dd137624549b735f8a4d9baabb8,False,5.794485181802884,True,,,True,executed_trace_token_remask_refinement,89e30c13879d1197ef5588ef5da4582d6d1e44b4,06923962dbf211375ad40c4de4b5aba4ad358dd137624549b735f8a4d9baabb8
SingleLineInfilling/HumanEval/67/L4,HumanEval/67,positive_control_rescued,G_oracle_sufficient_trace_span_remask,2,732730191,True,06923962dbf211375ad40c4de4b5aba4ad358dd137624549b735f8a4d9baabb8,47,3e82a4be942e119ef12c74497143dc0c50e117fa1f6f91d4dac86cae8f9568e6,32,32,9,True,88,80,24,7,7,False,False,True,not_stopped,23,7,9,16,7,12,24,True,True,06923962dbf211375ad40c4de4b5aba4ad358dd137624549b735f8a4d9baabb8,False,6.434442280326039,True,,,True,executed_trace_span_remask_refinement,89e30c13879d1197ef5588ef5da4582d6d1e44b4,06923962dbf211375ad40c4de4b5aba4ad358dd137624549b735f8a4d9baabb8
