base_threshold,slope,min_threshold,min_base_length,max_expansion,require_raw_confirm,raw_margin,min_raw_threshold,policy,rows,promoted_count,improved_count,worsened_count,current_avg_abs_error,new_avg_abs_error,avg_abs_error_delta,current_under_count,new_under_count,current_over_count,new_over_count,true_long_count,true_long_improved_count,failed_true_long_count,failed_true_long_improved_count,short_promoted_count,current_pass_promoted_count,promoted_rate,improved_rate,worsened_rate,score,bucket_<=8_n,bucket_<=8_promoted,bucket_<=8_improved,bucket_<=8_worsened,bucket_9-12_n,bucket_9-12_promoted,bucket_9-12_improved,bucket_9-12_worsened,bucket_13-16_n,bucket_13-16_promoted,bucket_13-16_improved,bucket_13-16_worsened,bucket_17-24_n,bucket_17-24_promoted,bucket_17-24_improved,bucket_17-24_worsened,bucket_25+_n,bucket_25+_promoted,bucket_25+_improved,bucket_25+_worsened
0.985,0.02,0.85,12,1.5,False,0.05,0.75,base0p985_slope0p02_min0p85_minbase12_maxx1p5_noraw,1033,5,0,5,3.006776379477251,3.014520813165537,0.007744433688286367,319,319,194,197,113,0,91,0,1,4,0.00484027105517909,0.0,0.00484027105517909,-17,598,1,0,1,232,1,0,1,90,3,0,3,82,0,0,0,31,0,0,0
0.985,0.02,0.85,12,1.5,True,0.05,0.75,base0p985_slope0p02_min0p85_minbase12_maxx1p5_raw,1033,5,0,5,3.006776379477251,3.014520813165537,0.007744433688286367,319,319,194,197,113,0,91,0,1,4,0.00484027105517909,0.0,0.00484027105517909,-17,598,1,0,1,232,1,0,1,90,3,0,3,82,0,0,0,31,0,0,0
0.985,0.02,0.85,12,2.0,False,0.05,0.75,base0p985_slope0p02_min0p85_minbase12_maxx2_noraw,1033,5,0,5,3.006776379477251,3.014520813165537,0.007744433688286367,319,319,194,197,113,0,91,0,1,4,0.00484027105517909,0.0,0.00484027105517909,-17,598,1,0,1,232,1,0,1,90,3,0,3,82,0,0,0,31,0,0,0
0.985,0.02,0.85,12,2.0,True,0.05,0.75,base0p985_slope0p02_min0p85_minbase12_maxx2_raw,1033,5,0,5,3.006776379477251,3.014520813165537,0.007744433688286367,319,319,194,197,113,0,91,0,1,4,0.00484027105517909,0.0,0.00484027105517909,-17,598,1,0,1,232,1,0,1,90,3,0,3,82,0,0,0,31,0,0,0
0.985,0.02,0.85,12,3.0,False,0.05,0.75,base0p985_slope0p02_min0p85_minbase12_maxx3_noraw,1033,5,0,5,3.006776379477251,3.014520813165537,0.007744433688286367,319,319,194,197,113,0,91,0,1,4,0.00484027105517909,0.0,0.00484027105517909,-17,598,1,0,1,232,1,0,1,90,3,0,3,82,0,0,0,31,0,0,0
0.985,0.02,0.85,12,3.0,True,0.05,0.75,base0p985_slope0p02_min0p85_minbase12_maxx3_raw,1033,5,0,5,3.006776379477251,3.014520813165537,0.007744433688286367,319,319,194,197,113,0,91,0,1,4,0.00484027105517909,0.0,0.00484027105517909,-17,598,1,0,1,232,1,0,1,90,3,0,3,82,0,0,0,31,0,0,0
0.985,0.02,0.88,12,1.5,False,0.05,0.75,base0p985_slope0p02_min0p88_minbase12_maxx1p5_noraw,1033,5,0,5,3.006776379477251,3.014520813165537,0.007744433688286367,319,319,194,197,113,0,91,0,1,4,0.00484027105517909,0.0,0.00484027105517909,-17,598,1,0,1,232,1,0,1,90,3,0,3,82,0,0,0,31,0,0,0
0.985,0.02,0.88,12,1.5,True,0.05,0.75,base0p985_slope0p02_min0p88_minbase12_maxx1p5_raw,1033,5,0,5,3.006776379477251,3.014520813165537,0.007744433688286367,319,319,194,197,113,0,91,0,1,4,0.00484027105517909,0.0,0.00484027105517909,-17,598,1,0,1,232,1,0,1,90,3,0,3,82,0,0,0,31,0,0,0
0.985,0.02,0.88,12,2.0,False,0.05,0.75,base0p985_slope0p02_min0p88_minbase12_maxx2_noraw,1033,5,0,5,3.006776379477251,3.014520813165537,0.007744433688286367,319,319,194,197,113,0,91,0,1,4,0.00484027105517909,0.0,0.00484027105517909,-17,598,1,0,1,232,1,0,1,90,3,0,3,82,0,0,0,31,0,0,0
0.985,0.02,0.88,12,2.0,True,0.05,0.75,base0p985_slope0p02_min0p88_minbase12_maxx2_raw,1033,5,0,5,3.006776379477251,3.014520813165537,0.007744433688286367,319,319,194,197,113,0,91,0,1,4,0.00484027105517909,0.0,0.00484027105517909,-17,598,1,0,1,232,1,0,1,90,3,0,3,82,0,0,0,31,0,0,0
0.985,0.02,0.88,12,3.0,False,0.05,0.75,base0p985_slope0p02_min0p88_minbase12_maxx3_noraw,1033,5,0,5,3.006776379477251,3.014520813165537,0.007744433688286367,319,319,194,197,113,0,91,0,1,4,0.00484027105517909,0.0,0.00484027105517909,-17,598,1,0,1,232,1,0,1,90,3,0,3,82,0,0,0,31,0,0,0
0.985,0.02,0.88,12,3.0,True,0.05,0.75,base0p985_slope0p02_min0p88_minbase12_maxx3_raw,1033,5,0,5,3.006776379477251,3.014520813165537,0.007744433688286367,319,319,194,197,113,0,91,0,1,4,0.00484027105517909,0.0,0.00484027105517909,-17,598,1,0,1,232,1,0,1,90,3,0,3,82,0,0,0,31,0,0,0
0.985,0.02,0.9,12,1.5,False,0.05,0.75,base0p985_slope0p02_min0p9_minbase12_maxx1p5_noraw,1033,5,0,5,3.006776379477251,3.014520813165537,0.007744433688286367,319,319,194,197,113,0,91,0,1,4,0.00484027105517909,0.0,0.00484027105517909,-17,598,1,0,1,232,1,0,1,90,3,0,3,82,0,0,0,31,0,0,0
0.985,0.02,0.9,12,1.5,True,0.05,0.75,base0p985_slope0p02_min0p9_minbase12_maxx1p5_raw,1033,5,0,5,3.006776379477251,3.014520813165537,0.007744433688286367,319,319,194,197,113,0,91,0,1,4,0.00484027105517909,0.0,0.00484027105517909,-17,598,1,0,1,232,1,0,1,90,3,0,3,82,0,0,0,31,0,0,0
0.985,0.02,0.9,12,2.0,False,0.05,0.75,base0p985_slope0p02_min0p9_minbase12_maxx2_noraw,1033,5,0,5,3.006776379477251,3.014520813165537,0.007744433688286367,319,319,194,197,113,0,91,0,1,4,0.00484027105517909,0.0,0.00484027105517909,-17,598,1,0,1,232,1,0,1,90,3,0,3,82,0,0,0,31,0,0,0
0.985,0.02,0.9,12,2.0,True,0.05,0.75,base0p985_slope0p02_min0p9_minbase12_maxx2_raw,1033,5,0,5,3.006776379477251,3.014520813165537,0.007744433688286367,319,319,194,197,113,0,91,0,1,4,0.00484027105517909,0.0,0.00484027105517909,-17,598,1,0,1,232,1,0,1,90,3,0,3,82,0,0,0,31,0,0,0
0.985,0.02,0.9,12,3.0,False,0.05,0.75,base0p985_slope0p02_min0p9_minbase12_maxx3_noraw,1033,5,0,5,3.006776379477251,3.014520813165537,0.007744433688286367,319,319,194,197,113,0,91,0,1,4,0.00484027105517909,0.0,0.00484027105517909,-17,598,1,0,1,232,1,0,1,90,3,0,3,82,0,0,0,31,0,0,0
0.985,0.02,0.9,12,3.0,True,0.05,0.75,base0p985_slope0p02_min0p9_minbase12_maxx3_raw,1033,5,0,5,3.006776379477251,3.014520813165537,0.007744433688286367,319,319,194,197,113,0,91,0,1,4,0.00484027105517909,0.0,0.00484027105517909,-17,598,1,0,1,232,1,0,1,90,3,0,3,82,0,0,0,31,0,0,0
0.985,0.02,0.93,12,1.5,False,0.05,0.75,base0p985_slope0p02_min0p93_minbase12_maxx1p5_noraw,1033,5,0,5,3.006776379477251,3.014520813165537,0.007744433688286367,319,319,194,197,113,0,91,0,1,4,0.00484027105517909,0.0,0.00484027105517909,-17,598,1,0,1,232,1,0,1,90,3,0,3,82,0,0,0,31,0,0,0
0.985,0.02,0.93,12,1.5,True,0.05,0.75,base0p985_slope0p02_min0p93_minbase12_maxx1p5_raw,1033,5,0,5,3.006776379477251,3.014520813165537,0.007744433688286367,319,319,194,197,113,0,91,0,1,4,0.00484027105517909,0.0,0.00484027105517909,-17,598,1,0,1,232,1,0,1,90,3,0,3,82,0,0,0,31,0,0,0
0.985,0.02,0.93,12,2.0,False,0.05,0.75,base0p985_slope0p02_min0p93_minbase12_maxx2_noraw,1033,5,0,5,3.006776379477251,3.014520813165537,0.007744433688286367,319,319,194,197,113,0,91,0,1,4,0.00484027105517909,0.0,0.00484027105517909,-17,598,1,0,1,232,1,0,1,90,3,0,3,82,0,0,0,31,0,0,0
0.985,0.02,0.93,12,2.0,True,0.05,0.75,base0p985_slope0p02_min0p93_minbase12_maxx2_raw,1033,5,0,5,3.006776379477251,3.014520813165537,0.007744433688286367,319,319,194,197,113,0,91,0,1,4,0.00484027105517909,0.0,0.00484027105517909,-17,598,1,0,1,232,1,0,1,90,3,0,3,82,0,0,0,31,0,0,0
0.985,0.02,0.93,12,3.0,False,0.05,0.75,base0p985_slope0p02_min0p93_minbase12_maxx3_noraw,1033,5,0,5,3.006776379477251,3.014520813165537,0.007744433688286367,319,319,194,197,113,0,91,0,1,4,0.00484027105517909,0.0,0.00484027105517909,-17,598,1,0,1,232,1,0,1,90,3,0,3,82,0,0,0,31,0,0,0
0.985,0.02,0.93,12,3.0,True,0.05,0.75,base0p985_slope0p02_min0p93_minbase12_maxx3_raw,1033,5,0,5,3.006776379477251,3.014520813165537,0.007744433688286367,319,319,194,197,113,0,91,0,1,4,0.00484027105517909,0.0,0.00484027105517909,-17,598,1,0,1,232,1,0,1,90,3,0,3,82,0,0,0,31,0,0,0
0.985,0.04,0.85,12,1.5,False,0.05,0.75,base0p985_slope0p04_min0p85_minbase12_maxx1p5_noraw,1033,5,0,5,3.006776379477251,3.014520813165537,0.007744433688286367,319,319,194,197,113,0,91,0,1,4,0.00484027105517909,0.0,0.00484027105517909,-17,598,1,0,1,232,1,0,1,90,3,0,3,82,0,0,0,31,0,0,0
0.985,0.04,0.85,12,1.5,True,0.05,0.75,base0p985_slope0p04_min0p85_minbase12_maxx1p5_raw,1033,5,0,5,3.006776379477251,3.014520813165537,0.007744433688286367,319,319,194,197,113,0,91,0,1,4,0.00484027105517909,0.0,0.00484027105517909,-17,598,1,0,1,232,1,0,1,90,3,0,3,82,0,0,0,31,0,0,0
0.985,0.04,0.85,12,2.0,False,0.05,0.75,base0p985_slope0p04_min0p85_minbase12_maxx2_noraw,1033,5,0,5,3.006776379477251,3.014520813165537,0.007744433688286367,319,319,194,197,113,0,91,0,1,4,0.00484027105517909,0.0,0.00484027105517909,-17,598,1,0,1,232,1,0,1,90,3,0,3,82,0,0,0,31,0,0,0
0.985,0.04,0.85,12,2.0,True,0.05,0.75,base0p985_slope0p04_min0p85_minbase12_maxx2_raw,1033,5,0,5,3.006776379477251,3.014520813165537,0.007744433688286367,319,319,194,197,113,0,91,0,1,4,0.00484027105517909,0.0,0.00484027105517909,-17,598,1,0,1,232,1,0,1,90,3,0,3,82,0,0,0,31,0,0,0
0.985,0.04,0.85,12,3.0,False,0.05,0.75,base0p985_slope0p04_min0p85_minbase12_maxx3_noraw,1033,5,0,5,3.006776379477251,3.014520813165537,0.007744433688286367,319,319,194,197,113,0,91,0,1,4,0.00484027105517909,0.0,0.00484027105517909,-17,598,1,0,1,232,1,0,1,90,3,0,3,82,0,0,0,31,0,0,0
0.985,0.04,0.85,12,3.0,True,0.05,0.75,base0p985_slope0p04_min0p85_minbase12_maxx3_raw,1033,5,0,5,3.006776379477251,3.014520813165537,0.007744433688286367,319,319,194,197,113,0,91,0,1,4,0.00484027105517909,0.0,0.00484027105517909,-17,598,1,0,1,232,1,0,1,90,3,0,3,82,0,0,0,31,0,0,0
0.985,0.04,0.88,12,1.5,False,0.05,0.75,base0p985_slope0p04_min0p88_minbase12_maxx1p5_noraw,1033,5,0,5,3.006776379477251,3.014520813165537,0.007744433688286367,319,319,194,197,113,0,91,0,1,4,0.00484027105517909,0.0,0.00484027105517909,-17,598,1,0,1,232,1,0,1,90,3,0,3,82,0,0,0,31,0,0,0
0.985,0.04,0.88,12,1.5,True,0.05,0.75,base0p985_slope0p04_min0p88_minbase12_maxx1p5_raw,1033,5,0,5,3.006776379477251,3.014520813165537,0.007744433688286367,319,319,194,197,113,0,91,0,1,4,0.00484027105517909,0.0,0.00484027105517909,-17,598,1,0,1,232,1,0,1,90,3,0,3,82,0,0,0,31,0,0,0
0.985,0.04,0.88,12,2.0,False,0.05,0.75,base0p985_slope0p04_min0p88_minbase12_maxx2_noraw,1033,5,0,5,3.006776379477251,3.014520813165537,0.007744433688286367,319,319,194,197,113,0,91,0,1,4,0.00484027105517909,0.0,0.00484027105517909,-17,598,1,0,1,232,1,0,1,90,3,0,3,82,0,0,0,31,0,0,0
0.985,0.04,0.88,12,2.0,True,0.05,0.75,base0p985_slope0p04_min0p88_minbase12_maxx2_raw,1033,5,0,5,3.006776379477251,3.014520813165537,0.007744433688286367,319,319,194,197,113,0,91,0,1,4,0.00484027105517909,0.0,0.00484027105517909,-17,598,1,0,1,232,1,0,1,90,3,0,3,82,0,0,0,31,0,0,0
0.985,0.04,0.88,12,3.0,False,0.05,0.75,base0p985_slope0p04_min0p88_minbase12_maxx3_noraw,1033,5,0,5,3.006776379477251,3.014520813165537,0.007744433688286367,319,319,194,197,113,0,91,0,1,4,0.00484027105517909,0.0,0.00484027105517909,-17,598,1,0,1,232,1,0,1,90,3,0,3,82,0,0,0,31,0,0,0
0.985,0.04,0.88,12,3.0,True,0.05,0.75,base0p985_slope0p04_min0p88_minbase12_maxx3_raw,1033,5,0,5,3.006776379477251,3.014520813165537,0.007744433688286367,319,319,194,197,113,0,91,0,1,4,0.00484027105517909,0.0,0.00484027105517909,-17,598,1,0,1,232,1,0,1,90,3,0,3,82,0,0,0,31,0,0,0
0.985,0.04,0.9,12,1.5,False,0.05,0.75,base0p985_slope0p04_min0p9_minbase12_maxx1p5_noraw,1033,5,0,5,3.006776379477251,3.014520813165537,0.007744433688286367,319,319,194,197,113,0,91,0,1,4,0.00484027105517909,0.0,0.00484027105517909,-17,598,1,0,1,232,1,0,1,90,3,0,3,82,0,0,0,31,0,0,0
0.985,0.04,0.9,12,1.5,True,0.05,0.75,base0p985_slope0p04_min0p9_minbase12_maxx1p5_raw,1033,5,0,5,3.006776379477251,3.014520813165537,0.007744433688286367,319,319,194,197,113,0,91,0,1,4,0.00484027105517909,0.0,0.00484027105517909,-17,598,1,0,1,232,1,0,1,90,3,0,3,82,0,0,0,31,0,0,0
0.985,0.04,0.9,12,2.0,False,0.05,0.75,base0p985_slope0p04_min0p9_minbase12_maxx2_noraw,1033,5,0,5,3.006776379477251,3.014520813165537,0.007744433688286367,319,319,194,197,113,0,91,0,1,4,0.00484027105517909,0.0,0.00484027105517909,-17,598,1,0,1,232,1,0,1,90,3,0,3,82,0,0,0,31,0,0,0
0.985,0.04,0.9,12,2.0,True,0.05,0.75,base0p985_slope0p04_min0p9_minbase12_maxx2_raw,1033,5,0,5,3.006776379477251,3.014520813165537,0.007744433688286367,319,319,194,197,113,0,91,0,1,4,0.00484027105517909,0.0,0.00484027105517909,-17,598,1,0,1,232,1,0,1,90,3,0,3,82,0,0,0,31,0,0,0
0.985,0.04,0.9,12,3.0,False,0.05,0.75,base0p985_slope0p04_min0p9_minbase12_maxx3_noraw,1033,5,0,5,3.006776379477251,3.014520813165537,0.007744433688286367,319,319,194,197,113,0,91,0,1,4,0.00484027105517909,0.0,0.00484027105517909,-17,598,1,0,1,232,1,0,1,90,3,0,3,82,0,0,0,31,0,0,0
0.985,0.04,0.9,12,3.0,True,0.05,0.75,base0p985_slope0p04_min0p9_minbase12_maxx3_raw,1033,5,0,5,3.006776379477251,3.014520813165537,0.007744433688286367,319,319,194,197,113,0,91,0,1,4,0.00484027105517909,0.0,0.00484027105517909,-17,598,1,0,1,232,1,0,1,90,3,0,3,82,0,0,0,31,0,0,0
0.985,0.04,0.93,12,1.5,False,0.05,0.75,base0p985_slope0p04_min0p93_minbase12_maxx1p5_noraw,1033,5,0,5,3.006776379477251,3.014520813165537,0.007744433688286367,319,319,194,197,113,0,91,0,1,4,0.00484027105517909,0.0,0.00484027105517909,-17,598,1,0,1,232,1,0,1,90,3,0,3,82,0,0,0,31,0,0,0
0.985,0.04,0.93,12,1.5,True,0.05,0.75,base0p985_slope0p04_min0p93_minbase12_maxx1p5_raw,1033,5,0,5,3.006776379477251,3.014520813165537,0.007744433688286367,319,319,194,197,113,0,91,0,1,4,0.00484027105517909,0.0,0.00484027105517909,-17,598,1,0,1,232,1,0,1,90,3,0,3,82,0,0,0,31,0,0,0
0.985,0.04,0.93,12,2.0,False,0.05,0.75,base0p985_slope0p04_min0p93_minbase12_maxx2_noraw,1033,5,0,5,3.006776379477251,3.014520813165537,0.007744433688286367,319,319,194,197,113,0,91,0,1,4,0.00484027105517909,0.0,0.00484027105517909,-17,598,1,0,1,232,1,0,1,90,3,0,3,82,0,0,0,31,0,0,0
0.985,0.04,0.93,12,2.0,True,0.05,0.75,base0p985_slope0p04_min0p93_minbase12_maxx2_raw,1033,5,0,5,3.006776379477251,3.014520813165537,0.007744433688286367,319,319,194,197,113,0,91,0,1,4,0.00484027105517909,0.0,0.00484027105517909,-17,598,1,0,1,232,1,0,1,90,3,0,3,82,0,0,0,31,0,0,0
0.985,0.04,0.93,12,3.0,False,0.05,0.75,base0p985_slope0p04_min0p93_minbase12_maxx3_noraw,1033,5,0,5,3.006776379477251,3.014520813165537,0.007744433688286367,319,319,194,197,113,0,91,0,1,4,0.00484027105517909,0.0,0.00484027105517909,-17,598,1,0,1,232,1,0,1,90,3,0,3,82,0,0,0,31,0,0,0
0.985,0.04,0.93,12,3.0,True,0.05,0.75,base0p985_slope0p04_min0p93_minbase12_maxx3_raw,1033,5,0,5,3.006776379477251,3.014520813165537,0.007744433688286367,319,319,194,197,113,0,91,0,1,4,0.00484027105517909,0.0,0.00484027105517909,-17,598,1,0,1,232,1,0,1,90,3,0,3,82,0,0,0,31,0,0,0
0.985,0.06,0.85,12,1.5,False,0.05,0.75,base0p985_slope0p06_min0p85_minbase12_maxx1p5_noraw,1033,5,0,5,3.006776379477251,3.014520813165537,0.007744433688286367,319,319,194,197,113,0,91,0,1,4,0.00484027105517909,0.0,0.00484027105517909,-17,598,1,0,1,232,1,0,1,90,3,0,3,82,0,0,0,31,0,0,0
0.985,0.06,0.85,12,1.5,True,0.05,0.75,base0p985_slope0p06_min0p85_minbase12_maxx1p5_raw,1033,5,0,5,3.006776379477251,3.014520813165537,0.007744433688286367,319,319,194,197,113,0,91,0,1,4,0.00484027105517909,0.0,0.00484027105517909,-17,598,1,0,1,232,1,0,1,90,3,0,3,82,0,0,0,31,0,0,0
0.985,0.06,0.85,12,2.0,False,0.05,0.75,base0p985_slope0p06_min0p85_minbase12_maxx2_noraw,1033,5,0,5,3.006776379477251,3.014520813165537,0.007744433688286367,319,319,194,197,113,0,91,0,1,4,0.00484027105517909,0.0,0.00484027105517909,-17,598,1,0,1,232,1,0,1,90,3,0,3,82,0,0,0,31,0,0,0
0.985,0.06,0.85,12,2.0,True,0.05,0.75,base0p985_slope0p06_min0p85_minbase12_maxx2_raw,1033,5,0,5,3.006776379477251,3.014520813165537,0.007744433688286367,319,319,194,197,113,0,91,0,1,4,0.00484027105517909,0.0,0.00484027105517909,-17,598,1,0,1,232,1,0,1,90,3,0,3,82,0,0,0,31,0,0,0
0.985,0.06,0.85,12,3.0,False,0.05,0.75,base0p985_slope0p06_min0p85_minbase12_maxx3_noraw,1033,5,0,5,3.006776379477251,3.014520813165537,0.007744433688286367,319,319,194,197,113,0,91,0,1,4,0.00484027105517909,0.0,0.00484027105517909,-17,598,1,0,1,232,1,0,1,90,3,0,3,82,0,0,0,31,0,0,0
0.985,0.06,0.85,12,3.0,True,0.05,0.75,base0p985_slope0p06_min0p85_minbase12_maxx3_raw,1033,5,0,5,3.006776379477251,3.014520813165537,0.007744433688286367,319,319,194,197,113,0,91,0,1,4,0.00484027105517909,0.0,0.00484027105517909,-17,598,1,0,1,232,1,0,1,90,3,0,3,82,0,0,0,31,0,0,0
0.985,0.06,0.88,12,1.5,False,0.05,0.75,base0p985_slope0p06_min0p88_minbase12_maxx1p5_noraw,1033,5,0,5,3.006776379477251,3.014520813165537,0.007744433688286367,319,319,194,197,113,0,91,0,1,4,0.00484027105517909,0.0,0.00484027105517909,-17,598,1,0,1,232,1,0,1,90,3,0,3,82,0,0,0,31,0,0,0
0.985,0.06,0.88,12,1.5,True,0.05,0.75,base0p985_slope0p06_min0p88_minbase12_maxx1p5_raw,1033,5,0,5,3.006776379477251,3.014520813165537,0.007744433688286367,319,319,194,197,113,0,91,0,1,4,0.00484027105517909,0.0,0.00484027105517909,-17,598,1,0,1,232,1,0,1,90,3,0,3,82,0,0,0,31,0,0,0
0.985,0.06,0.88,12,2.0,False,0.05,0.75,base0p985_slope0p06_min0p88_minbase12_maxx2_noraw,1033,5,0,5,3.006776379477251,3.014520813165537,0.007744433688286367,319,319,194,197,113,0,91,0,1,4,0.00484027105517909,0.0,0.00484027105517909,-17,598,1,0,1,232,1,0,1,90,3,0,3,82,0,0,0,31,0,0,0
0.985,0.06,0.88,12,2.0,True,0.05,0.75,base0p985_slope0p06_min0p88_minbase12_maxx2_raw,1033,5,0,5,3.006776379477251,3.014520813165537,0.007744433688286367,319,319,194,197,113,0,91,0,1,4,0.00484027105517909,0.0,0.00484027105517909,-17,598,1,0,1,232,1,0,1,90,3,0,3,82,0,0,0,31,0,0,0
0.985,0.06,0.88,12,3.0,False,0.05,0.75,base0p985_slope0p06_min0p88_minbase12_maxx3_noraw,1033,5,0,5,3.006776379477251,3.014520813165537,0.007744433688286367,319,319,194,197,113,0,91,0,1,4,0.00484027105517909,0.0,0.00484027105517909,-17,598,1,0,1,232,1,0,1,90,3,0,3,82,0,0,0,31,0,0,0
0.985,0.06,0.88,12,3.0,True,0.05,0.75,base0p985_slope0p06_min0p88_minbase12_maxx3_raw,1033,5,0,5,3.006776379477251,3.014520813165537,0.007744433688286367,319,319,194,197,113,0,91,0,1,4,0.00484027105517909,0.0,0.00484027105517909,-17,598,1,0,1,232,1,0,1,90,3,0,3,82,0,0,0,31,0,0,0
0.985,0.06,0.9,12,1.5,False,0.05,0.75,base0p985_slope0p06_min0p9_minbase12_maxx1p5_noraw,1033,5,0,5,3.006776379477251,3.014520813165537,0.007744433688286367,319,319,194,197,113,0,91,0,1,4,0.00484027105517909,0.0,0.00484027105517909,-17,598,1,0,1,232,1,0,1,90,3,0,3,82,0,0,0,31,0,0,0
0.985,0.06,0.9,12,1.5,True,0.05,0.75,base0p985_slope0p06_min0p9_minbase12_maxx1p5_raw,1033,5,0,5,3.006776379477251,3.014520813165537,0.007744433688286367,319,319,194,197,113,0,91,0,1,4,0.00484027105517909,0.0,0.00484027105517909,-17,598,1,0,1,232,1,0,1,90,3,0,3,82,0,0,0,31,0,0,0
0.985,0.06,0.9,12,2.0,False,0.05,0.75,base0p985_slope0p06_min0p9_minbase12_maxx2_noraw,1033,5,0,5,3.006776379477251,3.014520813165537,0.007744433688286367,319,319,194,197,113,0,91,0,1,4,0.00484027105517909,0.0,0.00484027105517909,-17,598,1,0,1,232,1,0,1,90,3,0,3,82,0,0,0,31,0,0,0
0.985,0.06,0.9,12,2.0,True,0.05,0.75,base0p985_slope0p06_min0p9_minbase12_maxx2_raw,1033,5,0,5,3.006776379477251,3.014520813165537,0.007744433688286367,319,319,194,197,113,0,91,0,1,4,0.00484027105517909,0.0,0.00484027105517909,-17,598,1,0,1,232,1,0,1,90,3,0,3,82,0,0,0,31,0,0,0
0.985,0.06,0.9,12,3.0,False,0.05,0.75,base0p985_slope0p06_min0p9_minbase12_maxx3_noraw,1033,5,0,5,3.006776379477251,3.014520813165537,0.007744433688286367,319,319,194,197,113,0,91,0,1,4,0.00484027105517909,0.0,0.00484027105517909,-17,598,1,0,1,232,1,0,1,90,3,0,3,82,0,0,0,31,0,0,0
0.985,0.06,0.9,12,3.0,True,0.05,0.75,base0p985_slope0p06_min0p9_minbase12_maxx3_raw,1033,5,0,5,3.006776379477251,3.014520813165537,0.007744433688286367,319,319,194,197,113,0,91,0,1,4,0.00484027105517909,0.0,0.00484027105517909,-17,598,1,0,1,232,1,0,1,90,3,0,3,82,0,0,0,31,0,0,0
0.985,0.06,0.93,12,1.5,False,0.05,0.75,base0p985_slope0p06_min0p93_minbase12_maxx1p5_noraw,1033,5,0,5,3.006776379477251,3.014520813165537,0.007744433688286367,319,319,194,197,113,0,91,0,1,4,0.00484027105517909,0.0,0.00484027105517909,-17,598,1,0,1,232,1,0,1,90,3,0,3,82,0,0,0,31,0,0,0
0.985,0.06,0.93,12,1.5,True,0.05,0.75,base0p985_slope0p06_min0p93_minbase12_maxx1p5_raw,1033,5,0,5,3.006776379477251,3.014520813165537,0.007744433688286367,319,319,194,197,113,0,91,0,1,4,0.00484027105517909,0.0,0.00484027105517909,-17,598,1,0,1,232,1,0,1,90,3,0,3,82,0,0,0,31,0,0,0
0.985,0.06,0.93,12,2.0,False,0.05,0.75,base0p985_slope0p06_min0p93_minbase12_maxx2_noraw,1033,5,0,5,3.006776379477251,3.014520813165537,0.007744433688286367,319,319,194,197,113,0,91,0,1,4,0.00484027105517909,0.0,0.00484027105517909,-17,598,1,0,1,232,1,0,1,90,3,0,3,82,0,0,0,31,0,0,0
0.985,0.06,0.93,12,2.0,True,0.05,0.75,base0p985_slope0p06_min0p93_minbase12_maxx2_raw,1033,5,0,5,3.006776379477251,3.014520813165537,0.007744433688286367,319,319,194,197,113,0,91,0,1,4,0.00484027105517909,0.0,0.00484027105517909,-17,598,1,0,1,232,1,0,1,90,3,0,3,82,0,0,0,31,0,0,0
0.985,0.06,0.93,12,3.0,False,0.05,0.75,base0p985_slope0p06_min0p93_minbase12_maxx3_noraw,1033,5,0,5,3.006776379477251,3.014520813165537,0.007744433688286367,319,319,194,197,113,0,91,0,1,4,0.00484027105517909,0.0,0.00484027105517909,-17,598,1,0,1,232,1,0,1,90,3,0,3,82,0,0,0,31,0,0,0
0.985,0.06,0.93,12,3.0,True,0.05,0.75,base0p985_slope0p06_min0p93_minbase12_maxx3_raw,1033,5,0,5,3.006776379477251,3.014520813165537,0.007744433688286367,319,319,194,197,113,0,91,0,1,4,0.00484027105517909,0.0,0.00484027105517909,-17,598,1,0,1,232,1,0,1,90,3,0,3,82,0,0,0,31,0,0,0
0.97,0.06,0.85,12,1.5,False,0.05,0.75,base0p97_slope0p06_min0p85_minbase12_maxx1p5_noraw,1033,9,1,8,3.006776379477251,3.021297192642788,0.014520813165537216,319,319,194,199,113,1,91,1,1,6,0.008712487899322363,0.000968054211035818,0.007744433688286544,-18,598,1,0,1,232,2,0,2,90,5,0,5,82,1,1,0,31,0,0,0
0.97,0.06,0.85,12,1.5,True,0.05,0.75,base0p97_slope0p06_min0p85_minbase12_maxx1p5_raw,1033,9,1,8,3.006776379477251,3.021297192642788,0.014520813165537216,319,319,194,199,113,1,91,1,1,6,0.008712487899322363,0.000968054211035818,0.007744433688286544,-18,598,1,0,1,232,2,0,2,90,5,0,5,82,1,1,0,31,0,0,0
0.97,0.06,0.88,12,1.5,False,0.05,0.75,base0p97_slope0p06_min0p88_minbase12_maxx1p5_noraw,1033,9,1,8,3.006776379477251,3.021297192642788,0.014520813165537216,319,319,194,199,113,1,91,1,1,6,0.008712487899322363,0.000968054211035818,0.007744433688286544,-18,598,1,0,1,232,2,0,2,90,5,0,5,82,1,1,0,31,0,0,0
0.97,0.06,0.88,12,1.5,True,0.05,0.75,base0p97_slope0p06_min0p88_minbase12_maxx1p5_raw,1033,9,1,8,3.006776379477251,3.021297192642788,0.014520813165537216,319,319,194,199,113,1,91,1,1,6,0.008712487899322363,0.000968054211035818,0.007744433688286544,-18,598,1,0,1,232,2,0,2,90,5,0,5,82,1,1,0,31,0,0,0
0.97,0.06,0.9,12,1.5,False,0.05,0.75,base0p97_slope0p06_min0p9_minbase12_maxx1p5_noraw,1033,9,1,8,3.006776379477251,3.021297192642788,0.014520813165537216,319,319,194,199,113,1,91,1,1,6,0.008712487899322363,0.000968054211035818,0.007744433688286544,-18,598,1,0,1,232,2,0,2,90,5,0,5,82,1,1,0,31,0,0,0
0.97,0.06,0.9,12,1.5,True,0.05,0.75,base0p97_slope0p06_min0p9_minbase12_maxx1p5_raw,1033,9,1,8,3.006776379477251,3.021297192642788,0.014520813165537216,319,319,194,199,113,1,91,1,1,6,0.008712487899322363,0.000968054211035818,0.007744433688286544,-18,598,1,0,1,232,2,0,2,90,5,0,5,82,1,1,0,31,0,0,0
0.97,0.06,0.93,12,1.5,False,0.05,0.75,base0p97_slope0p06_min0p93_minbase12_maxx1p5_noraw,1033,9,1,8,3.006776379477251,3.021297192642788,0.014520813165537216,319,319,194,199,113,1,91,1,1,6,0.008712487899322363,0.000968054211035818,0.007744433688286544,-18,598,1,0,1,232,2,0,2,90,5,0,5,82,1,1,0,31,0,0,0
0.97,0.06,0.93,12,1.5,True,0.05,0.75,base0p97_slope0p06_min0p93_minbase12_maxx1p5_raw,1033,9,1,8,3.006776379477251,3.021297192642788,0.014520813165537216,319,319,194,199,113,1,91,1,1,6,0.008712487899322363,0.000968054211035818,0.007744433688286544,-18,598,1,0,1,232,2,0,2,90,5,0,5,82,1,1,0,31,0,0,0
0.97,0.08,0.85,12,1.5,False,0.05,0.75,base0p97_slope0p08_min0p85_minbase12_maxx1p5_noraw,1033,9,1,8,3.006776379477251,3.021297192642788,0.014520813165537216,319,319,194,199,113,1,91,1,1,6,0.008712487899322363,0.000968054211035818,0.007744433688286544,-18,598,1,0,1,232,2,0,2,90,5,0,5,82,1,1,0,31,0,0,0
0.97,0.08,0.85,12,1.5,True,0.05,0.75,base0p97_slope0p08_min0p85_minbase12_maxx1p5_raw,1033,9,1,8,3.006776379477251,3.021297192642788,0.014520813165537216,319,319,194,199,113,1,91,1,1,6,0.008712487899322363,0.000968054211035818,0.007744433688286544,-18,598,1,0,1,232,2,0,2,90,5,0,5,82,1,1,0,31,0,0,0
0.97,0.08,0.88,12,1.5,False,0.05,0.75,base0p97_slope0p08_min0p88_minbase12_maxx1p5_noraw,1033,9,1,8,3.006776379477251,3.021297192642788,0.014520813165537216,319,319,194,199,113,1,91,1,1,6,0.008712487899322363,0.000968054211035818,0.007744433688286544,-18,598,1,0,1,232,2,0,2,90,5,0,5,82,1,1,0,31,0,0,0
0.97,0.08,0.88,12,1.5,True,0.05,0.75,base0p97_slope0p08_min0p88_minbase12_maxx1p5_raw,1033,9,1,8,3.006776379477251,3.021297192642788,0.014520813165537216,319,319,194,199,113,1,91,1,1,6,0.008712487899322363,0.000968054211035818,0.007744433688286544,-18,598,1,0,1,232,2,0,2,90,5,0,5,82,1,1,0,31,0,0,0
0.97,0.08,0.9,12,1.5,False,0.05,0.75,base0p97_slope0p08_min0p9_minbase12_maxx1p5_noraw,1033,9,1,8,3.006776379477251,3.021297192642788,0.014520813165537216,319,319,194,199,113,1,91,1,1,6,0.008712487899322363,0.000968054211035818,0.007744433688286544,-18,598,1,0,1,232,2,0,2,90,5,0,5,82,1,1,0,31,0,0,0
0.97,0.08,0.9,12,1.5,True,0.05,0.75,base0p97_slope0p08_min0p9_minbase12_maxx1p5_raw,1033,9,1,8,3.006776379477251,3.021297192642788,0.014520813165537216,319,319,194,199,113,1,91,1,1,6,0.008712487899322363,0.000968054211035818,0.007744433688286544,-18,598,1,0,1,232,2,0,2,90,5,0,5,82,1,1,0,31,0,0,0
0.97,0.08,0.93,12,1.5,False,0.05,0.75,base0p97_slope0p08_min0p93_minbase12_maxx1p5_noraw,1033,9,1,8,3.006776379477251,3.021297192642788,0.014520813165537216,319,319,194,199,113,1,91,1,1,6,0.008712487899322363,0.000968054211035818,0.007744433688286544,-18,598,1,0,1,232,2,0,2,90,5,0,5,82,1,1,0,31,0,0,0
0.97,0.08,0.93,12,1.5,True,0.05,0.75,base0p97_slope0p08_min0p93_minbase12_maxx1p5_raw,1033,9,1,8,3.006776379477251,3.021297192642788,0.014520813165537216,319,319,194,199,113,1,91,1,1,6,0.008712487899322363,0.000968054211035818,0.007744433688286544,-18,598,1,0,1,232,2,0,2,90,5,0,5,82,1,1,0,31,0,0,0
0.985,0.08,0.85,12,1.5,False,0.05,0.75,base0p985_slope0p08_min0p85_minbase12_maxx1p5_noraw,1033,6,0,6,3.006776379477251,3.020329138431752,0.013552758954501254,319,319,194,198,113,0,91,0,1,4,0.005808325266214908,0.0,0.005808325266214908,-19,598,1,0,1,232,1,0,1,90,4,0,4,82,0,0,0,31,0,0,0
0.985,0.08,0.85,12,1.5,True,0.05,0.75,base0p985_slope0p08_min0p85_minbase12_maxx1p5_raw,1033,6,0,6,3.006776379477251,3.020329138431752,0.013552758954501254,319,319,194,198,113,0,91,0,1,4,0.005808325266214908,0.0,0.005808325266214908,-19,598,1,0,1,232,1,0,1,90,4,0,4,82,0,0,0,31,0,0,0
0.985,0.08,0.88,12,1.5,False,0.05,0.75,base0p985_slope0p08_min0p88_minbase12_maxx1p5_noraw,1033,6,0,6,3.006776379477251,3.020329138431752,0.013552758954501254,319,319,194,198,113,0,91,0,1,4,0.005808325266214908,0.0,0.005808325266214908,-19,598,1,0,1,232,1,0,1,90,4,0,4,82,0,0,0,31,0,0,0
0.985,0.08,0.88,12,1.5,True,0.05,0.75,base0p985_slope0p08_min0p88_minbase12_maxx1p5_raw,1033,6,0,6,3.006776379477251,3.020329138431752,0.013552758954501254,319,319,194,198,113,0,91,0,1,4,0.005808325266214908,0.0,0.005808325266214908,-19,598,1,0,1,232,1,0,1,90,4,0,4,82,0,0,0,31,0,0,0
0.985,0.08,0.9,12,1.5,False,0.05,0.75,base0p985_slope0p08_min0p9_minbase12_maxx1p5_noraw,1033,6,0,6,3.006776379477251,3.020329138431752,0.013552758954501254,319,319,194,198,113,0,91,0,1,4,0.005808325266214908,0.0,0.005808325266214908,-19,598,1,0,1,232,1,0,1,90,4,0,4,82,0,0,0,31,0,0,0
0.985,0.08,0.9,12,1.5,True,0.05,0.75,base0p985_slope0p08_min0p9_minbase12_maxx1p5_raw,1033,6,0,6,3.006776379477251,3.020329138431752,0.013552758954501254,319,319,194,198,113,0,91,0,1,4,0.005808325266214908,0.0,0.005808325266214908,-19,598,1,0,1,232,1,0,1,90,4,0,4,82,0,0,0,31,0,0,0
0.985,0.08,0.93,12,1.5,False,0.05,0.75,base0p985_slope0p08_min0p93_minbase12_maxx1p5_noraw,1033,6,0,6,3.006776379477251,3.020329138431752,0.013552758954501254,319,319,194,198,113,0,91,0,1,4,0.005808325266214908,0.0,0.005808325266214908,-19,598,1,0,1,232,1,0,1,90,4,0,4,82,0,0,0,31,0,0,0
0.985,0.08,0.93,12,1.5,True,0.05,0.75,base0p985_slope0p08_min0p93_minbase12_maxx1p5_raw,1033,6,0,6,3.006776379477251,3.020329138431752,0.013552758954501254,319,319,194,198,113,0,91,0,1,4,0.005808325266214908,0.0,0.005808325266214908,-19,598,1,0,1,232,1,0,1,90,4,0,4,82,0,0,0,31,0,0,0
0.97,0.08,0.85,12,2.0,False,0.05,0.75,base0p97_slope0p08_min0p85_minbase12_maxx2_noraw,1033,11,2,9,3.006776379477251,3.0232333010648595,0.016456921587608697,319,319,194,199,113,2,91,1,2,8,0.010648596321393998,0.001936108422071636,0.008712487899322363,-22,598,2,0,2,232,2,0,2,90,5,0,5,82,1,1,0,31,1,1,0
0.97,0.08,0.85,12,2.0,True,0.05,0.75,base0p97_slope0p08_min0p85_minbase12_maxx2_raw,1033,11,2,9,3.006776379477251,3.0232333010648595,0.016456921587608697,319,319,194,199,113,2,91,1,2,8,0.010648596321393998,0.001936108422071636,0.008712487899322363,-22,598,2,0,2,232,2,0,2,90,5,0,5,82,1,1,0,31,1,1,0
0.97,0.08,0.85,12,3.0,False,0.05,0.75,base0p97_slope0p08_min0p85_minbase12_maxx3_noraw,1033,11,2,9,3.006776379477251,3.0232333010648595,0.016456921587608697,319,319,194,199,113,2,91,1,2,8,0.010648596321393998,0.001936108422071636,0.008712487899322363,-22,598,2,0,2,232,2,0,2,90,5,0,5,82,1,1,0,31,1,1,0
0.97,0.08,0.85,12,3.0,True,0.05,0.75,base0p97_slope0p08_min0p85_minbase12_maxx3_raw,1033,11,2,9,3.006776379477251,3.0232333010648595,0.016456921587608697,319,319,194,199,113,2,91,1,2,8,0.010648596321393998,0.001936108422071636,0.008712487899322363,-22,598,2,0,2,232,2,0,2,90,5,0,5,82,1,1,0,31,1,1,0
0.97,0.08,0.88,12,2.0,False,0.05,0.75,base0p97_slope0p08_min0p88_minbase12_maxx2_noraw,1033,11,2,9,3.006776379477251,3.0232333010648595,0.016456921587608697,319,319,194,199,113,2,91,1,2,8,0.010648596321393998,0.001936108422071636,0.008712487899322363,-22,598,2,0,2,232,2,0,2,90,5,0,5,82,1,1,0,31,1,1,0
0.97,0.08,0.88,12,2.0,True,0.05,0.75,base0p97_slope0p08_min0p88_minbase12_maxx2_raw,1033,11,2,9,3.006776379477251,3.0232333010648595,0.016456921587608697,319,319,194,199,113,2,91,1,2,8,0.010648596321393998,0.001936108422071636,0.008712487899322363,-22,598,2,0,2,232,2,0,2,90,5,0,5,82,1,1,0,31,1,1,0
0.97,0.08,0.88,12,3.0,False,0.05,0.75,base0p97_slope0p08_min0p88_minbase12_maxx3_noraw,1033,11,2,9,3.006776379477251,3.0232333010648595,0.016456921587608697,319,319,194,199,113,2,91,1,2,8,0.010648596321393998,0.001936108422071636,0.008712487899322363,-22,598,2,0,2,232,2,0,2,90,5,0,5,82,1,1,0,31,1,1,0
0.97,0.08,0.88,12,3.0,True,0.05,0.75,base0p97_slope0p08_min0p88_minbase12_maxx3_raw,1033,11,2,9,3.006776379477251,3.0232333010648595,0.016456921587608697,319,319,194,199,113,2,91,1,2,8,0.010648596321393998,0.001936108422071636,0.008712487899322363,-22,598,2,0,2,232,2,0,2,90,5,0,5,82,1,1,0,31,1,1,0
0.97,0.08,0.9,12,2.0,False,0.05,0.75,base0p97_slope0p08_min0p9_minbase12_maxx2_noraw,1033,11,2,9,3.006776379477251,3.0232333010648595,0.016456921587608697,319,319,194,199,113,2,91,1,2,8,0.010648596321393998,0.001936108422071636,0.008712487899322363,-22,598,2,0,2,232,2,0,2,90,5,0,5,82,1,1,0,31,1,1,0
0.97,0.08,0.9,12,2.0,True,0.05,0.75,base0p97_slope0p08_min0p9_minbase12_maxx2_raw,1033,11,2,9,3.006776379477251,3.0232333010648595,0.016456921587608697,319,319,194,199,113,2,91,1,2,8,0.010648596321393998,0.001936108422071636,0.008712487899322363,-22,598,2,0,2,232,2,0,2,90,5,0,5,82,1,1,0,31,1,1,0
0.97,0.08,0.9,12,3.0,False,0.05,0.75,base0p97_slope0p08_min0p9_minbase12_maxx3_noraw,1033,11,2,9,3.006776379477251,3.0232333010648595,0.016456921587608697,319,319,194,199,113,2,91,1,2,8,0.010648596321393998,0.001936108422071636,0.008712487899322363,-22,598,2,0,2,232,2,0,2,90,5,0,5,82,1,1,0,31,1,1,0
0.97,0.08,0.9,12,3.0,True,0.05,0.75,base0p97_slope0p08_min0p9_minbase12_maxx3_raw,1033,11,2,9,3.006776379477251,3.0232333010648595,0.016456921587608697,319,319,194,199,113,2,91,1,2,8,0.010648596321393998,0.001936108422071636,0.008712487899322363,-22,598,2,0,2,232,2,0,2,90,5,0,5,82,1,1,0,31,1,1,0
0.97,0.02,0.85,12,1.5,False,0.05,0.75,base0p97_slope0p02_min0p85_minbase12_maxx1p5_noraw,1033,7,0,7,3.006776379477251,3.0164569215876087,0.009680542110357848,319,319,194,198,113,0,91,0,1,6,0.006776379477250726,0.0,0.006776379477250726,-23,598,1,0,1,232,2,0,2,90,4,0,4,82,0,0,0,31,0,0,0
0.97,0.02,0.85,12,1.5,True,0.05,0.75,base0p97_slope0p02_min0p85_minbase12_maxx1p5_raw,1033,7,0,7,3.006776379477251,3.0164569215876087,0.009680542110357848,319,319,194,198,113,0,91,0,1,6,0.006776379477250726,0.0,0.006776379477250726,-23,598,1,0,1,232,2,0,2,90,4,0,4,82,0,0,0,31,0,0,0
0.97,0.02,0.85,12,2.0,False,0.05,0.75,base0p97_slope0p02_min0p85_minbase12_maxx2_noraw,1033,7,0,7,3.006776379477251,3.0164569215876087,0.009680542110357848,319,319,194,198,113,0,91,0,1,6,0.006776379477250726,0.0,0.006776379477250726,-23,598,1,0,1,232,2,0,2,90,4,0,4,82,0,0,0,31,0,0,0
0.97,0.02,0.85,12,2.0,True,0.05,0.75,base0p97_slope0p02_min0p85_minbase12_maxx2_raw,1033,7,0,7,3.006776379477251,3.0164569215876087,0.009680542110357848,319,319,194,198,113,0,91,0,1,6,0.006776379477250726,0.0,0.006776379477250726,-23,598,1,0,1,232,2,0,2,90,4,0,4,82,0,0,0,31,0,0,0
0.97,0.02,0.85,12,3.0,False,0.05,0.75,base0p97_slope0p02_min0p85_minbase12_maxx3_noraw,1033,7,0,7,3.006776379477251,3.0164569215876087,0.009680542110357848,319,319,194,198,113,0,91,0,1,6,0.006776379477250726,0.0,0.006776379477250726,-23,598,1,0,1,232,2,0,2,90,4,0,4,82,0,0,0,31,0,0,0
0.97,0.02,0.85,12,3.0,True,0.05,0.75,base0p97_slope0p02_min0p85_minbase12_maxx3_raw,1033,7,0,7,3.006776379477251,3.0164569215876087,0.009680542110357848,319,319,194,198,113,0,91,0,1,6,0.006776379477250726,0.0,0.006776379477250726,-23,598,1,0,1,232,2,0,2,90,4,0,4,82,0,0,0,31,0,0,0
0.97,0.02,0.88,12,1.5,False,0.05,0.75,base0p97_slope0p02_min0p88_minbase12_maxx1p5_noraw,1033,7,0,7,3.006776379477251,3.0164569215876087,0.009680542110357848,319,319,194,198,113,0,91,0,1,6,0.006776379477250726,0.0,0.006776379477250726,-23,598,1,0,1,232,2,0,2,90,4,0,4,82,0,0,0,31,0,0,0
0.97,0.02,0.88,12,1.5,True,0.05,0.75,base0p97_slope0p02_min0p88_minbase12_maxx1p5_raw,1033,7,0,7,3.006776379477251,3.0164569215876087,0.009680542110357848,319,319,194,198,113,0,91,0,1,6,0.006776379477250726,0.0,0.006776379477250726,-23,598,1,0,1,232,2,0,2,90,4,0,4,82,0,0,0,31,0,0,0
0.97,0.02,0.88,12,2.0,False,0.05,0.75,base0p97_slope0p02_min0p88_minbase12_maxx2_noraw,1033,7,0,7,3.006776379477251,3.0164569215876087,0.009680542110357848,319,319,194,198,113,0,91,0,1,6,0.006776379477250726,0.0,0.006776379477250726,-23,598,1,0,1,232,2,0,2,90,4,0,4,82,0,0,0,31,0,0,0
0.97,0.02,0.88,12,2.0,True,0.05,0.75,base0p97_slope0p02_min0p88_minbase12_maxx2_raw,1033,7,0,7,3.006776379477251,3.0164569215876087,0.009680542110357848,319,319,194,198,113,0,91,0,1,6,0.006776379477250726,0.0,0.006776379477250726,-23,598,1,0,1,232,2,0,2,90,4,0,4,82,0,0,0,31,0,0,0
0.97,0.02,0.88,12,3.0,False,0.05,0.75,base0p97_slope0p02_min0p88_minbase12_maxx3_noraw,1033,7,0,7,3.006776379477251,3.0164569215876087,0.009680542110357848,319,319,194,198,113,0,91,0,1,6,0.006776379477250726,0.0,0.006776379477250726,-23,598,1,0,1,232,2,0,2,90,4,0,4,82,0,0,0,31,0,0,0
0.97,0.02,0.88,12,3.0,True,0.05,0.75,base0p97_slope0p02_min0p88_minbase12_maxx3_raw,1033,7,0,7,3.006776379477251,3.0164569215876087,0.009680542110357848,319,319,194,198,113,0,91,0,1,6,0.006776379477250726,0.0,0.006776379477250726,-23,598,1,0,1,232,2,0,2,90,4,0,4,82,0,0,0,31,0,0,0
0.97,0.02,0.9,12,1.5,False,0.05,0.75,base0p97_slope0p02_min0p9_minbase12_maxx1p5_noraw,1033,7,0,7,3.006776379477251,3.0164569215876087,0.009680542110357848,319,319,194,198,113,0,91,0,1,6,0.006776379477250726,0.0,0.006776379477250726,-23,598,1,0,1,232,2,0,2,90,4,0,4,82,0,0,0,31,0,0,0
0.97,0.02,0.9,12,1.5,True,0.05,0.75,base0p97_slope0p02_min0p9_minbase12_maxx1p5_raw,1033,7,0,7,3.006776379477251,3.0164569215876087,0.009680542110357848,319,319,194,198,113,0,91,0,1,6,0.006776379477250726,0.0,0.006776379477250726,-23,598,1,0,1,232,2,0,2,90,4,0,4,82,0,0,0,31,0,0,0
0.97,0.02,0.9,12,2.0,False,0.05,0.75,base0p97_slope0p02_min0p9_minbase12_maxx2_noraw,1033,7,0,7,3.006776379477251,3.0164569215876087,0.009680542110357848,319,319,194,198,113,0,91,0,1,6,0.006776379477250726,0.0,0.006776379477250726,-23,598,1,0,1,232,2,0,2,90,4,0,4,82,0,0,0,31,0,0,0
0.97,0.02,0.9,12,2.0,True,0.05,0.75,base0p97_slope0p02_min0p9_minbase12_maxx2_raw,1033,7,0,7,3.006776379477251,3.0164569215876087,0.009680542110357848,319,319,194,198,113,0,91,0,1,6,0.006776379477250726,0.0,0.006776379477250726,-23,598,1,0,1,232,2,0,2,90,4,0,4,82,0,0,0,31,0,0,0
0.97,0.02,0.9,12,3.0,False,0.05,0.75,base0p97_slope0p02_min0p9_minbase12_maxx3_noraw,1033,7,0,7,3.006776379477251,3.0164569215876087,0.009680542110357848,319,319,194,198,113,0,91,0,1,6,0.006776379477250726,0.0,0.006776379477250726,-23,598,1,0,1,232,2,0,2,90,4,0,4,82,0,0,0,31,0,0,0
0.97,0.02,0.9,12,3.0,True,0.05,0.75,base0p97_slope0p02_min0p9_minbase12_maxx3_raw,1033,7,0,7,3.006776379477251,3.0164569215876087,0.009680542110357848,319,319,194,198,113,0,91,0,1,6,0.006776379477250726,0.0,0.006776379477250726,-23,598,1,0,1,232,2,0,2,90,4,0,4,82,0,0,0,31,0,0,0
0.97,0.02,0.93,12,1.5,False,0.05,0.75,base0p97_slope0p02_min0p93_minbase12_maxx1p5_noraw,1033,7,0,7,3.006776379477251,3.0164569215876087,0.009680542110357848,319,319,194,198,113,0,91,0,1,6,0.006776379477250726,0.0,0.006776379477250726,-23,598,1,0,1,232,2,0,2,90,4,0,4,82,0,0,0,31,0,0,0
0.97,0.02,0.93,12,1.5,True,0.05,0.75,base0p97_slope0p02_min0p93_minbase12_maxx1p5_raw,1033,7,0,7,3.006776379477251,3.0164569215876087,0.009680542110357848,319,319,194,198,113,0,91,0,1,6,0.006776379477250726,0.0,0.006776379477250726,-23,598,1,0,1,232,2,0,2,90,4,0,4,82,0,0,0,31,0,0,0
0.97,0.02,0.93,12,2.0,False,0.05,0.75,base0p97_slope0p02_min0p93_minbase12_maxx2_noraw,1033,7,0,7,3.006776379477251,3.0164569215876087,0.009680542110357848,319,319,194,198,113,0,91,0,1,6,0.006776379477250726,0.0,0.006776379477250726,-23,598,1,0,1,232,2,0,2,90,4,0,4,82,0,0,0,31,0,0,0
0.97,0.02,0.93,12,2.0,True,0.05,0.75,base0p97_slope0p02_min0p93_minbase12_maxx2_raw,1033,7,0,7,3.006776379477251,3.0164569215876087,0.009680542110357848,319,319,194,198,113,0,91,0,1,6,0.006776379477250726,0.0,0.006776379477250726,-23,598,1,0,1,232,2,0,2,90,4,0,4,82,0,0,0,31,0,0,0
0.97,0.02,0.93,12,3.0,False,0.05,0.75,base0p97_slope0p02_min0p93_minbase12_maxx3_noraw,1033,7,0,7,3.006776379477251,3.0164569215876087,0.009680542110357848,319,319,194,198,113,0,91,0,1,6,0.006776379477250726,0.0,0.006776379477250726,-23,598,1,0,1,232,2,0,2,90,4,0,4,82,0,0,0,31,0,0,0
0.97,0.02,0.93,12,3.0,True,0.05,0.75,base0p97_slope0p02_min0p93_minbase12_maxx3_raw,1033,7,0,7,3.006776379477251,3.0164569215876087,0.009680542110357848,319,319,194,198,113,0,91,0,1,6,0.006776379477250726,0.0,0.006776379477250726,-23,598,1,0,1,232,2,0,2,90,4,0,4,82,0,0,0,31,0,0,0
0.97,0.06,0.85,12,2.0,False,0.05,0.75,base0p97_slope0p06_min0p85_minbase12_maxx2_noraw,1033,10,1,9,3.006776379477251,3.032913843175218,0.02613746369796699,319,319,194,199,113,1,91,1,2,7,0.00968054211035818,0.000968054211035818,0.008712487899322363,-24,598,2,0,2,232,2,0,2,90,5,0,5,82,1,1,0,31,0,0,0
0.97,0.06,0.85,12,2.0,True,0.05,0.75,base0p97_slope0p06_min0p85_minbase12_maxx2_raw,1033,10,1,9,3.006776379477251,3.032913843175218,0.02613746369796699,319,319,194,199,113,1,91,1,2,7,0.00968054211035818,0.000968054211035818,0.008712487899322363,-24,598,2,0,2,232,2,0,2,90,5,0,5,82,1,1,0,31,0,0,0
0.97,0.06,0.85,12,3.0,False,0.05,0.75,base0p97_slope0p06_min0p85_minbase12_maxx3_noraw,1033,10,1,9,3.006776379477251,3.032913843175218,0.02613746369796699,319,319,194,199,113,1,91,1,2,7,0.00968054211035818,0.000968054211035818,0.008712487899322363,-24,598,2,0,2,232,2,0,2,90,5,0,5,82,1,1,0,31,0,0,0
0.97,0.06,0.85,12,3.0,True,0.05,0.75,base0p97_slope0p06_min0p85_minbase12_maxx3_raw,1033,10,1,9,3.006776379477251,3.032913843175218,0.02613746369796699,319,319,194,199,113,1,91,1,2,7,0.00968054211035818,0.000968054211035818,0.008712487899322363,-24,598,2,0,2,232,2,0,2,90,5,0,5,82,1,1,0,31,0,0,0
0.97,0.06,0.88,12,2.0,False,0.05,0.75,base0p97_slope0p06_min0p88_minbase12_maxx2_noraw,1033,10,1,9,3.006776379477251,3.032913843175218,0.02613746369796699,319,319,194,199,113,1,91,1,2,7,0.00968054211035818,0.000968054211035818,0.008712487899322363,-24,598,2,0,2,232,2,0,2,90,5,0,5,82,1,1,0,31,0,0,0
0.97,0.06,0.88,12,2.0,True,0.05,0.75,base0p97_slope0p06_min0p88_minbase12_maxx2_raw,1033,10,1,9,3.006776379477251,3.032913843175218,0.02613746369796699,319,319,194,199,113,1,91,1,2,7,0.00968054211035818,0.000968054211035818,0.008712487899322363,-24,598,2,0,2,232,2,0,2,90,5,0,5,82,1,1,0,31,0,0,0
0.97,0.06,0.88,12,3.0,False,0.05,0.75,base0p97_slope0p06_min0p88_minbase12_maxx3_noraw,1033,10,1,9,3.006776379477251,3.032913843175218,0.02613746369796699,319,319,194,199,113,1,91,1,2,7,0.00968054211035818,0.000968054211035818,0.008712487899322363,-24,598,2,0,2,232,2,0,2,90,5,0,5,82,1,1,0,31,0,0,0
0.97,0.06,0.88,12,3.0,True,0.05,0.75,base0p97_slope0p06_min0p88_minbase12_maxx3_raw,1033,10,1,9,3.006776379477251,3.032913843175218,0.02613746369796699,319,319,194,199,113,1,91,1,2,7,0.00968054211035818,0.000968054211035818,0.008712487899322363,-24,598,2,0,2,232,2,0,2,90,5,0,5,82,1,1,0,31,0,0,0
0.97,0.06,0.9,12,2.0,False,0.05,0.75,base0p97_slope0p06_min0p9_minbase12_maxx2_noraw,1033,10,1,9,3.006776379477251,3.032913843175218,0.02613746369796699,319,319,194,199,113,1,91,1,2,7,0.00968054211035818,0.000968054211035818,0.008712487899322363,-24,598,2,0,2,232,2,0,2,90,5,0,5,82,1,1,0,31,0,0,0
0.97,0.06,0.9,12,2.0,True,0.05,0.75,base0p97_slope0p06_min0p9_minbase12_maxx2_raw,1033,10,1,9,3.006776379477251,3.032913843175218,0.02613746369796699,319,319,194,199,113,1,91,1,2,7,0.00968054211035818,0.000968054211035818,0.008712487899322363,-24,598,2,0,2,232,2,0,2,90,5,0,5,82,1,1,0,31,0,0,0
0.97,0.06,0.9,12,3.0,False,0.05,0.75,base0p97_slope0p06_min0p9_minbase12_maxx3_noraw,1033,10,1,9,3.006776379477251,3.032913843175218,0.02613746369796699,319,319,194,199,113,1,91,1,2,7,0.00968054211035818,0.000968054211035818,0.008712487899322363,-24,598,2,0,2,232,2,0,2,90,5,0,5,82,1,1,0,31,0,0,0
0.97,0.06,0.9,12,3.0,True,0.05,0.75,base0p97_slope0p06_min0p9_minbase12_maxx3_raw,1033,10,1,9,3.006776379477251,3.032913843175218,0.02613746369796699,319,319,194,199,113,1,91,1,2,7,0.00968054211035818,0.000968054211035818,0.008712487899322363,-24,598,2,0,2,232,2,0,2,90,5,0,5,82,1,1,0,31,0,0,0
0.97,0.06,0.93,12,2.0,False,0.05,0.75,base0p97_slope0p06_min0p93_minbase12_maxx2_noraw,1033,10,1,9,3.006776379477251,3.032913843175218,0.02613746369796699,319,319,194,199,113,1,91,1,2,7,0.00968054211035818,0.000968054211035818,0.008712487899322363,-24,598,2,0,2,232,2,0,2,90,5,0,5,82,1,1,0,31,0,0,0
0.97,0.06,0.93,12,2.0,True,0.05,0.75,base0p97_slope0p06_min0p93_minbase12_maxx2_raw,1033,10,1,9,3.006776379477251,3.032913843175218,0.02613746369796699,319,319,194,199,113,1,91,1,2,7,0.00968054211035818,0.000968054211035818,0.008712487899322363,-24,598,2,0,2,232,2,0,2,90,5,0,5,82,1,1,0,31,0,0,0
0.97,0.06,0.93,12,3.0,False,0.05,0.75,base0p97_slope0p06_min0p93_minbase12_maxx3_noraw,1033,10,1,9,3.006776379477251,3.032913843175218,0.02613746369796699,319,319,194,199,113,1,91,1,2,7,0.00968054211035818,0.000968054211035818,0.008712487899322363,-24,598,2,0,2,232,2,0,2,90,5,0,5,82,1,1,0,31,0,0,0
0.97,0.06,0.93,12,3.0,True,0.05,0.75,base0p97_slope0p06_min0p93_minbase12_maxx3_raw,1033,10,1,9,3.006776379477251,3.032913843175218,0.02613746369796699,319,319,194,199,113,1,91,1,2,7,0.00968054211035818,0.000968054211035818,0.008712487899322363,-24,598,2,0,2,232,2,0,2,90,5,0,5,82,1,1,0,31,0,0,0
0.97,0.08,0.93,12,2.0,False,0.05,0.75,base0p97_slope0p08_min0p93_minbase12_maxx2_noraw,1033,10,1,9,3.006776379477251,3.032913843175218,0.02613746369796699,319,319,194,199,113,1,91,1,2,7,0.00968054211035818,0.000968054211035818,0.008712487899322363,-24,598,2,0,2,232,2,0,2,90,5,0,5,82,1,1,0,31,0,0,0
0.97,0.08,0.93,12,2.0,True,0.05,0.75,base0p97_slope0p08_min0p93_minbase12_maxx2_raw,1033,10,1,9,3.006776379477251,3.032913843175218,0.02613746369796699,319,319,194,199,113,1,91,1,2,7,0.00968054211035818,0.000968054211035818,0.008712487899322363,-24,598,2,0,2,232,2,0,2,90,5,0,5,82,1,1,0,31,0,0,0
0.97,0.08,0.93,12,3.0,False,0.05,0.75,base0p97_slope0p08_min0p93_minbase12_maxx3_noraw,1033,10,1,9,3.006776379477251,3.032913843175218,0.02613746369796699,319,319,194,199,113,1,91,1,2,7,0.00968054211035818,0.000968054211035818,0.008712487899322363,-24,598,2,0,2,232,2,0,2,90,5,0,5,82,1,1,0,31,0,0,0
0.97,0.08,0.93,12,3.0,True,0.05,0.75,base0p97_slope0p08_min0p93_minbase12_maxx3_raw,1033,10,1,9,3.006776379477251,3.032913843175218,0.02613746369796699,319,319,194,199,113,1,91,1,2,7,0.00968054211035818,0.000968054211035818,0.008712487899322363,-24,598,2,0,2,232,2,0,2,90,5,0,5,82,1,1,0,31,0,0,0
0.985,0.02,0.85,10,2.0,False,0.05,0.75,base0p985_slope0p02_min0p85_minbase10_maxx2_noraw,1033,13,3,10,3.006776379477251,3.0232333010648595,0.016456921587608697,319,316,194,203,113,1,91,1,1,11,0.012584704743465635,0.002904162633107454,0.00968054211035818,-25,598,1,0,1,232,8,2,6,90,3,0,3,82,1,1,0,31,0,0,0
0.985,0.02,0.85,10,2.0,True,0.05,0.75,base0p985_slope0p02_min0p85_minbase10_maxx2_raw,1033,13,3,10,3.006776379477251,3.0232333010648595,0.016456921587608697,319,316,194,203,113,1,91,1,1,11,0.012584704743465635,0.002904162633107454,0.00968054211035818,-25,598,1,0,1,232,8,2,6,90,3,0,3,82,1,1,0,31,0,0,0
0.985,0.02,0.85,10,3.0,False,0.05,0.75,base0p985_slope0p02_min0p85_minbase10_maxx3_noraw,1033,13,3,10,3.006776379477251,3.0232333010648595,0.016456921587608697,319,316,194,203,113,1,91,1,1,11,0.012584704743465635,0.002904162633107454,0.00968054211035818,-25,598,1,0,1,232,8,2,6,90,3,0,3,82,1,1,0,31,0,0,0
0.985,0.02,0.85,10,3.0,True,0.05,0.75,base0p985_slope0p02_min0p85_minbase10_maxx3_raw,1033,13,3,10,3.006776379477251,3.0232333010648595,0.016456921587608697,319,316,194,203,113,1,91,1,1,11,0.012584704743465635,0.002904162633107454,0.00968054211035818,-25,598,1,0,1,232,8,2,6,90,3,0,3,82,1,1,0,31,0,0,0
0.985,0.02,0.88,10,2.0,False,0.05,0.75,base0p985_slope0p02_min0p88_minbase10_maxx2_noraw,1033,13,3,10,3.006776379477251,3.0232333010648595,0.016456921587608697,319,316,194,203,113,1,91,1,1,11,0.012584704743465635,0.002904162633107454,0.00968054211035818,-25,598,1,0,1,232,8,2,6,90,3,0,3,82,1,1,0,31,0,0,0
0.985,0.02,0.88,10,2.0,True,0.05,0.75,base0p985_slope0p02_min0p88_minbase10_maxx2_raw,1033,13,3,10,3.006776379477251,3.0232333010648595,0.016456921587608697,319,316,194,203,113,1,91,1,1,11,0.012584704743465635,0.002904162633107454,0.00968054211035818,-25,598,1,0,1,232,8,2,6,90,3,0,3,82,1,1,0,31,0,0,0
0.985,0.02,0.88,10,3.0,False,0.05,0.75,base0p985_slope0p02_min0p88_minbase10_maxx3_noraw,1033,13,3,10,3.006776379477251,3.0232333010648595,0.016456921587608697,319,316,194,203,113,1,91,1,1,11,0.012584704743465635,0.002904162633107454,0.00968054211035818,-25,598,1,0,1,232,8,2,6,90,3,0,3,82,1,1,0,31,0,0,0
0.985,0.02,0.88,10,3.0,True,0.05,0.75,base0p985_slope0p02_min0p88_minbase10_maxx3_raw,1033,13,3,10,3.006776379477251,3.0232333010648595,0.016456921587608697,319,316,194,203,113,1,91,1,1,11,0.012584704743465635,0.002904162633107454,0.00968054211035818,-25,598,1,0,1,232,8,2,6,90,3,0,3,82,1,1,0,31,0,0,0
0.985,0.02,0.9,10,2.0,False,0.05,0.75,base0p985_slope0p02_min0p9_minbase10_maxx2_noraw,1033,13,3,10,3.006776379477251,3.0232333010648595,0.016456921587608697,319,316,194,203,113,1,91,1,1,11,0.012584704743465635,0.002904162633107454,0.00968054211035818,-25,598,1,0,1,232,8,2,6,90,3,0,3,82,1,1,0,31,0,0,0
0.985,0.02,0.9,10,2.0,True,0.05,0.75,base0p985_slope0p02_min0p9_minbase10_maxx2_raw,1033,13,3,10,3.006776379477251,3.0232333010648595,0.016456921587608697,319,316,194,203,113,1,91,1,1,11,0.012584704743465635,0.002904162633107454,0.00968054211035818,-25,598,1,0,1,232,8,2,6,90,3,0,3,82,1,1,0,31,0,0,0
0.985,0.02,0.9,10,3.0,False,0.05,0.75,base0p985_slope0p02_min0p9_minbase10_maxx3_noraw,1033,13,3,10,3.006776379477251,3.0232333010648595,0.016456921587608697,319,316,194,203,113,1,91,1,1,11,0.012584704743465635,0.002904162633107454,0.00968054211035818,-25,598,1,0,1,232,8,2,6,90,3,0,3,82,1,1,0,31,0,0,0
0.985,0.02,0.9,10,3.0,True,0.05,0.75,base0p985_slope0p02_min0p9_minbase10_maxx3_raw,1033,13,3,10,3.006776379477251,3.0232333010648595,0.016456921587608697,319,316,194,203,113,1,91,1,1,11,0.012584704743465635,0.002904162633107454,0.00968054211035818,-25,598,1,0,1,232,8,2,6,90,3,0,3,82,1,1,0,31,0,0,0
0.985,0.02,0.93,10,2.0,False,0.05,0.75,base0p985_slope0p02_min0p93_minbase10_maxx2_noraw,1033,13,3,10,3.006776379477251,3.0232333010648595,0.016456921587608697,319,316,194,203,113,1,91,1,1,11,0.012584704743465635,0.002904162633107454,0.00968054211035818,-25,598,1,0,1,232,8,2,6,90,3,0,3,82,1,1,0,31,0,0,0
0.985,0.02,0.93,10,2.0,True,0.05,0.75,base0p985_slope0p02_min0p93_minbase10_maxx2_raw,1033,13,3,10,3.006776379477251,3.0232333010648595,0.016456921587608697,319,316,194,203,113,1,91,1,1,11,0.012584704743465635,0.002904162633107454,0.00968054211035818,-25,598,1,0,1,232,8,2,6,90,3,0,3,82,1,1,0,31,0,0,0
0.985,0.02,0.93,10,3.0,False,0.05,0.75,base0p985_slope0p02_min0p93_minbase10_maxx3_noraw,1033,13,3,10,3.006776379477251,3.0232333010648595,0.016456921587608697,319,316,194,203,113,1,91,1,1,11,0.012584704743465635,0.002904162633107454,0.00968054211035818,-25,598,1,0,1,232,8,2,6,90,3,0,3,82,1,1,0,31,0,0,0
0.985,0.02,0.93,10,3.0,True,0.05,0.75,base0p985_slope0p02_min0p93_minbase10_maxx3_raw,1033,13,3,10,3.006776379477251,3.0232333010648595,0.016456921587608697,319,316,194,203,113,1,91,1,1,11,0.012584704743465635,0.002904162633107454,0.00968054211035818,-25,598,1,0,1,232,8,2,6,90,3,0,3,82,1,1,0,31,0,0,0
0.97,0.04,0.85,12,1.5,False,0.05,0.75,base0p97_slope0p04_min0p85_minbase12_maxx1p5_noraw,1033,8,0,8,3.006776379477251,3.022265246853824,0.015488867376573179,319,319,194,199,113,0,91,0,1,6,0.007744433688286544,0.0,0.007744433688286544,-25,598,1,0,1,232,2,0,2,90,5,0,5,82,0,0,0,31,0,0,0
0.97,0.04,0.85,12,1.5,True,0.05,0.75,base0p97_slope0p04_min0p85_minbase12_maxx1p5_raw,1033,8,0,8,3.006776379477251,3.022265246853824,0.015488867376573179,319,319,194,199,113,0,91,0,1,6,0.007744433688286544,0.0,0.007744433688286544,-25,598,1,0,1,232,2,0,2,90,5,0,5,82,0,0,0,31,0,0,0
0.97,0.04,0.85,12,2.0,False,0.05,0.75,base0p97_slope0p04_min0p85_minbase12_maxx2_noraw,1033,8,0,8,3.006776379477251,3.022265246853824,0.015488867376573179,319,319,194,199,113,0,91,0,1,6,0.007744433688286544,0.0,0.007744433688286544,-25,598,1,0,1,232,2,0,2,90,5,0,5,82,0,0,0,31,0,0,0
0.97,0.04,0.85,12,2.0,True,0.05,0.75,base0p97_slope0p04_min0p85_minbase12_maxx2_raw,1033,8,0,8,3.006776379477251,3.022265246853824,0.015488867376573179,319,319,194,199,113,0,91,0,1,6,0.007744433688286544,0.0,0.007744433688286544,-25,598,1,0,1,232,2,0,2,90,5,0,5,82,0,0,0,31,0,0,0
0.97,0.04,0.85,12,3.0,False,0.05,0.75,base0p97_slope0p04_min0p85_minbase12_maxx3_noraw,1033,8,0,8,3.006776379477251,3.022265246853824,0.015488867376573179,319,319,194,199,113,0,91,0,1,6,0.007744433688286544,0.0,0.007744433688286544,-25,598,1,0,1,232,2,0,2,90,5,0,5,82,0,0,0,31,0,0,0
0.97,0.04,0.85,12,3.0,True,0.05,0.75,base0p97_slope0p04_min0p85_minbase12_maxx3_raw,1033,8,0,8,3.006776379477251,3.022265246853824,0.015488867376573179,319,319,194,199,113,0,91,0,1,6,0.007744433688286544,0.0,0.007744433688286544,-25,598,1,0,1,232,2,0,2,90,5,0,5,82,0,0,0,31,0,0,0
0.97,0.04,0.88,12,1.5,False,0.05,0.75,base0p97_slope0p04_min0p88_minbase12_maxx1p5_noraw,1033,8,0,8,3.006776379477251,3.022265246853824,0.015488867376573179,319,319,194,199,113,0,91,0,1,6,0.007744433688286544,0.0,0.007744433688286544,-25,598,1,0,1,232,2,0,2,90,5,0,5,82,0,0,0,31,0,0,0
0.97,0.04,0.88,12,1.5,True,0.05,0.75,base0p97_slope0p04_min0p88_minbase12_maxx1p5_raw,1033,8,0,8,3.006776379477251,3.022265246853824,0.015488867376573179,319,319,194,199,113,0,91,0,1,6,0.007744433688286544,0.0,0.007744433688286544,-25,598,1,0,1,232,2,0,2,90,5,0,5,82,0,0,0,31,0,0,0
0.97,0.04,0.88,12,2.0,False,0.05,0.75,base0p97_slope0p04_min0p88_minbase12_maxx2_noraw,1033,8,0,8,3.006776379477251,3.022265246853824,0.015488867376573179,319,319,194,199,113,0,91,0,1,6,0.007744433688286544,0.0,0.007744433688286544,-25,598,1,0,1,232,2,0,2,90,5,0,5,82,0,0,0,31,0,0,0
0.97,0.04,0.88,12,2.0,True,0.05,0.75,base0p97_slope0p04_min0p88_minbase12_maxx2_raw,1033,8,0,8,3.006776379477251,3.022265246853824,0.015488867376573179,319,319,194,199,113,0,91,0,1,6,0.007744433688286544,0.0,0.007744433688286544,-25,598,1,0,1,232,2,0,2,90,5,0,5,82,0,0,0,31,0,0,0
0.97,0.04,0.88,12,3.0,False,0.05,0.75,base0p97_slope0p04_min0p88_minbase12_maxx3_noraw,1033,8,0,8,3.006776379477251,3.022265246853824,0.015488867376573179,319,319,194,199,113,0,91,0,1,6,0.007744433688286544,0.0,0.007744433688286544,-25,598,1,0,1,232,2,0,2,90,5,0,5,82,0,0,0,31,0,0,0
0.97,0.04,0.88,12,3.0,True,0.05,0.75,base0p97_slope0p04_min0p88_minbase12_maxx3_raw,1033,8,0,8,3.006776379477251,3.022265246853824,0.015488867376573179,319,319,194,199,113,0,91,0,1,6,0.007744433688286544,0.0,0.007744433688286544,-25,598,1,0,1,232,2,0,2,90,5,0,5,82,0,0,0,31,0,0,0
0.97,0.04,0.9,12,1.5,False,0.05,0.75,base0p97_slope0p04_min0p9_minbase12_maxx1p5_noraw,1033,8,0,8,3.006776379477251,3.022265246853824,0.015488867376573179,319,319,194,199,113,0,91,0,1,6,0.007744433688286544,0.0,0.007744433688286544,-25,598,1,0,1,232,2,0,2,90,5,0,5,82,0,0,0,31,0,0,0
0.97,0.04,0.9,12,1.5,True,0.05,0.75,base0p97_slope0p04_min0p9_minbase12_maxx1p5_raw,1033,8,0,8,3.006776379477251,3.022265246853824,0.015488867376573179,319,319,194,199,113,0,91,0,1,6,0.007744433688286544,0.0,0.007744433688286544,-25,598,1,0,1,232,2,0,2,90,5,0,5,82,0,0,0,31,0,0,0
0.97,0.04,0.9,12,2.0,False,0.05,0.75,base0p97_slope0p04_min0p9_minbase12_maxx2_noraw,1033,8,0,8,3.006776379477251,3.022265246853824,0.015488867376573179,319,319,194,199,113,0,91,0,1,6,0.007744433688286544,0.0,0.007744433688286544,-25,598,1,0,1,232,2,0,2,90,5,0,5,82,0,0,0,31,0,0,0
0.97,0.04,0.9,12,2.0,True,0.05,0.75,base0p97_slope0p04_min0p9_minbase12_maxx2_raw,1033,8,0,8,3.006776379477251,3.022265246853824,0.015488867376573179,319,319,194,199,113,0,91,0,1,6,0.007744433688286544,0.0,0.007744433688286544,-25,598,1,0,1,232,2,0,2,90,5,0,5,82,0,0,0,31,0,0,0
0.97,0.04,0.9,12,3.0,False,0.05,0.75,base0p97_slope0p04_min0p9_minbase12_maxx3_noraw,1033,8,0,8,3.006776379477251,3.022265246853824,0.015488867376573179,319,319,194,199,113,0,91,0,1,6,0.007744433688286544,0.0,0.007744433688286544,-25,598,1,0,1,232,2,0,2,90,5,0,5,82,0,0,0,31,0,0,0
0.97,0.04,0.9,12,3.0,True,0.05,0.75,base0p97_slope0p04_min0p9_minbase12_maxx3_raw,1033,8,0,8,3.006776379477251,3.022265246853824,0.015488867376573179,319,319,194,199,113,0,91,0,1,6,0.007744433688286544,0.0,0.007744433688286544,-25,598,1,0,1,232,2,0,2,90,5,0,5,82,0,0,0,31,0,0,0
0.97,0.04,0.93,12,1.5,False,0.05,0.75,base0p97_slope0p04_min0p93_minbase12_maxx1p5_noraw,1033,8,0,8,3.006776379477251,3.022265246853824,0.015488867376573179,319,319,194,199,113,0,91,0,1,6,0.007744433688286544,0.0,0.007744433688286544,-25,598,1,0,1,232,2,0,2,90,5,0,5,82,0,0,0,31,0,0,0
0.97,0.04,0.93,12,1.5,True,0.05,0.75,base0p97_slope0p04_min0p93_minbase12_maxx1p5_raw,1033,8,0,8,3.006776379477251,3.022265246853824,0.015488867376573179,319,319,194,199,113,0,91,0,1,6,0.007744433688286544,0.0,0.007744433688286544,-25,598,1,0,1,232,2,0,2,90,5,0,5,82,0,0,0,31,0,0,0
0.97,0.04,0.93,12,2.0,False,0.05,0.75,base0p97_slope0p04_min0p93_minbase12_maxx2_noraw,1033,8,0,8,3.006776379477251,3.022265246853824,0.015488867376573179,319,319,194,199,113,0,91,0,1,6,0.007744433688286544,0.0,0.007744433688286544,-25,598,1,0,1,232,2,0,2,90,5,0,5,82,0,0,0,31,0,0,0
0.97,0.04,0.93,12,2.0,True,0.05,0.75,base0p97_slope0p04_min0p93_minbase12_maxx2_raw,1033,8,0,8,3.006776379477251,3.022265246853824,0.015488867376573179,319,319,194,199,113,0,91,0,1,6,0.007744433688286544,0.0,0.007744433688286544,-25,598,1,0,1,232,2,0,2,90,5,0,5,82,0,0,0,31,0,0,0
0.97,0.04,0.93,12,3.0,False,0.05,0.75,base0p97_slope0p04_min0p93_minbase12_maxx3_noraw,1033,8,0,8,3.006776379477251,3.022265246853824,0.015488867376573179,319,319,194,199,113,0,91,0,1,6,0.007744433688286544,0.0,0.007744433688286544,-25,598,1,0,1,232,2,0,2,90,5,0,5,82,0,0,0,31,0,0,0
0.97,0.04,0.93,12,3.0,True,0.05,0.75,base0p97_slope0p04_min0p93_minbase12_maxx3_raw,1033,8,0,8,3.006776379477251,3.022265246853824,0.015488867376573179,319,319,194,199,113,0,91,0,1,6,0.007744433688286544,0.0,0.007744433688286544,-25,598,1,0,1,232,2,0,2,90,5,0,5,82,0,0,0,31,0,0,0
0.985,0.08,0.85,12,2.0,False,0.05,0.75,base0p985_slope0p08_min0p85_minbase12_maxx2_noraw,1033,7,0,7,3.006776379477251,3.031945788964182,0.025169409486931027,319,319,194,198,113,0,91,0,2,5,0.006776379477250726,0.0,0.006776379477250726,-25,598,2,0,2,232,1,0,1,90,4,0,4,82,0,0,0,31,0,0,0
0.985,0.08,0.85,12,2.0,True,0.05,0.75,base0p985_slope0p08_min0p85_minbase12_maxx2_raw,1033,7,0,7,3.006776379477251,3.031945788964182,0.025169409486931027,319,319,194,198,113,0,91,0,2,5,0.006776379477250726,0.0,0.006776379477250726,-25,598,2,0,2,232,1,0,1,90,4,0,4,82,0,0,0,31,0,0,0
0.985,0.08,0.85,12,3.0,False,0.05,0.75,base0p985_slope0p08_min0p85_minbase12_maxx3_noraw,1033,7,0,7,3.006776379477251,3.031945788964182,0.025169409486931027,319,319,194,198,113,0,91,0,2,5,0.006776379477250726,0.0,0.006776379477250726,-25,598,2,0,2,232,1,0,1,90,4,0,4,82,0,0,0,31,0,0,0
0.985,0.08,0.85,12,3.0,True,0.05,0.75,base0p985_slope0p08_min0p85_minbase12_maxx3_raw,1033,7,0,7,3.006776379477251,3.031945788964182,0.025169409486931027,319,319,194,198,113,0,91,0,2,5,0.006776379477250726,0.0,0.006776379477250726,-25,598,2,0,2,232,1,0,1,90,4,0,4,82,0,0,0,31,0,0,0
0.985,0.08,0.88,12,2.0,False,0.05,0.75,base0p985_slope0p08_min0p88_minbase12_maxx2_noraw,1033,7,0,7,3.006776379477251,3.031945788964182,0.025169409486931027,319,319,194,198,113,0,91,0,2,5,0.006776379477250726,0.0,0.006776379477250726,-25,598,2,0,2,232,1,0,1,90,4,0,4,82,0,0,0,31,0,0,0
0.985,0.08,0.88,12,2.0,True,0.05,0.75,base0p985_slope0p08_min0p88_minbase12_maxx2_raw,1033,7,0,7,3.006776379477251,3.031945788964182,0.025169409486931027,319,319,194,198,113,0,91,0,2,5,0.006776379477250726,0.0,0.006776379477250726,-25,598,2,0,2,232,1,0,1,90,4,0,4,82,0,0,0,31,0,0,0
0.985,0.08,0.88,12,3.0,False,0.05,0.75,base0p985_slope0p08_min0p88_minbase12_maxx3_noraw,1033,7,0,7,3.006776379477251,3.031945788964182,0.025169409486931027,319,319,194,198,113,0,91,0,2,5,0.006776379477250726,0.0,0.006776379477250726,-25,598,2,0,2,232,1,0,1,90,4,0,4,82,0,0,0,31,0,0,0
0.985,0.08,0.88,12,3.0,True,0.05,0.75,base0p985_slope0p08_min0p88_minbase12_maxx3_raw,1033,7,0,7,3.006776379477251,3.031945788964182,0.025169409486931027,319,319,194,198,113,0,91,0,2,5,0.006776379477250726,0.0,0.006776379477250726,-25,598,2,0,2,232,1,0,1,90,4,0,4,82,0,0,0,31,0,0,0
0.985,0.08,0.9,12,2.0,False,0.05,0.75,base0p985_slope0p08_min0p9_minbase12_maxx2_noraw,1033,7,0,7,3.006776379477251,3.031945788964182,0.025169409486931027,319,319,194,198,113,0,91,0,2,5,0.006776379477250726,0.0,0.006776379477250726,-25,598,2,0,2,232,1,0,1,90,4,0,4,82,0,0,0,31,0,0,0
0.985,0.08,0.9,12,2.0,True,0.05,0.75,base0p985_slope0p08_min0p9_minbase12_maxx2_raw,1033,7,0,7,3.006776379477251,3.031945788964182,0.025169409486931027,319,319,194,198,113,0,91,0,2,5,0.006776379477250726,0.0,0.006776379477250726,-25,598,2,0,2,232,1,0,1,90,4,0,4,82,0,0,0,31,0,0,0
0.985,0.08,0.9,12,3.0,False,0.05,0.75,base0p985_slope0p08_min0p9_minbase12_maxx3_noraw,1033,7,0,7,3.006776379477251,3.031945788964182,0.025169409486931027,319,319,194,198,113,0,91,0,2,5,0.006776379477250726,0.0,0.006776379477250726,-25,598,2,0,2,232,1,0,1,90,4,0,4,82,0,0,0,31,0,0,0
0.985,0.08,0.9,12,3.0,True,0.05,0.75,base0p985_slope0p08_min0p9_minbase12_maxx3_raw,1033,7,0,7,3.006776379477251,3.031945788964182,0.025169409486931027,319,319,194,198,113,0,91,0,2,5,0.006776379477250726,0.0,0.006776379477250726,-25,598,2,0,2,232,1,0,1,90,4,0,4,82,0,0,0,31,0,0,0
0.985,0.08,0.93,12,2.0,False,0.05,0.75,base0p985_slope0p08_min0p93_minbase12_maxx2_noraw,1033,7,0,7,3.006776379477251,3.031945788964182,0.025169409486931027,319,319,194,198,113,0,91,0,2,5,0.006776379477250726,0.0,0.006776379477250726,-25,598,2,0,2,232,1,0,1,90,4,0,4,82,0,0,0,31,0,0,0
0.985,0.08,0.93,12,2.0,True,0.05,0.75,base0p985_slope0p08_min0p93_minbase12_maxx2_raw,1033,7,0,7,3.006776379477251,3.031945788964182,0.025169409486931027,319,319,194,198,113,0,91,0,2,5,0.006776379477250726,0.0,0.006776379477250726,-25,598,2,0,2,232,1,0,1,90,4,0,4,82,0,0,0,31,0,0,0
0.985,0.08,0.93,12,3.0,False,0.05,0.75,base0p985_slope0p08_min0p93_minbase12_maxx3_noraw,1033,7,0,7,3.006776379477251,3.031945788964182,0.025169409486931027,319,319,194,198,113,0,91,0,2,5,0.006776379477250726,0.0,0.006776379477250726,-25,598,2,0,2,232,1,0,1,90,4,0,4,82,0,0,0,31,0,0,0
0.985,0.08,0.93,12,3.0,True,0.05,0.75,base0p985_slope0p08_min0p93_minbase12_maxx3_raw,1033,7,0,7,3.006776379477251,3.031945788964182,0.025169409486931027,319,319,194,198,113,0,91,0,2,5,0.006776379477250726,0.0,0.006776379477250726,-25,598,2,0,2,232,1,0,1,90,4,0,4,82,0,0,0,31,0,0,0
0.95,0.02,0.85,12,1.5,False,0.05,0.75,base0p95_slope0p02_min0p85_minbase12_maxx1p5_noraw,1033,15,2,13,3.006776379477251,3.026137463697967,0.01936108422071614,319,319,194,204,113,2,91,2,1,11,0.01452081316553727,0.001936108422071636,0.012584704743465635,-26,598,1,0,1,232,5,0,5,90,7,0,7,82,2,2,0,31,0,0,0
0.95,0.02,0.85,12,1.5,True,0.05,0.75,base0p95_slope0p02_min0p85_minbase12_maxx1p5_raw,1033,15,2,13,3.006776379477251,3.026137463697967,0.01936108422071614,319,319,194,204,113,2,91,2,1,11,0.01452081316553727,0.001936108422071636,0.012584704743465635,-26,598,1,0,1,232,5,0,5,90,7,0,7,82,2,2,0,31,0,0,0
0.95,0.02,0.88,12,1.5,False,0.05,0.75,base0p95_slope0p02_min0p88_minbase12_maxx1p5_noraw,1033,15,2,13,3.006776379477251,3.026137463697967,0.01936108422071614,319,319,194,204,113,2,91,2,1,11,0.01452081316553727,0.001936108422071636,0.012584704743465635,-26,598,1,0,1,232,5,0,5,90,7,0,7,82,2,2,0,31,0,0,0
0.95,0.02,0.88,12,1.5,True,0.05,0.75,base0p95_slope0p02_min0p88_minbase12_maxx1p5_raw,1033,15,2,13,3.006776379477251,3.026137463697967,0.01936108422071614,319,319,194,204,113,2,91,2,1,11,0.01452081316553727,0.001936108422071636,0.012584704743465635,-26,598,1,0,1,232,5,0,5,90,7,0,7,82,2,2,0,31,0,0,0
0.95,0.02,0.9,12,1.5,False,0.05,0.75,base0p95_slope0p02_min0p9_minbase12_maxx1p5_noraw,1033,15,2,13,3.006776379477251,3.026137463697967,0.01936108422071614,319,319,194,204,113,2,91,2,1,11,0.01452081316553727,0.001936108422071636,0.012584704743465635,-26,598,1,0,1,232,5,0,5,90,7,0,7,82,2,2,0,31,0,0,0
0.95,0.02,0.9,12,1.5,True,0.05,0.75,base0p95_slope0p02_min0p9_minbase12_maxx1p5_raw,1033,15,2,13,3.006776379477251,3.026137463697967,0.01936108422071614,319,319,194,204,113,2,91,2,1,11,0.01452081316553727,0.001936108422071636,0.012584704743465635,-26,598,1,0,1,232,5,0,5,90,7,0,7,82,2,2,0,31,0,0,0
0.95,0.02,0.93,12,1.5,False,0.05,0.75,base0p95_slope0p02_min0p93_minbase12_maxx1p5_noraw,1033,15,2,13,3.006776379477251,3.026137463697967,0.01936108422071614,319,319,194,204,113,2,91,2,1,11,0.01452081316553727,0.001936108422071636,0.012584704743465635,-26,598,1,0,1,232,5,0,5,90,7,0,7,82,2,2,0,31,0,0,0
0.95,0.02,0.93,12,1.5,True,0.05,0.75,base0p95_slope0p02_min0p93_minbase12_maxx1p5_raw,1033,15,2,13,3.006776379477251,3.026137463697967,0.01936108422071614,319,319,194,204,113,2,91,2,1,11,0.01452081316553727,0.001936108422071636,0.012584704743465635,-26,598,1,0,1,232,5,0,5,90,7,0,7,82,2,2,0,31,0,0,0
0.95,0.04,0.85,12,1.5,False,0.05,0.75,base0p95_slope0p04_min0p85_minbase12_maxx1p5_noraw,1033,15,2,13,3.006776379477251,3.026137463697967,0.01936108422071614,319,319,194,204,113,2,91,2,1,11,0.01452081316553727,0.001936108422071636,0.012584704743465635,-26,598,1,0,1,232,5,0,5,90,7,0,7,82,2,2,0,31,0,0,0
0.95,0.04,0.85,12,1.5,True,0.05,0.75,base0p95_slope0p04_min0p85_minbase12_maxx1p5_raw,1033,15,2,13,3.006776379477251,3.026137463697967,0.01936108422071614,319,319,194,204,113,2,91,2,1,11,0.01452081316553727,0.001936108422071636,0.012584704743465635,-26,598,1,0,1,232,5,0,5,90,7,0,7,82,2,2,0,31,0,0,0
0.95,0.04,0.88,12,1.5,False,0.05,0.75,base0p95_slope0p04_min0p88_minbase12_maxx1p5_noraw,1033,15,2,13,3.006776379477251,3.026137463697967,0.01936108422071614,319,319,194,204,113,2,91,2,1,11,0.01452081316553727,0.001936108422071636,0.012584704743465635,-26,598,1,0,1,232,5,0,5,90,7,0,7,82,2,2,0,31,0,0,0
0.95,0.04,0.88,12,1.5,True,0.05,0.75,base0p95_slope0p04_min0p88_minbase12_maxx1p5_raw,1033,15,2,13,3.006776379477251,3.026137463697967,0.01936108422071614,319,319,194,204,113,2,91,2,1,11,0.01452081316553727,0.001936108422071636,0.012584704743465635,-26,598,1,0,1,232,5,0,5,90,7,0,7,82,2,2,0,31,0,0,0
0.95,0.04,0.9,12,1.5,False,0.05,0.75,base0p95_slope0p04_min0p9_minbase12_maxx1p5_noraw,1033,15,2,13,3.006776379477251,3.026137463697967,0.01936108422071614,319,319,194,204,113,2,91,2,1,11,0.01452081316553727,0.001936108422071636,0.012584704743465635,-26,598,1,0,1,232,5,0,5,90,7,0,7,82,2,2,0,31,0,0,0
0.95,0.04,0.9,12,1.5,True,0.05,0.75,base0p95_slope0p04_min0p9_minbase12_maxx1p5_raw,1033,15,2,13,3.006776379477251,3.026137463697967,0.01936108422071614,319,319,194,204,113,2,91,2,1,11,0.01452081316553727,0.001936108422071636,0.012584704743465635,-26,598,1,0,1,232,5,0,5,90,7,0,7,82,2,2,0,31,0,0,0
0.95,0.04,0.93,12,1.5,False,0.05,0.75,base0p95_slope0p04_min0p93_minbase12_maxx1p5_noraw,1033,15,2,13,3.006776379477251,3.026137463697967,0.01936108422071614,319,319,194,204,113,2,91,2,1,11,0.01452081316553727,0.001936108422071636,0.012584704743465635,-26,598,1,0,1,232,5,0,5,90,7,0,7,82,2,2,0,31,0,0,0
0.95,0.04,0.93,12,1.5,True,0.05,0.75,base0p95_slope0p04_min0p93_minbase12_maxx1p5_raw,1033,15,2,13,3.006776379477251,3.026137463697967,0.01936108422071614,319,319,194,204,113,2,91,2,1,11,0.01452081316553727,0.001936108422071636,0.012584704743465635,-26,598,1,0,1,232,5,0,5,90,7,0,7,82,2,2,0,31,0,0,0
0.95,0.06,0.85,12,1.5,False,0.05,0.75,base0p95_slope0p06_min0p85_minbase12_maxx1p5_noraw,1033,17,3,14,3.006776379477251,3.027105517909003,0.020329138431752103,319,319,194,205,113,3,91,2,1,13,0.016456921587608905,0.002904162633107454,0.013552758954501452,-27,598,1,0,1,232,6,0,6,90,7,0,7,82,3,3,0,31,0,0,0
0.95,0.06,0.85,12,1.5,True,0.05,0.75,base0p95_slope0p06_min0p85_minbase12_maxx1p5_raw,1033,17,3,14,3.006776379477251,3.027105517909003,0.020329138431752103,319,319,194,205,113,3,91,2,1,13,0.016456921587608905,0.002904162633107454,0.013552758954501452,-27,598,1,0,1,232,6,0,6,90,7,0,7,82,3,3,0,31,0,0,0
0.95,0.06,0.88,12,1.5,False,0.05,0.75,base0p95_slope0p06_min0p88_minbase12_maxx1p5_noraw,1033,17,3,14,3.006776379477251,3.027105517909003,0.020329138431752103,319,319,194,205,113,3,91,2,1,13,0.016456921587608905,0.002904162633107454,0.013552758954501452,-27,598,1,0,1,232,6,0,6,90,7,0,7,82,3,3,0,31,0,0,0
0.95,0.06,0.88,12,1.5,True,0.05,0.75,base0p95_slope0p06_min0p88_minbase12_maxx1p5_raw,1033,17,3,14,3.006776379477251,3.027105517909003,0.020329138431752103,319,319,194,205,113,3,91,2,1,13,0.016456921587608905,0.002904162633107454,0.013552758954501452,-27,598,1,0,1,232,6,0,6,90,7,0,7,82,3,3,0,31,0,0,0
0.95,0.06,0.9,12,1.5,False,0.05,0.75,base0p95_slope0p06_min0p9_minbase12_maxx1p5_noraw,1033,17,3,14,3.006776379477251,3.027105517909003,0.020329138431752103,319,319,194,205,113,3,91,2,1,13,0.016456921587608905,0.002904162633107454,0.013552758954501452,-27,598,1,0,1,232,6,0,6,90,7,0,7,82,3,3,0,31,0,0,0
0.95,0.06,0.9,12,1.5,True,0.05,0.75,base0p95_slope0p06_min0p9_minbase12_maxx1p5_raw,1033,17,3,14,3.006776379477251,3.027105517909003,0.020329138431752103,319,319,194,205,113,3,91,2,1,13,0.016456921587608905,0.002904162633107454,0.013552758954501452,-27,598,1,0,1,232,6,0,6,90,7,0,7,82,3,3,0,31,0,0,0
0.95,0.06,0.93,12,1.5,False,0.05,0.75,base0p95_slope0p06_min0p93_minbase12_maxx1p5_noraw,1033,17,3,14,3.006776379477251,3.027105517909003,0.020329138431752103,319,319,194,205,113,3,91,2,1,13,0.016456921587608905,0.002904162633107454,0.013552758954501452,-27,598,1,0,1,232,6,0,6,90,7,0,7,82,3,3,0,31,0,0,0
0.95,0.06,0.93,12,1.5,True,0.05,0.75,base0p95_slope0p06_min0p93_minbase12_maxx1p5_raw,1033,17,3,14,3.006776379477251,3.027105517909003,0.020329138431752103,319,319,194,205,113,3,91,2,1,13,0.016456921587608905,0.002904162633107454,0.013552758954501452,-27,598,1,0,1,232,6,0,6,90,7,0,7,82,3,3,0,31,0,0,0
0.95,0.08,0.85,12,1.5,False,0.05,0.75,base0p95_slope0p08_min0p85_minbase12_maxx1p5_noraw,1033,17,3,14,3.006776379477251,3.027105517909003,0.020329138431752103,319,319,194,205,113,3,91,2,1,13,0.016456921587608905,0.002904162633107454,0.013552758954501452,-27,598,1,0,1,232,6,0,6,90,7,0,7,82,3,3,0,31,0,0,0
0.95,0.08,0.85,12,1.5,True,0.05,0.75,base0p95_slope0p08_min0p85_minbase12_maxx1p5_raw,1033,17,3,14,3.006776379477251,3.027105517909003,0.020329138431752103,319,319,194,205,113,3,91,2,1,13,0.016456921587608905,0.002904162633107454,0.013552758954501452,-27,598,1,0,1,232,6,0,6,90,7,0,7,82,3,3,0,31,0,0,0
0.95,0.08,0.88,12,1.5,False,0.05,0.75,base0p95_slope0p08_min0p88_minbase12_maxx1p5_noraw,1033,17,3,14,3.006776379477251,3.027105517909003,0.020329138431752103,319,319,194,205,113,3,91,2,1,13,0.016456921587608905,0.002904162633107454,0.013552758954501452,-27,598,1,0,1,232,6,0,6,90,7,0,7,82,3,3,0,31,0,0,0
0.95,0.08,0.88,12,1.5,True,0.05,0.75,base0p95_slope0p08_min0p88_minbase12_maxx1p5_raw,1033,17,3,14,3.006776379477251,3.027105517909003,0.020329138431752103,319,319,194,205,113,3,91,2,1,13,0.016456921587608905,0.002904162633107454,0.013552758954501452,-27,598,1,0,1,232,6,0,6,90,7,0,7,82,3,3,0,31,0,0,0
0.95,0.08,0.9,12,1.5,False,0.05,0.75,base0p95_slope0p08_min0p9_minbase12_maxx1p5_noraw,1033,17,3,14,3.006776379477251,3.027105517909003,0.020329138431752103,319,319,194,205,113,3,91,2,1,13,0.016456921587608905,0.002904162633107454,0.013552758954501452,-27,598,1,0,1,232,6,0,6,90,7,0,7,82,3,3,0,31,0,0,0
0.95,0.08,0.9,12,1.5,True,0.05,0.75,base0p95_slope0p08_min0p9_minbase12_maxx1p5_raw,1033,17,3,14,3.006776379477251,3.027105517909003,0.020329138431752103,319,319,194,205,113,3,91,2,1,13,0.016456921587608905,0.002904162633107454,0.013552758954501452,-27,598,1,0,1,232,6,0,6,90,7,0,7,82,3,3,0,31,0,0,0
0.95,0.08,0.93,12,1.5,False,0.05,0.75,base0p95_slope0p08_min0p93_minbase12_maxx1p5_noraw,1033,17,3,14,3.006776379477251,3.027105517909003,0.020329138431752103,319,319,194,205,113,3,91,2,1,13,0.016456921587608905,0.002904162633107454,0.013552758954501452,-27,598,1,0,1,232,6,0,6,90,7,0,7,82,3,3,0,31,0,0,0
0.95,0.08,0.93,12,1.5,True,0.05,0.75,base0p95_slope0p08_min0p93_minbase12_maxx1p5_raw,1033,17,3,14,3.006776379477251,3.027105517909003,0.020329138431752103,319,319,194,205,113,3,91,2,1,13,0.016456921587608905,0.002904162633107454,0.013552758954501452,-27,598,1,0,1,232,6,0,6,90,7,0,7,82,3,3,0,31,0,0,0
0.985,0.04,0.85,10,2.0,False,0.05,0.75,base0p985_slope0p04_min0p85_minbase10_maxx2_noraw,1033,14,3,11,3.006776379477251,3.0251694094869315,0.018393030009680622,319,316,194,204,113,1,91,1,1,12,0.013552758954501452,0.002904162633107454,0.010648596321393998,-28,598,1,0,1,232,9,2,7,90,3,0,3,82,1,1,0,31,0,0,0
0.985,0.04,0.85,10,2.0,True,0.05,0.75,base0p985_slope0p04_min0p85_minbase10_maxx2_raw,1033,14,3,11,3.006776379477251,3.0251694094869315,0.018393030009680622,319,316,194,204,113,1,91,1,1,12,0.013552758954501452,0.002904162633107454,0.010648596321393998,-28,598,1,0,1,232,9,2,7,90,3,0,3,82,1,1,0,31,0,0,0
0.985,0.04,0.88,10,2.0,False,0.05,0.75,base0p985_slope0p04_min0p88_minbase10_maxx2_noraw,1033,14,3,11,3.006776379477251,3.0251694094869315,0.018393030009680622,319,316,194,204,113,1,91,1,1,12,0.013552758954501452,0.002904162633107454,0.010648596321393998,-28,598,1,0,1,232,9,2,7,90,3,0,3,82,1,1,0,31,0,0,0
0.985,0.04,0.88,10,2.0,True,0.05,0.75,base0p985_slope0p04_min0p88_minbase10_maxx2_raw,1033,14,3,11,3.006776379477251,3.0251694094869315,0.018393030009680622,319,316,194,204,113,1,91,1,1,12,0.013552758954501452,0.002904162633107454,0.010648596321393998,-28,598,1,0,1,232,9,2,7,90,3,0,3,82,1,1,0,31,0,0,0
0.985,0.04,0.9,10,2.0,False,0.05,0.75,base0p985_slope0p04_min0p9_minbase10_maxx2_noraw,1033,14,3,11,3.006776379477251,3.0251694094869315,0.018393030009680622,319,316,194,204,113,1,91,1,1,12,0.013552758954501452,0.002904162633107454,0.010648596321393998,-28,598,1,0,1,232,9,2,7,90,3,0,3,82,1,1,0,31,0,0,0
0.985,0.04,0.9,10,2.0,True,0.05,0.75,base0p985_slope0p04_min0p9_minbase10_maxx2_raw,1033,14,3,11,3.006776379477251,3.0251694094869315,0.018393030009680622,319,316,194,204,113,1,91,1,1,12,0.013552758954501452,0.002904162633107454,0.010648596321393998,-28,598,1,0,1,232,9,2,7,90,3,0,3,82,1,1,0,31,0,0,0
0.985,0.04,0.93,10,2.0,False,0.05,0.75,base0p985_slope0p04_min0p93_minbase10_maxx2_noraw,1033,14,3,11,3.006776379477251,3.0251694094869315,0.018393030009680622,319,316,194,204,113,1,91,1,1,12,0.013552758954501452,0.002904162633107454,0.010648596321393998,-28,598,1,0,1,232,9,2,7,90,3,0,3,82,1,1,0,31,0,0,0
0.985,0.04,0.93,10,2.0,True,0.05,0.75,base0p985_slope0p04_min0p93_minbase10_maxx2_raw,1033,14,3,11,3.006776379477251,3.0251694094869315,0.018393030009680622,319,316,194,204,113,1,91,1,1,12,0.013552758954501452,0.002904162633107454,0.010648596321393998,-28,598,1,0,1,232,9,2,7,90,3,0,3,82,1,1,0,31,0,0,0
0.985,0.02,0.85,10,1.5,False,0.05,0.75,base0p985_slope0p02_min0p85_minbase10_maxx1p5_noraw,1033,11,2,9,3.006776379477251,3.0183930300096806,0.011616650532429773,319,317,194,201,113,0,91,0,1,10,0.010648596321393998,0.001936108422071636,0.008712487899322363,-29,598,1,0,1,232,7,2,5,90,3,0,3,82,0,0,0,31,0,0,0
0.985,0.02,0.85,10,1.5,True,0.05,0.75,base0p985_slope0p02_min0p85_minbase10_maxx1p5_raw,1033,11,2,9,3.006776379477251,3.0183930300096806,0.011616650532429773,319,317,194,201,113,0,91,0,1,10,0.010648596321393998,0.001936108422071636,0.008712487899322363,-29,598,1,0,1,232,7,2,5,90,3,0,3,82,0,0,0,31,0,0,0
0.985,0.02,0.88,10,1.5,False,0.05,0.75,base0p985_slope0p02_min0p88_minbase10_maxx1p5_noraw,1033,11,2,9,3.006776379477251,3.0183930300096806,0.011616650532429773,319,317,194,201,113,0,91,0,1,10,0.010648596321393998,0.001936108422071636,0.008712487899322363,-29,598,1,0,1,232,7,2,5,90,3,0,3,82,0,0,0,31,0,0,0
0.985,0.02,0.88,10,1.5,True,0.05,0.75,base0p985_slope0p02_min0p88_minbase10_maxx1p5_raw,1033,11,2,9,3.006776379477251,3.0183930300096806,0.011616650532429773,319,317,194,201,113,0,91,0,1,10,0.010648596321393998,0.001936108422071636,0.008712487899322363,-29,598,1,0,1,232,7,2,5,90,3,0,3,82,0,0,0,31,0,0,0
0.985,0.02,0.9,10,1.5,False,0.05,0.75,base0p985_slope0p02_min0p9_minbase10_maxx1p5_noraw,1033,11,2,9,3.006776379477251,3.0183930300096806,0.011616650532429773,319,317,194,201,113,0,91,0,1,10,0.010648596321393998,0.001936108422071636,0.008712487899322363,-29,598,1,0,1,232,7,2,5,90,3,0,3,82,0,0,0,31,0,0,0
0.985,0.02,0.9,10,1.5,True,0.05,0.75,base0p985_slope0p02_min0p9_minbase10_maxx1p5_raw,1033,11,2,9,3.006776379477251,3.0183930300096806,0.011616650532429773,319,317,194,201,113,0,91,0,1,10,0.010648596321393998,0.001936108422071636,0.008712487899322363,-29,598,1,0,1,232,7,2,5,90,3,0,3,82,0,0,0,31,0,0,0
0.985,0.02,0.93,10,1.5,False,0.05,0.75,base0p985_slope0p02_min0p93_minbase10_maxx1p5_noraw,1033,11,2,9,3.006776379477251,3.0183930300096806,0.011616650532429773,319,317,194,201,113,0,91,0,1,10,0.010648596321393998,0.001936108422071636,0.008712487899322363,-29,598,1,0,1,232,7,2,5,90,3,0,3,82,0,0,0,31,0,0,0
0.985,0.02,0.93,10,1.5,True,0.05,0.75,base0p985_slope0p02_min0p93_minbase10_maxx1p5_raw,1033,11,2,9,3.006776379477251,3.0183930300096806,0.011616650532429773,319,317,194,201,113,0,91,0,1,10,0.010648596321393998,0.001936108422071636,0.008712487899322363,-29,598,1,0,1,232,7,2,5,90,3,0,3,82,0,0,0,31,0,0,0
0.95,0.04,0.85,12,2.0,False,0.05,0.75,base0p95_slope0p04_min0p85_minbase12_maxx2_noraw,1033,17,3,14,3.006776379477251,3.028073572120039,0.021297192642788065,319,319,194,204,113,3,91,2,2,13,0.016456921587608905,0.002904162633107454,0.013552758954501452,-30,598,2,0,2,232,5,0,5,90,7,0,7,82,2,2,0,31,1,1,0
0.95,0.04,0.85,12,2.0,True,0.05,0.75,base0p95_slope0p04_min0p85_minbase12_maxx2_raw,1033,17,3,14,3.006776379477251,3.028073572120039,0.021297192642788065,319,319,194,204,113,3,91,2,2,13,0.016456921587608905,0.002904162633107454,0.013552758954501452,-30,598,2,0,2,232,5,0,5,90,7,0,7,82,2,2,0,31,1,1,0
0.95,0.04,0.85,12,3.0,False,0.05,0.75,base0p95_slope0p04_min0p85_minbase12_maxx3_noraw,1033,17,3,14,3.006776379477251,3.028073572120039,0.021297192642788065,319,319,194,204,113,3,91,2,2,13,0.016456921587608905,0.002904162633107454,0.013552758954501452,-30,598,2,0,2,232,5,0,5,90,7,0,7,82,2,2,0,31,1,1,0
0.95,0.04,0.85,12,3.0,True,0.05,0.75,base0p95_slope0p04_min0p85_minbase12_maxx3_raw,1033,17,3,14,3.006776379477251,3.028073572120039,0.021297192642788065,319,319,194,204,113,3,91,2,2,13,0.016456921587608905,0.002904162633107454,0.013552758954501452,-30,598,2,0,2,232,5,0,5,90,7,0,7,82,2,2,0,31,1,1,0
0.95,0.04,0.88,12,2.0,False,0.05,0.75,base0p95_slope0p04_min0p88_minbase12_maxx2_noraw,1033,17,3,14,3.006776379477251,3.028073572120039,0.021297192642788065,319,319,194,204,113,3,91,2,2,13,0.016456921587608905,0.002904162633107454,0.013552758954501452,-30,598,2,0,2,232,5,0,5,90,7,0,7,82,2,2,0,31,1,1,0
0.95,0.04,0.88,12,2.0,True,0.05,0.75,base0p95_slope0p04_min0p88_minbase12_maxx2_raw,1033,17,3,14,3.006776379477251,3.028073572120039,0.021297192642788065,319,319,194,204,113,3,91,2,2,13,0.016456921587608905,0.002904162633107454,0.013552758954501452,-30,598,2,0,2,232,5,0,5,90,7,0,7,82,2,2,0,31,1,1,0
0.95,0.04,0.88,12,3.0,False,0.05,0.75,base0p95_slope0p04_min0p88_minbase12_maxx3_noraw,1033,17,3,14,3.006776379477251,3.028073572120039,0.021297192642788065,319,319,194,204,113,3,91,2,2,13,0.016456921587608905,0.002904162633107454,0.013552758954501452,-30,598,2,0,2,232,5,0,5,90,7,0,7,82,2,2,0,31,1,1,0
0.95,0.04,0.88,12,3.0,True,0.05,0.75,base0p95_slope0p04_min0p88_minbase12_maxx3_raw,1033,17,3,14,3.006776379477251,3.028073572120039,0.021297192642788065,319,319,194,204,113,3,91,2,2,13,0.016456921587608905,0.002904162633107454,0.013552758954501452,-30,598,2,0,2,232,5,0,5,90,7,0,7,82,2,2,0,31,1,1,0
0.95,0.04,0.9,12,2.0,False,0.05,0.75,base0p95_slope0p04_min0p9_minbase12_maxx2_noraw,1033,17,3,14,3.006776379477251,3.028073572120039,0.021297192642788065,319,319,194,204,113,3,91,2,2,13,0.016456921587608905,0.002904162633107454,0.013552758954501452,-30,598,2,0,2,232,5,0,5,90,7,0,7,82,2,2,0,31,1,1,0
0.95,0.04,0.9,12,2.0,True,0.05,0.75,base0p95_slope0p04_min0p9_minbase12_maxx2_raw,1033,17,3,14,3.006776379477251,3.028073572120039,0.021297192642788065,319,319,194,204,113,3,91,2,2,13,0.016456921587608905,0.002904162633107454,0.013552758954501452,-30,598,2,0,2,232,5,0,5,90,7,0,7,82,2,2,0,31,1,1,0
0.95,0.04,0.9,12,3.0,False,0.05,0.75,base0p95_slope0p04_min0p9_minbase12_maxx3_noraw,1033,17,3,14,3.006776379477251,3.028073572120039,0.021297192642788065,319,319,194,204,113,3,91,2,2,13,0.016456921587608905,0.002904162633107454,0.013552758954501452,-30,598,2,0,2,232,5,0,5,90,7,0,7,82,2,2,0,31,1,1,0
0.95,0.04,0.9,12,3.0,True,0.05,0.75,base0p95_slope0p04_min0p9_minbase12_maxx3_raw,1033,17,3,14,3.006776379477251,3.028073572120039,0.021297192642788065,319,319,194,204,113,3,91,2,2,13,0.016456921587608905,0.002904162633107454,0.013552758954501452,-30,598,2,0,2,232,5,0,5,90,7,0,7,82,2,2,0,31,1,1,0
0.985,0.02,0.85,9,3.0,False,0.05,0.75,base0p985_slope0p02_min0p85_minbase9_maxx3_noraw,1033,21,7,14,3.006776379477251,3.022265246853824,0.015488867376573179,319,312,194,207,113,2,91,2,1,18,0.02032913843175218,0.006776379477250726,0.013552758954501452,-30,598,1,0,1,232,15,5,10,90,3,0,3,82,2,2,0,31,0,0,0
0.985,0.02,0.85,9,3.0,True,0.05,0.75,base0p985_slope0p02_min0p85_minbase9_maxx3_raw,1033,21,7,14,3.006776379477251,3.022265246853824,0.015488867376573179,319,312,194,207,113,2,91,2,1,18,0.02032913843175218,0.006776379477250726,0.013552758954501452,-30,598,1,0,1,232,15,5,10,90,3,0,3,82,2,2,0,31,0,0,0
0.985,0.02,0.88,9,3.0,False,0.05,0.75,base0p985_slope0p02_min0p88_minbase9_maxx3_noraw,1033,21,7,14,3.006776379477251,3.022265246853824,0.015488867376573179,319,312,194,207,113,2,91,2,1,18,0.02032913843175218,0.006776379477250726,0.013552758954501452,-30,598,1,0,1,232,15,5,10,90,3,0,3,82,2,2,0,31,0,0,0
0.985,0.02,0.88,9,3.0,True,0.05,0.75,base0p985_slope0p02_min0p88_minbase9_maxx3_raw,1033,21,7,14,3.006776379477251,3.022265246853824,0.015488867376573179,319,312,194,207,113,2,91,2,1,18,0.02032913843175218,0.006776379477250726,0.013552758954501452,-30,598,1,0,1,232,15,5,10,90,3,0,3,82,2,2,0,31,0,0,0
0.985,0.02,0.9,9,3.0,False,0.05,0.75,base0p985_slope0p02_min0p9_minbase9_maxx3_noraw,1033,21,7,14,3.006776379477251,3.022265246853824,0.015488867376573179,319,312,194,207,113,2,91,2,1,18,0.02032913843175218,0.006776379477250726,0.013552758954501452,-30,598,1,0,1,232,15,5,10,90,3,0,3,82,2,2,0,31,0,0,0
0.985,0.02,0.9,9,3.0,True,0.05,0.75,base0p985_slope0p02_min0p9_minbase9_maxx3_raw,1033,21,7,14,3.006776379477251,3.022265246853824,0.015488867376573179,319,312,194,207,113,2,91,2,1,18,0.02032913843175218,0.006776379477250726,0.013552758954501452,-30,598,1,0,1,232,15,5,10,90,3,0,3,82,2,2,0,31,0,0,0
0.985,0.02,0.93,9,3.0,False,0.05,0.75,base0p985_slope0p02_min0p93_minbase9_maxx3_noraw,1033,21,7,14,3.006776379477251,3.022265246853824,0.015488867376573179,319,312,194,207,113,2,91,2,1,18,0.02032913843175218,0.006776379477250726,0.013552758954501452,-30,598,1,0,1,232,15,5,10,90,3,0,3,82,2,2,0,31,0,0,0
0.985,0.02,0.93,9,3.0,True,0.05,0.75,base0p985_slope0p02_min0p93_minbase9_maxx3_raw,1033,21,7,14,3.006776379477251,3.022265246853824,0.015488867376573179,319,312,194,207,113,2,91,2,1,18,0.02032913843175218,0.006776379477250726,0.013552758954501452,-30,598,1,0,1,232,15,5,10,90,3,0,3,82,2,2,0,31,0,0,0
0.95,0.06,0.85,12,2.0,False,0.05,0.75,base0p95_slope0p06_min0p85_minbase12_maxx2_noraw,1033,19,4,15,3.006776379477251,3.0290416263310744,0.022265246853823584,319,319,194,205,113,4,91,2,2,15,0.018393030009680542,0.003872216844143272,0.01452081316553727,-31,598,2,0,2,232,6,0,6,90,7,0,7,82,3,3,0,31,1,1,0
0.95,0.06,0.85,12,2.0,True,0.05,0.75,base0p95_slope0p06_min0p85_minbase12_maxx2_raw,1033,19,4,15,3.006776379477251,3.0290416263310744,0.022265246853823584,319,319,194,205,113,4,91,2,2,15,0.018393030009680542,0.003872216844143272,0.01452081316553727,-31,598,2,0,2,232,6,0,6,90,7,0,7,82,3,3,0,31,1,1,0
0.95,0.06,0.85,12,3.0,False,0.05,0.75,base0p95_slope0p06_min0p85_minbase12_maxx3_noraw,1033,19,4,15,3.006776379477251,3.0290416263310744,0.022265246853823584,319,319,194,205,113,4,91,2,2,15,0.018393030009680542,0.003872216844143272,0.01452081316553727,-31,598,2,0,2,232,6,0,6,90,7,0,7,82,3,3,0,31,1,1,0
0.95,0.06,0.85,12,3.0,True,0.05,0.75,base0p95_slope0p06_min0p85_minbase12_maxx3_raw,1033,19,4,15,3.006776379477251,3.0290416263310744,0.022265246853823584,319,319,194,205,113,4,91,2,2,15,0.018393030009680542,0.003872216844143272,0.01452081316553727,-31,598,2,0,2,232,6,0,6,90,7,0,7,82,3,3,0,31,1,1,0
0.95,0.06,0.88,12,2.0,False,0.05,0.75,base0p95_slope0p06_min0p88_minbase12_maxx2_noraw,1033,19,4,15,3.006776379477251,3.0290416263310744,0.022265246853823584,319,319,194,205,113,4,91,2,2,15,0.018393030009680542,0.003872216844143272,0.01452081316553727,-31,598,2,0,2,232,6,0,6,90,7,0,7,82,3,3,0,31,1,1,0
0.95,0.06,0.88,12,2.0,True,0.05,0.75,base0p95_slope0p06_min0p88_minbase12_maxx2_raw,1033,19,4,15,3.006776379477251,3.0290416263310744,0.022265246853823584,319,319,194,205,113,4,91,2,2,15,0.018393030009680542,0.003872216844143272,0.01452081316553727,-31,598,2,0,2,232,6,0,6,90,7,0,7,82,3,3,0,31,1,1,0
0.95,0.06,0.88,12,3.0,False,0.05,0.75,base0p95_slope0p06_min0p88_minbase12_maxx3_noraw,1033,19,4,15,3.006776379477251,3.0290416263310744,0.022265246853823584,319,319,194,205,113,4,91,2,2,15,0.018393030009680542,0.003872216844143272,0.01452081316553727,-31,598,2,0,2,232,6,0,6,90,7,0,7,82,3,3,0,31,1,1,0
0.95,0.06,0.88,12,3.0,True,0.05,0.75,base0p95_slope0p06_min0p88_minbase12_maxx3_raw,1033,19,4,15,3.006776379477251,3.0290416263310744,0.022265246853823584,319,319,194,205,113,4,91,2,2,15,0.018393030009680542,0.003872216844143272,0.01452081316553727,-31,598,2,0,2,232,6,0,6,90,7,0,7,82,3,3,0,31,1,1,0
0.95,0.06,0.9,12,2.0,False,0.05,0.75,base0p95_slope0p06_min0p9_minbase12_maxx2_noraw,1033,19,4,15,3.006776379477251,3.0290416263310744,0.022265246853823584,319,319,194,205,113,4,91,2,2,15,0.018393030009680542,0.003872216844143272,0.01452081316553727,-31,598,2,0,2,232,6,0,6,90,7,0,7,82,3,3,0,31,1,1,0
0.95,0.06,0.9,12,2.0,True,0.05,0.75,base0p95_slope0p06_min0p9_minbase12_maxx2_raw,1033,19,4,15,3.006776379477251,3.0290416263310744,0.022265246853823584,319,319,194,205,113,4,91,2,2,15,0.018393030009680542,0.003872216844143272,0.01452081316553727,-31,598,2,0,2,232,6,0,6,90,7,0,7,82,3,3,0,31,1,1,0
0.95,0.06,0.9,12,3.0,False,0.05,0.75,base0p95_slope0p06_min0p9_minbase12_maxx3_noraw,1033,19,4,15,3.006776379477251,3.0290416263310744,0.022265246853823584,319,319,194,205,113,4,91,2,2,15,0.018393030009680542,0.003872216844143272,0.01452081316553727,-31,598,2,0,2,232,6,0,6,90,7,0,7,82,3,3,0,31,1,1,0
0.95,0.06,0.9,12,3.0,True,0.05,0.75,base0p95_slope0p06_min0p9_minbase12_maxx3_raw,1033,19,4,15,3.006776379477251,3.0290416263310744,0.022265246853823584,319,319,194,205,113,4,91,2,2,15,0.018393030009680542,0.003872216844143272,0.01452081316553727,-31,598,2,0,2,232,6,0,6,90,7,0,7,82,3,3,0,31,1,1,0
0.95,0.08,0.85,12,2.0,False,0.05,0.75,base0p95_slope0p08_min0p85_minbase12_maxx2_noraw,1033,19,4,15,3.006776379477251,3.0290416263310744,0.022265246853823584,319,319,194,205,113,4,91,2,2,15,0.018393030009680542,0.003872216844143272,0.01452081316553727,-31,598,2,0,2,232,6,0,6,90,7,0,7,82,3,3,0,31,1,1,0
0.95,0.08,0.85,12,2.0,True,0.05,0.75,base0p95_slope0p08_min0p85_minbase12_maxx2_raw,1033,19,4,15,3.006776379477251,3.0290416263310744,0.022265246853823584,319,319,194,205,113,4,91,2,2,15,0.018393030009680542,0.003872216844143272,0.01452081316553727,-31,598,2,0,2,232,6,0,6,90,7,0,7,82,3,3,0,31,1,1,0
0.95,0.08,0.85,12,3.0,False,0.05,0.75,base0p95_slope0p08_min0p85_minbase12_maxx3_noraw,1033,19,4,15,3.006776379477251,3.0290416263310744,0.022265246853823584,319,319,194,205,113,4,91,2,2,15,0.018393030009680542,0.003872216844143272,0.01452081316553727,-31,598,2,0,2,232,6,0,6,90,7,0,7,82,3,3,0,31,1,1,0
0.95,0.08,0.85,12,3.0,True,0.05,0.75,base0p95_slope0p08_min0p85_minbase12_maxx3_raw,1033,19,4,15,3.006776379477251,3.0290416263310744,0.022265246853823584,319,319,194,205,113,4,91,2,2,15,0.018393030009680542,0.003872216844143272,0.01452081316553727,-31,598,2,0,2,232,6,0,6,90,7,0,7,82,3,3,0,31,1,1,0
0.95,0.08,0.88,12,2.0,False,0.05,0.75,base0p95_slope0p08_min0p88_minbase12_maxx2_noraw,1033,19,4,15,3.006776379477251,3.0290416263310744,0.022265246853823584,319,319,194,205,113,4,91,2,2,15,0.018393030009680542,0.003872216844143272,0.01452081316553727,-31,598,2,0,2,232,6,0,6,90,7,0,7,82,3,3,0,31,1,1,0
0.95,0.08,0.88,12,2.0,True,0.05,0.75,base0p95_slope0p08_min0p88_minbase12_maxx2_raw,1033,19,4,15,3.006776379477251,3.0290416263310744,0.022265246853823584,319,319,194,205,113,4,91,2,2,15,0.018393030009680542,0.003872216844143272,0.01452081316553727,-31,598,2,0,2,232,6,0,6,90,7,0,7,82,3,3,0,31,1,1,0
0.95,0.08,0.88,12,3.0,False,0.05,0.75,base0p95_slope0p08_min0p88_minbase12_maxx3_noraw,1033,19,4,15,3.006776379477251,3.0290416263310744,0.022265246853823584,319,319,194,205,113,4,91,2,2,15,0.018393030009680542,0.003872216844143272,0.01452081316553727,-31,598,2,0,2,232,6,0,6,90,7,0,7,82,3,3,0,31,1,1,0
0.95,0.08,0.88,12,3.0,True,0.05,0.75,base0p95_slope0p08_min0p88_minbase12_maxx3_raw,1033,19,4,15,3.006776379477251,3.0290416263310744,0.022265246853823584,319,319,194,205,113,4,91,2,2,15,0.018393030009680542,0.003872216844143272,0.01452081316553727,-31,598,2,0,2,232,6,0,6,90,7,0,7,82,3,3,0,31,1,1,0
0.95,0.08,0.9,12,2.0,False,0.05,0.75,base0p95_slope0p08_min0p9_minbase12_maxx2_noraw,1033,19,4,15,3.006776379477251,3.0290416263310744,0.022265246853823584,319,319,194,205,113,4,91,2,2,15,0.018393030009680542,0.003872216844143272,0.01452081316553727,-31,598,2,0,2,232,6,0,6,90,7,0,7,82,3,3,0,31,1,1,0
0.95,0.08,0.9,12,2.0,True,0.05,0.75,base0p95_slope0p08_min0p9_minbase12_maxx2_raw,1033,19,4,15,3.006776379477251,3.0290416263310744,0.022265246853823584,319,319,194,205,113,4,91,2,2,15,0.018393030009680542,0.003872216844143272,0.01452081316553727,-31,598,2,0,2,232,6,0,6,90,7,0,7,82,3,3,0,31,1,1,0
0.95,0.08,0.9,12,3.0,False,0.05,0.75,base0p95_slope0p08_min0p9_minbase12_maxx3_noraw,1033,19,4,15,3.006776379477251,3.0290416263310744,0.022265246853823584,319,319,194,205,113,4,91,2,2,15,0.018393030009680542,0.003872216844143272,0.01452081316553727,-31,598,2,0,2,232,6,0,6,90,7,0,7,82,3,3,0,31,1,1,0
0.95,0.08,0.9,12,3.0,True,0.05,0.75,base0p95_slope0p08_min0p9_minbase12_maxx3_raw,1033,19,4,15,3.006776379477251,3.0290416263310744,0.022265246853823584,319,319,194,205,113,4,91,2,2,15,0.018393030009680542,0.003872216844143272,0.01452081316553727,-31,598,2,0,2,232,6,0,6,90,7,0,7,82,3,3,0,31,1,1,0
0.985,0.06,0.85,10,2.0,False,0.05,0.75,base0p985_slope0p06_min0p85_minbase10_maxx2_noraw,1033,15,3,12,3.006776379477251,3.027105517909003,0.020329138431752103,319,316,194,205,113,1,91,1,1,13,0.01452081316553727,0.002904162633107454,0.011616650532429816,-31,598,1,0,1,232,10,2,8,90,3,0,3,82,1,1,0,31,0,0,0
0.985,0.06,0.85,10,2.0,True,0.05,0.75,base0p985_slope0p06_min0p85_minbase10_maxx2_raw,1033,15,3,12,3.006776379477251,3.027105517909003,0.020329138431752103,319,316,194,205,113,1,91,1,1,13,0.01452081316553727,0.002904162633107454,0.011616650532429816,-31,598,1,0,1,232,10,2,8,90,3,0,3,82,1,1,0,31,0,0,0
0.985,0.06,0.88,10,2.0,False,0.05,0.75,base0p985_slope0p06_min0p88_minbase10_maxx2_noraw,1033,15,3,12,3.006776379477251,3.027105517909003,0.020329138431752103,319,316,194,205,113,1,91,1,1,13,0.01452081316553727,0.002904162633107454,0.011616650532429816,-31,598,1,0,1,232,10,2,8,90,3,0,3,82,1,1,0,31,0,0,0
0.985,0.06,0.88,10,2.0,True,0.05,0.75,base0p985_slope0p06_min0p88_minbase10_maxx2_raw,1033,15,3,12,3.006776379477251,3.027105517909003,0.020329138431752103,319,316,194,205,113,1,91,1,1,13,0.01452081316553727,0.002904162633107454,0.011616650532429816,-31,598,1,0,1,232,10,2,8,90,3,0,3,82,1,1,0,31,0,0,0
0.985,0.06,0.9,10,2.0,False,0.05,0.75,base0p985_slope0p06_min0p9_minbase10_maxx2_noraw,1033,15,3,12,3.006776379477251,3.027105517909003,0.020329138431752103,319,316,194,205,113,1,91,1,1,13,0.01452081316553727,0.002904162633107454,0.011616650532429816,-31,598,1,0,1,232,10,2,8,90,3,0,3,82,1,1,0,31,0,0,0
0.985,0.06,0.9,10,2.0,True,0.05,0.75,base0p985_slope0p06_min0p9_minbase10_maxx2_raw,1033,15,3,12,3.006776379477251,3.027105517909003,0.020329138431752103,319,316,194,205,113,1,91,1,1,13,0.01452081316553727,0.002904162633107454,0.011616650532429816,-31,598,1,0,1,232,10,2,8,90,3,0,3,82,1,1,0,31,0,0,0
0.985,0.06,0.93,10,2.0,False,0.05,0.75,base0p985_slope0p06_min0p93_minbase10_maxx2_noraw,1033,15,3,12,3.006776379477251,3.027105517909003,0.020329138431752103,319,316,194,205,113,1,91,1,1,13,0.01452081316553727,0.002904162633107454,0.011616650532429816,-31,598,1,0,1,232,10,2,8,90,3,0,3,82,1,1,0,31,0,0,0
0.985,0.06,0.93,10,2.0,True,0.05,0.75,base0p985_slope0p06_min0p93_minbase10_maxx2_raw,1033,15,3,12,3.006776379477251,3.027105517909003,0.020329138431752103,319,316,194,205,113,1,91,1,1,13,0.01452081316553727,0.002904162633107454,0.011616650532429816,-31,598,1,0,1,232,10,2,8,90,3,0,3,82,1,1,0,31,0,0,0
0.95,0.02,0.85,12,2.0,False,0.05,0.75,base0p95_slope0p02_min0p85_minbase12_maxx2_noraw,1033,16,2,14,3.006776379477251,3.0377541142303968,0.030977734753145914,319,319,194,204,113,2,91,2,2,12,0.015488867376573089,0.001936108422071636,0.013552758954501452,-32,598,2,0,2,232,5,0,5,90,7,0,7,82,2,2,0,31,0,0,0
0.95,0.02,0.85,12,2.0,True,0.05,0.75,base0p95_slope0p02_min0p85_minbase12_maxx2_raw,1033,16,2,14,3.006776379477251,3.0377541142303968,0.030977734753145914,319,319,194,204,113,2,91,2,2,12,0.015488867376573089,0.001936108422071636,0.013552758954501452,-32,598,2,0,2,232,5,0,5,90,7,0,7,82,2,2,0,31,0,0,0
0.95,0.02,0.85,12,3.0,False,0.05,0.75,base0p95_slope0p02_min0p85_minbase12_maxx3_noraw,1033,16,2,14,3.006776379477251,3.0377541142303968,0.030977734753145914,319,319,194,204,113,2,91,2,2,12,0.015488867376573089,0.001936108422071636,0.013552758954501452,-32,598,2,0,2,232,5,0,5,90,7,0,7,82,2,2,0,31,0,0,0
0.95,0.02,0.85,12,3.0,True,0.05,0.75,base0p95_slope0p02_min0p85_minbase12_maxx3_raw,1033,16,2,14,3.006776379477251,3.0377541142303968,0.030977734753145914,319,319,194,204,113,2,91,2,2,12,0.015488867376573089,0.001936108422071636,0.013552758954501452,-32,598,2,0,2,232,5,0,5,90,7,0,7,82,2,2,0,31,0,0,0
0.95,0.02,0.88,12,2.0,False,0.05,0.75,base0p95_slope0p02_min0p88_minbase12_maxx2_noraw,1033,16,2,14,3.006776379477251,3.0377541142303968,0.030977734753145914,319,319,194,204,113,2,91,2,2,12,0.015488867376573089,0.001936108422071636,0.013552758954501452,-32,598,2,0,2,232,5,0,5,90,7,0,7,82,2,2,0,31,0,0,0
0.95,0.02,0.88,12,2.0,True,0.05,0.75,base0p95_slope0p02_min0p88_minbase12_maxx2_raw,1033,16,2,14,3.006776379477251,3.0377541142303968,0.030977734753145914,319,319,194,204,113,2,91,2,2,12,0.015488867376573089,0.001936108422071636,0.013552758954501452,-32,598,2,0,2,232,5,0,5,90,7,0,7,82,2,2,0,31,0,0,0
0.95,0.02,0.88,12,3.0,False,0.05,0.75,base0p95_slope0p02_min0p88_minbase12_maxx3_noraw,1033,16,2,14,3.006776379477251,3.0377541142303968,0.030977734753145914,319,319,194,204,113,2,91,2,2,12,0.015488867376573089,0.001936108422071636,0.013552758954501452,-32,598,2,0,2,232,5,0,5,90,7,0,7,82,2,2,0,31,0,0,0
0.95,0.02,0.88,12,3.0,True,0.05,0.75,base0p95_slope0p02_min0p88_minbase12_maxx3_raw,1033,16,2,14,3.006776379477251,3.0377541142303968,0.030977734753145914,319,319,194,204,113,2,91,2,2,12,0.015488867376573089,0.001936108422071636,0.013552758954501452,-32,598,2,0,2,232,5,0,5,90,7,0,7,82,2,2,0,31,0,0,0
0.95,0.02,0.9,12,2.0,False,0.05,0.75,base0p95_slope0p02_min0p9_minbase12_maxx2_noraw,1033,16,2,14,3.006776379477251,3.0377541142303968,0.030977734753145914,319,319,194,204,113,2,91,2,2,12,0.015488867376573089,0.001936108422071636,0.013552758954501452,-32,598,2,0,2,232,5,0,5,90,7,0,7,82,2,2,0,31,0,0,0
0.95,0.02,0.9,12,2.0,True,0.05,0.75,base0p95_slope0p02_min0p9_minbase12_maxx2_raw,1033,16,2,14,3.006776379477251,3.0377541142303968,0.030977734753145914,319,319,194,204,113,2,91,2,2,12,0.015488867376573089,0.001936108422071636,0.013552758954501452,-32,598,2,0,2,232,5,0,5,90,7,0,7,82,2,2,0,31,0,0,0
0.95,0.02,0.9,12,3.0,False,0.05,0.75,base0p95_slope0p02_min0p9_minbase12_maxx3_noraw,1033,16,2,14,3.006776379477251,3.0377541142303968,0.030977734753145914,319,319,194,204,113,2,91,2,2,12,0.015488867376573089,0.001936108422071636,0.013552758954501452,-32,598,2,0,2,232,5,0,5,90,7,0,7,82,2,2,0,31,0,0,0
0.95,0.02,0.9,12,3.0,True,0.05,0.75,base0p95_slope0p02_min0p9_minbase12_maxx3_raw,1033,16,2,14,3.006776379477251,3.0377541142303968,0.030977734753145914,319,319,194,204,113,2,91,2,2,12,0.015488867376573089,0.001936108422071636,0.013552758954501452,-32,598,2,0,2,232,5,0,5,90,7,0,7,82,2,2,0,31,0,0,0
0.95,0.02,0.93,12,2.0,False,0.05,0.75,base0p95_slope0p02_min0p93_minbase12_maxx2_noraw,1033,16,2,14,3.006776379477251,3.0377541142303968,0.030977734753145914,319,319,194,204,113,2,91,2,2,12,0.015488867376573089,0.001936108422071636,0.013552758954501452,-32,598,2,0,2,232,5,0,5,90,7,0,7,82,2,2,0,31,0,0,0
0.95,0.02,0.93,12,2.0,True,0.05,0.75,base0p95_slope0p02_min0p93_minbase12_maxx2_raw,1033,16,2,14,3.006776379477251,3.0377541142303968,0.030977734753145914,319,319,194,204,113,2,91,2,2,12,0.015488867376573089,0.001936108422071636,0.013552758954501452,-32,598,2,0,2,232,5,0,5,90,7,0,7,82,2,2,0,31,0,0,0
0.95,0.02,0.93,12,3.0,False,0.05,0.75,base0p95_slope0p02_min0p93_minbase12_maxx3_noraw,1033,16,2,14,3.006776379477251,3.0377541142303968,0.030977734753145914,319,319,194,204,113,2,91,2,2,12,0.015488867376573089,0.001936108422071636,0.013552758954501452,-32,598,2,0,2,232,5,0,5,90,7,0,7,82,2,2,0,31,0,0,0
0.95,0.02,0.93,12,3.0,True,0.05,0.75,base0p95_slope0p02_min0p93_minbase12_maxx3_raw,1033,16,2,14,3.006776379477251,3.0377541142303968,0.030977734753145914,319,319,194,204,113,2,91,2,2,12,0.015488867376573089,0.001936108422071636,0.013552758954501452,-32,598,2,0,2,232,5,0,5,90,7,0,7,82,2,2,0,31,0,0,0
0.95,0.04,0.93,12,2.0,False,0.05,0.75,base0p95_slope0p04_min0p93_minbase12_maxx2_noraw,1033,16,2,14,3.006776379477251,3.0377541142303968,0.030977734753145914,319,319,194,204,113,2,91,2,2,12,0.015488867376573089,0.001936108422071636,0.013552758954501452,-32,598,2,0,2,232,5,0,5,90,7,0,7,82,2,2,0,31,0,0,0
0.95,0.04,0.93,12,2.0,True,0.05,0.75,base0p95_slope0p04_min0p93_minbase12_maxx2_raw,1033,16,2,14,3.006776379477251,3.0377541142303968,0.030977734753145914,319,319,194,204,113,2,91,2,2,12,0.015488867376573089,0.001936108422071636,0.013552758954501452,-32,598,2,0,2,232,5,0,5,90,7,0,7,82,2,2,0,31,0,0,0
0.95,0.04,0.93,12,3.0,False,0.05,0.75,base0p95_slope0p04_min0p93_minbase12_maxx3_noraw,1033,16,2,14,3.006776379477251,3.0377541142303968,0.030977734753145914,319,319,194,204,113,2,91,2,2,12,0.015488867376573089,0.001936108422071636,0.013552758954501452,-32,598,2,0,2,232,5,0,5,90,7,0,7,82,2,2,0,31,0,0,0
0.95,0.04,0.93,12,3.0,True,0.05,0.75,base0p95_slope0p04_min0p93_minbase12_maxx3_raw,1033,16,2,14,3.006776379477251,3.0377541142303968,0.030977734753145914,319,319,194,204,113,2,91,2,2,12,0.015488867376573089,0.001936108422071636,0.013552758954501452,-32,598,2,0,2,232,5,0,5,90,7,0,7,82,2,2,0,31,0,0,0
0.985,0.04,0.85,10,1.5,False,0.05,0.75,base0p985_slope0p04_min0p85_minbase10_maxx1p5_noraw,1033,12,2,10,3.006776379477251,3.020329138431752,0.013552758954501254,319,317,194,202,113,0,91,0,1,11,0.011616650532429816,0.001936108422071636,0.00968054211035818,-32,598,1,0,1,232,8,2,6,90,3,0,3,82,0,0,0,31,0,0,0
0.985,0.04,0.85,10,1.5,True,0.05,0.75,base0p985_slope0p04_min0p85_minbase10_maxx1p5_raw,1033,12,2,10,3.006776379477251,3.020329138431752,0.013552758954501254,319,317,194,202,113,0,91,0,1,11,0.011616650532429816,0.001936108422071636,0.00968054211035818,-32,598,1,0,1,232,8,2,6,90,3,0,3,82,0,0,0,31,0,0,0
0.985,0.04,0.88,10,1.5,False,0.05,0.75,base0p985_slope0p04_min0p88_minbase10_maxx1p5_noraw,1033,12,2,10,3.006776379477251,3.020329138431752,0.013552758954501254,319,317,194,202,113,0,91,0,1,11,0.011616650532429816,0.001936108422071636,0.00968054211035818,-32,598,1,0,1,232,8,2,6,90,3,0,3,82,0,0,0,31,0,0,0
0.985,0.04,0.88,10,1.5,True,0.05,0.75,base0p985_slope0p04_min0p88_minbase10_maxx1p5_raw,1033,12,2,10,3.006776379477251,3.020329138431752,0.013552758954501254,319,317,194,202,113,0,91,0,1,11,0.011616650532429816,0.001936108422071636,0.00968054211035818,-32,598,1,0,1,232,8,2,6,90,3,0,3,82,0,0,0,31,0,0,0
0.985,0.04,0.9,10,1.5,False,0.05,0.75,base0p985_slope0p04_min0p9_minbase10_maxx1p5_noraw,1033,12,2,10,3.006776379477251,3.020329138431752,0.013552758954501254,319,317,194,202,113,0,91,0,1,11,0.011616650532429816,0.001936108422071636,0.00968054211035818,-32,598,1,0,1,232,8,2,6,90,3,0,3,82,0,0,0,31,0,0,0
0.985,0.04,0.9,10,1.5,True,0.05,0.75,base0p985_slope0p04_min0p9_minbase10_maxx1p5_raw,1033,12,2,10,3.006776379477251,3.020329138431752,0.013552758954501254,319,317,194,202,113,0,91,0,1,11,0.011616650532429816,0.001936108422071636,0.00968054211035818,-32,598,1,0,1,232,8,2,6,90,3,0,3,82,0,0,0,31,0,0,0
0.985,0.04,0.93,10,1.5,False,0.05,0.75,base0p985_slope0p04_min0p93_minbase10_maxx1p5_noraw,1033,12,2,10,3.006776379477251,3.020329138431752,0.013552758954501254,319,317,194,202,113,0,91,0,1,11,0.011616650532429816,0.001936108422071636,0.00968054211035818,-32,598,1,0,1,232,8,2,6,90,3,0,3,82,0,0,0,31,0,0,0
0.985,0.04,0.93,10,1.5,True,0.05,0.75,base0p985_slope0p04_min0p93_minbase10_maxx1p5_raw,1033,12,2,10,3.006776379477251,3.020329138431752,0.013552758954501254,319,317,194,202,113,0,91,0,1,11,0.011616650532429816,0.001936108422071636,0.00968054211035818,-32,598,1,0,1,232,8,2,6,90,3,0,3,82,0,0,0,31,0,0,0
0.95,0.06,0.93,12,2.0,False,0.05,0.75,base0p95_slope0p06_min0p93_minbase12_maxx2_noraw,1033,18,3,15,3.006776379477251,3.0387221684414327,0.031945788964181876,319,319,194,205,113,3,91,2,2,14,0.017424975798644726,0.002904162633107454,0.01452081316553727,-33,598,2,0,2,232,6,0,6,90,7,0,7,82,3,3,0,31,0,0,0
0.95,0.06,0.93,12,2.0,True,0.05,0.75,base0p95_slope0p06_min0p93_minbase12_maxx2_raw,1033,18,3,15,3.006776379477251,3.0387221684414327,0.031945788964181876,319,319,194,205,113,3,91,2,2,14,0.017424975798644726,0.002904162633107454,0.01452081316553727,-33,598,2,0,2,232,6,0,6,90,7,0,7,82,3,3,0,31,0,0,0
0.95,0.06,0.93,12,3.0,False,0.05,0.75,base0p95_slope0p06_min0p93_minbase12_maxx3_noraw,1033,18,3,15,3.006776379477251,3.0387221684414327,0.031945788964181876,319,319,194,205,113,3,91,2,2,14,0.017424975798644726,0.002904162633107454,0.01452081316553727,-33,598,2,0,2,232,6,0,6,90,7,0,7,82,3,3,0,31,0,0,0
0.95,0.06,0.93,12,3.0,True,0.05,0.75,base0p95_slope0p06_min0p93_minbase12_maxx3_raw,1033,18,3,15,3.006776379477251,3.0387221684414327,0.031945788964181876,319,319,194,205,113,3,91,2,2,14,0.017424975798644726,0.002904162633107454,0.01452081316553727,-33,598,2,0,2,232,6,0,6,90,7,0,7,82,3,3,0,31,0,0,0
0.95,0.08,0.93,12,2.0,False,0.05,0.75,base0p95_slope0p08_min0p93_minbase12_maxx2_noraw,1033,18,3,15,3.006776379477251,3.0387221684414327,0.031945788964181876,319,319,194,205,113,3,91,2,2,14,0.017424975798644726,0.002904162633107454,0.01452081316553727,-33,598,2,0,2,232,6,0,6,90,7,0,7,82,3,3,0,31,0,0,0
0.95,0.08,0.93,12,2.0,True,0.05,0.75,base0p95_slope0p08_min0p93_minbase12_maxx2_raw,1033,18,3,15,3.006776379477251,3.0387221684414327,0.031945788964181876,319,319,194,205,113,3,91,2,2,14,0.017424975798644726,0.002904162633107454,0.01452081316553727,-33,598,2,0,2,232,6,0,6,90,7,0,7,82,3,3,0,31,0,0,0
0.95,0.08,0.93,12,3.0,False,0.05,0.75,base0p95_slope0p08_min0p93_minbase12_maxx3_noraw,1033,18,3,15,3.006776379477251,3.0387221684414327,0.031945788964181876,319,319,194,205,113,3,91,2,2,14,0.017424975798644726,0.002904162633107454,0.01452081316553727,-33,598,2,0,2,232,6,0,6,90,7,0,7,82,3,3,0,31,0,0,0
0.95,0.08,0.93,12,3.0,True,0.05,0.75,base0p95_slope0p08_min0p93_minbase12_maxx3_raw,1033,18,3,15,3.006776379477251,3.0387221684414327,0.031945788964181876,319,319,194,205,113,3,91,2,2,14,0.017424975798644726,0.002904162633107454,0.01452081316553727,-33,598,2,0,2,232,6,0,6,90,7,0,7,82,3,3,0,31,0,0,0
0.985,0.04,0.85,10,3.0,False,0.05,0.75,base0p985_slope0p04_min0p85_minbase10_maxx3_noraw,1033,15,3,12,3.006776379477251,3.0377541142303968,0.030977734753145914,319,316,194,204,113,1,91,1,2,13,0.01452081316553727,0.002904162633107454,0.011616650532429816,-34,598,2,0,2,232,9,2,7,90,3,0,3,82,1,1,0,31,0,0,0
0.985,0.04,0.85,10,3.0,True,0.05,0.75,base0p985_slope0p04_min0p85_minbase10_maxx3_raw,1033,15,3,12,3.006776379477251,3.0377541142303968,0.030977734753145914,319,316,194,204,113,1,91,1,2,13,0.01452081316553727,0.002904162633107454,0.011616650532429816,-34,598,2,0,2,232,9,2,7,90,3,0,3,82,1,1,0,31,0,0,0
0.985,0.04,0.88,10,3.0,False,0.05,0.75,base0p985_slope0p04_min0p88_minbase10_maxx3_noraw,1033,15,3,12,3.006776379477251,3.0377541142303968,0.030977734753145914,319,316,194,204,113,1,91,1,2,13,0.01452081316553727,0.002904162633107454,0.011616650532429816,-34,598,2,0,2,232,9,2,7,90,3,0,3,82,1,1,0,31,0,0,0
0.985,0.04,0.88,10,3.0,True,0.05,0.75,base0p985_slope0p04_min0p88_minbase10_maxx3_raw,1033,15,3,12,3.006776379477251,3.0377541142303968,0.030977734753145914,319,316,194,204,113,1,91,1,2,13,0.01452081316553727,0.002904162633107454,0.011616650532429816,-34,598,2,0,2,232,9,2,7,90,3,0,3,82,1,1,0,31,0,0,0
0.985,0.04,0.9,10,3.0,False,0.05,0.75,base0p985_slope0p04_min0p9_minbase10_maxx3_noraw,1033,15,3,12,3.006776379477251,3.0377541142303968,0.030977734753145914,319,316,194,204,113,1,91,1,2,13,0.01452081316553727,0.002904162633107454,0.011616650532429816,-34,598,2,0,2,232,9,2,7,90,3,0,3,82,1,1,0,31,0,0,0
0.985,0.04,0.9,10,3.0,True,0.05,0.75,base0p985_slope0p04_min0p9_minbase10_maxx3_raw,1033,15,3,12,3.006776379477251,3.0377541142303968,0.030977734753145914,319,316,194,204,113,1,91,1,2,13,0.01452081316553727,0.002904162633107454,0.011616650532429816,-34,598,2,0,2,232,9,2,7,90,3,0,3,82,1,1,0,31,0,0,0
0.985,0.04,0.93,10,3.0,False,0.05,0.75,base0p985_slope0p04_min0p93_minbase10_maxx3_noraw,1033,15,3,12,3.006776379477251,3.0377541142303968,0.030977734753145914,319,316,194,204,113,1,91,1,2,13,0.01452081316553727,0.002904162633107454,0.011616650532429816,-34,598,2,0,2,232,9,2,7,90,3,0,3,82,1,1,0,31,0,0,0
0.985,0.04,0.93,10,3.0,True,0.05,0.75,base0p985_slope0p04_min0p93_minbase10_maxx3_raw,1033,15,3,12,3.006776379477251,3.0377541142303968,0.030977734753145914,319,316,194,204,113,1,91,1,2,13,0.01452081316553727,0.002904162633107454,0.011616650532429816,-34,598,2,0,2,232,9,2,7,90,3,0,3,82,1,1,0,31,0,0,0
0.985,0.06,0.85,10,1.5,False,0.05,0.75,base0p985_slope0p06_min0p85_minbase10_maxx1p5_noraw,1033,13,2,11,3.006776379477251,3.022265246853824,0.015488867376573179,319,317,194,203,113,0,91,0,1,12,0.012584704743465635,0.001936108422071636,0.010648596321393998,-35,598,1,0,1,232,9,2,7,90,3,0,3,82,0,0,0,31,0,0,0
0.985,0.06,0.85,10,1.5,True,0.05,0.75,base0p985_slope0p06_min0p85_minbase10_maxx1p5_raw,1033,13,2,11,3.006776379477251,3.022265246853824,0.015488867376573179,319,317,194,203,113,0,91,0,1,12,0.012584704743465635,0.001936108422071636,0.010648596321393998,-35,598,1,0,1,232,9,2,7,90,3,0,3,82,0,0,0,31,0,0,0
0.985,0.06,0.88,10,1.5,False,0.05,0.75,base0p985_slope0p06_min0p88_minbase10_maxx1p5_noraw,1033,13,2,11,3.006776379477251,3.022265246853824,0.015488867376573179,319,317,194,203,113,0,91,0,1,12,0.012584704743465635,0.001936108422071636,0.010648596321393998,-35,598,1,0,1,232,9,2,7,90,3,0,3,82,0,0,0,31,0,0,0
0.985,0.06,0.88,10,1.5,True,0.05,0.75,base0p985_slope0p06_min0p88_minbase10_maxx1p5_raw,1033,13,2,11,3.006776379477251,3.022265246853824,0.015488867376573179,319,317,194,203,113,0,91,0,1,12,0.012584704743465635,0.001936108422071636,0.010648596321393998,-35,598,1,0,1,232,9,2,7,90,3,0,3,82,0,0,0,31,0,0,0
0.985,0.06,0.9,10,1.5,False,0.05,0.75,base0p985_slope0p06_min0p9_minbase10_maxx1p5_noraw,1033,13,2,11,3.006776379477251,3.022265246853824,0.015488867376573179,319,317,194,203,113,0,91,0,1,12,0.012584704743465635,0.001936108422071636,0.010648596321393998,-35,598,1,0,1,232,9,2,7,90,3,0,3,82,0,0,0,31,0,0,0
0.985,0.06,0.9,10,1.5,True,0.05,0.75,base0p985_slope0p06_min0p9_minbase10_maxx1p5_raw,1033,13,2,11,3.006776379477251,3.022265246853824,0.015488867376573179,319,317,194,203,113,0,91,0,1,12,0.012584704743465635,0.001936108422071636,0.010648596321393998,-35,598,1,0,1,232,9,2,7,90,3,0,3,82,0,0,0,31,0,0,0
0.985,0.06,0.93,10,1.5,False,0.05,0.75,base0p985_slope0p06_min0p93_minbase10_maxx1p5_noraw,1033,13,2,11,3.006776379477251,3.022265246853824,0.015488867376573179,319,317,194,203,113,0,91,0,1,12,0.012584704743465635,0.001936108422071636,0.010648596321393998,-35,598,1,0,1,232,9,2,7,90,3,0,3,82,0,0,0,31,0,0,0
0.985,0.06,0.93,10,1.5,True,0.05,0.75,base0p985_slope0p06_min0p93_minbase10_maxx1p5_raw,1033,13,2,11,3.006776379477251,3.022265246853824,0.015488867376573179,319,317,194,203,113,0,91,0,1,12,0.012584704743465635,0.001936108422071636,0.010648596321393998,-35,598,1,0,1,232,9,2,7,90,3,0,3,82,0,0,0,31,0,0,0
0.985,0.02,0.85,9,2.0,False,0.05,0.75,base0p985_slope0p02_min0p85_minbase9_maxx2_noraw,1033,20,6,14,3.006776379477251,3.0290416263310744,0.022265246853823584,319,313,194,207,113,1,91,1,1,18,0.01936108422071636,0.005808325266214908,0.013552758954501452,-37,598,1,0,1,232,15,5,10,90,3,0,3,82,1,1,0,31,0,0,0
0.985,0.02,0.85,9,2.0,True,0.05,0.75,base0p985_slope0p02_min0p85_minbase9_maxx2_raw,1033,20,6,14,3.006776379477251,3.0290416263310744,0.022265246853823584,319,313,194,207,113,1,91,1,1,18,0.01936108422071636,0.005808325266214908,0.013552758954501452,-37,598,1,0,1,232,15,5,10,90,3,0,3,82,1,1,0,31,0,0,0
0.985,0.02,0.88,9,2.0,False,0.05,0.75,base0p985_slope0p02_min0p88_minbase9_maxx2_noraw,1033,20,6,14,3.006776379477251,3.0290416263310744,0.022265246853823584,319,313,194,207,113,1,91,1,1,18,0.01936108422071636,0.005808325266214908,0.013552758954501452,-37,598,1,0,1,232,15,5,10,90,3,0,3,82,1,1,0,31,0,0,0
0.985,0.02,0.88,9,2.0,True,0.05,0.75,base0p985_slope0p02_min0p88_minbase9_maxx2_raw,1033,20,6,14,3.006776379477251,3.0290416263310744,0.022265246853823584,319,313,194,207,113,1,91,1,1,18,0.01936108422071636,0.005808325266214908,0.013552758954501452,-37,598,1,0,1,232,15,5,10,90,3,0,3,82,1,1,0,31,0,0,0
0.985,0.02,0.9,9,2.0,False,0.05,0.75,base0p985_slope0p02_min0p9_minbase9_maxx2_noraw,1033,20,6,14,3.006776379477251,3.0290416263310744,0.022265246853823584,319,313,194,207,113,1,91,1,1,18,0.01936108422071636,0.005808325266214908,0.013552758954501452,-37,598,1,0,1,232,15,5,10,90,3,0,3,82,1,1,0,31,0,0,0
0.985,0.02,0.9,9,2.0,True,0.05,0.75,base0p985_slope0p02_min0p9_minbase9_maxx2_raw,1033,20,6,14,3.006776379477251,3.0290416263310744,0.022265246853823584,319,313,194,207,113,1,91,1,1,18,0.01936108422071636,0.005808325266214908,0.013552758954501452,-37,598,1,0,1,232,15,5,10,90,3,0,3,82,1,1,0,31,0,0,0
0.985,0.02,0.93,9,2.0,False,0.05,0.75,base0p985_slope0p02_min0p93_minbase9_maxx2_noraw,1033,20,6,14,3.006776379477251,3.0290416263310744,0.022265246853823584,319,313,194,207,113,1,91,1,1,18,0.01936108422071636,0.005808325266214908,0.013552758954501452,-37,598,1,0,1,232,15,5,10,90,3,0,3,82,1,1,0,31,0,0,0
0.985,0.02,0.93,9,2.0,True,0.05,0.75,base0p985_slope0p02_min0p93_minbase9_maxx2_raw,1033,20,6,14,3.006776379477251,3.0290416263310744,0.022265246853823584,319,313,194,207,113,1,91,1,1,18,0.01936108422071636,0.005808325266214908,0.013552758954501452,-37,598,1,0,1,232,15,5,10,90,3,0,3,82,1,1,0,31,0,0,0
0.985,0.02,0.85,9,1.5,False,0.05,0.75,base0p985_slope0p02_min0p85_minbase9_maxx1p5_noraw,1033,17,5,12,3.006776379477251,3.0183930300096806,0.011616650532429773,319,314,194,204,113,0,91,0,1,16,0.016456921587608905,0.00484027105517909,0.011616650532429816,-38,598,1,0,1,232,13,5,8,90,3,0,3,82,0,0,0,31,0,0,0
0.985,0.02,0.85,9,1.5,True,0.05,0.75,base0p985_slope0p02_min0p85_minbase9_maxx1p5_raw,1033,17,5,12,3.006776379477251,3.0183930300096806,0.011616650532429773,319,314,194,204,113,0,91,0,1,16,0.016456921587608905,0.00484027105517909,0.011616650532429816,-38,598,1,0,1,232,13,5,8,90,3,0,3,82,0,0,0,31,0,0,0
0.985,0.02,0.88,9,1.5,False,0.05,0.75,base0p985_slope0p02_min0p88_minbase9_maxx1p5_noraw,1033,17,5,12,3.006776379477251,3.0183930300096806,0.011616650532429773,319,314,194,204,113,0,91,0,1,16,0.016456921587608905,0.00484027105517909,0.011616650532429816,-38,598,1,0,1,232,13,5,8,90,3,0,3,82,0,0,0,31,0,0,0
0.985,0.02,0.88,9,1.5,True,0.05,0.75,base0p985_slope0p02_min0p88_minbase9_maxx1p5_raw,1033,17,5,12,3.006776379477251,3.0183930300096806,0.011616650532429773,319,314,194,204,113,0,91,0,1,16,0.016456921587608905,0.00484027105517909,0.011616650532429816,-38,598,1,0,1,232,13,5,8,90,3,0,3,82,0,0,0,31,0,0,0
0.985,0.02,0.9,9,1.5,False,0.05,0.75,base0p985_slope0p02_min0p9_minbase9_maxx1p5_noraw,1033,17,5,12,3.006776379477251,3.0183930300096806,0.011616650532429773,319,314,194,204,113,0,91,0,1,16,0.016456921587608905,0.00484027105517909,0.011616650532429816,-38,598,1,0,1,232,13,5,8,90,3,0,3,82,0,0,0,31,0,0,0
0.985,0.02,0.9,9,1.5,True,0.05,0.75,base0p985_slope0p02_min0p9_minbase9_maxx1p5_raw,1033,17,5,12,3.006776379477251,3.0183930300096806,0.011616650532429773,319,314,194,204,113,0,91,0,1,16,0.016456921587608905,0.00484027105517909,0.011616650532429816,-38,598,1,0,1,232,13,5,8,90,3,0,3,82,0,0,0,31,0,0,0
0.985,0.02,0.93,9,1.5,False,0.05,0.75,base0p985_slope0p02_min0p93_minbase9_maxx1p5_noraw,1033,17,5,12,3.006776379477251,3.0183930300096806,0.011616650532429773,319,314,194,204,113,0,91,0,1,16,0.016456921587608905,0.00484027105517909,0.011616650532429816,-38,598,1,0,1,232,13,5,8,90,3,0,3,82,0,0,0,31,0,0,0
0.985,0.02,0.93,9,1.5,True,0.05,0.75,base0p985_slope0p02_min0p93_minbase9_maxx1p5_raw,1033,17,5,12,3.006776379477251,3.0183930300096806,0.011616650532429773,319,314,194,204,113,0,91,0,1,16,0.016456921587608905,0.00484027105517909,0.011616650532429816,-38,598,1,0,1,232,13,5,8,90,3,0,3,82,0,0,0,31,0,0,0
0.985,0.06,0.85,10,3.0,False,0.05,0.75,base0p985_slope0p06_min0p85_minbase10_maxx3_noraw,1033,17,3,14,3.006776379477251,3.05324298160697,0.04646660212971909,319,316,194,206,113,1,91,1,2,15,0.016456921587608905,0.002904162633107454,0.013552758954501452,-40,598,2,0,2,232,11,2,9,90,3,0,3,82,1,1,0,31,0,0,0
0.985,0.06,0.85,10,3.0,True,0.05,0.75,base0p985_slope0p06_min0p85_minbase10_maxx3_raw,1033,17,3,14,3.006776379477251,3.05324298160697,0.04646660212971909,319,316,194,206,113,1,91,1,2,15,0.016456921587608905,0.002904162633107454,0.013552758954501452,-40,598,2,0,2,232,11,2,9,90,3,0,3,82,1,1,0,31,0,0,0
0.985,0.06,0.88,10,3.0,False,0.05,0.75,base0p985_slope0p06_min0p88_minbase10_maxx3_noraw,1033,17,3,14,3.006776379477251,3.05324298160697,0.04646660212971909,319,316,194,206,113,1,91,1,2,15,0.016456921587608905,0.002904162633107454,0.013552758954501452,-40,598,2,0,2,232,11,2,9,90,3,0,3,82,1,1,0,31,0,0,0
0.985,0.06,0.88,10,3.0,True,0.05,0.75,base0p985_slope0p06_min0p88_minbase10_maxx3_raw,1033,17,3,14,3.006776379477251,3.05324298160697,0.04646660212971909,319,316,194,206,113,1,91,1,2,15,0.016456921587608905,0.002904162633107454,0.013552758954501452,-40,598,2,0,2,232,11,2,9,90,3,0,3,82,1,1,0,31,0,0,0
0.985,0.06,0.9,10,3.0,False,0.05,0.75,base0p985_slope0p06_min0p9_minbase10_maxx3_noraw,1033,17,3,14,3.006776379477251,3.05324298160697,0.04646660212971909,319,316,194,206,113,1,91,1,2,15,0.016456921587608905,0.002904162633107454,0.013552758954501452,-40,598,2,0,2,232,11,2,9,90,3,0,3,82,1,1,0,31,0,0,0
0.985,0.06,0.9,10,3.0,True,0.05,0.75,base0p985_slope0p06_min0p9_minbase10_maxx3_raw,1033,17,3,14,3.006776379477251,3.05324298160697,0.04646660212971909,319,316,194,206,113,1,91,1,2,15,0.016456921587608905,0.002904162633107454,0.013552758954501452,-40,598,2,0,2,232,11,2,9,90,3,0,3,82,1,1,0,31,0,0,0
0.985,0.06,0.93,10,3.0,False,0.05,0.75,base0p985_slope0p06_min0p93_minbase10_maxx3_noraw,1033,17,3,14,3.006776379477251,3.05324298160697,0.04646660212971909,319,316,194,206,113,1,91,1,2,15,0.016456921587608905,0.002904162633107454,0.013552758954501452,-40,598,2,0,2,232,11,2,9,90,3,0,3,82,1,1,0,31,0,0,0
0.985,0.06,0.93,10,3.0,True,0.05,0.75,base0p985_slope0p06_min0p93_minbase10_maxx3_raw,1033,17,3,14,3.006776379477251,3.05324298160697,0.04646660212971909,319,316,194,206,113,1,91,1,2,15,0.016456921587608905,0.002904162633107454,0.013552758954501452,-40,598,2,0,2,232,11,2,9,90,3,0,3,82,1,1,0,31,0,0,0
0.985,0.08,0.85,10,1.5,False,0.05,0.75,base0p985_slope0p08_min0p85_minbase10_maxx1p5_noraw,1033,16,2,14,3.006776379477251,3.033881897386254,0.027105517909002952,319,317,194,206,113,0,91,0,1,14,0.015488867376573089,0.001936108422071636,0.013552758954501452,-43,598,1,0,1,232,11,2,9,90,4,0,4,82,0,0,0,31,0,0,0
0.985,0.08,0.85,10,1.5,True,0.05,0.75,base0p985_slope0p08_min0p85_minbase10_maxx1p5_raw,1033,16,2,14,3.006776379477251,3.033881897386254,0.027105517909002952,319,317,194,206,113,0,91,0,1,14,0.015488867376573089,0.001936108422071636,0.013552758954501452,-43,598,1,0,1,232,11,2,9,90,4,0,4,82,0,0,0,31,0,0,0
0.985,0.08,0.88,10,1.5,False,0.05,0.75,base0p985_slope0p08_min0p88_minbase10_maxx1p5_noraw,1033,16,2,14,3.006776379477251,3.033881897386254,0.027105517909002952,319,317,194,206,113,0,91,0,1,14,0.015488867376573089,0.001936108422071636,0.013552758954501452,-43,598,1,0,1,232,11,2,9,90,4,0,4,82,0,0,0,31,0,0,0
0.985,0.08,0.88,10,1.5,True,0.05,0.75,base0p985_slope0p08_min0p88_minbase10_maxx1p5_raw,1033,16,2,14,3.006776379477251,3.033881897386254,0.027105517909002952,319,317,194,206,113,0,91,0,1,14,0.015488867376573089,0.001936108422071636,0.013552758954501452,-43,598,1,0,1,232,11,2,9,90,4,0,4,82,0,0,0,31,0,0,0
0.985,0.08,0.9,10,1.5,False,0.05,0.75,base0p985_slope0p08_min0p9_minbase10_maxx1p5_noraw,1033,16,2,14,3.006776379477251,3.033881897386254,0.027105517909002952,319,317,194,206,113,0,91,0,1,14,0.015488867376573089,0.001936108422071636,0.013552758954501452,-43,598,1,0,1,232,11,2,9,90,4,0,4,82,0,0,0,31,0,0,0
0.985,0.08,0.9,10,1.5,True,0.05,0.75,base0p985_slope0p08_min0p9_minbase10_maxx1p5_raw,1033,16,2,14,3.006776379477251,3.033881897386254,0.027105517909002952,319,317,194,206,113,0,91,0,1,14,0.015488867376573089,0.001936108422071636,0.013552758954501452,-43,598,1,0,1,232,11,2,9,90,4,0,4,82,0,0,0,31,0,0,0
0.985,0.08,0.93,10,1.5,False,0.05,0.75,base0p985_slope0p08_min0p93_minbase10_maxx1p5_noraw,1033,16,2,14,3.006776379477251,3.033881897386254,0.027105517909002952,319,317,194,206,113,0,91,0,1,14,0.015488867376573089,0.001936108422071636,0.013552758954501452,-43,598,1,0,1,232,11,2,9,90,4,0,4,82,0,0,0,31,0,0,0
0.985,0.08,0.93,10,1.5,True,0.05,0.75,base0p985_slope0p08_min0p93_minbase10_maxx1p5_raw,1033,16,2,14,3.006776379477251,3.033881897386254,0.027105517909002952,319,317,194,206,113,0,91,0,1,14,0.015488867376573089,0.001936108422071636,0.013552758954501452,-43,598,1,0,1,232,11,2,9,90,4,0,4,82,0,0,0,31,0,0,0
0.985,0.04,0.85,9,1.5,False,0.05,0.75,base0p985_slope0p04_min0p85_minbase9_maxx1p5_noraw,1033,19,5,14,3.006776379477251,3.021297192642788,0.014520813165537216,319,314,194,206,113,0,91,0,1,18,0.018393030009680542,0.00484027105517909,0.013552758954501452,-44,598,1,0,1,232,15,5,10,90,3,0,3,82,0,0,0,31,0,0,0
0.985,0.04,0.85,9,1.5,True,0.05,0.75,base0p985_slope0p04_min0p85_minbase9_maxx1p5_raw,1033,19,5,14,3.006776379477251,3.021297192642788,0.014520813165537216,319,314,194,206,113,0,91,0,1,18,0.018393030009680542,0.00484027105517909,0.013552758954501452,-44,598,1,0,1,232,15,5,10,90,3,0,3,82,0,0,0,31,0,0,0
0.985,0.04,0.88,9,1.5,False,0.05,0.75,base0p985_slope0p04_min0p88_minbase9_maxx1p5_noraw,1033,19,5,14,3.006776379477251,3.021297192642788,0.014520813165537216,319,314,194,206,113,0,91,0,1,18,0.018393030009680542,0.00484027105517909,0.013552758954501452,-44,598,1,0,1,232,15,5,10,90,3,0,3,82,0,0,0,31,0,0,0
0.985,0.04,0.88,9,1.5,True,0.05,0.75,base0p985_slope0p04_min0p88_minbase9_maxx1p5_raw,1033,19,5,14,3.006776379477251,3.021297192642788,0.014520813165537216,319,314,194,206,113,0,91,0,1,18,0.018393030009680542,0.00484027105517909,0.013552758954501452,-44,598,1,0,1,232,15,5,10,90,3,0,3,82,0,0,0,31,0,0,0
0.985,0.04,0.9,9,1.5,False,0.05,0.75,base0p985_slope0p04_min0p9_minbase9_maxx1p5_noraw,1033,19,5,14,3.006776379477251,3.021297192642788,0.014520813165537216,319,314,194,206,113,0,91,0,1,18,0.018393030009680542,0.00484027105517909,0.013552758954501452,-44,598,1,0,1,232,15,5,10,90,3,0,3,82,0,0,0,31,0,0,0
0.985,0.04,0.9,9,1.5,True,0.05,0.75,base0p985_slope0p04_min0p9_minbase9_maxx1p5_raw,1033,19,5,14,3.006776379477251,3.021297192642788,0.014520813165537216,319,314,194,206,113,0,91,0,1,18,0.018393030009680542,0.00484027105517909,0.013552758954501452,-44,598,1,0,1,232,15,5,10,90,3,0,3,82,0,0,0,31,0,0,0
0.985,0.04,0.93,9,1.5,False,0.05,0.75,base0p985_slope0p04_min0p93_minbase9_maxx1p5_noraw,1033,19,5,14,3.006776379477251,3.021297192642788,0.014520813165537216,319,314,194,206,113,0,91,0,1,18,0.018393030009680542,0.00484027105517909,0.013552758954501452,-44,598,1,0,1,232,15,5,10,90,3,0,3,82,0,0,0,31,0,0,0
0.985,0.04,0.93,9,1.5,True,0.05,0.75,base0p985_slope0p04_min0p93_minbase9_maxx1p5_raw,1033,19,5,14,3.006776379477251,3.021297192642788,0.014520813165537216,319,314,194,206,113,0,91,0,1,18,0.018393030009680542,0.00484027105517909,0.013552758954501452,-44,598,1,0,1,232,15,5,10,90,3,0,3,82,0,0,0,31,0,0,0
0.985,0.08,0.85,10,2.0,False,0.05,0.75,base0p985_slope0p08_min0p85_minbase10_maxx2_noraw,1033,19,3,16,3.006776379477251,3.0503388189738625,0.04356243949661165,319,316,194,208,113,1,91,1,2,16,0.018393030009680542,0.002904162633107454,0.015488867376573089,-45,598,2,0,2,232,12,2,10,90,4,0,4,82,1,1,0,31,0,0,0
0.985,0.08,0.85,10,2.0,True,0.05,0.75,base0p985_slope0p08_min0p85_minbase10_maxx2_raw,1033,19,3,16,3.006776379477251,3.0503388189738625,0.04356243949661165,319,316,194,208,113,1,91,1,2,16,0.018393030009680542,0.002904162633107454,0.015488867376573089,-45,598,2,0,2,232,12,2,10,90,4,0,4,82,1,1,0,31,0,0,0
0.985,0.08,0.88,10,2.0,False,0.05,0.75,base0p985_slope0p08_min0p88_minbase10_maxx2_noraw,1033,19,3,16,3.006776379477251,3.0503388189738625,0.04356243949661165,319,316,194,208,113,1,91,1,2,16,0.018393030009680542,0.002904162633107454,0.015488867376573089,-45,598,2,0,2,232,12,2,10,90,4,0,4,82,1,1,0,31,0,0,0
0.985,0.08,0.88,10,2.0,True,0.05,0.75,base0p985_slope0p08_min0p88_minbase10_maxx2_raw,1033,19,3,16,3.006776379477251,3.0503388189738625,0.04356243949661165,319,316,194,208,113,1,91,1,2,16,0.018393030009680542,0.002904162633107454,0.015488867376573089,-45,598,2,0,2,232,12,2,10,90,4,0,4,82,1,1,0,31,0,0,0
0.985,0.08,0.9,10,2.0,False,0.05,0.75,base0p985_slope0p08_min0p9_minbase10_maxx2_noraw,1033,19,3,16,3.006776379477251,3.0503388189738625,0.04356243949661165,319,316,194,208,113,1,91,1,2,16,0.018393030009680542,0.002904162633107454,0.015488867376573089,-45,598,2,0,2,232,12,2,10,90,4,0,4,82,1,1,0,31,0,0,0
0.985,0.08,0.9,10,2.0,True,0.05,0.75,base0p985_slope0p08_min0p9_minbase10_maxx2_raw,1033,19,3,16,3.006776379477251,3.0503388189738625,0.04356243949661165,319,316,194,208,113,1,91,1,2,16,0.018393030009680542,0.002904162633107454,0.015488867376573089,-45,598,2,0,2,232,12,2,10,90,4,0,4,82,1,1,0,31,0,0,0
0.985,0.08,0.93,10,2.0,False,0.05,0.75,base0p985_slope0p08_min0p93_minbase10_maxx2_noraw,1033,19,3,16,3.006776379477251,3.0503388189738625,0.04356243949661165,319,316,194,208,113,1,91,1,2,16,0.018393030009680542,0.002904162633107454,0.015488867376573089,-45,598,2,0,2,232,12,2,10,90,4,0,4,82,1,1,0,31,0,0,0
0.985,0.08,0.93,10,2.0,True,0.05,0.75,base0p985_slope0p08_min0p93_minbase10_maxx2_raw,1033,19,3,16,3.006776379477251,3.0503388189738625,0.04356243949661165,319,316,194,208,113,1,91,1,2,16,0.018393030009680542,0.002904162633107454,0.015488867376573089,-45,598,2,0,2,232,12,2,10,90,4,0,4,82,1,1,0,31,0,0,0
0.985,0.04,0.85,9,2.0,False,0.05,0.75,base0p985_slope0p04_min0p85_minbase9_maxx2_noraw,1033,23,6,17,3.006776379477251,3.0377541142303968,0.030977734753145914,319,313,194,210,113,1,91,1,1,21,0.022265246853823813,0.005808325266214908,0.016456921587608905,-46,598,1,0,1,232,18,5,13,90,3,0,3,82,1,1,0,31,0,0,0
0.985,0.04,0.85,9,2.0,True,0.05,0.75,base0p985_slope0p04_min0p85_minbase9_maxx2_raw,1033,23,6,17,3.006776379477251,3.0377541142303968,0.030977734753145914,319,313,194,210,113,1,91,1,1,21,0.022265246853823813,0.005808325266214908,0.016456921587608905,-46,598,1,0,1,232,18,5,13,90,3,0,3,82,1,1,0,31,0,0,0
0.985,0.04,0.88,9,2.0,False,0.05,0.75,base0p985_slope0p04_min0p88_minbase9_maxx2_noraw,1033,23,6,17,3.006776379477251,3.0377541142303968,0.030977734753145914,319,313,194,210,113,1,91,1,1,21,0.022265246853823813,0.005808325266214908,0.016456921587608905,-46,598,1,0,1,232,18,5,13,90,3,0,3,82,1,1,0,31,0,0,0
0.985,0.04,0.88,9,2.0,True,0.05,0.75,base0p985_slope0p04_min0p88_minbase9_maxx2_raw,1033,23,6,17,3.006776379477251,3.0377541142303968,0.030977734753145914,319,313,194,210,113,1,91,1,1,21,0.022265246853823813,0.005808325266214908,0.016456921587608905,-46,598,1,0,1,232,18,5,13,90,3,0,3,82,1,1,0,31,0,0,0
0.985,0.04,0.9,9,2.0,False,0.05,0.75,base0p985_slope0p04_min0p9_minbase9_maxx2_noraw,1033,23,6,17,3.006776379477251,3.0377541142303968,0.030977734753145914,319,313,194,210,113,1,91,1,1,21,0.022265246853823813,0.005808325266214908,0.016456921587608905,-46,598,1,0,1,232,18,5,13,90,3,0,3,82,1,1,0,31,0,0,0
0.985,0.04,0.9,9,2.0,True,0.05,0.75,base0p985_slope0p04_min0p9_minbase9_maxx2_raw,1033,23,6,17,3.006776379477251,3.0377541142303968,0.030977734753145914,319,313,194,210,113,1,91,1,1,21,0.022265246853823813,0.005808325266214908,0.016456921587608905,-46,598,1,0,1,232,18,5,13,90,3,0,3,82,1,1,0,31,0,0,0
0.985,0.04,0.93,9,2.0,False,0.05,0.75,base0p985_slope0p04_min0p93_minbase9_maxx2_noraw,1033,23,6,17,3.006776379477251,3.0377541142303968,0.030977734753145914,319,313,194,210,113,1,91,1,1,21,0.022265246853823813,0.005808325266214908,0.016456921587608905,-46,598,1,0,1,232,18,5,13,90,3,0,3,82,1,1,0,31,0,0,0
0.985,0.04,0.93,9,2.0,True,0.05,0.75,base0p985_slope0p04_min0p93_minbase9_maxx2_raw,1033,23,6,17,3.006776379477251,3.0377541142303968,0.030977734753145914,319,313,194,210,113,1,91,1,1,21,0.022265246853823813,0.005808325266214908,0.016456921587608905,-46,598,1,0,1,232,18,5,13,90,3,0,3,82,1,1,0,31,0,0,0
0.985,0.04,0.85,9,3.0,False,0.05,0.75,base0p985_slope0p04_min0p85_minbase9_maxx3_noraw,1033,26,7,19,3.006776379477251,3.0503388189738625,0.04356243949661165,319,312,194,210,113,2,91,2,2,23,0.02516940948693127,0.006776379477250726,0.018393030009680542,-48,598,2,0,2,232,19,5,14,90,3,0,3,82,2,2,0,31,0,0,0
0.985,0.04,0.85,9,3.0,True,0.05,0.75,base0p985_slope0p04_min0p85_minbase9_maxx3_raw,1033,26,7,19,3.006776379477251,3.0503388189738625,0.04356243949661165,319,312,194,210,113,2,91,2,2,23,0.02516940948693127,0.006776379477250726,0.018393030009680542,-48,598,2,0,2,232,19,5,14,90,3,0,3,82,2,2,0,31,0,0,0
0.985,0.04,0.88,9,3.0,False,0.05,0.75,base0p985_slope0p04_min0p88_minbase9_maxx3_noraw,1033,26,7,19,3.006776379477251,3.0503388189738625,0.04356243949661165,319,312,194,210,113,2,91,2,2,23,0.02516940948693127,0.006776379477250726,0.018393030009680542,-48,598,2,0,2,232,19,5,14,90,3,0,3,82,2,2,0,31,0,0,0
0.985,0.04,0.88,9,3.0,True,0.05,0.75,base0p985_slope0p04_min0p88_minbase9_maxx3_raw,1033,26,7,19,3.006776379477251,3.0503388189738625,0.04356243949661165,319,312,194,210,113,2,91,2,2,23,0.02516940948693127,0.006776379477250726,0.018393030009680542,-48,598,2,0,2,232,19,5,14,90,3,0,3,82,2,2,0,31,0,0,0
0.985,0.04,0.9,9,3.0,False,0.05,0.75,base0p985_slope0p04_min0p9_minbase9_maxx3_noraw,1033,26,7,19,3.006776379477251,3.0503388189738625,0.04356243949661165,319,312,194,210,113,2,91,2,2,23,0.02516940948693127,0.006776379477250726,0.018393030009680542,-48,598,2,0,2,232,19,5,14,90,3,0,3,82,2,2,0,31,0,0,0
0.985,0.04,0.9,9,3.0,True,0.05,0.75,base0p985_slope0p04_min0p9_minbase9_maxx3_raw,1033,26,7,19,3.006776379477251,3.0503388189738625,0.04356243949661165,319,312,194,210,113,2,91,2,2,23,0.02516940948693127,0.006776379477250726,0.018393030009680542,-48,598,2,0,2,232,19,5,14,90,3,0,3,82,2,2,0,31,0,0,0
0.985,0.04,0.93,9,3.0,False,0.05,0.75,base0p985_slope0p04_min0p93_minbase9_maxx3_noraw,1033,26,7,19,3.006776379477251,3.0503388189738625,0.04356243949661165,319,312,194,210,113,2,91,2,2,23,0.02516940948693127,0.006776379477250726,0.018393030009680542,-48,598,2,0,2,232,19,5,14,90,3,0,3,82,2,2,0,31,0,0,0
0.985,0.04,0.93,9,3.0,True,0.05,0.75,base0p985_slope0p04_min0p93_minbase9_maxx3_raw,1033,26,7,19,3.006776379477251,3.0503388189738625,0.04356243949661165,319,312,194,210,113,2,91,2,2,23,0.02516940948693127,0.006776379477250726,0.018393030009680542,-48,598,2,0,2,232,19,5,14,90,3,0,3,82,2,2,0,31,0,0,0
0.985,0.06,0.85,9,1.5,False,0.05,0.75,base0p985_slope0p06_min0p85_minbase9_maxx1p5_noraw,1033,21,5,16,3.006776379477251,3.028073572120039,0.021297192642788065,319,314,194,208,113,0,91,0,1,20,0.02032913843175218,0.00484027105517909,0.015488867376573089,-50,598,1,0,1,232,17,5,12,90,3,0,3,82,0,0,0,31,0,0,0
0.985,0.06,0.85,9,1.5,True,0.05,0.75,base0p985_slope0p06_min0p85_minbase9_maxx1p5_raw,1033,21,5,16,3.006776379477251,3.028073572120039,0.021297192642788065,319,314,194,208,113,0,91,0,1,20,0.02032913843175218,0.00484027105517909,0.015488867376573089,-50,598,1,0,1,232,17,5,12,90,3,0,3,82,0,0,0,31,0,0,0
0.985,0.06,0.88,9,1.5,False,0.05,0.75,base0p985_slope0p06_min0p88_minbase9_maxx1p5_noraw,1033,21,5,16,3.006776379477251,3.028073572120039,0.021297192642788065,319,314,194,208,113,0,91,0,1,20,0.02032913843175218,0.00484027105517909,0.015488867376573089,-50,598,1,0,1,232,17,5,12,90,3,0,3,82,0,0,0,31,0,0,0
0.985,0.06,0.88,9,1.5,True,0.05,0.75,base0p985_slope0p06_min0p88_minbase9_maxx1p5_raw,1033,21,5,16,3.006776379477251,3.028073572120039,0.021297192642788065,319,314,194,208,113,0,91,0,1,20,0.02032913843175218,0.00484027105517909,0.015488867376573089,-50,598,1,0,1,232,17,5,12,90,3,0,3,82,0,0,0,31,0,0,0
0.985,0.06,0.9,9,1.5,False,0.05,0.75,base0p985_slope0p06_min0p9_minbase9_maxx1p5_noraw,1033,21,5,16,3.006776379477251,3.028073572120039,0.021297192642788065,319,314,194,208,113,0,91,0,1,20,0.02032913843175218,0.00484027105517909,0.015488867376573089,-50,598,1,0,1,232,17,5,12,90,3,0,3,82,0,0,0,31,0,0,0
0.985,0.06,0.9,9,1.5,True,0.05,0.75,base0p985_slope0p06_min0p9_minbase9_maxx1p5_raw,1033,21,5,16,3.006776379477251,3.028073572120039,0.021297192642788065,319,314,194,208,113,0,91,0,1,20,0.02032913843175218,0.00484027105517909,0.015488867376573089,-50,598,1,0,1,232,17,5,12,90,3,0,3,82,0,0,0,31,0,0,0
0.985,0.06,0.93,9,1.5,False,0.05,0.75,base0p985_slope0p06_min0p93_minbase9_maxx1p5_noraw,1033,21,5,16,3.006776379477251,3.028073572120039,0.021297192642788065,319,314,194,208,113,0,91,0,1,20,0.02032913843175218,0.00484027105517909,0.015488867376573089,-50,598,1,0,1,232,17,5,12,90,3,0,3,82,0,0,0,31,0,0,0
0.985,0.06,0.93,9,1.5,True,0.05,0.75,base0p985_slope0p06_min0p93_minbase9_maxx1p5_raw,1033,21,5,16,3.006776379477251,3.028073572120039,0.021297192642788065,319,314,194,208,113,0,91,0,1,20,0.02032913843175218,0.00484027105517909,0.015488867376573089,-50,598,1,0,1,232,17,5,12,90,3,0,3,82,0,0,0,31,0,0,0
0.985,0.08,0.85,9,1.5,False,0.05,0.75,base0p985_slope0p08_min0p85_minbase9_maxx1p5_noraw,1033,26,7,19,3.006776379477251,3.0377541142303968,0.030977734753145914,319,313,194,211,113,1,91,1,1,23,0.02516940948693127,0.006776379477250726,0.018393030009680542,-51,598,1,0,1,232,20,6,14,90,4,0,4,82,1,1,0,31,0,0,0
0.985,0.08,0.85,9,1.5,True,0.05,0.75,base0p985_slope0p08_min0p85_minbase9_maxx1p5_raw,1033,26,7,19,3.006776379477251,3.0377541142303968,0.030977734753145914,319,313,194,211,113,1,91,1,1,23,0.02516940948693127,0.006776379477250726,0.018393030009680542,-51,598,1,0,1,232,20,6,14,90,4,0,4,82,1,1,0,31,0,0,0
0.985,0.08,0.88,9,1.5,False,0.05,0.75,base0p985_slope0p08_min0p88_minbase9_maxx1p5_noraw,1033,26,7,19,3.006776379477251,3.0377541142303968,0.030977734753145914,319,313,194,211,113,1,91,1,1,23,0.02516940948693127,0.006776379477250726,0.018393030009680542,-51,598,1,0,1,232,20,6,14,90,4,0,4,82,1,1,0,31,0,0,0
0.985,0.08,0.88,9,1.5,True,0.05,0.75,base0p985_slope0p08_min0p88_minbase9_maxx1p5_raw,1033,26,7,19,3.006776379477251,3.0377541142303968,0.030977734753145914,319,313,194,211,113,1,91,1,1,23,0.02516940948693127,0.006776379477250726,0.018393030009680542,-51,598,1,0,1,232,20,6,14,90,4,0,4,82,1,1,0,31,0,0,0
0.985,0.08,0.9,9,1.5,False,0.05,0.75,base0p985_slope0p08_min0p9_minbase9_maxx1p5_noraw,1033,26,7,19,3.006776379477251,3.0377541142303968,0.030977734753145914,319,313,194,211,113,1,91,1,1,23,0.02516940948693127,0.006776379477250726,0.018393030009680542,-51,598,1,0,1,232,20,6,14,90,4,0,4,82,1,1,0,31,0,0,0
0.985,0.08,0.9,9,1.5,True,0.05,0.75,base0p985_slope0p08_min0p9_minbase9_maxx1p5_raw,1033,26,7,19,3.006776379477251,3.0377541142303968,0.030977734753145914,319,313,194,211,113,1,91,1,1,23,0.02516940948693127,0.006776379477250726,0.018393030009680542,-51,598,1,0,1,232,20,6,14,90,4,0,4,82,1,1,0,31,0,0,0
0.985,0.08,0.93,9,1.5,False,0.05,0.75,base0p985_slope0p08_min0p93_minbase9_maxx1p5_noraw,1033,26,7,19,3.006776379477251,3.0377541142303968,0.030977734753145914,319,313,194,211,113,1,91,1,1,23,0.02516940948693127,0.006776379477250726,0.018393030009680542,-51,598,1,0,1,232,20,6,14,90,4,0,4,82,1,1,0,31,0,0,0
0.985,0.08,0.93,9,1.5,True,0.05,0.75,base0p985_slope0p08_min0p93_minbase9_maxx1p5_raw,1033,26,7,19,3.006776379477251,3.0377541142303968,0.030977734753145914,319,313,194,211,113,1,91,1,1,23,0.02516940948693127,0.006776379477250726,0.018393030009680542,-51,598,1,0,1,232,20,6,14,90,4,0,4,82,1,1,0,31,0,0,0
0.985,0.06,0.85,9,2.0,False,0.05,0.75,base0p985_slope0p06_min0p85_minbase9_maxx2_noraw,1033,25,6,19,3.006776379477251,3.0445304937076476,0.03775411423039676,319,313,194,212,113,1,91,1,1,23,0.02420135527589545,0.005808325266214908,0.018393030009680542,-52,598,1,0,1,232,20,5,15,90,3,0,3,82,1,1,0,31,0,0,0
0.985,0.06,0.85,9,2.0,True,0.05,0.75,base0p985_slope0p06_min0p85_minbase9_maxx2_raw,1033,25,6,19,3.006776379477251,3.0445304937076476,0.03775411423039676,319,313,194,212,113,1,91,1,1,23,0.02420135527589545,0.005808325266214908,0.018393030009680542,-52,598,1,0,1,232,20,5,15,90,3,0,3,82,1,1,0,31,0,0,0
0.985,0.06,0.88,9,2.0,False,0.05,0.75,base0p985_slope0p06_min0p88_minbase9_maxx2_noraw,1033,25,6,19,3.006776379477251,3.0445304937076476,0.03775411423039676,319,313,194,212,113,1,91,1,1,23,0.02420135527589545,0.005808325266214908,0.018393030009680542,-52,598,1,0,1,232,20,5,15,90,3,0,3,82,1,1,0,31,0,0,0
0.985,0.06,0.88,9,2.0,True,0.05,0.75,base0p985_slope0p06_min0p88_minbase9_maxx2_raw,1033,25,6,19,3.006776379477251,3.0445304937076476,0.03775411423039676,319,313,194,212,113,1,91,1,1,23,0.02420135527589545,0.005808325266214908,0.018393030009680542,-52,598,1,0,1,232,20,5,15,90,3,0,3,82,1,1,0,31,0,0,0
0.985,0.06,0.9,9,2.0,False,0.05,0.75,base0p985_slope0p06_min0p9_minbase9_maxx2_noraw,1033,25,6,19,3.006776379477251,3.0445304937076476,0.03775411423039676,319,313,194,212,113,1,91,1,1,23,0.02420135527589545,0.005808325266214908,0.018393030009680542,-52,598,1,0,1,232,20,5,15,90,3,0,3,82,1,1,0,31,0,0,0
0.985,0.06,0.9,9,2.0,True,0.05,0.75,base0p985_slope0p06_min0p9_minbase9_maxx2_raw,1033,25,6,19,3.006776379477251,3.0445304937076476,0.03775411423039676,319,313,194,212,113,1,91,1,1,23,0.02420135527589545,0.005808325266214908,0.018393030009680542,-52,598,1,0,1,232,20,5,15,90,3,0,3,82,1,1,0,31,0,0,0
0.985,0.06,0.93,9,2.0,False,0.05,0.75,base0p985_slope0p06_min0p93_minbase9_maxx2_noraw,1033,25,6,19,3.006776379477251,3.0445304937076476,0.03775411423039676,319,313,194,212,113,1,91,1,1,23,0.02420135527589545,0.005808325266214908,0.018393030009680542,-52,598,1,0,1,232,20,5,15,90,3,0,3,82,1,1,0,31,0,0,0
0.985,0.06,0.93,9,2.0,True,0.05,0.75,base0p985_slope0p06_min0p93_minbase9_maxx2_raw,1033,25,6,19,3.006776379477251,3.0445304937076476,0.03775411423039676,319,313,194,212,113,1,91,1,1,23,0.02420135527589545,0.005808325266214908,0.018393030009680542,-52,598,1,0,1,232,20,5,15,90,3,0,3,82,1,1,0,31,0,0,0
0.985,0.08,0.85,10,3.0,True,0.05,0.75,base0p985_slope0p08_min0p85_minbase10_maxx3_raw,1033,21,3,18,3.006776379477251,3.0764762826718295,0.06969990319457864,319,316,194,209,113,1,91,1,3,18,0.02032913843175218,0.002904162633107454,0.017424975798644726,-54,598,3,0,3,232,13,2,11,90,4,0,4,82,1,1,0,31,0,0,0
0.985,0.08,0.88,10,3.0,True,0.05,0.75,base0p985_slope0p08_min0p88_minbase10_maxx3_raw,1033,21,3,18,3.006776379477251,3.0764762826718295,0.06969990319457864,319,316,194,209,113,1,91,1,3,18,0.02032913843175218,0.002904162633107454,0.017424975798644726,-54,598,3,0,3,232,13,2,11,90,4,0,4,82,1,1,0,31,0,0,0
0.985,0.08,0.9,10,3.0,True,0.05,0.75,base0p985_slope0p08_min0p9_minbase10_maxx3_raw,1033,21,3,18,3.006776379477251,3.0764762826718295,0.06969990319457864,319,316,194,209,113,1,91,1,3,18,0.02032913843175218,0.002904162633107454,0.017424975798644726,-54,598,3,0,3,232,13,2,11,90,4,0,4,82,1,1,0,31,0,0,0
0.985,0.08,0.93,10,3.0,False,0.05,0.75,base0p985_slope0p08_min0p93_minbase10_maxx3_noraw,1033,21,3,18,3.006776379477251,3.0764762826718295,0.06969990319457864,319,316,194,209,113,1,91,1,3,18,0.02032913843175218,0.002904162633107454,0.017424975798644726,-54,598,3,0,3,232,13,2,11,90,4,0,4,82,1,1,0,31,0,0,0
0.985,0.08,0.93,10,3.0,True,0.05,0.75,base0p985_slope0p08_min0p93_minbase10_maxx3_raw,1033,21,3,18,3.006776379477251,3.0764762826718295,0.06969990319457864,319,316,194,209,113,1,91,1,3,18,0.02032913843175218,0.002904162633107454,0.017424975798644726,-54,598,3,0,3,232,13,2,11,90,4,0,4,82,1,1,0,31,0,0,0
0.97,0.02,0.85,10,2.0,False,0.05,0.75,base0p97_slope0p02_min0p85_minbase10_maxx2_noraw,1033,22,3,19,3.006776379477251,3.0377541142303968,0.030977734753145914,319,316,194,210,113,1,91,1,2,20,0.021297192642787996,0.002904162633107454,0.018393030009680542,-55,598,2,0,2,232,15,2,13,90,4,0,4,82,1,1,0,31,0,0,0
0.97,0.02,0.85,10,2.0,True,0.05,0.75,base0p97_slope0p02_min0p85_minbase10_maxx2_raw,1033,22,3,19,3.006776379477251,3.0377541142303968,0.030977734753145914,319,316,194,210,113,1,91,1,2,20,0.021297192642787996,0.002904162633107454,0.018393030009680542,-55,598,2,0,2,232,15,2,13,90,4,0,4,82,1,1,0,31,0,0,0
0.97,0.02,0.88,10,2.0,False,0.05,0.75,base0p97_slope0p02_min0p88_minbase10_maxx2_noraw,1033,22,3,19,3.006776379477251,3.0377541142303968,0.030977734753145914,319,316,194,210,113,1,91,1,2,20,0.021297192642787996,0.002904162633107454,0.018393030009680542,-55,598,2,0,2,232,15,2,13,90,4,0,4,82,1,1,0,31,0,0,0
0.97,0.02,0.88,10,2.0,True,0.05,0.75,base0p97_slope0p02_min0p88_minbase10_maxx2_raw,1033,22,3,19,3.006776379477251,3.0377541142303968,0.030977734753145914,319,316,194,210,113,1,91,1,2,20,0.021297192642787996,0.002904162633107454,0.018393030009680542,-55,598,2,0,2,232,15,2,13,90,4,0,4,82,1,1,0,31,0,0,0
0.97,0.02,0.9,10,2.0,False,0.05,0.75,base0p97_slope0p02_min0p9_minbase10_maxx2_noraw,1033,22,3,19,3.006776379477251,3.0377541142303968,0.030977734753145914,319,316,194,210,113,1,91,1,2,20,0.021297192642787996,0.002904162633107454,0.018393030009680542,-55,598,2,0,2,232,15,2,13,90,4,0,4,82,1,1,0,31,0,0,0
0.97,0.02,0.9,10,2.0,True,0.05,0.75,base0p97_slope0p02_min0p9_minbase10_maxx2_raw,1033,22,3,19,3.006776379477251,3.0377541142303968,0.030977734753145914,319,316,194,210,113,1,91,1,2,20,0.021297192642787996,0.002904162633107454,0.018393030009680542,-55,598,2,0,2,232,15,2,13,90,4,0,4,82,1,1,0,31,0,0,0
0.97,0.02,0.93,10,2.0,False,0.05,0.75,base0p97_slope0p02_min0p93_minbase10_maxx2_noraw,1033,22,3,19,3.006776379477251,3.0377541142303968,0.030977734753145914,319,316,194,210,113,1,91,1,2,20,0.021297192642787996,0.002904162633107454,0.018393030009680542,-55,598,2,0,2,232,15,2,13,90,4,0,4,82,1,1,0,31,0,0,0
0.97,0.02,0.93,10,2.0,True,0.05,0.75,base0p97_slope0p02_min0p93_minbase10_maxx2_raw,1033,22,3,19,3.006776379477251,3.0377541142303968,0.030977734753145914,319,316,194,210,113,1,91,1,2,20,0.021297192642787996,0.002904162633107454,0.018393030009680542,-55,598,2,0,2,232,15,2,13,90,4,0,4,82,1,1,0,31,0,0,0
0.985,0.08,0.85,9,2.0,False,0.05,0.75,base0p985_slope0p08_min0p85_minbase9_maxx2_noraw,1033,31,8,23,3.006776379477251,3.0658276863504357,0.05905130687318483,319,312,194,215,113,2,91,2,2,27,0.030009680542110357,0.007744433688286544,0.022265246853823813,-59,598,2,0,2,232,23,6,17,90,4,0,4,82,2,2,0,31,0,0,0
0.985,0.08,0.85,9,2.0,True,0.05,0.75,base0p985_slope0p08_min0p85_minbase9_maxx2_raw,1033,31,8,23,3.006776379477251,3.0658276863504357,0.05905130687318483,319,312,194,215,113,2,91,2,2,27,0.030009680542110357,0.007744433688286544,0.022265246853823813,-59,598,2,0,2,232,23,6,17,90,4,0,4,82,2,2,0,31,0,0,0
0.985,0.08,0.88,9,2.0,False,0.05,0.75,base0p985_slope0p08_min0p88_minbase9_maxx2_noraw,1033,31,8,23,3.006776379477251,3.0658276863504357,0.05905130687318483,319,312,194,215,113,2,91,2,2,27,0.030009680542110357,0.007744433688286544,0.022265246853823813,-59,598,2,0,2,232,23,6,17,90,4,0,4,82,2,2,0,31,0,0,0
0.985,0.08,0.88,9,2.0,True,0.05,0.75,base0p985_slope0p08_min0p88_minbase9_maxx2_raw,1033,31,8,23,3.006776379477251,3.0658276863504357,0.05905130687318483,319,312,194,215,113,2,91,2,2,27,0.030009680542110357,0.007744433688286544,0.022265246853823813,-59,598,2,0,2,232,23,6,17,90,4,0,4,82,2,2,0,31,0,0,0
0.985,0.08,0.9,9,2.0,False,0.05,0.75,base0p985_slope0p08_min0p9_minbase9_maxx2_noraw,1033,31,8,23,3.006776379477251,3.0658276863504357,0.05905130687318483,319,312,194,215,113,2,91,2,2,27,0.030009680542110357,0.007744433688286544,0.022265246853823813,-59,598,2,0,2,232,23,6,17,90,4,0,4,82,2,2,0,31,0,0,0
0.985,0.08,0.9,9,2.0,True,0.05,0.75,base0p985_slope0p08_min0p9_minbase9_maxx2_raw,1033,31,8,23,3.006776379477251,3.0658276863504357,0.05905130687318483,319,312,194,215,113,2,91,2,2,27,0.030009680542110357,0.007744433688286544,0.022265246853823813,-59,598,2,0,2,232,23,6,17,90,4,0,4,82,2,2,0,31,0,0,0
0.985,0.08,0.93,9,2.0,False,0.05,0.75,base0p985_slope0p08_min0p93_minbase9_maxx2_noraw,1033,31,8,23,3.006776379477251,3.0658276863504357,0.05905130687318483,319,312,194,215,113,2,91,2,2,27,0.030009680542110357,0.007744433688286544,0.022265246853823813,-59,598,2,0,2,232,23,6,17,90,4,0,4,82,2,2,0,31,0,0,0
0.985,0.08,0.93,9,2.0,True,0.05,0.75,base0p985_slope0p08_min0p93_minbase9_maxx2_raw,1033,31,8,23,3.006776379477251,3.0658276863504357,0.05905130687318483,319,312,194,215,113,2,91,2,2,27,0.030009680542110357,0.007744433688286544,0.022265246853823813,-59,598,2,0,2,232,23,6,17,90,4,0,4,82,2,2,0,31,0,0,0
0.97,0.02,0.85,10,1.5,False,0.05,0.75,base0p97_slope0p02_min0p85_minbase10_maxx1p5_noraw,1033,20,2,18,3.006776379477251,3.032913843175218,0.02613746369796699,319,317,194,208,113,0,91,0,2,19,0.01936108422071636,0.001936108422071636,0.017424975798644726,-59,598,2,0,2,232,14,2,12,90,4,0,4,82,0,0,0,31,0,0,0
0.97,0.02,0.85,10,1.5,True,0.05,0.75,base0p97_slope0p02_min0p85_minbase10_maxx1p5_raw,1033,20,2,18,3.006776379477251,3.032913843175218,0.02613746369796699,319,317,194,208,113,0,91,0,2,19,0.01936108422071636,0.001936108422071636,0.017424975798644726,-59,598,2,0,2,232,14,2,12,90,4,0,4,82,0,0,0,31,0,0,0
0.97,0.02,0.88,10,1.5,False,0.05,0.75,base0p97_slope0p02_min0p88_minbase10_maxx1p5_noraw,1033,20,2,18,3.006776379477251,3.032913843175218,0.02613746369796699,319,317,194,208,113,0,91,0,2,19,0.01936108422071636,0.001936108422071636,0.017424975798644726,-59,598,2,0,2,232,14,2,12,90,4,0,4,82,0,0,0,31,0,0,0
0.97,0.02,0.88,10,1.5,True,0.05,0.75,base0p97_slope0p02_min0p88_minbase10_maxx1p5_raw,1033,20,2,18,3.006776379477251,3.032913843175218,0.02613746369796699,319,317,194,208,113,0,91,0,2,19,0.01936108422071636,0.001936108422071636,0.017424975798644726,-59,598,2,0,2,232,14,2,12,90,4,0,4,82,0,0,0,31,0,0,0
0.97,0.02,0.9,10,1.5,False,0.05,0.75,base0p97_slope0p02_min0p9_minbase10_maxx1p5_noraw,1033,20,2,18,3.006776379477251,3.032913843175218,0.02613746369796699,319,317,194,208,113,0,91,0,2,19,0.01936108422071636,0.001936108422071636,0.017424975798644726,-59,598,2,0,2,232,14,2,12,90,4,0,4,82,0,0,0,31,0,0,0
0.97,0.02,0.9,10,1.5,True,0.05,0.75,base0p97_slope0p02_min0p9_minbase10_maxx1p5_raw,1033,20,2,18,3.006776379477251,3.032913843175218,0.02613746369796699,319,317,194,208,113,0,91,0,2,19,0.01936108422071636,0.001936108422071636,0.017424975798644726,-59,598,2,0,2,232,14,2,12,90,4,0,4,82,0,0,0,31,0,0,0
0.97,0.02,0.93,10,1.5,False,0.05,0.75,base0p97_slope0p02_min0p93_minbase10_maxx1p5_noraw,1033,20,2,18,3.006776379477251,3.032913843175218,0.02613746369796699,319,317,194,208,113,0,91,0,2,19,0.01936108422071636,0.001936108422071636,0.017424975798644726,-59,598,2,0,2,232,14,2,12,90,4,0,4,82,0,0,0,31,0,0,0
0.97,0.02,0.93,10,1.5,True,0.05,0.75,base0p97_slope0p02_min0p93_minbase10_maxx1p5_raw,1033,20,2,18,3.006776379477251,3.032913843175218,0.02613746369796699,319,317,194,208,113,0,91,0,2,19,0.01936108422071636,0.001936108422071636,0.017424975798644726,-59,598,2,0,2,232,14,2,12,90,4,0,4,82,0,0,0,31,0,0,0
0.985,0.06,0.85,9,3.0,False,0.05,0.75,base0p985_slope0p06_min0p85_minbase9_maxx3_noraw,1033,30,7,23,3.006776379477251,3.081316553727009,0.074540174249758,319,312,194,214,113,2,91,2,2,27,0.02904162633107454,0.006776379477250726,0.022265246853823813,-60,598,2,0,2,232,23,5,18,90,3,0,3,82,2,2,0,31,0,0,0
0.985,0.06,0.85,9,3.0,True,0.05,0.75,base0p985_slope0p06_min0p85_minbase9_maxx3_raw,1033,30,7,23,3.006776379477251,3.081316553727009,0.074540174249758,319,312,194,214,113,2,91,2,2,27,0.02904162633107454,0.006776379477250726,0.022265246853823813,-60,598,2,0,2,232,23,5,18,90,3,0,3,82,2,2,0,31,0,0,0
0.985,0.06,0.88,9,3.0,False,0.05,0.75,base0p985_slope0p06_min0p88_minbase9_maxx3_noraw,1033,30,7,23,3.006776379477251,3.081316553727009,0.074540174249758,319,312,194,214,113,2,91,2,2,27,0.02904162633107454,0.006776379477250726,0.022265246853823813,-60,598,2,0,2,232,23,5,18,90,3,0,3,82,2,2,0,31,0,0,0
0.985,0.06,0.88,9,3.0,True,0.05,0.75,base0p985_slope0p06_min0p88_minbase9_maxx3_raw,1033,30,7,23,3.006776379477251,3.081316553727009,0.074540174249758,319,312,194,214,113,2,91,2,2,27,0.02904162633107454,0.006776379477250726,0.022265246853823813,-60,598,2,0,2,232,23,5,18,90,3,0,3,82,2,2,0,31,0,0,0
0.985,0.06,0.9,9,3.0,False,0.05,0.75,base0p985_slope0p06_min0p9_minbase9_maxx3_noraw,1033,30,7,23,3.006776379477251,3.081316553727009,0.074540174249758,319,312,194,214,113,2,91,2,2,27,0.02904162633107454,0.006776379477250726,0.022265246853823813,-60,598,2,0,2,232,23,5,18,90,3,0,3,82,2,2,0,31,0,0,0
0.985,0.06,0.9,9,3.0,True,0.05,0.75,base0p985_slope0p06_min0p9_minbase9_maxx3_raw,1033,30,7,23,3.006776379477251,3.081316553727009,0.074540174249758,319,312,194,214,113,2,91,2,2,27,0.02904162633107454,0.006776379477250726,0.022265246853823813,-60,598,2,0,2,232,23,5,18,90,3,0,3,82,2,2,0,31,0,0,0
0.985,0.06,0.93,9,3.0,False,0.05,0.75,base0p985_slope0p06_min0p93_minbase9_maxx3_noraw,1033,30,7,23,3.006776379477251,3.081316553727009,0.074540174249758,319,312,194,214,113,2,91,2,2,27,0.02904162633107454,0.006776379477250726,0.022265246853823813,-60,598,2,0,2,232,23,5,18,90,3,0,3,82,2,2,0,31,0,0,0
0.985,0.06,0.93,9,3.0,True,0.05,0.75,base0p985_slope0p06_min0p93_minbase9_maxx3_raw,1033,30,7,23,3.006776379477251,3.081316553727009,0.074540174249758,319,312,194,214,113,2,91,2,2,27,0.02904162633107454,0.006776379477250726,0.022265246853823813,-60,598,2,0,2,232,23,5,18,90,3,0,3,82,2,2,0,31,0,0,0
0.97,0.04,0.85,10,2.0,False,0.05,0.75,base0p97_slope0p04_min0p85_minbase10_maxx2_noraw,1033,24,3,21,3.006776379477251,3.0454985479186836,0.038722168441432725,319,316,194,212,113,1,91,1,2,21,0.023233301064859633,0.002904162633107454,0.02032913843175218,-60,598,2,0,2,232,16,2,14,90,5,0,5,82,1,1,0,31,0,0,0
0.97,0.04,0.85,10,2.0,True,0.05,0.75,base0p97_slope0p04_min0p85_minbase10_maxx2_raw,1033,24,3,21,3.006776379477251,3.0454985479186836,0.038722168441432725,319,316,194,212,113,1,91,1,2,21,0.023233301064859633,0.002904162633107454,0.02032913843175218,-60,598,2,0,2,232,16,2,14,90,5,0,5,82,1,1,0,31,0,0,0
0.97,0.04,0.88,10,2.0,False,0.05,0.75,base0p97_slope0p04_min0p88_minbase10_maxx2_noraw,1033,24,3,21,3.006776379477251,3.0454985479186836,0.038722168441432725,319,316,194,212,113,1,91,1,2,21,0.023233301064859633,0.002904162633107454,0.02032913843175218,-60,598,2,0,2,232,16,2,14,90,5,0,5,82,1,1,0,31,0,0,0
0.97,0.04,0.88,10,2.0,True,0.05,0.75,base0p97_slope0p04_min0p88_minbase10_maxx2_raw,1033,24,3,21,3.006776379477251,3.0454985479186836,0.038722168441432725,319,316,194,212,113,1,91,1,2,21,0.023233301064859633,0.002904162633107454,0.02032913843175218,-60,598,2,0,2,232,16,2,14,90,5,0,5,82,1,1,0,31,0,0,0
0.97,0.04,0.9,10,2.0,False,0.05,0.75,base0p97_slope0p04_min0p9_minbase10_maxx2_noraw,1033,24,3,21,3.006776379477251,3.0454985479186836,0.038722168441432725,319,316,194,212,113,1,91,1,2,21,0.023233301064859633,0.002904162633107454,0.02032913843175218,-60,598,2,0,2,232,16,2,14,90,5,0,5,82,1,1,0,31,0,0,0
0.97,0.04,0.9,10,2.0,True,0.05,0.75,base0p97_slope0p04_min0p9_minbase10_maxx2_raw,1033,24,3,21,3.006776379477251,3.0454985479186836,0.038722168441432725,319,316,194,212,113,1,91,1,2,21,0.023233301064859633,0.002904162633107454,0.02032913843175218,-60,598,2,0,2,232,16,2,14,90,5,0,5,82,1,1,0,31,0,0,0
0.97,0.04,0.93,10,2.0,False,0.05,0.75,base0p97_slope0p04_min0p93_minbase10_maxx2_noraw,1033,24,3,21,3.006776379477251,3.0454985479186836,0.038722168441432725,319,316,194,212,113,1,91,1,2,21,0.023233301064859633,0.002904162633107454,0.02032913843175218,-60,598,2,0,2,232,16,2,14,90,5,0,5,82,1,1,0,31,0,0,0
0.97,0.04,0.93,10,2.0,True,0.05,0.75,base0p97_slope0p04_min0p93_minbase10_maxx2_raw,1033,24,3,21,3.006776379477251,3.0454985479186836,0.038722168441432725,319,316,194,212,113,1,91,1,2,21,0.023233301064859633,0.002904162633107454,0.02032913843175218,-60,598,2,0,2,232,16,2,14,90,5,0,5,82,1,1,0,31,0,0,0
0.985,0.08,0.85,10,3.0,False,0.05,0.75,base0p985_slope0p08_min0p85_minbase10_maxx3_noraw,1033,22,3,19,3.006776379477251,3.0890609874152952,0.08228460793804437,319,316,194,209,113,1,91,1,4,19,0.021297192642787996,0.002904162633107454,0.018393030009680542,-60,598,4,0,4,232,13,2,11,90,4,0,4,82,1,1,0,31,0,0,0
0.985,0.08,0.88,10,3.0,False,0.05,0.75,base0p985_slope0p08_min0p88_minbase10_maxx3_noraw,1033,22,3,19,3.006776379477251,3.0890609874152952,0.08228460793804437,319,316,194,209,113,1,91,1,4,19,0.021297192642787996,0.002904162633107454,0.018393030009680542,-60,598,4,0,4,232,13,2,11,90,4,0,4,82,1,1,0,31,0,0,0
0.985,0.08,0.9,10,3.0,False,0.05,0.75,base0p985_slope0p08_min0p9_minbase10_maxx3_noraw,1033,22,3,19,3.006776379477251,3.0890609874152952,0.08228460793804437,319,316,194,209,113,1,91,1,4,19,0.021297192642787996,0.002904162633107454,0.018393030009680542,-60,598,4,0,4,232,13,2,11,90,4,0,4,82,1,1,0,31,0,0,0
0.97,0.02,0.85,10,3.0,False,0.05,0.75,base0p97_slope0p02_min0p85_minbase10_maxx3_noraw,1033,23,3,20,3.006776379477251,3.0503388189738625,0.04356243949661165,319,316,194,210,113,1,91,1,3,21,0.022265246853823813,0.002904162633107454,0.01936108422071636,-61,598,3,0,3,232,15,2,13,90,4,0,4,82,1,1,0,31,0,0,0
0.97,0.02,0.85,10,3.0,True,0.05,0.75,base0p97_slope0p02_min0p85_minbase10_maxx3_raw,1033,23,3,20,3.006776379477251,3.0503388189738625,0.04356243949661165,319,316,194,210,113,1,91,1,3,21,0.022265246853823813,0.002904162633107454,0.01936108422071636,-61,598,3,0,3,232,15,2,13,90,4,0,4,82,1,1,0,31,0,0,0
0.97,0.02,0.88,10,3.0,False,0.05,0.75,base0p97_slope0p02_min0p88_minbase10_maxx3_noraw,1033,23,3,20,3.006776379477251,3.0503388189738625,0.04356243949661165,319,316,194,210,113,1,91,1,3,21,0.022265246853823813,0.002904162633107454,0.01936108422071636,-61,598,3,0,3,232,15,2,13,90,4,0,4,82,1,1,0,31,0,0,0
0.97,0.02,0.88,10,3.0,True,0.05,0.75,base0p97_slope0p02_min0p88_minbase10_maxx3_raw,1033,23,3,20,3.006776379477251,3.0503388189738625,0.04356243949661165,319,316,194,210,113,1,91,1,3,21,0.022265246853823813,0.002904162633107454,0.01936108422071636,-61,598,3,0,3,232,15,2,13,90,4,0,4,82,1,1,0,31,0,0,0
0.97,0.02,0.9,10,3.0,False,0.05,0.75,base0p97_slope0p02_min0p9_minbase10_maxx3_noraw,1033,23,3,20,3.006776379477251,3.0503388189738625,0.04356243949661165,319,316,194,210,113,1,91,1,3,21,0.022265246853823813,0.002904162633107454,0.01936108422071636,-61,598,3,0,3,232,15,2,13,90,4,0,4,82,1,1,0,31,0,0,0
0.97,0.02,0.9,10,3.0,True,0.05,0.75,base0p97_slope0p02_min0p9_minbase10_maxx3_raw,1033,23,3,20,3.006776379477251,3.0503388189738625,0.04356243949661165,319,316,194,210,113,1,91,1,3,21,0.022265246853823813,0.002904162633107454,0.01936108422071636,-61,598,3,0,3,232,15,2,13,90,4,0,4,82,1,1,0,31,0,0,0
0.97,0.02,0.93,10,3.0,False,0.05,0.75,base0p97_slope0p02_min0p93_minbase10_maxx3_noraw,1033,23,3,20,3.006776379477251,3.0503388189738625,0.04356243949661165,319,316,194,210,113,1,91,1,3,21,0.022265246853823813,0.002904162633107454,0.01936108422071636,-61,598,3,0,3,232,15,2,13,90,4,0,4,82,1,1,0,31,0,0,0
0.97,0.02,0.93,10,3.0,True,0.05,0.75,base0p97_slope0p02_min0p93_minbase10_maxx3_raw,1033,23,3,20,3.006776379477251,3.0503388189738625,0.04356243949661165,319,316,194,210,113,1,91,1,3,21,0.022265246853823813,0.002904162633107454,0.01936108422071636,-61,598,3,0,3,232,15,2,13,90,4,0,4,82,1,1,0,31,0,0,0
0.97,0.06,0.85,10,1.5,False,0.05,0.75,base0p97_slope0p06_min0p85_minbase10_maxx1p5_noraw,1033,25,2,22,3.006776379477251,3.048402710551791,0.04162633107454017,319,317,194,213,113,1,91,1,2,22,0.02420135527589545,0.001936108422071636,0.021297192642787996,-64,598,2,0,2,232,17,1,15,90,5,0,5,82,1,1,0,31,0,0,0
0.97,0.06,0.85,10,1.5,True,0.05,0.75,base0p97_slope0p06_min0p85_minbase10_maxx1p5_raw,1033,25,2,22,3.006776379477251,3.048402710551791,0.04162633107454017,319,317,194,213,113,1,91,1,2,22,0.02420135527589545,0.001936108422071636,0.021297192642787996,-64,598,2,0,2,232,17,1,15,90,5,0,5,82,1,1,0,31,0,0,0
0.97,0.06,0.88,10,1.5,False,0.05,0.75,base0p97_slope0p06_min0p88_minbase10_maxx1p5_noraw,1033,25,2,22,3.006776379477251,3.048402710551791,0.04162633107454017,319,317,194,213,113,1,91,1,2,22,0.02420135527589545,0.001936108422071636,0.021297192642787996,-64,598,2,0,2,232,17,1,15,90,5,0,5,82,1,1,0,31,0,0,0
0.97,0.06,0.88,10,1.5,True,0.05,0.75,base0p97_slope0p06_min0p88_minbase10_maxx1p5_raw,1033,25,2,22,3.006776379477251,3.048402710551791,0.04162633107454017,319,317,194,213,113,1,91,1,2,22,0.02420135527589545,0.001936108422071636,0.021297192642787996,-64,598,2,0,2,232,17,1,15,90,5,0,5,82,1,1,0,31,0,0,0
0.97,0.06,0.9,10,1.5,False,0.05,0.75,base0p97_slope0p06_min0p9_minbase10_maxx1p5_noraw,1033,25,2,22,3.006776379477251,3.048402710551791,0.04162633107454017,319,317,194,213,113,1,91,1,2,22,0.02420135527589545,0.001936108422071636,0.021297192642787996,-64,598,2,0,2,232,17,1,15,90,5,0,5,82,1,1,0,31,0,0,0
0.97,0.06,0.9,10,1.5,True,0.05,0.75,base0p97_slope0p06_min0p9_minbase10_maxx1p5_raw,1033,25,2,22,3.006776379477251,3.048402710551791,0.04162633107454017,319,317,194,213,113,1,91,1,2,22,0.02420135527589545,0.001936108422071636,0.021297192642787996,-64,598,2,0,2,232,17,1,15,90,5,0,5,82,1,1,0,31,0,0,0
0.97,0.06,0.93,10,1.5,False,0.05,0.75,base0p97_slope0p06_min0p93_minbase10_maxx1p5_noraw,1033,25,2,22,3.006776379477251,3.048402710551791,0.04162633107454017,319,317,194,213,113,1,91,1,2,22,0.02420135527589545,0.001936108422071636,0.021297192642787996,-64,598,2,0,2,232,17,1,15,90,5,0,5,82,1,1,0,31,0,0,0
0.97,0.06,0.93,10,1.5,True,0.05,0.75,base0p97_slope0p06_min0p93_minbase10_maxx1p5_raw,1033,25,2,22,3.006776379477251,3.048402710551791,0.04162633107454017,319,317,194,213,113,1,91,1,2,22,0.02420135527589545,0.001936108422071636,0.021297192642787996,-64,598,2,0,2,232,17,1,15,90,5,0,5,82,1,1,0,31,0,0,0
0.97,0.04,0.85,10,1.5,False,0.05,0.75,base0p97_slope0p04_min0p85_minbase10_maxx1p5_noraw,1033,22,2,20,3.006776379477251,3.040658276863504,0.03388189738625336,319,317,194,210,113,0,91,0,2,20,0.021297192642787996,0.001936108422071636,0.01936108422071636,-64,598,2,0,2,232,15,2,13,90,5,0,5,82,0,0,0,31,0,0,0
0.97,0.04,0.85,10,1.5,True,0.05,0.75,base0p97_slope0p04_min0p85_minbase10_maxx1p5_raw,1033,22,2,20,3.006776379477251,3.040658276863504,0.03388189738625336,319,317,194,210,113,0,91,0,2,20,0.021297192642787996,0.001936108422071636,0.01936108422071636,-64,598,2,0,2,232,15,2,13,90,5,0,5,82,0,0,0,31,0,0,0
0.97,0.04,0.88,10,1.5,False,0.05,0.75,base0p97_slope0p04_min0p88_minbase10_maxx1p5_noraw,1033,22,2,20,3.006776379477251,3.040658276863504,0.03388189738625336,319,317,194,210,113,0,91,0,2,20,0.021297192642787996,0.001936108422071636,0.01936108422071636,-64,598,2,0,2,232,15,2,13,90,5,0,5,82,0,0,0,31,0,0,0
0.97,0.04,0.88,10,1.5,True,0.05,0.75,base0p97_slope0p04_min0p88_minbase10_maxx1p5_raw,1033,22,2,20,3.006776379477251,3.040658276863504,0.03388189738625336,319,317,194,210,113,0,91,0,2,20,0.021297192642787996,0.001936108422071636,0.01936108422071636,-64,598,2,0,2,232,15,2,13,90,5,0,5,82,0,0,0,31,0,0,0
0.97,0.04,0.9,10,1.5,False,0.05,0.75,base0p97_slope0p04_min0p9_minbase10_maxx1p5_noraw,1033,22,2,20,3.006776379477251,3.040658276863504,0.03388189738625336,319,317,194,210,113,0,91,0,2,20,0.021297192642787996,0.001936108422071636,0.01936108422071636,-64,598,2,0,2,232,15,2,13,90,5,0,5,82,0,0,0,31,0,0,0
0.97,0.04,0.9,10,1.5,True,0.05,0.75,base0p97_slope0p04_min0p9_minbase10_maxx1p5_raw,1033,22,2,20,3.006776379477251,3.040658276863504,0.03388189738625336,319,317,194,210,113,0,91,0,2,20,0.021297192642787996,0.001936108422071636,0.01936108422071636,-64,598,2,0,2,232,15,2,13,90,5,0,5,82,0,0,0,31,0,0,0
0.97,0.04,0.93,10,1.5,False,0.05,0.75,base0p97_slope0p04_min0p93_minbase10_maxx1p5_noraw,1033,22,2,20,3.006776379477251,3.040658276863504,0.03388189738625336,319,317,194,210,113,0,91,0,2,20,0.021297192642787996,0.001936108422071636,0.01936108422071636,-64,598,2,0,2,232,15,2,13,90,5,0,5,82,0,0,0,31,0,0,0
0.97,0.04,0.93,10,1.5,True,0.05,0.75,base0p97_slope0p04_min0p93_minbase10_maxx1p5_raw,1033,22,2,20,3.006776379477251,3.040658276863504,0.03388189738625336,319,317,194,210,113,0,91,0,2,20,0.021297192642787996,0.001936108422071636,0.01936108422071636,-64,598,2,0,2,232,15,2,13,90,5,0,5,82,0,0,0,31,0,0,0
0.97,0.06,0.85,10,2.0,False,0.05,0.75,base0p97_slope0p06_min0p85_minbase10_maxx2_noraw,1033,28,3,24,3.006776379477251,3.0648596321393997,0.058083252662148865,319,316,194,215,113,2,91,2,3,24,0.027105517909002903,0.002904162633107454,0.023233301064859633,-66,598,3,0,3,232,18,1,16,90,5,0,5,82,2,2,0,31,0,0,0
0.97,0.06,0.85,10,2.0,True,0.05,0.75,base0p97_slope0p06_min0p85_minbase10_maxx2_raw,1033,28,3,24,3.006776379477251,3.0648596321393997,0.058083252662148865,319,316,194,215,113,2,91,2,3,24,0.027105517909002903,0.002904162633107454,0.023233301064859633,-66,598,3,0,3,232,18,1,16,90,5,0,5,82,2,2,0,31,0,0,0
0.97,0.06,0.88,10,2.0,False,0.05,0.75,base0p97_slope0p06_min0p88_minbase10_maxx2_noraw,1033,28,3,24,3.006776379477251,3.0648596321393997,0.058083252662148865,319,316,194,215,113,2,91,2,3,24,0.027105517909002903,0.002904162633107454,0.023233301064859633,-66,598,3,0,3,232,18,1,16,90,5,0,5,82,2,2,0,31,0,0,0
0.97,0.06,0.88,10,2.0,True,0.05,0.75,base0p97_slope0p06_min0p88_minbase10_maxx2_raw,1033,28,3,24,3.006776379477251,3.0648596321393997,0.058083252662148865,319,316,194,215,113,2,91,2,3,24,0.027105517909002903,0.002904162633107454,0.023233301064859633,-66,598,3,0,3,232,18,1,16,90,5,0,5,82,2,2,0,31,0,0,0
0.97,0.06,0.9,10,2.0,False,0.05,0.75,base0p97_slope0p06_min0p9_minbase10_maxx2_noraw,1033,28,3,24,3.006776379477251,3.0648596321393997,0.058083252662148865,319,316,194,215,113,2,91,2,3,24,0.027105517909002903,0.002904162633107454,0.023233301064859633,-66,598,3,0,3,232,18,1,16,90,5,0,5,82,2,2,0,31,0,0,0
0.97,0.06,0.9,10,2.0,True,0.05,0.75,base0p97_slope0p06_min0p9_minbase10_maxx2_raw,1033,28,3,24,3.006776379477251,3.0648596321393997,0.058083252662148865,319,316,194,215,113,2,91,2,3,24,0.027105517909002903,0.002904162633107454,0.023233301064859633,-66,598,3,0,3,232,18,1,16,90,5,0,5,82,2,2,0,31,0,0,0
0.97,0.06,0.93,10,2.0,False,0.05,0.75,base0p97_slope0p06_min0p93_minbase10_maxx2_noraw,1033,28,3,24,3.006776379477251,3.0648596321393997,0.058083252662148865,319,316,194,215,113,2,91,2,3,24,0.027105517909002903,0.002904162633107454,0.023233301064859633,-66,598,3,0,3,232,18,1,16,90,5,0,5,82,2,2,0,31,0,0,0
0.97,0.06,0.93,10,2.0,True,0.05,0.75,base0p97_slope0p06_min0p93_minbase10_maxx2_raw,1033,28,3,24,3.006776379477251,3.0648596321393997,0.058083252662148865,319,316,194,215,113,2,91,2,3,24,0.027105517909002903,0.002904162633107454,0.023233301064859633,-66,598,3,0,3,232,18,1,16,90,5,0,5,82,2,2,0,31,0,0,0
0.985,0.02,0.85,8,1.5,False,0.05,0.75,base0p985_slope0p02_min0p85_minbase8_maxx1p5_noraw,1033,23,6,17,3.006776379477251,3.026137463697967,0.01936108422071614,319,314,194,207,113,1,91,0,6,22,0.022265246853823813,0.005808325266214908,0.016456921587608905,-66,598,6,0,6,232,13,5,8,90,3,0,3,82,0,0,0,31,1,1,0
0.985,0.02,0.85,8,1.5,True,0.05,0.75,base0p985_slope0p02_min0p85_minbase8_maxx1p5_raw,1033,23,6,17,3.006776379477251,3.026137463697967,0.01936108422071614,319,314,194,207,113,1,91,0,6,22,0.022265246853823813,0.005808325266214908,0.016456921587608905,-66,598,6,0,6,232,13,5,8,90,3,0,3,82,0,0,0,31,1,1,0
0.985,0.02,0.88,8,1.5,False,0.05,0.75,base0p985_slope0p02_min0p88_minbase8_maxx1p5_noraw,1033,23,6,17,3.006776379477251,3.026137463697967,0.01936108422071614,319,314,194,207,113,1,91,0,6,22,0.022265246853823813,0.005808325266214908,0.016456921587608905,-66,598,6,0,6,232,13,5,8,90,3,0,3,82,0,0,0,31,1,1,0
0.985,0.02,0.88,8,1.5,True,0.05,0.75,base0p985_slope0p02_min0p88_minbase8_maxx1p5_raw,1033,23,6,17,3.006776379477251,3.026137463697967,0.01936108422071614,319,314,194,207,113,1,91,0,6,22,0.022265246853823813,0.005808325266214908,0.016456921587608905,-66,598,6,0,6,232,13,5,8,90,3,0,3,82,0,0,0,31,1,1,0
0.985,0.02,0.9,8,1.5,False,0.05,0.75,base0p985_slope0p02_min0p9_minbase8_maxx1p5_noraw,1033,23,6,17,3.006776379477251,3.026137463697967,0.01936108422071614,319,314,194,207,113,1,91,0,6,22,0.022265246853823813,0.005808325266214908,0.016456921587608905,-66,598,6,0,6,232,13,5,8,90,3,0,3,82,0,0,0,31,1,1,0
0.985,0.02,0.9,8,1.5,True,0.05,0.75,base0p985_slope0p02_min0p9_minbase8_maxx1p5_raw,1033,23,6,17,3.006776379477251,3.026137463697967,0.01936108422071614,319,314,194,207,113,1,91,0,6,22,0.022265246853823813,0.005808325266214908,0.016456921587608905,-66,598,6,0,6,232,13,5,8,90,3,0,3,82,0,0,0,31,1,1,0
0.985,0.02,0.93,8,1.5,False,0.05,0.75,base0p985_slope0p02_min0p93_minbase8_maxx1p5_noraw,1033,23,6,17,3.006776379477251,3.026137463697967,0.01936108422071614,319,314,194,207,113,1,91,0,6,22,0.022265246853823813,0.005808325266214908,0.016456921587608905,-66,598,6,0,6,232,13,5,8,90,3,0,3,82,0,0,0,31,1,1,0
0.985,0.02,0.93,8,1.5,True,0.05,0.75,base0p985_slope0p02_min0p93_minbase8_maxx1p5_raw,1033,23,6,17,3.006776379477251,3.026137463697967,0.01936108422071614,319,314,194,207,113,1,91,0,6,22,0.022265246853823813,0.005808325266214908,0.016456921587608905,-66,598,6,0,6,232,13,5,8,90,3,0,3,82,0,0,0,31,1,1,0
0.985,0.08,0.93,9,3.0,False,0.05,0.75,base0p985_slope0p08_min0p93_minbase9_maxx3_noraw,1033,36,9,27,3.006776379477251,3.102613746369797,0.09583736689254607,319,311,194,217,113,3,91,3,3,31,0.03484995159728945,0.008712487899322363,0.026137463697967087,-67,598,3,0,3,232,26,6,20,90,4,0,4,82,3,3,0,31,0,0,0
0.985,0.08,0.93,9,3.0,True,0.05,0.75,base0p985_slope0p08_min0p93_minbase9_maxx3_raw,1033,36,9,27,3.006776379477251,3.102613746369797,0.09583736689254607,319,311,194,217,113,3,91,3,3,31,0.03484995159728945,0.008712487899322363,0.026137463697967087,-67,598,3,0,3,232,26,6,20,90,4,0,4,82,3,3,0,31,0,0,0
0.97,0.02,0.85,9,1.5,False,0.05,0.75,base0p97_slope0p02_min0p85_minbase9_maxx1p5_noraw,1033,30,7,23,3.006776379477251,3.0367860600193612,0.030009680542110395,319,313,194,213,113,1,91,1,2,28,0.02904162633107454,0.006776379477250726,0.022265246853823813,-67,598,2,0,2,232,23,6,17,90,4,0,4,82,1,1,0,31,0,0,0
0.97,0.02,0.85,9,1.5,True,0.05,0.75,base0p97_slope0p02_min0p85_minbase9_maxx1p5_raw,1033,30,7,23,3.006776379477251,3.0367860600193612,0.030009680542110395,319,313,194,213,113,1,91,1,2,28,0.02904162633107454,0.006776379477250726,0.022265246853823813,-67,598,2,0,2,232,23,6,17,90,4,0,4,82,1,1,0,31,0,0,0
0.97,0.02,0.88,9,1.5,False,0.05,0.75,base0p97_slope0p02_min0p88_minbase9_maxx1p5_noraw,1033,30,7,23,3.006776379477251,3.0367860600193612,0.030009680542110395,319,313,194,213,113,1,91,1,2,28,0.02904162633107454,0.006776379477250726,0.022265246853823813,-67,598,2,0,2,232,23,6,17,90,4,0,4,82,1,1,0,31,0,0,0
0.97,0.02,0.88,9,1.5,True,0.05,0.75,base0p97_slope0p02_min0p88_minbase9_maxx1p5_raw,1033,30,7,23,3.006776379477251,3.0367860600193612,0.030009680542110395,319,313,194,213,113,1,91,1,2,28,0.02904162633107454,0.006776379477250726,0.022265246853823813,-67,598,2,0,2,232,23,6,17,90,4,0,4,82,1,1,0,31,0,0,0
0.97,0.02,0.9,9,1.5,False,0.05,0.75,base0p97_slope0p02_min0p9_minbase9_maxx1p5_noraw,1033,30,7,23,3.006776379477251,3.0367860600193612,0.030009680542110395,319,313,194,213,113,1,91,1,2,28,0.02904162633107454,0.006776379477250726,0.022265246853823813,-67,598,2,0,2,232,23,6,17,90,4,0,4,82,1,1,0,31,0,0,0
0.97,0.02,0.9,9,1.5,True,0.05,0.75,base0p97_slope0p02_min0p9_minbase9_maxx1p5_raw,1033,30,7,23,3.006776379477251,3.0367860600193612,0.030009680542110395,319,313,194,213,113,1,91,1,2,28,0.02904162633107454,0.006776379477250726,0.022265246853823813,-67,598,2,0,2,232,23,6,17,90,4,0,4,82,1,1,0,31,0,0,0
0.97,0.02,0.93,9,1.5,False,0.05,0.75,base0p97_slope0p02_min0p93_minbase9_maxx1p5_noraw,1033,30,7,23,3.006776379477251,3.0367860600193612,0.030009680542110395,319,313,194,213,113,1,91,1,2,28,0.02904162633107454,0.006776379477250726,0.022265246853823813,-67,598,2,0,2,232,23,6,17,90,4,0,4,82,1,1,0,31,0,0,0
0.97,0.02,0.93,9,1.5,True,0.05,0.75,base0p97_slope0p02_min0p93_minbase9_maxx1p5_raw,1033,30,7,23,3.006776379477251,3.0367860600193612,0.030009680542110395,319,313,194,213,113,1,91,1,2,28,0.02904162633107454,0.006776379477250726,0.022265246853823813,-67,598,2,0,2,232,23,6,17,90,4,0,4,82,1,1,0,31,0,0,0
0.97,0.02,0.85,9,2.0,False,0.05,0.75,base0p97_slope0p02_min0p85_minbase9_maxx2_noraw,1033,34,8,26,3.006776379477251,3.05324298160697,0.04646660212971909,319,312,194,217,113,2,91,2,2,31,0.03291384317521781,0.007744433688286544,0.02516940948693127,-69,598,2,0,2,232,26,6,20,90,4,0,4,82,2,2,0,31,0,0,0
0.97,0.02,0.85,9,2.0,True,0.05,0.75,base0p97_slope0p02_min0p85_minbase9_maxx2_raw,1033,34,8,26,3.006776379477251,3.05324298160697,0.04646660212971909,319,312,194,217,113,2,91,2,2,31,0.03291384317521781,0.007744433688286544,0.02516940948693127,-69,598,2,0,2,232,26,6,20,90,4,0,4,82,2,2,0,31,0,0,0
0.97,0.02,0.88,9,2.0,False,0.05,0.75,base0p97_slope0p02_min0p88_minbase9_maxx2_noraw,1033,34,8,26,3.006776379477251,3.05324298160697,0.04646660212971909,319,312,194,217,113,2,91,2,2,31,0.03291384317521781,0.007744433688286544,0.02516940948693127,-69,598,2,0,2,232,26,6,20,90,4,0,4,82,2,2,0,31,0,0,0
0.97,0.02,0.88,9,2.0,True,0.05,0.75,base0p97_slope0p02_min0p88_minbase9_maxx2_raw,1033,34,8,26,3.006776379477251,3.05324298160697,0.04646660212971909,319,312,194,217,113,2,91,2,2,31,0.03291384317521781,0.007744433688286544,0.02516940948693127,-69,598,2,0,2,232,26,6,20,90,4,0,4,82,2,2,0,31,0,0,0
0.97,0.02,0.9,9,2.0,False,0.05,0.75,base0p97_slope0p02_min0p9_minbase9_maxx2_noraw,1033,34,8,26,3.006776379477251,3.05324298160697,0.04646660212971909,319,312,194,217,113,2,91,2,2,31,0.03291384317521781,0.007744433688286544,0.02516940948693127,-69,598,2,0,2,232,26,6,20,90,4,0,4,82,2,2,0,31,0,0,0
0.97,0.02,0.9,9,2.0,True,0.05,0.75,base0p97_slope0p02_min0p9_minbase9_maxx2_raw,1033,34,8,26,3.006776379477251,3.05324298160697,0.04646660212971909,319,312,194,217,113,2,91,2,2,31,0.03291384317521781,0.007744433688286544,0.02516940948693127,-69,598,2,0,2,232,26,6,20,90,4,0,4,82,2,2,0,31,0,0,0
0.97,0.02,0.93,9,2.0,False,0.05,0.75,base0p97_slope0p02_min0p93_minbase9_maxx2_noraw,1033,34,8,26,3.006776379477251,3.05324298160697,0.04646660212971909,319,312,194,217,113,2,91,2,2,31,0.03291384317521781,0.007744433688286544,0.02516940948693127,-69,598,2,0,2,232,26,6,20,90,4,0,4,82,2,2,0,31,0,0,0
0.97,0.02,0.93,9,2.0,True,0.05,0.75,base0p97_slope0p02_min0p93_minbase9_maxx2_raw,1033,34,8,26,3.006776379477251,3.05324298160697,0.04646660212971909,319,312,194,217,113,2,91,2,2,31,0.03291384317521781,0.007744433688286544,0.02516940948693127,-69,598,2,0,2,232,26,6,20,90,4,0,4,82,2,2,0,31,0,0,0
0.97,0.04,0.85,10,3.0,False,0.05,0.75,base0p97_slope0p04_min0p85_minbase10_maxx3_noraw,1033,26,3,23,3.006776379477251,3.0716360116166506,0.06485963213939971,319,316,194,213,113,1,91,1,3,23,0.02516940948693127,0.002904162633107454,0.022265246853823813,-69,598,3,0,3,232,17,2,15,90,5,0,5,82,1,1,0,31,0,0,0
0.97,0.04,0.85,10,3.0,True,0.05,0.75,base0p97_slope0p04_min0p85_minbase10_maxx3_raw,1033,26,3,23,3.006776379477251,3.0716360116166506,0.06485963213939971,319,316,194,213,113,1,91,1,3,23,0.02516940948693127,0.002904162633107454,0.022265246853823813,-69,598,3,0,3,232,17,2,15,90,5,0,5,82,1,1,0,31,0,0,0
0.97,0.04,0.88,10,3.0,False,0.05,0.75,base0p97_slope0p04_min0p88_minbase10_maxx3_noraw,1033,26,3,23,3.006776379477251,3.0716360116166506,0.06485963213939971,319,316,194,213,113,1,91,1,3,23,0.02516940948693127,0.002904162633107454,0.022265246853823813,-69,598,3,0,3,232,17,2,15,90,5,0,5,82,1,1,0,31,0,0,0
0.97,0.04,0.88,10,3.0,True,0.05,0.75,base0p97_slope0p04_min0p88_minbase10_maxx3_raw,1033,26,3,23,3.006776379477251,3.0716360116166506,0.06485963213939971,319,316,194,213,113,1,91,1,3,23,0.02516940948693127,0.002904162633107454,0.022265246853823813,-69,598,3,0,3,232,17,2,15,90,5,0,5,82,1,1,0,31,0,0,0
0.97,0.04,0.9,10,3.0,False,0.05,0.75,base0p97_slope0p04_min0p9_minbase10_maxx3_noraw,1033,26,3,23,3.006776379477251,3.0716360116166506,0.06485963213939971,319,316,194,213,113,1,91,1,3,23,0.02516940948693127,0.002904162633107454,0.022265246853823813,-69,598,3,0,3,232,17,2,15,90,5,0,5,82,1,1,0,31,0,0,0
0.97,0.04,0.9,10,3.0,True,0.05,0.75,base0p97_slope0p04_min0p9_minbase10_maxx3_raw,1033,26,3,23,3.006776379477251,3.0716360116166506,0.06485963213939971,319,316,194,213,113,1,91,1,3,23,0.02516940948693127,0.002904162633107454,0.022265246853823813,-69,598,3,0,3,232,17,2,15,90,5,0,5,82,1,1,0,31,0,0,0
0.97,0.04,0.93,10,3.0,False,0.05,0.75,base0p97_slope0p04_min0p93_minbase10_maxx3_noraw,1033,26,3,23,3.006776379477251,3.0716360116166506,0.06485963213939971,319,316,194,213,113,1,91,1,3,23,0.02516940948693127,0.002904162633107454,0.022265246853823813,-69,598,3,0,3,232,17,2,15,90,5,0,5,82,1,1,0,31,0,0,0
0.97,0.04,0.93,10,3.0,True,0.05,0.75,base0p97_slope0p04_min0p93_minbase10_maxx3_raw,1033,26,3,23,3.006776379477251,3.0716360116166506,0.06485963213939971,319,316,194,213,113,1,91,1,3,23,0.02516940948693127,0.002904162633107454,0.022265246853823813,-69,598,3,0,3,232,17,2,15,90,5,0,5,82,1,1,0,31,0,0,0
0.985,0.08,0.85,9,3.0,True,0.05,0.75,base0p985_slope0p08_min0p85_minbase9_maxx3_raw,1033,37,9,28,3.006776379477251,3.117134559535334,0.11035818005808329,319,311,194,218,113,3,91,3,3,32,0.03581800580832527,0.008712487899322363,0.027105517909002903,-70,598,3,0,3,232,27,6,21,90,4,0,4,82,3,3,0,31,0,0,0
0.985,0.08,0.88,9,3.0,True,0.05,0.75,base0p985_slope0p08_min0p88_minbase9_maxx3_raw,1033,37,9,28,3.006776379477251,3.117134559535334,0.11035818005808329,319,311,194,218,113,3,91,3,3,32,0.03581800580832527,0.008712487899322363,0.027105517909002903,-70,598,3,0,3,232,27,6,21,90,4,0,4,82,3,3,0,31,0,0,0
0.985,0.08,0.9,9,3.0,True,0.05,0.75,base0p985_slope0p08_min0p9_minbase9_maxx3_raw,1033,37,9,28,3.006776379477251,3.117134559535334,0.11035818005808329,319,311,194,218,113,3,91,3,3,32,0.03581800580832527,0.008712487899322363,0.027105517909002903,-70,598,3,0,3,232,27,6,21,90,4,0,4,82,3,3,0,31,0,0,0
0.97,0.08,0.85,10,2.0,False,0.05,0.75,base0p97_slope0p08_min0p85_minbase10_maxx2_noraw,1033,32,5,26,3.006776379477251,3.0619554695062923,0.05517909002904142,319,316,194,217,113,3,91,2,3,28,0.030977734753146177,0.00484027105517909,0.02516940948693127,-70,598,3,0,3,232,20,1,18,90,6,1,5,82,2,2,0,31,1,1,0
0.97,0.08,0.85,10,2.0,True,0.05,0.75,base0p97_slope0p08_min0p85_minbase10_maxx2_raw,1033,32,5,26,3.006776379477251,3.0619554695062923,0.05517909002904142,319,316,194,217,113,3,91,2,3,28,0.030977734753146177,0.00484027105517909,0.02516940948693127,-70,598,3,0,3,232,20,1,18,90,6,1,5,82,2,2,0,31,1,1,0
0.97,0.08,0.88,10,2.0,False,0.05,0.75,base0p97_slope0p08_min0p88_minbase10_maxx2_noraw,1033,32,5,26,3.006776379477251,3.0619554695062923,0.05517909002904142,319,316,194,217,113,3,91,2,3,28,0.030977734753146177,0.00484027105517909,0.02516940948693127,-70,598,3,0,3,232,20,1,18,90,6,1,5,82,2,2,0,31,1,1,0
0.97,0.08,0.88,10,2.0,True,0.05,0.75,base0p97_slope0p08_min0p88_minbase10_maxx2_raw,1033,32,5,26,3.006776379477251,3.0619554695062923,0.05517909002904142,319,316,194,217,113,3,91,2,3,28,0.030977734753146177,0.00484027105517909,0.02516940948693127,-70,598,3,0,3,232,20,1,18,90,6,1,5,82,2,2,0,31,1,1,0
0.97,0.08,0.9,10,2.0,False,0.05,0.75,base0p97_slope0p08_min0p9_minbase10_maxx2_noraw,1033,32,5,26,3.006776379477251,3.0619554695062923,0.05517909002904142,319,316,194,217,113,3,91,2,3,28,0.030977734753146177,0.00484027105517909,0.02516940948693127,-70,598,3,0,3,232,20,1,18,90,6,1,5,82,2,2,0,31,1,1,0
0.97,0.08,0.9,10,2.0,True,0.05,0.75,base0p97_slope0p08_min0p9_minbase10_maxx2_raw,1033,32,5,26,3.006776379477251,3.0619554695062923,0.05517909002904142,319,316,194,217,113,3,91,2,3,28,0.030977734753146177,0.00484027105517909,0.02516940948693127,-70,598,3,0,3,232,20,1,18,90,6,1,5,82,2,2,0,31,1,1,0
0.97,0.08,0.85,10,1.5,False,0.05,0.75,base0p97_slope0p08_min0p85_minbase10_maxx1p5_noraw,1033,28,3,24,3.006776379477251,3.0513068731848985,0.04453049370764761,319,317,194,215,113,1,91,1,2,25,0.027105517909002903,0.002904162633107454,0.023233301064859633,-70,598,2,0,2,232,19,1,17,90,6,1,5,82,1,1,0,31,0,0,0
0.97,0.08,0.85,10,1.5,True,0.05,0.75,base0p97_slope0p08_min0p85_minbase10_maxx1p5_raw,1033,28,3,24,3.006776379477251,3.0513068731848985,0.04453049370764761,319,317,194,215,113,1,91,1,2,25,0.027105517909002903,0.002904162633107454,0.023233301064859633,-70,598,2,0,2,232,19,1,17,90,6,1,5,82,1,1,0,31,0,0,0
0.97,0.08,0.88,10,1.5,False,0.05,0.75,base0p97_slope0p08_min0p88_minbase10_maxx1p5_noraw,1033,28,3,24,3.006776379477251,3.0513068731848985,0.04453049370764761,319,317,194,215,113,1,91,1,2,25,0.027105517909002903,0.002904162633107454,0.023233301064859633,-70,598,2,0,2,232,19,1,17,90,6,1,5,82,1,1,0,31,0,0,0
0.97,0.08,0.88,10,1.5,True,0.05,0.75,base0p97_slope0p08_min0p88_minbase10_maxx1p5_raw,1033,28,3,24,3.006776379477251,3.0513068731848985,0.04453049370764761,319,317,194,215,113,1,91,1,2,25,0.027105517909002903,0.002904162633107454,0.023233301064859633,-70,598,2,0,2,232,19,1,17,90,6,1,5,82,1,1,0,31,0,0,0
0.97,0.08,0.9,10,1.5,False,0.05,0.75,base0p97_slope0p08_min0p9_minbase10_maxx1p5_noraw,1033,28,3,24,3.006776379477251,3.0513068731848985,0.04453049370764761,319,317,194,215,113,1,91,1,2,25,0.027105517909002903,0.002904162633107454,0.023233301064859633,-70,598,2,0,2,232,19,1,17,90,6,1,5,82,1,1,0,31,0,0,0
0.97,0.08,0.9,10,1.5,True,0.05,0.75,base0p97_slope0p08_min0p9_minbase10_maxx1p5_raw,1033,28,3,24,3.006776379477251,3.0513068731848985,0.04453049370764761,319,317,194,215,113,1,91,1,2,25,0.027105517909002903,0.002904162633107454,0.023233301064859633,-70,598,2,0,2,232,19,1,17,90,6,1,5,82,1,1,0,31,0,0,0
0.97,0.08,0.93,10,1.5,False,0.05,0.75,base0p97_slope0p08_min0p93_minbase10_maxx1p5_noraw,1033,28,3,24,3.006776379477251,3.0513068731848985,0.04453049370764761,319,317,194,215,113,1,91,1,2,25,0.027105517909002903,0.002904162633107454,0.023233301064859633,-70,598,2,0,2,232,19,1,17,90,6,1,5,82,1,1,0,31,0,0,0
0.97,0.08,0.93,10,1.5,True,0.05,0.75,base0p97_slope0p08_min0p93_minbase10_maxx1p5_raw,1033,28,3,24,3.006776379477251,3.0513068731848985,0.04453049370764761,319,317,194,215,113,1,91,1,2,25,0.027105517909002903,0.002904162633107454,0.023233301064859633,-70,598,2,0,2,232,19,1,17,90,6,1,5,82,1,1,0,31,0,0,0
0.97,0.02,0.85,9,3.0,False,0.05,0.75,base0p97_slope0p02_min0p85_minbase9_maxx3_noraw,1033,37,9,28,3.006776379477251,3.0658276863504357,0.05905130687318483,319,311,194,217,113,3,91,3,3,33,0.03581800580832527,0.008712487899322363,0.027105517909002903,-71,598,3,0,3,232,27,6,21,90,4,0,4,82,3,3,0,31,0,0,0
0.97,0.02,0.85,9,3.0,True,0.05,0.75,base0p97_slope0p02_min0p85_minbase9_maxx3_raw,1033,37,9,28,3.006776379477251,3.0658276863504357,0.05905130687318483,319,311,194,217,113,3,91,3,3,33,0.03581800580832527,0.008712487899322363,0.027105517909002903,-71,598,3,0,3,232,27,6,21,90,4,0,4,82,3,3,0,31,0,0,0
0.97,0.02,0.88,9,3.0,False,0.05,0.75,base0p97_slope0p02_min0p88_minbase9_maxx3_noraw,1033,37,9,28,3.006776379477251,3.0658276863504357,0.05905130687318483,319,311,194,217,113,3,91,3,3,33,0.03581800580832527,0.008712487899322363,0.027105517909002903,-71,598,3,0,3,232,27,6,21,90,4,0,4,82,3,3,0,31,0,0,0
0.97,0.02,0.88,9,3.0,True,0.05,0.75,base0p97_slope0p02_min0p88_minbase9_maxx3_raw,1033,37,9,28,3.006776379477251,3.0658276863504357,0.05905130687318483,319,311,194,217,113,3,91,3,3,33,0.03581800580832527,0.008712487899322363,0.027105517909002903,-71,598,3,0,3,232,27,6,21,90,4,0,4,82,3,3,0,31,0,0,0
0.97,0.02,0.9,9,3.0,False,0.05,0.75,base0p97_slope0p02_min0p9_minbase9_maxx3_noraw,1033,37,9,28,3.006776379477251,3.0658276863504357,0.05905130687318483,319,311,194,217,113,3,91,3,3,33,0.03581800580832527,0.008712487899322363,0.027105517909002903,-71,598,3,0,3,232,27,6,21,90,4,0,4,82,3,3,0,31,0,0,0
0.97,0.02,0.9,9,3.0,True,0.05,0.75,base0p97_slope0p02_min0p9_minbase9_maxx3_raw,1033,37,9,28,3.006776379477251,3.0658276863504357,0.05905130687318483,319,311,194,217,113,3,91,3,3,33,0.03581800580832527,0.008712487899322363,0.027105517909002903,-71,598,3,0,3,232,27,6,21,90,4,0,4,82,3,3,0,31,0,0,0
0.97,0.02,0.93,9,3.0,False,0.05,0.75,base0p97_slope0p02_min0p93_minbase9_maxx3_noraw,1033,37,9,28,3.006776379477251,3.0658276863504357,0.05905130687318483,319,311,194,217,113,3,91,3,3,33,0.03581800580832527,0.008712487899322363,0.027105517909002903,-71,598,3,0,3,232,27,6,21,90,4,0,4,82,3,3,0,31,0,0,0
0.97,0.02,0.93,9,3.0,True,0.05,0.75,base0p97_slope0p02_min0p93_minbase9_maxx3_raw,1033,37,9,28,3.006776379477251,3.0658276863504357,0.05905130687318483,319,311,194,217,113,3,91,3,3,33,0.03581800580832527,0.008712487899322363,0.027105517909002903,-71,598,3,0,3,232,27,6,21,90,4,0,4,82,3,3,0,31,0,0,0
0.97,0.08,0.93,10,2.0,False,0.05,0.75,base0p97_slope0p08_min0p93_minbase10_maxx2_noraw,1033,31,4,26,3.006776379477251,3.0716360116166506,0.06485963213939971,319,316,194,217,113,2,91,2,3,27,0.030009680542110357,0.003872216844143272,0.02516940948693127,-72,598,3,0,3,232,20,1,18,90,6,1,5,82,2,2,0,31,0,0,0
0.97,0.08,0.93,10,2.0,True,0.05,0.75,base0p97_slope0p08_min0p93_minbase10_maxx2_raw,1033,31,4,26,3.006776379477251,3.0716360116166506,0.06485963213939971,319,316,194,217,113,2,91,2,3,27,0.030009680542110357,0.003872216844143272,0.02516940948693127,-72,598,3,0,3,232,20,1,18,90,6,1,5,82,2,2,0,31,0,0,0
0.985,0.04,0.85,8,1.5,False,0.05,0.75,base0p985_slope0p04_min0p85_minbase8_maxx1p5_noraw,1033,25,6,19,3.006776379477251,3.0290416263310744,0.022265246853823584,319,314,194,209,113,1,91,0,6,24,0.02420135527589545,0.005808325266214908,0.018393030009680542,-72,598,6,0,6,232,15,5,10,90,3,0,3,82,0,0,0,31,1,1,0
0.985,0.04,0.85,8,1.5,True,0.05,0.75,base0p985_slope0p04_min0p85_minbase8_maxx1p5_raw,1033,25,6,19,3.006776379477251,3.0290416263310744,0.022265246853823584,319,314,194,209,113,1,91,0,6,24,0.02420135527589545,0.005808325266214908,0.018393030009680542,-72,598,6,0,6,232,15,5,10,90,3,0,3,82,0,0,0,31,1,1,0
0.985,0.04,0.88,8,1.5,False,0.05,0.75,base0p985_slope0p04_min0p88_minbase8_maxx1p5_noraw,1033,25,6,19,3.006776379477251,3.0290416263310744,0.022265246853823584,319,314,194,209,113,1,91,0,6,24,0.02420135527589545,0.005808325266214908,0.018393030009680542,-72,598,6,0,6,232,15,5,10,90,3,0,3,82,0,0,0,31,1,1,0
0.985,0.04,0.88,8,1.5,True,0.05,0.75,base0p985_slope0p04_min0p88_minbase8_maxx1p5_raw,1033,25,6,19,3.006776379477251,3.0290416263310744,0.022265246853823584,319,314,194,209,113,1,91,0,6,24,0.02420135527589545,0.005808325266214908,0.018393030009680542,-72,598,6,0,6,232,15,5,10,90,3,0,3,82,0,0,0,31,1,1,0
0.985,0.04,0.9,8,1.5,False,0.05,0.75,base0p985_slope0p04_min0p9_minbase8_maxx1p5_noraw,1033,25,6,19,3.006776379477251,3.0290416263310744,0.022265246853823584,319,314,194,209,113,1,91,0,6,24,0.02420135527589545,0.005808325266214908,0.018393030009680542,-72,598,6,0,6,232,15,5,10,90,3,0,3,82,0,0,0,31,1,1,0
0.985,0.04,0.9,8,1.5,True,0.05,0.75,base0p985_slope0p04_min0p9_minbase8_maxx1p5_raw,1033,25,6,19,3.006776379477251,3.0290416263310744,0.022265246853823584,319,314,194,209,113,1,91,0,6,24,0.02420135527589545,0.005808325266214908,0.018393030009680542,-72,598,6,0,6,232,15,5,10,90,3,0,3,82,0,0,0,31,1,1,0
0.985,0.04,0.93,8,1.5,False,0.05,0.75,base0p985_slope0p04_min0p93_minbase8_maxx1p5_noraw,1033,25,6,19,3.006776379477251,3.0290416263310744,0.022265246853823584,319,314,194,209,113,1,91,0,6,24,0.02420135527589545,0.005808325266214908,0.018393030009680542,-72,598,6,0,6,232,15,5,10,90,3,0,3,82,0,0,0,31,1,1,0
0.985,0.04,0.93,8,1.5,True,0.05,0.75,base0p985_slope0p04_min0p93_minbase8_maxx1p5_raw,1033,25,6,19,3.006776379477251,3.0290416263310744,0.022265246853823584,319,314,194,209,113,1,91,0,6,24,0.02420135527589545,0.005808325266214908,0.018393030009680542,-72,598,6,0,6,232,15,5,10,90,3,0,3,82,0,0,0,31,1,1,0
0.97,0.06,0.85,10,3.0,True,0.05,0.75,base0p97_slope0p06_min0p85_minbase10_maxx3_raw,1033,30,3,26,3.006776379477251,3.0909970958373667,0.08422071636011585,319,316,194,216,113,2,91,2,4,26,0.02904162633107454,0.002904162633107454,0.02516940948693127,-75,598,4,0,4,232,19,1,17,90,5,0,5,82,2,2,0,31,0,0,0
0.97,0.06,0.88,10,3.0,True,0.05,0.75,base0p97_slope0p06_min0p88_minbase10_maxx3_raw,1033,30,3,26,3.006776379477251,3.0909970958373667,0.08422071636011585,319,316,194,216,113,2,91,2,4,26,0.02904162633107454,0.002904162633107454,0.02516940948693127,-75,598,4,0,4,232,19,1,17,90,5,0,5,82,2,2,0,31,0,0,0
0.97,0.06,0.9,10,3.0,True,0.05,0.75,base0p97_slope0p06_min0p9_minbase10_maxx3_raw,1033,30,3,26,3.006776379477251,3.0909970958373667,0.08422071636011585,319,316,194,216,113,2,91,2,4,26,0.02904162633107454,0.002904162633107454,0.02516940948693127,-75,598,4,0,4,232,19,1,17,90,5,0,5,82,2,2,0,31,0,0,0
0.97,0.06,0.93,10,3.0,False,0.05,0.75,base0p97_slope0p06_min0p93_minbase10_maxx3_noraw,1033,30,3,26,3.006776379477251,3.0909970958373667,0.08422071636011585,319,316,194,216,113,2,91,2,4,26,0.02904162633107454,0.002904162633107454,0.02516940948693127,-75,598,4,0,4,232,19,1,17,90,5,0,5,82,2,2,0,31,0,0,0
0.97,0.06,0.93,10,3.0,True,0.05,0.75,base0p97_slope0p06_min0p93_minbase10_maxx3_raw,1033,30,3,26,3.006776379477251,3.0909970958373667,0.08422071636011585,319,316,194,216,113,2,91,2,4,26,0.02904162633107454,0.002904162633107454,0.02516940948693127,-75,598,4,0,4,232,19,1,17,90,5,0,5,82,2,2,0,31,0,0,0
0.985,0.08,0.85,9,3.0,False,0.05,0.75,base0p985_slope0p08_min0p85_minbase9_maxx3_noraw,1033,38,9,29,3.006776379477251,3.1297192642787994,0.12294288480154858,319,311,194,218,113,3,91,3,4,33,0.036786060019361085,0.008712487899322363,0.028073572120038724,-76,598,4,0,4,232,27,6,21,90,4,0,4,82,3,3,0,31,0,0,0
0.985,0.08,0.88,9,3.0,False,0.05,0.75,base0p985_slope0p08_min0p88_minbase9_maxx3_noraw,1033,38,9,29,3.006776379477251,3.1297192642787994,0.12294288480154858,319,311,194,218,113,3,91,3,4,33,0.036786060019361085,0.008712487899322363,0.028073572120038724,-76,598,4,0,4,232,27,6,21,90,4,0,4,82,3,3,0,31,0,0,0
0.985,0.08,0.9,9,3.0,False,0.05,0.75,base0p985_slope0p08_min0p9_minbase9_maxx3_noraw,1033,38,9,29,3.006776379477251,3.1297192642787994,0.12294288480154858,319,311,194,218,113,3,91,3,4,33,0.036786060019361085,0.008712487899322363,0.028073572120038724,-76,598,4,0,4,232,27,6,21,90,4,0,4,82,3,3,0,31,0,0,0
0.97,0.08,0.93,10,3.0,False,0.05,0.75,base0p97_slope0p08_min0p93_minbase10_maxx3_noraw,1033,33,4,28,3.006776379477251,3.0977734753146176,0.0909970958373667,319,316,194,218,113,2,91,2,4,29,0.031945788964181994,0.003872216844143272,0.027105517909002903,-81,598,4,0,4,232,21,1,19,90,6,1,5,82,2,2,0,31,0,0,0
0.97,0.08,0.93,10,3.0,True,0.05,0.75,base0p97_slope0p08_min0p93_minbase10_maxx3_raw,1033,33,4,28,3.006776379477251,3.0977734753146176,0.0909970958373667,319,316,194,218,113,2,91,2,4,29,0.031945788964181994,0.003872216844143272,0.027105517909002903,-81,598,4,0,4,232,21,1,19,90,6,1,5,82,2,2,0,31,0,0,0
0.97,0.06,0.85,10,3.0,False,0.05,0.75,base0p97_slope0p06_min0p85_minbase10_maxx3_noraw,1033,31,3,27,3.006776379477251,3.1035818005808324,0.09680542110358159,319,316,194,216,113,2,91,2,5,27,0.030009680542110357,0.002904162633107454,0.026137463697967087,-81,598,5,0,5,232,19,1,17,90,5,0,5,82,2,2,0,31,0,0,0
0.97,0.06,0.88,10,3.0,False,0.05,0.75,base0p97_slope0p06_min0p88_minbase10_maxx3_noraw,1033,31,3,27,3.006776379477251,3.1035818005808324,0.09680542110358159,319,316,194,216,113,2,91,2,5,27,0.030009680542110357,0.002904162633107454,0.026137463697967087,-81,598,5,0,5,232,19,1,17,90,5,0,5,82,2,2,0,31,0,0,0
0.97,0.06,0.9,10,3.0,False,0.05,0.75,base0p97_slope0p06_min0p9_minbase10_maxx3_noraw,1033,31,3,27,3.006776379477251,3.1035818005808324,0.09680542110358159,319,316,194,216,113,2,91,2,5,27,0.030009680542110357,0.002904162633107454,0.026137463697967087,-81,598,5,0,5,232,19,1,17,90,5,0,5,82,2,2,0,31,0,0,0
0.97,0.04,0.85,9,1.5,False,0.05,0.75,base0p97_slope0p04_min0p85_minbase9_maxx1p5_noraw,1033,34,7,27,3.006776379477251,3.047434656340755,0.040658276863504206,319,313,194,216,113,1,91,1,3,31,0.03291384317521781,0.006776379477250726,0.026137463697967087,-81,598,3,0,3,232,25,6,19,90,5,0,5,82,1,1,0,31,0,0,0
0.97,0.04,0.85,9,1.5,True,0.05,0.75,base0p97_slope0p04_min0p85_minbase9_maxx1p5_raw,1033,34,7,27,3.006776379477251,3.047434656340755,0.040658276863504206,319,313,194,216,113,1,91,1,3,31,0.03291384317521781,0.006776379477250726,0.026137463697967087,-81,598,3,0,3,232,25,6,19,90,5,0,5,82,1,1,0,31,0,0,0
0.97,0.04,0.88,9,1.5,False,0.05,0.75,base0p97_slope0p04_min0p88_minbase9_maxx1p5_noraw,1033,34,7,27,3.006776379477251,3.047434656340755,0.040658276863504206,319,313,194,216,113,1,91,1,3,31,0.03291384317521781,0.006776379477250726,0.026137463697967087,-81,598,3,0,3,232,25,6,19,90,5,0,5,82,1,1,0,31,0,0,0
0.97,0.04,0.88,9,1.5,True,0.05,0.75,base0p97_slope0p04_min0p88_minbase9_maxx1p5_raw,1033,34,7,27,3.006776379477251,3.047434656340755,0.040658276863504206,319,313,194,216,113,1,91,1,3,31,0.03291384317521781,0.006776379477250726,0.026137463697967087,-81,598,3,0,3,232,25,6,19,90,5,0,5,82,1,1,0,31,0,0,0
0.97,0.04,0.9,9,1.5,False,0.05,0.75,base0p97_slope0p04_min0p9_minbase9_maxx1p5_noraw,1033,34,7,27,3.006776379477251,3.047434656340755,0.040658276863504206,319,313,194,216,113,1,91,1,3,31,0.03291384317521781,0.006776379477250726,0.026137463697967087,-81,598,3,0,3,232,25,6,19,90,5,0,5,82,1,1,0,31,0,0,0
0.97,0.04,0.9,9,1.5,True,0.05,0.75,base0p97_slope0p04_min0p9_minbase9_maxx1p5_raw,1033,34,7,27,3.006776379477251,3.047434656340755,0.040658276863504206,319,313,194,216,113,1,91,1,3,31,0.03291384317521781,0.006776379477250726,0.026137463697967087,-81,598,3,0,3,232,25,6,19,90,5,0,5,82,1,1,0,31,0,0,0
0.97,0.04,0.93,9,1.5,False,0.05,0.75,base0p97_slope0p04_min0p93_minbase9_maxx1p5_noraw,1033,34,7,27,3.006776379477251,3.047434656340755,0.040658276863504206,319,313,194,216,113,1,91,1,3,31,0.03291384317521781,0.006776379477250726,0.026137463697967087,-81,598,3,0,3,232,25,6,19,90,5,0,5,82,1,1,0,31,0,0,0
0.97,0.04,0.93,9,1.5,True,0.05,0.75,base0p97_slope0p04_min0p93_minbase9_maxx1p5_raw,1033,34,7,27,3.006776379477251,3.047434656340755,0.040658276863504206,319,313,194,216,113,1,91,1,3,31,0.03291384317521781,0.006776379477250726,0.026137463697967087,-81,598,3,0,3,232,25,6,19,90,5,0,5,82,1,1,0,31,0,0,0
0.95,0.02,0.85,10,1.5,False,0.05,0.75,base0p95_slope0p02_min0p85_minbase10_maxx1p5_noraw,1033,37,5,31,3.006776379477251,3.0571151984511133,0.0503388189738625,319,317,194,221,113,3,91,2,2,33,0.03581800580832527,0.00484027105517909,0.030009680542110357,-82,598,2,0,2,232,24,1,22,90,8,1,7,82,3,3,0,31,0,0,0
0.95,0.02,0.85,10,1.5,True,0.05,0.75,base0p95_slope0p02_min0p85_minbase10_maxx1p5_raw,1033,37,5,31,3.006776379477251,3.0571151984511133,0.0503388189738625,319,317,194,221,113,3,91,2,2,33,0.03581800580832527,0.00484027105517909,0.030009680542110357,-82,598,2,0,2,232,24,1,22,90,8,1,7,82,3,3,0,31,0,0,0
0.95,0.02,0.88,10,1.5,False,0.05,0.75,base0p95_slope0p02_min0p88_minbase10_maxx1p5_noraw,1033,37,5,31,3.006776379477251,3.0571151984511133,0.0503388189738625,319,317,194,221,113,3,91,2,2,33,0.03581800580832527,0.00484027105517909,0.030009680542110357,-82,598,2,0,2,232,24,1,22,90,8,1,7,82,3,3,0,31,0,0,0
0.95,0.02,0.88,10,1.5,True,0.05,0.75,base0p95_slope0p02_min0p88_minbase10_maxx1p5_raw,1033,37,5,31,3.006776379477251,3.0571151984511133,0.0503388189738625,319,317,194,221,113,3,91,2,2,33,0.03581800580832527,0.00484027105517909,0.030009680542110357,-82,598,2,0,2,232,24,1,22,90,8,1,7,82,3,3,0,31,0,0,0
0.95,0.02,0.9,10,1.5,False,0.05,0.75,base0p95_slope0p02_min0p9_minbase10_maxx1p5_noraw,1033,37,5,31,3.006776379477251,3.0571151984511133,0.0503388189738625,319,317,194,221,113,3,91,2,2,33,0.03581800580832527,0.00484027105517909,0.030009680542110357,-82,598,2,0,2,232,24,1,22,90,8,1,7,82,3,3,0,31,0,0,0
0.95,0.02,0.9,10,1.5,True,0.05,0.75,base0p95_slope0p02_min0p9_minbase10_maxx1p5_raw,1033,37,5,31,3.006776379477251,3.0571151984511133,0.0503388189738625,319,317,194,221,113,3,91,2,2,33,0.03581800580832527,0.00484027105517909,0.030009680542110357,-82,598,2,0,2,232,24,1,22,90,8,1,7,82,3,3,0,31,0,0,0
0.95,0.02,0.93,10,1.5,False,0.05,0.75,base0p95_slope0p02_min0p93_minbase10_maxx1p5_noraw,1033,37,5,31,3.006776379477251,3.0571151984511133,0.0503388189738625,319,317,194,221,113,3,91,2,2,33,0.03581800580832527,0.00484027105517909,0.030009680542110357,-82,598,2,0,2,232,24,1,22,90,8,1,7,82,3,3,0,31,0,0,0
0.95,0.02,0.93,10,1.5,True,0.05,0.75,base0p95_slope0p02_min0p93_minbase10_maxx1p5_raw,1033,37,5,31,3.006776379477251,3.0571151984511133,0.0503388189738625,319,317,194,221,113,3,91,2,2,33,0.03581800580832527,0.00484027105517909,0.030009680542110357,-82,598,2,0,2,232,24,1,22,90,8,1,7,82,3,3,0,31,0,0,0
0.97,0.04,0.85,9,2.0,False,0.05,0.75,base0p97_slope0p04_min0p85_minbase9_maxx2_noraw,1033,38,8,30,3.006776379477251,3.063891577928364,0.05711519845111335,319,312,194,220,113,2,91,2,3,34,0.036786060019361085,0.007744433688286544,0.02904162633107454,-83,598,3,0,3,232,28,6,22,90,5,0,5,82,2,2,0,31,0,0,0
0.97,0.04,0.85,9,2.0,True,0.05,0.75,base0p97_slope0p04_min0p85_minbase9_maxx2_raw,1033,38,8,30,3.006776379477251,3.063891577928364,0.05711519845111335,319,312,194,220,113,2,91,2,3,34,0.036786060019361085,0.007744433688286544,0.02904162633107454,-83,598,3,0,3,232,28,6,22,90,5,0,5,82,2,2,0,31,0,0,0
0.97,0.04,0.88,9,2.0,False,0.05,0.75,base0p97_slope0p04_min0p88_minbase9_maxx2_noraw,1033,38,8,30,3.006776379477251,3.063891577928364,0.05711519845111335,319,312,194,220,113,2,91,2,3,34,0.036786060019361085,0.007744433688286544,0.02904162633107454,-83,598,3,0,3,232,28,6,22,90,5,0,5,82,2,2,0,31,0,0,0
0.97,0.04,0.88,9,2.0,True,0.05,0.75,base0p97_slope0p04_min0p88_minbase9_maxx2_raw,1033,38,8,30,3.006776379477251,3.063891577928364,0.05711519845111335,319,312,194,220,113,2,91,2,3,34,0.036786060019361085,0.007744433688286544,0.02904162633107454,-83,598,3,0,3,232,28,6,22,90,5,0,5,82,2,2,0,31,0,0,0
0.97,0.04,0.9,9,2.0,False,0.05,0.75,base0p97_slope0p04_min0p9_minbase9_maxx2_noraw,1033,38,8,30,3.006776379477251,3.063891577928364,0.05711519845111335,319,312,194,220,113,2,91,2,3,34,0.036786060019361085,0.007744433688286544,0.02904162633107454,-83,598,3,0,3,232,28,6,22,90,5,0,5,82,2,2,0,31,0,0,0
0.97,0.04,0.9,9,2.0,True,0.05,0.75,base0p97_slope0p04_min0p9_minbase9_maxx2_raw,1033,38,8,30,3.006776379477251,3.063891577928364,0.05711519845111335,319,312,194,220,113,2,91,2,3,34,0.036786060019361085,0.007744433688286544,0.02904162633107454,-83,598,3,0,3,232,28,6,22,90,5,0,5,82,2,2,0,31,0,0,0
0.97,0.04,0.93,9,2.0,False,0.05,0.75,base0p97_slope0p04_min0p93_minbase9_maxx2_noraw,1033,38,8,30,3.006776379477251,3.063891577928364,0.05711519845111335,319,312,194,220,113,2,91,2,3,34,0.036786060019361085,0.007744433688286544,0.02904162633107454,-83,598,3,0,3,232,28,6,22,90,5,0,5,82,2,2,0,31,0,0,0
0.97,0.04,0.93,9,2.0,True,0.05,0.75,base0p97_slope0p04_min0p93_minbase9_maxx2_raw,1033,38,8,30,3.006776379477251,3.063891577928364,0.05711519845111335,319,312,194,220,113,2,91,2,3,34,0.036786060019361085,0.007744433688286544,0.02904162633107454,-83,598,3,0,3,232,28,6,22,90,5,0,5,82,2,2,0,31,0,0,0
0.95,0.02,0.85,10,2.0,False,0.05,0.75,base0p95_slope0p02_min0p85_minbase10_maxx2_noraw,1033,40,6,33,3.006776379477251,3.073572120038722,0.0667957405614712,319,316,194,223,113,4,91,3,3,35,0.03872216844143272,0.005808325266214908,0.031945788964181994,-84,598,3,0,3,232,25,1,23,90,8,1,7,82,4,4,0,31,0,0,0
0.95,0.02,0.85,10,2.0,True,0.05,0.75,base0p95_slope0p02_min0p85_minbase10_maxx2_raw,1033,40,6,33,3.006776379477251,3.073572120038722,0.0667957405614712,319,316,194,223,113,4,91,3,3,35,0.03872216844143272,0.005808325266214908,0.031945788964181994,-84,598,3,0,3,232,25,1,23,90,8,1,7,82,4,4,0,31,0,0,0
0.95,0.02,0.88,10,2.0,False,0.05,0.75,base0p95_slope0p02_min0p88_minbase10_maxx2_noraw,1033,40,6,33,3.006776379477251,3.073572120038722,0.0667957405614712,319,316,194,223,113,4,91,3,3,35,0.03872216844143272,0.005808325266214908,0.031945788964181994,-84,598,3,0,3,232,25,1,23,90,8,1,7,82,4,4,0,31,0,0,0
0.95,0.02,0.88,10,2.0,True,0.05,0.75,base0p95_slope0p02_min0p88_minbase10_maxx2_raw,1033,40,6,33,3.006776379477251,3.073572120038722,0.0667957405614712,319,316,194,223,113,4,91,3,3,35,0.03872216844143272,0.005808325266214908,0.031945788964181994,-84,598,3,0,3,232,25,1,23,90,8,1,7,82,4,4,0,31,0,0,0
0.95,0.02,0.9,10,2.0,False,0.05,0.75,base0p95_slope0p02_min0p9_minbase10_maxx2_noraw,1033,40,6,33,3.006776379477251,3.073572120038722,0.0667957405614712,319,316,194,223,113,4,91,3,3,35,0.03872216844143272,0.005808325266214908,0.031945788964181994,-84,598,3,0,3,232,25,1,23,90,8,1,7,82,4,4,0,31,0,0,0
0.95,0.02,0.9,10,2.0,True,0.05,0.75,base0p95_slope0p02_min0p9_minbase10_maxx2_raw,1033,40,6,33,3.006776379477251,3.073572120038722,0.0667957405614712,319,316,194,223,113,4,91,3,3,35,0.03872216844143272,0.005808325266214908,0.031945788964181994,-84,598,3,0,3,232,25,1,23,90,8,1,7,82,4,4,0,31,0,0,0
0.95,0.02,0.93,10,2.0,False,0.05,0.75,base0p95_slope0p02_min0p93_minbase10_maxx2_noraw,1033,40,6,33,3.006776379477251,3.073572120038722,0.0667957405614712,319,316,194,223,113,4,91,3,3,35,0.03872216844143272,0.005808325266214908,0.031945788964181994,-84,598,3,0,3,232,25,1,23,90,8,1,7,82,4,4,0,31,0,0,0
0.95,0.02,0.93,10,2.0,True,0.05,0.75,base0p95_slope0p02_min0p93_minbase10_maxx2_raw,1033,40,6,33,3.006776379477251,3.073572120038722,0.0667957405614712,319,316,194,223,113,4,91,3,3,35,0.03872216844143272,0.005808325266214908,0.031945788964181994,-84,598,3,0,3,232,25,1,23,90,8,1,7,82,4,4,0,31,0,0,0
0.97,0.06,0.85,9,1.5,False,0.05,0.75,base0p97_slope0p06_min0p85_minbase9_maxx1p5_noraw,1033,38,7,30,3.006776379477251,3.058083252662149,0.051306873184898016,319,313,194,220,113,2,91,2,3,34,0.036786060019361085,0.006776379477250726,0.02904162633107454,-84,598,3,0,3,232,28,5,22,90,5,0,5,82,2,2,0,31,0,0,0
0.97,0.06,0.85,9,1.5,True,0.05,0.75,base0p97_slope0p06_min0p85_minbase9_maxx1p5_raw,1033,38,7,30,3.006776379477251,3.058083252662149,0.051306873184898016,319,313,194,220,113,2,91,2,3,34,0.036786060019361085,0.006776379477250726,0.02904162633107454,-84,598,3,0,3,232,28,5,22,90,5,0,5,82,2,2,0,31,0,0,0
0.97,0.06,0.88,9,1.5,False,0.05,0.75,base0p97_slope0p06_min0p88_minbase9_maxx1p5_noraw,1033,38,7,30,3.006776379477251,3.058083252662149,0.051306873184898016,319,313,194,220,113,2,91,2,3,34,0.036786060019361085,0.006776379477250726,0.02904162633107454,-84,598,3,0,3,232,28,5,22,90,5,0,5,82,2,2,0,31,0,0,0
0.97,0.06,0.88,9,1.5,True,0.05,0.75,base0p97_slope0p06_min0p88_minbase9_maxx1p5_raw,1033,38,7,30,3.006776379477251,3.058083252662149,0.051306873184898016,319,313,194,220,113,2,91,2,3,34,0.036786060019361085,0.006776379477250726,0.02904162633107454,-84,598,3,0,3,232,28,5,22,90,5,0,5,82,2,2,0,31,0,0,0
0.97,0.06,0.9,9,1.5,False,0.05,0.75,base0p97_slope0p06_min0p9_minbase9_maxx1p5_noraw,1033,38,7,30,3.006776379477251,3.058083252662149,0.051306873184898016,319,313,194,220,113,2,91,2,3,34,0.036786060019361085,0.006776379477250726,0.02904162633107454,-84,598,3,0,3,232,28,5,22,90,5,0,5,82,2,2,0,31,0,0,0
0.97,0.06,0.9,9,1.5,True,0.05,0.75,base0p97_slope0p06_min0p9_minbase9_maxx1p5_raw,1033,38,7,30,3.006776379477251,3.058083252662149,0.051306873184898016,319,313,194,220,113,2,91,2,3,34,0.036786060019361085,0.006776379477250726,0.02904162633107454,-84,598,3,0,3,232,28,5,22,90,5,0,5,82,2,2,0,31,0,0,0
0.97,0.06,0.93,9,1.5,False,0.05,0.75,base0p97_slope0p06_min0p93_minbase9_maxx1p5_noraw,1033,38,7,30,3.006776379477251,3.058083252662149,0.051306873184898016,319,313,194,220,113,2,91,2,3,34,0.036786060019361085,0.006776379477250726,0.02904162633107454,-84,598,3,0,3,232,28,5,22,90,5,0,5,82,2,2,0,31,0,0,0
0.97,0.06,0.93,9,1.5,True,0.05,0.75,base0p97_slope0p06_min0p93_minbase9_maxx1p5_raw,1033,38,7,30,3.006776379477251,3.058083252662149,0.051306873184898016,319,313,194,220,113,2,91,2,3,34,0.036786060019361085,0.006776379477250726,0.02904162633107454,-84,598,3,0,3,232,28,5,22,90,5,0,5,82,2,2,0,31,0,0,0
0.95,0.04,0.85,10,2.0,False,0.05,0.75,base0p95_slope0p04_min0p85_minbase10_maxx2_noraw,1033,42,7,34,3.006776379477251,3.0706679574056146,0.06389157792836375,319,316,194,224,113,5,91,3,3,37,0.04065827686350436,0.006776379477250726,0.03291384317521781,-85,598,3,0,3,232,26,1,24,90,8,1,7,82,4,4,0,31,1,1,0
0.95,0.04,0.85,10,2.0,True,0.05,0.75,base0p95_slope0p04_min0p85_minbase10_maxx2_raw,1033,42,7,34,3.006776379477251,3.0706679574056146,0.06389157792836375,319,316,194,224,113,5,91,3,3,37,0.04065827686350436,0.006776379477250726,0.03291384317521781,-85,598,3,0,3,232,26,1,24,90,8,1,7,82,4,4,0,31,1,1,0
0.95,0.04,0.88,10,2.0,False,0.05,0.75,base0p95_slope0p04_min0p88_minbase10_maxx2_noraw,1033,42,7,34,3.006776379477251,3.0706679574056146,0.06389157792836375,319,316,194,224,113,5,91,3,3,37,0.04065827686350436,0.006776379477250726,0.03291384317521781,-85,598,3,0,3,232,26,1,24,90,8,1,7,82,4,4,0,31,1,1,0
0.95,0.04,0.88,10,2.0,True,0.05,0.75,base0p95_slope0p04_min0p88_minbase10_maxx2_raw,1033,42,7,34,3.006776379477251,3.0706679574056146,0.06389157792836375,319,316,194,224,113,5,91,3,3,37,0.04065827686350436,0.006776379477250726,0.03291384317521781,-85,598,3,0,3,232,26,1,24,90,8,1,7,82,4,4,0,31,1,1,0
0.95,0.04,0.9,10,2.0,False,0.05,0.75,base0p95_slope0p04_min0p9_minbase10_maxx2_noraw,1033,42,7,34,3.006776379477251,3.0706679574056146,0.06389157792836375,319,316,194,224,113,5,91,3,3,37,0.04065827686350436,0.006776379477250726,0.03291384317521781,-85,598,3,0,3,232,26,1,24,90,8,1,7,82,4,4,0,31,1,1,0
0.95,0.04,0.9,10,2.0,True,0.05,0.75,base0p95_slope0p04_min0p9_minbase10_maxx2_raw,1033,42,7,34,3.006776379477251,3.0706679574056146,0.06389157792836375,319,316,194,224,113,5,91,3,3,37,0.04065827686350436,0.006776379477250726,0.03291384317521781,-85,598,3,0,3,232,26,1,24,90,8,1,7,82,4,4,0,31,1,1,0
0.97,0.08,0.85,10,3.0,False,0.05,0.75,base0p97_slope0p08_min0p85_minbase10_maxx3_noraw,1033,35,5,29,3.006776379477251,3.100677637947725,0.09390125847047415,319,316,194,218,113,3,91,2,5,31,0.03388189738625363,0.00484027105517909,0.028073572120038724,-85,598,5,0,5,232,21,1,19,90,6,1,5,82,2,2,0,31,1,1,0
0.97,0.08,0.85,10,3.0,True,0.05,0.75,base0p97_slope0p08_min0p85_minbase10_maxx3_raw,1033,35,5,29,3.006776379477251,3.100677637947725,0.09390125847047415,319,316,194,218,113,3,91,2,5,31,0.03388189738625363,0.00484027105517909,0.028073572120038724,-85,598,5,0,5,232,21,1,19,90,6,1,5,82,2,2,0,31,1,1,0
0.97,0.08,0.88,10,3.0,False,0.05,0.75,base0p97_slope0p08_min0p88_minbase10_maxx3_noraw,1033,35,5,29,3.006776379477251,3.100677637947725,0.09390125847047415,319,316,194,218,113,3,91,2,5,31,0.03388189738625363,0.00484027105517909,0.028073572120038724,-85,598,5,0,5,232,21,1,19,90,6,1,5,82,2,2,0,31,1,1,0
0.97,0.08,0.88,10,3.0,True,0.05,0.75,base0p97_slope0p08_min0p88_minbase10_maxx3_raw,1033,35,5,29,3.006776379477251,3.100677637947725,0.09390125847047415,319,316,194,218,113,3,91,2,5,31,0.03388189738625363,0.00484027105517909,0.028073572120038724,-85,598,5,0,5,232,21,1,19,90,6,1,5,82,2,2,0,31,1,1,0
0.97,0.08,0.9,10,3.0,False,0.05,0.75,base0p97_slope0p08_min0p9_minbase10_maxx3_noraw,1033,35,5,29,3.006776379477251,3.100677637947725,0.09390125847047415,319,316,194,218,113,3,91,2,5,31,0.03388189738625363,0.00484027105517909,0.028073572120038724,-85,598,5,0,5,232,21,1,19,90,6,1,5,82,2,2,0,31,1,1,0
0.97,0.08,0.9,10,3.0,True,0.05,0.75,base0p97_slope0p08_min0p9_minbase10_maxx3_raw,1033,35,5,29,3.006776379477251,3.100677637947725,0.09390125847047415,319,316,194,218,113,3,91,2,5,31,0.03388189738625363,0.00484027105517909,0.028073572120038724,-85,598,5,0,5,232,21,1,19,90,6,1,5,82,2,2,0,31,1,1,0
0.95,0.04,0.93,10,2.0,False,0.05,0.75,base0p95_slope0p04_min0p93_minbase10_maxx2_noraw,1033,41,6,34,3.006776379477251,3.080348499515973,0.07357212003872204,319,316,194,224,113,4,91,3,3,36,0.03969022265246854,0.005808325266214908,0.03291384317521781,-87,598,3,0,3,232,26,1,24,90,8,1,7,82,4,4,0,31,0,0,0
0.95,0.04,0.93,10,2.0,True,0.05,0.75,base0p95_slope0p04_min0p93_minbase10_maxx2_raw,1033,41,6,34,3.006776379477251,3.080348499515973,0.07357212003872204,319,316,194,224,113,4,91,3,3,36,0.03969022265246854,0.005808325266214908,0.03291384317521781,-87,598,3,0,3,232,26,1,24,90,8,1,7,82,4,4,0,31,0,0,0
0.95,0.06,0.93,10,2.0,False,0.05,0.75,base0p95_slope0p06_min0p93_minbase10_maxx2_noraw,1033,43,7,35,3.006776379477251,3.081316553727009,0.074540174249758,319,316,194,225,113,5,91,3,3,38,0.041626331074540175,0.006776379477250726,0.03388189738625363,-88,598,3,0,3,232,27,1,25,90,8,1,7,82,5,5,0,31,0,0,0
0.95,0.06,0.93,10,2.0,True,0.05,0.75,base0p95_slope0p06_min0p93_minbase10_maxx2_raw,1033,43,7,35,3.006776379477251,3.081316553727009,0.074540174249758,319,316,194,225,113,5,91,3,3,38,0.041626331074540175,0.006776379477250726,0.03388189738625363,-88,598,3,0,3,232,27,1,25,90,8,1,7,82,5,5,0,31,0,0,0
0.95,0.08,0.93,10,2.0,False,0.05,0.75,base0p95_slope0p08_min0p93_minbase10_maxx2_noraw,1033,43,7,35,3.006776379477251,3.081316553727009,0.074540174249758,319,316,194,225,113,5,91,3,3,38,0.041626331074540175,0.006776379477250726,0.03388189738625363,-88,598,3,0,3,232,27,1,25,90,8,1,7,82,5,5,0,31,0,0,0
0.95,0.08,0.93,10,2.0,True,0.05,0.75,base0p95_slope0p08_min0p93_minbase10_maxx2_raw,1033,43,7,35,3.006776379477251,3.081316553727009,0.074540174249758,319,316,194,225,113,5,91,3,3,38,0.041626331074540175,0.006776379477250726,0.03388189738625363,-88,598,3,0,3,232,27,1,25,90,8,1,7,82,5,5,0,31,0,0,0
0.97,0.04,0.85,9,3.0,False,0.05,0.75,base0p97_slope0p04_min0p85_minbase9_maxx3_noraw,1033,42,9,33,3.006776379477251,3.099709583736689,0.09293320425943818,319,311,194,221,113,3,91,3,4,37,0.04065827686350436,0.008712487899322363,0.031945788964181994,-88,598,4,0,4,232,30,6,24,90,5,0,5,82,3,3,0,31,0,0,0
0.97,0.04,0.85,9,3.0,True,0.05,0.75,base0p97_slope0p04_min0p85_minbase9_maxx3_raw,1033,42,9,33,3.006776379477251,3.099709583736689,0.09293320425943818,319,311,194,221,113,3,91,3,4,37,0.04065827686350436,0.008712487899322363,0.031945788964181994,-88,598,4,0,4,232,30,6,24,90,5,0,5,82,3,3,0,31,0,0,0
0.97,0.04,0.88,9,3.0,False,0.05,0.75,base0p97_slope0p04_min0p88_minbase9_maxx3_noraw,1033,42,9,33,3.006776379477251,3.099709583736689,0.09293320425943818,319,311,194,221,113,3,91,3,4,37,0.04065827686350436,0.008712487899322363,0.031945788964181994,-88,598,4,0,4,232,30,6,24,90,5,0,5,82,3,3,0,31,0,0,0
0.97,0.04,0.88,9,3.0,True,0.05,0.75,base0p97_slope0p04_min0p88_minbase9_maxx3_raw,1033,42,9,33,3.006776379477251,3.099709583736689,0.09293320425943818,319,311,194,221,113,3,91,3,4,37,0.04065827686350436,0.008712487899322363,0.031945788964181994,-88,598,4,0,4,232,30,6,24,90,5,0,5,82,3,3,0,31,0,0,0
0.97,0.04,0.9,9,3.0,False,0.05,0.75,base0p97_slope0p04_min0p9_minbase9_maxx3_noraw,1033,42,9,33,3.006776379477251,3.099709583736689,0.09293320425943818,319,311,194,221,113,3,91,3,4,37,0.04065827686350436,0.008712487899322363,0.031945788964181994,-88,598,4,0,4,232,30,6,24,90,5,0,5,82,3,3,0,31,0,0,0
0.97,0.04,0.9,9,3.0,True,0.05,0.75,base0p97_slope0p04_min0p9_minbase9_maxx3_raw,1033,42,9,33,3.006776379477251,3.099709583736689,0.09293320425943818,319,311,194,221,113,3,91,3,4,37,0.04065827686350436,0.008712487899322363,0.031945788964181994,-88,598,4,0,4,232,30,6,24,90,5,0,5,82,3,3,0,31,0,0,0
0.97,0.04,0.93,9,3.0,False,0.05,0.75,base0p97_slope0p04_min0p93_minbase9_maxx3_noraw,1033,42,9,33,3.006776379477251,3.099709583736689,0.09293320425943818,319,311,194,221,113,3,91,3,4,37,0.04065827686350436,0.008712487899322363,0.031945788964181994,-88,598,4,0,4,232,30,6,24,90,5,0,5,82,3,3,0,31,0,0,0
0.97,0.04,0.93,9,3.0,True,0.05,0.75,base0p97_slope0p04_min0p93_minbase9_maxx3_raw,1033,42,9,33,3.006776379477251,3.099709583736689,0.09293320425943818,319,311,194,221,113,3,91,3,4,37,0.04065827686350436,0.008712487899322363,0.031945788964181994,-88,598,4,0,4,232,30,6,24,90,5,0,5,82,3,3,0,31,0,0,0
0.95,0.04,0.85,10,1.5,False,0.05,0.75,base0p95_slope0p04_min0p85_minbase10_maxx1p5_noraw,1033,39,5,33,3.006776379477251,3.0629235237173282,0.056147144240077385,319,317,194,223,113,3,91,2,2,35,0.0377541142303969,0.00484027105517909,0.031945788964181994,-88,598,2,0,2,232,26,1,24,90,8,1,7,82,3,3,0,31,0,0,0
0.95,0.04,0.85,10,1.5,True,0.05,0.75,base0p95_slope0p04_min0p85_minbase10_maxx1p5_raw,1033,39,5,33,3.006776379477251,3.0629235237173282,0.056147144240077385,319,317,194,223,113,3,91,2,2,35,0.0377541142303969,0.00484027105517909,0.031945788964181994,-88,598,2,0,2,232,26,1,24,90,8,1,7,82,3,3,0,31,0,0,0
0.95,0.04,0.88,10,1.5,False,0.05,0.75,base0p95_slope0p04_min0p88_minbase10_maxx1p5_noraw,1033,39,5,33,3.006776379477251,3.0629235237173282,0.056147144240077385,319,317,194,223,113,3,91,2,2,35,0.0377541142303969,0.00484027105517909,0.031945788964181994,-88,598,2,0,2,232,26,1,24,90,8,1,7,82,3,3,0,31,0,0,0
0.95,0.04,0.88,10,1.5,True,0.05,0.75,base0p95_slope0p04_min0p88_minbase10_maxx1p5_raw,1033,39,5,33,3.006776379477251,3.0629235237173282,0.056147144240077385,319,317,194,223,113,3,91,2,2,35,0.0377541142303969,0.00484027105517909,0.031945788964181994,-88,598,2,0,2,232,26,1,24,90,8,1,7,82,3,3,0,31,0,0,0
0.95,0.04,0.9,10,1.5,False,0.05,0.75,base0p95_slope0p04_min0p9_minbase10_maxx1p5_noraw,1033,39,5,33,3.006776379477251,3.0629235237173282,0.056147144240077385,319,317,194,223,113,3,91,2,2,35,0.0377541142303969,0.00484027105517909,0.031945788964181994,-88,598,2,0,2,232,26,1,24,90,8,1,7,82,3,3,0,31,0,0,0
0.95,0.04,0.9,10,1.5,True,0.05,0.75,base0p95_slope0p04_min0p9_minbase10_maxx1p5_raw,1033,39,5,33,3.006776379477251,3.0629235237173282,0.056147144240077385,319,317,194,223,113,3,91,2,2,35,0.0377541142303969,0.00484027105517909,0.031945788964181994,-88,598,2,0,2,232,26,1,24,90,8,1,7,82,3,3,0,31,0,0,0
0.95,0.04,0.93,10,1.5,False,0.05,0.75,base0p95_slope0p04_min0p93_minbase10_maxx1p5_noraw,1033,39,5,33,3.006776379477251,3.0629235237173282,0.056147144240077385,319,317,194,223,113,3,91,2,2,35,0.0377541142303969,0.00484027105517909,0.031945788964181994,-88,598,2,0,2,232,26,1,24,90,8,1,7,82,3,3,0,31,0,0,0
0.95,0.04,0.93,10,1.5,True,0.05,0.75,base0p95_slope0p04_min0p93_minbase10_maxx1p5_raw,1033,39,5,33,3.006776379477251,3.0629235237173282,0.056147144240077385,319,317,194,223,113,3,91,2,2,35,0.0377541142303969,0.00484027105517909,0.031945788964181994,-88,598,2,0,2,232,26,1,24,90,8,1,7,82,3,3,0,31,0,0,0
0.97,0.08,0.85,9,2.0,False,0.05,0.75,base0p97_slope0p08_min0p85_minbase9_maxx2_noraw,1033,48,11,36,3.006776379477251,3.080348499515973,0.07357212003872204,319,312,194,226,113,5,91,4,4,42,0.046466602129719266,0.010648596321393998,0.03484995159728945,-89,598,4,0,4,232,33,5,27,90,6,1,5,82,4,4,0,31,1,1,0
0.97,0.08,0.85,9,2.0,True,0.05,0.75,base0p97_slope0p08_min0p85_minbase9_maxx2_raw,1033,48,11,36,3.006776379477251,3.080348499515973,0.07357212003872204,319,312,194,226,113,5,91,4,4,42,0.046466602129719266,0.010648596321393998,0.03484995159728945,-89,598,4,0,4,232,33,5,27,90,6,1,5,82,4,4,0,31,1,1,0
0.97,0.08,0.88,9,2.0,False,0.05,0.75,base0p97_slope0p08_min0p88_minbase9_maxx2_noraw,1033,48,11,36,3.006776379477251,3.080348499515973,0.07357212003872204,319,312,194,226,113,5,91,4,4,42,0.046466602129719266,0.010648596321393998,0.03484995159728945,-89,598,4,0,4,232,33,5,27,90,6,1,5,82,4,4,0,31,1,1,0
0.97,0.08,0.88,9,2.0,True,0.05,0.75,base0p97_slope0p08_min0p88_minbase9_maxx2_raw,1033,48,11,36,3.006776379477251,3.080348499515973,0.07357212003872204,319,312,194,226,113,5,91,4,4,42,0.046466602129719266,0.010648596321393998,0.03484995159728945,-89,598,4,0,4,232,33,5,27,90,6,1,5,82,4,4,0,31,1,1,0
0.97,0.08,0.9,9,2.0,False,0.05,0.75,base0p97_slope0p08_min0p9_minbase9_maxx2_noraw,1033,48,11,36,3.006776379477251,3.080348499515973,0.07357212003872204,319,312,194,226,113,5,91,4,4,42,0.046466602129719266,0.010648596321393998,0.03484995159728945,-89,598,4,0,4,232,33,5,27,90,6,1,5,82,4,4,0,31,1,1,0
0.97,0.08,0.9,9,2.0,True,0.05,0.75,base0p97_slope0p08_min0p9_minbase9_maxx2_raw,1033,48,11,36,3.006776379477251,3.080348499515973,0.07357212003872204,319,312,194,226,113,5,91,4,4,42,0.046466602129719266,0.010648596321393998,0.03484995159728945,-89,598,4,0,4,232,33,5,27,90,6,1,5,82,4,4,0,31,1,1,0
0.95,0.06,0.93,10,1.5,False,0.05,0.75,base0p95_slope0p06_min0p93_minbase10_maxx1p5_noraw,1033,41,6,34,3.006776379477251,3.063891577928364,0.05711519845111335,319,317,194,224,113,4,91,2,2,37,0.03969022265246854,0.005808325266214908,0.03291384317521781,-89,598,2,0,2,232,27,1,25,90,8,1,7,82,4,4,0,31,0,0,0
0.95,0.06,0.93,10,1.5,True,0.05,0.75,base0p95_slope0p06_min0p93_minbase10_maxx1p5_raw,1033,41,6,34,3.006776379477251,3.063891577928364,0.05711519845111335,319,317,194,224,113,4,91,2,2,37,0.03969022265246854,0.005808325266214908,0.03291384317521781,-89,598,2,0,2,232,27,1,25,90,8,1,7,82,4,4,0,31,0,0,0
0.95,0.08,0.93,10,1.5,False,0.05,0.75,base0p95_slope0p08_min0p93_minbase10_maxx1p5_noraw,1033,41,6,34,3.006776379477251,3.063891577928364,0.05711519845111335,319,317,194,224,113,4,91,2,2,37,0.03969022265246854,0.005808325266214908,0.03291384317521781,-89,598,2,0,2,232,27,1,25,90,8,1,7,82,4,4,0,31,0,0,0
0.95,0.08,0.93,10,1.5,True,0.05,0.75,base0p95_slope0p08_min0p93_minbase10_maxx1p5_raw,1033,41,6,34,3.006776379477251,3.063891577928364,0.05711519845111335,319,317,194,224,113,4,91,2,2,37,0.03969022265246854,0.005808325266214908,0.03291384317521781,-89,598,2,0,2,232,27,1,25,90,8,1,7,82,4,4,0,31,0,0,0
0.97,0.08,0.85,9,1.5,False,0.05,0.75,base0p97_slope0p08_min0p85_minbase9_maxx1p5_noraw,1033,41,8,32,3.006776379477251,3.0609874152952568,0.054211035818005904,319,313,194,222,113,2,91,2,3,37,0.03969022265246854,0.007744433688286544,0.030977734753146177,-90,598,3,0,3,232,30,5,24,90,6,1,5,82,2,2,0,31,0,0,0
0.97,0.08,0.85,9,1.5,True,0.05,0.75,base0p97_slope0p08_min0p85_minbase9_maxx1p5_raw,1033,41,8,32,3.006776379477251,3.0609874152952568,0.054211035818005904,319,313,194,222,113,2,91,2,3,37,0.03969022265246854,0.007744433688286544,0.030977734753146177,-90,598,3,0,3,232,30,5,24,90,6,1,5,82,2,2,0,31,0,0,0
0.97,0.08,0.88,9,1.5,False,0.05,0.75,base0p97_slope0p08_min0p88_minbase9_maxx1p5_noraw,1033,41,8,32,3.006776379477251,3.0609874152952568,0.054211035818005904,319,313,194,222,113,2,91,2,3,37,0.03969022265246854,0.007744433688286544,0.030977734753146177,-90,598,3,0,3,232,30,5,24,90,6,1,5,82,2,2,0,31,0,0,0
0.97,0.08,0.88,9,1.5,True,0.05,0.75,base0p97_slope0p08_min0p88_minbase9_maxx1p5_raw,1033,41,8,32,3.006776379477251,3.0609874152952568,0.054211035818005904,319,313,194,222,113,2,91,2,3,37,0.03969022265246854,0.007744433688286544,0.030977734753146177,-90,598,3,0,3,232,30,5,24,90,6,1,5,82,2,2,0,31,0,0,0
0.97,0.08,0.9,9,1.5,False,0.05,0.75,base0p97_slope0p08_min0p9_minbase9_maxx1p5_noraw,1033,41,8,32,3.006776379477251,3.0609874152952568,0.054211035818005904,319,313,194,222,113,2,91,2,3,37,0.03969022265246854,0.007744433688286544,0.030977734753146177,-90,598,3,0,3,232,30,5,24,90,6,1,5,82,2,2,0,31,0,0,0
0.97,0.08,0.9,9,1.5,True,0.05,0.75,base0p97_slope0p08_min0p9_minbase9_maxx1p5_raw,1033,41,8,32,3.006776379477251,3.0609874152952568,0.054211035818005904,319,313,194,222,113,2,91,2,3,37,0.03969022265246854,0.007744433688286544,0.030977734753146177,-90,598,3,0,3,232,30,5,24,90,6,1,5,82,2,2,0,31,0,0,0
0.97,0.08,0.93,9,1.5,False,0.05,0.75,base0p97_slope0p08_min0p93_minbase9_maxx1p5_noraw,1033,41,8,32,3.006776379477251,3.0609874152952568,0.054211035818005904,319,313,194,222,113,2,91,2,3,37,0.03969022265246854,0.007744433688286544,0.030977734753146177,-90,598,3,0,3,232,30,5,24,90,6,1,5,82,2,2,0,31,0,0,0
0.97,0.08,0.93,9,1.5,True,0.05,0.75,base0p97_slope0p08_min0p93_minbase9_maxx1p5_raw,1033,41,8,32,3.006776379477251,3.0609874152952568,0.054211035818005904,319,313,194,222,113,2,91,2,3,37,0.03969022265246854,0.007744433688286544,0.030977734753146177,-90,598,3,0,3,232,30,5,24,90,6,1,5,82,2,2,0,31,0,0,0
0.95,0.06,0.85,10,2.0,False,0.05,0.75,base0p95_slope0p06_min0p85_minbase10_maxx2_noraw,1033,45,8,36,3.006776379477251,3.075508228460794,0.06873184898354312,319,316,194,225,113,6,91,3,4,40,0.04356243949661181,0.007744433688286544,0.03484995159728945,-92,598,4,0,4,232,27,1,25,90,8,1,7,82,5,5,0,31,1,1,0
0.95,0.06,0.85,10,2.0,True,0.05,0.75,base0p95_slope0p06_min0p85_minbase10_maxx2_raw,1033,45,8,36,3.006776379477251,3.075508228460794,0.06873184898354312,319,316,194,225,113,6,91,3,4,40,0.04356243949661181,0.007744433688286544,0.03484995159728945,-92,598,4,0,4,232,27,1,25,90,8,1,7,82,5,5,0,31,1,1,0
0.95,0.06,0.88,10,2.0,False,0.05,0.75,base0p95_slope0p06_min0p88_minbase10_maxx2_noraw,1033,45,8,36,3.006776379477251,3.075508228460794,0.06873184898354312,319,316,194,225,113,6,91,3,4,40,0.04356243949661181,0.007744433688286544,0.03484995159728945,-92,598,4,0,4,232,27,1,25,90,8,1,7,82,5,5,0,31,1,1,0
0.95,0.06,0.88,10,2.0,True,0.05,0.75,base0p95_slope0p06_min0p88_minbase10_maxx2_raw,1033,45,8,36,3.006776379477251,3.075508228460794,0.06873184898354312,319,316,194,225,113,6,91,3,4,40,0.04356243949661181,0.007744433688286544,0.03484995159728945,-92,598,4,0,4,232,27,1,25,90,8,1,7,82,5,5,0,31,1,1,0
0.95,0.06,0.9,10,2.0,False,0.05,0.75,base0p95_slope0p06_min0p9_minbase10_maxx2_noraw,1033,45,8,36,3.006776379477251,3.075508228460794,0.06873184898354312,319,316,194,225,113,6,91,3,4,40,0.04356243949661181,0.007744433688286544,0.03484995159728945,-92,598,4,0,4,232,27,1,25,90,8,1,7,82,5,5,0,31,1,1,0
0.95,0.06,0.9,10,2.0,True,0.05,0.75,base0p95_slope0p06_min0p9_minbase10_maxx2_raw,1033,45,8,36,3.006776379477251,3.075508228460794,0.06873184898354312,319,316,194,225,113,6,91,3,4,40,0.04356243949661181,0.007744433688286544,0.03484995159728945,-92,598,4,0,4,232,27,1,25,90,8,1,7,82,5,5,0,31,1,1,0
0.95,0.08,0.85,10,2.0,False,0.05,0.75,base0p95_slope0p08_min0p85_minbase10_maxx2_noraw,1033,45,8,36,3.006776379477251,3.075508228460794,0.06873184898354312,319,316,194,225,113,6,91,3,4,40,0.04356243949661181,0.007744433688286544,0.03484995159728945,-92,598,4,0,4,232,27,1,25,90,8,1,7,82,5,5,0,31,1,1,0
0.95,0.08,0.85,10,2.0,True,0.05,0.75,base0p95_slope0p08_min0p85_minbase10_maxx2_raw,1033,45,8,36,3.006776379477251,3.075508228460794,0.06873184898354312,319,316,194,225,113,6,91,3,4,40,0.04356243949661181,0.007744433688286544,0.03484995159728945,-92,598,4,0,4,232,27,1,25,90,8,1,7,82,5,5,0,31,1,1,0
0.95,0.08,0.88,10,2.0,False,0.05,0.75,base0p95_slope0p08_min0p88_minbase10_maxx2_noraw,1033,45,8,36,3.006776379477251,3.075508228460794,0.06873184898354312,319,316,194,225,113,6,91,3,4,40,0.04356243949661181,0.007744433688286544,0.03484995159728945,-92,598,4,0,4,232,27,1,25,90,8,1,7,82,5,5,0,31,1,1,0
0.95,0.08,0.88,10,2.0,True,0.05,0.75,base0p95_slope0p08_min0p88_minbase10_maxx2_raw,1033,45,8,36,3.006776379477251,3.075508228460794,0.06873184898354312,319,316,194,225,113,6,91,3,4,40,0.04356243949661181,0.007744433688286544,0.03484995159728945,-92,598,4,0,4,232,27,1,25,90,8,1,7,82,5,5,0,31,1,1,0
0.95,0.08,0.9,10,2.0,False,0.05,0.75,base0p95_slope0p08_min0p9_minbase10_maxx2_noraw,1033,45,8,36,3.006776379477251,3.075508228460794,0.06873184898354312,319,316,194,225,113,6,91,3,4,40,0.04356243949661181,0.007744433688286544,0.03484995159728945,-92,598,4,0,4,232,27,1,25,90,8,1,7,82,5,5,0,31,1,1,0
0.95,0.08,0.9,10,2.0,True,0.05,0.75,base0p95_slope0p08_min0p9_minbase10_maxx2_raw,1033,45,8,36,3.006776379477251,3.075508228460794,0.06873184898354312,319,316,194,225,113,6,91,3,4,40,0.04356243949661181,0.007744433688286544,0.03484995159728945,-92,598,4,0,4,232,27,1,25,90,8,1,7,82,5,5,0,31,1,1,0
0.97,0.06,0.85,9,2.0,False,0.05,0.75,base0p97_slope0p06_min0p85_minbase9_maxx2_noraw,1033,43,8,34,3.006776379477251,3.086156824782188,0.07938044530493693,319,312,194,224,113,3,91,3,4,38,0.041626331074540175,0.007744433688286544,0.03291384317521781,-92,598,4,0,4,232,31,5,25,90,5,0,5,82,3,3,0,31,0,0,0
0.97,0.06,0.85,9,2.0,True,0.05,0.75,base0p97_slope0p06_min0p85_minbase9_maxx2_raw,1033,43,8,34,3.006776379477251,3.086156824782188,0.07938044530493693,319,312,194,224,113,3,91,3,4,38,0.041626331074540175,0.007744433688286544,0.03291384317521781,-92,598,4,0,4,232,31,5,25,90,5,0,5,82,3,3,0,31,0,0,0
0.97,0.06,0.88,9,2.0,False,0.05,0.75,base0p97_slope0p06_min0p88_minbase9_maxx2_noraw,1033,43,8,34,3.006776379477251,3.086156824782188,0.07938044530493693,319,312,194,224,113,3,91,3,4,38,0.041626331074540175,0.007744433688286544,0.03291384317521781,-92,598,4,0,4,232,31,5,25,90,5,0,5,82,3,3,0,31,0,0,0
0.97,0.06,0.88,9,2.0,True,0.05,0.75,base0p97_slope0p06_min0p88_minbase9_maxx2_raw,1033,43,8,34,3.006776379477251,3.086156824782188,0.07938044530493693,319,312,194,224,113,3,91,3,4,38,0.041626331074540175,0.007744433688286544,0.03291384317521781,-92,598,4,0,4,232,31,5,25,90,5,0,5,82,3,3,0,31,0,0,0
0.97,0.06,0.9,9,2.0,False,0.05,0.75,base0p97_slope0p06_min0p9_minbase9_maxx2_noraw,1033,43,8,34,3.006776379477251,3.086156824782188,0.07938044530493693,319,312,194,224,113,3,91,3,4,38,0.041626331074540175,0.007744433688286544,0.03291384317521781,-92,598,4,0,4,232,31,5,25,90,5,0,5,82,3,3,0,31,0,0,0
0.97,0.06,0.9,9,2.0,True,0.05,0.75,base0p97_slope0p06_min0p9_minbase9_maxx2_raw,1033,43,8,34,3.006776379477251,3.086156824782188,0.07938044530493693,319,312,194,224,113,3,91,3,4,38,0.041626331074540175,0.007744433688286544,0.03291384317521781,-92,598,4,0,4,232,31,5,25,90,5,0,5,82,3,3,0,31,0,0,0
0.97,0.06,0.93,9,2.0,False,0.05,0.75,base0p97_slope0p06_min0p93_minbase9_maxx2_noraw,1033,43,8,34,3.006776379477251,3.086156824782188,0.07938044530493693,319,312,194,224,113,3,91,3,4,38,0.041626331074540175,0.007744433688286544,0.03291384317521781,-92,598,4,0,4,232,31,5,25,90,5,0,5,82,3,3,0,31,0,0,0
0.97,0.06,0.93,9,2.0,True,0.05,0.75,base0p97_slope0p06_min0p93_minbase9_maxx2_raw,1033,43,8,34,3.006776379477251,3.086156824782188,0.07938044530493693,319,312,194,224,113,3,91,3,4,38,0.041626331074540175,0.007744433688286544,0.03291384317521781,-92,598,4,0,4,232,31,5,25,90,5,0,5,82,3,3,0,31,0,0,0
0.95,0.02,0.85,10,3.0,False,0.05,0.75,base0p95_slope0p02_min0p85_minbase10_maxx3_noraw,1033,42,6,35,3.006776379477251,3.099709583736689,0.09293320425943818,319,316,194,224,113,4,91,3,4,37,0.04065827686350436,0.005808325266214908,0.03388189738625363,-93,598,4,0,4,232,26,1,24,90,8,1,7,82,4,4,0,31,0,0,0
0.95,0.02,0.85,10,3.0,True,0.05,0.75,base0p95_slope0p02_min0p85_minbase10_maxx3_raw,1033,42,6,35,3.006776379477251,3.099709583736689,0.09293320425943818,319,316,194,224,113,4,91,3,4,37,0.04065827686350436,0.005808325266214908,0.03388189738625363,-93,598,4,0,4,232,26,1,24,90,8,1,7,82,4,4,0,31,0,0,0
0.95,0.02,0.88,10,3.0,False,0.05,0.75,base0p95_slope0p02_min0p88_minbase10_maxx3_noraw,1033,42,6,35,3.006776379477251,3.099709583736689,0.09293320425943818,319,316,194,224,113,4,91,3,4,37,0.04065827686350436,0.005808325266214908,0.03388189738625363,-93,598,4,0,4,232,26,1,24,90,8,1,7,82,4,4,0,31,0,0,0
0.95,0.02,0.88,10,3.0,True,0.05,0.75,base0p95_slope0p02_min0p88_minbase10_maxx3_raw,1033,42,6,35,3.006776379477251,3.099709583736689,0.09293320425943818,319,316,194,224,113,4,91,3,4,37,0.04065827686350436,0.005808325266214908,0.03388189738625363,-93,598,4,0,4,232,26,1,24,90,8,1,7,82,4,4,0,31,0,0,0
0.95,0.02,0.9,10,3.0,False,0.05,0.75,base0p95_slope0p02_min0p9_minbase10_maxx3_noraw,1033,42,6,35,3.006776379477251,3.099709583736689,0.09293320425943818,319,316,194,224,113,4,91,3,4,37,0.04065827686350436,0.005808325266214908,0.03388189738625363,-93,598,4,0,4,232,26,1,24,90,8,1,7,82,4,4,0,31,0,0,0
0.95,0.02,0.9,10,3.0,True,0.05,0.75,base0p95_slope0p02_min0p9_minbase10_maxx3_raw,1033,42,6,35,3.006776379477251,3.099709583736689,0.09293320425943818,319,316,194,224,113,4,91,3,4,37,0.04065827686350436,0.005808325266214908,0.03388189738625363,-93,598,4,0,4,232,26,1,24,90,8,1,7,82,4,4,0,31,0,0,0
0.95,0.02,0.93,10,3.0,False,0.05,0.75,base0p95_slope0p02_min0p93_minbase10_maxx3_noraw,1033,42,6,35,3.006776379477251,3.099709583736689,0.09293320425943818,319,316,194,224,113,4,91,3,4,37,0.04065827686350436,0.005808325266214908,0.03388189738625363,-93,598,4,0,4,232,26,1,24,90,8,1,7,82,4,4,0,31,0,0,0
0.95,0.02,0.93,10,3.0,True,0.05,0.75,base0p95_slope0p02_min0p93_minbase10_maxx3_raw,1033,42,6,35,3.006776379477251,3.099709583736689,0.09293320425943818,319,316,194,224,113,4,91,3,4,37,0.04065827686350436,0.005808325266214908,0.03388189738625363,-93,598,4,0,4,232,26,1,24,90,8,1,7,82,4,4,0,31,0,0,0
0.95,0.04,0.85,10,3.0,True,0.05,0.75,base0p95_slope0p04_min0p85_minbase10_maxx3_raw,1033,44,7,36,3.006776379477251,3.0968054211035816,0.09002904162633074,319,316,194,225,113,5,91,3,4,39,0.04259438528557599,0.006776379477250726,0.03484995159728945,-94,598,4,0,4,232,27,1,25,90,8,1,7,82,4,4,0,31,1,1,0
0.95,0.04,0.88,10,3.0,True,0.05,0.75,base0p95_slope0p04_min0p88_minbase10_maxx3_raw,1033,44,7,36,3.006776379477251,3.0968054211035816,0.09002904162633074,319,316,194,225,113,5,91,3,4,39,0.04259438528557599,0.006776379477250726,0.03484995159728945,-94,598,4,0,4,232,27,1,25,90,8,1,7,82,4,4,0,31,1,1,0
0.95,0.04,0.9,10,3.0,True,0.05,0.75,base0p95_slope0p04_min0p9_minbase10_maxx3_raw,1033,44,7,36,3.006776379477251,3.0968054211035816,0.09002904162633074,319,316,194,225,113,5,91,3,4,39,0.04259438528557599,0.006776379477250726,0.03484995159728945,-94,598,4,0,4,232,27,1,25,90,8,1,7,82,4,4,0,31,1,1,0
0.95,0.06,0.85,10,1.5,False,0.05,0.75,base0p95_slope0p06_min0p85_minbase10_maxx1p5_noraw,1033,42,6,35,3.006776379477251,3.067763794772507,0.06098741529525631,319,317,194,224,113,4,91,2,3,38,0.04065827686350436,0.005808325266214908,0.03388189738625363,-95,598,3,0,3,232,27,1,25,90,8,1,7,82,4,4,0,31,0,0,0
0.95,0.06,0.85,10,1.5,True,0.05,0.75,base0p95_slope0p06_min0p85_minbase10_maxx1p5_raw,1033,42,6,35,3.006776379477251,3.067763794772507,0.06098741529525631,319,317,194,224,113,4,91,2,3,38,0.04065827686350436,0.005808325266214908,0.03388189738625363,-95,598,3,0,3,232,27,1,25,90,8,1,7,82,4,4,0,31,0,0,0
0.95,0.06,0.88,10,1.5,False,0.05,0.75,base0p95_slope0p06_min0p88_minbase10_maxx1p5_noraw,1033,42,6,35,3.006776379477251,3.067763794772507,0.06098741529525631,319,317,194,224,113,4,91,2,3,38,0.04065827686350436,0.005808325266214908,0.03388189738625363,-95,598,3,0,3,232,27,1,25,90,8,1,7,82,4,4,0,31,0,0,0
0.95,0.06,0.88,10,1.5,True,0.05,0.75,base0p95_slope0p06_min0p88_minbase10_maxx1p5_raw,1033,42,6,35,3.006776379477251,3.067763794772507,0.06098741529525631,319,317,194,224,113,4,91,2,3,38,0.04065827686350436,0.005808325266214908,0.03388189738625363,-95,598,3,0,3,232,27,1,25,90,8,1,7,82,4,4,0,31,0,0,0
0.95,0.06,0.9,10,1.5,False,0.05,0.75,base0p95_slope0p06_min0p9_minbase10_maxx1p5_noraw,1033,42,6,35,3.006776379477251,3.067763794772507,0.06098741529525631,319,317,194,224,113,4,91,2,3,38,0.04065827686350436,0.005808325266214908,0.03388189738625363,-95,598,3,0,3,232,27,1,25,90,8,1,7,82,4,4,0,31,0,0,0
0.95,0.06,0.9,10,1.5,True,0.05,0.75,base0p95_slope0p06_min0p9_minbase10_maxx1p5_raw,1033,42,6,35,3.006776379477251,3.067763794772507,0.06098741529525631,319,317,194,224,113,4,91,2,3,38,0.04065827686350436,0.005808325266214908,0.03388189738625363,-95,598,3,0,3,232,27,1,25,90,8,1,7,82,4,4,0,31,0,0,0
0.95,0.08,0.85,10,1.5,False,0.05,0.75,base0p95_slope0p08_min0p85_minbase10_maxx1p5_noraw,1033,42,6,35,3.006776379477251,3.067763794772507,0.06098741529525631,319,317,194,224,113,4,91,2,3,38,0.04065827686350436,0.005808325266214908,0.03388189738625363,-95,598,3,0,3,232,27,1,25,90,8,1,7,82,4,4,0,31,0,0,0
0.95,0.08,0.85,10,1.5,True,0.05,0.75,base0p95_slope0p08_min0p85_minbase10_maxx1p5_raw,1033,42,6,35,3.006776379477251,3.067763794772507,0.06098741529525631,319,317,194,224,113,4,91,2,3,38,0.04065827686350436,0.005808325266214908,0.03388189738625363,-95,598,3,0,3,232,27,1,25,90,8,1,7,82,4,4,0,31,0,0,0
0.95,0.08,0.88,10,1.5,False,0.05,0.75,base0p95_slope0p08_min0p88_minbase10_maxx1p5_noraw,1033,42,6,35,3.006776379477251,3.067763794772507,0.06098741529525631,319,317,194,224,113,4,91,2,3,38,0.04065827686350436,0.005808325266214908,0.03388189738625363,-95,598,3,0,3,232,27,1,25,90,8,1,7,82,4,4,0,31,0,0,0
0.95,0.08,0.88,10,1.5,True,0.05,0.75,base0p95_slope0p08_min0p88_minbase10_maxx1p5_raw,1033,42,6,35,3.006776379477251,3.067763794772507,0.06098741529525631,319,317,194,224,113,4,91,2,3,38,0.04065827686350436,0.005808325266214908,0.03388189738625363,-95,598,3,0,3,232,27,1,25,90,8,1,7,82,4,4,0,31,0,0,0
0.95,0.08,0.9,10,1.5,False,0.05,0.75,base0p95_slope0p08_min0p9_minbase10_maxx1p5_noraw,1033,42,6,35,3.006776379477251,3.067763794772507,0.06098741529525631,319,317,194,224,113,4,91,2,3,38,0.04065827686350436,0.005808325266214908,0.03388189738625363,-95,598,3,0,3,232,27,1,25,90,8,1,7,82,4,4,0,31,0,0,0
0.95,0.08,0.9,10,1.5,True,0.05,0.75,base0p95_slope0p08_min0p9_minbase10_maxx1p5_raw,1033,42,6,35,3.006776379477251,3.067763794772507,0.06098741529525631,319,317,194,224,113,4,91,2,3,38,0.04065827686350436,0.005808325266214908,0.03388189738625363,-95,598,3,0,3,232,27,1,25,90,8,1,7,82,4,4,0,31,0,0,0
0.95,0.04,0.93,10,3.0,False,0.05,0.75,base0p95_slope0p04_min0p93_minbase10_maxx3_noraw,1033,43,6,36,3.006776379477251,3.10648596321394,0.09970958373668903,319,316,194,225,113,4,91,3,4,38,0.041626331074540175,0.005808325266214908,0.03484995159728945,-96,598,4,0,4,232,27,1,25,90,8,1,7,82,4,4,0,31,0,0,0
0.95,0.04,0.93,10,3.0,True,0.05,0.75,base0p95_slope0p04_min0p93_minbase10_maxx3_raw,1033,43,6,36,3.006776379477251,3.10648596321394,0.09970958373668903,319,316,194,225,113,4,91,3,4,38,0.041626331074540175,0.005808325266214908,0.03484995159728945,-96,598,4,0,4,232,27,1,25,90,8,1,7,82,4,4,0,31,0,0,0
0.985,0.06,0.85,8,1.5,False,0.05,0.75,base0p985_slope0p06_min0p85_minbase8_maxx1p5_noraw,1033,31,7,24,3.006776379477251,3.0396902226524687,0.03291384317521784,319,313,194,214,113,1,91,0,9,30,0.030009680542110357,0.006776379477250726,0.023233301064859633,-96,598,9,0,9,232,18,6,12,90,3,0,3,82,0,0,0,31,1,1,0
0.985,0.06,0.85,8,1.5,True,0.05,0.75,base0p985_slope0p06_min0p85_minbase8_maxx1p5_raw,1033,31,7,24,3.006776379477251,3.0396902226524687,0.03291384317521784,319,313,194,214,113,1,91,0,9,30,0.030009680542110357,0.006776379477250726,0.023233301064859633,-96,598,9,0,9,232,18,6,12,90,3,0,3,82,0,0,0,31,1,1,0
0.985,0.06,0.88,8,1.5,False,0.05,0.75,base0p985_slope0p06_min0p88_minbase8_maxx1p5_noraw,1033,31,7,24,3.006776379477251,3.0396902226524687,0.03291384317521784,319,313,194,214,113,1,91,0,9,30,0.030009680542110357,0.006776379477250726,0.023233301064859633,-96,598,9,0,9,232,18,6,12,90,3,0,3,82,0,0,0,31,1,1,0
0.985,0.06,0.88,8,1.5,True,0.05,0.75,base0p985_slope0p06_min0p88_minbase8_maxx1p5_raw,1033,31,7,24,3.006776379477251,3.0396902226524687,0.03291384317521784,319,313,194,214,113,1,91,0,9,30,0.030009680542110357,0.006776379477250726,0.023233301064859633,-96,598,9,0,9,232,18,6,12,90,3,0,3,82,0,0,0,31,1,1,0
0.985,0.06,0.9,8,1.5,False,0.05,0.75,base0p985_slope0p06_min0p9_minbase8_maxx1p5_noraw,1033,31,7,24,3.006776379477251,3.0396902226524687,0.03291384317521784,319,313,194,214,113,1,91,0,9,30,0.030009680542110357,0.006776379477250726,0.023233301064859633,-96,598,9,0,9,232,18,6,12,90,3,0,3,82,0,0,0,31,1,1,0
0.985,0.06,0.9,8,1.5,True,0.05,0.75,base0p985_slope0p06_min0p9_minbase8_maxx1p5_raw,1033,31,7,24,3.006776379477251,3.0396902226524687,0.03291384317521784,319,313,194,214,113,1,91,0,9,30,0.030009680542110357,0.006776379477250726,0.023233301064859633,-96,598,9,0,9,232,18,6,12,90,3,0,3,82,0,0,0,31,1,1,0
0.985,0.06,0.93,8,1.5,False,0.05,0.75,base0p985_slope0p06_min0p93_minbase8_maxx1p5_noraw,1033,31,7,24,3.006776379477251,3.0396902226524687,0.03291384317521784,319,313,194,214,113,1,91,0,9,30,0.030009680542110357,0.006776379477250726,0.023233301064859633,-96,598,9,0,9,232,18,6,12,90,3,0,3,82,0,0,0,31,1,1,0
0.985,0.06,0.93,8,1.5,True,0.05,0.75,base0p985_slope0p06_min0p93_minbase8_maxx1p5_raw,1033,31,7,24,3.006776379477251,3.0396902226524687,0.03291384317521784,319,313,194,214,113,1,91,0,9,30,0.030009680542110357,0.006776379477250726,0.023233301064859633,-96,598,9,0,9,232,18,6,12,90,3,0,3,82,0,0,0,31,1,1,0
0.97,0.06,0.93,9,3.0,False,0.05,0.75,base0p97_slope0p06_min0p93_minbase9_maxx3_noraw,1033,47,9,37,3.006776379477251,3.121974830590513,0.11519845111326221,319,311,194,225,113,4,91,4,5,41,0.04549854791868345,0.008712487899322363,0.03581800580832527,-97,598,5,0,5,232,33,5,27,90,5,0,5,82,4,4,0,31,0,0,0
0.97,0.06,0.93,9,3.0,True,0.05,0.75,base0p97_slope0p06_min0p93_minbase9_maxx3_raw,1033,47,9,37,3.006776379477251,3.121974830590513,0.11519845111326221,319,311,194,225,113,4,91,4,5,41,0.04549854791868345,0.008712487899322363,0.03581800580832527,-97,598,5,0,5,232,33,5,27,90,5,0,5,82,4,4,0,31,0,0,0
0.95,0.06,0.93,10,3.0,False,0.05,0.75,base0p95_slope0p06_min0p93_minbase10_maxx3_noraw,1033,45,7,37,3.006776379477251,3.107454017424976,0.100677637947725,319,316,194,226,113,5,91,3,4,40,0.04356243949661181,0.006776379477250726,0.03581800580832527,-97,598,4,0,4,232,28,1,26,90,8,1,7,82,5,5,0,31,0,0,0
0.95,0.06,0.93,10,3.0,True,0.05,0.75,base0p95_slope0p06_min0p93_minbase10_maxx3_raw,1033,45,7,37,3.006776379477251,3.107454017424976,0.100677637947725,319,316,194,226,113,5,91,3,4,40,0.04356243949661181,0.006776379477250726,0.03581800580832527,-97,598,4,0,4,232,28,1,26,90,8,1,7,82,5,5,0,31,0,0,0
0.95,0.08,0.93,10,3.0,False,0.05,0.75,base0p95_slope0p08_min0p93_minbase10_maxx3_noraw,1033,45,7,37,3.006776379477251,3.107454017424976,0.100677637947725,319,316,194,226,113,5,91,3,4,40,0.04356243949661181,0.006776379477250726,0.03581800580832527,-97,598,4,0,4,232,28,1,26,90,8,1,7,82,5,5,0,31,0,0,0
0.95,0.08,0.93,10,3.0,True,0.05,0.75,base0p95_slope0p08_min0p93_minbase10_maxx3_raw,1033,45,7,37,3.006776379477251,3.107454017424976,0.100677637947725,319,316,194,226,113,5,91,3,4,40,0.04356243949661181,0.006776379477250726,0.03581800580832527,-97,598,4,0,4,232,28,1,26,90,8,1,7,82,5,5,0,31,0,0,0
0.985,0.08,0.85,8,1.5,False,0.05,0.75,base0p985_slope0p08_min0p85_minbase8_maxx1p5_noraw,1033,36,9,27,3.006776379477251,3.0503388189738625,0.04356243949661165,319,312,194,218,113,2,91,1,9,33,0.03484995159728945,0.008712487899322363,0.026137463697967087,-97,598,9,0,9,232,21,7,14,90,4,0,4,82,1,1,0,31,1,1,0
0.985,0.08,0.85,8,1.5,True,0.05,0.75,base0p985_slope0p08_min0p85_minbase8_maxx1p5_raw,1033,36,9,27,3.006776379477251,3.0503388189738625,0.04356243949661165,319,312,194,218,113,2,91,1,9,33,0.03484995159728945,0.008712487899322363,0.026137463697967087,-97,598,9,0,9,232,21,7,14,90,4,0,4,82,1,1,0,31,1,1,0
0.985,0.08,0.88,8,1.5,False,0.05,0.75,base0p985_slope0p08_min0p88_minbase8_maxx1p5_noraw,1033,36,9,27,3.006776379477251,3.0503388189738625,0.04356243949661165,319,312,194,218,113,2,91,1,9,33,0.03484995159728945,0.008712487899322363,0.026137463697967087,-97,598,9,0,9,232,21,7,14,90,4,0,4,82,1,1,0,31,1,1,0
0.985,0.08,0.88,8,1.5,True,0.05,0.75,base0p985_slope0p08_min0p88_minbase8_maxx1p5_raw,1033,36,9,27,3.006776379477251,3.0503388189738625,0.04356243949661165,319,312,194,218,113,2,91,1,9,33,0.03484995159728945,0.008712487899322363,0.026137463697967087,-97,598,9,0,9,232,21,7,14,90,4,0,4,82,1,1,0,31,1,1,0
0.985,0.08,0.9,8,1.5,False,0.05,0.75,base0p985_slope0p08_min0p9_minbase8_maxx1p5_noraw,1033,36,9,27,3.006776379477251,3.0503388189738625,0.04356243949661165,319,312,194,218,113,2,91,1,9,33,0.03484995159728945,0.008712487899322363,0.026137463697967087,-97,598,9,0,9,232,21,7,14,90,4,0,4,82,1,1,0,31,1,1,0
0.985,0.08,0.9,8,1.5,True,0.05,0.75,base0p985_slope0p08_min0p9_minbase8_maxx1p5_raw,1033,36,9,27,3.006776379477251,3.0503388189738625,0.04356243949661165,319,312,194,218,113,2,91,1,9,33,0.03484995159728945,0.008712487899322363,0.026137463697967087,-97,598,9,0,9,232,21,7,14,90,4,0,4,82,1,1,0,31,1,1,0
0.985,0.08,0.93,8,1.5,False,0.05,0.75,base0p985_slope0p08_min0p93_minbase8_maxx1p5_noraw,1033,36,9,27,3.006776379477251,3.0503388189738625,0.04356243949661165,319,312,194,218,113,2,91,1,9,33,0.03484995159728945,0.008712487899322363,0.026137463697967087,-97,598,9,0,9,232,21,7,14,90,4,0,4,82,1,1,0,31,1,1,0
0.985,0.08,0.93,8,1.5,True,0.05,0.75,base0p985_slope0p08_min0p93_minbase8_maxx1p5_raw,1033,36,9,27,3.006776379477251,3.0503388189738625,0.04356243949661165,319,312,194,218,113,2,91,1,9,33,0.03484995159728945,0.008712487899322363,0.026137463697967087,-97,598,9,0,9,232,21,7,14,90,4,0,4,82,1,1,0,31,1,1,0
0.97,0.08,0.93,9,2.0,False,0.05,0.75,base0p97_slope0p08_min0p93_minbase9_maxx2_noraw,1033,46,9,36,3.006776379477251,3.0929332042594386,0.08615682478218778,319,312,194,226,113,3,91,3,4,41,0.044530493707647625,0.008712487899322363,0.03484995159728945,-98,598,4,0,4,232,33,5,27,90,6,1,5,82,3,3,0,31,0,0,0
0.97,0.08,0.93,9,2.0,True,0.05,0.75,base0p97_slope0p08_min0p93_minbase9_maxx2_raw,1033,46,9,36,3.006776379477251,3.0929332042594386,0.08615682478218778,319,312,194,226,113,3,91,3,4,41,0.044530493707647625,0.008712487899322363,0.03484995159728945,-98,598,4,0,4,232,33,5,27,90,6,1,5,82,3,3,0,31,0,0,0
0.97,0.06,0.85,9,3.0,True,0.05,0.75,base0p97_slope0p06_min0p85_minbase9_maxx3_raw,1033,48,9,38,3.006776379477251,3.1364956437560503,0.12971926427879943,319,311,194,226,113,4,91,4,5,42,0.046466602129719266,0.008712487899322363,0.036786060019361085,-100,598,5,0,5,232,34,5,28,90,5,0,5,82,4,4,0,31,0,0,0
0.97,0.06,0.88,9,3.0,True,0.05,0.75,base0p97_slope0p06_min0p88_minbase9_maxx3_raw,1033,48,9,38,3.006776379477251,3.1364956437560503,0.12971926427879943,319,311,194,226,113,4,91,4,5,42,0.046466602129719266,0.008712487899322363,0.036786060019361085,-100,598,5,0,5,232,34,5,28,90,5,0,5,82,4,4,0,31,0,0,0
0.97,0.06,0.9,9,3.0,True,0.05,0.75,base0p97_slope0p06_min0p9_minbase9_maxx3_raw,1033,48,9,38,3.006776379477251,3.1364956437560503,0.12971926427879943,319,311,194,226,113,4,91,4,5,42,0.046466602129719266,0.008712487899322363,0.036786060019361085,-100,598,5,0,5,232,34,5,28,90,5,0,5,82,4,4,0,31,0,0,0
0.95,0.04,0.85,10,3.0,False,0.05,0.75,base0p95_slope0p04_min0p85_minbase10_maxx3_noraw,1033,45,7,37,3.006776379477251,3.1093901258470473,0.10261374636979648,319,316,194,225,113,5,91,3,5,40,0.04356243949661181,0.006776379477250726,0.03581800580832527,-100,598,5,0,5,232,27,1,25,90,8,1,7,82,4,4,0,31,1,1,0
0.95,0.04,0.88,10,3.0,False,0.05,0.75,base0p95_slope0p04_min0p88_minbase10_maxx3_noraw,1033,45,7,37,3.006776379477251,3.1093901258470473,0.10261374636979648,319,316,194,225,113,5,91,3,5,40,0.04356243949661181,0.006776379477250726,0.03581800580832527,-100,598,5,0,5,232,27,1,25,90,8,1,7,82,4,4,0,31,1,1,0
0.95,0.04,0.9,10,3.0,False,0.05,0.75,base0p95_slope0p04_min0p9_minbase10_maxx3_noraw,1033,45,7,37,3.006776379477251,3.1093901258470473,0.10261374636979648,319,316,194,225,113,5,91,3,5,40,0.04356243949661181,0.006776379477250726,0.03581800580832527,-100,598,5,0,5,232,27,1,25,90,8,1,7,82,4,4,0,31,1,1,0
0.985,0.02,0.85,8,3.0,False,0.05,0.75,base0p985_slope0p02_min0p85_minbase8_maxx3_noraw,1033,35,8,26,3.006776379477251,3.0871248789932237,0.0803484995159729,319,311,194,218,113,3,91,2,13,31,0.03388189738625363,0.007744433688286544,0.02516940948693127,-100,598,13,0,13,232,16,5,10,90,3,0,3,82,2,2,0,31,1,1,0
0.985,0.02,0.85,8,3.0,True,0.05,0.75,base0p985_slope0p02_min0p85_minbase8_maxx3_raw,1033,35,8,26,3.006776379477251,3.0871248789932237,0.0803484995159729,319,311,194,218,113,3,91,2,13,31,0.03388189738625363,0.007744433688286544,0.02516940948693127,-100,598,13,0,13,232,16,5,10,90,3,0,3,82,2,2,0,31,1,1,0
0.985,0.02,0.88,8,3.0,False,0.05,0.75,base0p985_slope0p02_min0p88_minbase8_maxx3_noraw,1033,35,8,26,3.006776379477251,3.0871248789932237,0.0803484995159729,319,311,194,218,113,3,91,2,13,31,0.03388189738625363,0.007744433688286544,0.02516940948693127,-100,598,13,0,13,232,16,5,10,90,3,0,3,82,2,2,0,31,1,1,0
0.985,0.02,0.88,8,3.0,True,0.05,0.75,base0p985_slope0p02_min0p88_minbase8_maxx3_raw,1033,35,8,26,3.006776379477251,3.0871248789932237,0.0803484995159729,319,311,194,218,113,3,91,2,13,31,0.03388189738625363,0.007744433688286544,0.02516940948693127,-100,598,13,0,13,232,16,5,10,90,3,0,3,82,2,2,0,31,1,1,0
0.985,0.02,0.9,8,3.0,False,0.05,0.75,base0p985_slope0p02_min0p9_minbase8_maxx3_noraw,1033,35,8,26,3.006776379477251,3.0871248789932237,0.0803484995159729,319,311,194,218,113,3,91,2,13,31,0.03388189738625363,0.007744433688286544,0.02516940948693127,-100,598,13,0,13,232,16,5,10,90,3,0,3,82,2,2,0,31,1,1,0
0.985,0.02,0.9,8,3.0,True,0.05,0.75,base0p985_slope0p02_min0p9_minbase8_maxx3_raw,1033,35,8,26,3.006776379477251,3.0871248789932237,0.0803484995159729,319,311,194,218,113,3,91,2,13,31,0.03388189738625363,0.007744433688286544,0.02516940948693127,-100,598,13,0,13,232,16,5,10,90,3,0,3,82,2,2,0,31,1,1,0
0.985,0.02,0.93,8,3.0,False,0.05,0.75,base0p985_slope0p02_min0p93_minbase8_maxx3_noraw,1033,35,8,26,3.006776379477251,3.0871248789932237,0.0803484995159729,319,311,194,218,113,3,91,2,13,31,0.03388189738625363,0.007744433688286544,0.02516940948693127,-100,598,13,0,13,232,16,5,10,90,3,0,3,82,2,2,0,31,1,1,0
0.985,0.02,0.93,8,3.0,True,0.05,0.75,base0p985_slope0p02_min0p93_minbase8_maxx3_raw,1033,35,8,26,3.006776379477251,3.0871248789932237,0.0803484995159729,319,311,194,218,113,3,91,2,13,31,0.03388189738625363,0.007744433688286544,0.02516940948693127,-100,598,13,0,13,232,16,5,10,90,3,0,3,82,2,2,0,31,1,1,0
0.985,0.02,0.85,8,2.0,False,0.05,0.75,base0p985_slope0p02_min0p85_minbase8_maxx2_noraw,1033,33,7,25,3.006776379477251,3.0822846079380444,0.07550822846079353,319,312,194,217,113,2,91,1,12,30,0.031945788964181994,0.006776379477250726,0.02420135527589545,-101,598,12,0,12,232,16,5,10,90,3,0,3,82,1,1,0,31,1,1,0
0.985,0.02,0.85,8,2.0,True,0.05,0.75,base0p985_slope0p02_min0p85_minbase8_maxx2_raw,1033,33,7,25,3.006776379477251,3.0822846079380444,0.07550822846079353,319,312,194,217,113,2,91,1,12,30,0.031945788964181994,0.006776379477250726,0.02420135527589545,-101,598,12,0,12,232,16,5,10,90,3,0,3,82,1,1,0,31,1,1,0
0.985,0.02,0.88,8,2.0,False,0.05,0.75,base0p985_slope0p02_min0p88_minbase8_maxx2_noraw,1033,33,7,25,3.006776379477251,3.0822846079380444,0.07550822846079353,319,312,194,217,113,2,91,1,12,30,0.031945788964181994,0.006776379477250726,0.02420135527589545,-101,598,12,0,12,232,16,5,10,90,3,0,3,82,1,1,0,31,1,1,0
0.985,0.02,0.88,8,2.0,True,0.05,0.75,base0p985_slope0p02_min0p88_minbase8_maxx2_raw,1033,33,7,25,3.006776379477251,3.0822846079380444,0.07550822846079353,319,312,194,217,113,2,91,1,12,30,0.031945788964181994,0.006776379477250726,0.02420135527589545,-101,598,12,0,12,232,16,5,10,90,3,0,3,82,1,1,0,31,1,1,0
0.985,0.02,0.9,8,2.0,False,0.05,0.75,base0p985_slope0p02_min0p9_minbase8_maxx2_noraw,1033,33,7,25,3.006776379477251,3.0822846079380444,0.07550822846079353,319,312,194,217,113,2,91,1,12,30,0.031945788964181994,0.006776379477250726,0.02420135527589545,-101,598,12,0,12,232,16,5,10,90,3,0,3,82,1,1,0,31,1,1,0
0.985,0.02,0.9,8,2.0,True,0.05,0.75,base0p985_slope0p02_min0p9_minbase8_maxx2_raw,1033,33,7,25,3.006776379477251,3.0822846079380444,0.07550822846079353,319,312,194,217,113,2,91,1,12,30,0.031945788964181994,0.006776379477250726,0.02420135527589545,-101,598,12,0,12,232,16,5,10,90,3,0,3,82,1,1,0,31,1,1,0
0.985,0.02,0.93,8,2.0,False,0.05,0.75,base0p985_slope0p02_min0p93_minbase8_maxx2_noraw,1033,33,7,25,3.006776379477251,3.0822846079380444,0.07550822846079353,319,312,194,217,113,2,91,1,12,30,0.031945788964181994,0.006776379477250726,0.02420135527589545,-101,598,12,0,12,232,16,5,10,90,3,0,3,82,1,1,0,31,1,1,0
0.985,0.02,0.93,8,2.0,True,0.05,0.75,base0p985_slope0p02_min0p93_minbase8_maxx2_raw,1033,33,7,25,3.006776379477251,3.0822846079380444,0.07550822846079353,319,312,194,217,113,2,91,1,12,30,0.031945788964181994,0.006776379477250726,0.02420135527589545,-101,598,12,0,12,232,16,5,10,90,3,0,3,82,1,1,0,31,1,1,0
0.95,0.02,0.85,9,1.5,False,0.05,0.75,base0p95_slope0p02_min0p85_minbase9_maxx1p5_noraw,1033,50,10,39,3.006776379477251,3.0667957405614716,0.06001936108422079,319,313,194,228,113,4,91,3,3,45,0.0484027105517909,0.00968054211035818,0.0377541142303969,-102,598,3,0,3,232,35,5,29,90,8,1,7,82,4,4,0,31,0,0,0
0.95,0.02,0.85,9,1.5,True,0.05,0.75,base0p95_slope0p02_min0p85_minbase9_maxx1p5_raw,1033,50,10,39,3.006776379477251,3.0667957405614716,0.06001936108422079,319,313,194,228,113,4,91,3,3,45,0.0484027105517909,0.00968054211035818,0.0377541142303969,-102,598,3,0,3,232,35,5,29,90,8,1,7,82,4,4,0,31,0,0,0
0.95,0.02,0.88,9,1.5,False,0.05,0.75,base0p95_slope0p02_min0p88_minbase9_maxx1p5_noraw,1033,50,10,39,3.006776379477251,3.0667957405614716,0.06001936108422079,319,313,194,228,113,4,91,3,3,45,0.0484027105517909,0.00968054211035818,0.0377541142303969,-102,598,3,0,3,232,35,5,29,90,8,1,7,82,4,4,0,31,0,0,0
0.95,0.02,0.88,9,1.5,True,0.05,0.75,base0p95_slope0p02_min0p88_minbase9_maxx1p5_raw,1033,50,10,39,3.006776379477251,3.0667957405614716,0.06001936108422079,319,313,194,228,113,4,91,3,3,45,0.0484027105517909,0.00968054211035818,0.0377541142303969,-102,598,3,0,3,232,35,5,29,90,8,1,7,82,4,4,0,31,0,0,0
0.95,0.02,0.9,9,1.5,False,0.05,0.75,base0p95_slope0p02_min0p9_minbase9_maxx1p5_noraw,1033,50,10,39,3.006776379477251,3.0667957405614716,0.06001936108422079,319,313,194,228,113,4,91,3,3,45,0.0484027105517909,0.00968054211035818,0.0377541142303969,-102,598,3,0,3,232,35,5,29,90,8,1,7,82,4,4,0,31,0,0,0
0.95,0.02,0.9,9,1.5,True,0.05,0.75,base0p95_slope0p02_min0p9_minbase9_maxx1p5_raw,1033,50,10,39,3.006776379477251,3.0667957405614716,0.06001936108422079,319,313,194,228,113,4,91,3,3,45,0.0484027105517909,0.00968054211035818,0.0377541142303969,-102,598,3,0,3,232,35,5,29,90,8,1,7,82,4,4,0,31,0,0,0
0.95,0.02,0.93,9,1.5,False,0.05,0.75,base0p95_slope0p02_min0p93_minbase9_maxx1p5_noraw,1033,50,10,39,3.006776379477251,3.0667957405614716,0.06001936108422079,319,313,194,228,113,4,91,3,3,45,0.0484027105517909,0.00968054211035818,0.0377541142303969,-102,598,3,0,3,232,35,5,29,90,8,1,7,82,4,4,0,31,0,0,0
0.95,0.02,0.93,9,1.5,True,0.05,0.75,base0p95_slope0p02_min0p93_minbase9_maxx1p5_raw,1033,50,10,39,3.006776379477251,3.0667957405614716,0.06001936108422079,319,313,194,228,113,4,91,3,3,45,0.0484027105517909,0.00968054211035818,0.0377541142303969,-102,598,3,0,3,232,35,5,29,90,8,1,7,82,4,4,0,31,0,0,0
0.97,0.08,0.93,9,3.0,False,0.05,0.75,base0p97_slope0p08_min0p93_minbase9_maxx3_noraw,1033,50,10,39,3.006776379477251,3.128751210067764,0.12197483059051306,319,311,194,227,113,4,91,4,5,44,0.0484027105517909,0.00968054211035818,0.0377541142303969,-103,598,5,0,5,232,35,5,29,90,6,1,5,82,4,4,0,31,0,0,0
0.97,0.08,0.93,9,3.0,True,0.05,0.75,base0p97_slope0p08_min0p93_minbase9_maxx3_raw,1033,50,10,39,3.006776379477251,3.128751210067764,0.12197483059051306,319,311,194,227,113,4,91,4,5,44,0.0484027105517909,0.00968054211035818,0.0377541142303969,-103,598,5,0,5,232,35,5,29,90,6,1,5,82,4,4,0,31,0,0,0
0.97,0.06,0.85,9,3.0,False,0.05,0.75,base0p97_slope0p06_min0p85_minbase9_maxx3_noraw,1033,49,9,39,3.006776379477251,3.149080348499516,0.14230396902226516,319,311,194,226,113,4,91,4,6,43,0.04743465634075508,0.008712487899322363,0.0377541142303969,-106,598,6,0,6,232,34,5,28,90,5,0,5,82,4,4,0,31,0,0,0
0.97,0.06,0.88,9,3.0,False,0.05,0.75,base0p97_slope0p06_min0p88_minbase9_maxx3_noraw,1033,49,9,39,3.006776379477251,3.149080348499516,0.14230396902226516,319,311,194,226,113,4,91,4,6,43,0.04743465634075508,0.008712487899322363,0.0377541142303969,-106,598,6,0,6,232,34,5,28,90,5,0,5,82,4,4,0,31,0,0,0
0.97,0.06,0.9,9,3.0,False,0.05,0.75,base0p97_slope0p06_min0p9_minbase9_maxx3_noraw,1033,49,9,39,3.006776379477251,3.149080348499516,0.14230396902226516,319,311,194,226,113,4,91,4,6,43,0.04743465634075508,0.008712487899322363,0.0377541142303969,-106,598,6,0,6,232,34,5,28,90,5,0,5,82,4,4,0,31,0,0,0
0.95,0.06,0.93,9,1.5,False,0.05,0.75,base0p95_slope0p06_min0p93_minbase9_maxx1p5_noraw,1033,55,12,42,3.006776379477251,3.0706679574056146,0.06389157792836375,319,313,194,231,113,6,91,3,3,50,0.05324298160696999,0.011616650532429816,0.04065827686350436,-107,598,3,0,3,232,38,5,32,90,8,1,7,82,6,6,0,31,0,0,0
0.95,0.06,0.93,9,1.5,True,0.05,0.75,base0p95_slope0p06_min0p93_minbase9_maxx1p5_raw,1033,55,12,42,3.006776379477251,3.0706679574056146,0.06389157792836375,319,313,194,231,113,6,91,3,3,50,0.05324298160696999,0.011616650532429816,0.04065827686350436,-107,598,3,0,3,232,38,5,32,90,8,1,7,82,6,6,0,31,0,0,0
0.95,0.08,0.93,9,1.5,False,0.05,0.75,base0p95_slope0p08_min0p93_minbase9_maxx1p5_noraw,1033,55,12,42,3.006776379477251,3.0706679574056146,0.06389157792836375,319,313,194,231,113,6,91,3,3,50,0.05324298160696999,0.011616650532429816,0.04065827686350436,-107,598,3,0,3,232,38,5,32,90,8,1,7,82,6,6,0,31,0,0,0
0.95,0.08,0.93,9,1.5,True,0.05,0.75,base0p95_slope0p08_min0p93_minbase9_maxx1p5_raw,1033,55,12,42,3.006776379477251,3.0706679574056146,0.06389157792836375,319,313,194,231,113,6,91,3,3,50,0.05324298160696999,0.011616650532429816,0.04065827686350436,-107,598,3,0,3,232,38,5,32,90,8,1,7,82,6,6,0,31,0,0,0
0.95,0.06,0.85,10,3.0,False,0.05,0.75,base0p95_slope0p06_min0p85_minbase10_maxx3_noraw,1033,48,8,39,3.006776379477251,3.1142303969022267,0.10745401742497585,319,316,194,226,113,6,91,3,6,43,0.046466602129719266,0.007744433688286544,0.0377541142303969,-107,598,6,0,6,232,28,1,26,90,8,1,7,82,5,5,0,31,1,1,0
0.95,0.06,0.85,10,3.0,True,0.05,0.75,base0p95_slope0p06_min0p85_minbase10_maxx3_raw,1033,48,8,39,3.006776379477251,3.1142303969022267,0.10745401742497585,319,316,194,226,113,6,91,3,6,43,0.046466602129719266,0.007744433688286544,0.0377541142303969,-107,598,6,0,6,232,28,1,26,90,8,1,7,82,5,5,0,31,1,1,0
0.95,0.06,0.88,10,3.0,False,0.05,0.75,base0p95_slope0p06_min0p88_minbase10_maxx3_noraw,1033,48,8,39,3.006776379477251,3.1142303969022267,0.10745401742497585,319,316,194,226,113,6,91,3,6,43,0.046466602129719266,0.007744433688286544,0.0377541142303969,-107,598,6,0,6,232,28,1,26,90,8,1,7,82,5,5,0,31,1,1,0
0.95,0.06,0.88,10,3.0,True,0.05,0.75,base0p95_slope0p06_min0p88_minbase10_maxx3_raw,1033,48,8,39,3.006776379477251,3.1142303969022267,0.10745401742497585,319,316,194,226,113,6,91,3,6,43,0.046466602129719266,0.007744433688286544,0.0377541142303969,-107,598,6,0,6,232,28,1,26,90,8,1,7,82,5,5,0,31,1,1,0
0.95,0.06,0.9,10,3.0,False,0.05,0.75,base0p95_slope0p06_min0p9_minbase10_maxx3_noraw,1033,48,8,39,3.006776379477251,3.1142303969022267,0.10745401742497585,319,316,194,226,113,6,91,3,6,43,0.046466602129719266,0.007744433688286544,0.0377541142303969,-107,598,6,0,6,232,28,1,26,90,8,1,7,82,5,5,0,31,1,1,0
0.95,0.06,0.9,10,3.0,True,0.05,0.75,base0p95_slope0p06_min0p9_minbase10_maxx3_raw,1033,48,8,39,3.006776379477251,3.1142303969022267,0.10745401742497585,319,316,194,226,113,6,91,3,6,43,0.046466602129719266,0.007744433688286544,0.0377541142303969,-107,598,6,0,6,232,28,1,26,90,8,1,7,82,5,5,0,31,1,1,0
0.95,0.08,0.9,10,3.0,False,0.05,0.75,base0p95_slope0p08_min0p9_minbase10_maxx3_noraw,1033,48,8,39,3.006776379477251,3.1142303969022267,0.10745401742497585,319,316,194,226,113,6,91,3,6,43,0.046466602129719266,0.007744433688286544,0.0377541142303969,-107,598,6,0,6,232,28,1,26,90,8,1,7,82,5,5,0,31,1,1,0
0.95,0.08,0.9,10,3.0,True,0.05,0.75,base0p95_slope0p08_min0p9_minbase10_maxx3_raw,1033,48,8,39,3.006776379477251,3.1142303969022267,0.10745401742497585,319,316,194,226,113,6,91,3,6,43,0.046466602129719266,0.007744433688286544,0.0377541142303969,-107,598,6,0,6,232,28,1,26,90,8,1,7,82,5,5,0,31,1,1,0
0.95,0.04,0.85,9,1.5,False,0.05,0.75,base0p95_slope0p04_min0p85_minbase9_maxx1p5_noraw,1033,52,10,41,3.006776379477251,3.073572120038722,0.0667957405614712,319,313,194,230,113,4,91,3,3,47,0.05033881897386254,0.00968054211035818,0.03969022265246854,-108,598,3,0,3,232,37,5,31,90,8,1,7,82,4,4,0,31,0,0,0
0.95,0.04,0.85,9,1.5,True,0.05,0.75,base0p95_slope0p04_min0p85_minbase9_maxx1p5_raw,1033,52,10,41,3.006776379477251,3.073572120038722,0.0667957405614712,319,313,194,230,113,4,91,3,3,47,0.05033881897386254,0.00968054211035818,0.03969022265246854,-108,598,3,0,3,232,37,5,31,90,8,1,7,82,4,4,0,31,0,0,0
0.95,0.04,0.88,9,1.5,False,0.05,0.75,base0p95_slope0p04_min0p88_minbase9_maxx1p5_noraw,1033,52,10,41,3.006776379477251,3.073572120038722,0.0667957405614712,319,313,194,230,113,4,91,3,3,47,0.05033881897386254,0.00968054211035818,0.03969022265246854,-108,598,3,0,3,232,37,5,31,90,8,1,7,82,4,4,0,31,0,0,0
0.95,0.04,0.88,9,1.5,True,0.05,0.75,base0p95_slope0p04_min0p88_minbase9_maxx1p5_raw,1033,52,10,41,3.006776379477251,3.073572120038722,0.0667957405614712,319,313,194,230,113,4,91,3,3,47,0.05033881897386254,0.00968054211035818,0.03969022265246854,-108,598,3,0,3,232,37,5,31,90,8,1,7,82,4,4,0,31,0,0,0
0.95,0.04,0.9,9,1.5,False,0.05,0.75,base0p95_slope0p04_min0p9_minbase9_maxx1p5_noraw,1033,52,10,41,3.006776379477251,3.073572120038722,0.0667957405614712,319,313,194,230,113,4,91,3,3,47,0.05033881897386254,0.00968054211035818,0.03969022265246854,-108,598,3,0,3,232,37,5,31,90,8,1,7,82,4,4,0,31,0,0,0
0.95,0.04,0.9,9,1.5,True,0.05,0.75,base0p95_slope0p04_min0p9_minbase9_maxx1p5_raw,1033,52,10,41,3.006776379477251,3.073572120038722,0.0667957405614712,319,313,194,230,113,4,91,3,3,47,0.05033881897386254,0.00968054211035818,0.03969022265246854,-108,598,3,0,3,232,37,5,31,90,8,1,7,82,4,4,0,31,0,0,0
0.95,0.04,0.93,9,1.5,False,0.05,0.75,base0p95_slope0p04_min0p93_minbase9_maxx1p5_noraw,1033,52,10,41,3.006776379477251,3.073572120038722,0.0667957405614712,319,313,194,230,113,4,91,3,3,47,0.05033881897386254,0.00968054211035818,0.03969022265246854,-108,598,3,0,3,232,37,5,31,90,8,1,7,82,4,4,0,31,0,0,0
0.95,0.04,0.93,9,1.5,True,0.05,0.75,base0p95_slope0p04_min0p93_minbase9_maxx1p5_raw,1033,52,10,41,3.006776379477251,3.073572120038722,0.0667957405614712,319,313,194,230,113,4,91,3,3,47,0.05033881897386254,0.00968054211035818,0.03969022265246854,-108,598,3,0,3,232,37,5,31,90,8,1,7,82,4,4,0,31,0,0,0
0.95,0.06,0.85,9,2.0,False,0.05,0.75,base0p95_slope0p06_min0p85_minbase9_maxx2_noraw,1033,62,15,46,3.006776379477251,3.0909970958373667,0.08422071636011585,319,312,194,234,113,9,91,5,5,55,0.060019361084220714,0.01452081316553727,0.044530493707647625,-109,598,5,0,5,232,40,5,34,90,8,1,7,82,8,8,0,31,1,1,0
0.95,0.06,0.85,9,2.0,True,0.05,0.75,base0p95_slope0p06_min0p85_minbase9_maxx2_raw,1033,62,15,46,3.006776379477251,3.0909970958373667,0.08422071636011585,319,312,194,234,113,9,91,5,5,55,0.060019361084220714,0.01452081316553727,0.044530493707647625,-109,598,5,0,5,232,40,5,34,90,8,1,7,82,8,8,0,31,1,1,0
0.95,0.06,0.88,9,2.0,False,0.05,0.75,base0p95_slope0p06_min0p88_minbase9_maxx2_noraw,1033,62,15,46,3.006776379477251,3.0909970958373667,0.08422071636011585,319,312,194,234,113,9,91,5,5,55,0.060019361084220714,0.01452081316553727,0.044530493707647625,-109,598,5,0,5,232,40,5,34,90,8,1,7,82,8,8,0,31,1,1,0
0.95,0.06,0.88,9,2.0,True,0.05,0.75,base0p95_slope0p06_min0p88_minbase9_maxx2_raw,1033,62,15,46,3.006776379477251,3.0909970958373667,0.08422071636011585,319,312,194,234,113,9,91,5,5,55,0.060019361084220714,0.01452081316553727,0.044530493707647625,-109,598,5,0,5,232,40,5,34,90,8,1,7,82,8,8,0,31,1,1,0
0.95,0.06,0.9,9,2.0,False,0.05,0.75,base0p95_slope0p06_min0p9_minbase9_maxx2_noraw,1033,62,15,46,3.006776379477251,3.0909970958373667,0.08422071636011585,319,312,194,234,113,9,91,5,5,55,0.060019361084220714,0.01452081316553727,0.044530493707647625,-109,598,5,0,5,232,40,5,34,90,8,1,7,82,8,8,0,31,1,1,0
0.95,0.06,0.9,9,2.0,True,0.05,0.75,base0p95_slope0p06_min0p9_minbase9_maxx2_raw,1033,62,15,46,3.006776379477251,3.0909970958373667,0.08422071636011585,319,312,194,234,113,9,91,5,5,55,0.060019361084220714,0.01452081316553727,0.044530493707647625,-109,598,5,0,5,232,40,5,34,90,8,1,7,82,8,8,0,31,1,1,0
0.95,0.02,0.85,9,2.0,False,0.05,0.75,base0p95_slope0p02_min0p85_minbase9_maxx2_noraw,1033,55,11,43,3.006776379477251,3.09486931268151,0.08809293320425926,319,312,194,232,113,5,91,4,4,49,0.05324298160696999,0.010648596321393998,0.041626331074540175,-110,598,4,0,4,232,38,5,32,90,8,1,7,82,5,5,0,31,0,0,0
0.95,0.02,0.85,9,2.0,True,0.05,0.75,base0p95_slope0p02_min0p85_minbase9_maxx2_raw,1033,55,11,43,3.006776379477251,3.09486931268151,0.08809293320425926,319,312,194,232,113,5,91,4,4,49,0.05324298160696999,0.010648596321393998,0.041626331074540175,-110,598,4,0,4,232,38,5,32,90,8,1,7,82,5,5,0,31,0,0,0
0.95,0.02,0.88,9,2.0,False,0.05,0.75,base0p95_slope0p02_min0p88_minbase9_maxx2_noraw,1033,55,11,43,3.006776379477251,3.09486931268151,0.08809293320425926,319,312,194,232,113,5,91,4,4,49,0.05324298160696999,0.010648596321393998,0.041626331074540175,-110,598,4,0,4,232,38,5,32,90,8,1,7,82,5,5,0,31,0,0,0
0.95,0.02,0.88,9,2.0,True,0.05,0.75,base0p95_slope0p02_min0p88_minbase9_maxx2_raw,1033,55,11,43,3.006776379477251,3.09486931268151,0.08809293320425926,319,312,194,232,113,5,91,4,4,49,0.05324298160696999,0.010648596321393998,0.041626331074540175,-110,598,4,0,4,232,38,5,32,90,8,1,7,82,5,5,0,31,0,0,0
0.95,0.02,0.9,9,2.0,False,0.05,0.75,base0p95_slope0p02_min0p9_minbase9_maxx2_noraw,1033,55,11,43,3.006776379477251,3.09486931268151,0.08809293320425926,319,312,194,232,113,5,91,4,4,49,0.05324298160696999,0.010648596321393998,0.041626331074540175,-110,598,4,0,4,232,38,5,32,90,8,1,7,82,5,5,0,31,0,0,0
0.95,0.02,0.9,9,2.0,True,0.05,0.75,base0p95_slope0p02_min0p9_minbase9_maxx2_raw,1033,55,11,43,3.006776379477251,3.09486931268151,0.08809293320425926,319,312,194,232,113,5,91,4,4,49,0.05324298160696999,0.010648596321393998,0.041626331074540175,-110,598,4,0,4,232,38,5,32,90,8,1,7,82,5,5,0,31,0,0,0
0.95,0.02,0.93,9,2.0,False,0.05,0.75,base0p95_slope0p02_min0p93_minbase9_maxx2_noraw,1033,55,11,43,3.006776379477251,3.09486931268151,0.08809293320425926,319,312,194,232,113,5,91,4,4,49,0.05324298160696999,0.010648596321393998,0.041626331074540175,-110,598,4,0,4,232,38,5,32,90,8,1,7,82,5,5,0,31,0,0,0
0.95,0.02,0.93,9,2.0,True,0.05,0.75,base0p95_slope0p02_min0p93_minbase9_maxx2_raw,1033,55,11,43,3.006776379477251,3.09486931268151,0.08809293320425926,319,312,194,232,113,5,91,4,4,49,0.05324298160696999,0.010648596321393998,0.041626331074540175,-110,598,4,0,4,232,38,5,32,90,8,1,7,82,5,5,0,31,0,0,0
0.97,0.08,0.85,9,3.0,False,0.05,0.75,base0p97_slope0p08_min0p85_minbase9_maxx3_noraw,1033,53,11,41,3.006776379477251,3.1461761858664086,0.13939980638915772,319,311,194,228,113,5,91,4,6,47,0.051306873184898356,0.010648596321393998,0.03969022265246854,-110,598,6,0,6,232,36,5,30,90,6,1,5,82,4,4,0,31,1,1,0
0.97,0.08,0.85,9,3.0,True,0.05,0.75,base0p97_slope0p08_min0p85_minbase9_maxx3_raw,1033,53,11,41,3.006776379477251,3.1461761858664086,0.13939980638915772,319,311,194,228,113,5,91,4,6,47,0.051306873184898356,0.010648596321393998,0.03969022265246854,-110,598,6,0,6,232,36,5,30,90,6,1,5,82,4,4,0,31,1,1,0
0.97,0.08,0.88,9,3.0,False,0.05,0.75,base0p97_slope0p08_min0p88_minbase9_maxx3_noraw,1033,53,11,41,3.006776379477251,3.1461761858664086,0.13939980638915772,319,311,194,228,113,5,91,4,6,47,0.051306873184898356,0.010648596321393998,0.03969022265246854,-110,598,6,0,6,232,36,5,30,90,6,1,5,82,4,4,0,31,1,1,0
0.97,0.08,0.88,9,3.0,True,0.05,0.75,base0p97_slope0p08_min0p88_minbase9_maxx3_raw,1033,53,11,41,3.006776379477251,3.1461761858664086,0.13939980638915772,319,311,194,228,113,5,91,4,6,47,0.051306873184898356,0.010648596321393998,0.03969022265246854,-110,598,6,0,6,232,36,5,30,90,6,1,5,82,4,4,0,31,1,1,0
0.97,0.08,0.9,9,3.0,False,0.05,0.75,base0p97_slope0p08_min0p9_minbase9_maxx3_noraw,1033,53,11,41,3.006776379477251,3.1461761858664086,0.13939980638915772,319,311,194,228,113,5,91,4,6,47,0.051306873184898356,0.010648596321393998,0.03969022265246854,-110,598,6,0,6,232,36,5,30,90,6,1,5,82,4,4,0,31,1,1,0
0.97,0.08,0.9,9,3.0,True,0.05,0.75,base0p97_slope0p08_min0p9_minbase9_maxx3_raw,1033,53,11,41,3.006776379477251,3.1461761858664086,0.13939980638915772,319,311,194,228,113,5,91,4,6,47,0.051306873184898356,0.010648596321393998,0.03969022265246854,-110,598,6,0,6,232,36,5,30,90,6,1,5,82,4,4,0,31,1,1,0
0.95,0.08,0.85,10,3.0,False,0.05,0.75,base0p95_slope0p08_min0p85_minbase10_maxx3_noraw,1033,49,8,40,3.006776379477251,3.127783155856728,0.1210067763794771,319,316,194,227,113,6,91,3,6,44,0.04743465634075508,0.007744433688286544,0.03872216844143272,-110,598,6,0,6,232,29,1,27,90,8,1,7,82,5,5,0,31,1,1,0
0.95,0.08,0.85,10,3.0,True,0.05,0.75,base0p95_slope0p08_min0p85_minbase10_maxx3_raw,1033,49,8,40,3.006776379477251,3.127783155856728,0.1210067763794771,319,316,194,227,113,6,91,3,6,44,0.04743465634075508,0.007744433688286544,0.03872216844143272,-110,598,6,0,6,232,29,1,27,90,8,1,7,82,5,5,0,31,1,1,0
0.95,0.08,0.88,10,3.0,False,0.05,0.75,base0p95_slope0p08_min0p88_minbase10_maxx3_noraw,1033,49,8,40,3.006776379477251,3.127783155856728,0.1210067763794771,319,316,194,227,113,6,91,3,6,44,0.04743465634075508,0.007744433688286544,0.03872216844143272,-110,598,6,0,6,232,29,1,27,90,8,1,7,82,5,5,0,31,1,1,0
0.95,0.08,0.88,10,3.0,True,0.05,0.75,base0p95_slope0p08_min0p88_minbase10_maxx3_raw,1033,49,8,40,3.006776379477251,3.127783155856728,0.1210067763794771,319,316,194,227,113,6,91,3,6,44,0.04743465634075508,0.007744433688286544,0.03872216844143272,-110,598,6,0,6,232,29,1,27,90,8,1,7,82,5,5,0,31,1,1,0
0.95,0.04,0.85,9,2.0,False,0.05,0.75,base0p95_slope0p04_min0p85_minbase9_maxx2_noraw,1033,57,12,44,3.006776379477251,3.0929332042594386,0.08615682478218778,319,312,194,233,113,6,91,4,4,51,0.05517909002904162,0.011616650532429816,0.04259438528557599,-111,598,4,0,4,232,39,5,33,90,8,1,7,82,5,5,0,31,1,1,0
0.95,0.04,0.85,9,2.0,True,0.05,0.75,base0p95_slope0p04_min0p85_minbase9_maxx2_raw,1033,57,12,44,3.006776379477251,3.0929332042594386,0.08615682478218778,319,312,194,233,113,6,91,4,4,51,0.05517909002904162,0.011616650532429816,0.04259438528557599,-111,598,4,0,4,232,39,5,33,90,8,1,7,82,5,5,0,31,1,1,0
0.95,0.04,0.88,9,2.0,False,0.05,0.75,base0p95_slope0p04_min0p88_minbase9_maxx2_noraw,1033,57,12,44,3.006776379477251,3.0929332042594386,0.08615682478218778,319,312,194,233,113,6,91,4,4,51,0.05517909002904162,0.011616650532429816,0.04259438528557599,-111,598,4,0,4,232,39,5,33,90,8,1,7,82,5,5,0,31,1,1,0
0.95,0.04,0.88,9,2.0,True,0.05,0.75,base0p95_slope0p04_min0p88_minbase9_maxx2_raw,1033,57,12,44,3.006776379477251,3.0929332042594386,0.08615682478218778,319,312,194,233,113,6,91,4,4,51,0.05517909002904162,0.011616650532429816,0.04259438528557599,-111,598,4,0,4,232,39,5,33,90,8,1,7,82,5,5,0,31,1,1,0
0.95,0.04,0.9,9,2.0,False,0.05,0.75,base0p95_slope0p04_min0p9_minbase9_maxx2_noraw,1033,57,12,44,3.006776379477251,3.0929332042594386,0.08615682478218778,319,312,194,233,113,6,91,4,4,51,0.05517909002904162,0.011616650532429816,0.04259438528557599,-111,598,4,0,4,232,39,5,33,90,8,1,7,82,5,5,0,31,1,1,0
0.95,0.04,0.9,9,2.0,True,0.05,0.75,base0p95_slope0p04_min0p9_minbase9_maxx2_raw,1033,57,12,44,3.006776379477251,3.0929332042594386,0.08615682478218778,319,312,194,233,113,6,91,4,4,51,0.05517909002904162,0.011616650532429816,0.04259438528557599,-111,598,4,0,4,232,39,5,33,90,8,1,7,82,5,5,0,31,1,1,0
0.95,0.08,0.85,9,2.0,False,0.05,0.75,base0p95_slope0p08_min0p85_minbase9_maxx2_noraw,1033,63,15,47,3.006776379477251,3.095837366892546,0.08906098741529522,319,312,194,235,113,9,91,5,5,56,0.06098741529525654,0.01452081316553727,0.04549854791868345,-112,598,5,0,5,232,41,5,35,90,8,1,7,82,8,8,0,31,1,1,0
0.95,0.08,0.85,9,2.0,True,0.05,0.75,base0p95_slope0p08_min0p85_minbase9_maxx2_raw,1033,63,15,47,3.006776379477251,3.095837366892546,0.08906098741529522,319,312,194,235,113,9,91,5,5,56,0.06098741529525654,0.01452081316553727,0.04549854791868345,-112,598,5,0,5,232,41,5,35,90,8,1,7,82,8,8,0,31,1,1,0
0.95,0.08,0.88,9,2.0,False,0.05,0.75,base0p95_slope0p08_min0p88_minbase9_maxx2_noraw,1033,63,15,47,3.006776379477251,3.095837366892546,0.08906098741529522,319,312,194,235,113,9,91,5,5,56,0.06098741529525654,0.01452081316553727,0.04549854791868345,-112,598,5,0,5,232,41,5,35,90,8,1,7,82,8,8,0,31,1,1,0
0.95,0.08,0.88,9,2.0,True,0.05,0.75,base0p95_slope0p08_min0p88_minbase9_maxx2_raw,1033,63,15,47,3.006776379477251,3.095837366892546,0.08906098741529522,319,312,194,235,113,9,91,5,5,56,0.06098741529525654,0.01452081316553727,0.04549854791868345,-112,598,5,0,5,232,41,5,35,90,8,1,7,82,8,8,0,31,1,1,0
0.95,0.08,0.9,9,2.0,False,0.05,0.75,base0p95_slope0p08_min0p9_minbase9_maxx2_noraw,1033,63,15,47,3.006776379477251,3.095837366892546,0.08906098741529522,319,312,194,235,113,9,91,5,5,56,0.06098741529525654,0.01452081316553727,0.04549854791868345,-112,598,5,0,5,232,41,5,35,90,8,1,7,82,8,8,0,31,1,1,0
0.95,0.08,0.9,9,2.0,True,0.05,0.75,base0p95_slope0p08_min0p9_minbase9_maxx2_raw,1033,63,15,47,3.006776379477251,3.095837366892546,0.08906098741529522,319,312,194,235,113,9,91,5,5,56,0.06098741529525654,0.01452081316553727,0.04549854791868345,-112,598,5,0,5,232,41,5,35,90,8,1,7,82,8,8,0,31,1,1,0
0.95,0.06,0.93,9,2.0,False,0.05,0.75,base0p95_slope0p06_min0p93_minbase9_maxx2_noraw,1033,59,13,45,3.006776379477251,3.099709583736689,0.09293320425943818,319,312,194,234,113,7,91,4,4,53,0.057115198451113264,0.012584704743465635,0.04356243949661181,-112,598,4,0,4,232,40,5,34,90,8,1,7,82,7,7,0,31,0,0,0
0.95,0.06,0.93,9,2.0,True,0.05,0.75,base0p95_slope0p06_min0p93_minbase9_maxx2_raw,1033,59,13,45,3.006776379477251,3.099709583736689,0.09293320425943818,319,312,194,234,113,7,91,4,4,53,0.057115198451113264,0.012584704743465635,0.04356243949661181,-112,598,4,0,4,232,40,5,34,90,8,1,7,82,7,7,0,31,0,0,0
0.95,0.08,0.93,9,2.0,False,0.05,0.75,base0p95_slope0p08_min0p93_minbase9_maxx2_noraw,1033,59,13,45,3.006776379477251,3.099709583736689,0.09293320425943818,319,312,194,234,113,7,91,4,4,53,0.057115198451113264,0.012584704743465635,0.04356243949661181,-112,598,4,0,4,232,40,5,34,90,8,1,7,82,7,7,0,31,0,0,0
0.95,0.08,0.93,9,2.0,True,0.05,0.75,base0p95_slope0p08_min0p93_minbase9_maxx2_raw,1033,59,13,45,3.006776379477251,3.099709583736689,0.09293320425943818,319,312,194,234,113,7,91,4,4,53,0.057115198451113264,0.012584704743465635,0.04356243949661181,-112,598,4,0,4,232,40,5,34,90,8,1,7,82,7,7,0,31,0,0,0
0.95,0.04,0.93,9,2.0,False,0.05,0.75,base0p95_slope0p04_min0p93_minbase9_maxx2_noraw,1033,56,11,44,3.006776379477251,3.102613746369797,0.09583736689254607,319,312,194,233,113,5,91,4,4,50,0.05421103581800581,0.010648596321393998,0.04259438528557599,-113,598,4,0,4,232,39,5,33,90,8,1,7,82,5,5,0,31,0,0,0
0.95,0.04,0.93,9,2.0,True,0.05,0.75,base0p95_slope0p04_min0p93_minbase9_maxx2_raw,1033,56,11,44,3.006776379477251,3.102613746369797,0.09583736689254607,319,312,194,233,113,5,91,4,4,50,0.05421103581800581,0.010648596321393998,0.04259438528557599,-113,598,4,0,4,232,39,5,33,90,8,1,7,82,5,5,0,31,0,0,0
0.95,0.06,0.85,9,1.5,False,0.05,0.75,base0p95_slope0p06_min0p85_minbase9_maxx1p5_noraw,1033,56,12,43,3.006776379477251,3.074540174249758,0.06776379477250716,319,313,194,231,113,6,91,3,4,51,0.05421103581800581,0.011616650532429816,0.041626331074540175,-113,598,4,0,4,232,38,5,32,90,8,1,7,82,6,6,0,31,0,0,0
0.95,0.06,0.85,9,1.5,True,0.05,0.75,base0p95_slope0p06_min0p85_minbase9_maxx1p5_raw,1033,56,12,43,3.006776379477251,3.074540174249758,0.06776379477250716,319,313,194,231,113,6,91,3,4,51,0.05421103581800581,0.011616650532429816,0.041626331074540175,-113,598,4,0,4,232,38,5,32,90,8,1,7,82,6,6,0,31,0,0,0
0.95,0.06,0.88,9,1.5,False,0.05,0.75,base0p95_slope0p06_min0p88_minbase9_maxx1p5_noraw,1033,56,12,43,3.006776379477251,3.074540174249758,0.06776379477250716,319,313,194,231,113,6,91,3,4,51,0.05421103581800581,0.011616650532429816,0.041626331074540175,-113,598,4,0,4,232,38,5,32,90,8,1,7,82,6,6,0,31,0,0,0
0.95,0.06,0.88,9,1.5,True,0.05,0.75,base0p95_slope0p06_min0p88_minbase9_maxx1p5_raw,1033,56,12,43,3.006776379477251,3.074540174249758,0.06776379477250716,319,313,194,231,113,6,91,3,4,51,0.05421103581800581,0.011616650532429816,0.041626331074540175,-113,598,4,0,4,232,38,5,32,90,8,1,7,82,6,6,0,31,0,0,0
0.95,0.06,0.9,9,1.5,False,0.05,0.75,base0p95_slope0p06_min0p9_minbase9_maxx1p5_noraw,1033,56,12,43,3.006776379477251,3.074540174249758,0.06776379477250716,319,313,194,231,113,6,91,3,4,51,0.05421103581800581,0.011616650532429816,0.041626331074540175,-113,598,4,0,4,232,38,5,32,90,8,1,7,82,6,6,0,31,0,0,0
0.95,0.06,0.9,9,1.5,True,0.05,0.75,base0p95_slope0p06_min0p9_minbase9_maxx1p5_raw,1033,56,12,43,3.006776379477251,3.074540174249758,0.06776379477250716,319,313,194,231,113,6,91,3,4,51,0.05421103581800581,0.011616650532429816,0.041626331074540175,-113,598,4,0,4,232,38,5,32,90,8,1,7,82,6,6,0,31,0,0,0
0.95,0.02,0.85,9,3.0,False,0.05,0.75,base0p95_slope0p02_min0p85_minbase9_maxx3_noraw,1033,59,12,46,3.006776379477251,3.1306873184898354,0.12391093901258454,319,311,194,233,113,6,91,5,5,52,0.057115198451113264,0.011616650532429816,0.044530493707647625,-115,598,5,0,5,232,40,5,34,90,8,1,7,82,6,6,0,31,0,0,0
0.95,0.02,0.85,9,3.0,True,0.05,0.75,base0p95_slope0p02_min0p85_minbase9_maxx3_raw,1033,59,12,46,3.006776379477251,3.1306873184898354,0.12391093901258454,319,311,194,233,113,6,91,5,5,52,0.057115198451113264,0.011616650532429816,0.044530493707647625,-115,598,5,0,5,232,40,5,34,90,8,1,7,82,6,6,0,31,0,0,0
0.95,0.02,0.88,9,3.0,False,0.05,0.75,base0p95_slope0p02_min0p88_minbase9_maxx3_noraw,1033,59,12,46,3.006776379477251,3.1306873184898354,0.12391093901258454,319,311,194,233,113,6,91,5,5,52,0.057115198451113264,0.011616650532429816,0.044530493707647625,-115,598,5,0,5,232,40,5,34,90,8,1,7,82,6,6,0,31,0,0,0
0.95,0.02,0.88,9,3.0,True,0.05,0.75,base0p95_slope0p02_min0p88_minbase9_maxx3_raw,1033,59,12,46,3.006776379477251,3.1306873184898354,0.12391093901258454,319,311,194,233,113,6,91,5,5,52,0.057115198451113264,0.011616650532429816,0.044530493707647625,-115,598,5,0,5,232,40,5,34,90,8,1,7,82,6,6,0,31,0,0,0
0.95,0.02,0.9,9,3.0,False,0.05,0.75,base0p95_slope0p02_min0p9_minbase9_maxx3_noraw,1033,59,12,46,3.006776379477251,3.1306873184898354,0.12391093901258454,319,311,194,233,113,6,91,5,5,52,0.057115198451113264,0.011616650532429816,0.044530493707647625,-115,598,5,0,5,232,40,5,34,90,8,1,7,82,6,6,0,31,0,0,0
0.95,0.02,0.9,9,3.0,True,0.05,0.75,base0p95_slope0p02_min0p9_minbase9_maxx3_raw,1033,59,12,46,3.006776379477251,3.1306873184898354,0.12391093901258454,319,311,194,233,113,6,91,5,5,52,0.057115198451113264,0.011616650532429816,0.044530493707647625,-115,598,5,0,5,232,40,5,34,90,8,1,7,82,6,6,0,31,0,0,0
0.95,0.02,0.93,9,3.0,False,0.05,0.75,base0p95_slope0p02_min0p93_minbase9_maxx3_noraw,1033,59,12,46,3.006776379477251,3.1306873184898354,0.12391093901258454,319,311,194,233,113,6,91,5,5,52,0.057115198451113264,0.011616650532429816,0.044530493707647625,-115,598,5,0,5,232,40,5,34,90,8,1,7,82,6,6,0,31,0,0,0
0.95,0.02,0.93,9,3.0,True,0.05,0.75,base0p95_slope0p02_min0p93_minbase9_maxx3_raw,1033,59,12,46,3.006776379477251,3.1306873184898354,0.12391093901258454,319,311,194,233,113,6,91,5,5,52,0.057115198451113264,0.011616650532429816,0.044530493707647625,-115,598,5,0,5,232,40,5,34,90,8,1,7,82,6,6,0,31,0,0,0
0.95,0.08,0.85,9,1.5,False,0.05,0.75,base0p95_slope0p08_min0p85_minbase9_maxx1p5_noraw,1033,57,12,44,3.006776379477251,3.079380445304937,0.07260406582768608,319,313,194,232,113,6,91,3,4,52,0.05517909002904162,0.011616650532429816,0.04259438528557599,-116,598,4,0,4,232,39,5,33,90,8,1,7,82,6,6,0,31,0,0,0
0.95,0.08,0.85,9,1.5,True,0.05,0.75,base0p95_slope0p08_min0p85_minbase9_maxx1p5_raw,1033,57,12,44,3.006776379477251,3.079380445304937,0.07260406582768608,319,313,194,232,113,6,91,3,4,52,0.05517909002904162,0.011616650532429816,0.04259438528557599,-116,598,4,0,4,232,39,5,33,90,8,1,7,82,6,6,0,31,0,0,0
0.95,0.08,0.88,9,1.5,False,0.05,0.75,base0p95_slope0p08_min0p88_minbase9_maxx1p5_noraw,1033,57,12,44,3.006776379477251,3.079380445304937,0.07260406582768608,319,313,194,232,113,6,91,3,4,52,0.05517909002904162,0.011616650532429816,0.04259438528557599,-116,598,4,0,4,232,39,5,33,90,8,1,7,82,6,6,0,31,0,0,0
0.95,0.08,0.88,9,1.5,True,0.05,0.75,base0p95_slope0p08_min0p88_minbase9_maxx1p5_raw,1033,57,12,44,3.006776379477251,3.079380445304937,0.07260406582768608,319,313,194,232,113,6,91,3,4,52,0.05517909002904162,0.011616650532429816,0.04259438528557599,-116,598,4,0,4,232,39,5,33,90,8,1,7,82,6,6,0,31,0,0,0
0.95,0.08,0.9,9,1.5,False,0.05,0.75,base0p95_slope0p08_min0p9_minbase9_maxx1p5_noraw,1033,57,12,44,3.006776379477251,3.079380445304937,0.07260406582768608,319,313,194,232,113,6,91,3,4,52,0.05517909002904162,0.011616650532429816,0.04259438528557599,-116,598,4,0,4,232,39,5,33,90,8,1,7,82,6,6,0,31,0,0,0
0.95,0.08,0.9,9,1.5,True,0.05,0.75,base0p95_slope0p08_min0p9_minbase9_maxx1p5_raw,1033,57,12,44,3.006776379477251,3.079380445304937,0.07260406582768608,319,313,194,232,113,6,91,3,4,52,0.05517909002904162,0.011616650532429816,0.04259438528557599,-116,598,4,0,4,232,39,5,33,90,8,1,7,82,6,6,0,31,0,0,0
0.985,0.04,0.85,8,2.0,False,0.05,0.75,base0p985_slope0p04_min0p85_minbase8_maxx2_noraw,1033,37,7,29,3.006776379477251,3.101645692158761,0.09486931268151011,319,312,194,221,113,2,91,1,13,34,0.03581800580832527,0.006776379477250726,0.028073572120038724,-116,598,13,0,13,232,19,5,13,90,3,0,3,82,1,1,0,31,1,1,0
0.985,0.04,0.85,8,2.0,True,0.05,0.75,base0p985_slope0p04_min0p85_minbase8_maxx2_raw,1033,37,7,29,3.006776379477251,3.0977734753146176,0.0909970958373667,319,312,194,221,113,2,91,1,13,34,0.03581800580832527,0.006776379477250726,0.028073572120038724,-116,598,13,0,13,232,19,5,13,90,3,0,3,82,1,1,0,31,1,1,0
0.985,0.04,0.88,8,2.0,False,0.05,0.75,base0p985_slope0p04_min0p88_minbase8_maxx2_noraw,1033,37,7,29,3.006776379477251,3.101645692158761,0.09486931268151011,319,312,194,221,113,2,91,1,13,34,0.03581800580832527,0.006776379477250726,0.028073572120038724,-116,598,13,0,13,232,19,5,13,90,3,0,3,82,1,1,0,31,1,1,0
0.985,0.04,0.88,8,2.0,True,0.05,0.75,base0p985_slope0p04_min0p88_minbase8_maxx2_raw,1033,37,7,29,3.006776379477251,3.0977734753146176,0.0909970958373667,319,312,194,221,113,2,91,1,13,34,0.03581800580832527,0.006776379477250726,0.028073572120038724,-116,598,13,0,13,232,19,5,13,90,3,0,3,82,1,1,0,31,1,1,0
0.985,0.04,0.9,8,2.0,False,0.05,0.75,base0p985_slope0p04_min0p9_minbase8_maxx2_noraw,1033,37,7,29,3.006776379477251,3.101645692158761,0.09486931268151011,319,312,194,221,113,2,91,1,13,34,0.03581800580832527,0.006776379477250726,0.028073572120038724,-116,598,13,0,13,232,19,5,13,90,3,0,3,82,1,1,0,31,1,1,0
0.985,0.04,0.9,8,2.0,True,0.05,0.75,base0p985_slope0p04_min0p9_minbase8_maxx2_raw,1033,37,7,29,3.006776379477251,3.0977734753146176,0.0909970958373667,319,312,194,221,113,2,91,1,13,34,0.03581800580832527,0.006776379477250726,0.028073572120038724,-116,598,13,0,13,232,19,5,13,90,3,0,3,82,1,1,0,31,1,1,0
0.985,0.04,0.93,8,2.0,False,0.05,0.75,base0p985_slope0p04_min0p93_minbase8_maxx2_noraw,1033,37,7,29,3.006776379477251,3.101645692158761,0.09486931268151011,319,312,194,221,113,2,91,1,13,34,0.03581800580832527,0.006776379477250726,0.028073572120038724,-116,598,13,0,13,232,19,5,13,90,3,0,3,82,1,1,0,31,1,1,0
0.985,0.04,0.93,8,2.0,True,0.05,0.75,base0p985_slope0p04_min0p93_minbase8_maxx2_raw,1033,37,7,29,3.006776379477251,3.0977734753146176,0.0909970958373667,319,312,194,221,113,2,91,1,13,34,0.03581800580832527,0.006776379477250726,0.028073572120038724,-116,598,13,0,13,232,19,5,13,90,3,0,3,82,1,1,0,31,1,1,0
0.95,0.06,0.93,9,3.0,False,0.05,0.75,base0p95_slope0p06_min0p93_minbase9_maxx3_noraw,1033,63,14,48,3.006776379477251,3.1355275895450143,0.12875121006776347,319,311,194,235,113,8,91,5,5,56,0.06098741529525654,0.013552758954501452,0.046466602129719266,-117,598,5,0,5,232,42,5,36,90,8,1,7,82,8,8,0,31,0,0,0
0.95,0.06,0.93,9,3.0,True,0.05,0.75,base0p95_slope0p06_min0p93_minbase9_maxx3_raw,1033,63,14,48,3.006776379477251,3.1355275895450143,0.12875121006776347,319,311,194,235,113,8,91,5,5,56,0.06098741529525654,0.013552758954501452,0.046466602129719266,-117,598,5,0,5,232,42,5,36,90,8,1,7,82,8,8,0,31,0,0,0
0.95,0.08,0.93,9,3.0,False,0.05,0.75,base0p95_slope0p08_min0p93_minbase9_maxx3_noraw,1033,63,14,48,3.006776379477251,3.1355275895450143,0.12875121006776347,319,311,194,235,113,8,91,5,5,56,0.06098741529525654,0.013552758954501452,0.046466602129719266,-117,598,5,0,5,232,42,5,36,90,8,1,7,82,8,8,0,31,0,0,0
0.95,0.08,0.93,9,3.0,True,0.05,0.75,base0p95_slope0p08_min0p93_minbase9_maxx3_raw,1033,63,14,48,3.006776379477251,3.1355275895450143,0.12875121006776347,319,311,194,235,113,8,91,5,5,56,0.06098741529525654,0.013552758954501452,0.046466602129719266,-117,598,5,0,5,232,42,5,36,90,8,1,7,82,8,8,0,31,0,0,0
0.95,0.04,0.93,9,3.0,False,0.05,0.75,base0p95_slope0p04_min0p93_minbase9_maxx3_noraw,1033,60,12,47,3.006776379477251,3.1384317521781218,0.1316553727008709,319,311,194,234,113,6,91,5,5,53,0.05808325266214908,0.011616650532429816,0.04549854791868345,-118,598,5,0,5,232,41,5,35,90,8,1,7,82,6,6,0,31,0,0,0
0.95,0.04,0.93,9,3.0,True,0.05,0.75,base0p95_slope0p04_min0p93_minbase9_maxx3_raw,1033,60,12,47,3.006776379477251,3.1384317521781218,0.1316553727008709,319,311,194,234,113,6,91,5,5,53,0.05808325266214908,0.011616650532429816,0.04549854791868345,-118,598,5,0,5,232,41,5,35,90,8,1,7,82,6,6,0,31,0,0,0
0.95,0.04,0.85,9,3.0,True,0.05,0.75,base0p95_slope0p04_min0p85_minbase9_maxx3_raw,1033,62,13,48,3.006776379477251,3.143272023233301,0.13649564375605028,319,311,194,235,113,7,91,5,5,55,0.060019361084220714,0.012584704743465635,0.046466602129719266,-119,598,5,0,5,232,42,5,36,90,8,1,7,82,6,6,0,31,1,1,0
0.95,0.04,0.88,9,3.0,True,0.05,0.75,base0p95_slope0p04_min0p88_minbase9_maxx3_raw,1033,62,13,48,3.006776379477251,3.143272023233301,0.13649564375605028,319,311,194,235,113,7,91,5,5,55,0.060019361084220714,0.012584704743465635,0.046466602129719266,-119,598,5,0,5,232,42,5,36,90,8,1,7,82,6,6,0,31,1,1,0
0.95,0.04,0.9,9,3.0,True,0.05,0.75,base0p95_slope0p04_min0p9_minbase9_maxx3_raw,1033,62,13,48,3.006776379477251,3.143272023233301,0.13649564375605028,319,311,194,235,113,7,91,5,5,55,0.060019361084220714,0.012584704743465635,0.046466602129719266,-119,598,5,0,5,232,42,5,36,90,8,1,7,82,6,6,0,31,1,1,0
0.985,0.04,0.85,8,3.0,False,0.05,0.75,base0p985_slope0p04_min0p85_minbase8_maxx3_noraw,1033,41,8,32,3.006776379477251,3.133591481122943,0.12681510164569199,319,311,194,222,113,3,91,2,15,37,0.03969022265246854,0.007744433688286544,0.030977734753146177,-124,598,15,0,15,232,20,5,14,90,3,0,3,82,2,2,0,31,1,1,0
0.985,0.04,0.85,8,3.0,True,0.05,0.75,base0p985_slope0p04_min0p85_minbase8_maxx3_raw,1033,41,8,32,3.006776379477251,3.1297192642787994,0.12294288480154858,319,311,194,222,113,3,91,2,15,37,0.03969022265246854,0.007744433688286544,0.030977734753146177,-124,598,15,0,15,232,20,5,14,90,3,0,3,82,2,2,0,31,1,1,0
0.985,0.04,0.88,8,3.0,False,0.05,0.75,base0p985_slope0p04_min0p88_minbase8_maxx3_noraw,1033,41,8,32,3.006776379477251,3.133591481122943,0.12681510164569199,319,311,194,222,113,3,91,2,15,37,0.03969022265246854,0.007744433688286544,0.030977734753146177,-124,598,15,0,15,232,20,5,14,90,3,0,3,82,2,2,0,31,1,1,0
0.985,0.04,0.88,8,3.0,True,0.05,0.75,base0p985_slope0p04_min0p88_minbase8_maxx3_raw,1033,41,8,32,3.006776379477251,3.1297192642787994,0.12294288480154858,319,311,194,222,113,3,91,2,15,37,0.03969022265246854,0.007744433688286544,0.030977734753146177,-124,598,15,0,15,232,20,5,14,90,3,0,3,82,2,2,0,31,1,1,0
0.985,0.04,0.9,8,3.0,False,0.05,0.75,base0p985_slope0p04_min0p9_minbase8_maxx3_noraw,1033,41,8,32,3.006776379477251,3.133591481122943,0.12681510164569199,319,311,194,222,113,3,91,2,15,37,0.03969022265246854,0.007744433688286544,0.030977734753146177,-124,598,15,0,15,232,20,5,14,90,3,0,3,82,2,2,0,31,1,1,0
0.985,0.04,0.9,8,3.0,True,0.05,0.75,base0p985_slope0p04_min0p9_minbase8_maxx3_raw,1033,41,8,32,3.006776379477251,3.1297192642787994,0.12294288480154858,319,311,194,222,113,3,91,2,15,37,0.03969022265246854,0.007744433688286544,0.030977734753146177,-124,598,15,0,15,232,20,5,14,90,3,0,3,82,2,2,0,31,1,1,0
0.985,0.04,0.93,8,3.0,False,0.05,0.75,base0p985_slope0p04_min0p93_minbase8_maxx3_noraw,1033,41,8,32,3.006776379477251,3.133591481122943,0.12681510164569199,319,311,194,222,113,3,91,2,15,37,0.03969022265246854,0.007744433688286544,0.030977734753146177,-124,598,15,0,15,232,20,5,14,90,3,0,3,82,2,2,0,31,1,1,0
0.985,0.04,0.93,8,3.0,True,0.05,0.75,base0p985_slope0p04_min0p93_minbase8_maxx3_raw,1033,41,8,32,3.006776379477251,3.1297192642787994,0.12294288480154858,319,311,194,222,113,3,91,2,15,37,0.03969022265246854,0.007744433688286544,0.030977734753146177,-124,598,15,0,15,232,20,5,14,90,3,0,3,82,2,2,0,31,1,1,0
0.95,0.04,0.85,9,3.0,False,0.05,0.75,base0p95_slope0p04_min0p85_minbase9_maxx3_noraw,1033,63,13,49,3.006776379477251,3.155856727976767,0.149080348499516,319,311,194,235,113,7,91,5,6,56,0.06098741529525654,0.012584704743465635,0.04743465634075508,-125,598,6,0,6,232,42,5,36,90,8,1,7,82,6,6,0,31,1,1,0
0.95,0.04,0.88,9,3.0,False,0.05,0.75,base0p95_slope0p04_min0p88_minbase9_maxx3_noraw,1033,63,13,49,3.006776379477251,3.155856727976767,0.149080348499516,319,311,194,235,113,7,91,5,6,56,0.06098741529525654,0.012584704743465635,0.04743465634075508,-125,598,6,0,6,232,42,5,36,90,8,1,7,82,6,6,0,31,1,1,0
0.95,0.04,0.9,9,3.0,False,0.05,0.75,base0p95_slope0p04_min0p9_minbase9_maxx3_noraw,1033,63,13,49,3.006776379477251,3.155856727976767,0.149080348499516,319,311,194,235,113,7,91,5,6,56,0.06098741529525654,0.012584704743465635,0.04743465634075508,-125,598,6,0,6,232,42,5,36,90,8,1,7,82,6,6,0,31,1,1,0
0.97,0.02,0.85,8,1.5,False,0.05,0.75,base0p97_slope0p02_min0p85_minbase8_maxx1p5_noraw,1033,42,9,33,3.006776379477251,3.0503388189738625,0.04356243949661165,319,312,194,221,113,2,91,1,12,40,0.04065827686350436,0.008712487899322363,0.031945788964181994,-125,598,12,0,12,232,24,7,17,90,4,0,4,82,1,1,0,31,1,1,0
0.97,0.02,0.85,8,1.5,True,0.05,0.75,base0p97_slope0p02_min0p85_minbase8_maxx1p5_raw,1033,42,9,33,3.006776379477251,3.0503388189738625,0.04356243949661165,319,312,194,221,113,2,91,1,12,40,0.04065827686350436,0.008712487899322363,0.031945788964181994,-125,598,12,0,12,232,24,7,17,90,4,0,4,82,1,1,0,31,1,1,0
0.97,0.02,0.88,8,1.5,False,0.05,0.75,base0p97_slope0p02_min0p88_minbase8_maxx1p5_noraw,1033,42,9,33,3.006776379477251,3.0503388189738625,0.04356243949661165,319,312,194,221,113,2,91,1,12,40,0.04065827686350436,0.008712487899322363,0.031945788964181994,-125,598,12,0,12,232,24,7,17,90,4,0,4,82,1,1,0,31,1,1,0
0.97,0.02,0.88,8,1.5,True,0.05,0.75,base0p97_slope0p02_min0p88_minbase8_maxx1p5_raw,1033,42,9,33,3.006776379477251,3.0503388189738625,0.04356243949661165,319,312,194,221,113,2,91,1,12,40,0.04065827686350436,0.008712487899322363,0.031945788964181994,-125,598,12,0,12,232,24,7,17,90,4,0,4,82,1,1,0,31,1,1,0
0.97,0.02,0.9,8,1.5,False,0.05,0.75,base0p97_slope0p02_min0p9_minbase8_maxx1p5_noraw,1033,42,9,33,3.006776379477251,3.0503388189738625,0.04356243949661165,319,312,194,221,113,2,91,1,12,40,0.04065827686350436,0.008712487899322363,0.031945788964181994,-125,598,12,0,12,232,24,7,17,90,4,0,4,82,1,1,0,31,1,1,0
0.97,0.02,0.9,8,1.5,True,0.05,0.75,base0p97_slope0p02_min0p9_minbase8_maxx1p5_raw,1033,42,9,33,3.006776379477251,3.0503388189738625,0.04356243949661165,319,312,194,221,113,2,91,1,12,40,0.04065827686350436,0.008712487899322363,0.031945788964181994,-125,598,12,0,12,232,24,7,17,90,4,0,4,82,1,1,0,31,1,1,0
0.97,0.02,0.93,8,1.5,False,0.05,0.75,base0p97_slope0p02_min0p93_minbase8_maxx1p5_noraw,1033,42,9,33,3.006776379477251,3.0503388189738625,0.04356243949661165,319,312,194,221,113,2,91,1,12,40,0.04065827686350436,0.008712487899322363,0.031945788964181994,-125,598,12,0,12,232,24,7,17,90,4,0,4,82,1,1,0,31,1,1,0
0.97,0.02,0.93,8,1.5,True,0.05,0.75,base0p97_slope0p02_min0p93_minbase8_maxx1p5_raw,1033,42,9,33,3.006776379477251,3.0503388189738625,0.04356243949661165,319,312,194,221,113,2,91,1,12,40,0.04065827686350436,0.008712487899322363,0.031945788964181994,-125,598,12,0,12,232,24,7,17,90,4,0,4,82,1,1,0,31,1,1,0
0.95,0.06,0.85,9,3.0,False,0.05,0.75,base0p95_slope0p06_min0p85_minbase9_maxx3_noraw,1033,67,15,51,3.006776379477251,3.1568247821878024,0.15004840271055153,319,311,194,236,113,9,91,5,7,60,0.06485963213939981,0.01452081316553727,0.049370764762826716,-130,598,7,0,7,232,43,5,37,90,8,1,7,82,8,8,0,31,1,1,0
0.95,0.06,0.85,9,3.0,True,0.05,0.75,base0p95_slope0p06_min0p85_minbase9_maxx3_raw,1033,67,15,51,3.006776379477251,3.1568247821878024,0.15004840271055153,319,311,194,236,113,9,91,5,7,60,0.06485963213939981,0.01452081316553727,0.049370764762826716,-130,598,7,0,7,232,43,5,37,90,8,1,7,82,8,8,0,31,1,1,0
0.95,0.06,0.88,9,3.0,False,0.05,0.75,base0p95_slope0p06_min0p88_minbase9_maxx3_noraw,1033,67,15,51,3.006776379477251,3.1568247821878024,0.15004840271055153,319,311,194,236,113,9,91,5,7,60,0.06485963213939981,0.01452081316553727,0.049370764762826716,-130,598,7,0,7,232,43,5,37,90,8,1,7,82,8,8,0,31,1,1,0
0.95,0.06,0.88,9,3.0,True,0.05,0.75,base0p95_slope0p06_min0p88_minbase9_maxx3_raw,1033,67,15,51,3.006776379477251,3.1568247821878024,0.15004840271055153,319,311,194,236,113,9,91,5,7,60,0.06485963213939981,0.01452081316553727,0.049370764762826716,-130,598,7,0,7,232,43,5,37,90,8,1,7,82,8,8,0,31,1,1,0
0.95,0.06,0.9,9,3.0,False,0.05,0.75,base0p95_slope0p06_min0p9_minbase9_maxx3_noraw,1033,67,15,51,3.006776379477251,3.1568247821878024,0.15004840271055153,319,311,194,236,113,9,91,5,7,60,0.06485963213939981,0.01452081316553727,0.049370764762826716,-130,598,7,0,7,232,43,5,37,90,8,1,7,82,8,8,0,31,1,1,0
0.95,0.06,0.9,9,3.0,True,0.05,0.75,base0p95_slope0p06_min0p9_minbase9_maxx3_raw,1033,67,15,51,3.006776379477251,3.1568247821878024,0.15004840271055153,319,311,194,236,113,9,91,5,7,60,0.06485963213939981,0.01452081316553727,0.049370764762826716,-130,598,7,0,7,232,43,5,37,90,8,1,7,82,8,8,0,31,1,1,0
0.95,0.08,0.9,9,3.0,False,0.05,0.75,base0p95_slope0p08_min0p9_minbase9_maxx3_noraw,1033,68,15,52,3.006776379477251,3.1616650532429817,0.1548886737657309,319,311,194,237,113,9,91,5,7,61,0.06582768635043562,0.01452081316553727,0.05033881897386254,-133,598,7,0,7,232,44,5,38,90,8,1,7,82,8,8,0,31,1,1,0
0.95,0.08,0.9,9,3.0,True,0.05,0.75,base0p95_slope0p08_min0p9_minbase9_maxx3_raw,1033,68,15,52,3.006776379477251,3.1616650532429817,0.1548886737657309,319,311,194,237,113,9,91,5,7,61,0.06582768635043562,0.01452081316553727,0.05033881897386254,-133,598,7,0,7,232,44,5,38,90,8,1,7,82,8,8,0,31,1,1,0
0.95,0.08,0.85,9,3.0,False,0.05,0.75,base0p95_slope0p08_min0p85_minbase9_maxx3_noraw,1033,69,15,53,3.006776379477251,3.175217812197483,0.16844143272023215,319,311,194,238,113,9,91,5,7,62,0.06679574056147145,0.01452081316553727,0.051306873184898356,-136,598,7,0,7,232,45,5,39,90,8,1,7,82,8,8,0,31,1,1,0
0.95,0.08,0.85,9,3.0,True,0.05,0.75,base0p95_slope0p08_min0p85_minbase9_maxx3_raw,1033,69,15,53,3.006776379477251,3.175217812197483,0.16844143272023215,319,311,194,238,113,9,91,5,7,62,0.06679574056147145,0.01452081316553727,0.051306873184898356,-136,598,7,0,7,232,45,5,39,90,8,1,7,82,8,8,0,31,1,1,0
0.95,0.08,0.88,9,3.0,False,0.05,0.75,base0p95_slope0p08_min0p88_minbase9_maxx3_noraw,1033,69,15,53,3.006776379477251,3.175217812197483,0.16844143272023215,319,311,194,238,113,9,91,5,7,62,0.06679574056147145,0.01452081316553727,0.051306873184898356,-136,598,7,0,7,232,45,5,39,90,8,1,7,82,8,8,0,31,1,1,0
0.95,0.08,0.88,9,3.0,True,0.05,0.75,base0p95_slope0p08_min0p88_minbase9_maxx3_raw,1033,69,15,53,3.006776379477251,3.175217812197483,0.16844143272023215,319,311,194,238,113,9,91,5,7,62,0.06679574056147145,0.01452081316553727,0.051306873184898356,-136,598,7,0,7,232,45,5,39,90,8,1,7,82,8,8,0,31,1,1,0
0.97,0.04,0.85,8,1.5,False,0.05,0.75,base0p97_slope0p04_min0p85_minbase8_maxx1p5_noraw,1033,47,9,38,3.006776379477251,3.063891577928364,0.05711519845111335,319,312,194,226,113,2,91,1,14,44,0.04549854791868345,0.008712487899322363,0.036786060019361085,-145,598,14,0,14,232,26,7,19,90,5,0,5,82,1,1,0,31,1,1,0
0.97,0.04,0.85,8,1.5,True,0.05,0.75,base0p97_slope0p04_min0p85_minbase8_maxx1p5_raw,1033,47,9,38,3.006776379477251,3.063891577928364,0.05711519845111335,319,312,194,226,113,2,91,1,14,44,0.04549854791868345,0.008712487899322363,0.036786060019361085,-145,598,14,0,14,232,26,7,19,90,5,0,5,82,1,1,0,31,1,1,0
0.97,0.04,0.88,8,1.5,False,0.05,0.75,base0p97_slope0p04_min0p88_minbase8_maxx1p5_noraw,1033,47,9,38,3.006776379477251,3.063891577928364,0.05711519845111335,319,312,194,226,113,2,91,1,14,44,0.04549854791868345,0.008712487899322363,0.036786060019361085,-145,598,14,0,14,232,26,7,19,90,5,0,5,82,1,1,0,31,1,1,0
0.97,0.04,0.88,8,1.5,True,0.05,0.75,base0p97_slope0p04_min0p88_minbase8_maxx1p5_raw,1033,47,9,38,3.006776379477251,3.063891577928364,0.05711519845111335,319,312,194,226,113,2,91,1,14,44,0.04549854791868345,0.008712487899322363,0.036786060019361085,-145,598,14,0,14,232,26,7,19,90,5,0,5,82,1,1,0,31,1,1,0
0.97,0.04,0.9,8,1.5,False,0.05,0.75,base0p97_slope0p04_min0p9_minbase8_maxx1p5_noraw,1033,47,9,38,3.006776379477251,3.063891577928364,0.05711519845111335,319,312,194,226,113,2,91,1,14,44,0.04549854791868345,0.008712487899322363,0.036786060019361085,-145,598,14,0,14,232,26,7,19,90,5,0,5,82,1,1,0,31,1,1,0
0.97,0.04,0.9,8,1.5,True,0.05,0.75,base0p97_slope0p04_min0p9_minbase8_maxx1p5_raw,1033,47,9,38,3.006776379477251,3.063891577928364,0.05711519845111335,319,312,194,226,113,2,91,1,14,44,0.04549854791868345,0.008712487899322363,0.036786060019361085,-145,598,14,0,14,232,26,7,19,90,5,0,5,82,1,1,0,31,1,1,0
0.97,0.04,0.93,8,1.5,False,0.05,0.75,base0p97_slope0p04_min0p93_minbase8_maxx1p5_noraw,1033,47,9,38,3.006776379477251,3.063891577928364,0.05711519845111335,319,312,194,226,113,2,91,1,14,44,0.04549854791868345,0.008712487899322363,0.036786060019361085,-145,598,14,0,14,232,26,7,19,90,5,0,5,82,1,1,0,31,1,1,0
0.97,0.04,0.93,8,1.5,True,0.05,0.75,base0p97_slope0p04_min0p93_minbase8_maxx1p5_raw,1033,47,9,38,3.006776379477251,3.063891577928364,0.05711519845111335,319,312,194,226,113,2,91,1,14,44,0.04549854791868345,0.008712487899322363,0.036786060019361085,-145,598,14,0,14,232,26,7,19,90,5,0,5,82,1,1,0,31,1,1,0
0.985,0.06,0.85,8,2.0,False,0.05,0.75,base0p985_slope0p06_min0p85_minbase8_maxx2_noraw,1033,46,9,35,3.006776379477251,3.116166505324298,0.10939012584704733,319,309,194,228,113,2,91,1,17,42,0.044530493707647625,0.008712487899322363,0.03388189738625363,-146,598,17,0,17,232,23,6,15,90,4,1,3,82,1,1,0,31,1,1,0
0.985,0.06,0.85,8,2.0,True,0.05,0.75,base0p985_slope0p06_min0p85_minbase8_maxx2_raw,1033,46,9,35,3.006776379477251,3.116166505324298,0.10939012584704733,319,309,194,228,113,2,91,1,17,42,0.044530493707647625,0.008712487899322363,0.03388189738625363,-146,598,17,0,17,232,23,6,15,90,4,1,3,82,1,1,0,31,1,1,0
0.985,0.06,0.88,8,2.0,False,0.05,0.75,base0p985_slope0p06_min0p88_minbase8_maxx2_noraw,1033,46,9,35,3.006776379477251,3.116166505324298,0.10939012584704733,319,309,194,228,113,2,91,1,17,42,0.044530493707647625,0.008712487899322363,0.03388189738625363,-146,598,17,0,17,232,23,6,15,90,4,1,3,82,1,1,0,31,1,1,0
0.985,0.06,0.88,8,2.0,True,0.05,0.75,base0p985_slope0p06_min0p88_minbase8_maxx2_raw,1033,46,9,35,3.006776379477251,3.116166505324298,0.10939012584704733,319,309,194,228,113,2,91,1,17,42,0.044530493707647625,0.008712487899322363,0.03388189738625363,-146,598,17,0,17,232,23,6,15,90,4,1,3,82,1,1,0,31,1,1,0
0.985,0.06,0.9,8,2.0,False,0.05,0.75,base0p985_slope0p06_min0p9_minbase8_maxx2_noraw,1033,46,9,35,3.006776379477251,3.116166505324298,0.10939012584704733,319,309,194,228,113,2,91,1,17,42,0.044530493707647625,0.008712487899322363,0.03388189738625363,-146,598,17,0,17,232,23,6,15,90,4,1,3,82,1,1,0,31,1,1,0
0.985,0.06,0.9,8,2.0,True,0.05,0.75,base0p985_slope0p06_min0p9_minbase8_maxx2_raw,1033,46,9,35,3.006776379477251,3.116166505324298,0.10939012584704733,319,309,194,228,113,2,91,1,17,42,0.044530493707647625,0.008712487899322363,0.03388189738625363,-146,598,17,0,17,232,23,6,15,90,4,1,3,82,1,1,0,31,1,1,0
0.985,0.06,0.93,8,2.0,False,0.05,0.75,base0p985_slope0p06_min0p93_minbase8_maxx2_noraw,1033,46,9,35,3.006776379477251,3.116166505324298,0.10939012584704733,319,309,194,228,113,2,91,1,17,42,0.044530493707647625,0.008712487899322363,0.03388189738625363,-146,598,17,0,17,232,23,6,15,90,4,1,3,82,1,1,0,31,1,1,0
0.985,0.06,0.93,8,2.0,True,0.05,0.75,base0p985_slope0p06_min0p93_minbase8_maxx2_raw,1033,46,9,35,3.006776379477251,3.116166505324298,0.10939012584704733,319,309,194,228,113,2,91,1,17,42,0.044530493707647625,0.008712487899322363,0.03388189738625363,-146,598,17,0,17,232,23,6,15,90,4,1,3,82,1,1,0,31,1,1,0
0.985,0.06,0.85,8,3.0,False,0.05,0.75,base0p985_slope0p06_min0p85_minbase8_maxx3_noraw,1033,52,10,40,3.006776379477251,3.1723136495643756,0.1655372700871247,319,308,194,231,113,3,91,2,19,47,0.05033881897386254,0.00968054211035818,0.03872216844143272,-160,598,19,0,19,232,26,6,18,90,4,1,3,82,2,2,0,31,1,1,0
0.985,0.06,0.85,8,3.0,True,0.05,0.75,base0p985_slope0p06_min0p85_minbase8_maxx3_raw,1033,52,10,40,3.006776379477251,3.1723136495643756,0.1655372700871247,319,308,194,231,113,3,91,2,19,47,0.05033881897386254,0.00968054211035818,0.03872216844143272,-160,598,19,0,19,232,26,6,18,90,4,1,3,82,2,2,0,31,1,1,0
0.985,0.06,0.88,8,3.0,False,0.05,0.75,base0p985_slope0p06_min0p88_minbase8_maxx3_noraw,1033,52,10,40,3.006776379477251,3.1723136495643756,0.1655372700871247,319,308,194,231,113,3,91,2,19,47,0.05033881897386254,0.00968054211035818,0.03872216844143272,-160,598,19,0,19,232,26,6,18,90,4,1,3,82,2,2,0,31,1,1,0
0.985,0.06,0.88,8,3.0,True,0.05,0.75,base0p985_slope0p06_min0p88_minbase8_maxx3_raw,1033,52,10,40,3.006776379477251,3.1723136495643756,0.1655372700871247,319,308,194,231,113,3,91,2,19,47,0.05033881897386254,0.00968054211035818,0.03872216844143272,-160,598,19,0,19,232,26,6,18,90,4,1,3,82,2,2,0,31,1,1,0
0.985,0.06,0.9,8,3.0,False,0.05,0.75,base0p985_slope0p06_min0p9_minbase8_maxx3_noraw,1033,52,10,40,3.006776379477251,3.1723136495643756,0.1655372700871247,319,308,194,231,113,3,91,2,19,47,0.05033881897386254,0.00968054211035818,0.03872216844143272,-160,598,19,0,19,232,26,6,18,90,4,1,3,82,2,2,0,31,1,1,0
0.985,0.06,0.9,8,3.0,True,0.05,0.75,base0p985_slope0p06_min0p9_minbase8_maxx3_raw,1033,52,10,40,3.006776379477251,3.1723136495643756,0.1655372700871247,319,308,194,231,113,3,91,2,19,47,0.05033881897386254,0.00968054211035818,0.03872216844143272,-160,598,19,0,19,232,26,6,18,90,4,1,3,82,2,2,0,31,1,1,0
0.985,0.06,0.93,8,3.0,False,0.05,0.75,base0p985_slope0p06_min0p93_minbase8_maxx3_noraw,1033,52,10,40,3.006776379477251,3.1723136495643756,0.1655372700871247,319,308,194,231,113,3,91,2,19,47,0.05033881897386254,0.00968054211035818,0.03872216844143272,-160,598,19,0,19,232,26,6,18,90,4,1,3,82,2,2,0,31,1,1,0
0.985,0.06,0.93,8,3.0,True,0.05,0.75,base0p985_slope0p06_min0p93_minbase8_maxx3_raw,1033,52,10,40,3.006776379477251,3.1723136495643756,0.1655372700871247,319,308,194,231,113,3,91,2,19,47,0.05033881897386254,0.00968054211035818,0.03872216844143272,-160,598,19,0,19,232,26,6,18,90,4,1,3,82,2,2,0,31,1,1,0
0.985,0.08,0.85,8,2.0,False,0.05,0.75,base0p985_slope0p08_min0p85_minbase8_maxx2_noraw,1033,54,11,41,3.006776379477251,3.1510164569215875,0.14424007744433665,319,308,194,234,113,3,91,2,20,48,0.05227492739593417,0.010648596321393998,0.03969022265246854,-165,598,20,0,20,232,26,7,17,90,5,1,4,82,2,2,0,31,1,1,0
0.985,0.08,0.85,8,2.0,True,0.05,0.75,base0p985_slope0p08_min0p85_minbase8_maxx2_raw,1033,54,11,41,3.006776379477251,3.1510164569215875,0.14424007744433665,319,308,194,234,113,3,91,2,20,48,0.05227492739593417,0.010648596321393998,0.03969022265246854,-165,598,20,0,20,232,26,7,17,90,5,1,4,82,2,2,0,31,1,1,0
0.985,0.08,0.88,8,2.0,False,0.05,0.75,base0p985_slope0p08_min0p88_minbase8_maxx2_noraw,1033,54,11,41,3.006776379477251,3.1510164569215875,0.14424007744433665,319,308,194,234,113,3,91,2,20,48,0.05227492739593417,0.010648596321393998,0.03969022265246854,-165,598,20,0,20,232,26,7,17,90,5,1,4,82,2,2,0,31,1,1,0
0.985,0.08,0.88,8,2.0,True,0.05,0.75,base0p985_slope0p08_min0p88_minbase8_maxx2_raw,1033,54,11,41,3.006776379477251,3.1510164569215875,0.14424007744433665,319,308,194,234,113,3,91,2,20,48,0.05227492739593417,0.010648596321393998,0.03969022265246854,-165,598,20,0,20,232,26,7,17,90,5,1,4,82,2,2,0,31,1,1,0
0.985,0.08,0.9,8,2.0,False,0.05,0.75,base0p985_slope0p08_min0p9_minbase8_maxx2_noraw,1033,54,11,41,3.006776379477251,3.1510164569215875,0.14424007744433665,319,308,194,234,113,3,91,2,20,48,0.05227492739593417,0.010648596321393998,0.03969022265246854,-165,598,20,0,20,232,26,7,17,90,5,1,4,82,2,2,0,31,1,1,0
0.985,0.08,0.9,8,2.0,True,0.05,0.75,base0p985_slope0p08_min0p9_minbase8_maxx2_raw,1033,54,11,41,3.006776379477251,3.1510164569215875,0.14424007744433665,319,308,194,234,113,3,91,2,20,48,0.05227492739593417,0.010648596321393998,0.03969022265246854,-165,598,20,0,20,232,26,7,17,90,5,1,4,82,2,2,0,31,1,1,0
0.985,0.08,0.93,8,2.0,False,0.05,0.75,base0p985_slope0p08_min0p93_minbase8_maxx2_noraw,1033,54,11,41,3.006776379477251,3.1510164569215875,0.14424007744433665,319,308,194,234,113,3,91,2,20,48,0.05227492739593417,0.010648596321393998,0.03969022265246854,-165,598,20,0,20,232,26,7,17,90,5,1,4,82,2,2,0,31,1,1,0
0.985,0.08,0.93,8,2.0,True,0.05,0.75,base0p985_slope0p08_min0p93_minbase8_maxx2_raw,1033,54,11,41,3.006776379477251,3.1510164569215875,0.14424007744433665,319,308,194,234,113,3,91,2,20,48,0.05227492739593417,0.010648596321393998,0.03969022265246854,-165,598,20,0,20,232,26,7,17,90,5,1,4,82,2,2,0,31,1,1,0
0.97,0.02,0.85,8,2.0,False,0.05,0.75,base0p97_slope0p02_min0p85_minbase8_maxx2_noraw,1033,55,11,43,3.006776379477251,3.121974830590513,0.11519845111326221,319,309,194,233,113,3,91,2,19,51,0.05324298160696999,0.010648596321393998,0.041626331074540175,-169,598,19,0,19,232,28,7,20,90,5,1,4,82,2,2,0,31,1,1,0
0.97,0.02,0.85,8,2.0,True,0.05,0.75,base0p97_slope0p02_min0p85_minbase8_maxx2_raw,1033,55,11,43,3.006776379477251,3.1181026137463697,0.1113262342691188,319,309,194,233,113,3,91,2,19,51,0.05324298160696999,0.010648596321393998,0.041626331074540175,-169,598,19,0,19,232,28,7,20,90,5,1,4,82,2,2,0,31,1,1,0
0.97,0.02,0.88,8,2.0,False,0.05,0.75,base0p97_slope0p02_min0p88_minbase8_maxx2_noraw,1033,55,11,43,3.006776379477251,3.121974830590513,0.11519845111326221,319,309,194,233,113,3,91,2,19,51,0.05324298160696999,0.010648596321393998,0.041626331074540175,-169,598,19,0,19,232,28,7,20,90,5,1,4,82,2,2,0,31,1,1,0
0.97,0.02,0.88,8,2.0,True,0.05,0.75,base0p97_slope0p02_min0p88_minbase8_maxx2_raw,1033,55,11,43,3.006776379477251,3.1181026137463697,0.1113262342691188,319,309,194,233,113,3,91,2,19,51,0.05324298160696999,0.010648596321393998,0.041626331074540175,-169,598,19,0,19,232,28,7,20,90,5,1,4,82,2,2,0,31,1,1,0
0.97,0.02,0.9,8,2.0,False,0.05,0.75,base0p97_slope0p02_min0p9_minbase8_maxx2_noraw,1033,55,11,43,3.006776379477251,3.121974830590513,0.11519845111326221,319,309,194,233,113,3,91,2,19,51,0.05324298160696999,0.010648596321393998,0.041626331074540175,-169,598,19,0,19,232,28,7,20,90,5,1,4,82,2,2,0,31,1,1,0
0.97,0.02,0.9,8,2.0,True,0.05,0.75,base0p97_slope0p02_min0p9_minbase8_maxx2_raw,1033,55,11,43,3.006776379477251,3.1181026137463697,0.1113262342691188,319,309,194,233,113,3,91,2,19,51,0.05324298160696999,0.010648596321393998,0.041626331074540175,-169,598,19,0,19,232,28,7,20,90,5,1,4,82,2,2,0,31,1,1,0
0.97,0.02,0.93,8,2.0,False,0.05,0.75,base0p97_slope0p02_min0p93_minbase8_maxx2_noraw,1033,55,11,43,3.006776379477251,3.121974830590513,0.11519845111326221,319,309,194,233,113,3,91,2,19,51,0.05324298160696999,0.010648596321393998,0.041626331074540175,-169,598,19,0,19,232,28,7,20,90,5,1,4,82,2,2,0,31,1,1,0
0.97,0.02,0.93,8,2.0,True,0.05,0.75,base0p97_slope0p02_min0p93_minbase8_maxx2_raw,1033,55,11,43,3.006776379477251,3.1181026137463697,0.1113262342691188,319,309,194,233,113,3,91,2,19,51,0.05324298160696999,0.010648596321393998,0.041626331074540175,-169,598,19,0,19,232,28,7,20,90,5,1,4,82,2,2,0,31,1,1,0
0.97,0.06,0.85,8,1.5,False,0.05,0.75,base0p97_slope0p06_min0p85_minbase8_maxx1p5_noraw,1033,56,10,45,3.006776379477251,3.080348499515973,0.07357212003872204,319,312,194,233,113,3,91,2,18,50,0.05421103581800581,0.00968054211035818,0.04356243949661181,-170,598,18,0,18,232,30,7,22,90,5,0,5,82,2,2,0,31,1,1,0
0.97,0.06,0.85,8,1.5,True,0.05,0.75,base0p97_slope0p06_min0p85_minbase8_maxx1p5_raw,1033,56,10,45,3.006776379477251,3.080348499515973,0.07357212003872204,319,312,194,233,113,3,91,2,18,50,0.05421103581800581,0.00968054211035818,0.04356243949661181,-170,598,18,0,18,232,30,7,22,90,5,0,5,82,2,2,0,31,1,1,0
0.97,0.06,0.88,8,1.5,False,0.05,0.75,base0p97_slope0p06_min0p88_minbase8_maxx1p5_noraw,1033,56,10,45,3.006776379477251,3.080348499515973,0.07357212003872204,319,312,194,233,113,3,91,2,18,50,0.05421103581800581,0.00968054211035818,0.04356243949661181,-170,598,18,0,18,232,30,7,22,90,5,0,5,82,2,2,0,31,1,1,0
0.97,0.06,0.88,8,1.5,True,0.05,0.75,base0p97_slope0p06_min0p88_minbase8_maxx1p5_raw,1033,56,10,45,3.006776379477251,3.080348499515973,0.07357212003872204,319,312,194,233,113,3,91,2,18,50,0.05421103581800581,0.00968054211035818,0.04356243949661181,-170,598,18,0,18,232,30,7,22,90,5,0,5,82,2,2,0,31,1,1,0
0.97,0.06,0.9,8,1.5,False,0.05,0.75,base0p97_slope0p06_min0p9_minbase8_maxx1p5_noraw,1033,56,10,45,3.006776379477251,3.080348499515973,0.07357212003872204,319,312,194,233,113,3,91,2,18,50,0.05421103581800581,0.00968054211035818,0.04356243949661181,-170,598,18,0,18,232,30,7,22,90,5,0,5,82,2,2,0,31,1,1,0
0.97,0.06,0.9,8,1.5,True,0.05,0.75,base0p97_slope0p06_min0p9_minbase8_maxx1p5_raw,1033,56,10,45,3.006776379477251,3.080348499515973,0.07357212003872204,319,312,194,233,113,3,91,2,18,50,0.05421103581800581,0.00968054211035818,0.04356243949661181,-170,598,18,0,18,232,30,7,22,90,5,0,5,82,2,2,0,31,1,1,0
0.97,0.06,0.93,8,1.5,False,0.05,0.75,base0p97_slope0p06_min0p93_minbase8_maxx1p5_noraw,1033,56,10,45,3.006776379477251,3.080348499515973,0.07357212003872204,319,312,194,233,113,3,91,2,18,50,0.05421103581800581,0.00968054211035818,0.04356243949661181,-170,598,18,0,18,232,30,7,22,90,5,0,5,82,2,2,0,31,1,1,0
0.97,0.06,0.93,8,1.5,True,0.05,0.75,base0p97_slope0p06_min0p93_minbase8_maxx1p5_raw,1033,56,10,45,3.006776379477251,3.080348499515973,0.07357212003872204,319,312,194,233,113,3,91,2,18,50,0.05421103581800581,0.00968054211035818,0.04356243949661181,-170,598,18,0,18,232,30,7,22,90,5,0,5,82,2,2,0,31,1,1,0
0.97,0.02,0.85,8,3.0,False,0.05,0.75,base0p97_slope0p02_min0p85_minbase8_maxx3_noraw,1033,59,12,46,3.006776379477251,3.153920619554695,0.1471442400774441,319,308,194,234,113,4,91,3,21,54,0.057115198451113264,0.011616650532429816,0.044530493707647625,-177,598,21,0,21,232,29,7,21,90,5,1,4,82,3,3,0,31,1,1,0
0.97,0.02,0.85,8,3.0,True,0.05,0.75,base0p97_slope0p02_min0p85_minbase8_maxx3_raw,1033,59,12,46,3.006776379477251,3.150048402710552,0.14327202323330113,319,308,194,234,113,4,91,3,21,54,0.057115198451113264,0.011616650532429816,0.044530493707647625,-177,598,21,0,21,232,29,7,21,90,5,1,4,82,3,3,0,31,1,1,0
0.97,0.02,0.88,8,3.0,False,0.05,0.75,base0p97_slope0p02_min0p88_minbase8_maxx3_noraw,1033,59,12,46,3.006776379477251,3.153920619554695,0.1471442400774441,319,308,194,234,113,4,91,3,21,54,0.057115198451113264,0.011616650532429816,0.044530493707647625,-177,598,21,0,21,232,29,7,21,90,5,1,4,82,3,3,0,31,1,1,0
0.97,0.02,0.88,8,3.0,True,0.05,0.75,base0p97_slope0p02_min0p88_minbase8_maxx3_raw,1033,59,12,46,3.006776379477251,3.150048402710552,0.14327202323330113,319,308,194,234,113,4,91,3,21,54,0.057115198451113264,0.011616650532429816,0.044530493707647625,-177,598,21,0,21,232,29,7,21,90,5,1,4,82,3,3,0,31,1,1,0
0.97,0.02,0.9,8,3.0,False,0.05,0.75,base0p97_slope0p02_min0p9_minbase8_maxx3_noraw,1033,59,12,46,3.006776379477251,3.153920619554695,0.1471442400774441,319,308,194,234,113,4,91,3,21,54,0.057115198451113264,0.011616650532429816,0.044530493707647625,-177,598,21,0,21,232,29,7,21,90,5,1,4,82,3,3,0,31,1,1,0
0.97,0.02,0.9,8,3.0,True,0.05,0.75,base0p97_slope0p02_min0p9_minbase8_maxx3_raw,1033,59,12,46,3.006776379477251,3.150048402710552,0.14327202323330113,319,308,194,234,113,4,91,3,21,54,0.057115198451113264,0.011616650532429816,0.044530493707647625,-177,598,21,0,21,232,29,7,21,90,5,1,4,82,3,3,0,31,1,1,0
0.97,0.02,0.93,8,3.0,False,0.05,0.75,base0p97_slope0p02_min0p93_minbase8_maxx3_noraw,1033,59,12,46,3.006776379477251,3.153920619554695,0.1471442400774441,319,308,194,234,113,4,91,3,21,54,0.057115198451113264,0.011616650532429816,0.044530493707647625,-177,598,21,0,21,232,29,7,21,90,5,1,4,82,3,3,0,31,1,1,0
0.97,0.02,0.93,8,3.0,True,0.05,0.75,base0p97_slope0p02_min0p93_minbase8_maxx3_raw,1033,59,12,46,3.006776379477251,3.150048402710552,0.14327202323330113,319,308,194,234,113,4,91,3,21,54,0.057115198451113264,0.011616650532429816,0.044530493707647625,-177,598,21,0,21,232,29,7,21,90,5,1,4,82,3,3,0,31,1,1,0
0.97,0.08,0.85,8,1.5,False,0.05,0.75,base0p97_slope0p08_min0p85_minbase8_maxx1p5_noraw,1033,60,11,48,3.006776379477251,3.0842207163601163,0.07744433688286545,319,311,194,236,113,3,91,2,18,53,0.05808325266214908,0.010648596321393998,0.046466602129719266,-178,598,18,0,18,232,33,7,25,90,6,1,5,82,2,2,0,31,1,1,0
0.97,0.08,0.85,8,1.5,True,0.05,0.75,base0p97_slope0p08_min0p85_minbase8_maxx1p5_raw,1033,60,11,48,3.006776379477251,3.0842207163601163,0.07744433688286545,319,311,194,236,113,3,91,2,18,53,0.05808325266214908,0.010648596321393998,0.046466602129719266,-178,598,18,0,18,232,33,7,25,90,6,1,5,82,2,2,0,31,1,1,0
0.97,0.08,0.88,8,1.5,False,0.05,0.75,base0p97_slope0p08_min0p88_minbase8_maxx1p5_noraw,1033,60,11,48,3.006776379477251,3.0842207163601163,0.07744433688286545,319,311,194,236,113,3,91,2,18,53,0.05808325266214908,0.010648596321393998,0.046466602129719266,-178,598,18,0,18,232,33,7,25,90,6,1,5,82,2,2,0,31,1,1,0
0.97,0.08,0.88,8,1.5,True,0.05,0.75,base0p97_slope0p08_min0p88_minbase8_maxx1p5_raw,1033,60,11,48,3.006776379477251,3.0842207163601163,0.07744433688286545,319,311,194,236,113,3,91,2,18,53,0.05808325266214908,0.010648596321393998,0.046466602129719266,-178,598,18,0,18,232,33,7,25,90,6,1,5,82,2,2,0,31,1,1,0
0.97,0.08,0.9,8,1.5,False,0.05,0.75,base0p97_slope0p08_min0p9_minbase8_maxx1p5_noraw,1033,60,11,48,3.006776379477251,3.0842207163601163,0.07744433688286545,319,311,194,236,113,3,91,2,18,53,0.05808325266214908,0.010648596321393998,0.046466602129719266,-178,598,18,0,18,232,33,7,25,90,6,1,5,82,2,2,0,31,1,1,0
0.97,0.08,0.9,8,1.5,True,0.05,0.75,base0p97_slope0p08_min0p9_minbase8_maxx1p5_raw,1033,60,11,48,3.006776379477251,3.0842207163601163,0.07744433688286545,319,311,194,236,113,3,91,2,18,53,0.05808325266214908,0.010648596321393998,0.046466602129719266,-178,598,18,0,18,232,33,7,25,90,6,1,5,82,2,2,0,31,1,1,0
0.97,0.08,0.93,8,1.5,False,0.05,0.75,base0p97_slope0p08_min0p93_minbase8_maxx1p5_noraw,1033,60,11,48,3.006776379477251,3.0842207163601163,0.07744433688286545,319,311,194,236,113,3,91,2,18,53,0.05808325266214908,0.010648596321393998,0.046466602129719266,-178,598,18,0,18,232,33,7,25,90,6,1,5,82,2,2,0,31,1,1,0
0.97,0.08,0.93,8,1.5,True,0.05,0.75,base0p97_slope0p08_min0p93_minbase8_maxx1p5_raw,1033,60,11,48,3.006776379477251,3.0842207163601163,0.07744433688286545,319,311,194,236,113,3,91,2,18,53,0.05808325266214908,0.010648596321393998,0.046466602129719266,-178,598,18,0,18,232,33,7,25,90,6,1,5,82,2,2,0,31,1,1,0
0.985,0.08,0.93,8,3.0,False,0.05,0.75,base0p985_slope0p08_min0p93_minbase8_maxx3_noraw,1033,60,12,46,3.006776379477251,3.207163601161665,0.20038722168441403,319,307,194,237,113,4,91,3,22,53,0.05808325266214908,0.011616650532429816,0.044530493707647625,-179,598,22,0,22,232,29,7,20,90,5,1,4,82,3,3,0,31,1,1,0
0.985,0.08,0.93,8,3.0,True,0.05,0.75,base0p985_slope0p08_min0p93_minbase8_maxx3_raw,1033,60,12,46,3.006776379477251,3.207163601161665,0.20038722168441403,319,307,194,237,113,4,91,3,22,53,0.05808325266214908,0.011616650532429816,0.044530493707647625,-179,598,22,0,22,232,29,7,20,90,5,1,4,82,3,3,0,31,1,1,0
0.985,0.08,0.85,8,3.0,True,0.05,0.75,base0p985_slope0p08_min0p85_minbase8_maxx3_raw,1033,62,12,48,3.006776379477251,3.2333010648596323,0.22652468538238146,319,307,194,239,113,4,91,3,23,55,0.060019361084220714,0.011616650532429816,0.046466602129719266,-188,598,23,0,23,232,30,7,21,90,5,1,4,82,3,3,0,31,1,1,0
0.985,0.08,0.88,8,3.0,True,0.05,0.75,base0p985_slope0p08_min0p88_minbase8_maxx3_raw,1033,62,12,48,3.006776379477251,3.2333010648596323,0.22652468538238146,319,307,194,239,113,4,91,3,23,55,0.060019361084220714,0.011616650532429816,0.046466602129719266,-188,598,23,0,23,232,30,7,21,90,5,1,4,82,3,3,0,31,1,1,0
0.985,0.08,0.9,8,3.0,True,0.05,0.75,base0p985_slope0p08_min0p9_minbase8_maxx3_raw,1033,62,12,48,3.006776379477251,3.2333010648596323,0.22652468538238146,319,307,194,239,113,4,91,3,23,55,0.060019361084220714,0.011616650532429816,0.046466602129719266,-188,598,23,0,23,232,30,7,21,90,5,1,4,82,3,3,0,31,1,1,0
0.985,0.08,0.85,8,3.0,False,0.05,0.75,base0p985_slope0p08_min0p85_minbase8_maxx3_noraw,1033,63,12,49,3.006776379477251,3.2458857696030976,0.23910939012584675,319,307,194,239,113,4,91,3,24,56,0.06098741529525654,0.011616650532429816,0.04743465634075508,-194,598,24,0,24,232,30,7,21,90,5,1,4,82,3,3,0,31,1,1,0
0.985,0.08,0.88,8,3.0,False,0.05,0.75,base0p985_slope0p08_min0p88_minbase8_maxx3_noraw,1033,63,12,49,3.006776379477251,3.2458857696030976,0.23910939012584675,319,307,194,239,113,4,91,3,24,56,0.06098741529525654,0.011616650532429816,0.04743465634075508,-194,598,24,0,24,232,30,7,21,90,5,1,4,82,3,3,0,31,1,1,0
0.985,0.08,0.9,8,3.0,False,0.05,0.75,base0p985_slope0p08_min0p9_minbase8_maxx3_noraw,1033,63,12,49,3.006776379477251,3.2458857696030976,0.23910939012584675,319,307,194,239,113,4,91,3,24,56,0.06098741529525654,0.011616650532429816,0.04743465634075508,-194,598,24,0,24,232,30,7,21,90,5,1,4,82,3,3,0,31,1,1,0
0.97,0.04,0.85,8,2.0,False,0.05,0.75,base0p97_slope0p04_min0p85_minbase8_maxx2_noraw,1033,62,11,49,3.006776379477251,3.1403678606001937,0.13359148112294283,319,308,194,240,113,3,91,2,22,56,0.060019361084220714,0.010648596321393998,0.04743465634075508,-195,598,22,0,22,232,31,7,22,90,6,1,5,82,2,2,0,31,1,1,0
0.97,0.04,0.85,8,2.0,True,0.05,0.75,base0p97_slope0p04_min0p85_minbase8_maxx2_raw,1033,62,11,49,3.006776379477251,3.1403678606001937,0.13359148112294283,319,308,194,240,113,3,91,2,22,56,0.060019361084220714,0.010648596321393998,0.04743465634075508,-195,598,22,0,22,232,31,7,22,90,6,1,5,82,2,2,0,31,1,1,0
0.97,0.04,0.88,8,2.0,False,0.05,0.75,base0p97_slope0p04_min0p88_minbase8_maxx2_noraw,1033,62,11,49,3.006776379477251,3.1403678606001937,0.13359148112294283,319,308,194,240,113,3,91,2,22,56,0.060019361084220714,0.010648596321393998,0.04743465634075508,-195,598,22,0,22,232,31,7,22,90,6,1,5,82,2,2,0,31,1,1,0
0.97,0.04,0.88,8,2.0,True,0.05,0.75,base0p97_slope0p04_min0p88_minbase8_maxx2_raw,1033,62,11,49,3.006776379477251,3.1403678606001937,0.13359148112294283,319,308,194,240,113,3,91,2,22,56,0.060019361084220714,0.010648596321393998,0.04743465634075508,-195,598,22,0,22,232,31,7,22,90,6,1,5,82,2,2,0,31,1,1,0
0.97,0.04,0.9,8,2.0,False,0.05,0.75,base0p97_slope0p04_min0p9_minbase8_maxx2_noraw,1033,62,11,49,3.006776379477251,3.1403678606001937,0.13359148112294283,319,308,194,240,113,3,91,2,22,56,0.060019361084220714,0.010648596321393998,0.04743465634075508,-195,598,22,0,22,232,31,7,22,90,6,1,5,82,2,2,0,31,1,1,0
0.97,0.04,0.9,8,2.0,True,0.05,0.75,base0p97_slope0p04_min0p9_minbase8_maxx2_raw,1033,62,11,49,3.006776379477251,3.1403678606001937,0.13359148112294283,319,308,194,240,113,3,91,2,22,56,0.060019361084220714,0.010648596321393998,0.04743465634075508,-195,598,22,0,22,232,31,7,22,90,6,1,5,82,2,2,0,31,1,1,0
0.97,0.04,0.93,8,2.0,False,0.05,0.75,base0p97_slope0p04_min0p93_minbase8_maxx2_noraw,1033,62,11,49,3.006776379477251,3.1403678606001937,0.13359148112294283,319,308,194,240,113,3,91,2,22,56,0.060019361084220714,0.010648596321393998,0.04743465634075508,-195,598,22,0,22,232,31,7,22,90,6,1,5,82,2,2,0,31,1,1,0
0.97,0.04,0.93,8,2.0,True,0.05,0.75,base0p97_slope0p04_min0p93_minbase8_maxx2_raw,1033,62,11,49,3.006776379477251,3.1403678606001937,0.13359148112294283,319,308,194,240,113,3,91,2,22,56,0.060019361084220714,0.010648596321393998,0.04743465634075508,-195,598,22,0,22,232,31,7,22,90,6,1,5,82,2,2,0,31,1,1,0
0.97,0.04,0.85,8,3.0,False,0.05,0.75,base0p97_slope0p04_min0p85_minbase8_maxx3_noraw,1033,67,12,53,3.006776379477251,3.195546950629235,0.18877057115198426,319,307,194,242,113,4,91,3,24,60,0.06485963213939981,0.011616650532429816,0.051306873184898356,-206,598,24,0,24,232,33,7,24,90,6,1,5,82,3,3,0,31,1,1,0
0.97,0.04,0.85,8,3.0,True,0.05,0.75,base0p97_slope0p04_min0p85_minbase8_maxx3_raw,1033,67,12,53,3.006776379477251,3.195546950629235,0.18877057115198426,319,307,194,242,113,4,91,3,24,60,0.06485963213939981,0.011616650532429816,0.051306873184898356,-206,598,24,0,24,232,33,7,24,90,6,1,5,82,3,3,0,31,1,1,0
0.97,0.04,0.88,8,3.0,False,0.05,0.75,base0p97_slope0p04_min0p88_minbase8_maxx3_noraw,1033,67,12,53,3.006776379477251,3.195546950629235,0.18877057115198426,319,307,194,242,113,4,91,3,24,60,0.06485963213939981,0.011616650532429816,0.051306873184898356,-206,598,24,0,24,232,33,7,24,90,6,1,5,82,3,3,0,31,1,1,0
0.97,0.04,0.88,8,3.0,True,0.05,0.75,base0p97_slope0p04_min0p88_minbase8_maxx3_raw,1033,67,12,53,3.006776379477251,3.195546950629235,0.18877057115198426,319,307,194,242,113,4,91,3,24,60,0.06485963213939981,0.011616650532429816,0.051306873184898356,-206,598,24,0,24,232,33,7,24,90,6,1,5,82,3,3,0,31,1,1,0
0.97,0.04,0.9,8,3.0,False,0.05,0.75,base0p97_slope0p04_min0p9_minbase8_maxx3_noraw,1033,67,12,53,3.006776379477251,3.195546950629235,0.18877057115198426,319,307,194,242,113,4,91,3,24,60,0.06485963213939981,0.011616650532429816,0.051306873184898356,-206,598,24,0,24,232,33,7,24,90,6,1,5,82,3,3,0,31,1,1,0
0.97,0.04,0.9,8,3.0,True,0.05,0.75,base0p97_slope0p04_min0p9_minbase8_maxx3_raw,1033,67,12,53,3.006776379477251,3.195546950629235,0.18877057115198426,319,307,194,242,113,4,91,3,24,60,0.06485963213939981,0.011616650532429816,0.051306873184898356,-206,598,24,0,24,232,33,7,24,90,6,1,5,82,3,3,0,31,1,1,0
0.97,0.04,0.93,8,3.0,False,0.05,0.75,base0p97_slope0p04_min0p93_minbase8_maxx3_noraw,1033,67,12,53,3.006776379477251,3.195546950629235,0.18877057115198426,319,307,194,242,113,4,91,3,24,60,0.06485963213939981,0.011616650532429816,0.051306873184898356,-206,598,24,0,24,232,33,7,24,90,6,1,5,82,3,3,0,31,1,1,0
0.97,0.04,0.93,8,3.0,True,0.05,0.75,base0p97_slope0p04_min0p93_minbase8_maxx3_raw,1033,67,12,53,3.006776379477251,3.195546950629235,0.18877057115198426,319,307,194,242,113,4,91,3,24,60,0.06485963213939981,0.011616650532429816,0.051306873184898356,-206,598,24,0,24,232,33,7,24,90,6,1,5,82,3,3,0,31,1,1,0
0.95,0.02,0.85,8,1.5,False,0.05,0.75,base0p95_slope0p02_min0p85_minbase8_maxx1p5_noraw,1033,72,13,58,3.006776379477251,3.093901258470474,0.0871248789932233,319,311,194,245,113,5,91,3,21,64,0.0696999031945789,0.012584704743465635,0.05614714424007745,-208,598,21,0,21,232,38,7,30,90,8,1,7,82,4,4,0,31,1,1,0
0.95,0.02,0.85,8,1.5,True,0.05,0.75,base0p95_slope0p02_min0p85_minbase8_maxx1p5_raw,1033,72,13,58,3.006776379477251,3.093901258470474,0.0871248789932233,319,311,194,245,113,5,91,3,21,64,0.0696999031945789,0.012584704743465635,0.05614714424007745,-208,598,21,0,21,232,38,7,30,90,8,1,7,82,4,4,0,31,1,1,0
0.95,0.02,0.88,8,1.5,False,0.05,0.75,base0p95_slope0p02_min0p88_minbase8_maxx1p5_noraw,1033,72,13,58,3.006776379477251,3.093901258470474,0.0871248789932233,319,311,194,245,113,5,91,3,21,64,0.0696999031945789,0.012584704743465635,0.05614714424007745,-208,598,21,0,21,232,38,7,30,90,8,1,7,82,4,4,0,31,1,1,0
0.95,0.02,0.88,8,1.5,True,0.05,0.75,base0p95_slope0p02_min0p88_minbase8_maxx1p5_raw,1033,72,13,58,3.006776379477251,3.093901258470474,0.0871248789932233,319,311,194,245,113,5,91,3,21,64,0.0696999031945789,0.012584704743465635,0.05614714424007745,-208,598,21,0,21,232,38,7,30,90,8,1,7,82,4,4,0,31,1,1,0
0.95,0.02,0.9,8,1.5,False,0.05,0.75,base0p95_slope0p02_min0p9_minbase8_maxx1p5_noraw,1033,72,13,58,3.006776379477251,3.093901258470474,0.0871248789932233,319,311,194,245,113,5,91,3,21,64,0.0696999031945789,0.012584704743465635,0.05614714424007745,-208,598,21,0,21,232,38,7,30,90,8,1,7,82,4,4,0,31,1,1,0
0.95,0.02,0.9,8,1.5,True,0.05,0.75,base0p95_slope0p02_min0p9_minbase8_maxx1p5_raw,1033,72,13,58,3.006776379477251,3.093901258470474,0.0871248789932233,319,311,194,245,113,5,91,3,21,64,0.0696999031945789,0.012584704743465635,0.05614714424007745,-208,598,21,0,21,232,38,7,30,90,8,1,7,82,4,4,0,31,1,1,0
0.95,0.02,0.93,8,1.5,False,0.05,0.75,base0p95_slope0p02_min0p93_minbase8_maxx1p5_noraw,1033,72,13,58,3.006776379477251,3.093901258470474,0.0871248789932233,319,311,194,245,113,5,91,3,21,64,0.0696999031945789,0.012584704743465635,0.05614714424007745,-208,598,21,0,21,232,38,7,30,90,8,1,7,82,4,4,0,31,1,1,0
0.95,0.02,0.93,8,1.5,True,0.05,0.75,base0p95_slope0p02_min0p93_minbase8_maxx1p5_raw,1033,72,13,58,3.006776379477251,3.093901258470474,0.0871248789932233,319,311,194,245,113,5,91,3,21,64,0.0696999031945789,0.012584704743465635,0.05614714424007745,-208,598,21,0,21,232,38,7,30,90,8,1,7,82,4,4,0,31,1,1,0
0.95,0.04,0.85,8,1.5,False,0.05,0.75,base0p95_slope0p04_min0p85_minbase8_maxx1p5_noraw,1033,76,15,60,3.006776379477251,3.095837366892546,0.08906098741529522,319,309,194,247,113,5,91,3,21,66,0.07357212003872217,0.01452081316553727,0.05808325266214908,-212,598,21,0,21,232,42,9,32,90,8,1,7,82,4,4,0,31,1,1,0
0.95,0.04,0.85,8,1.5,True,0.05,0.75,base0p95_slope0p04_min0p85_minbase8_maxx1p5_raw,1033,76,15,60,3.006776379477251,3.095837366892546,0.08906098741529522,319,309,194,247,113,5,91,3,21,66,0.07357212003872217,0.01452081316553727,0.05808325266214908,-212,598,21,0,21,232,42,9,32,90,8,1,7,82,4,4,0,31,1,1,0
0.95,0.04,0.88,8,1.5,False,0.05,0.75,base0p95_slope0p04_min0p88_minbase8_maxx1p5_noraw,1033,76,15,60,3.006776379477251,3.095837366892546,0.08906098741529522,319,309,194,247,113,5,91,3,21,66,0.07357212003872217,0.01452081316553727,0.05808325266214908,-212,598,21,0,21,232,42,9,32,90,8,1,7,82,4,4,0,31,1,1,0
0.95,0.04,0.88,8,1.5,True,0.05,0.75,base0p95_slope0p04_min0p88_minbase8_maxx1p5_raw,1033,76,15,60,3.006776379477251,3.095837366892546,0.08906098741529522,319,309,194,247,113,5,91,3,21,66,0.07357212003872217,0.01452081316553727,0.05808325266214908,-212,598,21,0,21,232,42,9,32,90,8,1,7,82,4,4,0,31,1,1,0
0.95,0.04,0.9,8,1.5,False,0.05,0.75,base0p95_slope0p04_min0p9_minbase8_maxx1p5_noraw,1033,76,15,60,3.006776379477251,3.095837366892546,0.08906098741529522,319,309,194,247,113,5,91,3,21,66,0.07357212003872217,0.01452081316553727,0.05808325266214908,-212,598,21,0,21,232,42,9,32,90,8,1,7,82,4,4,0,31,1,1,0
0.95,0.04,0.9,8,1.5,True,0.05,0.75,base0p95_slope0p04_min0p9_minbase8_maxx1p5_raw,1033,76,15,60,3.006776379477251,3.095837366892546,0.08906098741529522,319,309,194,247,113,5,91,3,21,66,0.07357212003872217,0.01452081316553727,0.05808325266214908,-212,598,21,0,21,232,42,9,32,90,8,1,7,82,4,4,0,31,1,1,0
0.95,0.04,0.93,8,1.5,False,0.05,0.75,base0p95_slope0p04_min0p93_minbase8_maxx1p5_noraw,1033,76,15,60,3.006776379477251,3.095837366892546,0.08906098741529522,319,309,194,247,113,5,91,3,21,66,0.07357212003872217,0.01452081316553727,0.05808325266214908,-212,598,21,0,21,232,42,9,32,90,8,1,7,82,4,4,0,31,1,1,0
0.95,0.04,0.93,8,1.5,True,0.05,0.75,base0p95_slope0p04_min0p93_minbase8_maxx1p5_raw,1033,76,15,60,3.006776379477251,3.095837366892546,0.08906098741529522,319,309,194,247,113,5,91,3,21,66,0.07357212003872217,0.01452081316553727,0.05808325266214908,-212,598,21,0,21,232,42,9,32,90,8,1,7,82,4,4,0,31,1,1,0
0.95,0.06,0.93,8,1.5,False,0.05,0.75,base0p95_slope0p06_min0p93_minbase8_maxx1p5_noraw,1033,80,17,62,3.006776379477251,3.095837366892546,0.08906098741529522,319,309,194,249,113,7,91,3,22,70,0.07744433688286544,0.016456921587608905,0.060019361084220714,-217,598,22,0,22,232,43,9,33,90,8,1,7,82,6,6,0,31,1,1,0
0.95,0.06,0.93,8,1.5,True,0.05,0.75,base0p95_slope0p06_min0p93_minbase8_maxx1p5_raw,1033,80,17,62,3.006776379477251,3.095837366892546,0.08906098741529522,319,309,194,249,113,7,91,3,22,70,0.07744433688286544,0.016456921587608905,0.060019361084220714,-217,598,22,0,22,232,43,9,33,90,8,1,7,82,6,6,0,31,1,1,0
0.95,0.06,0.85,8,1.5,False,0.05,0.75,base0p95_slope0p06_min0p85_minbase8_maxx1p5_noraw,1033,81,17,63,3.006776379477251,3.099709583736689,0.09293320425943818,319,309,194,249,113,7,91,3,23,71,0.07841239109390126,0.016456921587608905,0.06098741529525654,-223,598,23,0,23,232,43,9,33,90,8,1,7,82,6,6,0,31,1,1,0
0.95,0.06,0.85,8,1.5,True,0.05,0.75,base0p95_slope0p06_min0p85_minbase8_maxx1p5_raw,1033,81,17,63,3.006776379477251,3.099709583736689,0.09293320425943818,319,309,194,249,113,7,91,3,23,71,0.07841239109390126,0.016456921587608905,0.06098741529525654,-223,598,23,0,23,232,43,9,33,90,8,1,7,82,6,6,0,31,1,1,0
0.95,0.06,0.88,8,1.5,False,0.05,0.75,base0p95_slope0p06_min0p88_minbase8_maxx1p5_noraw,1033,81,17,63,3.006776379477251,3.099709583736689,0.09293320425943818,319,309,194,249,113,7,91,3,23,71,0.07841239109390126,0.016456921587608905,0.06098741529525654,-223,598,23,0,23,232,43,9,33,90,8,1,7,82,6,6,0,31,1,1,0
0.95,0.06,0.88,8,1.5,True,0.05,0.75,base0p95_slope0p06_min0p88_minbase8_maxx1p5_raw,1033,81,17,63,3.006776379477251,3.099709583736689,0.09293320425943818,319,309,194,249,113,7,91,3,23,71,0.07841239109390126,0.016456921587608905,0.06098741529525654,-223,598,23,0,23,232,43,9,33,90,8,1,7,82,6,6,0,31,1,1,0
0.95,0.06,0.9,8,1.5,False,0.05,0.75,base0p95_slope0p06_min0p9_minbase8_maxx1p5_noraw,1033,81,17,63,3.006776379477251,3.099709583736689,0.09293320425943818,319,309,194,249,113,7,91,3,23,71,0.07841239109390126,0.016456921587608905,0.06098741529525654,-223,598,23,0,23,232,43,9,33,90,8,1,7,82,6,6,0,31,1,1,0
0.95,0.06,0.9,8,1.5,True,0.05,0.75,base0p95_slope0p06_min0p9_minbase8_maxx1p5_raw,1033,81,17,63,3.006776379477251,3.099709583736689,0.09293320425943818,319,309,194,249,113,7,91,3,23,71,0.07841239109390126,0.016456921587608905,0.06098741529525654,-223,598,23,0,23,232,43,9,33,90,8,1,7,82,6,6,0,31,1,1,0
0.95,0.08,0.93,8,1.5,False,0.05,0.75,base0p95_slope0p08_min0p93_minbase8_maxx1p5_noraw,1033,82,18,63,3.006776379477251,3.095837366892546,0.08906098741529522,319,309,194,250,113,7,91,3,23,72,0.07938044530493708,0.017424975798644726,0.06098741529525654,-223,598,23,0,23,232,43,9,33,90,9,2,7,82,6,6,0,31,1,1,0
0.95,0.08,0.93,8,1.5,True,0.05,0.75,base0p95_slope0p08_min0p93_minbase8_maxx1p5_raw,1033,82,18,63,3.006776379477251,3.095837366892546,0.08906098741529522,319,309,194,250,113,7,91,3,23,72,0.07938044530493708,0.017424975798644726,0.06098741529525654,-223,598,23,0,23,232,43,9,33,90,9,2,7,82,6,6,0,31,1,1,0
0.95,0.08,0.85,8,1.5,False,0.05,0.75,base0p95_slope0p08_min0p85_minbase8_maxx1p5_noraw,1033,84,18,65,3.006776379477251,3.1045498547918684,0.09777347531461755,319,309,194,251,113,7,91,3,24,74,0.08131655372700872,0.017424975798644726,0.06292352371732816,-232,598,24,0,24,232,44,9,34,90,9,2,7,82,6,6,0,31,1,1,0
0.95,0.08,0.85,8,1.5,True,0.05,0.75,base0p95_slope0p08_min0p85_minbase8_maxx1p5_raw,1033,84,18,65,3.006776379477251,3.1045498547918684,0.09777347531461755,319,309,194,251,113,7,91,3,24,74,0.08131655372700872,0.017424975798644726,0.06292352371732816,-232,598,24,0,24,232,44,9,34,90,9,2,7,82,6,6,0,31,1,1,0
0.95,0.08,0.88,8,1.5,False,0.05,0.75,base0p95_slope0p08_min0p88_minbase8_maxx1p5_noraw,1033,84,18,65,3.006776379477251,3.1045498547918684,0.09777347531461755,319,309,194,251,113,7,91,3,24,74,0.08131655372700872,0.017424975798644726,0.06292352371732816,-232,598,24,0,24,232,44,9,34,90,9,2,7,82,6,6,0,31,1,1,0
0.95,0.08,0.88,8,1.5,True,0.05,0.75,base0p95_slope0p08_min0p88_minbase8_maxx1p5_raw,1033,84,18,65,3.006776379477251,3.1045498547918684,0.09777347531461755,319,309,194,251,113,7,91,3,24,74,0.08131655372700872,0.017424975798644726,0.06292352371732816,-232,598,24,0,24,232,44,9,34,90,9,2,7,82,6,6,0,31,1,1,0
0.95,0.08,0.9,8,1.5,False,0.05,0.75,base0p95_slope0p08_min0p9_minbase8_maxx1p5_noraw,1033,84,18,65,3.006776379477251,3.1045498547918684,0.09777347531461755,319,309,194,251,113,7,91,3,24,74,0.08131655372700872,0.017424975798644726,0.06292352371732816,-232,598,24,0,24,232,44,9,34,90,9,2,7,82,6,6,0,31,1,1,0
0.95,0.08,0.9,8,1.5,True,0.05,0.75,base0p95_slope0p08_min0p9_minbase8_maxx1p5_raw,1033,84,18,65,3.006776379477251,3.1045498547918684,0.09777347531461755,319,309,194,251,113,7,91,3,24,74,0.08131655372700872,0.017424975798644726,0.06292352371732816,-232,598,24,0,24,232,44,9,34,90,9,2,7,82,6,6,0,31,1,1,0
0.97,0.06,0.93,8,2.0,False,0.05,0.75,base0p97_slope0p06_min0p93_minbase8_maxx2_noraw,1033,73,11,59,3.006776379477251,3.18296224588577,0.17618586640851897,319,308,194,249,113,4,91,3,29,65,0.07066795740561471,0.010648596321393998,0.057115198451113264,-239,598,29,0,29,232,34,6,25,90,6,1,5,82,3,3,0,31,1,1,0
0.97,0.06,0.93,8,2.0,True,0.05,0.75,base0p97_slope0p06_min0p93_minbase8_maxx2_raw,1033,73,11,59,3.006776379477251,3.18296224588577,0.17618586640851897,319,308,194,249,113,4,91,3,29,65,0.07066795740561471,0.010648596321393998,0.057115198451113264,-239,598,29,0,29,232,34,6,25,90,6,1,5,82,3,3,0,31,1,1,0
0.97,0.06,0.85,8,2.0,False,0.05,0.75,base0p97_slope0p06_min0p85_minbase8_maxx2_noraw,1033,74,11,60,3.006776379477251,3.190706679574056,0.18393030009680533,319,308,194,250,113,4,91,3,30,66,0.07163601161665054,0.010648596321393998,0.05808325266214908,-245,598,30,0,30,232,34,6,25,90,6,1,5,82,3,3,0,31,1,1,0
0.97,0.06,0.85,8,2.0,True,0.05,0.75,base0p97_slope0p06_min0p85_minbase8_maxx2_raw,1033,74,11,60,3.006776379477251,3.190706679574056,0.18393030009680533,319,308,194,250,113,4,91,3,30,66,0.07163601161665054,0.010648596321393998,0.05808325266214908,-245,598,30,0,30,232,34,6,25,90,6,1,5,82,3,3,0,31,1,1,0
0.97,0.06,0.88,8,2.0,False,0.05,0.75,base0p97_slope0p06_min0p88_minbase8_maxx2_noraw,1033,74,11,60,3.006776379477251,3.190706679574056,0.18393030009680533,319,308,194,250,113,4,91,3,30,66,0.07163601161665054,0.010648596321393998,0.05808325266214908,-245,598,30,0,30,232,34,6,25,90,6,1,5,82,3,3,0,31,1,1,0
0.97,0.06,0.88,8,2.0,True,0.05,0.75,base0p97_slope0p06_min0p88_minbase8_maxx2_raw,1033,74,11,60,3.006776379477251,3.190706679574056,0.18393030009680533,319,308,194,250,113,4,91,3,30,66,0.07163601161665054,0.010648596321393998,0.05808325266214908,-245,598,30,0,30,232,34,6,25,90,6,1,5,82,3,3,0,31,1,1,0
0.97,0.06,0.9,8,2.0,False,0.05,0.75,base0p97_slope0p06_min0p9_minbase8_maxx2_noraw,1033,74,11,60,3.006776379477251,3.190706679574056,0.18393030009680533,319,308,194,250,113,4,91,3,30,66,0.07163601161665054,0.010648596321393998,0.05808325266214908,-245,598,30,0,30,232,34,6,25,90,6,1,5,82,3,3,0,31,1,1,0
0.97,0.06,0.9,8,2.0,True,0.05,0.75,base0p97_slope0p06_min0p9_minbase8_maxx2_raw,1033,74,11,60,3.006776379477251,3.190706679574056,0.18393030009680533,319,308,194,250,113,4,91,3,30,66,0.07163601161665054,0.010648596321393998,0.05808325266214908,-245,598,30,0,30,232,34,6,25,90,6,1,5,82,3,3,0,31,1,1,0
0.97,0.08,0.93,8,2.0,False,0.05,0.75,base0p97_slope0p08_min0p93_minbase8_maxx2_noraw,1033,77,12,62,3.006776379477251,3.190706679574056,0.18393030009680533,319,307,194,252,113,4,91,3,29,68,0.07454017424975799,0.011616650532429816,0.060019361084220714,-247,598,29,0,29,232,37,6,28,90,7,2,5,82,3,3,0,31,1,1,0
0.97,0.08,0.93,8,2.0,True,0.05,0.75,base0p97_slope0p08_min0p93_minbase8_maxx2_raw,1033,77,12,62,3.006776379477251,3.190706679574056,0.18393030009680533,319,307,194,252,113,4,91,3,29,68,0.07454017424975799,0.011616650532429816,0.060019361084220714,-247,598,29,0,29,232,37,6,28,90,7,2,5,82,3,3,0,31,1,1,0
0.97,0.06,0.93,8,3.0,False,0.05,0.75,base0p97_slope0p06_min0p93_minbase8_maxx3_noraw,1033,78,12,63,3.006776379477251,3.2381413359148112,0.2313649564375604,319,307,194,251,113,5,91,4,31,69,0.0755082284607938,0.011616650532429816,0.06098741529525654,-250,598,31,0,31,232,36,6,27,90,6,1,5,82,4,4,0,31,1,1,0
0.97,0.06,0.93,8,3.0,True,0.05,0.75,base0p97_slope0p06_min0p93_minbase8_maxx3_raw,1033,78,12,63,3.006776379477251,3.2381413359148112,0.2313649564375604,319,307,194,251,113,5,91,4,31,69,0.0755082284607938,0.011616650532429816,0.06098741529525654,-250,598,31,0,31,232,36,6,27,90,6,1,5,82,4,4,0,31,1,1,0
0.97,0.08,0.93,8,3.0,False,0.05,0.75,base0p97_slope0p08_min0p93_minbase8_maxx3_noraw,1033,82,13,66,3.006776379477251,3.2458857696030976,0.23910939012584675,319,306,194,254,113,5,91,4,31,72,0.07938044530493708,0.012584704743465635,0.06389157792836399,-258,598,31,0,31,232,39,6,30,90,7,2,5,82,4,4,0,31,1,1,0
0.97,0.08,0.93,8,3.0,True,0.05,0.75,base0p97_slope0p08_min0p93_minbase8_maxx3_raw,1033,82,13,66,3.006776379477251,3.2458857696030976,0.23910939012584675,319,306,194,254,113,5,91,4,31,72,0.07938044530493708,0.012584704743465635,0.06389157792836399,-258,598,31,0,31,232,39,6,30,90,7,2,5,82,4,4,0,31,1,1,0
0.95,0.02,0.85,8,2.0,False,0.05,0.75,base0p95_slope0p02_min0p85_minbase8_maxx2_noraw,1033,86,14,69,3.006776379477251,3.1868344627299128,0.18005808325266193,319,307,194,258,113,6,91,4,29,76,0.08325266214908035,0.013552758954501452,0.06679574056147145,-259,598,29,0,29,232,42,6,33,90,9,2,7,82,5,5,0,31,1,1,0
0.95,0.02,0.85,8,2.0,True,0.05,0.75,base0p95_slope0p02_min0p85_minbase8_maxx2_raw,1033,86,14,69,3.006776379477251,3.1868344627299128,0.18005808325266193,319,307,194,258,113,6,91,4,29,76,0.08325266214908035,0.013552758954501452,0.06679574056147145,-259,598,29,0,29,232,42,6,33,90,9,2,7,82,5,5,0,31,1,1,0
0.95,0.02,0.88,8,2.0,False,0.05,0.75,base0p95_slope0p02_min0p88_minbase8_maxx2_noraw,1033,86,14,69,3.006776379477251,3.1868344627299128,0.18005808325266193,319,307,194,258,113,6,91,4,29,76,0.08325266214908035,0.013552758954501452,0.06679574056147145,-259,598,29,0,29,232,42,6,33,90,9,2,7,82,5,5,0,31,1,1,0
0.95,0.02,0.88,8,2.0,True,0.05,0.75,base0p95_slope0p02_min0p88_minbase8_maxx2_raw,1033,86,14,69,3.006776379477251,3.1868344627299128,0.18005808325266193,319,307,194,258,113,6,91,4,29,76,0.08325266214908035,0.013552758954501452,0.06679574056147145,-259,598,29,0,29,232,42,6,33,90,9,2,7,82,5,5,0,31,1,1,0
0.95,0.02,0.9,8,2.0,False,0.05,0.75,base0p95_slope0p02_min0p9_minbase8_maxx2_noraw,1033,86,14,69,3.006776379477251,3.1868344627299128,0.18005808325266193,319,307,194,258,113,6,91,4,29,76,0.08325266214908035,0.013552758954501452,0.06679574056147145,-259,598,29,0,29,232,42,6,33,90,9,2,7,82,5,5,0,31,1,1,0
0.95,0.02,0.9,8,2.0,True,0.05,0.75,base0p95_slope0p02_min0p9_minbase8_maxx2_raw,1033,86,14,69,3.006776379477251,3.1868344627299128,0.18005808325266193,319,307,194,258,113,6,91,4,29,76,0.08325266214908035,0.013552758954501452,0.06679574056147145,-259,598,29,0,29,232,42,6,33,90,9,2,7,82,5,5,0,31,1,1,0
0.95,0.02,0.93,8,2.0,False,0.05,0.75,base0p95_slope0p02_min0p93_minbase8_maxx2_noraw,1033,86,14,69,3.006776379477251,3.1868344627299128,0.18005808325266193,319,307,194,258,113,6,91,4,29,76,0.08325266214908035,0.013552758954501452,0.06679574056147145,-259,598,29,0,29,232,42,6,33,90,9,2,7,82,5,5,0,31,1,1,0
0.95,0.02,0.93,8,2.0,True,0.05,0.75,base0p95_slope0p02_min0p93_minbase8_maxx2_raw,1033,86,14,69,3.006776379477251,3.1868344627299128,0.18005808325266193,319,307,194,258,113,6,91,4,29,76,0.08325266214908035,0.013552758954501452,0.06679574056147145,-259,598,29,0,29,232,42,6,33,90,9,2,7,82,5,5,0,31,1,1,0
0.97,0.06,0.85,8,3.0,True,0.05,0.75,base0p97_slope0p06_min0p85_minbase8_maxx3_raw,1033,81,12,66,3.006776379477251,3.272023233301065,0.2652468538238142,319,307,194,254,113,5,91,4,33,72,0.07841239109390126,0.011616650532429816,0.06389157792836399,-265,598,33,0,33,232,37,6,28,90,6,1,5,82,4,4,0,31,1,1,0
0.97,0.06,0.88,8,3.0,True,0.05,0.75,base0p97_slope0p06_min0p88_minbase8_maxx3_raw,1033,81,12,66,3.006776379477251,3.272023233301065,0.2652468538238142,319,307,194,254,113,5,91,4,33,72,0.07841239109390126,0.011616650532429816,0.06389157792836399,-265,598,33,0,33,232,37,6,28,90,6,1,5,82,4,4,0,31,1,1,0
0.97,0.06,0.9,8,3.0,True,0.05,0.75,base0p97_slope0p06_min0p9_minbase8_maxx3_raw,1033,81,12,66,3.006776379477251,3.272023233301065,0.2652468538238142,319,307,194,254,113,5,91,4,33,72,0.07841239109390126,0.011616650532429816,0.06389157792836399,-265,598,33,0,33,232,37,6,28,90,6,1,5,82,4,4,0,31,1,1,0
0.95,0.04,0.93,8,2.0,False,0.05,0.75,base0p95_slope0p04_min0p93_minbase8_maxx2_noraw,1033,90,16,71,3.006776379477251,3.196515004840271,0.18973862536302022,319,305,194,260,113,6,91,4,30,78,0.08712487899322362,0.015488867376573089,0.06873184898354308,-266,598,30,0,30,232,45,8,34,90,9,2,7,82,5,5,0,31,1,1,0
0.95,0.04,0.93,8,2.0,True,0.05,0.75,base0p95_slope0p04_min0p93_minbase8_maxx2_raw,1033,90,16,71,3.006776379477251,3.196515004840271,0.18973862536302022,319,305,194,260,113,6,91,4,30,78,0.08712487899322362,0.015488867376573089,0.06873184898354308,-266,598,30,0,30,232,45,8,34,90,9,2,7,82,5,5,0,31,1,1,0
0.97,0.08,0.85,8,2.0,False,0.05,0.75,base0p97_slope0p08_min0p85_minbase8_maxx2_noraw,1033,84,14,67,3.006776379477251,3.216844143272023,0.21006776379477232,319,307,194,257,113,6,91,4,34,74,0.08131655372700872,0.013552758954501452,0.06485963213939981,-268,598,34,0,34,232,37,6,28,90,7,2,5,82,4,4,0,31,2,2,0
0.97,0.08,0.85,8,2.0,True,0.05,0.75,base0p97_slope0p08_min0p85_minbase8_maxx2_raw,1033,84,14,67,3.006776379477251,3.216844143272023,0.21006776379477232,319,307,194,257,113,6,91,4,34,74,0.08131655372700872,0.013552758954501452,0.06485963213939981,-268,598,34,0,34,232,37,6,28,90,7,2,5,82,4,4,0,31,2,2,0
0.97,0.08,0.88,8,2.0,False,0.05,0.75,base0p97_slope0p08_min0p88_minbase8_maxx2_noraw,1033,84,14,67,3.006776379477251,3.216844143272023,0.21006776379477232,319,307,194,257,113,6,91,4,34,74,0.08131655372700872,0.013552758954501452,0.06485963213939981,-268,598,34,0,34,232,37,6,28,90,7,2,5,82,4,4,0,31,2,2,0
0.97,0.08,0.88,8,2.0,True,0.05,0.75,base0p97_slope0p08_min0p88_minbase8_maxx2_raw,1033,84,14,67,3.006776379477251,3.216844143272023,0.21006776379477232,319,307,194,257,113,6,91,4,34,74,0.08131655372700872,0.013552758954501452,0.06485963213939981,-268,598,34,0,34,232,37,6,28,90,7,2,5,82,4,4,0,31,2,2,0
0.97,0.08,0.9,8,2.0,False,0.05,0.75,base0p97_slope0p08_min0p9_minbase8_maxx2_noraw,1033,84,14,67,3.006776379477251,3.216844143272023,0.21006776379477232,319,307,194,257,113,6,91,4,34,74,0.08131655372700872,0.013552758954501452,0.06485963213939981,-268,598,34,0,34,232,37,6,28,90,7,2,5,82,4,4,0,31,2,2,0
0.97,0.08,0.9,8,2.0,True,0.05,0.75,base0p97_slope0p08_min0p9_minbase8_maxx2_raw,1033,84,14,67,3.006776379477251,3.216844143272023,0.21006776379477232,319,307,194,257,113,6,91,4,34,74,0.08131655372700872,0.013552758954501452,0.06485963213939981,-268,598,34,0,34,232,37,6,28,90,7,2,5,82,4,4,0,31,2,2,0
0.95,0.02,0.85,8,3.0,False,0.05,0.75,base0p95_slope0p02_min0p85_minbase8_maxx3_noraw,1033,91,15,73,3.006776379477251,3.2420135527589546,0.2352371732817038,319,306,194,260,113,7,91,5,31,80,0.08809293320425944,0.01452081316553727,0.07066795740561471,-270,598,31,0,31,232,44,6,35,90,9,2,7,82,6,6,0,31,1,1,0
0.95,0.02,0.85,8,3.0,True,0.05,0.75,base0p95_slope0p02_min0p85_minbase8_maxx3_raw,1033,91,15,73,3.006776379477251,3.2420135527589546,0.2352371732817038,319,306,194,260,113,7,91,5,31,80,0.08809293320425944,0.01452081316553727,0.07066795740561471,-270,598,31,0,31,232,44,6,35,90,9,2,7,82,6,6,0,31,1,1,0
0.95,0.02,0.88,8,3.0,False,0.05,0.75,base0p95_slope0p02_min0p88_minbase8_maxx3_noraw,1033,91,15,73,3.006776379477251,3.2420135527589546,0.2352371732817038,319,306,194,260,113,7,91,5,31,80,0.08809293320425944,0.01452081316553727,0.07066795740561471,-270,598,31,0,31,232,44,6,35,90,9,2,7,82,6,6,0,31,1,1,0
0.95,0.02,0.88,8,3.0,True,0.05,0.75,base0p95_slope0p02_min0p88_minbase8_maxx3_raw,1033,91,15,73,3.006776379477251,3.2420135527589546,0.2352371732817038,319,306,194,260,113,7,91,5,31,80,0.08809293320425944,0.01452081316553727,0.07066795740561471,-270,598,31,0,31,232,44,6,35,90,9,2,7,82,6,6,0,31,1,1,0
0.95,0.02,0.9,8,3.0,False,0.05,0.75,base0p95_slope0p02_min0p9_minbase8_maxx3_noraw,1033,91,15,73,3.006776379477251,3.2420135527589546,0.2352371732817038,319,306,194,260,113,7,91,5,31,80,0.08809293320425944,0.01452081316553727,0.07066795740561471,-270,598,31,0,31,232,44,6,35,90,9,2,7,82,6,6,0,31,1,1,0
0.95,0.02,0.9,8,3.0,True,0.05,0.75,base0p95_slope0p02_min0p9_minbase8_maxx3_raw,1033,91,15,73,3.006776379477251,3.2420135527589546,0.2352371732817038,319,306,194,260,113,7,91,5,31,80,0.08809293320425944,0.01452081316553727,0.07066795740561471,-270,598,31,0,31,232,44,6,35,90,9,2,7,82,6,6,0,31,1,1,0
0.95,0.02,0.93,8,3.0,False,0.05,0.75,base0p95_slope0p02_min0p93_minbase8_maxx3_noraw,1033,91,15,73,3.006776379477251,3.2420135527589546,0.2352371732817038,319,306,194,260,113,7,91,5,31,80,0.08809293320425944,0.01452081316553727,0.07066795740561471,-270,598,31,0,31,232,44,6,35,90,9,2,7,82,6,6,0,31,1,1,0
0.95,0.02,0.93,8,3.0,True,0.05,0.75,base0p95_slope0p02_min0p93_minbase8_maxx3_raw,1033,91,15,73,3.006776379477251,3.2420135527589546,0.2352371732817038,319,306,194,260,113,7,91,5,31,80,0.08809293320425944,0.01452081316553727,0.07066795740561471,-270,598,31,0,31,232,44,6,35,90,9,2,7,82,6,6,0,31,1,1,0
0.95,0.06,0.93,8,2.0,False,0.05,0.75,base0p95_slope0p06_min0p93_minbase8_maxx2_noraw,1033,94,18,73,3.006776379477251,3.195546950629235,0.18877057115198426,319,305,194,262,113,8,91,4,31,82,0.0909970958373669,0.017424975798644726,0.07066795740561471,-271,598,31,0,31,232,46,8,35,90,9,2,7,82,7,7,0,31,1,1,0
0.95,0.06,0.93,8,2.0,True,0.05,0.75,base0p95_slope0p06_min0p93_minbase8_maxx2_raw,1033,94,18,73,3.006776379477251,3.195546950629235,0.18877057115198426,319,305,194,262,113,8,91,4,31,82,0.0909970958373669,0.017424975798644726,0.07066795740561471,-271,598,31,0,31,232,46,8,35,90,9,2,7,82,7,7,0,31,1,1,0
0.95,0.08,0.93,8,2.0,False,0.05,0.75,base0p95_slope0p08_min0p93_minbase8_maxx2_noraw,1033,94,18,73,3.006776379477251,3.195546950629235,0.18877057115198426,319,305,194,262,113,8,91,4,31,82,0.0909970958373669,0.017424975798644726,0.07066795740561471,-271,598,31,0,31,232,46,8,35,90,9,2,7,82,7,7,0,31,1,1,0
0.95,0.08,0.93,8,2.0,True,0.05,0.75,base0p95_slope0p08_min0p93_minbase8_maxx2_raw,1033,94,18,73,3.006776379477251,3.195546950629235,0.18877057115198426,319,305,194,262,113,8,91,4,31,82,0.0909970958373669,0.017424975798644726,0.07066795740561471,-271,598,31,0,31,232,46,8,35,90,9,2,7,82,7,7,0,31,1,1,0
0.97,0.06,0.85,8,3.0,False,0.05,0.75,base0p97_slope0p06_min0p85_minbase8_maxx3_noraw,1033,82,12,67,3.006776379477251,3.2846079380445303,0.2778315585672795,319,307,194,254,113,5,91,4,34,73,0.07938044530493708,0.011616650532429816,0.06485963213939981,-271,598,34,0,34,232,37,6,28,90,6,1,5,82,4,4,0,31,1,1,0
0.97,0.06,0.88,8,3.0,False,0.05,0.75,base0p97_slope0p06_min0p88_minbase8_maxx3_noraw,1033,82,12,67,3.006776379477251,3.2846079380445303,0.2778315585672795,319,307,194,254,113,5,91,4,34,73,0.07938044530493708,0.011616650532429816,0.06485963213939981,-271,598,34,0,34,232,37,6,28,90,6,1,5,82,4,4,0,31,1,1,0
0.97,0.06,0.9,8,3.0,False,0.05,0.75,base0p97_slope0p06_min0p9_minbase8_maxx3_noraw,1033,82,12,67,3.006776379477251,3.2846079380445303,0.2778315585672795,319,307,194,254,113,5,91,4,34,73,0.07938044530493708,0.011616650532429816,0.06485963213939981,-271,598,34,0,34,232,37,6,28,90,6,1,5,82,4,4,0,31,1,1,0
0.95,0.04,0.85,8,2.0,False,0.05,0.75,base0p95_slope0p04_min0p85_minbase8_maxx2_noraw,1033,93,17,73,3.006776379477251,3.202323330106486,0.1955469506292351,319,305,194,262,113,7,91,4,32,81,0.09002904162633107,0.016456921587608905,0.07066795740561471,-276,598,32,0,32,232,45,8,34,90,9,2,7,82,5,5,0,31,2,2,0
0.95,0.04,0.85,8,2.0,True,0.05,0.75,base0p95_slope0p04_min0p85_minbase8_maxx2_raw,1033,93,17,73,3.006776379477251,3.202323330106486,0.1955469506292351,319,305,194,262,113,7,91,4,32,81,0.09002904162633107,0.016456921587608905,0.07066795740561471,-276,598,32,0,32,232,45,8,34,90,9,2,7,82,5,5,0,31,2,2,0
0.95,0.04,0.88,8,2.0,False,0.05,0.75,base0p95_slope0p04_min0p88_minbase8_maxx2_noraw,1033,93,17,73,3.006776379477251,3.202323330106486,0.1955469506292351,319,305,194,262,113,7,91,4,32,81,0.09002904162633107,0.016456921587608905,0.07066795740561471,-276,598,32,0,32,232,45,8,34,90,9,2,7,82,5,5,0,31,2,2,0
0.95,0.04,0.88,8,2.0,True,0.05,0.75,base0p95_slope0p04_min0p88_minbase8_maxx2_raw,1033,93,17,73,3.006776379477251,3.202323330106486,0.1955469506292351,319,305,194,262,113,7,91,4,32,81,0.09002904162633107,0.016456921587608905,0.07066795740561471,-276,598,32,0,32,232,45,8,34,90,9,2,7,82,5,5,0,31,2,2,0
0.95,0.04,0.9,8,2.0,False,0.05,0.75,base0p95_slope0p04_min0p9_minbase8_maxx2_noraw,1033,93,17,73,3.006776379477251,3.202323330106486,0.1955469506292351,319,305,194,262,113,7,91,4,32,81,0.09002904162633107,0.016456921587608905,0.07066795740561471,-276,598,32,0,32,232,45,8,34,90,9,2,7,82,5,5,0,31,2,2,0
0.95,0.04,0.9,8,2.0,True,0.05,0.75,base0p95_slope0p04_min0p9_minbase8_maxx2_raw,1033,93,17,73,3.006776379477251,3.202323330106486,0.1955469506292351,319,305,194,262,113,7,91,4,32,81,0.09002904162633107,0.016456921587608905,0.07066795740561471,-276,598,32,0,32,232,45,8,34,90,9,2,7,82,5,5,0,31,2,2,0
0.95,0.04,0.93,8,3.0,False,0.05,0.75,base0p95_slope0p04_min0p93_minbase8_maxx3_noraw,1033,95,17,75,3.006776379477251,3.2516940948693125,0.24491771539206164,319,304,194,262,113,7,91,5,32,82,0.09196515004840271,0.016456921587608905,0.07260406582768635,-277,598,32,0,32,232,47,8,36,90,9,2,7,82,6,6,0,31,1,1,0
0.95,0.04,0.93,8,3.0,True,0.05,0.75,base0p95_slope0p04_min0p93_minbase8_maxx3_raw,1033,95,17,75,3.006776379477251,3.2516940948693125,0.24491771539206164,319,304,194,262,113,7,91,5,32,82,0.09196515004840271,0.016456921587608905,0.07260406582768635,-277,598,32,0,32,232,47,8,36,90,9,2,7,82,6,6,0,31,1,1,0
0.95,0.06,0.93,8,3.0,False,0.05,0.75,base0p95_slope0p06_min0p93_minbase8_maxx3_noraw,1033,99,19,77,3.006776379477251,3.250726040658277,0.24394966118102612,319,304,194,264,113,9,91,5,33,86,0.09583736689254599,0.018393030009680542,0.07454017424975799,-282,598,33,0,33,232,48,8,37,90,9,2,7,82,8,8,0,31,1,1,0
0.95,0.06,0.93,8,3.0,True,0.05,0.75,base0p95_slope0p06_min0p93_minbase8_maxx3_raw,1033,99,19,77,3.006776379477251,3.250726040658277,0.24394966118102612,319,304,194,264,113,9,91,5,33,86,0.09583736689254599,0.018393030009680542,0.07454017424975799,-282,598,33,0,33,232,48,8,37,90,9,2,7,82,8,8,0,31,1,1,0
0.95,0.08,0.93,8,3.0,False,0.05,0.75,base0p95_slope0p08_min0p93_minbase8_maxx3_noraw,1033,99,19,77,3.006776379477251,3.250726040658277,0.24394966118102612,319,304,194,264,113,9,91,5,33,86,0.09583736689254599,0.018393030009680542,0.07454017424975799,-282,598,33,0,33,232,48,8,37,90,9,2,7,82,8,8,0,31,1,1,0
0.95,0.08,0.93,8,3.0,True,0.05,0.75,base0p95_slope0p08_min0p93_minbase8_maxx3_raw,1033,99,19,77,3.006776379477251,3.250726040658277,0.24394966118102612,319,304,194,264,113,9,91,5,33,86,0.09583736689254599,0.018393030009680542,0.07454017424975799,-282,598,33,0,33,232,48,8,37,90,9,2,7,82,8,8,0,31,1,1,0
0.95,0.04,0.85,8,3.0,True,0.05,0.75,base0p95_slope0p04_min0p85_minbase8_maxx3_raw,1033,100,18,79,3.006776379477251,3.283639883833495,0.27686350435624396,319,304,194,266,113,8,91,5,35,87,0.0968054211035818,0.017424975798644726,0.07647628267182963,-296,598,35,0,35,232,48,8,37,90,9,2,7,82,6,6,0,31,2,2,0
0.95,0.04,0.88,8,3.0,True,0.05,0.75,base0p95_slope0p04_min0p88_minbase8_maxx3_raw,1033,100,18,79,3.006776379477251,3.283639883833495,0.27686350435624396,319,304,194,266,113,8,91,5,35,87,0.0968054211035818,0.017424975798644726,0.07647628267182963,-296,598,35,0,35,232,48,8,37,90,9,2,7,82,6,6,0,31,2,2,0
0.95,0.04,0.9,8,3.0,True,0.05,0.75,base0p95_slope0p04_min0p9_minbase8_maxx3_raw,1033,100,18,79,3.006776379477251,3.283639883833495,0.27686350435624396,319,304,194,266,113,8,91,5,35,87,0.0968054211035818,0.017424975798644726,0.07647628267182963,-296,598,35,0,35,232,48,8,37,90,9,2,7,82,6,6,0,31,2,2,0
0.95,0.06,0.85,8,2.0,False,0.05,0.75,base0p95_slope0p06_min0p85_minbase8_maxx2_noraw,1033,103,20,80,3.006776379477251,3.229428848015489,0.22265246853823806,319,304,194,268,113,10,91,5,37,89,0.09970958373668926,0.01936108422071636,0.07744433688286544,-300,598,37,0,37,232,47,8,36,90,9,2,7,82,8,8,0,31,2,2,0
0.95,0.06,0.85,8,2.0,True,0.05,0.75,base0p95_slope0p06_min0p85_minbase8_maxx2_raw,1033,103,20,80,3.006776379477251,3.229428848015489,0.22265246853823806,319,304,194,268,113,10,91,5,37,89,0.09970958373668926,0.01936108422071636,0.07744433688286544,-300,598,37,0,37,232,47,8,36,90,9,2,7,82,8,8,0,31,2,2,0
0.95,0.06,0.88,8,2.0,False,0.05,0.75,base0p95_slope0p06_min0p88_minbase8_maxx2_noraw,1033,103,20,80,3.006776379477251,3.229428848015489,0.22265246853823806,319,304,194,268,113,10,91,5,37,89,0.09970958373668926,0.01936108422071636,0.07744433688286544,-300,598,37,0,37,232,47,8,36,90,9,2,7,82,8,8,0,31,2,2,0
0.95,0.06,0.88,8,2.0,True,0.05,0.75,base0p95_slope0p06_min0p88_minbase8_maxx2_raw,1033,103,20,80,3.006776379477251,3.229428848015489,0.22265246853823806,319,304,194,268,113,10,91,5,37,89,0.09970958373668926,0.01936108422071636,0.07744433688286544,-300,598,37,0,37,232,47,8,36,90,9,2,7,82,8,8,0,31,2,2,0
0.95,0.06,0.9,8,2.0,False,0.05,0.75,base0p95_slope0p06_min0p9_minbase8_maxx2_noraw,1033,103,20,80,3.006776379477251,3.229428848015489,0.22265246853823806,319,304,194,268,113,10,91,5,37,89,0.09970958373668926,0.01936108422071636,0.07744433688286544,-300,598,37,0,37,232,47,8,36,90,9,2,7,82,8,8,0,31,2,2,0
0.95,0.06,0.9,8,2.0,True,0.05,0.75,base0p95_slope0p06_min0p9_minbase8_maxx2_raw,1033,103,20,80,3.006776379477251,3.229428848015489,0.22265246853823806,319,304,194,268,113,10,91,5,37,89,0.09970958373668926,0.01936108422071636,0.07744433688286544,-300,598,37,0,37,232,47,8,36,90,9,2,7,82,8,8,0,31,2,2,0
0.97,0.08,0.85,8,3.0,False,0.05,0.75,base0p97_slope0p08_min0p85_minbase8_maxx3_noraw,1033,91,14,74,3.006776379477251,3.334946757018393,0.328170377541142,319,306,194,261,113,6,91,4,38,81,0.08809293320425944,0.013552758954501452,0.07163601161665054,-301,598,38,0,38,232,40,6,31,90,7,2,5,82,4,4,0,31,2,2,0
0.97,0.08,0.85,8,3.0,True,0.05,0.75,base0p97_slope0p08_min0p85_minbase8_maxx3_raw,1033,91,14,74,3.006776379477251,3.3213939980638916,0.3146176185866407,319,306,194,261,113,6,91,4,38,81,0.08809293320425944,0.013552758954501452,0.07163601161665054,-301,598,38,0,38,232,40,6,31,90,7,2,5,82,4,4,0,31,2,2,0
0.97,0.08,0.88,8,3.0,False,0.05,0.75,base0p97_slope0p08_min0p88_minbase8_maxx3_noraw,1033,91,14,74,3.006776379477251,3.334946757018393,0.328170377541142,319,306,194,261,113,6,91,4,38,81,0.08809293320425944,0.013552758954501452,0.07163601161665054,-301,598,38,0,38,232,40,6,31,90,7,2,5,82,4,4,0,31,2,2,0
0.97,0.08,0.88,8,3.0,True,0.05,0.75,base0p97_slope0p08_min0p88_minbase8_maxx3_raw,1033,91,14,74,3.006776379477251,3.3213939980638916,0.3146176185866407,319,306,194,261,113,6,91,4,38,81,0.08809293320425944,0.013552758954501452,0.07163601161665054,-301,598,38,0,38,232,40,6,31,90,7,2,5,82,4,4,0,31,2,2,0
0.97,0.08,0.9,8,3.0,False,0.05,0.75,base0p97_slope0p08_min0p9_minbase8_maxx3_noraw,1033,91,14,74,3.006776379477251,3.313649564375605,0.30687318489835436,319,306,194,261,113,6,91,4,38,81,0.08809293320425944,0.013552758954501452,0.07163601161665054,-301,598,38,0,38,232,40,6,31,90,7,2,5,82,4,4,0,31,2,2,0
0.97,0.08,0.9,8,3.0,True,0.05,0.75,base0p97_slope0p08_min0p9_minbase8_maxx3_raw,1033,91,14,74,3.006776379477251,3.313649564375605,0.30687318489835436,319,306,194,261,113,6,91,4,38,81,0.08809293320425944,0.013552758954501452,0.07163601161665054,-301,598,38,0,38,232,40,6,31,90,7,2,5,82,4,4,0,31,2,2,0
0.95,0.04,0.85,8,3.0,False,0.05,0.75,base0p95_slope0p04_min0p85_minbase8_maxx3_noraw,1033,101,18,80,3.006776379477251,3.29622458857696,0.28944820909970925,319,304,194,266,113,8,91,5,36,88,0.09777347531461762,0.017424975798644726,0.07744433688286544,-302,598,36,0,36,232,48,8,37,90,9,2,7,82,6,6,0,31,2,2,0
0.95,0.04,0.88,8,3.0,False,0.05,0.75,base0p95_slope0p04_min0p88_minbase8_maxx3_noraw,1033,101,18,80,3.006776379477251,3.29622458857696,0.28944820909970925,319,304,194,266,113,8,91,5,36,88,0.09777347531461762,0.017424975798644726,0.07744433688286544,-302,598,36,0,36,232,48,8,37,90,9,2,7,82,6,6,0,31,2,2,0
0.95,0.04,0.9,8,3.0,False,0.05,0.75,base0p95_slope0p04_min0p9_minbase8_maxx3_noraw,1033,101,18,80,3.006776379477251,3.29622458857696,0.28944820909970925,319,304,194,266,113,8,91,5,36,88,0.09777347531461762,0.017424975798644726,0.07744433688286544,-302,598,36,0,36,232,48,8,37,90,9,2,7,82,6,6,0,31,2,2,0
0.95,0.08,0.85,8,2.0,False,0.05,0.75,base0p95_slope0p08_min0p85_minbase8_maxx2_noraw,1033,106,20,83,3.006776379477251,3.2468538238141336,0.24007744433688272,319,304,194,271,113,10,91,5,39,92,0.10261374636979671,0.01936108422071636,0.0803484995159729,-315,598,39,0,39,232,48,8,37,90,9,2,7,82,8,8,0,31,2,2,0
0.95,0.08,0.85,8,2.0,True,0.05,0.75,base0p95_slope0p08_min0p85_minbase8_maxx2_raw,1033,106,20,83,3.006776379477251,3.2468538238141336,0.24007744433688272,319,304,194,271,113,10,91,5,39,92,0.10261374636979671,0.01936108422071636,0.0803484995159729,-315,598,39,0,39,232,48,8,37,90,9,2,7,82,8,8,0,31,2,2,0
0.95,0.08,0.88,8,2.0,False,0.05,0.75,base0p95_slope0p08_min0p88_minbase8_maxx2_noraw,1033,106,20,83,3.006776379477251,3.2468538238141336,0.24007744433688272,319,304,194,271,113,10,91,5,39,92,0.10261374636979671,0.01936108422071636,0.0803484995159729,-315,598,39,0,39,232,48,8,37,90,9,2,7,82,8,8,0,31,2,2,0
0.95,0.08,0.88,8,2.0,True,0.05,0.75,base0p95_slope0p08_min0p88_minbase8_maxx2_raw,1033,106,20,83,3.006776379477251,3.2468538238141336,0.24007744433688272,319,304,194,271,113,10,91,5,39,92,0.10261374636979671,0.01936108422071636,0.0803484995159729,-315,598,39,0,39,232,48,8,37,90,9,2,7,82,8,8,0,31,2,2,0
0.95,0.08,0.9,8,2.0,False,0.05,0.75,base0p95_slope0p08_min0p9_minbase8_maxx2_noraw,1033,106,20,83,3.006776379477251,3.2468538238141336,0.24007744433688272,319,304,194,271,113,10,91,5,39,92,0.10261374636979671,0.01936108422071636,0.0803484995159729,-315,598,39,0,39,232,48,8,37,90,9,2,7,82,8,8,0,31,2,2,0
0.95,0.08,0.9,8,2.0,True,0.05,0.75,base0p95_slope0p08_min0p9_minbase8_maxx2_raw,1033,106,20,83,3.006776379477251,3.2468538238141336,0.24007744433688272,319,304,194,271,113,10,91,5,39,92,0.10261374636979671,0.01936108422071636,0.0803484995159729,-315,598,39,0,39,232,48,8,37,90,9,2,7,82,8,8,0,31,2,2,0
0.95,0.06,0.85,8,3.0,False,0.05,0.75,base0p95_slope0p06_min0p85_minbase8_maxx3_noraw,1033,110,20,87,3.006776379477251,3.3475314617618586,0.3407550822846077,319,303,194,272,113,10,91,5,41,96,0.10648596321393998,0.01936108422071636,0.08422071636011616,-333,598,41,0,41,232,50,8,39,90,9,2,7,82,8,8,0,31,2,2,0
0.95,0.06,0.85,8,3.0,True,0.05,0.75,base0p95_slope0p06_min0p85_minbase8_maxx3_raw,1033,110,20,87,3.006776379477251,3.3339787028073573,0.32720232333010646,319,303,194,272,113,10,91,5,41,96,0.10648596321393998,0.01936108422071636,0.08422071636011616,-333,598,41,0,41,232,50,8,39,90,9,2,7,82,8,8,0,31,2,2,0
0.95,0.06,0.88,8,3.0,False,0.05,0.75,base0p95_slope0p06_min0p88_minbase8_maxx3_noraw,1033,110,20,87,3.006776379477251,3.3475314617618586,0.3407550822846077,319,303,194,272,113,10,91,5,41,96,0.10648596321393998,0.01936108422071636,0.08422071636011616,-333,598,41,0,41,232,50,8,39,90,9,2,7,82,8,8,0,31,2,2,0
0.95,0.06,0.88,8,3.0,True,0.05,0.75,base0p95_slope0p06_min0p88_minbase8_maxx3_raw,1033,110,20,87,3.006776379477251,3.3339787028073573,0.32720232333010646,319,303,194,272,113,10,91,5,41,96,0.10648596321393998,0.01936108422071636,0.08422071636011616,-333,598,41,0,41,232,50,8,39,90,9,2,7,82,8,8,0,31,2,2,0
0.95,0.06,0.9,8,3.0,False,0.05,0.75,base0p95_slope0p06_min0p9_minbase8_maxx3_noraw,1033,110,20,87,3.006776379477251,3.3262342691190705,0.31945788964181965,319,303,194,272,113,10,91,5,41,96,0.10648596321393998,0.01936108422071636,0.08422071636011616,-333,598,41,0,41,232,50,8,39,90,9,2,7,82,8,8,0,31,2,2,0
0.95,0.06,0.9,8,3.0,True,0.05,0.75,base0p95_slope0p06_min0p9_minbase8_maxx3_raw,1033,110,20,87,3.006776379477251,3.3262342691190705,0.31945788964181965,319,303,194,272,113,10,91,5,41,96,0.10648596321393998,0.01936108422071636,0.08422071636011616,-333,598,41,0,41,232,50,8,39,90,9,2,7,82,8,8,0,31,2,2,0
0.95,0.08,0.9,8,3.0,False,0.05,0.75,base0p95_slope0p08_min0p9_minbase8_maxx3_noraw,1033,113,20,90,3.006776379477251,3.3436592449177156,0.33688286544046475,319,303,194,275,113,10,91,5,43,99,0.10939012584704744,0.01936108422071636,0.08712487899322362,-348,598,43,0,43,232,51,8,40,90,9,2,7,82,8,8,0,31,2,2,0
0.95,0.08,0.9,8,3.0,True,0.05,0.75,base0p95_slope0p08_min0p9_minbase8_maxx3_raw,1033,113,20,90,3.006776379477251,3.3436592449177156,0.33688286544046475,319,303,194,275,113,10,91,5,43,99,0.10939012584704744,0.01936108422071636,0.08712487899322362,-348,598,43,0,43,232,51,8,40,90,9,2,7,82,8,8,0,31,2,2,0
0.95,0.08,0.88,8,3.0,True,0.05,0.75,base0p95_slope0p08_min0p88_minbase8_maxx3_raw,1033,114,20,91,3.006776379477251,3.3852855759922558,0.3785091965150049,319,303,194,276,113,10,91,5,43,100,0.11035818005808325,0.01936108422071636,0.08809293320425944,-351,598,43,0,43,232,52,8,41,90,9,2,7,82,8,8,0,31,2,2,0
0.95,0.08,0.88,8,3.0,False,0.05,0.75,base0p95_slope0p08_min0p88_minbase8_maxx3_noraw,1033,115,20,92,3.006776379477251,3.393998063891578,0.38722168441432725,319,303,194,276,113,10,91,5,44,101,0.11132623426911907,0.01936108422071636,0.08906098741529525,-357,598,44,0,44,232,52,8,41,90,9,2,7,82,8,8,0,31,2,2,0
0.95,0.08,0.85,8,3.0,False,0.05,0.75,base0p95_slope0p08_min0p85_minbase8_maxx3_noraw,1033,116,20,93,3.006776379477251,3.4172313649564376,0.4104549854791868,319,303,194,277,113,10,91,5,45,102,0.1122942884801549,0.01936108422071636,0.09002904162633107,-363,598,45,0,45,232,52,8,41,90,9,2,7,82,8,8,0,31,2,2,0
0.95,0.08,0.85,8,3.0,True,0.05,0.75,base0p95_slope0p08_min0p85_minbase8_maxx3_raw,1033,116,20,93,3.006776379477251,3.4172313649564376,0.4104549854791868,319,303,194,277,113,10,91,5,45,102,0.1122942884801549,0.01936108422071636,0.09002904162633107,-363,598,45,0,45,232,52,8,41,90,9,2,7,82,8,8,0,31,2,2,0
