candidate_key,row_key,case_index,task_group,length_bucket,candidate_kind,control_label,deployable,canvas_tokens,seed,total_steps,status,passed,reference_middle_tokens_offline_only,candidate_middle_tokens,candidate_full_code_sha256,candidate_middle_sha256,candidate_full_ast_sha256,inverse_renamed_full_code_sha256,inverse_renamed_middle_sha256,inverse_renamed_full_ast_sha256,inverse_rename_tokenize_exact,mean_final_confidence,decode_sec,verification_sec,total_sec_including_probe,wall_sec,compile_passed,tier2_smoke_exec_passed,tier3_unit_tests_passed,error_type,error_message
HumanEval-RandomSpanInfillingLight:0:e6406c38161ca2e1|alpha_renamed_auxiliary|canvas=16|seed=0,HumanEval-RandomSpanInfillingLight:0:e6406c38161ca2e1,0,HumanEval/0,long,alpha_renamed_auxiliary,metamorphic_auxiliary_only,False,16,0,64,ok,False,18,16,df3d2cf3de0c993c78eabdf4fd9d71d90f2cc7d90e71f96d7bbad018a6b51c95,c0244233d1cadb536f7b0836441f499527b114f3820b4100a9e96a30070e4b7d,f65a2cefac395c31fc8ffa09baed7f3253db3902de326758f9209f198c7de324,160fbfa66111c70274d46a30b0027a537b9c7396e2ff9910b6b5bc82cef1d7ed,5a7fe6976d0d2f8ff788147b01c3e8298940408fec7d11e62e483356c90c7755,5b545b3b23e1de15fa597ac8af470480def60f2ee5ba00f3afc3c04cfcc6cc44,True,1.0,2.164803523104638,0.13627277803607285,2.3010763011407107,2.3101180099183694,True,True,False,UnitTestFailure,failed: name 'phase5_local_0' is not defined
HumanEval-RandomSpanInfillingLight:0:e6406c38161ca2e1|alpha_renamed_auxiliary|canvas=16|seed=1,HumanEval-RandomSpanInfillingLight:0:e6406c38161ca2e1,0,HumanEval/0,long,alpha_renamed_auxiliary,metamorphic_auxiliary_only,False,16,1,64,ok,False,18,16,df3d2cf3de0c993c78eabdf4fd9d71d90f2cc7d90e71f96d7bbad018a6b51c95,c0244233d1cadb536f7b0836441f499527b114f3820b4100a9e96a30070e4b7d,f65a2cefac395c31fc8ffa09baed7f3253db3902de326758f9209f198c7de324,160fbfa66111c70274d46a30b0027a537b9c7396e2ff9910b6b5bc82cef1d7ed,5a7fe6976d0d2f8ff788147b01c3e8298940408fec7d11e62e483356c90c7755,5b545b3b23e1de15fa597ac8af470480def60f2ee5ba00f3afc3c04cfcc6cc44,True,1.0,2.1428301910636947,0.1164578819880262,2.259288073051721,2.266790298046544,True,True,False,UnitTestFailure,failed: name 'phase5_local_0' is not defined
HumanEval-RandomSpanInfillingLight:0:e6406c38161ca2e1|alpha_renamed_auxiliary|canvas=32|seed=0,HumanEval-RandomSpanInfillingLight:0:e6406c38161ca2e1,0,HumanEval/0,long,alpha_renamed_auxiliary,metamorphic_auxiliary_only,False,32,0,64,ok,False,18,32,4bfca123fe2492878e9365457ea4f0e07c8108f9d126e66c497ef9cd9f2d8f9b,4614468a64f3afead6567f52d06dab6fbce08cf24713835dc74447442255f028,,dd3e126c29919ee2b1b4472e09238fe7146af29286b2387d8abd52b3dac80034,fa39d296d45c7e846631323684cd4c6ac8863e09abc22f2ab506ac0b1633b816,,True,1.0,2.181827086955309,0.00024396704975515604,2.182071054005064,2.1874889510218054,False,False,False,SyntaxError,"invalid syntax (<unknown>, line 16)"
HumanEval-RandomSpanInfillingLight:0:e6406c38161ca2e1|alpha_renamed_auxiliary|canvas=32|seed=1,HumanEval-RandomSpanInfillingLight:0:e6406c38161ca2e1,0,HumanEval/0,long,alpha_renamed_auxiliary,metamorphic_auxiliary_only,False,32,1,64,ok,False,18,32,4bfca123fe2492878e9365457ea4f0e07c8108f9d126e66c497ef9cd9f2d8f9b,4614468a64f3afead6567f52d06dab6fbce08cf24713835dc74447442255f028,,dd3e126c29919ee2b1b4472e09238fe7146af29286b2387d8abd52b3dac80034,fa39d296d45c7e846631323684cd4c6ac8863e09abc22f2ab506ac0b1633b816,,True,1.0,2.163068024092354,0.000164853991009295,2.163232878083363,2.16687502595596,False,False,False,SyntaxError,"invalid syntax (<unknown>, line 16)"
HumanEval-RandomSpanInfillingLight:0:e6406c38161ca2e1|alpha_renamed_auxiliary|canvas=64|seed=0,HumanEval-RandomSpanInfillingLight:0:e6406c38161ca2e1,0,HumanEval/0,long,alpha_renamed_auxiliary,metamorphic_auxiliary_only,False,64,0,64,ok,True,18,64,f4fd2eb3e5ea45fed02d8cfb00942f69268722db24b1fa9a6d99c9a98ff6beaf,e5235d27a9f02d136947880255a9c647f969bf0483cc8b92dd9c9bfec205bd43,3347d6755fc215f6a63834f02a30fdd17ae9fd66b2a1e3bf2e7422b0101f86ad,39b78a79b277f39046fd5f2e0ffc64f5a13a3dd187e66ac72b687f4056ebabc5,510853af047de9601889568ad61ef171f9b748da091028dcd9a43b7e10098eaa,ab328b1f99fc45934fde4ae4015c56bc407102a5db019d7baf09cdd6134b18f0,True,0.9921875,2.18419683794491,0.12003934488166124,2.304236182826571,2.311340462998487,True,True,True,,
HumanEval-RandomSpanInfillingLight:0:e6406c38161ca2e1|alpha_renamed_auxiliary|canvas=64|seed=1,HumanEval-RandomSpanInfillingLight:0:e6406c38161ca2e1,0,HumanEval/0,long,alpha_renamed_auxiliary,metamorphic_auxiliary_only,False,64,1,64,ok,True,18,64,f4fd2eb3e5ea45fed02d8cfb00942f69268722db24b1fa9a6d99c9a98ff6beaf,e5235d27a9f02d136947880255a9c647f969bf0483cc8b92dd9c9bfec205bd43,3347d6755fc215f6a63834f02a30fdd17ae9fd66b2a1e3bf2e7422b0101f86ad,39b78a79b277f39046fd5f2e0ffc64f5a13a3dd187e66ac72b687f4056ebabc5,510853af047de9601889568ad61ef171f9b748da091028dcd9a43b7e10098eaa,ab328b1f99fc45934fde4ae4015c56bc407102a5db019d7baf09cdd6134b18f0,True,0.9921875,2.1939287710702047,0.12940922984853387,2.3233380009187385,2.3299784529954195,True,True,True,,
HumanEval-RandomSpanInfillingLight:0:e6406c38161ca2e1|alpha_renamed_auxiliary|canvas=128|seed=0,HumanEval-RandomSpanInfillingLight:0:e6406c38161ca2e1,0,HumanEval/0,long,alpha_renamed_auxiliary,metamorphic_auxiliary_only,False,128,0,64,ok,False,18,128,c873da7af741e1892a6dc0492439e91494ec8a9c1ad6207688286f866c56b699,ce1d6b5b09553d695545d9830f0b6d4a1c75b10ded4cf6e107f8ee7c49d2a3df,,aaf13cdba8b690521a565562479940d300f610bd517baff391a9177afa621436,8cb363f152daf2febc1b6be1679d175f51293a6444eee1a8e236223f34989507,,False,0.9921875,2.8028000090271235,0.00025775504764169455,2.803057764074765,2.8095940690254793,False,False,False,SyntaxError,"invalid syntax (<unknown>, line 21)"
HumanEval-RandomSpanInfillingLight:0:e6406c38161ca2e1|alpha_renamed_auxiliary|canvas=128|seed=1,HumanEval-RandomSpanInfillingLight:0:e6406c38161ca2e1,0,HumanEval/0,long,alpha_renamed_auxiliary,metamorphic_auxiliary_only,False,128,1,64,ok,False,18,128,c873da7af741e1892a6dc0492439e91494ec8a9c1ad6207688286f866c56b699,ce1d6b5b09553d695545d9830f0b6d4a1c75b10ded4cf6e107f8ee7c49d2a3df,,aaf13cdba8b690521a565562479940d300f610bd517baff391a9177afa621436,8cb363f152daf2febc1b6be1679d175f51293a6444eee1a8e236223f34989507,,False,0.9921875,2.83007919206284,0.0003673809114843607,2.8304465729743242,2.836852213018574,False,False,False,SyntaxError,"invalid syntax (<unknown>, line 21)"
HumanEval-RandomSpanInfillingLight:1:dac9278b36595a63|alpha_renamed_auxiliary|canvas=16|seed=0,HumanEval-RandomSpanInfillingLight:1:dac9278b36595a63,1,HumanEval/1,extreme,alpha_renamed_auxiliary,metamorphic_auxiliary_only,False,16,0,64,ok,False,47,16,80c9a6b3c39e1e223e528fe4b1245fd3500e4d72b49caf32a7bd44d17331ebee,2284e9323727774dee6ebd5c452784531054de9c427e3fa6e83e86785eba20ff,,e57a0816f692311680c07590a9fa5e4e61d529172865b158073214c4186d8f6b,b990e1d97429af8f2b4d3ffcc3e28cae1e665b3bf8a8513fbe71d43b18c8aa6e,,False,0.96484375,2.148974939947948,0.00022529892157763243,2.1492002388695255,2.155072632012889,False,False,False,SyntaxError,"unindent does not match any outer indentation level (<unknown>, line 15)"
HumanEval-RandomSpanInfillingLight:1:dac9278b36595a63|alpha_renamed_auxiliary|canvas=16|seed=1,HumanEval-RandomSpanInfillingLight:1:dac9278b36595a63,1,HumanEval/1,extreme,alpha_renamed_auxiliary,metamorphic_auxiliary_only,False,16,1,64,ok,False,47,16,80c9a6b3c39e1e223e528fe4b1245fd3500e4d72b49caf32a7bd44d17331ebee,2284e9323727774dee6ebd5c452784531054de9c427e3fa6e83e86785eba20ff,,e57a0816f692311680c07590a9fa5e4e61d529172865b158073214c4186d8f6b,b990e1d97429af8f2b4d3ffcc3e28cae1e665b3bf8a8513fbe71d43b18c8aa6e,,False,0.96484375,2.1604336430318654,0.00015851494390517473,2.1605921579757705,2.165037675993517,False,False,False,SyntaxError,"unindent does not match any outer indentation level (<unknown>, line 15)"
HumanEval-RandomSpanInfillingLight:1:dac9278b36595a63|alpha_renamed_auxiliary|canvas=32|seed=0,HumanEval-RandomSpanInfillingLight:1:dac9278b36595a63,1,HumanEval/1,extreme,alpha_renamed_auxiliary,metamorphic_auxiliary_only,False,32,0,64,ok,False,47,32,6c7946431b4a6fcff71e8c2f5875ab3f60b82f1a9fc8133d2fd9dad24f5d87be,3b00a2332161bafb66383e89a9b559b47a95a71a40be97e691c2941c9c54c9b6,9e3936f3f2c99fea23d70828cc3353e16c6d7edbf0bc570749df1c4cdd1939f3,e71464dbcfcc83015b6b3a5369d00efd52f5db8a317e98463dd819eabf1f004b,7ff9dff09b99549cef9f95f1e5fd5117d1d667618367490711026f665a92fcc6,db62f8bed515a936a3979020256092a82eda9b9aeb7ca5fb80d2882541b8300d,True,0.984375,2.150157035095617,0.14105395402293652,2.2912109891185537,2.298397895996459,True,True,False,UnitTestFailure,failed: local variable 'phase5_local_1' referenced before assignment
HumanEval-RandomSpanInfillingLight:1:dac9278b36595a63|alpha_renamed_auxiliary|canvas=32|seed=1,HumanEval-RandomSpanInfillingLight:1:dac9278b36595a63,1,HumanEval/1,extreme,alpha_renamed_auxiliary,metamorphic_auxiliary_only,False,32,1,64,ok,False,47,32,6c7946431b4a6fcff71e8c2f5875ab3f60b82f1a9fc8133d2fd9dad24f5d87be,3b00a2332161bafb66383e89a9b559b47a95a71a40be97e691c2941c9c54c9b6,9e3936f3f2c99fea23d70828cc3353e16c6d7edbf0bc570749df1c4cdd1939f3,e71464dbcfcc83015b6b3a5369d00efd52f5db8a317e98463dd819eabf1f004b,7ff9dff09b99549cef9f95f1e5fd5117d1d667618367490711026f665a92fcc6,db62f8bed515a936a3979020256092a82eda9b9aeb7ca5fb80d2882541b8300d,True,0.984375,2.170404659002088,0.13932139601092786,2.309726055013016,2.3176333450246602,True,True,False,UnitTestFailure,failed: local variable 'phase5_local_1' referenced before assignment
HumanEval-RandomSpanInfillingLight:1:dac9278b36595a63|alpha_renamed_auxiliary|canvas=64|seed=0,HumanEval-RandomSpanInfillingLight:1:dac9278b36595a63,1,HumanEval/1,extreme,alpha_renamed_auxiliary,metamorphic_auxiliary_only,False,64,0,64,ok,False,47,64,b671b36c77aa0fd31696bdc29097fc5e6e111f5c15dc75c82c2bd085f1c5ab2c,6ab9cb5c7c39f6525730f70398d7ec2ddcecfaeade971110a9f5fd87eb9451fb,3a6435d4e6dc474a4b761ff43593f3f03bd1db73243def2475e19e31f39e919a,802943ef2ef77f936f744d1090981262707021775e5ba03fb869fab25909523c,02dcafcc9f9f76c53a431aee4a072e76f726329e03889381e08036e47361ba50,d3a1bf50a16140b421edaa9df24b40927183f9fada7c4d37f5fde24dd799a4a0,True,0.98828125,2.6960070820059627,0.13708577281795442,2.833092854823917,2.8415565859759226,True,True,False,UnitTestFailure,failed:
HumanEval-RandomSpanInfillingLight:1:dac9278b36595a63|alpha_renamed_auxiliary|canvas=64|seed=1,HumanEval-RandomSpanInfillingLight:1:dac9278b36595a63,1,HumanEval/1,extreme,alpha_renamed_auxiliary,metamorphic_auxiliary_only,False,64,1,64,ok,False,47,64,b671b36c77aa0fd31696bdc29097fc5e6e111f5c15dc75c82c2bd085f1c5ab2c,6ab9cb5c7c39f6525730f70398d7ec2ddcecfaeade971110a9f5fd87eb9451fb,3a6435d4e6dc474a4b761ff43593f3f03bd1db73243def2475e19e31f39e919a,802943ef2ef77f936f744d1090981262707021775e5ba03fb869fab25909523c,02dcafcc9f9f76c53a431aee4a072e76f726329e03889381e08036e47361ba50,d3a1bf50a16140b421edaa9df24b40927183f9fada7c4d37f5fde24dd799a4a0,True,0.98828125,2.7169674090109766,0.13783497700933367,2.8548023860203102,2.862068207003176,True,True,False,UnitTestFailure,failed:
HumanEval-RandomSpanInfillingLight:1:dac9278b36595a63|alpha_renamed_auxiliary|canvas=128|seed=0,HumanEval-RandomSpanInfillingLight:1:dac9278b36595a63,1,HumanEval/1,extreme,alpha_renamed_auxiliary,metamorphic_auxiliary_only,False,128,0,64,ok,False,47,128,54d932f6b1488ff80e5ab7bb7a1af20cc84b2dc2c2e1d595fed01f5c4610f312,2d60c0715dbb1a93bf9defe739340390317fc5a5eed2b83c3eba419644452de3,2529637050d69445ba94ed4bbe75d46f8b0e028ddd1a7fbbe02e3942d310c68d,3f46f69b0f3cf7b7f892a7de0ffc1caf9a1060d2f150d9c430c587e7928daf9a,3b759a32728f3306e4a4165e5360f1063d4dab97059d110b2a6d13925fcea6c6,59fdbb93d6fd61731f2273d9a3b06962db6f76991c570ea6a02fbfa133e15a82,True,0.953125,2.8395209499867633,0.1352090430445969,2.97472999303136,2.983229462057352,True,True,False,UnitTestFailure,failed:
HumanEval-RandomSpanInfillingLight:1:dac9278b36595a63|alpha_renamed_auxiliary|canvas=128|seed=1,HumanEval-RandomSpanInfillingLight:1:dac9278b36595a63,1,HumanEval/1,extreme,alpha_renamed_auxiliary,metamorphic_auxiliary_only,False,128,1,64,ok,False,47,128,54d932f6b1488ff80e5ab7bb7a1af20cc84b2dc2c2e1d595fed01f5c4610f312,2d60c0715dbb1a93bf9defe739340390317fc5a5eed2b83c3eba419644452de3,2529637050d69445ba94ed4bbe75d46f8b0e028ddd1a7fbbe02e3942d310c68d,3f46f69b0f3cf7b7f892a7de0ffc1caf9a1060d2f150d9c430c587e7928daf9a,3b759a32728f3306e4a4165e5360f1063d4dab97059d110b2a6d13925fcea6c6,59fdbb93d6fd61731f2273d9a3b06962db6f76991c570ea6a02fbfa133e15a82,True,0.953125,2.8196841300232336,0.14485091296955943,2.964535042992793,2.9739543580217287,True,True,False,UnitTestFailure,failed:
HumanEval-RandomSpanInfillingLight:3:5bf62e23f96adddc|alpha_renamed_auxiliary|canvas=16|seed=0,HumanEval-RandomSpanInfillingLight:3:5bf62e23f96adddc,3,HumanEval/3,long,alpha_renamed_auxiliary,metamorphic_auxiliary_only,False,16,0,64,ok,False,20,16,387cd37f963b080f01ac42fc5e24063c6d8ee0fdd635dc10970dbcfb014aad0a,1d77403dcd030c4fa86275d0f79becb62bb93a010eb26e755b95725291e8db73,813bf780900b3cc3fc2c41290da0864dc8883a83193423fa3969a5d03c5e0f44,6fc96622a18cac31f5732e13a8d727296332a4da405e6ab577708f3d6354e470,c5e13f1c323c6c6fb38a556007d3e4abae1ca06e5f755af838c513736f404d05,8637af4c8bc8142bbb274e96d204d3258c800f813bbd9ed6b34841eba8ab5343,True,0.99609375,1.9414215720025823,0.14215348497964442,2.0835750569822267,2.091736859991215,True,True,False,UnitTestFailure,failed: name 'oprations' is not defined
HumanEval-RandomSpanInfillingLight:3:5bf62e23f96adddc|alpha_renamed_auxiliary|canvas=16|seed=1,HumanEval-RandomSpanInfillingLight:3:5bf62e23f96adddc,3,HumanEval/3,long,alpha_renamed_auxiliary,metamorphic_auxiliary_only,False,16,1,64,ok,False,20,16,387cd37f963b080f01ac42fc5e24063c6d8ee0fdd635dc10970dbcfb014aad0a,1d77403dcd030c4fa86275d0f79becb62bb93a010eb26e755b95725291e8db73,813bf780900b3cc3fc2c41290da0864dc8883a83193423fa3969a5d03c5e0f44,6fc96622a18cac31f5732e13a8d727296332a4da405e6ab577708f3d6354e470,c5e13f1c323c6c6fb38a556007d3e4abae1ca06e5f755af838c513736f404d05,8637af4c8bc8142bbb274e96d204d3258c800f813bbd9ed6b34841eba8ab5343,True,0.99609375,1.973397908033803,0.14023632591124624,2.1136342339450493,2.1256014850223437,True,True,False,UnitTestFailure,failed: name 'oprations' is not defined
HumanEval-RandomSpanInfillingLight:3:5bf62e23f96adddc|alpha_renamed_auxiliary|canvas=32|seed=0,HumanEval-RandomSpanInfillingLight:3:5bf62e23f96adddc,3,HumanEval/3,long,alpha_renamed_auxiliary,metamorphic_auxiliary_only,False,32,0,64,ok,False,20,32,a5d8cc6071f01e49663cdd8b11ca960e08bf3e0e6c730405d0e6021201e953f8,02a374f87a89b2992d320e3f8b62ecebb8bc019724d5e255b1b52b84db3ecf70,65a43e26d677b72ee461dc5dce5c451a2e82b7aedc2e34479fbcb92743df24bd,30fcb5c51711cf80aec7926a790ea8def4afcb0c420391b1334d7fa0e5c600ed,7b8528f7ef3f33f8f014551972af9331be9976c661f819662ed4fc175eff49fd,ebe70f15ed37b51c35fce0d98482fa966540c317fc8a7101ef89a14c400c54c2,True,0.984375,1.971921766991727,0.11687808204442263,2.0887998490361497,2.097414763062261,True,True,False,UnitTestFailure,failed: name 'oprations' is not defined
HumanEval-RandomSpanInfillingLight:3:5bf62e23f96adddc|alpha_renamed_auxiliary|canvas=32|seed=1,HumanEval-RandomSpanInfillingLight:3:5bf62e23f96adddc,3,HumanEval/3,long,alpha_renamed_auxiliary,metamorphic_auxiliary_only,False,32,1,64,ok,False,20,32,a5d8cc6071f01e49663cdd8b11ca960e08bf3e0e6c730405d0e6021201e953f8,02a374f87a89b2992d320e3f8b62ecebb8bc019724d5e255b1b52b84db3ecf70,65a43e26d677b72ee461dc5dce5c451a2e82b7aedc2e34479fbcb92743df24bd,30fcb5c51711cf80aec7926a790ea8def4afcb0c420391b1334d7fa0e5c600ed,7b8528f7ef3f33f8f014551972af9331be9976c661f819662ed4fc175eff49fd,ebe70f15ed37b51c35fce0d98482fa966540c317fc8a7101ef89a14c400c54c2,True,0.984375,1.998258879990317,0.1284432519460097,2.1267021319363266,2.134416689979844,True,True,False,UnitTestFailure,failed: name 'oprations' is not defined
HumanEval-RandomSpanInfillingLight:3:5bf62e23f96adddc|alpha_renamed_auxiliary|canvas=64|seed=0,HumanEval-RandomSpanInfillingLight:3:5bf62e23f96adddc,3,HumanEval/3,long,alpha_renamed_auxiliary,metamorphic_auxiliary_only,False,64,0,64,ok,False,20,64,77cddf440389c10acf90058612a6f83421b78b5a0b5c470ece3677291ec522ea,ff635e6d2fd955bddd3dcdb6af41a32496ea5cbaec8fe8f69a30bece75b8b97d,d1c3036f7a6b5251453c4acf9529465149b4443cbff6f8a1b9a7ac71ca5815e0,db0228b2c202a0c52480d0acb3296826e52610f22ae4a6b2ecf0c1fce3bd6482,17a3740cd76e25f3e5cb7dbb63416566a7e800ed2518806800ef4b928ec4da01,c10d170781311175f24b04dae721a140fc39832f41a16cb884e1b15848989029,True,0.98046875,2.180580927990377,0.13874087401200086,2.319321802002378,2.326286955969408,True,True,False,UnitTestFailure,failed: name 'opearttions' is not defined
HumanEval-RandomSpanInfillingLight:3:5bf62e23f96adddc|alpha_renamed_auxiliary|canvas=64|seed=1,HumanEval-RandomSpanInfillingLight:3:5bf62e23f96adddc,3,HumanEval/3,long,alpha_renamed_auxiliary,metamorphic_auxiliary_only,False,64,1,64,ok,False,20,64,77cddf440389c10acf90058612a6f83421b78b5a0b5c470ece3677291ec522ea,ff635e6d2fd955bddd3dcdb6af41a32496ea5cbaec8fe8f69a30bece75b8b97d,d1c3036f7a6b5251453c4acf9529465149b4443cbff6f8a1b9a7ac71ca5815e0,db0228b2c202a0c52480d0acb3296826e52610f22ae4a6b2ecf0c1fce3bd6482,17a3740cd76e25f3e5cb7dbb63416566a7e800ed2518806800ef4b928ec4da01,c10d170781311175f24b04dae721a140fc39832f41a16cb884e1b15848989029,True,0.98046875,2.195031084935181,0.15201843483373523,2.347049519768916,2.3552719979779795,True,True,False,UnitTestFailure,failed: name 'opearttions' is not defined
HumanEval-RandomSpanInfillingLight:3:5bf62e23f96adddc|alpha_renamed_auxiliary|canvas=128|seed=0,HumanEval-RandomSpanInfillingLight:3:5bf62e23f96adddc,3,HumanEval/3,long,alpha_renamed_auxiliary,metamorphic_auxiliary_only,False,128,0,64,ok,False,20,128,48041286e2aaef4939dfa53f19e014ea719b18fd265b4ccc3720cf5dd30fb1dd,0b2f43a6653023e8dac221944f2a9c913fb850a0aac1c7c19709e142e100ecc6,,3234c51396a9edce4c4850f4494c2013bbbf49b76cfe688475edc1562acbc269,6497db29abc9e0db6dd96406d2725c3c4b612d6f86d3d83961545cc7eb62ad69,,False,0.99609375,2.745680499006994,0.00011941906996071339,2.745799918076955,2.752074011019431,False,False,False,SyntaxError,"expected ':' (<unknown>, line 16)"
HumanEval-RandomSpanInfillingLight:3:5bf62e23f96adddc|alpha_renamed_auxiliary|canvas=128|seed=1,HumanEval-RandomSpanInfillingLight:3:5bf62e23f96adddc,3,HumanEval/3,long,alpha_renamed_auxiliary,metamorphic_auxiliary_only,False,128,1,64,ok,False,20,128,48041286e2aaef4939dfa53f19e014ea719b18fd265b4ccc3720cf5dd30fb1dd,0b2f43a6653023e8dac221944f2a9c913fb850a0aac1c7c19709e142e100ecc6,,3234c51396a9edce4c4850f4494c2013bbbf49b76cfe688475edc1562acbc269,6497db29abc9e0db6dd96406d2725c3c4b612d6f86d3d83961545cc7eb62ad69,,False,0.99609375,2.7428417080082,0.00022252602502703667,2.743064234033227,2.7487486480968073,False,False,False,SyntaxError,"expected ':' (<unknown>, line 16)"
HumanEval-RandomSpanInfillingLight:4:1afc9c1a6c1dc226|alpha_renamed_auxiliary|canvas=16|seed=0,HumanEval-RandomSpanInfillingLight:4:1afc9c1a6c1dc226,4,HumanEval/4,medium,alpha_renamed_auxiliary,metamorphic_auxiliary_only,False,16,0,64,ok,True,12,16,b26038d68f1a87336220eb9c195a17ccda67d8d074c2d2d93ac9bcb88709b0d4,96952596b161e46778a0db3aa2f24b3c2f083d83c8d2f65976b69f8759e57f09,ef21bb2f061db0f11115db490e609938d2b0fca3c92f89cf72d7bab33239fc23,31c04d458de901eb0373d5bb403e2a800d7d2e6dd190c414d7b20b3bde1e77f4,627b6ffa7c9fb3721888ac30e239697cbe45e396e51a77adabd19839fc600944,6fb89e1e53130028ce7509850d33c8011b37c016ab0f009f27cc929683e3dbdd,True,0.9921875,1.966142910066992,0.14994705689605325,2.1160899669630453,2.1230868049897254,True,True,True,,
HumanEval-RandomSpanInfillingLight:4:1afc9c1a6c1dc226|alpha_renamed_auxiliary|canvas=16|seed=1,HumanEval-RandomSpanInfillingLight:4:1afc9c1a6c1dc226,4,HumanEval/4,medium,alpha_renamed_auxiliary,metamorphic_auxiliary_only,False,16,1,64,ok,True,12,16,b26038d68f1a87336220eb9c195a17ccda67d8d074c2d2d93ac9bcb88709b0d4,96952596b161e46778a0db3aa2f24b3c2f083d83c8d2f65976b69f8759e57f09,ef21bb2f061db0f11115db490e609938d2b0fca3c92f89cf72d7bab33239fc23,31c04d458de901eb0373d5bb403e2a800d7d2e6dd190c414d7b20b3bde1e77f4,627b6ffa7c9fb3721888ac30e239697cbe45e396e51a77adabd19839fc600944,6fb89e1e53130028ce7509850d33c8011b37c016ab0f009f27cc929683e3dbdd,True,0.9921875,1.9773586769588292,0.1483638508943841,2.1257225278532133,2.134530626004562,True,True,True,,
HumanEval-RandomSpanInfillingLight:4:1afc9c1a6c1dc226|alpha_renamed_auxiliary|canvas=32|seed=0,HumanEval-RandomSpanInfillingLight:4:1afc9c1a6c1dc226,4,HumanEval/4,medium,alpha_renamed_auxiliary,metamorphic_auxiliary_only,False,32,0,64,ok,True,12,32,0983abe1f42906bc894e7fa40ad73024a84c8166214b2e8ae40aeb8268cf6583,56875606c452d4737a5d04a7e919588f5a327df9370e3a543dc505abe1b7f86c,ef21bb2f061db0f11115db490e609938d2b0fca3c92f89cf72d7bab33239fc23,9f64f8e057fe7ea386d3230d04202293e9c74222ef70734d52a5bc43cde91520,89f351bdce5344c1ee1c085a638445adde1f9be2657214f554357672bc44aacf,6fb89e1e53130028ce7509850d33c8011b37c016ab0f009f27cc929683e3dbdd,True,0.98046875,1.98244078096468,0.12343782221432775,2.1058786031790078,2.1160132830264047,True,True,True,,
HumanEval-RandomSpanInfillingLight:4:1afc9c1a6c1dc226|alpha_renamed_auxiliary|canvas=32|seed=1,HumanEval-RandomSpanInfillingLight:4:1afc9c1a6c1dc226,4,HumanEval/4,medium,alpha_renamed_auxiliary,metamorphic_auxiliary_only,False,32,1,64,ok,True,12,32,0983abe1f42906bc894e7fa40ad73024a84c8166214b2e8ae40aeb8268cf6583,56875606c452d4737a5d04a7e919588f5a327df9370e3a543dc505abe1b7f86c,ef21bb2f061db0f11115db490e609938d2b0fca3c92f89cf72d7bab33239fc23,9f64f8e057fe7ea386d3230d04202293e9c74222ef70734d52a5bc43cde91520,89f351bdce5344c1ee1c085a638445adde1f9be2657214f554357672bc44aacf,6fb89e1e53130028ce7509850d33c8011b37c016ab0f009f27cc929683e3dbdd,True,0.98046875,1.990027750027366,0.14278756792191416,2.13281531794928,2.1401249010814354,True,True,True,,
HumanEval-RandomSpanInfillingLight:4:1afc9c1a6c1dc226|alpha_renamed_auxiliary|canvas=64|seed=0,HumanEval-RandomSpanInfillingLight:4:1afc9c1a6c1dc226,4,HumanEval/4,medium,alpha_renamed_auxiliary,metamorphic_auxiliary_only,False,64,0,64,ok,True,12,64,51066a53b4fbfe65473a8407e015fca2b143fbc116c93c4434326582202ee7ed,3ade2a56e82eeb98408861aa432e24ffac5b2376d84775d7f15d5bb68e6ac75e,ef21bb2f061db0f11115db490e609938d2b0fca3c92f89cf72d7bab33239fc23,dc3370bc887ec3f8b520c3f4a681051e743e81deff28ca3cba58dd1ed3279527,3c2bb8e2d815a28407f08af5c18edcaa83548a65f77372e800a5471788f4909f,6fb89e1e53130028ce7509850d33c8011b37c016ab0f009f27cc929683e3dbdd,True,0.97265625,2.187410129001364,0.12072061793878675,2.308130746940151,2.3158455030061305,True,True,True,,
HumanEval-RandomSpanInfillingLight:4:1afc9c1a6c1dc226|alpha_renamed_auxiliary|canvas=64|seed=1,HumanEval-RandomSpanInfillingLight:4:1afc9c1a6c1dc226,4,HumanEval/4,medium,alpha_renamed_auxiliary,metamorphic_auxiliary_only,False,64,1,64,ok,True,12,64,51066a53b4fbfe65473a8407e015fca2b143fbc116c93c4434326582202ee7ed,3ade2a56e82eeb98408861aa432e24ffac5b2376d84775d7f15d5bb68e6ac75e,ef21bb2f061db0f11115db490e609938d2b0fca3c92f89cf72d7bab33239fc23,dc3370bc887ec3f8b520c3f4a681051e743e81deff28ca3cba58dd1ed3279527,3c2bb8e2d815a28407f08af5c18edcaa83548a65f77372e800a5471788f4909f,6fb89e1e53130028ce7509850d33c8011b37c016ab0f009f27cc929683e3dbdd,True,0.97265625,2.1906405170448124,0.14359028975013644,2.334230806794949,2.340902041993104,True,True,True,,
HumanEval-RandomSpanInfillingLight:4:1afc9c1a6c1dc226|alpha_renamed_auxiliary|canvas=128|seed=0,HumanEval-RandomSpanInfillingLight:4:1afc9c1a6c1dc226,4,HumanEval/4,medium,alpha_renamed_auxiliary,metamorphic_auxiliary_only,False,128,0,64,ok,True,12,128,50a7255eccc132757c925e17aad6f6c1dff390e8abbee87f7539e7445299d53f,4ab2821a8995208f0a632924c7ae49262c96217c96e3872fe5607f3099c043b2,66710db04d061d4d413449d18cd223d949fe01a31aa13e56f55c24ca1a62db4e,eeda59bc3aae61ac2b7e3de040af8214a4da48fd50e8d9755f8afd921feb182d,6566e7e5c256cc6dada4b9e610dd3c2a77b944ee6ca2d4738b5718934bc62b78,8408082ca567e2b5fb54ade461f364c7bbe1dc19536d0797140123890ff9ef7c,True,0.9921875,2.7664142090361565,0.14725870394613594,2.9136729129822925,2.92213530105073,True,True,True,,
HumanEval-RandomSpanInfillingLight:4:1afc9c1a6c1dc226|alpha_renamed_auxiliary|canvas=128|seed=1,HumanEval-RandomSpanInfillingLight:4:1afc9c1a6c1dc226,4,HumanEval/4,medium,alpha_renamed_auxiliary,metamorphic_auxiliary_only,False,128,1,64,ok,True,12,128,50a7255eccc132757c925e17aad6f6c1dff390e8abbee87f7539e7445299d53f,4ab2821a8995208f0a632924c7ae49262c96217c96e3872fe5607f3099c043b2,66710db04d061d4d413449d18cd223d949fe01a31aa13e56f55c24ca1a62db4e,eeda59bc3aae61ac2b7e3de040af8214a4da48fd50e8d9755f8afd921feb182d,6566e7e5c256cc6dada4b9e610dd3c2a77b944ee6ca2d4738b5718934bc62b78,8408082ca567e2b5fb54ade461f364c7bbe1dc19536d0797140123890ff9ef7c,True,0.9921875,2.7557253090199083,0.1356513351202011,2.8913766441401094,2.899717446998693,True,True,True,,
HumanEval-RandomSpanInfillingLight:5:027ec5c0c5928360|alpha_renamed_auxiliary|canvas=16|seed=0,HumanEval-RandomSpanInfillingLight:5:027ec5c0c5928360,5,HumanEval/5,long,alpha_renamed_auxiliary,metamorphic_auxiliary_only,False,16,0,64,ok,False,17,16,b88a855fbe5e0623a4d790d3cc9185296f067e0b7c1b4c7266937b672aa599ec,aab73b70747101393c067421837afa8b4457a2601f096ae4fd6d1a29d8e3956e,7c25c8f3a854c6c3552bfa7ef2df10ba12fc062fe94fae55835c7ed0bc653fec,ac63ee6c4a0038cf29d274e4641a5c3e3dbc2e24a21f71c00e910ade1028e438,a64ae5dd0e777d29286f59640450646d213bc240eabcd413cb01dd7405fe9a89,685486a301c44cab494293ce1228a47cccc53e1aed6bae2361d1d7d7d3ce19c9,True,1.0,1.9503243810031563,0.12426917208358645,2.0745935530867428,2.081258632009849,True,True,False,UnitTestFailure,failed:
HumanEval-RandomSpanInfillingLight:5:027ec5c0c5928360|alpha_renamed_auxiliary|canvas=16|seed=1,HumanEval-RandomSpanInfillingLight:5:027ec5c0c5928360,5,HumanEval/5,long,alpha_renamed_auxiliary,metamorphic_auxiliary_only,False,16,1,64,ok,False,17,16,b88a855fbe5e0623a4d790d3cc9185296f067e0b7c1b4c7266937b672aa599ec,aab73b70747101393c067421837afa8b4457a2601f096ae4fd6d1a29d8e3956e,7c25c8f3a854c6c3552bfa7ef2df10ba12fc062fe94fae55835c7ed0bc653fec,ac63ee6c4a0038cf29d274e4641a5c3e3dbc2e24a21f71c00e910ade1028e438,a64ae5dd0e777d29286f59640450646d213bc240eabcd413cb01dd7405fe9a89,685486a301c44cab494293ce1228a47cccc53e1aed6bae2361d1d7d7d3ce19c9,True,1.0,1.9598095640540123,0.12798165099229664,2.087791215046309,2.095386683009565,True,True,False,UnitTestFailure,failed:
HumanEval-RandomSpanInfillingLight:5:027ec5c0c5928360|alpha_renamed_auxiliary|canvas=32|seed=0,HumanEval-RandomSpanInfillingLight:5:027ec5c0c5928360,5,HumanEval/5,long,alpha_renamed_auxiliary,metamorphic_auxiliary_only,False,32,0,64,ok,False,17,32,c59affdba18fb41f905ed004038a53b12e5295114e6e7de57e56abe10cccbb87,bab3bf049a4ecc8cd5119364f22ea09a12c60b72a17a670bf3288c656c529d21,6957c31a2aa0a4c2dd6021e99ffacabc388a176ed6e3d02dfa74a37cacd8b53b,8c972a91655142dab367b9c879ac0a9881d10caabd209f32536717f475203280,510917009a9940df40391136c8d33f42e553e1afb3c1a0c883a425ef73bd723d,5c9ece2e5877f6555dba1d2cdec9d86b20631c5b8266265967d173ce28763bbc,True,1.0,1.9853178419871256,0.14069501007907093,2.1260128520661965,2.136942000943236,True,True,False,UnitTestFailure,failed:
HumanEval-RandomSpanInfillingLight:5:027ec5c0c5928360|alpha_renamed_auxiliary|canvas=32|seed=1,HumanEval-RandomSpanInfillingLight:5:027ec5c0c5928360,5,HumanEval/5,long,alpha_renamed_auxiliary,metamorphic_auxiliary_only,False,32,1,64,ok,False,17,32,c59affdba18fb41f905ed004038a53b12e5295114e6e7de57e56abe10cccbb87,bab3bf049a4ecc8cd5119364f22ea09a12c60b72a17a670bf3288c656c529d21,6957c31a2aa0a4c2dd6021e99ffacabc388a176ed6e3d02dfa74a37cacd8b53b,8c972a91655142dab367b9c879ac0a9881d10caabd209f32536717f475203280,510917009a9940df40391136c8d33f42e553e1afb3c1a0c883a425ef73bd723d,5c9ece2e5877f6555dba1d2cdec9d86b20631c5b8266265967d173ce28763bbc,True,1.0,1.9981314579490572,0.15787558001466095,2.156007037963718,2.167942192987539,True,True,False,UnitTestFailure,failed:
HumanEval-RandomSpanInfillingLight:5:027ec5c0c5928360|alpha_renamed_auxiliary|canvas=64|seed=0,HumanEval-RandomSpanInfillingLight:5:027ec5c0c5928360,5,HumanEval/5,long,alpha_renamed_auxiliary,metamorphic_auxiliary_only,False,64,0,64,ok,False,17,64,3f3562e2c85087c9a2625bcc5a59482171466d7c0ff76ff69e4aa54d9da5a5ba,251046c4c16a4d83e3c693f693c1dc78b6bbbf7435e10c08f03188f931077362,59816e6dbbd77f54eca31834e9d35bd1d05911cf4ef553fbb55003071683e320,3e4e12c068d5dff5d590ba507d36d8c6c525a5e10744f5f499f3e823c7b77dfe,c7b3e17512c01e40138b18f81b2fb05ce0d1255a6236abc94dde2f608a9e7005,7079a7b8f6f762f47202ac017e7976c4ead6ae644dc412758fd4ee660f21599d,True,0.98046875,2.186536740977317,0.14195202488917857,2.3284887658664957,2.3365000439807773,True,True,False,UnitTestFailure,failed:
HumanEval-RandomSpanInfillingLight:5:027ec5c0c5928360|alpha_renamed_auxiliary|canvas=64|seed=1,HumanEval-RandomSpanInfillingLight:5:027ec5c0c5928360,5,HumanEval/5,long,alpha_renamed_auxiliary,metamorphic_auxiliary_only,False,64,1,64,ok,False,17,64,3f3562e2c85087c9a2625bcc5a59482171466d7c0ff76ff69e4aa54d9da5a5ba,251046c4c16a4d83e3c693f693c1dc78b6bbbf7435e10c08f03188f931077362,59816e6dbbd77f54eca31834e9d35bd1d05911cf4ef553fbb55003071683e320,3e4e12c068d5dff5d590ba507d36d8c6c525a5e10744f5f499f3e823c7b77dfe,c7b3e17512c01e40138b18f81b2fb05ce0d1255a6236abc94dde2f608a9e7005,7079a7b8f6f762f47202ac017e7976c4ead6ae644dc412758fd4ee660f21599d,True,0.98046875,2.1907299449667335,0.1491314220475033,2.3398613670142367,2.3473185299662873,True,True,False,UnitTestFailure,failed:
HumanEval-RandomSpanInfillingLight:5:027ec5c0c5928360|alpha_renamed_auxiliary|canvas=128|seed=0,HumanEval-RandomSpanInfillingLight:5:027ec5c0c5928360,5,HumanEval/5,long,alpha_renamed_auxiliary,metamorphic_auxiliary_only,False,128,0,64,ok,False,17,128,7eefa15ad8a16af69f97b24ffd811c4c146cc7f4055c117ea7f06800ad154eeb,13d8f6f1b3941e8a03ea5f9d4496d0a8995c6008ca9d7642e9d759cd121dfa2f,8a4ff23ae4620b31c134ed0bb5b6775fbbbacecbe6330f83526e4249ae755c67,e744e73238f7170179d6440a42f69a05ee1f2702917f7f09de9b54569b45beba,fb429f71800a471c8d45b2a9031169b4fb32defc662ec82a9b72d58927cf8230,6f751131e00058b35c2a8241a13420b2c410535f1965ef7f15c0fbeff6aef86c,False,0.9921875,2.7797995710279793,0.14395235409028828,2.9237519251182675,2.9316891978960484,True,True,False,UnitTestFailure,failed:
HumanEval-RandomSpanInfillingLight:5:027ec5c0c5928360|alpha_renamed_auxiliary|canvas=128|seed=1,HumanEval-RandomSpanInfillingLight:5:027ec5c0c5928360,5,HumanEval/5,long,alpha_renamed_auxiliary,metamorphic_auxiliary_only,False,128,1,64,ok,False,17,128,7eefa15ad8a16af69f97b24ffd811c4c146cc7f4055c117ea7f06800ad154eeb,13d8f6f1b3941e8a03ea5f9d4496d0a8995c6008ca9d7642e9d759cd121dfa2f,8a4ff23ae4620b31c134ed0bb5b6775fbbbacecbe6330f83526e4249ae755c67,e744e73238f7170179d6440a42f69a05ee1f2702917f7f09de9b54569b45beba,fb429f71800a471c8d45b2a9031169b4fb32defc662ec82a9b72d58927cf8230,6f751131e00058b35c2a8241a13420b2c410535f1965ef7f15c0fbeff6aef86c,False,0.9921875,2.76560367399361,0.14074026606976986,2.9063439400633797,2.915170514024794,True,True,False,UnitTestFailure,failed:
HumanEval-RandomSpanInfillingLight:7:c1f6b7150375bd50|alpha_renamed_auxiliary|canvas=16|seed=0,HumanEval-RandomSpanInfillingLight:7:c1f6b7150375bd50,7,HumanEval/7,short,alpha_renamed_auxiliary,metamorphic_auxiliary_only,False,16,0,64,ok,True,4,16,7586bc0f5d6963818415dc79fe4d360d0124a9c315b8d3d5cedf4ed86763d9b8,2c4641ed8e8f0a0a10ebdef4a626eb8df1576abf86d6235fa4dab6e8c6b47b90,d25972cb3fcc9040425bb6f50cb063aa2ff5f3ba17fb1331c91c424a2dc589f3,9df5779c091c342a73f772e488fdb2d898093656b88ab548d2d362e51ada5b1d,e0d9004a3a9c814e488540ec4a8f8e912d1767ae17080d2f054edd52e60a593a,276bbf9d89ee18c61ba5e47c8e9af541d74465ebdb041da3111236f326fdb909,True,1.0,1.9247716210084036,0.13382183003704995,2.0585934510454535,2.064770595054142,True,True,True,,
HumanEval-RandomSpanInfillingLight:7:c1f6b7150375bd50|alpha_renamed_auxiliary|canvas=16|seed=1,HumanEval-RandomSpanInfillingLight:7:c1f6b7150375bd50,7,HumanEval/7,short,alpha_renamed_auxiliary,metamorphic_auxiliary_only,False,16,1,64,ok,True,4,16,7586bc0f5d6963818415dc79fe4d360d0124a9c315b8d3d5cedf4ed86763d9b8,2c4641ed8e8f0a0a10ebdef4a626eb8df1576abf86d6235fa4dab6e8c6b47b90,d25972cb3fcc9040425bb6f50cb063aa2ff5f3ba17fb1331c91c424a2dc589f3,9df5779c091c342a73f772e488fdb2d898093656b88ab548d2d362e51ada5b1d,e0d9004a3a9c814e488540ec4a8f8e912d1767ae17080d2f054edd52e60a593a,276bbf9d89ee18c61ba5e47c8e9af541d74465ebdb041da3111236f326fdb909,True,1.0,1.9371134259272367,0.1374163618311286,2.0745297877583653,2.0823693899437785,True,True,True,,
HumanEval-RandomSpanInfillingLight:7:c1f6b7150375bd50|alpha_renamed_auxiliary|canvas=32|seed=0,HumanEval-RandomSpanInfillingLight:7:c1f6b7150375bd50,7,HumanEval/7,short,alpha_renamed_auxiliary,metamorphic_auxiliary_only,False,32,0,64,ok,True,4,32,cca8340d600a7909482f0831210fb253e5c4b4c468617a215d4d1730e2743439,765bbc1f839f0beed62f9e83d8e2b719d93e70ce692c44cba568a6b620db64ba,71c496c3cfcb4df292383a440bc3f97cf690ee6d0282a8f79c70e6ae56b83228,c86dbcf6fd931635954bc7a4c3a134e1d6235135c708dc5952a845ff40df7fe9,a9642a47ea0ef40400738c7edcebc90d7acc6b6893d01a16ec77e82cec1248d0,869ac90084299301c2ea7a4a381ec4b3b74a87b294fbbb55557a2a5013d42239,True,0.96484375,1.9433139470638707,0.14993677788879722,2.093250724952668,2.1001500739948824,True,True,True,,
HumanEval-RandomSpanInfillingLight:7:c1f6b7150375bd50|alpha_renamed_auxiliary|canvas=32|seed=1,HumanEval-RandomSpanInfillingLight:7:c1f6b7150375bd50,7,HumanEval/7,short,alpha_renamed_auxiliary,metamorphic_auxiliary_only,False,32,1,64,ok,True,4,32,cca8340d600a7909482f0831210fb253e5c4b4c468617a215d4d1730e2743439,765bbc1f839f0beed62f9e83d8e2b719d93e70ce692c44cba568a6b620db64ba,71c496c3cfcb4df292383a440bc3f97cf690ee6d0282a8f79c70e6ae56b83228,c86dbcf6fd931635954bc7a4c3a134e1d6235135c708dc5952a845ff40df7fe9,a9642a47ea0ef40400738c7edcebc90d7acc6b6893d01a16ec77e82cec1248d0,869ac90084299301c2ea7a4a381ec4b3b74a87b294fbbb55557a2a5013d42239,True,0.96484375,1.9402407500892878,0.14610170503146946,2.0863424551207572,2.0924911689944565,True,True,True,,
HumanEval-RandomSpanInfillingLight:7:c1f6b7150375bd50|alpha_renamed_auxiliary|canvas=64|seed=0,HumanEval-RandomSpanInfillingLight:7:c1f6b7150375bd50,7,HumanEval/7,short,alpha_renamed_auxiliary,metamorphic_auxiliary_only,False,64,0,64,ok,False,4,64,bd289f7fb94ae038720ce9d3e5b3e958a0a61b2f373b61f8b09f5d2954697cf1,6ea44863f2f6f0b8662e2603591d0a4a2de68abdc53f06fd9c242668ca7923ff,,68ca75db39cb1ef6f3b9ccf4a2be603aff94798dc28c6c245ae41edab78bbf97,19d1f8bc583b615e751111b05f570be6acacdf9e0784a4c18e38659989121665,,False,0.97265625,2.0040954009164125,0.00013390008825808764,2.0042293010046706,2.0098022889578715,False,False,False,SyntaxError,"unterminated triple-quoted string literal (detected at line 18) (<unknown>, line 16)"
HumanEval-RandomSpanInfillingLight:7:c1f6b7150375bd50|alpha_renamed_auxiliary|canvas=64|seed=1,HumanEval-RandomSpanInfillingLight:7:c1f6b7150375bd50,7,HumanEval/7,short,alpha_renamed_auxiliary,metamorphic_auxiliary_only,False,64,1,64,ok,False,4,64,bd289f7fb94ae038720ce9d3e5b3e958a0a61b2f373b61f8b09f5d2954697cf1,6ea44863f2f6f0b8662e2603591d0a4a2de68abdc53f06fd9c242668ca7923ff,,68ca75db39cb1ef6f3b9ccf4a2be603aff94798dc28c6c245ae41edab78bbf97,19d1f8bc583b615e751111b05f570be6acacdf9e0784a4c18e38659989121665,,False,0.97265625,2.01624896901194,9.705801494419575e-05,2.0163460270268843,2.020137276034802,False,False,False,SyntaxError,"unterminated triple-quoted string literal (detected at line 18) (<unknown>, line 16)"
HumanEval-RandomSpanInfillingLight:7:c1f6b7150375bd50|alpha_renamed_auxiliary|canvas=128|seed=0,HumanEval-RandomSpanInfillingLight:7:c1f6b7150375bd50,7,HumanEval/7,short,alpha_renamed_auxiliary,metamorphic_auxiliary_only,False,128,0,64,ok,True,4,128,2d808dfc067f40c148497dc4f39ba6563ee14fcf41d4a15ebea6c7be841a0d29,6d9a176ff1fbe5be76a91316729046cd500c8f62c819885fc80503bece31500f,81d1bfda7b627e3f877bfeeb783cac4571ff591f6cbd9920cf33f2cb3bff6dcc,f0ab2c7f4a925d869c90b91f966ea8f836a7cc9e15879f6e95b83f4bfdbb0c68,e45090b3a78f6964d403a973c646868e2a4e8a4be9a01c66d9db3e1e92c4fd00,b585dcde1886cd9026ddbc66bacd3fa4742fb83ab9a4ae58d80da383170a2e89,True,0.9921875,2.2244842540239915,0.14158997405320406,2.3660742280771956,2.373102821991779,True,True,True,,
HumanEval-RandomSpanInfillingLight:7:c1f6b7150375bd50|alpha_renamed_auxiliary|canvas=128|seed=1,HumanEval-RandomSpanInfillingLight:7:c1f6b7150375bd50,7,HumanEval/7,short,alpha_renamed_auxiliary,metamorphic_auxiliary_only,False,128,1,64,ok,True,4,128,2d808dfc067f40c148497dc4f39ba6563ee14fcf41d4a15ebea6c7be841a0d29,6d9a176ff1fbe5be76a91316729046cd500c8f62c819885fc80503bece31500f,81d1bfda7b627e3f877bfeeb783cac4571ff591f6cbd9920cf33f2cb3bff6dcc,f0ab2c7f4a925d869c90b91f966ea8f836a7cc9e15879f6e95b83f4bfdbb0c68,e45090b3a78f6964d403a973c646868e2a4e8a4be9a01c66d9db3e1e92c4fd00,b585dcde1886cd9026ddbc66bacd3fa4742fb83ab9a4ae58d80da383170a2e89,True,0.9921875,2.218198938993737,0.12708213808946311,2.3452810770832,2.3521886779926717,True,True,True,,
HumanEval-RandomSpanInfillingLight:8:95068ce714f09af6|alpha_renamed_auxiliary|canvas=16|seed=0,HumanEval-RandomSpanInfillingLight:8:95068ce714f09af6,8,HumanEval/8,extreme,alpha_renamed_auxiliary,metamorphic_auxiliary_only,False,16,0,64,ok,False,33,16,5486e5d2781ab5bf9a8fb4c34f9b3138198351ade36d4cd97beebba7f8d529de,09835d2942e9c102790c2916ae13173d69bbd58c35ff097d560f5c1e8dcc35a4,0189ebfdf8ae65e8a4f849019a7d3e635d5fb7916ab607d075bf1863ab3eceb0,d7054fb348ad6c36cecb4e12f42335e9e4628dba848948939190f16b22b8f643,5e8ff5cd561107d05061cf12622f83079f234f8b658bce234320245775932b5a,8310cf4c0c173898ca62d0798076f4d8505fd4024c2dbb54d075f4ad88baca71,True,1.0,1.933738808031194,0.14610476000234485,2.0798435680335388,2.085492164012976,True,True,False,UnitTestFailure,failed:
HumanEval-RandomSpanInfillingLight:8:95068ce714f09af6|alpha_renamed_auxiliary|canvas=16|seed=1,HumanEval-RandomSpanInfillingLight:8:95068ce714f09af6,8,HumanEval/8,extreme,alpha_renamed_auxiliary,metamorphic_auxiliary_only,False,16,1,64,ok,False,33,16,5486e5d2781ab5bf9a8fb4c34f9b3138198351ade36d4cd97beebba7f8d529de,09835d2942e9c102790c2916ae13173d69bbd58c35ff097d560f5c1e8dcc35a4,0189ebfdf8ae65e8a4f849019a7d3e635d5fb7916ab607d075bf1863ab3eceb0,d7054fb348ad6c36cecb4e12f42335e9e4628dba848948939190f16b22b8f643,5e8ff5cd561107d05061cf12622f83079f234f8b658bce234320245775932b5a,8310cf4c0c173898ca62d0798076f4d8505fd4024c2dbb54d075f4ad88baca71,True,1.0,1.9370083609828725,0.14679572207387537,2.083804083056748,2.089720036019571,True,True,False,UnitTestFailure,failed:
HumanEval-RandomSpanInfillingLight:8:95068ce714f09af6|alpha_renamed_auxiliary|canvas=32|seed=0,HumanEval-RandomSpanInfillingLight:8:95068ce714f09af6,8,HumanEval/8,extreme,alpha_renamed_auxiliary,metamorphic_auxiliary_only,False,32,0,64,ok,False,33,32,a7581a4a07e183fcb7a8b3579d1fb4ed8cdf06d0446a8f7d8c488f60e500cb71,0282408a691b2fc2311d892220078ed99fc9a8ecbe57cd7ea1a3d39c3141c2b2,6635cc67b0af607b6321571795484412d2798024428a34d499acbe4de75d31f0,bf92731ae61a0b072b79a8e434eaba91f66ae4d7350819a9377cb36716ecae37,013a71e18514894b63013b0b4060e9349a9f6737c9d855843fd9990152b6a742,be70cacbcc6ae2bc44d8adb34d5e0949d50276f6ef53aa2b706c4260c535237a,True,1.0,1.942883690004237,0.13569879496935755,2.0785824849735945,2.0861861440353096,True,True,False,UnitTestFailure,failed: name 'np' is not defined
HumanEval-RandomSpanInfillingLight:8:95068ce714f09af6|alpha_renamed_auxiliary|canvas=32|seed=1,HumanEval-RandomSpanInfillingLight:8:95068ce714f09af6,8,HumanEval/8,extreme,alpha_renamed_auxiliary,metamorphic_auxiliary_only,False,32,1,64,ok,False,33,32,a7581a4a07e183fcb7a8b3579d1fb4ed8cdf06d0446a8f7d8c488f60e500cb71,0282408a691b2fc2311d892220078ed99fc9a8ecbe57cd7ea1a3d39c3141c2b2,6635cc67b0af607b6321571795484412d2798024428a34d499acbe4de75d31f0,bf92731ae61a0b072b79a8e434eaba91f66ae4d7350819a9377cb36716ecae37,013a71e18514894b63013b0b4060e9349a9f6737c9d855843fd9990152b6a742,be70cacbcc6ae2bc44d8adb34d5e0949d50276f6ef53aa2b706c4260c535237a,True,1.0,1.963869963074103,0.13536372012458742,2.0992336831986904,2.1091574440943077,True,True,False,UnitTestFailure,failed: name 'np' is not defined
HumanEval-RandomSpanInfillingLight:8:95068ce714f09af6|alpha_renamed_auxiliary|canvas=64|seed=0,HumanEval-RandomSpanInfillingLight:8:95068ce714f09af6,8,HumanEval/8,extreme,alpha_renamed_auxiliary,metamorphic_auxiliary_only,False,64,0,64,ok,True,33,64,543f9b7a907e8eaf2fe4f1c4f9016cfb30b063d1eda261c117bb7156014d2b1f,ff977e0f09a4b266791fa802e09e07b314a00d705df2a8be82fefb898d9d466a,e921131d597b7b7519c5c4bd4f8d6c906444e15cf43bc516dc518809f3701cd4,a262da56d5582ca7be3324ef7b237aa7e223f009b1da0e015f9d78a2c9aeb477,3f19160aeb9ffca38b2db0c79b8b0a5a783f59500c347272651d0ec071946451,4bfa4b70585a80ccf40e2cd1fd8cf51b2ea37278b1b2dd603bc8572e5a7911b7,True,0.99609375,2.166433549951762,0.11467147711664438,2.2811050270684063,2.2908396819839254,True,True,True,,
HumanEval-RandomSpanInfillingLight:8:95068ce714f09af6|alpha_renamed_auxiliary|canvas=64|seed=1,HumanEval-RandomSpanInfillingLight:8:95068ce714f09af6,8,HumanEval/8,extreme,alpha_renamed_auxiliary,metamorphic_auxiliary_only,False,64,1,64,ok,True,33,64,543f9b7a907e8eaf2fe4f1c4f9016cfb30b063d1eda261c117bb7156014d2b1f,ff977e0f09a4b266791fa802e09e07b314a00d705df2a8be82fefb898d9d466a,e921131d597b7b7519c5c4bd4f8d6c906444e15cf43bc516dc518809f3701cd4,a262da56d5582ca7be3324ef7b237aa7e223f009b1da0e015f9d78a2c9aeb477,3f19160aeb9ffca38b2db0c79b8b0a5a783f59500c347272651d0ec071946451,4bfa4b70585a80ccf40e2cd1fd8cf51b2ea37278b1b2dd603bc8572e5a7911b7,True,0.99609375,2.1788936350494623,0.13699507503770292,2.3158887100871652,2.3251043669879436,True,True,True,,
HumanEval-RandomSpanInfillingLight:8:95068ce714f09af6|alpha_renamed_auxiliary|canvas=128|seed=0,HumanEval-RandomSpanInfillingLight:8:95068ce714f09af6,8,HumanEval/8,extreme,alpha_renamed_auxiliary,metamorphic_auxiliary_only,False,128,0,64,ok,False,33,126,5618156d443a17e00ed3b3da87481ec27760b30bbcfdadbb40d8641b3dccdf53,6bf6545f7781ad465be41d121088ae19ba20fddc9a88328454678b2156be5d7c,4b76ba09ffb58aa64cbba047f28fe6b88564cbc1d714a3efbc0a88f386365fd5,0f666dddd38e36e138e6ea80992b3a8315bad5a73b7bc0d6ba7667784dc014cb,81820f7639268c14dd89822fc06100298d82c10faf25979d7a06778225a292e4,6a7719e2660d118e7ddbd6f51d55ffcaf2df0d0882ed6ab5fb20c5fd37557dde,True,0.9921875,2.6788330810377374,0.14138559496495873,2.820218676002696,2.8294468510430306,True,True,False,UnitTestFailure,failed: name 'product' is not defined
HumanEval-RandomSpanInfillingLight:8:95068ce714f09af6|alpha_renamed_auxiliary|canvas=128|seed=1,HumanEval-RandomSpanInfillingLight:8:95068ce714f09af6,8,HumanEval/8,extreme,alpha_renamed_auxiliary,metamorphic_auxiliary_only,False,128,1,64,ok,False,33,126,5618156d443a17e00ed3b3da87481ec27760b30bbcfdadbb40d8641b3dccdf53,6bf6545f7781ad465be41d121088ae19ba20fddc9a88328454678b2156be5d7c,4b76ba09ffb58aa64cbba047f28fe6b88564cbc1d714a3efbc0a88f386365fd5,0f666dddd38e36e138e6ea80992b3a8315bad5a73b7bc0d6ba7667784dc014cb,81820f7639268c14dd89822fc06100298d82c10faf25979d7a06778225a292e4,6a7719e2660d118e7ddbd6f51d55ffcaf2df0d0882ed6ab5fb20c5fd37557dde,True,0.9921875,2.686058397986926,0.13874677184503525,2.8248051698319614,2.8325938020134345,True,True,False,UnitTestFailure,failed: name 'product' is not defined
HumanEval-RandomSpanInfillingLight:9:c7e5c290aba2557d|alpha_renamed_auxiliary|canvas=16|seed=0,HumanEval-RandomSpanInfillingLight:9:c7e5c290aba2557d,9,HumanEval/9,extreme,alpha_renamed_auxiliary,metamorphic_auxiliary_only,False,16,0,64,ok,False,30,16,52cd4803cf5ac13b4dab05fc49365c2a2c6528d85169cfc2bb30550483c75c4f,1f91cb114d04cc14bade15a0d95f2d2f481d42e0c9f50d9b869ee593e2047562,b005ca0f211e6d53069da936fa550f88bbf3b42e9d8e8b9ff5aeff7cef9287b8,a71f3b175497f744004c82ba71e29d143ad200fbf11bc33755dc27c35c23d805,9acc3d004d39f1cbdd150fa03158cd343478ceba2abc6abe1c40fbf996410263,fae99ef13c359db6483a67c898e7c275d1cb59ac9db3425397ca75b76a441280,True,0.99609375,1.9639653940685093,0.14658229006454349,2.110547684133053,2.1169782789656892,True,True,False,UnitTestFailure,failed: 'int' object is not iterable
HumanEval-RandomSpanInfillingLight:9:c7e5c290aba2557d|alpha_renamed_auxiliary|canvas=16|seed=1,HumanEval-RandomSpanInfillingLight:9:c7e5c290aba2557d,9,HumanEval/9,extreme,alpha_renamed_auxiliary,metamorphic_auxiliary_only,False,16,1,64,ok,False,30,16,52cd4803cf5ac13b4dab05fc49365c2a2c6528d85169cfc2bb30550483c75c4f,1f91cb114d04cc14bade15a0d95f2d2f481d42e0c9f50d9b869ee593e2047562,b005ca0f211e6d53069da936fa550f88bbf3b42e9d8e8b9ff5aeff7cef9287b8,a71f3b175497f744004c82ba71e29d143ad200fbf11bc33755dc27c35c23d805,9acc3d004d39f1cbdd150fa03158cd343478ceba2abc6abe1c40fbf996410263,fae99ef13c359db6483a67c898e7c275d1cb59ac9db3425397ca75b76a441280,True,0.99609375,1.9674622090533376,0.14920192712452263,2.11666413617786,2.1233669380890206,True,True,False,UnitTestFailure,failed: 'int' object is not iterable
HumanEval-RandomSpanInfillingLight:9:c7e5c290aba2557d|alpha_renamed_auxiliary|canvas=32|seed=0,HumanEval-RandomSpanInfillingLight:9:c7e5c290aba2557d,9,HumanEval/9,extreme,alpha_renamed_auxiliary,metamorphic_auxiliary_only,False,32,0,64,ok,False,30,32,b61f073d0d6de02aeff7104a8b82c8687f6d88ffcd4290bb5eb1f53288f2cc09,7de789cae3b294b8f9db369f6420df82da2b977c5cd8d1bf9100cee85f9430f8,0105f50d4acac51fdc40c78507db732c601e88a218f2d83318256e65746a7421,e22792e14be4e9eb4e6b51e797b72999d1dcfcc136f09d295364127a265465dd,fb7f08029a9de78f59a9f6f5fed8d10e5e10cb415657f4a4d80f31016c81643a,f5456f3bded283bf85ab98349c7b0abc8d3354971aa43e14472796701d99dafa,True,0.99609375,1.9926814079517499,0.13481283094733953,2.1274942388990894,2.135797909926623,True,True,False,UnitTestFailure,failed: name 'number' is not defined
HumanEval-RandomSpanInfillingLight:9:c7e5c290aba2557d|alpha_renamed_auxiliary|canvas=32|seed=1,HumanEval-RandomSpanInfillingLight:9:c7e5c290aba2557d,9,HumanEval/9,extreme,alpha_renamed_auxiliary,metamorphic_auxiliary_only,False,32,1,64,ok,False,30,32,b61f073d0d6de02aeff7104a8b82c8687f6d88ffcd4290bb5eb1f53288f2cc09,7de789cae3b294b8f9db369f6420df82da2b977c5cd8d1bf9100cee85f9430f8,0105f50d4acac51fdc40c78507db732c601e88a218f2d83318256e65746a7421,e22792e14be4e9eb4e6b51e797b72999d1dcfcc136f09d295364127a265465dd,fb7f08029a9de78f59a9f6f5fed8d10e5e10cb415657f4a4d80f31016c81643a,f5456f3bded283bf85ab98349c7b0abc8d3354971aa43e14472796701d99dafa,True,0.99609375,1.9929113070247695,0.1371205960167572,2.1300319030415267,2.1393169559305534,True,True,False,UnitTestFailure,failed: name 'number' is not defined
HumanEval-RandomSpanInfillingLight:9:c7e5c290aba2557d|alpha_renamed_auxiliary|canvas=64|seed=0,HumanEval-RandomSpanInfillingLight:9:c7e5c290aba2557d,9,HumanEval/9,extreme,alpha_renamed_auxiliary,metamorphic_auxiliary_only,False,64,0,64,ok,False,30,64,7e3075dfe64c42439c7246987b3b323d546fc1c4b2a08e6eccea5998ef53558e,ce6f0fc1fb23c364fb286eaa58d64ed4b992b3e0fe84d460c09ce52ad56c06a7,d1b32640cf727138fbecd2beb8af44ff105fa823f27693ff4ae81e3aa9e0c776,ca1bab13ffe99a0d08bcca2553bccab6510b10652a1f92dae00c6e8e7dbea7df,3e2753bd9eef89935c4eeec38d06c206c209c5249d6b50b6b637810594d4b025,c6929f2fe8ad8f73348e186aadbd0800f0d2c8f5dae1aaf2db458f19a7f66993,True,0.98046875,2.185948972008191,0.14232911611907184,2.328278088127263,2.3384547969326377,True,True,False,UnitTestFailure,failed:
HumanEval-RandomSpanInfillingLight:9:c7e5c290aba2557d|alpha_renamed_auxiliary|canvas=64|seed=1,HumanEval-RandomSpanInfillingLight:9:c7e5c290aba2557d,9,HumanEval/9,extreme,alpha_renamed_auxiliary,metamorphic_auxiliary_only,False,64,1,64,ok,False,30,64,7e3075dfe64c42439c7246987b3b323d546fc1c4b2a08e6eccea5998ef53558e,ce6f0fc1fb23c364fb286eaa58d64ed4b992b3e0fe84d460c09ce52ad56c06a7,d1b32640cf727138fbecd2beb8af44ff105fa823f27693ff4ae81e3aa9e0c776,ca1bab13ffe99a0d08bcca2553bccab6510b10652a1f92dae00c6e8e7dbea7df,3e2753bd9eef89935c4eeec38d06c206c209c5249d6b50b6b637810594d4b025,c6929f2fe8ad8f73348e186aadbd0800f0d2c8f5dae1aaf2db458f19a7f66993,True,0.98046875,2.1826123289065436,0.13068453094456345,2.313296859851107,2.324369704001583,True,True,False,UnitTestFailure,failed:
HumanEval-RandomSpanInfillingLight:9:c7e5c290aba2557d|alpha_renamed_auxiliary|canvas=128|seed=0,HumanEval-RandomSpanInfillingLight:9:c7e5c290aba2557d,9,HumanEval/9,extreme,alpha_renamed_auxiliary,metamorphic_auxiliary_only,False,128,0,64,ok,False,30,128,759c342ca92556e8f10305a50a49f3a640885e1e807890bdbdf0f3ad8ff4fdb5,3fea4f45ccb45b38ec316603034c246cba8442a5f6dd118cff2bfb8064df1e9d,fcc167e5f5c4729543c8dac936c2837a71cf7f905cfc8075b6c4be097fe66d4b,4479a2304564e0f0ef593dda27875caff0a6b59a252c95cf3b2dc91e4eea8209,9acf2e57978d50e57ff3af0856f74dc1ce6043bce15edbb113fba8471076ddcc,75b3a5129628b5fe0d6604b79526d3ad727f17b084121c20b83b885544e93d29,True,0.98828125,2.717323552002199,0.13555810996331275,2.8528816619655117,2.8619407260557637,True,True,False,UnitTestFailure,failed:
HumanEval-RandomSpanInfillingLight:9:c7e5c290aba2557d|alpha_renamed_auxiliary|canvas=128|seed=1,HumanEval-RandomSpanInfillingLight:9:c7e5c290aba2557d,9,HumanEval/9,extreme,alpha_renamed_auxiliary,metamorphic_auxiliary_only,False,128,1,64,ok,False,30,128,759c342ca92556e8f10305a50a49f3a640885e1e807890bdbdf0f3ad8ff4fdb5,3fea4f45ccb45b38ec316603034c246cba8442a5f6dd118cff2bfb8064df1e9d,fcc167e5f5c4729543c8dac936c2837a71cf7f905cfc8075b6c4be097fe66d4b,4479a2304564e0f0ef593dda27875caff0a6b59a252c95cf3b2dc91e4eea8209,9acf2e57978d50e57ff3af0856f74dc1ce6043bce15edbb113fba8471076ddcc,75b3a5129628b5fe0d6604b79526d3ad727f17b084121c20b83b885544e93d29,True,0.98828125,2.7611701970454305,0.14247761794831604,2.9036478149937466,2.911505714058876,True,True,False,UnitTestFailure,failed:
HumanEval-RandomSpanInfillingLight:10:4c20421111c310c3|alpha_renamed_auxiliary|canvas=16|seed=0,HumanEval-RandomSpanInfillingLight:10:4c20421111c310c3,10,HumanEval/10,medium,alpha_renamed_auxiliary,metamorphic_auxiliary_only,False,16,0,64,ok,True,10,16,cdf7dd77b286f70417921a2173eed4f1da54f7f57c02b93f43fb12a04e641180,bc4c10fa0cda1364b73be7727a1a63db86dc6784877a1d6d6cc29abc17ac938f,b1564f41c34e66691a9d6a342b0b958d15447f89d153b4c5b28b48077ad7d8c5,43a22e248edaeefe6a0e72d679c8a546853ba725fdbe9fc09a311eb162890744,4afbb503f68199a6cab74155ff2b91c98e4c25e41984b0438cff066020935b24,0ae71d0a228f8b593ab8d3e40170ac5e03c1977118b8ab50339155f3537285b2,True,0.99609375,2.174244587076828,0.1334593609208241,2.307703947997652,2.314690622035414,True,True,True,,
HumanEval-RandomSpanInfillingLight:10:4c20421111c310c3|alpha_renamed_auxiliary|canvas=16|seed=1,HumanEval-RandomSpanInfillingLight:10:4c20421111c310c3,10,HumanEval/10,medium,alpha_renamed_auxiliary,metamorphic_auxiliary_only,False,16,1,64,ok,True,10,16,cdf7dd77b286f70417921a2173eed4f1da54f7f57c02b93f43fb12a04e641180,bc4c10fa0cda1364b73be7727a1a63db86dc6784877a1d6d6cc29abc17ac938f,b1564f41c34e66691a9d6a342b0b958d15447f89d153b4c5b28b48077ad7d8c5,43a22e248edaeefe6a0e72d679c8a546853ba725fdbe9fc09a311eb162890744,4afbb503f68199a6cab74155ff2b91c98e4c25e41984b0438cff066020935b24,0ae71d0a228f8b593ab8d3e40170ac5e03c1977118b8ab50339155f3537285b2,True,0.99609375,2.167912514996715,0.1253864859463647,2.2932990009430796,2.2997707140166312,True,True,True,,
HumanEval-RandomSpanInfillingLight:10:4c20421111c310c3|alpha_renamed_auxiliary|canvas=32|seed=0,HumanEval-RandomSpanInfillingLight:10:4c20421111c310c3,10,HumanEval/10,medium,alpha_renamed_auxiliary,metamorphic_auxiliary_only,False,32,0,64,ok,False,10,31,c787aa04c362fd54d186c1fa0d288f0b09c3581a6810cbafec5fefa17bbed62e,60098853a7463bf080d6f535ecdba39f187cd34288b4a5dd2ce42d38c8b5527c,,0192677345dafe29887e0366e71020f6fea198b2846a56b29837458ce246a5fb,962e415b081820a2089d7b7e32fbaa2880beb99c8fdaf1358ff66149295b7ae1,,True,0.984375,2.6407617679797113,0.00023982999846339226,2.6410015979781747,2.647218751022592,False,False,False,SyntaxError,"expected an indented block after function definition on line 32 (<unknown>, line 32)"
HumanEval-RandomSpanInfillingLight:10:4c20421111c310c3|alpha_renamed_auxiliary|canvas=32|seed=1,HumanEval-RandomSpanInfillingLight:10:4c20421111c310c3,10,HumanEval/10,medium,alpha_renamed_auxiliary,metamorphic_auxiliary_only,False,32,1,64,ok,False,10,31,c787aa04c362fd54d186c1fa0d288f0b09c3581a6810cbafec5fefa17bbed62e,60098853a7463bf080d6f535ecdba39f187cd34288b4a5dd2ce42d38c8b5527c,,0192677345dafe29887e0366e71020f6fea198b2846a56b29837458ce246a5fb,962e415b081820a2089d7b7e32fbaa2880beb99c8fdaf1358ff66149295b7ae1,,True,0.984375,2.5819987980648875,0.00038662797305732965,2.582385426037945,2.5877719189738855,False,False,False,SyntaxError,"expected an indented block after function definition on line 32 (<unknown>, line 32)"
HumanEval-RandomSpanInfillingLight:10:4c20421111c310c3|alpha_renamed_auxiliary|canvas=64|seed=0,HumanEval-RandomSpanInfillingLight:10:4c20421111c310c3,10,HumanEval/10,medium,alpha_renamed_auxiliary,metamorphic_auxiliary_only,False,64,0,64,ok,False,10,64,d76c122b7f21a84a35584784a387bb60ed5fe7feed42177ad348aabcadf3adf1,cdcf715a0135737642c922789e4a089d5811859c6034c718bdd9c1a7114608cf,,98c32eb619834791923e47d3e1b26dc63dc76ec890d8ec20d64f0a1e6611ca96,5b4d55f85a6b3e7cf5b8f3afd38d744bec9c3c82845aeff88c6bd3826fc25909,,False,0.96875,2.7165649940725416,0.0002475109649822116,2.716812505037524,2.724281032104045,False,False,False,SyntaxError,"unterminated triple-quoted string literal (detected at line 35) (<unknown>, line 33)"
HumanEval-RandomSpanInfillingLight:10:4c20421111c310c3|alpha_renamed_auxiliary|canvas=64|seed=1,HumanEval-RandomSpanInfillingLight:10:4c20421111c310c3,10,HumanEval/10,medium,alpha_renamed_auxiliary,metamorphic_auxiliary_only,False,64,1,64,ok,False,10,64,d76c122b7f21a84a35584784a387bb60ed5fe7feed42177ad348aabcadf3adf1,cdcf715a0135737642c922789e4a089d5811859c6034c718bdd9c1a7114608cf,,98c32eb619834791923e47d3e1b26dc63dc76ec890d8ec20d64f0a1e6611ca96,5b4d55f85a6b3e7cf5b8f3afd38d744bec9c3c82845aeff88c6bd3826fc25909,,False,0.96875,2.7301694430643693,0.00013305898755788803,2.730302502051927,2.735037690959871,False,False,False,SyntaxError,"unterminated triple-quoted string literal (detected at line 35) (<unknown>, line 33)"
HumanEval-RandomSpanInfillingLight:10:4c20421111c310c3|alpha_renamed_auxiliary|canvas=128|seed=0,HumanEval-RandomSpanInfillingLight:10:4c20421111c310c3,10,HumanEval/10,medium,alpha_renamed_auxiliary,metamorphic_auxiliary_only,False,128,0,64,ok,False,10,128,59e7357ea8e4dfe72ae05e4a0dc8f0c4cef3ddc113b70fa6087c9df68fe69728,d40564adcd6de4b11d77f24229e419fdf6523cdb5dd348c5333fdab3a0902d5a,,a1ac01e504036e3eca9e9a190c22d3342c2491f83c3141f99c7815c9b1ea6472,5a2b4ba2920b3041bccc53a37bfb92e7468d4107a9e4fe5ad3010ee27c671b4f,,False,0.96484375,2.837708978098817,0.00012355507351458073,2.8378325331723318,2.842938849935308,False,False,False,SyntaxError,"unterminated triple-quoted string literal (detected at line 42) (<unknown>, line 33)"
HumanEval-RandomSpanInfillingLight:10:4c20421111c310c3|alpha_renamed_auxiliary|canvas=128|seed=1,HumanEval-RandomSpanInfillingLight:10:4c20421111c310c3,10,HumanEval/10,medium,alpha_renamed_auxiliary,metamorphic_auxiliary_only,False,128,1,64,ok,False,10,128,59e7357ea8e4dfe72ae05e4a0dc8f0c4cef3ddc113b70fa6087c9df68fe69728,d40564adcd6de4b11d77f24229e419fdf6523cdb5dd348c5333fdab3a0902d5a,,a1ac01e504036e3eca9e9a190c22d3342c2491f83c3141f99c7815c9b1ea6472,5a2b4ba2920b3041bccc53a37bfb92e7468d4107a9e4fe5ad3010ee27c671b4f,,False,0.96484375,2.8485434780595824,0.0001318469876423478,2.8486753250472248,2.8532671610591933,False,False,False,SyntaxError,"unterminated triple-quoted string literal (detected at line 42) (<unknown>, line 33)"
HumanEval-RandomSpanInfillingLight:12:f2aa2ebb7823f0fe|alpha_renamed_auxiliary|canvas=16|seed=0,HumanEval-RandomSpanInfillingLight:12:f2aa2ebb7823f0fe,12,HumanEval/12,medium,alpha_renamed_auxiliary,metamorphic_auxiliary_only,False,16,0,64,ok,True,13,16,47cc7905119b319061cd30f3a34cc60a9685d824b143674af874f06c00486d95,48fd02003d35ac8ffa6bca711ae57215c68901826d814a5dccc3242884c23868,8570c29217287047dde11629386656aa144387fe6fe086366f66009f62b0a3aa,3bbb700e27fae09d01696ae272af2c651ab6b74f81206e00badee596cf2e84b1,5d43fb29b213c5fada4702ec5d885eee5617fc8530ba96bc4ac2478fe6967807,27afe2b6f95d6d0fe19d3a285f6a16c85376952cff2b98382b2fa4b13b68b63a,True,1.0,1.9624030479462817,0.11371844005770981,2.0761214880039915,2.0806798560079187,True,True,True,,
HumanEval-RandomSpanInfillingLight:12:f2aa2ebb7823f0fe|alpha_renamed_auxiliary|canvas=16|seed=1,HumanEval-RandomSpanInfillingLight:12:f2aa2ebb7823f0fe,12,HumanEval/12,medium,alpha_renamed_auxiliary,metamorphic_auxiliary_only,False,16,1,64,ok,True,13,16,47cc7905119b319061cd30f3a34cc60a9685d824b143674af874f06c00486d95,48fd02003d35ac8ffa6bca711ae57215c68901826d814a5dccc3242884c23868,8570c29217287047dde11629386656aa144387fe6fe086366f66009f62b0a3aa,3bbb700e27fae09d01696ae272af2c651ab6b74f81206e00badee596cf2e84b1,5d43fb29b213c5fada4702ec5d885eee5617fc8530ba96bc4ac2478fe6967807,27afe2b6f95d6d0fe19d3a285f6a16c85376952cff2b98382b2fa4b13b68b63a,True,1.0,1.951190568972379,0.13060754700563848,2.0817981159780174,2.087842421955429,True,True,True,,
HumanEval-RandomSpanInfillingLight:12:f2aa2ebb7823f0fe|alpha_renamed_auxiliary|canvas=32|seed=0,HumanEval-RandomSpanInfillingLight:12:f2aa2ebb7823f0fe,12,HumanEval/12,medium,alpha_renamed_auxiliary,metamorphic_auxiliary_only,False,32,0,64,ok,True,13,32,e1fda4c2b4c41863ba28f1530328aa8d35c95930c05ba7ede42ac3938f2c0da0,4280c90d03e16d7656e2116b9b074c77dc88c4f174b124a612924b81c4e4c718,8ddc7472d0808fb9f3e363a6eeb87c75f023981681115a1e16d2537f36551d9c,fca4c250d1aac761c0e14f4f5aad4b494d9410ed62e99366415709b31adbb76d,434c6b87fca8960093ecb20f8aa6dfd21db81cc847cbc563c038ca9797898213,826b7d98fc0bfe2732a17d7559c627ce16b7df633de6fc1d6bcd3e9e50ee71f1,True,1.0,1.9864292570855469,0.15146826719865203,2.137897524284199,2.1469789100810885,True,True,True,,
HumanEval-RandomSpanInfillingLight:12:f2aa2ebb7823f0fe|alpha_renamed_auxiliary|canvas=32|seed=1,HumanEval-RandomSpanInfillingLight:12:f2aa2ebb7823f0fe,12,HumanEval/12,medium,alpha_renamed_auxiliary,metamorphic_auxiliary_only,False,32,1,64,ok,True,13,32,e1fda4c2b4c41863ba28f1530328aa8d35c95930c05ba7ede42ac3938f2c0da0,4280c90d03e16d7656e2116b9b074c77dc88c4f174b124a612924b81c4e4c718,8ddc7472d0808fb9f3e363a6eeb87c75f023981681115a1e16d2537f36551d9c,fca4c250d1aac761c0e14f4f5aad4b494d9410ed62e99366415709b31adbb76d,434c6b87fca8960093ecb20f8aa6dfd21db81cc847cbc563c038ca9797898213,826b7d98fc0bfe2732a17d7559c627ce16b7df633de6fc1d6bcd3e9e50ee71f1,True,1.0,1.9914588970132172,0.12345164106227458,2.114910538075492,2.1269791839877144,True,True,True,,
HumanEval-RandomSpanInfillingLight:12:f2aa2ebb7823f0fe|alpha_renamed_auxiliary|canvas=64|seed=0,HumanEval-RandomSpanInfillingLight:12:f2aa2ebb7823f0fe,12,HumanEval/12,medium,alpha_renamed_auxiliary,metamorphic_auxiliary_only,False,64,0,64,ok,True,13,64,4f80a5c0df7816631028a3ecc176a0bc8f71813d93af9c82a7a44d44979704d9,de5ea4b6c743834296cb552d02e9dd33b77bff63e0cb0889e1def774b8535fc9,665177089a41f5d6f6eecf717abf85915bab1074d07251cfb246a68cf0a52060,6e7f324aaee4855958a0430e0c3b00dd97bf99c40db2c35027854f593636fcd4,0250f288fe467888859ae3ef0b17d0ecdaf193742d6e0bb7a7ed9afd5b5e48d9,ea927ecd1ac2bc2389b045a23ac792e68e90a62c18c7fe0261a6123dba6643f1,True,0.97265625,2.1908286600373685,0.11408021312672645,2.304908873164095,2.314338315045461,True,True,True,,
HumanEval-RandomSpanInfillingLight:12:f2aa2ebb7823f0fe|alpha_renamed_auxiliary|canvas=64|seed=1,HumanEval-RandomSpanInfillingLight:12:f2aa2ebb7823f0fe,12,HumanEval/12,medium,alpha_renamed_auxiliary,metamorphic_auxiliary_only,False,64,1,64,ok,True,13,64,4f80a5c0df7816631028a3ecc176a0bc8f71813d93af9c82a7a44d44979704d9,de5ea4b6c743834296cb552d02e9dd33b77bff63e0cb0889e1def774b8535fc9,665177089a41f5d6f6eecf717abf85915bab1074d07251cfb246a68cf0a52060,6e7f324aaee4855958a0430e0c3b00dd97bf99c40db2c35027854f593636fcd4,0250f288fe467888859ae3ef0b17d0ecdaf193742d6e0bb7a7ed9afd5b5e48d9,ea927ecd1ac2bc2389b045a23ac792e68e90a62c18c7fe0261a6123dba6643f1,True,0.97265625,2.177685893024318,0.1391248640138656,2.3168107570381835,2.3241223610239103,True,True,True,,
HumanEval-RandomSpanInfillingLight:12:f2aa2ebb7823f0fe|alpha_renamed_auxiliary|canvas=128|seed=0,HumanEval-RandomSpanInfillingLight:12:f2aa2ebb7823f0fe,12,HumanEval/12,medium,alpha_renamed_auxiliary,metamorphic_auxiliary_only,False,128,0,64,ok,False,13,128,9eb9369bbd67fc2e9bb99d950caa69f07eccd6b30687a4feeddd2176bc619087,517cc860f33c0a8bab8a9d69556e34348f424070f76fbb0e5b06d51fd6a1aec1,81c2a824b8d07f45a90d42774a72b6e22c60e03390aae215d7479d09e0be2dab,6d2d351e312c02df7b6cb1a3c1aec0314b466a8485c50efc3081d71fd8bece8c,fbfb43d77fb8462d048683d23b4cde33ea741fe773bb88453440fe04fbc402f6,ed05f5bc4b98371cbb70238d4e8cea52af599767e3601c42d21c629582d43c9f,True,0.984375,2.7518357139779255,0.11841551505494863,2.870251229032874,2.8796631860313937,True,True,False,UnitTestFailure,failed:
HumanEval-RandomSpanInfillingLight:12:f2aa2ebb7823f0fe|alpha_renamed_auxiliary|canvas=128|seed=1,HumanEval-RandomSpanInfillingLight:12:f2aa2ebb7823f0fe,12,HumanEval/12,medium,alpha_renamed_auxiliary,metamorphic_auxiliary_only,False,128,1,64,ok,False,13,128,9eb9369bbd67fc2e9bb99d950caa69f07eccd6b30687a4feeddd2176bc619087,517cc860f33c0a8bab8a9d69556e34348f424070f76fbb0e5b06d51fd6a1aec1,81c2a824b8d07f45a90d42774a72b6e22c60e03390aae215d7479d09e0be2dab,6d2d351e312c02df7b6cb1a3c1aec0314b466a8485c50efc3081d71fd8bece8c,fbfb43d77fb8462d048683d23b4cde33ea741fe773bb88453440fe04fbc402f6,ed05f5bc4b98371cbb70238d4e8cea52af599767e3601c42d21c629582d43c9f,True,0.984375,2.7690838739508763,0.138799391919747,2.9078832658706233,2.9155197930522263,True,True,False,UnitTestFailure,failed:
HumanEval-RandomSpanInfillingLight:14:8100a1983da68053|alpha_renamed_auxiliary|canvas=16|seed=0,HumanEval-RandomSpanInfillingLight:14:8100a1983da68053,14,HumanEval/14,long,alpha_renamed_auxiliary,metamorphic_auxiliary_only,False,16,0,64,ok,False,19,16,2114d0b73244874694d39b89c46a8c80a1ef958dbd28e0dbef59391cf749738e,407393457df66c55ff003951049da408070f2e155bff74f89db84890c5846e39,253df7f66e958079b64210474cdc860d136ce3d07544451276c5ec3ff7b8cb45,a629159bfdf05fadaed8cd099b40a114032b88f7bb3532ac284d57062900d987,6b0df4e34829d4ca06750dc1e01812f00122f2c73f0ab6735191580c155b4208,a92421c1582f1d21de67bbc8e5e6806a13434391ba4f099f70ab6844ca946b6a,True,1.0,1.7404085609596223,0.11760059895459563,1.858009159914218,1.8632150379708037,True,True,False,UnitTestFailure,failed:
HumanEval-RandomSpanInfillingLight:14:8100a1983da68053|alpha_renamed_auxiliary|canvas=16|seed=1,HumanEval-RandomSpanInfillingLight:14:8100a1983da68053,14,HumanEval/14,long,alpha_renamed_auxiliary,metamorphic_auxiliary_only,False,16,1,64,ok,False,19,16,2114d0b73244874694d39b89c46a8c80a1ef958dbd28e0dbef59391cf749738e,407393457df66c55ff003951049da408070f2e155bff74f89db84890c5846e39,253df7f66e958079b64210474cdc860d136ce3d07544451276c5ec3ff7b8cb45,a629159bfdf05fadaed8cd099b40a114032b88f7bb3532ac284d57062900d987,6b0df4e34829d4ca06750dc1e01812f00122f2c73f0ab6735191580c155b4208,a92421c1582f1d21de67bbc8e5e6806a13434391ba4f099f70ab6844ca946b6a,True,1.0,1.7398300929926336,0.1357066441560164,1.87553673714865,1.8807025459827855,True,True,False,UnitTestFailure,failed:
HumanEval-RandomSpanInfillingLight:14:8100a1983da68053|alpha_renamed_auxiliary|canvas=32|seed=0,HumanEval-RandomSpanInfillingLight:14:8100a1983da68053,14,HumanEval/14,long,alpha_renamed_auxiliary,metamorphic_auxiliary_only,False,32,0,64,ok,True,19,32,67ca8a719d6927621765379c8970f47a2866b604ef9d3dfb6790928e011ff3b8,8063fa4f810f3d80449884a19f4624c751f3f5fcb5a0e613345fc7ad8ce8ef1f,46e60a42f608391d23f7e35d2f9149b1d88d73d4cc1b0a08f01a26d6b87b56ec,0a3bcebe6bec1ccf8ade4fbae155d85676f07eacd60510953fc40cc2e8849ecd,ecd81675048fee871a5692c1594b8426ccb069fc21866c06bfb79b9cda4b6996,5e92188a971e5b7c44f96e2831f933de7a83e6e07f2a9f85aee2835f07eb1f71,True,0.98046875,1.6804523559985682,0.11156253202352673,1.792014888022095,1.797040257952176,True,True,True,,
HumanEval-RandomSpanInfillingLight:14:8100a1983da68053|alpha_renamed_auxiliary|canvas=32|seed=1,HumanEval-RandomSpanInfillingLight:14:8100a1983da68053,14,HumanEval/14,long,alpha_renamed_auxiliary,metamorphic_auxiliary_only,False,32,1,64,ok,True,19,32,67ca8a719d6927621765379c8970f47a2866b604ef9d3dfb6790928e011ff3b8,8063fa4f810f3d80449884a19f4624c751f3f5fcb5a0e613345fc7ad8ce8ef1f,46e60a42f608391d23f7e35d2f9149b1d88d73d4cc1b0a08f01a26d6b87b56ec,0a3bcebe6bec1ccf8ade4fbae155d85676f07eacd60510953fc40cc2e8849ecd,ecd81675048fee871a5692c1594b8426ccb069fc21866c06bfb79b9cda4b6996,5e92188a971e5b7c44f96e2831f933de7a83e6e07f2a9f85aee2835f07eb1f71,True,0.98046875,1.689369831001386,0.12481164315249771,1.8141814741538838,1.8197375290328637,True,True,True,,
HumanEval-RandomSpanInfillingLight:14:8100a1983da68053|alpha_renamed_auxiliary|canvas=64|seed=0,HumanEval-RandomSpanInfillingLight:14:8100a1983da68053,14,HumanEval/14,long,alpha_renamed_auxiliary,metamorphic_auxiliary_only,False,64,0,64,ok,False,19,64,68639eb377d5266c0cc121192347d52ef2e89422b4242d81299f757c33686743,317932f67af650933a17fa01af0b9ad60757e8ba2cc0f7cac139ad99cc978712,ca226462d337a91a042c284514cf1622f25a5a82310901dfdd97f65ace1e1fa5,2a4045a77286fb7761470afe36ff85b151bce47021ddf55214b99237d6f544e2,317932f67af650933a17fa01af0b9ad60757e8ba2cc0f7cac139ad99cc978712,af61127a47660ebe8edc87f77f826e1fb8e721068924214db7a86d8827b42d81,True,0.98046875,1.9627770599909127,0.15122048801276833,2.113997548003681,2.121775715961121,True,True,False,UnitTestFailure,failed:
HumanEval-RandomSpanInfillingLight:14:8100a1983da68053|alpha_renamed_auxiliary|canvas=64|seed=1,HumanEval-RandomSpanInfillingLight:14:8100a1983da68053,14,HumanEval/14,long,alpha_renamed_auxiliary,metamorphic_auxiliary_only,False,64,1,64,ok,False,19,64,68639eb377d5266c0cc121192347d52ef2e89422b4242d81299f757c33686743,317932f67af650933a17fa01af0b9ad60757e8ba2cc0f7cac139ad99cc978712,ca226462d337a91a042c284514cf1622f25a5a82310901dfdd97f65ace1e1fa5,2a4045a77286fb7761470afe36ff85b151bce47021ddf55214b99237d6f544e2,317932f67af650933a17fa01af0b9ad60757e8ba2cc0f7cac139ad99cc978712,af61127a47660ebe8edc87f77f826e1fb8e721068924214db7a86d8827b42d81,True,0.98046875,1.960318773984909,0.15354179206769913,2.113860566052608,2.1230835739988834,True,True,False,UnitTestFailure,failed:
HumanEval-RandomSpanInfillingLight:14:8100a1983da68053|alpha_renamed_auxiliary|canvas=128|seed=0,HumanEval-RandomSpanInfillingLight:14:8100a1983da68053,14,HumanEval/14,long,alpha_renamed_auxiliary,metamorphic_auxiliary_only,False,128,0,64,ok,False,19,128,4ee2e4fe957b5b131487069e2c67e83bbf838d0b5b3031a6acda98e003340d80,7412c5d5e9e27818497d024ccd27258c9b00a6cce36dea2fa64e7da813d3c6c9,e028ed4d7bed8843a5cd73459a44ddf6ad9e8a4b65a46d334b318e5a4d092c94,1dcc981d0101f58c711771ce876a0a42bd95d747c28c390c2fb163ae0bd94bf3,531165a750897d1d95177855139ea866acf8cd70ca7960ebdffda5c677c8ec22,05e0f81162dc664dc7af5aa64d07db8df9cc568172dc7a9fee5206787b32983a,True,0.96484375,2.2149165109731257,0.13273378391750157,2.3476502948906273,2.357953376020305,True,True,False,UnitTestFailure,failed: name 'list_list' is not defined
HumanEval-RandomSpanInfillingLight:14:8100a1983da68053|alpha_renamed_auxiliary|canvas=128|seed=1,HumanEval-RandomSpanInfillingLight:14:8100a1983da68053,14,HumanEval/14,long,alpha_renamed_auxiliary,metamorphic_auxiliary_only,False,128,1,64,ok,False,19,128,4ee2e4fe957b5b131487069e2c67e83bbf838d0b5b3031a6acda98e003340d80,7412c5d5e9e27818497d024ccd27258c9b00a6cce36dea2fa64e7da813d3c6c9,e028ed4d7bed8843a5cd73459a44ddf6ad9e8a4b65a46d334b318e5a4d092c94,1dcc981d0101f58c711771ce876a0a42bd95d747c28c390c2fb163ae0bd94bf3,531165a750897d1d95177855139ea866acf8cd70ca7960ebdffda5c677c8ec22,05e0f81162dc664dc7af5aa64d07db8df9cc568172dc7a9fee5206787b32983a,True,0.96484375,2.1953316018916667,0.12125355401076376,2.3165851559024304,2.32468262698967,True,True,False,UnitTestFailure,failed: name 'list_list' is not defined
HumanEval-RandomSpanInfillingLight:15:333b588dd410244c|alpha_renamed_auxiliary|canvas=16|seed=0,HumanEval-RandomSpanInfillingLight:15:333b588dd410244c,15,HumanEval/15,medium,alpha_renamed_auxiliary,metamorphic_auxiliary_only,False,16,0,64,ok,False,12,16,d5a9037dc135e2fa41cd88f4c3cd450d533601e210e1c94ad844652a16daf5ee,3ca9f2077d3e41146d094a9220be8a863858b66354369bd4a55fef83c7235143,,d5a9037dc135e2fa41cd88f4c3cd450d533601e210e1c94ad844652a16daf5ee,3ca9f2077d3e41146d094a9220be8a863858b66354369bd4a55fef83c7235143,,False,1.0,1.745126344030723,0.00013720407150685787,1.7452635481022298,1.7485088430112228,False,False,False,SyntaxError,"'(' was never closed (<unknown>, line 11)"
HumanEval-RandomSpanInfillingLight:15:333b588dd410244c|alpha_renamed_auxiliary|canvas=16|seed=1,HumanEval-RandomSpanInfillingLight:15:333b588dd410244c,15,HumanEval/15,medium,alpha_renamed_auxiliary,metamorphic_auxiliary_only,False,16,1,64,ok,False,12,16,d5a9037dc135e2fa41cd88f4c3cd450d533601e210e1c94ad844652a16daf5ee,3ca9f2077d3e41146d094a9220be8a863858b66354369bd4a55fef83c7235143,,d5a9037dc135e2fa41cd88f4c3cd450d533601e210e1c94ad844652a16daf5ee,3ca9f2077d3e41146d094a9220be8a863858b66354369bd4a55fef83c7235143,,False,1.0,1.768023626995273,0.00011574500240385532,1.7681393719976768,1.770643585943617,False,False,False,SyntaxError,"'(' was never closed (<unknown>, line 11)"
HumanEval-RandomSpanInfillingLight:15:333b588dd410244c|alpha_renamed_auxiliary|canvas=32|seed=0,HumanEval-RandomSpanInfillingLight:15:333b588dd410244c,15,HumanEval/15,medium,alpha_renamed_auxiliary,metamorphic_auxiliary_only,False,32,0,64,ok,True,12,32,9bceca0378159078d5f97d9faa3f2ccc740da812f99dd2f46a8bb9b3028af47b,2a74958731fb5b4b2fbd4babb3b221b5f97ed198cb96bee4173e0a1a29372ba1,a5bd74186cc55c1cd8918c79faa18523debd77bfd1a5d954ec44e7f28aec0961,9bceca0378159078d5f97d9faa3f2ccc740da812f99dd2f46a8bb9b3028af47b,2a74958731fb5b4b2fbd4babb3b221b5f97ed198cb96bee4173e0a1a29372ba1,a5bd74186cc55c1cd8918c79faa18523debd77bfd1a5d954ec44e7f28aec0961,False,0.99609375,1.7170310879591852,0.11973948497325182,1.836770572932437,1.8412239940371364,True,True,True,,
HumanEval-RandomSpanInfillingLight:15:333b588dd410244c|alpha_renamed_auxiliary|canvas=32|seed=1,HumanEval-RandomSpanInfillingLight:15:333b588dd410244c,15,HumanEval/15,medium,alpha_renamed_auxiliary,metamorphic_auxiliary_only,False,32,1,64,ok,True,12,32,9bceca0378159078d5f97d9faa3f2ccc740da812f99dd2f46a8bb9b3028af47b,2a74958731fb5b4b2fbd4babb3b221b5f97ed198cb96bee4173e0a1a29372ba1,a5bd74186cc55c1cd8918c79faa18523debd77bfd1a5d954ec44e7f28aec0961,9bceca0378159078d5f97d9faa3f2ccc740da812f99dd2f46a8bb9b3028af47b,2a74958731fb5b4b2fbd4babb3b221b5f97ed198cb96bee4173e0a1a29372ba1,a5bd74186cc55c1cd8918c79faa18523debd77bfd1a5d954ec44e7f28aec0961,False,0.99609375,1.7242544499458745,0.11202087299898267,1.8362753229448572,1.841373577946797,True,True,True,,
HumanEval-RandomSpanInfillingLight:15:333b588dd410244c|alpha_renamed_auxiliary|canvas=64|seed=0,HumanEval-RandomSpanInfillingLight:15:333b588dd410244c,15,HumanEval/15,medium,alpha_renamed_auxiliary,metamorphic_auxiliary_only,False,64,0,64,ok,False,12,64,dedf8f3921418432365c4ea5987ed2106cfb5063487b9bb880a206d680bfdb8b,3e5bedb4b82271de06e6c162a33df63a23c47ffb176abe1c2c640fc2c26b9e9f,,dedf8f3921418432365c4ea5987ed2106cfb5063487b9bb880a206d680bfdb8b,3e5bedb4b82271de06e6c162a33df63a23c47ffb176abe1c2c640fc2c26b9e9f,,False,0.9765625,1.9416351960971951,0.0001044080127030611,1.9417396041098982,1.945235635037534,False,False,False,SyntaxError,"unterminated triple-quoted string literal (detected at line 18) (<unknown>, line 17)"
HumanEval-RandomSpanInfillingLight:15:333b588dd410244c|alpha_renamed_auxiliary|canvas=64|seed=1,HumanEval-RandomSpanInfillingLight:15:333b588dd410244c,15,HumanEval/15,medium,alpha_renamed_auxiliary,metamorphic_auxiliary_only,False,64,1,64,ok,False,12,64,dedf8f3921418432365c4ea5987ed2106cfb5063487b9bb880a206d680bfdb8b,3e5bedb4b82271de06e6c162a33df63a23c47ffb176abe1c2c640fc2c26b9e9f,,dedf8f3921418432365c4ea5987ed2106cfb5063487b9bb880a206d680bfdb8b,3e5bedb4b82271de06e6c162a33df63a23c47ffb176abe1c2c640fc2c26b9e9f,,False,0.9765625,1.9240965499775484,0.00010106293484568596,1.924197612912394,1.9276995930122212,False,False,False,SyntaxError,"unterminated triple-quoted string literal (detected at line 18) (<unknown>, line 17)"
HumanEval-RandomSpanInfillingLight:15:333b588dd410244c|alpha_renamed_auxiliary|canvas=128|seed=0,HumanEval-RandomSpanInfillingLight:15:333b588dd410244c,15,HumanEval/15,medium,alpha_renamed_auxiliary,metamorphic_auxiliary_only,False,128,0,64,ok,False,12,128,ccc187795a9eb2268b0add4878b5b49e4c287b7269c9f8666ac908eb5cea7324,e117f6b5d966c6090902a8fb94a7440b05ab6525149e2108cc1eddb649e24bcc,,ccc187795a9eb2268b0add4878b5b49e4c287b7269c9f8666ac908eb5cea7324,e117f6b5d966c6090902a8fb94a7440b05ab6525149e2108cc1eddb649e24bcc,,False,0.96484375,2.2014077909989282,0.00012646906543523073,2.2015342600643635,2.2068783339345828,False,False,False,SyntaxError,"closing parenthesis ')' does not match opening parenthesis '[' (<unknown>, line 12)"
HumanEval-RandomSpanInfillingLight:15:333b588dd410244c|alpha_renamed_auxiliary|canvas=128|seed=1,HumanEval-RandomSpanInfillingLight:15:333b588dd410244c,15,HumanEval/15,medium,alpha_renamed_auxiliary,metamorphic_auxiliary_only,False,128,1,64,ok,False,12,128,ccc187795a9eb2268b0add4878b5b49e4c287b7269c9f8666ac908eb5cea7324,e117f6b5d966c6090902a8fb94a7440b05ab6525149e2108cc1eddb649e24bcc,,ccc187795a9eb2268b0add4878b5b49e4c287b7269c9f8666ac908eb5cea7324,e117f6b5d966c6090902a8fb94a7440b05ab6525149e2108cc1eddb649e24bcc,,False,0.96484375,2.1981748969992623,7.155200000852346e-05,2.198246448999271,2.2023119080113247,False,False,False,SyntaxError,"closing parenthesis ')' does not match opening parenthesis '[' (<unknown>, line 12)"
HumanEval-RandomSpanInfillingLight:17:9b02770240a54b27|alpha_renamed_auxiliary|canvas=16|seed=0,HumanEval-RandomSpanInfillingLight:17:9b02770240a54b27,17,HumanEval/17,long,alpha_renamed_auxiliary,metamorphic_auxiliary_only,False,16,0,64,ok,False,23,16,f70132a039408219226b2ff849d56eb73e492b81f9da92e84c61be979a6be90e,e2ca97dc31d67b2c8bc1292fd8f59360ab1182239efa4896aead62a6b27fd90a,bba5f2b32c5edc1409eb546a41b95852b250d586208815bdbe475f83506842d9,5f9cbcc5e49fc38575db64484396248fd06fc649e2e3fe6c1af4ee83ce88c351,515e6aad38bdcf182350639c7fc7410e87fe5d0d68d7e068e38016d6ece0a1be,4fe79eab4d7560f1b45447ec4ff518d6579210611122f8a17de076079dfca554,True,0.99609375,2.158360128989443,0.15223717305343598,2.310597302042879,2.3176651030080393,True,True,False,UnitTestFailure,failed: '.|'
HumanEval-RandomSpanInfillingLight:17:9b02770240a54b27|alpha_renamed_auxiliary|canvas=16|seed=1,HumanEval-RandomSpanInfillingLight:17:9b02770240a54b27,17,HumanEval/17,long,alpha_renamed_auxiliary,metamorphic_auxiliary_only,False,16,1,64,ok,False,23,16,f70132a039408219226b2ff849d56eb73e492b81f9da92e84c61be979a6be90e,e2ca97dc31d67b2c8bc1292fd8f59360ab1182239efa4896aead62a6b27fd90a,bba5f2b32c5edc1409eb546a41b95852b250d586208815bdbe475f83506842d9,5f9cbcc5e49fc38575db64484396248fd06fc649e2e3fe6c1af4ee83ce88c351,515e6aad38bdcf182350639c7fc7410e87fe5d0d68d7e068e38016d6ece0a1be,4fe79eab4d7560f1b45447ec4ff518d6579210611122f8a17de076079dfca554,True,0.99609375,2.1746877229306847,0.153201021021232,2.3278887439519167,2.3371772140963003,True,True,False,UnitTestFailure,failed: '.|'
HumanEval-RandomSpanInfillingLight:17:9b02770240a54b27|alpha_renamed_auxiliary|canvas=32|seed=0,HumanEval-RandomSpanInfillingLight:17:9b02770240a54b27,17,HumanEval/17,long,alpha_renamed_auxiliary,metamorphic_auxiliary_only,False,32,0,64,ok,True,23,32,10ed849698862dda391ce2286dd4168d4e62fc1779aeeabcf91c6afb7374c0ce,d5f0f716d0b95904e6d16299fbfd3f0bf49e99ef6285dc9fa18f4eb93990932f,4eab921ecc131daa60ff414625fb6d42ad58f8844c03652fdb4fd808411330d3,1f48bd092d054d1ab7fff70e04f325d2d74634f5f205a3df38d559987e0b620b,6c54dfe8122d45a8b51b823e4a7b23d956f8ade708e7862c48f1b7c24e13d174,fe5dfb5598597cb331d9e36d010f0a904520c786540b6895718a094a6d48ef1e,True,0.98828125,2.1764791780151427,0.13839589117560536,2.314875069190748,2.3227002139901742,True,True,True,,
HumanEval-RandomSpanInfillingLight:17:9b02770240a54b27|alpha_renamed_auxiliary|canvas=32|seed=1,HumanEval-RandomSpanInfillingLight:17:9b02770240a54b27,17,HumanEval/17,long,alpha_renamed_auxiliary,metamorphic_auxiliary_only,False,32,1,64,ok,True,23,32,10ed849698862dda391ce2286dd4168d4e62fc1779aeeabcf91c6afb7374c0ce,d5f0f716d0b95904e6d16299fbfd3f0bf49e99ef6285dc9fa18f4eb93990932f,4eab921ecc131daa60ff414625fb6d42ad58f8844c03652fdb4fd808411330d3,1f48bd092d054d1ab7fff70e04f325d2d74634f5f205a3df38d559987e0b620b,6c54dfe8122d45a8b51b823e4a7b23d956f8ade708e7862c48f1b7c24e13d174,fe5dfb5598597cb331d9e36d010f0a904520c786540b6895718a094a6d48ef1e,True,0.98828125,2.1758000360568985,0.11012753704562783,2.2859275731025264,2.292400970007293,True,True,True,,
HumanEval-RandomSpanInfillingLight:17:9b02770240a54b27|alpha_renamed_auxiliary|canvas=64|seed=0,HumanEval-RandomSpanInfillingLight:17:9b02770240a54b27,17,HumanEval/17,long,alpha_renamed_auxiliary,metamorphic_auxiliary_only,False,64,0,64,ok,True,23,64,4d76232f88e059e9dea837feda0f66377232a9cdb9822cffdc22729fd372f7f3,bfd4ac4b60d726a914503024c59d544e878e17446a61e6af054523934d2e6b94,ac2723c20d840d9da64f97ee07a383d2807d6ccde67d77679c9dff6b104eaecf,2b05f4c82836cd41f67da65ac6493a3a639f1d66d039b8f28b1732b4cfe7da63,57336dbf98ab688ba9e93e2f28c9d3aba1b7b22e355e17372ecde85fe5305b87,f1c17c14872b6e809c534328bf004c2a67a4b0874fad01e16cdbef7348652607,True,0.9921875,2.7256286490010098,0.13499661802779883,2.8606252670288086,2.868489678017795,True,True,True,,
HumanEval-RandomSpanInfillingLight:17:9b02770240a54b27|alpha_renamed_auxiliary|canvas=64|seed=1,HumanEval-RandomSpanInfillingLight:17:9b02770240a54b27,17,HumanEval/17,long,alpha_renamed_auxiliary,metamorphic_auxiliary_only,False,64,1,64,ok,True,23,64,4d76232f88e059e9dea837feda0f66377232a9cdb9822cffdc22729fd372f7f3,bfd4ac4b60d726a914503024c59d544e878e17446a61e6af054523934d2e6b94,ac2723c20d840d9da64f97ee07a383d2807d6ccde67d77679c9dff6b104eaecf,2b05f4c82836cd41f67da65ac6493a3a639f1d66d039b8f28b1732b4cfe7da63,57336dbf98ab688ba9e93e2f28c9d3aba1b7b22e355e17372ecde85fe5305b87,f1c17c14872b6e809c534328bf004c2a67a4b0874fad01e16cdbef7348652607,True,0.9921875,2.7197573819430545,0.12737406010273844,2.847131442045793,2.855609954916872,True,True,True,,
HumanEval-RandomSpanInfillingLight:17:9b02770240a54b27|alpha_renamed_auxiliary|canvas=128|seed=0,HumanEval-RandomSpanInfillingLight:17:9b02770240a54b27,17,HumanEval/17,long,alpha_renamed_auxiliary,metamorphic_auxiliary_only,False,128,0,64,ok,False,23,128,41054d2873bb34f676339ada4a655fffca5e405ad4513599ba20263e1fb85c86,5c39e45c9f9d72cd79516f6c392fad4401eb288e38f486b8f39d0bc37e8bbb4a,67b549b38ef1c2bfcb2eb82e746306cff7caecdf16e3817b4ced4c9d667d7f5d,f8007dac765ac48040e688778e38479928c476f4ffc26d2b4887458c7d21a64a,9c32fc0fc96a90e030df0fc95c2a1dd338cb7d2b2d5ab78bbb2aab168e2d4122,6901ebfe9d7f90ab97a16b313b21b8e74502945ce442d1171a7e78fdfa1692b4,True,0.98828125,2.8636177428998053,0.14715072617400438,3.0107684690738097,3.022265674895607,True,True,False,UnitTestFailure,failed: 'dict' object has no attribute '__dict__'
HumanEval-RandomSpanInfillingLight:17:9b02770240a54b27|alpha_renamed_auxiliary|canvas=128|seed=1,HumanEval-RandomSpanInfillingLight:17:9b02770240a54b27,17,HumanEval/17,long,alpha_renamed_auxiliary,metamorphic_auxiliary_only,False,128,1,64,ok,False,23,128,41054d2873bb34f676339ada4a655fffca5e405ad4513599ba20263e1fb85c86,5c39e45c9f9d72cd79516f6c392fad4401eb288e38f486b8f39d0bc37e8bbb4a,67b549b38ef1c2bfcb2eb82e746306cff7caecdf16e3817b4ced4c9d667d7f5d,f8007dac765ac48040e688778e38479928c476f4ffc26d2b4887458c7d21a64a,9c32fc0fc96a90e030df0fc95c2a1dd338cb7d2b2d5ab78bbb2aab168e2d4122,6901ebfe9d7f90ab97a16b313b21b8e74502945ce442d1171a7e78fdfa1692b4,True,0.98828125,2.896231228020042,0.13628767000045627,3.0325188980204985,3.044815168948844,True,True,False,UnitTestFailure,failed: 'dict' object has no attribute '__dict__'
HumanEval-RandomSpanInfillingLight:18:acbd91212ee7b05d|alpha_renamed_auxiliary|canvas=16|seed=0,HumanEval-RandomSpanInfillingLight:18:acbd91212ee7b05d,18,HumanEval/18,extreme,alpha_renamed_auxiliary,metamorphic_auxiliary_only,False,16,0,64,ok,False,32,16,101e83b9785c17b6431c8c68e008e778b47d4e34fc7725700ec339dcfded7e5e,cd6b2c5ab472a8687b2a6e72e4ccb07d6517cebcd6c6e3d081381fca777b9d23,061683ebcaf928e9ed1e20ec6dbd424e1c9ef7eebc0b8308fce76b7b48844e85,9f91c094127f95ddb9c53bbae562a2566773fa45bcfe522bfaae3690b3d613c5,1b3192297205f0fe3e0f996aede15e32c46c43b5be46c2125b6eab42383f12d6,3fbb1449e2102ecddd9624154cc7e1170c1ec93975d8fdfcfa8318a820d3aa80,False,0.96875,1.9126495749223977,0.13745774095878005,2.050107315881178,2.0579070950625464,True,True,False,UnitTestFailure,failed:
HumanEval-RandomSpanInfillingLight:18:acbd91212ee7b05d|alpha_renamed_auxiliary|canvas=16|seed=1,HumanEval-RandomSpanInfillingLight:18:acbd91212ee7b05d,18,HumanEval/18,extreme,alpha_renamed_auxiliary,metamorphic_auxiliary_only,False,16,1,64,ok,False,32,16,101e83b9785c17b6431c8c68e008e778b47d4e34fc7725700ec339dcfded7e5e,cd6b2c5ab472a8687b2a6e72e4ccb07d6517cebcd6c6e3d081381fca777b9d23,061683ebcaf928e9ed1e20ec6dbd424e1c9ef7eebc0b8308fce76b7b48844e85,9f91c094127f95ddb9c53bbae562a2566773fa45bcfe522bfaae3690b3d613c5,1b3192297205f0fe3e0f996aede15e32c46c43b5be46c2125b6eab42383f12d6,3fbb1449e2102ecddd9624154cc7e1170c1ec93975d8fdfcfa8318a820d3aa80,False,0.96875,1.9068378099473193,0.1454287728993222,2.0522665828466415,2.060066031990573,True,True,False,UnitTestFailure,failed:
HumanEval-RandomSpanInfillingLight:18:acbd91212ee7b05d|alpha_renamed_auxiliary|canvas=32|seed=0,HumanEval-RandomSpanInfillingLight:18:acbd91212ee7b05d,18,HumanEval/18,extreme,alpha_renamed_auxiliary,metamorphic_auxiliary_only,False,32,0,64,ok,False,32,32,3e531fef41c18678e2485a000a951b921de7140d9601d14477a650706dd4b439,fa499a56e531b86890e70d75c602950b7bc089f827948d67c61a53535c4d88a6,d6c8c54fa7b27b1c0045b6b61d31dad990906556f8ebd8df863ce755eb612a75,b10a14d5227a66d18030e042bf11d5bcc5b1a40614dd0364cdbc9e0271c72ed5,dbb5b109246b5b60ee1ce992288d26f9cce3833bfc60131357ceb1e086acba8e,53ef575441ccfa7e283d6dd11fb313085e00e64f88e61f466e65585848e5966c,False,1.0,1.9347773799672723,0.13875925913453102,2.0735366391018033,2.08094146696385,True,True,False,UnitTestFailure,failed:
HumanEval-RandomSpanInfillingLight:18:acbd91212ee7b05d|alpha_renamed_auxiliary|canvas=32|seed=1,HumanEval-RandomSpanInfillingLight:18:acbd91212ee7b05d,18,HumanEval/18,extreme,alpha_renamed_auxiliary,metamorphic_auxiliary_only,False,32,1,64,ok,False,32,32,3e531fef41c18678e2485a000a951b921de7140d9601d14477a650706dd4b439,fa499a56e531b86890e70d75c602950b7bc089f827948d67c61a53535c4d88a6,d6c8c54fa7b27b1c0045b6b61d31dad990906556f8ebd8df863ce755eb612a75,b10a14d5227a66d18030e042bf11d5bcc5b1a40614dd0364cdbc9e0271c72ed5,dbb5b109246b5b60ee1ce992288d26f9cce3833bfc60131357ceb1e086acba8e,53ef575441ccfa7e283d6dd11fb313085e00e64f88e61f466e65585848e5966c,False,1.0,1.9322381790261716,0.13931030104868114,2.0715484800748527,2.077772333053872,True,True,False,UnitTestFailure,failed:
HumanEval-RandomSpanInfillingLight:18:acbd91212ee7b05d|alpha_renamed_auxiliary|canvas=64|seed=0,HumanEval-RandomSpanInfillingLight:18:acbd91212ee7b05d,18,HumanEval/18,extreme,alpha_renamed_auxiliary,metamorphic_auxiliary_only,False,64,0,64,ok,False,32,64,a217069e6a361010d9e2d7b02a1aa82ca4064a56158f9646d87609bbcb036fc5,6c3f4dac27e8d550a34ec3c499dfb0ff7b4a8903e28a5860a5b4702862eef5a5,c25465637f44f3a8340f312725129cafe4e13d7f1e7055d32f727d381a61495d,4b6c433e9daf134afae3da9200bcbe9eecc320fbbf76af76b36529a5f468f3e6,9bcf436861c27c829e2e244b569142fa2310b3087d64782ca189ef819834ce92,81037b1575ff22da97435e5680d7181c788773a5fc5cb9dd8105a987462011af,False,0.98828125,2.020293648005463,0.14482300484087318,2.1651166528463364,2.174976332928054,True,True,False,UnitTestFailure,failed:
HumanEval-RandomSpanInfillingLight:18:acbd91212ee7b05d|alpha_renamed_auxiliary|canvas=64|seed=1,HumanEval-RandomSpanInfillingLight:18:acbd91212ee7b05d,18,HumanEval/18,extreme,alpha_renamed_auxiliary,metamorphic_auxiliary_only,False,64,1,64,ok,False,32,64,a217069e6a361010d9e2d7b02a1aa82ca4064a56158f9646d87609bbcb036fc5,6c3f4dac27e8d550a34ec3c499dfb0ff7b4a8903e28a5860a5b4702862eef5a5,c25465637f44f3a8340f312725129cafe4e13d7f1e7055d32f727d381a61495d,4b6c433e9daf134afae3da9200bcbe9eecc320fbbf76af76b36529a5f468f3e6,9bcf436861c27c829e2e244b569142fa2310b3087d64782ca189ef819834ce92,81037b1575ff22da97435e5680d7181c788773a5fc5cb9dd8105a987462011af,False,0.98828125,2.033946495037526,0.14086989394854754,2.1748163889860734,2.1838150289840996,True,True,False,UnitTestFailure,failed:
HumanEval-RandomSpanInfillingLight:18:acbd91212ee7b05d|alpha_renamed_auxiliary|canvas=128|seed=0,HumanEval-RandomSpanInfillingLight:18:acbd91212ee7b05d,18,HumanEval/18,extreme,alpha_renamed_auxiliary,metamorphic_auxiliary_only,False,128,0,64,ok,True,32,128,1582e24da8c642c29d0fb78b72f5cf0378cf0af24f3bd24302c39987ad73fab3,083c61c7eea33096664a1c3bc0b531222f9a4de9e7744560856a4fbae4a702cc,5916960acceb2be242d7db28111edf41cb562b90dccb3c55e2fb330e9bfab5b8,d9fff940724be0dbb77d5e8ea8f69442538660745b7ffa92e798a6fd32910559,ef3202ef508b3856695184f998019b0fd4aad768af9d4f3dbafa6e57d4b44b89,e73b40b1862faf1789ad094d0c53950323824a6a7ee068f70e29da2c1643c5aa,False,0.9921875,2.227346757077612,0.13552936620544642,2.3628761232830584,2.372522432007827,True,True,True,,
HumanEval-RandomSpanInfillingLight:18:acbd91212ee7b05d|alpha_renamed_auxiliary|canvas=128|seed=1,HumanEval-RandomSpanInfillingLight:18:acbd91212ee7b05d,18,HumanEval/18,extreme,alpha_renamed_auxiliary,metamorphic_auxiliary_only,False,128,1,64,ok,True,32,128,1582e24da8c642c29d0fb78b72f5cf0378cf0af24f3bd24302c39987ad73fab3,083c61c7eea33096664a1c3bc0b531222f9a4de9e7744560856a4fbae4a702cc,5916960acceb2be242d7db28111edf41cb562b90dccb3c55e2fb330e9bfab5b8,d9fff940724be0dbb77d5e8ea8f69442538660745b7ffa92e798a6fd32910559,ef3202ef508b3856695184f998019b0fd4aad768af9d4f3dbafa6e57d4b44b89,e73b40b1862faf1789ad094d0c53950323824a6a7ee068f70e29da2c1643c5aa,False,0.9921875,2.2093998509226367,0.15367335407063365,2.3630732049932703,2.36994187196251,True,True,True,,
HumanEval-RandomSpanInfillingLight:20:e55eaad75c7c6016|alpha_renamed_auxiliary|canvas=16|seed=0,HumanEval-RandomSpanInfillingLight:20:e55eaad75c7c6016,20,HumanEval/20,extreme,alpha_renamed_auxiliary,metamorphic_auxiliary_only,False,16,0,64,ok,False,80,16,cd782b631cd9ae681488a52b1b8ed349fcdb1635a682edfa092844bb2d9b09ac,0a7c342504d9f764e2dc6aeb5c8113ed7166badfb2a1a16ba6274e82b981bb60,,f22459f2ff2f92e7b01dc5faa193485d326d97ebe6993dc22f2eb094bc75b009,c81775d53632fe361ab1743f84d308a70b331dd7dd64d790e6f8a7b34b82a97f,,True,0.97265625,2.170177765074186,0.0002192409010604024,2.1703970059752464,2.1758810479659587,False,False,False,SyntaxError,"expected an indented block after 'if' statement on line 18 (<unknown>, line 21)"
HumanEval-RandomSpanInfillingLight:20:e55eaad75c7c6016|alpha_renamed_auxiliary|canvas=16|seed=1,HumanEval-RandomSpanInfillingLight:20:e55eaad75c7c6016,20,HumanEval/20,extreme,alpha_renamed_auxiliary,metamorphic_auxiliary_only,False,16,1,64,ok,False,80,16,cd782b631cd9ae681488a52b1b8ed349fcdb1635a682edfa092844bb2d9b09ac,0a7c342504d9f764e2dc6aeb5c8113ed7166badfb2a1a16ba6274e82b981bb60,,f22459f2ff2f92e7b01dc5faa193485d326d97ebe6993dc22f2eb094bc75b009,c81775d53632fe361ab1743f84d308a70b331dd7dd64d790e6f8a7b34b82a97f,,True,0.97265625,2.1612687850138173,0.00016658694949001074,2.1614353719633073,2.1645643620286137,False,False,False,SyntaxError,"expected an indented block after 'if' statement on line 18 (<unknown>, line 21)"
HumanEval-RandomSpanInfillingLight:20:e55eaad75c7c6016|alpha_renamed_auxiliary|canvas=32|seed=0,HumanEval-RandomSpanInfillingLight:20:e55eaad75c7c6016,20,HumanEval/20,extreme,alpha_renamed_auxiliary,metamorphic_auxiliary_only,False,32,0,64,ok,False,80,32,3d5101cbf2f7a0fb2e012ffd0b99d2838a845ad4ea5fd037c148c56fd03e3d90,8924e2b8043527c38770027fc61b4c13d29aff7910617c2fbf7bf22af4c9b45b,06d04ab0425e8f8a8a9df87fded3744a1aa731b3d98720baa6cdab61f865ddb4,d32ce2eb5df5a238dc9883458e4eeb7dbe10d46304897efb73c55b95a1134b25,61a0a3362b2409964d239509c2926be199668c6b5e549d01abe61f53e6fd6e8b,b2e8bd843337227edb1ab59d9e16d1364b400723e682dd8383072f57b78246a0,True,0.99609375,2.7090764100430533,0.14945677004288882,2.858533180085942,2.865010282024741,True,True,False,UnitTestFailure,failed:
HumanEval-RandomSpanInfillingLight:20:e55eaad75c7c6016|alpha_renamed_auxiliary|canvas=32|seed=1,HumanEval-RandomSpanInfillingLight:20:e55eaad75c7c6016,20,HumanEval/20,extreme,alpha_renamed_auxiliary,metamorphic_auxiliary_only,False,32,1,64,ok,False,80,32,3d5101cbf2f7a0fb2e012ffd0b99d2838a845ad4ea5fd037c148c56fd03e3d90,8924e2b8043527c38770027fc61b4c13d29aff7910617c2fbf7bf22af4c9b45b,06d04ab0425e8f8a8a9df87fded3744a1aa731b3d98720baa6cdab61f865ddb4,d32ce2eb5df5a238dc9883458e4eeb7dbe10d46304897efb73c55b95a1134b25,61a0a3362b2409964d239509c2926be199668c6b5e549d01abe61f53e6fd6e8b,b2e8bd843337227edb1ab59d9e16d1364b400723e682dd8383072f57b78246a0,True,0.99609375,2.7084424229105935,0.1444625147851184,2.852904937695712,2.8629128899192438,True,True,False,UnitTestFailure,failed:
HumanEval-RandomSpanInfillingLight:20:e55eaad75c7c6016|alpha_renamed_auxiliary|canvas=64|seed=0,HumanEval-RandomSpanInfillingLight:20:e55eaad75c7c6016,20,HumanEval/20,extreme,alpha_renamed_auxiliary,metamorphic_auxiliary_only,False,64,0,64,ok,False,80,64,1fc03da9ae2fa75058331c16e85138f56cf647d5fc2640f71b0e22ecf41992ae,41b814ccfbea09d5d32e703745b37b4488f39bc2254e384110a5cf869864aeaf,7b4a8d0218598e8cbf5bdda8acf9e19b25b7f49e9fd39ec0804d631c135475e6,e5cf3812d73cd907372e928906fa22749c1e8eb355ee8825e39b78ec5f4a3eaf,125caf153d81e2578b9adeb807374ddb8e2b48fadd71343782d342b6428e50ca,ba857e64a704bde3cbf19ebe066a9ad51ba27811048750a41777a78518c09c2e,True,1.0,2.7802306509111077,0.1466181530850008,2.9268488039961085,2.940920643042773,True,True,False,UnitTestFailure,failed: name 'phase5_get_distance' is not defined
HumanEval-RandomSpanInfillingLight:20:e55eaad75c7c6016|alpha_renamed_auxiliary|canvas=64|seed=1,HumanEval-RandomSpanInfillingLight:20:e55eaad75c7c6016,20,HumanEval/20,extreme,alpha_renamed_auxiliary,metamorphic_auxiliary_only,False,64,1,64,ok,False,80,64,1fc03da9ae2fa75058331c16e85138f56cf647d5fc2640f71b0e22ecf41992ae,41b814ccfbea09d5d32e703745b37b4488f39bc2254e384110a5cf869864aeaf,7b4a8d0218598e8cbf5bdda8acf9e19b25b7f49e9fd39ec0804d631c135475e6,e5cf3812d73cd907372e928906fa22749c1e8eb355ee8825e39b78ec5f4a3eaf,125caf153d81e2578b9adeb807374ddb8e2b48fadd71343782d342b6428e50ca,ba857e64a704bde3cbf19ebe066a9ad51ba27811048750a41777a78518c09c2e,True,1.0,2.783780132071115,0.13058030407410115,2.9143604361452162,2.9274810750503093,True,True,False,UnitTestFailure,failed: name 'phase5_get_distance' is not defined
HumanEval-RandomSpanInfillingLight:20:e55eaad75c7c6016|alpha_renamed_auxiliary|canvas=128|seed=0,HumanEval-RandomSpanInfillingLight:20:e55eaad75c7c6016,20,HumanEval/20,extreme,alpha_renamed_auxiliary,metamorphic_auxiliary_only,False,128,0,64,ok,False,80,128,e2144cd6fc9c713fb738d70df07cd8f350d9459a5dd4ab9b0f6e98d83d9ae2bb,86aca01f59d6bc153e36c0ad9f8e5d258d3e29d7bcb904f8f6992686e32e5931,26e6fc1ea3199587b49e35aecf7cfa895b75ede315ddd6303e0343b998352a13,f0cceb5623c1d0eda785b06bb1f889d13e71e63a524a7e258f5e69178ec1bcaa,688383c61e850d89cbbb8d59120dbab63c47f09916f66bc70c240a72b67bea37,2f26aca37f03f83edbfb493cdc9f66970f9d93e9c96885647e8a391e1fc232c6,True,0.9921875,2.898734285030514,0.15186115505639464,3.0505954400869086,3.06185684108641,True,True,False,UnitTestFailure,failed:
HumanEval-RandomSpanInfillingLight:20:e55eaad75c7c6016|alpha_renamed_auxiliary|canvas=128|seed=1,HumanEval-RandomSpanInfillingLight:20:e55eaad75c7c6016,20,HumanEval/20,extreme,alpha_renamed_auxiliary,metamorphic_auxiliary_only,False,128,1,64,ok,False,80,128,e2144cd6fc9c713fb738d70df07cd8f350d9459a5dd4ab9b0f6e98d83d9ae2bb,86aca01f59d6bc153e36c0ad9f8e5d258d3e29d7bcb904f8f6992686e32e5931,26e6fc1ea3199587b49e35aecf7cfa895b75ede315ddd6303e0343b998352a13,f0cceb5623c1d0eda785b06bb1f889d13e71e63a524a7e258f5e69178ec1bcaa,688383c61e850d89cbbb8d59120dbab63c47f09916f66bc70c240a72b67bea37,2f26aca37f03f83edbfb493cdc9f66970f9d93e9c96885647e8a391e1fc232c6,True,0.9921875,2.850549231050536,0.12930823909118772,2.9798574701417238,2.9891474139876664,True,True,False,UnitTestFailure,failed:
HumanEval-RandomSpanInfillingLight:21:79f1bea1039577ae|alpha_renamed_auxiliary|canvas=16|seed=0,HumanEval-RandomSpanInfillingLight:21:79f1bea1039577ae,21,HumanEval/21,medium,alpha_renamed_auxiliary,metamorphic_auxiliary_only,False,16,0,64,ok,False,13,16,2d3914b533b2eb5528b3f6b79e172c2eef0872f1ac303c6fed68220dd9ad739f,afe5b45c7085bc4ad84ba5edacfec7b9c99a140111ced12e0d5632201fcbed3e,fe41dea1123012060d0c479292778a89392d7aebd031a2e98df6202db8ff4dc8,98ee70d5aab786959e0b19574ec660e91a7eddaf75e683d54889cb3bed65d137,6fd66d4935d0eba8b0a7650ff798d836c2b61d967f02b2fa6080a27846bd2347,02ae8ba1ec55c1d38768db3b590da6b47454297396f31e40e9214a0d2bb87775,True,0.984375,1.9736381929833442,0.1407806200440973,2.1144188130274415,2.122357057989575,True,True,False,UnitTestFailure,failed:
HumanEval-RandomSpanInfillingLight:21:79f1bea1039577ae|alpha_renamed_auxiliary|canvas=16|seed=1,HumanEval-RandomSpanInfillingLight:21:79f1bea1039577ae,21,HumanEval/21,medium,alpha_renamed_auxiliary,metamorphic_auxiliary_only,False,16,1,64,ok,False,13,16,2d3914b533b2eb5528b3f6b79e172c2eef0872f1ac303c6fed68220dd9ad739f,afe5b45c7085bc4ad84ba5edacfec7b9c99a140111ced12e0d5632201fcbed3e,fe41dea1123012060d0c479292778a89392d7aebd031a2e98df6202db8ff4dc8,98ee70d5aab786959e0b19574ec660e91a7eddaf75e683d54889cb3bed65d137,6fd66d4935d0eba8b0a7650ff798d836c2b61d967f02b2fa6080a27846bd2347,02ae8ba1ec55c1d38768db3b590da6b47454297396f31e40e9214a0d2bb87775,True,0.984375,1.9607285839738324,0.13558539794757962,2.096313981921412,2.10359861003235,True,True,False,UnitTestFailure,failed:
HumanEval-RandomSpanInfillingLight:21:79f1bea1039577ae|alpha_renamed_auxiliary|canvas=32|seed=0,HumanEval-RandomSpanInfillingLight:21:79f1bea1039577ae,21,HumanEval/21,medium,alpha_renamed_auxiliary,metamorphic_auxiliary_only,False,32,0,64,ok,True,13,32,84d047a9b26c7c1e4c0d5112544a9ff9a8dabbf67c531036727f358a465b95e5,a7ca4a87de1bba96e499a2fa29b5489fd0f7ef720d955fba6370c9ba0cc585b5,c0b92cf71814c5d9ba5965d9911f392b919ce4e03d81bbdfa22f2653573c4bd4,fb7653dcb7b8ed40cf7a7c6fc2ecf98ef5810556c561ebe7c30dcce2e73bf42d,4cca0504e4e7fee4e24a416f8f3d168b29d0cc25f4e5139212c60d241c7b79f4,db5681227a7379d87b762ffef35199abe916c669702672bb317683a77ab29da7,True,0.98046875,2.1587823330191895,0.14058172807563096,2.2993640610948205,2.3077715320978314,True,True,True,,
HumanEval-RandomSpanInfillingLight:21:79f1bea1039577ae|alpha_renamed_auxiliary|canvas=32|seed=1,HumanEval-RandomSpanInfillingLight:21:79f1bea1039577ae,21,HumanEval/21,medium,alpha_renamed_auxiliary,metamorphic_auxiliary_only,False,32,1,64,ok,True,13,32,84d047a9b26c7c1e4c0d5112544a9ff9a8dabbf67c531036727f358a465b95e5,a7ca4a87de1bba96e499a2fa29b5489fd0f7ef720d955fba6370c9ba0cc585b5,c0b92cf71814c5d9ba5965d9911f392b919ce4e03d81bbdfa22f2653573c4bd4,fb7653dcb7b8ed40cf7a7c6fc2ecf98ef5810556c561ebe7c30dcce2e73bf42d,4cca0504e4e7fee4e24a416f8f3d168b29d0cc25f4e5139212c60d241c7b79f4,db5681227a7379d87b762ffef35199abe916c669702672bb317683a77ab29da7,True,0.98046875,2.1466139369877055,0.13551204395480454,2.28212598094251,2.2915313889971003,True,True,True,,
HumanEval-RandomSpanInfillingLight:21:79f1bea1039577ae|alpha_renamed_auxiliary|canvas=64|seed=0,HumanEval-RandomSpanInfillingLight:21:79f1bea1039577ae,21,HumanEval/21,medium,alpha_renamed_auxiliary,metamorphic_auxiliary_only,False,64,0,64,ok,True,13,64,1cd87a2a5fa700609496765430da25c507c9a8e89a295766096b0acd2821c46f,1929174b8b9e6e1078d580f45cef999406700f2e620cd96352757ac99888c004,bf44f671de4765adf642fa1399988173d37f31a0560c9aa142bec0e4d654d026,8198a021a39f4e450e277857fe1182a0f4e0683125142800a283624edce11805,2a5ff6ac389f98504a644bf19e25f534ffaad530639ca7bb715bed6a15092334,fc6ba53bd5ce064a5ee60490bd2b0d43a9d246ba38b5c52a57288d6cc56e7ab5,False,0.97265625,2.1461563899647444,0.14388215192593634,2.290038541890681,2.300444870023057,True,True,True,,
HumanEval-RandomSpanInfillingLight:21:79f1bea1039577ae|alpha_renamed_auxiliary|canvas=64|seed=1,HumanEval-RandomSpanInfillingLight:21:79f1bea1039577ae,21,HumanEval/21,medium,alpha_renamed_auxiliary,metamorphic_auxiliary_only,False,64,1,64,ok,True,13,64,1cd87a2a5fa700609496765430da25c507c9a8e89a295766096b0acd2821c46f,1929174b8b9e6e1078d580f45cef999406700f2e620cd96352757ac99888c004,bf44f671de4765adf642fa1399988173d37f31a0560c9aa142bec0e4d654d026,8198a021a39f4e450e277857fe1182a0f4e0683125142800a283624edce11805,2a5ff6ac389f98504a644bf19e25f534ffaad530639ca7bb715bed6a15092334,fc6ba53bd5ce064a5ee60490bd2b0d43a9d246ba38b5c52a57288d6cc56e7ab5,False,0.97265625,2.19503479602281,0.14225197688210756,2.3372867729049176,2.344709909055382,True,True,True,,
HumanEval-RandomSpanInfillingLight:21:79f1bea1039577ae|alpha_renamed_auxiliary|canvas=128|seed=0,HumanEval-RandomSpanInfillingLight:21:79f1bea1039577ae,21,HumanEval/21,medium,alpha_renamed_auxiliary,metamorphic_auxiliary_only,False,128,0,64,ok,False,13,128,e0993ade1ff4bb23951d003591a2813f5956eb7301b358c511ccbe3e9a28e6d9,a2a4508495758f03e65c2aa891972704323d8594c9333688065115a8164da0c6,df02d8f11b59a0b602b5956535fc44dd9fd0c779938da6046e24e0bbfcccab9c,aab2e91ab8466f7cef1f95d5e7de636c9624a8fa6330445c2d730a8b789487c6,7e60ec3a121fc443e5d67db376d3e15e9c1eed63f2bc91e00336ad4f151e68a3,dee83dcab6c4911713cfec379a02df2af2ee830bb8482bce484e4cffe0f6734f,True,0.95703125,2.7862245719879866,0.15183472796343267,2.9380592999514192,2.9483613800257444,True,True,False,UnitTestFailure,failed:
HumanEval-RandomSpanInfillingLight:21:79f1bea1039577ae|alpha_renamed_auxiliary|canvas=128|seed=1,HumanEval-RandomSpanInfillingLight:21:79f1bea1039577ae,21,HumanEval/21,medium,alpha_renamed_auxiliary,metamorphic_auxiliary_only,False,128,1,64,ok,False,13,128,e0993ade1ff4bb23951d003591a2813f5956eb7301b358c511ccbe3e9a28e6d9,a2a4508495758f03e65c2aa891972704323d8594c9333688065115a8164da0c6,df02d8f11b59a0b602b5956535fc44dd9fd0c779938da6046e24e0bbfcccab9c,aab2e91ab8466f7cef1f95d5e7de636c9624a8fa6330445c2d730a8b789487c6,7e60ec3a121fc443e5d67db376d3e15e9c1eed63f2bc91e00336ad4f151e68a3,dee83dcab6c4911713cfec379a02df2af2ee830bb8482bce484e4cffe0f6734f,True,0.95703125,2.79785240709316,0.1351919008884579,2.9330443079816177,2.941852285992354,True,True,False,UnitTestFailure,failed:
HumanEval-RandomSpanInfillingLight:22:107431e58ce52b8c|alpha_renamed_auxiliary|canvas=16|seed=0,HumanEval-RandomSpanInfillingLight:22:107431e58ce52b8c,22,HumanEval/22,medium,alpha_renamed_auxiliary,metamorphic_auxiliary_only,False,16,0,64,ok,False,10,16,3656cb17136f6800be6b71092b59487b467f4aa1f5c8b80dee25d17c71e46854,67497f8349d9bbf2d432754fd6175d8dcb865e7be63b4b1a47a343144079b613,4329a3b10d1beefb749c04eb093f87728c655aeebac77629842b7da90c8d0967,3656cb17136f6800be6b71092b59487b467f4aa1f5c8b80dee25d17c71e46854,67497f8349d9bbf2d432754fd6175d8dcb865e7be63b4b1a47a343144079b613,4329a3b10d1beefb749c04eb093f87728c655aeebac77629842b7da90c8d0967,True,0.98046875,1.731392411980778,0.1469229991780594,1.8783154111588374,1.8833034180570394,True,True,False,UnitTestFailure,failed: name 'phase5_local_01_01_01' is not defined
HumanEval-RandomSpanInfillingLight:22:107431e58ce52b8c|alpha_renamed_auxiliary|canvas=16|seed=1,HumanEval-RandomSpanInfillingLight:22:107431e58ce52b8c,22,HumanEval/22,medium,alpha_renamed_auxiliary,metamorphic_auxiliary_only,False,16,1,64,ok,False,10,16,3656cb17136f6800be6b71092b59487b467f4aa1f5c8b80dee25d17c71e46854,67497f8349d9bbf2d432754fd6175d8dcb865e7be63b4b1a47a343144079b613,4329a3b10d1beefb749c04eb093f87728c655aeebac77629842b7da90c8d0967,3656cb17136f6800be6b71092b59487b467f4aa1f5c8b80dee25d17c71e46854,67497f8349d9bbf2d432754fd6175d8dcb865e7be63b4b1a47a343144079b613,4329a3b10d1beefb749c04eb093f87728c655aeebac77629842b7da90c8d0967,True,0.98046875,1.753355770953931,0.14860204001888633,1.9019578109728172,1.9079513970064,True,True,False,UnitTestFailure,failed: name 'phase5_local_01_01_01' is not defined
HumanEval-RandomSpanInfillingLight:22:107431e58ce52b8c|alpha_renamed_auxiliary|canvas=32|seed=0,HumanEval-RandomSpanInfillingLight:22:107431e58ce52b8c,22,HumanEval/22,medium,alpha_renamed_auxiliary,metamorphic_auxiliary_only,False,32,0,64,ok,False,10,32,5042f3a9066d8d85e603b2cb3f3cf12f9c1534849d49af5f40cb26e3318920f3,295779174adb5a20c4ae20a5b5c17450ec4269005d16c9c35f8802797c4cc693,2b065186129ecf1222444df19459c46b225e74d348da85a7b5bd8fef07addab7,f991b741491f9be02303c53b9c9b698e41fd88f6da1c5a69423811934bd3307a,6fa98b78476f3a406414ccef15bd28ebc4d48cbe9976c35a5640a90c6c709336,02fc07f3eb08d0679978688240790d14a9a7202102bfad847968345c6e50b05f,False,0.99609375,1.9454805660061538,0.11891101801302284,2.0643915840191767,2.073213772964664,True,True,False,UnitTestFailure,failed: name 'phase5_local_0' is not defined
HumanEval-RandomSpanInfillingLight:22:107431e58ce52b8c|alpha_renamed_auxiliary|canvas=32|seed=1,HumanEval-RandomSpanInfillingLight:22:107431e58ce52b8c,22,HumanEval/22,medium,alpha_renamed_auxiliary,metamorphic_auxiliary_only,False,32,1,64,ok,False,10,32,5042f3a9066d8d85e603b2cb3f3cf12f9c1534849d49af5f40cb26e3318920f3,295779174adb5a20c4ae20a5b5c17450ec4269005d16c9c35f8802797c4cc693,2b065186129ecf1222444df19459c46b225e74d348da85a7b5bd8fef07addab7,f991b741491f9be02303c53b9c9b698e41fd88f6da1c5a69423811934bd3307a,6fa98b78476f3a406414ccef15bd28ebc4d48cbe9976c35a5640a90c6c709336,02fc07f3eb08d0679978688240790d14a9a7202102bfad847968345c6e50b05f,False,0.99609375,1.9315734329866245,0.1303086110856384,2.061882044072263,2.0693552989978343,True,True,False,UnitTestFailure,failed: name 'phase5_local_0' is not defined
HumanEval-RandomSpanInfillingLight:22:107431e58ce52b8c|alpha_renamed_auxiliary|canvas=64|seed=0,HumanEval-RandomSpanInfillingLight:22:107431e58ce52b8c,22,HumanEval/22,medium,alpha_renamed_auxiliary,metamorphic_auxiliary_only,False,64,0,64,ok,False,10,64,065166be01d1febe1c86b4549815980a421176ea9becaff751847fd2b360115d,7dadfde8ebeb6927b65c05c259ba44d2528abc897be256ccb2b09cb8f100431b,d2ddd2333de08984f85ee774afca8b794810f6cd37a80a6392cba3e83aee4c76,065166be01d1febe1c86b4549815980a421176ea9becaff751847fd2b360115d,7dadfde8ebeb6927b65c05c259ba44d2528abc897be256ccb2b09cb8f100431b,d2ddd2333de08984f85ee774afca8b794810f6cd37a80a6392cba3e83aee4c76,True,0.953125,1.996828998089768,0.12877903983462602,2.125608037924394,2.135761116980575,True,True,False,UnitTestFailure,"failed: int() argument must be a string, a bytes-like object or a real number, not 'dict'"
HumanEval-RandomSpanInfillingLight:22:107431e58ce52b8c|alpha_renamed_auxiliary|canvas=64|seed=1,HumanEval-RandomSpanInfillingLight:22:107431e58ce52b8c,22,HumanEval/22,medium,alpha_renamed_auxiliary,metamorphic_auxiliary_only,False,64,1,64,ok,False,10,64,065166be01d1febe1c86b4549815980a421176ea9becaff751847fd2b360115d,7dadfde8ebeb6927b65c05c259ba44d2528abc897be256ccb2b09cb8f100431b,d2ddd2333de08984f85ee774afca8b794810f6cd37a80a6392cba3e83aee4c76,065166be01d1febe1c86b4549815980a421176ea9becaff751847fd2b360115d,7dadfde8ebeb6927b65c05c259ba44d2528abc897be256ccb2b09cb8f100431b,d2ddd2333de08984f85ee774afca8b794810f6cd37a80a6392cba3e83aee4c76,True,0.953125,1.984419189975597,0.15053328091744334,2.1349524708930403,2.1433652609121054,True,True,False,UnitTestFailure,"failed: int() argument must be a string, a bytes-like object or a real number, not 'dict'"
HumanEval-RandomSpanInfillingLight:22:107431e58ce52b8c|alpha_renamed_auxiliary|canvas=128|seed=0,HumanEval-RandomSpanInfillingLight:22:107431e58ce52b8c,22,HumanEval/22,medium,alpha_renamed_auxiliary,metamorphic_auxiliary_only,False,128,0,64,ok,False,10,128,5d11158d813cda8cbb75cc3f5d113b5981b034232402153d239209a794d24ac7,afc79403aa6e8d3eea54c9ec93abf15da5b10a9d44adcebfcf9c4640d40d5f5c,,d1c7a2a768a06ad89b950b80a6387d8a0ab45112d6fb257c9219e9cc5a1f856d,afc79403aa6e8d3eea54c9ec93abf15da5b10a9d44adcebfcf9c4640d40d5f5c,,False,0.9921875,2.2149185050511733,0.00010706204921007156,2.2150255671003833,2.2199990350054577,False,False,False,SyntaxError,"unterminated triple-quoted string literal (detected at line 57) (<unknown>, line 53)"
HumanEval-RandomSpanInfillingLight:22:107431e58ce52b8c|alpha_renamed_auxiliary|canvas=128|seed=1,HumanEval-RandomSpanInfillingLight:22:107431e58ce52b8c,22,HumanEval/22,medium,alpha_renamed_auxiliary,metamorphic_auxiliary_only,False,128,1,64,ok,False,10,128,5d11158d813cda8cbb75cc3f5d113b5981b034232402153d239209a794d24ac7,afc79403aa6e8d3eea54c9ec93abf15da5b10a9d44adcebfcf9c4640d40d5f5c,,d1c7a2a768a06ad89b950b80a6387d8a0ab45112d6fb257c9219e9cc5a1f856d,afc79403aa6e8d3eea54c9ec93abf15da5b10a9d44adcebfcf9c4640d40d5f5c,,False,0.9921875,2.220296947984025,8.891592733561993e-05,2.2203858639113605,2.2238651720108464,False,False,False,SyntaxError,"unterminated triple-quoted string literal (detected at line 57) (<unknown>, line 53)"
HumanEval-RandomSpanInfillingLight:24:eec0316eef796e2d|alpha_renamed_auxiliary|canvas=16|seed=0,HumanEval-RandomSpanInfillingLight:24:eec0316eef796e2d,24,HumanEval/24,long,alpha_renamed_auxiliary,metamorphic_auxiliary_only,False,16,0,64,ok,False,19,16,70429feef62ee731910bb50032dd2c069813de77cc7a3092a252e07fa14abdef,e601e862632eb3706ea83909ab4824f5d4184fee49ffaf7799e48aa813da29a9,,12ccefa47ef472889eed49bfe0d39eaff7b39f0de73c74c9dc64f5f62569b6e7,4f1f9c395811596ec074e84d0ea18cd410f5508267b2ace81809eb5bd024c8c1,,True,0.98828125,1.7109406020026654,0.0001342599280178547,1.7110748619306833,1.7130739800632,False,False,False,SyntaxError,"expected an indented block after 'if' statement on line 10 (<unknown>, line 10)"
HumanEval-RandomSpanInfillingLight:24:eec0316eef796e2d|alpha_renamed_auxiliary|canvas=16|seed=1,HumanEval-RandomSpanInfillingLight:24:eec0316eef796e2d,24,HumanEval/24,long,alpha_renamed_auxiliary,metamorphic_auxiliary_only,False,16,1,64,ok,False,19,16,70429feef62ee731910bb50032dd2c069813de77cc7a3092a252e07fa14abdef,e601e862632eb3706ea83909ab4824f5d4184fee49ffaf7799e48aa813da29a9,,12ccefa47ef472889eed49bfe0d39eaff7b39f0de73c74c9dc64f5f62569b6e7,4f1f9c395811596ec074e84d0ea18cd410f5508267b2ace81809eb5bd024c8c1,,True,0.98828125,1.7184561180183664,0.00011668598745018244,1.7185728040058166,1.7213000629562885,False,False,False,SyntaxError,"expected an indented block after 'if' statement on line 10 (<unknown>, line 10)"
HumanEval-RandomSpanInfillingLight:24:eec0316eef796e2d|alpha_renamed_auxiliary|canvas=32|seed=0,HumanEval-RandomSpanInfillingLight:24:eec0316eef796e2d,24,HumanEval/24,long,alpha_renamed_auxiliary,metamorphic_auxiliary_only,False,32,0,64,ok,False,19,32,aeb6716f1118e8cc847266ccd19d7ab99850ab2dca8f08413eceeffd56a8cb66,52ad111c6a4779d2aaf213cbfcb33fc8aab5910ab9aaf4d96a7ff3a04cbade07,81efeb79ea4892ab0659d650cb4fb2677b4d9ecd0ac43d425e729f3f0d1edcda,592363dfc7ef329a9d11ab1a13183b042ece92276082b13bcfc9142b45db0698,4e98e761fa48dbf30fa9754264dd03cd22c55e577672b26b730011139228886a,9ed70faeedb003b8f3da5323d96997c15b779e8319b1a45aa143a3f6b82eb603,False,0.98828125,1.7566994809312746,0.11849561601411551,1.87519509694539,1.8789519499987364,True,True,False,UnitTestFailure,failed: name 'rrange' is not defined
HumanEval-RandomSpanInfillingLight:24:eec0316eef796e2d|alpha_renamed_auxiliary|canvas=32|seed=1,HumanEval-RandomSpanInfillingLight:24:eec0316eef796e2d,24,HumanEval/24,long,alpha_renamed_auxiliary,metamorphic_auxiliary_only,False,32,1,64,ok,False,19,32,aeb6716f1118e8cc847266ccd19d7ab99850ab2dca8f08413eceeffd56a8cb66,52ad111c6a4779d2aaf213cbfcb33fc8aab5910ab9aaf4d96a7ff3a04cbade07,81efeb79ea4892ab0659d650cb4fb2677b4d9ecd0ac43d425e729f3f0d1edcda,592363dfc7ef329a9d11ab1a13183b042ece92276082b13bcfc9142b45db0698,4e98e761fa48dbf30fa9754264dd03cd22c55e577672b26b730011139228886a,9ed70faeedb003b8f3da5323d96997c15b779e8319b1a45aa143a3f6b82eb603,False,0.98828125,1.754959653946571,0.11531898903194815,1.8702786429785192,1.8770421319641173,True,True,False,UnitTestFailure,failed: name 'rrange' is not defined
HumanEval-RandomSpanInfillingLight:24:eec0316eef796e2d|alpha_renamed_auxiliary|canvas=64|seed=0,HumanEval-RandomSpanInfillingLight:24:eec0316eef796e2d,24,HumanEval/24,long,alpha_renamed_auxiliary,metamorphic_auxiliary_only,False,64,0,64,ok,False,19,64,193eca7a436d1b8f7d63acf9f2f27c72c58417a3175a693d4ebcc1275cd7b40f,483be39c2b19cb59e48c5ce12159748c6c0d613a2b292da57c796ae57495f701,,6ceef23138ee8763bb9b1d60e71da38feeaddef177aba8cf06f9f868b2400e94,85b9c995913cbb014c825d5f5e9962fe5c3d7ccc4f1d02c8dadd72d5df309b23,,False,0.95703125,1.7647914569824934,0.0001533780014142394,1.7649448349839076,1.7696226839907467,False,False,False,SyntaxError,"unterminated triple-quoted string literal (detected at line 15) (<unknown>, line 15)"
HumanEval-RandomSpanInfillingLight:24:eec0316eef796e2d|alpha_renamed_auxiliary|canvas=64|seed=1,HumanEval-RandomSpanInfillingLight:24:eec0316eef796e2d,24,HumanEval/24,long,alpha_renamed_auxiliary,metamorphic_auxiliary_only,False,64,1,64,ok,False,19,64,193eca7a436d1b8f7d63acf9f2f27c72c58417a3175a693d4ebcc1275cd7b40f,483be39c2b19cb59e48c5ce12159748c6c0d613a2b292da57c796ae57495f701,,6ceef23138ee8763bb9b1d60e71da38feeaddef177aba8cf06f9f868b2400e94,85b9c995913cbb014c825d5f5e9962fe5c3d7ccc4f1d02c8dadd72d5df309b23,,False,0.95703125,1.754111052956432,0.0002216850407421589,1.7543327379971743,1.758521982934326,False,False,False,SyntaxError,"unterminated triple-quoted string literal (detected at line 15) (<unknown>, line 15)"
HumanEval-RandomSpanInfillingLight:24:eec0316eef796e2d|alpha_renamed_auxiliary|canvas=128|seed=0,HumanEval-RandomSpanInfillingLight:24:eec0316eef796e2d,24,HumanEval/24,long,alpha_renamed_auxiliary,metamorphic_auxiliary_only,False,128,0,64,ok,False,19,128,3173a55f6e54ba4f3fa15a58ee7b89a51f66f7078c85061f55ad359a9aa9bf22,5e66490cb337b33f3e1db8f10cf396638dc0a859fbe90666947904beef77ceec,,ad1166529e118c2bbda0cb3e5801cef13a54dcec0ade95a84f85bb5ba1f25429,4cc8aba19e4aebffb9b83864694c4d6aab723500d9c4e18512081760e3590613,,True,0.953125,2.028417004039511,0.0003356359666213393,2.0287526400061324,2.033595653017983,False,False,False,SyntaxError,"expected an indented block after function definition on line 24 (<unknown>, line 24)"
HumanEval-RandomSpanInfillingLight:24:eec0316eef796e2d|alpha_renamed_auxiliary|canvas=128|seed=1,HumanEval-RandomSpanInfillingLight:24:eec0316eef796e2d,24,HumanEval/24,long,alpha_renamed_auxiliary,metamorphic_auxiliary_only,False,128,1,64,ok,False,19,128,3173a55f6e54ba4f3fa15a58ee7b89a51f66f7078c85061f55ad359a9aa9bf22,5e66490cb337b33f3e1db8f10cf396638dc0a859fbe90666947904beef77ceec,,ad1166529e118c2bbda0cb3e5801cef13a54dcec0ade95a84f85bb5ba1f25429,4cc8aba19e4aebffb9b83864694c4d6aab723500d9c4e18512081760e3590613,,True,0.953125,2.0245934090344235,0.00036895403172820807,2.0249623630661517,2.029551986954175,False,False,False,SyntaxError,"expected an indented block after function definition on line 24 (<unknown>, line 24)"
HumanEval-RandomSpanInfillingLight:29:bf9cd5a4f37c83e4|alpha_renamed_auxiliary|canvas=16|seed=0,HumanEval-RandomSpanInfillingLight:29:bf9cd5a4f37c83e4,28,HumanEval/29,short,alpha_renamed_auxiliary,metamorphic_auxiliary_only,False,16,0,64,ok,True,5,16,8aab4dece1c6d5c0c49a1f879c365524ea64334805d242992fde377e6ab50cae,4341e4334c81c571d5f90281d883bb15925b00a1977d7d74a14bcf12b4ed311a,0245fe8ba3372621b63214ad7eb3696e9ac1e11993cec055af6688902415c1f0,7eab0db066c25f7233ab78b7c2a37140056bff341ec1d1cdf1a07d8b36a969a3,7c95fc487c1fae2d3b3a903199a43b6591e9a617bbcbcd79673ae205acca9ae4,f9bca82ddbeb97bf6e99c56b6440620460aa668e6f108c8e2c6c086290eeb187,False,0.96484375,1.7213150460738689,0.13252745103091002,1.8538424971047789,1.8585603319806978,True,True,True,,
HumanEval-RandomSpanInfillingLight:29:bf9cd5a4f37c83e4|alpha_renamed_auxiliary|canvas=16|seed=1,HumanEval-RandomSpanInfillingLight:29:bf9cd5a4f37c83e4,28,HumanEval/29,short,alpha_renamed_auxiliary,metamorphic_auxiliary_only,False,16,1,64,ok,True,5,16,8aab4dece1c6d5c0c49a1f879c365524ea64334805d242992fde377e6ab50cae,4341e4334c81c571d5f90281d883bb15925b00a1977d7d74a14bcf12b4ed311a,0245fe8ba3372621b63214ad7eb3696e9ac1e11993cec055af6688902415c1f0,7eab0db066c25f7233ab78b7c2a37140056bff341ec1d1cdf1a07d8b36a969a3,7c95fc487c1fae2d3b3a903199a43b6591e9a617bbcbcd79673ae205acca9ae4,f9bca82ddbeb97bf6e99c56b6440620460aa668e6f108c8e2c6c086290eeb187,False,0.96484375,1.7285608890233561,0.12597900780383497,1.8545398968271911,1.8599249210674316,True,True,True,,
HumanEval-RandomSpanInfillingLight:29:bf9cd5a4f37c83e4|alpha_renamed_auxiliary|canvas=32|seed=0,HumanEval-RandomSpanInfillingLight:29:bf9cd5a4f37c83e4,28,HumanEval/29,short,alpha_renamed_auxiliary,metamorphic_auxiliary_only,False,32,0,64,ok,False,5,32,744852e7c6cf69e81e1a709f92e9486f5f7352a27d7fc77506f88141f0ab8335,9e93bbd3220257bcac5df69c36342624df8f3897e16a5fc69063380540bbd2f2,,49dbcbf4f27cc8da22d82be55e784f2552534cdcb3840c7c6ed339d142b93968,7807413f1595b2c8b1be7a63d8a2522cc1cd96cad2e6e5eeb3e1a74682b6f6e3,,False,0.98828125,1.950213831034489,0.0001340809976682067,1.9503479120321572,1.9549756590276957,False,False,False,SyntaxError,"'(' was never closed (<unknown>, line 15)"
HumanEval-RandomSpanInfillingLight:29:bf9cd5a4f37c83e4|alpha_renamed_auxiliary|canvas=32|seed=1,HumanEval-RandomSpanInfillingLight:29:bf9cd5a4f37c83e4,28,HumanEval/29,short,alpha_renamed_auxiliary,metamorphic_auxiliary_only,False,32,1,64,ok,False,5,32,744852e7c6cf69e81e1a709f92e9486f5f7352a27d7fc77506f88141f0ab8335,9e93bbd3220257bcac5df69c36342624df8f3897e16a5fc69063380540bbd2f2,,49dbcbf4f27cc8da22d82be55e784f2552534cdcb3840c7c6ed339d142b93968,7807413f1595b2c8b1be7a63d8a2522cc1cd96cad2e6e5eeb3e1a74682b6f6e3,,False,0.98828125,1.9531298810616136,0.00013506202958524227,1.9532649430911988,1.9558717930922285,False,False,False,SyntaxError,"'(' was never closed (<unknown>, line 15)"
HumanEval-RandomSpanInfillingLight:29:bf9cd5a4f37c83e4|alpha_renamed_auxiliary|canvas=64|seed=0,HumanEval-RandomSpanInfillingLight:29:bf9cd5a4f37c83e4,28,HumanEval/29,short,alpha_renamed_auxiliary,metamorphic_auxiliary_only,False,64,0,64,ok,False,5,64,45a0a6d32ff5691d3f46f6b37ee26054f85d1f6a412ce80f0f6ce899fa13e2b8,8c9378931fa71751ce0840336c3d8500a77099b9080a27fac8d8f73b1a059ea3,,0ae1ea63509892a91e27be7d8dd14e2aaaaba3d3497fb549453a1120fc8741a6,7399d7a26ecd8412570787a6f81f704ab34edc72cc1529852f01d27870a2192d,,False,0.9765625,1.9960922619793564,0.0001393479760736227,1.99623160995543,1.9989924879046157,False,False,False,SyntaxError,"unterminated triple-quoted string literal (detected at line 18) (<unknown>, line 16)"
HumanEval-RandomSpanInfillingLight:29:bf9cd5a4f37c83e4|alpha_renamed_auxiliary|canvas=64|seed=1,HumanEval-RandomSpanInfillingLight:29:bf9cd5a4f37c83e4,28,HumanEval/29,short,alpha_renamed_auxiliary,metamorphic_auxiliary_only,False,64,1,64,ok,False,5,64,45a0a6d32ff5691d3f46f6b37ee26054f85d1f6a412ce80f0f6ce899fa13e2b8,8c9378931fa71751ce0840336c3d8500a77099b9080a27fac8d8f73b1a059ea3,,0ae1ea63509892a91e27be7d8dd14e2aaaaba3d3497fb549453a1120fc8741a6,7399d7a26ecd8412570787a6f81f704ab34edc72cc1529852f01d27870a2192d,,False,0.9765625,1.9930448789382353,9.384297300130129e-05,1.9931387219112366,1.995604570955038,False,False,False,SyntaxError,"unterminated triple-quoted string literal (detected at line 18) (<unknown>, line 16)"
HumanEval-RandomSpanInfillingLight:29:bf9cd5a4f37c83e4|alpha_renamed_auxiliary|canvas=128|seed=0,HumanEval-RandomSpanInfillingLight:29:bf9cd5a4f37c83e4,28,HumanEval/29,short,alpha_renamed_auxiliary,metamorphic_auxiliary_only,False,128,0,64,ok,True,5,128,2e191d85ace24f1ed924d1276499da5076c6d065da0af407e768b4358935de14,7af94bc8974007d2a1e987afbadaa561e0fe8a4fceaa3d507e72b683691cae3f,0445c84634f27089c1bf557de198a1866284249d945ba599078b6b4c9add33e5,ab2200158f443b5db8b35de23790d52772d20b4e528ef7d9271870bddbd27bfe,1fb395021448c9b2b8cc2abfe0c9050fea00a8c6de1c5f307ee7f9df7c1e3a1d,b6db146836ba3fa62984a44f4930863a9ad03a3c56a22b0361d3d691b00d8d6f,True,0.98828125,2.1955331349745393,0.1358194440836087,2.331352579058148,2.3392164390534163,True,True,True,,
HumanEval-RandomSpanInfillingLight:29:bf9cd5a4f37c83e4|alpha_renamed_auxiliary|canvas=128|seed=1,HumanEval-RandomSpanInfillingLight:29:bf9cd5a4f37c83e4,28,HumanEval/29,short,alpha_renamed_auxiliary,metamorphic_auxiliary_only,False,128,1,64,ok,True,5,128,2e191d85ace24f1ed924d1276499da5076c6d065da0af407e768b4358935de14,7af94bc8974007d2a1e987afbadaa561e0fe8a4fceaa3d507e72b683691cae3f,0445c84634f27089c1bf557de198a1866284249d945ba599078b6b4c9add33e5,ab2200158f443b5db8b35de23790d52772d20b4e528ef7d9271870bddbd27bfe,1fb395021448c9b2b8cc2abfe0c9050fea00a8c6de1c5f307ee7f9df7c1e3a1d,b6db146836ba3fa62984a44f4930863a9ad03a3c56a22b0361d3d691b00d8d6f,True,0.98828125,2.2267206760589033,0.12754766503348947,2.354268341092393,2.3633483860176057,True,True,True,,
HumanEval-RandomSpanInfillingLight:30:ff301e40890f0612|alpha_renamed_auxiliary|canvas=16|seed=0,HumanEval-RandomSpanInfillingLight:30:ff301e40890f0612,29,HumanEval/30,medium,alpha_renamed_auxiliary,metamorphic_auxiliary_only,False,16,0,64,ok,False,9,16,49dcedcf47d82b912a0c9a06be75bb4fa90e5f977b45fee190676c948defab35,ead13dd9a6331d575ac71bfe7dce37d512e3ec35661937ccaf2bfe80cc225a76,3e32d8c82b7766bfdae8b1756dc909b9ff21bd4233b30205d203c5382e9d8ef8,49dcedcf47d82b912a0c9a06be75bb4fa90e5f977b45fee190676c948defab35,ead13dd9a6331d575ac71bfe7dce37d512e3ec35661937ccaf2bfe80cc225a76,3e32d8c82b7766bfdae8b1756dc909b9ff21bd4233b30205d203c5382e9d8ef8,True,0.98828125,1.9427096239523962,0.1419428630033508,2.084652486955747,2.0913853419478983,True,True,False,UnitTestFailure,failed: name 'phase5_local_01_01_int' is not defined
HumanEval-RandomSpanInfillingLight:30:ff301e40890f0612|alpha_renamed_auxiliary|canvas=16|seed=1,HumanEval-RandomSpanInfillingLight:30:ff301e40890f0612,29,HumanEval/30,medium,alpha_renamed_auxiliary,metamorphic_auxiliary_only,False,16,1,64,ok,False,9,16,49dcedcf47d82b912a0c9a06be75bb4fa90e5f977b45fee190676c948defab35,ead13dd9a6331d575ac71bfe7dce37d512e3ec35661937ccaf2bfe80cc225a76,3e32d8c82b7766bfdae8b1756dc909b9ff21bd4233b30205d203c5382e9d8ef8,49dcedcf47d82b912a0c9a06be75bb4fa90e5f977b45fee190676c948defab35,ead13dd9a6331d575ac71bfe7dce37d512e3ec35661937ccaf2bfe80cc225a76,3e32d8c82b7766bfdae8b1756dc909b9ff21bd4233b30205d203c5382e9d8ef8,True,0.98828125,1.937067127902992,0.11828988685738295,2.055357014760375,2.0620054500177503,True,True,False,UnitTestFailure,failed: name 'phase5_local_01_01_int' is not defined
HumanEval-RandomSpanInfillingLight:30:ff301e40890f0612|alpha_renamed_auxiliary|canvas=32|seed=0,HumanEval-RandomSpanInfillingLight:30:ff301e40890f0612,29,HumanEval/30,medium,alpha_renamed_auxiliary,metamorphic_auxiliary_only,False,32,0,64,ok,False,9,32,e9426b7e03ad739c33c46f62b869deb6da8f27f6a43a322f8bce37dc0f868b70,09e980d8e6d83f0f19d690767a53d2995ea42ae25275f206937b10d9172aa3c4,1e58fadb8628b1526d96e2674af5810c2fdec7bf1e2fbe38be2c9696dd12806e,bec9d56909a1427fa4bc3368a0fd45d26d7372be836b08bf73824c822f2751ad,54ae81c220b9dc06e8f1e4aaf9cf2eda225a61768f1096c9182dc29191108412,1e58fadb8628b1526d96e2674af5810c2fdec7bf1e2fbe38be2c9696dd12806e,True,0.97265625,1.9609865039819852,0.1359376210020855,2.0969241249840707,2.103025514050387,True,True,False,UnitTestFailure,failed: name 'phase5_local_01_01' is not defined
HumanEval-RandomSpanInfillingLight:30:ff301e40890f0612|alpha_renamed_auxiliary|canvas=32|seed=1,HumanEval-RandomSpanInfillingLight:30:ff301e40890f0612,29,HumanEval/30,medium,alpha_renamed_auxiliary,metamorphic_auxiliary_only,False,32,1,64,ok,False,9,32,e9426b7e03ad739c33c46f62b869deb6da8f27f6a43a322f8bce37dc0f868b70,09e980d8e6d83f0f19d690767a53d2995ea42ae25275f206937b10d9172aa3c4,1e58fadb8628b1526d96e2674af5810c2fdec7bf1e2fbe38be2c9696dd12806e,bec9d56909a1427fa4bc3368a0fd45d26d7372be836b08bf73824c822f2751ad,54ae81c220b9dc06e8f1e4aaf9cf2eda225a61768f1096c9182dc29191108412,1e58fadb8628b1526d96e2674af5810c2fdec7bf1e2fbe38be2c9696dd12806e,True,0.97265625,1.950920321047306,0.14564908295869827,2.0965694040060043,2.1029872921062633,True,True,False,UnitTestFailure,failed: name 'phase5_local_01_01' is not defined
HumanEval-RandomSpanInfillingLight:30:ff301e40890f0612|alpha_renamed_auxiliary|canvas=64|seed=0,HumanEval-RandomSpanInfillingLight:30:ff301e40890f0612,29,HumanEval/30,medium,alpha_renamed_auxiliary,metamorphic_auxiliary_only,False,64,0,64,ok,False,9,64,76f441e1967212ef7dab9e4b279ee2713664bf54e00e028d3c3227bcf05c4564,bff3767aecfacc63b7f4b8dcfba3f687fb87e026ea293db8da04521153af703b,,da7c11bc7b59a292333290a90e6b11e95cbd2aed0fbdb5d02e786f0f2e61a815,bff3767aecfacc63b7f4b8dcfba3f687fb87e026ea293db8da04521153af703b,,False,0.96875,2.1763686509802938,0.00011858902871608734,2.17648724000901,2.180669353925623,False,False,False,SyntaxError,"unterminated triple-quoted string literal (detected at line 17) (<unknown>, line 15)"
HumanEval-RandomSpanInfillingLight:30:ff301e40890f0612|alpha_renamed_auxiliary|canvas=64|seed=1,HumanEval-RandomSpanInfillingLight:30:ff301e40890f0612,29,HumanEval/30,medium,alpha_renamed_auxiliary,metamorphic_auxiliary_only,False,64,1,64,ok,False,9,64,76f441e1967212ef7dab9e4b279ee2713664bf54e00e028d3c3227bcf05c4564,bff3767aecfacc63b7f4b8dcfba3f687fb87e026ea293db8da04521153af703b,,da7c11bc7b59a292333290a90e6b11e95cbd2aed0fbdb5d02e786f0f2e61a815,bff3767aecfacc63b7f4b8dcfba3f687fb87e026ea293db8da04521153af703b,,False,0.96875,2.1755735549377277,0.00010953599121421576,2.175683090928942,2.1791168829659,False,False,False,SyntaxError,"unterminated triple-quoted string literal (detected at line 17) (<unknown>, line 15)"
HumanEval-RandomSpanInfillingLight:30:ff301e40890f0612|alpha_renamed_auxiliary|canvas=128|seed=0,HumanEval-RandomSpanInfillingLight:30:ff301e40890f0612,29,HumanEval/30,medium,alpha_renamed_auxiliary,metamorphic_auxiliary_only,False,128,0,64,ok,False,9,128,eeda7af63f32cdbc6634b0be446b120a00026d8940846aca5aeef5078c353edd,52f978d8b004700516f2374c9df96565610e06634c4bc9803fa1c74f53c76a1d,,08e813e6d168bdf7fa2f9292b412935674a8bdfbd445ee7b1f7db6c5a49caf04,52f978d8b004700516f2374c9df96565610e06634c4bc9803fa1c74f53c76a1d,,False,0.94921875,2.677772031049244,9.375298395752907e-05,2.6778657840332016,2.68128480296582,False,False,False,SyntaxError,"unterminated triple-quoted string literal (detected at line 18) (<unknown>, line 16)"
HumanEval-RandomSpanInfillingLight:30:ff301e40890f0612|alpha_renamed_auxiliary|canvas=128|seed=1,HumanEval-RandomSpanInfillingLight:30:ff301e40890f0612,29,HumanEval/30,medium,alpha_renamed_auxiliary,metamorphic_auxiliary_only,False,128,1,64,ok,False,9,128,eeda7af63f32cdbc6634b0be446b120a00026d8940846aca5aeef5078c353edd,52f978d8b004700516f2374c9df96565610e06634c4bc9803fa1c74f53c76a1d,,08e813e6d168bdf7fa2f9292b412935674a8bdfbd445ee7b1f7db6c5a49caf04,52f978d8b004700516f2374c9df96565610e06634c4bc9803fa1c74f53c76a1d,,False,0.94921875,2.6844701420050114,0.00016920000780373812,2.684639342012815,2.6894755490357056,False,False,False,SyntaxError,"unterminated triple-quoted string literal (detected at line 18) (<unknown>, line 16)"
HumanEval-RandomSpanInfillingLight:32:b8b59e4778abe4f8|alpha_renamed_auxiliary|canvas=16|seed=0,HumanEval-RandomSpanInfillingLight:32:b8b59e4778abe4f8,30,HumanEval/32,medium,alpha_renamed_auxiliary,metamorphic_auxiliary_only,False,16,0,64,ok,False,16,16,89cd40c5c18f53d0226ba936f4864de35b4b390829b02bd434a4ebda24e68c04,810e7138d2536d6980974b256a7d0fede1e3a66afa13d6ec89016b28053d575d,902fe50f3a983a33af8980fcc5401355ddba2e4672949e41f990f29a22a69519,4f92e316c5296d030b1de899e751d95e3354aebfa9164df05e2acd0ac89d3a64,74f6eab0ee6dff84e878e0cd44dedde8e53b366d92e71a795cb9e6d1f8c28183,6f7c9a1d934b3a75742ade92dbd3440452c51f7521629adb1d3d64492e791649,True,0.9921875,3.1742874189512804,0.14068613096605986,3.3149735499173403,3.3246079509845003,True,True,False,UnitTestFailure,failed:
HumanEval-RandomSpanInfillingLight:32:b8b59e4778abe4f8|alpha_renamed_auxiliary|canvas=16|seed=1,HumanEval-RandomSpanInfillingLight:32:b8b59e4778abe4f8,30,HumanEval/32,medium,alpha_renamed_auxiliary,metamorphic_auxiliary_only,False,16,1,64,ok,False,16,16,89cd40c5c18f53d0226ba936f4864de35b4b390829b02bd434a4ebda24e68c04,810e7138d2536d6980974b256a7d0fede1e3a66afa13d6ec89016b28053d575d,902fe50f3a983a33af8980fcc5401355ddba2e4672949e41f990f29a22a69519,4f92e316c5296d030b1de899e751d95e3354aebfa9164df05e2acd0ac89d3a64,74f6eab0ee6dff84e878e0cd44dedde8e53b366d92e71a795cb9e6d1f8c28183,6f7c9a1d934b3a75742ade92dbd3440452c51f7521629adb1d3d64492e791649,True,0.9921875,3.1975762710208073,0.11790154001209885,3.315477811032906,3.331044891034253,True,True,False,UnitTestFailure,failed:
HumanEval-RandomSpanInfillingLight:32:b8b59e4778abe4f8|alpha_renamed_auxiliary|canvas=32|seed=0,HumanEval-RandomSpanInfillingLight:32:b8b59e4778abe4f8,30,HumanEval/32,medium,alpha_renamed_auxiliary,metamorphic_auxiliary_only,False,32,0,64,ok,False,16,32,94d2500cfa856aa8bf396f332387cfe012b6ef6294024a4574eb22b1c144e5e5,97a2b652ed3bdee632da799c3c4d82c8db6c07b1f2a820103c6304409b468dbc,be5c908ac13ae901329788f1a801a0a342040ecf673804d763ec4bb155a1e240,aa126cb8c96d6b96342e22b74b770393a29ffd69620227a115a5bb4d48d5a6cd,534cc8a25f164658c2f01a3cb95b3e88eeee16999837cebe7670724a3a62d541,73e62a38a0babf114ca67cead6492d2c4b7f6cb4b8f5364500176b73bec5cbb4,True,0.97265625,3.144503104966134,0.14326774782966822,3.287770852795802,3.2990760590182617,True,True,False,UnitTestFailure,failed:
HumanEval-RandomSpanInfillingLight:32:b8b59e4778abe4f8|alpha_renamed_auxiliary|canvas=32|seed=1,HumanEval-RandomSpanInfillingLight:32:b8b59e4778abe4f8,30,HumanEval/32,medium,alpha_renamed_auxiliary,metamorphic_auxiliary_only,False,32,1,64,ok,False,16,32,94d2500cfa856aa8bf396f332387cfe012b6ef6294024a4574eb22b1c144e5e5,97a2b652ed3bdee632da799c3c4d82c8db6c07b1f2a820103c6304409b468dbc,be5c908ac13ae901329788f1a801a0a342040ecf673804d763ec4bb155a1e240,aa126cb8c96d6b96342e22b74b770393a29ffd69620227a115a5bb4d48d5a6cd,534cc8a25f164658c2f01a3cb95b3e88eeee16999837cebe7670724a3a62d541,73e62a38a0babf114ca67cead6492d2c4b7f6cb4b8f5364500176b73bec5cbb4,True,0.97265625,3.1832777339732274,0.12555635091848671,3.308834084891714,3.3185415300540626,True,True,False,UnitTestFailure,failed:
HumanEval-RandomSpanInfillingLight:32:b8b59e4778abe4f8|alpha_renamed_auxiliary|canvas=64|seed=0,HumanEval-RandomSpanInfillingLight:32:b8b59e4778abe4f8,30,HumanEval/32,medium,alpha_renamed_auxiliary,metamorphic_auxiliary_only,False,64,0,64,ok,False,16,64,a13b3f14f29b295166c30e320603a58e50ac2f65022c8dc49a2a56c62bb31d0f,8e7a33656c95417a98c4f699a959c3efe0c835d73e20c9a26ad9a09e2dce666e,36896514ad3d93df4fe04568da6d4e5a6b412ae3ded2119ab19b506f518938a7,f3fd731fb58e0a818afcebfd9a0b62aa2dc136a35c79e3e918fb9c1f68b4a466,ffe5ef155aa09d29db3356dd53c211feac283f4b93af718d30ae49097c4f321c,8183811f6f974ec64bdc3c1f60acc263f721194c07e1d8abc8459384e550dd96,False,0.9765625,3.1842289220076054,0.1472314220154658,3.3314603440230712,3.341571572003886,True,True,False,UnitTestFailure,failed:
HumanEval-RandomSpanInfillingLight:32:b8b59e4778abe4f8|alpha_renamed_auxiliary|canvas=64|seed=1,HumanEval-RandomSpanInfillingLight:32:b8b59e4778abe4f8,30,HumanEval/32,medium,alpha_renamed_auxiliary,metamorphic_auxiliary_only,False,64,1,64,ok,False,16,64,a13b3f14f29b295166c30e320603a58e50ac2f65022c8dc49a2a56c62bb31d0f,8e7a33656c95417a98c4f699a959c3efe0c835d73e20c9a26ad9a09e2dce666e,36896514ad3d93df4fe04568da6d4e5a6b412ae3ded2119ab19b506f518938a7,f3fd731fb58e0a818afcebfd9a0b62aa2dc136a35c79e3e918fb9c1f68b4a466,ffe5ef155aa09d29db3356dd53c211feac283f4b93af718d30ae49097c4f321c,8183811f6f974ec64bdc3c1f60acc263f721194c07e1d8abc8459384e550dd96,False,0.9765625,3.2111754370853305,0.13542273896746337,3.346598176052794,3.358458185917698,True,True,False,UnitTestFailure,failed:
HumanEval-RandomSpanInfillingLight:32:b8b59e4778abe4f8|alpha_renamed_auxiliary|canvas=128|seed=0,HumanEval-RandomSpanInfillingLight:32:b8b59e4778abe4f8,30,HumanEval/32,medium,alpha_renamed_auxiliary,metamorphic_auxiliary_only,False,128,0,64,ok,False,16,128,2c72e7c32d0166a7a309a89fc7241c99c0f17cd5bef9b03cec3c76c53983efd2,42a62c2837dc4178aa38d4a7926db4de7df158ef5d37ef280769a558f71a2afc,898bea1eaa4aeb2699e9fcfa9c034c2eb17d5b30272b7ced88ed746bcba853b9,89072f008832497c210f0e67ec549f825946423e95c718f9fe71a150b9a7f963,eb835cdadcb7cf327794d578b55c20f20b3ab0bbc7dd6c07d71787f1f6ad981a,6ec4d7a3d74c3c0258269e0fd9673201e9962454c434050e190f087deafed0ee,False,0.98828125,4.114907586015761,0.14151579898316413,4.256423384998925,4.270803899969906,True,True,False,UnitTestFailure,failed:
HumanEval-RandomSpanInfillingLight:32:b8b59e4778abe4f8|alpha_renamed_auxiliary|canvas=128|seed=1,HumanEval-RandomSpanInfillingLight:32:b8b59e4778abe4f8,30,HumanEval/32,medium,alpha_renamed_auxiliary,metamorphic_auxiliary_only,False,128,1,64,ok,False,16,128,2c72e7c32d0166a7a309a89fc7241c99c0f17cd5bef9b03cec3c76c53983efd2,42a62c2837dc4178aa38d4a7926db4de7df158ef5d37ef280769a558f71a2afc,898bea1eaa4aeb2699e9fcfa9c034c2eb17d5b30272b7ced88ed746bcba853b9,89072f008832497c210f0e67ec549f825946423e95c718f9fe71a150b9a7f963,eb835cdadcb7cf327794d578b55c20f20b3ab0bbc7dd6c07d71787f1f6ad981a,6ec4d7a3d74c3c0258269e0fd9673201e9962454c434050e190f087deafed0ee,False,0.98828125,4.121553955948912,0.1279381129425019,4.2494920688914135,4.262227428029291,True,True,False,UnitTestFailure,failed:
HumanEval-RandomSpanInfillingLight:36:aadde7be8b1fc38a|alpha_renamed_auxiliary|canvas=16|seed=0,HumanEval-RandomSpanInfillingLight:36:aadde7be8b1fc38a,33,HumanEval/36,long,alpha_renamed_auxiliary,metamorphic_auxiliary_only,False,16,0,64,ok,False,17,16,eaf8af962b679250892b0c1b13ec09a8035bf75fc3d633956796706479a56bdf,d592d9c0645848b5164c10c80d9efa15efe4dbbb76462751bf5544f428767ab9,eac6b3d88bed5ba88525c2645e6c312c37e5bf2f5235caa50b3d5ff3a6c5b9a0,0691efeb5197895a64202b8e126ada0e2aa1830adea2e98c90aa95723b601176,e0becf3cc6a0a46ad1983c9be6afcd2dc0c73e5326b3be2919374d75a4a0575a,51666cf91e23f2cd80ce9ed36d85069e539b48f1da1c11349d34f103826d883a,True,1.0,2.1646889159455895,0.147580130957067,2.3122690469026566,2.3193709219340235,True,True,False,UnitTestFailure,failed:
HumanEval-RandomSpanInfillingLight:36:aadde7be8b1fc38a|alpha_renamed_auxiliary|canvas=16|seed=1,HumanEval-RandomSpanInfillingLight:36:aadde7be8b1fc38a,33,HumanEval/36,long,alpha_renamed_auxiliary,metamorphic_auxiliary_only,False,16,1,64,ok,False,17,16,eaf8af962b679250892b0c1b13ec09a8035bf75fc3d633956796706479a56bdf,d592d9c0645848b5164c10c80d9efa15efe4dbbb76462751bf5544f428767ab9,eac6b3d88bed5ba88525c2645e6c312c37e5bf2f5235caa50b3d5ff3a6c5b9a0,0691efeb5197895a64202b8e126ada0e2aa1830adea2e98c90aa95723b601176,e0becf3cc6a0a46ad1983c9be6afcd2dc0c73e5326b3be2919374d75a4a0575a,51666cf91e23f2cd80ce9ed36d85069e539b48f1da1c11349d34f103826d883a,True,1.0,2.1458080909214914,0.13147341890726238,2.2772815098287538,2.284238246968016,True,True,False,UnitTestFailure,failed:
HumanEval-RandomSpanInfillingLight:36:aadde7be8b1fc38a|alpha_renamed_auxiliary|canvas=32|seed=0,HumanEval-RandomSpanInfillingLight:36:aadde7be8b1fc38a,33,HumanEval/36,long,alpha_renamed_auxiliary,metamorphic_auxiliary_only,False,32,0,64,ok,False,17,32,9999901b1c23b7b70b8fe29f5a55ac02a9108eb121111eaf845bdddd83071262,e45ad02afc54677df2a357735d371446caf6efd3f8ee6eccdb904406943c38ef,fa94c5bb08dbdfd7e8925d7b3588e3e6ca9e558048d1c0c795ec724a11085f9d,0f29e0ddc589d956c99601a0cd21513e126ce8cf6457fa861303e6c2f4d6ef5b,1d3e397fa0ccf97055462781e610287908f1a15bdb2609002c56cf628b678af0,450bc9afc562b8db082641027f4a8422d7f14db1326beefb18bb3c0d37d09cd7,True,0.984375,2.1647672530962154,0.13593085610773414,2.3006981092039496,2.3079628619598225,True,True,False,UnitTestFailure,failed: name 'mod' is not defined
HumanEval-RandomSpanInfillingLight:36:aadde7be8b1fc38a|alpha_renamed_auxiliary|canvas=32|seed=1,HumanEval-RandomSpanInfillingLight:36:aadde7be8b1fc38a,33,HumanEval/36,long,alpha_renamed_auxiliary,metamorphic_auxiliary_only,False,32,1,64,ok,False,17,32,9999901b1c23b7b70b8fe29f5a55ac02a9108eb121111eaf845bdddd83071262,e45ad02afc54677df2a357735d371446caf6efd3f8ee6eccdb904406943c38ef,fa94c5bb08dbdfd7e8925d7b3588e3e6ca9e558048d1c0c795ec724a11085f9d,0f29e0ddc589d956c99601a0cd21513e126ce8cf6457fa861303e6c2f4d6ef5b,1d3e397fa0ccf97055462781e610287908f1a15bdb2609002c56cf628b678af0,450bc9afc562b8db082641027f4a8422d7f14db1326beefb18bb3c0d37d09cd7,True,0.984375,2.1871721890056506,0.14205488888546824,2.329227077891119,2.335570206050761,True,True,False,UnitTestFailure,failed: name 'mod' is not defined
HumanEval-RandomSpanInfillingLight:36:aadde7be8b1fc38a|alpha_renamed_auxiliary|canvas=64|seed=0,HumanEval-RandomSpanInfillingLight:36:aadde7be8b1fc38a,33,HumanEval/36,long,alpha_renamed_auxiliary,metamorphic_auxiliary_only,False,64,0,64,ok,False,17,64,981f08b8f5b8dc52a7601428febc400ab3837b369c2a82f4119f6ba90ac27813,529e09f3641ec3259f17333769ebc4b3afb723a0023092b775dae4e4cf588bf4,a39bebfcb6e55020e8736803c880c2dd340e67c7d1d80697f7f6b37b667c5297,96d1f814659cec61bd831ada47997b2acf18c08cf506adba303ad2c3b3bea9dd,e11dc5247ceff1d62cbe8df1e5e8ced6facb438a00e7ca0f1e761866333cd0a5,c8b54e27695e685c1e524d85e9a0f31d6e620e08e68c7509a49f49fc4a2cbee1,False,1.0,2.7176750999642536,0.1468651139875874,2.864540213951841,2.87310373398941,True,True,False,UnitTestFailure,failed:
HumanEval-RandomSpanInfillingLight:36:aadde7be8b1fc38a|alpha_renamed_auxiliary|canvas=64|seed=1,HumanEval-RandomSpanInfillingLight:36:aadde7be8b1fc38a,33,HumanEval/36,long,alpha_renamed_auxiliary,metamorphic_auxiliary_only,False,64,1,64,ok,False,17,64,981f08b8f5b8dc52a7601428febc400ab3837b369c2a82f4119f6ba90ac27813,529e09f3641ec3259f17333769ebc4b3afb723a0023092b775dae4e4cf588bf4,a39bebfcb6e55020e8736803c880c2dd340e67c7d1d80697f7f6b37b667c5297,96d1f814659cec61bd831ada47997b2acf18c08cf506adba303ad2c3b3bea9dd,e11dc5247ceff1d62cbe8df1e5e8ced6facb438a00e7ca0f1e761866333cd0a5,c8b54e27695e685c1e524d85e9a0f31d6e620e08e68c7509a49f49fc4a2cbee1,False,1.0,2.6846280390163884,0.15024851413909346,2.834876553155482,2.8446452560601756,True,True,False,UnitTestFailure,failed:
HumanEval-RandomSpanInfillingLight:36:aadde7be8b1fc38a|alpha_renamed_auxiliary|canvas=128|seed=0,HumanEval-RandomSpanInfillingLight:36:aadde7be8b1fc38a,33,HumanEval/36,long,alpha_renamed_auxiliary,metamorphic_auxiliary_only,False,128,0,64,ok,False,17,128,9539eb7daafd2a56a9662d30ecc759221c50c288a3f6ab659223d2fff8fe1bdc,c54234805fd1bbb1c2e3d8259909dd80174f740f0485e68d97f479a25e249046,e985ee3c72613010433c0139b800aa8a2462d53c87de935ba37647b4e0cbb579,f95228fa4a1095510eeedaadad15b3273325d641ccbaa5be4f90e0da2b3e1a3b,0e3f678debf929736d0b9346c7d391906305128bb86d64794101487cc9147e27,411a07d8acde479ef5d9c89f90b190604f31e61532c6bbc0a115fe83f7919e80,False,0.98046875,2.8289981450652704,0.13936198002193123,2.9683601250872016,2.978734196978621,True,True,False,UnitTestFailure,failed:
HumanEval-RandomSpanInfillingLight:36:aadde7be8b1fc38a|alpha_renamed_auxiliary|canvas=128|seed=1,HumanEval-RandomSpanInfillingLight:36:aadde7be8b1fc38a,33,HumanEval/36,long,alpha_renamed_auxiliary,metamorphic_auxiliary_only,False,128,1,64,ok,False,17,128,9539eb7daafd2a56a9662d30ecc759221c50c288a3f6ab659223d2fff8fe1bdc,c54234805fd1bbb1c2e3d8259909dd80174f740f0485e68d97f479a25e249046,e985ee3c72613010433c0139b800aa8a2462d53c87de935ba37647b4e0cbb579,f95228fa4a1095510eeedaadad15b3273325d641ccbaa5be4f90e0da2b3e1a3b,0e3f678debf929736d0b9346c7d391906305128bb86d64794101487cc9147e27,411a07d8acde479ef5d9c89f90b190604f31e61532c6bbc0a115fe83f7919e80,False,0.98046875,2.8537074299529195,0.14689485903363675,3.0006022889865562,3.008929766016081,True,True,False,UnitTestFailure,failed:
HumanEval-RandomSpanInfillingLight:37:c528fd524a76dec1|alpha_renamed_auxiliary|canvas=16|seed=0,HumanEval-RandomSpanInfillingLight:37:c528fd524a76dec1,34,HumanEval/37,extreme,alpha_renamed_auxiliary,metamorphic_auxiliary_only,False,16,0,64,ok,False,27,16,5236e4b89629077a50da1df5368b030c4fde670e0eed600dad3b908b2bcc729d,f325076f94c1f70c6d73e2e6ee10ad3a928f9a891708b2b3f3ea0a530c336319,cb59e68743e002501ae756b8cf7a120a2c53c5a166ac78926685352317d87fa0,253fb38979c85108db1b22cebcbdd0d8ac597fd784d9c489115520698efcc30f,71f7dc4daab00be93339794c9c4f273c244c9477e5c2388afc290f91aa4384c2,dbee87c34442eadf91a5a77bf380651dc30a30f463029dc957c39fbc0830cdad,True,1.0,2.1560772879747674,0.13654234702698886,2.2926196350017563,2.2985555400373414,True,True,False,UnitTestFailure,failed:
HumanEval-RandomSpanInfillingLight:37:c528fd524a76dec1|alpha_renamed_auxiliary|canvas=16|seed=1,HumanEval-RandomSpanInfillingLight:37:c528fd524a76dec1,34,HumanEval/37,extreme,alpha_renamed_auxiliary,metamorphic_auxiliary_only,False,16,1,64,ok,False,27,16,5236e4b89629077a50da1df5368b030c4fde670e0eed600dad3b908b2bcc729d,f325076f94c1f70c6d73e2e6ee10ad3a928f9a891708b2b3f3ea0a530c336319,cb59e68743e002501ae756b8cf7a120a2c53c5a166ac78926685352317d87fa0,253fb38979c85108db1b22cebcbdd0d8ac597fd784d9c489115520698efcc30f,71f7dc4daab00be93339794c9c4f273c244c9477e5c2388afc290f91aa4384c2,dbee87c34442eadf91a5a77bf380651dc30a30f463029dc957c39fbc0830cdad,True,1.0,2.175821681972593,0.14764959109015763,2.3234712730627507,2.3307100309757516,True,True,False,UnitTestFailure,failed:
HumanEval-RandomSpanInfillingLight:37:c528fd524a76dec1|alpha_renamed_auxiliary|canvas=32|seed=0,HumanEval-RandomSpanInfillingLight:37:c528fd524a76dec1,34,HumanEval/37,extreme,alpha_renamed_auxiliary,metamorphic_auxiliary_only,False,32,0,64,ok,False,27,32,20532381699e12a16fc07fa8e46eba6453c1f490ed5cb8a38e5a943e4f5ca962,e40b51bfdd3f4db72ab2705215c9b6070c2b6b48b32822d6778240895c005ebb,3fac2afb60b913761b45703e5646479d1e1afd4ab7cceafb16ba7849a6c062ef,1d6fb7b85117f8f1a9e5f6620fef55afdf40ab0b14c4b0d19ffbd3bb145bcffa,0f7b27431a67594b2a067438d5d1075176b7d071a1b62aa1f12d1d44920c13d8,8e2cf8bc758d1b22bad7df55ea4d191d286d29c33178f34a1e93dcdff9e6d66a,True,1.0,2.1587401459692046,0.1260180789977312,2.284758224966936,2.2927172919735312,True,True,False,UnitTestFailure,failed:
HumanEval-RandomSpanInfillingLight:37:c528fd524a76dec1|alpha_renamed_auxiliary|canvas=32|seed=1,HumanEval-RandomSpanInfillingLight:37:c528fd524a76dec1,34,HumanEval/37,extreme,alpha_renamed_auxiliary,metamorphic_auxiliary_only,False,32,1,64,ok,False,27,32,20532381699e12a16fc07fa8e46eba6453c1f490ed5cb8a38e5a943e4f5ca962,e40b51bfdd3f4db72ab2705215c9b6070c2b6b48b32822d6778240895c005ebb,3fac2afb60b913761b45703e5646479d1e1afd4ab7cceafb16ba7849a6c062ef,1d6fb7b85117f8f1a9e5f6620fef55afdf40ab0b14c4b0d19ffbd3bb145bcffa,0f7b27431a67594b2a067438d5d1075176b7d071a1b62aa1f12d1d44920c13d8,8e2cf8bc758d1b22bad7df55ea4d191d286d29c33178f34a1e93dcdff9e6d66a,True,1.0,2.168358179042116,0.13076964090578258,2.2991278199478984,2.3071880199713632,True,True,False,UnitTestFailure,failed:
HumanEval-RandomSpanInfillingLight:37:c528fd524a76dec1|alpha_renamed_auxiliary|canvas=64|seed=0,HumanEval-RandomSpanInfillingLight:37:c528fd524a76dec1,34,HumanEval/37,extreme,alpha_renamed_auxiliary,metamorphic_auxiliary_only,False,64,0,64,ok,False,27,64,ce554884bdd0bf9e1508ec98ee6ddd2cc6e02a16e5f2c3d7e4007410b7eb0a8d,725d7cb0cc7f0770e657f8e64b77c15b98e565ae48b6f9263911559758b0cd7f,a4d85a7df7a90376f1f1bed03652f48ea9f3a6ed37f0afd99adf0d3e18796714,64fb2336ab82bb720e8c1d82b9aef51e1be3107ad8753da1e466e7c20692d549,4273d20ad38f14ea3aba5db1b6b02a185dc36f5289e4cb5d40f8f7e04d17d8e2,e5028f243679db50491d563c294d29100b646c1a3ab4dfc3cfa12c9968d9b5d0,True,0.98046875,2.728655177052133,0.15409327193628997,2.8827484489884228,2.8930765269324183,True,True,False,UnitTestFailure,failed:
HumanEval-RandomSpanInfillingLight:37:c528fd524a76dec1|alpha_renamed_auxiliary|canvas=64|seed=1,HumanEval-RandomSpanInfillingLight:37:c528fd524a76dec1,34,HumanEval/37,extreme,alpha_renamed_auxiliary,metamorphic_auxiliary_only,False,64,1,64,ok,False,27,64,ce554884bdd0bf9e1508ec98ee6ddd2cc6e02a16e5f2c3d7e4007410b7eb0a8d,725d7cb0cc7f0770e657f8e64b77c15b98e565ae48b6f9263911559758b0cd7f,a4d85a7df7a90376f1f1bed03652f48ea9f3a6ed37f0afd99adf0d3e18796714,64fb2336ab82bb720e8c1d82b9aef51e1be3107ad8753da1e466e7c20692d549,4273d20ad38f14ea3aba5db1b6b02a185dc36f5289e4cb5d40f8f7e04d17d8e2,e5028f243679db50491d563c294d29100b646c1a3ab4dfc3cfa12c9968d9b5d0,True,0.98046875,2.725964674958959,0.1463590768398717,2.872323751798831,2.884877066942863,True,True,False,UnitTestFailure,failed:
HumanEval-RandomSpanInfillingLight:37:c528fd524a76dec1|alpha_renamed_auxiliary|canvas=128|seed=0,HumanEval-RandomSpanInfillingLight:37:c528fd524a76dec1,34,HumanEval/37,extreme,alpha_renamed_auxiliary,metamorphic_auxiliary_only,False,128,0,64,ok,False,27,128,fda2278430bfef2729aeee291e1b8de4e3a4b20181b76e9168d265c2c776b4ba,69f6b60be539abe6f45562f34e8e23fe816cbbbba9baa9b894c3adb3369dd22e,70c1e5132e1c2919972b557c0fa9d99bb41df73a535320272f8c3bf04e4192a3,2ec003d7de44f040a72916e80152a939474e377366fc82359a6588275cf7f5a5,d3b1ccc4a1f03e699e3201320ca5e5093169e8e465739d0537c1852efbf4f7c6,be47514a7c7339993ad9a8ee83fb668b573872791849a9810d04b670b63404d1,True,0.9921875,2.8451047899434343,0.15094433585181832,2.9960491257952526,3.007579154917039,True,True,False,UnitTestFailure,failed: '<' not supported between instances of 'int' and 'method-wrapper'
HumanEval-RandomSpanInfillingLight:37:c528fd524a76dec1|alpha_renamed_auxiliary|canvas=128|seed=1,HumanEval-RandomSpanInfillingLight:37:c528fd524a76dec1,34,HumanEval/37,extreme,alpha_renamed_auxiliary,metamorphic_auxiliary_only,False,128,1,64,ok,False,27,128,fda2278430bfef2729aeee291e1b8de4e3a4b20181b76e9168d265c2c776b4ba,69f6b60be539abe6f45562f34e8e23fe816cbbbba9baa9b894c3adb3369dd22e,70c1e5132e1c2919972b557c0fa9d99bb41df73a535320272f8c3bf04e4192a3,2ec003d7de44f040a72916e80152a939474e377366fc82359a6588275cf7f5a5,d3b1ccc4a1f03e699e3201320ca5e5093169e8e465739d0537c1852efbf4f7c6,be47514a7c7339993ad9a8ee83fb668b573872791849a9810d04b670b63404d1,True,0.9921875,2.8739920059451833,0.12951683287974447,3.003508838824928,3.0121181750437245,True,True,False,UnitTestFailure,failed: '<' not supported between instances of 'int' and 'method-wrapper'
HumanEval-RandomSpanInfillingLight:40:889964ab8a3c74c1|alpha_renamed_auxiliary|canvas=16|seed=0,HumanEval-RandomSpanInfillingLight:40:889964ab8a3c74c1,37,HumanEval/40,extreme,alpha_renamed_auxiliary,metamorphic_auxiliary_only,False,16,0,64,ok,False,36,16,dc6809c5fc880e431f24c3f7eadcc20626ec3dbcbe698cd7a749f386e22c1361,21670e71f9df7d43942d62a8f354923fbde0e1114eba6baa6ca931fc85102133,3832bacde3411a7bd34b48640335de03ece1dc6f88c430b51034c636a29c54f0,c932d9bfdbaa83f2a62378e9b58e58665f96fcf415ae01b4cc38a6b7e78b3ff8,ff7095d40250e0d205e6c48ef93992e3ca9136f1deaab6e9ca22fa05470781af,e49e2651cb37d8d62730209289c9253ef29f18b10d9c0b67aa7c9d86b7a85645,True,0.97265625,2.1555303189670667,0.14835518994368613,2.303885508910753,2.31121555599384,True,True,False,UnitTestFailure,failed:
HumanEval-RandomSpanInfillingLight:40:889964ab8a3c74c1|alpha_renamed_auxiliary|canvas=16|seed=1,HumanEval-RandomSpanInfillingLight:40:889964ab8a3c74c1,37,HumanEval/40,extreme,alpha_renamed_auxiliary,metamorphic_auxiliary_only,False,16,1,64,ok,False,36,16,dc6809c5fc880e431f24c3f7eadcc20626ec3dbcbe698cd7a749f386e22c1361,21670e71f9df7d43942d62a8f354923fbde0e1114eba6baa6ca931fc85102133,3832bacde3411a7bd34b48640335de03ece1dc6f88c430b51034c636a29c54f0,c932d9bfdbaa83f2a62378e9b58e58665f96fcf415ae01b4cc38a6b7e78b3ff8,ff7095d40250e0d205e6c48ef93992e3ca9136f1deaab6e9ca22fa05470781af,e49e2651cb37d8d62730209289c9253ef29f18b10d9c0b67aa7c9d86b7a85645,True,0.97265625,2.162309125997126,0.14894505904521793,2.311254185042344,2.319698559003882,True,True,False,UnitTestFailure,failed:
HumanEval-RandomSpanInfillingLight:40:889964ab8a3c74c1|alpha_renamed_auxiliary|canvas=32|seed=0,HumanEval-RandomSpanInfillingLight:40:889964ab8a3c74c1,37,HumanEval/40,extreme,alpha_renamed_auxiliary,metamorphic_auxiliary_only,False,32,0,64,ok,False,36,32,9b51ae303a6cc10c9edd82b8f8cd860e2034598577f85b261a601b896271d4e5,73475c46cb74d4d5eca5401e37d736567b9d526af9ad2d77e22c670f3c18c150,9810bab5b1514e495d72eec9120a5a0abd0fe518d38bf4ed4b9a2e89aee5ce3f,70e0a3ff12a8372499116e8f3826c5f4b93efb02042dea76493a6e28b8735de8,2c5eea7016d2b64ebe921c8031b7f43915ed37eec1173704fd986d49cd341664,39525e45a904f22f33df8d05d6516cd012cbe90fe2e69235ddca8a96e423da39,True,0.9765625,2.170794830075465,0.1464820560067892,2.3172768860822544,2.3252505040727556,True,True,False,UnitTestFailure,failed:
HumanEval-RandomSpanInfillingLight:40:889964ab8a3c74c1|alpha_renamed_auxiliary|canvas=32|seed=1,HumanEval-RandomSpanInfillingLight:40:889964ab8a3c74c1,37,HumanEval/40,extreme,alpha_renamed_auxiliary,metamorphic_auxiliary_only,False,32,1,64,ok,False,36,32,9b51ae303a6cc10c9edd82b8f8cd860e2034598577f85b261a601b896271d4e5,73475c46cb74d4d5eca5401e37d736567b9d526af9ad2d77e22c670f3c18c150,9810bab5b1514e495d72eec9120a5a0abd0fe518d38bf4ed4b9a2e89aee5ce3f,70e0a3ff12a8372499116e8f3826c5f4b93efb02042dea76493a6e28b8735de8,2c5eea7016d2b64ebe921c8031b7f43915ed37eec1173704fd986d49cd341664,39525e45a904f22f33df8d05d6516cd012cbe90fe2e69235ddca8a96e423da39,True,0.9765625,2.1772316129645333,0.15362052607815713,2.3308521390426904,2.3394566499628127,True,True,False,UnitTestFailure,failed:
HumanEval-RandomSpanInfillingLight:40:889964ab8a3c74c1|alpha_renamed_auxiliary|canvas=64|seed=0,HumanEval-RandomSpanInfillingLight:40:889964ab8a3c74c1,37,HumanEval/40,extreme,alpha_renamed_auxiliary,metamorphic_auxiliary_only,False,64,0,64,ok,True,36,64,37b934a79fbeacb71f0c157213bbe006fb853c1bb58657b0fbf462d95c543429,8ff6bdecc97687dd2ff7166efc961915f28868f04c12a86b34f6b830a469945b,64812aae2092c04de2fab6d4db9c8eb4fcf12e140f1592326fe52020597b2b01,7a38b8ef743e912ef952e52903871ce9f11e2f3821c83abf736eb911aa393667,6beb6ab1aa7eec1ebe1ca09a5493e512f03d54d15bffc7d37caadb3e8435b549,8deeda26f2b8b3488de6bdb0f3ccf7de64e8744031070bcb3526a99c099f78d5,True,0.98046875,2.6986569489818066,0.13909034605603665,2.8377472950378433,2.8502426800550893,True,True,True,,
HumanEval-RandomSpanInfillingLight:40:889964ab8a3c74c1|alpha_renamed_auxiliary|canvas=64|seed=1,HumanEval-RandomSpanInfillingLight:40:889964ab8a3c74c1,37,HumanEval/40,extreme,alpha_renamed_auxiliary,metamorphic_auxiliary_only,False,64,1,64,ok,True,36,64,37b934a79fbeacb71f0c157213bbe006fb853c1bb58657b0fbf462d95c543429,8ff6bdecc97687dd2ff7166efc961915f28868f04c12a86b34f6b830a469945b,64812aae2092c04de2fab6d4db9c8eb4fcf12e140f1592326fe52020597b2b01,7a38b8ef743e912ef952e52903871ce9f11e2f3821c83abf736eb911aa393667,6beb6ab1aa7eec1ebe1ca09a5493e512f03d54d15bffc7d37caadb3e8435b549,8deeda26f2b8b3488de6bdb0f3ccf7de64e8744031070bcb3526a99c099f78d5,True,0.98046875,2.6909503270871937,0.15319651295430958,2.8441468400415033,2.8573012980632484,True,True,True,,
HumanEval-RandomSpanInfillingLight:40:889964ab8a3c74c1|alpha_renamed_auxiliary|canvas=128|seed=0,HumanEval-RandomSpanInfillingLight:40:889964ab8a3c74c1,37,HumanEval/40,extreme,alpha_renamed_auxiliary,metamorphic_auxiliary_only,False,128,0,64,ok,False,36,128,ea26726337d90f8b235999c477684e09c094da48c181904fdfba1ce90c0ad6f7,e23bbdfaf15ed00f9e1a74ad90c55fb4db7f7524968ac6df57caf0a82e913d0f,304b5635e1238e6bc6e3a19d3f3a9c044375ac3f759d7c1659da6f7b4d34fcb5,4bebd45170da08f687a492cd0b491f59cd75c7c069dd0ea4c7aa5bf70feaf0d3,0af2d017e32ec8e6f01634c0b4a64eadf307cb50019300dd764ee315119074b9,4344ceb13440ece40e3d0836c0867b2852ff35b1bab64d6a833fc5a49e7ee83f,True,0.9921875,2.8255902130622417,0.14672846696339548,2.972318680025637,2.9829287989996374,True,True,False,UnitTestFailure,failed:
HumanEval-RandomSpanInfillingLight:40:889964ab8a3c74c1|alpha_renamed_auxiliary|canvas=128|seed=1,HumanEval-RandomSpanInfillingLight:40:889964ab8a3c74c1,37,HumanEval/40,extreme,alpha_renamed_auxiliary,metamorphic_auxiliary_only,False,128,1,64,ok,False,36,128,ea26726337d90f8b235999c477684e09c094da48c181904fdfba1ce90c0ad6f7,e23bbdfaf15ed00f9e1a74ad90c55fb4db7f7524968ac6df57caf0a82e913d0f,304b5635e1238e6bc6e3a19d3f3a9c044375ac3f759d7c1659da6f7b4d34fcb5,4bebd45170da08f687a492cd0b491f59cd75c7c069dd0ea4c7aa5bf70feaf0d3,0af2d017e32ec8e6f01634c0b4a64eadf307cb50019300dd764ee315119074b9,4344ceb13440ece40e3d0836c0867b2852ff35b1bab64d6a833fc5a49e7ee83f,True,0.9921875,2.8303002290194854,0.14659929799381644,2.976899527013302,2.985001207096502,True,True,False,UnitTestFailure,failed:
HumanEval-RandomSpanInfillingLight:42:e7b2b8a4c7493431|alpha_renamed_auxiliary|canvas=16|seed=0,HumanEval-RandomSpanInfillingLight:42:e7b2b8a4c7493431,39,HumanEval/42,short,alpha_renamed_auxiliary,metamorphic_auxiliary_only,False,16,0,64,ok,False,8,16,ae4d16195857cf259f3562d4facd9dec43f77c8870580e10d16456706ad3444f,d8dfc0392ebbf5fe645e804f6d6f3e1b91c42466e1310dfa49e6e5eb16b7cd70,940ea42dd379fb4a1108e8a71fafe8b9f1569ff04d4f76709506beac710a6b1d,ae4d16195857cf259f3562d4facd9dec43f77c8870580e10d16456706ad3444f,d8dfc0392ebbf5fe645e804f6d6f3e1b91c42466e1310dfa49e6e5eb16b7cd70,940ea42dd379fb4a1108e8a71fafe8b9f1569ff04d4f76709506beac710a6b1d,False,0.99609375,1.924331963993609,0.14994178793858737,2.0742737519321963,2.0790211689891294,True,True,False,UnitTestFailure,failed: name 'phase5_local_0000000' is not defined
HumanEval-RandomSpanInfillingLight:42:e7b2b8a4c7493431|alpha_renamed_auxiliary|canvas=16|seed=1,HumanEval-RandomSpanInfillingLight:42:e7b2b8a4c7493431,39,HumanEval/42,short,alpha_renamed_auxiliary,metamorphic_auxiliary_only,False,16,1,64,ok,False,8,16,ae4d16195857cf259f3562d4facd9dec43f77c8870580e10d16456706ad3444f,d8dfc0392ebbf5fe645e804f6d6f3e1b91c42466e1310dfa49e6e5eb16b7cd70,940ea42dd379fb4a1108e8a71fafe8b9f1569ff04d4f76709506beac710a6b1d,ae4d16195857cf259f3562d4facd9dec43f77c8870580e10d16456706ad3444f,d8dfc0392ebbf5fe645e804f6d6f3e1b91c42466e1310dfa49e6e5eb16b7cd70,940ea42dd379fb4a1108e8a71fafe8b9f1569ff04d4f76709506beac710a6b1d,False,0.99609375,1.9374963360605761,0.15122708911076188,2.088723425171338,2.0938833850668743,True,True,False,UnitTestFailure,failed: name 'phase5_local_0000000' is not defined
HumanEval-RandomSpanInfillingLight:42:e7b2b8a4c7493431|alpha_renamed_auxiliary|canvas=32|seed=0,HumanEval-RandomSpanInfillingLight:42:e7b2b8a4c7493431,39,HumanEval/42,short,alpha_renamed_auxiliary,metamorphic_auxiliary_only,False,32,0,64,ok,False,8,32,32251d8ad3bd0331642d0a7d146915bb64c5716c418c78857fbf6f0456305785,87f81e9891659738936c523b4b24bef69534033708d9b942f1aa3da2adbe18eb,,2bc5e120321c1c8d435e29d5110d801b021a51901dca0a0f97fe501fee84fa60,87f81e9891659738936c523b4b24bef69534033708d9b942f1aa3da2adbe18eb,,False,0.98828125,1.9546721740625799,8.571101352572441e-05,1.9547578850761056,1.9596333230147138,False,False,False,SyntaxError,"closing parenthesis ']' does not match opening parenthesis '(' (<unknown>, line 11)"
HumanEval-RandomSpanInfillingLight:42:e7b2b8a4c7493431|alpha_renamed_auxiliary|canvas=32|seed=1,HumanEval-RandomSpanInfillingLight:42:e7b2b8a4c7493431,39,HumanEval/42,short,alpha_renamed_auxiliary,metamorphic_auxiliary_only,False,32,1,64,ok,False,8,32,32251d8ad3bd0331642d0a7d146915bb64c5716c418c78857fbf6f0456305785,87f81e9891659738936c523b4b24bef69534033708d9b942f1aa3da2adbe18eb,,2bc5e120321c1c8d435e29d5110d801b021a51901dca0a0f97fe501fee84fa60,87f81e9891659738936c523b4b24bef69534033708d9b942f1aa3da2adbe18eb,,False,0.98828125,1.9472336010076106,0.00017851300071924925,1.9474121140083298,1.951796876033768,False,False,False,SyntaxError,"closing parenthesis ']' does not match opening parenthesis '(' (<unknown>, line 11)"
HumanEval-RandomSpanInfillingLight:42:e7b2b8a4c7493431|alpha_renamed_auxiliary|canvas=64|seed=0,HumanEval-RandomSpanInfillingLight:42:e7b2b8a4c7493431,39,HumanEval/42,short,alpha_renamed_auxiliary,metamorphic_auxiliary_only,False,64,0,64,ok,False,8,64,0dd385032e9abcee2d13c81f2ad80bd30c8be67cbf3a20ab8cd4e6c42783641a,756e4efb72aa5d4b62bdf86830697bb7ec26a68cdaa3f589c24facbe7f8d3591,,0dd385032e9abcee2d13c81f2ad80bd30c8be67cbf3a20ab8cd4e6c42783641a,756e4efb72aa5d4b62bdf86830697bb7ec26a68cdaa3f589c24facbe7f8d3591,,False,0.953125,2.1576931580202654,0.00019411498215049505,2.157887273002416,2.162955351988785,False,False,False,SyntaxError,"unterminated triple-quoted string literal (detected at line 17) (<unknown>, line 15)"
HumanEval-RandomSpanInfillingLight:42:e7b2b8a4c7493431|alpha_renamed_auxiliary|canvas=64|seed=1,HumanEval-RandomSpanInfillingLight:42:e7b2b8a4c7493431,39,HumanEval/42,short,alpha_renamed_auxiliary,metamorphic_auxiliary_only,False,64,1,64,ok,False,8,64,0dd385032e9abcee2d13c81f2ad80bd30c8be67cbf3a20ab8cd4e6c42783641a,756e4efb72aa5d4b62bdf86830697bb7ec26a68cdaa3f589c24facbe7f8d3591,,0dd385032e9abcee2d13c81f2ad80bd30c8be67cbf3a20ab8cd4e6c42783641a,756e4efb72aa5d4b62bdf86830697bb7ec26a68cdaa3f589c24facbe7f8d3591,,False,0.953125,2.1851253209169954,0.00018917792476713657,2.1853144988417625,2.1914817740907893,False,False,False,SyntaxError,"unterminated triple-quoted string literal (detected at line 17) (<unknown>, line 15)"
HumanEval-RandomSpanInfillingLight:42:e7b2b8a4c7493431|alpha_renamed_auxiliary|canvas=128|seed=0,HumanEval-RandomSpanInfillingLight:42:e7b2b8a4c7493431,39,HumanEval/42,short,alpha_renamed_auxiliary,metamorphic_auxiliary_only,False,128,0,64,ok,False,8,128,4d58f4cb42c1a49596bcf2510cc1e008bc61e45188873fdde6ca7960877ee43e,bee0d36900e37038e48397d83210df051cb1ac0f8c4f3762e7f9ba789ec14e42,,90695ec9190c063c300f7bb42c8d16185b75c6d5465f4a2e93ecdbd222fd11e4,e6a89613da9c5b0a9507ab46a40d5e2f504e6c7f8828bafc4371ace5948c4a8d,,False,0.98828125,2.6583512999350205,0.00015445798635482788,2.6585057579213753,2.662586992024444,False,False,False,SyntaxError,"unterminated triple-quoted string literal (detected at line 84) (<unknown>, line 82)"
HumanEval-RandomSpanInfillingLight:42:e7b2b8a4c7493431|alpha_renamed_auxiliary|canvas=128|seed=1,HumanEval-RandomSpanInfillingLight:42:e7b2b8a4c7493431,39,HumanEval/42,short,alpha_renamed_auxiliary,metamorphic_auxiliary_only,False,128,1,64,ok,False,8,128,4d58f4cb42c1a49596bcf2510cc1e008bc61e45188873fdde6ca7960877ee43e,bee0d36900e37038e48397d83210df051cb1ac0f8c4f3762e7f9ba789ec14e42,,90695ec9190c063c300f7bb42c8d16185b75c6d5465f4a2e93ecdbd222fd11e4,e6a89613da9c5b0a9507ab46a40d5e2f504e6c7f8828bafc4371ace5948c4a8d,,False,0.98828125,2.6830080350628123,0.00012456602416932583,2.6831326010869816,2.6867550959577784,False,False,False,SyntaxError,"unterminated triple-quoted string literal (detected at line 84) (<unknown>, line 82)"
HumanEval-RandomSpanInfillingLight:43:b95b89416c2f581f|alpha_renamed_auxiliary|canvas=16|seed=0,HumanEval-RandomSpanInfillingLight:43:b95b89416c2f581f,40,HumanEval/43,extreme,alpha_renamed_auxiliary,metamorphic_auxiliary_only,False,16,0,64,ok,False,31,16,d1cbad0c503a3808321b32a475c51fd6601d86157f955fe11e401003e10c52a8,b4d2b3f7a2505ab5f3354f02cac0782b7748db45aa395cf87cba25a3572c07e6,425e91094771dbbf1a121ca7ae2ff688d1ed7b37e3e98c3f41549f2d6133aef1,2eb2aaa58e57bd9681b277ad1971ed04ad81fdf54958e46c7325b7e0b1140cbb,6383b1336e052a79ed0568c881c19899a24a92f3a9ef4e8325e59411b337d339,c4e1bd294be42b1819bd36cf1f059e2cdcfecb43d7ecbf9d0892c9d94d44a0f6,True,0.96875,2.188429107074626,0.1407745691249147,2.3292036761995405,2.3345421380363405,True,True,False,UnitTestFailure,failed:
HumanEval-RandomSpanInfillingLight:43:b95b89416c2f581f|alpha_renamed_auxiliary|canvas=16|seed=1,HumanEval-RandomSpanInfillingLight:43:b95b89416c2f581f,40,HumanEval/43,extreme,alpha_renamed_auxiliary,metamorphic_auxiliary_only,False,16,1,64,ok,False,31,16,d1cbad0c503a3808321b32a475c51fd6601d86157f955fe11e401003e10c52a8,b4d2b3f7a2505ab5f3354f02cac0782b7748db45aa395cf87cba25a3572c07e6,425e91094771dbbf1a121ca7ae2ff688d1ed7b37e3e98c3f41549f2d6133aef1,2eb2aaa58e57bd9681b277ad1971ed04ad81fdf54958e46c7325b7e0b1140cbb,6383b1336e052a79ed0568c881c19899a24a92f3a9ef4e8325e59411b337d339,c4e1bd294be42b1819bd36cf1f059e2cdcfecb43d7ecbf9d0892c9d94d44a0f6,True,0.96875,2.1620680389460176,0.14869075000751764,2.3107587889535353,2.318813494988717,True,True,False,UnitTestFailure,failed:
HumanEval-RandomSpanInfillingLight:43:b95b89416c2f581f|alpha_renamed_auxiliary|canvas=32|seed=0,HumanEval-RandomSpanInfillingLight:43:b95b89416c2f581f,40,HumanEval/43,extreme,alpha_renamed_auxiliary,metamorphic_auxiliary_only,False,32,0,64,ok,False,31,32,9d16db5e58d80327d7eea7f361e992291cb2025c5e5aca46bdd6236c53d01f5c,12e718f8ca047ded896c65311044074cc74b53e85085758c94934bf693fcfff6,a20b55b6420fc030a91f251e22280140b272c814780b0f79c264fb72078fb95b,9b19a3f05f5ad1828c9a816c31777aebebb8de3f80e3d7d2caecada9f5323e33,9ec9ba67c50e6e150ad30de44ad68bbe8b8b99449506be4caa02e789c2327333,df2ce6b5d9c522048757966ab6e4ce7358d1c669e566575149248f10447b73fe,True,1.0,2.1843810039572418,0.15113147592637688,2.3355124798836187,2.3433253848925233,True,True,False,UnitTestFailure,failed:
HumanEval-RandomSpanInfillingLight:43:b95b89416c2f581f|alpha_renamed_auxiliary|canvas=32|seed=1,HumanEval-RandomSpanInfillingLight:43:b95b89416c2f581f,40,HumanEval/43,extreme,alpha_renamed_auxiliary,metamorphic_auxiliary_only,False,32,1,64,ok,False,31,32,9d16db5e58d80327d7eea7f361e992291cb2025c5e5aca46bdd6236c53d01f5c,12e718f8ca047ded896c65311044074cc74b53e85085758c94934bf693fcfff6,a20b55b6420fc030a91f251e22280140b272c814780b0f79c264fb72078fb95b,9b19a3f05f5ad1828c9a816c31777aebebb8de3f80e3d7d2caecada9f5323e33,9ec9ba67c50e6e150ad30de44ad68bbe8b8b99449506be4caa02e789c2327333,df2ce6b5d9c522048757966ab6e4ce7358d1c669e566575149248f10447b73fe,True,1.0,2.1625857549952343,0.1361190110910684,2.2987047660863027,2.30891809402965,True,True,False,UnitTestFailure,failed:
HumanEval-RandomSpanInfillingLight:43:b95b89416c2f581f|alpha_renamed_auxiliary|canvas=64|seed=0,HumanEval-RandomSpanInfillingLight:43:b95b89416c2f581f,40,HumanEval/43,extreme,alpha_renamed_auxiliary,metamorphic_auxiliary_only,False,64,0,64,ok,True,31,64,fdc1dba7868f6e0cbb4098228beebf5e122f79663ad9b4f41f8f333b76862bf7,a797cf93369aa6466f30b3553135dba6497a53100a03ee32b2110043b034f804,a0e5cbb56cdeb522445d31a23b7b227b99126cca2a04246659860e901b03cabb,ebe017db1c508f03e478e3b6878c1b9d44383d6a244d62900ddc58676e52172e,e3f6fc1dd4f408d49575e361f012d8f776b5289f9feefa460eb02d13b0b7aa1b,ba3d72d41e06b517817d94b84b1d1d0fcb50ec6d387c391fb9f2af48c47cffe1,True,0.98828125,2.188706406042911,0.1473934130044654,2.3360998190473765,2.345444699982181,True,True,True,,
HumanEval-RandomSpanInfillingLight:43:b95b89416c2f581f|alpha_renamed_auxiliary|canvas=64|seed=1,HumanEval-RandomSpanInfillingLight:43:b95b89416c2f581f,40,HumanEval/43,extreme,alpha_renamed_auxiliary,metamorphic_auxiliary_only,False,64,1,64,ok,True,31,64,fdc1dba7868f6e0cbb4098228beebf5e122f79663ad9b4f41f8f333b76862bf7,a797cf93369aa6466f30b3553135dba6497a53100a03ee32b2110043b034f804,a0e5cbb56cdeb522445d31a23b7b227b99126cca2a04246659860e901b03cabb,ebe017db1c508f03e478e3b6878c1b9d44383d6a244d62900ddc58676e52172e,e3f6fc1dd4f408d49575e361f012d8f776b5289f9feefa460eb02d13b0b7aa1b,ba3d72d41e06b517817d94b84b1d1d0fcb50ec6d387c391fb9f2af48c47cffe1,True,0.98828125,2.179972868063487,0.15090204903390259,2.3308749170973897,2.342665830045007,True,True,True,,
HumanEval-RandomSpanInfillingLight:43:b95b89416c2f581f|alpha_renamed_auxiliary|canvas=128|seed=0,HumanEval-RandomSpanInfillingLight:43:b95b89416c2f581f,40,HumanEval/43,extreme,alpha_renamed_auxiliary,metamorphic_auxiliary_only,False,128,0,64,ok,True,31,128,159e45fad6bc4a659648b811e413b48a0ac9a9c793ea2f6bc7212cfd3de701ef,d7aae8fd6dcc26d13c1d59873f4d6f738a4a3d1e605ad4dc13ea338905b47e9b,a04bc06ba795c688919567395080acfd7bd6ed028551c53a83332f38d38d3f6b,e57b171f1abb3ca24aefec5713eff17cbcebfb4c56c4eb68b8b48b7afd3d17a0,e88f2db296383eedd964f6c29cba83cc42f537cb37f5ec6a2ac174480e7b6cdc,2c0921befd2a28d7739db2d34292a10b17de5afb71148ddd9275213dae3d0ad4,False,0.9921875,2.8389589729486033,0.14565091382246464,2.984609886771068,2.997009280952625,True,True,True,,
HumanEval-RandomSpanInfillingLight:43:b95b89416c2f581f|alpha_renamed_auxiliary|canvas=128|seed=1,HumanEval-RandomSpanInfillingLight:43:b95b89416c2f581f,40,HumanEval/43,extreme,alpha_renamed_auxiliary,metamorphic_auxiliary_only,False,128,1,64,ok,True,31,128,159e45fad6bc4a659648b811e413b48a0ac9a9c793ea2f6bc7212cfd3de701ef,d7aae8fd6dcc26d13c1d59873f4d6f738a4a3d1e605ad4dc13ea338905b47e9b,a04bc06ba795c688919567395080acfd7bd6ed028551c53a83332f38d38d3f6b,e57b171f1abb3ca24aefec5713eff17cbcebfb4c56c4eb68b8b48b7afd3d17a0,e88f2db296383eedd964f6c29cba83cc42f537cb37f5ec6a2ac174480e7b6cdc,2c0921befd2a28d7739db2d34292a10b17de5afb71148ddd9275213dae3d0ad4,False,0.9921875,2.824017173028551,0.13666987093165517,2.960687043960206,2.9712551950942725,True,True,True,,
HumanEval-RandomSpanInfillingLight:44:b4c20f0be1caf41e|alpha_renamed_auxiliary|canvas=16|seed=0,HumanEval-RandomSpanInfillingLight:44:b4c20f0be1caf41e,41,HumanEval/44,medium,alpha_renamed_auxiliary,metamorphic_auxiliary_only,False,16,0,64,ok,False,15,16,c0dfc8f7761a2485b568b156e6162a62a2d1c79f6e0e539d44cc76cd12168635,713463f449fbf39ba07118ab06183b578b8d984ba3cc327fdb00622b5449989f,4c67bb4533fd0812fd72e33eb933b417245db604b6695dde6b9b615f3d5f2ac9,a8ca20cb41f072af5771591a16994c0388bad1f51fbe34a377591e4782a06a5a,ac839204e154edbf7a06ffccd2336c7f7408b22b752a03a12bc1533559e9b7d1,1228ccf1877934d00f4b6f6411e583c0e1efcda61e4c76fc17bef325cd9a4b34,True,1.0,1.9296168219298124,0.14289532089605927,2.0725121428258717,2.079018656979315,True,True,False,UnitTestFailure,failed:
HumanEval-RandomSpanInfillingLight:44:b4c20f0be1caf41e|alpha_renamed_auxiliary|canvas=16|seed=1,HumanEval-RandomSpanInfillingLight:44:b4c20f0be1caf41e,41,HumanEval/44,medium,alpha_renamed_auxiliary,metamorphic_auxiliary_only,False,16,1,64,ok,False,15,16,c0dfc8f7761a2485b568b156e6162a62a2d1c79f6e0e539d44cc76cd12168635,713463f449fbf39ba07118ab06183b578b8d984ba3cc327fdb00622b5449989f,4c67bb4533fd0812fd72e33eb933b417245db604b6695dde6b9b615f3d5f2ac9,a8ca20cb41f072af5771591a16994c0388bad1f51fbe34a377591e4782a06a5a,ac839204e154edbf7a06ffccd2336c7f7408b22b752a03a12bc1533559e9b7d1,1228ccf1877934d00f4b6f6411e583c0e1efcda61e4c76fc17bef325cd9a4b34,True,1.0,1.9227841519750655,0.14491436909884214,2.0676985210739076,2.073590858024545,True,True,False,UnitTestFailure,failed:
HumanEval-RandomSpanInfillingLight:44:b4c20f0be1caf41e|alpha_renamed_auxiliary|canvas=32|seed=0,HumanEval-RandomSpanInfillingLight:44:b4c20f0be1caf41e,41,HumanEval/44,medium,alpha_renamed_auxiliary,metamorphic_auxiliary_only,False,32,0,64,ok,True,15,32,eb6223cece99fb7f8e98b939fbfa3e3a1acce4eb5eae4722dc4507f5a24c2f09,bb4f1e045ed2b92f355a15953f486ebac07b367c6909efa71303b41238b040e2,2c7d65d5b2fb4c98113ab9bc9bf82eeac8ad87501c99a7c52e66585512347b13,b9530433431f614cb3061ead2c5b5cb26340456f6b3e2f8d1f26b65e70bbc9c8,dce47d0d9511cf2db7e4d85b9a26f2e26cf2a343deb8cb08054400ca219c2de0,c8f8cf66033b93857c8d9478b1625488c67ec513e8839bb17f44f978f5ea4584,True,0.96484375,1.9687737509375438,0.13462875818368047,2.1034025091212243,2.1101261009462178,True,True,True,,
HumanEval-RandomSpanInfillingLight:44:b4c20f0be1caf41e|alpha_renamed_auxiliary|canvas=32|seed=1,HumanEval-RandomSpanInfillingLight:44:b4c20f0be1caf41e,41,HumanEval/44,medium,alpha_renamed_auxiliary,metamorphic_auxiliary_only,False,32,1,64,ok,True,15,32,eb6223cece99fb7f8e98b939fbfa3e3a1acce4eb5eae4722dc4507f5a24c2f09,bb4f1e045ed2b92f355a15953f486ebac07b367c6909efa71303b41238b040e2,2c7d65d5b2fb4c98113ab9bc9bf82eeac8ad87501c99a7c52e66585512347b13,b9530433431f614cb3061ead2c5b5cb26340456f6b3e2f8d1f26b65e70bbc9c8,dce47d0d9511cf2db7e4d85b9a26f2e26cf2a343deb8cb08054400ca219c2de0,c8f8cf66033b93857c8d9478b1625488c67ec513e8839bb17f44f978f5ea4584,True,0.96484375,1.9734658390516415,0.135555460001342,2.1090212990529835,2.116785705089569,True,True,True,,
HumanEval-RandomSpanInfillingLight:44:b4c20f0be1caf41e|alpha_renamed_auxiliary|canvas=64|seed=0,HumanEval-RandomSpanInfillingLight:44:b4c20f0be1caf41e,41,HumanEval/44,medium,alpha_renamed_auxiliary,metamorphic_auxiliary_only,False,64,0,64,ok,False,15,64,b19f7fb39f920b75f55e332cffc88642e3f9b7f8748de0b30ecd3fd46ff20849,bbfa7c3c44905687bdf77e9f2d29b536e34d13b67fe1932c904a324074a7cdfb,7c5ea44ba3f682bb2378ed768bc08df1fa3b18e191c60f89fd8617038e4eadf5,709ec6e6da01c3e630a2cdf9e511c3bc16d83d0d52867682a3e696f7bd19f32a,8def92c3aa246ad446d135acb4811903667bb0af854fed48078f07bb5389b0ed,91e89f1f5678e2760777db9d157eff370d3744fc377be9f90711ea1eae6c71bd,False,0.9921875,2.1827073610620573,0.14437934721354395,2.3270867082756013,2.33476233005058,True,True,False,UnitTestFailure,failed:
HumanEval-RandomSpanInfillingLight:44:b4c20f0be1caf41e|alpha_renamed_auxiliary|canvas=64|seed=1,HumanEval-RandomSpanInfillingLight:44:b4c20f0be1caf41e,41,HumanEval/44,medium,alpha_renamed_auxiliary,metamorphic_auxiliary_only,False,64,1,64,ok,False,15,64,b19f7fb39f920b75f55e332cffc88642e3f9b7f8748de0b30ecd3fd46ff20849,bbfa7c3c44905687bdf77e9f2d29b536e34d13b67fe1932c904a324074a7cdfb,7c5ea44ba3f682bb2378ed768bc08df1fa3b18e191c60f89fd8617038e4eadf5,709ec6e6da01c3e630a2cdf9e511c3bc16d83d0d52867682a3e696f7bd19f32a,8def92c3aa246ad446d135acb4811903667bb0af854fed48078f07bb5389b0ed,91e89f1f5678e2760777db9d157eff370d3744fc377be9f90711ea1eae6c71bd,False,0.9921875,2.2018313369480893,0.15014046290889382,2.351971799856983,2.3609610790153965,True,True,False,UnitTestFailure,failed:
HumanEval-RandomSpanInfillingLight:44:b4c20f0be1caf41e|alpha_renamed_auxiliary|canvas=128|seed=0,HumanEval-RandomSpanInfillingLight:44:b4c20f0be1caf41e,41,HumanEval/44,medium,alpha_renamed_auxiliary,metamorphic_auxiliary_only,False,128,0,64,ok,False,15,128,2c85a4cb9000b0e500d4042be6bdffaad4ae3c9bff5e75a5c7e2eda72112d63b,7ec24dd0fe0f02fc6b9f25d1c62ee48dbcab3e31fae0e3736a378e39baf72ec6,bbf487a807cc1cf66c6b45f7471b7fac6f021abe99a2327a6d4b7e4509c68326,896a034df582cb900940b3702ca2d8999f255baed3941db573f7b999198ccb21,ea135da2073e133a8eb85ccbbb392d4dfb56fa37ad4c4680689597dbd3990235,691df6c91d0a8771f30bfcaed5d4a15c513d781811f9542d1f1a8329ab33227d,True,0.9921875,2.679250868037343,3.159286835929379,5.838537703966722,5.847734656999819,True,True,False,UnitTestFailure,timed out
HumanEval-RandomSpanInfillingLight:44:b4c20f0be1caf41e|alpha_renamed_auxiliary|canvas=128|seed=1,HumanEval-RandomSpanInfillingLight:44:b4c20f0be1caf41e,41,HumanEval/44,medium,alpha_renamed_auxiliary,metamorphic_auxiliary_only,False,128,1,64,ok,False,15,128,2c85a4cb9000b0e500d4042be6bdffaad4ae3c9bff5e75a5c7e2eda72112d63b,7ec24dd0fe0f02fc6b9f25d1c62ee48dbcab3e31fae0e3736a378e39baf72ec6,bbf487a807cc1cf66c6b45f7471b7fac6f021abe99a2327a6d4b7e4509c68326,896a034df582cb900940b3702ca2d8999f255baed3941db573f7b999198ccb21,ea135da2073e133a8eb85ccbbb392d4dfb56fa37ad4c4680689597dbd3990235,691df6c91d0a8771f30bfcaed5d4a15c513d781811f9542d1f1a8329ab33227d,True,0.9921875,2.6814718670211732,3.1568791429745033,5.838351009995677,5.846114095067605,True,True,False,UnitTestFailure,timed out
HumanEval-RandomSpanInfillingLight:46:5388787de392320f|alpha_renamed_auxiliary|canvas=16|seed=0,HumanEval-RandomSpanInfillingLight:46:5388787de392320f,43,HumanEval/46,long,alpha_renamed_auxiliary,metamorphic_auxiliary_only,False,16,0,64,ok,False,19,16,9afa29542b4cb4a9870227ebe25b016be415dfd0c3c0a573fbcfa971d1b5258f,db84e5da0bebce2cc35c4a70779251694d36e16e63a09d9bc2ea0e886d1ee59a,74467c4ec643be4ab77f970cf5ac74c3d8ba4af63b67e5f53e33cdb2de4a9e3f,a33b88493ae16e77a44fc8248982b78dfb9f14df7409dd49e693fefefc233959,58a8f543319f742d79538a80df1d6422f0ba1bf5136374aac6a9881841ee9762,7bb05d066ef4c0cd991e6986326f7935b91c9db83cf5b96448c8a6ee013e8c22,True,1.0,2.6923465119907632,0.14965812396258116,2.8420046359533444,2.8509578839875758,True,True,False,UnitTestFailure,failed:
HumanEval-RandomSpanInfillingLight:46:5388787de392320f|alpha_renamed_auxiliary|canvas=16|seed=1,HumanEval-RandomSpanInfillingLight:46:5388787de392320f,43,HumanEval/46,long,alpha_renamed_auxiliary,metamorphic_auxiliary_only,False,16,1,64,ok,False,19,16,9afa29542b4cb4a9870227ebe25b016be415dfd0c3c0a573fbcfa971d1b5258f,db84e5da0bebce2cc35c4a70779251694d36e16e63a09d9bc2ea0e886d1ee59a,74467c4ec643be4ab77f970cf5ac74c3d8ba4af63b67e5f53e33cdb2de4a9e3f,a33b88493ae16e77a44fc8248982b78dfb9f14df7409dd49e693fefefc233959,58a8f543319f742d79538a80df1d6422f0ba1bf5136374aac6a9881841ee9762,7bb05d066ef4c0cd991e6986326f7935b91c9db83cf5b96448c8a6ee013e8c22,True,1.0,2.713997840997763,0.14723929401952773,2.8612371350172907,2.869408237049356,True,True,False,UnitTestFailure,failed:
HumanEval-RandomSpanInfillingLight:46:5388787de392320f|alpha_renamed_auxiliary|canvas=32|seed=0,HumanEval-RandomSpanInfillingLight:46:5388787de392320f,43,HumanEval/46,long,alpha_renamed_auxiliary,metamorphic_auxiliary_only,False,32,0,64,ok,False,19,32,190c6cc9a3eff0f0319918667755f31d0561c48ce44e69371341c707410f9173,eab75e340d48d8a43c5d99074c4c1bdb5a0e74e56b41bd8b37e2d7e91bd0eb8d,5bf866df70d4e26b406a441f6c047fdf13ef0fae7a04263b0002082fdb65e810,83159c455ac87053f8e237eb8bfe1e28938b1a1ac0554aede8978b9a3e9c5a2a,cbb3e8d3bf9eec5493b8279510e91ef3fe08eed4ca0eb9af8aa978bcba6c14ad,a5bd1f110db60d9f5e967d1f27040b92d99d462dfb4d0d4651e8c03451b29b4a,True,0.99609375,2.7580128479748964,0.15003332099877298,2.9080461689736694,2.9181370079750195,True,True,False,UnitTestFailure,failed: list index out of range
HumanEval-RandomSpanInfillingLight:46:5388787de392320f|alpha_renamed_auxiliary|canvas=32|seed=1,HumanEval-RandomSpanInfillingLight:46:5388787de392320f,43,HumanEval/46,long,alpha_renamed_auxiliary,metamorphic_auxiliary_only,False,32,1,64,ok,False,19,32,190c6cc9a3eff0f0319918667755f31d0561c48ce44e69371341c707410f9173,eab75e340d48d8a43c5d99074c4c1bdb5a0e74e56b41bd8b37e2d7e91bd0eb8d,5bf866df70d4e26b406a441f6c047fdf13ef0fae7a04263b0002082fdb65e810,83159c455ac87053f8e237eb8bfe1e28938b1a1ac0554aede8978b9a3e9c5a2a,cbb3e8d3bf9eec5493b8279510e91ef3fe08eed4ca0eb9af8aa978bcba6c14ad,a5bd1f110db60d9f5e967d1f27040b92d99d462dfb4d0d4651e8c03451b29b4a,True,0.99609375,2.7541795970173553,0.14874690410215408,2.9029265011195093,2.913038150058128,True,True,False,UnitTestFailure,failed: list index out of range
HumanEval-RandomSpanInfillingLight:46:5388787de392320f|alpha_renamed_auxiliary|canvas=64|seed=0,HumanEval-RandomSpanInfillingLight:46:5388787de392320f,43,HumanEval/46,long,alpha_renamed_auxiliary,metamorphic_auxiliary_only,False,64,0,64,ok,False,19,64,8b6dedf8b528d133436b41dfeac4b544130c3f2b554e094ee74327f2502388e1,ec952fea5801f55ee750dec9ef57389bdf8f231350d57b3212c8daf9636e1607,9c3a905ef4d234824bea259fbaa52c893863043665939b82f6b7c5c5f8dacd12,b53c8454305693d98f90472a8f7a8478e5486343c9ae8a34e9a448b39da4c427,f4bfae1fc5fb7d661b5e79639535449a522a394b2098e0f11f54f6f9cc5216bd,bff90ee8865be583d7987a9805fe3e2e8c8c6f64d40f853b31c68f5d518fe4ff,True,0.9765625,2.836069852928631,0.14620999689213932,2.9822798498207703,2.9930767599726096,True,True,False,UnitTestFailure,failed: list index out of range
HumanEval-RandomSpanInfillingLight:46:5388787de392320f|alpha_renamed_auxiliary|canvas=64|seed=1,HumanEval-RandomSpanInfillingLight:46:5388787de392320f,43,HumanEval/46,long,alpha_renamed_auxiliary,metamorphic_auxiliary_only,False,64,1,64,ok,False,19,64,8b6dedf8b528d133436b41dfeac4b544130c3f2b554e094ee74327f2502388e1,ec952fea5801f55ee750dec9ef57389bdf8f231350d57b3212c8daf9636e1607,9c3a905ef4d234824bea259fbaa52c893863043665939b82f6b7c5c5f8dacd12,b53c8454305693d98f90472a8f7a8478e5486343c9ae8a34e9a448b39da4c427,f4bfae1fc5fb7d661b5e79639535449a522a394b2098e0f11f54f6f9cc5216bd,bff90ee8865be583d7987a9805fe3e2e8c8c6f64d40f853b31c68f5d518fe4ff,True,0.9765625,2.8012199719669297,0.14717650704551488,2.9483964790124446,2.956439009984024,True,True,False,UnitTestFailure,failed: list index out of range
HumanEval-RandomSpanInfillingLight:46:5388787de392320f|alpha_renamed_auxiliary|canvas=128|seed=0,HumanEval-RandomSpanInfillingLight:46:5388787de392320f,43,HumanEval/46,long,alpha_renamed_auxiliary,metamorphic_auxiliary_only,False,128,0,64,ok,False,19,128,628b3d3cdf32f4e39057620c3014be72ff94d0f33fad90fc2776718e9ac64f00,636fbd6b10bd2daecbbf34b96b071aa095651b0f8d6d2aa3618fb7ff25959fef,c94c08606ba492bad768d8c9d1d2289cebd4496a422cb2f67d9fe42c7106b1ad,4a8023f25c66f3b5c481d9ff059770169e77d65a72e928e06b2dcc45e5680bf4,fe1b14db060fea1791508fbc696e2fd12a3d2891819721c613d18089921131e6,53d75aa1761726450fe7c07bebfa4a45eda5b10ee6713f84ca6dcf4a57cd4ed8,True,0.98828125,3.1719187780981883,0.14708178490400314,3.3190005630021915,3.3298257930437103,True,True,False,UnitTestFailure,failed: pop from empty list
HumanEval-RandomSpanInfillingLight:46:5388787de392320f|alpha_renamed_auxiliary|canvas=128|seed=1,HumanEval-RandomSpanInfillingLight:46:5388787de392320f,43,HumanEval/46,long,alpha_renamed_auxiliary,metamorphic_auxiliary_only,False,128,1,64,ok,False,19,128,628b3d3cdf32f4e39057620c3014be72ff94d0f33fad90fc2776718e9ac64f00,636fbd6b10bd2daecbbf34b96b071aa095651b0f8d6d2aa3618fb7ff25959fef,c94c08606ba492bad768d8c9d1d2289cebd4496a422cb2f67d9fe42c7106b1ad,4a8023f25c66f3b5c481d9ff059770169e77d65a72e928e06b2dcc45e5680bf4,fe1b14db060fea1791508fbc696e2fd12a3d2891819721c613d18089921131e6,53d75aa1761726450fe7c07bebfa4a45eda5b10ee6713f84ca6dcf4a57cd4ed8,True,0.98828125,3.163768131053075,0.14722245908342302,3.310990590136498,3.3211164500098675,True,True,False,UnitTestFailure,failed: pop from empty list
HumanEval-RandomSpanInfillingLight:48:1e1a0010a66302b5|alpha_renamed_auxiliary|canvas=16|seed=0,HumanEval-RandomSpanInfillingLight:48:1e1a0010a66302b5,45,HumanEval/48,long,alpha_renamed_auxiliary,metamorphic_auxiliary_only,False,16,0,64,ok,False,19,16,949837956383ec878c926e59b0bc56d09087fc2f02d3137e9f8ca14051cb6f06,3e8477ab4f8e9f985593cc5b52b947054eb9bc30a4460e749a6c9780d86071ba,7e9a1edf04ec3056c03ebb4f91a93d37ef6c6e40571885b7f957d504bfe6232a,01e41f4f5b972494995a9903c6430512efb5350f70b3699ed490618e83da302b,3e8477ab4f8e9f985593cc5b52b947054eb9bc30a4460e749a6c9780d86071ba,fb30b449764c0c533afa5ef5e30901cf025034136837f8a7a41ab96e092176af,True,0.99609375,1.7004347740439698,0.1505150911398232,1.850949865183793,1.85738413000945,True,True,False,UnitTestFailure,failed:
HumanEval-RandomSpanInfillingLight:48:1e1a0010a66302b5|alpha_renamed_auxiliary|canvas=16|seed=1,HumanEval-RandomSpanInfillingLight:48:1e1a0010a66302b5,45,HumanEval/48,long,alpha_renamed_auxiliary,metamorphic_auxiliary_only,False,16,1,64,ok,False,19,16,949837956383ec878c926e59b0bc56d09087fc2f02d3137e9f8ca14051cb6f06,3e8477ab4f8e9f985593cc5b52b947054eb9bc30a4460e749a6c9780d86071ba,7e9a1edf04ec3056c03ebb4f91a93d37ef6c6e40571885b7f957d504bfe6232a,01e41f4f5b972494995a9903c6430512efb5350f70b3699ed490618e83da302b,3e8477ab4f8e9f985593cc5b52b947054eb9bc30a4460e749a6c9780d86071ba,fb30b449764c0c533afa5ef5e30901cf025034136837f8a7a41ab96e092176af,True,0.99609375,1.7399141970090568,0.1519079520367086,1.8918221490457654,1.9010744930710644,True,True,False,UnitTestFailure,failed:
HumanEval-RandomSpanInfillingLight:48:1e1a0010a66302b5|alpha_renamed_auxiliary|canvas=32|seed=0,HumanEval-RandomSpanInfillingLight:48:1e1a0010a66302b5,45,HumanEval/48,long,alpha_renamed_auxiliary,metamorphic_auxiliary_only,False,32,0,64,ok,True,19,32,76951e49e1d48c00286af03452fe5e9d5d4a95c7451d3c0d96f035453f80fcff,4c5667149d712d774bcb9f3707d7963b3c4b88f9be6f898ee95daaa30170884b,61434ce5bf4c6bb704e64d72f54a1f9ed9e73533d032df42cc88d8e4d9df2fb1,f0533fe2c1e3d9849a3bd608e3e0e4c66a56c56cb7bbc092c5040732b968cc15,4160439584d7aa02a1d11e175f1796c6ff85d8022b341eb9e2f4b6d0865d2086,5a5fae7a7f8140c25d454831b165091e2a62407da2abb1d3e78a7d8d6ea88adc,True,0.99609375,1.9772563620936126,0.140595456934534,2.1178518190281466,2.1298596400301903,True,True,True,,
HumanEval-RandomSpanInfillingLight:48:1e1a0010a66302b5|alpha_renamed_auxiliary|canvas=32|seed=1,HumanEval-RandomSpanInfillingLight:48:1e1a0010a66302b5,45,HumanEval/48,long,alpha_renamed_auxiliary,metamorphic_auxiliary_only,False,32,1,64,ok,True,19,32,76951e49e1d48c00286af03452fe5e9d5d4a95c7451d3c0d96f035453f80fcff,4c5667149d712d774bcb9f3707d7963b3c4b88f9be6f898ee95daaa30170884b,61434ce5bf4c6bb704e64d72f54a1f9ed9e73533d032df42cc88d8e4d9df2fb1,f0533fe2c1e3d9849a3bd608e3e0e4c66a56c56cb7bbc092c5040732b968cc15,4160439584d7aa02a1d11e175f1796c6ff85d8022b341eb9e2f4b6d0865d2086,5a5fae7a7f8140c25d454831b165091e2a62407da2abb1d3e78a7d8d6ea88adc,True,0.99609375,1.9614542650524527,0.14997011388186365,2.1114243789343163,2.1197268089745194,True,True,True,,
HumanEval-RandomSpanInfillingLight:48:1e1a0010a66302b5|alpha_renamed_auxiliary|canvas=64|seed=0,HumanEval-RandomSpanInfillingLight:48:1e1a0010a66302b5,45,HumanEval/48,long,alpha_renamed_auxiliary,metamorphic_auxiliary_only,False,64,0,64,ok,True,19,64,d4e397430b433541a68d7b9b7e7c9aa72da481b2cc70cf71eda083cb0f570875,82714c8185b19fcaa8f6dc07ec5442ed6af8d54089fe45993387383cde78ddeb,3387be4df2025b25521b3792a2a6d480bd08b639209883777e97c3bbffb964a5,aa3bfadc52c29bd22764cfe4058f10d430ffe991edce4a6ce6d6eeb2e4d570a3,3efccb91e7ad1c56cf9c2f4d3208ea99f11f92cc58bbc3354cbcd337ee27b6c6,56499ef68cc9552a573c911f80896a6a24506dca1daa50fc7885717130d03ec1,True,0.9921875,1.9880595150170848,0.14483525906689465,2.1328947740839794,2.141403746092692,True,True,True,,
HumanEval-RandomSpanInfillingLight:48:1e1a0010a66302b5|alpha_renamed_auxiliary|canvas=64|seed=1,HumanEval-RandomSpanInfillingLight:48:1e1a0010a66302b5,45,HumanEval/48,long,alpha_renamed_auxiliary,metamorphic_auxiliary_only,False,64,1,64,ok,True,19,64,d4e397430b433541a68d7b9b7e7c9aa72da481b2cc70cf71eda083cb0f570875,82714c8185b19fcaa8f6dc07ec5442ed6af8d54089fe45993387383cde78ddeb,3387be4df2025b25521b3792a2a6d480bd08b639209883777e97c3bbffb964a5,aa3bfadc52c29bd22764cfe4058f10d430ffe991edce4a6ce6d6eeb2e4d570a3,3efccb91e7ad1c56cf9c2f4d3208ea99f11f92cc58bbc3354cbcd337ee27b6c6,56499ef68cc9552a573c911f80896a6a24506dca1daa50fc7885717130d03ec1,True,0.9921875,1.9779690689174458,0.1459062659414485,2.1238753348588943,2.131892182980664,True,True,True,,
HumanEval-RandomSpanInfillingLight:48:1e1a0010a66302b5|alpha_renamed_auxiliary|canvas=128|seed=0,HumanEval-RandomSpanInfillingLight:48:1e1a0010a66302b5,45,HumanEval/48,long,alpha_renamed_auxiliary,metamorphic_auxiliary_only,False,128,0,64,ok,False,19,127,59163e54ac1078b9678073cc528a5e1493142322035a59dc75ec454d80961c74,5ae55b12cefb08bf6a69105080e73fef6e002a35762dd87cc7d2e6da0e4fd639,84bb13efce0d56667b3f6fe7ea49c72ab74cdd9b482afb53b392cc4a5a197546,67042a83fc8d99b1140197036d8f6ecdedb9e5e765813ac8193049d95e6e98e3,c2ffbf4aa06849835c2fc505f912989412327ea230c2bac65fc048b053f4e599,fbf01d65fb645902df0bd32fbc696ba8967a12b01ba03f1e21e5436144e498ea,False,0.96875,2.1992932020220906,0.1283028650796041,2.3275960671016946,2.335382226970978,True,True,False,UnitTestFailure,failed: name 'len5_local_0' is not defined
HumanEval-RandomSpanInfillingLight:48:1e1a0010a66302b5|alpha_renamed_auxiliary|canvas=128|seed=1,HumanEval-RandomSpanInfillingLight:48:1e1a0010a66302b5,45,HumanEval/48,long,alpha_renamed_auxiliary,metamorphic_auxiliary_only,False,128,1,64,ok,False,19,127,59163e54ac1078b9678073cc528a5e1493142322035a59dc75ec454d80961c74,5ae55b12cefb08bf6a69105080e73fef6e002a35762dd87cc7d2e6da0e4fd639,84bb13efce0d56667b3f6fe7ea49c72ab74cdd9b482afb53b392cc4a5a197546,67042a83fc8d99b1140197036d8f6ecdedb9e5e765813ac8193049d95e6e98e3,c2ffbf4aa06849835c2fc505f912989412327ea230c2bac65fc048b053f4e599,fbf01d65fb645902df0bd32fbc696ba8967a12b01ba03f1e21e5436144e498ea,False,0.96875,2.214735700050369,0.11072712205350399,2.325462822103873,2.3328103920212016,True,True,False,UnitTestFailure,failed: name 'len5_local_0' is not defined
HumanEval-RandomSpanInfillingLight:49:7b8a0fc03742bd87|alpha_renamed_auxiliary|canvas=16|seed=0,HumanEval-RandomSpanInfillingLight:49:7b8a0fc03742bd87,46,HumanEval/49,short,alpha_renamed_auxiliary,metamorphic_auxiliary_only,False,16,0,64,ok,False,7,16,7ebb60f0fe9c835bac45e661de7fe67728476beab71915fce22361e620c80060,87b62e6f2398b0a14d9b2e9725c0eee141fd90cc9a792b0ed972a5cd1326075a,af909e97c90c3179348eca84ba9d841d6a63a445c284b733eaeed94f6fd53f05,4ce73443b6615418a6c5f0c6243058b7328e997139661a4001844a045d08ebff,696fd2894c4b424f8008f52940f1b5ce449dfacd7d585f0e35584d6a2fdbf593,099808e7fb4bcb9506ee6d58f00f77d6750728f7315f7308e1079f78ad4d415d,True,0.95703125,1.9702206270303577,0.14914347510784864,2.1193641021382064,2.124767509056255,True,True,False,UnitTestFailure,failed:
HumanEval-RandomSpanInfillingLight:49:7b8a0fc03742bd87|alpha_renamed_auxiliary|canvas=16|seed=1,HumanEval-RandomSpanInfillingLight:49:7b8a0fc03742bd87,46,HumanEval/49,short,alpha_renamed_auxiliary,metamorphic_auxiliary_only,False,16,1,64,ok,False,7,16,7ebb60f0fe9c835bac45e661de7fe67728476beab71915fce22361e620c80060,87b62e6f2398b0a14d9b2e9725c0eee141fd90cc9a792b0ed972a5cd1326075a,af909e97c90c3179348eca84ba9d841d6a63a445c284b733eaeed94f6fd53f05,4ce73443b6615418a6c5f0c6243058b7328e997139661a4001844a045d08ebff,696fd2894c4b424f8008f52940f1b5ce449dfacd7d585f0e35584d6a2fdbf593,099808e7fb4bcb9506ee6d58f00f77d6750728f7315f7308e1079f78ad4d415d,True,0.95703125,1.97438696003519,0.13596758898347616,2.110354549018666,2.118065432063304,True,True,False,UnitTestFailure,failed:
HumanEval-RandomSpanInfillingLight:49:7b8a0fc03742bd87|alpha_renamed_auxiliary|canvas=32|seed=0,HumanEval-RandomSpanInfillingLight:49:7b8a0fc03742bd87,46,HumanEval/49,short,alpha_renamed_auxiliary,metamorphic_auxiliary_only,False,32,0,64,ok,True,7,32,8752842fd273dfc74c7c321d2d0da1295e41a120c9e77502cddc982448248664,fdbee454e6bd4b34cd434c986b15215ba70cd9a67a5a33f5665b44e5efc2ea58,0343e1bd38f53c4d10148f3229bb52ddafcf5d11292e306b3abdf21146bb4a7a,be960d0d9518290be4d80ab9bd8a34caf17e094932b6677b1695827c6b431da5,8d4003e9988e09a705ed0756a3da17bfb785dfbc5264f4960d562889aa9f3c28,4c5d37678fe365244a2c4ade5010f4f67f01100f619d66bc5385ee9f1aebf9ca,True,0.98046875,1.9839389349799603,0.13940853998064995,2.1233474749606103,2.131699144956656,True,True,True,,
HumanEval-RandomSpanInfillingLight:49:7b8a0fc03742bd87|alpha_renamed_auxiliary|canvas=32|seed=1,HumanEval-RandomSpanInfillingLight:49:7b8a0fc03742bd87,46,HumanEval/49,short,alpha_renamed_auxiliary,metamorphic_auxiliary_only,False,32,1,64,ok,True,7,32,8752842fd273dfc74c7c321d2d0da1295e41a120c9e77502cddc982448248664,fdbee454e6bd4b34cd434c986b15215ba70cd9a67a5a33f5665b44e5efc2ea58,0343e1bd38f53c4d10148f3229bb52ddafcf5d11292e306b3abdf21146bb4a7a,be960d0d9518290be4d80ab9bd8a34caf17e094932b6677b1695827c6b431da5,8d4003e9988e09a705ed0756a3da17bfb785dfbc5264f4960d562889aa9f3c28,4c5d37678fe365244a2c4ade5010f4f67f01100f619d66bc5385ee9f1aebf9ca,True,0.98046875,1.9866544940741733,0.12802730489056557,2.114681798964739,2.1250474790576845,True,True,True,,
HumanEval-RandomSpanInfillingLight:49:7b8a0fc03742bd87|alpha_renamed_auxiliary|canvas=64|seed=0,HumanEval-RandomSpanInfillingLight:49:7b8a0fc03742bd87,46,HumanEval/49,short,alpha_renamed_auxiliary,metamorphic_auxiliary_only,False,64,0,64,ok,True,7,64,83576af4ee5831461c3d3aace6e197bd9fc9ac9770a1712f5e96297b2acb4720,0ab2b86a58e5cc25f0f830c47da31409451f7b7ba99452cf9c1cd549b8bd1390,955742ecdb522c6750c35f50417b37dc1c8d9b9995b9ee810fe2885fd6fa32f3,cb689614df1f1c08b8ab8661fdc6740521575fbbfa09990144313490f91e3341,641e346049b984bc2812ef072111c41363e7ab144a4dfdfb36b811ff78bc2b79,50dc5d8e59ff1a3ad4529745025b954739e63094da72f8753192ebce9abfcfb6,True,0.9921875,2.199312628014013,0.14719930104911327,2.3465119290631264,2.3571158179547638,True,True,True,,
HumanEval-RandomSpanInfillingLight:49:7b8a0fc03742bd87|alpha_renamed_auxiliary|canvas=64|seed=1,HumanEval-RandomSpanInfillingLight:49:7b8a0fc03742bd87,46,HumanEval/49,short,alpha_renamed_auxiliary,metamorphic_auxiliary_only,False,64,1,64,ok,True,7,64,83576af4ee5831461c3d3aace6e197bd9fc9ac9770a1712f5e96297b2acb4720,0ab2b86a58e5cc25f0f830c47da31409451f7b7ba99452cf9c1cd549b8bd1390,955742ecdb522c6750c35f50417b37dc1c8d9b9995b9ee810fe2885fd6fa32f3,cb689614df1f1c08b8ab8661fdc6740521575fbbfa09990144313490f91e3341,641e346049b984bc2812ef072111c41363e7ab144a4dfdfb36b811ff78bc2b79,50dc5d8e59ff1a3ad4529745025b954739e63094da72f8753192ebce9abfcfb6,True,0.9921875,2.181774538010359,0.1320665858220309,2.3138411238323897,2.3212247740011662,True,True,True,,
HumanEval-RandomSpanInfillingLight:49:7b8a0fc03742bd87|alpha_renamed_auxiliary|canvas=128|seed=0,HumanEval-RandomSpanInfillingLight:49:7b8a0fc03742bd87,46,HumanEval/49,short,alpha_renamed_auxiliary,metamorphic_auxiliary_only,False,128,0,64,ok,True,7,128,66f3ecdef5bd1dce12706fefd2979c77d486c5b7ca9955ca93b423e8a9250c84,b7851c62f1fadd25e5692fe1b2c5aaa27eb32253fa6dec5db98190e24a0e4488,215a05358872c2b8867e6dfd5c5b611c1d29a7e3b4f40ca826f82fd5163f86c9,b9668aaaaf293cc82b5d9e257253edfa47f6da415ce5965663b0507fc6c33fe4,bc433f732cdd71da0247c9c2981c36083dc435d464d3817858f1ed87023b7638,755d9412e55a7ec74ae5bd741064db5c9c576499d774d404956b6a6cd5bdf656,True,0.984375,2.7643006939906627,0.13218909094575793,2.8964897849364206,2.9047238680068403,True,True,True,,
HumanEval-RandomSpanInfillingLight:49:7b8a0fc03742bd87|alpha_renamed_auxiliary|canvas=128|seed=1,HumanEval-RandomSpanInfillingLight:49:7b8a0fc03742bd87,46,HumanEval/49,short,alpha_renamed_auxiliary,metamorphic_auxiliary_only,False,128,1,64,ok,True,7,128,66f3ecdef5bd1dce12706fefd2979c77d486c5b7ca9955ca93b423e8a9250c84,b7851c62f1fadd25e5692fe1b2c5aaa27eb32253fa6dec5db98190e24a0e4488,215a05358872c2b8867e6dfd5c5b611c1d29a7e3b4f40ca826f82fd5163f86c9,b9668aaaaf293cc82b5d9e257253edfa47f6da415ce5965663b0507fc6c33fe4,bc433f732cdd71da0247c9c2981c36083dc435d464d3817858f1ed87023b7638,755d9412e55a7ec74ae5bd741064db5c9c576499d774d404956b6a6cd5bdf656,True,0.984375,2.7715224920539185,0.14128167286980897,2.9128041649237275,2.9208665060577914,True,True,True,,
HumanEval-RandomSpanInfillingLight:51:b0fa3d203d20cabf|alpha_renamed_auxiliary|canvas=16|seed=0,HumanEval-RandomSpanInfillingLight:51:b0fa3d203d20cabf,47,HumanEval/51,short,alpha_renamed_auxiliary,metamorphic_auxiliary_only,False,16,0,64,ok,False,2,16,9fd7bcb1dbbabeef911bc160f6fdd0706dc220807dbcbfbfe8fdd25c09dc1b13,6647ac76c90640ec157b220a36ebdf3f7b0cd9a66bab790c552c7d07a796fb7e,f87c3ffea6adaab7bf4c57367f7e0d36b5eeef2a3cbe916326bac8241f77e0ef,57803b928c999856b300d0361142df9c7f16e25add95d3bdac9576f3a0062df6,8f381925c327b6b10ffd52f47cf6482308801253e92562273ab67f55bb815e6a,8e0fe704ea84df3bdd8f60c8585ca2ef74d179ba584a9eecb13ecc1289553eaf,True,0.99609375,2.146617201040499,0.11363532312680036,2.2602525241672993,2.2663426739163697,True,True,False,UnitTestFailure,failed:
HumanEval-RandomSpanInfillingLight:51:b0fa3d203d20cabf|alpha_renamed_auxiliary|canvas=16|seed=1,HumanEval-RandomSpanInfillingLight:51:b0fa3d203d20cabf,47,HumanEval/51,short,alpha_renamed_auxiliary,metamorphic_auxiliary_only,False,16,1,64,ok,False,2,16,9fd7bcb1dbbabeef911bc160f6fdd0706dc220807dbcbfbfe8fdd25c09dc1b13,6647ac76c90640ec157b220a36ebdf3f7b0cd9a66bab790c552c7d07a796fb7e,f87c3ffea6adaab7bf4c57367f7e0d36b5eeef2a3cbe916326bac8241f77e0ef,57803b928c999856b300d0361142df9c7f16e25add95d3bdac9576f3a0062df6,8f381925c327b6b10ffd52f47cf6482308801253e92562273ab67f55bb815e6a,8e0fe704ea84df3bdd8f60c8585ca2ef74d179ba584a9eecb13ecc1289553eaf,True,0.99609375,2.156106972019188,0.13649761502165347,2.2926045870408416,2.299698557006195,True,True,False,UnitTestFailure,failed:
HumanEval-RandomSpanInfillingLight:51:b0fa3d203d20cabf|alpha_renamed_auxiliary|canvas=32|seed=0,HumanEval-RandomSpanInfillingLight:51:b0fa3d203d20cabf,47,HumanEval/51,short,alpha_renamed_auxiliary,metamorphic_auxiliary_only,False,32,0,64,ok,False,2,32,3da906d6168367b9ace4084942ac235e541c2aef4aeb2428fcb7ae5fefbd2095,4afe0c0d56bcfd377e9cac77387d6c7aa5e2cd67d609cddc32fa2f1a9ae261e4,7da66e46f82b9a06b0e7b8953d60a9abf03c795d7746ac0276c9610ffd00b152,bdfe2e7bbda13c265ff5de04e884f75f3610ffc5b43976c749a4fd45415c91fe,72f8fdcf2ee84267faff0c80d8ed440fabf821df7547e5b24e29e3ebcb3b8434,11b7ea894c165715d3d90a782de8d8f954078eae20d93f791cf7881a7780e9fd,True,0.984375,2.1641968020703644,0.12022651603911072,2.284423318109475,2.2919952860102057,True,True,False,UnitTestFailure,failed:
HumanEval-RandomSpanInfillingLight:51:b0fa3d203d20cabf|alpha_renamed_auxiliary|canvas=32|seed=1,HumanEval-RandomSpanInfillingLight:51:b0fa3d203d20cabf,47,HumanEval/51,short,alpha_renamed_auxiliary,metamorphic_auxiliary_only,False,32,1,64,ok,False,2,32,3da906d6168367b9ace4084942ac235e541c2aef4aeb2428fcb7ae5fefbd2095,4afe0c0d56bcfd377e9cac77387d6c7aa5e2cd67d609cddc32fa2f1a9ae261e4,7da66e46f82b9a06b0e7b8953d60a9abf03c795d7746ac0276c9610ffd00b152,bdfe2e7bbda13c265ff5de04e884f75f3610ffc5b43976c749a4fd45415c91fe,72f8fdcf2ee84267faff0c80d8ed440fabf821df7547e5b24e29e3ebcb3b8434,11b7ea894c165715d3d90a782de8d8f954078eae20d93f791cf7881a7780e9fd,True,0.984375,2.1533236609539017,0.11411534703802317,2.267439007991925,2.2769135389244184,True,True,False,UnitTestFailure,failed:
HumanEval-RandomSpanInfillingLight:51:b0fa3d203d20cabf|alpha_renamed_auxiliary|canvas=64|seed=0,HumanEval-RandomSpanInfillingLight:51:b0fa3d203d20cabf,47,HumanEval/51,short,alpha_renamed_auxiliary,metamorphic_auxiliary_only,False,64,0,64,ok,False,2,64,12a0489eb5624567b3e0f2e2b62d3268beb8e882e430694d3f65d58f3f3b9bc4,61a8f17ba03e1abd7e56a12c496a99ad43e436539eb03a2c9d1f9bbcfa0e75a0,0ec24d567892fbd7bb9ef42bd7166f465b1e8f3c68f849f21034a6e1317f32a0,f5f9016661dacae9bf015f035c8c5d41dc9290723be3f903fb325b8e4d78aab2,f18575ae9b4022b2093154a3b299319ae1a423e2b856279e303e2c8c4c2266ec,e52a6885d5124f47304ffa595e3f7cb5d693ab8c741e8eff93c1876768dad2cc,True,0.984375,2.1885799939045683,0.14638787903822958,2.334967872942798,2.344126987969503,True,True,False,UnitTestFailure,failed:
HumanEval-RandomSpanInfillingLight:51:b0fa3d203d20cabf|alpha_renamed_auxiliary|canvas=64|seed=1,HumanEval-RandomSpanInfillingLight:51:b0fa3d203d20cabf,47,HumanEval/51,short,alpha_renamed_auxiliary,metamorphic_auxiliary_only,False,64,1,64,ok,False,2,64,12a0489eb5624567b3e0f2e2b62d3268beb8e882e430694d3f65d58f3f3b9bc4,61a8f17ba03e1abd7e56a12c496a99ad43e436539eb03a2c9d1f9bbcfa0e75a0,0ec24d567892fbd7bb9ef42bd7166f465b1e8f3c68f849f21034a6e1317f32a0,f5f9016661dacae9bf015f035c8c5d41dc9290723be3f903fb325b8e4d78aab2,f18575ae9b4022b2093154a3b299319ae1a423e2b856279e303e2c8c4c2266ec,e52a6885d5124f47304ffa595e3f7cb5d693ab8c741e8eff93c1876768dad2cc,True,0.984375,2.18114716198761,0.10514874802902341,2.2862959100166336,2.294187631108798,True,True,False,UnitTestFailure,failed:
HumanEval-RandomSpanInfillingLight:51:b0fa3d203d20cabf|alpha_renamed_auxiliary|canvas=128|seed=0,HumanEval-RandomSpanInfillingLight:51:b0fa3d203d20cabf,47,HumanEval/51,short,alpha_renamed_auxiliary,metamorphic_auxiliary_only,False,128,0,64,ok,False,2,126,cc750ae96c2aa900af68c9bbd5c6ebdc1f232159a2a7c2df79115110cce59ac8,33ef61fe280fb2a858e267cda43c334567b0efa2ac31e42081efdcef2ba891e9,2d7420bbad4d48b44ed2150cf709eb229c34d373aa84cc4d2fa214ea4db03aa6,8a4cf0edcc7ed23cab0a883d0dbc2a9674d6ce951ecd622c6b752b1f60d44422,60a4efd2cab538c5227972af565d2d9e9cfd3a43eb0ee87a6b5aa3bf78345be6,47082bb2302b875788575f4c2cd3363e76780f9ce60b964ea45586f628599977,True,0.97265625,2.8166456279577687,0.1309195680078119,2.9475651959655806,2.9560977650107816,True,True,False,UnitTestFailure,failed:
HumanEval-RandomSpanInfillingLight:51:b0fa3d203d20cabf|alpha_renamed_auxiliary|canvas=128|seed=1,HumanEval-RandomSpanInfillingLight:51:b0fa3d203d20cabf,47,HumanEval/51,short,alpha_renamed_auxiliary,metamorphic_auxiliary_only,False,128,1,64,ok,False,2,126,cc750ae96c2aa900af68c9bbd5c6ebdc1f232159a2a7c2df79115110cce59ac8,33ef61fe280fb2a858e267cda43c334567b0efa2ac31e42081efdcef2ba891e9,2d7420bbad4d48b44ed2150cf709eb229c34d373aa84cc4d2fa214ea4db03aa6,8a4cf0edcc7ed23cab0a883d0dbc2a9674d6ce951ecd622c6b752b1f60d44422,60a4efd2cab538c5227972af565d2d9e9cfd3a43eb0ee87a6b5aa3bf78345be6,47082bb2302b875788575f4c2cd3363e76780f9ce60b964ea45586f628599977,True,0.97265625,2.7842431688914075,0.1311735090566799,2.9154166779480875,2.9236796660115942,True,True,False,UnitTestFailure,failed:
HumanEval-RandomSpanInfillingLight:52:f39aee273f61c7a4|alpha_renamed_auxiliary|canvas=16|seed=0,HumanEval-RandomSpanInfillingLight:52:f39aee273f61c7a4,48,HumanEval/52,medium,alpha_renamed_auxiliary,metamorphic_auxiliary_only,False,16,0,64,ok,False,9,16,4fae47709740404d6de15a7b3c52c6c4bc41e868f0b31325d741fe36358e3a55,efea01da3ef003aad0eaa4d214ad893f5843e7575a7720f94b92fa47e531e426,95f52613a9ad1525f3261a2df00619da224ed5e9dbf5d16c543063a6e463084a,0d69f11615c3db9a6d28fbb458ef82e0374c31c684ac4d43963f7444b8a105cb,efea01da3ef003aad0eaa4d214ad893f5843e7575a7720f94b92fa47e531e426,3ab80ff3460c41834a51df49432c51c06d5a844115b79a3938eee3491e68c5ce,True,0.99609375,1.7200600990327075,0.13779484410770237,1.8578549431404099,1.8636967020574957,True,True,False,UnitTestFailure,failed: local variable 'i' referenced before assignment
HumanEval-RandomSpanInfillingLight:52:f39aee273f61c7a4|alpha_renamed_auxiliary|canvas=16|seed=1,HumanEval-RandomSpanInfillingLight:52:f39aee273f61c7a4,48,HumanEval/52,medium,alpha_renamed_auxiliary,metamorphic_auxiliary_only,False,16,1,64,ok,False,9,16,4fae47709740404d6de15a7b3c52c6c4bc41e868f0b31325d741fe36358e3a55,efea01da3ef003aad0eaa4d214ad893f5843e7575a7720f94b92fa47e531e426,95f52613a9ad1525f3261a2df00619da224ed5e9dbf5d16c543063a6e463084a,0d69f11615c3db9a6d28fbb458ef82e0374c31c684ac4d43963f7444b8a105cb,efea01da3ef003aad0eaa4d214ad893f5843e7575a7720f94b92fa47e531e426,3ab80ff3460c41834a51df49432c51c06d5a844115b79a3938eee3491e68c5ce,True,0.99609375,1.7154694079654291,0.13367770903278142,1.8491471169982105,1.8555528540164232,True,True,False,UnitTestFailure,failed: local variable 'i' referenced before assignment
HumanEval-RandomSpanInfillingLight:52:f39aee273f61c7a4|alpha_renamed_auxiliary|canvas=32|seed=0,HumanEval-RandomSpanInfillingLight:52:f39aee273f61c7a4,48,HumanEval/52,medium,alpha_renamed_auxiliary,metamorphic_auxiliary_only,False,32,0,64,ok,True,9,32,61cc36db52fc88dc1b30266a624d95fcdff711f0dd5c8164c90bdac481cbf637,9ee9475db4f4e30389cbb1a41acbdd0d23e55f6e59a5cad16e26c7dd3702b91d,648912a8f45894a997d64ed19605429b7cc5d333e85b68b63c8d702bf87dedda,fabc70429006186d529a7f3d88dafa500ad8d2159fc148709e66aa1d3b7f2dc6,55dde071a97a47c6b39dc336ee5d650f68ead81f1d38409abfb32b2a88069b70,c9d126c8d77ee6fb163d4a79a9a133fe1e99a9df590588bfe34790fff5af16f9,True,0.99609375,1.9278328400105238,0.14005590800661594,2.0678887480171397,2.0788678290555254,True,True,True,,
HumanEval-RandomSpanInfillingLight:52:f39aee273f61c7a4|alpha_renamed_auxiliary|canvas=32|seed=1,HumanEval-RandomSpanInfillingLight:52:f39aee273f61c7a4,48,HumanEval/52,medium,alpha_renamed_auxiliary,metamorphic_auxiliary_only,False,32,1,64,ok,True,9,32,61cc36db52fc88dc1b30266a624d95fcdff711f0dd5c8164c90bdac481cbf637,9ee9475db4f4e30389cbb1a41acbdd0d23e55f6e59a5cad16e26c7dd3702b91d,648912a8f45894a997d64ed19605429b7cc5d333e85b68b63c8d702bf87dedda,fabc70429006186d529a7f3d88dafa500ad8d2159fc148709e66aa1d3b7f2dc6,55dde071a97a47c6b39dc336ee5d650f68ead81f1d38409abfb32b2a88069b70,c9d126c8d77ee6fb163d4a79a9a133fe1e99a9df590588bfe34790fff5af16f9,True,0.99609375,1.9138231698889285,0.1350950071355328,2.0489181770244613,2.0577611960470676,True,True,True,,
HumanEval-RandomSpanInfillingLight:52:f39aee273f61c7a4|alpha_renamed_auxiliary|canvas=64|seed=0,HumanEval-RandomSpanInfillingLight:52:f39aee273f61c7a4,48,HumanEval/52,medium,alpha_renamed_auxiliary,metamorphic_auxiliary_only,False,64,0,64,ok,False,9,64,49aab8b6c819df115897d195ef9a8b337d4b434ff05b6a224b0771ae7926d87d,9ff253c58cbe65948712e9a1c7d8e6c86efc096fdba2631d91aa6c7ddd349567,4603a83999b26acc88a896a548ddbca35f22a039ec316d69ae8ae076292a3844,baa6e81ec7ee8a5f84f797d6b0ce50ebc3bdeed6609dd09c420964f53a996935,06e019bd07fafa5681dff528db0c5a5259381f7b1407353fae07821de4b94dca,bed5865d28e232a6a4a3bcae457df93c66ce479fbc0fb44948677ffd6e59cdd4,True,0.98828125,1.996963204932399,0.1541713239857927,2.151134528918192,2.1605922259623185,True,True,False,UnitTestFailure,failed:
HumanEval-RandomSpanInfillingLight:52:f39aee273f61c7a4|alpha_renamed_auxiliary|canvas=64|seed=1,HumanEval-RandomSpanInfillingLight:52:f39aee273f61c7a4,48,HumanEval/52,medium,alpha_renamed_auxiliary,metamorphic_auxiliary_only,False,64,1,64,ok,False,9,64,49aab8b6c819df115897d195ef9a8b337d4b434ff05b6a224b0771ae7926d87d,9ff253c58cbe65948712e9a1c7d8e6c86efc096fdba2631d91aa6c7ddd349567,4603a83999b26acc88a896a548ddbca35f22a039ec316d69ae8ae076292a3844,baa6e81ec7ee8a5f84f797d6b0ce50ebc3bdeed6609dd09c420964f53a996935,06e019bd07fafa5681dff528db0c5a5259381f7b1407353fae07821de4b94dca,bed5865d28e232a6a4a3bcae457df93c66ce479fbc0fb44948677ffd6e59cdd4,True,0.98828125,1.9951552300481126,0.12388722412288189,2.1190424541709945,2.1278820279985666,True,True,False,UnitTestFailure,failed:
HumanEval-RandomSpanInfillingLight:52:f39aee273f61c7a4|alpha_renamed_auxiliary|canvas=128|seed=0,HumanEval-RandomSpanInfillingLight:52:f39aee273f61c7a4,48,HumanEval/52,medium,alpha_renamed_auxiliary,metamorphic_auxiliary_only,False,128,0,64,ok,True,9,128,904f9bd04e449ee86b9d9e14e802e7e9de9489280c8eb7fd0d9c4af417abb641,e807c79c15f88c79bad33db8beb447fe3b81f0de76c3ecfa459a40ce00eb70fc,fb628e395d94a5e13adce5e3113ec93c9c9c72cf3f12793219956891eb464477,f42b7dd4d379faee72c103244136dc4605f83d8c4cfd222b01e78e9e97a3cf7b,7174efde1c6ac25249df75a266e113e4fd25c9a07ad2d82402725203ec9ebc1f,c4e7ab5efc39d033413f70ce0c632760762416b90a558af6bd2a6907555faeb7,False,0.9765625,2.172936683986336,0.13058019091840833,2.3035168749047443,2.310892686014995,True,True,True,,
HumanEval-RandomSpanInfillingLight:52:f39aee273f61c7a4|alpha_renamed_auxiliary|canvas=128|seed=1,HumanEval-RandomSpanInfillingLight:52:f39aee273f61c7a4,48,HumanEval/52,medium,alpha_renamed_auxiliary,metamorphic_auxiliary_only,False,128,1,64,ok,True,9,128,904f9bd04e449ee86b9d9e14e802e7e9de9489280c8eb7fd0d9c4af417abb641,e807c79c15f88c79bad33db8beb447fe3b81f0de76c3ecfa459a40ce00eb70fc,fb628e395d94a5e13adce5e3113ec93c9c9c72cf3f12793219956891eb464477,f42b7dd4d379faee72c103244136dc4605f83d8c4cfd222b01e78e9e97a3cf7b,7174efde1c6ac25249df75a266e113e4fd25c9a07ad2d82402725203ec9ebc1f,c4e7ab5efc39d033413f70ce0c632760762416b90a558af6bd2a6907555faeb7,False,0.9765625,2.2197685870341957,0.1317538048606366,2.3515223918948323,2.3584183240309358,True,True,True,,
HumanEval-RandomSpanInfillingLight:56:cc3a974ef3d21045|alpha_renamed_auxiliary|canvas=16|seed=0,HumanEval-RandomSpanInfillingLight:56:cc3a974ef3d21045,52,HumanEval/56,extreme,alpha_renamed_auxiliary,metamorphic_auxiliary_only,False,16,0,64,ok,False,35,16,8b141df8471e87a1148dfdf6544a10f1543782b823f573d2bbe5de7698d7b5c0,d4bf554bb1949e94bad6d7b0cb5a941bf1d8908e0aac8f761bed4f56f8ba542f,eb38954db427864692a71c248edebe1c7212cdab067033f8d93126857e9448c7,97e4227f3c4086156ce640ee085ea8a91736c6ed7084e2f8f7c5132576626e29,2cb9d1dfae746458a385536ef36708f4918690f047745b15902108c3d4afbfd2,aa5a08cce8bf435daf94f2cd22f443dd663dacd34dc0d5bfa41f1a823e24d5d4,True,1.0,1.9282103659352288,0.11817300994880497,2.0463833758840337,2.0528546259738505,True,True,False,UnitTestFailure,failed:
HumanEval-RandomSpanInfillingLight:56:cc3a974ef3d21045|alpha_renamed_auxiliary|canvas=16|seed=1,HumanEval-RandomSpanInfillingLight:56:cc3a974ef3d21045,52,HumanEval/56,extreme,alpha_renamed_auxiliary,metamorphic_auxiliary_only,False,16,1,64,ok,False,35,16,8b141df8471e87a1148dfdf6544a10f1543782b823f573d2bbe5de7698d7b5c0,d4bf554bb1949e94bad6d7b0cb5a941bf1d8908e0aac8f761bed4f56f8ba542f,eb38954db427864692a71c248edebe1c7212cdab067033f8d93126857e9448c7,97e4227f3c4086156ce640ee085ea8a91736c6ed7084e2f8f7c5132576626e29,2cb9d1dfae746458a385536ef36708f4918690f047745b15902108c3d4afbfd2,aa5a08cce8bf435daf94f2cd22f443dd663dacd34dc0d5bfa41f1a823e24d5d4,True,1.0,1.9214140470139682,0.13338161201681942,2.0547956590307876,2.0611719940789044,True,True,False,UnitTestFailure,failed:
HumanEval-RandomSpanInfillingLight:56:cc3a974ef3d21045|alpha_renamed_auxiliary|canvas=32|seed=0,HumanEval-RandomSpanInfillingLight:56:cc3a974ef3d21045,52,HumanEval/56,extreme,alpha_renamed_auxiliary,metamorphic_auxiliary_only,False,32,0,64,ok,False,35,32,8a0cfb0ea1a8c01f5097efbe63aa725c0fb3b8221cefecb0d5168837f086151c,7f7dd32f28046e414eb8e6a5657b24364fb2efcb24e063327a229aab6030409b,,9a161feb1808df4d787766f70f9d244f313590f873c3591d1267950d2efdff82,37a0759f940b904a6e88e57da8cdc6f9ca57615f8e4c9b3377b56d4c599dc6e3,,True,0.9921875,1.959883507923223,0.00011125707533210516,1.9599947649985552,1.9651736170053482,False,False,False,SyntaxError,"expected ':' (<unknown>, line 21)"
HumanEval-RandomSpanInfillingLight:56:cc3a974ef3d21045|alpha_renamed_auxiliary|canvas=32|seed=1,HumanEval-RandomSpanInfillingLight:56:cc3a974ef3d21045,52,HumanEval/56,extreme,alpha_renamed_auxiliary,metamorphic_auxiliary_only,False,32,1,64,ok,False,35,32,8a0cfb0ea1a8c01f5097efbe63aa725c0fb3b8221cefecb0d5168837f086151c,7f7dd32f28046e414eb8e6a5657b24364fb2efcb24e063327a229aab6030409b,,9a161feb1808df4d787766f70f9d244f313590f873c3591d1267950d2efdff82,37a0759f940b904a6e88e57da8cdc6f9ca57615f8e4c9b3377b56d4c599dc6e3,,True,0.9921875,1.9478298949543387,0.00013088493142277002,1.9479607798857614,1.9528052390087396,False,False,False,SyntaxError,"expected ':' (<unknown>, line 21)"
HumanEval-RandomSpanInfillingLight:56:cc3a974ef3d21045|alpha_renamed_auxiliary|canvas=64|seed=0,HumanEval-RandomSpanInfillingLight:56:cc3a974ef3d21045,52,HumanEval/56,extreme,alpha_renamed_auxiliary,metamorphic_auxiliary_only,False,64,0,64,ok,False,35,64,f0209db3ee8412dddc4fcf6dd6c7bc9f93b1d26cb18b223ad255482bc6ae9cb4,6ada3f08a825a5da51bda931f5a48d59c0875b113406cae5af8e352f1fd5ce7f,76ef671f9b63c29421ad3c7e5d617a746d68b67278141483532afe7bff56927b,93ad03946fded6dcb0ed28f3e504861a012fefa8254749ebb4cddec77fb23cac,3bfae13a7259030bb659a8b56a5c5ea260d6fa7b6f0de47551b906266581b84e,263b972af423a6831775be02a98e406230c1e77d3bda90df467b4d13eaf0dfcf,True,0.96875,2.1837747991085052,0.14214942895341665,2.325924228061922,2.3351035530213267,True,True,False,UnitTestFailure,failed:
HumanEval-RandomSpanInfillingLight:56:cc3a974ef3d21045|alpha_renamed_auxiliary|canvas=64|seed=1,HumanEval-RandomSpanInfillingLight:56:cc3a974ef3d21045,52,HumanEval/56,extreme,alpha_renamed_auxiliary,metamorphic_auxiliary_only,False,64,1,64,ok,False,35,64,f0209db3ee8412dddc4fcf6dd6c7bc9f93b1d26cb18b223ad255482bc6ae9cb4,6ada3f08a825a5da51bda931f5a48d59c0875b113406cae5af8e352f1fd5ce7f,76ef671f9b63c29421ad3c7e5d617a746d68b67278141483532afe7bff56927b,93ad03946fded6dcb0ed28f3e504861a012fefa8254749ebb4cddec77fb23cac,3bfae13a7259030bb659a8b56a5c5ea260d6fa7b6f0de47551b906266581b84e,263b972af423a6831775be02a98e406230c1e77d3bda90df467b4d13eaf0dfcf,True,0.96875,2.1898420369252563,0.13831131695769727,2.3281533538829535,2.336842242977582,True,True,False,UnitTestFailure,failed:
HumanEval-RandomSpanInfillingLight:56:cc3a974ef3d21045|alpha_renamed_auxiliary|canvas=128|seed=0,HumanEval-RandomSpanInfillingLight:56:cc3a974ef3d21045,52,HumanEval/56,extreme,alpha_renamed_auxiliary,metamorphic_auxiliary_only,False,128,0,64,ok,True,35,128,d001bf214764a61c4397b87e12cf0b519909a00c8996688b71e95d3206618309,d799332590dd1a257b88765d0b8c0893e1f6e78a6c8868259436660ab6bcc539,ac87450fab906b1d3e1bbc3a048928f28119280851535f47a241873dea5e78b7,dfa85999ad4bd61d9d4b550d2be1b92a9a0d5ae3d10f5c2aeed15d6d8786cf42,00c2dd1703fed2937f99e2e33578f4ecb14f292a1eb06157e99e62ea5fdb8955,ae8bec6decf9b7a75a246acf1fbd91e312a94c7d4affafb622c44154debc18ae,False,0.9921875,2.6790338970022276,0.13758242595940828,2.816616322961636,2.8274290630361065,True,True,True,,
HumanEval-RandomSpanInfillingLight:56:cc3a974ef3d21045|alpha_renamed_auxiliary|canvas=128|seed=1,HumanEval-RandomSpanInfillingLight:56:cc3a974ef3d21045,52,HumanEval/56,extreme,alpha_renamed_auxiliary,metamorphic_auxiliary_only,False,128,1,64,ok,True,35,128,d001bf214764a61c4397b87e12cf0b519909a00c8996688b71e95d3206618309,d799332590dd1a257b88765d0b8c0893e1f6e78a6c8868259436660ab6bcc539,ac87450fab906b1d3e1bbc3a048928f28119280851535f47a241873dea5e78b7,dfa85999ad4bd61d9d4b550d2be1b92a9a0d5ae3d10f5c2aeed15d6d8786cf42,00c2dd1703fed2937f99e2e33578f4ecb14f292a1eb06157e99e62ea5fdb8955,ae8bec6decf9b7a75a246acf1fbd91e312a94c7d4affafb622c44154debc18ae,False,0.9921875,2.681909039034508,0.1382811269722879,2.820190166006796,2.8279261279385537,True,True,True,,
HumanEval-RandomSpanInfillingLight:58:85a615d9ab6b2c91|alpha_renamed_auxiliary|canvas=16|seed=0,HumanEval-RandomSpanInfillingLight:58:85a615d9ab6b2c91,54,HumanEval/58,short,alpha_renamed_auxiliary,metamorphic_auxiliary_only,False,16,0,64,ok,False,3,16,d1289fd9d97ec673047da445cf06eb66de462273e5e56b1231202ad31c08ea84,ee15143b48d4a088ad1d8ca61fba99a0da8549fb8564f7f3cd5a234285bda050,34629386c2af3af87b98036c38e07808cb7aec28023dc79ab2d0a4c9cdd18081,ef461d72d699a2c19dcd1b9e4233d5ecf40130f0593ea0c2e09783fbddbda2a6,74153b151906f8ee7a25eb6a58b49df6d4ae44d1e2fd9dfe0946ebc8ab711d28,8d53f7f91b93545049e7b495cb879dc556aef411337475614f19ff671a8cda87,False,0.984375,2.1752750269370154,0.1280217549065128,2.303296781843528,2.310431004036218,True,True,False,UnitTestFailure,failed: name 'phase5_local_2_sort' is not defined
HumanEval-RandomSpanInfillingLight:58:85a615d9ab6b2c91|alpha_renamed_auxiliary|canvas=16|seed=1,HumanEval-RandomSpanInfillingLight:58:85a615d9ab6b2c91,54,HumanEval/58,short,alpha_renamed_auxiliary,metamorphic_auxiliary_only,False,16,1,64,ok,False,3,16,d1289fd9d97ec673047da445cf06eb66de462273e5e56b1231202ad31c08ea84,ee15143b48d4a088ad1d8ca61fba99a0da8549fb8564f7f3cd5a234285bda050,34629386c2af3af87b98036c38e07808cb7aec28023dc79ab2d0a4c9cdd18081,ef461d72d699a2c19dcd1b9e4233d5ecf40130f0593ea0c2e09783fbddbda2a6,74153b151906f8ee7a25eb6a58b49df6d4ae44d1e2fd9dfe0946ebc8ab711d28,8d53f7f91b93545049e7b495cb879dc556aef411337475614f19ff671a8cda87,False,0.984375,2.1565727569395676,0.14632913412060589,2.3029018910601735,2.3098725100280717,True,True,False,UnitTestFailure,failed: name 'phase5_local_2_sort' is not defined
HumanEval-RandomSpanInfillingLight:58:85a615d9ab6b2c91|alpha_renamed_auxiliary|canvas=32|seed=0,HumanEval-RandomSpanInfillingLight:58:85a615d9ab6b2c91,54,HumanEval/58,short,alpha_renamed_auxiliary,metamorphic_auxiliary_only,False,32,0,64,ok,False,3,32,a81b997d5d1bb61e05de8d687295759815af15d27d8d4b09b1e68ba864c18004,bed6d6ba0554686c684338953c26d1eaeec663972d88904bc1ab096ae05eb943,,e4d149f5095f5ddc558c4d3fab5ce71d6fc8e81e9b113c21acf1bc01133bc1bd,bed6d6ba0554686c684338953c26d1eaeec663972d88904bc1ab096ae05eb943,,False,0.99609375,2.174508856027387,0.00015320698730647564,2.1746620630146936,2.1801127099897712,False,False,False,SyntaxError,"unexpected indent (<unknown>, line 18)"
HumanEval-RandomSpanInfillingLight:58:85a615d9ab6b2c91|alpha_renamed_auxiliary|canvas=32|seed=1,HumanEval-RandomSpanInfillingLight:58:85a615d9ab6b2c91,54,HumanEval/58,short,alpha_renamed_auxiliary,metamorphic_auxiliary_only,False,32,1,64,ok,False,3,32,a81b997d5d1bb61e05de8d687295759815af15d27d8d4b09b1e68ba864c18004,bed6d6ba0554686c684338953c26d1eaeec663972d88904bc1ab096ae05eb943,,e4d149f5095f5ddc558c4d3fab5ce71d6fc8e81e9b113c21acf1bc01133bc1bd,bed6d6ba0554686c684338953c26d1eaeec663972d88904bc1ab096ae05eb943,,False,0.99609375,2.1567629469791427,0.0001742460299283266,2.156937193009071,2.160995078040287,False,False,False,SyntaxError,"unexpected indent (<unknown>, line 18)"
HumanEval-RandomSpanInfillingLight:58:85a615d9ab6b2c91|alpha_renamed_auxiliary|canvas=64|seed=0,HumanEval-RandomSpanInfillingLight:58:85a615d9ab6b2c91,54,HumanEval/58,short,alpha_renamed_auxiliary,metamorphic_auxiliary_only,False,64,0,64,ok,False,3,64,db1ccc676e302fc476b70aad63641a41c8ca6c5ded93ef5eaea839d2d683758c,41f5b8ad581f6317cc3192c21e0612605e478503df40a7ba44d6d72806efd37c,a92e0dc529511c88b03ec1d94883a710fcc75e9a2440fee76e2c1a4880114802,68a11b2351aa49b23ec9bd140f54a268b0ceee7b18d45e58f2daf2690a1735bb,b751c5f3b9df1d585f79d8e03710c69d4cb13077c366faee0d26b9c1dd7f155f,b1c9f340e1dba55bc1db80c604725ba5df6646d351448f7bc8b3ae6b9165c3d9,False,0.984375,2.716908308910206,0.14876279700547457,2.8656711059156805,2.8731429639738053,True,True,False,UnitTestFailure,failed:
HumanEval-RandomSpanInfillingLight:58:85a615d9ab6b2c91|alpha_renamed_auxiliary|canvas=64|seed=1,HumanEval-RandomSpanInfillingLight:58:85a615d9ab6b2c91,54,HumanEval/58,short,alpha_renamed_auxiliary,metamorphic_auxiliary_only,False,64,1,64,ok,False,3,64,db1ccc676e302fc476b70aad63641a41c8ca6c5ded93ef5eaea839d2d683758c,41f5b8ad581f6317cc3192c21e0612605e478503df40a7ba44d6d72806efd37c,a92e0dc529511c88b03ec1d94883a710fcc75e9a2440fee76e2c1a4880114802,68a11b2351aa49b23ec9bd140f54a268b0ceee7b18d45e58f2daf2690a1735bb,b751c5f3b9df1d585f79d8e03710c69d4cb13077c366faee0d26b9c1dd7f155f,b1c9f340e1dba55bc1db80c604725ba5df6646d351448f7bc8b3ae6b9165c3d9,False,0.984375,2.7124882818898186,0.1433318689232692,2.855820150813088,2.8678731160471216,True,True,False,UnitTestFailure,failed:
HumanEval-RandomSpanInfillingLight:58:85a615d9ab6b2c91|alpha_renamed_auxiliary|canvas=128|seed=0,HumanEval-RandomSpanInfillingLight:58:85a615d9ab6b2c91,54,HumanEval/58,short,alpha_renamed_auxiliary,metamorphic_auxiliary_only,False,128,0,64,ok,True,3,128,951ea009330940c2c28fb9e9cdcab3458a3a1df1f3d7434ad6ad909d48e67797,fd69939b949909870a4236eb8b3a5f451194a13d03efc1e0b107c90604b82cd7,61dd9450abd991437c21d8a3cad8b15a50256d76326cc2f0b977d8f9b0dea2ed,022e2e46e55fde26ee1623fe32a925a01926643b9cddeda55e4becd4b7923367,d794829828aff60fbdecc2687ad6bdaeb7faaa24e4b5813543c4366e282816de,b95ad95f6842e869321a11ff798091e95b1d4e8a88705887d3e9b5b202eb1e7a,False,0.9921875,2.842072049039416,0.13074376818258315,2.972815817221999,2.9842818629695103,True,True,True,,
HumanEval-RandomSpanInfillingLight:58:85a615d9ab6b2c91|alpha_renamed_auxiliary|canvas=128|seed=1,HumanEval-RandomSpanInfillingLight:58:85a615d9ab6b2c91,54,HumanEval/58,short,alpha_renamed_auxiliary,metamorphic_auxiliary_only,False,128,1,64,ok,True,3,128,951ea009330940c2c28fb9e9cdcab3458a3a1df1f3d7434ad6ad909d48e67797,fd69939b949909870a4236eb8b3a5f451194a13d03efc1e0b107c90604b82cd7,61dd9450abd991437c21d8a3cad8b15a50256d76326cc2f0b977d8f9b0dea2ed,022e2e46e55fde26ee1623fe32a925a01926643b9cddeda55e4becd4b7923367,d794829828aff60fbdecc2687ad6bdaeb7faaa24e4b5813543c4366e282816de,b95ad95f6842e869321a11ff798091e95b1d4e8a88705887d3e9b5b202eb1e7a,False,0.9921875,2.8324327958980575,0.130094111780636,2.9625269076786935,2.9704272840172052,True,True,True,,
HumanEval-RandomSpanInfillingLight:61:cdc7f41a9215452e|alpha_renamed_auxiliary|canvas=16|seed=0,HumanEval-RandomSpanInfillingLight:61:cdc7f41a9215452e,57,HumanEval/61,long,alpha_renamed_auxiliary,metamorphic_auxiliary_only,False,16,0,64,ok,False,21,16,a845afa3ea58a2e890a372ff4b1ff5aa6a5e8ed0eb2e53e03f4ce16e4bf5c0a3,58590b980eb5ce512d36ca3a061886eefe9f4e6e575dcc3bb6cb8c027801b171,0cc0768431fcff4433fd1849f091aedd03647354c21465b9b57f1d457dd3a1e0,89fa02cfbc62339e00cfa49562ded248ddf034e20deaed14b66c36e97bef265c,3369497f472d2ea784cb469630fbaffaf382ede7550f25b3f62dd99c6a67ea8d,019d1bec7f32d5467e486fcb554a875258eef80c9e170310ea4a631a08298829,True,1.0,1.9507093320135027,0.1272231680341065,2.077932500047609,2.0838598830159754,True,True,False,UnitTestFailure,failed:
HumanEval-RandomSpanInfillingLight:61:cdc7f41a9215452e|alpha_renamed_auxiliary|canvas=16|seed=1,HumanEval-RandomSpanInfillingLight:61:cdc7f41a9215452e,57,HumanEval/61,long,alpha_renamed_auxiliary,metamorphic_auxiliary_only,False,16,1,64,ok,False,21,16,a845afa3ea58a2e890a372ff4b1ff5aa6a5e8ed0eb2e53e03f4ce16e4bf5c0a3,58590b980eb5ce512d36ca3a061886eefe9f4e6e575dcc3bb6cb8c027801b171,0cc0768431fcff4433fd1849f091aedd03647354c21465b9b57f1d457dd3a1e0,89fa02cfbc62339e00cfa49562ded248ddf034e20deaed14b66c36e97bef265c,3369497f472d2ea784cb469630fbaffaf382ede7550f25b3f62dd99c6a67ea8d,019d1bec7f32d5467e486fcb554a875258eef80c9e170310ea4a631a08298829,True,1.0,1.940525004058145,0.14383325690869242,2.0843582609668374,2.090778840938583,True,True,False,UnitTestFailure,failed:
HumanEval-RandomSpanInfillingLight:61:cdc7f41a9215452e|alpha_renamed_auxiliary|canvas=32|seed=0,HumanEval-RandomSpanInfillingLight:61:cdc7f41a9215452e,57,HumanEval/61,long,alpha_renamed_auxiliary,metamorphic_auxiliary_only,False,32,0,64,ok,False,21,32,a314b76c6e5ecd5d5b476084f572e3fe99d00e4edfdf5a8ef9723ea90576ba35,a9bd0758fed97671eb71745cc0f6fb4acb26bc6fa6bf8d99d80bd4cb37f55468,a7cf0b89d6ec6bfc899bb33e0d5257796e33604e4df38b6b39f143d4d0073cb6,164917971738c985c83023d28c61ff770ddb46451bfeb0301d36e380053be13a,7e308769be0fdcd605040ac5af3fcfb7f7c3acaea2d926c00603bb60a4abe6ab,9dc8b58f84f9b7f10bdcdbf8430eae1ecee3da9dbd96b15a88c51ce926dc224d,True,0.98828125,1.9689228119095787,0.14428516814950854,2.1132079800590873,2.1208865320077166,True,True,False,UnitTestFailure,failed:
HumanEval-RandomSpanInfillingLight:61:cdc7f41a9215452e|alpha_renamed_auxiliary|canvas=32|seed=1,HumanEval-RandomSpanInfillingLight:61:cdc7f41a9215452e,57,HumanEval/61,long,alpha_renamed_auxiliary,metamorphic_auxiliary_only,False,32,1,64,ok,False,21,32,a314b76c6e5ecd5d5b476084f572e3fe99d00e4edfdf5a8ef9723ea90576ba35,a9bd0758fed97671eb71745cc0f6fb4acb26bc6fa6bf8d99d80bd4cb37f55468,a7cf0b89d6ec6bfc899bb33e0d5257796e33604e4df38b6b39f143d4d0073cb6,164917971738c985c83023d28c61ff770ddb46451bfeb0301d36e380053be13a,7e308769be0fdcd605040ac5af3fcfb7f7c3acaea2d926c00603bb60a4abe6ab,9dc8b58f84f9b7f10bdcdbf8430eae1ecee3da9dbd96b15a88c51ce926dc224d,True,0.98828125,1.9730516689596698,0.14906366693321615,2.122115335892886,2.1296449470100924,True,True,False,UnitTestFailure,failed:
HumanEval-RandomSpanInfillingLight:61:cdc7f41a9215452e|alpha_renamed_auxiliary|canvas=64|seed=0,HumanEval-RandomSpanInfillingLight:61:cdc7f41a9215452e,57,HumanEval/61,long,alpha_renamed_auxiliary,metamorphic_auxiliary_only,False,64,0,64,ok,True,21,64,d408422230c0fdecdd063704f7cea22ef14389a0b7980963cf6e212a657be914,cb7ddf1a62549f3c324bb4021145f4ce54dcf92318e9b69ded5864e1557df722,8b1e3a4ee89a3eea5939da89fb5315ca11171d774c03003838f47cc883df8ac7,deac6ab3830351036f472d9d7caa8199c77c998fddeb002dc5a73266df7ec5f9,b166528c068c1e69fcd46e7056adb03c2148c555566e7c76f11b8d0840135bae,6f6222b76aeb7ca018471a398a327212ef35194ebd47ac9494deb1beacabc6c7,True,0.98046875,2.165542216040194,0.11649594409391284,2.282038160134107,2.2899994839681312,True,True,True,,
HumanEval-RandomSpanInfillingLight:61:cdc7f41a9215452e|alpha_renamed_auxiliary|canvas=64|seed=1,HumanEval-RandomSpanInfillingLight:61:cdc7f41a9215452e,57,HumanEval/61,long,alpha_renamed_auxiliary,metamorphic_auxiliary_only,False,64,1,64,ok,True,21,64,d408422230c0fdecdd063704f7cea22ef14389a0b7980963cf6e212a657be914,cb7ddf1a62549f3c324bb4021145f4ce54dcf92318e9b69ded5864e1557df722,8b1e3a4ee89a3eea5939da89fb5315ca11171d774c03003838f47cc883df8ac7,deac6ab3830351036f472d9d7caa8199c77c998fddeb002dc5a73266df7ec5f9,b166528c068c1e69fcd46e7056adb03c2148c555566e7c76f11b8d0840135bae,6f6222b76aeb7ca018471a398a327212ef35194ebd47ac9494deb1beacabc6c7,True,0.98046875,2.1785124060697854,0.15378771000541747,2.332300116075203,2.3405849640257657,True,True,True,,
HumanEval-RandomSpanInfillingLight:61:cdc7f41a9215452e|alpha_renamed_auxiliary|canvas=128|seed=0,HumanEval-RandomSpanInfillingLight:61:cdc7f41a9215452e,57,HumanEval/61,long,alpha_renamed_auxiliary,metamorphic_auxiliary_only,False,128,0,64,ok,False,21,128,079bc346b261d7fa76ae6da6b13cea778f5eb43d4feae4cd2c857ff864c45150,ef947d56875d7360d0d9ff04efda09ad2c3d7c4c5e093d71d76b048353ea703a,a32e7db33e625f08bf866706fdc56a24264849f9d029fe0095c86f70f0af7962,526bf407b3df288981fe36bb6daaf7b5497d37e5a91725a18b7894d5e14a90f3,094e5458319a697c75414c9a66e3cb5fc4f3326742aa7dac99b9f9f00457d3a6,666ab71859b1b86725cba67d077562c9493c72e5df7c8d5e39df1b640a10242b,False,0.9765625,2.7439578929916024,0.13468260096851736,2.87864049396012,2.889159435988404,True,True,False,UnitTestFailure,failed: 'str' object has no attribute 'reverse'
HumanEval-RandomSpanInfillingLight:61:cdc7f41a9215452e|alpha_renamed_auxiliary|canvas=128|seed=1,HumanEval-RandomSpanInfillingLight:61:cdc7f41a9215452e,57,HumanEval/61,long,alpha_renamed_auxiliary,metamorphic_auxiliary_only,False,128,1,64,ok,False,21,128,079bc346b261d7fa76ae6da6b13cea778f5eb43d4feae4cd2c857ff864c45150,ef947d56875d7360d0d9ff04efda09ad2c3d7c4c5e093d71d76b048353ea703a,a32e7db33e625f08bf866706fdc56a24264849f9d029fe0095c86f70f0af7962,526bf407b3df288981fe36bb6daaf7b5497d37e5a91725a18b7894d5e14a90f3,094e5458319a697c75414c9a66e3cb5fc4f3326742aa7dac99b9f9f00457d3a6,666ab71859b1b86725cba67d077562c9493c72e5df7c8d5e39df1b640a10242b,False,0.9765625,2.7208575250115246,0.13915830897167325,2.860015833983198,2.8685067049227655,True,True,False,UnitTestFailure,failed: 'str' object has no attribute 'reverse'
HumanEval-RandomSpanInfillingLight:62:fb6f522d976ea7be|alpha_renamed_auxiliary|canvas=16|seed=0,HumanEval-RandomSpanInfillingLight:62:fb6f522d976ea7be,58,HumanEval/62,short,alpha_renamed_auxiliary,metamorphic_auxiliary_only,False,16,0,64,ok,False,3,16,9357ab675a51891e05c8ea4b3df5ada909f8be09ec61771088669d5580514b61,3e99dc10e3860b8084cf4afeaab7c7df431888144279175837a778125cd62a15,,99b836d678bef6283b96bb0ca73468d9da8dda84a88127de8ee2e70a1053d63e,3e99dc10e3860b8084cf4afeaab7c7df431888144279175837a778125cd62a15,,True,0.984375,1.9316249249968678,0.00022453803103417158,1.931849463027902,1.9368608089862391,False,False,False,SyntaxError,"expected an indented block after function definition on line 16 (<unknown>, line 16)"
HumanEval-RandomSpanInfillingLight:62:fb6f522d976ea7be|alpha_renamed_auxiliary|canvas=16|seed=1,HumanEval-RandomSpanInfillingLight:62:fb6f522d976ea7be,58,HumanEval/62,short,alpha_renamed_auxiliary,metamorphic_auxiliary_only,False,16,1,64,ok,False,3,16,9357ab675a51891e05c8ea4b3df5ada909f8be09ec61771088669d5580514b61,3e99dc10e3860b8084cf4afeaab7c7df431888144279175837a778125cd62a15,,99b836d678bef6283b96bb0ca73468d9da8dda84a88127de8ee2e70a1053d63e,3e99dc10e3860b8084cf4afeaab7c7df431888144279175837a778125cd62a15,,True,0.984375,1.9358170399209484,0.00013196701183915138,1.9359490069327876,1.9392476370558143,False,False,False,SyntaxError,"expected an indented block after function definition on line 16 (<unknown>, line 16)"
HumanEval-RandomSpanInfillingLight:62:fb6f522d976ea7be|alpha_renamed_auxiliary|canvas=32|seed=0,HumanEval-RandomSpanInfillingLight:62:fb6f522d976ea7be,58,HumanEval/62,short,alpha_renamed_auxiliary,metamorphic_auxiliary_only,False,32,0,64,ok,False,3,32,4074af13ede2bd8feef433dbec0f6ad5a465baea71d2c84929d6879050d85e0a,4a2bb8d57976e6f0fb409c85bf88131dd3b5c0669372a812985787620ebb4a01,,241a3afe0fc96572107ae915a0dc66f70bf6b115f17d4402612612f3cd9bfaf4,4a2bb8d57976e6f0fb409c85bf88131dd3b5c0669372a812985787620ebb4a01,,False,0.98828125,1.9809675290016457,0.00010527903214097023,1.9810728080337867,1.9845073409378529,False,False,False,SyntaxError,"unterminated triple-quoted string literal (detected at line 18) (<unknown>, line 17)"
HumanEval-RandomSpanInfillingLight:62:fb6f522d976ea7be|alpha_renamed_auxiliary|canvas=32|seed=1,HumanEval-RandomSpanInfillingLight:62:fb6f522d976ea7be,58,HumanEval/62,short,alpha_renamed_auxiliary,metamorphic_auxiliary_only,False,32,1,64,ok,False,3,32,4074af13ede2bd8feef433dbec0f6ad5a465baea71d2c84929d6879050d85e0a,4a2bb8d57976e6f0fb409c85bf88131dd3b5c0669372a812985787620ebb4a01,,241a3afe0fc96572107ae915a0dc66f70bf6b115f17d4402612612f3cd9bfaf4,4a2bb8d57976e6f0fb409c85bf88131dd3b5c0669372a812985787620ebb4a01,,False,0.98828125,1.9664193000644445,8.058396633714437e-05,1.9664998840307817,1.9695706010097638,False,False,False,SyntaxError,"unterminated triple-quoted string literal (detected at line 18) (<unknown>, line 17)"
HumanEval-RandomSpanInfillingLight:62:fb6f522d976ea7be|alpha_renamed_auxiliary|canvas=64|seed=0,HumanEval-RandomSpanInfillingLight:62:fb6f522d976ea7be,58,HumanEval/62,short,alpha_renamed_auxiliary,metamorphic_auxiliary_only,False,64,0,64,ok,False,3,64,97967d3c6debcb7d8f39cd751c15c409cbe76c3ea4f45b0c39ea7c601124149c,39d7961f7d7928b9b63dc84f6acc06a33a20771d78c648986b59a45c40f20391,,64baf9cc10dd9d223de8a0dbe901975a4663cb6afdc8f230c746c456c2f6dc04,39d7961f7d7928b9b63dc84f6acc06a33a20771d78c648986b59a45c40f20391,,False,0.9765625,2.1669227860402316,0.00011342100333422422,2.167036207043566,2.171384763903916,False,False,False,SyntaxError,"unterminated triple-quoted string literal (detected at line 20) (<unknown>, line 17)"
HumanEval-RandomSpanInfillingLight:62:fb6f522d976ea7be|alpha_renamed_auxiliary|canvas=64|seed=1,HumanEval-RandomSpanInfillingLight:62:fb6f522d976ea7be,58,HumanEval/62,short,alpha_renamed_auxiliary,metamorphic_auxiliary_only,False,64,1,64,ok,False,3,64,97967d3c6debcb7d8f39cd751c15c409cbe76c3ea4f45b0c39ea7c601124149c,39d7961f7d7928b9b63dc84f6acc06a33a20771d78c648986b59a45c40f20391,,64baf9cc10dd9d223de8a0dbe901975a4663cb6afdc8f230c746c456c2f6dc04,39d7961f7d7928b9b63dc84f6acc06a33a20771d78c648986b59a45c40f20391,,False,0.9765625,2.1870271059451625,0.00018095597624778748,2.1872080619214103,2.19216845696792,False,False,False,SyntaxError,"unterminated triple-quoted string literal (detected at line 20) (<unknown>, line 17)"
HumanEval-RandomSpanInfillingLight:62:fb6f522d976ea7be|alpha_renamed_auxiliary|canvas=128|seed=0,HumanEval-RandomSpanInfillingLight:62:fb6f522d976ea7be,58,HumanEval/62,short,alpha_renamed_auxiliary,metamorphic_auxiliary_only,False,128,0,64,ok,False,3,128,429061eb51ded53346a667e0f7e052fc508ebd93d5eea1a7169228120614b266,4f415403a73d4f54a5bd18e86f297dcc57ac41dc00f0566c469ea5bf372833ea,8e93d239bf8625e333ac8d32f3aa5af29b4948e44b4ca2100cb700c4ba811bfc,4e8a7e6190499d928020543d8b5480b71914704ab5995b027702a96f41a44b5a,4f415403a73d4f54a5bd18e86f297dcc57ac41dc00f0566c469ea5bf372833ea,7a7661a307fa7e792e2e02e32cbf15821e3d087081ff2ecd7dc3959e8f5d012c,True,0.9765625,2.755605889018625,0.14683882519602776,2.9024447142146528,2.9097313409438357,True,True,False,UnitTestFailure,failed:
HumanEval-RandomSpanInfillingLight:62:fb6f522d976ea7be|alpha_renamed_auxiliary|canvas=128|seed=1,HumanEval-RandomSpanInfillingLight:62:fb6f522d976ea7be,58,HumanEval/62,short,alpha_renamed_auxiliary,metamorphic_auxiliary_only,False,128,1,64,ok,False,3,128,429061eb51ded53346a667e0f7e052fc508ebd93d5eea1a7169228120614b266,4f415403a73d4f54a5bd18e86f297dcc57ac41dc00f0566c469ea5bf372833ea,8e93d239bf8625e333ac8d32f3aa5af29b4948e44b4ca2100cb700c4ba811bfc,4e8a7e6190499d928020543d8b5480b71914704ab5995b027702a96f41a44b5a,4f415403a73d4f54a5bd18e86f297dcc57ac41dc00f0566c469ea5bf372833ea,7a7661a307fa7e792e2e02e32cbf15821e3d087081ff2ecd7dc3959e8f5d012c,True,0.9765625,2.7366541610099375,0.14759095094632357,2.884245111956261,2.894804655108601,True,True,False,UnitTestFailure,failed:
HumanEval-RandomSpanInfillingLight:64:7df0c721159da1af|alpha_renamed_auxiliary|canvas=16|seed=0,HumanEval-RandomSpanInfillingLight:64:7df0c721159da1af,60,HumanEval/64,extreme,alpha_renamed_auxiliary,metamorphic_auxiliary_only,False,16,0,64,ok,True,28,16,d120e6cbe5b676c131d1b8dd5414d28c8752e8f624ace9012b48f418f6c00004,8abe44ffd5165b1f9fdadb5410e200ab19da044cb96a886fa6d68b92d96795c4,dd7c4bbd05e59a2fdff09f78363de887908a2dee9f6e1cf813eff2908f447dbe,85d751f5751affdbd2e3defc25939f3d7a8ee4e6aa379d3b677d0b96fb0029c6,7e6851b889bbda67cfc207d3d27111cb8a1032c5344333c78eb33f605500748c,297e7a2b02d6c7b843d30d0d2bc770e380bd5a878d20df4c89302b54fc7e67ff,True,1.0,2.1833486020332202,0.14674321305938065,2.330091815092601,2.3397999809822068,True,True,True,,
HumanEval-RandomSpanInfillingLight:64:7df0c721159da1af|alpha_renamed_auxiliary|canvas=16|seed=1,HumanEval-RandomSpanInfillingLight:64:7df0c721159da1af,60,HumanEval/64,extreme,alpha_renamed_auxiliary,metamorphic_auxiliary_only,False,16,1,64,ok,True,28,16,d120e6cbe5b676c131d1b8dd5414d28c8752e8f624ace9012b48f418f6c00004,8abe44ffd5165b1f9fdadb5410e200ab19da044cb96a886fa6d68b92d96795c4,dd7c4bbd05e59a2fdff09f78363de887908a2dee9f6e1cf813eff2908f447dbe,85d751f5751affdbd2e3defc25939f3d7a8ee4e6aa379d3b677d0b96fb0029c6,7e6851b889bbda67cfc207d3d27111cb8a1032c5344333c78eb33f605500748c,297e7a2b02d6c7b843d30d0d2bc770e380bd5a878d20df4c89302b54fc7e67ff,True,1.0,2.171833731001243,0.1346852988936007,2.3065190298948437,2.3132192990742624,True,True,True,,
HumanEval-RandomSpanInfillingLight:64:7df0c721159da1af|alpha_renamed_auxiliary|canvas=32|seed=0,HumanEval-RandomSpanInfillingLight:64:7df0c721159da1af,60,HumanEval/64,extreme,alpha_renamed_auxiliary,metamorphic_auxiliary_only,False,32,0,64,ok,False,28,32,2ae10eaccd3e992b86e0342cf9e0197829ca38bd92511536c68d607cd263cc2a,3405ca5c33faa745cee27eba1db8e9a181ffdd42ef54c141deec34a230168716,489b406b126a6beff1bf4e6419751814b70cfcc3646602cc26aab259122f20f4,05ac83caab2f29223b7a5d8b8e32fce1a12c5f4dc36124909db9c57a0804cb01,f0d98f811ad6119109af7dad0fcc26ed7154756d63f6748533e12c5ba40ad699,112084aba17f3f1d25e1ec8c312b45b9bd12515fc32d52be99f39971b12368d3,True,1.0,2.1606304409215227,0.11491684801876545,2.275547288940288,2.2827611740212888,True,True,False,UnitTestFailure,failed: Test 5
HumanEval-RandomSpanInfillingLight:64:7df0c721159da1af|alpha_renamed_auxiliary|canvas=32|seed=1,HumanEval-RandomSpanInfillingLight:64:7df0c721159da1af,60,HumanEval/64,extreme,alpha_renamed_auxiliary,metamorphic_auxiliary_only,False,32,1,64,ok,False,28,32,2ae10eaccd3e992b86e0342cf9e0197829ca38bd92511536c68d607cd263cc2a,3405ca5c33faa745cee27eba1db8e9a181ffdd42ef54c141deec34a230168716,489b406b126a6beff1bf4e6419751814b70cfcc3646602cc26aab259122f20f4,05ac83caab2f29223b7a5d8b8e32fce1a12c5f4dc36124909db9c57a0804cb01,f0d98f811ad6119109af7dad0fcc26ed7154756d63f6748533e12c5ba40ad699,112084aba17f3f1d25e1ec8c312b45b9bd12515fc32d52be99f39971b12368d3,True,1.0,2.1694370539626107,0.13547132606618106,2.3049083800287917,2.311857479973696,True,True,False,UnitTestFailure,failed: Test 5
HumanEval-RandomSpanInfillingLight:64:7df0c721159da1af|alpha_renamed_auxiliary|canvas=64|seed=0,HumanEval-RandomSpanInfillingLight:64:7df0c721159da1af,60,HumanEval/64,extreme,alpha_renamed_auxiliary,metamorphic_auxiliary_only,False,64,0,64,ok,False,28,64,1caa938436ffd3df928788672d0169418273005c7fa766c5282df9276563e8f6,c8f75721af3ad07f9b38c40309ab8062d3bd8500d7e91e23b34858ec0802f3fb,126042a2031126c8a4345b18a9daeb0e4ac8a94d7f8b1d6ebf5f8ed5acf2b4f2,f2bca747c0244d1e0f2d3558073013ec947440d6d83900b7258b5ab243153f61,dbaf189004a97df3e63437876ac61a60c4afb1b1340b88fa2f8572c6c2e34542,8d2dc426b62ed094fbc55cb42eb74d5e3913d849ea737eb8024a646900c0b176,True,0.99609375,2.192069206968881,0.10654131090268493,2.298610517871566,2.3071410559350625,True,True,False,UnitTestFailure,failed: Test 5
HumanEval-RandomSpanInfillingLight:64:7df0c721159da1af|alpha_renamed_auxiliary|canvas=64|seed=1,HumanEval-RandomSpanInfillingLight:64:7df0c721159da1af,60,HumanEval/64,extreme,alpha_renamed_auxiliary,metamorphic_auxiliary_only,False,64,1,64,ok,False,28,64,1caa938436ffd3df928788672d0169418273005c7fa766c5282df9276563e8f6,c8f75721af3ad07f9b38c40309ab8062d3bd8500d7e91e23b34858ec0802f3fb,126042a2031126c8a4345b18a9daeb0e4ac8a94d7f8b1d6ebf5f8ed5acf2b4f2,f2bca747c0244d1e0f2d3558073013ec947440d6d83900b7258b5ab243153f61,dbaf189004a97df3e63437876ac61a60c4afb1b1340b88fa2f8572c6c2e34542,8d2dc426b62ed094fbc55cb42eb74d5e3913d849ea737eb8024a646900c0b176,True,0.99609375,2.198428325005807,0.13794765481725335,2.3363759798230603,2.346062237978913,True,True,False,UnitTestFailure,failed: Test 5
HumanEval-RandomSpanInfillingLight:64:7df0c721159da1af|alpha_renamed_auxiliary|canvas=128|seed=0,HumanEval-RandomSpanInfillingLight:64:7df0c721159da1af,60,HumanEval/64,extreme,alpha_renamed_auxiliary,metamorphic_auxiliary_only,False,128,0,64,ok,False,28,128,2171481fc1d7c893f8c3857ea810a057cdb5eb3384e01cbcdf25a35e90c27589,0d47689e5a3a996953150a2aaeacd99daa7f9c6360ca14c105061be04775fb17,ac659257ea785e095043960db49450509ddc9b8cd03e8f5975755ff251275a5b,07459fa8d2033f5e4475f4a0b18e9fdf944d55f00bbe36d4c78479000c51ada3,df22384959f9f04241bbae51a4c986dd5964c159f0164fe03f9db422cea5d6ed,c42c10bd00aacfbac525cd578c3d0b492597052504625041b55e95644f0392ec,True,0.95703125,2.808217789977789,0.11282679508440197,2.921044585062191,2.9337700029136613,True,True,False,UnitTestFailure,failed: Test 3
HumanEval-RandomSpanInfillingLight:64:7df0c721159da1af|alpha_renamed_auxiliary|canvas=128|seed=1,HumanEval-RandomSpanInfillingLight:64:7df0c721159da1af,60,HumanEval/64,extreme,alpha_renamed_auxiliary,metamorphic_auxiliary_only,False,128,1,64,ok,False,28,128,2171481fc1d7c893f8c3857ea810a057cdb5eb3384e01cbcdf25a35e90c27589,0d47689e5a3a996953150a2aaeacd99daa7f9c6360ca14c105061be04775fb17,ac659257ea785e095043960db49450509ddc9b8cd03e8f5975755ff251275a5b,07459fa8d2033f5e4475f4a0b18e9fdf944d55f00bbe36d4c78479000c51ada3,df22384959f9f04241bbae51a4c986dd5964c159f0164fe03f9db422cea5d6ed,c42c10bd00aacfbac525cd578c3d0b492597052504625041b55e95644f0392ec,True,0.95703125,2.834790928987786,0.12006663798820227,2.9548575669759884,2.965548134990968,True,True,False,UnitTestFailure,failed: Test 3
HumanEval-RandomSpanInfillingLight:65:958d25fa93bd4e71|alpha_renamed_auxiliary|canvas=16|seed=0,HumanEval-RandomSpanInfillingLight:65:958d25fa93bd4e71,61,HumanEval/65,long,alpha_renamed_auxiliary,metamorphic_auxiliary_only,False,16,0,64,ok,False,17,16,38b4075a31b3bab278958c4892c4e06ad8f0e05e48ec0d6d30f80a4a109bf9fd,92606b9601abc676d838a2efbc42500e894d9f5245dedbd2120c16320cb03e52,b5e586a80e45d62d54ad768dc58dacee8fc960ac4083f6c4e92c2c375be72215,81b342cc82d297af98a25092d6f43a509404e1d6a89286b0db95ad16a562beb6,bd238f3dc0e41cd0f8e48a63ab43bcd2849c6267d247d4e3c3f0db464a1defa7,973879f051c2ae10b158935a169d357522c484ba43618c31f009141a72e5ab5b,True,0.98046875,1.9339257220271975,0.15118587703909725,2.0851115990662947,2.0911092230817303,True,True,False,UnitTestFailure,failed:
HumanEval-RandomSpanInfillingLight:65:958d25fa93bd4e71|alpha_renamed_auxiliary|canvas=16|seed=1,HumanEval-RandomSpanInfillingLight:65:958d25fa93bd4e71,61,HumanEval/65,long,alpha_renamed_auxiliary,metamorphic_auxiliary_only,False,16,1,64,ok,False,17,16,38b4075a31b3bab278958c4892c4e06ad8f0e05e48ec0d6d30f80a4a109bf9fd,92606b9601abc676d838a2efbc42500e894d9f5245dedbd2120c16320cb03e52,b5e586a80e45d62d54ad768dc58dacee8fc960ac4083f6c4e92c2c375be72215,81b342cc82d297af98a25092d6f43a509404e1d6a89286b0db95ad16a562beb6,bd238f3dc0e41cd0f8e48a63ab43bcd2849c6267d247d4e3c3f0db464a1defa7,973879f051c2ae10b158935a169d357522c484ba43618c31f009141a72e5ab5b,True,0.98046875,1.9269170250045136,0.14215497090481222,2.069071995909326,2.0752633130177855,True,True,False,UnitTestFailure,failed:
HumanEval-RandomSpanInfillingLight:65:958d25fa93bd4e71|alpha_renamed_auxiliary|canvas=32|seed=0,HumanEval-RandomSpanInfillingLight:65:958d25fa93bd4e71,61,HumanEval/65,long,alpha_renamed_auxiliary,metamorphic_auxiliary_only,False,32,0,64,ok,False,17,32,ccfcc40ebba1292a21dfc9ca8e64741679b726c0564c433ea35f7b8d8a0e93e3,d0dcb97b6fd2af7ff91739c4a60398f5720c75a2b77f17f047ed3ca14a2636d2,,79a50f4b24549cc0b21ee22439ca9d9c9bba5c3c82a5ffcae31bc94bcbe00b0e,80db47829c735a980544d4bb671b498c15a49f98d7fa01b7c63419fbd5be964e,,True,0.9921875,1.9843330930452794,0.00019511696882545948,1.9845282100141048,1.9892787470016629,False,False,False,SyntaxError,"expected an indented block after function definition on line 20 (<unknown>, line 20)"
HumanEval-RandomSpanInfillingLight:65:958d25fa93bd4e71|alpha_renamed_auxiliary|canvas=32|seed=1,HumanEval-RandomSpanInfillingLight:65:958d25fa93bd4e71,61,HumanEval/65,long,alpha_renamed_auxiliary,metamorphic_auxiliary_only,False,32,1,64,ok,False,17,32,ccfcc40ebba1292a21dfc9ca8e64741679b726c0564c433ea35f7b8d8a0e93e3,d0dcb97b6fd2af7ff91739c4a60398f5720c75a2b77f17f047ed3ca14a2636d2,,79a50f4b24549cc0b21ee22439ca9d9c9bba5c3c82a5ffcae31bc94bcbe00b0e,80db47829c735a980544d4bb671b498c15a49f98d7fa01b7c63419fbd5be964e,,True,0.9921875,1.9818009149748832,0.00016594503540545702,1.9819668600102887,1.985171737964265,False,False,False,SyntaxError,"expected an indented block after function definition on line 20 (<unknown>, line 20)"
HumanEval-RandomSpanInfillingLight:65:958d25fa93bd4e71|alpha_renamed_auxiliary|canvas=64|seed=0,HumanEval-RandomSpanInfillingLight:65:958d25fa93bd4e71,61,HumanEval/65,long,alpha_renamed_auxiliary,metamorphic_auxiliary_only,False,64,0,64,ok,False,17,64,9642986fb54dca241195d27205c86483293a69a73d3b2a2c781dd38b5b32f065,b5a6ee931af01fbbc91c6a0b54aa1a8805ab3ec06334fcfcca85d8c104c36c9c,590fcafaa18ed8aacfc1e09c87e8dcf77566755fa309070f1dcd316cc2b1f0ce,ec5a39a5d9690156925158e922420ecab06253a940f322c3fc905964eb4b74dd,e6d7bb759e137a8094086504ba32d2475b68669e7bd5901a87a41c200885a144,5a330a78d0b948db2bae08cb942b9b116e96cbe16815f369b62553147c1563f9,True,0.9921875,2.1488882140256464,0.14250700292177498,2.2913952169474214,2.296042598900385,True,True,False,UnitTestFailure,failed:
HumanEval-RandomSpanInfillingLight:65:958d25fa93bd4e71|alpha_renamed_auxiliary|canvas=64|seed=1,HumanEval-RandomSpanInfillingLight:65:958d25fa93bd4e71,61,HumanEval/65,long,alpha_renamed_auxiliary,metamorphic_auxiliary_only,False,64,1,64,ok,False,17,64,9642986fb54dca241195d27205c86483293a69a73d3b2a2c781dd38b5b32f065,b5a6ee931af01fbbc91c6a0b54aa1a8805ab3ec06334fcfcca85d8c104c36c9c,590fcafaa18ed8aacfc1e09c87e8dcf77566755fa309070f1dcd316cc2b1f0ce,ec5a39a5d9690156925158e922420ecab06253a940f322c3fc905964eb4b74dd,e6d7bb759e137a8094086504ba32d2475b68669e7bd5901a87a41c200885a144,5a330a78d0b948db2bae08cb942b9b116e96cbe16815f369b62553147c1563f9,True,0.9921875,2.1609866899671033,0.13720550597645342,2.2981921959435567,2.306558414013125,True,True,False,UnitTestFailure,failed:
HumanEval-RandomSpanInfillingLight:65:958d25fa93bd4e71|alpha_renamed_auxiliary|canvas=128|seed=0,HumanEval-RandomSpanInfillingLight:65:958d25fa93bd4e71,61,HumanEval/65,long,alpha_renamed_auxiliary,metamorphic_auxiliary_only,False,128,0,64,ok,False,17,128,1443e2365e9e4146d2b8f299c1021fb4bbc05536b2c288887561cc0f8e6a1a0f,e8f03fddf02ce15507776fd1aa47c6a942970bb1daf69efc8ff9551e8ce6a078,,0a9ff67225bc6ab5a351af5e26f677143e729945942496b35bf272e4157933b3,06cf5aa7308452252f2ac989c28e92939296af6e2e3d0e6f8fdd0f7281c5503e,,False,0.98046875,2.6715851420303807,0.00025165604893118143,2.671836798079312,2.6789475990226492,False,False,False,SyntaxError,"unterminated triple-quoted string literal (detected at line 28) (<unknown>, line 25)"
HumanEval-RandomSpanInfillingLight:65:958d25fa93bd4e71|alpha_renamed_auxiliary|canvas=128|seed=1,HumanEval-RandomSpanInfillingLight:65:958d25fa93bd4e71,61,HumanEval/65,long,alpha_renamed_auxiliary,metamorphic_auxiliary_only,False,128,1,64,ok,False,17,128,1443e2365e9e4146d2b8f299c1021fb4bbc05536b2c288887561cc0f8e6a1a0f,e8f03fddf02ce15507776fd1aa47c6a942970bb1daf69efc8ff9551e8ce6a078,,0a9ff67225bc6ab5a351af5e26f677143e729945942496b35bf272e4157933b3,06cf5aa7308452252f2ac989c28e92939296af6e2e3d0e6f8fdd0f7281c5503e,,False,0.98046875,2.689115389948711,0.000212009996175766,2.6893273999448866,2.6945680719800293,False,False,False,SyntaxError,"unterminated triple-quoted string literal (detected at line 28) (<unknown>, line 25)"
HumanEval-RandomSpanInfillingLight:67:ae9afb47f12db515|alpha_renamed_auxiliary|canvas=16|seed=0,HumanEval-RandomSpanInfillingLight:67:ae9afb47f12db515,62,HumanEval/67,long,alpha_renamed_auxiliary,metamorphic_auxiliary_only,False,16,0,64,ok,False,23,16,116c042033e7950681549130643a9c4acc9a215cdd50bc3343fa3e02fa7a724e,780bafed18fc5c9fa76e333165bfb5a1660516b37d182e5af723744be912c69b,b1945e99ab0a9682acf038330a470b13b40aae4ae166f9468d2ed24cbd1ddb28,7e9c07a145ecc1d6446f52ab0bdf2dbca5bd7b4d32aa902708e64d9ccc7a3e7c,593358527502ef23ff002a71fb06f9c00032d0fa1b5cd8d717f3d44f4124eac1,680d2713125e3f271e83b5ed8a38afc85c19da3ab28e51f01cff8c338ae3d9f4,True,0.98828125,2.645990067976527,0.1389215817907825,2.7849116497673094,2.791488282964565,True,True,False,UnitTestFailure,failed: invalid literal for int() with base 10: 'apples'
HumanEval-RandomSpanInfillingLight:67:ae9afb47f12db515|alpha_renamed_auxiliary|canvas=16|seed=1,HumanEval-RandomSpanInfillingLight:67:ae9afb47f12db515,62,HumanEval/67,long,alpha_renamed_auxiliary,metamorphic_auxiliary_only,False,16,1,64,ok,False,23,16,116c042033e7950681549130643a9c4acc9a215cdd50bc3343fa3e02fa7a724e,780bafed18fc5c9fa76e333165bfb5a1660516b37d182e5af723744be912c69b,b1945e99ab0a9682acf038330a470b13b40aae4ae166f9468d2ed24cbd1ddb28,7e9c07a145ecc1d6446f52ab0bdf2dbca5bd7b4d32aa902708e64d9ccc7a3e7c,593358527502ef23ff002a71fb06f9c00032d0fa1b5cd8d717f3d44f4124eac1,680d2713125e3f271e83b5ed8a38afc85c19da3ab28e51f01cff8c338ae3d9f4,True,0.98828125,2.697668417938985,0.12932895799167454,2.8269973759306595,2.835634948918596,True,True,False,UnitTestFailure,failed: invalid literal for int() with base 10: 'apples'
HumanEval-RandomSpanInfillingLight:67:ae9afb47f12db515|alpha_renamed_auxiliary|canvas=32|seed=0,HumanEval-RandomSpanInfillingLight:67:ae9afb47f12db515,62,HumanEval/67,long,alpha_renamed_auxiliary,metamorphic_auxiliary_only,False,32,0,64,ok,False,23,32,f7d0f2621d5bd6730180a60874a7f6ea9591f8b51cfd0e9078ab0dfaedddddc9,a3ae09ffdd4826fe8dfdc80bdae47c780ebde964e7a7d014a4994e9528fc50ee,73c7a1025bca6abf870ea92d0c304afefabdd189541025a0a88d4bed16458800,00599a8b65ef52d9b449ccd765f95896273f0f1e7b7c3fe139d774051be7764f,a0e0c0e1f66e7d64c6f67c60e41316197cf3f121c76eadb1b96009bd80e9f149,acf3adafc1ac909790df6e2d37751c1d740da96918611b36445c8b095c561b7f,True,0.99609375,2.718510670005344,0.12677566311322153,2.8452863331185654,2.854390396969393,True,True,False,UnitTestFailure,failed: invalid literal for int() with base 10: 'apples'
HumanEval-RandomSpanInfillingLight:67:ae9afb47f12db515|alpha_renamed_auxiliary|canvas=32|seed=1,HumanEval-RandomSpanInfillingLight:67:ae9afb47f12db515,62,HumanEval/67,long,alpha_renamed_auxiliary,metamorphic_auxiliary_only,False,32,1,64,ok,False,23,32,f7d0f2621d5bd6730180a60874a7f6ea9591f8b51cfd0e9078ab0dfaedddddc9,a3ae09ffdd4826fe8dfdc80bdae47c780ebde964e7a7d014a4994e9528fc50ee,73c7a1025bca6abf870ea92d0c304afefabdd189541025a0a88d4bed16458800,00599a8b65ef52d9b449ccd765f95896273f0f1e7b7c3fe139d774051be7764f,a0e0c0e1f66e7d64c6f67c60e41316197cf3f121c76eadb1b96009bd80e9f149,acf3adafc1ac909790df6e2d37751c1d740da96918611b36445c8b095c561b7f,True,0.99609375,2.7320151600288227,0.10915136500261724,2.84116652503144,2.8489379610400647,True,True,False,UnitTestFailure,failed: invalid literal for int() with base 10: 'apples'
HumanEval-RandomSpanInfillingLight:67:ae9afb47f12db515|alpha_renamed_auxiliary|canvas=64|seed=0,HumanEval-RandomSpanInfillingLight:67:ae9afb47f12db515,62,HumanEval/67,long,alpha_renamed_auxiliary,metamorphic_auxiliary_only,False,64,0,64,ok,False,23,64,26d6151ac3b722944252e2f1ad24a110b60b17f40c5c49b1c2c22abdf160cc4b,0075a7feccfd014cf53a3419a4fb955a29f78a7676f388508fe8ccdcf89f6de9,d94033a073e4ffb5f9f6e1edc997af5001d89883c5d0bd40dcc071881a49ad31,f1f6b18f209d2e5e2db4325ea05fc27962328100d514577903ebca2c6da61c34,c30cade574517a8047eaafee67548134b636e8615e1b7a8b5c8d71eaf8a57d5f,003929077603bd5d2c8ab43e3244927ec20218c78bf1c33cc8d90ff012cfcdbc,True,0.984375,2.826706210966222,0.1447774819098413,2.9714836928760633,2.9810221010120586,True,True,False,UnitTestFailure,failed: invalid literal for int() with base 10: 'apples'
HumanEval-RandomSpanInfillingLight:67:ae9afb47f12db515|alpha_renamed_auxiliary|canvas=64|seed=1,HumanEval-RandomSpanInfillingLight:67:ae9afb47f12db515,62,HumanEval/67,long,alpha_renamed_auxiliary,metamorphic_auxiliary_only,False,64,1,64,ok,False,23,64,26d6151ac3b722944252e2f1ad24a110b60b17f40c5c49b1c2c22abdf160cc4b,0075a7feccfd014cf53a3419a4fb955a29f78a7676f388508fe8ccdcf89f6de9,d94033a073e4ffb5f9f6e1edc997af5001d89883c5d0bd40dcc071881a49ad31,f1f6b18f209d2e5e2db4325ea05fc27962328100d514577903ebca2c6da61c34,c30cade574517a8047eaafee67548134b636e8615e1b7a8b5c8d71eaf8a57d5f,003929077603bd5d2c8ab43e3244927ec20218c78bf1c33cc8d90ff012cfcdbc,True,0.984375,2.8231098430696875,0.15114439197350293,2.9742542350431904,2.986810937989503,True,True,False,UnitTestFailure,failed: invalid literal for int() with base 10: 'apples'
HumanEval-RandomSpanInfillingLight:67:ae9afb47f12db515|alpha_renamed_auxiliary|canvas=128|seed=0,HumanEval-RandomSpanInfillingLight:67:ae9afb47f12db515,62,HumanEval/67,long,alpha_renamed_auxiliary,metamorphic_auxiliary_only,False,128,0,64,ok,False,23,128,f1831b6c5ed6a55ffd99e0fe177496e9251fd898a9ecbffcdd7a6d221d8acac5,e5220d32f7379c7ca87b371ff4db103d45a4e262eb5ae80d42cc74d3ea0326be,,ab6c2eb6c29600270636e7ed15eb87b8d7047a4bc23f32850774063f20613e06,f5fa8fc5a911ebafa0c8a204f91e84abb0d09033f6b36729aa1180755fc8dc15,,True,0.984375,2.883661857107654,0.0002969909692183137,2.8839588480768725,2.8932986760046333,False,False,False,SyntaxError,"unterminated string literal (detected at line 28) (<unknown>, line 28)"
HumanEval-RandomSpanInfillingLight:67:ae9afb47f12db515|alpha_renamed_auxiliary|canvas=128|seed=1,HumanEval-RandomSpanInfillingLight:67:ae9afb47f12db515,62,HumanEval/67,long,alpha_renamed_auxiliary,metamorphic_auxiliary_only,False,128,1,64,ok,False,23,128,f1831b6c5ed6a55ffd99e0fe177496e9251fd898a9ecbffcdd7a6d221d8acac5,e5220d32f7379c7ca87b371ff4db103d45a4e262eb5ae80d42cc74d3ea0326be,,ab6c2eb6c29600270636e7ed15eb87b8d7047a4bc23f32850774063f20613e06,f5fa8fc5a911ebafa0c8a204f91e84abb0d09033f6b36729aa1180755fc8dc15,,True,0.984375,2.8740492089418694,0.00012077100109308958,2.8741699799429625,2.8804353839950636,False,False,False,SyntaxError,"unterminated string literal (detected at line 28) (<unknown>, line 28)"
HumanEval-RandomSpanInfillingLight:70:45019232b34441d4|alpha_renamed_auxiliary|canvas=16|seed=0,HumanEval-RandomSpanInfillingLight:70:45019232b34441d4,64,HumanEval/70,long,alpha_renamed_auxiliary,metamorphic_auxiliary_only,False,16,0,64,ok,False,22,16,f7638ca0bbfa010f1e0d981138f916b860afb6bb3764da02e7f9b3a7a410904d,92fce69b8cfb4a2f29cfcee0d2bdb8a1d7b46fcadbf80ffaeb0fc4d1812e2694,4dd08bf8776b1baff45b5d40399cc8d3854b1234628632ea353047e7f41e11bd,fe607a8b20005bd9334249f0d04463c4e71cd1c7864d3e1fc93dd9591269089e,a9ea76628d6fee61bf103ccd2ee3ef0ec59b9346c299f574c7403d0c4c0f2613,68e00365d27c22391446327c832d4c51f344d3cc97bc6a81b67fff142b9ef4fb,True,1.0,1.970333819044754,0.11936499702278525,2.089698816067539,2.0947893460979685,True,True,False,UnitTestFailure,failed: 'int' object is not iterable
HumanEval-RandomSpanInfillingLight:70:45019232b34441d4|alpha_renamed_auxiliary|canvas=16|seed=1,HumanEval-RandomSpanInfillingLight:70:45019232b34441d4,64,HumanEval/70,long,alpha_renamed_auxiliary,metamorphic_auxiliary_only,False,16,1,64,ok,False,22,16,f7638ca0bbfa010f1e0d981138f916b860afb6bb3764da02e7f9b3a7a410904d,92fce69b8cfb4a2f29cfcee0d2bdb8a1d7b46fcadbf80ffaeb0fc4d1812e2694,4dd08bf8776b1baff45b5d40399cc8d3854b1234628632ea353047e7f41e11bd,fe607a8b20005bd9334249f0d04463c4e71cd1c7864d3e1fc93dd9591269089e,a9ea76628d6fee61bf103ccd2ee3ef0ec59b9346c299f574c7403d0c4c0f2613,68e00365d27c22391446327c832d4c51f344d3cc97bc6a81b67fff142b9ef4fb,True,1.0,1.987716385978274,0.14682709204498678,2.134543478023261,2.141510715940967,True,True,False,UnitTestFailure,failed: 'int' object is not iterable
HumanEval-RandomSpanInfillingLight:70:45019232b34441d4|alpha_renamed_auxiliary|canvas=32|seed=0,HumanEval-RandomSpanInfillingLight:70:45019232b34441d4,64,HumanEval/70,long,alpha_renamed_auxiliary,metamorphic_auxiliary_only,False,32,0,64,ok,False,22,32,46beda223e79339916a3da2340ea076dd348588fbcdaf30d6ce897f14c165bc2,ce3d51011661a72872647f95710c22aa760106e8475a1386b4422baca4f62224,9a7812c6a5410c1f0562241a6ae310fa1897f9f30f5b725dda9c74b81b55ea53,0a359af7ee7e9a35df1d2e75631c0b8f64883bde06f12251aab149234f24c462,0544ffa1487a65601698305fd14ec2fbc2adf95eda485b9987e22c18c1135fa9,d715a8cc2f445b7f931fcef004739feefbeec1e5cd734c289f77111253d6ae1a,True,0.9921875,2.1652277159737423,0.1503005230333656,2.315528239007108,2.3230778430588543,True,True,False,UnitTestFailure,failed:
HumanEval-RandomSpanInfillingLight:70:45019232b34441d4|alpha_renamed_auxiliary|canvas=32|seed=1,HumanEval-RandomSpanInfillingLight:70:45019232b34441d4,64,HumanEval/70,long,alpha_renamed_auxiliary,metamorphic_auxiliary_only,False,32,1,64,ok,False,22,32,46beda223e79339916a3da2340ea076dd348588fbcdaf30d6ce897f14c165bc2,ce3d51011661a72872647f95710c22aa760106e8475a1386b4422baca4f62224,9a7812c6a5410c1f0562241a6ae310fa1897f9f30f5b725dda9c74b81b55ea53,0a359af7ee7e9a35df1d2e75631c0b8f64883bde06f12251aab149234f24c462,0544ffa1487a65601698305fd14ec2fbc2adf95eda485b9987e22c18c1135fa9,d715a8cc2f445b7f931fcef004739feefbeec1e5cd734c289f77111253d6ae1a,True,0.9921875,2.155571341048926,0.14537521894089878,2.300946559989825,2.309072009054944,True,True,False,UnitTestFailure,failed:
HumanEval-RandomSpanInfillingLight:70:45019232b34441d4|alpha_renamed_auxiliary|canvas=64|seed=0,HumanEval-RandomSpanInfillingLight:70:45019232b34441d4,64,HumanEval/70,long,alpha_renamed_auxiliary,metamorphic_auxiliary_only,False,64,0,64,ok,False,22,64,75860ac9d34491eb282389483a63c734c048ddfaeeabf531094952dadba8d33a,28d0c804632929d392db4f20784919400e0c061688f000d4d2183cdcd67b030d,a4d46206c64a54be7d46ec29accc1a5115f9b85cd400834a93abec3eeffd7f9e,0624ab8975b79b6fe644f47704f9b3cb8f3198a4719ea58d36ad01e6a11fcca9,b1b84447deeb411c55c02d3f5258204b06db014b27e6b89fa548eba10709760e,6756063ebc6c0a4b4493d51bb2f99c7e1627bd1648231fd5ebceacad61ea6ab0,True,0.99609375,2.1978595160180703,3.1691912329988554,5.367050749016926,5.375058250036091,True,True,False,UnitTestFailure,timed out
HumanEval-RandomSpanInfillingLight:70:45019232b34441d4|alpha_renamed_auxiliary|canvas=64|seed=1,HumanEval-RandomSpanInfillingLight:70:45019232b34441d4,64,HumanEval/70,long,alpha_renamed_auxiliary,metamorphic_auxiliary_only,False,64,1,64,ok,False,22,64,75860ac9d34491eb282389483a63c734c048ddfaeeabf531094952dadba8d33a,28d0c804632929d392db4f20784919400e0c061688f000d4d2183cdcd67b030d,a4d46206c64a54be7d46ec29accc1a5115f9b85cd400834a93abec3eeffd7f9e,0624ab8975b79b6fe644f47704f9b3cb8f3198a4719ea58d36ad01e6a11fcca9,b1b84447deeb411c55c02d3f5258204b06db014b27e6b89fa548eba10709760e,6756063ebc6c0a4b4493d51bb2f99c7e1627bd1648231fd5ebceacad61ea6ab0,True,0.99609375,2.1782921999692917,3.157471041777171,5.335763241746463,5.343948035966605,True,True,False,UnitTestFailure,timed out
HumanEval-RandomSpanInfillingLight:70:45019232b34441d4|alpha_renamed_auxiliary|canvas=128|seed=0,HumanEval-RandomSpanInfillingLight:70:45019232b34441d4,64,HumanEval/70,long,alpha_renamed_auxiliary,metamorphic_auxiliary_only,False,128,0,64,ok,False,22,128,39a16986d6c2d684d7cd302eab86c6ebd099896afc70c31b1fc812ecaa0acaca,1c155edfb02cc7e37133d1d1c0f439c811c3c55d51ac860c2acc2d2cce112513,13abbf0edbd8e71d1ab3bcce031e83472eb942aacda640f9aaf9e3c143758334,36785858789a39ace17a2c6d5e65f3f600b326b5662474bb9120403269c3a583,c7d4ab92e55843657e2eefbc127dfb621351ec45631b0ef07852e2bc4be3c949,1c60a5d69c3f0e6869d6041df677604765aeb77741ff4bc6102ddf82dcb5fc17,True,0.98828125,2.8074626659508795,0.11855217604897916,2.9260148419998586,2.9363598650088534,True,True,False,UnitTestFailure,failed:
HumanEval-RandomSpanInfillingLight:70:45019232b34441d4|alpha_renamed_auxiliary|canvas=128|seed=1,HumanEval-RandomSpanInfillingLight:70:45019232b34441d4,64,HumanEval/70,long,alpha_renamed_auxiliary,metamorphic_auxiliary_only,False,128,1,64,ok,False,22,128,39a16986d6c2d684d7cd302eab86c6ebd099896afc70c31b1fc812ecaa0acaca,1c155edfb02cc7e37133d1d1c0f439c811c3c55d51ac860c2acc2d2cce112513,13abbf0edbd8e71d1ab3bcce031e83472eb942aacda640f9aaf9e3c143758334,36785858789a39ace17a2c6d5e65f3f600b326b5662474bb9120403269c3a583,c7d4ab92e55843657e2eefbc127dfb621351ec45631b0ef07852e2bc4be3c949,1c60a5d69c3f0e6869d6041df677604765aeb77741ff4bc6102ddf82dcb5fc17,True,0.98828125,2.7684877469437197,0.1162235279334709,2.8847112748771906,2.893870568019338,True,True,False,UnitTestFailure,failed:
HumanEval-RandomSpanInfillingLight:71:e46913e9396c9827|alpha_renamed_auxiliary|canvas=16|seed=0,HumanEval-RandomSpanInfillingLight:71:e46913e9396c9827,65,HumanEval/71,extreme,alpha_renamed_auxiliary,metamorphic_auxiliary_only,False,16,0,64,ok,False,41,16,97330a91ba2be4dbe9af468559fced1cd9e0f162b621c6dee4e940a96fa804ed,4776b6471c59c082e4ff723e37c07abd5be6443f00916b8f993bcb736101bed0,d8673400f4a7def084d8d9b7e12532cf090c8379585981c75e1095c6cd65a52e,74a5db36204bb3e1d393e104fc005a4fa18bf33788e50f08f64e178066451d9a,059c922245a28287e6ddf1f19ceea4fec407adfeb788d4bfbfb4dc74e2ee3b67,7d05a764b5597b2ef3963712b3d188783fbaa5c0403d9e9eec237473c5da30e4,True,0.99609375,2.160272817942314,0.11797707411460578,2.2782498920569196,2.2857732280390337,True,True,False,UnitTestFailure,failed:
HumanEval-RandomSpanInfillingLight:71:e46913e9396c9827|alpha_renamed_auxiliary|canvas=16|seed=1,HumanEval-RandomSpanInfillingLight:71:e46913e9396c9827,65,HumanEval/71,extreme,alpha_renamed_auxiliary,metamorphic_auxiliary_only,False,16,1,64,ok,False,41,16,97330a91ba2be4dbe9af468559fced1cd9e0f162b621c6dee4e940a96fa804ed,4776b6471c59c082e4ff723e37c07abd5be6443f00916b8f993bcb736101bed0,d8673400f4a7def084d8d9b7e12532cf090c8379585981c75e1095c6cd65a52e,74a5db36204bb3e1d393e104fc005a4fa18bf33788e50f08f64e178066451d9a,059c922245a28287e6ddf1f19ceea4fec407adfeb788d4bfbfb4dc74e2ee3b67,7d05a764b5597b2ef3963712b3d188783fbaa5c0403d9e9eec237473c5da30e4,True,0.99609375,2.1264202379388735,0.1134312970098108,2.2398515349486843,2.2465831990120932,True,True,False,UnitTestFailure,failed:
HumanEval-RandomSpanInfillingLight:71:e46913e9396c9827|alpha_renamed_auxiliary|canvas=32|seed=0,HumanEval-RandomSpanInfillingLight:71:e46913e9396c9827,65,HumanEval/71,extreme,alpha_renamed_auxiliary,metamorphic_auxiliary_only,False,32,0,64,ok,False,41,32,aa0035067ed98397ac961dceb0e3712b4ffeb6eb682256be00b79994bf984523,5bae5c6abcf12f9d9a75931171e7709fa40cc8efc7f7722ae792fa23538a077a,beade803c8bf83e7f5aea875b04ad0bdd2198e065f4dd2818532a67a735143d4,db83d837830ce0c3b5bfc42b8ded48f0d74c37ba2131acd9187b1b603359a97d,af45728f6ea08c387e96d3d5917ef5742289b04c14855f14923a08098285f4b1,97bd37ad89df074bf90871e5cf691b0ae566d41e7c7490822917201695d5c890,True,0.984375,2.1609994149766862,0.13315723685082048,2.2941566518275067,2.301863028900698,True,True,False,UnitTestFailure,failed: This prints if this assert fails 1 (good for debugging!)
HumanEval-RandomSpanInfillingLight:71:e46913e9396c9827|alpha_renamed_auxiliary|canvas=32|seed=1,HumanEval-RandomSpanInfillingLight:71:e46913e9396c9827,65,HumanEval/71,extreme,alpha_renamed_auxiliary,metamorphic_auxiliary_only,False,32,1,64,ok,False,41,32,aa0035067ed98397ac961dceb0e3712b4ffeb6eb682256be00b79994bf984523,5bae5c6abcf12f9d9a75931171e7709fa40cc8efc7f7722ae792fa23538a077a,beade803c8bf83e7f5aea875b04ad0bdd2198e065f4dd2818532a67a735143d4,db83d837830ce0c3b5bfc42b8ded48f0d74c37ba2131acd9187b1b603359a97d,af45728f6ea08c387e96d3d5917ef5742289b04c14855f14923a08098285f4b1,97bd37ad89df074bf90871e5cf691b0ae566d41e7c7490822917201695d5c890,True,0.984375,2.157446302007884,0.13637309381738305,2.293819395825267,2.300550891086459,True,True,False,UnitTestFailure,failed: This prints if this assert fails 1 (good for debugging!)
HumanEval-RandomSpanInfillingLight:71:e46913e9396c9827|alpha_renamed_auxiliary|canvas=64|seed=0,HumanEval-RandomSpanInfillingLight:71:e46913e9396c9827,65,HumanEval/71,extreme,alpha_renamed_auxiliary,metamorphic_auxiliary_only,False,64,0,64,ok,False,41,64,4cacd1340f14c5a13b893e5d09d6bd277da1dbf4110a040d077d0e76692906db,3529b82e5cab6cc76512c5a46e87fff4a8b0a0a448a5fe53c0dce7221269eacf,060cb3d1eb3854bcc2d95a4b5602423ad22b53476e1eb3b80829bf29f2b50f03,1a33163c49031fd10eb93f10f728d1a5d9ad98fd71f458a5a74d7c2b81a94d4a,8f868b01cb91a2107f416434e6349d9b499cf9ea5eefe49b62f320ca99e11bfa,b5a16f16e22beae3295add26e63e9c7edbf9b3cf9269b7329e07d303356a454d,True,0.9921875,2.183444277034141,0.13032454706262797,2.313768824096769,2.3226836130488664,True,True,False,UnitTestFailure,failed: This prints if this assert fails 1 (good for debugging!)
HumanEval-RandomSpanInfillingLight:71:e46913e9396c9827|alpha_renamed_auxiliary|canvas=64|seed=1,HumanEval-RandomSpanInfillingLight:71:e46913e9396c9827,65,HumanEval/71,extreme,alpha_renamed_auxiliary,metamorphic_auxiliary_only,False,64,1,64,ok,False,41,64,4cacd1340f14c5a13b893e5d09d6bd277da1dbf4110a040d077d0e76692906db,3529b82e5cab6cc76512c5a46e87fff4a8b0a0a448a5fe53c0dce7221269eacf,060cb3d1eb3854bcc2d95a4b5602423ad22b53476e1eb3b80829bf29f2b50f03,1a33163c49031fd10eb93f10f728d1a5d9ad98fd71f458a5a74d7c2b81a94d4a,8f868b01cb91a2107f416434e6349d9b499cf9ea5eefe49b62f320ca99e11bfa,b5a16f16e22beae3295add26e63e9c7edbf9b3cf9269b7329e07d303356a454d,True,0.9921875,2.1902658799663186,0.1150934750912711,2.3053593550575897,2.312923789024353,True,True,False,UnitTestFailure,failed: This prints if this assert fails 1 (good for debugging!)
HumanEval-RandomSpanInfillingLight:71:e46913e9396c9827|alpha_renamed_auxiliary|canvas=128|seed=0,HumanEval-RandomSpanInfillingLight:71:e46913e9396c9827,65,HumanEval/71,extreme,alpha_renamed_auxiliary,metamorphic_auxiliary_only,False,128,0,64,ok,False,41,128,d5dd5d3d98926c2b72bfb666d06d5b03a0ec80c8f258534cb0d8332e019a01d0,a5272a196bfd9f31dab54f5952d7572ef2e980d2ed486f9683b78c00f4018128,,31b63acfc468a43f68f83ab0fcfbbe382c0f8a2f4a2266c7854623c18f425b2c,41964897af8ed6db200d9731c7cd4e1b88f9d95e0023f1bd35bc40e9ec6760da,,True,0.97265625,2.7634363340912387,0.00025444093625992537,2.7636907750274986,2.771331347990781,False,False,False,SyntaxError,"invalid syntax (<unknown>, line 19)"
HumanEval-RandomSpanInfillingLight:71:e46913e9396c9827|alpha_renamed_auxiliary|canvas=128|seed=1,HumanEval-RandomSpanInfillingLight:71:e46913e9396c9827,65,HumanEval/71,extreme,alpha_renamed_auxiliary,metamorphic_auxiliary_only,False,128,1,64,ok,False,41,128,d5dd5d3d98926c2b72bfb666d06d5b03a0ec80c8f258534cb0d8332e019a01d0,a5272a196bfd9f31dab54f5952d7572ef2e980d2ed486f9683b78c00f4018128,,31b63acfc468a43f68f83ab0fcfbbe382c0f8a2f4a2266c7854623c18f425b2c,41964897af8ed6db200d9731c7cd4e1b88f9d95e0023f1bd35bc40e9ec6760da,,True,0.97265625,2.8095537879271433,0.0002677690936252475,2.8098215570207685,2.8163829420227557,False,False,False,SyntaxError,"invalid syntax (<unknown>, line 19)"
HumanEval-RandomSpanInfillingLight:72:f1dc6871e30b99b0|alpha_renamed_auxiliary|canvas=16|seed=0,HumanEval-RandomSpanInfillingLight:72:f1dc6871e30b99b0,66,HumanEval/72,extreme,alpha_renamed_auxiliary,metamorphic_auxiliary_only,False,16,0,64,ok,False,33,16,76ca2aa165bd7ad0bbb0525125d65eaaea03c8eced4506a96828e99b1913e93d,751fedb42829ee6c641a43f177c450ce20427972ad1f5588013ca681387a0238,e0b622bed2db03d14c349d3dcf4e5460bdc1fe7006fa0f7c1c1cc7ad1947d46f,298e61874cc1fecdde9a209e30d01e5dc4fb89a1a6b2016caa539b9315215347,f09d06351be4420a071f83aea3fe70cf6dfceec9449da2739117c9d09d8693d2,4f1ee49fe99402e554ca0c7f632bfcbaf01f49766eab630efa826ddb376acb64,True,0.9921875,2.72814996202942,0.12712886580266058,2.8552788278320804,2.865040436037816,True,True,False,UnitTestFailure,failed: local variable 'phase5_local_0' referenced before assignment
HumanEval-RandomSpanInfillingLight:72:f1dc6871e30b99b0|alpha_renamed_auxiliary|canvas=16|seed=1,HumanEval-RandomSpanInfillingLight:72:f1dc6871e30b99b0,66,HumanEval/72,extreme,alpha_renamed_auxiliary,metamorphic_auxiliary_only,False,16,1,64,ok,False,33,16,76ca2aa165bd7ad0bbb0525125d65eaaea03c8eced4506a96828e99b1913e93d,751fedb42829ee6c641a43f177c450ce20427972ad1f5588013ca681387a0238,e0b622bed2db03d14c349d3dcf4e5460bdc1fe7006fa0f7c1c1cc7ad1947d46f,298e61874cc1fecdde9a209e30d01e5dc4fb89a1a6b2016caa539b9315215347,f09d06351be4420a071f83aea3fe70cf6dfceec9449da2739117c9d09d8693d2,4f1ee49fe99402e554ca0c7f632bfcbaf01f49766eab630efa826ddb376acb64,True,0.9921875,2.723395516979508,0.14802333409897983,2.871418851078488,2.879546175012365,True,True,False,UnitTestFailure,failed: local variable 'phase5_local_0' referenced before assignment
HumanEval-RandomSpanInfillingLight:72:f1dc6871e30b99b0|alpha_renamed_auxiliary|canvas=32|seed=0,HumanEval-RandomSpanInfillingLight:72:f1dc6871e30b99b0,66,HumanEval/72,extreme,alpha_renamed_auxiliary,metamorphic_auxiliary_only,False,32,0,64,ok,False,33,32,1533afa1b2a3651f867ed9f62ccf1ab004c7dd930f882913e66d55ed675233dd,bf08b910321115a5b791168628a7520f4d5523cb79edb0b731ffdf0a91de5834,635ce7aa27afb35a2cb7671c76a3c015eb5bc76144a9d52c5b747a637ccd5d00,0e7b8e6cce5d17b2182e4f2eac5d4d6abf1b847bcd1b62e6473ec293125fefb4,1e19c5526b7c357985f6f3665a70a5cae433dfa2c4d849afb8c969d588f7872c,14c0d009f3698d5883f897da899b4c7c32c541b356244a915e1d5a1d9c4edb3e,True,1.0,2.784033111995086,0.12971803604159504,2.913751148036681,2.9211682740133256,True,True,False,UnitTestFailure,failed: local variable 'phase5_local_1' referenced before assignment
HumanEval-RandomSpanInfillingLight:72:f1dc6871e30b99b0|alpha_renamed_auxiliary|canvas=32|seed=1,HumanEval-RandomSpanInfillingLight:72:f1dc6871e30b99b0,66,HumanEval/72,extreme,alpha_renamed_auxiliary,metamorphic_auxiliary_only,False,32,1,64,ok,False,33,32,1533afa1b2a3651f867ed9f62ccf1ab004c7dd930f882913e66d55ed675233dd,bf08b910321115a5b791168628a7520f4d5523cb79edb0b731ffdf0a91de5834,635ce7aa27afb35a2cb7671c76a3c015eb5bc76144a9d52c5b747a637ccd5d00,0e7b8e6cce5d17b2182e4f2eac5d4d6abf1b847bcd1b62e6473ec293125fefb4,1e19c5526b7c357985f6f3665a70a5cae433dfa2c4d849afb8c969d588f7872c,14c0d009f3698d5883f897da899b4c7c32c541b356244a915e1d5a1d9c4edb3e,True,1.0,2.781184989027679,0.14522785798180848,2.9264128470094875,2.9345334200188518,True,True,False,UnitTestFailure,failed: local variable 'phase5_local_1' referenced before assignment
HumanEval-RandomSpanInfillingLight:72:f1dc6871e30b99b0|alpha_renamed_auxiliary|canvas=64|seed=0,HumanEval-RandomSpanInfillingLight:72:f1dc6871e30b99b0,66,HumanEval/72,extreme,alpha_renamed_auxiliary,metamorphic_auxiliary_only,False,64,0,64,ok,True,33,64,4a0b35119f4e2cafb16b34f4256468ebf47d846102a44be2f012a1ae7cb3aa04,5c4a830350337a143a38c89256a59f972530a340a4292a25a04eb04125702f19,15654f6c5512506ea5d73dbc4ec333f7d9780ad6c3dcfda93f2dafcd75a5fd5f,72bd77dbc9f65dccff36b1879f3c168fb9cfeb5a05cf93c9acb7bb8af3db7ee9,8d4254c9625d19d6e78ee3d8fe996e9991ab3b46c13ae38cbd2cccb38ac5eab1,916e973899e0c37ce7d1e38e47ea599e9562467d197e8ba4e2b6ac8a47694794,True,0.99609375,2.7721348599297926,0.13200079405214638,2.904135653981939,2.912873420980759,True,True,True,,
HumanEval-RandomSpanInfillingLight:72:f1dc6871e30b99b0|alpha_renamed_auxiliary|canvas=64|seed=1,HumanEval-RandomSpanInfillingLight:72:f1dc6871e30b99b0,66,HumanEval/72,extreme,alpha_renamed_auxiliary,metamorphic_auxiliary_only,False,64,1,64,ok,True,33,64,4a0b35119f4e2cafb16b34f4256468ebf47d846102a44be2f012a1ae7cb3aa04,5c4a830350337a143a38c89256a59f972530a340a4292a25a04eb04125702f19,15654f6c5512506ea5d73dbc4ec333f7d9780ad6c3dcfda93f2dafcd75a5fd5f,72bd77dbc9f65dccff36b1879f3c168fb9cfeb5a05cf93c9acb7bb8af3db7ee9,8d4254c9625d19d6e78ee3d8fe996e9991ab3b46c13ae38cbd2cccb38ac5eab1,916e973899e0c37ce7d1e38e47ea599e9562467d197e8ba4e2b6ac8a47694794,True,0.99609375,2.830528819002211,0.13999918499030173,2.970528003992513,2.978754226001911,True,True,True,,
HumanEval-RandomSpanInfillingLight:72:f1dc6871e30b99b0|alpha_renamed_auxiliary|canvas=128|seed=0,HumanEval-RandomSpanInfillingLight:72:f1dc6871e30b99b0,66,HumanEval/72,extreme,alpha_renamed_auxiliary,metamorphic_auxiliary_only,False,128,0,64,ok,True,33,128,5f38feb4316618a106c438b5926fe3a031d9e0f65a58e6b184ae6f909ebb13f3,932f5351812e8d94513e0fa5108a5423dcea806bde0517af466ef3ae1e820f03,1f2b2e8dbad9894ecd334cdc3e2089f31cdfc5c3850e5b252ff01ff42ffe9183,b3814548bdc8e257539feecb7272a4d1b7544b808b2b93c173d0e2a34aef208d,6a2c6fb0070f3a5a5e2e913a61ee60f4c768410a8c23642c0e693e6d99681012,36065119c082462e345e25a16b745d8db26ea0f369dfd4beb17e49f7e1140a74,True,0.9765625,3.173738935030997,0.14168912114109844,3.3154280561720952,3.326702245976776,True,True,True,,
HumanEval-RandomSpanInfillingLight:72:f1dc6871e30b99b0|alpha_renamed_auxiliary|canvas=128|seed=1,HumanEval-RandomSpanInfillingLight:72:f1dc6871e30b99b0,66,HumanEval/72,extreme,alpha_renamed_auxiliary,metamorphic_auxiliary_only,False,128,1,64,ok,True,33,128,5f38feb4316618a106c438b5926fe3a031d9e0f65a58e6b184ae6f909ebb13f3,932f5351812e8d94513e0fa5108a5423dcea806bde0517af466ef3ae1e820f03,1f2b2e8dbad9894ecd334cdc3e2089f31cdfc5c3850e5b252ff01ff42ffe9183,b3814548bdc8e257539feecb7272a4d1b7544b808b2b93c173d0e2a34aef208d,6a2c6fb0070f3a5a5e2e913a61ee60f4c768410a8c23642c0e693e6d99681012,36065119c082462e345e25a16b745d8db26ea0f369dfd4beb17e49f7e1140a74,True,0.9765625,3.1992473889840767,0.1414629730861634,3.34071036207024,3.35245829296764,True,True,True,,
HumanEval-RandomSpanInfillingLight:73:2fba7e9af12688a7|alpha_renamed_auxiliary|canvas=16|seed=0,HumanEval-RandomSpanInfillingLight:73:2fba7e9af12688a7,67,HumanEval/73,long,alpha_renamed_auxiliary,metamorphic_auxiliary_only,False,16,0,64,ok,False,22,16,ba5c783b5c63109e220673566e92a08a3c225031bf1412decf7a12048d36c1a8,f38047ebaaf31e4f3f2a2a0af4cecd2ce1460107a50100abb1870ee7c36a0c42,319e395919e7a39f4164d5817ad2b40598d0e559fa39cf797deff67cb153e55e,3d631f9e65cc83983cbd280692680b46497fb99cf3058d51cd6e8d0641ab67dc,a54c8fbf9a6a6a0368d221b9eb1392f621d40d6924809194acf28a19b7e508d8,e1daa2f8fc29f79e30b5fe12db2ca1579b8eaf142e477b43f26e94208b6940fe,True,1.0,2.170252678100951,0.14920364890713245,2.3194563270080835,2.326054351986386,True,True,False,UnitTestFailure,failed:
HumanEval-RandomSpanInfillingLight:73:2fba7e9af12688a7|alpha_renamed_auxiliary|canvas=16|seed=1,HumanEval-RandomSpanInfillingLight:73:2fba7e9af12688a7,67,HumanEval/73,long,alpha_renamed_auxiliary,metamorphic_auxiliary_only,False,16,1,64,ok,False,22,16,ba5c783b5c63109e220673566e92a08a3c225031bf1412decf7a12048d36c1a8,f38047ebaaf31e4f3f2a2a0af4cecd2ce1460107a50100abb1870ee7c36a0c42,319e395919e7a39f4164d5817ad2b40598d0e559fa39cf797deff67cb153e55e,3d631f9e65cc83983cbd280692680b46497fb99cf3058d51cd6e8d0641ab67dc,a54c8fbf9a6a6a0368d221b9eb1392f621d40d6924809194acf28a19b7e508d8,e1daa2f8fc29f79e30b5fe12db2ca1579b8eaf142e477b43f26e94208b6940fe,True,1.0,2.153381778043695,0.12490709195844829,2.278288870002143,2.2847067209659144,True,True,False,UnitTestFailure,failed:
HumanEval-RandomSpanInfillingLight:73:2fba7e9af12688a7|alpha_renamed_auxiliary|canvas=32|seed=0,HumanEval-RandomSpanInfillingLight:73:2fba7e9af12688a7,67,HumanEval/73,long,alpha_renamed_auxiliary,metamorphic_auxiliary_only,False,32,0,64,ok,False,22,32,7b83dc1aeb04cda4a7827248a6520c68134252015b45c3eec9b8f885614c7025,7718f2db246eeb61242835fe1dfbf4ea9af33ed6c3d2547a66a489bdf578461f,a1648acb22c9ddd7019ab76b0e2d7216d5263a9086854d602f58b39f8f95fa29,13310122a08d81dbf9053bb6a2eb47eadc932f8fa54f463f0edadca6024ab62f,278a95cd7b60361653dde4797c12c24b506c31f3ff5a1b753597dbba931feb75,e204d8732cfba6af293edc8dfe58280efc87b12d71b259e9afb9f2ab951616f6,True,1.0,2.1567228289786726,0.1467481527943164,2.303470981772989,2.311217705020681,True,True,False,UnitTestFailure,failed: list index out of range
HumanEval-RandomSpanInfillingLight:73:2fba7e9af12688a7|alpha_renamed_auxiliary|canvas=32|seed=1,HumanEval-RandomSpanInfillingLight:73:2fba7e9af12688a7,67,HumanEval/73,long,alpha_renamed_auxiliary,metamorphic_auxiliary_only,False,32,1,64,ok,False,22,32,7b83dc1aeb04cda4a7827248a6520c68134252015b45c3eec9b8f885614c7025,7718f2db246eeb61242835fe1dfbf4ea9af33ed6c3d2547a66a489bdf578461f,a1648acb22c9ddd7019ab76b0e2d7216d5263a9086854d602f58b39f8f95fa29,13310122a08d81dbf9053bb6a2eb47eadc932f8fa54f463f0edadca6024ab62f,278a95cd7b60361653dde4797c12c24b506c31f3ff5a1b753597dbba931feb75,e204d8732cfba6af293edc8dfe58280efc87b12d71b259e9afb9f2ab951616f6,True,1.0,2.1604016390629113,0.1332521050935611,2.2936537441564724,2.3016844999510795,True,True,False,UnitTestFailure,failed: list index out of range
HumanEval-RandomSpanInfillingLight:73:2fba7e9af12688a7|alpha_renamed_auxiliary|canvas=64|seed=0,HumanEval-RandomSpanInfillingLight:73:2fba7e9af12688a7,67,HumanEval/73,long,alpha_renamed_auxiliary,metamorphic_auxiliary_only,False,64,0,64,ok,False,22,64,80ded01c3a6fc9ce4d86bb1937080971b494756c9f77d9ddbb8eb11105a815d3,9ffb3419f58dccabbcde3208a72d09090bc777762a4dbd0605ed58594acc0628,07ecd443a63201b2a3fac2802852388315dd704914975cede6e350a0369dc61a,0e866473dd2d53cbe4f850c2d2c0aa90cc8f22b4816f0c8472374f0bf0bc1c90,8bdac3a9ade5790846e32768cd1330e111d1486f4d2fb7dee3649ac1aa12e5e8,fd131606214559fbf41b5186b150f8818d61ebab4fb859150ef4767ba990de62,True,0.98828125,2.6328399579506367,0.12910304800607264,2.7619430059567094,2.770797390025109,True,True,False,UnitTestFailure,failed: name 'phase5_local_2' is not defined
HumanEval-RandomSpanInfillingLight:73:2fba7e9af12688a7|alpha_renamed_auxiliary|canvas=64|seed=1,HumanEval-RandomSpanInfillingLight:73:2fba7e9af12688a7,67,HumanEval/73,long,alpha_renamed_auxiliary,metamorphic_auxiliary_only,False,64,1,64,ok,False,22,64,80ded01c3a6fc9ce4d86bb1937080971b494756c9f77d9ddbb8eb11105a815d3,9ffb3419f58dccabbcde3208a72d09090bc777762a4dbd0605ed58594acc0628,07ecd443a63201b2a3fac2802852388315dd704914975cede6e350a0369dc61a,0e866473dd2d53cbe4f850c2d2c0aa90cc8f22b4816f0c8472374f0bf0bc1c90,8bdac3a9ade5790846e32768cd1330e111d1486f4d2fb7dee3649ac1aa12e5e8,fd131606214559fbf41b5186b150f8818d61ebab4fb859150ef4767ba990de62,True,0.98828125,2.621255603968166,0.1340073380852118,2.7552629420533776,2.764436307013966,True,True,False,UnitTestFailure,failed: name 'phase5_local_2' is not defined
HumanEval-RandomSpanInfillingLight:73:2fba7e9af12688a7|alpha_renamed_auxiliary|canvas=128|seed=0,HumanEval-RandomSpanInfillingLight:73:2fba7e9af12688a7,67,HumanEval/73,long,alpha_renamed_auxiliary,metamorphic_auxiliary_only,False,128,0,64,ok,False,22,128,3d341c783c01d66167564716017e06bc9f73b93085554c0992a6a6a33e1af8e4,d752fa99feebaa39104e8b8ae92ebad51476508dfddd62c4f81b89d0c30f1644,d9b6d44827c79f74615d44d9b75b6f8251af61202ad26fda0aa23b19c2081196,c26618943a948bebcc729132a1ef4addf6be6f404666f1b452e18f8b81fe01e3,d3afd624ef589a441dbd98f9fd4a851a657ca61f31575b7c57117d02b2fcb20d,96bfd20028097bdbea3f4514503e041acc8bbc8002f9f479ee3ff02da598215c,True,0.984375,2.8100231339922175,0.15009675198234618,2.9601198859745637,2.970503354910761,True,True,False,UnitTestFailure,failed: list index out of range
HumanEval-RandomSpanInfillingLight:73:2fba7e9af12688a7|alpha_renamed_auxiliary|canvas=128|seed=1,HumanEval-RandomSpanInfillingLight:73:2fba7e9af12688a7,67,HumanEval/73,long,alpha_renamed_auxiliary,metamorphic_auxiliary_only,False,128,1,64,ok,False,22,128,3d341c783c01d66167564716017e06bc9f73b93085554c0992a6a6a33e1af8e4,d752fa99feebaa39104e8b8ae92ebad51476508dfddd62c4f81b89d0c30f1644,d9b6d44827c79f74615d44d9b75b6f8251af61202ad26fda0aa23b19c2081196,c26618943a948bebcc729132a1ef4addf6be6f404666f1b452e18f8b81fe01e3,d3afd624ef589a441dbd98f9fd4a851a657ca61f31575b7c57117d02b2fcb20d,96bfd20028097bdbea3f4514503e041acc8bbc8002f9f479ee3ff02da598215c,True,0.984375,2.8172430919948965,0.1427646781085059,2.9600077701034024,2.9698510529706255,True,True,False,UnitTestFailure,failed: list index out of range
HumanEval-RandomSpanInfillingLight:74:afb4a920ace0a9c0|alpha_renamed_auxiliary|canvas=16|seed=0,HumanEval-RandomSpanInfillingLight:74:afb4a920ace0a9c0,68,HumanEval/74,extreme,alpha_renamed_auxiliary,metamorphic_auxiliary_only,False,16,0,64,ok,False,47,16,fd16389db8d6a9bf4c944d16bb1f0049722b396fa35458e5da8a4f58802d9b94,1216ed524ace5dbaa35c1ddb644004c5cb8fd90626e878b93f9a57a4be0a1f57,,b05fd2d9a39827dc1e812f2f1d64a1e06274b810d6c8ceae3ff156511b4e2da0,340a6562b207e8210fa4b1dec8e9a6421af9ae192955881c78e92159c2e0601b,,True,0.96875,2.1750696359667927,0.000224418006837368,2.17529405397363,2.1813425719738007,False,False,False,SyntaxError,"invalid syntax (<unknown>, line 17)"
HumanEval-RandomSpanInfillingLight:74:afb4a920ace0a9c0|alpha_renamed_auxiliary|canvas=16|seed=1,HumanEval-RandomSpanInfillingLight:74:afb4a920ace0a9c0,68,HumanEval/74,extreme,alpha_renamed_auxiliary,metamorphic_auxiliary_only,False,16,1,64,ok,False,47,16,fd16389db8d6a9bf4c944d16bb1f0049722b396fa35458e5da8a4f58802d9b94,1216ed524ace5dbaa35c1ddb644004c5cb8fd90626e878b93f9a57a4be0a1f57,,b05fd2d9a39827dc1e812f2f1d64a1e06274b810d6c8ceae3ff156511b4e2da0,340a6562b207e8210fa4b1dec8e9a6421af9ae192955881c78e92159c2e0601b,,True,0.96875,2.161000129999593,0.00010900408960878849,2.1611091340892017,2.1644959329860285,False,False,False,SyntaxError,"invalid syntax (<unknown>, line 17)"
HumanEval-RandomSpanInfillingLight:74:afb4a920ace0a9c0|alpha_renamed_auxiliary|canvas=32|seed=0,HumanEval-RandomSpanInfillingLight:74:afb4a920ace0a9c0,68,HumanEval/74,extreme,alpha_renamed_auxiliary,metamorphic_auxiliary_only,False,32,0,64,ok,False,47,32,e2f3d28921ee84e684b68254a5b0109c10fba1f7a81aa9fe39fae4d526736201,2a2a75ca21156b69144e986564a5f9d8308b8872adc9e1d452863dea2135dba1,4e4936bb352b7f4c3f947be11261effb89ce7835821ab52ad74012f44d6ec4df,1cd2b28571a03c1ca4cd937c105891fd59967214c70dc5f156857381137087ca,c4392151be3174e21055ae40acf59e8ba53cb50511a41f814087fecd91d9f7e8,069d952b0b43007f6c5e31062910fa0f5e4df6d4bdba0d3f1ebec41701142b0a,True,0.98828125,2.6552535890368745,0.10858843405731022,2.7638420230941847,2.7681750420015305,True,True,False,UnitTestFailure,failed: name 'get_total_characters' is not defined
HumanEval-RandomSpanInfillingLight:74:afb4a920ace0a9c0|alpha_renamed_auxiliary|canvas=32|seed=1,HumanEval-RandomSpanInfillingLight:74:afb4a920ace0a9c0,68,HumanEval/74,extreme,alpha_renamed_auxiliary,metamorphic_auxiliary_only,False,32,1,64,ok,False,47,32,e2f3d28921ee84e684b68254a5b0109c10fba1f7a81aa9fe39fae4d526736201,2a2a75ca21156b69144e986564a5f9d8308b8872adc9e1d452863dea2135dba1,4e4936bb352b7f4c3f947be11261effb89ce7835821ab52ad74012f44d6ec4df,1cd2b28571a03c1ca4cd937c105891fd59967214c70dc5f156857381137087ca,c4392151be3174e21055ae40acf59e8ba53cb50511a41f814087fecd91d9f7e8,069d952b0b43007f6c5e31062910fa0f5e4df6d4bdba0d3f1ebec41701142b0a,True,0.98828125,2.6983292900258675,0.12942302995361388,2.8277523199794814,2.8349766560131684,True,True,False,UnitTestFailure,failed: name 'get_total_characters' is not defined
HumanEval-RandomSpanInfillingLight:74:afb4a920ace0a9c0|alpha_renamed_auxiliary|canvas=64|seed=0,HumanEval-RandomSpanInfillingLight:74:afb4a920ace0a9c0,68,HumanEval/74,extreme,alpha_renamed_auxiliary,metamorphic_auxiliary_only,False,64,0,64,ok,True,47,64,5b0b5cb3dd5178a7ab4f617633e3f048fc004e04f09c480ebe449f271660f5e5,6c0d67c50506cc2c0ba2b443969ad4f8602b1a9ad5d299c102d9c2037809ae74,754f2b8861447381ec28940c125e2fbb5ba55dbd1e2a84180106f766623b0d4a,15eba1491fae4ba7379d90942caac62c3f9802af2307de1aa5d851d616af85cb,5b11820f13fb4409792b25be604b89524f1adf061fa38e8868687f8db9b58218,10befa70f12d110e4f4616d44f9c7eee5981a8927406025d19f4f1beb977df38,True,0.98046875,2.7745003680465743,0.11271386011503637,2.8872142281616107,2.8957410969305784,True,True,True,,
HumanEval-RandomSpanInfillingLight:74:afb4a920ace0a9c0|alpha_renamed_auxiliary|canvas=64|seed=1,HumanEval-RandomSpanInfillingLight:74:afb4a920ace0a9c0,68,HumanEval/74,extreme,alpha_renamed_auxiliary,metamorphic_auxiliary_only,False,64,1,64,ok,True,47,64,5b0b5cb3dd5178a7ab4f617633e3f048fc004e04f09c480ebe449f271660f5e5,6c0d67c50506cc2c0ba2b443969ad4f8602b1a9ad5d299c102d9c2037809ae74,754f2b8861447381ec28940c125e2fbb5ba55dbd1e2a84180106f766623b0d4a,15eba1491fae4ba7379d90942caac62c3f9802af2307de1aa5d851d616af85cb,5b11820f13fb4409792b25be604b89524f1adf061fa38e8868687f8db9b58218,10befa70f12d110e4f4616d44f9c7eee5981a8927406025d19f4f1beb977df38,True,0.98046875,2.752734470064752,0.13909174117725343,2.8918262112420052,2.9021861479850486,True,True,True,,
HumanEval-RandomSpanInfillingLight:74:afb4a920ace0a9c0|alpha_renamed_auxiliary|canvas=128|seed=0,HumanEval-RandomSpanInfillingLight:74:afb4a920ace0a9c0,68,HumanEval/74,extreme,alpha_renamed_auxiliary,metamorphic_auxiliary_only,False,128,0,64,ok,False,47,128,708dba53b9eeb643fbfdd0193b1031ae110a7a2188d784d05c7674ed60835bd6,630e25279a80e0b9cd4ceec9d5afe141e914244ef8e108b5acc44be9de17b912,5e98a01bd9c498e27a7856ec81217c0311d9101fbe3eaab901bae28ebfa9b95f,6f7c81459461f32d3c42aa2e9233c1414356039ac3601f5bd76e0b8669b56526,06ac7e729210a1d43e87ed9b0b7b1682f9f3a6e9c43d2047d1177b3b1533a74b,43300df5e0bdb09ceb820b7de6ff882d10999402e3e7d9da27d8f619f17d446e,True,0.99609375,2.871057176962495,0.1449472880922258,3.0160044650547206,3.0315419659018517,True,True,False,UnitTestFailure,failed:
HumanEval-RandomSpanInfillingLight:74:afb4a920ace0a9c0|alpha_renamed_auxiliary|canvas=128|seed=1,HumanEval-RandomSpanInfillingLight:74:afb4a920ace0a9c0,68,HumanEval/74,extreme,alpha_renamed_auxiliary,metamorphic_auxiliary_only,False,128,1,64,ok,False,47,128,708dba53b9eeb643fbfdd0193b1031ae110a7a2188d784d05c7674ed60835bd6,630e25279a80e0b9cd4ceec9d5afe141e914244ef8e108b5acc44be9de17b912,5e98a01bd9c498e27a7856ec81217c0311d9101fbe3eaab901bae28ebfa9b95f,6f7c81459461f32d3c42aa2e9233c1414356039ac3601f5bd76e0b8669b56526,06ac7e729210a1d43e87ed9b0b7b1682f9f3a6e9c43d2047d1177b3b1533a74b,43300df5e0bdb09ceb820b7de6ff882d10999402e3e7d9da27d8f619f17d446e,True,0.99609375,2.8312611060682684,0.13541663787327707,2.9666777439415455,2.977574151009321,True,True,False,UnitTestFailure,failed:
HumanEval-RandomSpanInfillingLight:80:794a74636fa0c8ed|alpha_renamed_auxiliary|canvas=16|seed=0,HumanEval-RandomSpanInfillingLight:80:794a74636fa0c8ed,72,HumanEval/80,extreme,alpha_renamed_auxiliary,metamorphic_auxiliary_only,False,16,0,64,ok,False,37,16,ccaa0ace02067ab91fe891caa78636b678813e507367190c4f5df3c106b5ccd0,9f02277eba27a19423c643e3dbc3f3ae96f9c9593de621d22999a0414c0fb914,3688bcabec42600ba7682752f03b1f061f68773384a576cdfa7be542738d8843,f75a72da7c2eb3f703f7687745d2757b7ca7a85ed2f71bbf4d2c95729ebe9440,9f02277eba27a19423c643e3dbc3f3ae96f9c9593de621d22999a0414c0fb914,44d1c290bcab6f490f466f1ddae784c6d42571e196f590c2f93f691212395e16,True,0.96875,1.973092764033936,0.14262165606487542,2.1157144200988114,2.1224482799880207,True,True,False,UnitTestFailure,failed: name 'is_repeating' is not defined
HumanEval-RandomSpanInfillingLight:80:794a74636fa0c8ed|alpha_renamed_auxiliary|canvas=16|seed=1,HumanEval-RandomSpanInfillingLight:80:794a74636fa0c8ed,72,HumanEval/80,extreme,alpha_renamed_auxiliary,metamorphic_auxiliary_only,False,16,1,64,ok,False,37,16,ccaa0ace02067ab91fe891caa78636b678813e507367190c4f5df3c106b5ccd0,9f02277eba27a19423c643e3dbc3f3ae96f9c9593de621d22999a0414c0fb914,3688bcabec42600ba7682752f03b1f061f68773384a576cdfa7be542738d8843,f75a72da7c2eb3f703f7687745d2757b7ca7a85ed2f71bbf4d2c95729ebe9440,9f02277eba27a19423c643e3dbc3f3ae96f9c9593de621d22999a0414c0fb914,44d1c290bcab6f490f466f1ddae784c6d42571e196f590c2f93f691212395e16,True,0.96875,1.975165975978598,0.14794415701180696,2.123110132990405,2.129119897959754,True,True,False,UnitTestFailure,failed: name 'is_repeating' is not defined
HumanEval-RandomSpanInfillingLight:80:794a74636fa0c8ed|alpha_renamed_auxiliary|canvas=32|seed=0,HumanEval-RandomSpanInfillingLight:80:794a74636fa0c8ed,72,HumanEval/80,extreme,alpha_renamed_auxiliary,metamorphic_auxiliary_only,False,32,0,64,ok,False,37,32,046dc183805bb9b9750ad7080a5ca8a0098aa37dd4ae7067c36299f05e423fa9,24bb68e90489c003e4463a39f3bfe0b49f23162cce1a79451809977967a722fa,02f004414071587f9466be8270230734640f39922fddea86a2fa3bd6b37a77ab,b61dda6777d8761ac1a57975aaec72d7a8c6a35b8588311044817a2139186da4,80d5895b2abcdf2bf38d4286caf7c87bfc4b14b7bf424d2a8c7700775e08198a,102eb4fd9f2de0a95b0edb2781df722d14cc10ec3db3c277569cefbaa967aa74,True,0.98046875,1.9813890169607475,0.12878908100537956,2.110178097966127,2.117822428001091,True,True,False,UnitTestFailure,failed: aabb
HumanEval-RandomSpanInfillingLight:80:794a74636fa0c8ed|alpha_renamed_auxiliary|canvas=32|seed=1,HumanEval-RandomSpanInfillingLight:80:794a74636fa0c8ed,72,HumanEval/80,extreme,alpha_renamed_auxiliary,metamorphic_auxiliary_only,False,32,1,64,ok,False,37,32,046dc183805bb9b9750ad7080a5ca8a0098aa37dd4ae7067c36299f05e423fa9,24bb68e90489c003e4463a39f3bfe0b49f23162cce1a79451809977967a722fa,02f004414071587f9466be8270230734640f39922fddea86a2fa3bd6b37a77ab,b61dda6777d8761ac1a57975aaec72d7a8c6a35b8588311044817a2139186da4,80d5895b2abcdf2bf38d4286caf7c87bfc4b14b7bf424d2a8c7700775e08198a,102eb4fd9f2de0a95b0edb2781df722d14cc10ec3db3c277569cefbaa967aa74,True,0.98046875,2.008890653029084,0.13056587800383568,2.13945653103292,2.1458332560723647,True,True,False,UnitTestFailure,failed: aabb
HumanEval-RandomSpanInfillingLight:80:794a74636fa0c8ed|alpha_renamed_auxiliary|canvas=64|seed=0,HumanEval-RandomSpanInfillingLight:80:794a74636fa0c8ed,72,HumanEval/80,extreme,alpha_renamed_auxiliary,metamorphic_auxiliary_only,False,64,0,64,ok,False,37,64,2f0cf190773510018ad7c7c2ee76d03c1361eea30d449e36da8507589a9e1d6d,332da5fa91ae09bcdd7bce617c0d7878c50ed8ddcdb631d1e60ea0ffe57aa7b9,58b358a79a0c92cbd2dc9510ece6f9c179e0fa9d758c2f1f3ba70cb781c69cdd,62fc72a8fb4ae74a468f421c761402406273d5616ed0cea732bcdea24efd9aa7,146580bc5b504786254e657ea804e500ca8de174efe5a43368ace846b0093aa5,08dd63b56eedaf862227ffb00c36c06d6b809f1a864606a7acc97e0e1c92b395,True,0.9765625,2.1740442709997296,0.12126782699488103,2.2953120979946107,2.3023230800172314,True,True,False,UnitTestFailure,failed: abcd
HumanEval-RandomSpanInfillingLight:80:794a74636fa0c8ed|alpha_renamed_auxiliary|canvas=64|seed=1,HumanEval-RandomSpanInfillingLight:80:794a74636fa0c8ed,72,HumanEval/80,extreme,alpha_renamed_auxiliary,metamorphic_auxiliary_only,False,64,1,64,ok,False,37,64,2f0cf190773510018ad7c7c2ee76d03c1361eea30d449e36da8507589a9e1d6d,332da5fa91ae09bcdd7bce617c0d7878c50ed8ddcdb631d1e60ea0ffe57aa7b9,58b358a79a0c92cbd2dc9510ece6f9c179e0fa9d758c2f1f3ba70cb781c69cdd,62fc72a8fb4ae74a468f421c761402406273d5616ed0cea732bcdea24efd9aa7,146580bc5b504786254e657ea804e500ca8de174efe5a43368ace846b0093aa5,08dd63b56eedaf862227ffb00c36c06d6b809f1a864606a7acc97e0e1c92b395,True,0.9765625,2.170754016027786,0.15054926299490035,2.321303279022686,2.331219306914136,True,True,False,UnitTestFailure,failed: abcd
HumanEval-RandomSpanInfillingLight:80:794a74636fa0c8ed|alpha_renamed_auxiliary|canvas=128|seed=0,HumanEval-RandomSpanInfillingLight:80:794a74636fa0c8ed,72,HumanEval/80,extreme,alpha_renamed_auxiliary,metamorphic_auxiliary_only,False,128,0,64,ok,True,37,128,c1c169212298ae6a49bf1b2f19f7dbae1b93ea5ea5d7f33a8d16503033cdedd8,c2f2e2806fb85543e697190ac56d6a4bb3c800769b5052af8e3443305c520a83,ab5aac729ef7fa862ed94f9c88bdc5613c75fc767166cefcd97f8bd5df47d5c2,bc9bfb45ff50ed4b3db5f745f578fd146abe048406cd7b4f1407dae85291842d,2149febcc83d68b9af5b0278a054b89ddb350027b420ef177df844d4dd052d39,c4d3707d50176aaacf095a7bc727de4a2b253d41178ae146ada951dd8fd69945,True,0.9921875,2.7783051639562473,0.12576654215808958,2.904071706114337,2.914572173031047,True,True,True,,
HumanEval-RandomSpanInfillingLight:80:794a74636fa0c8ed|alpha_renamed_auxiliary|canvas=128|seed=1,HumanEval-RandomSpanInfillingLight:80:794a74636fa0c8ed,72,HumanEval/80,extreme,alpha_renamed_auxiliary,metamorphic_auxiliary_only,False,128,1,64,ok,True,37,128,c1c169212298ae6a49bf1b2f19f7dbae1b93ea5ea5d7f33a8d16503033cdedd8,c2f2e2806fb85543e697190ac56d6a4bb3c800769b5052af8e3443305c520a83,ab5aac729ef7fa862ed94f9c88bdc5613c75fc767166cefcd97f8bd5df47d5c2,bc9bfb45ff50ed4b3db5f745f578fd146abe048406cd7b4f1407dae85291842d,2149febcc83d68b9af5b0278a054b89ddb350027b420ef177df844d4dd052d39,c4d3707d50176aaacf095a7bc727de4a2b253d41178ae146ada951dd8fd69945,True,0.9921875,2.7441168730147183,0.14771118410862982,2.891828057123348,2.9042435879819095,True,True,True,,
HumanEval-RandomSpanInfillingLight:82:9d6ca96cfb19f579|alpha_renamed_auxiliary|canvas=16|seed=0,HumanEval-RandomSpanInfillingLight:82:9d6ca96cfb19f579,73,HumanEval/82,extreme,alpha_renamed_auxiliary,metamorphic_auxiliary_only,False,16,0,64,ok,False,34,16,f39da87a3f28aef869e7d0d0b14accd2cdb60bbf391a08d5d2c33b9167a98c3e,39e88e519af0eb620dfc6dda36e1ee33e37bf4405be3d162b813ba567a9c2097,b0b755093be304d45df6ec3bec9da4d67742cf97b14de46765c3ea2975071e09,7d69077e2a3f1ad63933450293353d683c524742f3e9de0e41ce19f7bac656b0,0b5fdd4ec240c0abc6b29d89fe1db67f9e84680000503ee2e77b811f93247cc3,f77847ece808b687e997b2c6b9364eb7ed6fa40be966c8f1f349812a8c780f40,True,1.0,1.737181804026477,0.14138199796434492,1.878563801990822,1.8867203689878806,True,True,False,UnitTestFailure,failed: name 'phase5_local_1' is not defined
HumanEval-RandomSpanInfillingLight:82:9d6ca96cfb19f579|alpha_renamed_auxiliary|canvas=16|seed=1,HumanEval-RandomSpanInfillingLight:82:9d6ca96cfb19f579,73,HumanEval/82,extreme,alpha_renamed_auxiliary,metamorphic_auxiliary_only,False,16,1,64,ok,False,34,16,f39da87a3f28aef869e7d0d0b14accd2cdb60bbf391a08d5d2c33b9167a98c3e,39e88e519af0eb620dfc6dda36e1ee33e37bf4405be3d162b813ba567a9c2097,b0b755093be304d45df6ec3bec9da4d67742cf97b14de46765c3ea2975071e09,7d69077e2a3f1ad63933450293353d683c524742f3e9de0e41ce19f7bac656b0,0b5fdd4ec240c0abc6b29d89fe1db67f9e84680000503ee2e77b811f93247cc3,f77847ece808b687e997b2c6b9364eb7ed6fa40be966c8f1f349812a8c780f40,True,1.0,1.737562294001691,0.14831474085804075,1.8858770348597318,1.8923900029622018,True,True,False,UnitTestFailure,failed: name 'phase5_local_1' is not defined
HumanEval-RandomSpanInfillingLight:82:9d6ca96cfb19f579|alpha_renamed_auxiliary|canvas=32|seed=0,HumanEval-RandomSpanInfillingLight:82:9d6ca96cfb19f579,73,HumanEval/82,extreme,alpha_renamed_auxiliary,metamorphic_auxiliary_only,False,32,0,64,ok,False,34,32,72ca100987f0f7ee57fd15c1cb948860426aff17ef1a7dba00ef9583ccdc80db,95e7bf413ca5cf073d311d42f4d1876cf386e08983a26873ba63151558cd5999,4d6d406f970877ba15e7f8bb63e6de7cb8bb9cdd7389e373c1c17386e2de7703,fb5bfff43f109484fd7f2c8b521c0f7d32b405b9fae4a612f326a189ec4be2be,b30fd0e8e3cdd3929826af1c62ece3a7aa86dfdd7cc182c0be92afc06029a264,70bcc248421177ea4824a4bddde22c3608305eafc290920088bb19cdc52a948b,True,1.0,1.9302706740563735,0.13630826282314956,2.066578936879523,2.0744885629974306,True,True,False,UnitTestFailure,failed:
HumanEval-RandomSpanInfillingLight:82:9d6ca96cfb19f579|alpha_renamed_auxiliary|canvas=32|seed=1,HumanEval-RandomSpanInfillingLight:82:9d6ca96cfb19f579,73,HumanEval/82,extreme,alpha_renamed_auxiliary,metamorphic_auxiliary_only,False,32,1,64,ok,False,34,32,72ca100987f0f7ee57fd15c1cb948860426aff17ef1a7dba00ef9583ccdc80db,95e7bf413ca5cf073d311d42f4d1876cf386e08983a26873ba63151558cd5999,4d6d406f970877ba15e7f8bb63e6de7cb8bb9cdd7389e373c1c17386e2de7703,fb5bfff43f109484fd7f2c8b521c0f7d32b405b9fae4a612f326a189ec4be2be,b30fd0e8e3cdd3929826af1c62ece3a7aa86dfdd7cc182c0be92afc06029a264,70bcc248421177ea4824a4bddde22c3608305eafc290920088bb19cdc52a948b,True,1.0,1.9313763240352273,0.1433983378810808,2.074774661916308,2.081867289962247,True,True,False,UnitTestFailure,failed:
HumanEval-RandomSpanInfillingLight:82:9d6ca96cfb19f579|alpha_renamed_auxiliary|canvas=64|seed=0,HumanEval-RandomSpanInfillingLight:82:9d6ca96cfb19f579,73,HumanEval/82,extreme,alpha_renamed_auxiliary,metamorphic_auxiliary_only,False,64,0,64,ok,True,34,64,610839d4f1423a14975d80ff86cbf7b4411c4bd45071d7195c05e6a354ec8df4,1520e39344e39309941ff2d1b4d9139d7fc65964e65307fa05b06a9cb316a8e0,446026340eb7c1078699c1bdbc2041bec8c204f7c3b5a4f41b4d61935894d303,315bdf1562e98bd7ba1f14f922796174bf7ff4748914732a189f83f9157d2714,5ffbe3842157e14c08a182e5a7ae827499ac6845f00644dd20e2a279593418d4,107c5bff04ee433161142a5a06b9e6ae3fec212bd1e18bd000b5f5cea479b6df,True,1.0,1.998707443010062,0.1283713160082698,2.1270787590183318,2.1345179500058293,True,True,True,,
HumanEval-RandomSpanInfillingLight:82:9d6ca96cfb19f579|alpha_renamed_auxiliary|canvas=64|seed=1,HumanEval-RandomSpanInfillingLight:82:9d6ca96cfb19f579,73,HumanEval/82,extreme,alpha_renamed_auxiliary,metamorphic_auxiliary_only,False,64,1,64,ok,True,34,64,610839d4f1423a14975d80ff86cbf7b4411c4bd45071d7195c05e6a354ec8df4,1520e39344e39309941ff2d1b4d9139d7fc65964e65307fa05b06a9cb316a8e0,446026340eb7c1078699c1bdbc2041bec8c204f7c3b5a4f41b4d61935894d303,315bdf1562e98bd7ba1f14f922796174bf7ff4748914732a189f83f9157d2714,5ffbe3842157e14c08a182e5a7ae827499ac6845f00644dd20e2a279593418d4,107c5bff04ee433161142a5a06b9e6ae3fec212bd1e18bd000b5f5cea479b6df,True,1.0,2.0028058929601684,0.1333322589052841,2.1361381518654525,2.1449490850791335,True,True,True,,
HumanEval-RandomSpanInfillingLight:82:9d6ca96cfb19f579|alpha_renamed_auxiliary|canvas=128|seed=0,HumanEval-RandomSpanInfillingLight:82:9d6ca96cfb19f579,73,HumanEval/82,extreme,alpha_renamed_auxiliary,metamorphic_auxiliary_only,False,128,0,64,ok,True,34,128,d4f78012fd43a9d4fb1d4e1c3ed41cf58a19faa00d575ab4582e1a03d2bd0c8a,2e2cc70bbdb1891eec0abe24612e63f6714475b05568c4f7147a7eb943e6157b,2da278f759d630dff235ee03bbe6d3262ed284c08168a761944121792e3961c5,754546118984e07f28d4098fa734fe323bca5ca90333c8310918bbfc727c7d14,123d19a5151cbb5efd2c123ef0d1b3620c94c5963cce4574889abdd7ffcbcc12,42fe8c11b325529873408ae51e1dd601f31ddff7c79aea76f5d73d0af1a4ca31,True,0.984375,2.22377946798224,0.13906037411652505,2.362839842098765,2.3726976700127125,True,True,True,,
HumanEval-RandomSpanInfillingLight:82:9d6ca96cfb19f579|alpha_renamed_auxiliary|canvas=128|seed=1,HumanEval-RandomSpanInfillingLight:82:9d6ca96cfb19f579,73,HumanEval/82,extreme,alpha_renamed_auxiliary,metamorphic_auxiliary_only,False,128,1,64,ok,True,34,128,d4f78012fd43a9d4fb1d4e1c3ed41cf58a19faa00d575ab4582e1a03d2bd0c8a,2e2cc70bbdb1891eec0abe24612e63f6714475b05568c4f7147a7eb943e6157b,2da278f759d630dff235ee03bbe6d3262ed284c08168a761944121792e3961c5,754546118984e07f28d4098fa734fe323bca5ca90333c8310918bbfc727c7d14,123d19a5151cbb5efd2c123ef0d1b3620c94c5963cce4574889abdd7ffcbcc12,42fe8c11b325529873408ae51e1dd601f31ddff7c79aea76f5d73d0af1a4ca31,True,0.984375,2.2228447019588202,0.1422140640206635,2.3650587659794837,2.37481299508363,True,True,True,,
HumanEval-RandomSpanInfillingLight:85:9ac42109d4bb7c70|alpha_renamed_auxiliary|canvas=16|seed=0,HumanEval-RandomSpanInfillingLight:85:9ac42109d4bb7c70,75,HumanEval/85,long,alpha_renamed_auxiliary,metamorphic_auxiliary_only,False,16,0,64,ok,False,20,16,e3ea985294e17419a9cc4b8326904d6aca2d762e4134873b2641c222653789df,d6533d34d69c70dad18cbf83d00d9c9815307e3e74b23bfc944be7194d48c264,f1ed1dfcfe99d3a8a3fcea910a6992d49fa0308d98979dc8e8abdca2d02c2a04,2feed2f66f59d9a2abbed6e43fa7a1f6ed28199217cd4bec6ac6c1b8fc7b7d68,bf8f4c7561df55484dc95ce31e2fade1ed474d173e61e2106678c9bd575a3ef8,a12a1f928421d4882ab4240110c862a37260960ef7b5ca4c13a22c3542c0d72e,True,0.9921875,1.7388445859542117,0.14142468699719757,1.8802692729514092,1.886646869010292,True,True,False,UnitTestFailure,failed: unsupported operand type(s) for %: 'tuple' and 'int'
HumanEval-RandomSpanInfillingLight:85:9ac42109d4bb7c70|alpha_renamed_auxiliary|canvas=16|seed=1,HumanEval-RandomSpanInfillingLight:85:9ac42109d4bb7c70,75,HumanEval/85,long,alpha_renamed_auxiliary,metamorphic_auxiliary_only,False,16,1,64,ok,False,20,16,e3ea985294e17419a9cc4b8326904d6aca2d762e4134873b2641c222653789df,d6533d34d69c70dad18cbf83d00d9c9815307e3e74b23bfc944be7194d48c264,f1ed1dfcfe99d3a8a3fcea910a6992d49fa0308d98979dc8e8abdca2d02c2a04,2feed2f66f59d9a2abbed6e43fa7a1f6ed28199217cd4bec6ac6c1b8fc7b7d68,bf8f4c7561df55484dc95ce31e2fade1ed474d173e61e2106678c9bd575a3ef8,a12a1f928421d4882ab4240110c862a37260960ef7b5ca4c13a22c3542c0d72e,True,0.9921875,1.748422526055947,0.14188697305507958,1.8903094991110265,1.8957574780797586,True,True,False,UnitTestFailure,failed: unsupported operand type(s) for %: 'tuple' and 'int'
HumanEval-RandomSpanInfillingLight:85:9ac42109d4bb7c70|alpha_renamed_auxiliary|canvas=32|seed=0,HumanEval-RandomSpanInfillingLight:85:9ac42109d4bb7c70,75,HumanEval/85,long,alpha_renamed_auxiliary,metamorphic_auxiliary_only,False,32,0,64,ok,True,20,32,5478504a657d1ab15caa76732f417acd0c3fd315576320eebd84780308b4c6a9,8d9642a0dd50dcab30c50c0ceddbc79b73bff15aae10e78edb43a66916d234ae,97811d47d42a9654aa581cd475679f74ee85ece9a63325598dc423f0aacc5849,a35cb978407c12795bece19ba0d7153244b7a673f5bfac782e875c16f168ef89,1ea4dfad5cadbdc38e6336b8172cd27449c6894c8c27bc7d323d66ddc6a08e11,edb24e8b9ea6086f1d59b6dfc90892b8b4e57cf4e4a33a2244847e641195e8f1,True,0.984375,1.7112073979806155,0.16403468290809542,1.875242080888711,1.8811851619975641,True,True,True,,
HumanEval-RandomSpanInfillingLight:85:9ac42109d4bb7c70|alpha_renamed_auxiliary|canvas=32|seed=1,HumanEval-RandomSpanInfillingLight:85:9ac42109d4bb7c70,75,HumanEval/85,long,alpha_renamed_auxiliary,metamorphic_auxiliary_only,False,32,1,64,ok,True,20,32,5478504a657d1ab15caa76732f417acd0c3fd315576320eebd84780308b4c6a9,8d9642a0dd50dcab30c50c0ceddbc79b73bff15aae10e78edb43a66916d234ae,97811d47d42a9654aa581cd475679f74ee85ece9a63325598dc423f0aacc5849,a35cb978407c12795bece19ba0d7153244b7a673f5bfac782e875c16f168ef89,1ea4dfad5cadbdc38e6336b8172cd27449c6894c8c27bc7d323d66ddc6a08e11,edb24e8b9ea6086f1d59b6dfc90892b8b4e57cf4e4a33a2244847e641195e8f1,True,0.984375,1.7190203580539674,0.1396337210899219,1.8586540791438892,1.8637558690970764,True,True,True,,
HumanEval-RandomSpanInfillingLight:85:9ac42109d4bb7c70|alpha_renamed_auxiliary|canvas=64|seed=0,HumanEval-RandomSpanInfillingLight:85:9ac42109d4bb7c70,75,HumanEval/85,long,alpha_renamed_auxiliary,metamorphic_auxiliary_only,False,64,0,64,ok,True,20,64,fd3e48ee7b60b90ce1ec47f85c28cc61a3e4041061673b23df6a454fb26661f4,cefe12d9e27e5e24f8d3daae3a69d8cf96f0efaba75c4fcb20abd9920c47785d,5a8f1092660fa19f70c12e7b020d965c98d7bbe13ee24bc6a3b360af62315522,24ec44ade405ecafbccd0efb259f31234c280b6d75f6dbaf2de9effc54c13781,fd618dccf2d0589b3562bc6e256106353e9e7bcde5d84f16733be47d0bae4556,7468db11e67132c899633eb07c53ac028051c218f752d425a9a3e6cd6352fe7e,True,0.98828125,1.9184117689728737,0.1360189289553091,2.054430697928183,2.062526760972105,True,True,True,,
HumanEval-RandomSpanInfillingLight:85:9ac42109d4bb7c70|alpha_renamed_auxiliary|canvas=64|seed=1,HumanEval-RandomSpanInfillingLight:85:9ac42109d4bb7c70,75,HumanEval/85,long,alpha_renamed_auxiliary,metamorphic_auxiliary_only,False,64,1,64,ok,True,20,64,fd3e48ee7b60b90ce1ec47f85c28cc61a3e4041061673b23df6a454fb26661f4,cefe12d9e27e5e24f8d3daae3a69d8cf96f0efaba75c4fcb20abd9920c47785d,5a8f1092660fa19f70c12e7b020d965c98d7bbe13ee24bc6a3b360af62315522,24ec44ade405ecafbccd0efb259f31234c280b6d75f6dbaf2de9effc54c13781,fd618dccf2d0589b3562bc6e256106353e9e7bcde5d84f16733be47d0bae4556,7468db11e67132c899633eb07c53ac028051c218f752d425a9a3e6cd6352fe7e,True,0.98828125,1.9433080370072275,0.14072477899026126,2.084032815997489,2.0897526299813762,True,True,True,,
HumanEval-RandomSpanInfillingLight:85:9ac42109d4bb7c70|alpha_renamed_auxiliary|canvas=128|seed=0,HumanEval-RandomSpanInfillingLight:85:9ac42109d4bb7c70,75,HumanEval/85,long,alpha_renamed_auxiliary,metamorphic_auxiliary_only,False,128,0,64,ok,False,20,128,9ebf3f1af024b05abcaf9b83f0a1ceee9811116442db57b7bd3aacaf7e9ba0ba,c017342533f7702f942c75593ff5bcf861c9628e0a936d81f3ffafdf38c2bf58,,cf25cd687910f400f9f44f4978db79434cf2ab11b6ee961a90d6fa37f77dbc08,67ed3f73d4fc6a1330b74a5c8864082ebca5c218cd1066176a11e87a71bcb83a,,False,0.9765625,2.2403338690055534,0.0001909410348162055,2.2405248100403696,2.245650122058578,False,False,False,SyntaxError,"invalid syntax (<unknown>, line 11)"
HumanEval-RandomSpanInfillingLight:85:9ac42109d4bb7c70|alpha_renamed_auxiliary|canvas=128|seed=1,HumanEval-RandomSpanInfillingLight:85:9ac42109d4bb7c70,75,HumanEval/85,long,alpha_renamed_auxiliary,metamorphic_auxiliary_only,False,128,1,64,ok,False,20,128,9ebf3f1af024b05abcaf9b83f0a1ceee9811116442db57b7bd3aacaf7e9ba0ba,c017342533f7702f942c75593ff5bcf861c9628e0a936d81f3ffafdf38c2bf58,,cf25cd687910f400f9f44f4978db79434cf2ab11b6ee961a90d6fa37f77dbc08,67ed3f73d4fc6a1330b74a5c8864082ebca5c218cd1066176a11e87a71bcb83a,,False,0.9765625,2.22300769505091,0.00012938305735588074,2.223137078108266,2.228538741939701,False,False,False,SyntaxError,"invalid syntax (<unknown>, line 11)"
HumanEval-RandomSpanInfillingLight:86:36a55f80f0b49607|alpha_renamed_auxiliary|canvas=16|seed=0,HumanEval-RandomSpanInfillingLight:86:36a55f80f0b49607,76,HumanEval/86,medium,alpha_renamed_auxiliary,metamorphic_auxiliary_only,False,16,0,64,ok,True,14,16,e61aae0e9f8591a9f357960e83e2e188ca54d5bca786ae25e69396a5ec6ab4b0,d7408201a652e552d99702f45625b44c76cc6bf7da3fc340fd7da820ff7a6d05,d3ec0fccae38af3aa40c5f4f05e459f218513120539d6fc46974b9f3abdf7d8a,e61aae0e9f8591a9f357960e83e2e188ca54d5bca786ae25e69396a5ec6ab4b0,d7408201a652e552d99702f45625b44c76cc6bf7da3fc340fd7da820ff7a6d05,d3ec0fccae38af3aa40c5f4f05e459f218513120539d6fc46974b9f3abdf7d8a,True,1.0,1.9665404140250757,0.1474119679769501,2.113952382002026,2.1205069290008396,True,True,True,,
HumanEval-RandomSpanInfillingLight:86:36a55f80f0b49607|alpha_renamed_auxiliary|canvas=16|seed=1,HumanEval-RandomSpanInfillingLight:86:36a55f80f0b49607,76,HumanEval/86,medium,alpha_renamed_auxiliary,metamorphic_auxiliary_only,False,16,1,64,ok,True,14,16,e61aae0e9f8591a9f357960e83e2e188ca54d5bca786ae25e69396a5ec6ab4b0,d7408201a652e552d99702f45625b44c76cc6bf7da3fc340fd7da820ff7a6d05,d3ec0fccae38af3aa40c5f4f05e459f218513120539d6fc46974b9f3abdf7d8a,e61aae0e9f8591a9f357960e83e2e188ca54d5bca786ae25e69396a5ec6ab4b0,d7408201a652e552d99702f45625b44c76cc6bf7da3fc340fd7da820ff7a6d05,d3ec0fccae38af3aa40c5f4f05e459f218513120539d6fc46974b9f3abdf7d8a,True,1.0,1.9636524459347129,0.14269249106291682,2.1063449369976297,2.114393900032155,True,True,True,,
HumanEval-RandomSpanInfillingLight:86:36a55f80f0b49607|alpha_renamed_auxiliary|canvas=32|seed=0,HumanEval-RandomSpanInfillingLight:86:36a55f80f0b49607,76,HumanEval/86,medium,alpha_renamed_auxiliary,metamorphic_auxiliary_only,False,32,0,64,ok,False,14,32,c1671b3a4d472d5f0a5e546b9ea9a0107177fc6e0acdb0df320de41489c8a515,604b73430ed4e5c9dd871c851193ede9bc60feb3fce821d01d69541777c4ec35,3bc52b0d1721807f8c8750043eda13c6c51d9237674dacfd613f5eb75c390f1c,c1671b3a4d472d5f0a5e546b9ea9a0107177fc6e0acdb0df320de41489c8a515,604b73430ed4e5c9dd871c851193ede9bc60feb3fce821d01d69541777c4ec35,3bc52b0d1721807f8c8750043eda13c6c51d9237674dacfd613f5eb75c390f1c,True,0.9921875,1.991488077910617,0.1502215910004452,2.141709668911062,2.1492269199807197,True,True,False,UnitTestFailure,failed:
HumanEval-RandomSpanInfillingLight:86:36a55f80f0b49607|alpha_renamed_auxiliary|canvas=32|seed=1,HumanEval-RandomSpanInfillingLight:86:36a55f80f0b49607,76,HumanEval/86,medium,alpha_renamed_auxiliary,metamorphic_auxiliary_only,False,32,1,64,ok,False,14,32,c1671b3a4d472d5f0a5e546b9ea9a0107177fc6e0acdb0df320de41489c8a515,604b73430ed4e5c9dd871c851193ede9bc60feb3fce821d01d69541777c4ec35,3bc52b0d1721807f8c8750043eda13c6c51d9237674dacfd613f5eb75c390f1c,c1671b3a4d472d5f0a5e546b9ea9a0107177fc6e0acdb0df320de41489c8a515,604b73430ed4e5c9dd871c851193ede9bc60feb3fce821d01d69541777c4ec35,3bc52b0d1721807f8c8750043eda13c6c51d9237674dacfd613f5eb75c390f1c,True,0.9921875,1.9792017129948363,0.1507434711093083,2.1299451841041446,2.1364937219768763,True,True,False,UnitTestFailure,failed:
HumanEval-RandomSpanInfillingLight:86:36a55f80f0b49607|alpha_renamed_auxiliary|canvas=64|seed=0,HumanEval-RandomSpanInfillingLight:86:36a55f80f0b49607,76,HumanEval/86,medium,alpha_renamed_auxiliary,metamorphic_auxiliary_only,False,64,0,64,ok,True,14,63,1dfcf28706c15282d0891de1971a49089ea0e8358f6dab022d89a0ac8c2c6985,da5a50487e4297ade0319576f83fa754df108c6cce99302bd76eafc0dfa1def9,0b13f0d8d1fffb62391c937c6faac1e429afca0255566e4c48c3e87e2891b189,1dfcf28706c15282d0891de1971a49089ea0e8358f6dab022d89a0ac8c2c6985,da5a50487e4297ade0319576f83fa754df108c6cce99302bd76eafc0dfa1def9,0b13f0d8d1fffb62391c937c6faac1e429afca0255566e4c48c3e87e2891b189,True,0.96875,2.1626744910608977,0.1382829569047317,2.3009574479656294,2.307284982991405,True,True,True,,
HumanEval-RandomSpanInfillingLight:86:36a55f80f0b49607|alpha_renamed_auxiliary|canvas=64|seed=1,HumanEval-RandomSpanInfillingLight:86:36a55f80f0b49607,76,HumanEval/86,medium,alpha_renamed_auxiliary,metamorphic_auxiliary_only,False,64,1,64,ok,True,14,63,1dfcf28706c15282d0891de1971a49089ea0e8358f6dab022d89a0ac8c2c6985,da5a50487e4297ade0319576f83fa754df108c6cce99302bd76eafc0dfa1def9,0b13f0d8d1fffb62391c937c6faac1e429afca0255566e4c48c3e87e2891b189,1dfcf28706c15282d0891de1971a49089ea0e8358f6dab022d89a0ac8c2c6985,da5a50487e4297ade0319576f83fa754df108c6cce99302bd76eafc0dfa1def9,0b13f0d8d1fffb62391c937c6faac1e429afca0255566e4c48c3e87e2891b189,True,0.96875,2.160090905963443,0.1405373509041965,2.3006282568676397,2.3078917489619926,True,True,True,,
HumanEval-RandomSpanInfillingLight:86:36a55f80f0b49607|alpha_renamed_auxiliary|canvas=128|seed=0,HumanEval-RandomSpanInfillingLight:86:36a55f80f0b49607,76,HumanEval/86,medium,alpha_renamed_auxiliary,metamorphic_auxiliary_only,False,128,0,64,ok,True,14,127,c74dae7fedc6c093a275e609d204e593b988ef7699ac7cd8c6a8aab13a019129,a234a71cd920b75afb9ffe88d1666a32878b218b64f9426d0efdf9d9d53572eb,cba3746788a1cd93e103a1e57995cef4495afd485029dafd7db1421e263b9ba3,c74dae7fedc6c093a275e609d204e593b988ef7699ac7cd8c6a8aab13a019129,a234a71cd920b75afb9ffe88d1666a32878b218b64f9426d0efdf9d9d53572eb,cba3746788a1cd93e103a1e57995cef4495afd485029dafd7db1421e263b9ba3,True,0.98828125,2.7405025359475985,0.13767779094632715,2.8781803268939257,2.888528981944546,True,True,True,,
HumanEval-RandomSpanInfillingLight:86:36a55f80f0b49607|alpha_renamed_auxiliary|canvas=128|seed=1,HumanEval-RandomSpanInfillingLight:86:36a55f80f0b49607,76,HumanEval/86,medium,alpha_renamed_auxiliary,metamorphic_auxiliary_only,False,128,1,64,ok,True,14,127,c74dae7fedc6c093a275e609d204e593b988ef7699ac7cd8c6a8aab13a019129,a234a71cd920b75afb9ffe88d1666a32878b218b64f9426d0efdf9d9d53572eb,cba3746788a1cd93e103a1e57995cef4495afd485029dafd7db1421e263b9ba3,c74dae7fedc6c093a275e609d204e593b988ef7699ac7cd8c6a8aab13a019129,a234a71cd920b75afb9ffe88d1666a32878b218b64f9426d0efdf9d9d53572eb,cba3746788a1cd93e103a1e57995cef4495afd485029dafd7db1421e263b9ba3,True,0.98828125,2.741361037013121,0.13398469996172935,2.8753457369748503,2.8846972160972655,True,True,True,,
HumanEval-RandomSpanInfillingLight:89:4ee80a7700ef6e98|alpha_renamed_auxiliary|canvas=16|seed=0,HumanEval-RandomSpanInfillingLight:89:4ee80a7700ef6e98,79,HumanEval/89,medium,alpha_renamed_auxiliary,metamorphic_auxiliary_only,False,16,0,64,ok,False,15,16,4618bdfb50bac4c1a60452bff6e49fa38253d7a62ad0ba4306d681ee8ce1ba17,42808b04c500b098556e6498e851dcb83c44879cb75d59eb6af90219e511f008,408330dd057e9eaae647037165a08f6aede904c415357f53354832590374bbf8,3fcc6a70edebdff1705dbbce5b210f3373a289b02f5a53aadbf6c30ca9eaaa24,7d817fd411bb66baf2f6b767655b11bef13bedeb31c0bbcd80928124bf833085,50b98a9568b46abe05e7a4ba45b8d8b3b4aca5f6dbc0576f45b08d0671a547da,True,0.99609375,2.167121480917558,0.15278021176345646,2.3199016926810145,2.32758418796584,True,True,False,UnitTestFailure,"failed: can only concatenate str (not ""int"") to str"
HumanEval-RandomSpanInfillingLight:89:4ee80a7700ef6e98|alpha_renamed_auxiliary|canvas=16|seed=1,HumanEval-RandomSpanInfillingLight:89:4ee80a7700ef6e98,79,HumanEval/89,medium,alpha_renamed_auxiliary,metamorphic_auxiliary_only,False,16,1,64,ok,False,15,16,4618bdfb50bac4c1a60452bff6e49fa38253d7a62ad0ba4306d681ee8ce1ba17,42808b04c500b098556e6498e851dcb83c44879cb75d59eb6af90219e511f008,408330dd057e9eaae647037165a08f6aede904c415357f53354832590374bbf8,3fcc6a70edebdff1705dbbce5b210f3373a289b02f5a53aadbf6c30ca9eaaa24,7d817fd411bb66baf2f6b767655b11bef13bedeb31c0bbcd80928124bf833085,50b98a9568b46abe05e7a4ba45b8d8b3b4aca5f6dbc0576f45b08d0671a547da,True,0.99609375,2.1591421799967065,0.13785414409358054,2.296996324090287,2.305600263993256,True,True,False,UnitTestFailure,"failed: can only concatenate str (not ""int"") to str"
HumanEval-RandomSpanInfillingLight:89:4ee80a7700ef6e98|alpha_renamed_auxiliary|canvas=32|seed=0,HumanEval-RandomSpanInfillingLight:89:4ee80a7700ef6e98,79,HumanEval/89,medium,alpha_renamed_auxiliary,metamorphic_auxiliary_only,False,32,0,64,ok,True,15,32,93da1b0fa3872620be045b271bc6230c63a2f432398baa39f785f9d7f7000cde,136b57d7cb5ffd74178d39acb019a7f2acce590fdf0100b5c62b656e43ef4833,ed582f0d884c57226830185d69ebeae9c62c317bd419e3f10a6ab8afae92d57e,c4a007ffcac95d750ba1f260b96589cb5780570b9c97c1c5248d748ee3cf9d03,878476b68dfa640fba8ea68e4634fa4106c1163b2a1bd22bd80c8d3165b95f1d,e37064fc4c9cfc10d56aab2fc16c4c5cec58b2ec068e2924981d21a358435ff3,True,0.984375,2.1842545069521293,0.15077754796948284,2.335032054921612,2.3448510870803148,True,True,True,,
HumanEval-RandomSpanInfillingLight:89:4ee80a7700ef6e98|alpha_renamed_auxiliary|canvas=32|seed=1,HumanEval-RandomSpanInfillingLight:89:4ee80a7700ef6e98,79,HumanEval/89,medium,alpha_renamed_auxiliary,metamorphic_auxiliary_only,False,32,1,64,ok,True,15,32,93da1b0fa3872620be045b271bc6230c63a2f432398baa39f785f9d7f7000cde,136b57d7cb5ffd74178d39acb019a7f2acce590fdf0100b5c62b656e43ef4833,ed582f0d884c57226830185d69ebeae9c62c317bd419e3f10a6ab8afae92d57e,c4a007ffcac95d750ba1f260b96589cb5780570b9c97c1c5248d748ee3cf9d03,878476b68dfa640fba8ea68e4634fa4106c1163b2a1bd22bd80c8d3165b95f1d,e37064fc4c9cfc10d56aab2fc16c4c5cec58b2ec068e2924981d21a358435ff3,True,0.984375,2.182987055974081,0.13982243393547833,2.3228094899095595,2.3307643729494885,True,True,True,,
HumanEval-RandomSpanInfillingLight:89:4ee80a7700ef6e98|alpha_renamed_auxiliary|canvas=64|seed=0,HumanEval-RandomSpanInfillingLight:89:4ee80a7700ef6e98,79,HumanEval/89,medium,alpha_renamed_auxiliary,metamorphic_auxiliary_only,False,64,0,64,ok,False,15,64,34be27c02dbeb414441ff159ba85602d95cd0f3795403c60a269f84507b8d3e9,9ce1d5e540ddf33425b6722bb075d0b6de30b93e86439db054b2790c54a7cbd6,4a4b6703fe2c9e8aa77e73b0d54b66ecd19e54685927f8f35adda449f1e0e4e9,16effebd1fb46b577a2c945ed559b0fa520c0125f16a8f011de55ab2b9504b9c,8fd6ded7f473b6e5fe422106ac10dc8640c2815d7f8b63faf2a8d77013bb510a,6822c953063d48e85e7e4882d2223daec3b4bb7920416f661416de4c8f6692bb,True,0.97265625,2.703005275921896,0.14652397204190493,2.849529247963801,2.8579612859757617,True,True,False,UnitTestFailure,failed: string index out of range
HumanEval-RandomSpanInfillingLight:89:4ee80a7700ef6e98|alpha_renamed_auxiliary|canvas=64|seed=1,HumanEval-RandomSpanInfillingLight:89:4ee80a7700ef6e98,79,HumanEval/89,medium,alpha_renamed_auxiliary,metamorphic_auxiliary_only,False,64,1,64,ok,False,15,64,34be27c02dbeb414441ff159ba85602d95cd0f3795403c60a269f84507b8d3e9,9ce1d5e540ddf33425b6722bb075d0b6de30b93e86439db054b2790c54a7cbd6,4a4b6703fe2c9e8aa77e73b0d54b66ecd19e54685927f8f35adda449f1e0e4e9,16effebd1fb46b577a2c945ed559b0fa520c0125f16a8f011de55ab2b9504b9c,8fd6ded7f473b6e5fe422106ac10dc8640c2815d7f8b63faf2a8d77013bb510a,6822c953063d48e85e7e4882d2223daec3b4bb7920416f661416de4c8f6692bb,True,0.97265625,2.705431087058969,0.14972744206897914,2.855158529127948,2.862275784020312,True,True,False,UnitTestFailure,failed: string index out of range
HumanEval-RandomSpanInfillingLight:89:4ee80a7700ef6e98|alpha_renamed_auxiliary|canvas=128|seed=0,HumanEval-RandomSpanInfillingLight:89:4ee80a7700ef6e98,79,HumanEval/89,medium,alpha_renamed_auxiliary,metamorphic_auxiliary_only,False,128,0,64,ok,False,15,128,7773fbb849b82378cf3044c10da1a8f2a4cef495e433a59778b1689cd536b8b7,e90097c1ce8df40c66af8d6b168b715bf81785e15d1d89586908e4e18e647654,52ff57ca3bc38044b0e301217209542801ade883e2cb3bfc1edc536a5afa3220,8380040bf08a41877f41f00ca9763e7abf45df2ded9b812998a8df2571bbcfd5,b379c608632521b5fa19a700e23b4a17c23bd6eb3e0e3d2e08144b76c1da02ad,c528ccf7c9642fc2320104e7d62d4479d3ec7c266858dcc42412ecb0eb814dbe,False,0.984375,2.8573862590128556,0.15160359302535653,3.008989852038212,3.0184401219012216,True,True,False,UnitTestFailure,failed: invalid literal for int() with base 10: 'h'
HumanEval-RandomSpanInfillingLight:89:4ee80a7700ef6e98|alpha_renamed_auxiliary|canvas=128|seed=1,HumanEval-RandomSpanInfillingLight:89:4ee80a7700ef6e98,79,HumanEval/89,medium,alpha_renamed_auxiliary,metamorphic_auxiliary_only,False,128,1,64,ok,False,15,128,7773fbb849b82378cf3044c10da1a8f2a4cef495e433a59778b1689cd536b8b7,e90097c1ce8df40c66af8d6b168b715bf81785e15d1d89586908e4e18e647654,52ff57ca3bc38044b0e301217209542801ade883e2cb3bfc1edc536a5afa3220,8380040bf08a41877f41f00ca9763e7abf45df2ded9b812998a8df2571bbcfd5,b379c608632521b5fa19a700e23b4a17c23bd6eb3e0e3d2e08144b76c1da02ad,c528ccf7c9642fc2320104e7d62d4479d3ec7c266858dcc42412ecb0eb814dbe,False,0.984375,2.858221797971055,0.1495439640711993,3.007765762042254,3.018229138921015,True,True,False,UnitTestFailure,failed: invalid literal for int() with base 10: 'h'
HumanEval-RandomSpanInfillingLight:93:8c0b3c4c468b2fdd|alpha_renamed_auxiliary|canvas=16|seed=0,HumanEval-RandomSpanInfillingLight:93:8c0b3c4c468b2fdd,82,HumanEval/93,extreme,alpha_renamed_auxiliary,metamorphic_auxiliary_only,False,16,0,64,ok,False,32,15,ba34525760702cb501782e18d82edeb589367638b20e3459405f214ff0bae26e,dfa2347411ca11abf9d9b2be598ce00e2c4cea2f21ce9ef71a9505256c8fb93f,cee47ec1001bfe2fe3d68fd004b711b65d45c9e12ca1b88841f737f6067b7f04,2148d308022aa23ac029887d92b5cb1c83a7958f152ad628e6821c7533ca65ab,592557a183665053a1501a2af08b1734ee17c1b6c8c9bfcf3cd5ff3ef2c128e6,2b0efff6854fd94bd1d49f197b93b0faa6db61a88f3bf65c8c445a6d3fc7a6f9,True,0.94921875,2.1491049439646304,0.15948784700594842,2.308592790970579,2.3173124759923667,True,True,False,UnitTestFailure,failed: string indices must be integers
HumanEval-RandomSpanInfillingLight:93:8c0b3c4c468b2fdd|alpha_renamed_auxiliary|canvas=16|seed=1,HumanEval-RandomSpanInfillingLight:93:8c0b3c4c468b2fdd,82,HumanEval/93,extreme,alpha_renamed_auxiliary,metamorphic_auxiliary_only,False,16,1,64,ok,False,32,15,ba34525760702cb501782e18d82edeb589367638b20e3459405f214ff0bae26e,dfa2347411ca11abf9d9b2be598ce00e2c4cea2f21ce9ef71a9505256c8fb93f,cee47ec1001bfe2fe3d68fd004b711b65d45c9e12ca1b88841f737f6067b7f04,2148d308022aa23ac029887d92b5cb1c83a7958f152ad628e6821c7533ca65ab,592557a183665053a1501a2af08b1734ee17c1b6c8c9bfcf3cd5ff3ef2c128e6,2b0efff6854fd94bd1d49f197b93b0faa6db61a88f3bf65c8c445a6d3fc7a6f9,True,0.94921875,2.145240462035872,0.14352947403676808,2.28876993607264,2.2981088599190116,True,True,False,UnitTestFailure,failed: string indices must be integers
HumanEval-RandomSpanInfillingLight:93:8c0b3c4c468b2fdd|alpha_renamed_auxiliary|canvas=32|seed=0,HumanEval-RandomSpanInfillingLight:93:8c0b3c4c468b2fdd,82,HumanEval/93,extreme,alpha_renamed_auxiliary,metamorphic_auxiliary_only,False,32,0,64,ok,False,32,32,219ed96fddcbbd2165887ef034ea7328cdc264c79da343ddafaea44a23392bc5,4ad62f6b5cdfe0587bbce12feb57f4313ede34ea1ae9baff5824d8a0d62574b1,8b1856f060f02f1fafc544f6e322b9222c18b264d5fa84e8d6e63d462dcdfe6a,918ae6bd2f9b5a3655517f2e25315098fd3af1eba18adaed5c9ae0a7a24ef55c,19b1eced71666c661b8c789dd76f0caef336bcc07c12592e65edfcc11fcd5d71,e4699721ce4eb1e49845fb1bb60406fcf02505478fe308b2842b673f564f9a38,True,0.9609375,2.154376612044871,0.15261940704658628,2.306996019091457,2.3156765670282766,True,True,False,UnitTestFailure,failed: This prints if this assert fails 1 (good for debugging!)
HumanEval-RandomSpanInfillingLight:93:8c0b3c4c468b2fdd|alpha_renamed_auxiliary|canvas=32|seed=1,HumanEval-RandomSpanInfillingLight:93:8c0b3c4c468b2fdd,82,HumanEval/93,extreme,alpha_renamed_auxiliary,metamorphic_auxiliary_only,False,32,1,64,ok,False,32,32,219ed96fddcbbd2165887ef034ea7328cdc264c79da343ddafaea44a23392bc5,4ad62f6b5cdfe0587bbce12feb57f4313ede34ea1ae9baff5824d8a0d62574b1,8b1856f060f02f1fafc544f6e322b9222c18b264d5fa84e8d6e63d462dcdfe6a,918ae6bd2f9b5a3655517f2e25315098fd3af1eba18adaed5c9ae0a7a24ef55c,19b1eced71666c661b8c789dd76f0caef336bcc07c12592e65edfcc11fcd5d71,e4699721ce4eb1e49845fb1bb60406fcf02505478fe308b2842b673f564f9a38,True,0.9609375,2.150209260988049,0.13940026494674385,2.289609525934793,2.2971192869590595,True,True,False,UnitTestFailure,failed: This prints if this assert fails 1 (good for debugging!)
HumanEval-RandomSpanInfillingLight:93:8c0b3c4c468b2fdd|alpha_renamed_auxiliary|canvas=64|seed=0,HumanEval-RandomSpanInfillingLight:93:8c0b3c4c468b2fdd,82,HumanEval/93,extreme,alpha_renamed_auxiliary,metamorphic_auxiliary_only,False,64,0,64,ok,False,32,64,37226a05884f4bbaefdf0212ee06482167d1b55e7224277a3839bd96a8f47fb8,3b780348bd783f2c0017fa076745822369ec9596881a63e02c08a03ba9315ef2,ba6cb6b6df8ca6860ee784859f2300e5479d993057f1d5e2fdb981f181f8628f,0ba4142db2dfbcc0646419b4c953c9703d24ca344323edf7540876f10e2ec24e,ffbe4bb6bfe443f5bde6d3d0b6cb8cdf0158aa318a660adca07c7339c639f015,59854a1dd8e45b7f2a2dc2fa69ca0b5a8fcc433a356561994d7f4881dc4e49bc,True,0.984375,2.194342592963949,0.13645873800851405,2.330801330972463,2.338940563960932,True,True,False,UnitTestFailure,failed: This prints if this assert fails 1 (good for debugging!)
HumanEval-RandomSpanInfillingLight:93:8c0b3c4c468b2fdd|alpha_renamed_auxiliary|canvas=64|seed=1,HumanEval-RandomSpanInfillingLight:93:8c0b3c4c468b2fdd,82,HumanEval/93,extreme,alpha_renamed_auxiliary,metamorphic_auxiliary_only,False,64,1,64,ok,False,32,64,37226a05884f4bbaefdf0212ee06482167d1b55e7224277a3839bd96a8f47fb8,3b780348bd783f2c0017fa076745822369ec9596881a63e02c08a03ba9315ef2,ba6cb6b6df8ca6860ee784859f2300e5479d993057f1d5e2fdb981f181f8628f,0ba4142db2dfbcc0646419b4c953c9703d24ca344323edf7540876f10e2ec24e,ffbe4bb6bfe443f5bde6d3d0b6cb8cdf0158aa318a660adca07c7339c639f015,59854a1dd8e45b7f2a2dc2fa69ca0b5a8fcc433a356561994d7f4881dc4e49bc,True,0.984375,2.1899007220054045,0.13425484707113355,2.324155569076538,2.3314090570202097,True,True,False,UnitTestFailure,failed: This prints if this assert fails 1 (good for debugging!)
HumanEval-RandomSpanInfillingLight:93:8c0b3c4c468b2fdd|alpha_renamed_auxiliary|canvas=128|seed=0,HumanEval-RandomSpanInfillingLight:93:8c0b3c4c468b2fdd,82,HumanEval/93,extreme,alpha_renamed_auxiliary,metamorphic_auxiliary_only,False,128,0,64,ok,False,32,128,29659f0cc1d5c7b93d1d95c90a464a0f5e6f2d43bf44b1f284662da63528f191,600974efa2987bcbdf97dfacd13b9fc92e9e82458bdee595d39283fa6b122379,6fb469e7965e4ac6ef96f786b0423b8531f4a37fe552804339300faa390b1b42,4d1257088090f294100705d47065d3beb63ffb04c2a282b78e5ab3eb91fc5a51,795289396a6c895d184dcc5943276e5315b83a8472dbb46d52376255758dede4,0128c7533e75067e1d472a1825380b6a0259ea68c68b907a33384cf9be4c57c8,True,0.9765625,2.827620850992389,0.14455953892320395,2.972180389915593,2.981024891952984,True,True,False,UnitTestFailure,failed: This prints if this assert fails 1 (good for debugging!)
HumanEval-RandomSpanInfillingLight:93:8c0b3c4c468b2fdd|alpha_renamed_auxiliary|canvas=128|seed=1,HumanEval-RandomSpanInfillingLight:93:8c0b3c4c468b2fdd,82,HumanEval/93,extreme,alpha_renamed_auxiliary,metamorphic_auxiliary_only,False,128,1,64,ok,False,32,128,29659f0cc1d5c7b93d1d95c90a464a0f5e6f2d43bf44b1f284662da63528f191,600974efa2987bcbdf97dfacd13b9fc92e9e82458bdee595d39283fa6b122379,6fb469e7965e4ac6ef96f786b0423b8531f4a37fe552804339300faa390b1b42,4d1257088090f294100705d47065d3beb63ffb04c2a282b78e5ab3eb91fc5a51,795289396a6c895d184dcc5943276e5315b83a8472dbb46d52376255758dede4,0128c7533e75067e1d472a1825380b6a0259ea68c68b907a33384cf9be4c57c8,True,0.9765625,2.8095482940552756,0.14332625293172896,2.9528745469870046,2.9626703379908577,True,True,False,UnitTestFailure,failed: This prints if this assert fails 1 (good for debugging!)
HumanEval-RandomSpanInfillingLight:95:1ffeb6ea0ed5446e|alpha_renamed_auxiliary|canvas=16|seed=0,HumanEval-RandomSpanInfillingLight:95:1ffeb6ea0ed5446e,84,HumanEval/95,extreme,alpha_renamed_auxiliary,metamorphic_auxiliary_only,False,16,0,64,ok,False,56,16,6c2ac800abd65ec8446d6655f5851d2da5a25658291dcc0992873c7517dff17f,dd7abfcd8a2520cdd92486b049a21cb45faa34a0145b138950e0c3e9ba75dffd,7ccaf68c9b7caa2a9a23bf7b039b739cf7b1933e7ad522803ca5dedec2e683bf,d2a3b7b3a84a60e30d353eb3ed61868d717ded54f22fa1e33ef4d9d18f5588fb,5b44743c5462c0fb7802b8149bdb12fb0281baa367744d87cb6033af5c031678,278a350552ca1689f4cf6f097926698e372a614088839ff939825d40278e8ca3,True,1.0,2.833626418025233,0.14486733789090067,2.9784937559161335,2.989834405016154,True,True,False,UnitTestFailure,failed: local variable 'phase5_local_1' referenced before assignment
HumanEval-RandomSpanInfillingLight:95:1ffeb6ea0ed5446e|alpha_renamed_auxiliary|canvas=16|seed=1,HumanEval-RandomSpanInfillingLight:95:1ffeb6ea0ed5446e,84,HumanEval/95,extreme,alpha_renamed_auxiliary,metamorphic_auxiliary_only,False,16,1,64,ok,False,56,16,6c2ac800abd65ec8446d6655f5851d2da5a25658291dcc0992873c7517dff17f,dd7abfcd8a2520cdd92486b049a21cb45faa34a0145b138950e0c3e9ba75dffd,7ccaf68c9b7caa2a9a23bf7b039b739cf7b1933e7ad522803ca5dedec2e683bf,d2a3b7b3a84a60e30d353eb3ed61868d717ded54f22fa1e33ef4d9d18f5588fb,5b44743c5462c0fb7802b8149bdb12fb0281baa367744d87cb6033af5c031678,278a350552ca1689f4cf6f097926698e372a614088839ff939825d40278e8ca3,True,1.0,2.7940324529772624,0.1521084699779749,2.9461409229552373,2.957431711954996,True,True,False,UnitTestFailure,failed: local variable 'phase5_local_1' referenced before assignment
HumanEval-RandomSpanInfillingLight:95:1ffeb6ea0ed5446e|alpha_renamed_auxiliary|canvas=32|seed=0,HumanEval-RandomSpanInfillingLight:95:1ffeb6ea0ed5446e,84,HumanEval/95,extreme,alpha_renamed_auxiliary,metamorphic_auxiliary_only,False,32,0,64,ok,False,56,32,644eba6f5e20082649035b99c9c3cd716f164fdfe0904a19f600dff66a1f80b6,d2786b9dfa90e53bd9db7e5c9de5ab30900e8fbf7ac7972c8b5bf7a7ff64977d,8cee7b7fb546a3aaf35b2df217bc2313a1dad1ac1c3f1972bd7557ff8dd5496b,ad09a12551265980c265849380baf258500965b95f72a43a2e085b5b40674db6,53cd0d516b581881e7278c9042c87c8ff4407e4cec18c93684e8a76d89d42158,f96176e3359b1389952cc0b76ec5dc73c19be24e3f4bc059606ad4884bfedcb4,True,0.99609375,2.8357164539629593,0.14428997202776372,2.980006425990723,2.990339679061435,True,True,False,UnitTestFailure,failed: 'int' object has no attribute 'islower'
HumanEval-RandomSpanInfillingLight:95:1ffeb6ea0ed5446e|alpha_renamed_auxiliary|canvas=32|seed=1,HumanEval-RandomSpanInfillingLight:95:1ffeb6ea0ed5446e,84,HumanEval/95,extreme,alpha_renamed_auxiliary,metamorphic_auxiliary_only,False,32,1,64,ok,False,56,32,644eba6f5e20082649035b99c9c3cd716f164fdfe0904a19f600dff66a1f80b6,d2786b9dfa90e53bd9db7e5c9de5ab30900e8fbf7ac7972c8b5bf7a7ff64977d,8cee7b7fb546a3aaf35b2df217bc2313a1dad1ac1c3f1972bd7557ff8dd5496b,ad09a12551265980c265849380baf258500965b95f72a43a2e085b5b40674db6,53cd0d516b581881e7278c9042c87c8ff4407e4cec18c93684e8a76d89d42158,f96176e3359b1389952cc0b76ec5dc73c19be24e3f4bc059606ad4884bfedcb4,True,0.99609375,2.8422371390042827,0.14431700995191932,2.986554148956202,2.9966014979872853,True,True,False,UnitTestFailure,failed: 'int' object has no attribute 'islower'
HumanEval-RandomSpanInfillingLight:95:1ffeb6ea0ed5446e|alpha_renamed_auxiliary|canvas=64|seed=0,HumanEval-RandomSpanInfillingLight:95:1ffeb6ea0ed5446e,84,HumanEval/95,extreme,alpha_renamed_auxiliary,metamorphic_auxiliary_only,False,64,0,64,ok,True,56,64,09e3a83a05b5332abe3e5d3a925fa3fcdc0270622f9c7ff0223f81a6d550e5ad,9c5bfeef4ca70143d1cae51f11a4e4804bc3bb0b5bf495cdbe1523a38443129d,67e26b840641b4140da04ec3f322b8082bb99c082f6d2823613103c9216d7cc4,ce6f566d3d3a737344d6dcb4853bdbd07b49299ae39e26b6d5b78eb82fd64e54,e2fa28828c60a724aaa1e02493f121fd0d730a0966a5416320ad9c32cda335ec,ef94f66649422a42685b22fe19e67de56a74f0605be0be489c137182ebf6a135,True,0.96875,3.1310940210241824,0.14648847084026784,3.2775824918644503,3.2868945469381288,True,True,True,,
HumanEval-RandomSpanInfillingLight:95:1ffeb6ea0ed5446e|alpha_renamed_auxiliary|canvas=64|seed=1,HumanEval-RandomSpanInfillingLight:95:1ffeb6ea0ed5446e,84,HumanEval/95,extreme,alpha_renamed_auxiliary,metamorphic_auxiliary_only,False,64,1,64,ok,True,56,64,09e3a83a05b5332abe3e5d3a925fa3fcdc0270622f9c7ff0223f81a6d550e5ad,9c5bfeef4ca70143d1cae51f11a4e4804bc3bb0b5bf495cdbe1523a38443129d,67e26b840641b4140da04ec3f322b8082bb99c082f6d2823613103c9216d7cc4,ce6f566d3d3a737344d6dcb4853bdbd07b49299ae39e26b6d5b78eb82fd64e54,e2fa28828c60a724aaa1e02493f121fd0d730a0966a5416320ad9c32cda335ec,ef94f66649422a42685b22fe19e67de56a74f0605be0be489c137182ebf6a135,True,0.96875,3.1829298050142825,0.15592528379056603,3.3388550888048485,3.352643158985302,True,True,True,,
HumanEval-RandomSpanInfillingLight:95:1ffeb6ea0ed5446e|alpha_renamed_auxiliary|canvas=128|seed=0,HumanEval-RandomSpanInfillingLight:95:1ffeb6ea0ed5446e,84,HumanEval/95,extreme,alpha_renamed_auxiliary,metamorphic_auxiliary_only,False,128,0,64,ok,False,56,128,99722be34c0c5bfa1160d5525394a6f152e7704963f1234c79137cb78cf42f87,ef1f7973a4bbfd444a6fecdf3ba5ab2667ea817f0f1d0b916a8ef34a269e5870,6a5409daf4cc7965578de7bc3b391085723c654143c4db9a5ce61d8789b0df07,da4c2fac4da03ec0d0d0c1cea13715c49b42d2db0ebc97f7f5e0ee203ec04df2,2f14f9d75eaae7b706d38d7eadcd7c0d386506903c4336de80df4bf840a59fb5,86463780a6a3a7a9254f63b98e8ffed281973219fc34612792c342d893dd1f9a,True,0.9921875,3.2242327550193295,0.1442398668732494,3.368472621892579,3.380055826040916,True,True,False,UnitTestFailure,failed: 'int' object has no attribute 'islower'
HumanEval-RandomSpanInfillingLight:95:1ffeb6ea0ed5446e|alpha_renamed_auxiliary|canvas=128|seed=1,HumanEval-RandomSpanInfillingLight:95:1ffeb6ea0ed5446e,84,HumanEval/95,extreme,alpha_renamed_auxiliary,metamorphic_auxiliary_only,False,128,1,64,ok,False,56,128,99722be34c0c5bfa1160d5525394a6f152e7704963f1234c79137cb78cf42f87,ef1f7973a4bbfd444a6fecdf3ba5ab2667ea817f0f1d0b916a8ef34a269e5870,6a5409daf4cc7965578de7bc3b391085723c654143c4db9a5ce61d8789b0df07,da4c2fac4da03ec0d0d0c1cea13715c49b42d2db0ebc97f7f5e0ee203ec04df2,2f14f9d75eaae7b706d38d7eadcd7c0d386506903c4336de80df4bf840a59fb5,86463780a6a3a7a9254f63b98e8ffed281973219fc34612792c342d893dd1f9a,True,0.9921875,3.210076552000828,0.15959199401549995,3.369668546016328,3.3828353240387514,True,True,False,UnitTestFailure,failed: 'int' object has no attribute 'islower'
HumanEval-RandomSpanInfillingLight:100:c227591dff456955|alpha_renamed_auxiliary|canvas=16|seed=0,HumanEval-RandomSpanInfillingLight:100:c227591dff456955,88,HumanEval/100,short,alpha_renamed_auxiliary,metamorphic_auxiliary_only,False,16,0,64,ok,False,6,16,6aa2c6804048a6d1ac84de6094fa935668d00613b598834fcc7b6f6ae2b74b2e,e99a6bf4f8cdc74c0da7aad02c1aa021c19be025886459cbc253b685dc70cd78,08a5aa4af1b705c5204141dbefa6f2fdf1087ca1404c622a57d3b10d815b922e,8b723c267c180e24f92614cc57b6599b9f7aea49680ea84b9f39aa20e0b81de4,cf548eecefdf14e14df7c65e45b292a7b5c9d256ad78f568022bc206d2a9cae5,8aac02f70745aad5ff0e55ce93f6732167bbdc5eb3136126f3d0019acd53b8d2,False,0.98828125,1.9481721899937838,0.14629114500712603,2.09446333500091,2.101622589980252,True,True,False,UnitTestFailure,failed: Test 3
HumanEval-RandomSpanInfillingLight:100:c227591dff456955|alpha_renamed_auxiliary|canvas=16|seed=1,HumanEval-RandomSpanInfillingLight:100:c227591dff456955,88,HumanEval/100,short,alpha_renamed_auxiliary,metamorphic_auxiliary_only,False,16,1,64,ok,False,6,16,6aa2c6804048a6d1ac84de6094fa935668d00613b598834fcc7b6f6ae2b74b2e,e99a6bf4f8cdc74c0da7aad02c1aa021c19be025886459cbc253b685dc70cd78,08a5aa4af1b705c5204141dbefa6f2fdf1087ca1404c622a57d3b10d815b922e,8b723c267c180e24f92614cc57b6599b9f7aea49680ea84b9f39aa20e0b81de4,cf548eecefdf14e14df7c65e45b292a7b5c9d256ad78f568022bc206d2a9cae5,8aac02f70745aad5ff0e55ce93f6732167bbdc5eb3136126f3d0019acd53b8d2,False,0.98828125,1.9627034830627963,0.14589144999627024,2.1085949330590665,2.1161855289246887,True,True,False,UnitTestFailure,failed: Test 3
HumanEval-RandomSpanInfillingLight:100:c227591dff456955|alpha_renamed_auxiliary|canvas=32|seed=0,HumanEval-RandomSpanInfillingLight:100:c227591dff456955,88,HumanEval/100,short,alpha_renamed_auxiliary,metamorphic_auxiliary_only,False,32,0,64,ok,False,6,32,302758755fcafecff0d1db40c0a742dcca31c8a8b4e92577d5bf068b6e2bb034,49356b26c61f9cc77519b26d25a629fb0def0886ae450c447ce698722e745d38,b9a26096a5be7ec0fb486787a37c5f7d2ca2729454015f27f2efe0941eac30ad,fd43764c8ee22f9e570032ee2f948033e82e53b2592100cc3c3441f34e49c4e6,49356b26c61f9cc77519b26d25a629fb0def0886ae450c447ce698722e745d38,5854487c7306e5c84c2720a93088880ffcf87e45a598e233daf205297ad45ed2,False,0.99609375,1.983441042015329,0.13979324884712696,2.123234290862456,2.1308410889469087,True,True,False,UnitTestFailure,failed: Test 3
HumanEval-RandomSpanInfillingLight:100:c227591dff456955|alpha_renamed_auxiliary|canvas=32|seed=1,HumanEval-RandomSpanInfillingLight:100:c227591dff456955,88,HumanEval/100,short,alpha_renamed_auxiliary,metamorphic_auxiliary_only,False,32,1,64,ok,False,6,32,302758755fcafecff0d1db40c0a742dcca31c8a8b4e92577d5bf068b6e2bb034,49356b26c61f9cc77519b26d25a629fb0def0886ae450c447ce698722e745d38,b9a26096a5be7ec0fb486787a37c5f7d2ca2729454015f27f2efe0941eac30ad,fd43764c8ee22f9e570032ee2f948033e82e53b2592100cc3c3441f34e49c4e6,49356b26c61f9cc77519b26d25a629fb0def0886ae450c447ce698722e745d38,5854487c7306e5c84c2720a93088880ffcf87e45a598e233daf205297ad45ed2,False,0.99609375,1.983824435970746,0.1424409500323236,2.1262653860030696,2.1334016299806535,True,True,False,UnitTestFailure,failed: Test 3
HumanEval-RandomSpanInfillingLight:100:c227591dff456955|alpha_renamed_auxiliary|canvas=64|seed=0,HumanEval-RandomSpanInfillingLight:100:c227591dff456955,88,HumanEval/100,short,alpha_renamed_auxiliary,metamorphic_auxiliary_only,False,64,0,64,ok,False,6,64,61a9295dd4dbe6ef1478519da121a3b236a34260af09f3e4c227f2d5581c8f02,d31f30ec362814a2c5ccf1efb4aa973978d8150ee6a8c2455689b272ed36f076,755a6a9e3346ac2eaaea3bd7e32cc1e031e504d35ab3a933c048cc5f3d9492d9,a1ed0464bf6b41a82ba67349fba86bc494f03ff8139cea719bb49ff6c571e4e0,87bbdc1c1dcf23ffb7e89896b94bfc3862d703e62d34d2d96b1b1006a0cf5da7,81ddb667dccf40e92d57c23b234dc53f7c13c7c9d0591e75f70a5885e6d7a414,False,0.97265625,2.1721271720016375,0.00022944598458707333,2.1723566179862246,2.177758522098884,True,False,False,NameError,name 'n' is not defined
HumanEval-RandomSpanInfillingLight:100:c227591dff456955|alpha_renamed_auxiliary|canvas=64|seed=1,HumanEval-RandomSpanInfillingLight:100:c227591dff456955,88,HumanEval/100,short,alpha_renamed_auxiliary,metamorphic_auxiliary_only,False,64,1,64,ok,False,6,64,61a9295dd4dbe6ef1478519da121a3b236a34260af09f3e4c227f2d5581c8f02,d31f30ec362814a2c5ccf1efb4aa973978d8150ee6a8c2455689b272ed36f076,755a6a9e3346ac2eaaea3bd7e32cc1e031e504d35ab3a933c048cc5f3d9492d9,a1ed0464bf6b41a82ba67349fba86bc494f03ff8139cea719bb49ff6c571e4e0,87bbdc1c1dcf23ffb7e89896b94bfc3862d703e62d34d2d96b1b1006a0cf5da7,81ddb667dccf40e92d57c23b234dc53f7c13c7c9d0591e75f70a5885e6d7a414,False,0.97265625,2.1893055780092254,0.0004402340855449438,2.1897458120947704,2.194682848989032,True,False,False,NameError,name 'n' is not defined
HumanEval-RandomSpanInfillingLight:100:c227591dff456955|alpha_renamed_auxiliary|canvas=128|seed=0,HumanEval-RandomSpanInfillingLight:100:c227591dff456955,88,HumanEval/100,short,alpha_renamed_auxiliary,metamorphic_auxiliary_only,False,128,0,64,ok,False,6,128,c5afe52cf594ac4e71ef88639d56e89d9f9f13c058d4e13cfc759e5a435fcafb,cd15bd2fb2bed4dafae7f403fce2599fa9863df2027b9a413a08a07f51f3de9a,f046659a3194f59808bf853ada39f77647adbab32f733e70aa064a59775e58c2,011d527be5676a1efd6a0801753580da6d8de92fa8ed9692df4f5339b2beb83d,91a6dfa208f93b04c546164cc892d9a3bd28cb9f577624509c3a6854aa0cdd94,dfbc6e8e53969601e5ea3170c2d37e6725cb659e070c3ea070ab0a99946596ca,False,0.953125,2.756744437967427,0.13779694109689444,2.8945413790643215,2.9023320409469306,True,True,False,UnitTestFailure,failed: name 'phase5' is not defined
HumanEval-RandomSpanInfillingLight:100:c227591dff456955|alpha_renamed_auxiliary|canvas=128|seed=1,HumanEval-RandomSpanInfillingLight:100:c227591dff456955,88,HumanEval/100,short,alpha_renamed_auxiliary,metamorphic_auxiliary_only,False,128,1,64,ok,False,6,128,c5afe52cf594ac4e71ef88639d56e89d9f9f13c058d4e13cfc759e5a435fcafb,cd15bd2fb2bed4dafae7f403fce2599fa9863df2027b9a413a08a07f51f3de9a,f046659a3194f59808bf853ada39f77647adbab32f733e70aa064a59775e58c2,011d527be5676a1efd6a0801753580da6d8de92fa8ed9692df4f5339b2beb83d,91a6dfa208f93b04c546164cc892d9a3bd28cb9f577624509c3a6854aa0cdd94,dfbc6e8e53969601e5ea3170c2d37e6725cb659e070c3ea070ab0a99946596ca,False,0.953125,2.7729386989958584,0.14071238483302295,2.9136510838288814,2.9240172839490697,True,True,False,UnitTestFailure,failed: name 'phase5' is not defined
HumanEval-RandomSpanInfillingLight:101:13fa16e6f794534c|alpha_renamed_auxiliary|canvas=16|seed=0,HumanEval-RandomSpanInfillingLight:101:13fa16e6f794534c,89,HumanEval/101,extreme,alpha_renamed_auxiliary,metamorphic_auxiliary_only,False,16,0,64,ok,False,38,16,75e9d77a858d82ee5355504df6b75b640b1b9e86341aef343fc4fa4c1dc45a15,b16143bec9bff1520c719d4b0c96c5e2ee5fed0b02f6b434005cb1dde8592fed,16c0b477bcce4531793a0d4cf30947c311be0e56ba1b3b747c2bc126b8bc6fd9,0d907154f58e4ce9f31cac42fc3346ea5495757e829f9d5cc544711bc227207c,f07b8cb03c557c4392018c68d4ca22d01957309d665fb9c2a2a37cfb16d5d04b,b8334997e28d4ad4deaf211b2ac2ffe9ebbe88794f5712dc228d167c0d3ceb70,True,0.98828125,1.9873896209755912,0.15039908280596137,2.1377887037815526,2.1494562990264967,True,True,False,UnitTestFailure,failed: 'list' object has no attribute 'split'
HumanEval-RandomSpanInfillingLight:101:13fa16e6f794534c|alpha_renamed_auxiliary|canvas=16|seed=1,HumanEval-RandomSpanInfillingLight:101:13fa16e6f794534c,89,HumanEval/101,extreme,alpha_renamed_auxiliary,metamorphic_auxiliary_only,False,16,1,64,ok,False,38,16,75e9d77a858d82ee5355504df6b75b640b1b9e86341aef343fc4fa4c1dc45a15,b16143bec9bff1520c719d4b0c96c5e2ee5fed0b02f6b434005cb1dde8592fed,16c0b477bcce4531793a0d4cf30947c311be0e56ba1b3b747c2bc126b8bc6fd9,0d907154f58e4ce9f31cac42fc3346ea5495757e829f9d5cc544711bc227207c,f07b8cb03c557c4392018c68d4ca22d01957309d665fb9c2a2a37cfb16d5d04b,b8334997e28d4ad4deaf211b2ac2ffe9ebbe88794f5712dc228d167c0d3ceb70,True,0.98828125,1.994892144924961,0.13503350794781,2.129925652872771,2.1377476869383827,True,True,False,UnitTestFailure,failed: 'list' object has no attribute 'split'
HumanEval-RandomSpanInfillingLight:101:13fa16e6f794534c|alpha_renamed_auxiliary|canvas=32|seed=0,HumanEval-RandomSpanInfillingLight:101:13fa16e6f794534c,89,HumanEval/101,extreme,alpha_renamed_auxiliary,metamorphic_auxiliary_only,False,32,0,64,ok,False,38,32,0cd1cf30c5cf2f89585bdb0b90194b74c08efe41ed02c3999e3583c9caab9b7b,bd5dbef9ea179df7ef96f07fe4fe79399f5e82f004d8b4ea1aa75e684cbc4879,41446931ce26770d94356e70f83c3520aa48a8fffcadc8d41c46e581257196c0,3c7d20c448483f7d08f28226e2b981b08011e026cc8513a6dc6806fa59342424,ca813fa71e4a977fa2b7af22e0ada7e48e9f6b7a2425441cc0d9e4ca5bc407fb,ab53ab0ad287501d56ca7271bce3efe58a04c9ad1aa243d4a99d7eb41753c882,False,0.98046875,2.157354825991206,0.1305849839700386,2.2879398099612445,2.2953373739728704,True,True,False,UnitTestFailure,failed: 'list' object has no attribute 'join'
HumanEval-RandomSpanInfillingLight:101:13fa16e6f794534c|alpha_renamed_auxiliary|canvas=32|seed=1,HumanEval-RandomSpanInfillingLight:101:13fa16e6f794534c,89,HumanEval/101,extreme,alpha_renamed_auxiliary,metamorphic_auxiliary_only,False,32,1,64,ok,False,38,32,0cd1cf30c5cf2f89585bdb0b90194b74c08efe41ed02c3999e3583c9caab9b7b,bd5dbef9ea179df7ef96f07fe4fe79399f5e82f004d8b4ea1aa75e684cbc4879,41446931ce26770d94356e70f83c3520aa48a8fffcadc8d41c46e581257196c0,3c7d20c448483f7d08f28226e2b981b08011e026cc8513a6dc6806fa59342424,ca813fa71e4a977fa2b7af22e0ada7e48e9f6b7a2425441cc0d9e4ca5bc407fb,ab53ab0ad287501d56ca7271bce3efe58a04c9ad1aa243d4a99d7eb41753c882,False,0.98046875,2.155050282017328,0.12662494310643524,2.281675225123763,2.2882428229786456,True,True,False,UnitTestFailure,failed: 'list' object has no attribute 'join'
HumanEval-RandomSpanInfillingLight:101:13fa16e6f794534c|alpha_renamed_auxiliary|canvas=64|seed=0,HumanEval-RandomSpanInfillingLight:101:13fa16e6f794534c,89,HumanEval/101,extreme,alpha_renamed_auxiliary,metamorphic_auxiliary_only,False,64,0,64,ok,False,38,64,c55873aab07850c2a66f9863e0be854bfd286650df49cfe695765a88020cef29,eb879f8dc1b8c64e3331014677954403e31409aff767d758499a3d412a3a161d,9043ed79d2e551a8d474715234cf04b922a5f3b2b13ff37ca782483c1c50a624,149868c16a7b985c979de734aa113cd2704eed88535600fbd0971cc93320314d,df7f31840eb367fe0d5e581c730b09edfa04dc54b74fd2e2e390103370c1c0b9,39a078e8f416453ac8d8ae262161bf5e70b966e25cbe43500a2aea8c977709cb,True,0.99609375,2.150443986058235,0.14028885797597468,2.29073284403421,2.2989602939924225,True,True,False,UnitTestFailure,failed: 'list' object has no attribute 'split'
HumanEval-RandomSpanInfillingLight:101:13fa16e6f794534c|alpha_renamed_auxiliary|canvas=64|seed=1,HumanEval-RandomSpanInfillingLight:101:13fa16e6f794534c,89,HumanEval/101,extreme,alpha_renamed_auxiliary,metamorphic_auxiliary_only,False,64,1,64,ok,False,38,64,c55873aab07850c2a66f9863e0be854bfd286650df49cfe695765a88020cef29,eb879f8dc1b8c64e3331014677954403e31409aff767d758499a3d412a3a161d,9043ed79d2e551a8d474715234cf04b922a5f3b2b13ff37ca782483c1c50a624,149868c16a7b985c979de734aa113cd2704eed88535600fbd0971cc93320314d,df7f31840eb367fe0d5e581c730b09edfa04dc54b74fd2e2e390103370c1c0b9,39a078e8f416453ac8d8ae262161bf5e70b966e25cbe43500a2aea8c977709cb,True,0.99609375,2.1606469189282507,0.13841007696464658,2.2990569958928972,2.3074117850046605,True,True,False,UnitTestFailure,failed: 'list' object has no attribute 'split'
HumanEval-RandomSpanInfillingLight:101:13fa16e6f794534c|alpha_renamed_auxiliary|canvas=128|seed=0,HumanEval-RandomSpanInfillingLight:101:13fa16e6f794534c,89,HumanEval/101,extreme,alpha_renamed_auxiliary,metamorphic_auxiliary_only,False,128,0,64,ok,False,38,128,d5e9275bea897f988c27d6438d02d4b72c64f3b47edda72b794fdeb34d8c05ab,d2fb090a887cf04d8f8a9587ec7936707adafc250aeb13776a92cc331abb6abe,cb47cfbe9096b161a05ec7780e3fff658a4865362204f9c5e01126a89ab048dc,3272261f52274ae972f412b5da6ca2fa8c522efb86c11f05beac8f613ff3a141,a25a085ec344332530bbbff624dc52b33484000d388a325fe005ab286de3e0a1,2702452c13c0112ad1421f04f9f588e974d578129010433b79d8cbba51c0c269,True,0.98828125,2.7797429650090635,0.14489691890776157,2.924639883916825,2.9381376639939845,True,True,False,UnitTestFailure,failed: 'str' object has no attribute 'append'
HumanEval-RandomSpanInfillingLight:101:13fa16e6f794534c|alpha_renamed_auxiliary|canvas=128|seed=1,HumanEval-RandomSpanInfillingLight:101:13fa16e6f794534c,89,HumanEval/101,extreme,alpha_renamed_auxiliary,metamorphic_auxiliary_only,False,128,1,64,ok,False,38,128,d5e9275bea897f988c27d6438d02d4b72c64f3b47edda72b794fdeb34d8c05ab,d2fb090a887cf04d8f8a9587ec7936707adafc250aeb13776a92cc331abb6abe,cb47cfbe9096b161a05ec7780e3fff658a4865362204f9c5e01126a89ab048dc,3272261f52274ae972f412b5da6ca2fa8c522efb86c11f05beac8f613ff3a141,a25a085ec344332530bbbff624dc52b33484000d388a325fe005ab286de3e0a1,2702452c13c0112ad1421f04f9f588e974d578129010433b79d8cbba51c0c269,True,0.98828125,2.7772192880511284,0.13998649187851697,2.9172057799296454,2.9286834680242464,True,True,False,UnitTestFailure,failed: 'str' object has no attribute 'append'
HumanEval-RandomSpanInfillingLight:103:5b2e1f462db027d0|alpha_renamed_auxiliary|canvas=16|seed=0,HumanEval-RandomSpanInfillingLight:103:5b2e1f462db027d0,91,HumanEval/103,medium,alpha_renamed_auxiliary,metamorphic_auxiliary_only,False,16,0,64,ok,False,12,16,e6f820494a28f97b12e714bb7ef7ecf952ae0f88cdbcdccc3a8cae75a04b23e5,ff9f679d4dc36a2fc9af3e673ac8d9507897c1bbcddf7db59d0bba591814a67f,399de6034b85e02fab5ac10ef7bd21b9c9027d813db178f5b9721da7a2b9e1c7,89c48aa411cfd8c0be494311b96e43a2fa51b7dbfc0549233a8560b49c7a6da7,f0ef7df161809225f482d3a26eb0a4dfebc6fdd5130e33af229c1756190bd044,4c48295a98cad232261fda9b9599d3d597f94c6cd95a733d4eb980ce421428a9,True,0.99609375,2.1521105840802193,0.1098244960885495,2.2619350801687688,2.269353824085556,True,True,False,UnitTestFailure,failed: bin() takes exactly one argument (2 given)
HumanEval-RandomSpanInfillingLight:103:5b2e1f462db027d0|alpha_renamed_auxiliary|canvas=16|seed=1,HumanEval-RandomSpanInfillingLight:103:5b2e1f462db027d0,91,HumanEval/103,medium,alpha_renamed_auxiliary,metamorphic_auxiliary_only,False,16,1,64,ok,False,12,16,e6f820494a28f97b12e714bb7ef7ecf952ae0f88cdbcdccc3a8cae75a04b23e5,ff9f679d4dc36a2fc9af3e673ac8d9507897c1bbcddf7db59d0bba591814a67f,399de6034b85e02fab5ac10ef7bd21b9c9027d813db178f5b9721da7a2b9e1c7,89c48aa411cfd8c0be494311b96e43a2fa51b7dbfc0549233a8560b49c7a6da7,f0ef7df161809225f482d3a26eb0a4dfebc6fdd5130e33af229c1756190bd044,4c48295a98cad232261fda9b9599d3d597f94c6cd95a733d4eb980ce421428a9,True,0.99609375,2.1523949480615556,0.13819127902388573,2.2905862270854414,2.2989996219985187,True,True,False,UnitTestFailure,failed: bin() takes exactly one argument (2 given)
HumanEval-RandomSpanInfillingLight:103:5b2e1f462db027d0|alpha_renamed_auxiliary|canvas=32|seed=0,HumanEval-RandomSpanInfillingLight:103:5b2e1f462db027d0,91,HumanEval/103,medium,alpha_renamed_auxiliary,metamorphic_auxiliary_only,False,32,0,64,ok,False,12,32,df7722cdd618bc49a8cccd38fd6a0e982e988cd8dbbc9328561a3ad3b32352d1,524be03b6d231f8a68e2ceac72a8688c99b6bc9ff016ae55ff3e5ebb9b490e0a,d32f05bcc7b7bde6f44f6b60e2f43c34945a49a852a43b42cd8027e0cd73b056,ac11925be5785fd5714f4ac31abb640af4429f8e1c6ba09dbd254c534cf70bb7,5abfe5b43de6c37f4a17c3365a7f680ccbf7668dcea79587ebf0bb533cc7fa15,cb621b50bf66e93a17cf28e77ce63f5c5715f9ac19ff4438f7913d8a500d454e,True,0.9921875,2.163396782008931,0.12025449005886912,2.2836512720678,2.291652863030322,True,True,False,UnitTestFailure,failed:
HumanEval-RandomSpanInfillingLight:103:5b2e1f462db027d0|alpha_renamed_auxiliary|canvas=32|seed=1,HumanEval-RandomSpanInfillingLight:103:5b2e1f462db027d0,91,HumanEval/103,medium,alpha_renamed_auxiliary,metamorphic_auxiliary_only,False,32,1,64,ok,False,12,32,df7722cdd618bc49a8cccd38fd6a0e982e988cd8dbbc9328561a3ad3b32352d1,524be03b6d231f8a68e2ceac72a8688c99b6bc9ff016ae55ff3e5ebb9b490e0a,d32f05bcc7b7bde6f44f6b60e2f43c34945a49a852a43b42cd8027e0cd73b056,ac11925be5785fd5714f4ac31abb640af4429f8e1c6ba09dbd254c534cf70bb7,5abfe5b43de6c37f4a17c3365a7f680ccbf7668dcea79587ebf0bb533cc7fa15,cb621b50bf66e93a17cf28e77ce63f5c5715f9ac19ff4438f7913d8a500d454e,True,0.9921875,2.1809937939979136,0.13161614199634641,2.31260993599426,2.320443829987198,True,True,False,UnitTestFailure,failed:
HumanEval-RandomSpanInfillingLight:103:5b2e1f462db027d0|alpha_renamed_auxiliary|canvas=64|seed=0,HumanEval-RandomSpanInfillingLight:103:5b2e1f462db027d0,91,HumanEval/103,medium,alpha_renamed_auxiliary,metamorphic_auxiliary_only,False,64,0,64,ok,False,12,64,12184f15b9ccdd46da16c2897857dc70a875536e8cc17217e52403f87346df52,8c985541935aeb35769d4bd76d178c0d3edf91b61acb0f76f3266daa1b778488,,f943fe72bb774af1fd969ab77ec75661b9b98670735820f0d687705c8d7cefc9,de816a8c68b6557ab90f07bbf2a81cacc189dfa998842acfde6bec8b8fd7ebbb,,False,0.94921875,2.7186792329885066,0.00012014096137136221,2.718799373949878,2.724811424035579,False,False,False,SyntaxError,"unterminated triple-quoted string literal (detected at line 24) (<unknown>, line 23)"
HumanEval-RandomSpanInfillingLight:103:5b2e1f462db027d0|alpha_renamed_auxiliary|canvas=64|seed=1,HumanEval-RandomSpanInfillingLight:103:5b2e1f462db027d0,91,HumanEval/103,medium,alpha_renamed_auxiliary,metamorphic_auxiliary_only,False,64,1,64,ok,False,12,64,12184f15b9ccdd46da16c2897857dc70a875536e8cc17217e52403f87346df52,8c985541935aeb35769d4bd76d178c0d3edf91b61acb0f76f3266daa1b778488,,f943fe72bb774af1fd969ab77ec75661b9b98670735820f0d687705c8d7cefc9,de816a8c68b6557ab90f07bbf2a81cacc189dfa998842acfde6bec8b8fd7ebbb,,False,0.94921875,2.6978618759894744,0.00020985701121389866,2.6980717330006883,2.7053180939983577,False,False,False,SyntaxError,"unterminated triple-quoted string literal (detected at line 24) (<unknown>, line 23)"
HumanEval-RandomSpanInfillingLight:103:5b2e1f462db027d0|alpha_renamed_auxiliary|canvas=128|seed=0,HumanEval-RandomSpanInfillingLight:103:5b2e1f462db027d0,91,HumanEval/103,medium,alpha_renamed_auxiliary,metamorphic_auxiliary_only,False,128,0,64,ok,False,12,129,feb67d1b75fa5c91abf83ea6f85bfa622761bc5e029e8327bbc289cfb71de475,95c5f96362fcc6867f7985005346729bf8fc3e63adb82ce3b607c740a06012bc,,4eb5651a9432f83ae4190e4ee65bb7d4436e594b08681f71d4131f929e8f7661,aa2e21485fda7b4eacfb79e524db8819c34f405197d865ffcb70bba8631612b8,,True,0.97265625,2.8537991889752448,0.00021999201271682978,2.8540191809879616,2.860008758958429,False,False,False,SyntaxError,"invalid syntax (<unknown>, line 29)"
HumanEval-RandomSpanInfillingLight:103:5b2e1f462db027d0|alpha_renamed_auxiliary|canvas=128|seed=1,HumanEval-RandomSpanInfillingLight:103:5b2e1f462db027d0,91,HumanEval/103,medium,alpha_renamed_auxiliary,metamorphic_auxiliary_only,False,128,1,64,ok,False,12,129,feb67d1b75fa5c91abf83ea6f85bfa622761bc5e029e8327bbc289cfb71de475,95c5f96362fcc6867f7985005346729bf8fc3e63adb82ce3b607c740a06012bc,,4eb5651a9432f83ae4190e4ee65bb7d4436e594b08681f71d4131f929e8f7661,aa2e21485fda7b4eacfb79e524db8819c34f405197d865ffcb70bba8631612b8,,True,0.97265625,2.850205174065195,0.00029240408912301064,2.850497578154318,2.857555792084895,False,False,False,SyntaxError,"invalid syntax (<unknown>, line 29)"
HumanEval-RandomSpanInfillingLight:104:af1bf2bce61d5220|alpha_renamed_auxiliary|canvas=16|seed=0,HumanEval-RandomSpanInfillingLight:104:af1bf2bce61d5220,92,HumanEval/104,extreme,alpha_renamed_auxiliary,metamorphic_auxiliary_only,False,16,0,64,ok,False,36,16,e4428b9ef6b4fdfeda3b1a498934d8dcc8fb55e686537dd812a1dd3bf712ecc7,08447fa65c47839f682a5a05bf63a27a3247e6dc643c46ada966f561725015d7,d85fd949b362fa6f1fd063ef5d27ddffa0ad1bb8f76289193784d020611b7aa4,9f023bff168f35045a1e08557692d29c6d1b42eb00ff71c3007e4bcc7567fcc2,575939b504e70db9a3615cbc47b73d2c03a2a72a851451bc7ca4dee504985866,30b743edbdfa77807acd0d84f9a80b02e37c8ec61eeda8f7572e6d80fbd68757,True,0.99609375,1.940965096000582,0.15039581304881722,2.091360909049399,2.0974956420250237,True,True,False,UnitTestFailure,failed: 'int' object is not iterable
HumanEval-RandomSpanInfillingLight:104:af1bf2bce61d5220|alpha_renamed_auxiliary|canvas=16|seed=1,HumanEval-RandomSpanInfillingLight:104:af1bf2bce61d5220,92,HumanEval/104,extreme,alpha_renamed_auxiliary,metamorphic_auxiliary_only,False,16,1,64,ok,False,36,16,e4428b9ef6b4fdfeda3b1a498934d8dcc8fb55e686537dd812a1dd3bf712ecc7,08447fa65c47839f682a5a05bf63a27a3247e6dc643c46ada966f561725015d7,d85fd949b362fa6f1fd063ef5d27ddffa0ad1bb8f76289193784d020611b7aa4,9f023bff168f35045a1e08557692d29c6d1b42eb00ff71c3007e4bcc7567fcc2,575939b504e70db9a3615cbc47b73d2c03a2a72a851451bc7ca4dee504985866,30b743edbdfa77807acd0d84f9a80b02e37c8ec61eeda8f7572e6d80fbd68757,True,0.99609375,1.9438168560154736,0.11507985088974237,2.058896706905216,2.0662381519796327,True,True,False,UnitTestFailure,failed: 'int' object is not iterable
HumanEval-RandomSpanInfillingLight:104:af1bf2bce61d5220|alpha_renamed_auxiliary|canvas=32|seed=0,HumanEval-RandomSpanInfillingLight:104:af1bf2bce61d5220,92,HumanEval/104,extreme,alpha_renamed_auxiliary,metamorphic_auxiliary_only,False,32,0,64,ok,False,36,32,0dcbda488649ec0889a0d64984dda12b476eda193d8dd428e1e667ec264ae4f5,064b20bc419e1f81fb8f0f65ab6260005a951e3e74d2bc557bcbdad21358c43a,e5c6ca9956184ef2c3cf91a3722cc7389edf104933c11152354cb57e79f0c1f4,bdea3ef084a388ad6a7448168e1d392a1aa2f4cf9af86641b5d91b051c98c53f,0ddc022d7e924a84f84e0473cc2627e02fc0474b1d83c69f24b787fe7890027a,5761253bbcc38566f493a64a27c4a8f62875e98710da80b83dae425743d236c4,True,0.984375,1.9808311649831012,0.1270326409721747,2.107863805955276,2.1153665609890595,True,True,False,UnitTestFailure,failed:
HumanEval-RandomSpanInfillingLight:104:af1bf2bce61d5220|alpha_renamed_auxiliary|canvas=32|seed=1,HumanEval-RandomSpanInfillingLight:104:af1bf2bce61d5220,92,HumanEval/104,extreme,alpha_renamed_auxiliary,metamorphic_auxiliary_only,False,32,1,64,ok,False,36,32,0dcbda488649ec0889a0d64984dda12b476eda193d8dd428e1e667ec264ae4f5,064b20bc419e1f81fb8f0f65ab6260005a951e3e74d2bc557bcbdad21358c43a,e5c6ca9956184ef2c3cf91a3722cc7389edf104933c11152354cb57e79f0c1f4,bdea3ef084a388ad6a7448168e1d392a1aa2f4cf9af86641b5d91b051c98c53f,0ddc022d7e924a84f84e0473cc2627e02fc0474b1d83c69f24b787fe7890027a,5761253bbcc38566f493a64a27c4a8f62875e98710da80b83dae425743d236c4,True,0.984375,1.977288865018636,0.13914411887526512,2.116432983893901,2.1231473590014502,True,True,False,UnitTestFailure,failed:
HumanEval-RandomSpanInfillingLight:104:af1bf2bce61d5220|alpha_renamed_auxiliary|canvas=64|seed=0,HumanEval-RandomSpanInfillingLight:104:af1bf2bce61d5220,92,HumanEval/104,extreme,alpha_renamed_auxiliary,metamorphic_auxiliary_only,False,64,0,64,ok,False,36,64,f7e471153d0085d92e5747fe158ae0582a5cfe1eac91d764467dacecd8d19b0d,e8b1fd46c6cb3a58aef80e911e183b6cb70a35db2d7af9e8214a60b2540c646b,efe132822c1743ee51f780836ff00ee4b9985a7e135ff3915897c2ff3123c265,a5fc2961913572a52cfc1ad4280281cb7a719e822e4e9bc1c26645a11b0a3e9d,316e393d44d9e706dc1308bc618de3e35d745c29f7f5c1a727a0693e44bd3419,0c440b0c1b3835a4c926e8ce4d4b3b588bb865fbd5a2359e0a42ccc2f5185f11,True,0.953125,2.2001270529581234,0.14064159092959017,2.3407686438877136,2.3487631450407207,True,True,False,UnitTestFailure,failed:
HumanEval-RandomSpanInfillingLight:104:af1bf2bce61d5220|alpha_renamed_auxiliary|canvas=64|seed=1,HumanEval-RandomSpanInfillingLight:104:af1bf2bce61d5220,92,HumanEval/104,extreme,alpha_renamed_auxiliary,metamorphic_auxiliary_only,False,64,1,64,ok,False,36,64,f7e471153d0085d92e5747fe158ae0582a5cfe1eac91d764467dacecd8d19b0d,e8b1fd46c6cb3a58aef80e911e183b6cb70a35db2d7af9e8214a60b2540c646b,efe132822c1743ee51f780836ff00ee4b9985a7e135ff3915897c2ff3123c265,a5fc2961913572a52cfc1ad4280281cb7a719e822e4e9bc1c26645a11b0a3e9d,316e393d44d9e706dc1308bc618de3e35d745c29f7f5c1a727a0693e44bd3419,0c440b0c1b3835a4c926e8ce4d4b3b588bb865fbd5a2359e0a42ccc2f5185f11,True,0.953125,2.1957102549495175,0.1454836040502414,2.341193858999759,2.3492926680482924,True,True,False,UnitTestFailure,failed:
HumanEval-RandomSpanInfillingLight:104:af1bf2bce61d5220|alpha_renamed_auxiliary|canvas=128|seed=0,HumanEval-RandomSpanInfillingLight:104:af1bf2bce61d5220,92,HumanEval/104,extreme,alpha_renamed_auxiliary,metamorphic_auxiliary_only,False,128,0,64,ok,False,36,128,fd60ee4b46c7bc5eeeb17e3e502cda7c02a8b3934156373e36084a5456e6b8b5,c30e116a270a1f542fc3080da6bb32354768222913d6766098b44cea3b331cfe,026f7ade1cd1eed19ec5115885761bd8db9f93139b7724e4bfcd36d162b7f632,ad691565470d3bf07070419f6206e168dc61fbc79e9b777b0c900fb7a427033d,f27fd09fe07aeff19cc8ebee4167c5a770232726b64f1fa96c9c63512675be30,ff1456affda88e7badc60d02c3c6dcf470ffa518a7ff2a8fd7d2aa23e2c1a0ce,True,0.984375,2.7501330049708486,0.11444304091855884,2.8645760458894074,2.873914662981406,True,True,False,UnitTestFailure,failed:
HumanEval-RandomSpanInfillingLight:104:af1bf2bce61d5220|alpha_renamed_auxiliary|canvas=128|seed=1,HumanEval-RandomSpanInfillingLight:104:af1bf2bce61d5220,92,HumanEval/104,extreme,alpha_renamed_auxiliary,metamorphic_auxiliary_only,False,128,1,64,ok,False,36,128,fd60ee4b46c7bc5eeeb17e3e502cda7c02a8b3934156373e36084a5456e6b8b5,c30e116a270a1f542fc3080da6bb32354768222913d6766098b44cea3b331cfe,026f7ade1cd1eed19ec5115885761bd8db9f93139b7724e4bfcd36d162b7f632,ad691565470d3bf07070419f6206e168dc61fbc79e9b777b0c900fb7a427033d,f27fd09fe07aeff19cc8ebee4167c5a770232726b64f1fa96c9c63512675be30,ff1456affda88e7badc60d02c3c6dcf470ffa518a7ff2a8fd7d2aa23e2c1a0ce,True,0.984375,2.755349537008442,0.15381484292447567,2.9091643799329177,2.9207716529490426,True,True,False,UnitTestFailure,failed:
HumanEval-RandomSpanInfillingLight:106:b51a2cdff945eab5|alpha_renamed_auxiliary|canvas=16|seed=0,HumanEval-RandomSpanInfillingLight:106:b51a2cdff945eab5,94,HumanEval/106,extreme,alpha_renamed_auxiliary,metamorphic_auxiliary_only,False,16,0,64,ok,False,32,16,2573ce1bd0519d6aa1190868ae0d546b7079ecb6510f3dbb4ca8aee5f4025515,71dc669b00bfcf83628d80892cb5ef9882182b0c7b78938164c2e5c906cba388,41c2fd2f85bf910412cb9dc98478c8a6642daafe03103f797ec6e712b7fbbbd0,c0997c5b8165dfae384b6cfb78c90e90a3e2119559ee83b0b13f561459e5005d,b973548d0abbe816148bd91fb83e100e6a954aafbc89243d25e81806011ae72c,92f0647be1477d7b337568dd9a06a44b209a0bb26af82133a6c6803b8550a334,True,0.984375,2.17949650506489,0.13583026512060314,2.315326770185493,2.3256070910720155,True,True,False,UnitTestFailure,failed: 'int' object is not iterable
HumanEval-RandomSpanInfillingLight:106:b51a2cdff945eab5|alpha_renamed_auxiliary|canvas=16|seed=1,HumanEval-RandomSpanInfillingLight:106:b51a2cdff945eab5,94,HumanEval/106,extreme,alpha_renamed_auxiliary,metamorphic_auxiliary_only,False,16,1,64,ok,False,32,16,2573ce1bd0519d6aa1190868ae0d546b7079ecb6510f3dbb4ca8aee5f4025515,71dc669b00bfcf83628d80892cb5ef9882182b0c7b78938164c2e5c906cba388,41c2fd2f85bf910412cb9dc98478c8a6642daafe03103f797ec6e712b7fbbbd0,c0997c5b8165dfae384b6cfb78c90e90a3e2119559ee83b0b13f561459e5005d,b973548d0abbe816148bd91fb83e100e6a954aafbc89243d25e81806011ae72c,92f0647be1477d7b337568dd9a06a44b209a0bb26af82133a6c6803b8550a334,True,0.984375,2.1668993619969115,0.13758997106924653,2.304489333066158,2.3143692560261115,True,True,False,UnitTestFailure,failed: 'int' object is not iterable
HumanEval-RandomSpanInfillingLight:106:b51a2cdff945eab5|alpha_renamed_auxiliary|canvas=32|seed=0,HumanEval-RandomSpanInfillingLight:106:b51a2cdff945eab5,94,HumanEval/106,extreme,alpha_renamed_auxiliary,metamorphic_auxiliary_only,False,32,0,64,ok,True,32,32,0d085dbd90fa634f5f18989f16f4a6d7b6de00af6ba4e30aeaa3a652b71cd5d7,5a7c1898948b1db15fe55f76ea7d62502fa6af76620a0a9050ca02425f23eed1,7b338343430fdb110694765f5db7182056a724caecd2b2cfb179e7df8c2651b5,0e6cf5beeb1c65ba69766c82da2ca13f8488d112ad45d17a30094fd7c5bb0ea7,934bf6de713dbf000640900b0e6f9e5fb22141461b5741fbe77f40ad25dd91dc,0c3b77feeb0c4440c545c7351986d7e7f9e76a5a9d5fc079185c29f013782083,True,1.0,2.695879495004192,0.13251030212268233,2.8283897971268743,2.8371695700334385,True,True,True,,
HumanEval-RandomSpanInfillingLight:106:b51a2cdff945eab5|alpha_renamed_auxiliary|canvas=32|seed=1,HumanEval-RandomSpanInfillingLight:106:b51a2cdff945eab5,94,HumanEval/106,extreme,alpha_renamed_auxiliary,metamorphic_auxiliary_only,False,32,1,64,ok,True,32,32,0d085dbd90fa634f5f18989f16f4a6d7b6de00af6ba4e30aeaa3a652b71cd5d7,5a7c1898948b1db15fe55f76ea7d62502fa6af76620a0a9050ca02425f23eed1,7b338343430fdb110694765f5db7182056a724caecd2b2cfb179e7df8c2651b5,0e6cf5beeb1c65ba69766c82da2ca13f8488d112ad45d17a30094fd7c5bb0ea7,934bf6de713dbf000640900b0e6f9e5fb22141461b5741fbe77f40ad25dd91dc,0c3b77feeb0c4440c545c7351986d7e7f9e76a5a9d5fc079185c29f013782083,True,1.0,2.6935799620114267,0.13125628500711173,2.8248362470185384,2.833580590900965,True,True,True,,
HumanEval-RandomSpanInfillingLight:106:b51a2cdff945eab5|alpha_renamed_auxiliary|canvas=64|seed=0,HumanEval-RandomSpanInfillingLight:106:b51a2cdff945eab5,94,HumanEval/106,extreme,alpha_renamed_auxiliary,metamorphic_auxiliary_only,False,64,0,64,ok,True,32,64,6d02321272510f51f8f6efb1aa0bfbaee6b7e6fc0f9edd93bf6a20baec06f5b5,650534ae48d558aead610ab1b1d94a6be488f098fa45c2686dc9bfe97a3848d7,c266f130bffc36ab9efe94eb86dbb4e8128dd9f79b5b247b304f6ab22fbc4118,87a35fc502ff886808542b8868e718aaaaa7e50c07185d95fb4c2d8a3cd04bce,b0219ec78a53dde67117e14ad32f62aa1f3011282465b0fad11d4506c5c29761,4e7f3fffd8c43268c006d99f3236d9d5cc5b14ed5eed7ce94672ff887e9dfa2b,True,0.9765625,2.7665854430524632,0.12003361899405718,2.8866190620465204,2.896444669109769,True,True,True,,
HumanEval-RandomSpanInfillingLight:106:b51a2cdff945eab5|alpha_renamed_auxiliary|canvas=64|seed=1,HumanEval-RandomSpanInfillingLight:106:b51a2cdff945eab5,94,HumanEval/106,extreme,alpha_renamed_auxiliary,metamorphic_auxiliary_only,False,64,1,64,ok,True,32,64,6d02321272510f51f8f6efb1aa0bfbaee6b7e6fc0f9edd93bf6a20baec06f5b5,650534ae48d558aead610ab1b1d94a6be488f098fa45c2686dc9bfe97a3848d7,c266f130bffc36ab9efe94eb86dbb4e8128dd9f79b5b247b304f6ab22fbc4118,87a35fc502ff886808542b8868e718aaaaa7e50c07185d95fb4c2d8a3cd04bce,b0219ec78a53dde67117e14ad32f62aa1f3011282465b0fad11d4506c5c29761,4e7f3fffd8c43268c006d99f3236d9d5cc5b14ed5eed7ce94672ff887e9dfa2b,True,0.9765625,2.7648945240071043,0.1356680110329762,2.9005625350400805,2.908699637046084,True,True,True,,
HumanEval-RandomSpanInfillingLight:106:b51a2cdff945eab5|alpha_renamed_auxiliary|canvas=128|seed=0,HumanEval-RandomSpanInfillingLight:106:b51a2cdff945eab5,94,HumanEval/106,extreme,alpha_renamed_auxiliary,metamorphic_auxiliary_only,False,128,0,64,ok,True,32,128,f45bf0333acd14441b1233e770dc3b616eeda42b5c784bee085761fc27b9848c,3382a7957859730c6cdfec00a3c98ae88e4b3f898cb9bc3c9bb027e384651b98,27f51e69dba6d07f504448b7db70c9df6eb859a7c62969cb42fc87ea765cc7a4,653694e08bc06738df3f1736087e1cfca0d3cc3c1cffd47652d4e874aeb9c804,9337d5e975310871156fa197e056b7655e9749badffc310f5cc3e6d5afc0cf63,dbf9463cad97d67abd44a50943f9b36f7bd03f42f03c337bb63056845366ed0c,False,0.98828125,2.8459995259763673,0.12815649609547108,2.9741560220718384,2.9855805229162797,True,True,True,,
HumanEval-RandomSpanInfillingLight:106:b51a2cdff945eab5|alpha_renamed_auxiliary|canvas=128|seed=1,HumanEval-RandomSpanInfillingLight:106:b51a2cdff945eab5,94,HumanEval/106,extreme,alpha_renamed_auxiliary,metamorphic_auxiliary_only,False,128,1,64,ok,True,32,128,f45bf0333acd14441b1233e770dc3b616eeda42b5c784bee085761fc27b9848c,3382a7957859730c6cdfec00a3c98ae88e4b3f898cb9bc3c9bb027e384651b98,27f51e69dba6d07f504448b7db70c9df6eb859a7c62969cb42fc87ea765cc7a4,653694e08bc06738df3f1736087e1cfca0d3cc3c1cffd47652d4e874aeb9c804,9337d5e975310871156fa197e056b7655e9749badffc310f5cc3e6d5afc0cf63,dbf9463cad97d67abd44a50943f9b36f7bd03f42f03c337bb63056845366ed0c,False,0.98828125,2.8582151489099488,0.12046261900104582,2.9786777679109946,2.989515300025232,True,True,True,,
HumanEval-RandomSpanInfillingLight:109:a20e909443740a0e|alpha_renamed_auxiliary|canvas=16|seed=0,HumanEval-RandomSpanInfillingLight:109:a20e909443740a0e,97,HumanEval/109,medium,alpha_renamed_auxiliary,metamorphic_auxiliary_only,False,16,0,64,ok,False,16,16,37a4cd2e900a4e115d689abe06b649a33a32cf5915f92427f347c8462defa8b7,52bb2367939bba64decba4bfe822ba721e986f3607814eb12e92dfe3c95eaaf7,fcf47dfd8b268c20865711787f5fea6808ff50efd5f18d3c3569f86fbc77de01,80ff82e1d11fde31ca04bf90bec4f596f4a671b0561900734254930d9264f2a2,82eb35065336bcbb443155c39a35bf0d0e3c9812769973b514f648ac80eb28c5,2b3cf6140c40f4fa4a6b0be2bc1cd386fdd6f25a19eb9eca4ce75c05c7b8667c,True,0.9921875,3.1438591519836336,0.14113369898404926,3.284992850967683,3.2991652969503775,True,True,False,UnitTestFailure,failed: name 'i' is not defined
HumanEval-RandomSpanInfillingLight:109:a20e909443740a0e|alpha_renamed_auxiliary|canvas=16|seed=1,HumanEval-RandomSpanInfillingLight:109:a20e909443740a0e,97,HumanEval/109,medium,alpha_renamed_auxiliary,metamorphic_auxiliary_only,False,16,1,64,ok,False,16,16,37a4cd2e900a4e115d689abe06b649a33a32cf5915f92427f347c8462defa8b7,52bb2367939bba64decba4bfe822ba721e986f3607814eb12e92dfe3c95eaaf7,fcf47dfd8b268c20865711787f5fea6808ff50efd5f18d3c3569f86fbc77de01,80ff82e1d11fde31ca04bf90bec4f596f4a671b0561900734254930d9264f2a2,82eb35065336bcbb443155c39a35bf0d0e3c9812769973b514f648ac80eb28c5,2b3cf6140c40f4fa4a6b0be2bc1cd386fdd6f25a19eb9eca4ce75c05c7b8667c,True,0.9921875,3.152170313987881,0.14555193297564983,3.297722246963531,3.313179354998283,True,True,False,UnitTestFailure,failed: name 'i' is not defined
HumanEval-RandomSpanInfillingLight:109:a20e909443740a0e|alpha_renamed_auxiliary|canvas=32|seed=0,HumanEval-RandomSpanInfillingLight:109:a20e909443740a0e,97,HumanEval/109,medium,alpha_renamed_auxiliary,metamorphic_auxiliary_only,False,32,0,64,ok,True,16,32,d5ffe6d4b50e216267706f44ad74893160f4d095494f291e9ad83a2dfce64048,5c20f98be306ec52ac5402425e7b4d3c89741aa37c9ccde0228bf80280d2720f,369acd9fc051bd452d06922d41c6651d06d0095fde6b2c0d948ed28824493c18,489c71771d5908befe23e9c8851dcc354f8b97d6900d243a3fbc4760353d6d81,6eed7e1e53a24b0eb9f7bdb7af728e5641eb35e8ae15c767a24b448bf295417d,1d65af72ed68e81ce205ff8f7661e4a9defc7005783439cc601f4c0143da88cf,True,0.99609375,3.1703830499900505,0.13743132387753576,3.3078143738675863,3.32314843905624,True,True,True,,
HumanEval-RandomSpanInfillingLight:109:a20e909443740a0e|alpha_renamed_auxiliary|canvas=32|seed=1,HumanEval-RandomSpanInfillingLight:109:a20e909443740a0e,97,HumanEval/109,medium,alpha_renamed_auxiliary,metamorphic_auxiliary_only,False,32,1,64,ok,True,16,32,d5ffe6d4b50e216267706f44ad74893160f4d095494f291e9ad83a2dfce64048,5c20f98be306ec52ac5402425e7b4d3c89741aa37c9ccde0228bf80280d2720f,369acd9fc051bd452d06922d41c6651d06d0095fde6b2c0d948ed28824493c18,489c71771d5908befe23e9c8851dcc354f8b97d6900d243a3fbc4760353d6d81,6eed7e1e53a24b0eb9f7bdb7af728e5641eb35e8ae15c767a24b448bf295417d,1d65af72ed68e81ce205ff8f7661e4a9defc7005783439cc601f4c0143da88cf,True,0.99609375,3.199868234922178,0.1435801190091297,3.343448353931308,3.359396069077775,True,True,True,,
HumanEval-RandomSpanInfillingLight:109:a20e909443740a0e|alpha_renamed_auxiliary|canvas=64|seed=0,HumanEval-RandomSpanInfillingLight:109:a20e909443740a0e,97,HumanEval/109,medium,alpha_renamed_auxiliary,metamorphic_auxiliary_only,False,64,0,64,ok,False,16,64,80024410ac3c7ae555a175835f094cb87b6ed9fa88ffbad01a6d95dac8cbeaac,3938d8151433421c3bbbb1943a5d77d6c071ee27681908d5d9fcae73ecf7056a,f68f1fad99c8b1261e31907836f95f0d84e2356c05b222849799db4fb40d5934,452ecde138aa121001893a6cc01eb8e3ff447d20e0403c92348efae6cb743c79,a4ac3c8f9625589fdbaf4e5c4f1a6e9405fb0c6d119560f2cfc1483e639349ab,c45730b291f7a8ad73924d50f48e5147c384d319c792ffc0156babf69c340c54,True,0.98828125,3.186244376003742,0.1257083499804139,3.311952725984156,3.3257056099828333,True,True,False,UnitTestFailure,failed: list index out of range
HumanEval-RandomSpanInfillingLight:109:a20e909443740a0e|alpha_renamed_auxiliary|canvas=64|seed=1,HumanEval-RandomSpanInfillingLight:109:a20e909443740a0e,97,HumanEval/109,medium,alpha_renamed_auxiliary,metamorphic_auxiliary_only,False,64,1,64,ok,False,16,64,80024410ac3c7ae555a175835f094cb87b6ed9fa88ffbad01a6d95dac8cbeaac,3938d8151433421c3bbbb1943a5d77d6c071ee27681908d5d9fcae73ecf7056a,f68f1fad99c8b1261e31907836f95f0d84e2356c05b222849799db4fb40d5934,452ecde138aa121001893a6cc01eb8e3ff447d20e0403c92348efae6cb743c79,a4ac3c8f9625589fdbaf4e5c4f1a6e9405fb0c6d119560f2cfc1483e639349ab,c45730b291f7a8ad73924d50f48e5147c384d319c792ffc0156babf69c340c54,True,0.98828125,3.2026588559383526,0.1413516328902915,3.344010488828644,3.357573794084601,True,True,False,UnitTestFailure,failed: list index out of range
HumanEval-RandomSpanInfillingLight:109:a20e909443740a0e|alpha_renamed_auxiliary|canvas=128|seed=0,HumanEval-RandomSpanInfillingLight:109:a20e909443740a0e,97,HumanEval/109,medium,alpha_renamed_auxiliary,metamorphic_auxiliary_only,False,128,0,64,ok,False,16,128,1f2bbed4583326aaf66d913cba162e3ea6135793a0b1e530dbf826ed60afef36,b4180745d3b9c2dbf8a182be47e4a3343ff6d8d18e1a9233713814c8993b177a,4efbdae70bf34dfed7afe3d709436914f0bdef09695d75e68d3686e0f0617505,ac24220145ae3e7de5364660e4279686e334230308b10721757c900c73ddaaea,ddabfb4f69e9722486102e6b3272957435409a3eb9f2a89db939a402a33af68c,f459f70390e72051356f31f1f223ee9020976502b30aad30f560057a36959168,False,0.98828125,4.113170921918936,0.15602497197687626,4.269195893895812,4.282635234063491,True,True,False,UnitTestFailure,failed: unsupported operand type(s) for +: 'int' and 'list'
HumanEval-RandomSpanInfillingLight:109:a20e909443740a0e|alpha_renamed_auxiliary|canvas=128|seed=1,HumanEval-RandomSpanInfillingLight:109:a20e909443740a0e,97,HumanEval/109,medium,alpha_renamed_auxiliary,metamorphic_auxiliary_only,False,128,1,64,ok,False,16,128,1f2bbed4583326aaf66d913cba162e3ea6135793a0b1e530dbf826ed60afef36,b4180745d3b9c2dbf8a182be47e4a3343ff6d8d18e1a9233713814c8993b177a,4efbdae70bf34dfed7afe3d709436914f0bdef09695d75e68d3686e0f0617505,ac24220145ae3e7de5364660e4279686e334230308b10721757c900c73ddaaea,ddabfb4f69e9722486102e6b3272957435409a3eb9f2a89db939a402a33af68c,f459f70390e72051356f31f1f223ee9020976502b30aad30f560057a36959168,False,0.98828125,4.1202723840251565,0.14160880004055798,4.2618811840657145,4.275916196987964,True,True,False,UnitTestFailure,failed: unsupported operand type(s) for +: 'int' and 'list'
HumanEval-RandomSpanInfillingLight:110:1b6a34ddf2943a60|alpha_renamed_auxiliary|canvas=16|seed=0,HumanEval-RandomSpanInfillingLight:110:1b6a34ddf2943a60,98,HumanEval/110,extreme,alpha_renamed_auxiliary,metamorphic_auxiliary_only,False,16,0,64,ok,False,36,16,243e6c29846b15cea78a63b1a5531d8be749a3b7c95c9192f22e92b344cf8369,2bc5399e6af02d705dcff0ce530d8fa6e211456bf98445d6d3a42296f9cbfdf3,a623f0c737392186d2d3a83a80ce64a4c6cd9dfc904f7b44a59f59621f36056b,8bb1f14779ced8c1364492fe96191f9a864cf8b198b96c3091781b9e247028de,e4bde3518ddb64398379eceb6760da4180075c99d3e7105b5b6e01620f5e422e,d59d46eafc620afbdb1aceb3edee674d8e12bb1026ad19bf6681635efcdd63af,True,0.98828125,2.714824351016432,0.13035444892011583,2.845178799936548,2.8536973029840738,True,True,False,UnitTestFailure,failed:
HumanEval-RandomSpanInfillingLight:110:1b6a34ddf2943a60|alpha_renamed_auxiliary|canvas=16|seed=1,HumanEval-RandomSpanInfillingLight:110:1b6a34ddf2943a60,98,HumanEval/110,extreme,alpha_renamed_auxiliary,metamorphic_auxiliary_only,False,16,1,64,ok,False,36,16,243e6c29846b15cea78a63b1a5531d8be749a3b7c95c9192f22e92b344cf8369,2bc5399e6af02d705dcff0ce530d8fa6e211456bf98445d6d3a42296f9cbfdf3,a623f0c737392186d2d3a83a80ce64a4c6cd9dfc904f7b44a59f59621f36056b,8bb1f14779ced8c1364492fe96191f9a864cf8b198b96c3091781b9e247028de,e4bde3518ddb64398379eceb6760da4180075c99d3e7105b5b6e01620f5e422e,d59d46eafc620afbdb1aceb3edee674d8e12bb1026ad19bf6681635efcdd63af,True,0.98828125,2.7311146979918703,0.12338428990915418,2.8544989879010245,2.8635226879268885,True,True,False,UnitTestFailure,failed:
HumanEval-RandomSpanInfillingLight:110:1b6a34ddf2943a60|alpha_renamed_auxiliary|canvas=32|seed=0,HumanEval-RandomSpanInfillingLight:110:1b6a34ddf2943a60,98,HumanEval/110,extreme,alpha_renamed_auxiliary,metamorphic_auxiliary_only,False,32,0,64,ok,False,36,32,0ef74bbe08e5cccd67ce73a3b52f8d9a867422a5dff0439407ab6e5b80c219a1,b0c067be59d9d9852183721cae7fcfd0e104e732823e1c2d4affdd371e40cc9e,b8f0c5fbab6e605dcfdac9cf32b00d3b7547601100e04b3dc553e5581ec120d6,2cb3d9c5a61205c80c19f913adfe98ef154330baa268da4c31eac9fcf7f3a5ab,11d64c18d344b146b19d0978c75e86c2466502fadd7d7d72d37ebe3fd6c566b5,a0191010a2b5643c157189b21b6b2748a19795bc293bc7aa205461f48efad22c,False,0.99609375,2.7732632369734347,0.13199639797676355,2.9052596349501982,2.9140017450554296,True,True,False,UnitTestFailure,failed:
HumanEval-RandomSpanInfillingLight:110:1b6a34ddf2943a60|alpha_renamed_auxiliary|canvas=32|seed=1,HumanEval-RandomSpanInfillingLight:110:1b6a34ddf2943a60,98,HumanEval/110,extreme,alpha_renamed_auxiliary,metamorphic_auxiliary_only,False,32,1,64,ok,False,36,32,0ef74bbe08e5cccd67ce73a3b52f8d9a867422a5dff0439407ab6e5b80c219a1,b0c067be59d9d9852183721cae7fcfd0e104e732823e1c2d4affdd371e40cc9e,b8f0c5fbab6e605dcfdac9cf32b00d3b7547601100e04b3dc553e5581ec120d6,2cb3d9c5a61205c80c19f913adfe98ef154330baa268da4c31eac9fcf7f3a5ab,11d64c18d344b146b19d0978c75e86c2466502fadd7d7d72d37ebe3fd6c566b5,a0191010a2b5643c157189b21b6b2748a19795bc293bc7aa205461f48efad22c,False,0.99609375,2.78256177296862,0.15183379605878145,2.9343955690274015,2.947387524996884,True,True,False,UnitTestFailure,failed:
HumanEval-RandomSpanInfillingLight:110:1b6a34ddf2943a60|alpha_renamed_auxiliary|canvas=64|seed=0,HumanEval-RandomSpanInfillingLight:110:1b6a34ddf2943a60,98,HumanEval/110,extreme,alpha_renamed_auxiliary,metamorphic_auxiliary_only,False,64,0,64,ok,False,36,64,8608735e51d956d51d32312bfefc27437df033a86cbcb1483d679f02b04c3c44,dbc82fceac1a469b0ed30199a7c167d2021d5b74c38b542ae3767cd9d44e7d08,45313495df110e3fb226cd39f2c9138b32ea6ca13c16d53a790f1209e8fa1565,eb91232a0d9575f2860556824ec479ed91889a6a4b445bb96e82710b1525f76f,ceeeee2a0e4b1229c34aacf90857459460065faf2c586270745673d0cf21d72e,12212142ea022f2b6ebf1bf45376988c5a8f27c884ce396ad79358f8800825e3,True,0.99609375,2.8146038569975644,0.13634205888956785,2.9509459158871323,2.9622462039114907,True,True,False,UnitTestFailure,failed:
HumanEval-RandomSpanInfillingLight:110:1b6a34ddf2943a60|alpha_renamed_auxiliary|canvas=64|seed=1,HumanEval-RandomSpanInfillingLight:110:1b6a34ddf2943a60,98,HumanEval/110,extreme,alpha_renamed_auxiliary,metamorphic_auxiliary_only,False,64,1,64,ok,False,36,64,8608735e51d956d51d32312bfefc27437df033a86cbcb1483d679f02b04c3c44,dbc82fceac1a469b0ed30199a7c167d2021d5b74c38b542ae3767cd9d44e7d08,45313495df110e3fb226cd39f2c9138b32ea6ca13c16d53a790f1209e8fa1565,eb91232a0d9575f2860556824ec479ed91889a6a4b445bb96e82710b1525f76f,ceeeee2a0e4b1229c34aacf90857459460065faf2c586270745673d0cf21d72e,12212142ea022f2b6ebf1bf45376988c5a8f27c884ce396ad79358f8800825e3,True,0.99609375,2.813511346001178,0.13131818710826337,2.9448295331094414,2.9529287550831214,True,True,False,UnitTestFailure,failed:
HumanEval-RandomSpanInfillingLight:110:1b6a34ddf2943a60|alpha_renamed_auxiliary|canvas=128|seed=0,HumanEval-RandomSpanInfillingLight:110:1b6a34ddf2943a60,98,HumanEval/110,extreme,alpha_renamed_auxiliary,metamorphic_auxiliary_only,False,128,0,64,ok,False,36,128,66d644dce5a6fac40784c0caa6f864d95a5e678d4f6d3bfe955829fac4584475,7c081c51e460c2900db897626994f9892e7e0cb7dd8cf22342f6eed26c9c359f,8bde7ddf1463a3b3825959bf87cbd14c84bfee10b8abd31502011d7c2588e020,ed826f1be4b4c8e892919bd37c52905d2e39dba42e69ce2e7665f52af835196e,5f34e40c03224685edba64a93a4a14a4d08f3696886d56e5900ff2dab4259b26,f749f22555b00cd09d690098b1a2d26b5bdc5c1f694cbb8c6e318b81fac1f17d,False,0.98828125,3.1649630930041894,0.13641866913530976,3.301381762139499,3.3115759309148416,True,True,False,UnitTestFailure,failed:
HumanEval-RandomSpanInfillingLight:110:1b6a34ddf2943a60|alpha_renamed_auxiliary|canvas=128|seed=1,HumanEval-RandomSpanInfillingLight:110:1b6a34ddf2943a60,98,HumanEval/110,extreme,alpha_renamed_auxiliary,metamorphic_auxiliary_only,False,128,1,64,ok,False,36,128,66d644dce5a6fac40784c0caa6f864d95a5e678d4f6d3bfe955829fac4584475,7c081c51e460c2900db897626994f9892e7e0cb7dd8cf22342f6eed26c9c359f,8bde7ddf1463a3b3825959bf87cbd14c84bfee10b8abd31502011d7c2588e020,ed826f1be4b4c8e892919bd37c52905d2e39dba42e69ce2e7665f52af835196e,5f34e40c03224685edba64a93a4a14a4d08f3696886d56e5900ff2dab4259b26,f749f22555b00cd09d690098b1a2d26b5bdc5c1f694cbb8c6e318b81fac1f17d,False,0.98828125,3.1446904779877514,0.1376644860720262,3.2823549640597776,3.2926211050944403,True,True,False,UnitTestFailure,failed:
HumanEval-RandomSpanInfillingLight:111:c731465109498af8|alpha_renamed_auxiliary|canvas=16|seed=0,HumanEval-RandomSpanInfillingLight:111:c731465109498af8,99,HumanEval/111,extreme,alpha_renamed_auxiliary,metamorphic_auxiliary_only,False,16,0,64,ok,False,32,16,01d1d83db8dc4a100b11e10754ccda7e07a3869d3e465972284be63c64b99227,b65fbe18c135ecf200b32f6ee0e7ef445394e4bf05c9a2c3b198b214f312fcf7,ddd3e4c5af7c38b205b4c0128d648689f098f78b4e7aa632bdf6b563b4630e31,346e97304c8f687ba523dd5cf82bf0585d39aa69d3ef76cb69f0e30f052bf6a8,0c0e10051db86f541e34753f893aec6fa7ab79f6b4418ac2942023bc654c72f9,956c36defde8570eb8521e0e02f40a63c4710bc0458c3f7dd1a443d4f85084fe,True,0.984375,2.6895147250033915,0.13192845601588488,2.8214431810192764,2.829406099044718,True,True,False,UnitTestFailure,failed: This prints if this assert fails 1 (good for debugging!)
HumanEval-RandomSpanInfillingLight:111:c731465109498af8|alpha_renamed_auxiliary|canvas=16|seed=1,HumanEval-RandomSpanInfillingLight:111:c731465109498af8,99,HumanEval/111,extreme,alpha_renamed_auxiliary,metamorphic_auxiliary_only,False,16,1,64,ok,False,32,16,01d1d83db8dc4a100b11e10754ccda7e07a3869d3e465972284be63c64b99227,b65fbe18c135ecf200b32f6ee0e7ef445394e4bf05c9a2c3b198b214f312fcf7,ddd3e4c5af7c38b205b4c0128d648689f098f78b4e7aa632bdf6b563b4630e31,346e97304c8f687ba523dd5cf82bf0585d39aa69d3ef76cb69f0e30f052bf6a8,0c0e10051db86f541e34753f893aec6fa7ab79f6b4418ac2942023bc654c72f9,956c36defde8570eb8521e0e02f40a63c4710bc0458c3f7dd1a443d4f85084fe,True,0.984375,2.6736138709820807,0.11939666280522943,2.79301053378731,2.8002074449323118,True,True,False,UnitTestFailure,failed: This prints if this assert fails 1 (good for debugging!)
HumanEval-RandomSpanInfillingLight:111:c731465109498af8|alpha_renamed_auxiliary|canvas=32|seed=0,HumanEval-RandomSpanInfillingLight:111:c731465109498af8,99,HumanEval/111,extreme,alpha_renamed_auxiliary,metamorphic_auxiliary_only,False,32,0,64,ok,False,32,32,3b5ea97bd219847b087a83e99103ba9044539a19ebd3a47f6a30525e5dc0352f,fff1b0f5331e2cbaed4c87be5b86cbe7378dcdab257bfc5b34a9e9f2a8805431,1b838c8bd6e4e1e2bac5676144a1f984566738da63ef6fa74bd1f81222d22add,abb64a1c41f1004c1ec8ba87d1346061597ad9d0541f65b8e0275511f5a5ef1b,73e772323f004517698b04be26b78695abf579c5c3c88a154643a5620ed6ee7d,45374ca0781791112e6b5de7b5cf2b5f3f121198589f430d31633d129d224f86,False,1.0,2.7133359010331333,0.12114871793892235,2.8344846189720556,2.8420625790022314,True,True,False,UnitTestFailure,failed: This prints if this assert fails 2 (good for debugging!)
HumanEval-RandomSpanInfillingLight:111:c731465109498af8|alpha_renamed_auxiliary|canvas=32|seed=1,HumanEval-RandomSpanInfillingLight:111:c731465109498af8,99,HumanEval/111,extreme,alpha_renamed_auxiliary,metamorphic_auxiliary_only,False,32,1,64,ok,False,32,32,3b5ea97bd219847b087a83e99103ba9044539a19ebd3a47f6a30525e5dc0352f,fff1b0f5331e2cbaed4c87be5b86cbe7378dcdab257bfc5b34a9e9f2a8805431,1b838c8bd6e4e1e2bac5676144a1f984566738da63ef6fa74bd1f81222d22add,abb64a1c41f1004c1ec8ba87d1346061597ad9d0541f65b8e0275511f5a5ef1b,73e772323f004517698b04be26b78695abf579c5c3c88a154643a5620ed6ee7d,45374ca0781791112e6b5de7b5cf2b5f3f121198589f430d31633d129d224f86,False,1.0,2.740271326038055,0.13506934000179172,2.875340666039847,2.884374281973578,True,True,False,UnitTestFailure,failed: This prints if this assert fails 2 (good for debugging!)
HumanEval-RandomSpanInfillingLight:111:c731465109498af8|alpha_renamed_auxiliary|canvas=64|seed=0,HumanEval-RandomSpanInfillingLight:111:c731465109498af8,99,HumanEval/111,extreme,alpha_renamed_auxiliary,metamorphic_auxiliary_only,False,64,0,64,ok,False,32,64,fa2c54b9de94c3f16eac47035732d1c588a8ea86c24cdc67523a5bddc2d00268,3639555e450d2830971992d3a21870dc5dcf092daa1495d14fd17c8e4842ebd6,b0b806fde05af6f691048c437ec81d63e015757039e9aaa6cdf3d18aecf59112,aac44f80ce4d4e6988787f64ad27b65b042508386ebcff84c979d745e4a6b14a,ed3bf562a307b404d4a05f35f51ff827533878815dc2a7c9210e1082d6d89cbc,400cc9b8ac0819385dd9b55634652231a192ef5efac016fef65d0c4aedf878a9,False,0.9921875,2.7622293460881338,0.1307107930770144,2.892940139165148,2.902340844972059,True,True,False,UnitTestFailure,failed: This prints if this assert fails 2 (good for debugging!)
HumanEval-RandomSpanInfillingLight:111:c731465109498af8|alpha_renamed_auxiliary|canvas=64|seed=1,HumanEval-RandomSpanInfillingLight:111:c731465109498af8,99,HumanEval/111,extreme,alpha_renamed_auxiliary,metamorphic_auxiliary_only,False,64,1,64,ok,False,32,64,fa2c54b9de94c3f16eac47035732d1c588a8ea86c24cdc67523a5bddc2d00268,3639555e450d2830971992d3a21870dc5dcf092daa1495d14fd17c8e4842ebd6,b0b806fde05af6f691048c437ec81d63e015757039e9aaa6cdf3d18aecf59112,aac44f80ce4d4e6988787f64ad27b65b042508386ebcff84c979d745e4a6b14a,ed3bf562a307b404d4a05f35f51ff827533878815dc2a7c9210e1082d6d89cbc,400cc9b8ac0819385dd9b55634652231a192ef5efac016fef65d0c4aedf878a9,False,0.9921875,2.756853100960143,0.15033748501446098,2.907190585974604,2.9185104909120128,True,True,False,UnitTestFailure,failed: This prints if this assert fails 2 (good for debugging!)
HumanEval-RandomSpanInfillingLight:111:c731465109498af8|alpha_renamed_auxiliary|canvas=128|seed=0,HumanEval-RandomSpanInfillingLight:111:c731465109498af8,99,HumanEval/111,extreme,alpha_renamed_auxiliary,metamorphic_auxiliary_only,False,128,0,64,ok,False,32,128,f47a819e3ca931e891b891ce585f911f682cbcfeef49b30943a77e9c39fb4cec,4e213554e0baee1f204551d80c7349a0e0538b2969faa8dc104aeef5122efcfa,e581531123b0eaa34b4891c06c91cba89ecbd516c6109924a613c41d7be2fc8a,30f642e8ef4b60a9f54e52aba5c70197927f82101b8ef1f2227e3d5ec69ba225,6e338549bbda940b19990767093a29fe9baf1fb0159e601f2de3595c10fc9d3a,613096358ae1d271e363b99cca76d6e305875a66ac81b084f1ca1072bd342bf9,False,0.98828125,3.138135009096004,0.13763737201225013,3.275772381108254,3.2868824490578845,True,True,False,UnitTestFailure,failed: This prints if this assert fails 1 (good for debugging!)
HumanEval-RandomSpanInfillingLight:111:c731465109498af8|alpha_renamed_auxiliary|canvas=128|seed=1,HumanEval-RandomSpanInfillingLight:111:c731465109498af8,99,HumanEval/111,extreme,alpha_renamed_auxiliary,metamorphic_auxiliary_only,False,128,1,64,ok,False,32,128,f47a819e3ca931e891b891ce585f911f682cbcfeef49b30943a77e9c39fb4cec,4e213554e0baee1f204551d80c7349a0e0538b2969faa8dc104aeef5122efcfa,e581531123b0eaa34b4891c06c91cba89ecbd516c6109924a613c41d7be2fc8a,30f642e8ef4b60a9f54e52aba5c70197927f82101b8ef1f2227e3d5ec69ba225,6e338549bbda940b19990767093a29fe9baf1fb0159e601f2de3595c10fc9d3a,613096358ae1d271e363b99cca76d6e305875a66ac81b084f1ca1072bd342bf9,False,0.98828125,3.1317052219528705,0.13199232192710042,3.263697543879971,3.272494714939967,True,True,False,UnitTestFailure,failed: This prints if this assert fails 1 (good for debugging!)
HumanEval-RandomSpanInfillingLight:112:25dc70986274025a|alpha_renamed_auxiliary|canvas=16|seed=0,HumanEval-RandomSpanInfillingLight:112:25dc70986274025a,100,HumanEval/112,medium,alpha_renamed_auxiliary,metamorphic_auxiliary_only,False,16,0,64,ok,True,15,16,c5e5100b43449fec339331c30b0a2a930ac9978f317f47fe4c2b944da193fc4d,eebf277406cc686822a731a15ca1bc4705c94c6b251f0dca89d6de477bf6186e,6643bcf1d6a478fedc5e85317dbe155ab163c23fa18e8d066b1a19de3b4c98b9,c5e5100b43449fec339331c30b0a2a930ac9978f317f47fe4c2b944da193fc4d,eebf277406cc686822a731a15ca1bc4705c94c6b251f0dca89d6de477bf6186e,6643bcf1d6a478fedc5e85317dbe155ab163c23fa18e8d066b1a19de3b4c98b9,True,1.0,2.1687347679398954,0.14039428310934454,2.30912905104924,2.3150478899478912,True,True,True,,
HumanEval-RandomSpanInfillingLight:112:25dc70986274025a|alpha_renamed_auxiliary|canvas=16|seed=1,HumanEval-RandomSpanInfillingLight:112:25dc70986274025a,100,HumanEval/112,medium,alpha_renamed_auxiliary,metamorphic_auxiliary_only,False,16,1,64,ok,True,15,16,c5e5100b43449fec339331c30b0a2a930ac9978f317f47fe4c2b944da193fc4d,eebf277406cc686822a731a15ca1bc4705c94c6b251f0dca89d6de477bf6186e,6643bcf1d6a478fedc5e85317dbe155ab163c23fa18e8d066b1a19de3b4c98b9,c5e5100b43449fec339331c30b0a2a930ac9978f317f47fe4c2b944da193fc4d,eebf277406cc686822a731a15ca1bc4705c94c6b251f0dca89d6de477bf6186e,6643bcf1d6a478fedc5e85317dbe155ab163c23fa18e8d066b1a19de3b4c98b9,True,1.0,2.1768662839895114,0.14600699779111892,2.3228732817806304,2.328938039019704,True,True,True,,
HumanEval-RandomSpanInfillingLight:112:25dc70986274025a|alpha_renamed_auxiliary|canvas=32|seed=0,HumanEval-RandomSpanInfillingLight:112:25dc70986274025a,100,HumanEval/112,medium,alpha_renamed_auxiliary,metamorphic_auxiliary_only,False,32,0,64,ok,False,15,32,474f52e66334124a2345a175b56d0d17e295691fb590a4e7e6aa4f95f5cf02fd,7fe1414b48fe0d285479e0fa6e43bd9bb4a2b169a406f6b92d6c7f00d72faf44,e70e54df2f3ca1c4a32f977ca2f618c695fde963c5c723886c0b1a7c9eb96ee1,474f52e66334124a2345a175b56d0d17e295691fb590a4e7e6aa4f95f5cf02fd,7fe1414b48fe0d285479e0fa6e43bd9bb4a2b169a406f6b92d6c7f00d72faf44,e70e54df2f3ca1c4a32f977ca2f618c695fde963c5c723886c0b1a7c9eb96ee1,True,0.99609375,2.175635988940485,0.14350174891296774,2.3191377378534526,2.3271822209935635,True,True,False,UnitTestFailure,"failed: replace expected at least 2 arguments, got 1"
HumanEval-RandomSpanInfillingLight:112:25dc70986274025a|alpha_renamed_auxiliary|canvas=32|seed=1,HumanEval-RandomSpanInfillingLight:112:25dc70986274025a,100,HumanEval/112,medium,alpha_renamed_auxiliary,metamorphic_auxiliary_only,False,32,1,64,ok,False,15,32,474f52e66334124a2345a175b56d0d17e295691fb590a4e7e6aa4f95f5cf02fd,7fe1414b48fe0d285479e0fa6e43bd9bb4a2b169a406f6b92d6c7f00d72faf44,e70e54df2f3ca1c4a32f977ca2f618c695fde963c5c723886c0b1a7c9eb96ee1,474f52e66334124a2345a175b56d0d17e295691fb590a4e7e6aa4f95f5cf02fd,7fe1414b48fe0d285479e0fa6e43bd9bb4a2b169a406f6b92d6c7f00d72faf44,e70e54df2f3ca1c4a32f977ca2f618c695fde963c5c723886c0b1a7c9eb96ee1,True,0.99609375,2.178184272022918,0.15185637108515948,2.3300406431080773,2.3387665830086917,True,True,False,UnitTestFailure,"failed: replace expected at least 2 arguments, got 1"
HumanEval-RandomSpanInfillingLight:112:25dc70986274025a|alpha_renamed_auxiliary|canvas=64|seed=0,HumanEval-RandomSpanInfillingLight:112:25dc70986274025a,100,HumanEval/112,medium,alpha_renamed_auxiliary,metamorphic_auxiliary_only,False,64,0,64,ok,False,15,64,bb65b9990cf24b90a72663e5e8aac9e2ed00f1a58a83f5198669f26ff31899db,4a0ece789002910f9888d9c8e40684189050f109d7e24c3fc3f915b91960c5fd,bed88729d5b62d09e8ae495ae246a830cf32780995a94b9b0e2a596f3c3bb576,bb65b9990cf24b90a72663e5e8aac9e2ed00f1a58a83f5198669f26ff31899db,4a0ece789002910f9888d9c8e40684189050f109d7e24c3fc3f915b91960c5fd,bed88729d5b62d09e8ae495ae246a830cf32780995a94b9b0e2a596f3c3bb576,True,0.984375,2.2006839639507234,0.15694170107599348,2.357625665026717,2.368987521971576,True,True,False,UnitTestFailure,failed: object of type 'int' has no len()
HumanEval-RandomSpanInfillingLight:112:25dc70986274025a|alpha_renamed_auxiliary|canvas=64|seed=1,HumanEval-RandomSpanInfillingLight:112:25dc70986274025a,100,HumanEval/112,medium,alpha_renamed_auxiliary,metamorphic_auxiliary_only,False,64,1,64,ok,False,15,64,bb65b9990cf24b90a72663e5e8aac9e2ed00f1a58a83f5198669f26ff31899db,4a0ece789002910f9888d9c8e40684189050f109d7e24c3fc3f915b91960c5fd,bed88729d5b62d09e8ae495ae246a830cf32780995a94b9b0e2a596f3c3bb576,bb65b9990cf24b90a72663e5e8aac9e2ed00f1a58a83f5198669f26ff31899db,4a0ece789002910f9888d9c8e40684189050f109d7e24c3fc3f915b91960c5fd,bed88729d5b62d09e8ae495ae246a830cf32780995a94b9b0e2a596f3c3bb576,True,0.984375,2.1901115170912817,0.1312457559397444,2.321357273031026,2.3311237579910085,True,True,False,UnitTestFailure,failed: object of type 'int' has no len()
HumanEval-RandomSpanInfillingLight:112:25dc70986274025a|alpha_renamed_auxiliary|canvas=128|seed=0,HumanEval-RandomSpanInfillingLight:112:25dc70986274025a,100,HumanEval/112,medium,alpha_renamed_auxiliary,metamorphic_auxiliary_only,False,128,0,64,ok,False,15,128,e7845bba128c5eb7a87f280ffd030eb8ba43bd00675fa13ab108ff354795f3ff,9193f27f8531f3e1d59f4acd36cd800917b430d2249745d96df03acc11198aa0,,e7845bba128c5eb7a87f280ffd030eb8ba43bd00675fa13ab108ff354795f3ff,9193f27f8531f3e1d59f4acd36cd800917b430d2249745d96df03acc11198aa0,,True,1.0,2.7917209669249132,0.00012301397509872913,2.791843980900012,2.7997631669277325,False,False,False,SyntaxError,"invalid syntax (<unknown>, line 16)"
HumanEval-RandomSpanInfillingLight:112:25dc70986274025a|alpha_renamed_auxiliary|canvas=128|seed=1,HumanEval-RandomSpanInfillingLight:112:25dc70986274025a,100,HumanEval/112,medium,alpha_renamed_auxiliary,metamorphic_auxiliary_only,False,128,1,64,ok,False,15,128,e7845bba128c5eb7a87f280ffd030eb8ba43bd00675fa13ab108ff354795f3ff,9193f27f8531f3e1d59f4acd36cd800917b430d2249745d96df03acc11198aa0,,e7845bba128c5eb7a87f280ffd030eb8ba43bd00675fa13ab108ff354795f3ff,9193f27f8531f3e1d59f4acd36cd800917b430d2249745d96df03acc11198aa0,,True,1.0,2.8177629880374297,0.00010958593338727951,2.817872573970817,2.8220717150252312,False,False,False,SyntaxError,"invalid syntax (<unknown>, line 16)"
HumanEval-RandomSpanInfillingLight:113:7faa31d7e1100488|alpha_renamed_auxiliary|canvas=16|seed=0,HumanEval-RandomSpanInfillingLight:113:7faa31d7e1100488,101,HumanEval/113,extreme,alpha_renamed_auxiliary,metamorphic_auxiliary_only,False,16,0,64,ok,False,41,16,cccd99b0a7d878ff782175af0604e57bcd33bdb8b13a569e0b2611d7af1df400,e6dbd49b46b34edc50c75bba6496ec43603947104139d9f4506df88be0150341,2a79e971db0f646951114fce4347968906a705bd5607142fb2cc66228d8a6ea8,cae52e360e869109919484e3a50d587231e505f737e6d5a83a607b4551a8f628,4016ad3cffa7a3da1185184ab09d3e02b373ae2b2e0447daed8e6e67d1034223,068c9c404744a518bf7328cd35d44d3c3e3b765f6c4061a1944a0eaac12113a0,True,1.0,2.691380655975081,0.1268737220671028,2.818254378042184,2.825044112978503,True,True,False,UnitTestFailure,failed: name 'phase5_local_4' is not defined
HumanEval-RandomSpanInfillingLight:113:7faa31d7e1100488|alpha_renamed_auxiliary|canvas=16|seed=1,HumanEval-RandomSpanInfillingLight:113:7faa31d7e1100488,101,HumanEval/113,extreme,alpha_renamed_auxiliary,metamorphic_auxiliary_only,False,16,1,64,ok,False,41,16,cccd99b0a7d878ff782175af0604e57bcd33bdb8b13a569e0b2611d7af1df400,e6dbd49b46b34edc50c75bba6496ec43603947104139d9f4506df88be0150341,2a79e971db0f646951114fce4347968906a705bd5607142fb2cc66228d8a6ea8,cae52e360e869109919484e3a50d587231e505f737e6d5a83a607b4551a8f628,4016ad3cffa7a3da1185184ab09d3e02b373ae2b2e0447daed8e6e67d1034223,068c9c404744a518bf7328cd35d44d3c3e3b765f6c4061a1944a0eaac12113a0,True,1.0,2.6851422369945794,0.13333123503252864,2.818473472027108,2.827106910990551,True,True,False,UnitTestFailure,failed: name 'phase5_local_4' is not defined
HumanEval-RandomSpanInfillingLight:113:7faa31d7e1100488|alpha_renamed_auxiliary|canvas=32|seed=0,HumanEval-RandomSpanInfillingLight:113:7faa31d7e1100488,101,HumanEval/113,extreme,alpha_renamed_auxiliary,metamorphic_auxiliary_only,False,32,0,64,ok,False,41,32,308b46fa071c94506000cd35c1fad67b43f2b0007687ab79b8298b33cfc86ed8,55a69225c302fc3e642383bd454e5fe9f8d6cb28e62a5a9d3edd74f4aca611e2,8be0cddd705f4209f3ac82213381cb691e98a81b3ee91e4cdd3fc13303322e3b,9e15c1b1e9e3536ead81a7c53cd54e91d199d76a1d14ed28b9569cfd3c4b1697,3cb3ad6bbbc81e73d257f9ea956a6fdcf4aad0f3a5e6503c1d4032b76ce80f4a,d53c89ec73568af4c77aa3c0597a64b4353817be6e6eb02401a92d335169cd1d,True,0.99609375,2.7460907890927047,0.1254563129041344,2.871547101996839,2.8808963450137526,True,True,False,UnitTestFailure,failed: Replacement index 2 out of range for positional args tuple
HumanEval-RandomSpanInfillingLight:113:7faa31d7e1100488|alpha_renamed_auxiliary|canvas=32|seed=1,HumanEval-RandomSpanInfillingLight:113:7faa31d7e1100488,101,HumanEval/113,extreme,alpha_renamed_auxiliary,metamorphic_auxiliary_only,False,32,1,64,ok,False,41,32,308b46fa071c94506000cd35c1fad67b43f2b0007687ab79b8298b33cfc86ed8,55a69225c302fc3e642383bd454e5fe9f8d6cb28e62a5a9d3edd74f4aca611e2,8be0cddd705f4209f3ac82213381cb691e98a81b3ee91e4cdd3fc13303322e3b,9e15c1b1e9e3536ead81a7c53cd54e91d199d76a1d14ed28b9569cfd3c4b1697,3cb3ad6bbbc81e73d257f9ea956a6fdcf4aad0f3a5e6503c1d4032b76ce80f4a,d53c89ec73568af4c77aa3c0597a64b4353817be6e6eb02401a92d335169cd1d,True,0.99609375,2.7598617339972407,0.11705164005979896,2.8769133740570396,2.886874334071763,True,True,False,UnitTestFailure,failed: Replacement index 2 out of range for positional args tuple
HumanEval-RandomSpanInfillingLight:113:7faa31d7e1100488|alpha_renamed_auxiliary|canvas=64|seed=0,HumanEval-RandomSpanInfillingLight:113:7faa31d7e1100488,101,HumanEval/113,extreme,alpha_renamed_auxiliary,metamorphic_auxiliary_only,False,64,0,64,ok,False,41,64,9a677b4c5d01a4b823e328ed33add6a91097a73eb8b2ca3b270cc8fbf407f5ba,17ee505ea316cafa9a77fdc201b0ce1421c4e940964ebfac2036dfb9070e19fa,fb3fca09ff91541023a5290ff3929930a474201f8690df145371ee33d48953a7,e68f64f9ca83b9d0b9bb58b99a37cd018b683c3be246c0821f42be83fcd6af4c,d5d3e3bd4e2b81288c8a3ead06f09672dc12ebd5b54bd68001f2ab10fdca8e4b,ba4c8f0851603f4a68fb8b3ae24154eb92651ee0c1a0235a5ba0cf373e200a64,True,0.9921875,2.8018645299598575,0.14595046709291637,2.947814997052774,2.9582121160347015,True,True,False,UnitTestFailure,failed: Test 1
HumanEval-RandomSpanInfillingLight:113:7faa31d7e1100488|alpha_renamed_auxiliary|canvas=64|seed=1,HumanEval-RandomSpanInfillingLight:113:7faa31d7e1100488,101,HumanEval/113,extreme,alpha_renamed_auxiliary,metamorphic_auxiliary_only,False,64,1,64,ok,False,41,64,9a677b4c5d01a4b823e328ed33add6a91097a73eb8b2ca3b270cc8fbf407f5ba,17ee505ea316cafa9a77fdc201b0ce1421c4e940964ebfac2036dfb9070e19fa,fb3fca09ff91541023a5290ff3929930a474201f8690df145371ee33d48953a7,e68f64f9ca83b9d0b9bb58b99a37cd018b683c3be246c0821f42be83fcd6af4c,d5d3e3bd4e2b81288c8a3ead06f09672dc12ebd5b54bd68001f2ab10fdca8e4b,ba4c8f0851603f4a68fb8b3ae24154eb92651ee0c1a0235a5ba0cf373e200a64,True,0.9921875,2.8041798369958997,0.11348710884340107,2.9176669458393008,2.926142910029739,True,True,False,UnitTestFailure,failed: Test 1
HumanEval-RandomSpanInfillingLight:113:7faa31d7e1100488|alpha_renamed_auxiliary|canvas=128|seed=0,HumanEval-RandomSpanInfillingLight:113:7faa31d7e1100488,101,HumanEval/113,extreme,alpha_renamed_auxiliary,metamorphic_auxiliary_only,False,128,0,64,ok,False,41,128,4e7bc8107f8b37a910433d222e59284511d72605fca7c97c7e62763132625a69,78523b961458fe8967924f1d633f78bb6ad9d9a98263972b4d63acaa478d756d,610a8180322d8d5e1cd4ef9c84b15d4676cdf0be55cb09ae8fba73a9c9c59f43,c0487d0649b44c7655922fe7cd06418a293f68b85dba6916db3cefcd1bc37213,4da37d03f00124667f9e9e4ccb3970971ef51c24e780ce54db3cff6b6d8d6e17,14ce69cd012eeb44bf5bd03172b0eb9e9890cd43ed1a2b8d67ad0fec99822a19,True,0.984375,3.20088694000151,0.13199968298431486,3.332886622985825,3.342192822950892,True,True,False,UnitTestFailure,failed: count() takes at least 1 argument (0 given)
HumanEval-RandomSpanInfillingLight:113:7faa31d7e1100488|alpha_renamed_auxiliary|canvas=128|seed=1,HumanEval-RandomSpanInfillingLight:113:7faa31d7e1100488,101,HumanEval/113,extreme,alpha_renamed_auxiliary,metamorphic_auxiliary_only,False,128,1,64,ok,False,41,128,4e7bc8107f8b37a910433d222e59284511d72605fca7c97c7e62763132625a69,78523b961458fe8967924f1d633f78bb6ad9d9a98263972b4d63acaa478d756d,610a8180322d8d5e1cd4ef9c84b15d4676cdf0be55cb09ae8fba73a9c9c59f43,c0487d0649b44c7655922fe7cd06418a293f68b85dba6916db3cefcd1bc37213,4da37d03f00124667f9e9e4ccb3970971ef51c24e780ce54db3cff6b6d8d6e17,14ce69cd012eeb44bf5bd03172b0eb9e9890cd43ed1a2b8d67ad0fec99822a19,True,0.984375,3.1679153580917045,0.13508734898641706,3.3030027070781216,3.312393489992246,True,True,False,UnitTestFailure,failed: count() takes at least 1 argument (0 given)
HumanEval-RandomSpanInfillingLight:114:113e1a65bc0fea3c|alpha_renamed_auxiliary|canvas=16|seed=0,HumanEval-RandomSpanInfillingLight:114:113e1a65bc0fea3c,102,HumanEval/114,extreme,alpha_renamed_auxiliary,metamorphic_auxiliary_only,False,16,0,64,ok,False,60,16,950d5da7a2b0f7e87efa08f2ad73666db4f35043cd275d133e9f86559924a4c0,553a5d9f0f32c9ed416b10455e8c697a8f2a6817ba9689579d04997052b4270d,edef38abad06f833670cf442456d72479c893d9c085cbd113cd24e48b39d0d69,45e67155446ddeb2787a3c7a9e2dffd675a337111575085ee3c89ebcd3469819,49c7698065b7f36452a26e3e58926abe6f7b1dc113508ae5660081247cee598f,bb3df3dd5c7b54623d3a4d7cd968f46234003933ff5600718b8424fc135d78ab,True,0.99609375,1.9243414129596204,0.14925326104275882,2.073594674002379,2.0797295910306275,True,True,False,UnitTestFailure,failed: '<' not supported between instances of 'int' and 'list'
HumanEval-RandomSpanInfillingLight:114:113e1a65bc0fea3c|alpha_renamed_auxiliary|canvas=16|seed=1,HumanEval-RandomSpanInfillingLight:114:113e1a65bc0fea3c,102,HumanEval/114,extreme,alpha_renamed_auxiliary,metamorphic_auxiliary_only,False,16,1,64,ok,False,60,16,950d5da7a2b0f7e87efa08f2ad73666db4f35043cd275d133e9f86559924a4c0,553a5d9f0f32c9ed416b10455e8c697a8f2a6817ba9689579d04997052b4270d,edef38abad06f833670cf442456d72479c893d9c085cbd113cd24e48b39d0d69,45e67155446ddeb2787a3c7a9e2dffd675a337111575085ee3c89ebcd3469819,49c7698065b7f36452a26e3e58926abe6f7b1dc113508ae5660081247cee598f,bb3df3dd5c7b54623d3a4d7cd968f46234003933ff5600718b8424fc135d78ab,True,0.99609375,1.9209120479645208,0.1333474440034479,2.0542594919679686,2.0614117920631543,True,True,False,UnitTestFailure,failed: '<' not supported between instances of 'int' and 'list'
HumanEval-RandomSpanInfillingLight:114:113e1a65bc0fea3c|alpha_renamed_auxiliary|canvas=32|seed=0,HumanEval-RandomSpanInfillingLight:114:113e1a65bc0fea3c,102,HumanEval/114,extreme,alpha_renamed_auxiliary,metamorphic_auxiliary_only,False,32,0,64,ok,False,60,32,074d4b1e6fcfd5959b7d420b459c915f9616789e4c89e6d64cd9c1f359c7a847,57db8c813b9d769fd133e443316065972d70f04308678f27cc61a36ef3a7a3c8,52f247d7f02577418a0eda1d1fff8f9e196bddfbbfb2de281a56b6af186aae56,0f8a8c020dbcfef766f831cc6b849d0fa7f966401c8cd599ef90d61ee86b25b6,05b14466dee4d085637d7bc072394337b2bb9013ab97737af1ed9330acc39756,e29a689160530d12c8f79b467a9491ae48af3043daa3f57e27500ba2467cc9a8,True,0.99609375,1.969552788999863,0.15097488288301975,2.1205276718828827,2.129842636990361,True,True,False,UnitTestFailure,failed: This prints if this assert fails 1 (good for debugging!)
HumanEval-RandomSpanInfillingLight:114:113e1a65bc0fea3c|alpha_renamed_auxiliary|canvas=32|seed=1,HumanEval-RandomSpanInfillingLight:114:113e1a65bc0fea3c,102,HumanEval/114,extreme,alpha_renamed_auxiliary,metamorphic_auxiliary_only,False,32,1,64,ok,False,60,32,074d4b1e6fcfd5959b7d420b459c915f9616789e4c89e6d64cd9c1f359c7a847,57db8c813b9d769fd133e443316065972d70f04308678f27cc61a36ef3a7a3c8,52f247d7f02577418a0eda1d1fff8f9e196bddfbbfb2de281a56b6af186aae56,0f8a8c020dbcfef766f831cc6b849d0fa7f966401c8cd599ef90d61ee86b25b6,05b14466dee4d085637d7bc072394337b2bb9013ab97737af1ed9330acc39756,e29a689160530d12c8f79b467a9491ae48af3043daa3f57e27500ba2467cc9a8,True,0.99609375,1.9552386539289728,0.1329484290909022,2.088187083019875,2.095584678929299,True,True,False,UnitTestFailure,failed: This prints if this assert fails 1 (good for debugging!)
HumanEval-RandomSpanInfillingLight:114:113e1a65bc0fea3c|alpha_renamed_auxiliary|canvas=64|seed=0,HumanEval-RandomSpanInfillingLight:114:113e1a65bc0fea3c,102,HumanEval/114,extreme,alpha_renamed_auxiliary,metamorphic_auxiliary_only,False,64,0,64,ok,False,60,64,4da0518ea2aa13725d13f83fd5c53594e444c491c5ea5363fb78ee77f0268a13,b19aab01db16638b430dc23b39ac97a0ae1adb7756a9a0c192c1e8e71e1290b2,cd1f49ef9d2dca7430063060714f0eb4f00da951cc55527bbe6d74f6a9d30710,2603dc7a791d66c273cd42377e657a9da74361a843081afabcd46363ef721377,11ecf78b93dcdeb762d5449b7b8207cc9ec4f5f53eaa98965206bb1e0248648a,8a8511599a23e88c16da74b9a4074f2a701f1336b05c85289c4d74f37f7b2bde,True,0.97265625,2.1848440220346674,0.117182238958776,2.3020262609934434,2.31142527598422,True,True,False,UnitTestFailure,failed: This prints if this assert fails 1 (good for debugging!)
HumanEval-RandomSpanInfillingLight:114:113e1a65bc0fea3c|alpha_renamed_auxiliary|canvas=64|seed=1,HumanEval-RandomSpanInfillingLight:114:113e1a65bc0fea3c,102,HumanEval/114,extreme,alpha_renamed_auxiliary,metamorphic_auxiliary_only,False,64,1,64,ok,False,60,64,4da0518ea2aa13725d13f83fd5c53594e444c491c5ea5363fb78ee77f0268a13,b19aab01db16638b430dc23b39ac97a0ae1adb7756a9a0c192c1e8e71e1290b2,cd1f49ef9d2dca7430063060714f0eb4f00da951cc55527bbe6d74f6a9d30710,2603dc7a791d66c273cd42377e657a9da74361a843081afabcd46363ef721377,11ecf78b93dcdeb762d5449b7b8207cc9ec4f5f53eaa98965206bb1e0248648a,8a8511599a23e88c16da74b9a4074f2a701f1336b05c85289c4d74f37f7b2bde,True,0.97265625,2.19431413593702,0.1146385840838775,2.3089527200208977,2.3165400959551334,True,True,False,UnitTestFailure,failed: This prints if this assert fails 1 (good for debugging!)
HumanEval-RandomSpanInfillingLight:114:113e1a65bc0fea3c|alpha_renamed_auxiliary|canvas=128|seed=0,HumanEval-RandomSpanInfillingLight:114:113e1a65bc0fea3c,102,HumanEval/114,extreme,alpha_renamed_auxiliary,metamorphic_auxiliary_only,False,128,0,64,ok,False,60,128,ca5ada2e7c09763b0a9c0dd6ad0d5b373f6283b987981156406116afc76b9fcc,aeda268b54302cbc202bde78b54ba6b1e879f6408eee65b2a0bc046e20c17458,22e808cacd9d0a4eb0d8e320032170e771271eb6cace28c01924eae0a5c85728,6c8e4eb3b5e585ae228529afa3de5a2c078c268b8316e276a874bba2176665cc,fd4d30563a6d751c6fafbc6fdad956bc4fd12edf56a6ab039052feb8b7a7dae7,fc23c81877aab348a3530ba068667907a4ddbcfa5e668907eb5b8d49e3f114ba,True,0.98046875,2.6132451000157744,0.14431368396617472,2.757558783981949,2.7652922159759328,True,True,False,UnitTestFailure,failed: bad operand type for unary -: 'NoneType'
HumanEval-RandomSpanInfillingLight:114:113e1a65bc0fea3c|alpha_renamed_auxiliary|canvas=128|seed=1,HumanEval-RandomSpanInfillingLight:114:113e1a65bc0fea3c,102,HumanEval/114,extreme,alpha_renamed_auxiliary,metamorphic_auxiliary_only,False,128,1,64,ok,False,60,128,ca5ada2e7c09763b0a9c0dd6ad0d5b373f6283b987981156406116afc76b9fcc,aeda268b54302cbc202bde78b54ba6b1e879f6408eee65b2a0bc046e20c17458,22e808cacd9d0a4eb0d8e320032170e771271eb6cace28c01924eae0a5c85728,6c8e4eb3b5e585ae228529afa3de5a2c078c268b8316e276a874bba2176665cc,fd4d30563a6d751c6fafbc6fdad956bc4fd12edf56a6ab039052feb8b7a7dae7,fc23c81877aab348a3530ba068667907a4ddbcfa5e668907eb5b8d49e3f114ba,True,0.98046875,2.6561673700343817,0.13018463412299752,2.7863520041573793,2.7944368349853903,True,True,False,UnitTestFailure,failed: bad operand type for unary -: 'NoneType'
HumanEval-RandomSpanInfillingLight:117:4e45a41d2a1958a7|alpha_renamed_auxiliary|canvas=16|seed=0,HumanEval-RandomSpanInfillingLight:117:4e45a41d2a1958a7,105,HumanEval/117,medium,alpha_renamed_auxiliary,metamorphic_auxiliary_only,False,16,0,64,ok,False,15,16,7fc1e4527e921bf8acf12e8c63e844ab326018bf34279e8343a8ae0fae29260c,8053ae9e2e3e5adcc2b1b0d1c0c018af8e573b0df8288f4e5ad1d5e114ff5802,d1a834e3e4e793b76bf09aa758a6b26b4b24cfc16d1b49a750d08fe4d40989cb,4ae84d61d6e66bf37f5c8ba09cfa90e2fedeec873d5493e99114e90aa37e99b7,249a7230f4f5abba87344965ba93d1ce201628857a06cc2f65a6deb5aff41860,d20764ea8b0d753f379014c6d509e5ca6b42368a07408f954752e7c1e5869e48,False,1.0,2.7569236679701135,0.1482803369872272,2.9052040049573407,2.9169547529891133,True,True,False,UnitTestFailure,failed: name 'vowels' is not defined
HumanEval-RandomSpanInfillingLight:117:4e45a41d2a1958a7|alpha_renamed_auxiliary|canvas=16|seed=1,HumanEval-RandomSpanInfillingLight:117:4e45a41d2a1958a7,105,HumanEval/117,medium,alpha_renamed_auxiliary,metamorphic_auxiliary_only,False,16,1,64,ok,False,15,16,7fc1e4527e921bf8acf12e8c63e844ab326018bf34279e8343a8ae0fae29260c,8053ae9e2e3e5adcc2b1b0d1c0c018af8e573b0df8288f4e5ad1d5e114ff5802,d1a834e3e4e793b76bf09aa758a6b26b4b24cfc16d1b49a750d08fe4d40989cb,4ae84d61d6e66bf37f5c8ba09cfa90e2fedeec873d5493e99114e90aa37e99b7,249a7230f4f5abba87344965ba93d1ce201628857a06cc2f65a6deb5aff41860,d20764ea8b0d753f379014c6d509e5ca6b42368a07408f954752e7c1e5869e48,False,1.0,2.7844245879678056,0.14444001391530037,2.928864601883106,2.9412086099619046,True,True,False,UnitTestFailure,failed: name 'vowels' is not defined
HumanEval-RandomSpanInfillingLight:117:4e45a41d2a1958a7|alpha_renamed_auxiliary|canvas=32|seed=0,HumanEval-RandomSpanInfillingLight:117:4e45a41d2a1958a7,105,HumanEval/117,medium,alpha_renamed_auxiliary,metamorphic_auxiliary_only,False,32,0,64,ok,False,15,32,34ee45057344d4a3ebad0d5f41d18c1224458b7ed9d307f216f5f9eae1db0bae,33517c2aac6b08092e39aedffa9a3c718dd624be3c6c8e658ab7c25db59659f7,6273be274ddf5d7e74d25d90dd3e91bc95607498328b9799cbcbd96c60fc463f,44ed86ee9684d7e0eefedd2db434bb629c15da2f05f130f22380d27cba6546ce,8275eccb45029666ef1ffdb3a9b00cf92a90bf0f65b8d1a318a9a1775368d412,8270e4599fecc3a862f4b670945094c26624f0985163bd8b40b6e887bd1d3107,False,0.97265625,2.843349264934659,0.14561208698432893,2.988961351918988,3.003427729010582,True,True,False,UnitTestFailure,failed: name 'phase5_local_4' is not defined
HumanEval-RandomSpanInfillingLight:117:4e45a41d2a1958a7|alpha_renamed_auxiliary|canvas=32|seed=1,HumanEval-RandomSpanInfillingLight:117:4e45a41d2a1958a7,105,HumanEval/117,medium,alpha_renamed_auxiliary,metamorphic_auxiliary_only,False,32,1,64,ok,False,15,32,34ee45057344d4a3ebad0d5f41d18c1224458b7ed9d307f216f5f9eae1db0bae,33517c2aac6b08092e39aedffa9a3c718dd624be3c6c8e658ab7c25db59659f7,6273be274ddf5d7e74d25d90dd3e91bc95607498328b9799cbcbd96c60fc463f,44ed86ee9684d7e0eefedd2db434bb629c15da2f05f130f22380d27cba6546ce,8275eccb45029666ef1ffdb3a9b00cf92a90bf0f65b8d1a318a9a1775368d412,8270e4599fecc3a862f4b670945094c26624f0985163bd8b40b6e887bd1d3107,False,0.97265625,2.799411721061915,0.15757664712145925,2.9569883681833744,2.9699995949631557,True,True,False,UnitTestFailure,failed: name 'phase5_local_4' is not defined
HumanEval-RandomSpanInfillingLight:117:4e45a41d2a1958a7|alpha_renamed_auxiliary|canvas=64|seed=0,HumanEval-RandomSpanInfillingLight:117:4e45a41d2a1958a7,105,HumanEval/117,medium,alpha_renamed_auxiliary,metamorphic_auxiliary_only,False,64,0,64,ok,False,15,64,03be77ed70d91e0e0c98827cbf4eafa0d9849ca6d3453c444b6b297bf204901f,2b68e556d1b271e99822527b7bcc9af72b9727b7727e52a1768741bfce4a6439,1c32152b5c1feebeed4dda81d27fceb125519196231d992792cd7510a88c104d,1dd281395db852b50dacb1e7e7108526ff9abb8a6f6255808ade6b3d2820956a,3950e60ccb1739b3f6c95a7f4a64515c7c3050301998b0aa0842a1127a51b39d,4e2ce46e7b4d25a3026a414c4ef409fdcc1f50e34801f191584f6f693b0f8371,False,0.98046875,2.8418933980865404,0.1469902399694547,2.988883638055995,2.999158706050366,True,True,False,UnitTestFailure,failed: First test error: []
HumanEval-RandomSpanInfillingLight:117:4e45a41d2a1958a7|alpha_renamed_auxiliary|canvas=64|seed=1,HumanEval-RandomSpanInfillingLight:117:4e45a41d2a1958a7,105,HumanEval/117,medium,alpha_renamed_auxiliary,metamorphic_auxiliary_only,False,64,1,64,ok,False,15,64,03be77ed70d91e0e0c98827cbf4eafa0d9849ca6d3453c444b6b297bf204901f,2b68e556d1b271e99822527b7bcc9af72b9727b7727e52a1768741bfce4a6439,1c32152b5c1feebeed4dda81d27fceb125519196231d992792cd7510a88c104d,1dd281395db852b50dacb1e7e7108526ff9abb8a6f6255808ade6b3d2820956a,3950e60ccb1739b3f6c95a7f4a64515c7c3050301998b0aa0842a1127a51b39d,4e2ce46e7b4d25a3026a414c4ef409fdcc1f50e34801f191584f6f693b0f8371,False,0.98046875,2.8219072590582073,0.15074132091831416,2.9726485799765214,2.9818632919341326,True,True,False,UnitTestFailure,failed: First test error: []
HumanEval-RandomSpanInfillingLight:117:4e45a41d2a1958a7|alpha_renamed_auxiliary|canvas=128|seed=0,HumanEval-RandomSpanInfillingLight:117:4e45a41d2a1958a7,105,HumanEval/117,medium,alpha_renamed_auxiliary,metamorphic_auxiliary_only,False,128,0,64,ok,False,15,128,5a0331fe58d793f45cab206f76f9f90212fc502da007fcae56c48363ac74d255,1bd4483ae7cc8ac127227dc17e16d90884bcf8138e0e49f96ba63f687d30e4ea,,85be9c842173501bbafa5acdb112622c9ac00599d82a38d82fc7bdc46f63d7c5,7100024029531aa00a4889a1fe8726ccc705350e49635b7c9dae6c7f0b0abb33,,False,0.98828125,3.203602656023577,0.0001256780233234167,3.2037283340469003,3.209714971948415,False,False,False,SyntaxError,"unterminated triple-quoted string literal (detected at line 38) (<unknown>, line 28)"
HumanEval-RandomSpanInfillingLight:117:4e45a41d2a1958a7|alpha_renamed_auxiliary|canvas=128|seed=1,HumanEval-RandomSpanInfillingLight:117:4e45a41d2a1958a7,105,HumanEval/117,medium,alpha_renamed_auxiliary,metamorphic_auxiliary_only,False,128,1,64,ok,False,15,128,5a0331fe58d793f45cab206f76f9f90212fc502da007fcae56c48363ac74d255,1bd4483ae7cc8ac127227dc17e16d90884bcf8138e0e49f96ba63f687d30e4ea,,85be9c842173501bbafa5acdb112622c9ac00599d82a38d82fc7bdc46f63d7c5,7100024029531aa00a4889a1fe8726ccc705350e49635b7c9dae6c7f0b0abb33,,False,0.98828125,3.204088651924394,0.0001377150183543563,3.2042263669427484,3.208994055981748,False,False,False,SyntaxError,"unterminated triple-quoted string literal (detected at line 38) (<unknown>, line 28)"
HumanEval-RandomSpanInfillingLight:118:9d636a503bd08833|alpha_renamed_auxiliary|canvas=16|seed=0,HumanEval-RandomSpanInfillingLight:118:9d636a503bd08833,106,HumanEval/118,extreme,alpha_renamed_auxiliary,metamorphic_auxiliary_only,False,16,0,64,ok,False,38,16,b3ef931493ea542658ab9c92523ce57f0721ecfc0429d5ef42c2cabecf4c0ef1,1f57d7b09629e654cbe0b9eb06c797691638da138989ef9b1b667c3daa4bd842,4c6eb238d62dabb18bc2857976f31d2d16be613424c95d052d8f08dfa2b4e5fc,63b33819f22008fafdf1ea0e5bfc46d582db4aa43238833a7e101534083543d4,552e9e5ede347b251e258a5139e42788da241d61f1cca0f0a6f202049662d054,95d12cc18ba9da7161db61e2aba29e1a300e4603a9fbc93c6e824a6b6797d70e,True,1.0,2.6458996389992535,0.14739361603278667,2.79329325503204,2.800803310936317,True,True,False,UnitTestFailure,failed:
HumanEval-RandomSpanInfillingLight:118:9d636a503bd08833|alpha_renamed_auxiliary|canvas=16|seed=1,HumanEval-RandomSpanInfillingLight:118:9d636a503bd08833,106,HumanEval/118,extreme,alpha_renamed_auxiliary,metamorphic_auxiliary_only,False,16,1,64,ok,False,38,16,b3ef931493ea542658ab9c92523ce57f0721ecfc0429d5ef42c2cabecf4c0ef1,1f57d7b09629e654cbe0b9eb06c797691638da138989ef9b1b667c3daa4bd842,4c6eb238d62dabb18bc2857976f31d2d16be613424c95d052d8f08dfa2b4e5fc,63b33819f22008fafdf1ea0e5bfc46d582db4aa43238833a7e101534083543d4,552e9e5ede347b251e258a5139e42788da241d61f1cca0f0a6f202049662d054,95d12cc18ba9da7161db61e2aba29e1a300e4603a9fbc93c6e824a6b6797d70e,True,1.0,2.6329287230037153,0.12453290796838701,2.7574616309721023,2.7693093069829047,True,True,False,UnitTestFailure,failed:
HumanEval-RandomSpanInfillingLight:118:9d636a503bd08833|alpha_renamed_auxiliary|canvas=32|seed=0,HumanEval-RandomSpanInfillingLight:118:9d636a503bd08833,106,HumanEval/118,extreme,alpha_renamed_auxiliary,metamorphic_auxiliary_only,False,32,0,64,ok,False,38,32,5627fccee2ce07c7304fab35d5649e9d70360b1826c098fe50d2e107e13f7613,e33edd76c2f0f3201b44c5401c61285684f33804d55f1bab134140aa70d848a7,c38fd422aaca077ce19deca3c9be35c44a0d2a2e03f97b4e36333fc539b2c377,136b780213f0f0c20537f9b10766912bdf5e5d6d6e91a43f1bd96aa4c245825d,003d15cde2b127c7a8d4ee76b1b2e2e2d5ae52d4990bac29bb15b9651289e1b9,8e6d08b03619d203627075b5bd59967a0f9f2ff2bd761d98f551fa5590f9c411,True,0.98828125,2.694054550025612,0.1480065471259877,2.8420610971516,2.8529897700063884,True,True,False,UnitTestFailure,failed:
HumanEval-RandomSpanInfillingLight:118:9d636a503bd08833|alpha_renamed_auxiliary|canvas=32|seed=1,HumanEval-RandomSpanInfillingLight:118:9d636a503bd08833,106,HumanEval/118,extreme,alpha_renamed_auxiliary,metamorphic_auxiliary_only,False,32,1,64,ok,False,38,32,5627fccee2ce07c7304fab35d5649e9d70360b1826c098fe50d2e107e13f7613,e33edd76c2f0f3201b44c5401c61285684f33804d55f1bab134140aa70d848a7,c38fd422aaca077ce19deca3c9be35c44a0d2a2e03f97b4e36333fc539b2c377,136b780213f0f0c20537f9b10766912bdf5e5d6d6e91a43f1bd96aa4c245825d,003d15cde2b127c7a8d4ee76b1b2e2e2d5ae52d4990bac29bb15b9651289e1b9,8e6d08b03619d203627075b5bd59967a0f9f2ff2bd761d98f551fa5590f9c411,True,0.98828125,2.6737409840570763,0.11435734282713383,2.78809832688421,2.797218656982295,True,True,False,UnitTestFailure,failed:
HumanEval-RandomSpanInfillingLight:118:9d636a503bd08833|alpha_renamed_auxiliary|canvas=64|seed=0,HumanEval-RandomSpanInfillingLight:118:9d636a503bd08833,106,HumanEval/118,extreme,alpha_renamed_auxiliary,metamorphic_auxiliary_only,False,64,0,64,ok,True,38,64,d618f646ee79a6cc7d45fc92d73922ab729d937b5ac5f6ffc732a1755624362a,b0b3d1bebfbd408e3101ec21ebc6fa765e47dd88cf9b5422982a92d7c8ac68fc,776d001b87c5c5c62b4e8d9ca80788190152713c8701d4b51206a688a15715e2,640902f1deefe6d48072f3f5361534380cad7e87d0c0817daa0c09939e6d8e6e,23225478fd95bc09f23470ee6bd490bb081a16921fd4ecf917a6fe106d0d6509,24faa827a253b4b3880dc78dff7122a04a0fcea588bd858c16627520330da0bf,True,0.99609375,2.7167615650687367,0.136900590849109,2.8536621559178457,2.861751215066761,True,True,True,,
HumanEval-RandomSpanInfillingLight:118:9d636a503bd08833|alpha_renamed_auxiliary|canvas=64|seed=1,HumanEval-RandomSpanInfillingLight:118:9d636a503bd08833,106,HumanEval/118,extreme,alpha_renamed_auxiliary,metamorphic_auxiliary_only,False,64,1,64,ok,True,38,64,d618f646ee79a6cc7d45fc92d73922ab729d937b5ac5f6ffc732a1755624362a,b0b3d1bebfbd408e3101ec21ebc6fa765e47dd88cf9b5422982a92d7c8ac68fc,776d001b87c5c5c62b4e8d9ca80788190152713c8701d4b51206a688a15715e2,640902f1deefe6d48072f3f5361534380cad7e87d0c0817daa0c09939e6d8e6e,23225478fd95bc09f23470ee6bd490bb081a16921fd4ecf917a6fe106d0d6509,24faa827a253b4b3880dc78dff7122a04a0fcea588bd858c16627520330da0bf,True,0.99609375,2.786378602962941,0.11456173402257264,2.9009403369855136,2.909492150065489,True,True,True,,
HumanEval-RandomSpanInfillingLight:118:9d636a503bd08833|alpha_renamed_auxiliary|canvas=128|seed=0,HumanEval-RandomSpanInfillingLight:118:9d636a503bd08833,106,HumanEval/118,extreme,alpha_renamed_auxiliary,metamorphic_auxiliary_only,False,128,0,64,ok,False,38,128,afb62cd48c413fe0c1374aa86117b8537abec2247fa7ff43ed16b35c486787fd,fbe5e48b18a0f157f2481ce2bcac9be63276f147669fb2c8178c927eefee837c,224c3341b72fedbb49b917ccd252b8dde9219d284071c1007b9ec8b17c47baed,15170254b0d7246d27efed3640e79dc6a1ff59c25165a888c6fed0fe779b404b,6b62117f0d8f4a59be9e63569eac0794546c03920c6848bafee14f50299c2d6d,c4ee8309b63b161deb4d9e833c55c441296f1de711590266786b2d037e620155,False,0.95703125,2.869849140988663,0.1308533400297165,3.0007024810183793,3.0094629710074514,True,True,False,UnitTestFailure,failed:
HumanEval-RandomSpanInfillingLight:118:9d636a503bd08833|alpha_renamed_auxiliary|canvas=128|seed=1,HumanEval-RandomSpanInfillingLight:118:9d636a503bd08833,106,HumanEval/118,extreme,alpha_renamed_auxiliary,metamorphic_auxiliary_only,False,128,1,64,ok,False,38,128,afb62cd48c413fe0c1374aa86117b8537abec2247fa7ff43ed16b35c486787fd,fbe5e48b18a0f157f2481ce2bcac9be63276f147669fb2c8178c927eefee837c,224c3341b72fedbb49b917ccd252b8dde9219d284071c1007b9ec8b17c47baed,15170254b0d7246d27efed3640e79dc6a1ff59c25165a888c6fed0fe779b404b,6b62117f0d8f4a59be9e63569eac0794546c03920c6848bafee14f50299c2d6d,c4ee8309b63b161deb4d9e833c55c441296f1de711590266786b2d037e620155,False,0.95703125,2.8779247630154714,0.13398883503396064,3.011913598049432,3.0235707859974355,True,True,False,UnitTestFailure,failed:
HumanEval-RandomSpanInfillingLight:120:ff8db58097a877e2|alpha_renamed_auxiliary|canvas=16|seed=0,HumanEval-RandomSpanInfillingLight:120:ff8db58097a877e2,108,HumanEval/120,medium,alpha_renamed_auxiliary,metamorphic_auxiliary_only,False,16,0,64,ok,False,13,16,12760205b81c5461f5951b9317933a0d88f0cb5cc0c682e20aef9c1e6127447d,e1bf796eacc1ed7cde13b4167d917883625500be28917d400e2979922070b1e6,b0cc32dd4a1e51a9d0f483a332a010aff9f48c4f1d485d6248acb6a173ff220a,f66604d8496f092db19896572eda260ec8a27173aafcf975676e68d0025e628c,d6e2d86b32fd2339c016be7d0a3e2bf788dc1833a2b38e1b8647faaa5ecc2c86,c2422e303c7d4ea459042c3537976775b96c1a5456fad790c4bf0ce2e51a84e8,True,0.99609375,2.7085233649704605,0.13761890190653503,2.8461422668769956,2.855565977981314,True,True,False,UnitTestFailure,failed: name 'phase5_maximum' is not defined
HumanEval-RandomSpanInfillingLight:120:ff8db58097a877e2|alpha_renamed_auxiliary|canvas=16|seed=1,HumanEval-RandomSpanInfillingLight:120:ff8db58097a877e2,108,HumanEval/120,medium,alpha_renamed_auxiliary,metamorphic_auxiliary_only,False,16,1,64,ok,False,13,16,12760205b81c5461f5951b9317933a0d88f0cb5cc0c682e20aef9c1e6127447d,e1bf796eacc1ed7cde13b4167d917883625500be28917d400e2979922070b1e6,b0cc32dd4a1e51a9d0f483a332a010aff9f48c4f1d485d6248acb6a173ff220a,f66604d8496f092db19896572eda260ec8a27173aafcf975676e68d0025e628c,d6e2d86b32fd2339c016be7d0a3e2bf788dc1833a2b38e1b8647faaa5ecc2c86,c2422e303c7d4ea459042c3537976775b96c1a5456fad790c4bf0ce2e51a84e8,True,0.99609375,2.702765712980181,0.15005246095824987,2.852818173938431,2.8621885089669377,True,True,False,UnitTestFailure,failed: name 'phase5_maximum' is not defined
HumanEval-RandomSpanInfillingLight:120:ff8db58097a877e2|alpha_renamed_auxiliary|canvas=32|seed=0,HumanEval-RandomSpanInfillingLight:120:ff8db58097a877e2,108,HumanEval/120,medium,alpha_renamed_auxiliary,metamorphic_auxiliary_only,False,32,0,64,ok,False,13,32,5df2f8e90f85aabc68e11a3c7173cb51eb62204f072ba217bd5acd9dbb69a376,c4db9ec8263c132b51114cd71bbeb0bf57628a0d89989b35b0f55268503a11d5,3656dfb22448361c1a606f4efc707b71e0aed832df8b335919db723f3f85c2ab,2f0cb99b3a24efb0658f70572fb4f37d5111a7965b557803af56c956dd65bf9a,5b476492e586a9ce7a36badeaa488dd5a98e6072c3ba32f59cf2e4512fa18b93,9676201cf3189d366c1927f2a4e756a8b84cf28aef43a03ade82b52d1979664e,True,1.0,2.766435519908555,0.13636647805105895,2.902801997959614,2.911096066934988,True,True,False,UnitTestFailure,failed:
HumanEval-RandomSpanInfillingLight:120:ff8db58097a877e2|alpha_renamed_auxiliary|canvas=32|seed=1,HumanEval-RandomSpanInfillingLight:120:ff8db58097a877e2,108,HumanEval/120,medium,alpha_renamed_auxiliary,metamorphic_auxiliary_only,False,32,1,64,ok,False,13,32,5df2f8e90f85aabc68e11a3c7173cb51eb62204f072ba217bd5acd9dbb69a376,c4db9ec8263c132b51114cd71bbeb0bf57628a0d89989b35b0f55268503a11d5,3656dfb22448361c1a606f4efc707b71e0aed832df8b335919db723f3f85c2ab,2f0cb99b3a24efb0658f70572fb4f37d5111a7965b557803af56c956dd65bf9a,5b476492e586a9ce7a36badeaa488dd5a98e6072c3ba32f59cf2e4512fa18b93,9676201cf3189d366c1927f2a4e756a8b84cf28aef43a03ade82b52d1979664e,True,1.0,2.7451458600116894,0.15073042397852987,2.8958762839902192,2.903038846910931,True,True,False,UnitTestFailure,failed:
HumanEval-RandomSpanInfillingLight:120:ff8db58097a877e2|alpha_renamed_auxiliary|canvas=64|seed=0,HumanEval-RandomSpanInfillingLight:120:ff8db58097a877e2,108,HumanEval/120,medium,alpha_renamed_auxiliary,metamorphic_auxiliary_only,False,64,0,64,ok,False,13,62,c44462e158df21803cb10e5c67b8981b056076823cf7be5c41676fd4c0189a11,b12368e81ed7f527cd013bd4785eceb3a0f632e26d7727f709f30f236be368a2,d44cf8a29cf1911decd6d79323260e7e4ad106a9c47315dbeaafe1a63db4ab42,501174c15414fc4bcf807eece5b60eec1e7df0dc40112b3090ea2f4826b8f929,808f8cedb97b4350593591e4903b3956679d62af006ef4ff7f34403bdeffbdf8,d5aa39a8378063132c446cddd97cb0da5933d29b53e4218b7dafc756e9691102,True,0.97265625,2.790207486017607,0.14730405702721328,2.9375115430448204,2.944962606066838,True,True,False,UnitTestFailure,failed:
HumanEval-RandomSpanInfillingLight:120:ff8db58097a877e2|alpha_renamed_auxiliary|canvas=64|seed=1,HumanEval-RandomSpanInfillingLight:120:ff8db58097a877e2,108,HumanEval/120,medium,alpha_renamed_auxiliary,metamorphic_auxiliary_only,False,64,1,64,ok,False,13,62,c44462e158df21803cb10e5c67b8981b056076823cf7be5c41676fd4c0189a11,b12368e81ed7f527cd013bd4785eceb3a0f632e26d7727f709f30f236be368a2,d44cf8a29cf1911decd6d79323260e7e4ad106a9c47315dbeaafe1a63db4ab42,501174c15414fc4bcf807eece5b60eec1e7df0dc40112b3090ea2f4826b8f929,808f8cedb97b4350593591e4903b3956679d62af006ef4ff7f34403bdeffbdf8,d5aa39a8378063132c446cddd97cb0da5933d29b53e4218b7dafc756e9691102,True,0.97265625,2.7750596420373768,0.1367213730700314,2.911781015107408,2.9202593059744686,True,True,False,UnitTestFailure,failed:
HumanEval-RandomSpanInfillingLight:120:ff8db58097a877e2|alpha_renamed_auxiliary|canvas=128|seed=0,HumanEval-RandomSpanInfillingLight:120:ff8db58097a877e2,108,HumanEval/120,medium,alpha_renamed_auxiliary,metamorphic_auxiliary_only,False,128,0,64,ok,False,13,127,e50ab19e6fe410c79383187be7a9ae0a350f953ef39c01796288530465eaeb5b,f7e6e4eb721abe661a7f0a25340f92a15032be7467b9987d3131c3135fb04c11,,8c3a75f8ca1aa5a2000a3279b2400f4460561a9aba28f429dd6571961fb3c20f,d3aa3749c83b6628abef0c41fe961e17cfa28b87c7d2511c6d01b527d5931893,,True,0.98046875,3.164269589004107,0.0002382179955020547,3.164507806999609,3.1728768730536103,False,False,False,SyntaxError,"invalid syntax (<unknown>, line 32)"
HumanEval-RandomSpanInfillingLight:120:ff8db58097a877e2|alpha_renamed_auxiliary|canvas=128|seed=1,HumanEval-RandomSpanInfillingLight:120:ff8db58097a877e2,108,HumanEval/120,medium,alpha_renamed_auxiliary,metamorphic_auxiliary_only,False,128,1,64,ok,False,13,127,e50ab19e6fe410c79383187be7a9ae0a350f953ef39c01796288530465eaeb5b,f7e6e4eb721abe661a7f0a25340f92a15032be7467b9987d3131c3135fb04c11,,8c3a75f8ca1aa5a2000a3279b2400f4460561a9aba28f429dd6571961fb3c20f,d3aa3749c83b6628abef0c41fe961e17cfa28b87c7d2511c6d01b527d5931893,,True,0.98046875,3.1545769619988278,0.0002494429936632514,3.154826404992491,3.1613789160037413,False,False,False,SyntaxError,"invalid syntax (<unknown>, line 32)"
HumanEval-RandomSpanInfillingLight:121:6fb9017c7b7944eb|alpha_renamed_auxiliary|canvas=16|seed=0,HumanEval-RandomSpanInfillingLight:121:6fb9017c7b7944eb,109,HumanEval/121,medium,alpha_renamed_auxiliary,metamorphic_auxiliary_only,False,16,0,64,ok,False,12,16,7b324cc07d53a5edc0aec606867b6d19dafdc4c6a6a3385ecc9617befe70b83b,a22a4addc54f8389ff335fa92fb21a94d0a884eac48571ade1385809fb4f1f1a,505576b1d5263fcf47fd3340c29cc79d2d7912e253b38bb7e3a50bc55b583af0,a6eeda681e800c79fcd080a9fe4daf234ed9e3aaac7a2fc7ed5c510ae926931c,ed0e19202a624320f0be93d2987814fd4242cbe128b5e0c5cc5fe83699a34981,9eb62ac007fb5d69f528e1d1778be50f2396e3711249d6fb19531a972a10b10d,True,0.9609375,1.9350131819956005,0.11510177503805608,2.0501149570336565,2.0556391880381852,True,True,False,UnitTestFailure,failed:
HumanEval-RandomSpanInfillingLight:121:6fb9017c7b7944eb|alpha_renamed_auxiliary|canvas=16|seed=1,HumanEval-RandomSpanInfillingLight:121:6fb9017c7b7944eb,109,HumanEval/121,medium,alpha_renamed_auxiliary,metamorphic_auxiliary_only,False,16,1,64,ok,False,12,16,7b324cc07d53a5edc0aec606867b6d19dafdc4c6a6a3385ecc9617befe70b83b,a22a4addc54f8389ff335fa92fb21a94d0a884eac48571ade1385809fb4f1f1a,505576b1d5263fcf47fd3340c29cc79d2d7912e253b38bb7e3a50bc55b583af0,a6eeda681e800c79fcd080a9fe4daf234ed9e3aaac7a2fc7ed5c510ae926931c,ed0e19202a624320f0be93d2987814fd4242cbe128b5e0c5cc5fe83699a34981,9eb62ac007fb5d69f528e1d1778be50f2396e3711249d6fb19531a972a10b10d,True,0.9609375,1.9047400479903445,0.1325934228952974,2.037333470885642,2.0437818439677358,True,True,False,UnitTestFailure,failed:
HumanEval-RandomSpanInfillingLight:121:6fb9017c7b7944eb|alpha_renamed_auxiliary|canvas=32|seed=0,HumanEval-RandomSpanInfillingLight:121:6fb9017c7b7944eb,109,HumanEval/121,medium,alpha_renamed_auxiliary,metamorphic_auxiliary_only,False,32,0,64,ok,True,12,32,971d9ade9edb38769f09a206350aa5d3d0521eb93adb36ce3d957d017e0a6755,7811176883675a22763e6a2ac63d854cd83f4eda952b9ae6cac7d3c2a6456ed6,400d3d44c6e84ea4f7588dbdb1f78c09c0654d3eade7d5280cc4357b878fa216,0926775ad8b0a26e1f9ddf2f92f3165da203470710b4c55aa342c3fb43ee7e3a,8639ed388a0c91c3284d30c4d174264fcab13945f0e45afc5399c36cda53c02a,b2c0c6632d9ae6c3719c4b08ea8f6656a43108cb49c6f4229dec42421cf770bf,True,0.9765625,1.9439866150496528,0.1306148290168494,2.074601444066502,2.0817409759620205,True,True,True,,
HumanEval-RandomSpanInfillingLight:121:6fb9017c7b7944eb|alpha_renamed_auxiliary|canvas=32|seed=1,HumanEval-RandomSpanInfillingLight:121:6fb9017c7b7944eb,109,HumanEval/121,medium,alpha_renamed_auxiliary,metamorphic_auxiliary_only,False,32,1,64,ok,True,12,32,971d9ade9edb38769f09a206350aa5d3d0521eb93adb36ce3d957d017e0a6755,7811176883675a22763e6a2ac63d854cd83f4eda952b9ae6cac7d3c2a6456ed6,400d3d44c6e84ea4f7588dbdb1f78c09c0654d3eade7d5280cc4357b878fa216,0926775ad8b0a26e1f9ddf2f92f3165da203470710b4c55aa342c3fb43ee7e3a,8639ed388a0c91c3284d30c4d174264fcab13945f0e45afc5399c36cda53c02a,b2c0c6632d9ae6c3719c4b08ea8f6656a43108cb49c6f4229dec42421cf770bf,True,0.9765625,1.9579939390532672,0.14791025989688933,2.1059041989501566,2.114304037997499,True,True,True,,
HumanEval-RandomSpanInfillingLight:121:6fb9017c7b7944eb|alpha_renamed_auxiliary|canvas=64|seed=0,HumanEval-RandomSpanInfillingLight:121:6fb9017c7b7944eb,109,HumanEval/121,medium,alpha_renamed_auxiliary,metamorphic_auxiliary_only,False,64,0,64,ok,True,12,64,dd762e6a93ed32c95206c30a089c521876343892967179cc5b1fe38f1b55a54a,7d0ff1e615cdd04456c6c859765e26c11eb028ca9963876e7db4d60fd63bb3b4,4e2b920e64c6d28406aaf147ebd1bdcb4bf89d484b2480ed94b89a5f2ba3ffe6,3ba2e87333c63051e3525d57b99baf21ba37addcc945f8aa7d8d5696a85b00a7,8689452cc895c8c4b97090bfcf0c7b5ec0e020efc7cbba45a4ba65925f173e93,a13be06ff537cd09edb31775a3f1a18753c5881a7309b576d6cea521dd4ca72c,True,0.94921875,2.167491461033933,0.14885762287303805,2.316349083906971,2.3243254820117727,True,True,True,,
HumanEval-RandomSpanInfillingLight:121:6fb9017c7b7944eb|alpha_renamed_auxiliary|canvas=64|seed=1,HumanEval-RandomSpanInfillingLight:121:6fb9017c7b7944eb,109,HumanEval/121,medium,alpha_renamed_auxiliary,metamorphic_auxiliary_only,False,64,1,64,ok,True,12,64,dd762e6a93ed32c95206c30a089c521876343892967179cc5b1fe38f1b55a54a,7d0ff1e615cdd04456c6c859765e26c11eb028ca9963876e7db4d60fd63bb3b4,4e2b920e64c6d28406aaf147ebd1bdcb4bf89d484b2480ed94b89a5f2ba3ffe6,3ba2e87333c63051e3525d57b99baf21ba37addcc945f8aa7d8d5696a85b00a7,8689452cc895c8c4b97090bfcf0c7b5ec0e020efc7cbba45a4ba65925f173e93,a13be06ff537cd09edb31775a3f1a18753c5881a7309b576d6cea521dd4ca72c,True,0.94921875,2.136272686999291,0.1308478289283812,2.2671205159276724,2.273237569956109,True,True,True,,
HumanEval-RandomSpanInfillingLight:121:6fb9017c7b7944eb|alpha_renamed_auxiliary|canvas=128|seed=0,HumanEval-RandomSpanInfillingLight:121:6fb9017c7b7944eb,109,HumanEval/121,medium,alpha_renamed_auxiliary,metamorphic_auxiliary_only,False,128,0,64,ok,False,12,128,5b08d35ac1919b1821c82582dea1f452623b652033d99673057434d46a806a1e,a7e260fec4f9b97873b08e4492cd68b2dc2bdf2fb015bb095f8c40974fa4d5e5,,9081406ca090723e31d63b1bb4dbbf69a2cda9563e97b7552e7a14aad5fd2873,7d914270cd09d0b4e499b70208b2e310b79a3864923f88a45b14c30693ba76b8,,False,0.984375,2.6187581319827586,0.0002110799541696906,2.6189692119369283,2.626153397024609,False,False,False,SyntaxError,"'(' was never closed (<unknown>, line 16)"
HumanEval-RandomSpanInfillingLight:121:6fb9017c7b7944eb|alpha_renamed_auxiliary|canvas=128|seed=1,HumanEval-RandomSpanInfillingLight:121:6fb9017c7b7944eb,109,HumanEval/121,medium,alpha_renamed_auxiliary,metamorphic_auxiliary_only,False,128,1,64,ok,False,12,128,5b08d35ac1919b1821c82582dea1f452623b652033d99673057434d46a806a1e,a7e260fec4f9b97873b08e4492cd68b2dc2bdf2fb015bb095f8c40974fa4d5e5,,9081406ca090723e31d63b1bb4dbbf69a2cda9563e97b7552e7a14aad5fd2873,7d914270cd09d0b4e499b70208b2e310b79a3864923f88a45b14c30693ba76b8,,False,0.984375,2.685119425994344,0.00022966507822275162,2.685349091072567,2.690103181055747,False,False,False,SyntaxError,"'(' was never closed (<unknown>, line 16)"
HumanEval-RandomSpanInfillingLight:122:29ba988b0bfa555b|alpha_renamed_auxiliary|canvas=16|seed=0,HumanEval-RandomSpanInfillingLight:122:29ba988b0bfa555b,110,HumanEval/122,medium,alpha_renamed_auxiliary,metamorphic_auxiliary_only,False,16,0,64,ok,False,12,16,4c85abb7e72f076f02285ccb94fa6f2acb1cfa81299340fefcb5290606524fcf,7e0ecc5bd0ce31a2cafd37a63db45ce1be919608aa28a79a57395b32d15a167e,3e882dc68db9166e5befdf147807c2b6bce57a0093d58a07510dc2d1e7c46a04,b5b53a2cdb2a997d149b9ec19b1d922eb5e9173fa2f073d1f47226d7198ecef2,fc231eeaea9cb278ca70a7dcd0afe1c853f95237ec4393890357af6e8f188f87,5e2c2d3665c391c93e56fc5a2b62eded52f4948ab4a761503d4ad4a8291dc7ec,True,1.0,1.9640351380221546,0.13023160805460066,2.0942667460767552,2.1009121970273554,True,True,False,UnitTestFailure,failed: object of type 'int' has no len()
HumanEval-RandomSpanInfillingLight:122:29ba988b0bfa555b|alpha_renamed_auxiliary|canvas=16|seed=1,HumanEval-RandomSpanInfillingLight:122:29ba988b0bfa555b,110,HumanEval/122,medium,alpha_renamed_auxiliary,metamorphic_auxiliary_only,False,16,1,64,ok,False,12,16,4c85abb7e72f076f02285ccb94fa6f2acb1cfa81299340fefcb5290606524fcf,7e0ecc5bd0ce31a2cafd37a63db45ce1be919608aa28a79a57395b32d15a167e,3e882dc68db9166e5befdf147807c2b6bce57a0093d58a07510dc2d1e7c46a04,b5b53a2cdb2a997d149b9ec19b1d922eb5e9173fa2f073d1f47226d7198ecef2,fc231eeaea9cb278ca70a7dcd0afe1c853f95237ec4393890357af6e8f188f87,5e2c2d3665c391c93e56fc5a2b62eded52f4948ab4a761503d4ad4a8291dc7ec,True,1.0,1.9554764289641753,0.14664326515048742,2.1021196941146627,2.1106599629856646,True,True,False,UnitTestFailure,failed: object of type 'int' has no len()
HumanEval-RandomSpanInfillingLight:122:29ba988b0bfa555b|alpha_renamed_auxiliary|canvas=32|seed=0,HumanEval-RandomSpanInfillingLight:122:29ba988b0bfa555b,110,HumanEval/122,medium,alpha_renamed_auxiliary,metamorphic_auxiliary_only,False,32,0,64,ok,True,12,32,8acbc6140e53bd02cdcbe016873c1596274f19ab47ec291cc199345b63b67ac7,4a36e3f0a348c61d457c01495619fe6cbe35831a662f6606dd26cc02d67ef191,478fd9a2bf464fb4e7b23c71fcd1e7df2d4418b8783af3da2a626afacccd3847,f23aa83e9eab19b68f702b63f382e72d949bb68f8733ad30cebe4c52ff431da3,a26186d9001a5c8e34671819912c7ed18e0468813cc294c49782b54e5f75a77f,2c875b8b4ae675bd5219e86748b47b6e3346c96ca06cf747d84df403b4940485,True,0.984375,2.1731285949936137,0.1481801769696176,2.3213087719632313,2.3311516359681264,True,True,True,,
HumanEval-RandomSpanInfillingLight:122:29ba988b0bfa555b|alpha_renamed_auxiliary|canvas=32|seed=1,HumanEval-RandomSpanInfillingLight:122:29ba988b0bfa555b,110,HumanEval/122,medium,alpha_renamed_auxiliary,metamorphic_auxiliary_only,False,32,1,64,ok,True,12,32,8acbc6140e53bd02cdcbe016873c1596274f19ab47ec291cc199345b63b67ac7,4a36e3f0a348c61d457c01495619fe6cbe35831a662f6606dd26cc02d67ef191,478fd9a2bf464fb4e7b23c71fcd1e7df2d4418b8783af3da2a626afacccd3847,f23aa83e9eab19b68f702b63f382e72d949bb68f8733ad30cebe4c52ff431da3,a26186d9001a5c8e34671819912c7ed18e0468813cc294c49782b54e5f75a77f,2c875b8b4ae675bd5219e86748b47b6e3346c96ca06cf747d84df403b4940485,True,0.984375,2.19289215200115,0.14962971315253526,2.342521865153685,2.349917619023472,True,True,True,,
HumanEval-RandomSpanInfillingLight:122:29ba988b0bfa555b|alpha_renamed_auxiliary|canvas=64|seed=0,HumanEval-RandomSpanInfillingLight:122:29ba988b0bfa555b,110,HumanEval/122,medium,alpha_renamed_auxiliary,metamorphic_auxiliary_only,False,64,0,64,ok,True,12,64,84000b1cbe1a0a2d49bbdc290ba1ec7e6093b75b01f26dc8cd948b645330562c,7c37620b515314ad830b68ae6a691c3f25addf0e0902637b03a621923f9cfda5,25ffef6daf523ed0938f003c2132113821b579becc1e59ad6a32145bc83b4dd7,43fde68aedd853780d5b2834eb7161d115aecf7639db6afc4cee25d4e7fde745,1d07ce5472a45fb333698222f4cf0d5abc70fc2640fb59dab6c7b55ef1d0197f,f3e2d063d4e1d8257932aa3b90ced77e94a3adc9ad225ee8ba11166c732a13b4,True,0.9765625,2.1655281629646197,0.1380996439838782,2.303627806948498,2.3105141619453207,True,True,True,,
HumanEval-RandomSpanInfillingLight:122:29ba988b0bfa555b|alpha_renamed_auxiliary|canvas=64|seed=1,HumanEval-RandomSpanInfillingLight:122:29ba988b0bfa555b,110,HumanEval/122,medium,alpha_renamed_auxiliary,metamorphic_auxiliary_only,False,64,1,64,ok,True,12,64,84000b1cbe1a0a2d49bbdc290ba1ec7e6093b75b01f26dc8cd948b645330562c,7c37620b515314ad830b68ae6a691c3f25addf0e0902637b03a621923f9cfda5,25ffef6daf523ed0938f003c2132113821b579becc1e59ad6a32145bc83b4dd7,43fde68aedd853780d5b2834eb7161d115aecf7639db6afc4cee25d4e7fde745,1d07ce5472a45fb333698222f4cf0d5abc70fc2640fb59dab6c7b55ef1d0197f,f3e2d063d4e1d8257932aa3b90ced77e94a3adc9ad225ee8ba11166c732a13b4,True,0.9765625,2.1745573020307347,0.14387798705138266,2.3184352890821174,2.3262128949863836,True,True,True,,
HumanEval-RandomSpanInfillingLight:122:29ba988b0bfa555b|alpha_renamed_auxiliary|canvas=128|seed=0,HumanEval-RandomSpanInfillingLight:122:29ba988b0bfa555b,110,HumanEval/122,medium,alpha_renamed_auxiliary,metamorphic_auxiliary_only,False,128,0,64,ok,False,12,128,32bf2470d44b50727591cc5587fc9de6c77cf485b9dc7567343a557da884cb1e,d41e01faa5492f091625c8839001ce93985ba6d0681e57998743ea61c047c725,,cc78c8ed260ab93f93a133835e3bc999054bed0f6e61605012012f930a00a3eb,8c5bf171d0ab912d2bd977407a7c3e854e7f9c3a165f75fb8705df979ff64903,,False,0.96875,2.7543922690674663,0.0001872050343081355,2.7545794741017744,2.7607106879586354,False,False,False,SyntaxError,"unterminated triple-quoted string literal (detected at line 32) (<unknown>, line 21)"
HumanEval-RandomSpanInfillingLight:122:29ba988b0bfa555b|alpha_renamed_auxiliary|canvas=128|seed=1,HumanEval-RandomSpanInfillingLight:122:29ba988b0bfa555b,110,HumanEval/122,medium,alpha_renamed_auxiliary,metamorphic_auxiliary_only,False,128,1,64,ok,False,12,128,32bf2470d44b50727591cc5587fc9de6c77cf485b9dc7567343a557da884cb1e,d41e01faa5492f091625c8839001ce93985ba6d0681e57998743ea61c047c725,,cc78c8ed260ab93f93a133835e3bc999054bed0f6e61605012012f930a00a3eb,8c5bf171d0ab912d2bd977407a7c3e854e7f9c3a165f75fb8705df979ff64903,,False,0.96875,2.738448695046827,0.00018886802718043327,2.7386375630740076,2.7442661829991266,False,False,False,SyntaxError,"unterminated triple-quoted string literal (detected at line 32) (<unknown>, line 21)"
HumanEval-RandomSpanInfillingLight:123:5ab5620004d96029|alpha_renamed_auxiliary|canvas=16|seed=0,HumanEval-RandomSpanInfillingLight:123:5ab5620004d96029,111,HumanEval/123,extreme,alpha_renamed_auxiliary,metamorphic_auxiliary_only,False,16,0,64,ok,False,40,16,e8b87ebb55091893404a16e2db6720fc06c4e5439784eeb535289d1b7a527c60,eb7bc68099fdb612e1f10467a2ede1f52cbf3d10b51d93dd710fa268690172cb,0825a1d8c46197d589e0f984a2b9fbafc29536566960d23d413a0f6f20fa2625,a86858d9805f8df2415244fa4ed218a2ff3bb204b073125277d4d1a88aeb6bec,eb7bc68099fdb612e1f10467a2ede1f52cbf3d10b51d93dd710fa268690172cb,e258975b85577ab2a8da677320b04705a51a27908c5d6e877092318b56745239,True,1.0,2.72542347793933,0.11131864693015814,2.836742124869488,2.845457049901597,True,True,False,UnitTestFailure,failed: name 'collatz' is not defined
HumanEval-RandomSpanInfillingLight:123:5ab5620004d96029|alpha_renamed_auxiliary|canvas=16|seed=1,HumanEval-RandomSpanInfillingLight:123:5ab5620004d96029,111,HumanEval/123,extreme,alpha_renamed_auxiliary,metamorphic_auxiliary_only,False,16,1,64,ok,False,40,16,e8b87ebb55091893404a16e2db6720fc06c4e5439784eeb535289d1b7a527c60,eb7bc68099fdb612e1f10467a2ede1f52cbf3d10b51d93dd710fa268690172cb,0825a1d8c46197d589e0f984a2b9fbafc29536566960d23d413a0f6f20fa2625,a86858d9805f8df2415244fa4ed218a2ff3bb204b073125277d4d1a88aeb6bec,eb7bc68099fdb612e1f10467a2ede1f52cbf3d10b51d93dd710fa268690172cb,e258975b85577ab2a8da677320b04705a51a27908c5d6e877092318b56745239,True,1.0,2.785570585052483,0.14851106004789472,2.9340816451003775,2.943751232000068,True,True,False,UnitTestFailure,failed: name 'collatz' is not defined
HumanEval-RandomSpanInfillingLight:123:5ab5620004d96029|alpha_renamed_auxiliary|canvas=32|seed=0,HumanEval-RandomSpanInfillingLight:123:5ab5620004d96029,111,HumanEval/123,extreme,alpha_renamed_auxiliary,metamorphic_auxiliary_only,False,32,0,64,ok,False,40,32,c1c4514a78adc9c3cf365083a6b4f00867dfb0a95e8bed0adae9da1f6e1c36f2,82aa1ac0eabdb409f2dd73bda8080c5fcd54462dda4443918c08a1edf06326df,2c2a3984ba5a2c3637ad0b0c3f8b3c5c85fb17fa432f9f66ac9b3d18c206805d,661b0628626fb2eda7d38b5bc8cbf5d08619686fb0725b632f9ebf8b3d1c63dd,82aa1ac0eabdb409f2dd73bda8080c5fcd54462dda4443918c08a1edf06326df,b19cb3244a82c8f93c341e71660f27ac1f54576aa377c223adbadb5ff8eeb189,True,0.99609375,2.8257444439223036,3.175562325050123,6.001306768972427,6.010754224960692,True,True,False,UnitTestFailure,timed out
HumanEval-RandomSpanInfillingLight:123:5ab5620004d96029|alpha_renamed_auxiliary|canvas=32|seed=1,HumanEval-RandomSpanInfillingLight:123:5ab5620004d96029,111,HumanEval/123,extreme,alpha_renamed_auxiliary,metamorphic_auxiliary_only,False,32,1,64,ok,False,40,32,c1c4514a78adc9c3cf365083a6b4f00867dfb0a95e8bed0adae9da1f6e1c36f2,82aa1ac0eabdb409f2dd73bda8080c5fcd54462dda4443918c08a1edf06326df,2c2a3984ba5a2c3637ad0b0c3f8b3c5c85fb17fa432f9f66ac9b3d18c206805d,661b0628626fb2eda7d38b5bc8cbf5d08619686fb0725b632f9ebf8b3d1c63dd,82aa1ac0eabdb409f2dd73bda8080c5fcd54462dda4443918c08a1edf06326df,b19cb3244a82c8f93c341e71660f27ac1f54576aa377c223adbadb5ff8eeb189,True,0.99609375,2.760755594004877,3.28315537807066,6.043910972075537,6.052315787994303,True,True,False,UnitTestFailure,timed out
HumanEval-RandomSpanInfillingLight:123:5ab5620004d96029|alpha_renamed_auxiliary|canvas=64|seed=0,HumanEval-RandomSpanInfillingLight:123:5ab5620004d96029,111,HumanEval/123,extreme,alpha_renamed_auxiliary,metamorphic_auxiliary_only,False,64,0,64,ok,True,40,64,1fdea415a63ff26331e307763b110a77572ba032642ba71e5bd854b8d176673d,7e624b030afd11dff713b8a06f543cf3e65452cbb07790b20ce9b944738c7cd7,cecd811bb15bf2b713ca7dde119c197bea99d708aee371a563c524124a06c6ab,650fd5a181768c7052a0242fc4e8f28d9c2d89f1b63619e77296ad780392d56a,299ace6ee4b6576d4a9958ef3e37148fb7e5516b72a65ebf3d1049252057783b,172daff366c8c34b34f96f517da9d844313253aeab0934ad37d5673e8d33e424,True,0.984375,2.8700364360120147,0.11162220896221697,2.9816586449742317,2.9929205430671573,True,True,True,,
HumanEval-RandomSpanInfillingLight:123:5ab5620004d96029|alpha_renamed_auxiliary|canvas=64|seed=1,HumanEval-RandomSpanInfillingLight:123:5ab5620004d96029,111,HumanEval/123,extreme,alpha_renamed_auxiliary,metamorphic_auxiliary_only,False,64,1,64,ok,True,40,64,1fdea415a63ff26331e307763b110a77572ba032642ba71e5bd854b8d176673d,7e624b030afd11dff713b8a06f543cf3e65452cbb07790b20ce9b944738c7cd7,cecd811bb15bf2b713ca7dde119c197bea99d708aee371a563c524124a06c6ab,650fd5a181768c7052a0242fc4e8f28d9c2d89f1b63619e77296ad780392d56a,299ace6ee4b6576d4a9958ef3e37148fb7e5516b72a65ebf3d1049252057783b,172daff366c8c34b34f96f517da9d844313253aeab0934ad37d5673e8d33e424,True,0.984375,2.856516899075359,0.1152809978229925,2.9717978968983516,2.9846062959404662,True,True,True,,
HumanEval-RandomSpanInfillingLight:123:5ab5620004d96029|alpha_renamed_auxiliary|canvas=128|seed=0,HumanEval-RandomSpanInfillingLight:123:5ab5620004d96029,111,HumanEval/123,extreme,alpha_renamed_auxiliary,metamorphic_auxiliary_only,False,128,0,64,ok,False,40,128,d7fdea79eca8c8979a74870f605184ea25e8fadeae4f589b1aef145f9ce6739f,c4375f500f53458c0ef702675fa1b8718ce899eca3e49888d7fabc92c2b11ac2,,67d2e129b9a627587f97b131a7ff17738fa7e2991eb8049cb45e4142aa3eb212,80aef4a3d847a98b35a1d158366d969147aaf03afe3360cd26a882a5ca75df33,,False,0.98046875,3.193177614011802,0.00012796197552233934,3.193305575987324,3.201103462022729,False,False,False,SyntaxError,"unterminated triple-quoted string literal (detected at line 48) (<unknown>, line 36)"
HumanEval-RandomSpanInfillingLight:123:5ab5620004d96029|alpha_renamed_auxiliary|canvas=128|seed=1,HumanEval-RandomSpanInfillingLight:123:5ab5620004d96029,111,HumanEval/123,extreme,alpha_renamed_auxiliary,metamorphic_auxiliary_only,False,128,1,64,ok,False,40,128,d7fdea79eca8c8979a74870f605184ea25e8fadeae4f589b1aef145f9ce6739f,c4375f500f53458c0ef702675fa1b8718ce899eca3e49888d7fabc92c2b11ac2,,67d2e129b9a627587f97b131a7ff17738fa7e2991eb8049cb45e4142aa3eb212,80aef4a3d847a98b35a1d158366d969147aaf03afe3360cd26a882a5ca75df33,,False,0.98046875,3.213965701055713,0.00012905301991850138,3.2140947540756315,3.2188446490326896,False,False,False,SyntaxError,"unterminated triple-quoted string literal (detected at line 48) (<unknown>, line 36)"
HumanEval-RandomSpanInfillingLight:125:68086079e4ab8468|alpha_renamed_auxiliary|canvas=16|seed=0,HumanEval-RandomSpanInfillingLight:125:68086079e4ab8468,113,HumanEval/125,medium,alpha_renamed_auxiliary,metamorphic_auxiliary_only,False,16,0,64,ok,False,12,16,dfb5a7018f56430aa19aae9d8992976fda9871a06bf545b2392c7edc2f00bdd6,497dcb90d782eb2ff28a09f04cf7877c98a1466bb0f861fb3ca5ab5e47eefb06,f99275914f3f25349488459329348b16c83bb11f9f8de5d483df2d81cc223c4f,1b0fd4a23812b5f85559aaf3905b96d8c1999b8ae9da4db0c5e879a1e1cda442,9ff65a1ffaf6acfd6ccf84765f6b1214f955bba385faa388ee19eace3e1f755a,3ec7e4d30ab90fbf0e4afa8d3daa5b60eb43c232d6954047f089ffa224768365,True,0.98828125,2.1513807679293677,0.12933985202107579,2.2807206199504435,2.286321582039818,True,True,False,UnitTestFailure,failed: type object 'str' has no attribute 'ord'
HumanEval-RandomSpanInfillingLight:125:68086079e4ab8468|alpha_renamed_auxiliary|canvas=16|seed=1,HumanEval-RandomSpanInfillingLight:125:68086079e4ab8468,113,HumanEval/125,medium,alpha_renamed_auxiliary,metamorphic_auxiliary_only,False,16,1,64,ok,False,12,16,dfb5a7018f56430aa19aae9d8992976fda9871a06bf545b2392c7edc2f00bdd6,497dcb90d782eb2ff28a09f04cf7877c98a1466bb0f861fb3ca5ab5e47eefb06,f99275914f3f25349488459329348b16c83bb11f9f8de5d483df2d81cc223c4f,1b0fd4a23812b5f85559aaf3905b96d8c1999b8ae9da4db0c5e879a1e1cda442,9ff65a1ffaf6acfd6ccf84765f6b1214f955bba385faa388ee19eace3e1f755a,3ec7e4d30ab90fbf0e4afa8d3daa5b60eb43c232d6954047f089ffa224768365,True,0.98828125,2.1567695350386202,0.12771248596254736,2.2844820210011676,2.2917139140190557,True,True,False,UnitTestFailure,failed: type object 'str' has no attribute 'ord'
HumanEval-RandomSpanInfillingLight:125:68086079e4ab8468|alpha_renamed_auxiliary|canvas=32|seed=0,HumanEval-RandomSpanInfillingLight:125:68086079e4ab8468,113,HumanEval/125,medium,alpha_renamed_auxiliary,metamorphic_auxiliary_only,False,32,0,64,ok,False,12,32,0887cd263a317b8a524125863addf199175d0ea6d5c735e9687df7f576d1babe,5443d8bea9374ccbe0c1ea5769664ff39308648cf4970488572f4f6984aecbaa,0e1076bda83f5839da5b59b8854a4e277266978fb26d67172d3e967d71ab1eca,9be117b4b93226394c22bdd229431a2dc9e73289bfe30d0fe675c9d521ac9a92,2d406d7d9dc1e0f50fc15fac205771a970f0a823cbc7ca6ba1fc70ac58c4fb72,4920292be0a1116b3b747197d9bc54d2695cf2b983f36766e39e5a8c014f5bda,True,0.96875,2.1759780349675566,0.15424500405788422,2.330223039025441,2.34204347897321,True,True,False,UnitTestFailure,failed:
HumanEval-RandomSpanInfillingLight:125:68086079e4ab8468|alpha_renamed_auxiliary|canvas=32|seed=1,HumanEval-RandomSpanInfillingLight:125:68086079e4ab8468,113,HumanEval/125,medium,alpha_renamed_auxiliary,metamorphic_auxiliary_only,False,32,1,64,ok,False,12,32,0887cd263a317b8a524125863addf199175d0ea6d5c735e9687df7f576d1babe,5443d8bea9374ccbe0c1ea5769664ff39308648cf4970488572f4f6984aecbaa,0e1076bda83f5839da5b59b8854a4e277266978fb26d67172d3e967d71ab1eca,9be117b4b93226394c22bdd229431a2dc9e73289bfe30d0fe675c9d521ac9a92,2d406d7d9dc1e0f50fc15fac205771a970f0a823cbc7ca6ba1fc70ac58c4fb72,4920292be0a1116b3b747197d9bc54d2695cf2b983f36766e39e5a8c014f5bda,True,0.96875,2.1572187449783087,0.15002663305494934,2.307245378033258,2.319568399921991,True,True,False,UnitTestFailure,failed:
HumanEval-RandomSpanInfillingLight:125:68086079e4ab8468|alpha_renamed_auxiliary|canvas=64|seed=0,HumanEval-RandomSpanInfillingLight:125:68086079e4ab8468,113,HumanEval/125,medium,alpha_renamed_auxiliary,metamorphic_auxiliary_only,False,64,0,64,ok,False,12,64,7f8613d047d7c81a7fa4d0446eb78c49d7340405e6e2388ef35ad852a1263d15,4b7bb268a8b436a5184973eb761278988173c75f2a898d032f83f9ae65227f50,40e5d232dc83c45fc3bd8856e7dea8696bc873252e6017549439a9ff1c4cc454,c1445bcdca514c4a05c928bbea6135e2d63c7b4d3495e1d4e50f1fe2a3ceecf3,77fde2dc095731ba4946ee1b89a97b935e5e3784c333530e68761b1d0c1d7f7c,3d58648d39dbfcec76e6f47f79c7d5e3a071ac4ca92deb0cfd610db2bbe5c629,True,0.9765625,2.710613646893762,0.13972795207519084,2.850341598968953,2.8625170920277014,True,True,False,UnitTestFailure,failed:
HumanEval-RandomSpanInfillingLight:125:68086079e4ab8468|alpha_renamed_auxiliary|canvas=64|seed=1,HumanEval-RandomSpanInfillingLight:125:68086079e4ab8468,113,HumanEval/125,medium,alpha_renamed_auxiliary,metamorphic_auxiliary_only,False,64,1,64,ok,False,12,64,7f8613d047d7c81a7fa4d0446eb78c49d7340405e6e2388ef35ad852a1263d15,4b7bb268a8b436a5184973eb761278988173c75f2a898d032f83f9ae65227f50,40e5d232dc83c45fc3bd8856e7dea8696bc873252e6017549439a9ff1c4cc454,c1445bcdca514c4a05c928bbea6135e2d63c7b4d3495e1d4e50f1fe2a3ceecf3,77fde2dc095731ba4946ee1b89a97b935e5e3784c333530e68761b1d0c1d7f7c,3d58648d39dbfcec76e6f47f79c7d5e3a071ac4ca92deb0cfd610db2bbe5c629,True,0.9765625,2.7215759799582884,0.1340131890028715,2.85558916896116,2.8683689179597422,True,True,False,UnitTestFailure,failed:
HumanEval-RandomSpanInfillingLight:125:68086079e4ab8468|alpha_renamed_auxiliary|canvas=128|seed=0,HumanEval-RandomSpanInfillingLight:125:68086079e4ab8468,113,HumanEval/125,medium,alpha_renamed_auxiliary,metamorphic_auxiliary_only,False,128,0,64,ok,False,12,128,872200c39047d1693e083ff2d1029a353294828e9d06a84ba0d87998d5c077fe,25aaff1a203c1830330c7e2fe3cf3f99962a7c7ac9357344d3bd271535377dbe,,113f19efcf59a1702741116c3ede7f2a70630f9fa19a1d079172ec4cdf482c27,254458ddd14e82b3f86986b7c4b7cf4365ed9901496b3b10e58ebbd41b500a0b,,False,0.9921875,2.8238276260672137,0.0001491820439696312,2.8239768081111833,2.831299109966494,False,False,False,SyntaxError,"closing parenthesis ']' does not match opening parenthesis '(' (<unknown>, line 72)"
HumanEval-RandomSpanInfillingLight:125:68086079e4ab8468|alpha_renamed_auxiliary|canvas=128|seed=1,HumanEval-RandomSpanInfillingLight:125:68086079e4ab8468,113,HumanEval/125,medium,alpha_renamed_auxiliary,metamorphic_auxiliary_only,False,128,1,64,ok,False,12,128,872200c39047d1693e083ff2d1029a353294828e9d06a84ba0d87998d5c077fe,25aaff1a203c1830330c7e2fe3cf3f99962a7c7ac9357344d3bd271535377dbe,,113f19efcf59a1702741116c3ede7f2a70630f9fa19a1d079172ec4cdf482c27,254458ddd14e82b3f86986b7c4b7cf4365ed9901496b3b10e58ebbd41b500a0b,,False,0.9921875,2.8309589870041236,0.00016806891653686762,2.8311270559206605,2.8358722829725593,False,False,False,SyntaxError,"closing parenthesis ']' does not match opening parenthesis '(' (<unknown>, line 72)"
HumanEval-RandomSpanInfillingLight:126:ecffdbe90f80ea3f|alpha_renamed_auxiliary|canvas=16|seed=0,HumanEval-RandomSpanInfillingLight:126:ecffdbe90f80ea3f,114,HumanEval/126,extreme,alpha_renamed_auxiliary,metamorphic_auxiliary_only,False,16,0,64,ok,False,56,16,bc166675abf859152d229600420b108dd6b7e62dd81e438c44ebf2ed844a2cc4,e06c4bdc45e85116173083fabd3cbb054baece46629c8d11d3828ef9bcfd2ffb,15cbd9be7aee372b8733cea38c257579c229289b0e6cf04fc81b0afebe5c0c5d,a2628b96a9cc999e9162fc29eefd2e46e21312959ba9f55327eb2f3e3ce8d7a9,e06c4bdc45e85116173083fabd3cbb054baece46629c8d11d3828ef9bcfd2ffb,3a5ee108fdc8d3d2d95754f018b8f61ac7f8c1b3da9e3725d5887302c5603fe3,True,0.98828125,2.7723088189959526,0.13477512181270868,2.9070839408086613,2.9130609759595245,True,True,False,UnitTestFailure,failed: This prints if this assert fails 5 (good for debugging!)
HumanEval-RandomSpanInfillingLight:126:ecffdbe90f80ea3f|alpha_renamed_auxiliary|canvas=16|seed=1,HumanEval-RandomSpanInfillingLight:126:ecffdbe90f80ea3f,114,HumanEval/126,extreme,alpha_renamed_auxiliary,metamorphic_auxiliary_only,False,16,1,64,ok,False,56,16,bc166675abf859152d229600420b108dd6b7e62dd81e438c44ebf2ed844a2cc4,e06c4bdc45e85116173083fabd3cbb054baece46629c8d11d3828ef9bcfd2ffb,15cbd9be7aee372b8733cea38c257579c229289b0e6cf04fc81b0afebe5c0c5d,a2628b96a9cc999e9162fc29eefd2e46e21312959ba9f55327eb2f3e3ce8d7a9,e06c4bdc45e85116173083fabd3cbb054baece46629c8d11d3828ef9bcfd2ffb,3a5ee108fdc8d3d2d95754f018b8f61ac7f8c1b3da9e3725d5887302c5603fe3,True,0.98828125,2.789095690008253,0.14868476416449994,2.937780454172753,2.947975309100002,True,True,False,UnitTestFailure,failed: This prints if this assert fails 5 (good for debugging!)
HumanEval-RandomSpanInfillingLight:126:ecffdbe90f80ea3f|alpha_renamed_auxiliary|canvas=32|seed=0,HumanEval-RandomSpanInfillingLight:126:ecffdbe90f80ea3f,114,HumanEval/126,extreme,alpha_renamed_auxiliary,metamorphic_auxiliary_only,False,32,0,64,ok,False,56,32,ab63ffcef3419776f1a7b887da480c39c5429dadfa6ece92f2a3db6aae9d9c3e,1bd9332eb351dbfa3bcc766a5522eb1b5215befda3f5cc1c718af0ac6f9e77c9,958ef5a667c63dc19d395228bd0622d0176d16d20fe00128fa98356f1f93b5a7,a040e43ba56aacbb239016150a113bcaccf32afd5a4d68bafbb8166f190c4cf7,1bd9332eb351dbfa3bcc766a5522eb1b5215befda3f5cc1c718af0ac6f9e77c9,2a0140dbeb58962fc248162cb6bea4ab0695fa70d4b4d12dfd8682c90e8fab5a,True,0.984375,2.8232390399789438,0.1484836289891973,2.971722668968141,2.9824559080880135,True,True,False,UnitTestFailure,failed: name 'Counter' is not defined
HumanEval-RandomSpanInfillingLight:126:ecffdbe90f80ea3f|alpha_renamed_auxiliary|canvas=32|seed=1,HumanEval-RandomSpanInfillingLight:126:ecffdbe90f80ea3f,114,HumanEval/126,extreme,alpha_renamed_auxiliary,metamorphic_auxiliary_only,False,32,1,64,ok,False,56,32,ab63ffcef3419776f1a7b887da480c39c5429dadfa6ece92f2a3db6aae9d9c3e,1bd9332eb351dbfa3bcc766a5522eb1b5215befda3f5cc1c718af0ac6f9e77c9,958ef5a667c63dc19d395228bd0622d0176d16d20fe00128fa98356f1f93b5a7,a040e43ba56aacbb239016150a113bcaccf32afd5a4d68bafbb8166f190c4cf7,1bd9332eb351dbfa3bcc766a5522eb1b5215befda3f5cc1c718af0ac6f9e77c9,2a0140dbeb58962fc248162cb6bea4ab0695fa70d4b4d12dfd8682c90e8fab5a,True,0.984375,2.8378092100610957,0.13752079498954117,2.975330005050637,2.986349320039153,True,True,False,UnitTestFailure,failed: name 'Counter' is not defined
HumanEval-RandomSpanInfillingLight:126:ecffdbe90f80ea3f|alpha_renamed_auxiliary|canvas=64|seed=0,HumanEval-RandomSpanInfillingLight:126:ecffdbe90f80ea3f,114,HumanEval/126,extreme,alpha_renamed_auxiliary,metamorphic_auxiliary_only,False,64,0,64,ok,False,56,64,cc69602bc11ac0be803cc52640913fdc61ebdde9609092ed0f59c05e4745e74b,c356076981013f982d37229b7b99bb3a8760d5aad84bf74a48759744a29861fe,ed9613340032a5fccb68e4d1e319c40dd998afbb28a6167431a7585d2b39469c,283ec3dfbdb741df4b0393bbd00770a50a134692de76817dffa8e6d19bed5cbe,c356076981013f982d37229b7b99bb3a8760d5aad84bf74a48759744a29861fe,d4f9247e00b42d297a5d6149f6165b831981053d7ee927662e7089e1621cb12b,True,0.97265625,2.8291920110350475,0.13947855308651924,2.9686705641215667,2.9797758900094777,True,True,False,UnitTestFailure,failed:
HumanEval-RandomSpanInfillingLight:126:ecffdbe90f80ea3f|alpha_renamed_auxiliary|canvas=64|seed=1,HumanEval-RandomSpanInfillingLight:126:ecffdbe90f80ea3f,114,HumanEval/126,extreme,alpha_renamed_auxiliary,metamorphic_auxiliary_only,False,64,1,64,ok,False,56,64,cc69602bc11ac0be803cc52640913fdc61ebdde9609092ed0f59c05e4745e74b,c356076981013f982d37229b7b99bb3a8760d5aad84bf74a48759744a29861fe,ed9613340032a5fccb68e4d1e319c40dd998afbb28a6167431a7585d2b39469c,283ec3dfbdb741df4b0393bbd00770a50a134692de76817dffa8e6d19bed5cbe,c356076981013f982d37229b7b99bb3a8760d5aad84bf74a48759744a29861fe,d4f9247e00b42d297a5d6149f6165b831981053d7ee927662e7089e1621cb12b,True,0.97265625,2.8307358999736607,0.14459347410593182,2.9753293740795925,2.9854846539674327,True,True,False,UnitTestFailure,failed:
HumanEval-RandomSpanInfillingLight:126:ecffdbe90f80ea3f|alpha_renamed_auxiliary|canvas=128|seed=0,HumanEval-RandomSpanInfillingLight:126:ecffdbe90f80ea3f,114,HumanEval/126,extreme,alpha_renamed_auxiliary,metamorphic_auxiliary_only,False,128,0,64,ok,False,56,128,bae05d6c6d577b3b6943b286992b05f16e343e7f103adb23896f72c61c9b0416,7fb129dc7784eb4431a4c97026e240d30fbf4fa16c39934368c9bab5f69f8a5e,,b25b9b3d409f05dac5165f2e2e6dc094f311c12ea9404a4e0613d44adf4652c3,7fb129dc7784eb4431a4c97026e240d30fbf4fa16c39934368c9bab5f69f8a5e,,True,0.98828125,3.206206500995904,0.00022273592185229063,3.2064292369177565,3.2137049640296027,False,False,False,SyntaxError,"invalid syntax (<unknown>, line 34)"
HumanEval-RandomSpanInfillingLight:126:ecffdbe90f80ea3f|alpha_renamed_auxiliary|canvas=128|seed=1,HumanEval-RandomSpanInfillingLight:126:ecffdbe90f80ea3f,114,HumanEval/126,extreme,alpha_renamed_auxiliary,metamorphic_auxiliary_only,False,128,1,64,ok,False,56,128,bae05d6c6d577b3b6943b286992b05f16e343e7f103adb23896f72c61c9b0416,7fb129dc7784eb4431a4c97026e240d30fbf4fa16c39934368c9bab5f69f8a5e,,b25b9b3d409f05dac5165f2e2e6dc094f311c12ea9404a4e0613d44adf4652c3,7fb129dc7784eb4431a4c97026e240d30fbf4fa16c39934368c9bab5f69f8a5e,,True,0.98828125,3.184764271019958,0.00020431994926184416,3.18496859096922,3.190790724940598,False,False,False,SyntaxError,"invalid syntax (<unknown>, line 34)"
HumanEval-RandomSpanInfillingLight:129:a697f50a6ce1b52b|alpha_renamed_auxiliary|canvas=16|seed=0,HumanEval-RandomSpanInfillingLight:129:a697f50a6ce1b52b,117,HumanEval/129,extreme,alpha_renamed_auxiliary,metamorphic_auxiliary_only,False,16,0,64,ok,False,111,16,fafe16d0b103a2560235a20cedd6628e6234319a12f168acdbc83b2c93e7eb94,428674cb45943befe084b6743669f3c224f15d2ba871129f66ede37d5ee5a6e2,2820cd86ec9fd66468f63b5dc2b2398b664a669e4fe108e3a188b92445bf9bb6,42e1c88b85800ae75c5dea965f5dbef4801ae5a27fb221047956261672434b85,23642c6ce61a34591ee6221c9601378f34a7b3f88f734ff9b7cce88387cd0003,1cf0b7cb964a809450e4e0df55d10ab860856912103d453cc44e058f2661e181,True,1.0,4.085423943004571,0.13640130206476897,4.22182524506934,4.2305776049615815,True,True,False,UnitTestFailure,failed:
HumanEval-RandomSpanInfillingLight:129:a697f50a6ce1b52b|alpha_renamed_auxiliary|canvas=16|seed=1,HumanEval-RandomSpanInfillingLight:129:a697f50a6ce1b52b,117,HumanEval/129,extreme,alpha_renamed_auxiliary,metamorphic_auxiliary_only,False,16,1,64,ok,False,111,16,fafe16d0b103a2560235a20cedd6628e6234319a12f168acdbc83b2c93e7eb94,428674cb45943befe084b6743669f3c224f15d2ba871129f66ede37d5ee5a6e2,2820cd86ec9fd66468f63b5dc2b2398b664a669e4fe108e3a188b92445bf9bb6,42e1c88b85800ae75c5dea965f5dbef4801ae5a27fb221047956261672434b85,23642c6ce61a34591ee6221c9601378f34a7b3f88f734ff9b7cce88387cd0003,1cf0b7cb964a809450e4e0df55d10ab860856912103d453cc44e058f2661e181,True,1.0,4.098214468918741,0.13166793005075306,4.229882398969494,4.242655711015686,True,True,False,UnitTestFailure,failed:
HumanEval-RandomSpanInfillingLight:129:a697f50a6ce1b52b|alpha_renamed_auxiliary|canvas=32|seed=0,HumanEval-RandomSpanInfillingLight:129:a697f50a6ce1b52b,117,HumanEval/129,extreme,alpha_renamed_auxiliary,metamorphic_auxiliary_only,False,32,0,64,ok,False,111,32,737af55102e246502e223504afc9568d256e54ab1cb624ca80021bf81df3e7e1,503ad35b37961b7e81d081564d08455e5efdb74297d3c9b88b897dcf21cb9eb2,9ef12525888ef42c70eca3c64ad39d7608452ac642cbacb0edb29620b7255e2d,282d7824d5229ddd7bc60092be01fea977d40b1c13c3d5739b9a9c94819d3d24,b867091f14b9a018c24b687ecc005ac7f4ed0a651dbd1a2a68fc07124478773b,3be4ba711e711c2f3e5965b171e5fa25aa235e96a0f0ba16a92725afc7f0b0c8,True,0.9921875,4.122511488967575,0.1366053019883111,4.259116790955886,4.270733452984132,True,True,False,UnitTestFailure,failed:
HumanEval-RandomSpanInfillingLight:129:a697f50a6ce1b52b|alpha_renamed_auxiliary|canvas=32|seed=1,HumanEval-RandomSpanInfillingLight:129:a697f50a6ce1b52b,117,HumanEval/129,extreme,alpha_renamed_auxiliary,metamorphic_auxiliary_only,False,32,1,64,ok,False,111,32,737af55102e246502e223504afc9568d256e54ab1cb624ca80021bf81df3e7e1,503ad35b37961b7e81d081564d08455e5efdb74297d3c9b88b897dcf21cb9eb2,9ef12525888ef42c70eca3c64ad39d7608452ac642cbacb0edb29620b7255e2d,282d7824d5229ddd7bc60092be01fea977d40b1c13c3d5739b9a9c94819d3d24,b867091f14b9a018c24b687ecc005ac7f4ed0a651dbd1a2a68fc07124478773b,3be4ba711e711c2f3e5965b171e5fa25aa235e96a0f0ba16a92725afc7f0b0c8,True,0.9921875,4.153136432054453,0.13701092696283013,4.290147359017283,4.300548217026517,True,True,False,UnitTestFailure,failed:
HumanEval-RandomSpanInfillingLight:129:a697f50a6ce1b52b|alpha_renamed_auxiliary|canvas=64|seed=0,HumanEval-RandomSpanInfillingLight:129:a697f50a6ce1b52b,117,HumanEval/129,extreme,alpha_renamed_auxiliary,metamorphic_auxiliary_only,False,64,0,64,ok,False,111,64,0cf14bb6ffc3abcb12b17444a00dd6a4eba56c01d949b97ce5a4a5bb5c4545a6,8bce551a9313143a857160b9b9e17707b2219d3ab4d9297443f0e3fa58c78635,5ea4f9efe7ad8d1dd156e6d5a3f2ad9d61ef7b32cc58a0c29e72a8b0d3bfa13d,87c152ea7ada56f477e96deb31fb6f955eec69a0c602f4f013741e6ec9fb6233,d571b48ad10ec846c1f8a33e2c8b1c21a44fe815e0681d26b008e3df033aec7a,fbbeba3c05c29e276f2506a01b92c6dd0c1ba5451f4b998c681294077619e7b2,True,0.9921875,4.202622067998163,0.13422547793015838,4.336847545928322,4.350603752071038,True,True,False,UnitTestFailure,failed:
HumanEval-RandomSpanInfillingLight:129:a697f50a6ce1b52b|alpha_renamed_auxiliary|canvas=64|seed=1,HumanEval-RandomSpanInfillingLight:129:a697f50a6ce1b52b,117,HumanEval/129,extreme,alpha_renamed_auxiliary,metamorphic_auxiliary_only,False,64,1,64,ok,False,111,64,0cf14bb6ffc3abcb12b17444a00dd6a4eba56c01d949b97ce5a4a5bb5c4545a6,8bce551a9313143a857160b9b9e17707b2219d3ab4d9297443f0e3fa58c78635,5ea4f9efe7ad8d1dd156e6d5a3f2ad9d61ef7b32cc58a0c29e72a8b0d3bfa13d,87c152ea7ada56f477e96deb31fb6f955eec69a0c602f4f013741e6ec9fb6233,d571b48ad10ec846c1f8a33e2c8b1c21a44fe815e0681d26b008e3df033aec7a,fbbeba3c05c29e276f2506a01b92c6dd0c1ba5451f4b998c681294077619e7b2,True,0.9921875,4.214478458976373,0.12518055399414152,4.339659012970515,4.355785820051096,True,True,False,UnitTestFailure,failed:
HumanEval-RandomSpanInfillingLight:129:a697f50a6ce1b52b|alpha_renamed_auxiliary|canvas=128|seed=0,HumanEval-RandomSpanInfillingLight:129:a697f50a6ce1b52b,117,HumanEval/129,extreme,alpha_renamed_auxiliary,metamorphic_auxiliary_only,False,128,0,64,ok,False,111,128,9490971eda621553304795e0067ff4f7f6aaf17b8640a62a681cc79339583389,132a8a7218d73bc72d5b741eb76f4afbd42f5e191edd12c8b69e96ac1365d886,f4fcca512bd70198b5914706c367db1aa4a597bbb6f214dbbeaeb2ce770abcf4,b029dde595282ac3c8db24cd1cf269c2dce1b699f078a5be520a3ebdc54c7fae,4da6fe0adfc074d9ceb596257200c8f9937f1052415410e7e765806359c6e414,d9f83deab1f05f9bd2efa43b0da12999b2794122102d3fc7042e6631cea43379,True,0.98828125,4.483644515043125,0.13703315192833543,4.62067766697146,4.635911043966189,True,True,False,UnitTestFailure,failed:
HumanEval-RandomSpanInfillingLight:129:a697f50a6ce1b52b|alpha_renamed_auxiliary|canvas=128|seed=1,HumanEval-RandomSpanInfillingLight:129:a697f50a6ce1b52b,117,HumanEval/129,extreme,alpha_renamed_auxiliary,metamorphic_auxiliary_only,False,128,1,64,ok,False,111,128,9490971eda621553304795e0067ff4f7f6aaf17b8640a62a681cc79339583389,132a8a7218d73bc72d5b741eb76f4afbd42f5e191edd12c8b69e96ac1365d886,f4fcca512bd70198b5914706c367db1aa4a597bbb6f214dbbeaeb2ce770abcf4,b029dde595282ac3c8db24cd1cf269c2dce1b699f078a5be520a3ebdc54c7fae,4da6fe0adfc074d9ceb596257200c8f9937f1052415410e7e765806359c6e414,d9f83deab1f05f9bd2efa43b0da12999b2794122102d3fc7042e6631cea43379,True,0.98828125,4.464381333091296,0.14717512286733836,4.611556455958635,4.627588397008367,True,True,False,UnitTestFailure,failed:
HumanEval-RandomSpanInfillingLight:131:271c81b1e35e20a6|alpha_renamed_auxiliary|canvas=16|seed=0,HumanEval-RandomSpanInfillingLight:131:271c81b1e35e20a6,119,HumanEval/131,extreme,alpha_renamed_auxiliary,metamorphic_auxiliary_only,False,16,0,64,ok,False,44,16,9219b6d60ae2e431edbc18465a39d52ba1aaf0493021bd8217903fb15fa6d3b4,6f45d7130becdd4033dbecf578e20e272ce8c7c6357ffeba2f13cc002611713f,87ebc45383ca11e4dcb57b4ad2e2baa38908c4632f4cca6f6238ae63a85110fa,f3a83d028f31671cf063e97693d8bcda895c4aa007963ed8df50f2eaeb57428c,fbb88b53d38df2fa3021fcbf5280614e84afd297b6f7dc621d17afd71b1dd945,0b8d468474717d2f5634333fdc2ecd85477a730c17187fb4776a5d8a76e97af8,True,0.99609375,1.9113130810437724,0.14033988083247095,2.0516529618762434,2.059319542022422,True,True,False,UnitTestFailure,failed: name 'helper' is not defined
HumanEval-RandomSpanInfillingLight:131:271c81b1e35e20a6|alpha_renamed_auxiliary|canvas=16|seed=1,HumanEval-RandomSpanInfillingLight:131:271c81b1e35e20a6,119,HumanEval/131,extreme,alpha_renamed_auxiliary,metamorphic_auxiliary_only,False,16,1,64,ok,False,44,16,9219b6d60ae2e431edbc18465a39d52ba1aaf0493021bd8217903fb15fa6d3b4,6f45d7130becdd4033dbecf578e20e272ce8c7c6357ffeba2f13cc002611713f,87ebc45383ca11e4dcb57b4ad2e2baa38908c4632f4cca6f6238ae63a85110fa,f3a83d028f31671cf063e97693d8bcda895c4aa007963ed8df50f2eaeb57428c,fbb88b53d38df2fa3021fcbf5280614e84afd297b6f7dc621d17afd71b1dd945,0b8d468474717d2f5634333fdc2ecd85477a730c17187fb4776a5d8a76e97af8,True,0.99609375,1.9440617089858279,0.15347989206202328,2.097541601047851,2.105491314083338,True,True,False,UnitTestFailure,failed: name 'helper' is not defined
HumanEval-RandomSpanInfillingLight:131:271c81b1e35e20a6|alpha_renamed_auxiliary|canvas=32|seed=0,HumanEval-RandomSpanInfillingLight:131:271c81b1e35e20a6,119,HumanEval/131,extreme,alpha_renamed_auxiliary,metamorphic_auxiliary_only,False,32,0,64,ok,False,44,32,367e3522f3ea84bea4ea8137b4ec6936419d7ec8b66428f46d4e877aa7c436a8,ca9fa0ad4378f879fcccf137693f43f6452f2b2370520ffa2981f6d8e9b6141a,a34af6ab52c3a61af2a12b59e388361c461a669609f037553d8220347e823463,6f6cdcd99c150c74d597ed2654b918ac7a95c3187e7f3d34f2ab0109312e1904,57748a0045c0abd01f92376daa764cd0c161f642ada21c471813512824b6f7c0,47eda6cf2a6e90dd3e87f30051b10bc3bb9e693898e3e23f9f3b21e5bcc50442,True,0.9921875,1.9515825880225748,0.14469025912694633,2.096272847149521,2.1038328770082444,True,True,False,UnitTestFailure,failed:
HumanEval-RandomSpanInfillingLight:131:271c81b1e35e20a6|alpha_renamed_auxiliary|canvas=32|seed=1,HumanEval-RandomSpanInfillingLight:131:271c81b1e35e20a6,119,HumanEval/131,extreme,alpha_renamed_auxiliary,metamorphic_auxiliary_only,False,32,1,64,ok,False,44,32,367e3522f3ea84bea4ea8137b4ec6936419d7ec8b66428f46d4e877aa7c436a8,ca9fa0ad4378f879fcccf137693f43f6452f2b2370520ffa2981f6d8e9b6141a,a34af6ab52c3a61af2a12b59e388361c461a669609f037553d8220347e823463,6f6cdcd99c150c74d597ed2654b918ac7a95c3187e7f3d34f2ab0109312e1904,57748a0045c0abd01f92376daa764cd0c161f642ada21c471813512824b6f7c0,47eda6cf2a6e90dd3e87f30051b10bc3bb9e693898e3e23f9f3b21e5bcc50442,True,0.9921875,1.9570914939977229,0.1099328980781138,2.0670243920758367,2.073269144981168,True,True,False,UnitTestFailure,failed:
HumanEval-RandomSpanInfillingLight:131:271c81b1e35e20a6|alpha_renamed_auxiliary|canvas=64|seed=0,HumanEval-RandomSpanInfillingLight:131:271c81b1e35e20a6,119,HumanEval/131,extreme,alpha_renamed_auxiliary,metamorphic_auxiliary_only,False,64,0,64,ok,False,44,64,eb09e17b525013a8e2f1376ab663befe9f9b81108aea34ccec29b464c1c824d8,2f523629cf3d1cd1f8e77afa9d65ea29331704784eb6413a215eccfe6300fad7,a82a44c0049be7d9ce9fc264620b0f8da6c4f3416cad43215249ec89b93358ec,2c8883e168ca2832bd98b3e2110893d28d558968fe014572a6e8de87891dbd62,4f398bcb8af3fe2dc09093b5f6a9d17ef0ddad0b7de659d717f3c827d90f133c,7092d8878a768af6b89715e44b7d9aa06432b840f0126f05bef844fcedce5ef5,True,0.98828125,2.012347175972536,0.13944308110512793,2.151790257077664,2.158554809051566,True,True,False,UnitTestFailure,failed:
HumanEval-RandomSpanInfillingLight:131:271c81b1e35e20a6|alpha_renamed_auxiliary|canvas=64|seed=1,HumanEval-RandomSpanInfillingLight:131:271c81b1e35e20a6,119,HumanEval/131,extreme,alpha_renamed_auxiliary,metamorphic_auxiliary_only,False,64,1,64,ok,False,44,64,eb09e17b525013a8e2f1376ab663befe9f9b81108aea34ccec29b464c1c824d8,2f523629cf3d1cd1f8e77afa9d65ea29331704784eb6413a215eccfe6300fad7,a82a44c0049be7d9ce9fc264620b0f8da6c4f3416cad43215249ec89b93358ec,2c8883e168ca2832bd98b3e2110893d28d558968fe014572a6e8de87891dbd62,4f398bcb8af3fe2dc09093b5f6a9d17ef0ddad0b7de659d717f3c827d90f133c,7092d8878a768af6b89715e44b7d9aa06432b840f0126f05bef844fcedce5ef5,True,0.98828125,2.0112316790036857,0.13743610493838787,2.1486677839420736,2.1551460010232404,True,True,False,UnitTestFailure,failed:
HumanEval-RandomSpanInfillingLight:131:271c81b1e35e20a6|alpha_renamed_auxiliary|canvas=128|seed=0,HumanEval-RandomSpanInfillingLight:131:271c81b1e35e20a6,119,HumanEval/131,extreme,alpha_renamed_auxiliary,metamorphic_auxiliary_only,False,128,0,64,ok,False,44,128,12beaa3e970a957155ed793236e631337da7d7e103ba37e12fa984132c3614fd,1693a81a4a454834f05ebdfd23bf801f15cdeb568a3bfc54d441209ce3fd54bf,9063584f6661956ef6475062541694e4e4fbec1ccfc3ac71a8d9a7fb67e547d9,5e1052cde719e7e41a41c4059f1fb39fb3878070b3e74a04b772691769662bc0,97b2e73836d7e88d6465008d9cb8e45ea31648d8345729862c3173d1bb8ba15b,a5346e7d3e0306287c6042f211b98000cb4d61d3f58ad5a2bb2af64fe1e118dd,True,0.984375,2.23306981602218,0.14491312799509615,2.377982944017276,2.385189641965553,True,True,False,UnitTestFailure,failed:
HumanEval-RandomSpanInfillingLight:131:271c81b1e35e20a6|alpha_renamed_auxiliary|canvas=128|seed=1,HumanEval-RandomSpanInfillingLight:131:271c81b1e35e20a6,119,HumanEval/131,extreme,alpha_renamed_auxiliary,metamorphic_auxiliary_only,False,128,1,64,ok,False,44,128,12beaa3e970a957155ed793236e631337da7d7e103ba37e12fa984132c3614fd,1693a81a4a454834f05ebdfd23bf801f15cdeb568a3bfc54d441209ce3fd54bf,9063584f6661956ef6475062541694e4e4fbec1ccfc3ac71a8d9a7fb67e547d9,5e1052cde719e7e41a41c4059f1fb39fb3878070b3e74a04b772691769662bc0,97b2e73836d7e88d6465008d9cb8e45ea31648d8345729862c3173d1bb8ba15b,a5346e7d3e0306287c6042f211b98000cb4d61d3f58ad5a2bb2af64fe1e118dd,True,0.984375,2.2168196700513363,0.15664187911897898,2.3734615491703153,2.3849003879586235,True,True,False,UnitTestFailure,failed:
HumanEval-RandomSpanInfillingLight:132:41673e28194f812d|alpha_renamed_auxiliary|canvas=16|seed=0,HumanEval-RandomSpanInfillingLight:132:41673e28194f812d,120,HumanEval/132,extreme,alpha_renamed_auxiliary,metamorphic_auxiliary_only,False,16,0,64,ok,False,70,16,1c65426329297a4954c2d65b75f4a27672a299e12c908ba9f18e82f721af58b6,9e18be6e7534497463b48ca12d9bbc162624de2fe337d144e0e119ec291499ff,339b45ffadeaf0bfb9edf5063d610af471655e250cd35d10ecb361e9919bd256,2c8b59f122de7df903fbb5f2a32ab7dcd8bac9815448ff0a30b87e77974db1c0,66afa6083db98d2ffb3923b2323b7298fd419eb636ed1f4679f1497f2864fa6c,535a1433a6624e9930e536f5a07456ddb7f34ba53f7c2cc3e92de06ca072a601,True,0.96875,2.660647016018629,0.12092635594308376,2.781573371961713,2.791789709008299,True,True,False,UnitTestFailure,failed: local variable 'phase5_local_1' referenced before assignment
HumanEval-RandomSpanInfillingLight:132:41673e28194f812d|alpha_renamed_auxiliary|canvas=16|seed=1,HumanEval-RandomSpanInfillingLight:132:41673e28194f812d,120,HumanEval/132,extreme,alpha_renamed_auxiliary,metamorphic_auxiliary_only,False,16,1,64,ok,False,70,16,1c65426329297a4954c2d65b75f4a27672a299e12c908ba9f18e82f721af58b6,9e18be6e7534497463b48ca12d9bbc162624de2fe337d144e0e119ec291499ff,339b45ffadeaf0bfb9edf5063d610af471655e250cd35d10ecb361e9919bd256,2c8b59f122de7df903fbb5f2a32ab7dcd8bac9815448ff0a30b87e77974db1c0,66afa6083db98d2ffb3923b2323b7298fd419eb636ed1f4679f1497f2864fa6c,535a1433a6624e9930e536f5a07456ddb7f34ba53f7c2cc3e92de06ca072a601,True,0.96875,2.6449243299430236,0.12871500116307288,2.7736393311060965,2.7828746450832114,True,True,False,UnitTestFailure,failed: local variable 'phase5_local_1' referenced before assignment
HumanEval-RandomSpanInfillingLight:132:41673e28194f812d|alpha_renamed_auxiliary|canvas=32|seed=0,HumanEval-RandomSpanInfillingLight:132:41673e28194f812d,120,HumanEval/132,extreme,alpha_renamed_auxiliary,metamorphic_auxiliary_only,False,32,0,64,ok,False,70,32,c908d94328cbd248627bc6ecc2b4cb2f0bcc303de6b8f5242c837ce389936a58,52eece917b716d5bf546a660ebaafa8b4525de19f3e4da5d87173568a9bcac73,d7379395868dd1c9378fbf853dce5daf023a98ce0fef9d77ed11a0c59098a9f5,9c35b3924acbdf2ce15a2d3953715ce0a5e8e57668221efc8e8a7374e9654361,e8f18a51558937fdf7fd02969e5bcb0f50711ea0cfaa44bb7c449341cdf82e3c,309c3e4de06ce58d733894a992ccd7becb13fd5916d36e01d914c0c75468631a,True,0.99609375,2.698822511942126,0.14083280391059816,2.839655315852724,2.849430276080966,True,True,False,UnitTestFailure,failed: This prints if this assert fails 1 (good for debugging!)
HumanEval-RandomSpanInfillingLight:132:41673e28194f812d|alpha_renamed_auxiliary|canvas=32|seed=1,HumanEval-RandomSpanInfillingLight:132:41673e28194f812d,120,HumanEval/132,extreme,alpha_renamed_auxiliary,metamorphic_auxiliary_only,False,32,1,64,ok,False,70,32,c908d94328cbd248627bc6ecc2b4cb2f0bcc303de6b8f5242c837ce389936a58,52eece917b716d5bf546a660ebaafa8b4525de19f3e4da5d87173568a9bcac73,d7379395868dd1c9378fbf853dce5daf023a98ce0fef9d77ed11a0c59098a9f5,9c35b3924acbdf2ce15a2d3953715ce0a5e8e57668221efc8e8a7374e9654361,e8f18a51558937fdf7fd02969e5bcb0f50711ea0cfaa44bb7c449341cdf82e3c,309c3e4de06ce58d733894a992ccd7becb13fd5916d36e01d914c0c75468631a,True,0.99609375,2.7128504309803247,0.1176523839822039,2.8305028149625286,2.8378766910173,True,True,False,UnitTestFailure,failed: This prints if this assert fails 1 (good for debugging!)
HumanEval-RandomSpanInfillingLight:132:41673e28194f812d|alpha_renamed_auxiliary|canvas=64|seed=0,HumanEval-RandomSpanInfillingLight:132:41673e28194f812d,120,HumanEval/132,extreme,alpha_renamed_auxiliary,metamorphic_auxiliary_only,False,64,0,64,ok,False,70,64,16ed64f165f4c32e6dfb46a270d49609ce05e4669d4bf9fe0787682bbf6224a5,a1248035c78487678c6d6a893da959367506b0002ce906ad8d4e807229b5940b,e97ad562c09b3dd221a3de8a71365a54bd5f288df3d452df01f18e7096bb0421,393919c75d2d13e90c2a93915593783688f03eb3cd6f41beb8610d4e25953a85,afa9ee57fde761060e34c7d2030b9a258292e01a5cbbad3911901ca8d4e9f62f,70bf6f80801769dc97119701e2daa6b36d2e3bd55eda961a8194ec4dd2e66cc3,True,0.97265625,2.7931222410406917,0.1448406969429925,2.9379629379836842,2.9489437679294497,True,True,False,UnitTestFailure,failed: invalid literal for int() with base 10: '['
HumanEval-RandomSpanInfillingLight:132:41673e28194f812d|alpha_renamed_auxiliary|canvas=64|seed=1,HumanEval-RandomSpanInfillingLight:132:41673e28194f812d,120,HumanEval/132,extreme,alpha_renamed_auxiliary,metamorphic_auxiliary_only,False,64,1,64,ok,False,70,64,16ed64f165f4c32e6dfb46a270d49609ce05e4669d4bf9fe0787682bbf6224a5,a1248035c78487678c6d6a893da959367506b0002ce906ad8d4e807229b5940b,e97ad562c09b3dd221a3de8a71365a54bd5f288df3d452df01f18e7096bb0421,393919c75d2d13e90c2a93915593783688f03eb3cd6f41beb8610d4e25953a85,afa9ee57fde761060e34c7d2030b9a258292e01a5cbbad3911901ca8d4e9f62f,70bf6f80801769dc97119701e2daa6b36d2e3bd55eda961a8194ec4dd2e66cc3,True,0.97265625,2.7709896649466828,0.1391737509984523,2.910163415945135,2.91778824897483,True,True,False,UnitTestFailure,failed: invalid literal for int() with base 10: '['
HumanEval-RandomSpanInfillingLight:132:41673e28194f812d|alpha_renamed_auxiliary|canvas=128|seed=0,HumanEval-RandomSpanInfillingLight:132:41673e28194f812d,120,HumanEval/132,extreme,alpha_renamed_auxiliary,metamorphic_auxiliary_only,False,128,0,64,ok,False,70,128,e615eff3a5989c3f57c172c4e4000b9d0f02a7b792dee5cd4081a5bea4771f7b,f3167271d9643a1b315776bff5db65b9ee602a525c2d8125ac9dae0c22e8b1b4,e5c83f7223db54ad6acc490172e4c3b075825b256b063b9a09b44f9a30747279,ad299dbc955c5634eb8926fb2902fd5b86ea6d3c477e2d4a958f4f5dd0d4d243,29fa7d06d92ec8468921685507b7785c43701cf4d58b6ec7278364d45ad5b79e,f6149d0a8e34cdb89d8fd8db984724bf1c37f27c4b58fcad12c636baf0abf6f2,True,0.98828125,2.8560635049361736,0.14424445305485278,3.0003079579910263,3.010544753051363,True,True,False,UnitTestFailure,failed:
HumanEval-RandomSpanInfillingLight:132:41673e28194f812d|alpha_renamed_auxiliary|canvas=128|seed=1,HumanEval-RandomSpanInfillingLight:132:41673e28194f812d,120,HumanEval/132,extreme,alpha_renamed_auxiliary,metamorphic_auxiliary_only,False,128,1,64,ok,False,70,128,e615eff3a5989c3f57c172c4e4000b9d0f02a7b792dee5cd4081a5bea4771f7b,f3167271d9643a1b315776bff5db65b9ee602a525c2d8125ac9dae0c22e8b1b4,e5c83f7223db54ad6acc490172e4c3b075825b256b063b9a09b44f9a30747279,ad299dbc955c5634eb8926fb2902fd5b86ea6d3c477e2d4a958f4f5dd0d4d243,29fa7d06d92ec8468921685507b7785c43701cf4d58b6ec7278364d45ad5b79e,f6149d0a8e34cdb89d8fd8db984724bf1c37f27c4b58fcad12c636baf0abf6f2,True,0.98828125,2.8599654160207137,0.12232844706159085,2.9822938630823046,2.992007007007487,True,True,False,UnitTestFailure,failed:
HumanEval-RandomSpanInfillingLight:134:ec0256dadf244506|alpha_renamed_auxiliary|canvas=16|seed=0,HumanEval-RandomSpanInfillingLight:134:ec0256dadf244506,122,HumanEval/134,medium,alpha_renamed_auxiliary,metamorphic_auxiliary_only,False,16,0,64,ok,True,14,16,61a64c5a583790db639776a379984c83282ba26ea3a2ecf3f29149a005a14325,19af76de6c7578fafd68b57515ca069d48baf1826ed5e02697e80d439addbb98,c95b86769edfee8dc858e03a101e214f1a18953899e67aecbd7aab74103f7164,9faec189d8cc6ae09ddce14f359f64d6e2fb079c9e0531e74c0ce162a9fe27a4,74c104e69b4d836b568deb24dc4b75327c492e73d288256b1af28c3705dda92b,2dfac90210551e1dc3e4f600398810ab2b2ec895c224e68cb058d722a9e08575,True,1.0,2.176883529056795,0.12609330494888127,2.302976834005676,2.3105843720259145,True,True,True,,
HumanEval-RandomSpanInfillingLight:134:ec0256dadf244506|alpha_renamed_auxiliary|canvas=16|seed=1,HumanEval-RandomSpanInfillingLight:134:ec0256dadf244506,122,HumanEval/134,medium,alpha_renamed_auxiliary,metamorphic_auxiliary_only,False,16,1,64,ok,True,14,16,61a64c5a583790db639776a379984c83282ba26ea3a2ecf3f29149a005a14325,19af76de6c7578fafd68b57515ca069d48baf1826ed5e02697e80d439addbb98,c95b86769edfee8dc858e03a101e214f1a18953899e67aecbd7aab74103f7164,9faec189d8cc6ae09ddce14f359f64d6e2fb079c9e0531e74c0ce162a9fe27a4,74c104e69b4d836b568deb24dc4b75327c492e73d288256b1af28c3705dda92b,2dfac90210551e1dc3e4f600398810ab2b2ec895c224e68cb058d722a9e08575,True,1.0,2.168688955018297,0.1351376809179783,2.303826635936275,2.311501918011345,True,True,True,,
HumanEval-RandomSpanInfillingLight:134:ec0256dadf244506|alpha_renamed_auxiliary|canvas=32|seed=0,HumanEval-RandomSpanInfillingLight:134:ec0256dadf244506,122,HumanEval/134,medium,alpha_renamed_auxiliary,metamorphic_auxiliary_only,False,32,0,64,ok,True,14,32,00178b6d683b153116d0fce69affbd7ef597cfc78244e97ccf9805d764c79044,d42e3c4570ec96c9e26e4b7ea39f6a94b69f164fc665d38b9f75f111dee4000a,b96e78229db5c43a834a69eb9bb531e03a7a27d86a5fbb33776a2599f339aa88,0b4d59d174c6c8fccef03081217952e8ee92730e7aec4017a257fd40ef00cc18,3abd7672f41a3d11c768d17b59e63b4169d6b320fddb843bb6776ee6f269c25f,bf351662c11d077867a121675e40300c708821d39d2ad27deb9602f0c9c2b731,True,1.0,2.1880241070175543,0.142183291958645,2.3302073989761993,2.3383511849679053,True,True,True,,
HumanEval-RandomSpanInfillingLight:134:ec0256dadf244506|alpha_renamed_auxiliary|canvas=32|seed=1,HumanEval-RandomSpanInfillingLight:134:ec0256dadf244506,122,HumanEval/134,medium,alpha_renamed_auxiliary,metamorphic_auxiliary_only,False,32,1,64,ok,True,14,32,00178b6d683b153116d0fce69affbd7ef597cfc78244e97ccf9805d764c79044,d42e3c4570ec96c9e26e4b7ea39f6a94b69f164fc665d38b9f75f111dee4000a,b96e78229db5c43a834a69eb9bb531e03a7a27d86a5fbb33776a2599f339aa88,0b4d59d174c6c8fccef03081217952e8ee92730e7aec4017a257fd40ef00cc18,3abd7672f41a3d11c768d17b59e63b4169d6b320fddb843bb6776ee6f269c25f,bf351662c11d077867a121675e40300c708821d39d2ad27deb9602f0c9c2b731,True,1.0,2.1694474699907005,0.13279906613752246,2.302246536128223,2.30952440504916,True,True,True,,
HumanEval-RandomSpanInfillingLight:134:ec0256dadf244506|alpha_renamed_auxiliary|canvas=64|seed=0,HumanEval-RandomSpanInfillingLight:134:ec0256dadf244506,122,HumanEval/134,medium,alpha_renamed_auxiliary,metamorphic_auxiliary_only,False,64,0,64,ok,True,14,64,0779c57c783a31f07ab64610d15d73e54eaf541f5d770bfc5f575df2469165be,cd28644bf0a186efff36047e968dd5f682079a4fd877a04337f8345c916b6279,16d83f38b53d6f77aba1640e09cafd0384214e11a8f126df9eb3b6313adee8ea,c39b1bb567ff74277664895433945f3062554669b243c752c3f04a3bc1632a8b,2beaf6c8a7150c86fde8852c297a83fd13d39fc1b5ba6dc7ad7241e5b8e5816e,7597a2f699e32b11af41b4ce07c9768a2b9d62f39c899342288b437513ce165d,True,0.95703125,2.1959215640090406,0.15335914806928486,2.3492807120783255,2.3579699349356815,True,True,True,,
HumanEval-RandomSpanInfillingLight:134:ec0256dadf244506|alpha_renamed_auxiliary|canvas=64|seed=1,HumanEval-RandomSpanInfillingLight:134:ec0256dadf244506,122,HumanEval/134,medium,alpha_renamed_auxiliary,metamorphic_auxiliary_only,False,64,1,64,ok,True,14,64,0779c57c783a31f07ab64610d15d73e54eaf541f5d770bfc5f575df2469165be,cd28644bf0a186efff36047e968dd5f682079a4fd877a04337f8345c916b6279,16d83f38b53d6f77aba1640e09cafd0384214e11a8f126df9eb3b6313adee8ea,c39b1bb567ff74277664895433945f3062554669b243c752c3f04a3bc1632a8b,2beaf6c8a7150c86fde8852c297a83fd13d39fc1b5ba6dc7ad7241e5b8e5816e,7597a2f699e32b11af41b4ce07c9768a2b9d62f39c899342288b437513ce165d,True,0.95703125,2.204096541972831,0.14584254112560302,2.349939083098434,2.359869303065352,True,True,True,,
HumanEval-RandomSpanInfillingLight:134:ec0256dadf244506|alpha_renamed_auxiliary|canvas=128|seed=0,HumanEval-RandomSpanInfillingLight:134:ec0256dadf244506,122,HumanEval/134,medium,alpha_renamed_auxiliary,metamorphic_auxiliary_only,False,128,0,64,ok,True,14,128,8791872cb438051b283f55a93278db17de38d14391e54c49706e91f18b312ffd,d17a25958c195e7c398abfb2d535393f7ebf0b40c200bc36835d5ab488336d91,0570278efee4ec5022376e8d7f6809e32bb53b731a4cab0086fd41b796f0f784,6424d4a07dba3a9e5349c30a5fcbeb4f071bf6ec2db2b5356f5ef58e6b8a65d9,dfc1aa0e90721d662b7585651ba410fa981d0536b92a7678fa2904c177bc7b18,dd09b5a40c90ff3a34545f88a8f4ab23c4c5e54ec961483c2df786da7b8fce83,True,0.9921875,2.837538543040864,0.1431737879756838,2.980712331016548,2.9910467140143737,True,True,True,,
HumanEval-RandomSpanInfillingLight:134:ec0256dadf244506|alpha_renamed_auxiliary|canvas=128|seed=1,HumanEval-RandomSpanInfillingLight:134:ec0256dadf244506,122,HumanEval/134,medium,alpha_renamed_auxiliary,metamorphic_auxiliary_only,False,128,1,64,ok,True,14,128,8791872cb438051b283f55a93278db17de38d14391e54c49706e91f18b312ffd,d17a25958c195e7c398abfb2d535393f7ebf0b40c200bc36835d5ab488336d91,0570278efee4ec5022376e8d7f6809e32bb53b731a4cab0086fd41b796f0f784,6424d4a07dba3a9e5349c30a5fcbeb4f071bf6ec2db2b5356f5ef58e6b8a65d9,dfc1aa0e90721d662b7585651ba410fa981d0536b92a7678fa2904c177bc7b18,dd09b5a40c90ff3a34545f88a8f4ab23c4c5e54ec961483c2df786da7b8fce83,True,0.9921875,2.8334196109790355,0.14417655009310693,2.9775961610721424,2.988848876906559,True,True,True,,
HumanEval-RandomSpanInfillingLight:137:1e745603e508af0a|alpha_renamed_auxiliary|canvas=16|seed=0,HumanEval-RandomSpanInfillingLight:137:1e745603e508af0a,124,HumanEval/137,medium,alpha_renamed_auxiliary,metamorphic_auxiliary_only,False,16,0,64,ok,False,13,16,fba1eff5897b00186e219069b68eb8780b396c5bcd4696d09276fb7897d354f9,ab8845a96a14441afbbc0ef7817e9f906d6fed1462a183df5399e690aa3d533d,9d023e8a83c21d9fd2b7e31ba7a6313cb3bd151aab4845ae24a4ca3df9ad1520,1b7205917aaaefc166a7add0bf310f7bdd2fb6000718efcd7d076260c72c325a,05a052188ba1771ea3546783ffd21fbd63efe324f8693339c247c2317ac8e31b,9c54dcac4235c422d6042bbddfbe15f4a8421e7f3eb4a4a4877a2fb8f55c5e9f,True,1.0,2.7041248900350183,0.1351791430497542,2.8393040330847725,2.849139350000769,True,True,False,UnitTestFailure,failed:
HumanEval-RandomSpanInfillingLight:137:1e745603e508af0a|alpha_renamed_auxiliary|canvas=16|seed=1,HumanEval-RandomSpanInfillingLight:137:1e745603e508af0a,124,HumanEval/137,medium,alpha_renamed_auxiliary,metamorphic_auxiliary_only,False,16,1,64,ok,False,13,16,fba1eff5897b00186e219069b68eb8780b396c5bcd4696d09276fb7897d354f9,ab8845a96a14441afbbc0ef7817e9f906d6fed1462a183df5399e690aa3d533d,9d023e8a83c21d9fd2b7e31ba7a6313cb3bd151aab4845ae24a4ca3df9ad1520,1b7205917aaaefc166a7add0bf310f7bdd2fb6000718efcd7d076260c72c325a,05a052188ba1771ea3546783ffd21fbd63efe324f8693339c247c2317ac8e31b,9c54dcac4235c422d6042bbddfbe15f4a8421e7f3eb4a4a4877a2fb8f55c5e9f,True,1.0,2.6887806799495593,0.1173711100127548,2.806151789962314,2.814493768964894,True,True,False,UnitTestFailure,failed:
HumanEval-RandomSpanInfillingLight:137:1e745603e508af0a|alpha_renamed_auxiliary|canvas=32|seed=0,HumanEval-RandomSpanInfillingLight:137:1e745603e508af0a,124,HumanEval/137,medium,alpha_renamed_auxiliary,metamorphic_auxiliary_only,False,32,0,64,ok,True,13,32,fef7051b5f050d7412d62628e55ce0885615559adfce21d33162b7c252800573,712b4092dca941a2833edb98559da903212d7282a95fee978263ec85859a60b4,8c44dede0601974b188656d451419e66ff1d1a6eedac5d0f18158d32de676adc,67df327d7b557a7cbc6fa12d57e6ee148fd3dbda0b133b4b0f6835255a79666b,ad3a9f1fdd7dd36940a2d614c0d3375c09674a96f6f97fa5aad4de9609112816,99c022b1b13f71be9ec3fbb9e882d77a184ed03092ec8a5f8384075930976435,True,0.984375,2.7389530210057274,0.13378930115140975,2.872742322157137,2.8806227480527014,True,True,True,,
HumanEval-RandomSpanInfillingLight:137:1e745603e508af0a|alpha_renamed_auxiliary|canvas=32|seed=1,HumanEval-RandomSpanInfillingLight:137:1e745603e508af0a,124,HumanEval/137,medium,alpha_renamed_auxiliary,metamorphic_auxiliary_only,False,32,1,64,ok,True,13,32,fef7051b5f050d7412d62628e55ce0885615559adfce21d33162b7c252800573,712b4092dca941a2833edb98559da903212d7282a95fee978263ec85859a60b4,8c44dede0601974b188656d451419e66ff1d1a6eedac5d0f18158d32de676adc,67df327d7b557a7cbc6fa12d57e6ee148fd3dbda0b133b4b0f6835255a79666b,ad3a9f1fdd7dd36940a2d614c0d3375c09674a96f6f97fa5aad4de9609112816,99c022b1b13f71be9ec3fbb9e882d77a184ed03092ec8a5f8384075930976435,True,0.984375,2.7094245670596138,0.1400765071157366,2.8495010741753504,2.85717518592719,True,True,True,,
HumanEval-RandomSpanInfillingLight:137:1e745603e508af0a|alpha_renamed_auxiliary|canvas=64|seed=0,HumanEval-RandomSpanInfillingLight:137:1e745603e508af0a,124,HumanEval/137,medium,alpha_renamed_auxiliary,metamorphic_auxiliary_only,False,64,0,64,ok,False,13,64,461b85a7ae1c95a70ac21d027a8c401e388cf1379ed6709f6ae7040857bdf49c,098771c921d37eedea604ecdedbee948f8706ca584d30035b154947a351f9445,c14a91cfb93db8824ae208ac4c934f7af6a17d84101e69b20c8f119a1e2d1640,1f784b76e177e2cb11e76ac46b9afe0041018111354234be1fc9b03838038292,be64883abbf65ff4c68ef2766fca22d140ccbd3c27ad700c2f00d3d873ca3718,f6dd395d7471ad66158d02c4063ddb756fabfed7355bc71583805cffe94a8ebb,True,0.99609375,2.7375105110695586,0.14582491805776954,2.883335429127328,2.8909013679949567,True,True,False,UnitTestFailure,failed:
HumanEval-RandomSpanInfillingLight:137:1e745603e508af0a|alpha_renamed_auxiliary|canvas=64|seed=1,HumanEval-RandomSpanInfillingLight:137:1e745603e508af0a,124,HumanEval/137,medium,alpha_renamed_auxiliary,metamorphic_auxiliary_only,False,64,1,64,ok,False,13,64,461b85a7ae1c95a70ac21d027a8c401e388cf1379ed6709f6ae7040857bdf49c,098771c921d37eedea604ecdedbee948f8706ca584d30035b154947a351f9445,c14a91cfb93db8824ae208ac4c934f7af6a17d84101e69b20c8f119a1e2d1640,1f784b76e177e2cb11e76ac46b9afe0041018111354234be1fc9b03838038292,be64883abbf65ff4c68ef2766fca22d140ccbd3c27ad700c2f00d3d873ca3718,f6dd395d7471ad66158d02c4063ddb756fabfed7355bc71583805cffe94a8ebb,True,0.99609375,2.774278935045004,0.14107174007222056,2.9153506751172245,2.9241995021002367,True,True,False,UnitTestFailure,failed:
HumanEval-RandomSpanInfillingLight:137:1e745603e508af0a|alpha_renamed_auxiliary|canvas=128|seed=0,HumanEval-RandomSpanInfillingLight:137:1e745603e508af0a,124,HumanEval/137,medium,alpha_renamed_auxiliary,metamorphic_auxiliary_only,False,128,0,64,ok,True,13,128,9d3e9d3d8fbb7f0c4701dcad873a303acb13d3d259c95f4b2e761e9953f9a884,654af6d68613c81fe9ed7dfaa29c29c438add4d2110f833a3f5949a661d9371d,f3e7e09c6a20a10c333d1c40450b93b03b5fa98ad50473911a11358232c220ef,b0b7f750cb3897f56deed521076683b7223cefea61d461acf674daae947c825b,456b1953be1b8f782277b96beb19cf9b7b297103500b5128450c33619f4450c9,7721159c0d53922a3cc7897de632e2848489212f7849c081239dda439db16b9b,True,0.9921875,2.900039852014743,0.14098353497684002,3.041023386991583,3.051632059039548,True,True,True,,
HumanEval-RandomSpanInfillingLight:137:1e745603e508af0a|alpha_renamed_auxiliary|canvas=128|seed=1,HumanEval-RandomSpanInfillingLight:137:1e745603e508af0a,124,HumanEval/137,medium,alpha_renamed_auxiliary,metamorphic_auxiliary_only,False,128,1,64,ok,True,13,128,9d3e9d3d8fbb7f0c4701dcad873a303acb13d3d259c95f4b2e761e9953f9a884,654af6d68613c81fe9ed7dfaa29c29c438add4d2110f833a3f5949a661d9371d,f3e7e09c6a20a10c333d1c40450b93b03b5fa98ad50473911a11358232c220ef,b0b7f750cb3897f56deed521076683b7223cefea61d461acf674daae947c825b,456b1953be1b8f782277b96beb19cf9b7b297103500b5128450c33619f4450c9,7721159c0d53922a3cc7897de632e2848489212f7849c081239dda439db16b9b,True,0.9921875,2.8743692790158093,0.14805483201052994,3.0224241110263392,3.0320456540212035,True,True,True,,
HumanEval-RandomSpanInfillingLight:139:128fc53e7611a26a|alpha_renamed_auxiliary|canvas=16|seed=0,HumanEval-RandomSpanInfillingLight:139:128fc53e7611a26a,126,HumanEval/139,extreme,alpha_renamed_auxiliary,metamorphic_auxiliary_only,False,16,0,64,ok,False,34,16,cbfd76ec97402c464568c32ec7ff7e60ff36463f58b0f56c4654682a6c6ff590,99242378899b79a4c8ccb9dd1c9ffd562d78a8efd9564026eefd51d404f66352,cdac2f4b77cf85c0612d59ec5020a47ed0f600818f74ca355b3064c48b016b41,e644f973ff4f73792c4ad71be18116efaea364d73c7073a0b4bd80e6c7d31511,5ab51b5b3a16837681946e36e7e9b1a54b78a4a7ee8c3ed2bc83fd3a78181925,7596d06c745597622123d4689d2d84362ad20bbc3aefdc15117e8e7b838e66cb,True,0.96484375,1.9129319839412346,0.14405543205793947,2.056987415999174,2.0637073550606146,True,True,False,UnitTestFailure,failed: 'int' object is not iterable
HumanEval-RandomSpanInfillingLight:139:128fc53e7611a26a|alpha_renamed_auxiliary|canvas=16|seed=1,HumanEval-RandomSpanInfillingLight:139:128fc53e7611a26a,126,HumanEval/139,extreme,alpha_renamed_auxiliary,metamorphic_auxiliary_only,False,16,1,64,ok,False,34,16,cbfd76ec97402c464568c32ec7ff7e60ff36463f58b0f56c4654682a6c6ff590,99242378899b79a4c8ccb9dd1c9ffd562d78a8efd9564026eefd51d404f66352,cdac2f4b77cf85c0612d59ec5020a47ed0f600818f74ca355b3064c48b016b41,e644f973ff4f73792c4ad71be18116efaea364d73c7073a0b4bd80e6c7d31511,5ab51b5b3a16837681946e36e7e9b1a54b78a4a7ee8c3ed2bc83fd3a78181925,7596d06c745597622123d4689d2d84362ad20bbc3aefdc15117e8e7b838e66cb,True,0.96484375,1.9080343829700723,0.1294933030148968,2.037527685984969,2.0450810560723767,True,True,False,UnitTestFailure,failed: 'int' object is not iterable
HumanEval-RandomSpanInfillingLight:139:128fc53e7611a26a|alpha_renamed_auxiliary|canvas=32|seed=0,HumanEval-RandomSpanInfillingLight:139:128fc53e7611a26a,126,HumanEval/139,extreme,alpha_renamed_auxiliary,metamorphic_auxiliary_only,False,32,0,64,ok,False,34,32,88f23b8ca85ce1759af5f113afe4b97d1acaf1b59db8f30a2cea3fb8e60ae193,51162b21c23292f78738faeef8621b6b1e6c784b0c45e15eeac5050db571f6b1,2cb314fdae9d386d4c520a8bf62c043404a89b7840dda2735cc5b179bf24341d,83297f37e8159db54ddd58355026ece7e29edc65b5e5c858e4d86dada4215dde,c715a607f5c06f0c9dbe3eb91a64a9b645c3bce726bd0d067f947862329b5718,30b5712324d511f56174f687329ea1cd8222ef91b555c83fd9098f7c0069a465,True,0.9921875,1.9555025659501553,0.13351051695644855,2.089013082906604,2.0959610479185358,True,True,False,UnitTestFailure,failed: Test 4
HumanEval-RandomSpanInfillingLight:139:128fc53e7611a26a|alpha_renamed_auxiliary|canvas=32|seed=1,HumanEval-RandomSpanInfillingLight:139:128fc53e7611a26a,126,HumanEval/139,extreme,alpha_renamed_auxiliary,metamorphic_auxiliary_only,False,32,1,64,ok,False,34,32,88f23b8ca85ce1759af5f113afe4b97d1acaf1b59db8f30a2cea3fb8e60ae193,51162b21c23292f78738faeef8621b6b1e6c784b0c45e15eeac5050db571f6b1,2cb314fdae9d386d4c520a8bf62c043404a89b7840dda2735cc5b179bf24341d,83297f37e8159db54ddd58355026ece7e29edc65b5e5c858e4d86dada4215dde,c715a607f5c06f0c9dbe3eb91a64a9b645c3bce726bd0d067f947862329b5718,30b5712324d511f56174f687329ea1cd8222ef91b555c83fd9098f7c0069a465,True,0.9921875,1.9576278129825369,0.1466553780483082,2.104283191030845,2.11072656896431,True,True,False,UnitTestFailure,failed: Test 4
HumanEval-RandomSpanInfillingLight:139:128fc53e7611a26a|alpha_renamed_auxiliary|canvas=64|seed=0,HumanEval-RandomSpanInfillingLight:139:128fc53e7611a26a,126,HumanEval/139,extreme,alpha_renamed_auxiliary,metamorphic_auxiliary_only,False,64,0,64,ok,False,34,64,2fe0266cb3fa604ab4b4697d8758f4fa13feb00fbd36be01e659de0477ca6f91,16a98529399d730b53d6acf856372236e184618d30f5d8cae251df280e7f7abc,89b24896c460efad86ad76c98dccb7bdb94f22aedf9e52351f68962bd21702b7,8bee7acc6dff5f8bb2b4bd3a459e88be22c77cd1c91a0c7dcefcde9ec450de27,ac75cdaafa0f93ae53e3c3d1acb196dccf801fe065f2799b7e3fe95f797bc080,06aa3a488156d89684abaf0c83ad5d38f8a71e72f771f3e9cedeb3e07ad53380,True,0.98046875,1.9894705200567842,3.1406822269782424,5.1301527470350266,5.137193412985653,True,True,False,UnitTestFailure,timed out
HumanEval-RandomSpanInfillingLight:139:128fc53e7611a26a|alpha_renamed_auxiliary|canvas=64|seed=1,HumanEval-RandomSpanInfillingLight:139:128fc53e7611a26a,126,HumanEval/139,extreme,alpha_renamed_auxiliary,metamorphic_auxiliary_only,False,64,1,64,ok,False,34,64,2fe0266cb3fa604ab4b4697d8758f4fa13feb00fbd36be01e659de0477ca6f91,16a98529399d730b53d6acf856372236e184618d30f5d8cae251df280e7f7abc,89b24896c460efad86ad76c98dccb7bdb94f22aedf9e52351f68962bd21702b7,8bee7acc6dff5f8bb2b4bd3a459e88be22c77cd1c91a0c7dcefcde9ec450de27,ac75cdaafa0f93ae53e3c3d1acb196dccf801fe065f2799b7e3fe95f797bc080,06aa3a488156d89684abaf0c83ad5d38f8a71e72f771f3e9cedeb3e07ad53380,True,0.98046875,2.000943689025007,3.137176412041299,5.138120101066306,5.149233659962192,True,True,False,UnitTestFailure,timed out
HumanEval-RandomSpanInfillingLight:139:128fc53e7611a26a|alpha_renamed_auxiliary|canvas=128|seed=0,HumanEval-RandomSpanInfillingLight:139:128fc53e7611a26a,126,HumanEval/139,extreme,alpha_renamed_auxiliary,metamorphic_auxiliary_only,False,128,0,64,ok,False,34,128,3edb4d2ee679dd554969229f929737d920bacb38a72469d449a6bf8181575f0a,007d4d9ad116ca6e810552b66faf704a0ba9e3a3afc3d0cb29cd042e690aabba,09d84b756a0e961386c27559fa4f05c1ec57a4dc36f48c78fe02c0bf9f0c3062,3357fb9d23dd2fa93f607e22b9f408dd9a03c935dec1ff456278d376f2464993,dc05ffabd7c16043bfa8803b8e00f643938a3d2d01e6dec385a75d02e1ee0bca,2a160b50a35d7ab20a88145ad9f447473e35521c9a6039f16604d1698e130da6,True,0.98828125,2.2344235780183226,3.1201081330655143,5.354531711083837,5.365382567048073,True,True,False,UnitTestFailure,timed out
HumanEval-RandomSpanInfillingLight:139:128fc53e7611a26a|alpha_renamed_auxiliary|canvas=128|seed=1,HumanEval-RandomSpanInfillingLight:139:128fc53e7611a26a,126,HumanEval/139,extreme,alpha_renamed_auxiliary,metamorphic_auxiliary_only,False,128,1,64,ok,False,34,128,3edb4d2ee679dd554969229f929737d920bacb38a72469d449a6bf8181575f0a,007d4d9ad116ca6e810552b66faf704a0ba9e3a3afc3d0cb29cd042e690aabba,09d84b756a0e961386c27559fa4f05c1ec57a4dc36f48c78fe02c0bf9f0c3062,3357fb9d23dd2fa93f607e22b9f408dd9a03c935dec1ff456278d376f2464993,dc05ffabd7c16043bfa8803b8e00f643938a3d2d01e6dec385a75d02e1ee0bca,2a160b50a35d7ab20a88145ad9f447473e35521c9a6039f16604d1698e130da6,True,0.98828125,2.201288140960969,3.1387886779848486,5.340076818945818,5.346625985112041,True,True,False,UnitTestFailure,timed out
HumanEval-RandomSpanInfillingLight:140:266fa0792231a9b7|alpha_renamed_auxiliary|canvas=16|seed=0,HumanEval-RandomSpanInfillingLight:140:266fa0792231a9b7,127,HumanEval/140,extreme,alpha_renamed_auxiliary,metamorphic_auxiliary_only,False,16,0,64,ok,False,55,16,14948a0f42dca5dc337e41f098cac3537b5d60bfb454a84e5046a2f9119ff385,8f7c378727aab3cf5f9426012b69ebe42a57a6217cce8be36ea4955c0322c417,1ae24b8d2ca484da01fb066a6131cf2e6f597555dfaf753befb835fc2ca264aa,532392d96270c3ef4dd793150f17a89a294e3ce8999f644d2c9d5eec81eeceaa,db31213197f54ccbf77774aab6d4b85ea54b7ca78108c546bcb71ca67c392b2a,a6f1d988b66f97e85b282bc32ddf8582f64691e6805d1156e754d18f2950a875,True,1.0,2.764364821021445,0.13812328304629773,2.902488104067743,2.9102996720466763,True,True,False,UnitTestFailure,failed: This prints if this assert fails 2 (good for debugging!)
HumanEval-RandomSpanInfillingLight:140:266fa0792231a9b7|alpha_renamed_auxiliary|canvas=16|seed=1,HumanEval-RandomSpanInfillingLight:140:266fa0792231a9b7,127,HumanEval/140,extreme,alpha_renamed_auxiliary,metamorphic_auxiliary_only,False,16,1,64,ok,False,55,16,14948a0f42dca5dc337e41f098cac3537b5d60bfb454a84e5046a2f9119ff385,8f7c378727aab3cf5f9426012b69ebe42a57a6217cce8be36ea4955c0322c417,1ae24b8d2ca484da01fb066a6131cf2e6f597555dfaf753befb835fc2ca264aa,532392d96270c3ef4dd793150f17a89a294e3ce8999f644d2c9d5eec81eeceaa,db31213197f54ccbf77774aab6d4b85ea54b7ca78108c546bcb71ca67c392b2a,a6f1d988b66f97e85b282bc32ddf8582f64691e6805d1156e754d18f2950a875,True,1.0,2.776225176989101,0.12523562798742205,2.901460804976523,2.9103751360671595,True,True,False,UnitTestFailure,failed: This prints if this assert fails 2 (good for debugging!)
HumanEval-RandomSpanInfillingLight:140:266fa0792231a9b7|alpha_renamed_auxiliary|canvas=32|seed=0,HumanEval-RandomSpanInfillingLight:140:266fa0792231a9b7,127,HumanEval/140,extreme,alpha_renamed_auxiliary,metamorphic_auxiliary_only,False,32,0,64,ok,False,55,32,e4316c79f54665a23b89b51cee0515a362f929844c09c5b3a1c65917a538ac83,328fe003b5ffa3bff23265e5d7cb86a029392ef168667e226005ebb36f471f23,007b9783d3a93afc43fbaea6bfebcd2e2027627a288490b8660af9e73cd47d98,e706349e2ba33267cfd2781f1b5d643307937999f4806ea3485fb447dea21468,b451a0634bfe650d2568e286640bed78512f3bbda4bf1d5f1fd5ef4e6db6208d,5b842bc8e31e2514d600f33e8dda567f007774ee7fe4f07ec1e8ae0944643aeb,False,0.9921875,2.813269834034145,0.13549409597180784,2.9487639300059527,2.9593793030362576,True,True,False,UnitTestFailure,failed: This prints if this assert fails 2 (good for debugging!)
HumanEval-RandomSpanInfillingLight:140:266fa0792231a9b7|alpha_renamed_auxiliary|canvas=32|seed=1,HumanEval-RandomSpanInfillingLight:140:266fa0792231a9b7,127,HumanEval/140,extreme,alpha_renamed_auxiliary,metamorphic_auxiliary_only,False,32,1,64,ok,False,55,32,e4316c79f54665a23b89b51cee0515a362f929844c09c5b3a1c65917a538ac83,328fe003b5ffa3bff23265e5d7cb86a029392ef168667e226005ebb36f471f23,007b9783d3a93afc43fbaea6bfebcd2e2027627a288490b8660af9e73cd47d98,e706349e2ba33267cfd2781f1b5d643307937999f4806ea3485fb447dea21468,b451a0634bfe650d2568e286640bed78512f3bbda4bf1d5f1fd5ef4e6db6208d,5b842bc8e31e2514d600f33e8dda567f007774ee7fe4f07ec1e8ae0944643aeb,False,0.9921875,2.809175765956752,0.14730708813294768,2.9564828540896997,2.9683993499493226,True,True,False,UnitTestFailure,failed: This prints if this assert fails 2 (good for debugging!)
HumanEval-RandomSpanInfillingLight:140:266fa0792231a9b7|alpha_renamed_auxiliary|canvas=64|seed=0,HumanEval-RandomSpanInfillingLight:140:266fa0792231a9b7,127,HumanEval/140,extreme,alpha_renamed_auxiliary,metamorphic_auxiliary_only,False,64,0,64,ok,False,55,64,8f9ac6e37f71d5e989cc5e4d39f33540e543acd11be6c51543d22e4aa6b2683e,d8858edce9bc3614750409c0d98963cc6633a07ccd90459952196bb9b1144dbc,abd83c08e6140b4b202b2cbdd1a7ed7eb80ff723b1f4ee2b3d209433dcedd161,c9aa96ad8d179d02c87a9ac0cf18f61fc7a98996df614addd58159a881cd467d,d69377ebd33b8dcf426b18ecac52643a9ec6fa9644d8161f1bf729f61fe2644b,8e5a7e652acea3eaf4db930fa9502337b5e0367ead35da0a387db3cc32f584e0,True,0.984375,2.8194720129249617,0.13889473699964583,2.9583667499246076,2.968304352951236,True,True,False,UnitTestFailure,failed: This prints if this assert fails 1 (good for debugging!)
HumanEval-RandomSpanInfillingLight:140:266fa0792231a9b7|alpha_renamed_auxiliary|canvas=64|seed=1,HumanEval-RandomSpanInfillingLight:140:266fa0792231a9b7,127,HumanEval/140,extreme,alpha_renamed_auxiliary,metamorphic_auxiliary_only,False,64,1,64,ok,False,55,64,8f9ac6e37f71d5e989cc5e4d39f33540e543acd11be6c51543d22e4aa6b2683e,d8858edce9bc3614750409c0d98963cc6633a07ccd90459952196bb9b1144dbc,abd83c08e6140b4b202b2cbdd1a7ed7eb80ff723b1f4ee2b3d209433dcedd161,c9aa96ad8d179d02c87a9ac0cf18f61fc7a98996df614addd58159a881cd467d,d69377ebd33b8dcf426b18ecac52643a9ec6fa9644d8161f1bf729f61fe2644b,8e5a7e652acea3eaf4db930fa9502337b5e0367ead35da0a387db3cc32f584e0,True,0.984375,2.808259811019525,0.14537847274914384,2.9536382837686688,2.9625720920739695,True,True,False,UnitTestFailure,failed: This prints if this assert fails 1 (good for debugging!)
HumanEval-RandomSpanInfillingLight:140:266fa0792231a9b7|alpha_renamed_auxiliary|canvas=128|seed=0,HumanEval-RandomSpanInfillingLight:140:266fa0792231a9b7,127,HumanEval/140,extreme,alpha_renamed_auxiliary,metamorphic_auxiliary_only,False,128,0,64,ok,False,55,128,86584c7db41a64e904294f56c956e80bb66c131e399deb3c87182702038cf4ef,4d95de2fdb23e6097ac661bb395fcf9f4a3e0a45582dfa40cfb66708f43506ab,afef771e0e5df8e43c6507f86cbd6510d3df83e5b70de64a1be869dc5422f8c3,bf461ce849d084729f87133d9505cc6b65da09b42ca2944e8eee785040acbc0e,58ff389eb27b215b1962d0011bac259c1d6d891626792001e14c0537c865fbd9,84f6f14589ba7ddcd2af7419644cc86303af1919e67590a33326ec36f52bbebc,False,0.99609375,3.201019028085284,0.15059900493361056,3.3516180330188945,3.362762707984075,True,True,False,UnitTestFailure,failed: This prints if this assert fails 2 (good for debugging!)
HumanEval-RandomSpanInfillingLight:140:266fa0792231a9b7|alpha_renamed_auxiliary|canvas=128|seed=1,HumanEval-RandomSpanInfillingLight:140:266fa0792231a9b7,127,HumanEval/140,extreme,alpha_renamed_auxiliary,metamorphic_auxiliary_only,False,128,1,64,ok,False,55,128,86584c7db41a64e904294f56c956e80bb66c131e399deb3c87182702038cf4ef,4d95de2fdb23e6097ac661bb395fcf9f4a3e0a45582dfa40cfb66708f43506ab,afef771e0e5df8e43c6507f86cbd6510d3df83e5b70de64a1be869dc5422f8c3,bf461ce849d084729f87133d9505cc6b65da09b42ca2944e8eee785040acbc0e,58ff389eb27b215b1962d0011bac259c1d6d891626792001e14c0537c865fbd9,84f6f14589ba7ddcd2af7419644cc86303af1919e67590a33326ec36f52bbebc,False,0.99609375,3.181607268983498,0.14054013404529542,3.3221474030287936,3.3345477159600705,True,True,False,UnitTestFailure,failed: This prints if this assert fails 2 (good for debugging!)
HumanEval-RandomSpanInfillingLight:141:cd1793f5b2b02246|alpha_renamed_auxiliary|canvas=16|seed=0,HumanEval-RandomSpanInfillingLight:141:cd1793f5b2b02246,128,HumanEval/141,extreme,alpha_renamed_auxiliary,metamorphic_auxiliary_only,False,16,0,64,ok,False,72,16,33502c084fe99ad3a6432cc43bb59a94ef97c199f5e2577b9c453457e4008674,2d9a2e0d00a8bb8970b751d01c009df91fe3f5918786f8637d47ea1f6a6d02e6,a3253859e4a7327d78ce4a7e390fbfcdde134907b6216a0dc15b8e4b5328ba9b,db9dce5c488b811141ec0ccc22ddda64b657c579b56600dba34f208c1fdd47c9,2d9a2e0d00a8bb8970b751d01c009df91fe3f5918786f8637d47ea1f6a6d02e6,d67dea8047e0e75ef328f8dc4350b2d49f8bad811e5d63bd11da0df044531618,True,0.99609375,2.7770538011100143,0.14291070401668549,2.9199645051267,2.932742976001464,True,True,False,UnitTestFailure,failed:
HumanEval-RandomSpanInfillingLight:141:cd1793f5b2b02246|alpha_renamed_auxiliary|canvas=16|seed=1,HumanEval-RandomSpanInfillingLight:141:cd1793f5b2b02246,128,HumanEval/141,extreme,alpha_renamed_auxiliary,metamorphic_auxiliary_only,False,16,1,64,ok,False,72,16,33502c084fe99ad3a6432cc43bb59a94ef97c199f5e2577b9c453457e4008674,2d9a2e0d00a8bb8970b751d01c009df91fe3f5918786f8637d47ea1f6a6d02e6,a3253859e4a7327d78ce4a7e390fbfcdde134907b6216a0dc15b8e4b5328ba9b,db9dce5c488b811141ec0ccc22ddda64b657c579b56600dba34f208c1fdd47c9,2d9a2e0d00a8bb8970b751d01c009df91fe3f5918786f8637d47ea1f6a6d02e6,d67dea8047e0e75ef328f8dc4350b2d49f8bad811e5d63bd11da0df044531618,True,0.99609375,2.8007350099505857,0.1428188638528809,2.9435538738034666,2.9554095349740237,True,True,False,UnitTestFailure,failed:
HumanEval-RandomSpanInfillingLight:141:cd1793f5b2b02246|alpha_renamed_auxiliary|canvas=32|seed=0,HumanEval-RandomSpanInfillingLight:141:cd1793f5b2b02246,128,HumanEval/141,extreme,alpha_renamed_auxiliary,metamorphic_auxiliary_only,False,32,0,64,ok,False,72,32,a89f6c16fe7137ccaee0ccae91b9d22c471f4c3f961c2445d73130cbdfc93347,e2dd38924614cd23125a194a1875c76771288c0991b188251650ca464c405586,4866f11b341fe279c30398f553e1815fcabc1beee241c0eb6579043095a14aad,e32dddc1c4303516759e746a258e72f839c1753249e3597d5217cf4edee66b25,592887937e2bdfe4ad09bb27262ee504b2eba40c9086a38bf3ce5b629e5eb917,50a7d0043b643296995584559ec6047c4c852c30e608c6507c1c61df8c3acf16,True,0.97265625,2.7807070860872045,0.1338623440824449,2.9145694301696494,2.9246878870762885,True,True,False,UnitTestFailure,failed:
HumanEval-RandomSpanInfillingLight:141:cd1793f5b2b02246|alpha_renamed_auxiliary|canvas=32|seed=1,HumanEval-RandomSpanInfillingLight:141:cd1793f5b2b02246,128,HumanEval/141,extreme,alpha_renamed_auxiliary,metamorphic_auxiliary_only,False,32,1,64,ok,False,72,32,a89f6c16fe7137ccaee0ccae91b9d22c471f4c3f961c2445d73130cbdfc93347,e2dd38924614cd23125a194a1875c76771288c0991b188251650ca464c405586,4866f11b341fe279c30398f553e1815fcabc1beee241c0eb6579043095a14aad,e32dddc1c4303516759e746a258e72f839c1753249e3597d5217cf4edee66b25,592887937e2bdfe4ad09bb27262ee504b2eba40c9086a38bf3ce5b629e5eb917,50a7d0043b643296995584559ec6047c4c852c30e608c6507c1c61df8c3acf16,True,0.97265625,2.7927832059795037,0.14924448705278337,2.942027693032287,2.9505197459366173,True,True,False,UnitTestFailure,failed:
HumanEval-RandomSpanInfillingLight:141:cd1793f5b2b02246|alpha_renamed_auxiliary|canvas=64|seed=0,HumanEval-RandomSpanInfillingLight:141:cd1793f5b2b02246,128,HumanEval/141,extreme,alpha_renamed_auxiliary,metamorphic_auxiliary_only,False,64,0,64,ok,False,72,64,e6cdc9f1b1d9a614f6499a18c7b76ff5301b3e8baf5cd1b911f5e43a6f916787,73d435ecd3a6622e718739fed77fc05161648919646ac7a34e1db1af5db5589e,041466842e2c0a90b32e6ac2a4272331fd2db82792969a08b32c2b2d160b8799,d43ea88f1235638c10f702d69644c0f3090f2ee3dcd0319eaeda6b20ba3a3488,01ab612c33256abe74a78c1d2b89f3b9e6aff4ab2bfd3dc476d6eea6db42e627,0ef0726cff78bcdbd478aadcb5f6cd9faa1d2597b8923c0e9935c1ef09bdfb6a,True,0.95703125,2.858822731068358,0.13404624606482685,2.9928689771331847,3.002890298026614,True,True,False,UnitTestFailure,failed:
HumanEval-RandomSpanInfillingLight:141:cd1793f5b2b02246|alpha_renamed_auxiliary|canvas=64|seed=1,HumanEval-RandomSpanInfillingLight:141:cd1793f5b2b02246,128,HumanEval/141,extreme,alpha_renamed_auxiliary,metamorphic_auxiliary_only,False,64,1,64,ok,False,72,64,e6cdc9f1b1d9a614f6499a18c7b76ff5301b3e8baf5cd1b911f5e43a6f916787,73d435ecd3a6622e718739fed77fc05161648919646ac7a34e1db1af5db5589e,041466842e2c0a90b32e6ac2a4272331fd2db82792969a08b32c2b2d160b8799,d43ea88f1235638c10f702d69644c0f3090f2ee3dcd0319eaeda6b20ba3a3488,01ab612c33256abe74a78c1d2b89f3b9e6aff4ab2bfd3dc476d6eea6db42e627,0ef0726cff78bcdbd478aadcb5f6cd9faa1d2597b8923c0e9935c1ef09bdfb6a,True,0.95703125,2.874985638074577,0.1435751289827749,3.0185607670573518,3.0272778269136325,True,True,False,UnitTestFailure,failed:
HumanEval-RandomSpanInfillingLight:141:cd1793f5b2b02246|alpha_renamed_auxiliary|canvas=128|seed=0,HumanEval-RandomSpanInfillingLight:141:cd1793f5b2b02246,128,HumanEval/141,extreme,alpha_renamed_auxiliary,metamorphic_auxiliary_only,False,128,0,64,ok,False,72,128,b81f957cd8962d288a1ce082cb6ba4c3355fa5fd5c7d7fae41598d942aca7902,35e98dd9b7055e0b612595ae467ec26f8b259390e61bb8fbd28349fb68817931,0c31a9e0a23168e427b20ec690ef27f1f51eec52027d02a598824aad480fd452,02d3eb5ff5df05d22cf59079ee5d59f3338ba98c1402a5c60c249298c5025433,8c3f229be1a59e17f221273bc73c63302892cfff5b5e0157042754666550d7de,eafb6d2fefc7a5ee9f84bd4fc80e209a864a42c931bf8a6a6c016737eeeecb45,True,0.9765625,3.19387388904579,0.10706618695985526,3.300940076005645,3.3118128339992836,True,True,False,UnitTestFailure,failed: name 'letters' is not defined
HumanEval-RandomSpanInfillingLight:141:cd1793f5b2b02246|alpha_renamed_auxiliary|canvas=128|seed=1,HumanEval-RandomSpanInfillingLight:141:cd1793f5b2b02246,128,HumanEval/141,extreme,alpha_renamed_auxiliary,metamorphic_auxiliary_only,False,128,1,64,ok,False,72,128,b81f957cd8962d288a1ce082cb6ba4c3355fa5fd5c7d7fae41598d942aca7902,35e98dd9b7055e0b612595ae467ec26f8b259390e61bb8fbd28349fb68817931,0c31a9e0a23168e427b20ec690ef27f1f51eec52027d02a598824aad480fd452,02d3eb5ff5df05d22cf59079ee5d59f3338ba98c1402a5c60c249298c5025433,8c3f229be1a59e17f221273bc73c63302892cfff5b5e0157042754666550d7de,eafb6d2fefc7a5ee9f84bd4fc80e209a864a42c931bf8a6a6c016737eeeecb45,True,0.9765625,3.199495109030977,0.11357695003971457,3.3130720590706915,3.324823303031735,True,True,False,UnitTestFailure,failed: name 'letters' is not defined
HumanEval-RandomSpanInfillingLight:142:17ab20ba3def4d2f|alpha_renamed_auxiliary|canvas=16|seed=0,HumanEval-RandomSpanInfillingLight:142:17ab20ba3def4d2f,129,HumanEval/142,extreme,alpha_renamed_auxiliary,metamorphic_auxiliary_only,False,16,0,64,ok,False,39,16,4c017ca2a6f5152492b9488edef4b84386abc97855f14c04d9597b06e1848a55,1936d92cf2983740250bbd89a82fcefd017d944480bae39872fa10fedf4dbc1d,75f64b557811d6e00bdf73348f548e52775fda6cf31ec9fd4fb922428784f087,3b0743dd65f15af587ba1a5c49eef47cc5955de1963b90fe4c9004a879f0e951,9b769dbcce06767b81bb887ea2b5351b22ccfe30aeabf83438996cbc0c47bee1,08ada72e67d9a692a4d84f5682388e97c7ac6b4e075426eb56f57d8d6aa0d9b6,True,0.99609375,2.649896777002141,0.15123631292954087,2.8011330899316818,2.8108170840423554,True,True,False,UnitTestFailure,failed:
HumanEval-RandomSpanInfillingLight:142:17ab20ba3def4d2f|alpha_renamed_auxiliary|canvas=16|seed=1,HumanEval-RandomSpanInfillingLight:142:17ab20ba3def4d2f,129,HumanEval/142,extreme,alpha_renamed_auxiliary,metamorphic_auxiliary_only,False,16,1,64,ok,False,39,16,4c017ca2a6f5152492b9488edef4b84386abc97855f14c04d9597b06e1848a55,1936d92cf2983740250bbd89a82fcefd017d944480bae39872fa10fedf4dbc1d,75f64b557811d6e00bdf73348f548e52775fda6cf31ec9fd4fb922428784f087,3b0743dd65f15af587ba1a5c49eef47cc5955de1963b90fe4c9004a879f0e951,9b769dbcce06767b81bb887ea2b5351b22ccfe30aeabf83438996cbc0c47bee1,08ada72e67d9a692a4d84f5682388e97c7ac6b4e075426eb56f57d8d6aa0d9b6,True,0.99609375,2.684816471999511,0.1449449519859627,2.829761423985474,2.841665525920689,True,True,False,UnitTestFailure,failed:
HumanEval-RandomSpanInfillingLight:142:17ab20ba3def4d2f|alpha_renamed_auxiliary|canvas=32|seed=0,HumanEval-RandomSpanInfillingLight:142:17ab20ba3def4d2f,129,HumanEval/142,extreme,alpha_renamed_auxiliary,metamorphic_auxiliary_only,False,32,0,64,ok,False,39,32,c8bf3326bee69bf1656b53056c644afb2f78fb6b24a709cdd5f1993cf91511bb,9229e7b36d761bb890bbea1d186b1785c91f96478d534ce73b2892da44036db8,264c69d3f71f07bb97be5a1a0a5d431efff2a2e26f24d82fe415660bf9c8fcf4,4efad571fb27fe7a4c4506ec86f37613bffcd476072da7da98df9d72d5bd5f9d,3e78ed4075eb4b3d0aa631c72ae21a721341cf9e7649792f95fba5af6ce7fd14,7e4a1f624e2abc2204fc423444ef911531632ad3eef2c6f447f7ab994d6a8d82,False,0.98828125,2.696955692023039,0.14052999299019575,2.8374856850132346,2.8449502090224996,True,True,False,UnitTestFailure,failed:
HumanEval-RandomSpanInfillingLight:142:17ab20ba3def4d2f|alpha_renamed_auxiliary|canvas=32|seed=1,HumanEval-RandomSpanInfillingLight:142:17ab20ba3def4d2f,129,HumanEval/142,extreme,alpha_renamed_auxiliary,metamorphic_auxiliary_only,False,32,1,64,ok,False,39,32,c8bf3326bee69bf1656b53056c644afb2f78fb6b24a709cdd5f1993cf91511bb,9229e7b36d761bb890bbea1d186b1785c91f96478d534ce73b2892da44036db8,264c69d3f71f07bb97be5a1a0a5d431efff2a2e26f24d82fe415660bf9c8fcf4,4efad571fb27fe7a4c4506ec86f37613bffcd476072da7da98df9d72d5bd5f9d,3e78ed4075eb4b3d0aa631c72ae21a721341cf9e7649792f95fba5af6ce7fd14,7e4a1f624e2abc2204fc423444ef911531632ad3eef2c6f447f7ab994d6a8d82,False,0.98828125,2.7246766890166327,0.13426030101254582,2.8589369900291786,2.8671744720777497,True,True,False,UnitTestFailure,failed:
HumanEval-RandomSpanInfillingLight:142:17ab20ba3def4d2f|alpha_renamed_auxiliary|canvas=64|seed=0,HumanEval-RandomSpanInfillingLight:142:17ab20ba3def4d2f,129,HumanEval/142,extreme,alpha_renamed_auxiliary,metamorphic_auxiliary_only,False,64,0,64,ok,True,39,64,b3edc5ab526933ab30aff7101de108ba1a006a91a2a56b6bea93bdd2ece916c2,17bdda104124d30b9b0e92010d03b8a6757490c82b228883fdaa0483ec33913f,726f277a04f18668b7522bf580be13495e4c1e5066bb3db71acbf156f0a62ff4,afb7e08d052d57b1f02e9d37d9ef788121427475d08473ffa429522200b2a07f,900fd59addd6cebaa1606b788cadef198021d5e2b48292765fa6eebd0c7e4a51,aa4a081fd5649344d636ffc5609ad74b20efc4ab51e8f7d9f79ffb1df7bd2938,False,0.984375,2.786263969959691,0.13928150292485952,2.9255454728845507,2.935979670030065,True,True,True,,
HumanEval-RandomSpanInfillingLight:142:17ab20ba3def4d2f|alpha_renamed_auxiliary|canvas=64|seed=1,HumanEval-RandomSpanInfillingLight:142:17ab20ba3def4d2f,129,HumanEval/142,extreme,alpha_renamed_auxiliary,metamorphic_auxiliary_only,False,64,1,64,ok,True,39,64,b3edc5ab526933ab30aff7101de108ba1a006a91a2a56b6bea93bdd2ece916c2,17bdda104124d30b9b0e92010d03b8a6757490c82b228883fdaa0483ec33913f,726f277a04f18668b7522bf580be13495e4c1e5066bb3db71acbf156f0a62ff4,afb7e08d052d57b1f02e9d37d9ef788121427475d08473ffa429522200b2a07f,900fd59addd6cebaa1606b788cadef198021d5e2b48292765fa6eebd0c7e4a51,aa4a081fd5649344d636ffc5609ad74b20efc4ab51e8f7d9f79ffb1df7bd2938,False,0.984375,2.775926808011718,0.11813835892826319,2.8940651669399813,2.9071254279697314,True,True,True,,
HumanEval-RandomSpanInfillingLight:142:17ab20ba3def4d2f|alpha_renamed_auxiliary|canvas=128|seed=0,HumanEval-RandomSpanInfillingLight:142:17ab20ba3def4d2f,129,HumanEval/142,extreme,alpha_renamed_auxiliary,metamorphic_auxiliary_only,False,128,0,64,ok,False,39,128,9b8e0e0fea4670f097e33f8241895c7502dd814f205da5cf0c1a13e67c2ea3fa,e88cdc3ee254575b6f0d43d18f90fdd8ba5e4962306a3762e13e0a4910308ec1,783633488dfbc017a4c72752530903e2bc63f320d60b6e732a9b09a2fbe346e3,cc5d0ec1aa86ccdee813abef8f8defdef5a74104bb5adbb7c017595831d45cd3,cbdc6b16490694c7af2006da7b6104c287dcf81930adb2db3e73749f1ad93dd3,4c0738a764999b7d1b0458ea8f51821b0502dec9a4349bac084d551a6b3d7da7,False,0.98828125,2.88167896901723,0.13693687808699906,3.018615847104229,3.03124892199412,True,True,False,UnitTestFailure,failed:
HumanEval-RandomSpanInfillingLight:142:17ab20ba3def4d2f|alpha_renamed_auxiliary|canvas=128|seed=1,HumanEval-RandomSpanInfillingLight:142:17ab20ba3def4d2f,129,HumanEval/142,extreme,alpha_renamed_auxiliary,metamorphic_auxiliary_only,False,128,1,64,ok,False,39,128,9b8e0e0fea4670f097e33f8241895c7502dd814f205da5cf0c1a13e67c2ea3fa,e88cdc3ee254575b6f0d43d18f90fdd8ba5e4962306a3762e13e0a4910308ec1,783633488dfbc017a4c72752530903e2bc63f320d60b6e732a9b09a2fbe346e3,cc5d0ec1aa86ccdee813abef8f8defdef5a74104bb5adbb7c017595831d45cd3,cbdc6b16490694c7af2006da7b6104c287dcf81930adb2db3e73749f1ad93dd3,4c0738a764999b7d1b0458ea8f51821b0502dec9a4349bac084d551a6b3d7da7,False,0.98828125,2.8497634559171274,0.13426170498132706,2.9840251608984545,2.9945369380293414,True,True,False,UnitTestFailure,failed:
HumanEval-RandomSpanInfillingLight:144:89406614f0f7a51e|alpha_renamed_auxiliary|canvas=16|seed=0,HumanEval-RandomSpanInfillingLight:144:89406614f0f7a51e,130,HumanEval/144,extreme,alpha_renamed_auxiliary,metamorphic_auxiliary_only,False,16,0,64,ok,False,32,16,f9c92255b7b695575dc710e850bb34e9d50b736fb986659eac15c755211006db,7dff893e7d2391df1f502103528aa4eb5408612b215c0205092f6ffb1bb8ef57,b9af28ffce714d780396aef3f4a8a2818d66b2692feabb5bc7d3138dd9d88bf7,1eb327cb50816c8b7fc952f4cbc72078ad30b978a4b40f7c0f2bee78d9919010,3ffbf1882909ba96599e3b37661930bc249f245899f99a0fff1ea17418ad0488,d76ca4613922012df7d942ec94eb2d1df03224a432f3d58b79bf6a9484fbefc2,False,0.99609375,2.1837246409850195,0.11474278487730771,2.298467425862327,2.3054128559306264,True,True,False,UnitTestFailure,failed: name 'phase5_local_5' is not defined
HumanEval-RandomSpanInfillingLight:144:89406614f0f7a51e|alpha_renamed_auxiliary|canvas=16|seed=1,HumanEval-RandomSpanInfillingLight:144:89406614f0f7a51e,130,HumanEval/144,extreme,alpha_renamed_auxiliary,metamorphic_auxiliary_only,False,16,1,64,ok,False,32,16,f9c92255b7b695575dc710e850bb34e9d50b736fb986659eac15c755211006db,7dff893e7d2391df1f502103528aa4eb5408612b215c0205092f6ffb1bb8ef57,b9af28ffce714d780396aef3f4a8a2818d66b2692feabb5bc7d3138dd9d88bf7,1eb327cb50816c8b7fc952f4cbc72078ad30b978a4b40f7c0f2bee78d9919010,3ffbf1882909ba96599e3b37661930bc249f245899f99a0fff1ea17418ad0488,d76ca4613922012df7d942ec94eb2d1df03224a432f3d58b79bf6a9484fbefc2,False,0.99609375,2.163773581967689,0.1541320028482005,2.3179055848158896,2.3258642320288345,True,True,False,UnitTestFailure,failed: name 'phase5_local_5' is not defined
HumanEval-RandomSpanInfillingLight:144:89406614f0f7a51e|alpha_renamed_auxiliary|canvas=32|seed=0,HumanEval-RandomSpanInfillingLight:144:89406614f0f7a51e,130,HumanEval/144,extreme,alpha_renamed_auxiliary,metamorphic_auxiliary_only,False,32,0,64,ok,False,32,32,2527114be1e6b706608e62cc754a239fe45c5f16a34011290c2af3661f0b31d3,8c898fc44da360cafb7117e9ab8b8d7207e00598e1febde50f046a92cae69364,93a22363028283f2a6583b20244f257930ae4c95bb4fcc215cad78600f544ebe,4d3e0b57e93bf1506a6851a4f7d3e7a76b1e9f8d2dd4eb0c368fece9708d1133,ccf4dd5d5c39a6ec130b532b3ed0d73088c273f47c914328bccd24e9890bc05f,feb527f463ce83a34833c7f91b423c62ab9b4665bc372ae3643185d3735c1f91,False,0.9921875,2.1782952200155705,0.11867401981726289,2.2969692398328334,2.305532643920742,True,True,False,UnitTestFailure,failed: name 'simplify_helper' is not defined
HumanEval-RandomSpanInfillingLight:144:89406614f0f7a51e|alpha_renamed_auxiliary|canvas=32|seed=1,HumanEval-RandomSpanInfillingLight:144:89406614f0f7a51e,130,HumanEval/144,extreme,alpha_renamed_auxiliary,metamorphic_auxiliary_only,False,32,1,64,ok,False,32,32,2527114be1e6b706608e62cc754a239fe45c5f16a34011290c2af3661f0b31d3,8c898fc44da360cafb7117e9ab8b8d7207e00598e1febde50f046a92cae69364,93a22363028283f2a6583b20244f257930ae4c95bb4fcc215cad78600f544ebe,4d3e0b57e93bf1506a6851a4f7d3e7a76b1e9f8d2dd4eb0c368fece9708d1133,ccf4dd5d5c39a6ec130b532b3ed0d73088c273f47c914328bccd24e9890bc05f,feb527f463ce83a34833c7f91b423c62ab9b4665bc372ae3643185d3735c1f91,False,0.9921875,2.1992667730664834,0.14480014005675912,2.3440669131232426,2.353072072030045,True,True,False,UnitTestFailure,failed: name 'simplify_helper' is not defined
HumanEval-RandomSpanInfillingLight:144:89406614f0f7a51e|alpha_renamed_auxiliary|canvas=64|seed=0,HumanEval-RandomSpanInfillingLight:144:89406614f0f7a51e,130,HumanEval/144,extreme,alpha_renamed_auxiliary,metamorphic_auxiliary_only,False,64,0,64,ok,True,32,64,90a04eddc059683d8d19bd68d1bd8a2304ba96249e091a5cb2e31924ab5e6ecd,095e645e1ff68802830e02cbc4a798214fa6383340c28dddd373ed07a48d613f,5f279ad54838dbe9b75ab10f07074a9c94ceefcb88423e59707255658f4cb513,d12bad0e65ac28c9dbcd5dfae4da9917e6d49e3b76861199ff0c8253f9a71b6c,f27e0ee8e13c941dc2826779b8f75c27cf4492e2b25070c2e82aab02752c5bb8,3e892c4368cecb99a32783d5baab8a9797b35bad2058e7afa5f997e0cd9e8929,False,0.98046875,2.7487681820057333,0.12894839188084006,2.8777165738865733,2.887222874094732,True,True,True,,
HumanEval-RandomSpanInfillingLight:144:89406614f0f7a51e|alpha_renamed_auxiliary|canvas=64|seed=1,HumanEval-RandomSpanInfillingLight:144:89406614f0f7a51e,130,HumanEval/144,extreme,alpha_renamed_auxiliary,metamorphic_auxiliary_only,False,64,1,64,ok,True,32,64,90a04eddc059683d8d19bd68d1bd8a2304ba96249e091a5cb2e31924ab5e6ecd,095e645e1ff68802830e02cbc4a798214fa6383340c28dddd373ed07a48d613f,5f279ad54838dbe9b75ab10f07074a9c94ceefcb88423e59707255658f4cb513,d12bad0e65ac28c9dbcd5dfae4da9917e6d49e3b76861199ff0c8253f9a71b6c,f27e0ee8e13c941dc2826779b8f75c27cf4492e2b25070c2e82aab02752c5bb8,3e892c4368cecb99a32783d5baab8a9797b35bad2058e7afa5f997e0cd9e8929,False,0.98046875,2.7400360649917275,0.11908759700600058,2.859123661997728,2.8697484800359234,True,True,True,,
HumanEval-RandomSpanInfillingLight:144:89406614f0f7a51e|alpha_renamed_auxiliary|canvas=128|seed=0,HumanEval-RandomSpanInfillingLight:144:89406614f0f7a51e,130,HumanEval/144,extreme,alpha_renamed_auxiliary,metamorphic_auxiliary_only,False,128,0,64,ok,False,32,128,67d2785b5287c81db9bd18c025a38b4fb4f448cc386235a3a2bb8a43e88366f7,265e4cd69358321b26bfa7502d713f8a22c436b81e824f0d99ff8aa56412f9fa,4f13427e233338889367411a6af03c498a2bae8725e3c5b792375cf1c2fb5ba6,3b5555fa7802d5a6a2fb313081dad160d62b7c11ca5d5e6c145095dec8f8cb9b,aa35e18815cd36d9eb8ce92db658417fde099bf8d0fbc009675e66a33208dd8d,8e2dd9f0dd437fbf7d45d964a298303e7c82b575990234bdef9c251c9b8cc18e,False,0.98828125,2.8359637750545517,0.1563786609331146,2.9923424359876662,3.0052508409135044,True,True,False,UnitTestFailure,failed: test3
HumanEval-RandomSpanInfillingLight:144:89406614f0f7a51e|alpha_renamed_auxiliary|canvas=128|seed=1,HumanEval-RandomSpanInfillingLight:144:89406614f0f7a51e,130,HumanEval/144,extreme,alpha_renamed_auxiliary,metamorphic_auxiliary_only,False,128,1,64,ok,False,32,128,67d2785b5287c81db9bd18c025a38b4fb4f448cc386235a3a2bb8a43e88366f7,265e4cd69358321b26bfa7502d713f8a22c436b81e824f0d99ff8aa56412f9fa,4f13427e233338889367411a6af03c498a2bae8725e3c5b792375cf1c2fb5ba6,3b5555fa7802d5a6a2fb313081dad160d62b7c11ca5d5e6c145095dec8f8cb9b,aa35e18815cd36d9eb8ce92db658417fde099bf8d0fbc009675e66a33208dd8d,8e2dd9f0dd437fbf7d45d964a298303e7c82b575990234bdef9c251c9b8cc18e,False,0.98828125,2.817146356916055,0.12743486603721976,2.944581222953275,2.9536838000640273,True,True,False,UnitTestFailure,failed: test3
HumanEval-RandomSpanInfillingLight:146:79bb8acf49eed1aa|alpha_renamed_auxiliary|canvas=16|seed=0,HumanEval-RandomSpanInfillingLight:146:79bb8acf49eed1aa,132,HumanEval/146,long,alpha_renamed_auxiliary,metamorphic_auxiliary_only,False,16,0,64,ok,False,23,16,36e6c76375db7ed64188d2fd9e80b0d2e9ba826608cd57162c2859786fe995c9,29e689220da42a19c66fadd4396dfe511693ab0e3ff95b2a67057fd9e7c92143,c0048330cb27095eb13de9716d9d5643212a15cc5a750349c0c4faba54eca947,5123ee19db618e867274837b8800d2d1a732e8fabac2704366fb95f277878192,94e951ad2bbbdf8ce732d5fae5fb838ed9055be551a5b765ebde8ad383c23ebd,dc3480719c2bba2a15d208042eb7c650f3b6b151b72f9a0cc0cc09358bb9e8ad,True,0.97265625,2.2546982530038804,0.13087396195624024,2.3855722149601206,2.391993663040921,True,True,False,UnitTestFailure,failed:
HumanEval-RandomSpanInfillingLight:146:79bb8acf49eed1aa|alpha_renamed_auxiliary|canvas=16|seed=1,HumanEval-RandomSpanInfillingLight:146:79bb8acf49eed1aa,132,HumanEval/146,long,alpha_renamed_auxiliary,metamorphic_auxiliary_only,False,16,1,64,ok,False,23,16,36e6c76375db7ed64188d2fd9e80b0d2e9ba826608cd57162c2859786fe995c9,29e689220da42a19c66fadd4396dfe511693ab0e3ff95b2a67057fd9e7c92143,c0048330cb27095eb13de9716d9d5643212a15cc5a750349c0c4faba54eca947,5123ee19db618e867274837b8800d2d1a732e8fabac2704366fb95f277878192,94e951ad2bbbdf8ce732d5fae5fb838ed9055be551a5b765ebde8ad383c23ebd,dc3480719c2bba2a15d208042eb7c650f3b6b151b72f9a0cc0cc09358bb9e8ad,True,0.97265625,4.953345013898797,0.13412960979621857,5.087474623695016,5.09580977295991,True,True,False,UnitTestFailure,failed:
HumanEval-RandomSpanInfillingLight:146:79bb8acf49eed1aa|alpha_renamed_auxiliary|canvas=32|seed=0,HumanEval-RandomSpanInfillingLight:146:79bb8acf49eed1aa,132,HumanEval/146,long,alpha_renamed_auxiliary,metamorphic_auxiliary_only,False,32,0,64,ok,False,23,32,22ff026cfdcd17bcecb3bd6f9276365d77d40e41fe8dd753b356f3b9f7c0c4b0,b87260ccb4fc6bb3a7ef117c804cab7f9f70390fda05dbbd2153b1fa4c5e6a04,0ae84ead8882da8f4c0b13b84fc592ca16964f99cd0cb2a16689fce05754f3c6,385b7c847db4c476ece5f2378a6af3b267a514b692eb4d4389826debce5c557d,68f8c701553a6049af16957936c39befda04cc708e54754a99d03aefe136f24e,a459a84d089a51c62e680edbc0195b3b32472e66625faa662fffa49f5fc3f1f2,True,1.0,6.7307485359488055,0.11488112492952496,6.8456296608783305,6.857977511011995,True,True,False,UnitTestFailure,failed:
HumanEval-RandomSpanInfillingLight:146:79bb8acf49eed1aa|alpha_renamed_auxiliary|canvas=32|seed=1,HumanEval-RandomSpanInfillingLight:146:79bb8acf49eed1aa,132,HumanEval/146,long,alpha_renamed_auxiliary,metamorphic_auxiliary_only,False,32,1,64,ok,False,23,32,22ff026cfdcd17bcecb3bd6f9276365d77d40e41fe8dd753b356f3b9f7c0c4b0,b87260ccb4fc6bb3a7ef117c804cab7f9f70390fda05dbbd2153b1fa4c5e6a04,0ae84ead8882da8f4c0b13b84fc592ca16964f99cd0cb2a16689fce05754f3c6,385b7c847db4c476ece5f2378a6af3b267a514b692eb4d4389826debce5c557d,68f8c701553a6049af16957936c39befda04cc708e54754a99d03aefe136f24e,a459a84d089a51c62e680edbc0195b3b32472e66625faa662fffa49f5fc3f1f2,True,1.0,6.838188019930385,0.12293597881216556,6.961123998742551,6.971976037020795,True,True,False,UnitTestFailure,failed:
HumanEval-RandomSpanInfillingLight:146:79bb8acf49eed1aa|alpha_renamed_auxiliary|canvas=64|seed=0,HumanEval-RandomSpanInfillingLight:146:79bb8acf49eed1aa,132,HumanEval/146,long,alpha_renamed_auxiliary,metamorphic_auxiliary_only,False,64,0,64,ok,False,23,64,a7289537e8350a79e78789aa80f056e1cc69398d9b277dd8875694460332744c,47af282436ae53e224ae9f1e4e7a5f479fec5d00b9ebe0ee0354c410201b226a,56c8aacd2f156a9ea3268457591b6219aaef463cc8fa0c83a70d0f61ebfedbae,ab9ef0abb5c532ad286a201ca3102d08a4b526a14d272b2bd58b2fc785408822,93c7448bff3c827921f4bcb7d7137a278e50c09ae14e4974c348037cde975a08,4350430f358d871823d954bf704356c5fcbfac49cb2296dbf359e22bb75182d5,False,1.0,7.2098860159749165,0.1505923579679802,7.360478373942897,7.372094687074423,True,True,False,UnitTestFailure,"failed: 'in <string>' requires string as left operand, not int"
HumanEval-RandomSpanInfillingLight:146:79bb8acf49eed1aa|alpha_renamed_auxiliary|canvas=64|seed=1,HumanEval-RandomSpanInfillingLight:146:79bb8acf49eed1aa,132,HumanEval/146,long,alpha_renamed_auxiliary,metamorphic_auxiliary_only,False,64,1,64,ok,False,23,64,a7289537e8350a79e78789aa80f056e1cc69398d9b277dd8875694460332744c,47af282436ae53e224ae9f1e4e7a5f479fec5d00b9ebe0ee0354c410201b226a,56c8aacd2f156a9ea3268457591b6219aaef463cc8fa0c83a70d0f61ebfedbae,ab9ef0abb5c532ad286a201ca3102d08a4b526a14d272b2bd58b2fc785408822,93c7448bff3c827921f4bcb7d7137a278e50c09ae14e4974c348037cde975a08,4350430f358d871823d954bf704356c5fcbfac49cb2296dbf359e22bb75182d5,False,1.0,7.170608722022735,0.12923167599365115,7.299840398016386,7.312316981027834,True,True,False,UnitTestFailure,"failed: 'in <string>' requires string as left operand, not int"
HumanEval-RandomSpanInfillingLight:146:79bb8acf49eed1aa|alpha_renamed_auxiliary|canvas=128|seed=0,HumanEval-RandomSpanInfillingLight:146:79bb8acf49eed1aa,132,HumanEval/146,long,alpha_renamed_auxiliary,metamorphic_auxiliary_only,False,128,0,64,ok,False,23,128,fccc0a5d95fedb5ef33f3ded6c764772fb609af1bbe3697ad62372f4490c0baa,7b3b7195bd26b9db26d4d3f5c6e13f17bf800f977a596e29f3917d92bf4a5933,0dc2098389eafb95f4bc738afda520948b8412ed2d267078486a9856d63d72c8,d4d7f7345c860c7bae848b19c9de86777f21daf8f96275c87429ad736f57e7f6,f2bf41c4ef9e95fbd423571697b620b9a1a9c0750ef19defbe2dd47c5a9e2cc0,2e783c8352055cf641ded27712867edf5fa0da9ee603c5ca4dbc1e45dc4f7027,False,0.98828125,7.2804706550668925,0.14433195278979838,7.424802607856691,7.436713519040495,True,True,False,UnitTestFailure,failed: name 'phase5_local1' is not defined
HumanEval-RandomSpanInfillingLight:146:79bb8acf49eed1aa|alpha_renamed_auxiliary|canvas=128|seed=1,HumanEval-RandomSpanInfillingLight:146:79bb8acf49eed1aa,132,HumanEval/146,long,alpha_renamed_auxiliary,metamorphic_auxiliary_only,False,128,1,64,ok,False,23,128,fccc0a5d95fedb5ef33f3ded6c764772fb609af1bbe3697ad62372f4490c0baa,7b3b7195bd26b9db26d4d3f5c6e13f17bf800f977a596e29f3917d92bf4a5933,0dc2098389eafb95f4bc738afda520948b8412ed2d267078486a9856d63d72c8,d4d7f7345c860c7bae848b19c9de86777f21daf8f96275c87429ad736f57e7f6,f2bf41c4ef9e95fbd423571697b620b9a1a9c0750ef19defbe2dd47c5a9e2cc0,2e783c8352055cf641ded27712867edf5fa0da9ee603c5ca4dbc1e45dc4f7027,False,0.98828125,7.345671373070218,0.14883630094118416,7.494507674011402,7.517335175070912,True,True,False,UnitTestFailure,failed: name 'phase5_local1' is not defined
HumanEval-RandomSpanInfillingLight:147:94e62c0c801ab8d4|alpha_renamed_auxiliary|canvas=16|seed=0,HumanEval-RandomSpanInfillingLight:147:94e62c0c801ab8d4,133,HumanEval/147,extreme,alpha_renamed_auxiliary,metamorphic_auxiliary_only,False,16,0,64,ok,False,45,16,3d018a670901530044c76003b8966f58acd6e9841ce3e29defb318cac9320f5d,407a26799c919199b3700b82b6cda4d5582080a8dfeea1358f5fb23b565521f7,1e38b7ec98f54b54d6f7fb180890c74fc5f8646931c6494c6bc24e01e981588e,80a16ec27b445477a7275fd7d4afc0606d5b12038e5f7d62d49315e1b040966b,00a7f54725470c1f7c4f57d5507b9590b13f7ba9bfa10097d2947a7d9cba7b48,8a455ef1d2237d6204deb03540332e0ac7aab20a318e3dd15c78d1319dae08cb,True,0.99609375,7.188242463977076,0.15117935405578464,7.339421818032861,7.35972855403088,True,True,False,UnitTestFailure,failed:
HumanEval-RandomSpanInfillingLight:147:94e62c0c801ab8d4|alpha_renamed_auxiliary|canvas=16|seed=1,HumanEval-RandomSpanInfillingLight:147:94e62c0c801ab8d4,133,HumanEval/147,extreme,alpha_renamed_auxiliary,metamorphic_auxiliary_only,False,16,1,64,ok,False,45,16,3d018a670901530044c76003b8966f58acd6e9841ce3e29defb318cac9320f5d,407a26799c919199b3700b82b6cda4d5582080a8dfeea1358f5fb23b565521f7,1e38b7ec98f54b54d6f7fb180890c74fc5f8646931c6494c6bc24e01e981588e,80a16ec27b445477a7275fd7d4afc0606d5b12038e5f7d62d49315e1b040966b,00a7f54725470c1f7c4f57d5507b9590b13f7ba9bfa10097d2947a7d9cba7b48,8a455ef1d2237d6204deb03540332e0ac7aab20a318e3dd15c78d1319dae08cb,True,0.99609375,7.166391951031983,0.12856183003168553,7.294953781063668,7.308625528938137,True,True,False,UnitTestFailure,failed:
HumanEval-RandomSpanInfillingLight:147:94e62c0c801ab8d4|alpha_renamed_auxiliary|canvas=32|seed=0,HumanEval-RandomSpanInfillingLight:147:94e62c0c801ab8d4,133,HumanEval/147,extreme,alpha_renamed_auxiliary,metamorphic_auxiliary_only,False,32,0,64,ok,False,45,32,6a00d6d17a0fb623bc75031be764da22e891b67664d6cf921d6d10eb2672cffe,8ad4162b8e450c5f2067fb1fa4f25161f866280c53dda68d24646e2a2042e83f,7d6204f3600e8de358a5561362897b3cb1c9cb312ae2e1f73727abd01538fa88,19f7ea06e0b9641ded9d6c3e4c949a722047f0a22de4c81623612607d569c32a,cd4d5471200432b50d22a8687eaec954b58bf12a2bc86823535f0813ee9dfe79,7d79a9f2f045c3b0c10d2e247a416f5c8a2f1599cb6490856c6ea165fc591244,True,0.99609375,7.30198335298337,0.13401855912525207,7.4360019121086225,7.448732343968004,True,True,False,UnitTestFailure,failed:
HumanEval-RandomSpanInfillingLight:147:94e62c0c801ab8d4|alpha_renamed_auxiliary|canvas=32|seed=1,HumanEval-RandomSpanInfillingLight:147:94e62c0c801ab8d4,133,HumanEval/147,extreme,alpha_renamed_auxiliary,metamorphic_auxiliary_only,False,32,1,64,ok,False,45,32,6a00d6d17a0fb623bc75031be764da22e891b67664d6cf921d6d10eb2672cffe,8ad4162b8e450c5f2067fb1fa4f25161f866280c53dda68d24646e2a2042e83f,7d6204f3600e8de358a5561362897b3cb1c9cb312ae2e1f73727abd01538fa88,19f7ea06e0b9641ded9d6c3e4c949a722047f0a22de4c81623612607d569c32a,cd4d5471200432b50d22a8687eaec954b58bf12a2bc86823535f0813ee9dfe79,7d79a9f2f045c3b0c10d2e247a416f5c8a2f1599cb6490856c6ea165fc591244,True,0.99609375,7.3096800410421565,0.14173571288120002,7.4514157539233565,7.467063584947027,True,True,False,UnitTestFailure,failed:
HumanEval-RandomSpanInfillingLight:147:94e62c0c801ab8d4|alpha_renamed_auxiliary|canvas=64|seed=0,HumanEval-RandomSpanInfillingLight:147:94e62c0c801ab8d4,133,HumanEval/147,extreme,alpha_renamed_auxiliary,metamorphic_auxiliary_only,False,64,0,64,ok,False,45,64,8d4627e9a7896fa698e429670806b571ce1255010a32613d1fa2b0dcc469e66c,9ec740807343d13cd37650241fe992d2737e2451ad0bc01e32e3d1c9991dcd6f,a010be2c4c6b72f35db47bd880fc421b3904bcc4848d35e9678a570b104706f8,be564dc99c45d3c7d7c3591516f23fe58b2a11b8486127b51243e1a6fa44ccf3,68dfcad50b73d79ca48bd7e72718cf5bb03a1ac51e3000f6a749404f8a1c819d,788ed6587c931c9b7bfd4542aebdfbceab93fbdebde021dbdbcb6a686ac94c43,True,0.98046875,7.331263762898743,0.14028509706258774,7.471548859961331,7.485039561986923,True,True,False,UnitTestFailure,failed:
HumanEval-RandomSpanInfillingLight:147:94e62c0c801ab8d4|alpha_renamed_auxiliary|canvas=64|seed=1,HumanEval-RandomSpanInfillingLight:147:94e62c0c801ab8d4,133,HumanEval/147,extreme,alpha_renamed_auxiliary,metamorphic_auxiliary_only,False,64,1,64,ok,False,45,64,8d4627e9a7896fa698e429670806b571ce1255010a32613d1fa2b0dcc469e66c,9ec740807343d13cd37650241fe992d2737e2451ad0bc01e32e3d1c9991dcd6f,a010be2c4c6b72f35db47bd880fc421b3904bcc4848d35e9678a570b104706f8,be564dc99c45d3c7d7c3591516f23fe58b2a11b8486127b51243e1a6fa44ccf3,68dfcad50b73d79ca48bd7e72718cf5bb03a1ac51e3000f6a749404f8a1c819d,788ed6587c931c9b7bfd4542aebdfbceab93fbdebde021dbdbcb6a686ac94c43,True,0.98046875,7.338154639001004,0.12210226198658347,7.460256900987588,7.472475077956915,True,True,False,UnitTestFailure,failed:
HumanEval-RandomSpanInfillingLight:147:94e62c0c801ab8d4|alpha_renamed_auxiliary|canvas=128|seed=0,HumanEval-RandomSpanInfillingLight:147:94e62c0c801ab8d4,133,HumanEval/147,extreme,alpha_renamed_auxiliary,metamorphic_auxiliary_only,False,128,0,64,ok,False,45,128,8935a0171ac79071ffc36ce2dd4ed39eb8bc0f55ad3c10328b512a871827d3ad,c9ad8bdab232bd33e08d24476f2f827756a02db03f567481801dfb6ac2a47714,4cf45960c5f92d293142167ee3dc694579b30548a776786bd7b44e88dcdb5e4b,403828c506f5c110ad6df7ed8e9ae5a7e8eaae1dc92fdf12edd9a2bf883b0ea5,08396d2340621bbcfa0fb4200cdc4e26148ac6f38131ab2e9b5977895c422d65,f2a32fe8d4f54c477c8ae180b084ae5cbeab8cbcd375ae0d8402eec525828020,True,0.984375,7.93034721002914,0.1289299960481003,8.05927720607724,8.07339111098554,True,True,False,UnitTestFailure,failed:
HumanEval-RandomSpanInfillingLight:147:94e62c0c801ab8d4|alpha_renamed_auxiliary|canvas=128|seed=1,HumanEval-RandomSpanInfillingLight:147:94e62c0c801ab8d4,133,HumanEval/147,extreme,alpha_renamed_auxiliary,metamorphic_auxiliary_only,False,128,1,64,ok,False,45,128,8935a0171ac79071ffc36ce2dd4ed39eb8bc0f55ad3c10328b512a871827d3ad,c9ad8bdab232bd33e08d24476f2f827756a02db03f567481801dfb6ac2a47714,4cf45960c5f92d293142167ee3dc694579b30548a776786bd7b44e88dcdb5e4b,403828c506f5c110ad6df7ed8e9ae5a7e8eaae1dc92fdf12edd9a2bf883b0ea5,08396d2340621bbcfa0fb4200cdc4e26148ac6f38131ab2e9b5977895c422d65,f2a32fe8d4f54c477c8ae180b084ae5cbeab8cbcd375ae0d8402eec525828020,True,0.984375,7.95454221998807,0.11549477302469313,8.070036993012764,8.085542091052048,True,True,False,UnitTestFailure,failed:
HumanEval-RandomSpanInfillingLight:148:38cd7b90e9046591|alpha_renamed_auxiliary|canvas=16|seed=0,HumanEval-RandomSpanInfillingLight:148:38cd7b90e9046591,134,HumanEval/148,extreme,alpha_renamed_auxiliary,metamorphic_auxiliary_only,False,16,0,64,ok,False,88,16,e0dcc6c1539085a758724e3596e0e30bba09208c95afa4768b183dd1a6006a56,05114529937e3f9862ac403adb3e39e656346288f8245717fd793014ec5c9ea1,7603d1379c05f1a0bd1a8cea307821dded936df8f30bce4ddbdffc5de0dccb67,b9b5d7cea760af2655996e8893e22d2960673d1bb561401a5c0b90aa3f22c9b1,ee3dfea1dd2ee2d7dcf550a5c5ea942b5b47ef8912f58b2f5e1ff7b1a050ccfb,cb8c264ea7f1a6cc60ef2cb43ac188eeb5c345c46d07d3113966db847697f5d8,True,0.99609375,7.277081448002718,0.1453750579385087,7.422456505941227,7.435102739022113,True,True,False,UnitTestFailure,failed: name 'planets' is not defined
HumanEval-RandomSpanInfillingLight:148:38cd7b90e9046591|alpha_renamed_auxiliary|canvas=16|seed=1,HumanEval-RandomSpanInfillingLight:148:38cd7b90e9046591,134,HumanEval/148,extreme,alpha_renamed_auxiliary,metamorphic_auxiliary_only,False,16,1,64,ok,False,88,16,e0dcc6c1539085a758724e3596e0e30bba09208c95afa4768b183dd1a6006a56,05114529937e3f9862ac403adb3e39e656346288f8245717fd793014ec5c9ea1,7603d1379c05f1a0bd1a8cea307821dded936df8f30bce4ddbdffc5de0dccb67,b9b5d7cea760af2655996e8893e22d2960673d1bb561401a5c0b90aa3f22c9b1,ee3dfea1dd2ee2d7dcf550a5c5ea942b5b47ef8912f58b2f5e1ff7b1a050ccfb,cb8c264ea7f1a6cc60ef2cb43ac188eeb5c345c46d07d3113966db847697f5d8,True,0.99609375,7.306517724064179,0.14648709492757916,7.453004818991758,7.466556939994916,True,True,False,UnitTestFailure,failed: name 'planets' is not defined
HumanEval-RandomSpanInfillingLight:148:38cd7b90e9046591|alpha_renamed_auxiliary|canvas=32|seed=0,HumanEval-RandomSpanInfillingLight:148:38cd7b90e9046591,134,HumanEval/148,extreme,alpha_renamed_auxiliary,metamorphic_auxiliary_only,False,32,0,64,ok,False,88,32,b8e56019922f6f7227a3c220a999e3dcaaf0ee1285e14f8ccfcd8edfadf6bd4b,ecf9bb8bad9d1d6a7d905ae0bf69ef31ab6ba1d6edc16dded105cf7111bce0e8,80ded017a02771542d00e36d10b6d2f7364a54fb736c061a2e0cd8f3f4dbdd2b,f0589f38170fe83835ff1695e914c25eac94a35d39b38ecb9795c640f461b8f9,7a71e3a68e76e7bfbdd699c794bc3dd6c25657d7d9a0dfa9bc9b170a6b25d06a,495618660079079ff77d17d8040486b77817a98cbb51621ccfb884a2ed0a5216,True,0.99609375,7.353484112070873,0.14184964902233332,7.495333761093207,7.507712436025031,True,True,False,UnitTestFailure,failed: name 'phase5_local' is not defined
HumanEval-RandomSpanInfillingLight:148:38cd7b90e9046591|alpha_renamed_auxiliary|canvas=32|seed=1,HumanEval-RandomSpanInfillingLight:148:38cd7b90e9046591,134,HumanEval/148,extreme,alpha_renamed_auxiliary,metamorphic_auxiliary_only,False,32,1,64,ok,False,88,32,b8e56019922f6f7227a3c220a999e3dcaaf0ee1285e14f8ccfcd8edfadf6bd4b,ecf9bb8bad9d1d6a7d905ae0bf69ef31ab6ba1d6edc16dded105cf7111bce0e8,80ded017a02771542d00e36d10b6d2f7364a54fb736c061a2e0cd8f3f4dbdd2b,f0589f38170fe83835ff1695e914c25eac94a35d39b38ecb9795c640f461b8f9,7a71e3a68e76e7bfbdd699c794bc3dd6c25657d7d9a0dfa9bc9b170a6b25d06a,495618660079079ff77d17d8040486b77817a98cbb51621ccfb884a2ed0a5216,True,0.99609375,7.3194535210495815,0.13969878992065787,7.459152310970239,7.472832550993189,True,True,False,UnitTestFailure,failed: name 'phase5_local' is not defined
HumanEval-RandomSpanInfillingLight:148:38cd7b90e9046591|alpha_renamed_auxiliary|canvas=64|seed=0,HumanEval-RandomSpanInfillingLight:148:38cd7b90e9046591,134,HumanEval/148,extreme,alpha_renamed_auxiliary,metamorphic_auxiliary_only,False,64,0,64,ok,False,88,64,5957a8456fa8274cf833bf33fcda6c66ab2da7488898d14235220b7f6d00d485,ea6d4280b6b1317c4d58bf89c59075a8792b40a9a9e1b0ac976313d9290ca581,e29cec434655640b6c908a282e0ac6b95eaf6d5cf87df0c8dc04ed898f7d8554,3d165dd00b838315eafd783f7903d56413478b43b3fd12de8631aa6dbeb94658,795c58fa5ed30dcafb901946ff15832c35eb6953181e79c24e61846f39eb5335,850e08506389737351dcde86ce4d7b772c901b4a4f72b4dfb33f7242bdbcf3e4,True,0.99609375,7.332647001952864,0.1343986130086705,7.467045614961535,7.4836682280292735,True,True,False,UnitTestFailure,failed: First test error: 2
HumanEval-RandomSpanInfillingLight:148:38cd7b90e9046591|alpha_renamed_auxiliary|canvas=64|seed=1,HumanEval-RandomSpanInfillingLight:148:38cd7b90e9046591,134,HumanEval/148,extreme,alpha_renamed_auxiliary,metamorphic_auxiliary_only,False,64,1,64,ok,False,88,64,5957a8456fa8274cf833bf33fcda6c66ab2da7488898d14235220b7f6d00d485,ea6d4280b6b1317c4d58bf89c59075a8792b40a9a9e1b0ac976313d9290ca581,e29cec434655640b6c908a282e0ac6b95eaf6d5cf87df0c8dc04ed898f7d8554,3d165dd00b838315eafd783f7903d56413478b43b3fd12de8631aa6dbeb94658,795c58fa5ed30dcafb901946ff15832c35eb6953181e79c24e61846f39eb5335,850e08506389737351dcde86ce4d7b772c901b4a4f72b4dfb33f7242bdbcf3e4,True,0.99609375,7.3523631220450625,0.11723405111115426,7.469597173156217,7.48592757305596,True,True,False,UnitTestFailure,failed: First test error: 2
HumanEval-RandomSpanInfillingLight:148:38cd7b90e9046591|alpha_renamed_auxiliary|canvas=128|seed=0,HumanEval-RandomSpanInfillingLight:148:38cd7b90e9046591,134,HumanEval/148,extreme,alpha_renamed_auxiliary,metamorphic_auxiliary_only,False,128,0,64,ok,False,88,128,a75f4ac903089a904a4cab956eb12363c2f9dd90a7eb994cd491286779d1aa91,64d05f7148454b1ba5c04c835b9ff728366eb2bcfd6fe93b70ba52059cba069a,bd51647af5ffcd90e8e165f280a5a5eb12637d71ad9173f6f00ad81d03597120,a3994c2a2e1e3cd97952d5396a68630c69b8a33270531596042cd75ed56d962b,08e9693d80feb79dcdff9a01b64ca52c099e1345cb974bb80158b0baa446a62f,59ed17bfbd509c9202b3fa4569450a1323deb39a05dacfec458e253d5a473049,True,0.9921875,7.997704694978893,0.14754853397607803,8.14525322895497,8.158114720019512,True,True,False,UnitTestFailure,failed: First test error: 2
HumanEval-RandomSpanInfillingLight:148:38cd7b90e9046591|alpha_renamed_auxiliary|canvas=128|seed=1,HumanEval-RandomSpanInfillingLight:148:38cd7b90e9046591,134,HumanEval/148,extreme,alpha_renamed_auxiliary,metamorphic_auxiliary_only,False,128,1,64,ok,False,88,128,a75f4ac903089a904a4cab956eb12363c2f9dd90a7eb994cd491286779d1aa91,64d05f7148454b1ba5c04c835b9ff728366eb2bcfd6fe93b70ba52059cba069a,bd51647af5ffcd90e8e165f280a5a5eb12637d71ad9173f6f00ad81d03597120,a3994c2a2e1e3cd97952d5396a68630c69b8a33270531596042cd75ed56d962b,08e9693d80feb79dcdff9a01b64ca52c099e1345cb974bb80158b0baa446a62f,59ed17bfbd509c9202b3fa4569450a1323deb39a05dacfec458e253d5a473049,True,0.9921875,7.965581923024729,0.14237687003333122,8.10795879305806,8.120421487023123,True,True,False,UnitTestFailure,failed: First test error: 2
HumanEval-RandomSpanInfillingLight:150:3d1ca374d4fb88cf|alpha_renamed_auxiliary|canvas=16|seed=0,HumanEval-RandomSpanInfillingLight:150:3d1ca374d4fb88cf,135,HumanEval/150,extreme,alpha_renamed_auxiliary,metamorphic_auxiliary_only,False,16,0,64,ok,False,27,16,2afa71ce4986dff25f279e4dfb4c10a62d2a2ae3bf9825fbed8de071f63ca54c,4fbc14cf3dca3bf57e57dc217dfc17808d0864cbb8353face5b7a59a4d827920,4eb4378faf09ff3e71ce3c61416d6ccae0f40f2cbf88afaf180495f07dacc706,2afa71ce4986dff25f279e4dfb4c10a62d2a2ae3bf9825fbed8de071f63ca54c,4fbc14cf3dca3bf57e57dc217dfc17808d0864cbb8353face5b7a59a4d827920,4eb4378faf09ff3e71ce3c61416d6ccae0f40f2cbf88afaf180495f07dacc706,True,0.9921875,5.347939210012555,0.14191340189427137,5.4898526119068265,5.502420905977488,True,True,False,UnitTestFailure,failed:
HumanEval-RandomSpanInfillingLight:150:3d1ca374d4fb88cf|alpha_renamed_auxiliary|canvas=16|seed=1,HumanEval-RandomSpanInfillingLight:150:3d1ca374d4fb88cf,135,HumanEval/150,extreme,alpha_renamed_auxiliary,metamorphic_auxiliary_only,False,16,1,64,ok,False,27,16,2afa71ce4986dff25f279e4dfb4c10a62d2a2ae3bf9825fbed8de071f63ca54c,4fbc14cf3dca3bf57e57dc217dfc17808d0864cbb8353face5b7a59a4d827920,4eb4378faf09ff3e71ce3c61416d6ccae0f40f2cbf88afaf180495f07dacc706,2afa71ce4986dff25f279e4dfb4c10a62d2a2ae3bf9825fbed8de071f63ca54c,4fbc14cf3dca3bf57e57dc217dfc17808d0864cbb8353face5b7a59a4d827920,4eb4378faf09ff3e71ce3c61416d6ccae0f40f2cbf88afaf180495f07dacc706,True,0.9921875,5.338238385971636,0.14778145600575954,5.486019841977395,5.49726934696082,True,True,False,UnitTestFailure,failed:
HumanEval-RandomSpanInfillingLight:150:3d1ca374d4fb88cf|alpha_renamed_auxiliary|canvas=32|seed=0,HumanEval-RandomSpanInfillingLight:150:3d1ca374d4fb88cf,135,HumanEval/150,extreme,alpha_renamed_auxiliary,metamorphic_auxiliary_only,False,32,0,64,ok,True,27,32,e66b636518d981ec1c610e9200037cb9c43d827ead9f3e8edf99de3c50e341fd,a96c75646149a739c558b7c8b7a767f8b20f782ca5ebdad980d786f16a6023ca,8f8d4143c5cc2dd7b99c8cfd51a3f91e53f67299596539031b30c116dec1aba2,e66b636518d981ec1c610e9200037cb9c43d827ead9f3e8edf99de3c50e341fd,a96c75646149a739c558b7c8b7a767f8b20f782ca5ebdad980d786f16a6023ca,8f8d4143c5cc2dd7b99c8cfd51a3f91e53f67299596539031b30c116dec1aba2,True,0.9921875,5.377830310957506,0.14109656505752355,5.51892687601503,5.528080157004297,True,True,True,,
HumanEval-RandomSpanInfillingLight:150:3d1ca374d4fb88cf|alpha_renamed_auxiliary|canvas=32|seed=1,HumanEval-RandomSpanInfillingLight:150:3d1ca374d4fb88cf,135,HumanEval/150,extreme,alpha_renamed_auxiliary,metamorphic_auxiliary_only,False,32,1,64,ok,True,27,32,e66b636518d981ec1c610e9200037cb9c43d827ead9f3e8edf99de3c50e341fd,a96c75646149a739c558b7c8b7a767f8b20f782ca5ebdad980d786f16a6023ca,8f8d4143c5cc2dd7b99c8cfd51a3f91e53f67299596539031b30c116dec1aba2,e66b636518d981ec1c610e9200037cb9c43d827ead9f3e8edf99de3c50e341fd,a96c75646149a739c558b7c8b7a767f8b20f782ca5ebdad980d786f16a6023ca,8f8d4143c5cc2dd7b99c8cfd51a3f91e53f67299596539031b30c116dec1aba2,True,0.9921875,5.38814653607551,0.12528522196225822,5.513431758037768,5.525086177047342,True,True,True,,
HumanEval-RandomSpanInfillingLight:150:3d1ca374d4fb88cf|alpha_renamed_auxiliary|canvas=64|seed=0,HumanEval-RandomSpanInfillingLight:150:3d1ca374d4fb88cf,135,HumanEval/150,extreme,alpha_renamed_auxiliary,metamorphic_auxiliary_only,False,64,0,64,ok,False,27,64,d8f5433ec43599148a39fe2afebfaf539c47424ee27fe80365f73a01a0d3c0f0,2b6203373bdb6313dbf1bb51f3eeb2a018c7f9cc2403d7d26a52689faadb9ad5,cd156056a9451f4471d5e032afcd3d5e36b86bb7fcca0df51ff28758b2297280,d8f5433ec43599148a39fe2afebfaf539c47424ee27fe80365f73a01a0d3c0f0,2b6203373bdb6313dbf1bb51f3eeb2a018c7f9cc2403d7d26a52689faadb9ad5,cd156056a9451f4471d5e032afcd3d5e36b86bb7fcca0df51ff28758b2297280,True,0.99609375,5.5238622550386935,0.14802449115086347,5.671886746189557,5.681885657017119,True,True,False,UnitTestFailure,failed:
HumanEval-RandomSpanInfillingLight:150:3d1ca374d4fb88cf|alpha_renamed_auxiliary|canvas=64|seed=1,HumanEval-RandomSpanInfillingLight:150:3d1ca374d4fb88cf,135,HumanEval/150,extreme,alpha_renamed_auxiliary,metamorphic_auxiliary_only,False,64,1,64,ok,False,27,64,d8f5433ec43599148a39fe2afebfaf539c47424ee27fe80365f73a01a0d3c0f0,2b6203373bdb6313dbf1bb51f3eeb2a018c7f9cc2403d7d26a52689faadb9ad5,cd156056a9451f4471d5e032afcd3d5e36b86bb7fcca0df51ff28758b2297280,d8f5433ec43599148a39fe2afebfaf539c47424ee27fe80365f73a01a0d3c0f0,2b6203373bdb6313dbf1bb51f3eeb2a018c7f9cc2403d7d26a52689faadb9ad5,cd156056a9451f4471d5e032afcd3d5e36b86bb7fcca0df51ff28758b2297280,True,0.99609375,5.486857549985871,0.14756702107843012,5.634424571064301,5.642757760942914,True,True,False,UnitTestFailure,failed:
HumanEval-RandomSpanInfillingLight:150:3d1ca374d4fb88cf|alpha_renamed_auxiliary|canvas=128|seed=0,HumanEval-RandomSpanInfillingLight:150:3d1ca374d4fb88cf,135,HumanEval/150,extreme,alpha_renamed_auxiliary,metamorphic_auxiliary_only,False,128,0,64,ok,False,27,128,0ea54308e97ca037f15347a65835338007fc162ca50b6face996a3177affb716,a3392e9920aa33542ad164fa3411b35dee256254fbed45dc29957ff7d6daf57c,10f13c74f3390ee9a88e89e806833827424af129d9b08301723c5627b90e52fe,0ea54308e97ca037f15347a65835338007fc162ca50b6face996a3177affb716,a3392e9920aa33542ad164fa3411b35dee256254fbed45dc29957ff7d6daf57c,10f13c74f3390ee9a88e89e806833827424af129d9b08301723c5627b90e52fe,True,0.9921875,5.923939405940473,0.15136636095121503,6.075305766891688,6.084208113024943,True,True,False,UnitTestFailure,failed:
HumanEval-RandomSpanInfillingLight:150:3d1ca374d4fb88cf|alpha_renamed_auxiliary|canvas=128|seed=1,HumanEval-RandomSpanInfillingLight:150:3d1ca374d4fb88cf,135,HumanEval/150,extreme,alpha_renamed_auxiliary,metamorphic_auxiliary_only,False,128,1,64,ok,False,27,128,0ea54308e97ca037f15347a65835338007fc162ca50b6face996a3177affb716,a3392e9920aa33542ad164fa3411b35dee256254fbed45dc29957ff7d6daf57c,10f13c74f3390ee9a88e89e806833827424af129d9b08301723c5627b90e52fe,0ea54308e97ca037f15347a65835338007fc162ca50b6face996a3177affb716,a3392e9920aa33542ad164fa3411b35dee256254fbed45dc29957ff7d6daf57c,10f13c74f3390ee9a88e89e806833827424af129d9b08301723c5627b90e52fe,True,0.9921875,5.916767050046474,0.14100072102155536,6.057767771068029,6.070483105024323,True,True,False,UnitTestFailure,failed:
HumanEval-RandomSpanInfillingLight:151:4c790326085f95cb|alpha_renamed_auxiliary|canvas=16|seed=0,HumanEval-RandomSpanInfillingLight:151:4c790326085f95cb,136,HumanEval/151,long,alpha_renamed_auxiliary,metamorphic_auxiliary_only,False,16,0,64,ok,False,17,16,33827464a303a4bdb8da0660940fc4d63ca3291b47574419d3816dda592e2550,eff59791d9f5f83d3864cf0166ce626d5f370919b8681e23b181f2bc3a785e44,66e26eb0933f442411baaa4a83894578cc7ce25cccf6fe2420c2ab4c2a585fce,05cc2fa82cc69bb8491a7206499ef1d7a407fe7937dfa3b79112cc8322d55371,9c1a9d7f20cd0db5890096e1c1279d92ac2fea643decf369acb6fabcd2e53fe6,f4b61e7a7aac74b123fff421931d1185fe4ac290c34dcbd48ff4697dcd9770c3,True,0.9921875,5.6228552520042285,0.13871901587117463,5.761574267875403,5.7741120690479875,True,True,False,UnitTestFailure,failed: This prints if this assert fails 5 (also good for debugging!)
HumanEval-RandomSpanInfillingLight:151:4c790326085f95cb|alpha_renamed_auxiliary|canvas=16|seed=1,HumanEval-RandomSpanInfillingLight:151:4c790326085f95cb,136,HumanEval/151,long,alpha_renamed_auxiliary,metamorphic_auxiliary_only,False,16,1,64,ok,False,17,16,33827464a303a4bdb8da0660940fc4d63ca3291b47574419d3816dda592e2550,eff59791d9f5f83d3864cf0166ce626d5f370919b8681e23b181f2bc3a785e44,66e26eb0933f442411baaa4a83894578cc7ce25cccf6fe2420c2ab4c2a585fce,05cc2fa82cc69bb8491a7206499ef1d7a407fe7937dfa3b79112cc8322d55371,9c1a9d7f20cd0db5890096e1c1279d92ac2fea643decf369acb6fabcd2e53fe6,f4b61e7a7aac74b123fff421931d1185fe4ac290c34dcbd48ff4697dcd9770c3,True,0.9921875,5.598521356005222,0.13853090908378363,5.737052265089005,5.7462922799168155,True,True,False,UnitTestFailure,failed: This prints if this assert fails 5 (also good for debugging!)
HumanEval-RandomSpanInfillingLight:151:4c790326085f95cb|alpha_renamed_auxiliary|canvas=32|seed=0,HumanEval-RandomSpanInfillingLight:151:4c790326085f95cb,136,HumanEval/151,long,alpha_renamed_auxiliary,metamorphic_auxiliary_only,False,32,0,64,ok,False,17,32,c17b8a85cceeb23688a09376cca688688becdabd939501d8b535039e7e6a3133,e150a1bd81ada67c451712c5c92c937225294c1bfaae45b8b084d208be82a945,,568136a45c774a4468b0ff3b757037d65aa964ad7c6db1efe3ec0537526c98a9,8727a5de7ea26c8beb4be3d4c29ecc7c0b6b6e8781488eedf679d2f21a657977,,True,0.98828125,5.900510502979159,0.00039234606083482504,5.900902849039994,5.915116276941262,False,False,False,SyntaxError,"Missing parentheses in call to 'print'. Did you mean print(...)? (<unknown>, line 18)"
HumanEval-RandomSpanInfillingLight:151:4c790326085f95cb|alpha_renamed_auxiliary|canvas=32|seed=1,HumanEval-RandomSpanInfillingLight:151:4c790326085f95cb,136,HumanEval/151,long,alpha_renamed_auxiliary,metamorphic_auxiliary_only,False,32,1,64,ok,False,17,32,c17b8a85cceeb23688a09376cca688688becdabd939501d8b535039e7e6a3133,e150a1bd81ada67c451712c5c92c937225294c1bfaae45b8b084d208be82a945,,568136a45c774a4468b0ff3b757037d65aa964ad7c6db1efe3ec0537526c98a9,8727a5de7ea26c8beb4be3d4c29ecc7c0b6b6e8781488eedf679d2f21a657977,,True,0.98828125,5.875716243986972,0.00017686095088720322,5.875893104937859,5.885261351009831,False,False,False,SyntaxError,"Missing parentheses in call to 'print'. Did you mean print(...)? (<unknown>, line 18)"
HumanEval-RandomSpanInfillingLight:151:4c790326085f95cb|alpha_renamed_auxiliary|canvas=64|seed=0,HumanEval-RandomSpanInfillingLight:151:4c790326085f95cb,136,HumanEval/151,long,alpha_renamed_auxiliary,metamorphic_auxiliary_only,False,64,0,64,ok,False,17,64,e9097af0dc24d37568f52b22a035e06dae28a400a296c8fcec81bf2fe3c4db37,babb83fe1e7cd47ea592b368434f1af1758150afd26490ca2bd7bc8dae4b878e,,681af24d1c6466af26ede703d096d36744755722f8f4b7244b1a8a538a6d8bb3,49bd5995bfa8e944c0307b47a4a7a26595881253fe2e9f4292f82cdcf3312dda,,True,0.984375,5.922324982006103,0.00014562602154910564,5.922470608027652,5.932991400011815,False,False,False,SyntaxError,"Missing parentheses in call to 'print'. Did you mean print(...)? (<unknown>, line 17)"
HumanEval-RandomSpanInfillingLight:151:4c790326085f95cb|alpha_renamed_auxiliary|canvas=64|seed=1,HumanEval-RandomSpanInfillingLight:151:4c790326085f95cb,136,HumanEval/151,long,alpha_renamed_auxiliary,metamorphic_auxiliary_only,False,64,1,64,ok,False,17,64,e9097af0dc24d37568f52b22a035e06dae28a400a296c8fcec81bf2fe3c4db37,babb83fe1e7cd47ea592b368434f1af1758150afd26490ca2bd7bc8dae4b878e,,681af24d1c6466af26ede703d096d36744755722f8f4b7244b1a8a538a6d8bb3,49bd5995bfa8e944c0307b47a4a7a26595881253fe2e9f4292f82cdcf3312dda,,True,0.984375,5.912499362020753,0.00016541499644517899,5.9126647770171985,5.918100456008688,False,False,False,SyntaxError,"Missing parentheses in call to 'print'. Did you mean print(...)? (<unknown>, line 17)"
HumanEval-RandomSpanInfillingLight:151:4c790326085f95cb|alpha_renamed_auxiliary|canvas=128|seed=0,HumanEval-RandomSpanInfillingLight:151:4c790326085f95cb,136,HumanEval/151,long,alpha_renamed_auxiliary,metamorphic_auxiliary_only,False,128,0,64,ok,False,17,128,2d29397bde503b6229fde89adbcfcef6c65000c32f5e7516339872cc11a6c4c9,ee0f5df42cd3b061a5b538dae2ffb0e508d841e1f8036dbc5d893837290d7b29,,3ef238bc29844b3142fd5974cb4c23ea121aa4a23ec8ec3364c889eee7429829,b81cca6c3604fb023eb9d8c17aa5588d6f6a5a75b9dccfb41bf64b2ca037b30c,,True,0.984375,7.321658314089291,0.00015080394223332405,7.321809118031524,7.330799117917195,False,False,False,SyntaxError,"Missing parentheses in call to 'print'. Did you mean print(...)? (<unknown>, line 17)"
HumanEval-RandomSpanInfillingLight:151:4c790326085f95cb|alpha_renamed_auxiliary|canvas=128|seed=1,HumanEval-RandomSpanInfillingLight:151:4c790326085f95cb,136,HumanEval/151,long,alpha_renamed_auxiliary,metamorphic_auxiliary_only,False,128,1,64,ok,False,17,128,2d29397bde503b6229fde89adbcfcef6c65000c32f5e7516339872cc11a6c4c9,ee0f5df42cd3b061a5b538dae2ffb0e508d841e1f8036dbc5d893837290d7b29,,3ef238bc29844b3142fd5974cb4c23ea121aa4a23ec8ec3364c889eee7429829,b81cca6c3604fb023eb9d8c17aa5588d6f6a5a75b9dccfb41bf64b2ca037b30c,,True,0.984375,7.339338271995075,0.000308216898702085,7.339646488893777,7.347822775016539,False,False,False,SyntaxError,"Missing parentheses in call to 'print'. Did you mean print(...)? (<unknown>, line 17)"
HumanEval-RandomSpanInfillingLight:152:fc8d9677f7d12a4b|alpha_renamed_auxiliary|canvas=16|seed=0,HumanEval-RandomSpanInfillingLight:152:fc8d9677f7d12a4b,137,HumanEval/152,medium,alpha_renamed_auxiliary,metamorphic_auxiliary_only,False,16,0,64,ok,False,9,16,1cc56d25c84dba8228463b0a6a4587b0265f631e21bef51ef5dbddb57d553274,86e6186cdae794a38a1fec85c036e430bf47048b4d7ad20a7fbd4a413e9dc53a,,81470234d7eb570d61cc734a7f137073f94b7cfb89d46ea5ab2fa9f77543cfff,66dc53ed60dd079130ed274d3b8780795bcc8e59f65267d04e100eff89f221b3,,True,0.9921875,7.063278811983764,0.00021790899336338043,7.0634967209771276,7.071135254926048,False,False,False,SyntaxError,"invalid syntax (<unknown>, line 18)"
HumanEval-RandomSpanInfillingLight:152:fc8d9677f7d12a4b|alpha_renamed_auxiliary|canvas=16|seed=1,HumanEval-RandomSpanInfillingLight:152:fc8d9677f7d12a4b,137,HumanEval/152,medium,alpha_renamed_auxiliary,metamorphic_auxiliary_only,False,16,1,64,ok,False,9,16,1cc56d25c84dba8228463b0a6a4587b0265f631e21bef51ef5dbddb57d553274,86e6186cdae794a38a1fec85c036e430bf47048b4d7ad20a7fbd4a413e9dc53a,,81470234d7eb570d61cc734a7f137073f94b7cfb89d46ea5ab2fa9f77543cfff,66dc53ed60dd079130ed274d3b8780795bcc8e59f65267d04e100eff89f221b3,,True,0.9921875,7.068057619966567,0.0003032999811694026,7.068360919947736,7.08093713701237,False,False,False,SyntaxError,"invalid syntax (<unknown>, line 18)"
HumanEval-RandomSpanInfillingLight:152:fc8d9677f7d12a4b|alpha_renamed_auxiliary|canvas=32|seed=0,HumanEval-RandomSpanInfillingLight:152:fc8d9677f7d12a4b,137,HumanEval/152,medium,alpha_renamed_auxiliary,metamorphic_auxiliary_only,False,32,0,64,ok,False,9,32,c2f51974dfab771eb6155fde1b86df3a902f59d6bdd906f042ade47e4e53dfc7,442eace559d361c37234d2968c3a960ebf7bdd36d376676d70934170117258f3,43093af647c489cb317f82bc7feef8f05c0c817a1f9031d05ba0d1588f9483e6,236bb6ae7102b7c12fd05628edc9e0072cbf7c54ee717594a7501f5b9d55cb76,7a226340adc4020bd3936ac381d088e138cb99ca30fc8d3cafe59116e230d4c7,de563d6ccff5719b5aa56b5901a3d92fce1ac2c9e9b50ce3c893f69049bee959,True,0.984375,7.2675780929857865,0.1375852309865877,7.405163323972374,7.417541369097307,True,True,False,UnitTestFailure,failed: This prints if this assert fails 1 (good for debugging!)
HumanEval-RandomSpanInfillingLight:152:fc8d9677f7d12a4b|alpha_renamed_auxiliary|canvas=32|seed=1,HumanEval-RandomSpanInfillingLight:152:fc8d9677f7d12a4b,137,HumanEval/152,medium,alpha_renamed_auxiliary,metamorphic_auxiliary_only,False,32,1,64,ok,False,9,32,c2f51974dfab771eb6155fde1b86df3a902f59d6bdd906f042ade47e4e53dfc7,442eace559d361c37234d2968c3a960ebf7bdd36d376676d70934170117258f3,43093af647c489cb317f82bc7feef8f05c0c817a1f9031d05ba0d1588f9483e6,236bb6ae7102b7c12fd05628edc9e0072cbf7c54ee717594a7501f5b9d55cb76,7a226340adc4020bd3936ac381d088e138cb99ca30fc8d3cafe59116e230d4c7,de563d6ccff5719b5aa56b5901a3d92fce1ac2c9e9b50ce3c893f69049bee959,True,0.984375,7.230863053002395,0.1429238049313426,7.373786857933737,7.388836440979503,True,True,False,UnitTestFailure,failed: This prints if this assert fails 1 (good for debugging!)
HumanEval-RandomSpanInfillingLight:152:fc8d9677f7d12a4b|alpha_renamed_auxiliary|canvas=64|seed=0,HumanEval-RandomSpanInfillingLight:152:fc8d9677f7d12a4b,137,HumanEval/152,medium,alpha_renamed_auxiliary,metamorphic_auxiliary_only,False,64,0,64,ok,True,9,64,9ec2e61eb35d33a524593214a6bc700686d3f835dc6dace3042ff556fdb12d76,16583989580c34e120aa30e38b88553bd77eaa4f0270672c2efd3d43d7e4f719,96769af14f567cf791dfd8bfdb31fb3b50cda72ed62486e1ee429cfd4cd805a6,fd6337f851c4b5c40190e3b841e098d10992a09f7989a17c6363314aef8d5387,bb223c45cf1ebaf7bad5d443f131a11c6f099ce2c5bf9ac3ede4f9ade603dd19,e81995b0d4ecafca3d3d2f5597365a2f3b4e677c19bc34cb22eb5b167bbff743,False,0.9765625,7.358110224944539,0.15285213594324887,7.510962360887788,7.527609601034783,True,True,True,,
HumanEval-RandomSpanInfillingLight:152:fc8d9677f7d12a4b|alpha_renamed_auxiliary|canvas=64|seed=1,HumanEval-RandomSpanInfillingLight:152:fc8d9677f7d12a4b,137,HumanEval/152,medium,alpha_renamed_auxiliary,metamorphic_auxiliary_only,False,64,1,64,ok,True,9,64,9ec2e61eb35d33a524593214a6bc700686d3f835dc6dace3042ff556fdb12d76,16583989580c34e120aa30e38b88553bd77eaa4f0270672c2efd3d43d7e4f719,96769af14f567cf791dfd8bfdb31fb3b50cda72ed62486e1ee429cfd4cd805a6,fd6337f851c4b5c40190e3b841e098d10992a09f7989a17c6363314aef8d5387,bb223c45cf1ebaf7bad5d443f131a11c6f099ce2c5bf9ac3ede4f9ade603dd19,e81995b0d4ecafca3d3d2f5597365a2f3b4e677c19bc34cb22eb5b167bbff743,False,0.9765625,7.355571185937151,0.12749254901427776,7.483063734951429,7.493351926095784,True,True,True,,
HumanEval-RandomSpanInfillingLight:152:fc8d9677f7d12a4b|alpha_renamed_auxiliary|canvas=128|seed=0,HumanEval-RandomSpanInfillingLight:152:fc8d9677f7d12a4b,137,HumanEval/152,medium,alpha_renamed_auxiliary,metamorphic_auxiliary_only,False,128,0,64,ok,False,9,128,c5b795b287ffd5124a2ac3d045151c0c94521fb09d732a77271d5538b9d65aaf,67a57a0c1d652e630a42be69b61e4e10d126749cba3f36dc9390c8bb6cbf3f1a,,071aaffa82c3e9ffaaa9187ebf89f980af6989fb9c147525faf4a51315e770d6,53bf9811278f93aa2f058670b4976b3d4d6976ac1f7aa650eb0b3cfc70222b79,,False,0.95703125,7.86520097090397,0.000100853038020432,7.865301823941991,7.876770640024915,False,False,False,SyntaxError,"unterminated triple-quoted string literal (detected at line 29) (<unknown>, line 21)"
HumanEval-RandomSpanInfillingLight:152:fc8d9677f7d12a4b|alpha_renamed_auxiliary|canvas=128|seed=1,HumanEval-RandomSpanInfillingLight:152:fc8d9677f7d12a4b,137,HumanEval/152,medium,alpha_renamed_auxiliary,metamorphic_auxiliary_only,False,128,1,64,ok,False,9,128,c5b795b287ffd5124a2ac3d045151c0c94521fb09d732a77271d5538b9d65aaf,67a57a0c1d652e630a42be69b61e4e10d126749cba3f36dc9390c8bb6cbf3f1a,,071aaffa82c3e9ffaaa9187ebf89f980af6989fb9c147525faf4a51315e770d6,53bf9811278f93aa2f058670b4976b3d4d6976ac1f7aa650eb0b3cfc70222b79,,False,0.95703125,7.895468111964874,0.00019090098794549704,7.8956590129528195,7.9026871810201555,False,False,False,SyntaxError,"unterminated triple-quoted string literal (detected at line 29) (<unknown>, line 21)"
HumanEval-RandomSpanInfillingLight:154:fbd8c83b865f5c99|alpha_renamed_auxiliary|canvas=16|seed=0,HumanEval-RandomSpanInfillingLight:154:fbd8c83b865f5c99,138,HumanEval/154,medium,alpha_renamed_auxiliary,metamorphic_auxiliary_only,False,16,0,64,ok,False,15,16,04a544e0e0d9b8dccdd18ed6d134360539241fda3a99f46a99a4173e9d42eb21,65a59a49804700d3f0a72dcc913e88e17af80bb337adb82f9ac3db47318ce074,14ccf8b62d3f9e227b8e46e81a61c4436ddae5095390f86af3549d7e6bf754d7,71334386f3808d26e011cb45ccd0641a06b1ac10e4cd557c84bca0cf7d49216e,1296d18cbf14da588c5fad06fbabcf36108decf1c7350bad4ecef51c178c3ae5,c43b68e7f784198fb8f6ead00b0297f6b75ed93597738a22335c6c3a36b669e7,True,0.9921875,5.875217919936404,0.14778747304808348,6.023005392984487,6.031196280033328,True,True,False,UnitTestFailure,failed: test #1
HumanEval-RandomSpanInfillingLight:154:fbd8c83b865f5c99|alpha_renamed_auxiliary|canvas=16|seed=1,HumanEval-RandomSpanInfillingLight:154:fbd8c83b865f5c99,138,HumanEval/154,medium,alpha_renamed_auxiliary,metamorphic_auxiliary_only,False,16,1,64,ok,False,15,16,04a544e0e0d9b8dccdd18ed6d134360539241fda3a99f46a99a4173e9d42eb21,65a59a49804700d3f0a72dcc913e88e17af80bb337adb82f9ac3db47318ce074,14ccf8b62d3f9e227b8e46e81a61c4436ddae5095390f86af3549d7e6bf754d7,71334386f3808d26e011cb45ccd0641a06b1ac10e4cd557c84bca0cf7d49216e,1296d18cbf14da588c5fad06fbabcf36108decf1c7350bad4ecef51c178c3ae5,c43b68e7f784198fb8f6ead00b0297f6b75ed93597738a22335c6c3a36b669e7,True,0.9921875,5.857892861007713,0.13962146185804158,5.997514322865754,6.00882689806167,True,True,False,UnitTestFailure,failed: test #1
HumanEval-RandomSpanInfillingLight:154:fbd8c83b865f5c99|alpha_renamed_auxiliary|canvas=32|seed=0,HumanEval-RandomSpanInfillingLight:154:fbd8c83b865f5c99,138,HumanEval/154,medium,alpha_renamed_auxiliary,metamorphic_auxiliary_only,False,32,0,64,ok,False,15,32,e068ef2d2b22889e4fafe752c2db3bcde264d8604a25e5354340a949f8defb5b,3d4d747cdcf683fbc8dedb59d79f022496bc38b8e13f4369dadbd3666473cab1,4a545a46185159673018e28849044cc3f8ff811813bf1ee4127391e5801fe673,9f394ed746b09e9d92e8f19b060cb3bdf13d309fef7a835b5a345324adb28afd,4d2c73dcd9b7616597949635e3c0fc4e1d2d6c9dfa8482195f2a81040e464745,cf794cd723f244c9ef0ddf1415faa9c8baa70f4f101409b43fbef5a38aef8980,True,0.9921875,5.873353151022457,0.12869557575322688,6.0020487267756835,6.011115206987597,True,True,False,UnitTestFailure,failed: test #0
HumanEval-RandomSpanInfillingLight:154:fbd8c83b865f5c99|alpha_renamed_auxiliary|canvas=32|seed=1,HumanEval-RandomSpanInfillingLight:154:fbd8c83b865f5c99,138,HumanEval/154,medium,alpha_renamed_auxiliary,metamorphic_auxiliary_only,False,32,1,64,ok,False,15,32,e068ef2d2b22889e4fafe752c2db3bcde264d8604a25e5354340a949f8defb5b,3d4d747cdcf683fbc8dedb59d79f022496bc38b8e13f4369dadbd3666473cab1,4a545a46185159673018e28849044cc3f8ff811813bf1ee4127391e5801fe673,9f394ed746b09e9d92e8f19b060cb3bdf13d309fef7a835b5a345324adb28afd,4d2c73dcd9b7616597949635e3c0fc4e1d2d6c9dfa8482195f2a81040e464745,cf794cd723f244c9ef0ddf1415faa9c8baa70f4f101409b43fbef5a38aef8980,True,0.9921875,5.8813486229628325,0.14839436404872686,6.029742987011559,6.0405422860058025,True,True,False,UnitTestFailure,failed: test #0
HumanEval-RandomSpanInfillingLight:154:fbd8c83b865f5c99|alpha_renamed_auxiliary|canvas=64|seed=0,HumanEval-RandomSpanInfillingLight:154:fbd8c83b865f5c99,138,HumanEval/154,medium,alpha_renamed_auxiliary,metamorphic_auxiliary_only,False,64,0,64,ok,False,15,64,5b71a327ac0eb4196ee621945d171bca276e9ab4d0a5950f078276fc0bf65a6e,2b6b96cc124b4e8625410de06b3d4dac8515336a47b5a2b70eece0d62a811338,552682f95c2cf7b131b992416e19063dc0b984d6330cc20cf54461905b7658d6,6d9841f80744c6f212c9d0d55453b6d1251f64c958a96dc7ab96e66a0eead6c8,8126a17dca777d4e8be6e7cd3f21793cf224d841bcce51668a14eda9488dbad8,53025adbe50194acc70d26d48bac8de62a42241fbb9c619ac302e2ee7b9b8323,True,0.99609375,7.0162671559955925,0.1330304261064157,7.149297582102008,7.163388506043702,True,True,False,UnitTestFailure,failed: test #1
HumanEval-RandomSpanInfillingLight:154:fbd8c83b865f5c99|alpha_renamed_auxiliary|canvas=64|seed=1,HumanEval-RandomSpanInfillingLight:154:fbd8c83b865f5c99,138,HumanEval/154,medium,alpha_renamed_auxiliary,metamorphic_auxiliary_only,False,64,1,64,ok,False,15,64,5b71a327ac0eb4196ee621945d171bca276e9ab4d0a5950f078276fc0bf65a6e,2b6b96cc124b4e8625410de06b3d4dac8515336a47b5a2b70eece0d62a811338,552682f95c2cf7b131b992416e19063dc0b984d6330cc20cf54461905b7658d6,6d9841f80744c6f212c9d0d55453b6d1251f64c958a96dc7ab96e66a0eead6c8,8126a17dca777d4e8be6e7cd3f21793cf224d841bcce51668a14eda9488dbad8,53025adbe50194acc70d26d48bac8de62a42241fbb9c619ac302e2ee7b9b8323,True,0.99609375,6.997686280985363,0.14442971209064126,7.142115993076004,7.153017545002513,True,True,False,UnitTestFailure,failed: test #1
HumanEval-RandomSpanInfillingLight:154:fbd8c83b865f5c99|alpha_renamed_auxiliary|canvas=128|seed=0,HumanEval-RandomSpanInfillingLight:154:fbd8c83b865f5c99,138,HumanEval/154,medium,alpha_renamed_auxiliary,metamorphic_auxiliary_only,False,128,0,64,ok,False,15,128,f60f3bce535738e5f65a23bc05de9e1231ebe4334b71956a7c7edade3a84e7a5,3a1c3c0eddd7ea86e79620d0bd92f1c8aaa2a9fca8ed7ff65e1d6a137dbd23c9,f0ed0b9752b378b9f4b2ffb2ab19a5dda40fd423af42b0a9983ca29c754a1582,195432eab0e8d76af1c44deebf4a8cc87e86fc6225def1bb7a567b09dca76a60,2ec0fb246479275154043e4a63acbd8bd871a6f44340dbd75940225fec6ff2a6,eb2f12c3dc54a2cf6ead715facf7669b1e4c2fb047b71c0cdff7df53fa02db54,False,0.98046875,7.37533422303386,0.12808371998835355,7.503417943022214,7.51365028496366,True,True,False,UnitTestFailure,failed: test #1
HumanEval-RandomSpanInfillingLight:154:fbd8c83b865f5c99|alpha_renamed_auxiliary|canvas=128|seed=1,HumanEval-RandomSpanInfillingLight:154:fbd8c83b865f5c99,138,HumanEval/154,medium,alpha_renamed_auxiliary,metamorphic_auxiliary_only,False,128,1,64,ok,False,15,128,f60f3bce535738e5f65a23bc05de9e1231ebe4334b71956a7c7edade3a84e7a5,3a1c3c0eddd7ea86e79620d0bd92f1c8aaa2a9fca8ed7ff65e1d6a137dbd23c9,f0ed0b9752b378b9f4b2ffb2ab19a5dda40fd423af42b0a9983ca29c754a1582,195432eab0e8d76af1c44deebf4a8cc87e86fc6225def1bb7a567b09dca76a60,2ec0fb246479275154043e4a63acbd8bd871a6f44340dbd75940225fec6ff2a6,eb2f12c3dc54a2cf6ead715facf7669b1e4c2fb047b71c0cdff7df53fa02db54,False,0.98046875,7.373152396990918,0.12832341995090246,7.50147581694182,7.5158428240101784,True,True,False,UnitTestFailure,failed: test #1
HumanEval-RandomSpanInfillingLight:155:7f713619cf05768a|alpha_renamed_auxiliary|canvas=16|seed=0,HumanEval-RandomSpanInfillingLight:155:7f713619cf05768a,139,HumanEval/155,extreme,alpha_renamed_auxiliary,metamorphic_auxiliary_only,False,16,0,64,ok,False,49,16,440a30a7f3b2fad0524aad5810cc6d37849bc48ed324216e9d135f2f31ad4b24,27233cdf701a39e783d73adc4b3da819243d017abbb8af5b153423af601f79a5,7aad5a89746909aca68bedfc44d07df64b087d1d23b08c262e25b4b23a64f68a,0a2768b44d752b581da2713a09c8c06445dfc8b73fb0c3389f7b0d50dcd88bec,77d252157daac3ee8ec721f5e585055fdde5913a0adfdcd3344a7d1419cf29e3,2412a55a8bcfece876a107bea4f51b5a5d63e4f924332fa994384e1bdbed18f7,True,0.99609375,4.871852883021347,0.11116772994864732,4.9830206129699945,4.9901765619870275,True,True,False,UnitTestFailure,failed: name 'helper' is not defined
HumanEval-RandomSpanInfillingLight:155:7f713619cf05768a|alpha_renamed_auxiliary|canvas=16|seed=1,HumanEval-RandomSpanInfillingLight:155:7f713619cf05768a,139,HumanEval/155,extreme,alpha_renamed_auxiliary,metamorphic_auxiliary_only,False,16,1,64,ok,False,49,16,440a30a7f3b2fad0524aad5810cc6d37849bc48ed324216e9d135f2f31ad4b24,27233cdf701a39e783d73adc4b3da819243d017abbb8af5b153423af601f79a5,7aad5a89746909aca68bedfc44d07df64b087d1d23b08c262e25b4b23a64f68a,0a2768b44d752b581da2713a09c8c06445dfc8b73fb0c3389f7b0d50dcd88bec,77d252157daac3ee8ec721f5e585055fdde5913a0adfdcd3344a7d1419cf29e3,2412a55a8bcfece876a107bea4f51b5a5d63e4f924332fa994384e1bdbed18f7,True,0.99609375,4.835449352976866,0.1291040781652555,4.9645534311421216,4.9736545090563595,True,True,False,UnitTestFailure,failed: name 'helper' is not defined
HumanEval-RandomSpanInfillingLight:155:7f713619cf05768a|alpha_renamed_auxiliary|canvas=32|seed=0,HumanEval-RandomSpanInfillingLight:155:7f713619cf05768a,139,HumanEval/155,extreme,alpha_renamed_auxiliary,metamorphic_auxiliary_only,False,32,0,64,ok,False,49,32,707b7dbcc4b14d96c138884d004b61af7848a70b1a4f0307ff532581fba08a66,344641253d8db93bc515807cf10789a0f35bbe8444db53aba464e6ea1987c2ca,7d3a52847a9fe4615d0877ccc27c0b35ae8b86e9b19c5d5da0446f3f76badc19,fc6a09471796d87dfa9de8750071dbdf1436eb423062004a8f6c2120f01d12fc,eb2785f99ebc802696cfb8fc2c68595f2bd937138b436b80c9ff1a3e7212b1d1,ef96c8f2bd5027713f2f00e2eeaed63be67f43c8646b0f868532b7fa2a1c4e2c,True,0.984375,4.913295847014524,0.13578847784083337,5.049084324855357,5.0562124060234055,True,True,False,UnitTestFailure,failed: name 'number_of_even_digits' is not defined
HumanEval-RandomSpanInfillingLight:155:7f713619cf05768a|alpha_renamed_auxiliary|canvas=32|seed=1,HumanEval-RandomSpanInfillingLight:155:7f713619cf05768a,139,HumanEval/155,extreme,alpha_renamed_auxiliary,metamorphic_auxiliary_only,False,32,1,64,ok,False,49,32,707b7dbcc4b14d96c138884d004b61af7848a70b1a4f0307ff532581fba08a66,344641253d8db93bc515807cf10789a0f35bbe8444db53aba464e6ea1987c2ca,7d3a52847a9fe4615d0877ccc27c0b35ae8b86e9b19c5d5da0446f3f76badc19,fc6a09471796d87dfa9de8750071dbdf1436eb423062004a8f6c2120f01d12fc,eb2785f99ebc802696cfb8fc2c68595f2bd937138b436b80c9ff1a3e7212b1d1,ef96c8f2bd5027713f2f00e2eeaed63be67f43c8646b0f868532b7fa2a1c4e2c,True,0.984375,4.89796282898169,0.121938596945256,5.019901425926946,5.030832258053124,True,True,False,UnitTestFailure,failed: name 'number_of_even_digits' is not defined
HumanEval-RandomSpanInfillingLight:155:7f713619cf05768a|alpha_renamed_auxiliary|canvas=64|seed=0,HumanEval-RandomSpanInfillingLight:155:7f713619cf05768a,139,HumanEval/155,extreme,alpha_renamed_auxiliary,metamorphic_auxiliary_only,False,64,0,64,ok,False,49,64,e34ce6e631c60734eba30d3822565fa722bfdf9d5e221d40ce4cf0c0789c1003,55027cb7879217d2729e8357c42c61be6dce3ad8908419127bf3c6858846b2cf,dd0e10126484fd70b85ce433d095364d71f854b339fac4e81e46dc9236e9c446,172f05ed83e1251ca428f191ce5fcada5b464baa2fad440352ab7d8acb5dccc9,d519c50864951e281fed4bcf1f6c9c5521faf38b0ea8797cdaa8af605e2bd5d2,8d14f606d782a6605d2c2a2bd27c245003ebdd10ce7840b93ce4c4e2c6dd64f3,True,0.98046875,5.4054738719714805,0.14046823792159557,5.545942109893076,5.560143179958686,True,True,False,UnitTestFailure,failed: invalid literal for int() with base 10: '-'
HumanEval-RandomSpanInfillingLight:155:7f713619cf05768a|alpha_renamed_auxiliary|canvas=64|seed=1,HumanEval-RandomSpanInfillingLight:155:7f713619cf05768a,139,HumanEval/155,extreme,alpha_renamed_auxiliary,metamorphic_auxiliary_only,False,64,1,64,ok,False,49,64,e34ce6e631c60734eba30d3822565fa722bfdf9d5e221d40ce4cf0c0789c1003,55027cb7879217d2729e8357c42c61be6dce3ad8908419127bf3c6858846b2cf,dd0e10126484fd70b85ce433d095364d71f854b339fac4e81e46dc9236e9c446,172f05ed83e1251ca428f191ce5fcada5b464baa2fad440352ab7d8acb5dccc9,d519c50864951e281fed4bcf1f6c9c5521faf38b0ea8797cdaa8af605e2bd5d2,8d14f606d782a6605d2c2a2bd27c245003ebdd10ce7840b93ce4c4e2c6dd64f3,True,0.98046875,5.4049850379815325,0.13782534783240408,5.542810385813937,5.550805066013709,True,True,False,UnitTestFailure,failed: invalid literal for int() with base 10: '-'
HumanEval-RandomSpanInfillingLight:155:7f713619cf05768a|alpha_renamed_auxiliary|canvas=128|seed=0,HumanEval-RandomSpanInfillingLight:155:7f713619cf05768a,139,HumanEval/155,extreme,alpha_renamed_auxiliary,metamorphic_auxiliary_only,False,128,0,64,ok,False,49,128,7e927a5daa8737b8fd742d7c2f7c8aad23a03517239ab502cccfe40f114414a8,5d9545893d30cf6da1a049e1b7f2fc1d2b285ffbf77c97fc29b7e826bdecece0,987a744ed3cc9a957599626b6992d76a7abaf9d7bea32145dcaecc677c378173,f6f6d7a4e68f82e730c4d8890876c5fac66928cf93a879790485d7925c1525d7,5e49271d429c7b4df7a3dea3133688939daee15fc922ddb5f4b6150b84e15c58,ab33cc5bfb808b6ee91a7da4e4e297453e8d653bfb7ab258f9cc3ceeab924822,True,0.9609375,5.88477021001745,0.10892776411492378,5.993697974132374,6.002633786061779,True,True,False,UnitTestFailure,failed:
HumanEval-RandomSpanInfillingLight:155:7f713619cf05768a|alpha_renamed_auxiliary|canvas=128|seed=1,HumanEval-RandomSpanInfillingLight:155:7f713619cf05768a,139,HumanEval/155,extreme,alpha_renamed_auxiliary,metamorphic_auxiliary_only,False,128,1,64,ok,False,49,128,7e927a5daa8737b8fd742d7c2f7c8aad23a03517239ab502cccfe40f114414a8,5d9545893d30cf6da1a049e1b7f2fc1d2b285ffbf77c97fc29b7e826bdecece0,987a744ed3cc9a957599626b6992d76a7abaf9d7bea32145dcaecc677c378173,f6f6d7a4e68f82e730c4d8890876c5fac66928cf93a879790485d7925c1525d7,5e49271d429c7b4df7a3dea3133688939daee15fc922ddb5f4b6150b84e15c58,ab33cc5bfb808b6ee91a7da4e4e297453e8d653bfb7ab258f9cc3ceeab924822,True,0.9609375,5.9134716290282086,0.1263517769984901,6.039823406026699,6.0478829049970955,True,True,False,UnitTestFailure,failed:
HumanEval-RandomSpanInfillingLight:156:eb9a684bf2cf78b3|alpha_renamed_auxiliary|canvas=16|seed=0,HumanEval-RandomSpanInfillingLight:156:eb9a684bf2cf78b3,140,HumanEval/156,extreme,alpha_renamed_auxiliary,metamorphic_auxiliary_only,False,16,0,64,ok,False,36,16,f28dd2df2b75b898bfe2308e9c45c7fd9aea8d4041305da30ce199b187559b30,534d5eaf543630be030f4b83eb220adcd3b78289574d338d9cc9374a508b3e3f,7668c9343b3e34599c5b2f66dc630e43ead2ab415ec773d2eb483046b00b7bb6,8c87fb45ce73d335b7b2cd556fe79cc0182966bc6a14e9fccf0d79b0fd658a38,a5d5b8f4aa6f062415a229b15a459eedd5083d1657959a4bfe1803b350a04be3,1fc300321b920d2ff7961edf9851a958bbf9ef995d979c0d1aabced11de621c1,True,0.99609375,7.2742364360019565,0.1390896630473435,7.4133260990493,7.423496744013391,True,True,False,UnitTestFailure,failed: local variable 'phase5_local_3' referenced before assignment
HumanEval-RandomSpanInfillingLight:156:eb9a684bf2cf78b3|alpha_renamed_auxiliary|canvas=16|seed=1,HumanEval-RandomSpanInfillingLight:156:eb9a684bf2cf78b3,140,HumanEval/156,extreme,alpha_renamed_auxiliary,metamorphic_auxiliary_only,False,16,1,64,ok,False,36,16,f28dd2df2b75b898bfe2308e9c45c7fd9aea8d4041305da30ce199b187559b30,534d5eaf543630be030f4b83eb220adcd3b78289574d338d9cc9374a508b3e3f,7668c9343b3e34599c5b2f66dc630e43ead2ab415ec773d2eb483046b00b7bb6,8c87fb45ce73d335b7b2cd556fe79cc0182966bc6a14e9fccf0d79b0fd658a38,a5d5b8f4aa6f062415a229b15a459eedd5083d1657959a4bfe1803b350a04be3,1fc300321b920d2ff7961edf9851a958bbf9ef995d979c0d1aabced11de621c1,True,0.99609375,7.3028009459376335,0.1200653500854969,7.42286629602313,7.435829070978798,True,True,False,UnitTestFailure,failed: local variable 'phase5_local_3' referenced before assignment
HumanEval-RandomSpanInfillingLight:156:eb9a684bf2cf78b3|alpha_renamed_auxiliary|canvas=32|seed=0,HumanEval-RandomSpanInfillingLight:156:eb9a684bf2cf78b3,140,HumanEval/156,extreme,alpha_renamed_auxiliary,metamorphic_auxiliary_only,False,32,0,64,ok,False,36,32,37c4341e120df0732ad730a54594e0b959f6686522d89441d0e12e3f6160150b,7229bc1da2baa121782e436bb8d5c2041693c6ee535a06d123bd5c98cf3184c0,a23e9d5ec38102f9607eebc7b9d81810b143a792adac4a2dccefa58e573a0db6,470771063e478d4e54a7d25c04a19757281cec1e5da51f32a14b595d41105052,0c2b265644977d1d78910598a8f5910b2c70ac78bec943cff85a07825bdcf23c,4f8831a8a29c04485ec510bb7541c1915cf21c24477cef51aac2a86a47edbe8b,True,0.99609375,7.343328672926873,0.14543782698456198,7.488766499911435,7.505894042085856,True,True,False,UnitTestFailure,failed: local variable 'phase5_local_0' referenced before assignment
HumanEval-RandomSpanInfillingLight:156:eb9a684bf2cf78b3|alpha_renamed_auxiliary|canvas=32|seed=1,HumanEval-RandomSpanInfillingLight:156:eb9a684bf2cf78b3,140,HumanEval/156,extreme,alpha_renamed_auxiliary,metamorphic_auxiliary_only,False,32,1,64,ok,False,36,32,37c4341e120df0732ad730a54594e0b959f6686522d89441d0e12e3f6160150b,7229bc1da2baa121782e436bb8d5c2041693c6ee535a06d123bd5c98cf3184c0,a23e9d5ec38102f9607eebc7b9d81810b143a792adac4a2dccefa58e573a0db6,470771063e478d4e54a7d25c04a19757281cec1e5da51f32a14b595d41105052,0c2b265644977d1d78910598a8f5910b2c70ac78bec943cff85a07825bdcf23c,4f8831a8a29c04485ec510bb7541c1915cf21c24477cef51aac2a86a47edbe8b,True,0.99609375,7.344413288985379,0.1345531599363312,7.47896644892171,7.491196353104897,True,True,False,UnitTestFailure,failed: local variable 'phase5_local_0' referenced before assignment
HumanEval-RandomSpanInfillingLight:156:eb9a684bf2cf78b3|alpha_renamed_auxiliary|canvas=64|seed=0,HumanEval-RandomSpanInfillingLight:156:eb9a684bf2cf78b3,140,HumanEval/156,extreme,alpha_renamed_auxiliary,metamorphic_auxiliary_only,False,64,0,64,ok,False,36,64,47db12c384dab91ab8e5c0d36e77fa245a889a0e1b2b81eddc3b1f8560491dbb,f27911f7140dd4be2af0c17cdcfaf965b496e967a634b29abe6295f172b29ee0,ba4865a2d54564029e11f1c2cfa5cba9752fada92b5b0fe4470b632559c7dc85,db2f645e9170a1cff3a02d278e0404c922a0557b6dd36282ce68974c36698c05,dd2256de92b34458e7cd418d33ca08f0d8e5da4303f981cd0491f6b515310492,2a3c2555d924ddd48b3a0f77d66775c0a14608e7c7049f36b6d2cc13a1f5f27c,True,1.0,7.3766965420218185,0.13951201306190342,7.516208555083722,7.529992054100148,True,True,False,UnitTestFailure,failed:
HumanEval-RandomSpanInfillingLight:156:eb9a684bf2cf78b3|alpha_renamed_auxiliary|canvas=64|seed=1,HumanEval-RandomSpanInfillingLight:156:eb9a684bf2cf78b3,140,HumanEval/156,extreme,alpha_renamed_auxiliary,metamorphic_auxiliary_only,False,64,1,64,ok,False,36,64,47db12c384dab91ab8e5c0d36e77fa245a889a0e1b2b81eddc3b1f8560491dbb,f27911f7140dd4be2af0c17cdcfaf965b496e967a634b29abe6295f172b29ee0,ba4865a2d54564029e11f1c2cfa5cba9752fada92b5b0fe4470b632559c7dc85,db2f645e9170a1cff3a02d278e0404c922a0557b6dd36282ce68974c36698c05,dd2256de92b34458e7cd418d33ca08f0d8e5da4303f981cd0491f6b515310492,2a3c2555d924ddd48b3a0f77d66775c0a14608e7c7049f36b6d2cc13a1f5f27c,True,1.0,7.379354467964731,0.10815503797493875,7.48750950593967,7.502591387019493,True,True,False,UnitTestFailure,failed:
HumanEval-RandomSpanInfillingLight:156:eb9a684bf2cf78b3|alpha_renamed_auxiliary|canvas=128|seed=0,HumanEval-RandomSpanInfillingLight:156:eb9a684bf2cf78b3,140,HumanEval/156,extreme,alpha_renamed_auxiliary,metamorphic_auxiliary_only,False,128,0,64,ok,False,36,127,523587c1e227c74f1dc8c5ecb81f7a4aefe32842a412fb802564bc5ccf96d3ee,70abe4512f2e1c16d7ba930a58cb5c58a246754db025ec0c58931ba31f105b94,58a815d093d016ace05108a4d17a3ed9c87028705c254be20a1c6c76580b0329,b3ec04e85b34fb358c628117b468743c16a56bf2923abd123ecc56a760457c40,4cbd405fabfe665927e5a61052c52ef6c5ac4c7f47228fc5075dc34d986ab627,afe8d2bf9c9e5aed8c26df38131f5108f648873dfdf21258ab541e48d58bf39a,True,0.97265625,7.976331260986626,3.120524736936204,11.09685599792283,11.112329973024316,True,True,False,UnitTestFailure,timed out
HumanEval-RandomSpanInfillingLight:156:eb9a684bf2cf78b3|alpha_renamed_auxiliary|canvas=128|seed=1,HumanEval-RandomSpanInfillingLight:156:eb9a684bf2cf78b3,140,HumanEval/156,extreme,alpha_renamed_auxiliary,metamorphic_auxiliary_only,False,128,1,64,ok,False,36,127,523587c1e227c74f1dc8c5ecb81f7a4aefe32842a412fb802564bc5ccf96d3ee,70abe4512f2e1c16d7ba930a58cb5c58a246754db025ec0c58931ba31f105b94,58a815d093d016ace05108a4d17a3ed9c87028705c254be20a1c6c76580b0329,b3ec04e85b34fb358c628117b468743c16a56bf2923abd123ecc56a760457c40,4cbd405fabfe665927e5a61052c52ef6c5ac4c7f47228fc5075dc34d986ab627,afe8d2bf9c9e5aed8c26df38131f5108f648873dfdf21258ab541e48d58bf39a,True,0.97265625,7.978820024989545,3.139539825031534,11.11835985002108,11.135517455055378,True,True,False,UnitTestFailure,timed out
HumanEval-RandomSpanInfillingLight:161:b072db3d69599d1e|alpha_renamed_auxiliary|canvas=16|seed=0,HumanEval-RandomSpanInfillingLight:161:b072db3d69599d1e,145,HumanEval/161,extreme,alpha_renamed_auxiliary,metamorphic_auxiliary_only,False,16,0,64,ok,False,59,16,b97d66b7912d8cce72b38ad385e9c64fc5a0c69187c4a75556a267b7c4f4af28,68f2b902e3e2c7bb3d50d9acaf3dd57c588c7457cf51e6a17bea13c1a6413408,1bd9aac3173a90a1946b45c6548f218cd96bb9f9da08bc33aae902b4beae9655,894f25d94399db03d84e6f4bcaa575f946db4041839275d4a865fb0bb8683c6e,79399380c43ecc7d6985824fe7c8f8f35ed3aba28f7dc8c9a2f828467719ee18,98ca3131d351c1c7b1da5e338ff2acc7453c9822ae13e1d20e13845c76f11181,True,0.99609375,5.550245751044713,0.14509796793572605,5.695343718980439,5.709620908019133,True,True,False,UnitTestFailure,failed: name 'phase5_local_3' is not defined
HumanEval-RandomSpanInfillingLight:161:b072db3d69599d1e|alpha_renamed_auxiliary|canvas=16|seed=1,HumanEval-RandomSpanInfillingLight:161:b072db3d69599d1e,145,HumanEval/161,extreme,alpha_renamed_auxiliary,metamorphic_auxiliary_only,False,16,1,64,ok,False,59,16,b97d66b7912d8cce72b38ad385e9c64fc5a0c69187c4a75556a267b7c4f4af28,68f2b902e3e2c7bb3d50d9acaf3dd57c588c7457cf51e6a17bea13c1a6413408,1bd9aac3173a90a1946b45c6548f218cd96bb9f9da08bc33aae902b4beae9655,894f25d94399db03d84e6f4bcaa575f946db4041839275d4a865fb0bb8683c6e,79399380c43ecc7d6985824fe7c8f8f35ed3aba28f7dc8c9a2f828467719ee18,98ca3131d351c1c7b1da5e338ff2acc7453c9822ae13e1d20e13845c76f11181,True,0.99609375,5.533240660908632,0.14902325498405844,5.68226391589269,5.700604939018376,True,True,False,UnitTestFailure,failed: name 'phase5_local_3' is not defined
HumanEval-RandomSpanInfillingLight:161:b072db3d69599d1e|alpha_renamed_auxiliary|canvas=32|seed=0,HumanEval-RandomSpanInfillingLight:161:b072db3d69599d1e,145,HumanEval/161,extreme,alpha_renamed_auxiliary,metamorphic_auxiliary_only,False,32,0,64,ok,False,59,32,960cc524e22d15bc3cdc465075841c335287e12642b4fda34590d2324334dabf,bd3351ec1d5237e795ff0d4bb10e220755f59f2ca5ef716fbf3b410337fe7a6a,64ce4b30bd2c2e135abcd6a98554b7b01c2e0b3442b28cae76e3b5de6bd409de,c93dd7639a30ac488e7868f84740ddc03cf2d4ccf156c36ee6f6b0d2adaf5dff,3c2c26f651f8f9eb085841e36af622cc6b93173e496212c319f3ccb0ab01d532,66e74de54a9488b274595a920b465aac28b9a71b3f7cfc2ba08823c149d250db,True,0.98828125,5.877983018988743,0.1529802680015564,6.0309632869903,6.046924444031902,True,True,False,UnitTestFailure,failed:
HumanEval-RandomSpanInfillingLight:161:b072db3d69599d1e|alpha_renamed_auxiliary|canvas=32|seed=1,HumanEval-RandomSpanInfillingLight:161:b072db3d69599d1e,145,HumanEval/161,extreme,alpha_renamed_auxiliary,metamorphic_auxiliary_only,False,32,1,64,ok,False,59,32,960cc524e22d15bc3cdc465075841c335287e12642b4fda34590d2324334dabf,bd3351ec1d5237e795ff0d4bb10e220755f59f2ca5ef716fbf3b410337fe7a6a,64ce4b30bd2c2e135abcd6a98554b7b01c2e0b3442b28cae76e3b5de6bd409de,c93dd7639a30ac488e7868f84740ddc03cf2d4ccf156c36ee6f6b0d2adaf5dff,3c2c26f651f8f9eb085841e36af622cc6b93173e496212c319f3ccb0ab01d532,66e74de54a9488b274595a920b465aac28b9a71b3f7cfc2ba08823c149d250db,True,0.98828125,5.882403657888062,0.11923711909912527,6.001640776987188,6.012404582928866,True,True,False,UnitTestFailure,failed:
HumanEval-RandomSpanInfillingLight:161:b072db3d69599d1e|alpha_renamed_auxiliary|canvas=64|seed=0,HumanEval-RandomSpanInfillingLight:161:b072db3d69599d1e,145,HumanEval/161,extreme,alpha_renamed_auxiliary,metamorphic_auxiliary_only,False,64,0,64,ok,False,59,64,4a17132d8d34860df8226252bd69033295d394fdd1bbf1ab6c929f1d93a26590,d056e8e5c91aebbdd1c3dd2a4234aaaa4527ed62f76145329b7c564041c7a13f,941859aea711f847ae959fc34d8561a5521848960235575bcc0f6433b1d495ed,ebb342f82aaafd2fa7933252b20bac35e800eeb88e9c4a8b36e00fa4c8a17faa,2e49adbbd0be6188d397bf0c8f32dbe1e35d48cd2172e986f1bb2f766eae00d8,946ae0947c0f47daaf94c25e85762bb610c1d61c136f60beee2de20106c4a360,True,0.984375,4.735542432987131,0.11022933304775506,4.845771766034886,4.858550861012191,True,True,False,UnitTestFailure,failed:
HumanEval-RandomSpanInfillingLight:161:b072db3d69599d1e|alpha_renamed_auxiliary|canvas=64|seed=1,HumanEval-RandomSpanInfillingLight:161:b072db3d69599d1e,145,HumanEval/161,extreme,alpha_renamed_auxiliary,metamorphic_auxiliary_only,False,64,1,64,ok,False,59,64,4a17132d8d34860df8226252bd69033295d394fdd1bbf1ab6c929f1d93a26590,d056e8e5c91aebbdd1c3dd2a4234aaaa4527ed62f76145329b7c564041c7a13f,941859aea711f847ae959fc34d8561a5521848960235575bcc0f6433b1d495ed,ebb342f82aaafd2fa7933252b20bac35e800eeb88e9c4a8b36e00fa4c8a17faa,2e49adbbd0be6188d397bf0c8f32dbe1e35d48cd2172e986f1bb2f766eae00d8,946ae0947c0f47daaf94c25e85762bb610c1d61c136f60beee2de20106c4a360,True,0.984375,4.591744745033793,0.14079320104792714,4.73253794608172,4.7448157030157745,True,True,False,UnitTestFailure,failed:
HumanEval-RandomSpanInfillingLight:161:b072db3d69599d1e|alpha_renamed_auxiliary|canvas=128|seed=0,HumanEval-RandomSpanInfillingLight:161:b072db3d69599d1e,145,HumanEval/161,extreme,alpha_renamed_auxiliary,metamorphic_auxiliary_only,False,128,0,64,ok,False,59,128,3fef84b7183cdcbc2f6201233b5cf2bef270b1a4621cec06c28a6b11271b02c2,01a065fc62e8deacdf7ad7b97677be80f05c3b0c1b802d88d5f5058ded211770,646e88a51bf672c83241507f33af5af36c0e285c23ee2923512d844efd239b9c,4e201930de86a8a4368db2c63d52533ecec387739303fd46706e68e6ddfb0287,8b99819e0848ba5ddc9ca53e3bcaf419d07f488bb71bbd0650b88f0fe80eb9f0,78b4f13ace84b85663ea72737711f2fe364e830e74450013b0f10b7b762dcd71,True,0.98828125,5.830336192040704,0.14021783508360386,5.970554027124308,5.982159088016488,True,True,False,UnitTestFailure,failed: 'str' object has no attribute 'append'
HumanEval-RandomSpanInfillingLight:161:b072db3d69599d1e|alpha_renamed_auxiliary|canvas=128|seed=1,HumanEval-RandomSpanInfillingLight:161:b072db3d69599d1e,145,HumanEval/161,extreme,alpha_renamed_auxiliary,metamorphic_auxiliary_only,False,128,1,64,ok,False,59,128,3fef84b7183cdcbc2f6201233b5cf2bef270b1a4621cec06c28a6b11271b02c2,01a065fc62e8deacdf7ad7b97677be80f05c3b0c1b802d88d5f5058ded211770,646e88a51bf672c83241507f33af5af36c0e285c23ee2923512d844efd239b9c,4e201930de86a8a4368db2c63d52533ecec387739303fd46706e68e6ddfb0287,8b99819e0848ba5ddc9ca53e3bcaf419d07f488bb71bbd0650b88f0fe80eb9f0,78b4f13ace84b85663ea72737711f2fe364e830e74450013b0f10b7b762dcd71,True,0.98828125,5.728839454008266,0.1411984470905736,5.87003790109884,5.882657831069082,True,True,False,UnitTestFailure,failed: 'str' object has no attribute 'append'
HumanEval-RandomSpanInfillingLight:163:691a401caf1677a9|alpha_renamed_auxiliary|canvas=16|seed=0,HumanEval-RandomSpanInfillingLight:163:691a401caf1677a9,147,HumanEval/163,long,alpha_renamed_auxiliary,metamorphic_auxiliary_only,False,16,0,64,ok,False,21,16,bf17d0c416466423c5351b3724e6c2a12b11be2c480588d96165943378c54216,ab3fd4de049d7795e1c6c948f627fd3fa01746623c30d5a7686089f5e93ddccc,2a879ada0116958d1bd5d7f68d0b242154324bcbe15e1be97a6de95d86028bf9,6c54364476481dc6ec634392db49576769d00ecd4bfc224fc0716ca13908c0a3,889a7c1512eab35ebdfb5f71a885870682de75129490676a15875e28aaa08334,4e97ef9de23b609c082e2dcbb19a3fd1c6ea46feb570c9b4bec38ef8e2179f43,True,1.0,4.160372882033698,0.1386700610164553,4.2990429430501536,4.306612379965372,True,True,False,UnitTestFailure,failed: unsupported operand type(s) for *: 'int' and 'range'
HumanEval-RandomSpanInfillingLight:163:691a401caf1677a9|alpha_renamed_auxiliary|canvas=16|seed=1,HumanEval-RandomSpanInfillingLight:163:691a401caf1677a9,147,HumanEval/163,long,alpha_renamed_auxiliary,metamorphic_auxiliary_only,False,16,1,64,ok,False,21,16,bf17d0c416466423c5351b3724e6c2a12b11be2c480588d96165943378c54216,ab3fd4de049d7795e1c6c948f627fd3fa01746623c30d5a7686089f5e93ddccc,2a879ada0116958d1bd5d7f68d0b242154324bcbe15e1be97a6de95d86028bf9,6c54364476481dc6ec634392db49576769d00ecd4bfc224fc0716ca13908c0a3,889a7c1512eab35ebdfb5f71a885870682de75129490676a15875e28aaa08334,4e97ef9de23b609c082e2dcbb19a3fd1c6ea46feb570c9b4bec38ef8e2179f43,True,1.0,4.164739310974255,0.1464402930578217,4.311179604032077,4.32049955194816,True,True,False,UnitTestFailure,failed: unsupported operand type(s) for *: 'int' and 'range'
HumanEval-RandomSpanInfillingLight:163:691a401caf1677a9|alpha_renamed_auxiliary|canvas=32|seed=0,HumanEval-RandomSpanInfillingLight:163:691a401caf1677a9,147,HumanEval/163,long,alpha_renamed_auxiliary,metamorphic_auxiliary_only,False,32,0,64,ok,True,21,32,52e5963a009f7ef7ba08c074a4f9ebbbbd939dab5243549047b0cfc1b004f865,721e310dea6ef68fcbf46878a8351404e4fa7b1aec449a4c0bed086d218d8e60,400bff32f04ee31d4c025005c5fc4894c255f4b9ceb397654e34ff2505f52eb6,86a20581179f089c252fb12aebfee745132db3b8d7e768069453226d17ba60e9,085bcc210ca8c5953e51271d6de940c2ef8770d0da63a978f478fa671a1d22aa,3d79dbd4ebfb9eb95a341400c2a52b5a62ebecf61b926494170ffa838f86901e,True,0.98046875,4.206732405000366,0.12391715706326067,4.330649562063627,4.339687300962396,True,True,True,,
HumanEval-RandomSpanInfillingLight:163:691a401caf1677a9|alpha_renamed_auxiliary|canvas=32|seed=1,HumanEval-RandomSpanInfillingLight:163:691a401caf1677a9,147,HumanEval/163,long,alpha_renamed_auxiliary,metamorphic_auxiliary_only,False,32,1,64,ok,True,21,32,52e5963a009f7ef7ba08c074a4f9ebbbbd939dab5243549047b0cfc1b004f865,721e310dea6ef68fcbf46878a8351404e4fa7b1aec449a4c0bed086d218d8e60,400bff32f04ee31d4c025005c5fc4894c255f4b9ceb397654e34ff2505f52eb6,86a20581179f089c252fb12aebfee745132db3b8d7e768069453226d17ba60e9,085bcc210ca8c5953e51271d6de940c2ef8770d0da63a978f478fa671a1d22aa,3d79dbd4ebfb9eb95a341400c2a52b5a62ebecf61b926494170ffa838f86901e,True,0.98046875,4.252351553994231,0.11279369110707194,4.365145245101303,4.375232330989093,True,True,True,,
HumanEval-RandomSpanInfillingLight:163:691a401caf1677a9|alpha_renamed_auxiliary|canvas=64|seed=0,HumanEval-RandomSpanInfillingLight:163:691a401caf1677a9,147,HumanEval/163,long,alpha_renamed_auxiliary,metamorphic_auxiliary_only,False,64,0,64,ok,False,21,64,e232396f283e2962afba5451074dd6a7a09c339bca5c1bc6c4e6cb35efe3ae28,a89d92926791153eac47ae1ef49fa8c9a0c38d98b4631a323484da9998a19cb0,,eab5ebeffe3d65a495e8da226663fa6fc0965e7decc59520192f6a7b64ed9fe3,8602c6512f16cfc9141a7be2a7515fbb2bfd6b35ee11feed218b31a43824b113,,False,0.96484375,4.644884545006789,0.00015546998474746943,4.645040014991537,4.655400490970351,False,False,False,SyntaxError,"unexpected indent (<unknown>, line 17)"
HumanEval-RandomSpanInfillingLight:163:691a401caf1677a9|alpha_renamed_auxiliary|canvas=64|seed=1,HumanEval-RandomSpanInfillingLight:163:691a401caf1677a9,147,HumanEval/163,long,alpha_renamed_auxiliary,metamorphic_auxiliary_only,False,64,1,64,ok,False,21,64,e232396f283e2962afba5451074dd6a7a09c339bca5c1bc6c4e6cb35efe3ae28,a89d92926791153eac47ae1ef49fa8c9a0c38d98b4631a323484da9998a19cb0,,eab5ebeffe3d65a495e8da226663fa6fc0965e7decc59520192f6a7b64ed9fe3,8602c6512f16cfc9141a7be2a7515fbb2bfd6b35ee11feed218b31a43824b113,,False,0.96484375,4.618261420051567,0.0002920139813795686,4.618553434032947,4.626470082090236,False,False,False,SyntaxError,"unexpected indent (<unknown>, line 17)"
HumanEval-RandomSpanInfillingLight:163:691a401caf1677a9|alpha_renamed_auxiliary|canvas=128|seed=0,HumanEval-RandomSpanInfillingLight:163:691a401caf1677a9,147,HumanEval/163,long,alpha_renamed_auxiliary,metamorphic_auxiliary_only,False,128,0,64,ok,False,21,128,91d77e1f610b4fca6dda8ec4e32a6357df0bed7b6ab8114eefd66137caecb8ac,1146330ef207e626a37f99d4e5db987c9e30e15fa48c476da31ccbac8d3967be,0f7108eb390bcd298d2ffff5709e50476090935ac67dd61575c9d2fa736121ed,1bb74a75a7d77f7e8be15fdea3d0e13587b00feb79d98dbace331770c76d3eef,7830eb3c74ad708181e8198dd19f5121dcc854fc78ff3bdef6c12e96f78c2ee1,761a608b03b5c3434d7f1b55f39ee14bf5c925f9b76010ff696cf23db5ba1dc5,True,0.97265625,5.622774451971054,0.13449183502234519,5.757266286993399,5.766239366028458,True,True,False,UnitTestFailure,failed: Test 1
HumanEval-RandomSpanInfillingLight:163:691a401caf1677a9|alpha_renamed_auxiliary|canvas=128|seed=1,HumanEval-RandomSpanInfillingLight:163:691a401caf1677a9,147,HumanEval/163,long,alpha_renamed_auxiliary,metamorphic_auxiliary_only,False,128,1,64,ok,False,21,128,91d77e1f610b4fca6dda8ec4e32a6357df0bed7b6ab8114eefd66137caecb8ac,1146330ef207e626a37f99d4e5db987c9e30e15fa48c476da31ccbac8d3967be,0f7108eb390bcd298d2ffff5709e50476090935ac67dd61575c9d2fa736121ed,1bb74a75a7d77f7e8be15fdea3d0e13587b00feb79d98dbace331770c76d3eef,7830eb3c74ad708181e8198dd19f5121dcc854fc78ff3bdef6c12e96f78c2ee1,761a608b03b5c3434d7f1b55f39ee14bf5c925f9b76010ff696cf23db5ba1dc5,True,0.97265625,5.623854932957329,0.1412234049057588,5.765078337863088,5.775302218040451,True,True,False,UnitTestFailure,failed: Test 1
