task_id,oracle_length,oracle_bucket,baseline_passed,v5_selected_candidate_id,v5_passed,anchor_passed,short_passed,slow_passed,any_candidate_passed,short_only_win,anchor_only_win,feature_short_requested_min_length,feature_short_steps,feature_short_selected_mask_length,feature_short_actual_rescue_length,feature_short_total_sec_including_probe,feature_short_syntax_parse_ok,feature_short_syntax_compile_ok,feature_short_trace_trace_steps,feature_short_trace_remaining_first,feature_short_trace_remaining_last,feature_short_trace_remaining_min,feature_short_trace_remaining_max,feature_short_trace_remaining_median,feature_short_trace_remaining_slope,feature_short_trace_remaining_late_slope,feature_short_trace_remaining_auc_norm,feature_short_trace_remaining_equal_transition_frac,feature_short_trace_late_remaining_plateau_steps,feature_short_trace_max_remaining_plateau_steps,feature_short_trace_last_remaining_decrease_step,feature_short_trace_confidence_first,feature_short_trace_confidence_last,feature_short_trace_confidence_min,feature_short_trace_confidence_max,feature_short_trace_confidence_median,feature_short_trace_confidence_slope,feature_short_trace_confidence_late_slope,feature_short_trace_gap_last,feature_short_trace_gap_min,feature_short_trace_gap_median,feature_short_trace_top1_last,feature_short_trace_top1_min,feature_short_trace_top1_median,feature_short_trace_selected_len,feature_short_trace_final_remaining_ratio_by_selected,feature_short_text_chars,feature_short_text_lines,feature_short_text_nonempty_lines,feature_short_text_leading_spaces,feature_anchor_requested_min_length,feature_anchor_steps,feature_anchor_selected_mask_length,feature_anchor_actual_rescue_length,feature_anchor_total_sec_including_probe,feature_anchor_syntax_parse_ok,feature_anchor_syntax_compile_ok,feature_anchor_trace_trace_steps,feature_anchor_trace_remaining_first,feature_anchor_trace_remaining_last,feature_anchor_trace_remaining_min,feature_anchor_trace_remaining_max,feature_anchor_trace_remaining_median,feature_anchor_trace_remaining_slope,feature_anchor_trace_remaining_late_slope,feature_anchor_trace_remaining_auc_norm,feature_anchor_trace_remaining_equal_transition_frac,feature_anchor_trace_late_remaining_plateau_steps,feature_anchor_trace_max_remaining_plateau_steps,feature_anchor_trace_last_remaining_decrease_step,feature_anchor_trace_confidence_first,feature_anchor_trace_confidence_last,feature_anchor_trace_confidence_min,feature_anchor_trace_confidence_max,feature_anchor_trace_confidence_median,feature_anchor_trace_confidence_slope,feature_anchor_trace_confidence_late_slope,feature_anchor_trace_gap_last,feature_anchor_trace_gap_min,feature_anchor_trace_gap_median,feature_anchor_trace_top1_last,feature_anchor_trace_top1_min,feature_anchor_trace_top1_median,feature_anchor_trace_selected_len,feature_anchor_trace_final_remaining_ratio_by_selected,feature_anchor_text_chars,feature_anchor_text_lines,feature_anchor_text_nonempty_lines,feature_anchor_text_leading_spaces,feature_slow_requested_min_length,feature_slow_steps,feature_slow_selected_mask_length,feature_slow_actual_rescue_length,feature_slow_total_sec_including_probe,feature_slow_syntax_parse_ok,feature_slow_syntax_compile_ok,feature_slow_trace_trace_steps,feature_slow_trace_remaining_first,feature_slow_trace_remaining_last,feature_slow_trace_remaining_min,feature_slow_trace_remaining_max,feature_slow_trace_remaining_median,feature_slow_trace_remaining_slope,feature_slow_trace_remaining_late_slope,feature_slow_trace_remaining_auc_norm,feature_slow_trace_remaining_equal_transition_frac,feature_slow_trace_late_remaining_plateau_steps,feature_slow_trace_max_remaining_plateau_steps,feature_slow_trace_last_remaining_decrease_step,feature_slow_trace_confidence_first,feature_slow_trace_confidence_last,feature_slow_trace_confidence_min,feature_slow_trace_confidence_max,feature_slow_trace_confidence_median,feature_slow_trace_confidence_slope,feature_slow_trace_confidence_late_slope,feature_slow_trace_gap_last,feature_slow_trace_gap_min,feature_slow_trace_gap_median,feature_slow_trace_top1_last,feature_slow_trace_top1_min,feature_slow_trace_top1_median,feature_slow_trace_selected_len,feature_slow_trace_final_remaining_ratio_by_selected,feature_slow_text_chars,feature_slow_text_lines,feature_slow_text_nonempty_lines,feature_slow_text_leading_spaces,feature_delta_short_minus_anchor_requested_min_length,feature_delta_short_minus_anchor_steps,feature_delta_short_minus_anchor_selected_mask_length,feature_delta_short_minus_anchor_actual_rescue_length,feature_delta_short_minus_anchor_total_sec_including_probe,feature_delta_short_minus_anchor_syntax_parse_ok,feature_delta_short_minus_anchor_syntax_compile_ok,feature_delta_short_minus_anchor_trace_trace_steps,feature_delta_short_minus_anchor_trace_remaining_first,feature_delta_short_minus_anchor_trace_remaining_last,feature_delta_short_minus_anchor_trace_remaining_min,feature_delta_short_minus_anchor_trace_remaining_max,feature_delta_short_minus_anchor_trace_remaining_median,feature_delta_short_minus_anchor_trace_remaining_slope,feature_delta_short_minus_anchor_trace_remaining_late_slope,feature_delta_short_minus_anchor_trace_remaining_auc_norm,feature_delta_short_minus_anchor_trace_remaining_equal_transition_frac,feature_delta_short_minus_anchor_trace_late_remaining_plateau_steps,feature_delta_short_minus_anchor_trace_max_remaining_plateau_steps,feature_delta_short_minus_anchor_trace_last_remaining_decrease_step,feature_delta_short_minus_anchor_trace_confidence_first,feature_delta_short_minus_anchor_trace_confidence_last,feature_delta_short_minus_anchor_trace_confidence_min,feature_delta_short_minus_anchor_trace_confidence_max,feature_delta_short_minus_anchor_trace_confidence_median,feature_delta_short_minus_anchor_trace_confidence_slope,feature_delta_short_minus_anchor_trace_confidence_late_slope,feature_delta_short_minus_anchor_trace_gap_last,feature_delta_short_minus_anchor_trace_gap_min,feature_delta_short_minus_anchor_trace_gap_median,feature_delta_short_minus_anchor_trace_top1_last,feature_delta_short_minus_anchor_trace_top1_min,feature_delta_short_minus_anchor_trace_top1_median,feature_delta_short_minus_anchor_trace_selected_len,feature_delta_short_minus_anchor_trace_final_remaining_ratio_by_selected,feature_delta_short_minus_anchor_text_chars,feature_delta_short_minus_anchor_text_lines,feature_delta_short_minus_anchor_text_nonempty_lines,feature_delta_short_minus_anchor_text_leading_spaces,feature_short_anchor_text_equal,feature_delta_slow_minus_anchor_requested_min_length,feature_delta_slow_minus_anchor_steps,feature_delta_slow_minus_anchor_selected_mask_length,feature_delta_slow_minus_anchor_actual_rescue_length,feature_delta_slow_minus_anchor_total_sec_including_probe,feature_delta_slow_minus_anchor_syntax_parse_ok,feature_delta_slow_minus_anchor_syntax_compile_ok,feature_delta_slow_minus_anchor_trace_trace_steps,feature_delta_slow_minus_anchor_trace_remaining_first,feature_delta_slow_minus_anchor_trace_remaining_last,feature_delta_slow_minus_anchor_trace_remaining_min,feature_delta_slow_minus_anchor_trace_remaining_max,feature_delta_slow_minus_anchor_trace_remaining_median,feature_delta_slow_minus_anchor_trace_remaining_slope,feature_delta_slow_minus_anchor_trace_remaining_late_slope,feature_delta_slow_minus_anchor_trace_remaining_auc_norm,feature_delta_slow_minus_anchor_trace_remaining_equal_transition_frac,feature_delta_slow_minus_anchor_trace_late_remaining_plateau_steps,feature_delta_slow_minus_anchor_trace_max_remaining_plateau_steps,feature_delta_slow_minus_anchor_trace_last_remaining_decrease_step,feature_delta_slow_minus_anchor_trace_confidence_first,feature_delta_slow_minus_anchor_trace_confidence_last,feature_delta_slow_minus_anchor_trace_confidence_min,feature_delta_slow_minus_anchor_trace_confidence_max,feature_delta_slow_minus_anchor_trace_confidence_median,feature_delta_slow_minus_anchor_trace_confidence_slope,feature_delta_slow_minus_anchor_trace_confidence_late_slope,feature_delta_slow_minus_anchor_trace_gap_last,feature_delta_slow_minus_anchor_trace_gap_min,feature_delta_slow_minus_anchor_trace_gap_median,feature_delta_slow_minus_anchor_trace_top1_last,feature_delta_slow_minus_anchor_trace_top1_min,feature_delta_slow_minus_anchor_trace_top1_median,feature_delta_slow_minus_anchor_trace_selected_len,feature_delta_slow_minus_anchor_trace_final_remaining_ratio_by_selected,feature_delta_slow_minus_anchor_text_chars,feature_delta_slow_minus_anchor_text_lines,feature_delta_slow_minus_anchor_text_nonempty_lines,feature_delta_slow_minus_anchor_text_leading_spaces
SingleLineInfilling/HumanEval/1/L16,4,<=8,False,len32_s64,False,False,False,False,False,False,False,24.0,64.0,24.0,24.0,3.3541254438459873,1.0,1.0,50.0,24.0,5.0,5.0,24.0,14.5,-0.3877551020408163,-0.3333333333333333,0.6016666666666667,0.6122448979591837,2.0,2.0,49.0,0.2080078125,0.8984375,0.2080078125,0.8984375,0.876953125,0.014090401785714286,0.0,0.412109375,0.1015625,0.55859375,0.6015625,0.2080078125,0.7109375,24.0,0.20833333333333334,92.0,4.0,3.0,4.0,32.0,64.0,32.0,32.0,3.533363474532962,0.0,0.0,54.0,32.0,5.0,5.0,32.0,18.0,-0.5094339622641509,-0.3333333333333333,0.5706018518518519,0.49056603773584906,2.0,2.0,53.0,0.185546875,0.8359375,0.185546875,0.875,0.7109375,0.012271521226415094,0.0,0.26171875,0.08984375,0.3603515625,0.373046875,0.1796875,0.4794921875,32.0,0.15625,113.0,7.0,4.0,4.0,32.0,96.0,32.0,32.0,5.219685096293688,0.0,0.0,80.0,32.0,5.0,5.0,32.0,18.5,-0.34177215189873417,-0.3333333333333333,0.578125,0.6582278481012658,2.0,2.0,79.0,0.185546875,0.8359375,0.185546875,0.875,0.7109375,0.008232792721518988,0.0,0.26171875,0.08984375,0.34765625,0.373046875,0.1796875,0.4609375,32.0,0.15625,113.0,7.0,4.0,4.0,-8.0,0.0,-8.0,-8.0,-0.17923803068697453,1.0,1.0,-4.0,-8.0,0.0,0.0,-8.0,-3.5,0.12167886022333463,0.0,0.031064814814814823,0.12167886022333463,0.0,0.0,-4.0,0.0224609375,0.0625,0.0224609375,0.0234375,0.166015625,0.0018188805592991922,0.0,0.150390625,0.01171875,0.1982421875,0.228515625,0.0283203125,0.2314453125,-8.0,0.05208333333333334,-21.0,-3.0,-1.0,0.0,0.0,0.0,32.0,0.0,0.0,1.686321621760726,0.0,0.0,26.0,0.0,0.0,0.0,0.0,0.5,0.16766181036541677,0.0,0.00752314814814814,0.16766181036541672,0.0,0.0,26.0,0.0,0.0,0.0,0.0,0.0,-0.004038728504896106,0.0,0.0,0.0,-0.0126953125,0.0,0.0,-0.0185546875,0.0,0.0,0.0,0.0,0.0,0.0
SingleLineInfilling/HumanEval/2/L0,9,9-12,False,len32_s64,False,False,False,False,False,False,False,24.0,64.0,24.0,24.0,2.142311753705144,0.0,0.0,63.0,24.0,0.0,0.0,24.0,12.0,-0.3870967741935484,-0.6666666666666666,0.5,0.6129032258064516,1.0,2.0,62.0,0.1640625,0.96484375,0.1640625,0.96484375,0.6796875,0.012915826612903226,0.013671875,0.0859375,0.0732421875,0.2333984375,0.384765625,0.1376953125,0.337890625,24.0,0.0,104.0,6.0,4.0,4.0,32.0,64.0,32.0,32.0,1.8646454270929098,0.0,0.0,54.0,32.0,5.0,5.0,32.0,18.0,-0.5094339622641509,-0.3333333333333333,0.5706018518518519,0.49056603773584906,2.0,2.0,53.0,0.162109375,0.92578125,0.162109375,0.92578125,0.5859375,0.014408903301886792,0.0,0.52734375,0.076171875,0.1591796875,0.671875,0.1357421875,0.263671875,32.0,0.15625,127.0,6.0,4.0,4.0,32.0,96.0,32.0,32.0,2.747733497992158,0.0,0.0,80.0,32.0,5.0,5.0,32.0,18.5,-0.34177215189873417,-0.3333333333333333,0.578125,0.6582278481012658,2.0,2.0,79.0,0.162109375,0.92578125,0.162109375,0.92578125,0.58203125,0.009666732594936708,0.0,0.52734375,0.076171875,0.166015625,0.671875,0.1357421875,0.263671875,32.0,0.15625,127.0,6.0,4.0,4.0,-8.0,0.0,-8.0,-8.0,0.2776663266122341,0.0,0.0,9.0,-8.0,-5.0,-5.0,-8.0,-6.0,0.12233718807060256,-0.3333333333333333,-0.07060185185185186,0.12233718807060256,-1.0,0.0,9.0,0.001953125,0.0390625,0.001953125,0.0390625,0.09375,-0.0014930766889835658,0.013671875,-0.44140625,-0.0029296875,0.07421875,-0.287109375,0.001953125,0.07421875,-8.0,-0.15625,-23.0,0.0,0.0,0.0,0.0,0.0,32.0,0.0,0.0,0.8830880708992481,0.0,0.0,26.0,0.0,0.0,0.0,0.0,0.5,0.16766181036541677,0.0,0.00752314814814814,0.16766181036541672,0.0,0.0,26.0,0.0,0.0,0.0,0.0,-0.00390625,-0.004742170706950084,0.0,0.0,0.0,0.0068359375,0.0,0.0,0.0,0.0,0.0,0.0,0.0,0.0,0.0
SingleLineInfilling/HumanEval/4/L1,19,17-24,False,len32_s64,False,False,False,False,False,False,False,24.0,64.0,24.0,24.0,2.8625129647552967,1.0,1.0,63.0,24.0,0.0,0.0,24.0,12.0,-0.3870967741935484,-0.6666666666666666,0.5,0.6129032258064516,1.0,2.0,62.0,0.1708984375,0.93359375,0.1708984375,0.93359375,0.8359375,0.012301537298387098,0.001953125,0.0517578125,0.039794921875,0.435546875,0.19140625,0.1376953125,0.578125,24.0,0.0,81.0,2.0,2.0,4.0,32.0,64.0,32.0,32.0,2.6185850501060486,0.0,0.0,59.0,32.0,2.0,2.0,32.0,17.0,-0.5172413793103449,-0.6666666666666666,0.53125,0.4827586206896552,1.0,2.0,58.0,0.1591796875,0.859375,0.1591796875,0.87890625,0.671875,0.012072332974137932,-0.005859375,0.396484375,0.044189453125,0.404296875,0.494140625,0.134765625,0.4765625,32.0,0.0625,108.0,4.0,2.0,4.0,32.0,96.0,32.0,32.0,3.937220148742199,0.0,0.0,89.0,32.0,2.0,2.0,32.0,17.0,-0.3409090909090909,-0.3333333333333333,0.53125,0.6590909090909091,2.0,2.0,88.0,0.1591796875,0.859375,0.1591796875,0.87890625,0.6640625,0.007956764914772728,0.0,0.396484375,0.044189453125,0.404296875,0.494140625,0.134765625,0.494140625,32.0,0.0625,108.0,4.0,2.0,4.0,-8.0,0.0,-8.0,-8.0,0.24392791464924812,1.0,1.0,4.0,-8.0,-2.0,-2.0,-8.0,-5.0,0.13014460511679649,0.0,-0.03125,0.13014460511679643,0.0,0.0,4.0,0.01171875,0.07421875,0.01171875,0.0546875,0.1640625,0.00022920432424916592,0.0078125,-0.3447265625,-0.00439453125,0.03125,-0.302734375,0.0029296875,0.1015625,-8.0,-0.0625,-27.0,-2.0,0.0,0.0,0.0,0.0,32.0,0.0,0.0,1.3186350986361504,0.0,0.0,30.0,0.0,0.0,0.0,0.0,0.0,0.17633228840125398,0.3333333333333333,0.0,0.17633228840125387,1.0,0.0,30.0,0.0,0.0,0.0,0.0,-0.0078125,-0.004115568059365204,0.005859375,0.0,0.0,0.0,0.0,0.0,0.017578125,0.0,0.0,0.0,0.0,0.0,0.0
SingleLineInfilling/HumanEval/6/L12,21,17-24,False,len32_s64,False,False,False,False,False,False,False,24.0,64.0,24.0,24.0,3.963891478255391,1.0,1.0,61.0,24.0,1.0,1.0,24.0,12.0,-0.38333333333333336,-0.3333333333333333,0.5157103825136612,0.6166666666666667,2.0,2.0,60.0,0.1630859375,0.90625,0.1630859375,0.9375,0.828125,0.012386067708333334,0.0,0.1728515625,0.05810546875,0.33203125,0.294921875,0.126953125,0.46875,24.0,0.041666666666666664,95.0,3.0,3.0,4.0,32.0,64.0,32.0,32.0,3.7839373107999563,0.0,0.0,59.0,32.0,2.0,2.0,32.0,17.0,-0.5172413793103449,-0.6666666666666666,0.53125,0.4827586206896552,1.0,2.0,58.0,0.154296875,0.921875,0.154296875,0.921875,0.75390625,0.013234105603448275,0.01953125,0.185546875,0.0673828125,0.3046875,0.310546875,0.140625,0.4453125,32.0,0.0625,118.0,8.0,5.0,4.0,32.0,96.0,32.0,32.0,5.6785003039985895,0.0,0.0,89.0,32.0,2.0,2.0,32.0,17.0,-0.3409090909090909,-0.3333333333333333,0.53125,0.6590909090909091,2.0,2.0,88.0,0.154296875,0.921875,0.154296875,0.921875,0.75390625,0.008722478693181818,0.0,0.185546875,0.0673828125,0.3046875,0.310546875,0.140625,0.4375,32.0,0.0625,118.0,8.0,5.0,4.0,-8.0,0.0,-8.0,-8.0,0.1799541674554348,1.0,1.0,2.0,-8.0,-1.0,-1.0,-8.0,-5.0,0.1339080459770115,0.3333333333333333,-0.015539617486338808,0.1339080459770115,1.0,0.0,2.0,0.0087890625,-0.015625,0.0087890625,0.015625,0.07421875,-0.0008480378951149416,-0.01953125,-0.0126953125,-0.00927734375,0.02734375,-0.015625,-0.013671875,0.0234375,-8.0,-0.020833333333333336,-23.0,-5.0,-2.0,0.0,0.0,0.0,32.0,0.0,0.0,1.8945629931986332,0.0,0.0,30.0,0.0,0.0,0.0,0.0,0.0,0.17633228840125398,0.3333333333333333,0.0,0.17633228840125387,1.0,0.0,30.0,0.0,0.0,0.0,0.0,0.0,-0.004511626910266457,-0.01953125,0.0,0.0,0.0,0.0,0.0,-0.0078125,0.0,0.0,0.0,0.0,0.0,0.0
SingleLineInfilling/HumanEval/7/L0,14,13-16,False,len32_s64,False,False,True,False,True,True,False,24.0,64.0,24.0,24.0,2.1199719347059727,1.0,1.0,58.0,24.0,2.0,2.0,24.0,13.0,-0.38596491228070173,-0.3333333333333333,0.5387931034482759,0.6140350877192983,2.0,2.0,57.0,0.1748046875,0.91796875,0.1748046875,0.9296875,0.5546875,0.01303796600877193,0.0,0.09716796875,0.06982421875,0.294921875,0.462890625,0.15234375,0.4013671875,24.0,0.08333333333333333,88.0,4.0,3.0,4.0,32.0,64.0,32.0,32.0,2.969094939529896,0.0,0.0,63.0,32.0,0.0,0.0,32.0,16.0,-0.5161290322580645,-0.6666666666666666,0.5,0.4838709677419355,1.0,2.0,62.0,0.16796875,0.9453125,0.1650390625,0.9453125,0.73828125,0.012537802419354838,0.0,0.306640625,0.06005859375,0.173828125,0.52734375,0.130859375,0.28515625,32.0,0.0,136.0,4.0,3.0,4.0,32.0,96.0,32.0,32.0,4.454538384452462,0.0,0.0,95.0,32.0,0.0,0.0,32.0,16.0,-0.3404255319148936,-0.3333333333333333,0.5,0.6595744680851063,2.0,2.0,94.0,0.16796875,0.9453125,0.1650390625,0.9453125,0.73828125,0.008269614361702128,0.0,0.306640625,0.06005859375,0.201171875,0.52734375,0.130859375,0.326171875,32.0,0.0,136.0,4.0,3.0,4.0,-8.0,0.0,-8.0,-8.0,-0.8491230048239231,1.0,1.0,-5.0,-8.0,2.0,2.0,-8.0,-3.0,0.13016411997736277,0.3333333333333333,0.03879310344827591,0.13016411997736277,1.0,0.0,-5.0,0.0068359375,-0.02734375,0.009765625,-0.015625,-0.18359375,0.0005001635894170912,0.0,-0.20947265625,0.009765625,0.12109375,-0.064453125,0.021484375,0.1162109375,-8.0,0.08333333333333333,-48.0,0.0,0.0,0.0,0.0,0.0,32.0,0.0,0.0,1.4854434449225664,0.0,0.0,32.0,0.0,0.0,0.0,0.0,0.0,0.1757035003431709,0.3333333333333333,0.0,0.17570350034317084,1.0,0.0,32.0,0.0,0.0,0.0,0.0,0.0,-0.00426818805765271,0.0,0.0,0.0,0.02734375,0.0,0.0,0.041015625,0.0,0.0,0.0,0.0,0.0,0.0
SingleLineInfilling/HumanEval/10/L8,15,13-16,False,len32_s64,False,False,False,False,False,False,False,24.0,64.0,24.0,24.0,2.7525193709880114,1.0,1.0,40.0,24.0,9.0,9.0,24.0,16.0,-0.38461538461538464,-0.3333333333333333,0.6791666666666667,0.6153846153846154,2.0,2.0,38.0,0.1787109375,0.9296875,0.1787109375,0.9296875,0.5146484375,0.019255809294871796,0.0078125,0.75,0.052734375,0.20361328125,0.81640625,0.1455078125,0.3271484375,24.0,0.375,88.0,4.0,2.0,4.0,32.0,64.0,32.0,32.0,3.7116611376404762,1.0,1.0,54.0,32.0,5.0,5.0,32.0,18.0,-0.5094339622641509,-0.3333333333333333,0.5706018518518519,0.49056603773584906,2.0,2.0,53.0,0.1533203125,0.921875,0.1533203125,0.921875,0.724609375,0.014501031839622642,0.0,0.5703125,0.052490234375,0.2197265625,0.71875,0.1376953125,0.32421875,32.0,0.15625,117.0,4.0,3.0,4.0,32.0,96.0,32.0,32.0,5.423584362491965,1.0,1.0,80.0,32.0,5.0,5.0,32.0,18.5,-0.34177215189873417,-0.3333333333333333,0.578125,0.6582278481012658,2.0,2.0,79.0,0.1533203125,0.921875,0.1533203125,0.921875,0.71875,0.009728540348101266,0.0,0.5703125,0.052490234375,0.2080078125,0.71875,0.1376953125,0.32421875,32.0,0.15625,117.0,4.0,3.0,4.0,-8.0,0.0,-8.0,-8.0,-0.9591417666524649,0.0,0.0,-14.0,-8.0,4.0,4.0,-8.0,-2.0,0.1248185776487663,0.0,0.10856481481481484,0.12481857764876636,0.0,0.0,-15.0,0.025390625,0.0078125,0.025390625,0.0078125,-0.2099609375,0.004754777455249154,0.0078125,0.1796875,0.000244140625,-0.01611328125,0.09765625,0.0078125,0.0029296875,-8.0,0.21875,-29.0,0.0,-1.0,0.0,0.0,0.0,32.0,0.0,0.0,1.711923224851489,0.0,0.0,26.0,0.0,0.0,0.0,0.0,0.5,0.16766181036541677,0.0,0.00752314814814814,0.16766181036541672,0.0,0.0,26.0,0.0,0.0,0.0,0.0,-0.005859375,-0.004772491491521376,0.0,0.0,0.0,-0.01171875,0.0,0.0,0.0,0.0,0.0,0.0,0.0,0.0,0.0
SingleLineInfilling/HumanEval/11/L6,22,17-24,False,len32_s64,False,False,True,False,True,True,False,24.0,64.0,24.0,24.0,2.0296236127614975,1.0,1.0,40.0,24.0,9.0,9.0,24.0,16.0,-0.38461538461538464,-0.3333333333333333,0.6791666666666667,0.6153846153846154,2.0,2.0,38.0,0.1630859375,0.93359375,0.1630859375,0.93359375,0.84375,0.019756610576923076,0.00390625,0.703125,0.06689453125,0.65625,0.828125,0.1279296875,0.765625,24.0,0.375,54.0,3.0,1.0,4.0,32.0,64.0,32.0,32.0,2.7239793110638857,0.0,0.0,63.0,32.0,0.0,0.0,32.0,16.0,-0.5161290322580645,-0.6666666666666666,0.5,0.4838709677419355,1.0,2.0,62.0,0.1484375,0.9453125,0.1484375,0.9453125,0.73828125,0.012852822580645162,0.00390625,0.28515625,0.07275390625,0.37109375,0.451171875,0.134765625,0.482421875,32.0,0.0,73.0,4.0,2.0,4.0,32.0,96.0,32.0,32.0,4.093368139117956,0.0,0.0,95.0,32.0,0.0,0.0,32.0,16.0,-0.3404255319148936,-0.3333333333333333,0.5,0.6595744680851063,2.0,2.0,94.0,0.1484375,0.9453125,0.1484375,0.9453125,0.73828125,0.008477393617021276,0.0,0.28515625,0.07275390625,0.37109375,0.451171875,0.134765625,0.482421875,32.0,0.0,73.0,4.0,2.0,4.0,-8.0,0.0,-8.0,-8.0,-0.6943556983023882,1.0,1.0,-23.0,-8.0,9.0,9.0,-8.0,0.0,0.13151364764267987,0.3333333333333333,0.1791666666666667,0.13151364764267992,1.0,0.0,-24.0,0.0146484375,-0.01171875,0.0146484375,-0.01171875,0.10546875,0.006903787996277914,0.0,0.41796875,-0.005859375,0.28515625,0.376953125,-0.0068359375,0.283203125,-8.0,0.375,-19.0,-1.0,-1.0,0.0,0.0,0.0,32.0,0.0,0.0,1.3693888280540705,0.0,0.0,32.0,0.0,0.0,0.0,0.0,0.0,0.1757035003431709,0.3333333333333333,0.0,0.17570350034317084,1.0,0.0,32.0,0.0,0.0,0.0,0.0,0.0,-0.004375428963623886,-0.00390625,0.0,0.0,0.0,0.0,0.0,0.0,0.0,0.0,0.0,0.0,0.0,0.0
SingleLineInfilling/HumanEval/15/L0,19,17-24,False,len32_s64,False,False,False,False,False,False,False,24.0,64.0,24.0,24.0,2.107169495895505,0.0,0.0,63.0,24.0,0.0,0.0,24.0,12.0,-0.3870967741935484,-0.6666666666666666,0.5,0.6129032258064516,1.0,2.0,62.0,0.1875,0.9453125,0.1875,0.94921875,0.63671875,0.012222782258064516,-0.001953125,0.0,0.0,0.2255859375,0.251953125,0.1875,0.3515625,24.0,0.0,69.0,4.0,4.0,4.0,32.0,64.0,32.0,32.0,2.1337929032742977,0.0,0.0,63.0,32.0,0.0,0.0,32.0,16.0,-0.5161290322580645,-0.6666666666666666,0.5,0.4838709677419355,1.0,2.0,62.0,0.166015625,0.97265625,0.166015625,0.97265625,0.62890625,0.013010332661290322,0.001953125,0.0,0.0,0.1943359375,0.169921875,0.134765625,0.302734375,32.0,0.0,102.0,6.0,5.0,4.0,32.0,96.0,32.0,32.0,3.2009100895375013,0.0,0.0,95.0,32.0,0.0,0.0,32.0,16.0,-0.3404255319148936,-0.3333333333333333,0.5,0.6595744680851063,2.0,2.0,94.0,0.166015625,0.97265625,0.166015625,0.97265625,0.62890625,0.00858128324468085,0.0,0.0,0.0,0.1943359375,0.169921875,0.134765625,0.302734375,32.0,0.0,102.0,6.0,5.0,4.0,-8.0,0.0,-8.0,-8.0,-0.026623407378792763,0.0,0.0,0.0,-8.0,0.0,0.0,-8.0,-4.0,0.12903225806451613,0.0,0.0,0.12903225806451613,0.0,0.0,0.0,0.021484375,-0.02734375,0.021484375,-0.0234375,0.0078125,-0.0007875504032258066,-0.00390625,0.0,0.0,0.03125,0.08203125,0.052734375,0.048828125,-8.0,0.0,-33.0,-2.0,-1.0,0.0,0.0,0.0,32.0,0.0,0.0,1.0671171862632036,0.0,0.0,32.0,0.0,0.0,0.0,0.0,0.0,0.1757035003431709,0.3333333333333333,0.0,0.17570350034317084,1.0,0.0,32.0,0.0,0.0,0.0,0.0,0.0,-0.004429049416609472,-0.001953125,0.0,0.0,0.0,0.0,0.0,0.0,0.0,0.0,0.0,0.0,0.0,0.0
SingleLineInfilling/HumanEval/16/L0,8,<=8,False,len32_s64,True,True,True,True,True,False,False,24.0,64.0,24.0,24.0,2.219878178089857,1.0,1.0,63.0,24.0,0.0,0.0,24.0,12.0,-0.3870967741935484,-0.6666666666666666,0.5,0.6129032258064516,1.0,2.0,62.0,0.16796875,0.984375,0.16796875,0.984375,0.68359375,0.013167842741935484,0.03515625,0.61328125,0.003662109375,0.1513671875,0.65625,0.04248046875,0.255859375,24.0,0.0,86.0,3.0,3.0,4.0,32.0,64.0,32.0,32.0,2.2267905976623297,1.0,1.0,62.0,32.0,1.0,1.0,32.0,16.0,-0.5081967213114754,-0.3333333333333333,0.5080645161290323,0.4918032786885246,2.0,2.0,61.0,0.154296875,0.92578125,0.154296875,0.92578125,0.591796875,0.012647284836065574,0.0,0.03466796875,0.03173828125,0.1005859375,0.1552734375,0.06982421875,0.1943359375,32.0,0.03125,117.0,6.0,4.0,4.0,32.0,96.0,32.0,32.0,3.213812369853258,1.0,1.0,92.0,32.0,1.0,1.0,32.0,16.5,-0.34065934065934067,-0.3333333333333333,0.515625,0.6593406593406593,2.0,2.0,91.0,0.154296875,0.92578125,0.154296875,0.92578125,0.5859375,0.008477850274725274,0.0,0.03466796875,0.03173828125,0.103515625,0.1552734375,0.06982421875,0.1943359375,32.0,0.03125,117.0,6.0,4.0,4.0,-8.0,0.0,-8.0,-8.0,-0.006912419572472572,0.0,0.0,1.0,-8.0,-1.0,-1.0,-8.0,-4.0,0.12109994711792704,-0.3333333333333333,-0.008064516129032251,0.12109994711792704,-1.0,0.0,1.0,0.013671875,0.05859375,0.013671875,0.05859375,0.091796875,0.00052055790586991,0.03515625,0.57861328125,-0.028076171875,0.05078125,0.5009765625,-0.02734375,0.0615234375,-8.0,-0.03125,-31.0,-3.0,-1.0,0.0,0.0,0.0,32.0,0.0,0.0,0.9870217721909285,0.0,0.0,30.0,0.0,0.0,0.0,0.0,0.5,0.16753738065213475,0.0,0.007560483870967749,0.16753738065213475,0.0,0.0,30.0,0.0,0.0,0.0,0.0,-0.005859375,-0.0041694345613403,0.0,0.0,0.0,0.0029296875,0.0,0.0,0.0,0.0,0.0,0.0,0.0,0.0,0.0
SingleLineInfilling/HumanEval/17/L1,19,17-24,False,len32_s64,False,False,False,False,False,False,False,24.0,64.0,24.0,24.0,4.04499327018857,1.0,1.0,61.0,24.0,1.0,1.0,24.0,12.0,-0.38333333333333336,-0.3333333333333333,0.5157103825136612,0.6166666666666667,2.0,2.0,60.0,0.1904296875,0.9453125,0.1904296875,0.9453125,0.6484375,0.012581380208333333,0.0,0.185546875,0.05859375,0.2734375,0.375,0.1689453125,0.3984375,24.0,0.041666666666666664,100.0,4.0,4.0,4.0,32.0,64.0,32.0,32.0,4.144078593701124,1.0,1.0,62.0,32.0,1.0,1.0,32.0,16.0,-0.5081967213114754,-0.3333333333333333,0.5080645161290323,0.4918032786885246,2.0,2.0,61.0,0.171875,0.9453125,0.171875,0.9453125,0.880859375,0.012679303278688525,0.0,0.12255859375,0.05712890625,0.365234375,0.35546875,0.1533203125,0.5078125,32.0,0.03125,120.0,5.0,4.0,4.0,32.0,96.0,32.0,32.0,6.0798679776489735,1.0,1.0,92.0,32.0,1.0,1.0,32.0,16.5,-0.34065934065934067,-0.3333333333333333,0.515625,0.6593406593406593,2.0,2.0,91.0,0.171875,0.9453125,0.171875,0.9453125,0.87890625,0.008499313186813186,0.0,0.12255859375,0.05712890625,0.365234375,0.35546875,0.1533203125,0.5078125,32.0,0.03125,120.0,5.0,4.0,4.0,-8.0,0.0,-8.0,-8.0,-0.09908532351255417,0.0,0.0,-1.0,-8.0,0.0,0.0,-8.0,-4.0,0.12486338797814206,0.0,0.007645866384628941,0.12486338797814212,0.0,0.0,-1.0,0.0185546875,0.0,0.0185546875,0.0,-0.232421875,-9.792307035519192e-05,0.0,0.06298828125,0.00146484375,-0.091796875,0.01953125,0.015625,-0.109375,-8.0,0.010416666666666664,-20.0,-1.0,0.0,0.0,0.0,0.0,32.0,0.0,0.0,1.9357893839478493,0.0,0.0,30.0,0.0,0.0,0.0,0.0,0.5,0.16753738065213475,0.0,0.007560483870967749,0.16753738065213475,0.0,0.0,30.0,0.0,0.0,0.0,0.0,-0.001953125,-0.004179990091875339,0.0,0.0,0.0,0.0,0.0,0.0,0.0,0.0,0.0,0.0,0.0,0.0,0.0
SingleLineInfilling/HumanEval/19/L12,27,25+,False,len32_s64,False,False,False,False,False,False,False,24.0,64.0,24.0,24.0,4.02690208889544,1.0,1.0,61.0,24.0,1.0,1.0,24.0,12.0,-0.38333333333333336,-0.3333333333333333,0.5157103825136612,0.6166666666666667,2.0,2.0,60.0,0.1640625,0.91796875,0.1640625,0.9296875,0.60546875,0.012565104166666667,0.0,0.033203125,0.033203125,0.1591796875,0.28125,0.1435546875,0.28125,24.0,0.041666666666666664,92.0,3.0,3.0,4.0,32.0,64.0,32.0,32.0,4.011101916432381,0.0,0.0,62.0,32.0,1.0,1.0,32.0,16.0,-0.5081967213114754,-0.3333333333333333,0.5080645161290323,0.4918032786885246,2.0,2.0,61.0,0.1572265625,0.9375,0.1572265625,0.9375,0.71875,0.012791367827868853,0.0,0.0166015625,0.0166015625,0.1845703125,0.27734375,0.140625,0.349609375,32.0,0.03125,122.0,4.0,4.0,4.0,32.0,96.0,32.0,32.0,5.92425686493516,0.0,0.0,92.0,32.0,1.0,1.0,32.0,16.5,-0.34065934065934067,-0.3333333333333333,0.515625,0.6593406593406593,2.0,2.0,91.0,0.1572265625,0.9375,0.1572265625,0.9375,0.71875,0.00857443337912088,0.0,0.0166015625,0.0166015625,0.1640625,0.27734375,0.140625,0.328125,32.0,0.03125,122.0,4.0,4.0,4.0,-8.0,0.0,-8.0,-8.0,0.015800172463059425,1.0,1.0,-1.0,-8.0,0.0,0.0,-8.0,-4.0,0.12486338797814206,0.0,0.007645866384628941,0.12486338797814212,0.0,0.0,-1.0,0.0068359375,-0.01953125,0.0068359375,-0.0078125,-0.11328125,-0.00022626366120218587,0.0,0.0166015625,0.0166015625,-0.025390625,0.00390625,0.0029296875,-0.068359375,-8.0,0.010416666666666664,-30.0,-1.0,-1.0,0.0,0.0,0.0,32.0,0.0,0.0,1.913154948502779,0.0,0.0,30.0,0.0,0.0,0.0,0.0,0.5,0.16753738065213475,0.0,0.007560483870967749,0.16753738065213475,0.0,0.0,30.0,0.0,0.0,0.0,0.0,0.0,-0.004216934448747973,0.0,0.0,0.0,-0.0205078125,0.0,0.0,-0.021484375,0.0,0.0,0.0,0.0,0.0,0.0
SingleLineInfilling/HumanEval/21/L2,22,17-24,False,len32_s64,False,False,False,False,False,False,False,24.0,64.0,24.0,24.0,2.861528728157282,1.0,1.0,61.0,24.0,1.0,1.0,24.0,12.0,-0.38333333333333336,-0.3333333333333333,0.5157103825136612,0.6166666666666667,2.0,2.0,60.0,0.1484375,0.9375,0.1484375,0.9375,0.59765625,0.013151041666666667,0.0,0.11572265625,0.04150390625,0.1484375,0.26953125,0.1318359375,0.27734375,24.0,0.041666666666666664,74.0,3.0,3.0,4.0,32.0,64.0,32.0,32.0,2.868885152041912,0.0,0.0,63.0,32.0,0.0,0.0,32.0,16.0,-0.5161290322580645,-0.6666666666666666,0.5,0.4838709677419355,1.0,2.0,62.0,0.14453125,0.96875,0.14453125,0.96875,0.55859375,0.013293850806451613,0.0078125,0.255859375,0.04052734375,0.1533203125,0.439453125,0.12353515625,0.2412109375,32.0,0.0,118.0,4.0,4.0,4.0,32.0,96.0,32.0,32.0,4.309795478358865,0.0,0.0,95.0,32.0,0.0,0.0,32.0,16.0,-0.3404255319148936,-0.3333333333333333,0.5,0.6595744680851063,2.0,2.0,94.0,0.14453125,0.96875,0.14453125,0.96875,0.55859375,0.008768284574468085,0.0,0.255859375,0.04052734375,0.1533203125,0.439453125,0.12353515625,0.2412109375,32.0,0.0,118.0,4.0,4.0,4.0,-8.0,0.0,-8.0,-8.0,-0.007356423884630203,1.0,1.0,-2.0,-8.0,1.0,1.0,-8.0,-4.0,0.13279569892473114,0.3333333333333333,0.015710382513661192,0.1327956989247312,1.0,0.0,-2.0,0.00390625,-0.03125,0.00390625,-0.03125,0.0390625,-0.00014280913978494646,-0.0078125,-0.14013671875,0.0009765625,-0.0048828125,-0.169921875,0.00830078125,0.0361328125,-8.0,0.041666666666666664,-44.0,-1.0,-1.0,0.0,0.0,0.0,32.0,0.0,0.0,1.4409103263169527,0.0,0.0,32.0,0.0,0.0,0.0,0.0,0.0,0.1757035003431709,0.3333333333333333,0.0,0.17570350034317084,1.0,0.0,32.0,0.0,0.0,0.0,0.0,0.0,-0.004525566231983528,-0.0078125,0.0,0.0,0.0,0.0,0.0,0.0,0.0,0.0,0.0,0.0,0.0,0.0
SingleLineInfilling/HumanEval/26/L2,17,17-24,False,len32_s64,False,False,False,False,False,False,False,24.0,64.0,24.0,24.0,2.142386607825756,0.0,0.0,61.0,24.0,1.0,1.0,24.0,12.0,-0.38333333333333336,-0.3333333333333333,0.5157103825136612,0.6166666666666667,2.0,2.0,60.0,0.18359375,0.8984375,0.18359375,0.8984375,0.75,0.0119140625,0.0,0.1494140625,0.0673828125,0.369140625,0.193359375,0.1572265625,0.47265625,24.0,0.041666666666666664,62.0,4.0,2.0,4.0,32.0,64.0,32.0,32.0,2.797542642802,0.0,0.0,59.0,32.0,2.0,2.0,32.0,17.0,-0.5172413793103449,-0.6666666666666666,0.53125,0.4827586206896552,1.0,2.0,58.0,0.1669921875,0.94140625,0.1669921875,0.94140625,0.59375,0.013351966594827586,0.001953125,0.609375,0.06396484375,0.259765625,0.64453125,0.154296875,0.35546875,32.0,0.0625,93.0,4.0,2.0,4.0,32.0,96.0,32.0,32.0,4.206237545236945,0.0,0.0,89.0,32.0,2.0,2.0,32.0,17.0,-0.3409090909090909,-0.3333333333333333,0.53125,0.6590909090909091,2.0,2.0,88.0,0.1669921875,0.94140625,0.1669921875,0.94140625,0.625,0.008800159801136364,0.0,0.609375,0.06396484375,0.287109375,0.64453125,0.154296875,0.376953125,32.0,0.0625,93.0,4.0,2.0,4.0,-8.0,0.0,-8.0,-8.0,-0.655156034976244,0.0,0.0,2.0,-8.0,-1.0,-1.0,-8.0,-5.0,0.1339080459770115,0.3333333333333333,-0.015539617486338808,0.1339080459770115,1.0,0.0,2.0,0.0166015625,-0.04296875,0.0166015625,-0.04296875,0.15625,-0.001437904094827587,-0.001953125,-0.4599609375,0.00341796875,0.109375,-0.451171875,0.0029296875,0.1171875,-8.0,-0.020833333333333336,-31.0,0.0,0.0,0.0,0.0,0.0,32.0,0.0,0.0,1.408694902434945,0.0,0.0,30.0,0.0,0.0,0.0,0.0,0.0,0.17633228840125398,0.3333333333333333,0.0,0.17633228840125387,1.0,0.0,30.0,0.0,0.0,0.0,0.0,0.03125,-0.004551806793691222,-0.001953125,0.0,0.0,0.02734375,0.0,0.0,0.021484375,0.0,0.0,0.0,0.0,0.0,0.0
SingleLineInfilling/HumanEval/27/L0,8,<=8,False,len32_s64,False,False,False,False,False,False,False,24.0,64.0,24.0,24.0,1.5471869930624962,1.0,1.0,42.0,24.0,8.0,8.0,24.0,16.0,-0.3902439024390244,-0.3333333333333333,0.6636904761904762,0.6097560975609756,2.0,2.0,41.0,0.158203125,0.890625,0.158203125,0.89453125,0.76171875,0.017863948170731708,0.0,0.53125,0.08056640625,0.52734375,0.71484375,0.1318359375,0.64453125,24.0,0.3333333333333333,99.0,4.0,4.0,4.0,32.0,64.0,32.0,32.0,1.8494149707257748,1.0,1.0,50.0,32.0,7.0,7.0,32.0,19.5,-0.5102040816326531,-0.3333333333333333,0.601875,0.4897959183673469,2.0,2.0,49.0,0.15234375,0.90234375,0.150390625,0.90234375,0.79296875,0.015306122448979591,0.0,0.255859375,0.0771484375,0.41015625,0.61328125,0.123046875,0.61328125,32.0,0.21875,134.0,6.0,6.0,4.0,32.0,96.0,32.0,32.0,2.660516394302249,1.0,1.0,74.0,32.0,7.0,7.0,32.0,19.5,-0.3424657534246575,-0.3333333333333333,0.609375,0.6575342465753424,2.0,2.0,73.0,0.15234375,0.90234375,0.150390625,0.90234375,0.79296875,0.010273972602739725,0.0,0.255859375,0.0771484375,0.41015625,0.61328125,0.123046875,0.61328125,32.0,0.21875,134.0,6.0,6.0,4.0,-8.0,0.0,-8.0,-8.0,-0.3022279776632786,0.0,0.0,-8.0,-8.0,1.0,1.0,-8.0,-3.5,0.11996017919362867,0.0,0.061815476190476115,0.11996017919362867,0.0,0.0,-8.0,0.005859375,-0.01171875,0.0078125,-0.0078125,-0.03125,0.002557825721752116,0.0,0.275390625,0.00341796875,0.1171875,0.1015625,0.0087890625,0.03125,-8.0,0.11458333333333331,-35.0,-2.0,-2.0,0.0,0.0,0.0,32.0,0.0,0.0,0.8111014235764742,0.0,0.0,24.0,0.0,0.0,0.0,0.0,0.0,0.16773832820799556,0.0,0.007499999999999951,0.1677383282079955,0.0,0.0,24.0,0.0,0.0,0.0,0.0,0.0,-0.005032149846239866,0.0,0.0,0.0,0.0,0.0,0.0,0.0,0.0,0.0,0.0,0.0,0.0,0.0
SingleLineInfilling/HumanEval/30/L0,15,13-16,False,len32_s64,False,False,False,False,False,False,False,24.0,64.0,24.0,24.0,2.5071714222431183,0.0,0.0,58.0,24.0,2.0,2.0,24.0,13.0,-0.38596491228070173,-0.3333333333333333,0.5387931034482759,0.6140350877192983,2.0,2.0,57.0,0.20703125,0.89453125,0.19140625,0.89453125,0.63671875,0.01206140350877193,0.0,0.01300048828125,0.01300048828125,0.24951171875,0.30859375,0.15625,0.40625,24.0,0.08333333333333333,61.0,4.0,2.0,4.0,32.0,64.0,32.0,32.0,2.583082728087902,0.0,0.0,59.0,32.0,2.0,2.0,32.0,17.0,-0.5172413793103449,-0.6666666666666666,0.53125,0.4827586206896552,1.0,2.0,58.0,0.1875,0.921875,0.1875,0.921875,0.6015625,0.012661637931034482,0.009765625,0.01239013671875,0.01239013671875,0.28515625,0.30859375,0.1640625,0.3984375,32.0,0.0625,99.0,5.0,3.0,4.0,32.0,96.0,32.0,32.0,3.8760189842432737,0.0,0.0,89.0,32.0,2.0,2.0,32.0,17.0,-0.3409090909090909,-0.3333333333333333,0.53125,0.6590909090909091,2.0,2.0,88.0,0.1875,0.921875,0.1875,0.921875,0.6015625,0.008345170454545454,0.0,0.01239013671875,0.01239013671875,0.28515625,0.30859375,0.1640625,0.41015625,32.0,0.0625,99.0,5.0,3.0,4.0,-8.0,0.0,-8.0,-8.0,-0.07591130584478378,0.0,0.0,-1.0,-8.0,0.0,0.0,-8.0,-4.0,0.13127646702964313,0.3333333333333333,0.007543103448275912,0.13127646702964307,1.0,0.0,-1.0,0.01953125,-0.02734375,0.00390625,-0.02734375,0.03515625,-0.0006002344222625529,-0.009765625,0.0006103515625,0.0006103515625,-0.03564453125,0.0,-0.0078125,0.0078125,-8.0,0.02083333333333333,-38.0,-1.0,-1.0,0.0,0.0,0.0,32.0,0.0,0.0,1.2929362561553717,0.0,0.0,30.0,0.0,0.0,0.0,0.0,0.0,0.17633228840125398,0.3333333333333333,0.0,0.17633228840125387,1.0,0.0,30.0,0.0,0.0,0.0,0.0,0.0,-0.004316467476489028,-0.009765625,0.0,0.0,0.0,0.0,0.0,0.01171875,0.0,0.0,0.0,0.0,0.0,0.0
SingleLineInfilling/HumanEval/34/L0,8,<=8,False,len32_s64,True,True,False,True,True,False,True,24.0,64.0,24.0,24.0,2.1270559653639793,0.0,0.0,63.0,24.0,0.0,0.0,24.0,12.0,-0.3870967741935484,-0.6666666666666666,0.5,0.6129032258064516,1.0,2.0,62.0,0.1943359375,0.94140625,0.1875,0.94140625,0.6953125,0.012049521169354838,0.015625,0.125,0.0830078125,0.2412109375,0.1982421875,0.142578125,0.337890625,24.0,0.0,63.0,6.0,4.0,4.0,32.0,64.0,32.0,32.0,2.0788539424538612,1.0,1.0,58.0,32.0,3.0,3.0,32.0,17.5,-0.5087719298245614,-0.3333333333333333,0.5393318965517241,0.49122807017543857,2.0,2.0,57.0,0.17578125,0.90234375,0.1708984375,0.90234375,0.73828125,0.01274671052631579,0.0,0.0625,0.0625,0.32421875,0.232421875,0.14453125,0.466796875,32.0,0.09375,115.0,5.0,5.0,4.0,32.0,96.0,32.0,32.0,3.0350757632404566,1.0,1.0,86.0,32.0,3.0,3.0,32.0,17.5,-0.3411764705882353,-0.3333333333333333,0.546875,0.6588235294117647,2.0,2.0,85.0,0.17578125,0.90234375,0.1708984375,0.90234375,0.73828125,0.00854779411764706,0.0,0.0625,0.0625,0.28515625,0.232421875,0.14453125,0.4375,32.0,0.09375,115.0,5.0,5.0,4.0,-8.0,0.0,-8.0,-8.0,0.0482020229101181,-1.0,-1.0,5.0,-8.0,-3.0,-3.0,-8.0,-5.5,0.12167515563101305,-0.3333333333333333,-0.03933189655172409,0.12167515563101305,-1.0,0.0,5.0,0.0185546875,0.0390625,0.0166015625,0.0390625,-0.04296875,-0.0006971893569609512,0.015625,0.0625,0.0205078125,-0.0830078125,-0.0341796875,-0.001953125,-0.12890625,-8.0,-0.09375,-52.0,1.0,-1.0,0.0,0.0,0.0,32.0,0.0,0.0,0.9562218207865953,0.0,0.0,28.0,0.0,0.0,0.0,0.0,0.0,0.16759545923632613,0.0,0.007543103448275912,0.16759545923632613,0.0,0.0,28.0,0.0,0.0,0.0,0.0,0.0,-0.0041989164086687295,0.0,0.0,0.0,-0.0390625,0.0,0.0,-0.029296875,0.0,0.0,0.0,0.0,0.0,0.0
SingleLineInfilling/HumanEval/41/L0,6,<=8,False,len32_s64,False,False,False,False,False,False,False,24.0,64.0,24.0,24.0,2.62923027575016,1.0,1.0,55.0,24.0,3.0,3.0,24.0,14.0,-0.3888888888888889,-0.3333333333333333,0.5621212121212121,0.6111111111111112,2.0,2.0,54.0,0.14453125,0.8984375,0.14453125,0.8984375,0.57421875,0.013961226851851851,0.0,0.4765625,0.0172119140625,0.08984375,0.60546875,0.06640625,0.166015625,24.0,0.125,80.0,4.0,3.0,4.0,32.0,64.0,32.0,32.0,3.470180856063962,1.0,1.0,63.0,32.0,0.0,0.0,32.0,16.0,-0.5161290322580645,-0.6666666666666666,0.5,0.4838709677419355,1.0,2.0,62.0,0.134765625,0.921875,0.134765625,0.9296875,0.55859375,0.0126953125,-0.00390625,0.078125,0.0198974609375,0.07470703125,0.1240234375,0.0703125,0.1708984375,32.0,0.0,107.0,7.0,5.0,4.0,32.0,96.0,32.0,32.0,5.119923360645771,1.0,1.0,95.0,32.0,0.0,0.0,32.0,16.0,-0.3404255319148936,-0.3333333333333333,0.5,0.6595744680851063,2.0,2.0,94.0,0.134765625,0.921875,0.134765625,0.9296875,0.55859375,0.008373503989361703,0.0,0.078125,0.0198974609375,0.07470703125,0.1240234375,0.0703125,0.1708984375,32.0,0.0,107.0,7.0,5.0,4.0,-8.0,0.0,-8.0,-8.0,-0.8409505803138018,0.0,0.0,-8.0,-8.0,3.0,3.0,-8.0,-2.0,0.1272401433691756,0.3333333333333333,0.06212121212121213,0.12724014336917566,1.0,0.0,-8.0,0.009765625,-0.0234375,0.009765625,-0.03125,0.015625,0.0012659143518518514,0.00390625,0.3984375,-0.002685546875,0.01513671875,0.4814453125,-0.00390625,-0.0048828125,-8.0,0.125,-27.0,-3.0,-2.0,0.0,0.0,0.0,32.0,0.0,0.0,1.649742504581809,0.0,0.0,32.0,0.0,0.0,0.0,0.0,0.0,0.1757035003431709,0.3333333333333333,0.0,0.17570350034317084,1.0,0.0,32.0,0.0,0.0,0.0,0.0,0.0,-0.004321808510638297,0.00390625,0.0,0.0,0.0,0.0,0.0,0.0,0.0,0.0,0.0,0.0,0.0,0.0
SingleLineInfilling/HumanEval/42/L0,14,13-16,False,len32_s64,False,False,False,False,False,False,False,24.0,64.0,24.0,24.0,1.9460076540708542,0.0,0.0,45.0,24.0,7.0,7.0,24.0,15.0,-0.38636363636363635,-0.3333333333333333,0.6407407407407407,0.6136363636363636,2.0,2.0,44.0,0.15625,0.8046875,0.15625,0.8046875,0.5859375,0.01473721590909091,0.0,0.265625,0.0703125,0.251953125,0.4765625,0.12158203125,0.34375,24.0,0.2916666666666667,56.0,4.0,2.0,4.0,32.0,64.0,32.0,32.0,1.7540451381355524,0.0,0.0,40.0,32.0,12.0,12.0,32.0,22.0,-0.5128205128205128,-0.6666666666666666,0.6796875,0.48717948717948717,1.0,2.0,38.0,0.1474609375,0.9453125,0.1474609375,0.9453125,0.490234375,0.020457732371794872,0.013671875,0.796875,0.07080078125,0.2158203125,0.8515625,0.12158203125,0.3017578125,32.0,0.375,100.0,5.0,3.0,4.0,32.0,96.0,32.0,32.0,2.5686017610132694,0.0,0.0,59.0,32.0,12.0,12.0,32.0,22.0,-0.3448275862068966,-0.3333333333333333,0.6875,0.6551724137931034,2.0,2.0,58.0,0.1474609375,0.8984375,0.1474609375,0.91796875,0.4921875,0.01294787176724138,0.0,0.734375,0.07080078125,0.224609375,0.80078125,0.12158203125,0.310546875,32.0,0.375,100.0,5.0,3.0,4.0,-8.0,0.0,-8.0,-8.0,0.19196251593530178,0.0,0.0,5.0,-8.0,-5.0,-5.0,-8.0,-7.0,0.12645687645687642,0.3333333333333333,-0.03894675925925928,0.12645687645687648,1.0,0.0,6.0,0.0087890625,-0.140625,0.0087890625,-0.140625,0.095703125,-0.005720516462703962,-0.013671875,-0.53125,-0.00048828125,0.0361328125,-0.375,0.0,0.0419921875,-8.0,-0.08333333333333331,-44.0,-1.0,-1.0,0.0,0.0,0.0,32.0,0.0,0.0,0.814556622877717,0.0,0.0,19.0,0.0,0.0,0.0,0.0,0.0,0.1679929266136162,0.3333333333333333,0.0078125,0.16799292661361626,1.0,0.0,20.0,0.0,-0.046875,0.0,-0.02734375,0.001953125,-0.0075098606045534925,-0.013671875,-0.0625,0.0,0.0087890625,-0.05078125,0.0,0.0087890625,0.0,0.0,0.0,0.0,0.0,0.0
SingleLineInfilling/HumanEval/45/L0,11,9-12,False,len32_s64,False,False,False,False,False,False,False,24.0,64.0,24.0,24.0,2.133504308760166,0.0,0.0,63.0,24.0,0.0,0.0,24.0,12.0,-0.3870967741935484,-0.6666666666666666,0.5,0.6129032258064516,1.0,2.0,62.0,0.1787109375,0.984375,0.1787109375,0.984375,0.625,0.012994581653225807,0.01171875,0.59375,0.08642578125,0.271484375,0.69921875,0.1650390625,0.38671875,24.0,0.0,63.0,5.0,3.0,4.0,32.0,64.0,32.0,32.0,1.8884718641638756,0.0,0.0,55.0,32.0,4.0,4.0,32.0,18.0,-0.5185185185185185,-0.6666666666666666,0.5625,0.48148148148148145,1.0,2.0,54.0,0.173828125,0.92578125,0.173828125,0.92578125,0.5234375,0.01392505787037037,0.001953125,0.455078125,0.060546875,0.2236328125,0.625,0.1533203125,0.333984375,32.0,0.125,101.0,5.0,3.0,4.0,32.0,96.0,32.0,32.0,2.833526249974966,0.0,0.0,83.0,32.0,4.0,4.0,32.0,18.0,-0.34146341463414637,-0.3333333333333333,0.5625,0.6585365853658537,2.0,2.0,82.0,0.173828125,0.92578125,0.173828125,0.92578125,0.5234375,0.00917016006097561,0.0,0.455078125,0.060546875,0.2236328125,0.625,0.1533203125,0.333984375,32.0,0.125,101.0,5.0,3.0,4.0,-8.0,0.0,-8.0,-8.0,0.2450324445962906,0.0,0.0,8.0,-8.0,-4.0,-4.0,-8.0,-6.0,0.1314217443249701,0.0,-0.0625,0.13142174432497017,0.0,0.0,8.0,0.0048828125,0.05859375,0.0048828125,0.05859375,0.1015625,-0.000930476217144564,0.009765625,0.138671875,0.02587890625,0.0478515625,0.07421875,0.01171875,0.052734375,-8.0,-0.125,-38.0,0.0,0.0,0.0,0.0,0.0,32.0,0.0,0.0,0.9450543858110905,0.0,0.0,28.0,0.0,0.0,0.0,0.0,0.0,0.17705510388437212,0.3333333333333333,0.0,0.17705510388437223,1.0,0.0,28.0,0.0,0.0,0.0,0.0,0.0,-0.0047548978093947605,-0.001953125,0.0,0.0,0.0,0.0,0.0,0.0,0.0,0.0,0.0,0.0,0.0,0.0
SingleLineInfilling/HumanEval/51/L0,34,25+,False,len32_s64,False,False,False,False,False,False,False,24.0,64.0,24.0,24.0,1.9938943814486265,0.0,0.0,45.0,24.0,7.0,7.0,24.0,15.0,-0.38636363636363635,-0.3333333333333333,0.6407407407407407,0.6136363636363636,2.0,2.0,44.0,0.1728515625,0.87109375,0.1728515625,0.87109375,0.5546875,0.015869140625,0.0,0.546875,0.06884765625,0.154296875,0.62109375,0.1494140625,0.267578125,24.0,0.2916666666666667,71.0,4.0,3.0,4.0,32.0,64.0,32.0,32.0,2.113799571990967,0.0,0.0,47.0,32.0,8.0,8.0,32.0,20.0,-0.5217391304347826,-0.6666666666666666,0.625,0.4782608695652174,1.0,2.0,46.0,0.162109375,0.88671875,0.162109375,0.890625,0.486328125,0.015752377717391304,0.001953125,0.451171875,0.068359375,0.1669921875,0.60546875,0.13671875,0.27734375,32.0,0.25,108.0,5.0,4.0,4.0,32.0,96.0,32.0,32.0,3.170156681910157,0.0,0.0,71.0,32.0,8.0,8.0,32.0,20.0,-0.34285714285714286,-0.3333333333333333,0.625,0.6571428571428571,2.0,2.0,70.0,0.162109375,0.88671875,0.162109375,0.890625,0.486328125,0.0103515625,0.0,0.451171875,0.068359375,0.1669921875,0.60546875,0.13671875,0.27734375,32.0,0.25,108.0,5.0,4.0,4.0,-8.0,0.0,-8.0,-8.0,-0.11990519054234028,0.0,0.0,-2.0,-8.0,-1.0,-1.0,-8.0,-5.0,0.13537549407114624,0.3333333333333333,0.015740740740740722,0.13537549407114624,1.0,0.0,-2.0,0.0107421875,-0.015625,0.0107421875,-0.01953125,0.068359375,0.00011676290760869595,-0.001953125,0.095703125,0.00048828125,-0.0126953125,0.015625,0.0126953125,-0.009765625,-8.0,0.041666666666666685,-37.0,-1.0,-1.0,0.0,0.0,0.0,32.0,0.0,0.0,1.0563571099191904,0.0,0.0,24.0,0.0,0.0,0.0,0.0,0.0,0.17888198757763973,0.3333333333333333,0.0,0.17888198757763973,1.0,0.0,24.0,0.0,0.0,0.0,0.0,0.0,-0.005400815217391304,-0.001953125,0.0,0.0,0.0,0.0,0.0,0.0,0.0,0.0,0.0,0.0,0.0,0.0
SingleLineInfilling/HumanEval/54/L0,12,9-12,False,len32_s64,False,False,False,False,False,False,False,24.0,64.0,24.0,24.0,2.571525853127241,0.0,0.0,58.0,24.0,2.0,2.0,24.0,13.0,-0.38596491228070173,-0.3333333333333333,0.5387931034482759,0.6140350877192983,2.0,2.0,57.0,0.1689453125,0.86328125,0.1689453125,0.875,0.703125,0.012181332236842105,0.0,0.10546875,0.040283203125,0.306640625,0.5,0.1533203125,0.423828125,24.0,0.08333333333333333,61.0,4.0,3.0,4.0,32.0,64.0,32.0,32.0,2.073454186320305,1.0,1.0,43.0,32.0,10.0,10.0,32.0,21.0,-0.5238095238095238,-0.6666666666666666,0.65625,0.47619047619047616,1.0,2.0,42.0,0.1650390625,0.84375,0.1650390625,0.84375,0.55859375,0.016159784226190476,0.05078125,0.447265625,0.0400390625,0.2060546875,0.55078125,0.1396484375,0.3203125,32.0,0.3125,90.0,7.0,4.0,4.0,32.0,96.0,32.0,32.0,3.029994633048773,1.0,1.0,65.0,32.0,10.0,10.0,32.0,21.0,-0.34375,-0.3333333333333333,0.65625,0.65625,2.0,2.0,64.0,0.1650390625,0.84375,0.1650390625,0.84375,0.55859375,0.0106048583984375,0.0,0.447265625,0.0400390625,0.2333984375,0.55078125,0.1396484375,0.32421875,32.0,0.3125,90.0,7.0,4.0,4.0,-8.0,0.0,-8.0,-8.0,0.49807166680693626,-1.0,-1.0,15.0,-8.0,-8.0,-8.0,-8.0,-8.0,0.1378446115288221,0.3333333333333333,-0.11745689655172409,0.1378446115288221,1.0,0.0,15.0,0.00390625,0.01953125,0.00390625,0.03125,0.14453125,-0.0039784519893483715,-0.05078125,-0.341796875,0.000244140625,0.1005859375,-0.05078125,0.013671875,0.103515625,-8.0,-0.22916666666666669,-29.0,-3.0,-1.0,0.0,0.0,0.0,32.0,0.0,0.0,0.9565404467284679,0.0,0.0,22.0,0.0,0.0,0.0,0.0,0.0,0.18005952380952384,0.3333333333333333,0.0,0.18005952380952384,1.0,0.0,22.0,0.0,0.0,0.0,0.0,0.0,-0.005554925827752976,-0.05078125,0.0,0.0,0.02734375,0.0,0.0,0.00390625,0.0,0.0,0.0,0.0,0.0,0.0
SingleLineInfilling/HumanEval/55/L4,16,13-16,False,len32_s64,False,False,False,False,False,False,False,24.0,64.0,24.0,24.0,1.3720562942326069,0.0,0.0,40.0,24.0,9.0,9.0,24.0,16.0,-0.38461538461538464,-0.3333333333333333,0.6791666666666667,0.6153846153846154,2.0,2.0,38.0,0.1962890625,0.9140625,0.1962890625,0.9140625,0.67578125,0.018404447115384616,0.009765625,0.734375,0.07080078125,0.3828125,0.77734375,0.1943359375,0.5546875,24.0,0.375,58.0,5.0,3.0,4.0,32.0,64.0,32.0,32.0,1.7259690891951323,0.0,0.0,50.0,32.0,7.0,7.0,32.0,19.5,-0.5102040816326531,-0.3333333333333333,0.601875,0.4897959183673469,2.0,2.0,49.0,0.1728515625,0.85546875,0.1728515625,0.85546875,0.7265625,0.013930963010204082,0.0,0.32421875,0.0771484375,0.30859375,0.458984375,0.1728515625,0.3984375,32.0,0.21875,80.0,6.0,4.0,4.0,32.0,96.0,32.0,32.0,2.538878245279193,0.0,0.0,74.0,32.0,7.0,7.0,32.0,19.5,-0.3424657534246575,-0.3333333333333333,0.609375,0.6575342465753424,2.0,2.0,73.0,0.1728515625,0.85546875,0.1728515625,0.85546875,0.72265625,0.009350920376712328,0.0,0.32421875,0.0771484375,0.275390625,0.458984375,0.1728515625,0.3984375,32.0,0.21875,80.0,6.0,4.0,4.0,-8.0,0.0,-8.0,-8.0,-0.35391279496252537,0.0,0.0,-10.0,-8.0,2.0,2.0,-8.0,-3.5,0.12558869701726844,0.0,0.07729166666666665,0.1255886970172685,0.0,0.0,-11.0,0.0234375,0.05859375,0.0234375,0.05859375,-0.05078125,0.004473484105180534,0.009765625,0.41015625,-0.00634765625,0.07421875,0.318359375,0.021484375,0.15625,-8.0,0.15625,-22.0,-1.0,-1.0,0.0,0.0,0.0,32.0,0.0,0.0,0.8129091560840607,0.0,0.0,24.0,0.0,0.0,0.0,0.0,0.0,0.16773832820799556,0.0,0.007499999999999951,0.1677383282079955,0.0,0.0,24.0,0.0,0.0,0.0,0.0,-0.00390625,-0.004580042633491753,0.0,0.0,0.0,-0.033203125,0.0,0.0,0.0,0.0,0.0,0.0,0.0,0.0,0.0
SingleLineInfilling/HumanEval/60/L0,10,9-12,False,len32_s64,True,True,False,True,True,False,True,24.0,64.0,24.0,24.0,2.0226398520171642,1.0,1.0,40.0,24.0,9.0,9.0,24.0,16.0,-0.38461538461538464,-0.3333333333333333,0.6791666666666667,0.6153846153846154,2.0,2.0,38.0,0.1748046875,0.9609375,0.1748046875,0.9609375,0.529296875,0.020157251602564104,0.115234375,0.84375,0.0673828125,0.2001953125,0.8984375,0.14453125,0.34765625,24.0,0.375,64.0,4.0,4.0,4.0,32.0,64.0,32.0,32.0,2.37915463373065,1.0,1.0,47.0,32.0,8.0,8.0,32.0,20.0,-0.5217391304347826,-0.6666666666666666,0.625,0.4782608695652174,1.0,2.0,46.0,0.162109375,0.8984375,0.162109375,0.8984375,0.52734375,0.016007133152173912,0.00390625,0.46875,0.07177734375,0.158203125,0.65234375,0.1396484375,0.287109375,32.0,0.25,79.0,6.0,4.0,4.0,32.0,96.0,32.0,32.0,3.5076697506010532,1.0,1.0,71.0,32.0,8.0,8.0,32.0,20.0,-0.34285714285714286,-0.3333333333333333,0.625,0.6571428571428571,2.0,2.0,70.0,0.162109375,0.8984375,0.162109375,0.8984375,0.52734375,0.010518973214285715,0.0,0.46875,0.07177734375,0.16796875,0.65234375,0.1396484375,0.2890625,32.0,0.25,79.0,6.0,4.0,4.0,-8.0,0.0,-8.0,-8.0,-0.3565147817134857,0.0,0.0,-7.0,-8.0,1.0,1.0,-8.0,-4.0,0.13712374581939796,0.3333333333333333,0.054166666666666696,0.137123745819398,1.0,0.0,-8.0,0.0126953125,0.0625,0.0126953125,0.0625,0.001953125,0.004150118450390192,0.111328125,0.375,-0.00439453125,0.0419921875,0.24609375,0.0048828125,0.060546875,-8.0,0.125,-15.0,-2.0,0.0,0.0,0.0,0.0,32.0,0.0,0.0,1.1285151168704033,0.0,0.0,24.0,0.0,0.0,0.0,0.0,0.0,0.17888198757763973,0.3333333333333333,0.0,0.17888198757763973,1.0,0.0,24.0,0.0,0.0,0.0,0.0,0.0,-0.005488159937888197,-0.00390625,0.0,0.0,0.009765625,0.0,0.0,0.001953125,0.0,0.0,0.0,0.0,0.0,0.0
SingleLineInfilling/HumanEval/62/L0,20,17-24,False,len32_s64,False,False,False,False,False,False,False,24.0,64.0,24.0,24.0,2.164235856384039,0.0,0.0,45.0,24.0,7.0,7.0,24.0,15.0,-0.38636363636363635,-0.3333333333333333,0.6407407407407407,0.6136363636363636,2.0,2.0,44.0,0.154296875,0.76171875,0.154296875,0.76171875,0.5625,0.013805042613636364,0.0,0.181640625,0.049560546875,0.181640625,0.30078125,0.12353515625,0.30078125,24.0,0.2916666666666667,60.0,3.0,3.0,4.0,32.0,64.0,32.0,32.0,2.6263729818165302,1.0,1.0,58.0,32.0,3.0,3.0,32.0,17.5,-0.5087719298245614,-0.3333333333333333,0.5393318965517241,0.49122807017543857,2.0,2.0,57.0,0.142578125,0.96484375,0.142578125,0.96484375,0.578125,0.014425712719298246,0.0,0.7109375,0.0498046875,0.1455078125,0.7421875,0.11669921875,0.23291015625,32.0,0.09375,55.0,6.0,6.0,4.0,32.0,96.0,32.0,32.0,3.8088556360453367,1.0,1.0,86.0,32.0,3.0,3.0,32.0,17.5,-0.3411764705882353,-0.3333333333333333,0.546875,0.6588235294117647,2.0,2.0,85.0,0.142578125,0.96484375,0.142578125,0.96484375,0.578125,0.009673713235294118,0.0,0.7109375,0.0498046875,0.1455078125,0.7421875,0.11669921875,0.2392578125,32.0,0.09375,55.0,6.0,6.0,4.0,-8.0,0.0,-8.0,-8.0,-0.4621371254324913,-1.0,-1.0,-13.0,-8.0,4.0,4.0,-8.0,-2.5,0.12240829346092508,0.0,0.10140884418901663,0.12240829346092508,0.0,0.0,-13.0,0.01171875,-0.203125,0.01171875,-0.203125,-0.015625,-0.0006206701056618823,0.0,-0.529296875,-0.000244140625,0.0361328125,-0.44140625,0.0068359375,0.06787109375,-8.0,0.19791666666666669,5.0,-3.0,-3.0,0.0,0.0,0.0,32.0,0.0,0.0,1.1824826542288065,0.0,0.0,28.0,0.0,0.0,0.0,0.0,0.0,0.16759545923632613,0.0,0.007543103448275912,0.16759545923632613,0.0,0.0,28.0,0.0,0.0,0.0,0.0,0.0,-0.004751999484004128,0.0,0.0,0.0,0.0,0.0,0.0,0.00634765625,0.0,0.0,0.0,0.0,0.0,0.0
SingleLineInfilling/HumanEval/66/L1,21,17-24,False,len32_s64,True,True,False,True,True,False,True,24.0,64.0,24.0,24.0,2.7597152832895517,1.0,1.0,61.0,24.0,1.0,1.0,24.0,12.0,-0.38333333333333336,-0.3333333333333333,0.5157103825136612,0.6166666666666667,2.0,2.0,60.0,0.1806640625,0.9140625,0.1806640625,0.9140625,0.6640625,0.012223307291666667,0.0,0.04638671875,0.04638671875,0.302734375,0.275390625,0.1640625,0.404296875,24.0,0.041666666666666664,74.0,4.0,4.0,4.0,32.0,64.0,32.0,32.0,2.907901916652918,1.0,1.0,63.0,32.0,0.0,0.0,32.0,16.0,-0.5161290322580645,-0.6666666666666666,0.5,0.4838709677419355,1.0,2.0,62.0,0.16015625,0.9296875,0.16015625,0.953125,0.6953125,0.012411794354838709,-0.00390625,0.0751953125,0.0654296875,0.25390625,0.162109375,0.1591796875,0.34765625,32.0,0.0,93.0,5.0,5.0,4.0,32.0,96.0,32.0,32.0,4.2975902166217566,1.0,1.0,95.0,32.0,0.0,0.0,32.0,16.0,-0.3404255319148936,-0.3333333333333333,0.5,0.6595744680851063,2.0,2.0,94.0,0.16015625,0.9296875,0.16015625,0.953125,0.6953125,0.008186502659574468,0.0,0.0751953125,0.0654296875,0.2490234375,0.162109375,0.1591796875,0.34765625,32.0,0.0,93.0,5.0,5.0,4.0,-8.0,0.0,-8.0,-8.0,-0.14818663336336613,0.0,0.0,-2.0,-8.0,1.0,1.0,-8.0,-4.0,0.13279569892473114,0.3333333333333333,0.015710382513661192,0.1327956989247312,1.0,0.0,-2.0,0.0205078125,-0.015625,0.0205078125,-0.0390625,-0.03125,-0.00018848706317204159,0.00390625,-0.02880859375,-0.01904296875,0.048828125,0.11328125,0.0048828125,0.056640625,-8.0,0.041666666666666664,-19.0,-1.0,-1.0,0.0,0.0,0.0,32.0,0.0,0.0,1.3896882999688387,0.0,0.0,32.0,0.0,0.0,0.0,0.0,0.0,0.1757035003431709,0.3333333333333333,0.0,0.17570350034317084,1.0,0.0,32.0,0.0,0.0,0.0,0.0,0.0,-0.004225291695264241,0.00390625,0.0,0.0,-0.0048828125,0.0,0.0,0.0,0.0,0.0,0.0,0.0,0.0,0.0
SingleLineInfilling/HumanEval/67/L4,9,9-12,False,len32_s64,True,True,True,True,True,False,False,24.0,64.0,24.0,24.0,4.679430477321148,1.0,1.0,58.0,24.0,2.0,2.0,24.0,13.0,-0.38596491228070173,-0.3333333333333333,0.5387931034482759,0.6140350877192983,2.0,2.0,57.0,0.1611328125,0.95703125,0.1611328125,0.95703125,0.5009765625,0.01396313048245614,0.0,0.68359375,0.0361328125,0.203125,0.72265625,0.1201171875,0.265625,24.0,0.08333333333333333,39.0,16.0,1.0,4.0,32.0,64.0,32.0,32.0,4.485320374369621,1.0,1.0,55.0,32.0,4.0,4.0,32.0,18.0,-0.5185185185185185,-0.6666666666666666,0.5625,0.48148148148148145,1.0,2.0,54.0,0.14453125,0.953125,0.14453125,0.953125,0.5234375,0.014973958333333334,0.009765625,0.6875,0.0419921875,0.1962890625,0.71484375,0.1103515625,0.2412109375,32.0,0.125,47.0,24.0,1.0,4.0,32.0,96.0,32.0,32.0,6.664823185652494,1.0,1.0,83.0,32.0,4.0,4.0,32.0,18.0,-0.34146341463414637,-0.3333333333333333,0.5625,0.6585365853658537,2.0,2.0,82.0,0.14453125,0.953125,0.14453125,0.953125,0.5234375,0.009860899390243903,0.0,0.6875,0.0419921875,0.1962890625,0.71484375,0.1103515625,0.2412109375,32.0,0.125,47.0,24.0,1.0,4.0,-8.0,0.0,-8.0,-8.0,0.19411010295152664,0.0,0.0,3.0,-8.0,-2.0,-2.0,-8.0,-5.0,0.13255360623781676,0.3333333333333333,-0.023706896551724088,0.1325536062378168,1.0,0.0,3.0,0.0166015625,0.00390625,0.0166015625,0.00390625,-0.0224609375,-0.001010827850877194,-0.009765625,-0.00390625,-0.005859375,0.0068359375,0.0078125,0.009765625,0.0244140625,-8.0,-0.04166666666666667,-8.0,-8.0,0.0,0.0,0.0,0.0,32.0,0.0,0.0,2.179502811282873,0.0,0.0,28.0,0.0,0.0,0.0,0.0,0.0,0.17705510388437212,0.3333333333333333,0.0,0.17705510388437223,1.0,0.0,28.0,0.0,0.0,0.0,0.0,0.0,-0.005113058943089431,-0.009765625,0.0,0.0,0.0,0.0,0.0,0.0,0.0,0.0,0.0,0.0,0.0,0.0
SingleLineInfilling/HumanEval/68/L3,15,13-16,False,len32_s64,False,False,False,False,False,False,False,24.0,64.0,24.0,24.0,3.9270868115127087,0.0,0.0,40.0,24.0,9.0,9.0,24.0,16.0,-0.38461538461538464,-0.3333333333333333,0.6791666666666667,0.6153846153846154,2.0,2.0,38.0,0.1455078125,0.9375,0.1455078125,0.9375,0.458984375,0.020307491987179488,0.015625,0.78125,0.0390625,0.19140625,0.83984375,0.12158203125,0.29296875,24.0,0.375,79.0,3.0,3.0,4.0,32.0,64.0,32.0,32.0,5.70669961720705,0.0,0.0,58.0,32.0,3.0,3.0,32.0,17.5,-0.5087719298245614,-0.3333333333333333,0.5393318965517241,0.49122807017543857,2.0,2.0,57.0,0.13671875,0.90625,0.13671875,0.90625,0.6640625,0.013500548245614035,0.0,0.232421875,0.048828125,0.177734375,0.455078125,0.11865234375,0.2734375,32.0,0.09375,96.0,6.0,4.0,4.0,32.0,96.0,32.0,32.0,8.37983787804842,0.0,0.0,86.0,32.0,3.0,3.0,32.0,17.5,-0.3411764705882353,-0.3333333333333333,0.546875,0.6588235294117647,2.0,2.0,85.0,0.13671875,0.90625,0.13671875,0.90625,0.65625,0.009053308823529413,0.0,0.232421875,0.048828125,0.1748046875,0.455078125,0.11865234375,0.2734375,32.0,0.09375,96.0,6.0,4.0,4.0,-8.0,0.0,-8.0,-8.0,-1.7796128056943417,0.0,0.0,-18.0,-8.0,6.0,6.0,-8.0,-1.5,0.1241565452091768,0.0,0.1398347701149426,0.12415654520917685,0.0,0.0,-19.0,0.0087890625,0.03125,0.0087890625,0.03125,-0.205078125,0.0068069437415654525,0.015625,0.548828125,-0.009765625,0.013671875,0.384765625,0.0029296875,0.01953125,-8.0,0.28125,-17.0,-3.0,-1.0,0.0,0.0,0.0,32.0,0.0,0.0,2.6731382608413696,0.0,0.0,28.0,0.0,0.0,0.0,0.0,0.0,0.16759545923632613,0.0,0.007543103448275912,0.16759545923632613,0.0,0.0,28.0,0.0,0.0,0.0,0.0,-0.0078125,-0.004447239422084623,0.0,0.0,0.0,-0.0029296875,0.0,0.0,0.0,0.0,0.0,0.0,0.0,0.0,0.0
SingleLineInfilling/HumanEval/77/L1,19,17-24,False,len32_s64,False,False,False,False,False,False,False,24.0,64.0,24.0,24.0,2.4897831734269857,1.0,1.0,55.0,24.0,3.0,3.0,24.0,14.0,-0.3888888888888889,-0.3333333333333333,0.5621212121212121,0.6111111111111112,2.0,2.0,54.0,0.1904296875,0.9296875,0.1904296875,0.9296875,0.60546875,0.013689959490740741,0.0,0.265625,0.07666015625,0.255859375,0.60546875,0.158203125,0.361328125,24.0,0.125,70.0,4.0,4.0,4.0,32.0,64.0,32.0,32.0,2.739279393106699,0.0,0.0,63.0,32.0,0.0,0.0,32.0,16.0,-0.5161290322580645,-0.6666666666666666,0.5,0.4838709677419355,1.0,2.0,62.0,0.1728515625,0.984375,0.1728515625,0.984375,0.703125,0.013089087701612902,0.009765625,0.5859375,0.078125,0.21484375,0.70703125,0.1513671875,0.34375,32.0,0.0,85.0,5.0,5.0,4.0,32.0,96.0,32.0,32.0,4.11624982021749,0.0,0.0,95.0,32.0,0.0,0.0,32.0,16.0,-0.3404255319148936,-0.3333333333333333,0.5,0.6595744680851063,2.0,2.0,94.0,0.1728515625,0.984375,0.1728515625,0.984375,0.703125,0.008633228058510639,0.0,0.5859375,0.078125,0.21484375,0.70703125,0.1513671875,0.34375,32.0,0.0,85.0,5.0,5.0,4.0,-8.0,0.0,-8.0,-8.0,-0.24949621967971325,1.0,1.0,-8.0,-8.0,3.0,3.0,-8.0,-2.0,0.1272401433691756,0.3333333333333333,0.06212121212121213,0.12724014336917566,1.0,0.0,-8.0,0.017578125,-0.0546875,0.017578125,-0.0546875,-0.09765625,0.0006008717891278388,-0.009765625,-0.3203125,-0.00146484375,0.041015625,-0.1015625,0.0068359375,0.017578125,-8.0,0.125,-15.0,-1.0,-1.0,0.0,0.0,0.0,32.0,0.0,0.0,1.3769704271107912,0.0,0.0,32.0,0.0,0.0,0.0,0.0,0.0,0.1757035003431709,0.3333333333333333,0.0,0.17570350034317084,1.0,0.0,32.0,0.0,0.0,0.0,0.0,0.0,-0.004455859643102264,-0.009765625,0.0,0.0,0.0,0.0,0.0,0.0,0.0,0.0,0.0,0.0,0.0,0.0
SingleLineInfilling/HumanEval/79/L0,17,17-24,False,len32_s64,False,False,False,False,False,False,False,24.0,64.0,24.0,24.0,2.4911851212382317,1.0,1.0,52.0,24.0,4.0,4.0,24.0,14.0,-0.39215686274509803,-0.6666666666666666,0.5857371794871795,0.6078431372549019,1.0,2.0,51.0,0.1611328125,0.88671875,0.1611328125,0.88671875,0.548828125,0.014227175245098039,0.0078125,0.578125,0.0211181640625,0.1162109375,0.72265625,0.09765625,0.255859375,24.0,0.16666666666666666,110.0,2.0,2.0,4.0,32.0,64.0,32.0,32.0,2.238224893808365,0.0,0.0,42.0,32.0,11.0,11.0,32.0,21.5,-0.5121951219512195,-0.3333333333333333,0.6644345238095238,0.4878048780487805,2.0,2.0,41.0,0.1513671875,0.80859375,0.1513671875,0.80859375,0.455078125,0.016029916158536585,0.0,0.46484375,0.029052734375,0.0888671875,0.5703125,0.10205078125,0.2021484375,32.0,0.34375,128.0,4.0,4.0,4.0,32.0,96.0,32.0,32.0,3.2744070142507553,0.0,0.0,62.0,32.0,11.0,11.0,32.0,21.5,-0.3442622950819672,-0.3333333333333333,0.671875,0.6557377049180327,2.0,2.0,61.0,0.1513671875,0.80859375,0.1513671875,0.80859375,0.455078125,0.01077420594262295,0.0,0.46484375,0.029052734375,0.091796875,0.5703125,0.10205078125,0.2021484375,32.0,0.34375,128.0,4.0,4.0,4.0,-8.0,0.0,-8.0,-8.0,0.2529602274298668,1.0,1.0,10.0,-8.0,-7.0,-7.0,-8.0,-7.5,0.12003825920612149,-0.3333333333333333,-0.07869734432234432,0.12003825920612143,-1.0,0.0,10.0,0.009765625,0.078125,0.009765625,0.078125,0.09375,-0.0018027409134385459,0.0078125,0.11328125,-0.0079345703125,0.02734375,0.15234375,-0.00439453125,0.0537109375,-8.0,-0.17708333333333334,-18.0,-2.0,-2.0,0.0,0.0,0.0,32.0,0.0,0.0,1.0361821204423904,0.0,0.0,20.0,0.0,0.0,0.0,0.0,0.0,0.16793282686925232,0.0,0.007440476190476164,0.16793282686925226,0.0,0.0,20.0,0.0,0.0,0.0,0.0,0.0,-0.0052557102159136344,0.0,0.0,0.0,0.0029296875,0.0,0.0,0.0,0.0,0.0,0.0,0.0,0.0,0.0
SingleLineInfilling/HumanEval/83/L1,17,17-24,False,len32_s64,False,False,False,False,False,False,False,24.0,64.0,24.0,24.0,2.152871713042259,0.0,0.0,63.0,24.0,0.0,0.0,24.0,12.0,-0.3870967741935484,-0.6666666666666666,0.5,0.6129032258064516,1.0,2.0,62.0,0.328125,0.94140625,0.32421875,0.94140625,0.84375,0.009891633064516129,0.005859375,0.048828125,0.048828125,0.392578125,0.416015625,0.294921875,0.51171875,24.0,0.0,54.0,3.0,3.0,4.0,32.0,64.0,32.0,32.0,1.5541984681040049,1.0,1.0,43.0,32.0,10.0,10.0,32.0,21.0,-0.5238095238095238,-0.6666666666666666,0.65625,0.47619047619047616,1.0,2.0,42.0,0.240234375,0.87109375,0.240234375,0.87109375,0.609375,0.01502046130952381,0.01171875,0.6015625,0.150390625,0.384765625,0.66796875,0.23046875,0.45703125,32.0,0.3125,71.0,3.0,3.0,4.0,32.0,96.0,32.0,32.0,2.2794001065194607,1.0,1.0,65.0,32.0,10.0,10.0,32.0,21.0,-0.34375,-0.3333333333333333,0.65625,0.65625,2.0,2.0,64.0,0.240234375,0.87109375,0.240234375,0.87109375,0.609375,0.009857177734375,0.0,0.6015625,0.150390625,0.384765625,0.66796875,0.23046875,0.45703125,32.0,0.3125,71.0,3.0,3.0,4.0,-8.0,0.0,-8.0,-8.0,0.5986732449382544,-1.0,-1.0,20.0,-8.0,-10.0,-10.0,-8.0,-9.0,0.13671274961597546,0.0,-0.15625,0.13671274961597546,0.0,0.0,20.0,0.087890625,0.0703125,0.083984375,0.0703125,0.234375,-0.005128828245007681,-0.005859375,-0.552734375,-0.1015625,0.0078125,-0.251953125,0.064453125,0.0546875,-8.0,-0.3125,-17.0,0.0,0.0,0.0,0.0,0.0,32.0,0.0,0.0,0.7252016384154558,0.0,0.0,22.0,0.0,0.0,0.0,0.0,0.0,0.18005952380952384,0.3333333333333333,0.0,0.18005952380952384,1.0,0.0,22.0,0.0,0.0,0.0,0.0,0.0,-0.00516328357514881,-0.01171875,0.0,0.0,0.0,0.0,0.0,0.0,0.0,0.0,0.0,0.0,0.0,0.0
SingleLineInfilling/HumanEval/84/L0,17,17-24,False,len32_s64,False,False,False,False,False,False,False,24.0,64.0,24.0,24.0,5.985436072573066,1.0,1.0,63.0,24.0,0.0,0.0,24.0,12.0,-0.3870967741935484,-0.6666666666666666,0.5,0.6129032258064516,1.0,2.0,62.0,0.1650390625,0.92578125,0.1650390625,0.9296875,0.70703125,0.012270035282258064,-0.001953125,0.0888671875,0.058349609375,0.2578125,0.2255859375,0.13671875,0.384765625,24.0,0.0,59.0,4.0,3.0,4.0,32.0,64.0,32.0,32.0,3.412856826558709,1.0,1.0,63.0,32.0,0.0,0.0,32.0,16.0,-0.5161290322580645,-0.6666666666666666,0.5,0.4838709677419355,1.0,2.0,62.0,0.154296875,0.96875,0.154296875,0.96875,0.6640625,0.013136340725806451,0.005859375,0.0458984375,0.0458984375,0.220703125,0.20703125,0.1337890625,0.34765625,32.0,0.0,81.0,5.0,5.0,4.0,32.0,96.0,32.0,32.0,5.086880965158343,1.0,1.0,95.0,32.0,0.0,0.0,32.0,16.0,-0.3404255319148936,-0.3333333333333333,0.5,0.6595744680851063,2.0,2.0,94.0,0.154296875,0.96875,0.154296875,0.96875,0.6640625,0.00866439494680851,0.0,0.0458984375,0.0458984375,0.2099609375,0.20703125,0.1337890625,0.3359375,32.0,0.0,81.0,5.0,5.0,4.0,-8.0,0.0,-8.0,-8.0,2.5725792460143566,0.0,0.0,0.0,-8.0,0.0,0.0,-8.0,-4.0,0.12903225806451613,0.0,0.0,0.12903225806451613,0.0,0.0,0.0,0.0107421875,-0.04296875,0.0107421875,-0.0390625,0.04296875,-0.0008663054435483868,-0.0078125,0.04296875,0.012451171875,0.037109375,0.0185546875,0.0029296875,0.037109375,-8.0,0.0,-22.0,-1.0,-2.0,0.0,0.0,0.0,32.0,0.0,0.0,1.6740241385996342,0.0,0.0,32.0,0.0,0.0,0.0,0.0,0.0,0.1757035003431709,0.3333333333333333,0.0,0.17570350034317084,1.0,0.0,32.0,0.0,0.0,0.0,0.0,0.0,-0.0044719457789979405,-0.005859375,0.0,0.0,-0.0107421875,0.0,0.0,-0.01171875,0.0,0.0,0.0,0.0,0.0,0.0
SingleLineInfilling/HumanEval/85/L0,32,25+,False,len32_s64,False,False,False,False,False,False,False,24.0,64.0,24.0,24.0,2.1609413903206587,0.0,0.0,63.0,24.0,0.0,0.0,24.0,12.0,-0.3870967741935484,-0.6666666666666666,0.5,0.6129032258064516,1.0,2.0,62.0,0.15625,0.94140625,0.15625,0.94140625,0.76171875,0.012663810483870967,0.021484375,0.015625,0.015625,0.314453125,0.1328125,0.1328125,0.453125,24.0,0.0,68.0,3.0,3.0,4.0,32.0,64.0,32.0,32.0,2.0661837831139565,0.0,0.0,62.0,32.0,1.0,1.0,32.0,16.0,-0.5081967213114754,-0.3333333333333333,0.5080645161290323,0.4918032786885246,2.0,2.0,61.0,0.1435546875,0.91796875,0.1435546875,0.91796875,0.6640625,0.0126953125,0.0,0.0078125,0.0078125,0.2568359375,0.12890625,0.125,0.419921875,32.0,0.03125,85.0,3.0,3.0,4.0,32.0,96.0,32.0,32.0,3.052102006971836,0.0,0.0,92.0,32.0,1.0,1.0,32.0,16.5,-0.34065934065934067,-0.3333333333333333,0.515625,0.6593406593406593,2.0,2.0,91.0,0.1435546875,0.91796875,0.1435546875,0.91796875,0.66796875,0.008510044642857142,0.0,0.0078125,0.0078125,0.251953125,0.12890625,0.125,0.419921875,32.0,0.03125,85.0,3.0,3.0,4.0,-8.0,0.0,-8.0,-8.0,0.09475760720670223,0.0,0.0,1.0,-8.0,-1.0,-1.0,-8.0,-4.0,0.12109994711792704,-0.3333333333333333,-0.008064516129032251,0.12109994711792704,-1.0,0.0,1.0,0.0126953125,0.0234375,0.0126953125,0.0234375,0.09765625,-3.15020161290331e-05,0.021484375,0.0078125,0.0078125,0.0576171875,0.00390625,0.0078125,0.033203125,-8.0,-0.03125,-17.0,0.0,0.0,0.0,0.0,0.0,32.0,0.0,0.0,0.9859182238578796,0.0,0.0,30.0,0.0,0.0,0.0,0.0,0.5,0.16753738065213475,0.0,0.007560483870967749,0.16753738065213475,0.0,0.0,30.0,0.0,0.0,0.0,0.0,0.00390625,-0.004185267857142858,0.0,0.0,0.0,-0.0048828125,0.0,0.0,0.0,0.0,0.0,0.0,0.0,0.0,0.0
SingleLineInfilling/HumanEval/86/L0,21,17-24,False,len32_s64,False,False,False,False,False,False,False,24.0,64.0,24.0,24.0,2.9035874381661415,1.0,1.0,63.0,24.0,0.0,0.0,24.0,12.0,-0.3870967741935484,-0.6666666666666666,0.5,0.6129032258064516,1.0,2.0,62.0,0.1708984375,0.96484375,0.1708984375,0.96484375,0.68359375,0.012805569556451613,0.015625,0.169921875,0.035888671875,0.1640625,0.267578125,0.14453125,0.294921875,24.0,0.0,85.0,4.0,4.0,4.0,32.0,64.0,32.0,32.0,2.9046229887753725,1.0,1.0,62.0,32.0,1.0,1.0,32.0,16.0,-0.5081967213114754,-0.3333333333333333,0.5080645161290323,0.4918032786885246,2.0,2.0,61.0,0.154296875,0.9296875,0.154296875,0.93359375,0.6640625,0.012711321721311475,0.0,0.0419921875,0.0419921875,0.12255859375,0.1875,0.1318359375,0.23828125,32.0,0.03125,112.0,5.0,5.0,4.0,32.0,96.0,32.0,32.0,4.248380770906806,1.0,1.0,92.0,32.0,1.0,1.0,32.0,16.5,-0.34065934065934067,-0.3333333333333333,0.515625,0.6593406593406593,2.0,2.0,91.0,0.154296875,0.9296875,0.154296875,0.93359375,0.6640625,0.008520776098901098,0.0,0.0419921875,0.0419921875,0.12255859375,0.1875,0.1318359375,0.23828125,32.0,0.03125,112.0,5.0,5.0,4.0,-8.0,0.0,-8.0,-8.0,-0.0010355506092309952,0.0,0.0,1.0,-8.0,-1.0,-1.0,-8.0,-4.0,0.12109994711792704,-0.3333333333333333,-0.008064516129032251,0.12109994711792704,-1.0,0.0,1.0,0.0166015625,0.03515625,0.0166015625,0.03125,0.01953125,9.424783514013803e-05,0.015625,0.1279296875,-0.006103515625,0.04150390625,0.080078125,0.0126953125,0.056640625,-8.0,-0.03125,-27.0,-1.0,-1.0,0.0,0.0,0.0,32.0,0.0,0.0,1.3437577821314335,0.0,0.0,30.0,0.0,0.0,0.0,0.0,0.5,0.16753738065213475,0.0,0.007560483870967749,0.16753738065213475,0.0,0.0,30.0,0.0,0.0,0.0,0.0,0.0,-0.004190545622410377,0.0,0.0,0.0,0.0,0.0,0.0,0.0,0.0,0.0,0.0,0.0,0.0,0.0
SingleLineInfilling/HumanEval/87/L1,27,25+,False,len32_s64,False,False,False,False,False,False,False,24.0,64.0,24.0,24.0,3.4392112977802753,1.0,1.0,40.0,24.0,9.0,9.0,24.0,16.0,-0.38461538461538464,-0.3333333333333333,0.6791666666666667,0.6153846153846154,2.0,2.0,38.0,0.177734375,0.93359375,0.177734375,0.93359375,0.58203125,0.019381009615384616,0.005859375,0.72265625,0.08447265625,0.220703125,0.82421875,0.1767578125,0.341796875,24.0,0.375,72.0,2.0,2.0,4.0,32.0,64.0,32.0,32.0,3.442838752642274,1.0,1.0,40.0,32.0,12.0,12.0,32.0,22.0,-0.5128205128205128,-0.6666666666666666,0.6796875,0.48717948717948717,1.0,2.0,38.0,0.1767578125,0.91796875,0.1767578125,0.91796875,0.50390625,0.019005408653846152,0.083984375,0.72265625,0.08349609375,0.173828125,0.78515625,0.169921875,0.3037109375,32.0,0.375,105.0,4.0,3.0,4.0,32.0,96.0,32.0,32.0,5.020291313529015,1.0,1.0,59.0,32.0,12.0,12.0,32.0,22.0,-0.3448275862068966,-0.3333333333333333,0.6875,0.6551724137931034,2.0,2.0,58.0,0.1767578125,0.8671875,0.1767578125,0.8671875,0.50390625,0.011903960129310345,0.0,0.54296875,0.08349609375,0.177734375,0.6796875,0.169921875,0.302734375,32.0,0.375,105.0,4.0,3.0,4.0,-8.0,0.0,-8.0,-8.0,-0.003627454861998558,0.0,0.0,0.0,-8.0,-3.0,-3.0,-8.0,-6.0,0.12820512820512814,0.3333333333333333,-0.0005208333333333037,0.12820512820512825,1.0,0.0,0.0,0.0009765625,0.015625,0.0009765625,0.015625,0.078125,0.0003756009615384637,-0.078125,0.0,0.0009765625,0.046875,0.0390625,0.0068359375,0.0380859375,-8.0,0.0,-33.0,-2.0,-1.0,0.0,0.0,0.0,32.0,0.0,0.0,1.5774525608867407,0.0,0.0,19.0,0.0,0.0,0.0,0.0,0.0,0.1679929266136162,0.3333333333333333,0.0078125,0.16799292661361626,1.0,0.0,20.0,0.0,-0.05078125,0.0,-0.05078125,0.0,-0.007101448524535807,-0.083984375,-0.1796875,0.0,0.00390625,-0.10546875,0.0,-0.0009765625,0.0,0.0,0.0,0.0,0.0,0.0
SingleLineInfilling/HumanEval/88/L0,34,25+,False,len32_s64,False,False,False,False,False,False,False,24.0,64.0,24.0,24.0,3.093279045075178,0.0,0.0,47.0,24.0,6.0,6.0,24.0,15.0,-0.391304347826087,-0.6666666666666666,0.625,0.6086956521739131,1.0,2.0,46.0,0.1728515625,0.7890625,0.169921875,0.7890625,0.609375,0.013395889945652174,0.052734375,0.1357421875,0.04443359375,0.185546875,0.337890625,0.12890625,0.326171875,24.0,0.25,70.0,4.0,3.0,4.0,32.0,64.0,32.0,32.0,3.8450861740857363,0.0,0.0,58.0,32.0,3.0,3.0,32.0,17.5,-0.5087719298245614,-0.3333333333333333,0.5393318965517241,0.49122807017543857,2.0,2.0,57.0,0.1591796875,0.91796875,0.15625,0.91796875,0.52734375,0.013312088815789474,0.0,0.4609375,0.037109375,0.16796875,0.5703125,0.1103515625,0.30078125,32.0,0.09375,98.0,7.0,5.0,4.0,32.0,96.0,32.0,32.0,5.670542988926172,0.0,0.0,86.0,32.0,3.0,3.0,32.0,17.5,-0.3411764705882353,-0.3333333333333333,0.546875,0.6588235294117647,2.0,2.0,85.0,0.1591796875,0.91796875,0.15625,0.91796875,0.52734375,0.008926930147058823,0.0,0.4609375,0.037109375,0.16796875,0.5703125,0.1103515625,0.30078125,32.0,0.09375,98.0,7.0,5.0,4.0,-8.0,0.0,-8.0,-8.0,-0.7518071290105581,0.0,0.0,-11.0,-8.0,3.0,3.0,-8.0,-2.5,0.11746758199847446,-0.3333333333333333,0.08566810344827591,0.11746758199847451,-1.0,0.0,-11.0,0.013671875,-0.12890625,0.013671875,-0.12890625,0.08203125,8.380112986270012e-05,0.052734375,-0.3251953125,0.00732421875,0.017578125,-0.232421875,0.0185546875,0.025390625,-8.0,0.15625,-28.0,-3.0,-2.0,0.0,0.0,0.0,32.0,0.0,0.0,1.825456814840436,0.0,0.0,28.0,0.0,0.0,0.0,0.0,0.0,0.16759545923632613,0.0,0.007543103448275912,0.16759545923632613,0.0,0.0,28.0,0.0,0.0,0.0,0.0,0.0,-0.004385158668730651,0.0,0.0,0.0,0.0,0.0,0.0,0.0,0.0,0.0,0.0,0.0,0.0,0.0
SingleLineInfilling/HumanEval/91/L2,20,17-24,False,len32_s64,False,False,False,False,False,False,False,24.0,64.0,24.0,24.0,2.199324371293187,0.0,0.0,50.0,24.0,5.0,5.0,24.0,14.5,-0.3877551020408163,-0.3333333333333333,0.6016666666666667,0.6122448979591837,2.0,2.0,49.0,0.189453125,0.91796875,0.189453125,0.91796875,0.66015625,0.014867665816326531,0.0,0.5625,0.07177734375,0.31640625,0.72265625,0.16015625,0.431640625,24.0,0.20833333333333334,76.0,3.0,3.0,4.0,32.0,64.0,32.0,32.0,1.9251943975687027,1.0,1.0,40.0,32.0,12.0,12.0,32.0,22.0,-0.5128205128205128,-0.6666666666666666,0.6796875,0.48717948717948717,1.0,2.0,38.0,0.2021484375,0.953125,0.1943359375,0.953125,0.546875,0.019255809294871796,0.0078125,0.8203125,0.07080078125,0.283203125,0.88671875,0.1689453125,0.3671875,32.0,0.375,109.0,5.0,5.0,4.0,32.0,96.0,32.0,32.0,2.751093130558729,1.0,1.0,59.0,32.0,12.0,12.0,32.0,22.0,-0.3448275862068966,-0.3333333333333333,0.6875,0.6551724137931034,2.0,2.0,58.0,0.2021484375,0.93359375,0.1943359375,0.9375,0.546875,0.012611126077586207,0.0,0.7578125,0.07080078125,0.283203125,0.84375,0.1689453125,0.3828125,32.0,0.375,109.0,5.0,5.0,4.0,-8.0,0.0,-8.0,-8.0,0.27412997372448444,-1.0,-1.0,10.0,-8.0,-7.0,-7.0,-8.0,-7.5,0.12506541077969646,0.3333333333333333,-0.07802083333333332,0.12506541077969652,1.0,0.0,11.0,-0.0126953125,-0.03515625,-0.0048828125,-0.03515625,0.11328125,-0.004388143478545265,-0.0078125,-0.2578125,0.0009765625,0.033203125,-0.1640625,-0.0087890625,0.064453125,-8.0,-0.16666666666666666,-33.0,-2.0,-2.0,0.0,0.0,0.0,32.0,0.0,0.0,0.8258987329900265,0.0,0.0,19.0,0.0,0.0,0.0,0.0,0.0,0.1679929266136162,0.3333333333333333,0.0078125,0.16799292661361626,1.0,0.0,20.0,0.0,-0.01953125,0.0,-0.015625,0.0,-0.006644683217285589,-0.0078125,-0.0625,0.0,0.0,-0.04296875,0.0,0.015625,0.0,0.0,0.0,0.0,0.0,0.0
SingleLineInfilling/HumanEval/97/L0,18,17-24,False,len32_s64,False,False,False,False,False,False,False,24.0,64.0,24.0,24.0,1.8458760231733322,1.0,1.0,40.0,24.0,9.0,9.0,24.0,16.0,-0.38461538461538464,-0.3333333333333333,0.6791666666666667,0.6153846153846154,2.0,2.0,38.0,0.142578125,0.91015625,0.142578125,0.91015625,0.474609375,0.019681490384615384,0.033203125,0.6640625,0.030517578125,0.08935546875,0.76953125,0.09765625,0.22900390625,24.0,0.375,62.0,4.0,3.0,4.0,32.0,64.0,32.0,32.0,1.86054053530097,1.0,1.0,40.0,32.0,12.0,12.0,32.0,22.0,-0.5128205128205128,-0.6666666666666666,0.6796875,0.48717948717948717,1.0,2.0,38.0,0.13671875,0.97265625,0.13671875,0.97265625,0.484375,0.021434294871794872,0.0,0.921875,0.03759765625,0.1279296875,0.94140625,0.10009765625,0.26953125,32.0,0.375,78.0,3.0,3.0,4.0,32.0,96.0,32.0,32.0,2.6733286287635565,1.0,1.0,59.0,32.0,12.0,12.0,32.0,22.0,-0.3448275862068966,-0.3333333333333333,0.6875,0.6551724137931034,2.0,2.0,58.0,0.13671875,0.97265625,0.13671875,0.97265625,0.484375,0.01441271551724138,0.0,0.921875,0.03759765625,0.1279296875,0.94140625,0.10009765625,0.26953125,32.0,0.375,78.0,3.0,3.0,4.0,-8.0,0.0,-8.0,-8.0,-0.014664512127637863,0.0,0.0,0.0,-8.0,-3.0,-3.0,-8.0,-6.0,0.12820512820512814,0.3333333333333333,-0.0005208333333333037,0.12820512820512825,1.0,0.0,0.0,0.005859375,-0.0625,0.005859375,-0.0625,-0.009765625,-0.0017528044871794879,0.033203125,-0.2578125,-0.007080078125,-0.03857421875,-0.171875,-0.00244140625,-0.04052734375,-8.0,0.0,-16.0,1.0,0.0,0.0,0.0,0.0,32.0,0.0,0.0,0.8127880934625864,0.0,0.0,19.0,0.0,0.0,0.0,0.0,0.0,0.1679929266136162,0.3333333333333333,0.0078125,0.16799292661361626,1.0,0.0,20.0,0.0,0.0,0.0,0.0,0.0,-0.0070215793545534925,0.0,0.0,0.0,0.0,0.0,0.0,0.0,0.0,0.0,0.0,0.0,0.0,0.0
SingleLineInfilling/HumanEval/100/L0,15,13-16,False,len32_s64,False,False,False,False,False,False,False,24.0,64.0,24.0,24.0,2.7880302108824253,0.0,0.0,63.0,24.0,0.0,0.0,24.0,12.0,-0.3870967741935484,-0.6666666666666666,0.5,0.6129032258064516,1.0,2.0,62.0,0.1552734375,0.9140625,0.1552734375,0.9296875,0.62109375,0.012238533266129033,-0.00390625,0.08203125,0.047607421875,0.2470703125,0.26171875,0.126953125,0.345703125,24.0,0.0,60.0,3.0,3.0,4.0,32.0,64.0,32.0,32.0,2.909352770075202,1.0,1.0,62.0,32.0,1.0,1.0,32.0,16.0,-0.5081967213114754,-0.3333333333333333,0.5080645161290323,0.4918032786885246,2.0,2.0,61.0,0.1474609375,0.90234375,0.1474609375,0.91015625,0.728515625,0.012375128073770492,0.0,0.083984375,0.046630859375,0.1875,0.26953125,0.1240234375,0.3173828125,32.0,0.03125,90.0,4.0,4.0,4.0,32.0,96.0,32.0,32.0,4.2425846606493,1.0,1.0,92.0,32.0,1.0,1.0,32.0,16.5,-0.34065934065934067,-0.3333333333333333,0.515625,0.6593406593406593,2.0,2.0,91.0,0.1474609375,0.90234375,0.1474609375,0.91015625,0.6953125,0.008295415521978022,0.0,0.083984375,0.046630859375,0.1865234375,0.26953125,0.1240234375,0.314453125,32.0,0.03125,90.0,4.0,4.0,4.0,-8.0,0.0,-8.0,-8.0,-0.12132255919277668,-1.0,-1.0,1.0,-8.0,-1.0,-1.0,-8.0,-4.0,0.12109994711792704,-0.3333333333333333,-0.008064516129032251,0.12109994711792704,-1.0,0.0,1.0,0.0078125,0.01171875,0.0078125,0.01953125,-0.107421875,-0.00013659480764145922,-0.00390625,-0.001953125,0.0009765625,0.0595703125,-0.0078125,0.0029296875,0.0283203125,-8.0,-0.03125,-30.0,-1.0,-1.0,0.0,0.0,0.0,32.0,0.0,0.0,1.3332318905740976,0.0,0.0,30.0,0.0,0.0,0.0,0.0,0.5,0.16753738065213475,0.0,0.007560483870967749,0.16753738065213475,0.0,0.0,30.0,0.0,0.0,0.0,0.0,-0.033203125,-0.00407971255179247,0.0,0.0,0.0,-0.0009765625,0.0,0.0,-0.0029296875,0.0,0.0,0.0,0.0,0.0,0.0
SingleLineInfilling/HumanEval/102/L6,7,<=8,False,len32_s64,False,False,False,False,False,False,False,24.0,64.0,24.0,24.0,2.3011748138815165,0.0,0.0,52.0,24.0,4.0,4.0,24.0,14.0,-0.39215686274509803,-0.6666666666666666,0.5857371794871795,0.6078431372549019,1.0,2.0,51.0,0.24609375,0.8984375,0.24609375,0.8984375,0.650390625,0.012791053921568627,0.009765625,0.53125,0.0302734375,0.353515625,0.68359375,0.1494140625,0.4609375,24.0,0.16666666666666666,63.0,4.0,4.0,4.0,32.0,64.0,32.0,32.0,2.075086288154125,0.0,0.0,46.0,32.0,9.0,9.0,32.0,20.0,-0.5111111111111111,-0.3333333333333333,0.6331521739130435,0.4888888888888889,2.0,2.0,45.0,0.205078125,0.8515625,0.205078125,0.87109375,0.521484375,0.014366319444444444,0.0,0.4453125,0.04931640625,0.2734375,0.5703125,0.1376953125,0.361328125,32.0,0.28125,75.0,4.0,4.0,4.0,32.0,96.0,32.0,32.0,3.047440692782402,0.0,0.0,68.0,32.0,9.0,9.0,32.0,20.5,-0.34328358208955223,-0.3333333333333333,0.640625,0.6567164179104478,2.0,2.0,67.0,0.205078125,0.8515625,0.205078125,0.87109375,0.51953125,0.00964902052238806,0.0,0.4453125,0.04931640625,0.255859375,0.5703125,0.1376953125,0.34765625,32.0,0.28125,75.0,4.0,4.0,4.0,-8.0,0.0,-8.0,-8.0,0.22608852572739124,0.0,0.0,6.0,-8.0,-5.0,-5.0,-8.0,-6.0,0.11895424836601304,-0.3333333333333333,-0.04741499442586394,0.11895424836601304,-1.0,0.0,6.0,0.041015625,0.046875,0.041015625,0.02734375,0.12890625,-0.0015752655228758166,0.009765625,0.0859375,-0.01904296875,0.080078125,0.11328125,0.01171875,0.099609375,-8.0,-0.11458333333333334,-12.0,0.0,0.0,0.0,0.0,0.0,32.0,0.0,0.0,0.9723544046282768,0.0,0.0,22.0,0.0,0.0,0.0,0.0,0.5,0.16782752902155884,0.0,0.007472826086956541,0.1678275290215589,0.0,0.0,22.0,0.0,0.0,0.0,0.0,-0.001953125,-0.004717298922056384,0.0,0.0,0.0,-0.017578125,0.0,0.0,-0.013671875,0.0,0.0,0.0,0.0,0.0,0.0
SingleLineInfilling/HumanEval/103/L5,16,13-16,False,len32_s64,False,False,False,False,False,False,False,24.0,64.0,24.0,24.0,3.111988304182887,1.0,1.0,47.0,24.0,6.0,6.0,24.0,15.0,-0.391304347826087,-0.6666666666666666,0.625,0.6086956521739131,1.0,2.0,46.0,0.166015625,0.8984375,0.166015625,0.8984375,0.7109375,0.015922214673913044,0.005859375,0.46484375,0.04833984375,0.30078125,0.66796875,0.1416015625,0.439453125,24.0,0.25,67.0,3.0,2.0,4.0,32.0,64.0,32.0,32.0,3.379687398672104,1.0,1.0,51.0,32.0,6.0,6.0,32.0,19.0,-0.52,-0.6666666666666666,0.59375,0.48,1.0,2.0,50.0,0.1513671875,0.9375,0.1513671875,0.9375,0.5703125,0.01572265625,0.029296875,0.609375,0.044677734375,0.2734375,0.73046875,0.1279296875,0.375,32.0,0.1875,96.0,3.0,3.0,4.0,32.0,96.0,32.0,32.0,5.0214454010128975,1.0,1.0,77.0,32.0,6.0,6.0,32.0,19.0,-0.34210526315789475,-0.3333333333333333,0.59375,0.6578947368421053,2.0,2.0,76.0,0.1513671875,0.9375,0.1513671875,0.9375,0.578125,0.010343852796052632,0.0,0.609375,0.044677734375,0.26171875,0.73046875,0.1279296875,0.37890625,32.0,0.1875,96.0,3.0,3.0,4.0,-8.0,0.0,-8.0,-8.0,-0.2676990944892168,0.0,0.0,-4.0,-8.0,0.0,0.0,-8.0,-4.0,0.12869565217391304,0.0,0.03125,0.1286956521739131,0.0,0.0,-4.0,0.0146484375,-0.0390625,0.0146484375,-0.0390625,0.140625,0.00019955842391304254,-0.0234375,-0.14453125,0.003662109375,0.02734375,-0.0625,0.013671875,0.064453125,-8.0,0.0625,-29.0,0.0,-1.0,0.0,0.0,0.0,32.0,0.0,0.0,1.6417580023407936,0.0,0.0,26.0,0.0,0.0,0.0,0.0,0.0,0.17789473684210527,0.3333333333333333,0.0,0.17789473684210533,1.0,0.0,26.0,0.0,0.0,0.0,0.0,0.0078125,-0.005378803453947369,-0.029296875,0.0,0.0,-0.01171875,0.0,0.0,0.00390625,0.0,0.0,0.0,0.0,0.0,0.0
SingleLineInfilling/HumanEval/108/L6,26,25+,False,len32_s64,False,False,False,False,False,False,False,24.0,64.0,24.0,24.0,3.900240570306778,0.0,0.0,61.0,24.0,1.0,1.0,24.0,12.0,-0.38333333333333336,-0.3333333333333333,0.5157103825136612,0.6166666666666667,2.0,2.0,60.0,0.1240234375,0.9140625,0.1240234375,0.9140625,0.7265625,0.013167317708333333,0.0,0.1513671875,0.01104736328125,0.1953125,0.2021484375,0.1044921875,0.296875,24.0,0.041666666666666664,67.0,4.0,2.0,4.0,32.0,64.0,32.0,32.0,4.07259620167315,0.0,0.0,63.0,32.0,0.0,0.0,32.0,16.0,-0.5161290322580645,-0.6666666666666666,0.5,0.4838709677419355,1.0,2.0,62.0,0.126953125,0.95703125,0.126953125,0.95703125,0.5859375,0.013388356854838709,0.015625,0.11865234375,0.0162353515625,0.2275390625,0.1708984375,0.0625,0.296875,32.0,0.0,103.0,3.0,3.0,4.0,32.0,96.0,32.0,32.0,6.110485075041652,0.0,0.0,95.0,32.0,0.0,0.0,32.0,16.0,-0.3404255319148936,-0.3333333333333333,0.5,0.6595744680851063,2.0,2.0,94.0,0.126953125,0.95703125,0.126953125,0.95703125,0.5859375,0.00883061835106383,0.0,0.11865234375,0.0162353515625,0.2275390625,0.1708984375,0.0625,0.326171875,32.0,0.0,103.0,3.0,3.0,4.0,-8.0,0.0,-8.0,-8.0,-0.1723556313663721,0.0,0.0,-2.0,-8.0,1.0,1.0,-8.0,-4.0,0.13279569892473114,0.3333333333333333,0.015710382513661192,0.1327956989247312,1.0,0.0,-2.0,-0.0029296875,-0.04296875,-0.0029296875,-0.04296875,0.140625,-0.00022103914650537654,-0.015625,0.03271484375,-0.00518798828125,-0.0322265625,0.03125,0.0419921875,0.0,-8.0,0.041666666666666664,-36.0,1.0,-1.0,0.0,0.0,0.0,32.0,0.0,0.0,2.0378888733685017,0.0,0.0,32.0,0.0,0.0,0.0,0.0,0.0,0.1757035003431709,0.3333333333333333,0.0,0.17570350034317084,1.0,0.0,32.0,0.0,0.0,0.0,0.0,0.0,-0.00455773850377488,-0.015625,0.0,0.0,0.0,0.0,0.0,0.029296875,0.0,0.0,0.0,0.0,0.0,0.0
SingleLineInfilling/HumanEval/115/L0,17,17-24,False,len32_s64,False,False,False,False,False,False,False,24.0,64.0,24.0,24.0,5.561980549246073,0.0,0.0,63.0,24.0,0.0,0.0,24.0,12.0,-0.3870967741935484,-0.6666666666666666,0.5,0.6129032258064516,1.0,2.0,62.0,0.166015625,0.9609375,0.1640625,0.9609375,0.6953125,0.012821320564516129,0.015625,0.0380859375,0.0380859375,0.26953125,0.173828125,0.126953125,0.369140625,24.0,0.0,66.0,4.0,4.0,4.0,32.0,64.0,32.0,32.0,5.613846831023693,0.0,0.0,63.0,32.0,0.0,0.0,32.0,16.0,-0.5161290322580645,-0.6666666666666666,0.5,0.4838709677419355,1.0,2.0,62.0,0.15234375,0.95703125,0.1513671875,0.95703125,0.6015625,0.012978830645161291,0.015625,0.05859375,0.0517578125,0.177734375,0.1884765625,0.12451171875,0.296875,32.0,0.0,96.0,5.0,5.0,4.0,32.0,96.0,32.0,32.0,8.42040540650487,0.0,0.0,95.0,32.0,0.0,0.0,32.0,16.0,-0.3404255319148936,-0.3333333333333333,0.5,0.6595744680851063,2.0,2.0,94.0,0.15234375,0.95703125,0.1513671875,0.95703125,0.6015625,0.008560505319148936,0.0,0.05859375,0.0517578125,0.201171875,0.1884765625,0.12451171875,0.298828125,32.0,0.0,96.0,5.0,5.0,4.0,-8.0,0.0,-8.0,-8.0,-0.051866281777620316,0.0,0.0,0.0,-8.0,0.0,0.0,-8.0,-4.0,0.12903225806451613,0.0,0.0,0.12903225806451613,0.0,0.0,0.0,0.013671875,0.00390625,0.0126953125,0.00390625,0.09375,-0.00015751008064516202,0.0,-0.0205078125,-0.013671875,0.091796875,-0.0146484375,0.00244140625,0.072265625,-8.0,0.0,-30.0,-1.0,-1.0,0.0,0.0,0.0,32.0,0.0,0.0,2.8065585754811764,0.0,0.0,32.0,0.0,0.0,0.0,0.0,0.0,0.1757035003431709,0.3333333333333333,0.0,0.17570350034317084,1.0,0.0,32.0,0.0,0.0,0.0,0.0,0.0,-0.004418325326012355,-0.015625,0.0,0.0,0.0234375,0.0,0.0,0.001953125,0.0,0.0,0.0,0.0,0.0,0.0
SingleLineInfilling/HumanEval/116/L0,21,17-24,False,len32_s64,True,True,False,True,True,False,True,24.0,64.0,24.0,24.0,4.055144663900137,1.0,1.0,63.0,24.0,0.0,0.0,24.0,12.0,-0.3870967741935484,-0.6666666666666666,0.5,0.6129032258064516,1.0,2.0,62.0,0.15625,0.94140625,0.15625,0.94140625,0.578125,0.012663810483870967,0.001953125,0.003662109375,0.003662109375,0.1015625,0.0625,0.0625,0.1904296875,24.0,0.0,74.0,5.0,4.0,4.0,32.0,64.0,32.0,32.0,3.8489961344748735,1.0,1.0,59.0,32.0,2.0,2.0,32.0,17.0,-0.5172413793103449,-0.6666666666666666,0.53125,0.4827586206896552,1.0,2.0,58.0,0.1455078125,0.9609375,0.1455078125,0.9609375,0.6171875,0.014059132543103448,0.001953125,0.412109375,0.0296630859375,0.1787109375,0.6953125,0.1005859375,0.306640625,32.0,0.0625,100.0,5.0,3.0,4.0,32.0,96.0,32.0,32.0,5.7047852128744125,1.0,1.0,89.0,32.0,2.0,2.0,32.0,17.0,-0.3409090909090909,-0.3333333333333333,0.53125,0.6590909090909091,2.0,2.0,88.0,0.1455078125,0.9609375,0.1455078125,0.9609375,0.640625,0.009266246448863636,0.0,0.412109375,0.0296630859375,0.1787109375,0.6953125,0.1005859375,0.306640625,32.0,0.0625,100.0,5.0,3.0,4.0,-8.0,0.0,-8.0,-8.0,0.2061485294252634,0.0,0.0,4.0,-8.0,-2.0,-2.0,-8.0,-5.0,0.13014460511679649,0.0,-0.03125,0.13014460511679643,0.0,0.0,4.0,0.0107421875,-0.01953125,0.0107421875,-0.01953125,-0.0390625,-0.001395322059232481,0.0,-0.408447265625,-0.0260009765625,-0.0771484375,-0.6328125,-0.0380859375,-0.1162109375,-8.0,-0.0625,-26.0,0.0,1.0,0.0,0.0,0.0,32.0,0.0,0.0,1.855789078399539,0.0,0.0,30.0,0.0,0.0,0.0,0.0,0.0,0.17633228840125398,0.3333333333333333,0.0,0.17633228840125387,1.0,0.0,30.0,0.0,0.0,0.0,0.0,0.0234375,-0.004792886094239812,-0.001953125,0.0,0.0,0.0,0.0,0.0,0.0,0.0,0.0,0.0,0.0,0.0,0.0
SingleLineInfilling/HumanEval/121/L0,28,25+,False,len32_s64,False,False,False,False,False,False,False,24.0,64.0,24.0,24.0,2.3546317163854837,0.0,0.0,50.0,24.0,5.0,5.0,24.0,14.5,-0.3877551020408163,-0.3333333333333333,0.6016666666666667,0.6122448979591837,2.0,2.0,49.0,0.162109375,0.90234375,0.162109375,0.90234375,0.748046875,0.015106823979591837,0.0,0.41015625,0.0546875,0.21875,0.62109375,0.134765625,0.4052734375,24.0,0.20833333333333334,63.0,3.0,3.0,4.0,32.0,64.0,32.0,32.0,2.383414387702942,0.0,0.0,50.0,32.0,7.0,7.0,32.0,19.5,-0.5102040816326531,-0.3333333333333333,0.601875,0.4897959183673469,2.0,2.0,49.0,0.1455078125,0.8515625,0.1455078125,0.8515625,0.625,0.014409279336734694,0.0,0.220703125,0.056640625,0.220703125,0.455078125,0.12890625,0.353515625,32.0,0.21875,78.0,3.0,3.0,4.0,32.0,96.0,32.0,32.0,3.5063740964978933,0.0,0.0,74.0,32.0,7.0,7.0,32.0,19.5,-0.3424657534246575,-0.3333333333333333,0.609375,0.6575342465753424,2.0,2.0,73.0,0.1455078125,0.8515625,0.1455078125,0.8515625,0.62109375,0.009671982020547944,0.0,0.220703125,0.056640625,0.220703125,0.455078125,0.12890625,0.353515625,32.0,0.21875,78.0,3.0,3.0,4.0,-8.0,0.0,-8.0,-8.0,-0.028782671317458153,0.0,0.0,0.0,-8.0,-2.0,-2.0,-8.0,-5.0,0.12244897959183676,0.0,-0.0002083333333333659,0.12244897959183676,0.0,0.0,0.0,0.0166015625,0.05078125,0.0166015625,0.05078125,0.123046875,0.0006975446428571421,0.0,0.189453125,-0.001953125,-0.001953125,0.166015625,0.005859375,0.0517578125,-8.0,-0.010416666666666657,-15.0,0.0,0.0,0.0,0.0,0.0,32.0,0.0,0.0,1.1229597087949514,0.0,0.0,24.0,0.0,0.0,0.0,0.0,0.0,0.16773832820799556,0.0,0.007499999999999951,0.1677383282079955,0.0,0.0,24.0,0.0,0.0,0.0,0.0,-0.00390625,-0.00473729731618675,0.0,0.0,0.0,0.0,0.0,0.0,0.0,0.0,0.0,0.0,0.0,0.0,0.0
SingleLineInfilling/HumanEval/122/L0,21,17-24,False,len32_s96,False,False,False,False,False,False,False,24.0,64.0,24.0,24.0,2.2277911230921745,0.0,0.0,50.0,24.0,5.0,5.0,24.0,14.5,-0.3877551020408163,-0.3333333333333333,0.6016666666666667,0.6122448979591837,2.0,2.0,49.0,0.1572265625,0.89453125,0.1572265625,0.89453125,0.51953125,0.01504703443877551,0.0,0.515625,0.0380859375,0.1025390625,0.6640625,0.12255859375,0.205078125,24.0,0.20833333333333334,91.0,3.0,3.0,4.0,32.0,64.0,32.0,32.0,2.920773468911648,1.0,1.0,62.0,32.0,1.0,1.0,32.0,16.0,-0.5081967213114754,-0.3333333333333333,0.5080645161290323,0.4918032786885246,2.0,2.0,61.0,0.1455078125,0.93359375,0.1455078125,0.94140625,0.703125,0.012919441598360656,0.0,0.0263671875,0.0263671875,0.2197265625,0.2294921875,0.11865234375,0.322265625,32.0,0.03125,100.0,4.0,4.0,4.0,32.0,96.0,32.0,32.0,4.252737130969763,1.0,1.0,92.0,32.0,1.0,1.0,32.0,16.5,-0.34065934065934067,-0.3333333333333333,0.515625,0.6593406593406593,2.0,2.0,91.0,0.1455078125,0.93359375,0.1455078125,0.94140625,0.69921875,0.008660285027472528,0.0,0.0263671875,0.0263671875,0.240234375,0.2294921875,0.11865234375,0.34375,32.0,0.03125,100.0,4.0,4.0,4.0,-8.0,0.0,-8.0,-8.0,-0.6929823458194733,-1.0,-1.0,-12.0,-8.0,4.0,4.0,-8.0,-1.5,0.1204416192706591,0.0,0.09360215053763443,0.1204416192706591,0.0,0.0,-12.0,0.01171875,-0.0390625,0.01171875,-0.046875,-0.18359375,0.0021275928404148534,0.0,0.4892578125,0.01171875,-0.1171875,0.4345703125,0.00390625,-0.1171875,-8.0,0.17708333333333334,-9.0,-1.0,-1.0,0.0,0.0,0.0,32.0,0.0,0.0,1.331963662058115,0.0,0.0,30.0,0.0,0.0,0.0,0.0,0.5,0.16753738065213475,0.0,0.007560483870967749,0.16753738065213475,0.0,0.0,30.0,0.0,0.0,0.0,0.0,-0.00390625,-0.0042591565708881285,0.0,0.0,0.0,0.0205078125,0.0,0.0,0.021484375,0.0,0.0,0.0,0.0,0.0,0.0
SingleLineInfilling/HumanEval/125/L5,24,17-24,False,len32_s64,False,False,False,False,False,False,False,24.0,64.0,24.0,24.0,3.7763139940798283,1.0,1.0,58.0,24.0,2.0,2.0,24.0,13.0,-0.38596491228070173,-0.3333333333333333,0.5387931034482759,0.6140350877192983,2.0,2.0,57.0,0.1552734375,0.88671875,0.15234375,0.88671875,0.607421875,0.012832373903508772,0.0,0.049560546875,0.03564453125,0.1376953125,0.26171875,0.11279296875,0.263671875,24.0,0.08333333333333333,64.0,1.0,1.0,8.0,32.0,64.0,32.0,32.0,3.9243764989078045,0.0,0.0,62.0,32.0,1.0,1.0,32.0,16.0,-0.5081967213114754,-0.3333333333333333,0.5080645161290323,0.4918032786885246,2.0,2.0,61.0,0.1484375,0.98046875,0.1484375,0.98046875,0.638671875,0.01363985655737705,0.0,0.546875,0.042724609375,0.118408203125,0.74609375,0.09814453125,0.2001953125,32.0,0.03125,98.0,2.0,2.0,8.0,32.0,96.0,32.0,32.0,5.7921208292245865,0.0,0.0,92.0,32.0,1.0,1.0,32.0,16.5,-0.34065934065934067,-0.3333333333333333,0.515625,0.6593406593406593,2.0,2.0,91.0,0.1484375,0.98046875,0.1484375,0.98046875,0.63671875,0.00914320054945055,0.0,0.546875,0.042724609375,0.12890625,0.74609375,0.09814453125,0.21875,32.0,0.03125,98.0,2.0,2.0,8.0,-8.0,0.0,-8.0,-8.0,-0.14806250482797623,1.0,1.0,-4.0,-8.0,1.0,1.0,-8.0,-3.0,0.12223180903077369,0.0,0.03072858731924366,0.12223180903077369,0.0,0.0,-4.0,0.0068359375,-0.09375,0.00390625,-0.09375,-0.03125,-0.0008074826538682772,0.0,-0.497314453125,-0.007080078125,0.019287109375,-0.484375,0.0146484375,0.0634765625,-8.0,0.05208333333333333,-34.0,-1.0,-1.0,0.0,0.0,0.0,32.0,0.0,0.0,1.867744330316782,0.0,0.0,30.0,0.0,0.0,0.0,0.0,0.5,0.16753738065213475,0.0,0.007560483870967749,0.16753738065213475,0.0,0.0,30.0,0.0,0.0,0.0,0.0,-0.001953125,-0.0044966560079265,0.0,0.0,0.0,0.010498046875,0.0,0.0,0.0185546875,0.0,0.0,0.0,0.0,0.0,0.0
SingleLineInfilling/HumanEval/128/L2,15,13-16,False,len32_s64,False,False,True,False,True,True,False,24.0,64.0,24.0,24.0,3.0093676429241896,1.0,1.0,63.0,24.0,0.0,0.0,24.0,12.0,-0.3870967741935484,-0.6666666666666666,0.5,0.6129032258064516,1.0,2.0,62.0,0.208984375,0.9375,0.208984375,0.9375,0.60546875,0.011750252016129033,0.009765625,0.1826171875,0.036865234375,0.1875,0.2392578125,0.12060546875,0.267578125,24.0,0.0,81.0,3.0,3.0,4.0,32.0,64.0,32.0,32.0,3.298767425119877,0.0,0.0,62.0,32.0,1.0,1.0,32.0,16.0,-0.5081967213114754,-0.3333333333333333,0.5080645161290323,0.4918032786885246,2.0,2.0,61.0,0.19140625,0.9296875,0.19140625,0.9296875,0.595703125,0.01210297131147541,0.0,0.010498046875,0.010498046875,0.1728515625,0.111328125,0.111328125,0.2470703125,32.0,0.03125,114.0,3.0,3.0,4.0,32.0,96.0,32.0,32.0,4.876645991578698,0.0,0.0,92.0,32.0,1.0,1.0,32.0,16.5,-0.34065934065934067,-0.3333333333333333,0.515625,0.6593406593406593,2.0,2.0,91.0,0.19140625,0.9296875,0.19140625,0.9296875,0.56640625,0.00811298076923077,0.0,0.010498046875,0.010498046875,0.1689453125,0.111328125,0.111328125,0.244140625,32.0,0.03125,114.0,3.0,3.0,4.0,-8.0,0.0,-8.0,-8.0,-0.2893997821956873,1.0,1.0,1.0,-8.0,-1.0,-1.0,-8.0,-4.0,0.12109994711792704,-0.3333333333333333,-0.008064516129032251,0.12109994711792704,-1.0,0.0,1.0,0.017578125,0.0078125,0.017578125,0.0078125,0.009765625,-0.00035271929534637717,0.009765625,0.172119140625,0.0263671875,0.0146484375,0.1279296875,0.00927734375,0.0205078125,-8.0,-0.03125,-33.0,0.0,0.0,0.0,0.0,0.0,32.0,0.0,0.0,1.5778785664588213,0.0,0.0,30.0,0.0,0.0,0.0,0.0,0.5,0.16753738065213475,0.0,0.007560483870967749,0.16753738065213475,0.0,0.0,30.0,0.0,0.0,0.0,0.0,-0.029296875,-0.00398999054224464,0.0,0.0,0.0,-0.00390625,0.0,0.0,-0.0029296875,0.0,0.0,0.0,0.0,0.0,0.0
SingleLineInfilling/HumanEval/134/L2,28,25+,False,len32_s64,False,False,False,False,False,False,False,24.0,64.0,24.0,24.0,2.2348730210214853,1.0,1.0,40.0,24.0,9.0,9.0,24.0,16.0,-0.38461538461538464,-0.3333333333333333,0.6791666666666667,0.6153846153846154,2.0,2.0,38.0,0.1591796875,0.94140625,0.1591796875,0.94140625,0.4619140625,0.020057091346153848,0.001953125,0.7890625,0.04248046875,0.12890625,0.8515625,0.1455078125,0.2568359375,24.0,0.375,98.0,4.0,4.0,4.0,32.0,64.0,32.0,32.0,3.9851877335458994,0.0,0.0,63.0,32.0,0.0,0.0,32.0,16.0,-0.5161290322580645,-0.6666666666666666,0.5,0.4838709677419355,1.0,2.0,62.0,0.15234375,0.9609375,0.15234375,0.9609375,0.72265625,0.013041834677419355,0.015625,0.37890625,0.0289306640625,0.19921875,0.5078125,0.07666015625,0.28125,32.0,0.0,119.0,6.0,5.0,4.0,32.0,96.0,32.0,32.0,5.977664036676288,0.0,0.0,95.0,32.0,0.0,0.0,32.0,16.0,-0.3404255319148936,-0.3333333333333333,0.5,0.6595744680851063,2.0,2.0,94.0,0.15234375,0.9609375,0.15234375,0.9609375,0.72265625,0.008602061170212765,0.0,0.37890625,0.0289306640625,0.19921875,0.5078125,0.07666015625,0.28125,32.0,0.0,119.0,6.0,5.0,4.0,-8.0,0.0,-8.0,-8.0,-1.750314712524414,1.0,1.0,-23.0,-8.0,9.0,9.0,-8.0,0.0,0.13151364764267987,0.3333333333333333,0.1791666666666667,0.13151364764267992,1.0,0.0,-24.0,0.0068359375,-0.01953125,0.0068359375,-0.01953125,-0.2607421875,0.007015256668734492,-0.013671875,0.41015625,0.0135498046875,-0.0703125,0.34375,0.06884765625,-0.0244140625,-8.0,0.375,-21.0,-2.0,-1.0,0.0,0.0,0.0,32.0,0.0,0.0,1.9924763031303883,0.0,0.0,32.0,0.0,0.0,0.0,0.0,0.0,0.1757035003431709,0.3333333333333333,0.0,0.17570350034317084,1.0,0.0,32.0,0.0,0.0,0.0,0.0,0.0,-0.00443977350720659,-0.015625,0.0,0.0,0.0,0.0,0.0,0.0,0.0,0.0,0.0,0.0,0.0,0.0
SingleLineInfilling/HumanEval/136/L2,23,17-24,False,len32_s64,False,False,False,False,False,False,False,24.0,64.0,24.0,24.0,3.157618533819914,0.0,0.0,50.0,24.0,5.0,5.0,24.0,14.5,-0.3877551020408163,-0.3333333333333333,0.6016666666666667,0.6122448979591837,2.0,2.0,49.0,0.1552734375,0.8203125,0.1552734375,0.8203125,0.65625,0.013572225765306123,0.0,0.107421875,0.038330078125,0.30078125,0.298828125,0.146484375,0.41796875,24.0,0.20833333333333334,90.0,4.0,4.0,4.0,32.0,64.0,32.0,32.0,3.167219230905175,0.0,0.0,50.0,32.0,7.0,7.0,32.0,19.5,-0.5102040816326531,-0.3333333333333333,0.601875,0.4897959183673469,2.0,2.0,49.0,0.1435546875,0.83984375,0.1435546875,0.8515625,0.66015625,0.01420998086734694,0.0,0.1796875,0.0390625,0.29296875,0.37109375,0.134765625,0.400390625,32.0,0.21875,116.0,4.0,4.0,4.0,32.0,96.0,32.0,32.0,4.657096408307552,0.0,0.0,74.0,32.0,7.0,7.0,32.0,19.5,-0.3424657534246575,-0.3333333333333333,0.609375,0.6575342465753424,2.0,2.0,73.0,0.1435546875,0.83984375,0.1435546875,0.8515625,0.65625,0.009538206335616438,0.0,0.1796875,0.0390625,0.2890625,0.37109375,0.134765625,0.400390625,32.0,0.21875,116.0,4.0,4.0,4.0,-8.0,0.0,-8.0,-8.0,-0.009600697085261345,0.0,0.0,0.0,-8.0,-2.0,-2.0,-8.0,-5.0,0.12244897959183676,0.0,-0.0002083333333333659,0.12244897959183676,0.0,0.0,0.0,0.01171875,-0.01953125,0.01171875,-0.03125,-0.00390625,-0.000637755102040817,0.0,-0.072265625,-0.000732421875,0.0078125,-0.072265625,0.01171875,0.017578125,-8.0,-0.010416666666666657,-26.0,0.0,0.0,0.0,0.0,0.0,32.0,0.0,0.0,1.4898771774023771,0.0,0.0,24.0,0.0,0.0,0.0,0.0,0.0,0.16773832820799556,0.0,0.007499999999999951,0.1677383282079955,0.0,0.0,24.0,0.0,0.0,0.0,0.0,-0.00390625,-0.004671774531730502,0.0,0.0,0.0,-0.00390625,0.0,0.0,0.0,0.0,0.0,0.0,0.0,0.0,0.0
SingleLineInfilling/HumanEval/138/L0,14,13-16,False,len32_s64,False,False,False,False,False,False,False,24.0,64.0,24.0,24.0,2.236525848507881,1.0,1.0,63.0,24.0,0.0,0.0,24.0,12.0,-0.3870967741935484,-0.6666666666666666,0.5,0.6129032258064516,1.0,2.0,62.0,0.1513671875,0.9453125,0.1513671875,0.9453125,0.64453125,0.012805569556451613,0.001953125,0.01025390625,0.01025390625,0.208984375,0.08837890625,0.08837890625,0.330078125,24.0,0.0,62.0,4.0,3.0,4.0,32.0,64.0,32.0,32.0,2.133426269516349,1.0,1.0,59.0,32.0,2.0,2.0,32.0,17.0,-0.5172413793103449,-0.6666666666666666,0.53125,0.4827586206896552,1.0,2.0,58.0,0.138671875,0.94921875,0.138671875,0.94921875,0.5078125,0.013974946120689655,0.00390625,0.3828125,0.036865234375,0.1357421875,0.5,0.1201171875,0.26953125,32.0,0.0625,69.0,7.0,5.0,4.0,32.0,96.0,32.0,32.0,3.138242993503809,1.0,1.0,89.0,32.0,2.0,2.0,32.0,17.0,-0.3409090909090909,-0.3333333333333333,0.53125,0.6590909090909091,2.0,2.0,88.0,0.138671875,0.94921875,0.138671875,0.94921875,0.5390625,0.009210759943181818,0.0,0.3828125,0.036865234375,0.1357421875,0.5,0.1201171875,0.263671875,32.0,0.0625,69.0,7.0,5.0,4.0,-8.0,0.0,-8.0,-8.0,0.10309957899153233,0.0,0.0,4.0,-8.0,-2.0,-2.0,-8.0,-5.0,0.13014460511679649,0.0,-0.03125,0.13014460511679643,0.0,0.0,4.0,0.0126953125,-0.00390625,0.0126953125,-0.00390625,0.13671875,-0.0011693765642380415,-0.001953125,-0.37255859375,-0.026611328125,0.0732421875,-0.41162109375,-0.03173828125,0.060546875,-8.0,-0.0625,-7.0,-3.0,-2.0,0.0,0.0,0.0,32.0,0.0,0.0,1.0048167239874601,0.0,0.0,30.0,0.0,0.0,0.0,0.0,0.0,0.17633228840125398,0.3333333333333333,0.0,0.17633228840125387,1.0,0.0,30.0,0.0,0.0,0.0,0.0,0.03125,-0.004764186177507837,-0.00390625,0.0,0.0,0.0,0.0,0.0,-0.005859375,0.0,0.0,0.0,0.0,0.0,0.0
SingleLineInfilling/HumanEval/145/L6,12,9-12,False,len32_s64,False,False,False,False,False,False,False,24.0,64.0,24.0,24.0,3.676869511604309,0.0,0.0,58.0,24.0,2.0,2.0,24.0,13.0,-0.38596491228070173,-0.3333333333333333,0.5387931034482759,0.6140350877192983,2.0,2.0,57.0,0.154296875,0.94140625,0.154296875,0.94140625,0.599609375,0.013808936403508772,0.0,0.59375,0.03369140625,0.201171875,0.65234375,0.123046875,0.283203125,24.0,0.08333333333333333,88.0,3.0,2.0,0.0,32.0,64.0,32.0,32.0,3.7156625520437956,0.0,0.0,58.0,32.0,3.0,3.0,32.0,17.5,-0.5087719298245614,-0.3333333333333333,0.5393318965517241,0.49122807017543857,2.0,2.0,57.0,0.154296875,0.9140625,0.154296875,0.9140625,0.5234375,0.01332922149122807,0.0,0.4765625,0.051513671875,0.16943359375,0.5234375,0.1337890625,0.234375,32.0,0.09375,122.0,6.0,4.0,4.0,32.0,96.0,32.0,32.0,5.481956141069531,0.0,0.0,86.0,32.0,3.0,3.0,32.0,17.5,-0.3411764705882353,-0.3333333333333333,0.546875,0.6588235294117647,2.0,2.0,85.0,0.154296875,0.9140625,0.154296875,0.9140625,0.5234375,0.008938419117647058,0.0,0.4765625,0.051513671875,0.171875,0.5234375,0.1337890625,0.23828125,32.0,0.09375,122.0,6.0,4.0,4.0,-8.0,0.0,-8.0,-8.0,-0.038793040439486504,0.0,0.0,0.0,-8.0,-1.0,-1.0,-8.0,-4.5,0.1228070175438597,0.0,-0.0005387931034481763,0.1228070175438597,0.0,0.0,0.0,0.0,0.02734375,0.0,0.02734375,0.076171875,0.0004797149122807015,0.0,0.1171875,-0.017822265625,0.03173828125,0.12890625,-0.0107421875,0.048828125,-8.0,-0.010416666666666671,-34.0,-3.0,-2.0,-4.0,0.0,0.0,32.0,0.0,0.0,1.7662935890257359,0.0,0.0,28.0,0.0,0.0,0.0,0.0,0.0,0.16759545923632613,0.0,0.007543103448275912,0.16759545923632613,0.0,0.0,28.0,0.0,0.0,0.0,0.0,0.0,-0.0043908023735810126,0.0,0.0,0.0,0.00244140625,0.0,0.0,0.00390625,0.0,0.0,0.0,0.0,0.0,0.0
SingleLineInfilling/HumanEval/151/L0,30,25+,False,len32_s64,False,False,False,False,False,False,False,24.0,64.0,24.0,24.0,2.960659371688962,1.0,1.0,63.0,24.0,0.0,0.0,24.0,12.0,-0.3870967741935484,-0.6666666666666666,0.5,0.6129032258064516,1.0,2.0,62.0,0.17578125,0.91796875,0.1748046875,0.94140625,0.70703125,0.011970766129032258,-0.00390625,0.1865234375,0.055419921875,0.3671875,0.353515625,0.138671875,0.494140625,24.0,0.0,57.0,5.0,3.0,4.0,32.0,64.0,32.0,32.0,2.16461843252182,0.0,0.0,47.0,32.0,8.0,8.0,32.0,20.0,-0.5217391304347826,-0.6666666666666666,0.625,0.4782608695652174,1.0,2.0,46.0,0.1484375,0.859375,0.1484375,0.859375,0.55859375,0.01545516304347826,0.0234375,0.431640625,0.046875,0.220703125,0.54296875,0.1220703125,0.328125,32.0,0.25,84.0,6.0,5.0,4.0,32.0,96.0,32.0,32.0,3.2467460557818413,0.0,0.0,71.0,32.0,8.0,8.0,32.0,20.0,-0.34285714285714286,-0.3333333333333333,0.625,0.6571428571428571,2.0,2.0,70.0,0.1484375,0.859375,0.1484375,0.859375,0.55859375,0.01015625,0.0,0.431640625,0.046875,0.24609375,0.54296875,0.1220703125,0.361328125,32.0,0.25,84.0,6.0,5.0,4.0,-8.0,0.0,-8.0,-8.0,0.7960409391671419,1.0,1.0,16.0,-8.0,-8.0,-8.0,-8.0,-8.0,0.13464235624123422,0.0,-0.125,0.13464235624123422,0.0,0.0,16.0,0.02734375,0.05859375,0.0263671875,0.08203125,0.1484375,-0.0034843969144460023,-0.02734375,-0.2451171875,0.008544921875,0.146484375,-0.189453125,0.0166015625,0.166015625,-8.0,-0.25,-27.0,-1.0,-2.0,0.0,0.0,0.0,32.0,0.0,0.0,1.0821276232600212,0.0,0.0,24.0,0.0,0.0,0.0,0.0,0.0,0.17888198757763973,0.3333333333333333,0.0,0.17888198757763973,1.0,0.0,24.0,0.0,0.0,0.0,0.0,0.0,-0.00529891304347826,-0.0234375,0.0,0.0,0.025390625,0.0,0.0,0.033203125,0.0,0.0,0.0,0.0,0.0,0.0
SingleLineInfilling/HumanEval/152/L0,18,17-24,False,len32_s64,False,False,False,False,False,False,False,24.0,64.0,24.0,24.0,3.879210241138935,0.0,0.0,50.0,24.0,5.0,5.0,24.0,14.5,-0.3877551020408163,-0.3333333333333333,0.6016666666666667,0.6122448979591837,2.0,2.0,49.0,0.1396484375,0.9296875,0.1396484375,0.9296875,0.67578125,0.01612324617346939,0.0,0.609375,0.060791015625,0.279296875,0.734375,0.1181640625,0.404296875,24.0,0.20833333333333334,79.0,3.0,3.0,4.0,32.0,64.0,32.0,32.0,3.7234895899891853,1.0,1.0,46.0,32.0,9.0,9.0,32.0,20.0,-0.5111111111111111,-0.3333333333333333,0.6331521739130435,0.4888888888888889,2.0,2.0,45.0,0.130859375,0.89453125,0.130859375,0.89453125,0.62109375,0.01697048611111111,0.0,0.62109375,0.062255859375,0.302734375,0.7109375,0.115234375,0.400390625,32.0,0.28125,115.0,5.0,4.0,4.0,32.0,96.0,32.0,32.0,5.4120214357972145,1.0,1.0,68.0,32.0,9.0,9.0,32.0,20.5,-0.34328358208955223,-0.3333333333333333,0.640625,0.6567164179104478,2.0,2.0,67.0,0.130859375,0.89453125,0.130859375,0.89453125,0.6015625,0.011398087686567164,0.0,0.62109375,0.062255859375,0.294921875,0.7109375,0.115234375,0.39453125,32.0,0.28125,115.0,5.0,4.0,4.0,-8.0,0.0,-8.0,-8.0,0.15572065114974976,-1.0,-1.0,4.0,-8.0,-4.0,-4.0,-8.0,-5.5,0.12335600907029476,0.0,-0.031485507246376776,0.12335600907029481,0.0,0.0,4.0,0.0087890625,0.03515625,0.0087890625,0.03515625,0.0546875,-0.0008472399376417208,0.0,-0.01171875,-0.00146484375,-0.0234375,0.0234375,0.0029296875,0.00390625,-8.0,-0.07291666666666666,-36.0,-2.0,-1.0,0.0,0.0,0.0,32.0,0.0,0.0,1.6885318458080292,0.0,0.0,22.0,0.0,0.0,0.0,0.0,0.5,0.16782752902155884,0.0,0.007472826086956541,0.1678275290215589,0.0,0.0,22.0,0.0,0.0,0.0,0.0,-0.01953125,-0.005572398424543946,0.0,0.0,0.0,-0.0078125,0.0,0.0,-0.005859375,0.0,0.0,0.0,0.0,0.0,0.0
SingleLineInfilling/HumanEval/157/L0,29,25+,False,len32_s64,False,False,False,False,False,False,False,24.0,64.0,24.0,24.0,3.101110080257058,1.0,1.0,63.0,24.0,0.0,0.0,24.0,12.0,-0.3870967741935484,-0.6666666666666666,0.5,0.6129032258064516,1.0,2.0,62.0,0.1298828125,0.94140625,0.1298828125,0.94140625,0.8359375,0.013089087701612902,0.01171875,0.0703125,0.01220703125,0.2109375,0.322265625,0.0810546875,0.41796875,24.0,0.0,75.0,4.0,3.0,4.0,32.0,64.0,32.0,32.0,2.84072757139802,1.0,1.0,63.0,32.0,0.0,0.0,32.0,16.0,-0.5161290322580645,-0.6666666666666666,0.5,0.4838709677419355,1.0,2.0,62.0,0.1240234375,0.9140625,0.1240234375,0.9140625,0.65234375,0.012742565524193549,0.009765625,0.052734375,0.0203857421875,0.2490234375,0.236328125,0.08544921875,0.384765625,32.0,0.0,97.0,4.0,3.0,4.0,32.0,96.0,32.0,32.0,4.197506599128246,1.0,1.0,95.0,32.0,0.0,0.0,32.0,16.0,-0.3404255319148936,-0.3333333333333333,0.5,0.6595744680851063,2.0,2.0,94.0,0.1240234375,0.9140625,0.1240234375,0.9140625,0.6640625,0.008404670877659575,0.0,0.052734375,0.0203857421875,0.267578125,0.236328125,0.08544921875,0.3984375,32.0,0.0,97.0,4.0,3.0,4.0,-8.0,0.0,-8.0,-8.0,0.26038250885903835,0.0,0.0,0.0,-8.0,0.0,0.0,-8.0,-4.0,0.12903225806451613,0.0,0.0,0.12903225806451613,0.0,0.0,0.0,0.005859375,0.02734375,0.005859375,0.02734375,0.18359375,0.00034652217741935366,0.001953125,0.017578125,-0.0081787109375,-0.0380859375,0.0859375,-0.00439453125,0.033203125,-8.0,0.0,-22.0,0.0,0.0,0.0,0.0,0.0,32.0,0.0,0.0,1.3567790277302265,0.0,0.0,32.0,0.0,0.0,0.0,0.0,0.0,0.1757035003431709,0.3333333333333333,0.0,0.17570350034317084,1.0,0.0,32.0,0.0,0.0,0.0,0.0,0.01171875,-0.004337894646533974,-0.009765625,0.0,0.0,0.0185546875,0.0,0.0,0.013671875,0.0,0.0,0.0,0.0,0.0,0.0
SingleLineInfilling/HumanEval/158/L0,21,17-24,False,len32_s64,False,False,False,False,False,False,False,24.0,64.0,24.0,24.0,2.7157629933208227,0.0,0.0,63.0,24.0,0.0,0.0,24.0,12.0,-0.3870967741935484,-0.6666666666666666,0.5,0.6129032258064516,1.0,2.0,62.0,0.1728515625,0.94921875,0.1728515625,0.94921875,0.66796875,0.012522051411290322,0.0,0.1640625,0.06591796875,0.1640625,0.3125,0.1396484375,0.330078125,24.0,0.0,79.0,4.0,4.0,4.0,32.0,64.0,32.0,32.0,2.7538814693689346,0.0,0.0,63.0,32.0,0.0,0.0,32.0,16.0,-0.5161290322580645,-0.6666666666666666,0.5,0.4838709677419355,1.0,2.0,62.0,0.1611328125,0.93359375,0.1611328125,0.94921875,0.66796875,0.012459047379032258,-0.005859375,0.013671875,0.013671875,0.16015625,0.2158203125,0.1357421875,0.29296875,32.0,0.0,108.0,5.0,5.0,4.0,32.0,96.0,32.0,32.0,4.132870314642787,0.0,0.0,95.0,32.0,0.0,0.0,32.0,16.0,-0.3404255319148936,-0.3333333333333333,0.5,0.6595744680851063,2.0,2.0,94.0,0.1611328125,0.93359375,0.1611328125,0.94921875,0.66796875,0.00821766954787234,0.0,0.013671875,0.013671875,0.146484375,0.2158203125,0.1357421875,0.29296875,32.0,0.0,108.0,5.0,5.0,4.0,-8.0,0.0,-8.0,-8.0,-0.038118476048111916,0.0,0.0,0.0,-8.0,0.0,0.0,-8.0,-4.0,0.12903225806451613,0.0,0.0,0.12903225806451613,0.0,0.0,0.0,0.01171875,0.015625,0.01171875,0.0,0.0,6.300403225806446e-05,0.005859375,0.150390625,0.05224609375,0.00390625,0.0966796875,0.00390625,0.037109375,-8.0,0.0,-29.0,-1.0,-1.0,0.0,0.0,0.0,32.0,0.0,0.0,1.3789888452738523,0.0,0.0,32.0,0.0,0.0,0.0,0.0,0.0,0.1757035003431709,0.3333333333333333,0.0,0.17570350034317084,1.0,0.0,32.0,0.0,0.0,0.0,0.0,0.0,-0.004241377831159918,0.005859375,0.0,0.0,-0.013671875,0.0,0.0,0.0,0.0,0.0,0.0,0.0,0.0,0.0
SingleLineInfilling/HumanEval/162/L1,19,17-24,False,len32_s64,False,False,False,False,False,False,False,24.0,64.0,24.0,24.0,1.8599937930703163,1.0,1.0,50.0,24.0,5.0,5.0,24.0,14.5,-0.3877551020408163,-0.3333333333333333,0.6016666666666667,0.6122448979591837,2.0,2.0,49.0,0.18359375,0.9140625,0.171875,0.9140625,0.55859375,0.014907525510204082,0.0,0.47265625,0.04736328125,0.3046875,0.66015625,0.1357421875,0.400390625,24.0,0.20833333333333334,85.0,3.0,3.0,4.0,32.0,64.0,32.0,32.0,2.1957192104309797,0.0,0.0,63.0,32.0,0.0,0.0,32.0,16.0,-0.5161290322580645,-0.6666666666666666,0.5,0.4838709677419355,1.0,2.0,62.0,0.1728515625,0.89453125,0.1650390625,0.90625,0.66015625,0.01163999495967742,-0.005859375,0.439453125,0.0517578125,0.2451171875,0.470703125,0.138671875,0.33984375,32.0,0.0,109.0,6.0,4.0,4.0,32.0,96.0,32.0,32.0,3.2906312625855207,0.0,0.0,95.0,32.0,0.0,0.0,32.0,16.0,-0.3404255319148936,-0.3333333333333333,0.5,0.6595744680851063,2.0,2.0,94.0,0.1728515625,0.89453125,0.1650390625,0.90625,0.66015625,0.007677443484042553,0.0,0.439453125,0.0517578125,0.2470703125,0.470703125,0.138671875,0.345703125,32.0,0.0,109.0,6.0,4.0,4.0,-8.0,0.0,-8.0,-8.0,-0.3357254173606634,1.0,1.0,-13.0,-8.0,5.0,5.0,-8.0,-1.5,0.1283739302172482,0.3333333333333333,0.10166666666666668,0.1283739302172482,1.0,0.0,-13.0,0.0107421875,0.01953125,0.0068359375,0.0078125,-0.1015625,0.003267530550526662,0.005859375,0.033203125,-0.00439453125,0.0595703125,0.189453125,-0.0029296875,0.060546875,-8.0,0.20833333333333334,-24.0,-3.0,-1.0,0.0,0.0,0.0,32.0,0.0,0.0,1.094912052154541,0.0,0.0,32.0,0.0,0.0,0.0,0.0,0.0,0.1757035003431709,0.3333333333333333,0.0,0.17570350034317084,1.0,0.0,32.0,0.0,0.0,0.0,0.0,0.0,-0.0039625514756348665,0.005859375,0.0,0.0,0.001953125,0.0,0.0,0.005859375,0.0,0.0,0.0,0.0,0.0,0.0
SingleLineInfilling/HumanEval/163/L3,25,25+,False,len32_s64,False,False,False,False,False,False,False,24.0,64.0,24.0,24.0,1.7759132292121649,0.0,0.0,40.0,24.0,9.0,9.0,24.0,16.0,-0.38461538461538464,-0.3333333333333333,0.6791666666666667,0.6153846153846154,2.0,2.0,38.0,0.201171875,0.90625,0.201171875,0.90625,0.546875,0.018078926282051284,0.01171875,0.73046875,0.076171875,0.2236328125,0.78125,0.173828125,0.37109375,24.0,0.375,60.0,2.0,2.0,4.0,32.0,64.0,32.0,32.0,2.934903794899583,1.0,1.0,63.0,32.0,0.0,0.0,32.0,16.0,-0.5161290322580645,-0.6666666666666666,0.5,0.4838709677419355,1.0,2.0,62.0,0.1875,0.94140625,0.177734375,0.9453125,0.85546875,0.012159778225806451,-0.001953125,0.0089111328125,0.0089111328125,0.259765625,0.033203125,0.033203125,0.365234375,32.0,0.0,88.0,5.0,4.0,4.0,32.0,96.0,32.0,32.0,4.334369823336601,1.0,1.0,95.0,32.0,0.0,0.0,32.0,16.0,-0.3404255319148936,-0.3333333333333333,0.5,0.6595744680851063,2.0,2.0,94.0,0.1875,0.94140625,0.177734375,0.9453125,0.85546875,0.00802027925531915,0.0,0.0089111328125,0.0089111328125,0.259765625,0.033203125,0.033203125,0.365234375,32.0,0.0,88.0,5.0,4.0,4.0,-8.0,0.0,-8.0,-8.0,-1.158990565687418,-1.0,-1.0,-23.0,-8.0,9.0,9.0,-8.0,0.0,0.13151364764267987,0.3333333333333333,0.1791666666666667,0.13151364764267992,1.0,0.0,-24.0,0.013671875,-0.03515625,0.0234375,-0.0390625,-0.30859375,0.0059191480562448325,0.013671875,0.7215576171875,0.0672607421875,-0.0361328125,0.748046875,0.140625,0.005859375,-8.0,0.375,-28.0,-3.0,-2.0,0.0,0.0,0.0,32.0,0.0,0.0,1.3994660284370184,0.0,0.0,32.0,0.0,0.0,0.0,0.0,0.0,0.1757035003431709,0.3333333333333333,0.0,0.17570350034317084,1.0,0.0,32.0,0.0,0.0,0.0,0.0,0.0,-0.004139498970487302,0.001953125,0.0,0.0,0.0,0.0,0.0,0.0,0.0,0.0,0.0,0.0,0.0,0.0
